t,x,y,z,roll,pitch,yaw,vx,vy,vz,left_aileron_joint_pos,right_aileron_joint_pos,elevator_joint_pos,rudder_joint_pos,left_propeller_joint_pos,right_propeller_joint_pos,left_aileron_joint_vel,right_aileron_joint_vel,elevator_joint_vel,rudder_joint_vel,left_propeller_joint_vel,right_propeller_joint_vel
0.0000,1.7460380063295517e-08,7.885705436164402e-14,0.3179400180423685,-6.288388963433254e-13,1.7380256835920778e-07,2.063124944271525e-13,1.6503689517140664e-06,7.472139945991802e-12,-0.15204389832990964,1.1514130888583442e-06,1.1514217345564364e-06,1.745215146888203e-06,5.2601181494723495e-14,-7.761688391181639e-22,1.421749056671727e-21,0.00021918329015355745,0.00021918494985184505,0.00033375944486087284,7.838182847748694e-12,-1.4456844945681817e-19,2.33659756386083e-19
0.0200,2.766240722202836e-07,1.2749603116999673e-12,0.31195770058276034,-1.0211266994003074e-11,2.751713168724741e-06,3.2752338779795904e-12,1.950326277700328e-05,8.959045026668569e-11,-0.34812501453387623,1.7265335209177214e-05,1.726546688733724e-05,2.6427185761080735e-05,4.404769754042924e-13,-1.0696386202060218e-20,1.745872016187997e-20,0.0013150690794469482,0.001315079148282498,0.002011401450367303,2.5683610629924993e-11,-8.181348755668775e-19,1.3226355364878427e-18
0.0400,6.225306342947314e-07,3.1044744037827726e-12,0.30649079625004444,-2.74545787234333e-11,7.287807582618839e-06,9.31634305533272e-12,-4.267306775361904e-06,1.8325115530698073e-12,-0.10060943916553593,0.02137907348038344,0.021379073695639333,0.017935595156385334,-1.32090121323072e-09,-4.906583607068611e-17,7.053758332667117e-17,8.700000001715177,8.700000001715178,8.17175296157958,-6.023845249545324e-07,-9.095395616171967e-16,1.3039606354858964e-15
0.0600,1.970676776201925e-07,1.5218400056939843e-12,0.30650006246496037,-2.229168843857149e-11,5.899853946742831e-06,9.316355028433216e-12,-2.3210443339501097e-05,-8.627752596111318e-11,0.0005054521982158051,0.051054476150712146,0.05105447584768888,0.04569041352925224,-3.323134420508859e-09,-7.08734372487336e-17,1.0183865429317803e-16,-0.5048958219728493,-0.5048958255966702,-0.7131063518701568,5.189230290468517e-08,-9.093305740218448e-16,1.303696510926044e-15
0.0800,-1.0254856265541318e-07,4.06992577496531e-13,0.3065065881829997,-1.8654818392195455e-11,4.92244064750518e-06,9.316363594157091e-12,-1.4305312388325156e-05,-5.276255400131771e-11,0.0003115391069663981,0.041464446603335064,0.04146444633002676,0.03278702284262927,-2.394219739715791e-09,-8.996834303572276e-17,1.2920472423165123e-16,-0.37075276335985863,-0.37075276121056455,-0.46039859013077944,3.3091751739207016e-08,-9.106868119095613e-16,1.3008885230868214e-15
0.1000,-3.776738996696955e-07,-6.127752719499207e-13,0.30651258047953744,-1.532811816270988e-11,4.024921766975461e-06,9.316370214476449e-12,-1.034730082381683e-05,-3.827288362922509e-11,0.00022534631190313263,0.03581825379157682,0.035818253555082974,0.026426746376178752,-1.9368564202183927e-09,-1.0725012292082764e-16,1.5395930673162603e-16,-0.24244506073194166,-0.24244505930857346,-0.24510602064802914,1.768815227162724e-08,-9.092135354097941e-16,1.3026414329557458e-15
0.1200,-5.821788885122759e-07,-1.3693378736493442e-12,0.30651703463782964,-1.2860049488560297e-11,3.357781715930344e-06,9.316374279882178e-12,-1.090424603047886e-05,-3.9380356059802376e-11,0.00023747864404334806,0.0316463200062187,0.03164631978917199,0.0226199819964421,-1.6605703562447168e-09,-1.2634165220370562e-16,1.8134429518571782e-16,-0.16686874626675774,-0.16686874578530247,-0.13816277696810306,1.010877365066773e-08,-9.082674087066978e-16,1.3072305019540144e-15
0.1400,-7.867530506593371e-07,-2.128153011237565e-12,0.30652149029681613,-1.0384632466516796e-11,2.6904158796741766e-06,9.316377651252383e-12,-1.0597185995576305e-05,-3.8497052831477416e-11,0.00023079441242732343,0.028745840932263022,0.02874584072708102,0.020366224547054085,-1.4958159326694082e-09,-1.4452847644905818e-16,2.0740917287940847e-16,-0.12880069799589464,-0.12880069766973773,-0.09512034789696205,7.004380806517521e-09,-9.093546830279783e-16,1.3036540633257301e-15
0.1600,-9.372903379529159e-07,-2.683477749030636e-12,0.30652476902116077,-8.573044581955018e-12,2.199330115765126e-06,9.316379703024268e-12,-1.0216370451630372e-05,-3.6287033934298354e-11,0.00022250295935317472,0.026417631233081742,0.026417631039080843,0.018696295620638535,-1.373529771033729e-09,-1.6271532328471329e-16,2.3348982300486507e-16,-0.10696690413948759,-0.10696690379180374,-0.07520793254170025,5.5433529437425305e-09,-9.089676398426908e-16,1.3048351076684303e-15
0.1800,-1.0319144121506831e-06,-3.051868238321355e-12,0.30652682994697755,-7.371275980099485e-12,1.8906455258340261e-06,9.316380865891918e-12,-4.869083982976194e-06,-1.902899134621501e-11,0.00010604495739130763,0.024431365023288767,0.024431364840618898,0.01731174579889912,-1.272176085881109e-09,-1.8088083123333208e-16,2.595829713595388e-16,-0.09328536900040851,-0.09328536843378499,-0.06473438202836015,4.732887076901143e-09,-9.071325942476623e-16,1.3051865485865632e-15
0.2000,-1.1281519653458014e-06,-3.390432584060231e-12,0.30652892601405646,-6.266806847868488e-12,1.5766973855526164e-06,9.31638176832926e-12,-4.5945593325235615e-06,-1.6928791881517645e-11,0.00010006668480510019,0.022586879794736805,0.022586879620238476,0.0160318674674564,-1.1779271563392734e-09,-1.9997757959077832e-16,2.8696274673446727e-16,-0.08338707830899106,-0.08338707791856026,-0.057928789274243386,4.266355356331108e-09,-9.07111869651005e-16,1.3047961722769974e-15
0.2200,-1.220492298078061e-06,-3.738980207042231e-12,0.3065309371987991,-5.129769981002208e-12,1.2754628140436676e-06,9.316382594795978e-12,-4.593759006233734e-06,-1.604613264272125e-11,0.00010004990334833513,0.02107332210806592,0.0210733219460206,0.014978154806789188,-1.101249963768091e-09,-2.1724091877411446e-16,3.117466473294194e-16,-0.07653675212089983,-0.07653675171555413,-0.053395023219668464,3.925483644224542e-09,-9.092241981814802e-16,1.3026897874528138e-15
0.2400,-1.316879368985467e-06,-4.079858910655166e-12,0.30653303652175606,-4.0177508685494865e-12,9.610268628905838e-07,9.316383221818323e-12,-4.825796351332394e-06,-1.826172167684719e-11,0.00010510426521643463,0.01960702593490908,0.01960702578038737,0.013952883645342563,-1.0257494168769556e-09,-2.3541059085622953e-16,3.378443934939088e-16,-0.07055340230287352,-0.07055340190642712,-0.04942998710410765,3.635583775361638e-09,-9.093313569482946e-16,1.3043824653382545e-15
0.2600,-1.363459172501169e-06,-4.28682046291973e-12,0.30653405103581544,-3.3425977225097027e-12,8.090732287104155e-07,9.316383526047339e-12,-4.658062433185218e-06,-2.0696450942150853e-11,0.00010145140216852253,0.01818645114966361,0.01818645100404002,0.012955792519994645,-9.52565580307231e-10,-2.545082072160651e-16,3.6522168052840225e-16,-0.06511385672310913,-0.06511385628232086,-0.04577299352377737,3.354329136812911e-09,-9.099387221712775e-16,1.3010584814057408e-15
0.2800,-1.4110271198761632e-06,-4.423052201622781e-12,0.3065350870716761,-2.8981810432980872e-12,6.538960442916664e-07,9.316383765145846e-12,-4.7568624834735114e-06,-1.3623429816119921e-11,0.00010360358295528771,0.01699404939008516,0.016994049256677014,0.012116572698963303,-8.917822058530875e-10,-2.7176876299578345e-16,3.90008491674145e-16,-0.06070277825919179,-0.06070277792244849,-0.04276503164135456,3.1500519256793896e-09,-9.114967317442722e-16,1.3031548540357901e-15
0.3000,-1.4110271198761632e-06,-4.423052201622781e-12,0.3065350870716761,-2.8981810432980872e-12,6.538960442916664e-07,9.316383765145846e-12,0.0,0.0,0.0,0.01582518987816086,0.015825189751495987,0.011292368401807114,-8.31078713275139e-10,-2.8994348294593217e-16,4.161033506259178e-16,-0.05645607630213115,-0.05645607594885754,-0.03983919643257816,2.9297471383497906e-09,-9.104505496878717e-16,1.3033408580042318e-15
0.3200,-1.4575776580421681e-06,-4.567075405328559e-12,0.3065361009481284,-2.4283467796277653e-12,5.020378682049912e-07,9.316383937436595e-12,0.0,0.0,0.0,0.014790203479187776,0.014790203359484016,0.010561542550273927,-7.774201306331488e-10,-3.0720843773749535e-16,4.408882019748214e-16,-0.052732227370681006,-0.0527322269968776,-0.03725568150567493,2.7321530736896595e-09,-9.066640266227434e-16,1.3054804582659125e-15
0.3400,-1.5038045549004084e-06,-4.760952033058246e-12,0.30653710777553517,-1.7958795567011688e-12,3.512354761103436e-07,9.316384106513097e-12,-4.6227250491741e-06,-1.9387800520288776e-11,0.00010068273905432319,0.013676533985753097,0.01367653387427802,0.009774265661412205,-7.197311576902347e-10,-3.2720584217146335e-16,4.695940768481552e-16,-0.04874634008608991,-0.04874633971502429,-0.034477551938665,2.525130485646388e-09,-9.0935579269077e-16,1.3048076097033272e-15
0.3600,-1.5038045549004084e-06,-4.760952033058246e-12,0.30653710777553517,-1.7958795567011688e-12,3.512354761103436e-07,9.316384106513097e-12,0.0,0.0,0.0,0.012782610866359146,0.012782610761809199,0.009141734318020744,-6.734128108842678e-10,-3.444829173787396e-16,4.943559244373997e-16,-0.04555555148728496,-0.04555555112973789,-0.032247009217081485,2.3611597885266344e-09,-9.08895668925544e-16,1.306153050402508e-15
0.3800,-1.5038045549004084e-06,-4.760952033058246e-12,0.30653710777553517,-1.7958795567011688e-12,3.512354761103436e-07,9.316384106513097e-12,0.0,0.0,0.0,0.011904735567168862,0.011904735469577156,0.008520064848385642,-6.278918811762662e-10,-3.626682572881876e-16,5.204496331275293e-16,-0.042425935541285625,-0.04242593520251897,-0.030055206285737684,2.200915453265876e-09,-9.09574322228078e-16,1.3040002028433172e-15
0.4000,-1.5497314353763913e-06,-4.9804573287714274e-12,0.306538108068049,-1.0798059639464326e-12,2.0141179861813655e-07,9.316384293305186e-12,-4.592708194669633e-06,-2.195059479625258e-11,0.00010002925045694868,0.011087148892428511,0.011087148804712435,0.007940648858331368,-5.860351877221515e-10,-3.808554547123511e-16,5.46528792641262e-16,-0.03951300574098737,-0.03951300536955091,-0.028012425642563593,2.045133245107521e-09,-9.10892712466867e-16,1.3036631788560805e-15
0.4200,-1.5497314353763913e-06,-4.9804573287714274e-12,0.306538108068049,-1.0798059639464326e-12,2.0141179861813655e-07,9.316384293305186e-12,0.0,0.0,0.0,0.010325689041809622,0.010325688957716026,0.007400615218977436,-5.459982040470237e-10,-3.9904828915732227e-16,5.725994435510481e-16,-0.03680071669489382,-0.03680071741342733,-0.026108398676224914,2.0812478519404385e-09,-9.087931026654905e-16,1.3045578160475872e-15
0.4400,-1.5497314353763913e-06,-4.9804573287714274e-12,0.306538108068049,-1.0798059639464326e-12,2.0141179861813655e-07,9.316384293305186e-12,0.0,0.0,0.0,0.009616495789689126,0.009616495710712273,0.0068972894217729395,-5.089806218198783e-10,-4.172267341519914e-16,5.986879583931363e-16,-0.03427476822734277,-0.03427476770853449,-0.02433366350965263,1.7468693768637438e-09,-9.11684908716183e-16,1.304162086225097e-15
0.4600,-1.5497314353763913e-06,-4.9804573287714274e-12,0.306538108068049,-1.0798059639464326e-12,2.0141179861813655e-07,9.316384293305186e-12,0.0,0.0,0.0,0.008955980885374656,0.008955980811731865,0.006428178877953647,-4.745744488897965e-10,-4.3540287232273927e-16,6.247794810748626e-16,-0.03192214446392691,-0.031922144034841615,-0.022679440285030605,1.635305384813131e-09,-9.10853579792858e-16,1.30388998847132e-15
0.4800,-1.5497314353763913e-06,-4.9804573287714274e-12,0.306538108068049,-1.0798059639464326e-12,2.0141179861813655e-07,9.316384293305186e-12,0.0,0.0,0.0,0.008340805157669886,0.008340805089117448,0.005990960106291197,-4.4251873994038934e-10,-4.535947883883673e-16,6.508624176416833e-16,-0.02973086916688858,-0.029730868812899575,-0.02113755828794403,1.5314817520001305e-09,-9.094645826577524e-16,1.3032880086077152e-15
0.5000,-1.5497314353763913e-06,-4.9804573287714274e-12,0.306538108068049,-1.0798059639464326e-12,2.0141179861813655e-07,9.316384293305186e-12,0.0,0.0,0.0,0.0077678594638925826,0.007767859399263577,0.005583467126048699,-4.1248984164897664e-10,-4.71795759596025e-16,6.769268916613089e-16,-0.027689852645796376,-0.027689852144716448,-0.019700403066363614,1.4029201334366276e-09,-9.084123365402814e-16,1.3026597682412036e-15
0.5200,-1.5956762281385417e-06,-4.980655723466842e-12,0.30653910874962403,-1.0791601613923104e-12,5.1529682863654715e-08,9.316384360700024e-12,-4.594484432695457e-06,-1.9904655175368525e-14,0.00010006815726798797,0.007234248037626016,0.007234247977741057,0.005203680764562627,-3.84666882894371e-10,-4.899915173754496e-16,7.029975577432419e-16,-0.025788793509488428,-0.0257887931158354,-0.01836087585955201,1.3183406547853358e-09,-9.132183518521655e-16,1.3022897604270413e-15
0.5400,-1.5956762281385417e-06,-4.980655723466842e-12,0.30653910874962403,-1.0791601613923104e-12,5.1529682863654715e-08,9.316384360700024e-12,0.0,0.0,0.0,0.006761291610037445,0.00676129155416701,0.004866831087912872,-3.5994680740303275e-10,-5.072725051147634e-16,7.27776274950679e-16,-0.02410368611892419,-0.024103685773873257,-0.017172719024416055,1.236851378295428e-09,-9.123025218797749e-16,1.3023678289060735e-15
0.5600,-1.5956762281385417e-06,-4.980655723466842e-12,0.30653910874962403,-1.0791601613923104e-12,5.1529682863654715e-08,9.316384360700024e-12,0.0,0.0,0.0,0.006274423148040605,0.006274423095311876,0.004519826368462871,-3.3430673470676736e-10,-5.263585021818581e-16,7.551629378846826e-16,-0.022368870919030948,-0.02236887168748855,-0.015948676160434022,1.3276872579475281e-09,-9.082693674703883e-16,1.3045620454220592e-15
0.5800,-1.5956762281385417e-06,-4.980655723466842e-12,0.30653910874962403,-1.0791601613923104e-12,5.1529682863654715e-08,9.316384360700024e-12,0.0,0.0,0.0,0.005843356260294006,0.005843356211623254,0.004212368041175967,-3.1178342803814075e-10,-5.445519901024083e-16,7.812408131194507e-16,-0.020832770814643187,-0.02083277041642581,-0.014864076352934769,1.0565797112280289e-09,-9.07893702981607e-16,1.3053213442848237e-15
0.6000,-1.5956762281385417e-06,-4.980655723466842e-12,0.30653910874962403,-1.0791601613923104e-12,5.1529682863654715e-08,9.316384360700024e-12,0.0,0.0,0.0,0.005441892362520774,0.005441892317495446,0.003925819084383694,-2.907631160380757e-10,-5.627314727078886e-16,8.073239162084821e-16,-0.019402060296986934,-0.019402059989196196,-0.013853191992813735,9.94245137625943e-10,-9.090462335814119e-16,1.3027801197116077e-15
0.6200,-1.5956762281385417e-06,-4.980655723466842e-12,0.30653910874962403,-1.0791601613923104e-12,5.1529682863654715e-08,9.316384360700024e-12,0.0,0.0,0.0,0.005068000277491686,0.0050680002347193364,0.00365875830805773,-2.7097668626638436e-10,-5.809178193259204e-16,8.333979768196188e-16,-0.018069522539174404,-0.018069523342306437,-0.012911019837981208,1.1055903925590912e-09,-9.087725306836564e-16,1.3053987774891454e-15
0.6400,-1.5956762281385417e-06,-4.980655723466842e-12,0.30653910874962403,-1.0791601613923104e-12,5.1529682863654715e-08,9.316384360700024e-12,0.0,0.0,0.0,0.0047197879382470005,0.004719787898855217,0.003409860996429416,-2.5273328366739416e-10,-5.991110424647156e-16,8.594683803205107e-16,-0.016828434480044452,-0.016828434114687513,-0.012032894707742797,8.496486807932308e-10,-9.084969798644124e-16,1.302162372958347e-15
0.6600,-1.5956762281385417e-06,-4.980655723466842e-12,0.30653910874962403,-1.0791601613923104e-12,5.1529682863654715e-08,9.316384360700024e-12,0.0,0.0,0.0,0.004395492898288936,0.004395492861752044,0.0031778923766478933,-2.3567714961557146e-10,-6.173101092292201e-16,8.855380334842148e-16,-0.015672528789971246,-0.015672528480444786,-0.011214467672669454,7.966656369662646e-10,-9.081267685638194e-16,1.306236230030545e-15
0.6800,-1.5956762281385417e-06,-4.980655723466842e-12,0.30653910874962403,-1.0791601613923104e-12,5.1529682863654715e-08,9.316384360700024e-12,0.0,0.0,0.0,0.0040934734810980315,0.004093473447317925,0.002961701530625963,-2.197905351450687e-10,-6.354847617686987e-16,9.11629870586391e-16,-0.014595968355055278,-0.014595968116116631,-0.01045168444597283,7.498903143861869e-10,-9.092515993664516e-16,1.3028904523704324e-15
0.7000,-1.5956762281385417e-06,-4.980655723466842e-12,0.30653910874962403,-1.0791601613923104e-12,5.1529682863654715e-08,9.316384360700024e-12,0.0,0.0,0.0,0.003812200532868371,0.003812200500749278,0.002760215712701458,-2.0482725884201937e-10,-6.536660511281288e-16,9.377145197611865e-16,-0.013593314184368988,-0.013593313794071804,-0.009740765291772868,6.746097741608074e-10,-9.085489619620567e-16,1.3043233789999193e-15
0.7200,-1.5956762281385417e-06,-4.980655723466842e-12,0.30653910874962403,-1.0791601613923104e-12,5.1529682863654715e-08,9.316384360700024e-12,0.0,0.0,0.0,0.0035502497325015504,0.0035502497029660882,0.00257243505273666,-1.9104548653900264e-10,-6.718476061982378e-16,9.638062948215082e-16,-0.012659498681588277,-0.012659498393086888,-0.009078186222580553,6.394553623642726e-10,-9.112888289962937e-16,1.3029917447723426e-15
0.7400,-1.5956762281385417e-06,-4.980655723466842e-12,0.30653910874962403,-1.0791601613923104e-12,5.1529682863654715e-08,9.316384360700024e-12,0.0,0.0,0.0,0.00331808422906566,0.0033180842016039755,0.002405888277652213,-1.7878208581971855e-10,-6.891284662651188e-16,9.885794533247707e-16,-0.011831832555104532,-0.011831832309302237,-0.008490517392988894,6.017102772355334e-10,-9.081679609175536e-16,1.3039982738581288e-15
0.7600,-1.5956762281385417e-06,-4.980655723466842e-12,0.30653910874962403,-1.0791601613923104e-12,5.1529682863654715e-08,9.316384360700024e-12,0.0,0.0,0.0,0.003068158134840553,0.003068158108949891,0.002226467379129982,-1.6545624471417018e-10,-7.091068419347683e-16,1.01729454404892e-15,-0.010940818332828728,-0.010940817981843792,-0.007857407935458888,5.394694822563867e-10,-9.11761904755551e-16,1.3035786931098562e-15
0.7800,-1.5956762281385417e-06,-4.980655723466842e-12,0.30653910874962403,-1.0791601613923104e-12,5.1529682863654715e-08,9.316384360700024e-12,0.0,0.0,0.0,0.002867512404328502,0.0028675123802555063,0.002082316990880368,-1.5483254501433105e-10,-7.263631151651227e-16,1.042086318554617e-15,-0.010225470397725867,-0.010225470086335231,-0.007348745149726721,5.064516093988287e-10,-9.083948160277269e-16,1.3047916906124386e-15
0.8000,-1.5956762281385417e-06,-4.980655723466842e-12,0.30653910874962403,-1.0791601613923104e-12,5.1529682863654715e-08,9.316384360700024e-12,0.0,0.0,0.0,0.0026704628385446566,0.0026704628164477733,0.0019406496700971718,-1.4442201382264125e-10,-7.445596195573545e-16,1.0681622903979923e-15,-0.00952292336303126,-0.009522923135865807,-0.0068488357122147014,4.81183256850776e-10,-9.094318796586448e-16,1.3041785454649255e-15
0.8200,-1.5956762281385417e-06,-4.980655723466842e-12,0.30653910874962403,-1.0791601613923104e-12,5.1529682863654715e-08,9.316384360700024e-12,0.0,0.0,0.0,0.0024869518665964216,0.0024869518451953415,0.0018086195580361676,-1.345284479439855e-10,-7.627566390903749e-16,1.0942403628764586e-15,-0.008868627627551084,-0.008868628506358361,-0.0063829263482576,6.272274067298522e-10,-9.098366009343935e-16,1.3054629360989968e-15
0.8400,-1.5956762281385417e-06,-4.980655723466842e-12,0.30653910874962403,-1.0791601613923104e-12,5.1529682863654715e-08,9.316384360700024e-12,0.0,0.0,0.0,0.002316049613825705,0.0023160495943524493,0.0016855711959823942,-1.2550889170952648e-10,-7.809512790952609e-16,1.1203094961306778e-15,-0.008259273221749297,-0.008259272926587402,-0.005948705410398852,4.036316571785975e-10,-9.09352878533472e-16,1.3035169341509617e-15
0.8600,-1.5956762281385417e-06,-4.980655723466842e-12,0.30653910874962403,-1.0791601613923104e-12,5.1529682863654715e-08,9.316384360700024e-12,0.0,0.0,0.0,0.0021568900284473125,0.002156890010630881,0.0015708936846160918,-1.1707931096409803e-10,-7.991585931569431e-16,1.1463595688200335e-15,-0.007691773855396183,-0.0076917736436672435,-0.005544018819498453,3.854014283540304e-10,-9.12260498209525e-16,1.3027001412725411e-15
0.8800,-1.5956762281385417e-06,-4.980655723466842e-12,0.30653910874962403,-1.0791601613923104e-12,5.1529682863654715e-08,9.316384360700024e-12,0.0,0.0,0.0,0.002008666506044745,0.0020086664895664066,0.0014640176598164217,-1.091858825139804e-10,-8.173568655240706e-16,1.1724355669925674e-15,-0.007163256934928142,-0.0071632567597259,-0.005166858371735639,3.6271686134642363e-10,-9.099348807445128e-16,1.3026331752116907e-15
0.9000,-1.5956762281385417e-06,-4.980655723466842e-12,0.30653910874962403,-1.0791601613923104e-12,5.1529682863654715e-08,9.316384360700024e-12,0.0,0.0,0.0,0.0018772988614357711,0.0018772988450980529,0.0013692278224514312,-1.0201018394967484e-10,-8.346428809676497e-16,1.1972025631971357e-15,-0.006694833072745793,-0.00669483396928669,-0.004832345652042436,5.131727346656586e-10,-9.123352873310187e-16,1.3021150127323752e-15
0.9200,-1.5956762281385417e-06,-4.980655723466842e-12,0.30653910874962403,-1.0791601613923104e-12,5.1529682863654715e-08,9.316384360700024e-12,0.0,0.0,0.0,0.0017420742990105155,0.0017420742844956921,0.001271583545825268,-9.488755401272491e-11,-8.537551505904999e-16,1.2245660600083335e-15,-0.006212648920735031,-0.006212648685128747,-0.0044877563481650895,3.0232136370631395e-10,-9.063794826958797e-16,1.304519716108573e-15
0.9400,-1.5956762281385417e-06,-4.980655723466842e-12,0.30653910874962403,-1.0791601613923104e-12,5.1529682863654715e-08,9.316384360700024e-12,0.0,0.0,0.0,0.0016165891575687125,0.001616589143417344,0.0011809022136003184,-8.805629754011406e-11,-8.728715696313033e-16,1.2519299945378697e-15,-0.00576518464756523,-0.005765185552176283,-0.004167736093764862,4.6432241414023675e-10,-9.086376510265638e-16,1.3037162821970452e-15
0.9600,-1.5956762281385417e-06,-4.980655723466842e-12,0.30653910874962403,-1.0791601613923104e-12,5.1529682863654715e-08,9.316384360700024e-12,0.0,0.0,0.0,0.0015054920517392088,0.0015054920390209533,0.001100557895432822,-8.217803866629583e-11,-8.91068827207465e-16,1.2780037392702372e-15,-0.005369021253216255,-0.005369020981933648,-0.0038841935117881754,2.517300260466365e-10,-9.085957100743752e-16,1.303754265503593e-15
0.9800,-1.5956762281385417e-06,-4.980655723466842e-12,0.30653910874962403,-1.0791601613923104e-12,5.1529682863654715e-08,9.316384360700024e-12,0.0,0.0,0.0,0.001407029293265509,0.0014070292813646397,0.0010292995862672398,-7.689035363381898e-11,-9.083477995944212e-16,1.3027745277289914e-15,-0.005017905447177423,-0.0050179051832032195,-0.003632714086046207,2.3407057179366884e-10,-9.092663277308485e-16,1.3011546783750777e-15
1.0000,-1.5956762281385417e-06,-4.980655723466842e-12,0.30653910874962403,-1.0791601613923104e-12,5.1529682863654715e-08,9.316384360700024e-12,0.0,0.0,0.0,0.0013103326216675523,0.001310332610895676,0.0009592692936064212,-7.174459320227535e-11,-9.265443169394742e-16,1.3288446256246972e-15,-0.004673083200093769,-0.004673083012866064,-0.003385567021001512,2.2638750369892268e-10,-9.095106863963737e-16,1.304734208177311e-15
1.0200,-1.5956762281385417e-06,-4.980655723466842e-12,0.30653910874962403,-1.0791601613923104e-12,5.1529682863654715e-08,9.316384360700024e-12,0.0,0.0,0.0,0.0012202808290092623,0.001220280818163621,0.00089400344139316,-6.676446159520346e-11,-9.447221347546362e-16,1.354926595155343e-15,-0.004351952229536521,-0.004351953145720955,-0.0031552325910911005,3.896379239633306e-10,-9.098414564845892e-16,1.3028796659352447e-15
1.0400,-1.5956762281385417e-06,-4.980655723466842e-12,0.30653910874962403,-1.0791601613923104e-12,5.1529682863654715e-08,9.316384360700024e-12,0.0,0.0,0.0,0.001132378870042625,0.001132378860624602,0.0008302476874535792,-6.21385059335378e-11,-9.638191297541802e-16,1.3823064876970965e-15,-0.004038485233086503,-0.004038485015602916,-0.002930226089252669,1.8753960921555244e-10,-9.059852798488002e-16,1.305398929690378e-15
1.0600,-1.5956762281385417e-06,-4.980655723466842e-12,0.30653910874962403,-1.0791601613923104e-12,5.1529682863654715e-08,9.316384360700024e-12,0.0,0.0,0.0,0.0010545560442996574,0.001054556035800744,0.0007737597711284296,-5.798501981081191e-11,-9.819973590098059e-16,1.408396148017243e-15,-0.003760957974342477,-0.003760957825025335,-0.002730868241913764,1.827218638622994e-10,-9.107712310677463e-16,1.3017914047874934e-15
1.0800,-1.5956762281385417e-06,-4.980655723466842e-12,0.30653910874962403,-1.0791601613923104e-12,5.1529682863654715e-08,9.316384360700024e-12,0.0,0.0,0.0,0.0009855837777055685,0.0009855837698782188,0.0007236600931080606,-5.427569644048895e-11,-9.992678751645157e-16,1.433190783950782e-15,-0.0035149908383720063,-0.0035149907161085014,-0.0025540549090735665,1.735819026826546e-10,-9.0787809656499e-16,1.306377849968859e-15
1.1000,-1.5956762281385417e-06,-4.980655723466842e-12,0.30653910874962403,-1.0791601613923104e-12,5.1529682863654715e-08,9.316384360700024e-12,0.0,0.0,0.0,0.0009145870905171836,0.0009145870827241287,0.0006720519831633613,-5.034026151643585e-11,-1.0183520151420657e-15,1.4605964415332809e-15,-0.0032618020115967594,-0.0032618017576790392,-0.0023719168364013943,1.4012568010164044e-10,-9.093694312447098e-16,1.3026629355157691e-15
1.1200,-1.5956762281385417e-06,-4.980655723466842e-12,0.30653910874962403,-1.0791601613923104e-12,5.1529682863654715e-08,9.316384360700024e-12,0.0,0.0,0.0,0.0008517312467898872,0.0008517312398639218,0.0006263269899023144,-4.699335795825615e-11,-1.0365349304031586e-15,1.486685804304153e-15,-0.003037643204231194,-0.00303764303064602,-0.0022105412718478046,1.3962027628852909e-10,-9.081565760171927e-16,1.3064804691684718e-15
1.1400,-1.5956762281385417e-06,-4.980655723466842e-12,0.30653910874962403,-1.0791601613923104e-12,5.1529682863654715e-08,9.316384360700024e-12,0.0,0.0,0.0,0.0007931950231920092,0.000793195015928033,0.0005837129471631728,-4.368593037440959e-11,-1.0547178952148515e-15,1.5127668146287164e-15,-0.002828887092292315,-0.002828888021295828,-0.002060144353490778,3.087535599073644e-10,-9.081331117983467e-16,1.3032539726070505e-15
1.1600,-1.5956762281385417e-06,-4.980655723466842e-12,0.30653910874962403,-1.0791601613923104e-12,5.1529682863654715e-08,9.316384360700024e-12,0.0,0.0,0.0,0.0007413160678537753,0.0007413160613058512,0.0005459181880292547,-4.0913984799416964e-11,-1.0720008543100259e-15,1.5375443685861202e-15,-0.002643872401537295,-0.0026438721016553146,-0.0019267555176888385,1.000141436616438e-10,-9.08224308874471e-16,1.3052130464903058e-15
1.1800,-1.5956762281385417e-06,-4.980655723466842e-12,0.30653910874962403,-1.0791601613923104e-12,5.1529682863654715e-08,9.316384360700024e-12,0.0,0.0,0.0,0.0006879145162088949,0.0006879145106688549,0.000506985527088008,-3.8103522999833195e-11,-1.0910787255323908e-15,1.5649490023663475e-15,-0.0024534258482605265,-0.002453425679895732,-0.0017893502514114423,1.085291032446854e-10,-9.082157165358581e-16,1.303973424525347e-15
1.2000,-1.5956762281385417e-06,-4.980655723466842e-12,0.30653910874962403,-1.0791601613923104e-12,5.1529682863654715e-08,9.316384360700024e-12,0.0,0.0,0.0,0.000642921173116748,0.0006429211679435007,0.00047415867900111897,-3.5653401431500815e-11,-1.1083603039117489e-15,1.5897258338633771e-15,-0.0022929646283735283,-0.002292964464174374,-0.0016734938666323196,1.0054053613347541e-10,-9.092809907479769e-16,1.301391529135773e-15
1.2200,-1.5956762281385417e-06,-4.980655723466842e-12,0.30653910874962403,-1.0791601613923104e-12,5.1529682863654715e-08,9.316384360700024e-12,0.0,0.0,0.0,0.0005987351525257104,0.0005987351468858262,0.00044189766368020467,-3.311028826668625e-11,-1.1265204313358605e-15,1.6158295836509859e-15,-0.00213538121843479,-0.0021353821529652983,-0.0015596341877917863,2.716240763796541e-10,-9.0706408632215e-16,1.3058587800724116e-15
1.2400,-1.5956762281385417e-06,-4.980655723466842e-12,0.30653910874962403,-1.0791601613923104e-12,5.1529682863654715e-08,9.316384360700024e-12,0.0,0.0,0.0,0.0005556042413370414,0.0005556042367560334,0.0004103831895608161,-3.0869714507247865e-11,-1.1456107155067764e-15,1.6432237852278507e-15,-0.0019815609152054603,-0.0019815607146875247,-0.0014484088479459478,7.788818629143998e-11,-9.079693449263123e-16,1.3052340279265432e-15
1.2600,-1.5956762281385417e-06,-4.980655723466842e-12,0.30653910874962403,-1.0791601613923104e-12,5.1529682863654715e-08,9.316384360700024e-12,0.0,0.0,0.0,0.0005174190645668201,0.0005174190605769524,0.0003824612870716493,-2.883037896185949e-11,-1.1637991338611048e-15,1.6693043131605329e-15,-0.0018453777586889264,-0.0018453776252438658,-0.001349862851039385,8.049868835966532e-11,-9.067530130586806e-16,1.3051509740299592e-15
1.2800,-1.5956762281385417e-06,-4.980655723466842e-12,0.30653910874962403,-1.0791601613923104e-12,5.1529682863654715e-08,9.316384360700024e-12,0.0,0.0,0.0,0.00048357673109385776,0.0004835767264381098,0.00035769714425262615,-2.682503324914077e-11,-1.1810790467834372e-15,1.6940793809414057e-15,-0.001724681836045544,-0.0017246827744381854,-0.0012624613645242089,2.4967047166411477e-10,-9.06808159122168e-16,1.3049370469255795e-15
1.3000,-1.5956762281385417e-06,-4.980655723466842e-12,0.30653910874962403,-1.0791601613923104e-12,5.1529682863654715e-08,9.316384360700024e-12,0.0,0.0,0.0,0.000450341679259723,0.00045034167521747426,0.0003333598757342756,-2.5059646911193158e-11,-1.1992673574785542e-15,1.7201745174048295e-15,-0.0016061523489712959,-0.001606152075109224,-0.0011765662774090857,4.7270996479700353e-11,-9.119577298394056e-16,1.3026439806720325e-15
1.3200,-1.5956762281385417e-06,-4.980655723466842e-12,0.30653910874962403,-1.0791601613923104e-12,5.1529682863654715e-08,9.316384360700024e-12,0.0,0.0,0.0,0.0004193907356115112,0.00041939073216679974,0.00031067846279907786,-2.3415969768118002e-11,-1.2174413104159674e-15,1.7462694652495668e-15,-0.001495767897191913,-0.001495767700776196,-0.001096515187978625,5.179434950375783e-11,-9.098322367294817e-16,1.303263192362158e-15
1.3400,-1.5956762281385417e-06,-4.980655723466842e-12,0.30653910874962403,-1.0791601613923104e-12,5.1529682863654715e-08,9.316384360700024e-12,0.0,0.0,0.0,0.00039056693027445834,0.00039056692734736086,0.00028954024720464523,-2.1881358522797184e-11,-1.235629282020386e-15,1.7723592292973346e-15,-0.0013929693781465635,-0.0013929692482276268,-0.001021910479278909,5.608123846991627e-11,-9.075130394267938e-16,1.3064679100852314e-15
1.3600,-1.5956762281385417e-06,-4.980655723466842e-12,0.30653910874962403,-1.0791601613923104e-12,5.1529682863654715e-08,9.316384360700024e-12,0.0,0.0,0.0,0.00036372408044758214,0.0003637240770775345,0.0002698402360719532,-2.0296078477724548e-11,-1.2537987859238616e-15,1.798452577972819e-15,-0.0012972356472993607,-0.0012972353585524732,-0.0009523815825034365,2.7712059956081854e-11,-9.085054365454048e-16,1.3030246301647753e-15
1.3800,-1.5956762281385417e-06,-4.980655723466842e-12,0.30653910874962403,-1.0791601613923104e-12,5.1529682863654715e-08,9.316384360700024e-12,0.0,0.0,0.0,0.0003387260467420849,0.00033872604399614697,0.00025148057819525025,-1.8988163852962246e-11,-1.2719963667303605e-15,1.824520243103046e-15,-0.001208080948712248,-0.0012080807548478512,-0.0008875832258751493,3.6273967577590434e-11,-9.087120712255042e-16,1.3050424702674688e-15
1.4000,-1.5956762281385417e-06,-4.980655723466842e-12,0.30653910874962403,-1.0791601613923104e-12,5.1529682863654715e-08,9.316384360700024e-12,0.0,0.0,0.0,0.00031544604698047283,0.00031544604469826374,0.000234370080845078,-1.775150640427538e-11,-1.290178595168915e-15,1.850600074761411e-15,-0.0011250532961792625,-0.0011250531688546395,-0.0008271934635141198,4.1675594068650596e-11,-9.08578746254373e-16,1.3063969082101723e-15
1.4200,-1.5956762281385417e-06,-4.980655723466842e-12,0.30653910874962403,-1.0791601613923104e-12,5.1529682863654715e-08,9.316384360700024e-12,0.0,0.0,0.0,0.0002937660108782031,0.00029376600781101967,0.00021842375454977412,-1.639795945489871e-11,-1.3083559661084363e-15,1.8766758782462343e-15,-0.0010477311487133434,-0.0010477320945631308,-0.0007709123569570875,2.1351722695518432e-10,-9.096744586450821e-16,1.3014982949917965e-15
1.4400,-1.5956762281385417e-06,-4.980655723466842e-12,0.30653910874962403,-1.0791601613923104e-12,5.1529682863654715e-08,9.316384360700024e-12,0.0,0.0,0.0,0.0002735759802585985,0.000273575977868106,0.00020356239263086742,-1.5363353952152997e-11,-1.3265339925418575e-15,1.9027564485446254e-15,-0.0009757241367912561,-0.000975723901615072,-0.0007184606895039858,1.740784939242052e-11,-9.096838417683606e-16,1.3048360059865755e-15
1.4600,-1.5956762281385417e-06,-4.980655723466842e-12,0.30653910874962403,-1.0791601613923104e-12,5.1529682863654715e-08,9.316384360700024e-12,0.0,0.0,0.0,0.0002547735552021112,0.0002547735533097568,0.00018971217673103655,-1.4380822945005362e-11,-1.344725110902627e-15,1.928836664080141e-15,-0.0009086651960583947,-0.0009086650403776486,-0.0006695776316413826,2.531579364583922e-11,-9.08833961665438e-16,1.3028178292213727e-15
1.4800,-1.5956762281385417e-06,-4.980655723466842e-12,0.30653910874962403,-1.0791601613923104e-12,5.1529682863654715e-08,9.316384360700024e-12,0.0,0.0,0.0,0.0002372633726537019,0.00023726337007841657,0.00017680431095427114,-1.3277575090013483e-11,-1.3629185496253695e-15,1.9549070831485716e-15,-0.000846214345899432,-0.0008462152916232923,-0.00062402036383441,2.0216357879857173e-10,-9.042040965329485e-16,1.3053108109669034e-15
1.5000,-1.5956762281385417e-06,-4.980655723466842e-12,0.30653910874962403,-1.0791601613923104e-12,5.1529682863654715e-08,9.316384360700024e-12,0.0,0.0,0.0,0.00022095662118606766,0.00022095661925501664,0.0001647746797044362,-1.2454349862111118e-11,-1.3811170600033785e-15,1.9809872778887664e-15,-0.0007880566729942529,-0.000788056439811724,-0.0005815628940073481,7.2931502448815e-12,-9.089810203162794e-16,1.3045828175816016e-15
1.5200,-1.5956762281385417e-06,-4.980655723466842e-12,0.30653910874962403,-1.0791601613923104e-12,5.1529682863654715e-08,9.316384360700024e-12,0.0,0.0,0.0,0.00020577059510057069,0.00020577059351130746,0.00015356353103954017,-1.1647940339962792e-11,-1.3993082165823735e-15,2.0070607002167377e-15,-0.0007338953059509434,-0.0007338951280194683,-0.00054199402267463,1.2605592665008865e-11,-9.098343547254402e-16,1.3052557546525125e-15
1.5400,-1.5956762281385417e-06,-4.980655723466842e-12,0.30653910874962403,-1.0791601613923104e-12,5.1529682863654715e-08,9.316384360700024e-12,0.0,0.0,0.0,0.0001916282706406259,0.0001916282693901919,0.00014311517522480366,-1.0898311756193488e-11,-1.4175108852353723e-15,2.0331345876890453e-15,-0.0006834562452448512,-0.0006834561213170387,-0.0005051173451245117,1.7607103184096328e-11,-9.099277413486459e-16,1.30326472099193e-15
1.5600,-1.5956762281385417e-06,-4.980655723466842e-12,0.30653910874962403,-1.0791601613923104e-12,5.1529682863654715e-08,9.316384360700024e-12,0.0,0.0,0.0,0.0001784579192489118,0.000178457917443832,0.00013337771560411905,-1.0056041840238466e-11,-1.4357083874493732e-15,2.059208860987342e-15,-0.000636483769529822,-0.0006364834861560253,-0.000470749670608811,-8.225159794205352e-12,-9.094827376178367e-16,1.304055404741496e-15
1.5800,-1.5956762281385417e-06,-4.980655723466842e-12,0.30653910874962403,-1.0791601613923104e-12,5.1529682863654715e-08,9.316384360700024e-12,0.0,0.0,0.0,0.00016619273885718893,0.00016619273757173344,0.00012430278164653953,-9.440873550172085e-12,-1.4538987646033738e-15,2.0852821283802483e-15,-0.0005927394445921774,-0.0005927392558068012,-0.0004387203385220473,2.784919600976201e-12,-9.09459111685181e-16,1.3053183945587593e-15
1.6000,-1.5956762281385417e-06,-4.980655723466842e-12,0.30653910874962403,-1.0791601613923104e-12,5.1529682863654715e-08,9.316384360700024e-12,0.0,0.0,0.0,0.00015477052090792022,0.00015477051998774683,0.0001158452975034342,-8.849838448625852e-12,-1.4720843318352889e-15,2.11135373808749e-15,-0.000552001559415205,-0.0005520014368649018,-0.00040887022557750674,1.046084358048313e-11,-9.077410236385032e-16,1.3048146936780931e-15
1.6200,-1.5956762281385417e-06,-4.980655723466842e-12,0.30653910874962403,-1.0791601613923104e-12,5.1529682863654715e-08,9.316384360700024e-12,0.0,0.0,0.0,0.00014413333182139088,0.00014413333031758102,0.000107963253202019,-8.144602436877e-12,-1.4902738690920165e-15,2.1374232452587773e-15,-0.0005140634817361045,-0.0005140631997242462,-0.00038105084461892424,-1.4857834550185036e-11,-9.10028561016836e-16,1.302493608335657e-15
1.6400,-1.5956762281385417e-06,-4.980655723466842e-12,0.30653910874962403,-1.0791601613923104e-12,5.1529682863654715e-08,9.316384360700024e-12,0.0,0.0,0.0,0.00013422721787375045,0.0001342272166630152,0.00010061749663775886,-7.624098508784402e-12,-1.508472628658185e-15,2.1634861285281945e-15,-0.0004787328276640579,-0.0004787325980888657,-0.0003551246913157946,-9.388366816767966e-12,-9.079532744613716e-16,1.3035004831829393e-15
1.6600,-1.5956762281385417e-06,-4.980655723466842e-12,0.30653910874962403,-1.0791601613923104e-12,5.1529682863654715e-08,9.316384360700024e-12,0.0,0.0,0.0,0.00012589518487970234,0.00012589518374390098,9.443463086085414e-05,-7.1585597922369706e-12,-1.5248638571471397e-15,2.1869404447632785e-15,-0.0004490161440828533,-0.0004490159133399563,-0.0003333026419149454,-1.1356227031541405e-11,-9.113774299660655e-16,1.3018543234536067e-15
1.6800,-1.5956762281385417e-06,-4.980655723466842e-12,0.30653910874962403,-1.0791601613923104e-12,5.1529682863654715e-08,9.316384360700024e-12,0.0,0.0,0.0,0.00011641069033422418,0.00011641068878337045,8.73913734801315e-05,-6.549137995561727e-12,-1.5448804365189936e-15,2.215621058889009e-15,-0.00041518853532462874,-0.0004151894845774995,-0.000308443892303889,1.78548924361788e-10,-9.106268768839175e-16,1.3012560758289257e-15
1.7000,-1.5956762281385417e-06,-4.980655723466842e-12,0.30653910874962403,-1.0791601613923104e-12,5.1529682863654715e-08,9.316384360700024e-12,0.0,0.0,0.0,0.00010840990882905827,0.00010840990785412956,8.144531038260132e-05,-6.181089827280389e-12,-1.563073281320266e-15,2.2416921414249474e-15,-0.00038665375996996265,-0.00038665353010969294,-0.00028745756335127326,-1.471081604788962e-11,-9.099489916185823e-16,1.3028099908578882e-15
1.7200,-1.5956762281385417e-06,-4.980655723466842e-12,0.30653910874962403,-1.0791601613923104e-12,5.1529682863654715e-08,9.316384360700024e-12,0.0,0.0,0.0,0.00010095900930158047,0.0001009590087232875,7.590381303899666e-05,-5.818099952556671e-12,-1.581267171831275e-15,2.26776603545928e-15,-0.0003600796155364405,-0.0003600794646947403,-0.0002678991904550565,-4.658724488713738e-12,-9.115328567895739e-16,1.3040277653285081e-15
1.7400,-1.5956762281385417e-06,-4.980655723466842e-12,0.30653910874962403,-1.0791601613923104e-12,5.1529682863654715e-08,9.316384360700024e-12,0.0,0.0,0.0,9.402019971241173e-05,9.402019929763633e-05,7.073935529559709e-05,-5.445930683951062e-12,-1.5994429740508886e-15,2.2938511451081522e-15,-0.0003353318481928158,-0.0003353317297444258,-0.0002496715266141758,-9.74344249786545e-13,-9.075483517671437e-16,1.3059340088404009e-15
1.7600,-1.5956762281385417e-06,-4.980655723466842e-12,0.30653910874962403,-1.0791601613923104e-12,5.1529682863654715e-08,9.316384360700024e-12,0.0,0.0,0.0,8.755828539491556e-05,8.755828435952153e-05,6.592628370825789e-05,-4.970012602150034e-12,-1.6176421823215942e-15,2.3199197141135247e-15,-0.0003122849824359619,-0.0003122847016834851,-0.00023268401149359463,-2.6074277542140895e-11,-9.104505223909115e-16,1.3048238621480026e-15
1.7800,-1.5956762281385417e-06,-4.980655723466842e-12,0.30653910874962403,-1.0791601613923104e-12,5.1529682863654715e-08,9.316384360700024e-12,0.0,0.0,0.0,8.154048951923931e-05,8.154048895311821e-05,6.144069042531804e-05,-4.6991565244330694e-12,-1.6358344947196463e-15,2.345985901391289e-15,-0.00029082199475657933,-0.0002908218084237135,-0.00021685233517268476,-1.3860318020225064e-11,-9.093069501571406e-16,1.3040671242364146e-15
1.8000,-1.5956762281385417e-06,-4.980655723466842e-12,0.30653910874962403,-1.0791601613923104e-12,5.1529682863654715e-08,9.316384360700024e-12,0.0,0.0,0.0,7.593628915112921e-05,7.593628890249027e-05,5.72602940561476e-05,-4.428946485933429e-12,-1.6540255495628707e-15,2.372062377724675e-15,-0.00027083413577780324,-0.0002708340155550548,-0.00020209783702040962,-5.0476410016697415e-12,-9.090790374965542e-16,1.3048237794299414e-15
1.8200,-1.5956762281385417e-06,-4.980655723466842e-12,0.30653910874962403,-1.0791601613923104e-12,5.1529682863654715e-08,9.316384360700024e-12,0.0,0.0,0.0,7.071725901603503e-05,7.071725813858434e-05,5.3364329270876535e-05,-4.022681386949784e-12,-1.6722284766688655e-15,2.398136215112025e-15,-0.00025222011776360187,-0.0002522198379415197,-0.00018834722241187207,-2.931225918113577e-11,-9.092331586154657e-16,1.3031893077626642e-15
1.8400,-1.5956762281385417e-06,-4.980655723466842e-12,0.30653910874962403,-1.0791601613923104e-12,5.1529682863654715e-08,9.316384360700024e-12,0.0,0.0,0.0,6.58569261468506e-05,6.585692557873327e-05,4.9733443615058804e-05,-3.79205477399421e-12,-1.6904146791701141e-15,2.424216301601576e-15,-0.0002348853076156454,-0.0002348850934925928,-0.00017553219275673326,-2.065739802302573e-11,-9.094249044581295e-16,1.3023724230671956e-15
1.8600,-1.5956762281385417e-06,-4.980655723466842e-12,0.30653910874962403,-1.0791601613923104e-12,5.1529682863654715e-08,9.316384360700024e-12,0.0,0.0,0.0,6.111267409003906e-05,6.11126739530127e-05,4.618658780069871e-05,-3.587357991725672e-12,-1.7095103841471646e-15,2.4516021556588194e-15,-0.00021796447391456142,-0.0002179643539215459,-0.00016301372675991965,-8.023523655797203e-12,-9.09011975896343e-16,1.3052178524096647e-15
1.8800,-1.5956762281385417e-06,-4.980655723466842e-12,0.30653910874962403,-1.0791601613923104e-12,5.1529682863654715e-08,9.316384360700024e-12,0.0,0.0,0.0,5.71154379379937e-05,5.7115436890705014e-05,4.319599396516663e-05,-3.2071822261600107e-12,-1.7267930094352577e-15,2.4763726262097308e-15,-0.0002037074432958419,-0.00020370839422281795,-0.00015245856373286015,1.668049407285211e-10,-9.107353831279498e-16,1.3037121371949957e-15
1.9000,-1.5956762281385417e-06,-4.980655723466842e-12,0.30653910874962403,-1.0791601613923104e-12,5.1529682863654715e-08,9.316384360700024e-12,0.0,0.0,0.0,5.300091001436768e-05,5.300090969569641e-05,4.0115371072106315e-05,-3.084945016094823e-12,-1.745898993256385e-15,2.5037572350954553e-15,-0.00018903321042434973,-0.0001890330250560457,-0.0001415857216525429,-1.949732997849256e-11,-9.067722814038694e-16,1.306211507256397e-15
1.9200,-1.5956762281385417e-06,-4.980655723466842e-12,0.30653910874962403,-1.0791601613923104e-12,5.1529682863654715e-08,9.316384360700024e-12,0.0,0.0,0.0,4.9534243353001227e-05,4.9534243214342116e-05,3.7517889523508854e-05,-2.9132522783930367e-12,-1.7631786575691707e-15,2.528532619016486e-15,-0.00017666906652868963,-0.00017666891720910516,-0.0001324180909510475,-1.4848387126097725e-11,-9.088108696778676e-16,1.3035868590368633e-15
1.9400,-1.5956762281385417e-06,-4.980655723466842e-12,0.30653910874962403,-1.0791601613923104e-12,5.1529682863654715e-08,9.316384360700024e-12,0.0,0.0,0.0,4.6129796503432415e-05,4.612979556004382e-05,3.496518690669294e-05,-2.584715205830914e-12,-1.7813642411742994e-15,2.5546237407207568e-15,-0.00016452618421247678,-0.00016452713581388556,-0.00012340837872248933,1.6469327815690626e-10,-9.066388898446988e-16,1.3046284332836615e-15
1.9600,-1.5956762281385417e-06,-4.980655723466842e-12,0.30653910874962403,-1.0791601613923104e-12,5.1529682863654715e-08,9.316384360700024e-12,0.0,0.0,0.0,4.295933362268922e-05,4.2959332967402016e-05,3.258616940277185e-05,-2.444521748351371e-12,-1.7995510504464413e-15,2.580700773782263e-15,-0.00015321897274056528,-0.00015321869510676045,-0.00011501151794823805,-3.4523742644070124e-11,-9.084729597801948e-16,1.3036135686988426e-15
1.9800,-1.5956762281385417e-06,-4.980655723466842e-12,0.30653910874962403,-1.0791601613923104e-12,5.1529682863654715e-08,9.316384360700024e-12,0.0,0.0,0.0,3.9864592044114075e-05,3.986459197706969e-05,3.0262209433563905e-05,-2.359995746636884e-12,-1.818657096376011e-15,2.608089886687102e-15,-0.00014218129745491304,-0.00014218114805503168,-0.00010680942039092978,-1.6865449662113638e-11,-9.10223553543404e-16,1.3043406356418583e-15
2.0000,-1.5956762281385417e-06,-4.980655723466842e-12,0.30653910874962403,-1.0791601613923104e-12,5.1529682863654715e-08,9.316384360700024e-12,0.0,0.0,0.0,3.725713975417443e-05,3.725713983421878e-05,2.830272222547779e-05,-2.2328759357783865e-12,-1.8359494630302055e-15,2.6328610611662324e-15,-0.0001328815563997332,-0.00013288143722473,-9.989349686387317e-05,-1.2773985312713994e-11,-9.096018590706699e-16,1.3042057572255367e-15
2.0200,-1.5956762281385417e-06,-4.980655723466842e-12,0.30653910874962403,-1.0791601613923104e-12,5.1529682863654715e-08,9.316384360700024e-12,0.0,0.0,0.0,3.4696486357464984e-05,3.4696485787841304e-05,2.6377015465205307e-05,-1.9754146937631735e-12,-1.8541409574310043e-15,2.6589344614316413e-15,-0.0001237488111122398,-0.00012374853232008376,-9.309678074059802e-05,-3.6501281034938545e-11,-9.079414437106605e-16,1.3034421983826176e-15
2.0400,-1.5956762281385417e-06,-4.980655723466842e-12,0.30653910874962403,-1.0791601613923104e-12,5.1529682863654715e-08,9.316384360700024e-12,0.0,0.0,0.0,3.2311823707913065e-05,3.231182357065484e-05,2.45823330190444e-05,-1.9057834852500376e-12,-1.872348707989693e-15,2.685009080143192e-15,-0.0001152435801982099,-0.0001152433955829979,-8.676231898266384e-05,-2.360690310539187e-11,-9.126520433252964e-16,1.3016563170944768e-15
2.0600,-1.5956762281385417e-06,-4.980655723466842e-12,0.30653910874962403,-1.0791601613923104e-12,5.1529682863654715e-08,9.316384360700024e-12,0.0,0.0,0.0,3.00910570126751e-05,3.0091057061760045e-05,2.2909759934530082e-05,-1.8074119670754094e-12,-1.8905452530064195e-15,2.711084461349004e-15,-0.00010732303916000108,-0.00010732290030951441,-8.085926149817291e-05,-1.6970832197864765e-11,-9.11267256953099e-16,1.3012572355361445e-15
2.0800,-1.5956762281385417e-06,-4.980655723466842e-12,0.30653910874962403,-1.0791601613923104e-12,5.1529682863654715e-08,9.316384360700024e-12,0.0,0.0,0.0,2.802292220649118e-05,2.8022921401544357e-05,2.1350988057517562e-05,-1.5461765478115037e-12,-1.908740476749355e-15,2.7371534397417775e-15,-9.994628002568673e-05,-9.994723182613074e-05,-7.535762579649607e-05,1.6099797791640013e-10,-9.107896689236e-16,1.3039919492351652e-15
2.1000,-1.5956762281385417e-06,-4.980655723466842e-12,0.30653910874962403,-1.0791601613923104e-12,5.1529682863654715e-08,9.316384360700024e-12,0.0,0.0,0.0,2.6096927903021803e-05,2.6096927627564046e-05,1.9898274569711268e-05,-1.5173328134223627e-12,-1.9269256836775247e-15,2.7632246295564234e-15,-9.307747647971376e-05,-9.30772488789422e-05,-7.023005928874504e-05,-3.111196682513295e-11,-9.067663703712121e-16,1.3043115618976883e-15
2.1200,-1.5956762281385417e-06,-4.980655723466842e-12,0.30653910874962403,-1.0791601613923104e-12,5.1529682863654715e-08,9.316384360700024e-12,0.0,0.0,0.0,2.4216933149060908e-05,2.421693334419453e-05,1.8479181172447318e-05,-1.4856652941907156e-12,-1.946020840596135e-15,2.7906093838695977e-15,-8.637230801852858e-05,-8.63721893349656e-05,-6.522164647998485e-05,-1.537302447681059e-11,-9.11174322384098e-16,1.3048093931047279e-15
2.1400,-1.5956762281385417e-06,-4.980655723466842e-12,0.30653910874962403,-1.0791601613923104e-12,5.1529682863654715e-08,9.316384360700024e-12,0.0,0.0,0.0,2.2632957797253675e-05,2.2632957055351903e-05,1.7282648010889778e-05,-1.2395162409504587e-12,-1.963299356124208e-15,2.8153755601603352e-15,-8.072241877013497e-05,-8.072337104941818e-05,-6.09985742756336e-05,1.5997019646664743e-10,-9.086146107377817e-16,1.304807078653374e-15
2.1600,-1.5956762281385417e-06,-4.980655723466842e-12,0.30653910874962403,-1.0791601613923104e-12,5.1529682863654715e-08,9.316384360700024e-12,0.0,0.0,0.0,2.107741118218904e-05,2.1077410958982195e-05,1.6106742712018793e-05,-1.229943391497437e-12,-1.9814917215569447e-15,2.8414564594722963e-15,-7.517491619618566e-05,-7.517468906745317e-05,-5.6848037922330175e-05,-3.205341784924773e-11,-9.08823825807802e-16,1.3053146937526987e-15
2.1800,-1.5956762281385417e-06,-4.980655723466842e-12,0.30653910874962403,-1.0791601613923104e-12,5.1529682863654715e-08,9.316384360700024e-12,0.0,0.0,0.0,1.9628776092424114e-05,1.9628776046874605e-05,1.5010845338959397e-05,-1.1729618435477264e-12,-1.999688255952257e-15,2.86752765694498e-15,-7.00082714799044e-05,-7.00080879698084e-05,-5.298034839229526e-05,-2.5982296848533535e-11,-9.09710540676992e-16,1.3037160919455043e-15
2.2000,-1.5956762281385417e-06,-4.980655723466842e-12,0.30653910874962403,-1.0791601613923104e-12,5.1529682863654715e-08,9.316384360700024e-12,0.0,0.0,0.0,1.8279704470275106e-05,1.8279704707851564e-05,1.398951240258571e-05,-1.1412127376375197e-12,-2.0178791151920822e-15,2.8936056031874135e-15,-6.519663052220737e-05,-6.51965117331732e-05,-4.937557725556707e-05,-1.6640918987886225e-11,-9.07690410938363e-16,1.3045152534691683e-15
2.2200,-1.5956762281385417e-06,-4.980655723466842e-12,0.30653910874962403,-1.0791601613923104e-12,5.1529682863654715e-08,9.316384360700024e-12,0.0,0.0,0.0,1.7023354007114773e-05,1.7023353587029386e-05,1.3037670811500132e-05,-9.582119910209021e-13,-2.0360695988224267e-15,2.919681414068059e-15,-6.0715727913218664e-05,-6.071544954286412e-05,-4.601586666749813e-05,-4.009269409637355e-11,-9.09937054988753e-16,1.3032915332243053e-15
2.2400,-1.5956762281385417e-06,-4.980655723466842e-12,0.30653910874962403,-1.0791601613923104e-12,5.1529682863654715e-08,9.316384360700024e-12,0.0,0.0,0.0,1.5853350910039835e-05,1.585335091358142e-05,1.2150591913726154e-05,-9.57665851644875e-13,-2.0542699080825227e-15,2.9457478857677417e-15,-5.654282241976394e-05,-5.654263824961259e-05,-4.288518862480273e-05,-2.6941397247531224e-11,-9.115392678529115e-16,1.3006786483402626e-15
2.2600,-1.5956762281385417e-06,-4.980655723466842e-12,0.30653910874962403,-1.0791601613923104e-12,5.1529682863654715e-08,9.316384360700024e-12,0.0,0.0,0.0,1.4763761342796686e-05,1.4763761622940541e-05,1.1323869600362208e-05,-9.3991943659799e-13,-2.072464043386467e-15,2.9718188303886837e-15,-5.265659151601487e-05,-5.2656473238016366e-05,-3.996724416135966e-05,-1.726379590962162e-11,-9.095007970385603e-16,1.3035453403603774e-15
2.2800,-1.5956762281385417e-06,-4.980655723466842e-12,0.30653910874962403,-1.0791601613923104e-12,5.1529682863654715e-08,9.316384360700024e-12,0.0,0.0,0.0,1.3749059047251589e-05,1.3749058387867242e-05,1.0553397362111126e-05,-7.2694076070205e-13,-2.0906588582110127e-15,2.9978946816870286e-15,-4.9036996885298834e-05,-4.903795611257977e-05,-3.7247717957572535e-05,1.594272579588594e-10,-9.063781687194767e-16,1.3052302981691612e-15
2.3000,-1.5956762281385417e-06,-4.980655723466842e-12,0.30653910874962403,-1.0791601613923104e-12,5.1529682863654715e-08,9.316384360700024e-12,0.0,0.0,0.0,1.2804095702560737e-05,1.2804095534356569e-05,9.835347537696038e-06,-7.472926686205333e-13,-2.1088560504303935e-15,3.023964013808702e-15,-4.566735840874636e-05,-4.566713112183485e-05,-3.471362131535205e-05,-3.381664671926682e-11,-9.077940719719572e-16,1.3059652125746482e-15
2.3200,-1.5956762281385417e-06,-4.980655723466842e-12,0.30653910874962403,-1.0791601613923104e-12,5.1529682863654715e-08,9.316384360700024e-12,0.0,0.0,0.0,1.192407903787267e-05,1.1924079217218407e-05,9.166153598948974e-06,-7.529803167378883e-13,-2.1270528391332872e-15,3.0500398511880783e-15,-4.252863858314471e-05,-4.252849016669891e-05,-3.235171174181817e-05,-2.24742155821545e-11,-9.102822568971157e-16,1.3047226574272374e-15
2.3400,-1.5956762281385417e-06,-4.980655723466842e-12,0.30653910874962403,-1.0791601613923104e-12,5.1529682863654715e-08,9.316384360700024e-12,0.0,0.0,0.0,1.1144150964559547e-05,1.1144151273085758e-05,8.572641875074991e-06,-7.287717047661783e-13,-2.1443470911128378e-15,3.074812207267417e-15,-3.974692686167791e-05,-3.974680857776747e-05,-3.0256933286176846e-05,-1.802655236147484e-11,-9.115047371982404e-16,1.3035531580443466e-15
2.3600,-1.5956762281385417e-06,-4.980655723466842e-12,0.30653910874962403,-1.0791601613923104e-12,5.1529682863654715e-08,9.316384360700024e-12,0.0,0.0,0.0,1.0341337969601694e-05,1.0341337838587702e-05,7.961263092330406e-06,-6.069675317540468e-13,-2.163447576061006e-15,3.1021872022985842e-15,-3.6883663448339377e-05,-3.68834366096249e-05,-2.809910323894882e-05,-3.4243837270758743e-11,-9.120058084717393e-16,1.3023667146937884e-15
2.3800,-1.5956762281385417e-06,-4.980655723466842e-12,0.30653910874962403,-1.0791601613923104e-12,5.1529682863654715e-08,9.316384360700024e-12,0.0,0.0,0.0,9.630584874194724e-06,9.630585081752702e-06,7.4195812514261e-06,-6.206793464004393e-13,-2.1816542407036023e-15,3.1282568618489506e-15,-3.434865230078632e-05,-3.43485042553493e-05,-2.6187250766307457e-05,-2.2876231619374986e-11,-9.152901568044317e-16,1.3007258398213894e-15
2.4000,-1.5956762281385417e-06,-4.980655723466842e-12,0.30653910874962403,-1.0791601613923104e-12,5.1529682863654715e-08,9.316384360700024e-12,0.0,0.0,0.0,8.968681443553127e-06,8.968681755463187e-06,6.9147554183516145e-06,-5.985080817324208e-13,-2.1998507163025043e-15,3.1543202032631037e-15,-3.1987807045052996e-05,-3.198768923276529e-05,-2.440525913216529e-05,-1.835951426427241e-11,-9.106790132507461e-16,1.3000231300386909e-15
2.4200,-1.5956762281385417e-06,-4.980655723466842e-12,0.30653910874962403,-1.0791601613923104e-12,5.1529682863654715e-08,9.316384360700024e-12,0.0,0.0,0.0,8.322586892318026e-06,8.322586768760788e-06,6.4216125967678955e-06,-4.868015409478287e-13,-2.218956968745985e-15,3.1816953546223077e-15,-2.968356709004416e-05,-2.9683339964947653e-05,-2.266494734609603e-05,-3.473869240922018e-11,-9.108235225309397e-16,1.3020691794818143e-15
2.4400,-1.5956762281385417e-06,-4.980655723466842e-12,0.30653910874962403,-1.0791601613923104e-12,5.1529682863654715e-08,9.316384360700024e-12,0.0,0.0,0.0,7.778224449269547e-06,7.778224520086936e-06,6.005810853802768e-06,-4.863644635503334e-13,-2.236238849354391e-15,3.2064585362495666e-15,-2.7742019636345372e-05,-2.7741835603917187e-05,-2.11973928422593e-05,-2.8617185325616776e-11,-9.092588781422518e-16,1.3027703143126265e-15
2.4600,-1.5956762281385417e-06,-4.980655723466842e-12,0.30653910874962403,-1.0791601613923104e-12,5.1529682863654715e-08,9.316384360700024e-12,0.0,0.0,0.0,7.2694675656615e-06,7.269467791743748e-06,5.616932399832313e-06,-4.819608829243922e-13,-2.2535209179313198e-15,3.231221318298131e-15,-2.5927465320957355e-05,-2.592731727033004e-05,-1.98248599285189e-05,-2.3376298130482103e-11,-9.092738922975503e-16,1.3024732274325444e-15
2.4800,-1.5956762281385417e-06,-4.980655723466842e-12,0.30653910874962403,-1.0791601613923104e-12,5.1529682863654715e-08,9.316384360700024e-12,0.0,0.0,0.0,6.745782802719404e-06,6.7457824773274804e-06,5.216347226620857e-06,-3.599817099268412e-13,-2.2726306104109337e-15,3.258590602672872e-15,-2.405969679467046e-05,-2.405941893474095e-05,-1.84109754590156e-05,-4.2150593388904217e-11,-9.096860565444507e-16,1.3025422953593313e-15
2.5000,-1.5956762281385417e-06,-4.980655723466842e-12,0.30653910874962403,-1.0791601613923104e-12,5.1529682863654715e-08,9.316384360700024e-12,0.0,0.0,0.0,6.282149642605324e-06,6.282149530095169e-06,4.86142850925776e-06,-3.657337995222025e-13,-2.2908356522223623e-15,3.284653112485959e-15,-2.2406133417612883e-05,-2.2405907718875406e-05,-1.7158339219669472e-05,-3.483498801760011e-11,-9.097175212541813e-16,1.3044902428361671e-15
2.5200,-1.5956762281385417e-06,-4.980655723466842e-12,0.30653910874962403,-1.0791601613923104e-12,5.1529682863654715e-08,9.316384360700024e-12,0.0,0.0,0.0,5.850381661027785e-06,5.8503818884763276e-06,4.530658544680918e-06,-3.9614595669679155e-13,-2.3090355367822886e-15,3.310718792408359e-15,-2.0866067449110126e-05,-2.086591908734281e-05,-1.5990671516641353e-05,-2.3750623148181083e-11,-9.093408724204711e-16,1.3050519902891386e-15
2.5400,-1.5956762281385417e-06,-4.980655723466842e-12,0.30653910874962403,-1.0791601613923104e-12,5.1529682863654715e-08,9.316384360700024e-12,0.0,0.0,0.0,5.448289283716803e-06,5.448288686537981e-06,4.222393840164417e-06,-2.3893756755869e-13,-2.3272389866635346e-15,3.3367824470774637e-15,-1.9431489146154446e-05,-1.943244178440051e-05,-1.4902896993934656e-05,1.5642663472077655e-10,-9.091976518876719e-16,1.3017869537286173e-15
2.5600,-1.5956762281385417e-06,-4.980655723466842e-12,0.30653910874962403,-1.0791601613923104e-12,5.1529682863654715e-08,9.316384360700024e-12,0.0,0.0,0.0,5.073831805046622e-06,5.073831718805286e-06,3.935103393030425e-06,-2.9745594890753424e-13,-2.345430875715512e-15,3.362849503208372e-15,-1.809652955989116e-05,-1.809630283894359e-05,-1.3888901748693172e-05,-3.533736974264227e-11,-9.127011675139244e-16,1.3018260438028247e-15
2.5800,-1.5956762281385417e-06,-4.980655723466842e-12,0.30653910874962403,-1.0791601613923104e-12,5.1529682863654715e-08,9.316384360700024e-12,0.0,0.0,0.0,4.725110667297202e-06,4.7251109171251216e-06,3.6673602950094862e-06,-3.3219587905499585e-13,-2.3636350733088897e-15,3.3889158018990933e-15,-1.6852659438348905e-05,-1.6852511522447156e-05,-1.2943685770372415e-05,-2.3891088648311712e-11,-9.097487477358955e-16,1.3024255636312878e-15
2.6000,-1.5956762281385417e-06,-4.980655723466842e-12,0.30653910874962403,-1.0791601613923104e-12,5.1529682863654715e-08,9.316384360700024e-12,0.0,0.0,0.0,4.400356960002357e-06,4.400357341813785e-06,3.4178341728530905e-06,-3.3582295291428913e-13,-2.381834927254861e-15,3.4149825738843626e-15,-1.569439646909032e-05,-1.5694286612188968e-05,-1.2063184944621774e-05,-1.7901448101971795e-11,-9.101910333512118e-16,1.3045712618684443e-15
2.6200,-1.5956762281385417e-06,-4.980655723466842e-12,0.30653910874962403,-1.0791601613923104e-12,5.1529682863654715e-08,9.316384360700024e-12,0.0,0.0,0.0,4.097923710042396e-06,4.0979233909273974e-06,3.1852857080037105e-06,-2.0014696570540767e-13,-2.400036972171492e-15,3.4410490824349418e-15,-1.4615878463491994e-05,-1.4615600307910093e-05,-1.1242450186882413e-05,-4.277300454974439e-11,-9.116309893615441e-16,1.304074156098802e-15
2.6400,-1.5956762281385417e-06,-4.980655723466842e-12,0.30653910874962403,-1.0791601613923104e-12,5.1529682863654715e-08,9.316384360700024e-12,0.0,0.0,0.0,3.8162760205982865e-06,3.816276122698491e-06,2.9685599652534875e-06,-2.5187761617200486e-13,-2.418233056035439e-15,3.467124189255018e-15,-1.3611224233961439e-05,-1.3611040205224745e-05,-1.0477297394895224e-05,-2.946549164813532e-11,-9.094221267856325e-16,1.3043189188420564e-15
2.6600,-1.5956762281385417e-06,-4.980655723466842e-12,0.30653910874962403,-1.0791601613923104e-12,5.1529682863654715e-08,9.316384360700024e-12,0.0,0.0,0.0,3.553985767460473e-06,3.5539861422993704e-06,2.766579953392539e-06,-2.824979971969442e-13,-2.4364243565666082e-15,3.4931986978134076e-15,-1.2675784777427257e-05,-1.2675666729189405e-05,-9.76465099264412e-06,-1.959092808064582e-11,-9.10344345073894e-16,1.30161585059173e-15
2.6800,-1.5956762281385417e-06,-4.980655723466842e-12,0.30653910874962403,-1.0791601613923104e-12,5.1529682863654715e-08,9.316384360700024e-12,0.0,0.0,0.0,3.309723016607792e-06,3.309722720533087e-06,2.578342624606699e-06,-1.5661738961771512e-13,-2.4546156498508473e-15,3.5192795670416382e-15,-1.1804666992604185e-05,-1.180438920880822e-05,-9.100260411093464e-06,-4.2868683846309396e-11,-9.08673146173829e-16,1.3031004801454045e-15
2.7000,-1.5956762281385417e-06,-4.980655723466842e-12,0.30653910874962403,-1.0791601613923104e-12,5.1529682863654715e-08,9.316384360700024e-12,0.0,0.0,0.0,3.082247827372799e-06,3.0822479444446383e-06,2.4029131031584202e-06,-2.0982551343856453e-13,-2.4728055636980924e-15,3.5453537706218453e-15,-1.099322617598153e-05,-1.0993042480367254e-05,-8.480861997256506e-06,-2.954890172247813e-11,-9.100424299405763e-16,1.3031743043607137e-15
2.7200,-1.5956762281385417e-06,-4.980655723466842e-12,0.30653910874962403,-1.0791601613923104e-12,5.1529682863654715e-08,9.316384360700024e-12,0.0,0.0,0.0,2.8704069569826034e-06,2.870407204704184e-06,2.2394195714508948e-06,-2.183973265586965e-13,-2.49100524095084e-15,3.571418580492516e-15,-1.0237679704733216e-05,-1.0237532329815391e-05,-7.904010009746054e-06,-2.4146136029128087e-11,-9.08431249611397e-16,1.3041766363320717e-15
2.7400,-1.5956762281385417e-06,-4.980655723466842e-12,0.30653910874962403,-1.0791601613923104e-12,5.1529682863654715e-08,9.316384360700024e-12,0.0,0.0,0.0,2.673126188786186e-06,2.6731256097752794e-06,2.087050069249517e-06,-7.285746610255797e-14,-2.509210137780668e-15,3.5974818195596104e-15,-9.533565170749547e-06,-9.534517704468115e-06,-7.366264159758273e-06,1.5580419810887106e-10,-9.129056680680434e-16,1.3028397511619666e-15
2.7600,-1.5956762281385417e-06,-4.980655723466842e-12,0.30653910874962403,-1.0791601613923104e-12,5.1529682863654715e-08,9.316384360700024e-12,0.0,0.0,0.0,2.4805565088680332e-06,2.4805566260854788e-06,1.9382070037556195e-06,-1.7296697861930803e-13,-2.5283346134857777e-15,3.62484403255341e-15,-8.847313190479822e-06,-8.847129321143399e-06,-6.8409356394905085e-06,-2.97160070131149e-11,-9.101233683227437e-16,1.3043957870820197e-15
2.7800,-1.5956762281385417e-06,-4.980655723466842e-12,0.30653910874962403,-1.0791601613923104e-12,5.1529682863654715e-08,9.316384360700024e-12,0.0,0.0,0.0,2.318308563093154e-06,2.3183088325694714e-06,1.812707369123549e-06,-1.887242126939011e-13,-2.5456213304661974e-15,3.649610592186111e-15,-8.268620476398203e-06,-8.268472578454311e-06,-6.397989602363596e-06,-2.440437563063194e-11,-9.106464525267039e-16,1.3014659505754844e-15
2.8000,-1.5956762281385417e-06,-4.980655723466842e-12,0.30653910874962403,-1.0791601613923104e-12,5.1529682863654715e-08,9.316384360700024e-12,0.0,0.0,0.0,2.1589731471471988e-06,2.1589725843416894e-06,1.6893712353668475e-06,-4.4416616583511985e-14,-2.5638171276276906e-15,3.675684628255626e-15,-7.6997743679863e-06,-7.700727312265343e-06,-5.962665286463054e-06,1.557859952612472e-10,-9.110830157065425e-16,1.3014751910101073e-15
2.8200,-1.5956762281385417e-06,-4.980655723466842e-12,0.30653910874962403,-1.0791601613923104e-12,5.1529682863654715e-08,9.316384360700024e-12,0.0,0.0,0.0,2.010588290839423e-06,2.0105880062447842e-06,1.5744270543014292e-06,-7.931346787651209e-14,-2.5820146776750647e-15,3.7017529612895305e-15,-7.171077352929878e-06,-7.170805061018637e-06,-5.556747850354871e-06,-4.208560647777261e-11,-9.062364420748637e-16,1.304763721981567e-15
2.8400,-1.5956762281385417e-06,-4.980655723466842e-12,0.30653910874962403,-1.0791601613923104e-12,5.1529682863654715e-08,9.316384360700024e-12,0.0,0.0,0.0,1.8724017354342997e-06,1.8724018468291796e-06,1.4673034607504009e-06,-1.3409492185535683e-13,-2.6002144726583608e-15,3.7278147102858785e-15,-6.67820190650148e-06,-6.678017818284587e-06,-5.178851893911096e-06,-2.989152725667595e-11,-9.070965432350254e-16,1.3052978349846343e-15
2.8600,-1.5956762281385417e-06,-4.980655723466842e-12,0.30653910874962403,-1.0791601613923104e-12,5.1529682863654715e-08,9.316384360700024e-12,0.0,0.0,0.0,1.743712643534103e-06,1.743713030022375e-06,1.3674685026892774e-06,-1.7337015324914036e-13,-2.618414567062014e-15,3.753880035378401e-15,-6.219246063060568e-06,-6.219127916429201e-06,-4.826524944046007e-06,-2.0007561109764642e-11,-9.103674445060898e-16,1.302259912441818e-15
2.8800,-1.5956762281385417e-06,-4.980655723466842e-12,0.30653910874962403,-1.0791601613923104e-12,5.1529682863654715e-08,9.316384360700024e-12,0.0,0.0,0.0,1.623868796378776e-06,1.62386851308221e-06,1.2744264811395557e-06,-5.531591528324874e-14,-2.6366175000815224e-15,3.7799433099985436e-15,-5.791807563410023e-06,-5.791529754217706e-06,-4.497909426165458e-06,-4.3239175303886815e-11,-9.099712919943065e-16,1.3041624543204695e-15
2.9000,-1.5956762281385417e-06,-4.980655723466842e-12,0.30653910874962403,-1.0791601613923104e-12,5.1529682863654715e-08,9.316384360700024e-12,0.0,0.0,0.0,1.5122611442866046e-06,1.5122612742227642e-06,1.1877147912913876e-06,-1.1556245714722454e-13,-2.6548033673951255e-15,3.806015650182367e-15,-5.393780347612287e-06,-5.393596662073286e-06,-4.192098682104239e-06,-2.988564702973757e-11,-9.081478629102104e-16,1.3035145717231323e-15
2.9200,-1.5956762281385417e-06,-4.980655723466842e-12,0.30653910874962403,-1.0791601613923104e-12,5.1529682863654715e-08,9.316384360700024e-12,0.0,0.0,0.0,1.4083242805374779e-06,1.4083246779380212e-06,1.106902964742156e-06,-1.5464109447949748e-13,-2.6730147677220028e-15,3.832077184847946e-15,-5.0230391736016955e-06,-5.0229213276187235e-06,-3.906862809682776e-06,-2.00137039299489e-11,-9.090090642205868e-16,1.303651089611428e-15
2.9400,-1.5956762281385417e-06,-4.980655723466842e-12,0.30653910874962403,-1.0791601613923104e-12,5.1529682863654715e-08,9.316384360700024e-12,0.0,0.0,0.0,1.3115316068413112e-06,1.3115310327432513e-06,1.0315897484766844e-06,1.0347022490230725e-14,-2.6912264966137045e-15,3.8581420548331406e-15,-4.67720104840863e-06,-4.6781541479523625e-06,-3.6408215437488956e-06,1.5565950803307901e-10,-9.09557057727923e-16,1.3043641068917395e-15
2.9600,-1.5956762281385417e-06,-4.980655723466842e-12,0.30653910874962403,-1.0791601613923104e-12,5.1529682863654715e-08,9.316384360700024e-12,0.0,0.0,0.0,1.2213906947153367e-06,1.221390633466263e-06,9.61400638286162e-07,-6.571768485929807e-14,-2.709430562895055e-15,3.884200523862316e-15,-4.356319257853292e-06,-4.356092352358898e-06,-3.393284098346383e-06,-3.621494722703183e-11,-9.105185679224614e-16,1.3037807336288335e-15
2.9800,-1.5956762281385417e-06,-4.980655723466842e-12,0.30653910874962403,-1.0791601613923104e-12,5.1529682863654715e-08,9.316384360700024e-12,0.0,0.0,0.0,1.1374451287693498e-06,1.1374454058250494e-06,8.959871561276402e-07,-1.170470662919478e-13,-2.727627675033013e-15,3.910272880478907e-15,-4.056939850505259e-06,-4.056791883116917e-06,-3.1624466409752028e-06,-2.4678087889712882e-11,-9.067789960424918e-16,1.3063712002639147e-15
3.0000,-1.5956762281385417e-06,-4.980655723466842e-12,0.30653910874962403,-1.0791601613923104e-12,5.1529682863654715e-08,9.316384360700024e-12,0.0,0.0,0.0,1.063047214741853e-06,1.0630476132305004e-06,8.379716409695628e-07,-1.334121429643334e-13,-2.7449296400308893e-15,3.935028678883923e-15,-3.791576661388296e-06,-3.791458751262189e-06,-2.9576829467248267e-06,-2.0101134262687342e-11,-9.119612370852028e-16,1.3020750475010797e-15
3.0200,-1.5956762281385417e-06,-4.980655723466842e-12,0.30653910874962403,-1.0791601613923104e-12,5.1529682863654715e-08,9.316384360700024e-12,0.0,0.0,0.0,9.86466554021382e-07,9.864665057624727e-07,7.782096691908304e-07,-5.3631466278877914e-14,-2.7640460969143788e-15,3.962397326620761e-15,-3.5184967287216207e-06,-3.51827020864115e-06,-2.7467638556433194e-06,-3.617880371698675e-11,-9.109097424613183e-16,1.304436412403444e-15
3.0400,-1.5956762281385417e-06,-4.980655723466842e-12,0.30653910874962403,-1.0791601613923104e-12,5.1529682863654715e-08,9.316384360700024e-12,0.0,0.0,0.0,9.186672519792056e-07,9.186673792357876e-07,7.252604483478509e-07,-7.835192732132179e-14,-2.782247120861418e-15,3.988458974646478e-15,-3.276653703115917e-06,-3.2764736078993995e-06,-2.5598681182292804e-06,-2.9282864435916144e-11,-9.113271489653508e-16,1.3015837783178396e-15
3.0600,-1.5956762281385417e-06,-4.980655723466842e-12,0.30653910874962403,-1.0791601613923104e-12,5.1529682863654715e-08,9.316384360700024e-12,0.0,0.0,0.0,8.555277671812639e-07,8.555281540431829e-07,6.759140712324783e-07,-1.1798222463106277e-13,-2.8004438656282e-15,4.014516094778166e-15,-3.051349276084192e-06,-3.051230999556731e-06,-2.3854753609386936e-06,-2.0226889615404073e-11,-9.124228994063682e-16,1.3012157507740637e-15
3.0800,-1.5956762281385417e-06,-4.980655723466842e-12,0.30653910874962403,-1.0791601613923104e-12,5.1529682863654715e-08,9.316384360700024e-12,0.0,0.0,0.0,7.967282537662052e-07,7.967279738241232e-07,6.29925027806275e-07,-4.382779491217123e-15,-2.8186533772155335e-15,4.040570575946449e-15,-2.841738395348292e-06,-2.8414604676951782e-06,-2.2233510338642848e-06,-4.3449359500472176e-11,-9.09785196622407e-16,1.3031453439402876e-15
3.1000,-1.5956762281385417e-06,-4.980655723466842e-12,0.30653910874962403,-1.0791601613923104e-12,5.1529682863654715e-08,9.316384360700024e-12,0.0,0.0,0.0,7.419694167439878e-07,7.419695516056804e-07,5.870650311883972e-07,-6.848725531433833e-14,-2.8368655697758825e-15,4.066627851079379e-15,-2.646448086146558e-06,-2.6462643527291885e-06,-2.0721128075329442e-06,-3.006463046419261e-11,-9.100720264628935e-16,1.3017496470558105e-15
3.1200,-1.5956762281385417e-06,-4.980655723466842e-12,0.30653910874962403,-1.0791601613923104e-12,5.1529682863654715e-08,9.316384360700024e-12,0.0,0.0,0.0,6.909742589556518e-07,6.909746618339532e-07,5.471214491087482e-07,-1.1092269947309773e-13,-2.8550709012564494e-15,4.092685896755864e-15,-2.4644569088239088e-06,-2.4643390507672613e-06,-1.9309101195463807e-06,-2.0172628727157918e-11,-9.080254443154556e-16,1.3052070535667678e-15
3.1400,-1.5956762281385417e-06,-4.980655723466842e-12,0.30653910874962403,-1.0791601613923104e-12,5.1529682863654715e-08,9.316384360700024e-12,0.0,0.0,0.0,6.434844391121973e-07,6.43483962314e-07,5.098953681287465e-07,3.4121272586125655e-14,-2.8732741536781025e-15,4.118751957096974e-15,-2.294610520564566e-06,-2.2955843395899844e-06,-1.7997558106330747e-06,1.5881948233537058e-10,-9.106868065328873e-16,1.3031842983568745e-15
3.1600,-1.5956762281385417e-06,-4.980655723466842e-12,0.30653910874962403,-1.0791601613923104e-12,5.1529682863654715e-08,9.316384360700024e-12,0.0,0.0,0.0,5.992579593184286e-07,5.99257895830423e-07,4.7520215644354696e-07,-2.625054165097746e-14,-2.8914735171915836e-15,4.144820056418438e-15,-2.1374654636252544e-06,-2.1372388487872485e-06,-1.677291534774028e-06,-3.626467001163177e-11,-9.104303511780841e-16,1.3043249216917617e-15
3.1800,-1.5956762281385417e-06,-4.980655723466842e-12,0.30653910874962403,-1.0791601613923104e-12,5.1529682863654715e-08,9.316384360700024e-12,0.0,0.0,0.0,5.580712395799666e-07,5.580715163522535e-07,4.428696937657104e-07,-8.056308394884026e-14,-2.9096682194633187e-15,4.1708806878987415e-15,-1.990452207806248e-06,-1.990304075355498e-06,-1.5629527150284872e-06,-2.4845932826555808e-11,-9.095037103686777e-16,1.3054541166993058e-15
3.2000,-1.5956762281385417e-06,-4.980655723466842e-12,0.30653910874962403,-1.0791601613923104e-12,5.1529682863654715e-08,9.316384360700024e-12,0.0,0.0,0.0,5.197157997135555e-07,5.197152474155854e-07,4.1273692087238954e-07,5.5570043683414924e-14,-2.9278619634016458e-15,4.196956089016445e-15,-1.8531268417276703e-06,-1.8540796850319285e-06,-1.4567927557607163e-06,1.5540525753473662e-10,-9.07145404793809e-16,1.304034900588472e-15
3.2200,-1.5956762281385417e-06,-4.980655723466842e-12,0.30653910874962403,-1.0791601613923104e-12,5.1529682863654715e-08,9.316384360700024e-12,0.0,0.0,0.0,4.839957977445859e-07,4.8399575269522e-07,3.8465433183386453e-07,-2.2713414514977388e-14,-2.946064615925864e-15,4.223013557683995e-15,-1.7263758422814135e-06,-1.7261492891162966e-06,-1.357709857152667e-06,-3.629585398793316e-11,-9.1056056305498e-16,1.302763568654731e-15
3.2400,-1.5956762281385417e-06,-4.980655723466842e-12,0.30653910874962403,-1.0791601613923104e-12,5.1529682863654715e-08,9.316384360700024e-12,0.0,0.0,0.0,4.507309692547486e-07,4.507312571530798e-07,3.584827140991209e-07,-7.596530759734595e-14,-2.9642642920383426e-15,4.249075739557191e-15,-1.6076157430822136e-06,-1.6074679730082586e-06,-1.2651149368381187e-06,-2.478739708631944e-11,-9.120846396112963e-16,1.3017520376077808e-15
3.2600,-1.5956762281385417e-06,-4.980655723466842e-12,0.30653910874962403,-1.0791601613923104e-12,5.1529682863654715e-08,9.316384360700024e-12,0.0,0.0,0.0,4.212496213517387e-07,4.2124989798838394e-07,3.352708241828461e-07,-7.219269349365112e-14,-2.98156469880951e-15,4.273829543377462e-15,-1.5024658343021358e-06,-1.502320893576048e-06,-1.1831894566882717e-06,-2.4199618998878548e-11,-9.11150480143712e-16,1.3021277637215177e-15
3.2800,-1.5956762281385417e-06,-4.980655723466842e-12,0.30653910874962403,-1.0791601613923104e-12,5.1529682863654715e-08,9.316384360700024e-12,0.0,0.0,0.0,3.90903416478134e-07,3.909031330025449e-07,3.1135998966945526e-07,2.2066045728876666e-14,-3.0006706319947758e-15,4.30120370309435e-15,-1.3943711812125503e-06,-1.3940930873868052e-06,-1.0990159678703204e-06,-4.3574880786603175e-11,-9.10592711429487e-16,1.3018447637272674e-15
3.3000,-1.5956762281385417e-06,-4.980655723466842e-12,0.30653910874962403,-1.0791601613923104e-12,5.1529682863654715e-08,9.316384360700024e-12,0.0,0.0,0.0,3.6403673425892186e-07,3.6403686876728584e-07,2.901752996478524e-07,-4.4534618805288854e-14,-3.0188739523225814e-15,4.327268092763888e-15,-1.2984241880009684e-06,-1.298240331237821e-06,-1.0240228417446318e-06,-3.0178332973973415e-11,-9.084428107012284e-16,1.3040900520286334e-15
3.3200,-1.5956762281385417e-06,-4.980655723466842e-12,0.30653910874962403,-1.0791601613923104e-12,5.1529682863654715e-08,9.316384360700024e-12,0.0,0.0,0.0,3.3901660126734523e-07,3.390170054884336e-07,2.70431800849278e-07,-8.897158616579962e-14,-3.037074931434777e-15,4.3533346508890565e-15,-1.209246332817271e-06,-1.2091284175563821e-06,-9.545814689537746e-07,-2.0262551136420096e-11,-9.099124380937233e-16,1.3023451294157038e-15
3.3400,-1.5956762281385417e-06,-4.980655723466842e-12,0.30653910874962403,-1.0791601613923104e-12,5.1529682863654715e-08,9.316384360700024e-12,0.0,0.0,0.0,3.1571650165599434e-07,3.157162325449428e-07,2.5203161451749287e-07,2.3915857789416366e-14,-3.055271886514711e-15,4.379403162446735e-15,-1.1262139342771427e-06,-1.1259362616145019e-06,-8.89621582483846e-07,-4.3498527122631117e-11,-9.09207932501915e-16,1.3021914127881118e-15
3.3600,-1.5956762281385417e-06,-4.980655723466842e-12,0.30653910874962403,-1.0791601613923104e-12,5.1529682863654715e-08,9.316384360700024e-12,0.0,0.0,0.0,2.929724083557744e-07,2.929725410364617e-07,2.3405740182068436e-07,-3.9942800548278214e-14,-3.07438233788456e-15,4.406757090289504e-15,-1.0450474222656325e-06,-1.0448673415930365e-06,-8.261920758645402e-07,-2.9418254420927114e-11,-9.110174885263676e-16,1.3037394283649456e-15
3.3800,-1.5956762281385417e-06,-4.980655723466842e-12,0.30653910874962403,-1.0791601613923104e-12,5.1529682863654715e-08,9.316384360700024e-12,0.0,0.0,0.0,2.728364467700144e-07,2.728368387583883e-07,2.1813213525066836e-07,-8.218001274908716e-14,-3.0925864040972547e-15,4.432818362580838e-15,-9.731932896217543e-07,-9.73075029331305e-07,-7.699705751595953e-07,-2.035258707377951e-11,-9.091757837138178e-16,1.3025734221657817e-15
3.4000,-1.5956762281385417e-06,-4.980655723466842e-12,0.30653910874962403,-1.0791601613923104e-12,5.1529682863654715e-08,9.316384360700024e-12,0.0,0.0,0.0,2.5408499789290087e-07,2.5408472276333067e-07,2.0329066715348083e-07,2.899481640805048e-14,-3.1107906544875024e-15,4.458875836028665e-15,-9.062586293351327e-07,-9.059807178080082e-07,-7.173203254995375e-07,-4.356650410350923e-11,-9.088373059566545e-16,1.302640875436013e-15
3.4200,-1.5956762281385417e-06,-4.980655723466842e-12,0.30653910874962403,-1.0791601613923104e-12,5.1529682863654715e-08,9.316384360700024e-12,0.0,0.0,0.0,2.3746574061001595e-07,2.3746569625054324e-07,1.9012752420270805e-07,-7.193866560977408e-15,-3.1280730423226477e-15,4.4836335622368285e-15,-8.469590275228533e-07,-8.467324258409903e-07,-6.708618988104931e-07,-3.636141086936304e-11,-9.097258038136548e-16,1.3028918693308217e-15
3.4400,-1.5956762281385417e-06,-4.980655723466842e-12,0.30653910874962403,-1.0791601613923104e-12,5.1529682863654715e-08,9.316384360700024e-12,0.0,0.0,0.0,2.2114467599327377e-07,2.2114496522506678e-07,1.7719122322908197e-07,-6.16327725172487e-14,-3.146263208453363e-15,4.509700318635535e-15,-7.888576480929999e-07,-7.887098580072749e-07,-6.254917166992335e-07,-2.484200532166017e-11,-9.081432431064893e-16,1.304131550025604e-15
3.4600,-1.5956762281385417e-06,-4.980655723466842e-12,0.30653910874962403,-1.0791601613923104e-12,5.1529682863654715e-08,9.316384360700024e-12,0.0,0.0,0.0,2.059453969456619e-07,2.0594589789634734e-07,1.6513509874636974e-07,-9.754952234603993e-14,-3.1644674028149456e-15,4.535761905815504e-15,-7.346120455553606e-07,-7.345192181706928e-07,-5.829231905507548e-07,-1.635523933586912e-11,-9.091232680846783e-16,1.3038206459205697e-15
3.4800,-1.5956762281385417e-06,-4.980655723466842e-12,0.30653910874962403,-1.0791601613923104e-12,5.1529682863654715e-08,9.316384360700024e-12,0.0,0.0,0.0,1.9110955878729503e-07,1.9110949892930322e-07,1.5335812453083705e-07,-1.0251286017929195e-15,-3.1835855393122432e-15,4.563131072407171e-15,-6.817651660440127e-07,-6.815385659164619e-07,-5.413666207265688e-07,-3.635289563232039e-11,-9.127179539036852e-16,1.3015588297233844e-15
3.5000,-1.5956762281385417e-06,-4.980655723466842e-12,0.30653910874962403,-1.0791601613923104e-12,5.1529682863654715e-08,9.316384360700024e-12,0.0,0.0,0.0,1.7860940129971785e-07,1.7860953332920423e-07,1.4342813711691678e-07,-3.211518931330224e-14,-3.2008777321456e-15,4.58788472867579e-15,-6.371618328504525e-07,-6.369778489945244e-07,-5.063214292555518e-07,-3.025013678083782e-11,-9.105422716100947e-16,1.3020423101739767e-15
3.5200,-1.5956762281385417e-06,-4.980655723466842e-12,0.30653910874962403,-1.0791601613923104e-12,5.1529682863654715e-08,9.316384360700024e-12,0.0,0.0,0.0,1.6574296166769238e-07,1.6574241251509584e-07,1.3319931062395834e-07,7.749984334904877e-14,-3.219992466898197e-15,4.615248605255534e-15,-5.905609805345602e-07,-5.915138348855375e-07,-4.6993508176496057e-07,1.5532832090877752e-10,-9.051362058333845e-16,1.3054194851286e-15
3.5400,-1.5956762281385417e-06,-4.980655723466842e-12,0.30653910874962403,-1.0791601613923104e-12,5.1529682863654715e-08,9.316384360700024e-12,0.0,0.0,0.0,1.5545446301132906e-07,1.5545391665086006e-07,1.2501410530189953e-07,7.764256872063025e-14,-3.2363801772606213e-15,4.638699971208689e-15,-5.540002194215354e-07,-5.549531736370739e-07,-4.413141418968536e-07,1.553485759943218e-10,-9.093624436364853e-16,1.301830727299453e-15
3.5600,-1.5956762281385417e-06,-4.980655723466842e-12,0.30653910874962403,-1.0791601613923104e-12,5.1529682863654715e-08,9.316384360700024e-12,0.0,0.0,0.0,1.4425541005028736e-07,1.4425555293089917e-07,1.1609851036544009e-07,-3.204607085517913e-14,-3.2554860898515714e-15,4.666072055685755e-15,-5.146411860557087e-07,-5.144575722648703e-07,-4.0986697569245223e-07,-3.0173617624472635e-11,-9.099946995512805e-16,1.3023175313617466e-15
3.5800,-1.5956762281385417e-06,-4.980655723466842e-12,0.30653910874962403,-1.0791601613923104e-12,5.1529682863654715e-08,9.316384360700024e-12,0.0,0.0,0.0,1.34340721766552e-07,1.3434100096495425e-07,1.0819911623628844e-07,-5.4353871899008083e-14,-3.2736852216262677e-15,4.6921412576637935e-15,-4.792516677676328e-07,-4.791067364784407e-07,-3.8196949075919306e-07,-2.426208503388562e-11,-9.070478620016154e-16,1.3043842272329593e-15
3.6000,-1.5956762281385417e-06,-4.980655723466842e-12,0.30653910874962403,-1.0791601613923104e-12,5.1529682863654715e-08,9.316384360700024e-12,0.0,0.0,0.0,1.2510802252264128e-07,1.2510746333829143e-07,1.0083741366599745e-07,8.227382809197837e-14,-3.2918890360224352e-15,4.718204569282074e-15,-4.456921700313199e-07,-4.4664474724287473e-07,-3.5576066267917206e-07,1.5525808170198808e-10,-9.086622493100296e-16,1.3042085828745092e-15
3.6200,-1.5956762281385417e-06,-4.980655723466842e-12,0.30653910874962403,-1.0791601613923104e-12,5.1529682863654715e-08,9.316384360700024e-12,0.0,0.0,0.0,1.165091579661886e-07,1.1650911084320426e-07,9.397637677900708e-08,1.15218007797623e-15,-3.310093362309813e-15,4.744271817131941e-15,-4.1569450631717686e-07,-4.154677700762832e-07,-3.3178054018034864e-07,-3.64211295970026e-11,-9.10251002704851e-16,1.3059700854956368e-15
3.6400,-1.5956762281385417e-06,-4.980655723466842e-12,0.30653910874962403,-1.0791601613923104e-12,5.1529682863654715e-08,9.316384360700024e-12,0.0,0.0,0.0,1.0850136635024482e-07,1.0850165472144846e-07,8.758218245118255e-08,-5.424859607585581e-14,-3.3282980695998894e-15,4.77033412168843e-15,-3.8708846850088463e-07,-3.86940612273623e-07,-3.09198665726651e-07,-2.4881400537088012e-11,-9.096313302751242e-16,1.303533050110836e-15
3.6600,-1.5956762281385417e-06,-4.980655723466842e-12,0.30653910874962403,-1.0791601613923104e-12,5.1529682863654715e-08,9.316384360700024e-12,0.0,0.0,0.0,1.02129288107689e-07,1.0212943062423096e-07,8.249059775732106e-08,-2.9278181054350284e-14,-3.3437820928429096e-15,4.792484653216937e-15,-3.6430665298348153e-07,-3.6412301307464645e-07,-2.9100974432982873e-07,-3.0188014510122366e-11,-9.130694622370381e-16,1.3036566242769066e-15
3.6800,-1.5956762281385417e-06,-4.980655723466842e-12,0.30653910874962403,-1.0791601613923104e-12,5.1529682863654715e-08,9.316384360700024e-12,0.0,0.0,0.0,9.409972367747151e-08,9.409951211491408e-08,7.606957726442943e-08,2.7452225123302767e-14,-3.3647174986220407e-15,4.822464843460995e-15,-3.357919102220386e-07,-3.3553157921528687e-07,-2.6858348217695394e-07,-4.0678737057816664e-11,-9.119059946551741e-16,1.3017761085636061e-15
3.7000,-1.5956762281385417e-06,-4.980655723466842e-12,0.30653910874962403,-1.0791601613923104e-12,5.1529682863654715e-08,9.316384360700024e-12,0.0,0.0,0.0,8.76321191200296e-08,8.763224399129745e-08,7.089375393713805e-08,-2.4749435402946076e-14,-3.3829215791366882e-15,4.848529542521723e-15,-3.1267920944100247e-07,-3.1249540566324896e-07,-2.503011864440907e-07,-3.0210183309824687e-11,-9.107945434989499e-16,1.3030492727024038e-15
3.7200,-1.5956762281385417e-06,-4.980655723466842e-12,0.30653910874962403,-1.0791601613923104e-12,5.1529682863654715e-08,9.316384360700024e-12,0.0,0.0,0.0,8.160912065231004e-08,8.160951982302212e-08,6.607029802115152e-08,-7.137548620937382e-14,-3.401119999016175e-15,4.874591322923637e-15,-2.910855889937114e-07,-2.909674266249329e-07,-2.3305128363237948e-07,-2.037972162887029e-11,-9.087265398551887e-16,1.3036798779782867e-15
3.7400,-1.5956762281385417e-06,-4.980655723466842e-12,0.30653910874962403,-1.0791601613923104e-12,5.1529682863654715e-08,9.316384360700024e-12,0.0,0.0,0.0,7.600046442413684e-08,7.600019386654833e-08,6.157480511510895e-08,3.9558455096984186e-14,-3.4193147863142177e-15,4.900655119187864e-15,-2.7124088816665726e-07,-2.7096308893859167e-07,-2.1742026193316555e-07,-4.358009999286019e-11,-9.10650048694417e-16,1.3022748984729756e-15
3.7600,-1.5956762281385417e-06,-4.980655723466842e-12,0.30653910874962403,-1.0791601613923104e-12,5.1529682863654715e-08,9.316384360700024e-12,0.0,0.0,0.0,7.077677723860748e-08,7.077691951892177e-08,5.738520410546245e-08,-2.7207036826910262e-14,-3.4375178743585404e-15,4.926724722559432e-15,-2.525571720923825e-07,-2.5237351355955617e-07,-2.0261941605093092e-07,-3.0198805616159095e-11,-9.10280081825695e-16,1.303173046219002e-15
3.7800,-1.5956762281385417e-06,-4.980655723466842e-12,0.30653910874962403,-1.0791601613923104e-12,5.1529682863654715e-08,9.316384360700024e-12,0.0,0.0,0.0,6.591229555272856e-08,6.591270468791437e-08,5.348090944314111e-08,-7.230188575850988e-14,-3.4557180410461984e-15,4.9527938595483715e-15,-2.350406021200957e-07,-2.3492278972137015e-07,-1.8857136349637038e-07,-2.030380476748151e-11,-9.108170428116113e-16,1.30276605185093e-15
3.8000,-1.5956762281385417e-06,-4.980655723466842e-12,0.30653910874962403,-1.0791601613923104e-12,5.1529682863654715e-08,9.316384360700024e-12,0.0,0.0,0.0,6.138261651709213e-08,6.13820571751739e-08,4.984199234388321e-08,8.613901678946243e-14,-3.473922467109342e-15,4.978862175778929e-15,-2.1849454479028196e-07,-2.1944930136963414e-07,-1.7601406654410567e-07,1.557275837061722e-10,-9.107472539969205e-16,1.300028488514699e-15
3.8200,-1.5956762281385417e-06,-4.980655723466842e-12,0.30653910874962403,-1.0791601613923104e-12,5.1529682863654715e-08,9.316384360700024e-12,0.0,0.0,0.0,5.7163560311801973e-08,5.7163506727763756e-08,4.645067392629388e-08,6.427891388734112e-15,-3.4921288571751254e-15,5.0049321267301355e-15,-2.0403014291958677e-07,-2.0380322168778164e-07,-1.6402795974257423e-07,-3.6475102991453554e-11,-9.121823284008679e-16,1.3032452549505748e-15
3.8400,-1.5956762281385417e-06,-4.980655723466842e-12,0.30653910874962403,-1.0791601613923104e-12,5.1529682863654715e-08,9.316384360700024e-12,0.0,0.0,0.0,5.304533314585187e-08,5.304573645475379e-08,4.313798253906333e-08,-7.038618116878552e-14,-3.5112397130875786e-15,5.032304652214411e-15,-1.8929003900436392e-07,-1.8917200605983453e-07,-1.5234756975401886e-07,-2.035503251390084e-11,-9.108189081038926e-16,1.3050784956375067e-15
3.8600,-1.5956762281385417e-06,-4.980655723466842e-12,0.30653910874962403,-1.0791601613923104e-12,5.1529682863654715e-08,9.316384360700024e-12,0.0,0.0,0.0,4.95762100024893e-08,4.9575663894124196e-08,4.034477659771508e-08,8.446296974274878e-14,-3.5285340822227878e-15,5.0570642497814e-15,-1.7637949664695007e-07,-1.7733242824169437e-07,-1.4248881369249844e-07,1.5531956998758586e-10,-9.079301320157839e-16,1.3051487116909838e-15
3.8800,-1.5956762281385417e-06,-4.980655723466842e-12,0.30653910874962403,-1.0791601613923104e-12,5.1529682863654715e-08,9.316384360700024e-12,0.0,0.0,0.0,4.6168604075475474e-08,4.6168563909564954e-08,3.759965051776461e-08,4.42176529216674e-15,-3.546732294207385e-15,5.083131028920954e-15,-1.6480937073404256e-07,-1.6458286689058355e-07,-1.3278453803167167e-07,-3.638446960168037e-11,-9.087573982415303e-16,1.3048848510017468e-15
3.9000,-1.5956762281385417e-06,-4.980655723466842e-12,0.30653910874962403,-1.0791601613923104e-12,5.1529682863654715e-08,9.316384360700024e-12,0.0,0.0,0.0,4.299546398143279e-08,4.29956367289869e-08,3.5041572088709985e-08,-3.1374420690406453e-14,-3.564946711912534e-15,5.109196699409359e-15,-1.5333168712494682e-07,-1.5315998203035974e-07,-1.2349025368951771e-07,-2.8119327913669152e-11,-9.137803900591223e-16,1.3008295318742566e-15
3.9200,-1.5956762281385417e-06,-4.980655723466842e-12,0.30653910874962403,-1.0791601613923104e-12,5.1529682863654715e-08,9.316384360700024e-12,0.0,0.0,0.0,4.00402575129249e-08,4.004064899117923e-08,3.2657260299371476e-08,-6.701921839134766e-14,-3.583153453407655e-15,5.1352706593807404e-15,-1.4291266242638656e-07,-1.4279453716681267e-07,-1.1536065699924158e-07,-2.0364965545532863e-11,-9.099587577264845e-16,1.3044799237580255e-15
3.9400,-1.5956762281385417e-06,-4.980655723466842e-12,0.30653910874962403,-1.0791601613923104e-12,5.1529682863654715e-08,9.316384360700024e-12,0.0,0.0,0.0,3.7288598854385234e-08,3.728832374874039e-08,3.0435185797109835e-08,4.306221130627529e-14,-3.601352441430356e-15,5.16134166416253e-15,-1.331685020311557e-07,-1.328905321895668e-07,-1.0750145443272352e-07,-4.363017907103084e-11,-9.114502983741768e-16,1.3021736747270562e-15
3.9600,-1.5956762281385417e-06,-4.980655723466842e-12,0.30653910874962403,-1.0791601613923104e-12,5.1529682863654715e-08,9.316384360700024e-12,0.0,0.0,0.0,3.4725624217696826e-08,3.4725764448150806e-08,2.8364530988298636e-08,-2.446268110099511e-14,-3.619553119241187e-15,5.187397684651893e-15,-1.2390226392100523e-07,-1.2371851659809252e-07,-9.996959898783686e-08,-3.022681893020908e-11,-9.143414397852471e-16,1.2982070574853725e-15
3.9800,-1.5956762281385417e-06,-4.980655723466842e-12,0.30653910874962403,-1.0791601613923104e-12,5.1529682863654715e-08,9.316384360700024e-12,0.0,0.0,0.0,3.233877934741887e-08,3.233918766734014e-08,2.6434526050487375e-08,-6.99708262381124e-14,-3.637738886058134e-15,5.2134714370290635e-15,-1.1543737829522449e-07,-1.153195234859794e-07,-9.339303602695637e-08,-2.031935938882709e-11,-9.08609929309105e-16,1.304600998184285e-15
4.0000,-1.5956762281385417e-06,-4.980655723466842e-12,0.30653910874962403,-1.0791601613923104e-12,5.1529682863654715e-08,9.316384360700024e-12,0.0,0.0,0.0,3.0009405894876837e-08,3.0009366483640406e-08,2.4549392644693938e-08,5.367910115292082e-15,-3.656851143660394e-15,5.240835024554678e-15,-1.0704180775089611e-07,-1.0681532836009922e-07,-8.645659241302006e-08,-3.6384057238384034e-11,-9.11240994795831e-16,1.3021771157984045e-15
4.0200,-1.5956762281385417e-06,-4.980655723466842e-12,0.30653910874962403,-1.0791601613923104e-12,5.1529682863654715e-08,9.316384360700024e-12,0.0,0.0,0.0,2.8046571381785078e-08,2.8046514197099263e-08,2.2959824003341424e-08,8.864039942173685e-15,-3.6741479186673705e-15,5.265591201784428e-15,-1.0004129089025149e-07,-9.981579143780728e-08,-8.08481179781495e-08,-3.6147638535805485e-11,-9.098744477561403e-16,1.304326419715851e-15
4.0400,-1.5956762281385417e-06,-4.980655723466842e-12,0.30653910874962403,-1.0791601613923104e-12,5.1529682863654715e-08,9.316384360700024e-12,0.0,0.0,0.0,2.6118738527486872e-08,2.6119017476394235e-08,2.1397548343530387e-08,-4.686148541051169e-14,-3.692345664051792e-15,5.291659002653339e-15,-9.32742262038655e-08,-9.312604842826033e-08,-7.561943088374434e-08,-2.4974732001202963e-11,-9.113944744361774e-16,1.301274954572046e-15
4.0600,-1.5956762281385417e-06,-4.980655723466842e-12,0.30653910874962403,-1.0791601613923104e-12,5.1529682863654715e-08,9.316384360700024e-12,0.0,0.0,0.0,2.432398385688368e-08,2.432343464444599e-08,1.9941582623376343e-08,8.673890451415027e-14,-3.7105388297735e-15,5.3177433415543444e-15,-8.631276007808886e-08,-8.72655698258562e-08,-7.04641910098669e-08,1.5528505599645256e-10,-9.070194665455477e-16,1.306847048318995e-15
4.0800,-1.5956762281385417e-06,-4.980655723466842e-12,0.30653910874962403,-1.0791601613923104e-12,5.1529682863654715e-08,9.316384360700024e-12,0.0,0.0,0.0,2.2652019052999367e-08,2.2651977495341e-08,1.858490099938896e-08,6.20661166918e-15,-3.728739546169825e-15,5.343811425312408e-15,-8.086082148306417e-08,-8.063425860349582e-08,-6.545084454967487e-08,-3.640197975672011e-11,-9.113197932617537e-16,1.3017417549255862e-15
4.1000,-1.5956762281385417e-06,-4.980655723466842e-12,0.30653910874962403,-1.0791601613923104e-12,5.1529682863654715e-08,9.316384360700024e-12,0.0,0.0,0.0,2.1094961808693598e-08,2.1095253267899315e-08,1.7320309232613662e-08,-4.9059752251926455e-14,-3.746937656120867e-15,5.369876500285366e-15,-7.534979518108997e-08,-7.520202591204672e-08,-6.122465306956926e-08,-2.4883627301928603e-11,-9.119752387714315e-16,1.3023900296065338e-15
4.1200,-1.5956762281385417e-06,-4.980655723466842e-12,0.30653910874962403,-1.0791601613923104e-12,5.1529682863654715e-08,9.316384360700024e-12,0.0,0.0,0.0,1.9645020336334603e-08,1.9645416041069198e-08,1.6141756232310874e-08,-6.687305604711273e-14,-3.7651385736490526e-15,5.395948240570512e-15,-7.015440309232623e-08,-7.003881841161075e-08,-5.7048629598099865e-08,-1.983196578034181e-11,-9.106587407082937e-16,1.3038285115810145e-15
4.1400,-1.5956762281385417e-06,-4.980655723466842e-12,0.30653910874962403,-1.0791601613923104e-12,5.1529682863654715e-08,9.316384360700024e-12,0.0,0.0,0.0,1.829525547037466e-08,1.829497531837756e-08,1.5043658067329798e-08,4.542528622314129e-14,-3.783330327442939e-15,5.4220256628527595e-15,-6.52866052330836e-08,-6.500852026136705e-08,-5.290587837269989e-08,-4.3657082531436185e-11,-9.118740009634418e-16,1.3024324772068475e-15
4.1600,-1.5956762281385417e-06,-4.980655723466842e-12,0.30653910874962403,-1.0791601613923104e-12,5.1529682863654715e-08,9.316384360700024e-12,0.0,0.0,0.0,1.697700897785367e-08,1.6977294619462982e-08,1.397082938821362e-08,-4.769157003714485e-14,-3.802444405200305e-15,5.449410397193658e-15,-6.058840409939314e-08,-6.044041758745955e-08,-4.917941559545724e-08,-2.4933144170057106e-11,-9.1069437234036e-16,1.3033552534284321e-15
4.1800,-1.5956762281385417e-06,-4.980655723466842e-12,0.30653910874962403,-1.0791601613923104e-12,5.1529682863654715e-08,9.316384360700024e-12,0.0,0.0,0.0,1.586643936519247e-08,1.586684653889173e-08,1.3066008464610726e-08,-6.866876791577151e-14,-3.819739632346387e-15,5.474157548737281e-15,-5.6685063087869025e-08,-5.656715743040941e-08,-4.619710564091051e-08,-2.033375803702169e-11,-9.113063904542885e-16,1.3013575394572226e-15
4.2000,-1.5956762281385417e-06,-4.980655723466842e-12,0.30653910874962403,-1.0791601613923104e-12,5.1529682863654715e-08,9.316384360700024e-12,0.0,0.0,0.0,1.4776313495479787e-08,1.4776047153574647e-08,1.2177138476691241e-08,4.28455536326651e-14,-3.837933504941904e-15,5.500228557086701e-15,-5.2796399002685845e-08,-5.2518735249584836e-08,-4.283486973455375e-08,-4.356499523513583e-11,-9.10231349307087e-16,1.3046196742681551e-15
4.2200,-1.5956762281385417e-06,-4.980655723466842e-12,0.30653910874962403,-1.0791601613923104e-12,5.1529682863654715e-08,9.316384360700024e-12,0.0,0.0,0.0,1.376058330543936e-08,1.3760584648130935e-08,1.134852478605688e-08,-1.354041032691797e-15,-3.856126781422683e-15,5.5262939710391035e-15,-4.9221530157295135e-08,-4.9009418773282576e-08,-4.014676527330785e-08,-3.394658055804534e-11,-9.11404013069411e-16,1.3015911774484189e-15
4.2400,-1.5956762281385417e-06,-4.980655723466842e-12,0.30653910874962403,-1.0791601613923104e-12,5.1529682863654715e-08,9.316384360700024e-12,0.0,0.0,0.0,1.281465964007075e-08,1.2814933269483275e-08,1.057629403024354e-08,-4.488156828813599e-14,-3.8743292668034766e-15,5.5523613111708975e-15,-4.580913678942089e-08,-4.566112049575466e-08,-3.7405482905539245e-08,-2.4924736903680547e-11,-9.094513328787005e-16,1.3060830833303952e-15
4.2600,-1.5956762281385417e-06,-4.980655723466842e-12,0.30653910874962403,-1.0791601613923104e-12,5.1529682863654715e-08,9.316384360700024e-12,0.0,0.0,0.0,1.1934420432685969e-08,1.1933867613661032e-08,9.856868375027883e-09,8.834468089005305e-14,-3.8925260599553616e-15,5.578437957235128e-15,-4.1984113158255454e-08,-4.293679722877641e-08,-3.459927538917995e-08,1.5525171295829423e-10,-9.088761338146077e-16,1.305524050684194e-15
4.2800,-1.5956762281385417e-06,-4.980655723466842e-12,0.30653910874962403,-1.0791601613923104e-12,5.1529682863654715e-08,9.316384360700024e-12,0.0,0.0,0.0,1.1113899130588661e-08,1.111385585208461e-08,9.186117964175148e-09,7.30512669657717e-15,-3.91073178446004e-15,5.604494527374431e-15,-3.9795864936742475e-08,-3.956923416703617e-08,-3.2517897902151205e-08,-3.642008663764352e-11,-9.09602765247031e-16,1.3051630698920565e-15
4.3000,-1.5956762281385417e-06,-4.980655723466842e-12,0.30653910874962403,-1.0791601613923104e-12,5.1529682863654715e-08,9.316384360700024e-12,0.0,0.0,0.0,1.0349914126384612e-08,1.0350204816566599e-08,8.561227892182193e-09,-4.8214698710750716e-14,-3.928946052897964e-15,5.630552982664137e-15,-3.695056771668703e-08,-3.6802765501775525e-08,-3.008549034899666e-08,-2.4892596915619587e-11,-9.121351352653799e-16,1.3031388786966199e-15
4.3200,-1.5956762281385417e-06,-4.980655723466842e-12,0.30653910874962403,-1.0791601613923104e-12,5.1529682863654715e-08,9.316384360700024e-12,0.0,0.0,0.0,9.638952926389025e-09,9.638409604683683e-09,7.97866522180071e-09,8.664873073702419e-14,-3.9471519607906555e-15,5.656620587912278e-15,-3.385622321383508e-08,-3.480924640197891e-08,-2.8015340297615765e-08,1.553281914788452e-10,-9.096427395773132e-16,1.3049509667209275e-15
4.3400,-1.5956762281385417e-06,-4.980655723466842e-12,0.30653910874962403,-1.0791601613923104e-12,5.1529682863654715e-08,9.316384360700024e-12,0.0,0.0,0.0,8.976326734667052e-09,8.976044243096981e-09,7.435711509310576e-09,4.626049638873355e-14,-3.965352772812367e-15,5.682667224902821e-15,-3.2188953225098516e-08,-3.19126362557931e-08,-2.6334981084730202e-08,-4.3255705270331216e-11,-9.099054471767763e-16,1.3023869665567255e-15
4.3600,-1.5956762281385417e-06,-4.980655723466842e-12,0.30653910874962403,-1.0791601613923104e-12,5.1529682863654715e-08,9.316384360700024e-12,0.0,0.0,0.0,8.329470806595597e-09,8.329749924062585e-09,6.905496452978139e-09,-4.5701129503817354e-14,-3.984473995103218e-15,5.710033760081586e-15,-2.9764921360975194e-08,-2.961674505641554e-08,-2.4429898493050217e-08,-2.4978825817608156e-11,-9.080348146174346e-16,1.3036872465031833e-15
4.3800,-1.5956762281385417e-06,-4.980655723466842e-12,0.30653910874962403,-1.0791601613923104e-12,5.1529682863654715e-08,9.316384360700024e-12,0.0,0.0,0.0,7.78459166934139e-09,7.784995414366655e-09,6.458393638456711e-09,-6.745999196879077e-14,-4.001755368099419e-15,5.734811497213173e-15,-2.7786451389788525e-08,-2.766842069346076e-08,-2.265413245883252e-08,-2.0365371920762037e-11,-9.075660695622743e-16,1.3055297259703768e-15
4.4000,-1.5956762281385417e-06,-4.980655723466842e-12,0.30653910874962403,-1.0791601613923104e-12,5.1529682863654715e-08,9.316384360700024e-12,0.0,0.0,0.0,7.2498442737550435e-09,7.249576283779355e-09,6.018876013162007e-09,4.3621201246287095e-14,-4.019949059757037e-15,5.76088895206979e-15,-2.6037618422458664e-08,-2.575989233033482e-08,-2.1338153438632546e-08,-4.357942666964648e-11,-9.096475620402844e-16,1.3028841269202882e-15
4.4200,-1.5956762281385417e-06,-4.980655723466842e-12,0.30653910874962403,-1.0791601613923104e-12,5.1529682863654715e-08,9.316384360700024e-12,0.0,0.0,0.0,6.7998655277129095e-09,6.7995992140629656e-09,5.649121531712403e-09,4.3367904242427395e-14,-4.036326951876845e-15,5.7843540110053696e-15,-2.435362794761531e-08,-2.4075964583092357e-08,-1.9799946016085812e-08,-4.3566787481764075e-11,-9.11135093757138e-16,1.3012671401967992e-15
4.4400,-1.5956762281385417e-06,-4.980655723466842e-12,0.30653910874962403,-1.0791601613923104e-12,5.1529682863654715e-08,9.316384360700024e-12,0.0,0.0,0.0,6.287276499822823e-09,6.287587495234546e-09,5.227762494745131e-09,-5.211885802686208e-14,-4.056342736588691e-15,5.813022419601398e-15,-2.2449102882182714e-08,-2.2311177183542696e-08,-1.8306131804868286e-08,-2.3124545484585254e-11,-9.101502459023874e-16,1.3016137834673793e-15
4.4600,-1.5956762281385417e-06,-4.980655723466842e-12,0.30653910874962403,-1.0791601613923104e-12,5.1529682863654715e-08,9.316384360700024e-12,0.0,0.0,0.0,5.855545655664671e-09,5.8549847756711874e-09,4.871979215740478e-09,9.046049579471479e-14,-4.074540722862583e-15,5.839097209331713e-15,-2.0443358256239108e-08,-2.1396024230124766e-08,-1.7286377801406516e-08,1.5526032230830739e-10,-9.077641768374389e-16,1.3064499726736482e-15
4.4800,-1.5956762281385417e-06,-4.980655723466842e-12,0.30653910874962403,-1.0791601613923104e-12,5.1529682863654715e-08,9.316384360700024e-12,0.0,0.0,0.0,5.452958894125968e-09,5.4529108773843525e-09,4.540672049039436e-09,8.669390724406247e-15,-4.092758313094895e-15,5.8651633976484145e-15,-1.9463721939727563e-08,-1.9236924581056414e-08,-1.58491184620857e-08,-3.6461737243124884e-11,-9.071219931009318e-16,1.304795158980747e-15
4.5000,-1.5956762281385417e-06,-4.980655723466842e-12,0.30653910874962403,-1.0791601613923104e-12,5.1529682863654715e-08,9.316384360700024e-12,0.0,0.0,0.0,5.077969820028139e-09,5.078258204970807e-09,4.2316265808230164e-09,-4.7445864581670516e-14,-4.11096042620264e-15,5.891233174698131e-15,-1.823407214107675e-08,-1.8086184883081557e-08,-1.5042500661754943e-08,-2.4912564048715227e-11,-9.117821830882678e-16,1.301128575863668e-15
4.5200,-1.5956762281385417e-06,-4.980655723466842e-12,0.30653910874962403,-1.0791601613923104e-12,5.1529682863654715e-08,9.316384360700024e-12,0.0,0.0,0.0,4.729344596116591e-09,4.728800176511712e-09,3.9436519324455295e-09,8.714730899547359e-14,-4.129164607124604e-15,5.91730367324373e-15,-1.6432057603488204e-08,-1.7385038686423826e-08,-1.4013420812641897e-08,1.5531923948010268e-10,-9.06323018106496e-16,1.3067442669919823e-15
4.5400,-1.5956762281385417e-06,-4.980655723466842e-12,0.30653910874962403,-1.0791601613923104e-12,5.1529682863654715e-08,9.316384360700024e-12,0.0,0.0,0.0,4.388319080678682e-09,4.3884634825458876e-09,3.6624293986854685e-09,-2.3163882186227436e-14,-4.148274612428209e-15,5.9446873746858516e-15,-1.578483688202681e-08,-1.5601238245732674e-08,-1.3027863149384089e-08,-3.020318135985583e-11,-9.07967901082553e-16,1.3065091053340977e-15
4.5600,-1.5956762281385417e-06,-4.980655723466842e-12,0.30653910874962403,-1.0791601613923104e-12,5.1529682863654715e-08,9.316384360700024e-12,0.0,0.0,0.0,4.101293933556595e-09,4.101419849211238e-09,3.4252909344868755e-09,-1.9597331822202245e-14,-4.1655689109693426e-15,5.969442328966288e-15,-1.4761144195851728e-08,-1.4578240253859676e-08,-1.2192082066153631e-08,-3.0025549486162824e-11,-9.094136043437814e-16,1.3020913760463715e-15
4.5800,-1.5956762281385417e-06,-4.980655723466842e-12,0.30653910874962403,-1.0791601613923104e-12,5.1529682863654715e-08,9.316384360700024e-12,0.0,0.0,0.0,3.819251649834178e-09,3.819649016156322e-09,3.192180741144053e-09,-6.581421188026952e-14,-4.183783115901306e-15,5.9954994331242945e-15,-1.3717671998314529e-08,-1.3599447373779938e-08,-1.1357211032736458e-08,-2.041089429765241e-11,-9.097364698940634e-16,1.3023269794187031e-15
4.6000,-1.5956762281385417e-06,-4.980655723466842e-12,0.30653910874962403,-1.0791601613923104e-12,5.1529682863654715e-08,9.316384360700024e-12,0.0,0.0,0.0,3.5571740389711236e-09,3.55690286348802e-09,2.975160329863475e-09,4.44906264860971e-14,-4.2019850167429254e-15,6.02156455016435e-15,-1.2726768611193151e-08,-1.2448923364383191e-08,-1.0322235816095926e-08,-4.360795018611252e-11,-9.111565963171613e-16,1.3010757926416003e-15
4.6200,-1.5956762281385417e-06,-4.980655723466842e-12,0.30653910874962403,-1.0791601613923104e-12,5.1529682863654715e-08,9.316384360700024e-12,0.0,0.0,0.0,3.3124524393473807e-09,3.3125947408946687e-09,2.772639216539614e-09,-2.2744549180430975e-14,-4.220203204104511e-15,6.047609902450759e-15,-1.1954797013435936e-08,-1.177111633166028e-08,-9.893035002317419e-09,-3.021911568063503e-11,-9.101045247347995e-16,1.3025400809968315e-15
4.6400,-1.5956762281385417e-06,-4.980655723466842e-12,0.30653910874962403,-1.0791601613923104e-12,5.1529682863654715e-08,9.316384360700024e-12,0.0,0.0,0.0,3.084624889854694e-09,3.0850343379291036e-09,2.5839331828515793e-09,-6.819755784320257e-14,-4.23842755171959e-15,6.073651561898512e-15,-1.110309472140969e-08,-1.098527277476613e-08,-9.214366658572004e-09,-2.031994894482667e-11,-9.112077239372329e-16,1.300571391966136e-15
4.6600,-1.5956762281385417e-06,-4.980655723466842e-12,0.30653910874962403,-1.0791601613923104e-12,5.1529682863654715e-08,9.316384360700024e-12,0.0,0.0,0.0,2.873118049729308e-09,2.8725791560097357e-09,2.408252441424981e-09,8.585380770215151e-14,-4.256619316533176e-15,6.09970986865884e-15,-9.727884026089484e-09,-1.0687539186982065e-08,-8.367226744798728e-09,1.5657777405428358e-10,-9.071925908982617e-16,1.30490719066855e-15
4.6800,-1.5956762281385417e-06,-4.980655723466842e-12,0.30653910874962403,-1.0791601613923104e-12,5.1529682863654715e-08,9.316384360700024e-12,0.0,0.0,0.0,2.6753901149262043e-09,2.6753341831270878e-09,2.244306426966299e-09,1.0558105880032458e-14,-4.274801238316024e-15,6.125770392694998e-15,-9.69704827546991e-09,-9.470158379709659e-09,-8.023725850403451e-09,-3.6473462110067935e-11,-9.07516480498142e-16,1.3040770867997122e-15
4.7000,-1.5956762281385417e-06,-4.980655723466842e-12,0.30653910874962403,-1.0791601613923104e-12,5.1529682863654715e-08,9.316384360700024e-12,0.0,0.0,0.0,2.48250657625734e-09,2.4829086265826708e-09,2.084372505415517e-09,-6.674023414963497e-14,-4.293916063817779e-15,6.153118275421617e-15,-8.815118246463527e-09,-8.697027126247647e-09,-7.178005689834066e-09,-2.0381350453246484e-11,-9.133880504363726e-16,1.3015587031647506e-15
4.7200,-1.5956762281385417e-06,-4.980655723466842e-12,0.30653910874962403,-1.0791601613923104e-12,5.1529682863654715e-08,9.316384360700024e-12,0.0,0.0,0.0,2.3121635306993765e-09,2.3118947314266133e-09,1.942454797691091e-09,4.410625791577399e-14,-4.312104289259113e-15,6.179197660657225e-15,-8.433070602942294e-09,-8.155313285795884e-09,-6.961744541955639e-09,-4.3587612533091893e-11,-9.083071104809682e-16,1.3051485446005001e-15
4.7400,-1.5956762281385417e-06,-4.980655723466842e-12,0.30653910874962403,-1.0791601613923104e-12,5.1529682863654715e-08,9.316384360700024e-12,0.0,0.0,0.0,2.160825386210955e-09,2.160785186660676e-09,1.8166805624976477e-09,7.349376821010036e-15,-4.329405817037026e-15,6.203969435920943e-15,-7.868087709139715e-09,-7.641570598515557e-09,-6.5178029917678515e-09,-3.6397472241643845e-11,-9.11367005835986e-16,1.3050360240489551e-15
4.7600,-1.5956762281385417e-06,-4.980655723466842e-12,0.30653910874962403,-1.0791601613923104e-12,5.1529682863654715e-08,9.316384360700024e-12,0.0,0.0,0.0,2.0121113070486736e-09,2.012403478434723e-09,1.6929914439946245e-09,-4.788951176861448e-14,-4.347601066032547e-15,6.230048135121074e-15,-7.2901284176030146e-09,-7.142381880376192e-09,-6.064524438187391e-09,-2.4884302993213996e-11,-9.116353287510376e-16,1.3018726132441308e-15
4.7800,-1.5956762281385417e-06,-4.980655723466842e-12,0.30653910874962403,-1.0791601613923104e-12,5.1529682863654715e-08,9.316384360700024e-12,0.0,0.0,0.0,1.8675853203425624e-09,1.867022937467923e-09,1.5723096380849962e-09,9.093918928481042e-14,-4.366725828597688e-15,6.257409939566235e-15,-6.224566223567152e-09,-7.177706373706627e-09,-5.6505562451292235e-09,1.5537688149270045e-10,-9.110243785272799e-16,1.3019800664872433e-15
4.8000,-1.5956762281385417e-06,-4.980655723466842e-12,0.30653910874962403,-1.0791601613923104e-12,5.1529682863654715e-08,9.316384360700024e-12,0.0,0.0,0.0,1.745305609818753e-09,1.745028412819029e-09,1.4705015767980947e-09,4.590499862784698e-14,-4.384025480707582e-15,6.2821620459068366e-15,-6.404587665764794e-09,-6.126551266305569e-09,-5.2914234938139515e-09,-4.365346260014512e-11,-9.115095675194274e-16,1.2998291776917431e-15
4.8200,-1.5956762281385417e-06,-4.980655723466842e-12,0.30653910874962403,-1.0791601613923104e-12,5.1529682863654715e-08,9.316384360700024e-12,0.0,0.0,0.0,1.6251203716405031e-09,1.6252596706173754e-09,1.3703691275214482e-09,-2.205862097830407e-14,-4.402234696463284e-15,6.3082292008850015e-15,-5.922089041376921e-09,-5.738298197721647e-09,-4.922071666912942e-09,-3.02449321615577e-11,-9.092276189869034e-16,1.3038628048348497e-15
4.8400,-1.5956762281385417e-06,-4.980655723466842e-12,0.30653910874962403,-1.0791601613923104e-12,5.1529682863654715e-08,9.316384360700024e-12,0.0,0.0,0.0,1.513393904146148e-09,1.5138019085698024e-09,1.2773321732419133e-09,-6.785466119235746e-14,-4.420441555108686e-15,6.334293407285227e-15,-5.358320565029828e-09,-5.240443606835399e-09,-4.329373970435313e-09,-2.0331145295257264e-11,-9.09667051656287e-16,1.3040172576531869e-15
4.8600,-1.5956762281385417e-06,-4.980655723466842e-12,0.30653910874962403,-1.0791601613923104e-12,5.1529682863654715e-08,9.316384360700024e-12,0.0,0.0,0.0,1.4096589170181357e-09,1.4093930064901686e-09,1.1903255024571516e-09,4.3673126753120897e-14,-4.438647097093069e-15,6.360348809074098e-15,-5.2139248751803535e-09,-4.936275027622727e-09,-4.306943413023845e-09,-4.3565547128169445e-11,-9.080904826318885e-16,1.3044378781674895e-15
4.8800,-1.5956762281385417e-06,-4.980655723466842e-12,0.30653910874962403,-1.0791601613923104e-12,5.1529682863654715e-08,9.316384360700024e-12,0.0,0.0,0.0,1.31264229661418e-09,1.3125852274193288e-09,1.109253835244323e-09,1.0634685888965136e-14,-4.456858430798818e-15,6.3864153634182244e-15,-4.8336570857010486e-09,-4.608153025831285e-09,-4.0042599791512146e-09,-3.6154488861609296e-11,-9.118098965339204e-16,1.3024974398362544e-15
4.9000,-1.5956762281385417e-06,-4.980655723466842e-12,0.30653910874962403,-1.0791601613923104e-12,5.1529682863654715e-08,9.316384360700024e-12,0.0,0.0,0.0,1.2178632978537546e-09,1.2182606454963958e-09,1.0302023781418033e-09,-6.563139885241437e-14,-4.4759804143989934e-15,6.413777938281209e-15,-4.4446620273141946e-09,-4.326434793755496e-09,-3.737218867705394e-09,-2.0411901099586202e-11,-9.074927792920506e-16,1.3045328467736167e-15
4.9200,-1.5956762281385417e-06,-4.980655723466842e-12,0.30653910874962403,-1.0791601613923104e-12,5.1529682863654715e-08,9.316384360700024e-12,0.0,0.0,0.0,1.1386648093364142e-09,1.138115792603302e-09,9.634958193373287e-10,8.82668993745231e-14,-4.493285575888696e-15,6.438526377799636e-15,-3.6250318302677442e-09,-4.577841328234911e-09,-3.501968354191476e-09,1.5527970498120825e-10,-9.079490682479568e-16,1.3045665750630935e-15
4.9400,-1.5956762281385417e-06,-4.980655723466842e-12,0.30653910874962403,-1.0791601613923104e-12,5.1529682863654715e-08,9.316384360700024e-12,0.0,0.0,0.0,1.0601359881684254e-09,1.0600946241052142e-09,8.978585933773486e-10,7.629998316616053e-15,-4.511505248789736e-15,6.464586450708859e-15,-3.927769748335308e-09,-3.701207201833867e-09,-3.2541194738833212e-09,-3.6406968790234113e-11,-9.137612743287565e-16,1.3007146943898158e-15
4.9600,-1.5956762281385417e-06,-4.980655723466842e-12,0.30653910874962403,-1.0791601613923104e-12,5.1529682863654715e-08,9.316384360700024e-12,0.0,0.0,0.0,9.872060445009483e-10,9.874976893637269e-10,8.369449806679141e-10,-4.773322844796854e-14,-4.529716507390796e-15,6.4906363485802105e-15,-3.494415062865741e-09,-3.3466473481347236e-09,-2.770599777379701e-09,-2.4888250825866392e-11,-9.086729451689402e-16,1.304809934908029e-15
4.9800,-1.5956762281385417e-06,-4.980655723466842e-12,0.30653910874962403,-1.0791601613923104e-12,5.1529682863654715e-08,9.316384360700024e-12,0.0,0.0,0.0,9.192472506863441e-10,9.196680358031683e-10,7.799275410370897e-10,-7.058958465146015e-14,-4.5479189637239e-15,6.516699939512567e-15,-3.382029101217654e-09,-3.2723096732301116e-09,-2.8582489708384173e-09,-1.8831302219838463e-11,-9.088062258859087e-16,1.304643411043013e-15
5.0000,-1.5956762281385417e-06,-4.980655723466842e-12,0.30653910874962403,-1.0791601613923104e-12,5.1529682863654715e-08,9.316384360700024e-12,0.0,0.0,0.0,8.563676224043466e-10,8.560848309352897e-10,7.267748714380459e-10,4.7156993903416026e-14,-4.56610958316572e-15,6.542773186189563e-15,-3.2318341613990498e-09,-2.9538070878132316e-09,-2.6532878394380788e-09,-4.3639951790845665e-11,-9.096647781503734e-16,1.3043827349991342e-15
5.0200,-1.5956762281385417e-06,-4.980655723466842e-12,0.30653910874962403,-1.0791601613923104e-12,5.1529682863654715e-08,9.316384360700024e-12,0.0,0.0,0.0,7.944016680088979e-10,7.946856555246971e-10,6.749809859520057e-10,-4.624279993143033e-14,-4.585207368718733e-15,6.570145515725504e-15,-2.9470594575808917e-09,-2.7990133544264495e-09,-2.479342731120937e-09,-2.49518463529348e-11,-9.106621040246643e-16,1.3016921853001983e-15
5.0400,-1.5956762281385417e-06,-4.980655723466842e-12,0.30653910874962403,-1.0791601613923104e-12,5.1529682863654715e-08,9.316384360700024e-12,0.0,0.0,0.0,7.423778719600478e-10,7.427842404978298e-10,6.312966715917017e-10,-6.749854764521012e-14,-4.602501267931809e-15,6.594911350594962e-15,-2.7482907893894293e-09,-2.6303532685290065e-09,-2.3289997985731503e-09,-2.0344810170900557e-11,-9.121838797781067e-16,1.3021097369744283e-15
5.0600,-1.5956762281385417e-06,-4.980655723466842e-12,0.30653910874962403,-1.0791601613923104e-12,5.1529682863654715e-08,9.316384360700024e-12,0.0,0.0,0.0,6.916434339482021e-10,6.913767397415567e-10,5.882590703588924e-10,4.384841576524288e-14,-4.620704183550333e-15,6.6209765343620225e-15,-2.638327861737011e-09,-2.3606481491800224e-09,-2.1603770994360616e-09,-4.3571435024453494e-11,-9.084592922749335e-16,1.3040769908467612e-15
5.0800,-1.5956762281385417e-06,-4.980655723466842e-12,0.30653910874962403,-1.0791601613923104e-12,5.1529682863654715e-08,9.316384360700024e-12,0.0,0.0,0.0,6.416007689918619e-10,6.418929590851671e-10,5.463852947452936e-10,-4.779536012128988e-14,-4.639810384122146e-15,6.648338646558074e-15,-2.4089416295058896e-09,-2.2611954808571255e-09,-2.0301481051809844e-09,-2.488468275660026e-11,-9.06040322514711e-16,1.305363895282714e-15
5.1000,-1.5956762281385417e-06,-4.980655723466842e-12,0.30653910874962403,-1.0791601613923104e-12,5.1529682863654715e-08,9.316384360700024e-12,0.0,0.0,0.0,5.996406510283266e-10,5.99913886700266e-10,5.11026477176962e-10,-4.41179262577397e-14,-4.657100653217119e-15,6.673091930358846e-15,-2.260026582545649e-09,-2.1127407878740456e-09,-1.908760066671178e-09,-2.4757223866678364e-11,-9.092815197299786e-16,1.3030068664611207e-15
5.1200,-1.5956762281385417e-06,-4.980655723466842e-12,0.30653910874962403,-1.0791601613923104e-12,5.1529682863654715e-08,9.316384360700024e-12,0.0,0.0,0.0,5.587952153001951e-10,5.582399779042078e-10,4.761697256917828e-10,8.964090036043589e-14,-4.675278772262923e-15,6.69916712841198e-15,-1.5541740117086533e-09,-2.506791108025652e-09,-1.76840203591766e-09,1.5523434790009762e-10,-9.066294587449448e-16,1.3059694361588559e-15
5.1400,-1.5956762281385417e-06,-4.980655723466842e-12,0.30653910874962403,-1.0791601613923104e-12,5.1529682863654715e-08,9.316384360700024e-12,0.0,0.0,0.0,5.221215152511894e-10,5.218503366872139e-10,4.453373627789912e-10,4.469657504586429e-14,-4.692550976982778e-15,6.723950178749634e-15,-2.0394406996526726e-09,-1.7615956193761662e-09,-1.6605993802265573e-09,-4.3608664757891024e-11,-9.095932270273876e-16,1.3030979497999107e-15
5.1600,-1.5956762281385417e-06,-4.980655723466842e-12,0.30653910874962403,-1.0791601613923104e-12,5.1529682863654715e-08,9.316384360700024e-12,0.0,0.0,0.0,4.842457836168047e-10,4.845359059197261e-10,4.136352626117609e-10,-4.745213761223116e-14,-4.711644423611174e-15,6.751335187509355e-15,-1.8423760017594049e-09,-1.6945518044320096e-09,-1.560778534193119e-09,-2.4899475087289087e-11,-9.095817283896925e-16,1.3041090713924578e-15
5.1800,-1.5956762281385417e-06,-4.980655723466842e-12,0.30653910874962403,-1.0791601613923104e-12,5.1529682863654715e-08,9.316384360700024e-12,0.0,0.0,0.0,4.5133680757256117e-10,4.507932412850977e-10,3.8540717671522987e-10,8.730557349428214e-14,-4.729837936252432e-15,6.777417569380439e-15,-1.16541185035679e-09,-2.1184237419813456e-09,-1.4444213325415234e-09,1.5532412843648123e-10,-9.074026443158328e-16,1.3043128771148623e-15
5.2000,-1.5956762281385417e-06,-4.980655723466842e-12,0.30653910874962403,-1.0791601613923104e-12,5.1529682863654715e-08,9.316384360700024e-12,0.0,0.0,0.0,4.202910832201425e-10,4.2002442456838913e-10,3.593584214235666e-10,4.350472160283476e-14,-4.748022681332164e-15,6.8034973189419544e-15,-1.5326769853274413e-09,-1.2604474963762158e-09,-1.083573036853025e-09,-4.2516273190619364e-11,-9.086145941941695e-16,1.3038360860738837e-15
5.2200,-1.5956762281385417e-06,-4.980655723466842e-12,0.30653910874962403,-1.0791601613923104e-12,5.1529682863654715e-08,9.316384360700024e-12,0.0,0.0,0.0,3.91175616099554e-10,3.9130373038436333e-10,3.3481678692118243e-10,-1.957914393564939e-14,-4.766215745069947e-15,6.829575657928917e-15,-1.5329841840383551e-09,-1.34895500325527e-09,-1.2829506346179187e-09,-3.029296574657577e-11,-9.128973160253985e-16,1.301701773977859e-15
5.2400,-1.5956762281385417e-06,-4.980655723466842e-12,0.30653910874962403,-1.0791601613923104e-12,5.1529682863654715e-08,9.316384360700024e-12,0.0,0.0,0.0,3.6411928350851844e-10,3.6452135745384053e-10,3.119710467881784e-10,-6.659552551601614e-14,-4.784418283082589e-15,6.8556348048723115e-15,-1.3968680656617494e-09,-1.278776640134538e-09,-1.188710962995998e-09,-2.0381838024336816e-11,-9.112137478800438e-16,1.3014720584771275e-15
5.2600,-1.5956762281385417e-06,-4.980655723466842e-12,0.30653910874962403,-1.0791601613923104e-12,5.1529682863654715e-08,9.316384360700024e-12,0.0,0.0,0.0,3.380967130211798e-10,3.380545388004705e-10,2.8975874123773864e-10,7.827139518237414e-15,-4.8034922526945965e-15,6.883013141967924e-15,-1.3580620794595433e-09,-1.1314696124475887e-09,-1.1189671134115287e-09,-3.6413802964705326e-11,-9.078467915011176e-16,1.3037307934265312e-15
5.2800,-1.5956762281385417e-06,-4.980655723466842e-12,0.30653910874962403,-1.0791601613923104e-12,5.1529682863654715e-08,9.316384360700024e-12,0.0,0.0,0.0,3.158852000034464e-10,3.1602867308582283e-10,2.709935528623362e-10,-2.2735239862962212e-14,-4.8207623435213065e-15,6.90779588697419e-15,-1.2568771023957481e-09,-1.073239219717692e-09,-1.052808312751452e-09,-3.021107822226137e-11,-9.09390936286275e-16,1.3037033517097097e-15
5.3000,-1.5956762281385417e-06,-4.980655723466842e-12,0.30653910874962403,-1.0791601613923104e-12,5.1529682863654715e-08,9.316384360700024e-12,0.0,0.0,0.0,2.9515112973718686e-10,2.9544334569868795e-10,2.534672000488457e-10,-4.777180046817317e-14,-4.83801998696973e-15,6.9325860926681595e-15,-1.1668374877427112e-09,-1.019091200316069e-09,-9.947614953986772e-10,-2.488471385272741e-11,-9.06987322306944e-16,1.3056396897066484e-15
5.3200,-1.5956762281385417e-06,-4.980655723466842e-12,0.30653910874962403,-1.0791601613923104e-12,5.1529682863654715e-08,9.316384360700024e-12,0.0,0.0,0.0,2.7437394051807457e-10,2.738115930595483e-10,2.3549098544864413e-10,9.104832661524975e-14,-4.85709987181399e-15,6.959975842923106e-15,-3.990241470575029e-10,-1.352166267842847e-09,-6.463929114186584e-10,1.5537664229131662e-10,-9.101765051645232e-16,1.3014385022412181e-15
5.3400,-1.5956762281385417e-06,-4.980655723466842e-12,0.30653910874962403,-1.0791601613923104e-12,5.1529682863654715e-08,9.316384360700024e-12,0.0,0.0,0.0,2.5523865269158623e-10,2.5518834830766763e-10,2.1937680676278876e-10,9.528676889534321e-15,-4.875300177075081e-15,6.986052840520898e-15,-1.0692601248862843e-09,-8.423932662537936e-10,-8.755314251374102e-10,-3.647869716825456e-11,-9.08865175739443e-16,1.3057548597176954e-15
5.3600,-1.5956762281385417e-06,-4.980655723466842e-12,0.30653910874962403,-1.0791601613923104e-12,5.1529682863654715e-08,9.316384360700024e-12,0.0,0.0,0.0,2.374993672898674e-10,2.377866219977386e-10,2.043852703338677e-10,-4.6887178111267145e-14,-4.893486203441867e-15,7.0121370740680414e-15,-9.599847305974407e-10,-8.120530081701105e-10,-8.090005887417817e-10,-2.4924101636750567e-11,-9.121888250773988e-16,1.3009757393562478e-15
5.3800,-1.5956762281385417e-06,-4.980655723466842e-12,0.30653910874962403,-1.0791601613923104e-12,5.1529682863654715e-08,9.316384360700024e-12,0.0,0.0,0.0,2.2161560387420904e-10,2.2107067356673772e-10,1.906071754466386e-10,8.754800967535771e-14,-4.911663915159948e-15,7.038229506464807e-15,-2.7040686356727406e-10,-1.2233665469540966e-09,-5.334764852094054e-10,1.553138149820875e-10,-9.070622342647585e-16,1.3059185645511839e-15
5.4000,-1.5956762281385417e-06,-4.980655723466842e-12,0.30653910874962403,-1.0791601613923104e-12,5.1529682863654715e-08,9.316384360700024e-12,0.0,0.0,0.0,2.0611377158416553e-10,2.0607436748092502e-10,1.775497801982661e-10,7.363294576574523e-15,-4.929852248157093e-15,7.064313160064041e-15,-8.864338707503805e-10,-6.599453761246821e-10,-7.229674359177096e-10,-3.6392581659651904e-11,-9.092304653153912e-16,1.3058719909739747e-15
5.4200,-1.5956762281385417e-06,-4.980655723466842e-12,0.30653910874962403,-1.0791601613923104e-12,5.1529682863654715e-08,9.316384360700024e-12,0.0,0.0,0.0,1.9264261275683826e-10,1.925980549428062e-10,1.6607403931292996e-10,8.002048678838735e-15,-4.9471512299702754e-15,7.08909682226554e-15,-8.378037708034469e-10,-6.157143406237964e-10,-6.863143386937054e-10,-3.551804513462176e-11,-9.09569169306452e-16,1.3037187232070328e-15
5.4400,-1.5956762281385417e-06,-4.980655723466842e-12,0.30653910874962403,-1.0791601613923104e-12,5.1529682863654715e-08,9.316384360700024e-12,0.0,0.0,0.0,1.7861527640880573e-10,1.7900982584533416e-10,1.5433040991066893e-10,-6.495478032150177e-14,-4.96628189040639e-15,7.116471140792834e-15,-5.948940506872447e-10,-4.766451400239902e-10,-3.5994190961119443e-10,-2.041273523386445e-11,-9.09940167669398e-16,1.3040327383383508e-15
5.4600,-1.5956762281385417e-06,-4.980655723466842e-12,0.30653910874962403,-1.0791601613923104e-12,5.1529682863654715e-08,9.316384360700024e-12,0.0,0.0,0.0,1.6660825011891046e-10,1.663354711684449e-10,1.437285475781867e-10,4.505981800660358e-14,-4.9845000765818e-15,7.142545005104911e-15,-7.76276348757321e-10,-4.983739254615926e-10,-6.067323587988227e-10,-4.3622738930995726e-11,-9.117351351229773e-16,1.3034629763324243e-15
5.4800,-1.5956762281385417e-06,-4.980655723466842e-12,0.30653910874962403,-1.0791601613923104e-12,5.1529682863654715e-08,9.316384360700024e-12,0.0,0.0,0.0,1.5492476047093708e-10,1.5506628885890815e-10,1.3386831944420237e-10,-2.2386663475726697e-14,-5.002701711048929e-15,7.16863680899579e-15,-6.802078067469353e-10,-4.964979538613079e-10,-5.558212501366455e-10,-3.022630439025724e-11,-9.10566134529996e-16,1.3046137218764672e-15
5.5000,-1.5956762281385417e-06,-4.980655723466842e-12,0.30653910874962403,-1.0791601613923104e-12,5.1529682863654715e-08,9.316384360700024e-12,0.0,0.0,0.0,1.4418505257016165e-10,1.4459414615035733e-10,1.2491218350021962e-10,-6.793839346405825e-14,-5.02088961201874e-15,7.19473255410698e-15,-5.312758011299934e-10,-4.1343933832038715e-10,-3.0143629259349325e-10,-2.0323340606797547e-11,-9.136406072889488e-16,1.3025849208034768e-15
5.5200,-1.5956762281385417e-06,-4.980655723466842e-12,0.30653910874962403,-1.0791601613923104e-12,5.1529682863654715e-08,9.316384360700024e-12,0.0,0.0,0.0,1.3469465038382091e-10,1.3519748983619282e-10,1.1682768981460793e-10,-8.447915485951868e-14,-5.038158509519956e-15,7.219531448990831e-15,-4.851179735698707e-10,-3.922968616620892e-10,-2.7303428962177634e-10,-1.640111262079216e-11,-9.090076828289638e-16,1.3042865893149954e-15
5.5400,-1.5956762281385417e-06,-4.980655723466842e-12,0.30653910874962403,-1.0791601613923104e-12,5.1529682863654715e-08,9.316384360700024e-12,0.0,0.0,0.0,1.252421221792088e-10,1.2518402855381626e-10,1.0837039048153235e-10,1.1119300229114358e-14,-5.0572638155099976e-15,7.246927864763933e-15,-5.352688570159359e-10,-3.086735589352685e-10,-4.1992406774049584e-10,-3.6395654032441646e-11,-9.076205753879676e-16,1.3059735042331084e-15
5.5600,-1.5956762281385417e-06,-4.980655723466842e-12,0.30653910874962403,-1.0791601613923104e-12,5.1529682863654715e-08,9.316384360700024e-12,0.0,0.0,0.0,1.1650848594832454e-10,1.167902820504062e-10,1.0114587963086493e-10,-4.571982715995748e-14,-5.075484108253038e-15,7.27300403723583e-15,-4.542016207587096e-10,-3.0608687806576995e-10,-2.2202156779727034e-10,-2.496815943278141e-11,-9.135439454441077e-16,1.3011045992064325e-15
5.5800,-1.5956762281385417e-06,-4.980655723466842e-12,0.30653910874962403,-1.0791601613923104e-12,5.1529682863654715e-08,9.316384360700024e-12,0.0,0.0,0.0,1.0886522345318619e-10,1.083176010491692e-10,9.416993608582487e-11,8.805797996711923e-14,-5.093678261972503e-15,7.29910730983287e-15,4.558936561593896e-11,-9.072699536094575e-10,-4.3178696729206933e-10,1.552912718671173e-10,-9.09429365443173e-16,1.3062809416241954e-15
5.6000,-1.5956762281385417e-06,-4.980655723466842e-12,0.30653910874962403,-1.0791601613923104e-12,5.1529682863654715e-08,9.316384360700024e-12,0.0,0.0,0.0,1.0111352813976795e-10,1.0107284228404556e-10,8.768140517881314e-11,7.578391099914393e-15,-5.111873634653031e-15,7.325201136004153e-15,-5.093827859514732e-10,-2.8284519171251077e-10,-3.9282777031246496e-10,-3.6401989310249213e-11,-9.105592267447005e-16,1.3051349275532563e-15
5.6200,-1.5956762281385417e-06,-4.980655723466842e-12,0.30653910874962403,-1.0791601613923104e-12,5.1529682863654715e-08,9.316384360700024e-12,0.0,0.0,0.0,9.404579277058626e-11,9.433776215155387e-11,8.186750318009404e-11,-4.772133021962852e-14,-5.130050942874891e-15,7.351294575796893e-15,-3.672053772163508e-10,-2.1944956962727247e-10,-1.495229218217986e-10,-2.4886347235377496e-11,-9.098099061616652e-16,1.3044848380380447e-15
5.6400,-1.5956762281385417e-06,-4.980655723466842e-12,0.30653910874962403,-1.0791601613923104e-12,5.1529682863654715e-08,9.316384360700024e-12,0.0,0.0,0.0,8.7485519529279e-11,8.787620916444016e-11,7.620549648326692e-11,-6.429925830232811e-14,-5.1482232783123166e-15,7.377388334580255e-15,-4.094065364501631e-10,-2.918681407670931e-10,-3.6453998153440637e-10,-2.0232808247724525e-11,-9.070228865237903e-16,1.3060479860570045e-15
5.6600,-1.5956762281385417e-06,-4.980655723466842e-12,0.30653910874962403,-1.0791601613923104e-12,5.1529682863654715e-08,9.316384360700024e-12,0.0,0.0,0.0,8.181655351044429e-11,8.153934679626763e-11,7.098350841908119e-11,4.60269480614077e-14,-5.166421104717011e-15,7.403455127004332e-15,-4.056343316793942e-10,-1.2759515666260768e-10,-2.8788682548963607e-10,-4.36542910280385e-11,-9.065741952218104e-16,1.3044452036789942e-15
5.6800,-1.5956762281385417e-06,-4.980655723466842e-12,0.30653910874962403,-1.0791601613923104e-12,5.1529682863654715e-08,9.316384360700024e-12,0.0,0.0,0.0,7.603137348097257e-11,7.617068880587764e-11,6.628602965200169e-11,-2.194787256797343e-14,-5.1845991909460785e-15,7.429532442698567e-15,-3.262764225464565e-10,-1.4248441315700688e-10,-9.609310569480556e-11,-3.0245511320566995e-11,-9.117857366561793e-16,1.3032178206783789e-15
5.7000,-1.5956762281385417e-06,-4.980655723466842e-12,0.30653910874962403,-1.0791601613923104e-12,5.1529682863654715e-08,9.316384360700024e-12,0.0,0.0,0.0,7.063124852266234e-11,7.1039281423536e-11,6.169818027382246e-11,-6.775258177585255e-14,-5.202773555743749e-15,7.45562548811475e-15,-3.5509351015150514e-10,-2.3721682951283185e-10,-3.170595730406234e-10,-2.0331398748961394e-11,-9.092649860438949e-16,1.3042293120206597e-15
5.7200,-1.5956762281385417e-06,-4.980655723466842e-12,0.30653910874962403,-1.0791601613923104e-12,5.1529682863654715e-08,9.316384360700024e-12,0.0,0.0,0.0,6.606426226127285e-11,6.579838362446124e-11,5.741656651583871e-11,4.376792683697597e-14,-5.220953072656546e-15,7.481706527857995e-15,-4.0934192147012993e-10,-1.3169193513462574e-10,-2.8536603635664903e-10,-4.3565898439432807e-11,-9.078757655700238e-16,1.3019081844920124e-15
5.7400,-1.5956762281385417e-06,-4.980655723466842e-12,0.30653910874962403,-1.0791601613923104e-12,5.1529682863654715e-08,9.316384360700024e-12,0.0,0.0,0.0,6.146350856658935e-11,6.141897120841665e-11,5.3647284768004615e-11,8.012804436489918e-15,-5.239139690250262e-15,7.507782876138858e-15,-2.862979575635194e-10,-6.420822207253707e-11,-4.692130017858176e-11,-3.5518156500743496e-11,-9.09282083453566e-16,1.3040780603912932e-15
5.7600,-1.5956762281385417e-06,-4.980655723466842e-12,0.30653910874962403,-1.0791601613923104e-12,5.1529682863654715e-08,9.316384360700024e-12,0.0,0.0,0.0,5.7048606483783873e-11,5.732493362724618e-11,4.9921471471231376e-11,-4.453217402403409e-14,-5.257358387198534e-15,7.533844253353089e-15,-3.1584765358694256e-10,-1.6766024679704117e-10,-2.715724312096768e-10,-2.4977509431774402e-11,-9.116286769781417e-16,1.3017310967033934e-15
5.7800,-1.5956762281385417e-06,-4.980655723466842e-12,0.30653910874962403,-1.0791601613923104e-12,5.1529682863654715e-08,9.316384360700024e-12,0.0,0.0,0.0,5.355467239728798e-11,5.3004018973391427e-11,4.648554156952411e-11,8.869200832766945e-14,-5.275557794729606e-15,7.55991913232544e-15,3.1123081889461446e-10,-6.415211140087251e-10,-2.0079143903117824e-10,1.5526509113696623e-10,-9.060558466268571e-16,1.3056649716548904e-15
5.8000,-1.5956762281385417e-06,-4.980655723466842e-12,0.30653910874962403,-1.0791601613923104e-12,5.1529682863654715e-08,9.316384360700024e-12,0.0,0.0,0.0,4.9675946112687244e-11,4.963378918370161e-11,4.345763536597869e-11,7.848058874851984e-15,-5.29373152720105e-15,7.586009263113664e-15,-2.5336183151480896e-10,-2.6769253480551924e-11,-1.5538514919199997e-11,-3.641399485759423e-11,-9.07450971929531e-16,1.305579427117482e-15
5.8200,-1.5956762281385417e-06,-4.980655723466842e-12,0.30653910874962403,-1.0791601613923104e-12,5.1529682863654715e-08,9.316384360700024e-12,0.0,0.0,0.0,4.606026535788901e-11,4.635152810965699e-11,4.0421810802021454e-11,-4.76069302626517e-14,-5.311927510717236e-15,7.612082719542155e-15,-2.820326194807876e-10,-1.3424950040530348e-10,-2.418343025833991e-10,-2.489137728044423e-11,-9.102486535119113e-16,1.3034986013470457e-15
5.8400,-1.5956762281385417e-06,-4.980655723466842e-12,0.30653910874962403,-1.0791601613923104e-12,5.1529682863654715e-08,9.316384360700024e-12,0.0,0.0,0.0,4.312145788273883e-11,4.2650446973647566e-11,3.759801255123753e-11,7.420748283007367e-14,-5.331039322658986e-15,7.639458800377747e-15,3.779989654617566e-10,-5.958413484830061e-10,1.025951545940984e-11,1.5867890396020925e-10,-9.113760837296185e-16,1.3027308040306679e-15
5.8600,-1.5956762281385417e-06,-4.980655723466842e-12,0.30653910874962403,-1.0791601613923104e-12,5.1529682863654715e-08,9.316384360700024e-12,0.0,0.0,0.0,4.022407357803796e-11,3.993936816775273e-11,3.516808290485164e-11,4.7521699960037113e-14,-5.348344446752678e-15,7.664206644018425e-15,-2.3790247549726473e-10,3.9748010438600545e-11,1.8293061510021857e-11,-4.3543674558927414e-11,-9.132658555939735e-16,1.3027943066862936e-15
5.8800,-1.5956762281385417e-06,-4.980655723466842e-12,0.30653910874962403,-1.0791601613923104e-12,5.1529682863654715e-08,9.316384360700024e-12,0.0,0.0,0.0,3.722832998040441e-11,3.736199288233527e-11,3.269943164921343e-11,-2.0745276654940065e-14,-5.366549529216311e-15,7.690263125801603e-15,-2.628021134043479e-10,-7.88245579919078e-11,-2.1079440970517282e-10,-3.028991458410066e-11,-9.09358432637695e-16,1.3034399070923208e-15
5.9000,-1.5956762281385417e-06,-4.980655723466842e-12,0.30653910874962403,-1.0791601613923104e-12,5.1529682863654715e-08,9.316384360700024e-12,0.0,0.0,0.0,3.4552195777276574e-11,3.495741603913954e-11,3.0435203788453584e-11,-6.72270884155688e-14,-5.3847509184512716e-15,7.716324330676887e-15,-1.5806786435312858e-10,-4.008812726219446e-11,-1.4414489046821188e-10,-2.035482445659582e-11,-9.097683998928885e-16,1.30365207809226e-15
5.9200,-1.5956762281385417e-06,-4.980655723466842e-12,0.30653910874962403,-1.0791601613923104e-12,5.1529682863654715e-08,9.316384360700024e-12,0.0,0.0,0.0,3.2535749794865316e-11,3.2268510663003674e-11,2.8496385349324676e-11,4.398612809492091e-14,-5.4029343536508006e-15,7.742396741209113e-15,-2.1700902186339022e-10,6.069170166433935e-11,3.801359227395551e-11,-4.357570869652102e-11,-9.116365455337186e-16,1.302817525646088e-15
5.9400,-1.5956762281385417e-06,-4.980655723466842e-12,0.30653910874962403,-1.0791601613923104e-12,5.1529682863654715e-08,9.316384360700024e-12,0.0,0.0,0.0,3.006370261679495e-11,3.0207906725522136e-11,2.646760073679581e-11,-2.2829618288849632e-14,-5.4211062951215376e-15,7.768467443447939e-15,-2.4166885159715434e-10,-5.805916858392379e-11,-1.9007576068652554e-10,-3.0205996756242256e-11,-9.083822627347508e-16,1.304996359084222e-15
5.9600,-1.5956762281385417e-06,-4.980655723466842e-12,0.30653910874962403,-1.0791601613923104e-12,5.1529682863654715e-08,9.316384360700024e-12,0.0,0.0,0.0,2.7893436649856243e-11,2.8173871868309816e-11,2.459665819701244e-11,-4.57603555102069e-14,-5.439285766215559e-15,7.794528676444881e-15,-2.0765500430286465e-10,-6.272810049168243e-11,-1.6932372171041266e-10,-2.4292176680194072e-11,-9.098117780713914e-16,1.3036089795008042e-15
5.9800,-1.5956762281385417e-06,-4.980655723466842e-12,0.30653910874962403,-1.0791601613923104e-12,5.1529682863654715e-08,9.316384360700024e-12,0.0,0.0,0.0,2.642720531906287e-11,2.586917465745668e-11,2.305869152632859e-11,9.028636490730342e-14,-5.4574756433426006e-15,7.820583120489296e-15,4.2706238545520137e-10,-5.25518711880224e-10,6.157296894571118e-11,1.5522991913760853e-10,-9.095392601098634e-16,1.303545983906894e-15
6.0000,-1.5956762281385417e-06,-4.980655723466842e-12,0.30653910874962403,-1.0791601613923104e-12,5.1529682863654715e-08,9.316384360700024e-12,0.0,0.0,0.0,2.4336832194465945e-11,2.4290783323156305e-11,2.1400488618011844e-11,8.623251606594373e-15,-5.4756657506454705e-15,7.846641917665986e-15,-2.366184193025589e-10,-9.885925411623475e-12,-1.6818069159540983e-10,-3.644724723082075e-11,-9.08143954481816e-16,1.3049009826780528e-15
6.0200,-1.5956762281385417e-06,-4.980655723466842e-12,0.30653910874962403,-1.0791601613923104e-12,5.1529682863654715e-08,9.316384360700024e-12,0.0,0.0,0.0,2.252566714319728e-11,2.2815045013825184e-11,1.99188554407536e-11,-4.728269450788233e-14,-5.493842297957949e-15,7.87270036459124e-15,-1.296291407548722e-10,1.8222867659289932e-11,-1.0673295580687636e-10,-2.490575580441648e-11,-9.082652150237133e-16,1.301390643225337e-15
6.0400,-1.5956762281385417e-06,-4.980655723466842e-12,0.30653910874962403,-1.0791601613923104e-12,5.1529682863654715e-08,9.316384360700024e-12,0.0,0.0,0.0,2.142121886036799e-11,2.0877301548139876e-11,1.86964983085735e-11,8.739217786594516e-14,-5.512006264011713e-15,7.898775161096991e-15,4.3846706820893644e-10,-5.14531112161265e-10,7.257547340877579e-11,1.5532145187686152e-10,-9.070732638910463e-16,1.3045579881011546e-15
6.0600,-1.5956762281385417e-06,-4.980655723466842e-12,0.30653910874962403,-1.0791601613923104e-12,5.1529682863654715e-08,9.316384360700024e-12,0.0,0.0,0.0,2.00041473169266e-11,1.9533134131878118e-11,1.7491851648371246e-11,7.420820257873049e-14,-5.529272269833026e-15,7.923543185432466e-15,4.536554465417453e-10,-5.201835906465391e-10,7.628564446804376e-11,1.5867881606435802e-10,-9.093948856601096e-16,1.3036860247574186e-15
6.0800,-1.5956762281385417e-06,-4.980655723466842e-12,0.30653910874962403,-1.0791601613923104e-12,5.1529682863654715e-08,9.316384360700024e-12,0.0,0.0,0.0,1.8211294339737267e-11,1.8336986173418215e-11,1.6084241036967658e-11,-1.910261396400682e-14,-5.54835610487251e-15,7.950906401701222e-15,-1.9228763026291062e-10,-8.4869056227177e-12,-1.392881365802623e-10,-3.0229949924000085e-11,-9.09070934848864e-16,1.3010274480706997e-15
6.1000,-1.5956762281385417e-06,-4.980655723466842e-12,0.30653910874962403,-1.0791601613923104e-12,5.1529682863654715e-08,9.316384360700024e-12,0.0,0.0,0.0,1.6857789309460174e-11,1.7257730710641238e-11,1.5123872280226003e-11,-6.611054187386856e-14,-5.566539467050604e-15,7.976964154655032e-15,-7.552336533933612e-11,4.263617237043604e-11,8.98584817665693e-11,-2.039816088542046e-11,-9.071874772677149e-16,1.3061700514456378e-15
6.1200,-1.5956762281385417e-06,-4.980655723466842e-12,0.30653910874962403,-1.0791601613923104e-12,5.1529682863654715e-08,9.316384360700024e-12,0.0,0.0,0.0,1.5984707730204477e-11,1.5714864931061052e-11,1.4007040097935255e-11,4.446751462179431e-14,-5.584716607602539e-15,8.003041566915155e-15,-2.3195803611208987e-10,4.5837861284425685e-11,-1.4207843235247708e-10,-4.359719782696931e-11,-9.081561769025472e-16,1.3037802935687476e-15
6.1400,-1.5956762281385417e-06,-4.980655723466842e-12,0.30653910874962403,-1.0791601613923104e-12,5.1529682863654715e-08,9.316384360700024e-12,0.0,0.0,0.0,1.4712667534805306e-11,1.4855613039200627e-11,1.3016081088640345e-11,-2.2629899975825395e-14,-5.6028862727586715e-15,8.029127491214507e-15,-1.1859999093921658e-10,6.505634919662384e-11,-8.020339947734101e-11,-3.021491443167865e-11,-9.065061389369126e-16,1.3060059272315787e-15
6.1600,-1.5956762281385417e-06,-4.980655723466842e-12,0.30653910874962403,-1.0791601613923104e-12,5.1529682863654715e-08,9.316384360700024e-12,0.0,0.0,0.0,1.3603904453457528e-11,1.4013654952616912e-11,1.2275368625053144e-11,-6.803391412127924e-14,-5.6210692972361436e-15,8.055206218017657e-15,-7.074166252785119e-11,4.70685990183739e-11,9.531767042325612e-11,-2.0318718191711913e-11,-9.123700433924067e-16,1.3027998612041068e-15
6.1800,-1.5956762281385417e-06,-4.980655723466842e-12,0.30653910874962403,-1.0791601613923104e-12,5.1529682863654715e-08,9.316384360700024e-12,0.0,0.0,0.0,1.30967236838531e-11,1.2537955695380685e-11,1.1346069237611016e-11,9.011827208195961e-14,-5.639246549569131e-15,8.08128527250013e-15,3.899234823911968e-10,-5.648354284293333e-10,-1.3588030700617537e-10,1.5571368451157616e-10,-9.07003545800298e-16,1.3043395512080753e-15
6.2000,-1.5956762281385417e-06,-4.980655723466842e-12,0.30653910874962403,-1.0791601613923104e-12,5.1529682863654715e-08,9.316384360700024e-12,0.0,0.0,0.0,1.1928880583850256e-11,1.1875829369390853e-11,1.0493666894456595e-11,1.0137880594326296e-14,-5.657437537907863e-15,8.107351136886289e-15,-1.8987364458489253e-10,3.7045283507453064e-11,-1.170617491830228e-10,-3.648807897746153e-11,-9.091878783351442e-16,1.3029138880515473e-15
6.2200,-1.5956762281385417e-06,-4.980655723466842e-12,0.30653910874962403,-1.0791601613923104e-12,5.1529682863654715e-08,9.316384360700024e-12,0.0,0.0,0.0,1.0986659199602211e-11,1.1272422711417874e-11,9.92705152871861e-12,-4.6571589718885455e-14,-5.675639553745787e-15,8.133419353619428e-15,-6.927633466879968e-11,7.870781804086846e-11,1.0826856078338665e-10,-2.493693868288045e-11,-9.09885906689166e-16,1.3038870619063129e-15
6.2400,-1.5956762281385417e-06,-4.980655723466842e-12,0.30653910874962403,-1.0791601613923104e-12,5.1529682863654715e-08,9.316384360700024e-12,0.0,0.0,0.0,1.060133445526804e-11,1.0055668375242687e-11,9.161920486860894e-12,8.768862897401332e-14,-5.693816720947002e-15,8.159502061755362e-15,4.0322126193537144e-10,-5.497111932317722e-10,-1.2452575082200212e-10,1.5530811068076138e-10,-9.062652722143433e-16,1.3069128679075165e-15
6.2600,-1.5956762281385417e-06,-4.980655723466842e-12,0.30653910874962403,-1.0791601613923104e-12,5.1529682863654715e-08,9.316384360700024e-12,0.0,0.0,0.0,9.658988059907423e-12,9.619220747204392e-12,8.499461482541733e-12,7.429460190393014e-15,-5.711982071501349e-15,8.18559421613507e-15,-1.2094270029905374e-10,1.0555836760239856e-10,-6.377870453988521e-11,-3.6394975463499127e-11,-9.073057314216758e-16,1.3055170171674455e-15
6.2800,-1.5956762281385417e-06,-4.980655723466842e-12,0.30653910874962403,-1.0791601613923104e-12,5.1529682863654715e-08,9.316384360700024e-12,0.0,0.0,0.0,8.78856230066008e-12,9.09958732757771e-12,7.942077038386416e-12,-5.1696235840351345e-14,-5.731071233605485e-15,8.212974792891674e-15,-1.425871087867847e-10,-4.661687702522954e-12,-1.2381345948497824e-10,-2.3126028625126144e-11,-9.104685243225825e-16,1.3031151468848457e-15
6.3000,-1.5956762281385417e-06,-4.980655723466842e-12,0.30653910874962403,-1.0791601613923104e-12,5.1529682863654715e-08,9.316384360700024e-12,0.0,0.0,0.0,8.162450083032433e-12,8.554253438420703e-12,7.425188145587754e-12,-6.440406074376701e-14,-5.748344519394152e-15,8.23774241124773e-15,-1.3060841297374282e-10,-1.2484346889607423e-11,-1.22038185113027e-10,-2.037402798015312e-11,-9.105365020253221e-16,1.3022171331420786e-15
6.3200,-1.5956762281385417e-06,-4.980655723466842e-12,0.30653910874962403,-1.0791601613923104e-12,5.1529682863654715e-08,9.316384360700024e-12,0.0,0.0,0.0,7.887127373956722e-12,7.612335700169895e-12,6.83939670245711e-12,4.5499968364479526e-14,-5.766530322243501e-15,8.263813614347722e-15,-2.0059431893315605e-10,7.737468998847419e-11,-1.0417378071281291e-10,-4.36386943374078e-11,-9.094522498084096e-16,1.3038374633296036e-15
6.3400,-1.5956762281385417e-06,-4.980655723466842e-12,0.30653910874962403,-1.0791601613923104e-12,5.1529682863654715e-08,9.316384360700024e-12,0.0,0.0,0.0,7.191969692538243e-12,7.332497825075339e-12,6.521288051924942e-12,-2.2189513438307632e-14,-5.784704279046745e-15,8.289899317755114e-15,-7.336739549224092e-11,1.1037876168629168e-10,1.2028486540138772e-10,-3.023471850806328e-11,-9.118814224278976e-16,1.3012384395110854e-15
6.3600,-1.5956762281385417e-06,-4.980655723466842e-12,0.30653910874962403,-1.0791601613923104e-12,5.1529682863654715e-08,9.316384360700024e-12,0.0,0.0,0.0,6.51829951733854e-12,6.926896966620137e-12,5.984378313034187e-12,-6.785125533123593e-14,-5.802884100050987e-15,8.315982730677053e-15,-1.1843440117509374e-10,-5.802580638203381e-13,-1.1272865974021329e-10,-2.0326863287810645e-11,-9.088562190277702e-16,1.3047978167120552e-15
6.3800,-1.5956762281385417e-06,-4.980655723466842e-12,0.30653910874962403,-1.0791601613923104e-12,5.1529682863654715e-08,9.316384360700024e-12,0.0,0.0,0.0,6.417719028956076e-12,6.152076231270401e-12,5.540188961067303e-12,4.3728267889676417e-14,-5.821059691926428e-15,8.342070313792825e-15,-1.3441775470468542e-10,1.432211016449969e-10,-5.28966037638412e-11,-4.35641025165211e-11,-9.067774016518611e-16,1.3053460538240818e-15
6.4000,-1.5956762281385417e-06,-4.980655723466842e-12,0.30653910874962403,-1.0791601613923104e-12,5.1529682863654715e-08,9.316384360700024e-12,0.0,0.0,0.0,5.919761048550657e-12,5.862799073487026e-12,5.299430853172824e-12,1.070686682122089e-14,-5.839228486065925e-15,8.368152238539911e-15,-9.504719233888181e-11,1.3045145519363643e-10,1.222408285705967e-10,-3.61541142992692e-11,-9.103308847773761e-16,1.303657865875006e-15
6.4200,-1.5956762281385417e-06,-4.980655723466842e-12,0.30653910874962403,-1.0791601613923104e-12,5.1529682863654715e-08,9.316384360700024e-12,0.0,0.0,0.0,5.3102479974087816e-12,5.5894040724045475e-12,4.856892513865859e-12,-4.5143462170442226e-14,-5.857423863549476e-15,8.394213877538609e-15,-1.3525361386435009e-10,1.29231347845149e-11,-1.1292530799345002e-10,-2.4980717217237398e-11,-9.10474187201056e-16,1.3008571555708128e-15
6.4400,-1.5956762281385417e-06,-4.980655723466842e-12,0.30653910874962403,-1.0791601613923104e-12,5.1529682863654715e-08,9.316384360700024e-12,0.0,0.0,0.0,5.308965467770735e-12,4.759946680744477e-12,4.439673143702381e-12,8.834110285371456e-14,-5.875603659691563e-15,8.420283835837662e-15,4.258292329861746e-10,-5.269805702923236e-10,-9.45394318385695e-11,1.5527931761347369e-10,-9.09080588873793e-16,1.303432041431876e-15
6.4600,-1.5956762281385417e-06,-4.980655723466842e-12,0.30653910874962403,-1.0791601613923104e-12,5.1529682863654715e-08,9.316384360700024e-12,0.0,0.0,0.0,4.7520950568758176e-12,4.71071747669788e-12,4.276280039100485e-12,7.700584616720882e-15,-5.8937818463883334e-15,8.44636442260439e-15,-8.399952955429058e-11,1.4256248959121365e-10,1.307740582490169e-10,-3.640714928451876e-11,-9.107832926018482e-16,1.3031335946668669e-15
6.4800,-1.5956762281385417e-06,-4.980655723466842e-12,0.30653910874962403,-1.0791601613923104e-12,5.1529682863654715e-08,9.316384360700024e-12,0.0,0.0,0.0,4.227952299901163e-12,4.519584644914033e-12,3.9058941227187635e-12,-4.766714532569539e-14,-5.91196164585817e-15,8.472446124580162e-15,-1.2498377333081123e-10,2.2784218955962388e-11,-1.0532094640858247e-10,-2.488846432042066e-11,-9.102413660507147e-16,1.3044645679771341e-15
6.5000,-1.5956762281385417e-06,-4.980655723466842e-12,0.30653910874962403,-1.0791601613923104e-12,5.1529682863654715e-08,9.316384360700024e-12,0.0,0.0,0.0,3.945079990991275e-12,4.225348925791351e-12,3.64895592977473e-12,-4.5737895417340005e-14,-5.929236249495685e-15,8.497213194415387e-15,-1.2254741665884694e-10,2.238562113454634e-11,-1.0446193909885437e-10,-2.4293038661738425e-11,-9.10266731957789e-16,1.3028650951487546e-15
6.5200,-1.5956762281385417e-06,-4.980655723466842e-12,0.30653910874962403,-1.0791601613923104e-12,5.1529682863654715e-08,9.316384360700024e-12,0.0,0.0,0.0,3.825786055150516e-12,3.772684408810234e-12,3.3873033690456545e-12,1.014751087916182e-14,-5.949261506567883e-15,8.525875963360174e-15,-1.6818085812886352e-10,5.874103981007295e-11,-1.0614598089375704e-10,-3.6488450926579254e-11,-9.097402496958724e-16,1.3023653515001389e-15
6.5400,-1.5956762281385417e-06,-4.980655723466842e-12,0.30653910874962403,-1.0791601613923104e-12,5.1529682863654715e-08,9.316384360700024e-12,0.0,0.0,0.0,3.429064815957419e-12,3.7148248860817145e-12,3.288792280869943e-12,-4.6566576743700753e-14,-5.9674418273608535e-15,8.551949694318332e-15,-4.690353661018776e-11,1.0108250347862224e-10,1.2074399813322145e-10,-2.4937099396355874e-11,-9.10453613978451e-16,1.302408451745956e-15
6.5600,-1.5956762281385417e-06,-4.980655723466842e-12,0.30653910874962403,-1.0791601613923104e-12,5.1529682863654715e-08,9.316384360700024e-12,0.0,0.0,0.0,3.063794002361478e-12,3.4710777524936136e-12,2.8707893708068346e-12,-6.761611315678928e-14,-5.984701666668571e-15,8.576737340592238e-15,-1.0318845777845809e-10,1.4715784146801525e-11,-8.896189340745764e-11,-2.0337323871352513e-11,-9.091291588514106e-16,1.3046381725081937e-15
6.5800,-1.5956762281385417e-06,-4.980655723466842e-12,0.30653910874962403,-1.0791601613923104e-12,5.1529682863654715e-08,9.316384360700024e-12,0.0,0.0,0.0,3.219041456142848e-12,2.952799637624238e-12,2.814261865907684e-12,4.382681535906364e-14,-6.002856681892745e-15,8.60282810110644e-15,-1.0368489400391923e-10,1.7397769336291447e-10,1.3592987846422488e-10,-4.3568291775764164e-11,-9.081731125984086e-16,1.3047142119131832e-15
6.6000,-1.5956762281385417e-06,-4.980655723466842e-12,0.30653910874962403,-1.0791601613923104e-12,5.1529682863654715e-08,9.316384360700024e-12,0.0,0.0,0.0,2.8379864907835085e-12,2.8394241341943023e-12,2.5345080346960907e-12,-4.390032083558092e-16,-6.0210255558816396e-15,8.628908389508298e-15,-1.5111512041698916e-10,6.099629135114526e-11,-9.886066965059115e-11,-3.3949839527879616e-11,-9.117314434159035e-16,1.3023386757525646e-15
6.6200,-1.5956762281385417e-06,-4.980655723466842e-12,0.30653910874962403,-1.0791601613923104e-12,5.1529682863654715e-08,9.316384360700024e-12,0.0,0.0,0.0,2.4803972270282212e-12,2.8722408002455627e-12,2.422562720566478e-12,-6.44022880828071e-14,-6.040118086605202e-15,8.656287383909748e-15,-1.1447895409411046e-10,3.645223012327392e-12,-1.1396741883551442e-10,-2.037413946299418e-11,-9.080476934059818e-16,1.3034599471970211e-15
6.6400,-1.5956762281385417e-06,-4.980655723466842e-12,0.30653910874962403,-1.0791601613923104e-12,5.1529682863654715e-08,9.316384360700024e-12,0.0,0.0,0.0,2.792058673678512e-12,2.2393236926330785e-12,2.303030725153664e-12,8.914031512595291e-14,-6.057394870613471e-15,8.681046364461212e-15,5.079849874078946e-10,-4.446991663797917e-10,1.3422399303131272e-10,1.5524885340924671e-10,-9.086551707119376e-16,1.3050668075754513e-15
6.6600,-1.5956762281385417e-06,-4.980655723466842e-12,0.30653910874962403,-1.0791601613923104e-12,5.1529682863654715e-08,9.316384360700024e-12,0.0,0.0,0.0,2.3264672193990222e-12,2.28326576483623e-12,2.0572857729883246e-12,8.046732863342239e-15,-6.075560680657135e-15,8.707131460391293e-15,-1.6117807088988911e-10,6.545261554968818e-11,-1.0050524301696839e-10,-3.642272666613346e-11,-9.068910653670126e-16,1.3069167349768802e-15
6.6800,-1.5956762281385417e-06,-4.980655723466842e-12,0.30653910874962403,-1.0791601613923104e-12,5.1529682863654715e-08,9.316384360700024e-12,0.0,0.0,0.0,2.042078345837497e-12,2.3328340032389712e-12,2.054569196024944e-12,-4.7522955339595614e-14,-6.093729976324097e-15,8.733213764381666e-15,-4.1839198772208874e-11,1.0596196142742542e-10,1.2513851066486836e-10,-2.4894959569719332e-11,-9.09152934090167e-16,1.3038457293454648e-15
6.7000,-1.5956762281385417e-06,-4.980655723466842e-12,0.30653910874962403,-1.0791601613923104e-12,5.1529682863654715e-08,9.316384360700024e-12,0.0,0.0,0.0,2.2842267860257137e-12,1.7409648106934689e-12,1.856189355692281e-12,8.729359804277268e-14,-6.111893827553612e-15,8.759311389357578e-15,5.155680327106893e-10,-4.374546835883564e-10,1.396335824743744e-10,1.5532582773435515e-10,-9.061093982997138e-16,1.3071433212533544e-15
6.7200,-1.5956762281385417e-06,-4.980655723466842e-12,0.30653910874962403,-1.0791601613923104e-12,5.1529682863654715e-08,9.316384360700024e-12,0.0,0.0,0.0,2.0356427715418034e-12,1.753201855404341e-12,1.6849387864114798e-12,4.686200108531903e-14,-6.130078028188029e-15,8.785381281077688e-15,-1.2430736995305836e-10,1.5200932179659787e-10,-5.3190757354215634e-11,-4.325783205673141e-11,-9.101497049262668e-16,1.3020707072844056e-15
6.7400,-1.5956762281385417e-06,-4.980655723466842e-12,0.30653910874962403,-1.0791601613923104e-12,5.1529682863654715e-08,9.316384360700024e-12,0.0,0.0,0.0,1.609304640076716e-12,1.888477368417852e-12,1.59389003454021e-12,-4.514242544586948e-14,-6.149182153135383e-15,8.812749191373911e-15,-1.2614709277158909e-10,2.2029544854973437e-11,-1.1100420582721426e-10,-2.4980731443041596e-11,-9.09294207026214e-16,1.3048255686216063e-15
6.7600,-1.5956762281385417e-06,-4.980655723466842e-12,0.30653910874962403,-1.0791601613923104e-12,5.1529682863654715e-08,9.316384360700024e-12,0.0,0.0,0.0,1.447101361490313e-12,1.850911778889908e-12,1.5279562483316491e-12,-6.693750235886335e-14,-6.166444055962597e-15,8.837524855781963e-15,-2.4288959732388093e-11,9.374190312883002e-11,1.3694545497600075e-10,-2.036721152198894e-11,-9.08675945353022e-16,1.3050098487456515e-15
6.7800,-1.5956762281385417e-06,-4.980655723466842e-12,0.30653910874962403,-1.0791601613923104e-12,5.1529682863654715e-08,9.316384360700024e-12,0.0,0.0,0.0,1.631585650446768e-12,1.3636647028701382e-12,1.3347336159929747e-12,4.4108522094407814e-14,-6.184619663794765e-15,8.863604771529854e-15,-1.838518226549013e-10,9.387504662505819e-11,-9.796283229057678e-11,-4.358120255103156e-11,-9.082172844567092e-16,1.3041609149373496e-15
6.8000,-1.5956762281385417e-06,-4.980655723466842e-12,0.30653910874962403,-1.0791601613923104e-12,5.1529682863654715e-08,9.316384360700024e-12,0.0,0.0,0.0,1.2446507219044084e-12,1.5362957234597578e-12,1.2750439738750861e-12,-4.766627136501496e-14,-6.203700722969142e-15,8.890997341208411e-15,-1.1904111030247577e-10,2.8726687695268538e-11,-1.060366794369827e-10,-2.4888497814346707e-11,-9.086461159793623e-16,1.304980852756459e-15
6.8200,-1.5956762281385417e-06,-4.980655723466842e-12,0.30653910874962403,-1.0791601613923104e-12,5.1529682863654715e-08,9.316384360700024e-12,0.0,0.0,0.0,1.1058276577491619e-12,1.5266014225421849e-12,1.1450859017935935e-12,-7.052661157690297e-14,-6.221881379784385e-15,8.917070438331146e-15,-3.657840697002257e-11,7.314071570618808e-11,-4.59051963108692e-11,-1.8831491940388127e-11,-9.10262680840739e-16,1.3031155431043591e-15
6.8400,-1.5956762281385417e-06,-4.980655723466842e-12,0.30653910874962403,-1.0791601613923104e-12,5.1529682863654715e-08,9.316384360700024e-12,0.0,0.0,0.0,1.5228134092326846e-12,9.619801561343021e-13,1.0995226264187335e-12,9.085575918256849e-14,-6.2391634586071875e-15,8.941838810716924e-15,4.925830021651478e-10,-4.600835823431737e-10,-5.0827786424179067e-11,1.5525893109751867e-10,-9.069747011851576e-16,1.304671069481155e-15
6.8600,-1.5956762281385417e-06,-4.980655723466842e-12,0.30653910874962403,-1.0791601613923104e-12,5.1529682863654715e-08,9.316384360700024e-12,0.0,0.0,0.0,1.2157964973391865e-12,1.1678213058151093e-12,1.153116477997615e-12,9.037862134055398e-15,-6.257355872976342e-15,8.96790525253471e-15,-8.403985840566008e-11,1.4275730597645975e-10,1.2524473125274938e-10,-3.646300400324627e-11,-9.09030970444749e-16,1.3046201350077563e-15
6.8800,-1.5956762281385417e-06,-4.980655723466842e-12,0.30653910874962403,-1.0791601613923104e-12,5.1529682863654715e-08,9.316384360700024e-12,0.0,0.0,0.0,9.253771976192292e-13,1.2138056887832098e-12,9.83741769294796e-13,-4.710231239198195e-14,-6.275534250213339e-15,8.993986364780333e-15,-1.2358261636258305e-10,2.430575185563555e-11,-1.0884984580350476e-10,-2.4913907113511806e-11,-9.112649081737496e-16,1.3020190895598211e-15
6.9000,-1.5956762281385417e-06,-4.980655723466842e-12,0.30653910874962403,-1.0791601613923104e-12,5.1529682863654715e-08,9.316384360700024e-12,0.0,0.0,0.0,1.2427383349889162e-12,6.983664696989524e-13,8.607633918133653e-13,8.746779588786222e-14,-6.293698704414094e-15,9.020070723690836e-15,4.335997116911017e-10,-5.193815100223986e-10,-9.588244087588293e-11,1.5531814343632522e-10,-9.077931087201339e-16,1.3043687134605708e-15
6.9200,-1.5956762281385417e-06,-4.980655723466842e-12,0.30653910874962403,-1.0791601613923104e-12,5.1529682863654715e-08,9.316384360700024e-12,0.0,0.0,0.0,9.626447200206364e-13,9.234949411194848e-13,9.33124064822452e-13,7.338042587885787e-15,-6.311857442818321e-15,9.04616815659458e-15,-7.61493368361954e-11,1.5032769473677376e-10,1.3058540360155746e-10,-3.639082074263908e-11,-9.100050045673517e-16,1.303114262628771e-15
6.9400,-1.5956762281385417e-06,-4.980655723466842e-12,0.30653910874962403,-1.0791601613923104e-12,5.1529682863654715e-08,9.316384360700024e-12,0.0,0.0,0.0,7.787492656008672e-13,9.047071364741144e-13,7.810776338212563e-13,-1.9319120427982998e-14,-6.330055317667676e-15,9.072236323541371e-15,-1.345535904917483e-10,4.835037925587926e-11,-1.0419887175316944e-10,-3.002664172065528e-11,-9.106425511293448e-16,1.3014740073146507e-15
6.9600,-1.5956762281385417e-06,-4.980655723466842e-12,0.30653910874962403,-1.0791601613923104e-12,5.1529682863654715e-08,9.316384360700024e-12,0.0,0.0,0.0,6.186515249806655e-13,1.0160459357653752e-12,7.170198192129805e-13,-6.55547423146467e-14,-6.3482435127911865e-15,9.098302268312944e-15,-4.135664033455555e-11,7.686723479949364e-11,-4.95083418705633e-11,-2.0411832545901886e-11,-9.080831500893485e-16,1.3047414898482434e-15
6.9800,-1.5956762281385417e-06,-4.980655723466842e-12,0.30653910874962403,-1.0791601613923104e-12,5.1529682863654715e-08,9.316384360700024e-12,0.0,0.0,0.0,7.693120923357977e-13,7.248272754676876e-13,6.889065297388173e-13,8.298911844298346e-15,-6.367326045289212e-15,9.125687684741186e-15,-1.6125942248201852e-10,6.541786556901741e-11,-1.064762167324318e-10,-3.643380769222757e-11,-9.072597699581199e-16,1.304718748998843e-15
7.0000,-1.5956762281385417e-06,-4.980655723466842e-12,0.30653910874962403,-1.0791601613923104e-12,5.1529682863654715e-08,9.316384360700024e-12,0.0,0.0,0.0,6.290875103898397e-13,7.714002431722931e-13,6.504163187203902e-13,-2.2518931839183634e-14,-6.384598736554634e-15,9.150462102784922e-15,-1.3998510683954635e-10,4.36950753357479e-11,-1.0752126966551145e-10,-3.0219855187270176e-11,-9.08929237982753e-16,1.3040479543257187e-15
7.0200,-1.5956762281385417e-06,-4.980655723466842e-12,0.30653910874962403,-1.0791601613923104e-12,5.1529682863654715e-08,9.316384360700024e-12,0.0,0.0,0.0,9.371809777947418e-13,3.9362160146977323e-13,6.824657096393325e-13,8.733685037178794e-14,-6.403678247244836e-15,9.177843296915224e-15,5.146384984833219e-10,-4.3837369845256546e-10,1.316925735128649e-10,1.5532396268782838e-10,-9.069001130685527e-16,1.3057049393677278e-15
7.0400,-1.5956762281385417e-06,-4.980655723466842e-12,0.30653910874962403,-1.0791601613923104e-12,5.1529682863654715e-08,9.316384360700024e-12,0.0,0.0,0.0,8.927214583953881e-13,3.5382812739831426e-13,6.440925438832764e-13,8.605003346286221e-14,-6.4209513522366345e-15,9.202616894326312e-15,5.180530449067078e-10,-4.4160283763083896e-10,1.3159939804552323e-10,1.5657714656435435e-10,-9.082196547427545e-16,1.3050737583741386e-15
7.0600,-1.5956762281385417e-06,-4.980655723466842e-12,0.30653910874962403,-1.0791601613923104e-12,5.1529682863654715e-08,9.316384360700024e-12,0.0,0.0,0.0,5.700931176855473e-13,5.141594589428974e-13,5.055235820227906e-13,1.0741225755825393e-14,-6.439140808609162e-15,9.22868808950109e-15,-1.5508247463991154e-10,7.180778194282311e-11,-1.0201972600043518e-10,-3.647411597068384e-11,-9.067682414537577e-16,1.30730780529098e-15
7.0800,-1.5956762281385417e-06,-4.980655723466842e-12,0.30653910874962403,-1.0791601613923104e-12,5.1529682863654715e-08,9.316384360700024e-12,0.0,0.0,0.0,3.852053181707928e-13,6.691690196856666e-13,4.336350035993504e-13,-4.6188297781215114e-14,-6.457324026553013e-15,9.25476323568007e-15,-5.2675586115213946e-11,9.53712664397699e-11,-4.316144663896182e-11,-2.4952062235312996e-11,-9.07433610235654e-16,1.3051904768672923e-15
7.1000,-1.5956762281385417e-06,-4.980655723466842e-12,0.30653910874962403,-1.0791601613923104e-12,5.1529682863654715e-08,9.316384360700024e-12,0.0,0.0,0.0,6.242853239635506e-13,3.554949884919107e-13,4.561998424856469e-13,4.426465418358282e-14,-6.476409427813493e-15,9.282143101744602e-15,-1.8583484751033552e-10,9.192246963607431e-11,-1.0545772588521629e-10,-4.358818784645332e-11,-9.089654486412481e-16,1.303838557689554e-15
7.1200,-1.5956762281385417e-06,-4.980655723466842e-12,0.30653910874962403,-1.0791601613923104e-12,5.1529682863654715e-08,9.316384360700024e-12,0.0,0.0,0.0,3.481889837287067e-13,4.916276491915834e-13,3.392350435282494e-13,-2.2713378857422418e-14,-6.494582727766673e-15,9.308222684051855e-15,-1.3012235733356192e-10,5.351419307686456e-11,-8.790820849036152e-11,-3.0211103673388726e-11,-9.079958602008477e-16,1.3031152205039202e-15
7.1400,-1.5956762281385417e-06,-4.980655723466842e-12,0.30653910874962403,-1.0791601613923104e-12,5.1529682863654715e-08,9.316384360700024e-12,0.0,0.0,0.0,2.455855579730749e-13,5.377505879931571e-13,3.166879126991957e-13,-4.775124792990766e-14,-6.51185403154663e-15,9.333002675312652e-15,-1.1240500197295944e-10,3.5340730342170446e-11,-8.884790125840425e-11,-2.4884799228501775e-11,-9.108548325578958e-16,1.301338411732738e-15
7.1600,-1.5956762281385417e-06,-4.980655723466842e-12,0.30653910874962403,-1.0791601613923104e-12,5.1529682863654715e-08,9.316384360700024e-12,0.0,0.0,0.0,2.177542929027421e-13,6.084925003211886e-13,4.5350583080524256e-13,-6.430890670198672e-14,-6.5300401608411536e-15,9.359073791466038e-15,-1.9372337067835588e-11,9.816136792295538e-11,1.3278161903329533e-10,-2.0232345220116116e-11,-9.105988197447203e-16,1.3033408646216767e-15
7.1800,-1.5956762281385417e-06,-4.980655723466842e-12,0.30653910874962403,-1.0791601613923104e-12,5.1529682863654715e-08,9.316384360700024e-12,0.0,0.0,0.0,4.854768037299264e-13,2.082466916029639e-13,3.287994189415583e-13,4.602556985782376e-14,-6.548211856958954e-15,9.385150869718076e-15,-1.796558735112086e-10,9.838027614783584e-11,-1.011701555864164e-10,-4.365389510572943e-11,-9.098374607886403e-16,1.3026844273224445e-15
7.2000,-1.5956762281385417e-06,-4.980655723466842e-12,0.30653910874962403,-1.0791601613923104e-12,5.1529682863654715e-08,9.316384360700024e-12,0.0,0.0,0.0,2.7692651558000385e-13,4.1618888284672367e-13,2.697366920101002e-13,-2.1946461565839966e-14,-6.566394442354896e-15,9.411234512209102e-15,-6.990738543599662e-11,1.138828475966136e-10,-4.259859132105248e-11,-3.024523988189336e-11,-9.10535377059689e-16,1.3026629446147558e-15
7.2200,-1.5956762281385417e-06,-4.980655723466842e-12,0.30653910874962403,-1.0791601613923104e-12,5.1529682863654715e-08,9.316384360700024e-12,0.0,0.0,0.0,1.9087979027945575e-13,4.809732829134655e-13,2.8032960744380484e-13,-4.7418846096523854e-14,-6.5836657635991194e-15,9.4360058696763e-15,-5.418770987475341e-11,9.36372646087591e-11,-4.7757353627275734e-11,-2.4899744905154425e-11,-9.092660874348805e-16,1.3035259446293743e-15
7.2400,-1.5956762281385417e-06,-4.980655723466842e-12,0.30653910874962403,-1.0791601613923104e-12,5.1529682863654715e-08,9.316384360700024e-12,0.0,0.0,0.0,4.342973541626971e-13,1.6834608100962872e-13,2.843243841754354e-13,4.377050900980906e-14,-6.602749389146429e-15,9.46339754689563e-15,-1.8516072008978313e-10,9.248890542323807e-11,-1.050521336587451e-10,-4.356593147309571e-11,-9.073543133934122e-16,1.3050171089098879e-15
7.2600,-1.5956762281385417e-06,-4.980655723466842e-12,0.30653910874962403,-1.0791601613923104e-12,5.1529682863654715e-08,9.316384360700024e-12,0.0,0.0,0.0,2.7208000349945633e-13,2.1496395723558056e-13,1.8175046259668312e-13,1.0725211837155651e-14,-6.620934947468368e-15,9.489466921022366e-15,-1.5032214362165064e-10,7.518227707059566e-11,-8.804612594559558e-11,-3.61548853816366e-11,-9.10196748342064e-16,1.3022198165159857e-15
7.2800,-1.5956762281385417e-06,-4.980655723466842e-12,0.30653910874962403,-1.0791601613923104e-12,5.1529682863654715e-08,9.316384360700024e-12,0.0,0.0,0.0,1.2771589949503228e-13,4.067899845204276e-13,3.0210255200221193e-13,-4.513466530416948e-14,-6.639139135460245e-15,9.515523729034825e-15,-3.223540878671827e-11,1.1594436521988882e-10,1.3776260687770048e-10,-2.498115182407305e-11,-9.118284828686942e-16,1.3033811814047326e-15
7.3000,-1.5956762281385417e-06,-4.980655723466842e-12,0.30653910874962403,-1.0791601613923104e-12,5.1529682863654715e-08,9.316384360700024e-12,0.0,0.0,0.0,3.785421203994755e-13,1.073319150677871e-13,1.7207514649283113e-13,4.473702171065988e-14,-6.658235339443926e-15,9.542896958559813e-15,-1.1619818995889375e-10,1.6164863891887649e-10,-4.106082140964418e-11,-4.360893039897734e-11,-9.060464366202087e-16,1.3051565732155256e-15
7.3200,-1.5956762281385417e-06,-4.980655723466842e-12,0.30653910874962403,-1.0791601613923104e-12,5.1529682863654715e-08,9.316384360700024e-12,0.0,0.0,0.0,1.913332886294395e-13,3.336175997024621e-13,2.915819398429858e-13,-2.2516188223502495e-14,-6.676402132118602e-15,9.56898168513969e-15,-5.6699783756997135e-11,1.2698048168502396e-10,1.3399870102404066e-10,-3.021988365948447e-11,-9.094835102045289e-16,1.3040718871423817e-15
7.3400,-1.5956762281385417e-06,-4.980655723466842e-12,0.30653910874962403,-1.0791601613923104e-12,5.1529682863654715e-08,9.316384360700024e-12,0.0,0.0,0.0,1.3852231081637254e-13,2.8237259146562883e-13,1.4568270270683689e-13,-2.2776114880758554e-14,-6.692752909655806e-15,9.592459815950107e-15,-6.86013468254032e-11,1.1502088170800562e-10,-4.165254252619377e-11,-3.0208189322516376e-11,-9.07798523858014e-16,1.3054208615571393e-15
7.3600,-1.5956762281385417e-06,-4.980655723466842e-12,0.30653910874962403,-1.0791601613923104e-12,5.1529682863654715e-08,9.316384360700024e-12,0.0,0.0,0.0,4.2936704799936623e-13,-1.09524395618566e-13,1.026308905915567e-13,8.605168326999155e-14,-6.7127407660010394e-15,9.621151003759344e-15,4.4292750023267047e-10,-5.167271610595492e-10,-8.6582463421081e-11,1.5657709513065264e-10,-9.062348832529993e-16,1.3046183028026995e-15
7.3800,-1.5956762281385417e-06,-4.980655723466842e-12,0.30653910874962403,-1.0791601613923104e-12,5.1529682863654715e-08,9.316384360700024e-12,0.0,0.0,0.0,2.886906885491125e-13,5.875988074832102e-15,9.05880516432671e-14,4.7216624759951704e-14,-6.730015538112497e-15,9.645919624277803e-15,-1.7590723322413737e-10,1.0211989587283199e-10,-8.669875928291049e-11,-4.3640170619655264e-11,-9.076884600328882e-16,1.3044836915657157e-15
7.4000,-1.5956762281385417e-06,-4.980655723466842e-12,0.30653910874962403,-1.0791601613923104e-12,5.1529682863654715e-08,9.316384360700024e-12,0.0,0.0,0.0,1.1097071092594273e-13,2.4689383264592187e-13,2.2208161767896794e-13,-2.1235196905043715e-14,-6.748203561058778e-15,9.671990377417185e-15,-4.9791309963964636e-11,1.3411735610979747e-10,1.3804316023602325e-10,-3.027400159246472e-11,-9.09810755262564e-16,1.3037310027032262e-15
7.4200,-1.5956762281385417e-06,-4.980655723466842e-12,0.30653910874962403,-1.0791601613923104e-12,5.1529682863654715e-08,9.316384360700024e-12,0.0,0.0,0.0,4.304608674788025e-13,-1.160850642935591e-13,9.42851220708445e-14,8.785417905991819e-14,-6.767292011088621e-15,9.699371584368783e-15,5.002097624995372e-10,-4.526895525103214e-10,-4.0306979975923696e-11,1.5530058673374626e-10,-9.07618570715753e-16,1.3056370237035341e-15
7.4400,-1.5956762281385417e-06,-4.980655723466842e-12,0.30653910874962403,-1.0791601613923104e-12,5.1529682863654715e-08,9.316384360700024e-12,0.0,0.0,0.0,3.9535092474787607e-13,-1.49031626438701e-13,1.2477270674989538e-13,8.746821353933334e-14,-6.7836614818215816e-15,9.722836139270126e-15,4.3754819212260543e-10,-5.154332238799242e-10,-9.984341131641372e-11,1.553181679853691e-10,-9.088827678031204e-16,1.3047071229753336e-15
7.4600,-1.5956762281385417e-06,-4.980655723466842e-12,0.30653910874962403,-1.0791601613923104e-12,5.1529682863654715e-08,9.316384360700024e-12,0.0,0.0,0.0,1.0232701405657253e-13,2.4676399206319206e-13,2.1377825967779647e-13,-2.286551136406263e-14,-6.802753334621416e-15,9.75021960912566e-15,-5.599021246638358e-11,1.276090344504155e-10,1.3384560126894485e-10,-3.0204368603311725e-11,-9.083389250880979e-16,1.3052243416415702e-15
7.4800,-1.5956762281385417e-06,-4.980655723466842e-12,0.30653910874962403,-1.0791601613923104e-12,5.1529682863654715e-08,9.316384360700024e-12,0.0,0.0,0.0,-6.406064040317264e-15,2.668246674062952e-13,1.2807378838016472e-13,-4.4075802457702965e-14,-6.820931397533915e-15,9.776300648269194e-15,-1.187980547268097e-10,2.8487434633461817e-11,-1.0392392502112102e-10,-2.4757325456440124e-11,-9.073581759132826e-16,1.3044323269583986e-15
7.5000,-1.5956762281385417e-06,-4.980655723466842e-12,0.30653910874962403,-1.0791601613923104e-12,5.1529682863654715e-08,9.316384360700024e-12,0.0,0.0,0.0,3.6277842449530607e-13,-1.9246477240736413e-13,3.3495387713430884e-14,8.96802219571107e-14,-6.839124298719955e-15,9.802369172368583e-15,4.39633079940549e-10,-5.129841829099036e-10,-8.650119509567844e-11,1.552342244252139e-10,-9.098235496786887e-16,1.3042306826589347e-15
7.5200,-1.5956762281385417e-06,-4.980655723466842e-12,0.30653910874962403,-1.0791601613923104e-12,5.1529682863654715e-08,9.316384360700024e-12,0.0,0.0,0.0,1.3695248321512833e-13,9.244343572950508e-14,1.6063860033828931e-13,8.299719996874912e-15,-6.857309730403023e-15,9.828443998241724e-15,-6.962264098575588e-11,1.5705353684225543e-10,1.3982914826016213e-10,-3.6433682696743526e-11,-9.082792903290165e-16,1.3049461136522737e-15
7.5400,-1.5956762281385417e-06,-4.980655723466842e-12,0.30653910874962403,-1.0791601613923104e-12,5.1529682863654715e-08,9.316384360700024e-12,0.0,0.0,0.0,-7.352429168269929e-14,2.165871032975825e-13,6.226276508255195e-14,-4.7418152407075407e-14,-6.875487023072232e-15,9.854528525114558e-15,-1.1099959840166207e-10,3.68249597482162e-11,-9.557180047359282e-11,-2.489970600087491e-11,-9.100303957034346e-16,1.3035175942410905e-15
7.5600,-1.5956762281385417e-06,-4.980655723466842e-12,0.30653910874962403,-1.0791601613923104e-12,5.1529682863654715e-08,9.316384360700024e-12,0.0,0.0,0.0,3.688033550497661e-13,-1.7478161191592013e-13,3.8765449877872865e-14,8.733746497691831e-14,-6.893672255128081e-15,9.880603985058865e-15,5.004993641755107e-10,-4.525128327603767e-10,-4.008332554761296e-11,1.5532404364962555e-10,-9.067852114776145e-16,1.3038983338965201e-15
7.5800,-1.5956762281385417e-06,-4.980655723466842e-12,0.30653910874962403,-1.0791601613923104e-12,5.1529682863654715e-08,9.316384360700024e-12,0.0,0.0,0.0,2.6029301544719173e-13,-6.39366943738841e-15,1.6740246758236437e-13,4.353426279598346e-14,-6.911855134370835e-15,9.90668225084117e-15,-9.986417248697421e-11,1.7236423399680234e-10,1.3487955197177826e-10,-4.251625356583543e-11,-9.080015156346957e-16,1.3048251393148684e-15
7.6000,-1.5956762281385417e-06,-4.980655723466842e-12,0.30653910874962403,-1.0791601613923104e-12,5.1529682863654715e-08,9.316384360700024e-12,0.0,0.0,0.0,7.144790842320624e-15,1.3522296564799584e-13,6.001367527926634e-14,-1.955136447717578e-14,-6.930055732699949e-15,9.932747314722463e-15,-1.3385539898713716e-10,5.01728936175283e-11,-9.894179919811563e-11,-3.0292987471425694e-11,-9.1107303287732e-16,1.3006597398186403e-15
7.6200,-1.5956762281385417e-06,-4.980655723466842e-12,0.30653910874962403,-1.0791601613923104e-12,5.1529682863654715e-08,9.316384360700024e-12,0.0,0.0,0.0,-1.6245221226560344e-13,2.3958021071562803e-13,-8.014019309313078e-15,-6.65698578647813e-14,-6.948233752059735e-15,9.958823297046217e-15,-9.423561930788082e-11,2.3855334374545123e-11,-8.538131313073904e-11,-2.0381874157983142e-11,-9.093038432667599e-16,1.3038543386412803e-15
7.6400,-1.5956762281385417e-06,-4.980655723466842e-12,0.30653910874962403,-1.0791601613923104e-12,5.1529682863654715e-08,9.316384360700024e-12,0.0,0.0,0.0,2.1175931061437137e-13,-5.705247991721956e-14,1.2677454988559717e-13,4.4264969084268823e-14,-6.9664150054335e-15,9.984898383170232e-15,-9.50088063778054e-11,1.8274884383551182e-10,1.3995382630582753e-10,-4.358823804397745e-11,-9.091377735239e-16,1.3049787980398175e-15
7.6600,-1.5956762281385417e-06,-4.980655723466842e-12,0.30653910874962403,-1.0791601613923104e-12,5.1529682863654715e-08,9.316384360700024e-12,0.0,0.0,0.0,-3.5048374785714135e-14,1.0838515589567328e-13,3.030729903149294e-14,-2.2712963235119742e-14,-6.984589976201356e-15,1.0010983124659214e-14,-1.2879142197164128e-10,5.484651621756598e-11,-9.548170587514448e-11,-3.021113833270224e-11,-9.077691515016428e-16,1.3044422208657054e-15
7.6800,-1.5956762281385417e-06,-4.980655723466842e-12,0.30653910874962403,-1.0791601613923104e-12,5.1529682863654715e-08,9.316384360700024e-12,0.0,0.0,0.0,-1.4058581468409858e-13,2.6938942137105727e-13,8.674853196852306e-15,-6.806806170561196e-14,-7.002761787899035e-15,1.0037068163786804e-14,-3.479602717071373e-11,8.300460319077274e-11,-3.9988096167675735e-11,-2.0317112701137132e-11,-9.086857259365847e-16,1.3047901553652217e-15
7.7000,-1.5956762281385417e-06,-4.980655723466842e-12,0.30653910874962403,-1.0791601613923104e-12,5.1529682863654715e-08,9.316384360700024e-12,0.0,0.0,0.0,3.6862494220970905e-13,-1.93763927635205e-13,1.3277724822398925e-13,9.106782707587617e-14,-7.0209549619698895e-15,1.0063138768103162e-14,5.147219594991981e-10,-4.384193841300288e-10,1.3602771686826998e-10,1.5537643550756617e-10,-9.092045042518662e-16,1.3032426633937157e-15
7.7200,-1.5956762281385417e-06,-4.980655723466842e-12,0.30653910874962403,-1.0791601613923104e-12,5.1529682863654715e-08,9.316384360700024e-12,0.0,0.0,0.0,6.796008808487654e-14,1.7608908265797614e-14,3.36326112792746e-14,9.546812789511722e-15,-7.039150027341652e-15,1.0089200437551207e-14,-1.5512674478301847e-10,7.174000282716975e-11,-9.879969065096361e-11,-3.647884916202955e-11,-9.072572739406215e-16,1.3051456701478715e-15
7.7400,-1.5956762281385417e-06,-4.980655723466842e-12,0.30653910874962403,-1.0791601613923104e-12,5.1529682863654715e-08,9.316384360700024e-12,0.0,0.0,0.0,-1.381904252417429e-13,1.4901498872715795e-13,-5.249385579001729e-14,-4.68701365640139e-14,-7.057338119548591e-15,1.0115269293914162e-14,-1.0767564617708558e-10,4.025588196121532e-11,-8.1889078851205e-11,-2.492412080258657e-11,-9.113184747358573e-16,1.3018596447064872e-15
7.7600,-1.5956762281385417e-06,-4.980655723466842e-12,0.30653910874962403,-1.0791601613923104e-12,5.1529682863654715e-08,9.316384360700024e-12,0.0,0.0,0.0,3.253843366690915e-13,-2.1959548674915862e-13,1.0419053189655031e-13,8.7563778714251e-14,-7.075508831794197e-15,1.0141355618298443e-14,5.204678632519943e-10,-4.3249132053446715e-10,1.4017850769043605e-10,1.5531368105067965e-10,-9.08523788374475e-16,1.3056846213303416e-15
7.7800,-1.5956762281385417e-06,-4.980655723466842e-12,0.30653910874962403,-1.0791601613923104e-12,5.1529682863654715e-08,9.316384360700024e-12,0.0,0.0,0.0,8.805726200991433e-14,4.860242157716997e-14,4.8731477880723e-14,7.378197811236451e-15,-7.093674972985971e-15,1.0167441156181204e-14,-9.463707595358528e-11,1.318513631609619e-10,-5.218089849101659e-11,-3.6392651246302e-11,-9.082126567947723e-16,1.3044198861619858e-15
7.8000,-1.5956762281385417e-06,-4.980655723466842e-12,0.30653910874962403,-1.0791601613923104e-12,5.1529682863654715e-08,9.316384360700024e-12,0.0,0.0,0.0,-4.2236930092284005e-14,9.32232008708504e-14,-3.789794797429962e-14,-2.146634425634122e-14,-7.111853172901913e-15,1.0193521180893597e-14,-1.3054021752445522e-10,4.9525328282840064e-11,-8.640588244901437e-11,-2.9482137083990443e-11,-9.106487123841374e-16,1.302859108015481e-15
7.8200,-1.5956762281385417e-06,-4.980655723466842e-12,0.30653910874962403,-1.0791601613923104e-12,5.1529682863654715e-08,9.316384360700024e-12,0.0,0.0,0.0,-1.2938158269745955e-13,2.6512716415721867e-13,1.150743257627069e-13,-6.494196551231723e-14,-7.130038630469531e-15,1.0219586619977397e-14,-2.0820123403098023e-11,9.74292035937907e-11,1.3627457495779538e-10,-2.0412821593588353e-11,-9.076041033268395e-16,1.303017000250805e-15
7.8400,-1.5956762281385417e-06,-4.980655723466842e-12,0.30653910874962403,-1.0791601613923104e-12,5.1529682863654715e-08,9.316384360700024e-12,0.0,0.0,0.0,1.6025364976693178e-13,-1.1256687855082461e-13,1.4077448234858842e-14,4.5071961490283456e-14,-7.148226042947007e-15,1.0245655275763113e-14,-1.8035606341726407e-10,9.754558272234704e-11,-9.799186462267073e-11,-4.362269469876151e-11,-9.0850382312962e-16,1.3041544033715675e-15
7.8600,-1.5956762281385417e-06,-4.980655723466842e-12,0.30653910874962403,-1.0791601613923104e-12,5.1529682863654715e-08,9.316384360700024e-12,0.0,0.0,0.0,-8.21632423486394e-14,5.931507456408057e-14,-6.736257315846094e-14,-2.2375593889728466e-14,-7.166415818817633e-15,1.0271731100873748e-14,-1.2551246153513773e-10,5.8197446861640856e-11,-8.184874999983549e-11,-3.022643132749318e-11,-9.086254079263174e-16,1.3055271493027687e-15
7.8800,-1.5956762281385417e-06,-4.980655723466842e-12,0.30653910874962403,-1.0791601613923104e-12,5.1529682863654715e-08,9.316384360700024e-12,0.0,0.0,0.0,-1.6775802361143823e-13,2.412770478308893e-13,8.948859778198093e-14,-6.792797846750807e-14,-7.184595850528761e-15,1.0297805981753576e-14,-1.4777318257941374e-11,1.0305875597360625e-10,1.40303435536282e-10,-2.0323335665520007e-11,-9.103593852853817e-16,1.3020087142333979e-15
7.9000,-1.5956762281385417e-06,-4.980655723466842e-12,0.30653910874962403,-1.0791601613923104e-12,5.1529682863654715e-08,9.316384360700024e-12,0.0,0.0,0.0,2.889410993523169e-13,-1.8212065795347821e-13,3.4911671470369575e-14,7.420937660816283e-14,-7.202763488548101e-15,1.0323896906340707e-14,5.056595697716659e-10,-4.681802445727357e-10,-5.206082787090338e-11,1.586790088884422e-10,-9.096887510852961e-16,1.3041399351554734e-15
7.9200,-1.5956762281385417e-06,-4.980655723466842e-12,0.30653910874962403,-1.0791601613923104e-12,5.1529682863654715e-08,9.316384360700024e-12,0.0,0.0,0.0,-1.150751108289421e-14,1.141439937467061e-13,8.863969350177689e-14,-1.91018783055981e-14,-7.221868060230063e-15,1.0351268539656923e-14,-5.23982801592382e-11,1.314023889698035e-10,1.3924425501521398e-10,-3.022991633683093e-11,-9.121213230035115e-16,1.3022772691726112e-15
7.9400,-1.5956762281385417e-06,-4.980655723466842e-12,0.30653910874962403,-1.0791601613923104e-12,5.1529682863654715e-08,9.316384360700024e-12,0.0,0.0,0.0,-1.862792359530205e-13,2.1361997675312014e-13,5.209874892572734e-15,-6.610953307751237e-14,-7.240058750015323e-15,1.0377334545096404e-14,-1.004288874284498e-10,1.7730150680961287e-11,-9.78628844627849e-11,-2.039803029376923e-11,-9.068195039042691e-16,1.3048410278000743e-15
7.9600,-1.5956762281385417e-06,-4.980655723466842e-12,0.30653910874962403,-1.0791601613923104e-12,5.1529682863654715e-08,9.316384360700024e-12,0.0,0.0,0.0,2.8564995421811824e-13,-2.6202624010446363e-13,2.8106274252064884e-15,8.806594885609687e-14,-7.257324873467095e-15,1.0402118698907886e-14,4.350649285278507e-10,-5.177944184531214e-10,-9.795467215134579e-11,1.5529126296931579e-10,-9.066394738342113e-16,1.3054443369429236e-15
7.9800,-1.5956762281385417e-06,-4.980655723466842e-12,0.30653910874962403,-1.0791601613923104e-12,5.1529682863654715e-08,9.316384360700024e-12,0.0,0.0,0.0,-3.34182073677588e-15,-4.4083659455241775e-14,-8.100382795087907e-14,7.585869984685485e-15,-7.275490709671174e-15,1.0428209379421314e-14,-1.4656664770740235e-10,7.997133510961874e-11,-8.102574167168086e-11,-3.640201678009679e-11,-9.069394252407546e-16,1.3036803651876675e-15
8.0000,-1.5956762281385417e-06,-4.980655723466842e-12,0.30653910874962403,-1.0791601613923104e-12,5.1529682863654715e-08,9.316384360700024e-12,0.0,0.0,0.0,-1.2501304938458866e-13,1.6690356823373294e-13,6.345425643257959e-14,-4.771451145014e-14,-7.293678013405833e-15,1.0454291015137431e-14,-2.8537089358238177e-11,1.1921938436465496e-10,1.4329115671785075e-10,-2.488648648814989e-11,-9.137353819212224e-16,1.3018918096246063e-15
8.0200,-1.5956762281385417e-06,-4.980655723466842e-12,0.30653910874962403,-1.0791601613923104e-12,5.1529682863654715e-08,9.316384360700024e-12,0.0,0.0,0.0,-1.5135581069023088e-13,2.3928228236696956e-13,2.6614142140077253e-14,-6.429281694420235e-14,-7.311862743794842e-15,1.0480361970658133e-14,-3.997535635846816e-11,7.756306708017746e-11,-5.192818397503629e-11,-2.0232786699452846e-11,-9.080815106173745e-16,1.3022108523596874e-15
8.0400,-1.5956762281385417e-06,-4.980655723466842e-12,0.30653910874962403,-1.0791601613923104e-12,5.1529682863654715e-08,9.316384360700024e-12,0.0,0.0,0.0,1.4092314035154914e-13,-1.3632920399148177e-13,-6.100890556640934e-14,4.603296834802369e-14,-7.33005691952021e-15,1.0506425079713944e-14,-1.7926449213945261e-10,9.877448858830462e-11,-8.56982262931183e-11,-4.3654205739134645e-11,-9.10169309933965e-16,1.3022043962150065e-15
8.0600,-1.5956762281385417e-06,-4.980655723466842e-12,0.30653910874962403,-1.0791601613923104e-12,5.1529682863654715e-08,9.316384360700024e-12,0.0,0.0,0.0,-2.9116925009927276e-14,1.1016129069046841e-13,7.843968599648692e-14,-2.1942232341522058e-14,-7.348231771372165e-15,1.0532502595018439e-14,-5.217926091205527e-11,1.316131925666042e-10,1.3943496357526897e-10,-3.0245544805863895e-11,-9.096739499290054e-16,1.3026682906830548e-15
8.0800,-1.5956762281385417e-06,-4.980655723466842e-12,0.30653910874962403,-1.0791601613923104e-12,5.1529682863654715e-08,9.316384360700024e-12,0.0,0.0,0.0,-2.0015596904896134e-13,2.0784845460403078e-13,-4.065927455868073e-15,-6.774755378845752e-14,-7.366415948774802e-15,1.0558580150936676e-14,-1.0010564599483018e-10,1.7771867311111578e-11,-9.769510200818843e-11,-2.0331457209247256e-11,-9.06668644358513e-16,1.306535714907223e-15
8.1000,-1.5956762281385417e-06,-4.980655723466842e-12,0.30653910874962403,-1.0791601613923104e-12,5.1529682863654715e-08,9.316384360700024e-12,0.0,0.0,0.0,1.023549084100666e-13,-1.6355767347059417e-13,-8.683086125119984e-14,4.377269254779882e-14,-7.384584237787773e-15,1.058466920046914e-14,-1.7210821656732378e-10,1.0554115914551687e-10,-8.103520632296579e-11,-4.3565924182054476e-11,-9.093984090359288e-16,1.3038468758177938e-15
8.1200,-1.5956762281385417e-06,-4.980655723466842e-12,0.30653910874962403,-1.0791601613923104e-12,5.1529682863654715e-08,9.316384360700024e-12,0.0,0.0,0.0,-3.3629648538121193e-14,1.0185784942257004e-13,8.124793199301646e-15,-2.14651064335024e-14,-7.40367640000486e-15,1.061204998930658e-14,-7.02501112836984e-11,1.0981537901244565e-10,-4.9380555200428944e-11,-2.948225375412579e-11,-9.085055424245232e-16,1.3046854855848705e-15
8.1400,-1.5956762281385417e-06,-4.980655723466842e-12,0.30653910874962403,-1.0791601613923104e-12,5.1529682863654715e-08,9.316384360700024e-12,0.0,0.0,0.0,-1.0150193965882873e-13,1.747794071036972e-13,1.979781685808864e-14,-4.4528090606741237e-14,-7.42095794898994e-15,1.0636811034269242e-14,-5.502240330024222e-11,9.316483695620548e-11,-5.170233685625192e-11,-2.4977506262511295e-11,-9.094501715171205e-16,1.3027844930155062e-15
8.1600,-1.5956762281385417e-06,-4.980655723466842e-12,0.30653910874962403,-1.0791601613923104e-12,5.1529682863654715e-08,9.316384360700024e-12,0.0,0.0,0.0,2.7106856256844753e-13,-2.7963088007249077e-13,-6.720106346395363e-14,8.869596141377533e-14,-7.439141597716219e-15,1.0662883574439695e-14,4.363680250474289e-10,-5.163836580557302e-10,-8.549433383464589e-11,1.552650678511934e-10,-9.074981629970674e-16,1.303797269796459e-15
8.1800,-1.5956762281385417e-06,-4.980655723466842e-12,0.30653910874962403,-1.0791601613923104e-12,5.1529682863654715e-08,9.316384360700024e-12,0.0,0.0,0.0,5.636169916892e-14,1.4157391415691563e-14,7.351573585997199e-14,7.851925265130628e-15,-7.457323243140092e-15,1.068896357531605e-14,-7.356334985608726e-11,1.530287563333843e-10,1.3945039567531126e-10,-3.641390753539275e-11,-9.099875332720436e-16,1.302819694513654e-15
8.2000,-1.5956762281385417e-06,-4.980655723466842e-12,0.30653910874962403,-1.0791601613923104e-12,5.1529682863654715e-08,9.316384360700024e-12,0.0,0.0,0.0,-1.4676989570913876e-13,1.4445316558569992e-13,-8.765334985652498e-15,-4.7603617968641913e-14,-7.47550703180796e-15,1.0715044041239138e-14,-1.1504547314800107e-10,3.273747939402938e-11,-9.768441611157641e-11,-2.4891378417227792e-11,-9.100609008836546e-16,1.30390773232264e-15
8.2200,-1.5956762281385417e-06,-4.980655723466842e-12,0.30653910874962403,-1.0791601613923104e-12,5.1529682863654715e-08,9.316384360700024e-12,0.0,0.0,0.0,-2.867192256117166e-13,2.1606907323429216e-13,-9.129182063087039e-14,-8.446860478489974e-14,-7.493685309920597e-15,1.0741128574565632e-14,-7.967917992068863e-11,1.3141349120004975e-11,-8.10224387581826e-11,-1.6401117321019343e-11,-9.092508338107947e-16,1.3042755249471218e-15
8.2400,-1.5956762281385417e-06,-4.980655723466842e-12,0.30653910874962403,-1.0791601613923104e-12,5.1529682863654715e-08,9.316384360700024e-12,0.0,0.0,0.0,1.504575969091518e-13,-1.3428764262707413e-13,4.9974788890425153e-14,4.7524865280346635e-14,-7.51186746784407e-15,1.0767202440710741e-14,-9.298128933465932e-11,1.8466930762350842e-10,1.4412854243417428e-10,-4.354367691108249e-11,-9.086720464372046e-16,1.3041157798272256e-15
8.2600,-1.5956762281385417e-06,-4.980655723466842e-12,0.30653910874962403,-1.0791601613923104e-12,5.1529682863654715e-08,9.316384360700024e-12,0.0,0.0,0.0,-3.8672003960212576e-14,9.495578716750485e-14,2.2221537110040947e-15,-2.074247408997573e-14,-7.5300563517464e-15,1.0793271549908065e-14,-7.19235504487159e-11,1.120538384302705e-10,-4.9129977863771046e-11,-3.0289901595478244e-11,-9.087431430244439e-16,1.3033703395484438e-15
8.2800,-1.5956762281385417e-06,-4.980655723466842e-12,0.30653910874962403,-1.0791601613923104e-12,5.1529682863654715e-08,9.316384360700024e-12,0.0,0.0,0.0,-2.10388866911356e-13,1.948046940878905e-13,-6.989943276972932e-14,-6.722469201289912e-14,-7.54823977283588e-15,1.0819349028264058e-14,-9.897094255251204e-11,1.900943291666124e-11,-8.540407270274386e-11,-2.0354877273374123e-11,-9.08015466862907e-16,1.3048986020522499e-15
8.3000,-1.5956762281385417e-06,-4.980655723466842e-12,0.30653910874962403,-1.0791601613923104e-12,5.1529682863654715e-08,9.316384360700024e-12,0.0,0.0,0.0,1.6504467845182368e-13,-1.0222656661079757e-13,6.878371552883913e-14,4.398874104500135e-14,-7.566404256310144e-15,1.0845442246300428e-14,-9.894987607061978e-11,1.787505143902024e-10,1.4000689496640462e-10,-4.3575754839811284e-11,-9.086375902287887e-16,1.3048680972856201e-15
8.3200,-1.5956762281385417e-06,-4.980655723466842e-12,0.30653910874962403,-1.0791601613923104e-12,5.1529682863654715e-08,9.316384360700024e-12,0.0,0.0,0.0,-8.296449030551114e-14,6.119867894765973e-14,-2.7184462320120508e-14,-2.2827237966133445e-14,-7.584568974294248e-15,1.0871531326537005e-14,-1.3153148015199179e-10,5.207695386033606e-11,-9.480111140547365e-11,-3.0205882399322455e-11,-9.112199186474134e-16,1.3023990880614218e-15
8.3400,-1.5956762281385417e-06,-4.980655723466842e-12,0.30653910874962403,-1.0791601613923104e-12,5.1529682863654715e-08,9.316384360700024e-12,0.0,0.0,0.0,-1.798147958586866e-13,1.0057648551869902e-13,-9.460925029517718e-14,-4.5758087361171505e-14,-7.602761468927219e-15,1.0897602796053675e-14,-1.0532977268162824e-10,3.9597131129553986e-11,-8.063844036954038e-11,-2.4292171158920647e-11,-9.061875606637455e-16,1.3044999605540034e-15
8.3600,-1.5956762281385417e-06,-4.980655723466842e-12,0.30653910874962403,-1.0791601613923104e-12,5.1529682863654715e-08,9.316384360700024e-12,0.0,0.0,0.0,2.8469069376926655e-13,-2.7337899217622155e-13,4.8261298429794337e-14,9.028828742221788e-14,-7.620951968910511e-15,1.092366511513132e-14,5.221388044152064e-10,-4.3044245945367265e-10,1.4411158377747313e-10,1.5522998911608498e-10,-9.093598462893619e-16,1.303870108012478e-15
8.3800,-1.5956762281385417e-06,-4.980655723466842e-12,0.30653910874962403,-1.0791601613923104e-12,5.1529682863654715e-08,9.316384360700024e-12,0.0,0.0,0.0,4.874276590685438e-14,2.657062948385011e-15,1.3626669233836827e-16,8.624887989042819e-15,-7.639134210042568e-15,1.094973976953075e-14,-9.330133887708314e-11,1.3343193216996951e-10,-4.914282869528108e-11,-3.644739268503651e-11,-9.075360085780432e-16,1.3066940521657166e-15
8.4000,-1.5956762281385417e-06,-4.980655723466842e-12,0.30653910874962403,-1.0791601613923104e-12,5.1529682863654715e-08,9.316384360700024e-12,0.0,0.0,0.0,-1.54862921958295e-13,1.3448092033391183e-13,-7.210394711857626e-14,-4.728106906610017e-14,-7.657313902380105e-15,1.097582216461356e-14,-1.139039695896571e-10,3.394984293692005e-11,-8.540504414789041e-11,-2.4905957683438368e-11,-9.09960003460487e-16,1.3041155498710153e-15
8.4200,-1.5956762281385417e-06,-4.980655723466842e-12,0.30653910874962403,-1.0791601613923104e-12,5.1529682863654715e-08,9.316384360700024e-12,0.0,0.0,0.0,2.9864866743503444e-13,-2.4530308946241274e-13,6.452129178154695e-14,8.739373156262305e-14,-7.675472150497842e-15,1.1001919143568034e-14,5.169329408971635e-10,-4.360650729395843e-10,1.4039747142646775e-10,1.5532138027122816e-10,-9.07356661345581e-16,1.3042701259392637e-15
8.4400,-1.5956762281385417e-06,-4.980655723466842e-12,0.30653910874962403,-1.0791601613923104e-12,5.1529682863654715e-08,9.316384360700024e-12,0.0,0.0,0.0,9.244719487158468e-14,-1.1828361119364876e-13,-2.911577853818282e-14,3.350976221615292e-14,-7.693644127155185e-15,1.1028005140528585e-14,-1.698750307088659e-10,9.04525343514706e-11,-9.478243190308433e-11,-4.0699906914777084e-11,-9.114987752939755e-16,1.3005326848765521e-15
8.4600,-1.5956762281385417e-06,-4.980655723466842e-12,0.30653910874962403,-1.0791601613923104e-12,5.1529682863654715e-08,9.316384360700024e-12,0.0,0.0,0.0,-1.3569733617322017e-13,1.3796718716468858e-13,3.7323436702338514e-14,-4.402907619580129e-14,-7.71273819241128e-15,1.1055381137692373e-14,-2.7455038242862884e-11,1.2056078357858269e-10,1.460881415837889e-10,-2.4927721616291078e-11,-9.10331084541494e-16,1.3019043480283314e-15
8.4800,-1.5956762281385417e-06,-4.980655723466842e-12,0.30653910874962403,-1.0791601613923104e-12,5.1529682863654715e-08,9.316384360700024e-12,0.0,0.0,0.0,-1.9597872716323354e-13,2.039131580709445e-13,4.704593728473715e-14,-6.610950257815878e-14,-7.730018887300949e-15,1.1080144033609794e-14,-1.3211570726312516e-11,1.0494810576133773e-10,1.4419476723759317e-10,-2.039823868121444e-11,-9.092453491897432e-16,1.304634815809268e-15
8.5000,-1.5956762281385417e-06,-4.980655723466842e-12,0.30653910874962403,-1.0791601613923104e-12,5.1529682863654715e-08,9.316384360700024e-12,0.0,0.0,0.0,1.5507198911082587e-13,-1.1481857737821802e-13,-5.517405282687155e-15,4.4468797107647146e-14,-7.748205415120753e-15,1.1106224630057846e-14,-1.1794673571152714e-10,1.598498555743788e-10,-4.815131626756397e-11,-4.359728224224884e-11,-9.108477858062575e-16,1.3034131271199894e-15
8.5200,-1.5956762281385417e-06,-4.980655723466842e-12,0.30653910874962403,-1.0791601613923104e-12,5.1529682863654715e-08,9.316384360700024e-12,0.0,0.0,0.0,-8.975225510019133e-14,5.3145787260843555e-14,-8.74112858484737e-14,-2.2628749078887667e-14,-7.766380900593887e-15,1.1132317324297809e-14,-1.3033821244512467e-10,5.3317822379383983e-11,-8.273856599849694e-11,-3.021487466591617e-11,-9.070691685198336e-16,1.30720055801584e-15
8.5400,-1.5956762281385417e-06,-4.980655723466842e-12,0.30653910874962403,-1.0791601613923104e-12,5.1529682863654715e-08,9.316384360700024e-12,0.0,0.0,0.0,-1.7917819397636667e-13,2.3052398272588245e-13,6.431565072181082e-14,-6.803293250989296e-14,-7.784556686153668e-15,1.1158397720808036e-14,-1.8446189020693282e-11,9.936376721420004e-11,1.404728555698398e-10,-2.031871432576917e-11,-9.0854137712943e-16,1.3037112496301984e-15
8.5600,-1.5956762281385417e-06,-4.980655723466842e-12,0.30653910874962403,-1.0791601613923104e-12,5.1529682863654715e-08,9.316384360700024e-12,0.0,0.0,0.0,2.6506783487592426e-13,-2.937531667459033e-13,-3.116480615243096e-14,9.011924985057993e-14,-7.802728619849321e-15,1.1184478431803233e-14,4.377961049240042e-10,-5.169633887636138e-10,-9.432304937107006e-11,1.5571376053425804e-10,-9.078880942834636e-16,1.3031786305153173e-15
8.5800,-1.5956762281385417e-06,-4.980655723466842e-12,0.30653910874962403,-1.0791601613923104e-12,5.1529682863654715e-08,9.316384360700024e-12,0.0,0.0,0.0,-2.50630011466598e-14,-7.816839448965342e-14,-1.1294649868157905e-13,1.013900024143262e-14,-7.820916211477574e-15,1.12105423093727e-14,-1.4444084817100133e-10,8.247758032098318e-11,-7.775644017549155e-11,-3.64880293689967e-11,-9.123463657609626e-16,1.3016620444930381e-15
8.6000,-1.5956762281385417e-06,-4.980655723466842e-12,0.30653910874962403,-1.0791601613923104e-12,5.1529682863654715e-08,9.316384360700024e-12,0.0,0.0,0.0,-1.4419978491828266e-13,1.4150688347852538e-13,4.300003478282261e-14,-4.6570547279505605e-14,-7.839100531935307e-15,1.1236623470196983e-14,-2.7206958908010392e-11,1.2077716604608213e-10,1.4480086574231166e-10,-2.4936918814554694e-11,-9.094053089630084e-16,1.3045520886490259e-15
8.6200,-1.5956762281385417e-06,-4.980655723466842e-12,0.30653910874962403,-1.0791601613923104e-12,5.1529682863654715e-08,9.316384360700024e-12,0.0,0.0,0.0,2.921508096276596e-13,-2.535690884588056e-13,-6.197416885270045e-15,8.768931843616988e-14,-7.857275202717428e-15,1.1262710413363643e-14,4.974350653608184e-10,-4.554976673620814e-10,-4.8137160924e-11,1.5530814218470264e-10,-9.05378312499692e-16,1.3066182319635894e-15
8.6400,-1.5956762281385417e-06,-4.980655723466842e-12,0.30653910874962403,-1.0791601613923104e-12,5.1529682863654715e-08,9.316384360700024e-12,0.0,0.0,0.0,7.618966291459561e-16,-3.905204544091339e-14,-8.817028981925864e-14,7.429999609426155e-15,-7.875446908123225e-15,1.1288799146359729e-14,-1.5176454537524364e-10,7.473707763772097e-11,-8.2745782448157e-11,-3.6395001696813434e-11,-9.096068953598294e-16,1.3042029845161234e-15
8.6600,-1.5956762281385417e-06,-4.980655723466842e-12,0.30653910874962403,-1.0791601613923104e-12,5.1529682863654715e-08,9.316384360700024e-12,0.0,0.0,0.0,-6.173547176244373e-14,1.1132291704113382e-13,6.346752359772404e-14,-2.8569444069252304e-14,-7.893637443592977e-15,1.1314870897413942e-14,-4.5393439007668235e-11,1.263101567783309e-10,1.404709126795467e-10,-2.8129224239923325e-11,-9.106307352678848e-16,1.3017710007233236e-15
8.6800,-1.5956762281385417e-06,-4.980655723466842e-12,0.30653910874962403,-1.0791601613923104e-12,5.1529682863654715e-08,9.316384360700024e-12,0.0,0.0,0.0,-2.1739204272838894e-13,1.7436554371569247e-13,-3.675611134904817e-14,-6.440348776836232e-14,-7.911829154418549e-15,1.1340939524733068e-14,-9.737669004472593e-11,2.0747459306136307e-11,-9.352904561943376e-11,-2.0374176926613755e-11,-9.089406687916379e-16,1.3041427616316265e-15
8.7000,-1.5956762281385417e-06,-4.980655723466842e-12,0.30653910874962403,-1.0791601613923104e-12,5.1529682863654715e-08,9.316384360700024e-12,0.0,0.0,0.0,8.477480437088334e-14,-1.9008434322026568e-13,-1.1495375415452576e-13,4.550064337101798e-14,-7.930025800286786e-15,1.1367008655815937e-14,-1.6982054651393241e-10,1.0814751871812689e-10,-7.730124873539523e-11,-4.363870920978186e-11,-9.084970274272976e-16,1.304158091769919e-15
8.7200,-1.5956762281385417e-06,-4.980655723466842e-12,0.30653910874962403,-1.0791601613923104e-12,5.1529682863654715e-08,9.316384360700024e-12,0.0,0.0,0.0,-7.524000258937914e-14,6.521355071603574e-14,3.265197903719889e-14,-2.2188911269073682e-14,-7.948204666918989e-15,1.1393081420997715e-14,-4.4403369869883136e-11,1.39342676286347e-10,1.4670273329464578e-10,-3.023469667667167e-11,-9.111002396748474e-16,1.3032200763999093e-15
8.7400,-1.5956762281385417e-06,-4.980655723466842e-12,0.30653910874962403,-1.0791601613923104e-12,5.1529682863654715e-08,9.316384360700024e-12,0.0,0.0,0.0,-1.8537928916925912e-13,2.231472446166384e-13,-5.907676431418505e-15,-6.785088020738931e-14,-7.966386429263187e-15,1.1419160795446884e-14,-3.794997649464449e-11,7.990458295026315e-11,-4.809047604581451e-11,-2.0326895892875704e-11,-9.085951298071755e-16,1.3038329436147366e-15
8.7600,-1.5956762281385417e-06,-4.980655723466842e-12,0.30653910874962403,-1.0791601613923104e-12,5.1529682863654715e-08,9.316384360700024e-12,0.0,0.0,0.0,2.0670271658198947e-13,-2.646176671773925e-13,-9.578600343455297e-14,7.424173285910006e-14,-7.984557815774728e-15,1.1445246447444173e-14,4.5030407180846055e-10,-5.235269162628953e-10,-8.130013329221697e-11,1.586775294583986e-10,-9.08118249844281e-16,1.303697433232427e-15
8.7800,-1.5956762281385417e-06,-4.980655723466842e-12,0.30653910874962403,-1.0791601613923104e-12,5.1529682863654715e-08,9.316384360700024e-12,0.0,0.0,0.0,4.281611784564921e-14,-1.5479096292682125e-14,4.785145960025401e-14,1.1142556567531909e-14,-8.00274885069779e-15,1.1471314126600076e-14,-7.060046991469449e-11,1.5599835312407606e-10,1.4332823816687323e-10,-3.639622418713585e-11,-9.088397970110692e-16,1.3044989695916296e-15
8.8000,-1.5956762281385417e-06,-4.980655723466842e-12,0.30653910874962403,-1.0791601613923104e-12,5.1529682863654715e-08,9.316384360700024e-12,0.0,0.0,0.0,-1.624601226046536e-13,1.1919717384328724e-13,-3.6132054986906344e-14,-4.570460684056064e-14,-8.020953182914813e-15,1.1497376771482658e-14,-1.1232911822922631e-10,3.5788538799153e-11,-9.344577889258687e-11,-2.4968415406006548e-11,-9.110100310795551e-16,1.302434890919875e-15
8.8200,-1.5956762281385417e-06,-4.980655723466842e-12,0.30653910874962403,-1.0791601613923104e-12,5.1529682863654715e-08,9.316384360700024e-12,0.0,0.0,0.0,2.2106031502547134e-13,-3.2665581957042186e-13,-1.1456198420471114e-13,8.806969158475526e-14,-8.039132007364111e-15,1.1523461293074771e-14,4.455814606174613e-10,-5.072766651181837e-10,-7.733505502649507e-11,1.5529123911753635e-10,-9.08094266983191e-16,1.3055286249929815e-15
8.8400,-1.5956762281385417e-06,-4.980655723466842e-12,0.30653910874962403,-1.0791601613923104e-12,5.1529682863654715e-08,9.316384360700024e-12,0.0,0.0,0.0,7.032289248145961e-14,2.956395632841423e-14,7.500559964786785e-14,7.588575065811144e-15,-8.057324662589237e-15,1.1549539912930908e-14,-1.0536932437688051e-11,2.160008005791525e-10,1.8914941835035393e-10,-3.640200357553474e-11,-9.096041222368258e-16,1.3029878363439483e-15
8.8600,-1.5956762281385417e-06,-4.980655723466842e-12,0.30653910874962403,-1.0791601613923104e-12,5.1529682863654715e-08,9.316384360700024e-12,0.0,0.0,0.0,-1.3845740612358954e-13,1.5345393793536473e-13,-1.3888792199692585e-14,-4.771241816077195e-14,-8.075502642475137e-15,1.1575620112103964e-14,-1.1897641205571574e-10,2.8780283711782317e-11,-9.798534206240106e-11,-2.4886442841848236e-11,-9.129155929946231e-16,1.3022833779014349e-15
8.8800,-1.5956762281385417e-06,-4.980655723466842e-12,0.30653910874962403,-1.0791601613923104e-12,5.1529682863654715e-08,9.316384360700024e-12,0.0,0.0,0.0,-2.272785510071004e-13,1.6868705825606596e-13,-9.613455795313403e-14,-6.559297083364618e-14,-8.093682702242578e-15,1.1601696694761488e-14,-9.434572567634802e-11,2.1231821856204647e-11,-8.124420580735148e-11,-1.9835652798288386e-11,-9.069114549555218e-16,1.305795887876078e-15
8.9000,-1.5956762281385417e-06,-4.980655723466842e-12,0.30653910874962403,-1.0791601613923104e-12,5.1529682863654715e-08,9.316384360700024e-12,0.0,0.0,0.0,1.5346011181252362e-13,-1.2653256826661432e-13,4.766496988769257e-14,4.662831688183153e-14,-8.111875976119392e-15,1.1627763500527161e-14,-9.634767983435211e-11,1.8173454408021428e-10,1.433223262292671e-10,-4.366112063267763e-11,-9.08943111869577e-16,1.3057274858296841e-15
8.9200,-1.5956762281385417e-06,-4.980655723466842e-12,0.30653910874962403,-1.0791601613923104e-12,5.1529682863654715e-08,9.316384360700024e-12,0.0,0.0,0.0,3.6202352754503254e-14,-9.886209028254944e-15,4.660773225691764e-14,8.626119715895489e-15,-8.129169193947809e-15,1.1652522130182817e-14,-7.066675022926461e-11,1.5606527181688534e-10,1.433468344025357e-10,-3.6447284234264035e-11,-9.108329523899229e-16,1.3037230386082885e-15
8.9400,-1.5956762281385417e-06,-4.980655723466842e-12,0.30653910874962403,-1.0791601613923104e-12,5.1529682863654715e-08,9.316384360700024e-12,0.0,0.0,0.0,-1.8439082985485992e-13,2.2285600536170333e-13,9.622157307039593e-14,-6.761772950893217e-14,-8.148251764766633e-15,1.1679907017158386e-14,-1.7603501989427173e-11,1.0030104524716421e-10,1.3316278635322476e-10,-2.0337468861423166e-11,-9.083104688342552e-16,1.3039625760516134e-15
8.9600,-1.5956762281385417e-06,-4.980655723466842e-12,0.30653910874962403,-1.0791601613923104e-12,5.1529682863654715e-08,9.316384360700024e-12,0.0,0.0,0.0,1.8251817332506722e-13,-8.37642516006721e-14,7.412552585624747e-14,4.382607249103107e-14,-8.16642280298716e-15,1.1705992250308633e-14,-3.592584563172352e-11,2.417376854246811e-10,1.895689993869354e-10,-4.3568422655644826e-11,-9.072810541424615e-16,1.3043322281781124e-15
8.9800,-1.5956762281385417e-06,-4.980655723466842e-12,0.30653910874962403,-1.0791601613923104e-12,5.1529682863654715e-08,9.316384360700024e-12,0.0,0.0,0.0,4.2519937293575896e-15,5.6449229078313146e-15,-2.187754075126101e-14,-4.3934024963368426e-16,-8.184607977627161e-15,1.1732065136932106e-14,-1.505849056560038e-10,6.152686693461362e-11,-9.635706121891019e-11,-3.3949902976919876e-11,-9.091394299530767e-16,1.3050003262424398e-15
9.0000,-1.5956762281385417e-06,-4.980655723466842e-12,0.30653910874962403,-1.0791601613923104e-12,5.1529682863654715e-08,9.316384360700024e-12,0.0,0.0,0.0,-9.38740691014148e-14,1.7980064053274444e-13,1.1519200940331724e-13,-4.4028520494901347e-14,-8.202790562403544e-15,1.1758133692804331e-14,-3.837447026810992e-11,1.0964182339812112e-10,1.2923212500126624e-10,-2.4927750426950454e-11,-9.094216863119563e-16,1.3036460454640527e-15
9.0200,-1.5956762281385417e-06,-4.980655723466842e-12,0.30653910874962403,-1.0791601613923104e-12,5.1529682863654715e-08,9.316384360700024e-12,0.0,0.0,0.0,2.896251355133641e-13,-2.6315333851906324e-13,4.727922289778661e-14,8.914004937854732e-14,-8.220977461745312e-15,1.1784203216139556e-14,5.191205521004605e-10,-4.335633518870452e-10,1.436480379091165e-10,1.552488080287121e-10,-9.08852726671224e-16,1.3045300980524412e-15
9.0400,-1.5956762281385417e-06,-4.980655723466842e-12,0.30653910874962403,-1.0791601613923104e-12,5.1529682863654715e-08,9.316384360700024e-12,0.0,0.0,0.0,-3.28259033841238e-15,-4.652981384539842e-14,-4.4850386599107116e-14,8.046491201136491e-15,-8.239157390232989e-15,1.1810285777463337e-14,-1.5089385296818136e-10,7.573638938218608e-11,-9.17061426797261e-11,-3.642269440372218e-11,-9.059115664756932e-16,1.3053914221991385e-15
9.0600,-1.5956762281385417e-06,-4.980655723466842e-12,0.30653910874962403,-1.0791601613923104e-12,5.1529682863654715e-08,9.316384360700024e-12,0.0,0.0,0.0,-1.263671328965729e-13,1.6434816789795308e-13,9.627680666587112e-14,-4.752331821560339e-14,-8.257322961764086e-15,1.183637072204087e-14,-3.245539947904774e-11,1.1534692645476241e-10,1.3324033543149483e-10,-2.489503754021634e-11,-9.103242065347007e-16,1.3039490301419023e-15
9.0800,-1.5956762281385417e-06,-4.980655723466842e-12,0.30653910874962403,-1.0791601613923104e-12,5.1529682863654715e-08,9.316384360700024e-12,0.0,0.0,0.0,1.3779766824819992e-13,-1.2786006193715833e-13,-2.1772874475614405e-14,4.372923069351835e-14,-8.276404220436228e-15,1.186376227736852e-14,-1.832828055992053e-10,9.435602299490142e-11,-9.609127382681493e-11,-4.356406640936689e-11,-9.12799432848383e-16,1.3022533983944941e-15
9.1000,-1.5956762281385417e-06,-4.980655723466842e-12,0.30653910874962403,-1.0791601613923104e-12,5.1529682863654715e-08,9.316384360700024e-12,0.0,0.0,0.0,6.946491212802903e-14,1.2492861790446441e-14,1.0872071368180656e-13,1.0707692558349278e-14,-8.294595574957058e-15,1.1889828116174944e-14,-7.664135992513366e-11,1.488574818964139e-10,1.3062853576606415e-10,-3.615412320340775e-11,-9.106896346634016e-16,1.3019976647547754e-15
9.1200,-1.5956762281385417e-06,-4.980655723466842e-12,0.30653910874962403,-1.0791601613923104e-12,5.1529682863654715e-08,9.316384360700024e-12,0.0,0.0,0.0,-2.2660006676585722e-14,1.0830391532584608e-13,1.1506236310961665e-13,-2.016160607895019e-14,-8.31188777406417e-15,1.1914583546479628e-14,-5.638581268563314e-11,1.276491967683313e-10,1.2922926617697783e-10,-3.030111958428944e-11,-9.118282127942242e-16,1.3012396091444716e-15
9.1400,-1.5956762281385417e-06,-4.980655723466842e-12,0.30653910874962403,-1.0791601613923104e-12,5.1529682863654715e-08,9.316384360700024e-12,0.0,0.0,0.0,-2.0352069421411751e-13,2.0024892248932028e-13,9.416065843667813e-15,-6.693753854644525e-14,-8.330078849359023e-15,1.1940652380872663e-14,-1.0247072634861354e-10,1.5560053245877725e-11,-1.0382686377319317e-10,-2.0367220976556637e-11,-9.076494787329314e-16,1.3047023923294104e-15
9.1600,-1.5956762281385417e-06,-4.980655723466842e-12,0.30653910874962403,-1.0791601613923104e-12,5.1529682863654715e-08,9.316384360700024e-12,0.0,0.0,0.0,1.0896839594545594e-13,-1.5900392720164046e-13,-4.5411354537874624e-14,4.410847449202133e-14,-8.348248630049956e-15,1.1966734947450696e-14,-1.763667267784541e-10,1.0135881023387583e-10,-9.1406188174048e-11,-4.358105739536183e-11,-9.100953881113435e-16,1.3030251372264908e-15
9.1800,-1.5956762281385417e-06,-4.980655723466842e-12,0.30653910874962403,-1.0791601613923104e-12,5.1529682863654715e-08,9.316384360700024e-12,0.0,0.0,0.0,-5.060001889686037e-15,-4.486259192931848e-14,-4.509435810876853e-14,7.430479213252581e-15,-8.365514842165563e-15,1.1991512526269838e-14,-1.5082984861081172e-10,7.567163562427481e-11,-9.16960118946264e-11,-3.63949397513981e-11,-9.08986993801073e-16,1.3033134485474543e-15
9.2000,-1.5956762281385417e-06,-4.980655723466842e-12,0.30653910874962403,-1.0791601613923104e-12,5.1529682863654715e-08,9.316384360700024e-12,0.0,0.0,0.0,-2.1707987576944013e-13,2.0364925805799106e-13,-5.279034084874327e-14,-7.052686724720725e-14,-8.385507056755455e-15,1.2020197583981693e-14,-9.698217229292538e-11,1.2737921828431809e-11,-9.085843188927356e-11,-1.883156274253629e-11,-9.110887493089584e-16,1.303010734357665e-15
9.2200,-1.5956762281385417e-06,-4.980655723466842e-12,0.30653910874962403,-1.0791601613923104e-12,5.1529682863654715e-08,9.316384360700024e-12,0.0,0.0,0.0,2.844389506984327e-13,-2.764335210282972e-13,-2.2767079194166237e-14,9.085565934861162e-14,-8.402785888065107e-15,1.204496480305767e-14,4.3208570055242035e-10,-5.205812170228086e-10,-9.590639393763922e-11,1.5525903052348183e-10,-9.089930508311084e-16,1.3039482426659591e-15
9.2400,-1.5956762281385417e-06,-4.980655723466842e-12,0.30653910874962403,-1.0791601613923104e-12,5.1529682863654715e-08,9.316384360700024e-12,0.0,0.0,0.0,6.434597907281438e-14,1.6332928943595752e-14,1.0804733566179577e-13,9.0376691708427e-15,-8.420978752220753e-15,1.2071030340168168e-14,-7.710967975249616e-11,1.496878732076823e-10,1.307893515711811e-10,-3.6463035812367536e-11,-9.065217465943006e-16,1.30608812665059e-15
9.2600,-1.5956762281385417e-06,-4.980655723466842e-12,0.30653910874962403,-1.0791601613923104e-12,5.1529682863654715e-08,9.316384360700024e-12,0.0,0.0,0.0,-1.4537487272312165e-13,1.4302250444059225e-13,1.0682636025735814e-14,-4.7102498001849356e-14,-8.439153555623501e-15,1.2097111727281768e-14,-1.1740158845086057e-10,3.0487196100992264e-11,-1.038121810736925e-10,-2.4913953936407042e-11,-9.111291268897893e-16,1.3025278478227525e-15
9.2800,-1.5956762281385417e-06,-4.980655723466842e-12,0.30653910874962403,-1.0791601613923104e-12,5.1529682863654715e-08,9.316384360700024e-12,0.0,0.0,0.0,2.4741581614032093e-13,-2.969818063238158e-13,-4.470730660680858e-14,8.746749602352382e-14,-8.457330021186135e-15,1.2123190209878868e-14,4.3897555035421476e-10,-5.140055325814075e-10,-9.143930057575744e-11,1.5531816654014064e-10,-9.109257368256426e-16,1.3031718343994046e-15
9.3000,-1.5956762281385417e-06,-4.980655723466842e-12,0.30653910874962403,-1.0791601613923104e-12,5.1529682863654715e-08,9.316384360700024e-12,0.0,0.0,0.0,3.6625625282641734e-14,-2.5481621914189434e-15,8.979027313334742e-14,7.338076345431786e-15,-8.475497740280349e-15,1.2149279956311828e-14,-7.132178181379345e-11,1.551559158929905e-10,1.3463410941660925e-10,-3.639094564467819e-11,-9.102724585291697e-16,1.3022330787027467e-15
9.3200,-1.5956762281385417e-06,-4.980655723466842e-12,0.30653910874962403,-1.0791601613923104e-12,5.1529682863654715e-08,9.316384360700024e-12,0.0,0.0,0.0,-2.861379969074286e-14,9.731390087180849e-14,3.7088013909966876e-14,-1.9319149563733516e-14,-8.493673939243493e-15,1.2175357286011885e-14,-7.467831908414269e-11,1.0822540086330434e-10,-5.782502254803035e-11,-3.002662684341326e-11,-9.081468330703478e-16,1.3030424914757421e-15
9.3400,-1.5956762281385417e-06,-4.980655723466842e-12,0.30653910874962403,-1.0791601613923104e-12,5.1529682863654715e-08,9.316384360700024e-12,0.0,0.0,0.0,-1.94566995320696e-13,2.027967177973813e-13,-2.2655140957708358e-14,-6.555477443544141e-14,-8.511872345790484e-15,1.220141753748045e-14,-1.0335962641327967e-10,1.486466505440376e-11,-9.590503391443406e-11,-2.041183940230272e-11,-9.096754678054294e-16,1.3038146273544328e-15
9.3600,-1.5956762281385417e-06,-4.980655723466842e-12,0.30653910874962403,-1.0791601613923104e-12,5.1529682863654715e-08,9.316384360700024e-12,0.0,0.0,0.0,1.759752404628925e-13,-9.5214120431509e-14,1.0808116970847131e-13,4.473279734922659e-14,-8.530051398611532e-15,1.2227497478838681e-14,-1.0263681571309746e-10,1.7520779271862352e-10,1.3078502170138506e-10,-4.3608750849682853e-11,-9.09677554782115e-16,1.3038029558359897e-15
9.3800,-1.5956762281385417e-06,-4.980655723466842e-12,0.30653910874962403,-1.0791601613923104e-12,5.1529682863654715e-08,9.316384360700024e-12,0.0,0.0,0.0,3.2101208410908814e-13,-2.2466934474957365e-13,7.247481850765928e-14,8.768927976952032e-14,-8.54549603972231e-15,1.224966530069606e-14,5.79541886702728e-10,-3.733911513315036e-10,1.8946702540212357e-10,1.5530814346577049e-10,-9.071789775733306e-16,1.3045881694401648e-15
9.4000,-1.5956762281385417e-06,-4.980655723466842e-12,0.30653910874962403,-1.0791601613923104e-12,5.1529682863654715e-08,9.316384360700024e-12,0.0,0.0,0.0,-2.428254203545609e-13,1.6661271755685688e-13,-7.745241878413216e-14,-6.798726698830159e-14,-8.566397244339278e-15,1.2279661071795198e-14,-9.371134424007721e-11,2.4110380358877137e-11,-8.590397837515695e-11,-2.0320623762336365e-11,-9.109418660204068e-16,1.3031001798788422e-15
9.4200,-1.5956762281385417e-06,-4.980655723466842e-12,0.30653910874962403,-1.0791601613923104e-12,5.1529682863654715e-08,9.316384360700024e-12,0.0,0.0,0.0,2.853702057714879e-13,-2.5353333927741276e-13,8.884905380864587e-14,8.605008702512126e-14,-8.584593434335877e-15,1.230572777922233e-14,5.221169607771969e-10,-4.3753842215998873e-10,1.3512402308180071e-10,1.5657715109075366e-10,-9.079363457965454e-16,1.304326338652151e-15
9.4400,-1.5956762281385417e-06,-4.980655723466842e-12,0.30653910874962403,-1.0791601613923104e-12,5.1529682863654715e-08,9.316384360700024e-12,0.0,0.0,0.0,6.102619018457978e-14,5.090921618543777e-15,3.206750212588509e-14,1.0741100492979126e-14,-8.602790615672459e-15,1.23317891231169e-14,-9.627407204781946e-11,1.3061615677933958e-10,-5.661890400965319e-11,-3.6474092660542275e-11,-9.106445371899955e-16,1.3030422094071532e-15
9.4600,-1.5956762281385417e-06,-4.980655723466842e-12,0.30653910874962403,-1.0791601613923104e-12,5.1529682863654715e-08,9.316384360700024e-12,0.0,0.0,0.0,-1.4931838490659048e-13,1.3464570518634174e-13,-5.337628880556471e-14,-4.618837028879552e-14,-8.620981008341058e-15,1.2357856543034402e-14,-1.1593487281302828e-10,3.2112035253106797e-11,-9.068110151666531e-11,-2.4952056042359815e-11,-9.089792162353634e-16,1.3048679475659293e-15
9.4800,-1.5956762281385417e-06,-4.980655723466842e-12,0.30653910874962403,-1.0791601613923104e-12,5.1529682863654715e-08,9.316384360700024e-12,0.0,0.0,0.0,3.1139214037858906e-13,-2.3515384690492387e-13,1.0635482841633044e-13,8.785297412575726e-14,-8.639155777307861e-15,1.2383939111591051e-14,5.133164171500226e-10,-4.395838970605581e-10,1.3139497823111412e-10,1.553007423825594e-10,-9.079836224772752e-16,1.3052534013236698e-15
9.5000,-1.5956762281385417e-06,-4.980655723466842e-12,0.30653910874962403,-1.0791601613923104e-12,5.1529682863654715e-08,9.316384360700024e-12,0.0,0.0,0.0,1.5567914152273594e-14,-2.4617924875459375e-14,3.84194134835677e-15,7.497767790796547e-15,-8.657322739623632e-15,1.2410024302545158e-14,-1.5587064972066855e-10,7.06468494815482e-11,-1.0226694491244359e-10,-3.6397999080913606e-11,-9.085195945687693e-16,1.303753298529457e-15
9.5200,-1.5956762281385417e-06,-4.980655723466842e-12,0.30653910874962403,-1.0791601613923104e-12,5.1529682863654715e-08,9.316384360700024e-12,0.0,0.0,0.0,-1.242225428354802e-13,4.869926078049291e-14,-7.680635225052721e-14,-2.854110934260139e-14,-8.675496799714848e-15,1.2436109621914095e-14,-1.206581223822667e-10,5.1053716809690286e-11,-8.59177451406623e-11,-2.8130395279417255e-11,-9.100092827454798e-16,1.3039394381555191e-15
9.5400,-1.5956762281385417e-06,-4.980655723466842e-12,0.30653910874962403,-1.0791601613923104e-12,5.1529682863654715e-08,9.316384360700024e-12,0.0,0.0,0.0,-1.7976783342474523e-13,2.1196763182557064e-13,8.914204166484445e-14,-6.439093528435725e-14,-8.693687253764387e-15,1.2462178314261197e-14,-1.6782575329443716e-11,1.0134504346837048e-10,1.3510936813787566e-10,-2.0374611535371774e-11,-9.122679829532977e-16,1.301170713271252e-15
9.5600,-1.5956762281385417e-06,-4.980655723466842e-12,0.30653910874962403,-1.0791601613923104e-12,5.1529682863654715e-08,9.316384360700024e-12,0.0,0.0,0.0,1.7053525866453176e-13,-1.0428231107434483e-13,3.216794955403806e-14,4.550678777618616e-14,-8.711870187845079e-15,1.2488246751251849e-14,-1.2181794462051698e-10,1.5615211901298665e-10,-5.662501023628863e-11,-4.363888147430928e-11,-9.115232106228606e-16,1.3011979151056958e-15
9.5800,-1.5956762281385417e-06,-4.980655723466842e-12,0.30653910874962403,-1.0791601613923104e-12,5.1529682863654715e-08,9.316384360700024e-12,0.0,0.0,0.0,-8.054806213683902e-14,5.996730283547217e-14,-5.584339865531113e-14,-2.2185327810784713e-14,-8.730051392020626e-15,1.2514328831047325e-14,-1.331573462604041e-10,5.058914398503589e-11,-9.02369290400884e-11,-3.023474529361908e-11,-9.103905154005545e-16,1.3027825888457361e-15
9.6000,-1.5956762281385417e-06,-4.980655723466842e-12,0.30653910874962403,-1.0791601613923104e-12,5.1529682863654715e-08,9.316384360700024e-12,0.0,0.0,0.0,-1.7595732595962678e-13,2.32640206588696e-13,7.904667267962548e-14,-6.784832254904678e-14,-8.748221577724826e-15,1.2540409188547716e-14,-2.008102018002944e-11,9.777323395354642e-11,1.3594400605221324e-10,-2.0326855378334443e-11,-9.089123035276625e-16,1.3049837205916428e-15
9.6200,-1.5956762281385417e-06,-4.980655723466842e-12,0.30653910874962403,-1.0791601613923104e-12,5.1529682863654715e-08,9.316384360700024e-12,0.0,0.0,0.0,1.2839463434113704e-13,-1.3723200959953133e-13,3.852155400183332e-15,4.3730611502357836e-14,-8.766394689763663e-15,1.2566489318952287e-14,-1.813845740272768e-10,9.625431007798113e-11,-1.0205875033975076e-10,-4.3564065927037045e-11,-9.089495808355575e-16,1.3037596471406583e-15
9.6400,-1.5956762281385417e-06,-4.980655723466842e-12,0.30653910874962403,-1.0791601613923104e-12,5.1529682863654715e-08,9.316384360700024e-12,0.0,0.0,0.0,-1.0483580142857973e-14,-6.742509934726324e-14,-8.11660870459277e-14,1.0708834931659188e-14,-8.784578277260377e-15,1.2592566097970911e-14,-1.472200972241211e-10,7.827838377494345e-11,-8.487804903367646e-11,-3.615407960923916e-11,-9.100307240941378e-16,1.3020800461535214e-15
9.6600,-1.5956762281385417e-06,-4.980655723466842e-12,0.30653910874962403,-1.0791601613923104e-12,5.1529682863654715e-08,9.316384360700024e-12,0.0,0.0,0.0,-1.374439667911362e-13,1.417270129487329e-13,5.93250039370916e-14,-4.5141676130789767e-14,-8.80277327659045e-15,1.261863473585065e-14,-2.894662287644678e-11,1.1923032006144751e-10,1.4024262307010815e-10,-2.49808337228854e-11,-9.10452757846517e-16,1.3021931300150635e-15
9.6800,-1.5956762281385417e-06,-4.980655723466842e-12,0.30653910874962403,-1.0791601613923104e-12,5.1529682863654715e-08,9.316384360700024e-12,0.0,0.0,0.0,3.0429101513520875e-13,-2.447119512129509e-13,2.980117611014225e-14,8.834261629689858e-14,-8.82097022518777e-15,1.2644701595258983e-14,4.943868092688319e-10,-4.584234658544517e-10,-5.589731455479807e-11,1.552794283537117e-10,-9.075439519934655e-16,1.3045065043798293e-15
9.7000,-1.5956762281385417e-06,-4.980655723466842e-12,0.30653910874962403,-1.0791601613923104e-12,5.1529682863654715e-08,9.316384360700024e-12,0.0,0.0,0.0,9.453804933360681e-15,-3.190934234526053e-14,-5.979204562026848e-14,7.702152398237298e-15,-8.839141261630686e-15,1.26707903107511e-14,-1.5422263466291497e-10,7.234010612755526e-11,-8.919048832822796e-11,-3.640721221779371e-11,-9.096798808139974e-16,1.3049674962711082e-15
9.7200,-1.5956762281385417e-06,-4.980655723466842e-12,0.30653910874962403,-1.0791601613923104e-12,5.1529682863654715e-08,9.316384360700024e-12,0.0,0.0,0.0,-1.170235236769031e-13,1.7462672368223566e-13,8.033603018927398e-14,-4.7665723295004274e-14,-8.857315152230937e-15,1.2696864290085954e-14,-3.5046049395859313e-11,1.1272230371339731e-10,1.359372059361874e-10,-2.4888506922134647e-11,-9.09535963381532e-16,1.3017502103658077e-15
9.7400,-1.5956762281385417e-06,-4.980655723466842e-12,0.30653910874962403,-1.0791601613923104e-12,5.1529682863654715e-08,9.316384360700024e-12,0.0,0.0,0.0,-2.2087805975898498e-13,1.9991227511267865e-13,-2.040999314358155e-16,-7.052625514879806e-14,-8.875487510888148e-15,1.2722949862111414e-14,-9.616654694788451e-11,1.3553130839838445e-11,-1.0129547201032096e-10,-1.8831571804527377e-11,-9.088438038739564e-16,1.3041247489466075e-15
9.7600,-1.5956762281385417e-06,-4.980655723466842e-12,0.30653910874962403,-1.0791601613923104e-12,5.1529682863654715e-08,9.316384360700024e-12,0.0,0.0,0.0,9.73620134237223e-14,-1.8543114872388075e-13,-8.493257416811964e-14,4.7216249954922474e-14,-8.893685485135246e-15,1.2749011143096417e-14,-1.7239287775083767e-10,1.0563455665746346e-10,-8.416800589827744e-11,-4.3640224821253854e-11,-9.080539696388795e-16,1.3053650698791838e-15
9.7800,-1.5956762281385417e-06,-4.980655723466842e-12,0.30653910874962403,-1.0791601613923104e-12,5.1529682863654715e-08,9.316384360700024e-12,0.0,0.0,0.0,-6.55871129906245e-14,7.036384757169667e-14,5.959290075293379e-14,-2.123560484272539e-14,-8.91187537644761e-15,1.2775076217811293e-14,-4.679295839693509e-11,1.3711606849931002e-10,1.4026299566261002e-10,-3.027401343741895e-11,-9.103244650286421e-16,1.3030354860831344e-15
9.8000,-1.5956762281385417e-06,-4.980655723466842e-12,0.30653910874962403,-1.0791601613923104e-12,5.1529682863654715e-08,9.316384360700024e-12,0.0,0.0,0.0,-1.731985882768868e-13,2.33192126209813e-13,3.0008399237688645e-14,-6.744705141284297e-14,-8.930049228893331e-15,1.2801152098439804e-14,-4.099401373913736e-11,7.694411774394894e-11,-5.590591878323892e-11,-2.034500572209085e-11,-9.09417049964623e-16,1.3033788586815725e-15
9.8200,-1.5956762281385417e-06,-4.980655723466842e-12,0.30653910874962403,-1.0791601613923104e-12,5.1529682863654715e-08,9.316384360700024e-12,0.0,0.0,0.0,1.2220711162472075e-13,-1.444547320196838e-13,-5.971918723427734e-14,4.389653910451781e-14,-8.948225875264823e-15,1.2827237870140877e-14,-1.7978485367109442e-10,9.78946645968648e-11,-8.919526228723385e-11,-4.357148880079522e-11,-9.08961528218735e-16,1.3046160991935477e-15
9.8400,-1.5956762281385417e-06,-4.980655723466842e-12,0.30653910874962403,-1.0791601613923104e-12,5.1529682863654715e-08,9.316384360700024e-12,0.0,0.0,0.0,-5.20576854123618e-14,9.242336844833505e-14,7.068111443349952e-14,-2.28656086912528e-14,-8.966391666345788e-15,1.2853328875812387e-14,-5.1171455961451784e-11,1.3242706931038128e-10,1.3776152441025147e-10,-3.0204256842935855e-11,-9.08262697499519e-16,1.303147114933979e-15
9.8600,-1.5956762281385417e-06,-4.980655723466842e-12,0.30653910874962403,-1.0791601613923104e-12,5.1529682863654715e-08,9.316384360700024e-12,0.0,0.0,0.0,-1.5511241682750373e-13,1.1816516603074757e-13,-2.2955400774717972e-14,-4.4076096730281485e-14,-8.984582136441802e-15,1.2879402575360018e-14,-1.1325743121126663e-10,3.402889081627336e-11,-9.730938277385803e-11,-2.4757410418705247e-11,-9.120798456860562e-16,1.3026210322002984e-15
9.8800,-1.5956762281385417e-06,-4.980655723466842e-12,0.30653910874962403,-1.0791601613923104e-12,5.1529682863654715e-08,9.316384360700024e-12,0.0,0.0,0.0,2.338813370472964e-13,-3.213060989039624e-13,-8.426180517221667e-14,8.967980907866769e-14,-9.002779934298013e-15,1.2905465523989938e-14,4.429621669466144e-10,-5.096548738592332e-10,-8.401257467482992e-11,1.5523422670869313e-10,-9.093811627337474e-16,1.3035645971250376e-15
9.9000,-1.5956762281385417e-06,-4.980655723466842e-12,0.30653910874962403,-1.0791601613923104e-12,5.1529682863654715e-08,9.316384360700024e-12,0.0,0.0,0.0,2.380346528221674e-14,-2.0648933073575304e-14,5.63433334710072e-14,8.29933344902761e-15,-9.020970347173812e-15,1.2931536189588795e-14,-6.79035994100019e-11,1.5877255066243379e-10,1.4114459601088925e-10,-3.6433679483660525e-11,-9.110729427146332e-16,1.303597370020907e-15
9.9200,-1.5956762281385417e-06,-4.980655723466842e-12,0.30653910874962403,-1.0791601613923104e-12,5.1529682863654715e-08,9.316384360700024e-12,0.0,0.0,0.0,-1.3386108280164107e-13,1.563095703325797e-13,1.7312609675626985e-16,-4.74182835400875e-14,-9.039144542508227e-15,1.295761717261805e-14,-1.2043172015197e-10,2.7392782486757028e-11,-1.019409001656868e-10,-2.4899568539166917e-11,-9.091043802425713e-16,1.3042140555014418e-15
9.9400,-1.5956762281385417e-06,-4.980655723466842e-12,0.30653910874962403,-1.0791601613923104e-12,5.1529682863654715e-08,9.316384360700024e-12,0.0,0.0,0.0,1.536036081384569e-13,-1.1226120639656933e-13,7.233581858497643e-14,4.377086112799531e-14,-9.05822657082313e-15,1.298500534212919e-14,-9.813061474517326e-11,1.7951945485705778e-10,1.3790449338024757e-10,-4.3566000748514136e-11,-9.104154565503842e-16,1.303896374305649e-15
9.9600,-1.5956762281385417e-06,-4.980655723466842e-12,0.30653910874962403,-1.0791601613923104e-12,5.1529682863654715e-08,9.316384360700024e-12,0.0,0.0,0.0,1.53852076051368e-13,-1.1276474804938814e-13,7.166113605291172e-14,4.353421171247847e-14,-9.075492510900126e-15,1.300978400302217e-14,-9.545042534142567e-11,1.767782031869558e-10,1.3777926022306985e-10,-4.251627713540979e-11,-9.08483606421859e-16,1.3042385309485866e-15
9.9800,-1.5956762281385417e-06,-4.980655723466842e-12,0.30653910874962403,-1.0791601613923104e-12,5.1529682863654715e-08,9.316384360700024e-12,0.0,0.0,0.0,-8.223013328587263e-14,4.5922232173422636e-14,-2.235618565275216e-14,-1.9551609907821972e-14,-9.093693477849461e-15,1.3035844393738323e-14,-1.3163950485228781e-10,5.238995348655351e-11,-9.733414074730717e-11,-3.0293045210352986e-11,-9.10926373341124e-16,1.3028682359535405e-15
10.0000,-1.5956762281385417e-06,-4.980655723466842e-12,0.30653910874962403,-1.0791601613923104e-12,5.1529682863654715e-08,9.316384360700024e-12,0.0,0.0,0.0,-2.4461715378285163e-13,1.575016445496951e-13,-8.402074799799493e-14,-6.657003510961851e-14,-9.111892698935675e-15,1.3061913002417764e-14,-9.239797815752127e-11,2.5693336347387685e-11,-8.402470386137395e-11,-2.038187490604393e-11,-9.103687233273168e-16,1.3035659148237534e-15
10.0200,-1.5956762281385417e-06,-4.980655723466842e-12,0.30653910874962403,-1.0791601613923104e-12,5.1529682863654715e-08,9.316384360700024e-12,0.0,0.0,0.0,3.168951820400732e-14,-1.0446372055328917e-14,-2.302865537187148e-15,7.850988016146706e-15,-9.130974326386027e-15,1.3089303542968515e-14,-1.5958903643031874e-10,6.700304200357721e-11,-1.0119052817891827e-10,-3.641387898658567e-11,-9.084744925458698e-16,1.3049750360223916e-15
10.0400,-1.5956762281385417e-06,-4.980655723466842e-12,0.30653910874962403,-1.0791601613923104e-12,5.1529682863654715e-08,9.316384360700024e-12,0.0,0.0,0.0,-6.062585936048188e-14,8.288330526445783e-14,2.099778680700162e-17,-2.2713169128503008e-14,-9.148235693186144e-15,1.3114081863104438e-14,-1.3826872979905147e-10,4.536870878979471e-11,-1.0187115040416472e-10,-3.021118152327618e-11,-9.091212741658118e-16,1.304187173785895e-15
10.0600,-1.5956762281385417e-06,-4.980655723466842e-12,0.30653910874962403,-1.0791601613923104e-12,5.1529682863654715e-08,9.316384360700024e-12,0.0,0.0,0.0,-2.3628354220425925e-13,2.6657778156119413e-13,5.536145222802872e-14,-8.446915006068705e-14,-9.167323593276951e-15,1.3141469011016916e-14,-4.55249726805107e-12,8.826783748361322e-11,1.408552163795207e-10,-1.6401120492032765e-11,-9.14192944735272e-16,1.3019711155658349e-15
10.0800,-1.5956762281385417e-06,-4.980655723466842e-12,0.30653910874962403,-1.0791601613923104e-12,5.1529682863654715e-08,9.316384360700024e-12,0.0,0.0,0.0,3.0189271135741375e-13,-2.6043426355387755e-13,7.195887011254054e-14,9.106789888932862e-14,-9.184604604095849e-15,1.31662362505987e-14,5.172649530926776e-10,-4.358766680923054e-10,1.3792292308245635e-10,1.5537645968167307e-10,-9.107078479397191e-16,1.303653088079788e-15
10.1000,-1.5956762281385417e-06,-4.980655723466842e-12,0.30653910874962403,-1.0791601613923104e-12,5.1529682863654715e-08,9.316384360700024e-12,0.0,0.0,0.0,6.3314414544806865e-15,-4.3956871985829033e-14,-2.5074316928366368e-14,9.546618451882161e-15,-9.202796703724024e-15,1.3192304190947634e-14,-1.5282872189992247e-10,7.403810897699259e-11,-9.657202815205324e-11,-3.6478838873869763e-11,-9.089518266309206e-16,1.3038470635877929e-15
10.1200,-1.5956762281385417e-06,-4.980655723466842e-12,0.30653910874962403,-1.0791601613923104e-12,5.1529682863654715e-08,9.316384360700024e-12,0.0,0.0,0.0,-1.940096911179096e-13,9.32541205820866e-14,-1.0338287101400401e-13,-4.687050421748108e-14,-9.22098152393947e-15,1.3218376293805066e-14,-1.0582937304270956e-10,4.210248816249873e-11,-8.05246425095163e-11,-2.4924207609196454e-11,-9.082526927500102e-16,1.3031477502086895e-15
10.1400,-1.5956762281385417e-06,-4.980655723466842e-12,0.30653910874962403,-1.0791601613923104e-12,5.1529682863654715e-08,9.316384360700024e-12,0.0,0.0,0.0,3.295989375595982e-13,-2.153248195959083e-13,9.957292004810536e-14,8.756362529599562e-14,-9.239145719095794e-15,1.3244467393675907e-14,5.772899380751539e-10,-3.756691346890051e-10,1.8380935662420939e-10,1.5531369166079385e-10,-9.05537066243624e-16,1.3040397685463769e-15
10.1600,-1.5956762281385417e-06,-4.980655723466842e-12,0.30653910874962403,-1.0791601613923104e-12,5.1529682863654715e-08,9.316384360700024e-12,0.0,0.0,0.0,3.0437630721439934e-14,-8.957785023911329e-15,-2.2733058491565647e-15,7.377902556964193e-15,-9.257324776259124e-15,1.327054407266027e-14,-1.594717691233427e-10,6.701644794659956e-11,-1.0112427561992376e-10,-3.639263817097699e-11,-9.090147192408445e-16,1.3052781505675974e-15
10.1800,-1.5956762281385417e-06,-4.980655723466842e-12,0.30653910874962403,-1.0791601613923104e-12,5.1529682863654715e-08,9.316384360700024e-12,0.0,0.0,0.0,-9.402447656567563e-14,4.148922265839687e-14,-8.42848978111289e-14,-2.1466664929859647e-14,-9.275500907278897e-15,1.3296630578269069e-14,-1.2771336765915464e-10,5.23528165263798e-11,-8.454062450091726e-11,-2.9482271292394605e-11,-9.115730664527404e-16,1.3026189832739211e-15
10.2000,-1.5956762281385417e-06,-4.980655723466842e-12,0.30653910874962403,-1.0791601613923104e-12,5.1529682863654715e-08,9.316384360700024e-12,0.0,0.0,0.0,-1.76815500602086e-13,2.1774362262233447e-13,7.202340182584691e-14,-6.494200311560139e-14,-9.293688002530954e-15,1.3322702056419024e-14,-1.828859286234774e-11,9.996095617914591e-11,1.3803141962753784e-10,-2.0412844200464272e-11,-9.071188043196704e-16,1.3033134849434012e-15
10.2200,-1.5956762281385417e-06,-4.980655723466842e-12,0.30653910874962403,-1.0791601613923104e-12,5.1529682863654715e-08,9.316384360700024e-12,0.0,0.0,0.0,1.1746262904013645e-13,-1.5530163872584713e-13,-2.5107762396983098e-14,4.5071849361352176e-14,-9.311871386903127e-15,1.334877960205375e-14,-1.7822704423409164e-10,9.967565661739286e-11,-9.646777821004093e-11,-4.362283995010874e-11,-9.078842851167428e-16,1.3047831367377242e-15
10.2400,-1.5956762281385417e-06,-4.980655723466842e-12,0.30653910874962403,-1.0791601613923104e-12,5.1529682863654715e-08,9.316384360700024e-12,0.0,0.0,0.0,-1.2084269088161353e-13,2.0695827874616728e-14,-1.0305554951076879e-13,-2.2375674725824082e-14,-9.33004072608227e-15,1.3374862534363067e-14,-1.2372483593203754e-10,5.99846283755312e-11,-8.053338551583522e-11,-3.022633125714061e-11,-9.093666705294154e-16,1.3033609378136016e-15
10.2600,-1.5956762281385417e-06,-4.980655723466842e-12,0.30653910874962403,-1.0791601613923104e-12,5.1529682863654715e-08,9.316384360700024e-12,0.0,0.0,0.0,-1.4723882615916452e-13,2.6185120132288195e-13,9.972521489150844e-14,-6.792812601716187e-14,-9.348214134369642e-15,1.340094576633594e-14,4.1887271429175144e-11,1.5972273503805923e-10,1.8380255650818356e-10,-2.0323344773701685e-11,-9.100129872738531e-16,1.3038408522885732e-15
10.2800,-1.5956762281385417e-06,-4.980655723466842e-12,0.30653910874962403,-1.0791601613923104e-12,5.1529682863654715e-08,9.316384360700024e-12,0.0,0.0,0.0,2.463375120276539e-13,-2.246765611992335e-13,-2.2109113151724655e-15,7.420948230521864e-14,-9.366395923986812e-15,1.3427028855451412e-14,4.406898734821141e-10,-5.331505514849511e-10,-1.0112669035500232e-10,1.586790173327378e-10,-9.116650340476053e-16,1.3021528620356638e-15
10.3000,-1.5956762281385417e-06,-4.980655723466842e-12,0.30653910874962403,-1.0791601613923104e-12,5.1529682863654715e-08,9.316384360700024e-12,0.0,0.0,0.0,1.5144613063882835e-15,-5.659961994547494e-14,-8.761326317222814e-14,1.1128012332207563e-14,-9.384588633326919e-15,1.3453100187860418e-14,-1.5060258595767095e-10,7.599193496687917e-11,-8.371220383551758e-11,-3.639562427701049e-11,-9.075297029802337e-16,1.3055819028690554e-15
10.3200,-1.5956762281385417e-06,-4.980655723466842e-12,0.30653910874962403,-1.0791601613923104e-12,5.1529682863654715e-08,9.316384360700024e-12,0.0,0.0,0.0,-1.2572503541028073e-13,1.560441992741184e-13,5.583690523832452e-14,-4.571161575319251e-14,-9.402786778342147e-15,1.347916646250086e-14,-3.205702370223662e-11,1.1605741367937128e-10,1.4098583411836785e-10,-2.496810914946459e-11,-9.118310934507074e-16,1.300596979144024e-15
10.3400,-1.5956762281385417e-06,-4.980655723466842e-12,0.30653910874962403,-1.0791601613923104e-12,5.1529682863654715e-08,9.316384360700024e-12,0.0,0.0,0.0,2.552419725299332e-13,-2.924033853481396e-13,-2.422899311741667e-14,8.806599727026494e-14,-9.420969804237824e-15,1.3505241091218813e-14,4.371727424512528e-10,-5.156867988187486e-10,-9.636810793800521e-11,1.5529132443249392e-10,-9.092163883557268e-16,1.3034713639438356e-15
10.3600,-1.5956762281385417e-06,-4.980655723466842e-12,0.30653910874962403,-1.0791601613923104e-12,5.1529682863654715e-08,9.316384360700024e-12,0.0,0.0,0.0,-3.013069740928801e-14,-7.083556570103361e-14,-1.0491511756586469e-13,7.585765546924183e-15,-9.439147171135741e-15,1.3531323541786418e-14,-1.4495185607366068e-10,8.15862932768141e-11,-7.989195416335804e-11,-3.640209232633918e-11,-9.07294085959422e-16,1.305852293322048e-15
10.3800,-1.5956762281385417e-06,-4.980655723466842e-12,0.30653910874962403,-1.0791601613923104e-12,5.1529682863654715e-08,9.316384360700024e-12,0.0,0.0,0.0,-9.508496159879757e-14,1.968626034863356e-13,8.270849352617127e-14,-4.771466993312718e-14,-9.457336039071416e-15,1.3557403290346218e-14,2.8346214264729497e-11,1.7610235492071524e-10,1.8695431314164068e-10,-2.488649632081936e-11,-9.106562748828877e-16,1.30249752834458e-15
10.4000,-1.5956762281385417e-06,-4.980655723466842e-12,0.30653910874962403,-1.0791601613923104e-12,5.1529682863654715e-08,9.316384360700024e-12,0.0,0.0,0.0,-1.8490827705106196e-13,2.0575424091268054e-13,-1.969215762711592e-15,-6.429297190533654e-14,-9.475533997973073e-15,1.3583469417750996e-14,-1.0476197687125932e-10,1.2776113500478914e-11,-1.0084225121609336e-10,-2.0232824050244158e-11,-9.117649008037297e-16,1.3019240340997296e-15
10.4200,-1.5956762281385417e-06,-4.980655723466842e-12,0.30653910874962403,-1.0791601613923104e-12,5.1529682863654715e-08,9.316384360700024e-12,0.0,0.0,0.0,1.1153875653649268e-13,-1.6569965450757902e-13,-8.652979652249649e-14,4.603306908988223e-14,-9.493725609233813e-15,1.3609529621948672e-14,-1.7633502991110106e-10,1.0170336794956825e-10,-8.374440030323171e-11,-4.3654161875952025e-11,-9.102769319219224e-16,1.301027615988364e-15
10.4400,-1.5956762281385417e-06,-4.980655723466842e-12,0.30653910874962403,-1.0791601613923104e-12,5.1529682863654715e-08,9.316384360700024e-12,0.0,0.0,0.0,-1.6650630266232442e-13,1.207185957206585e-13,-3.751053564985616e-14,-4.686673703169427e-14,-9.512811100975028e-15,1.3636916471597193e-14,-1.1225423368621534e-10,3.567882100874442e-11,-9.383885335445541e-11,-2.4924313699824116e-11,-9.11960649786968e-16,1.3005243344882684e-15
10.4600,-1.5956762281385417e-06,-4.980655723466842e-12,0.30653910874962403,-1.0791601613923104e-12,5.1529682863654715e-08,9.316384360700024e-12,0.0,0.0,0.0,-2.2248155487345114e-13,1.855283366279374e-13,-2.4029930129101353e-14,-6.774747757350009e-14,-9.530069542787984e-15,1.3661702568649495e-14,-9.819975388403179e-11,1.9676843487914653e-11,-9.637746156698768e-11,-2.0331423499274867e-11,-9.075023741735659e-16,1.3052884729544614e-15
10.4800,-1.5956762281385417e-06,-4.980655723466842e-12,0.30653910874962403,-1.0791601613923104e-12,5.1529682863654715e-08,9.316384360700024e-12,0.0,0.0,0.0,8.119705516287754e-14,-1.8471078051435287e-13,-1.0607041564528955e-13,4.377257579655498e-14,-9.54824372601372e-15,1.3687791121426915e-14,-1.7019996523259806e-10,1.0745004885848175e-10,-7.964714998642819e-11,-4.3565959704511936e-11,-9.099619241738693e-16,1.3036198949761674e-15
10.5000,-1.5956762281385417e-06,-4.980655723466842e-12,0.30653910874962403,-1.0791601613923104e-12,5.1529682863654715e-08,9.316384360700024e-12,0.0,0.0,0.0,7.333093074437899e-14,2.8765345151226364e-14,8.28856018541747e-14,8.017158137387012e-15,-9.566417236100554e-15,1.3713873843021076e-14,-8.818973329383084e-12,2.1327084542832608e-10,1.869582544333781e-10,-3.551819693534023e-11,-9.084335624083898e-16,1.303928332428615e-15
10.5200,-1.5956762281385417e-06,-4.980655723466842e-12,0.30653910874962403,-1.0791601613923104e-12,5.1529682863654715e-08,9.316384360700024e-12,0.0,0.0,0.0,-1.323307513844981e-13,1.4397299412754956e-13,-1.6403613883921747e-14,-4.45279383295644e-14,-9.584608183285808e-15,1.3739940885944392e-14,-1.1911080455284662e-10,2.9076296925723e-11,-9.828804437006511e-11,-2.4977403146516932e-11,-9.106793892043345e-16,1.3026552857494642e-15
10.5400,-1.5956762281385417e-06,-4.980655723466842e-12,0.30653910874962403,-1.0791601613923104e-12,5.1529682863654715e-08,9.316384360700024e-12,0.0,0.0,0.0,1.5165025399335548e-13,-1.2112489395826937e-13,5.5578528584918805e-14,4.50731285115538e-14,-9.603693149495608e-15,1.3767320669533227e-14,-9.678882695318691e-11,1.8111312449775596e-10,1.41587408464261e-10,-4.362279926286706e-11,-9.088353368532063e-16,1.301315661784351e-15
10.5600,-1.5956762281385417e-06,-4.980655723466842e-12,0.30653910874962403,-1.0791601613923104e-12,5.1529682863654715e-08,9.316384360700024e-12,0.0,0.0,0.0,3.4135839127617454e-14,-8.038298314916959e-15,5.3069646593870893e-14,7.851820877535346e-15,-9.620965688861714e-15,1.3792095497056184e-14,-7.07058023241558e-11,1.5588658142107192e-10,1.4185086438800454e-10,-3.6413904744778184e-11,-9.095989320920724e-16,1.3024316665698472e-15
10.5800,-1.5956762281385417e-06,-4.980655723466842e-12,0.30653910874962403,-1.0791601613923104e-12,5.1529682863654715e-08,9.316384360700024e-12,0.0,0.0,0.0,-1.700357294131833e-13,1.2122263697383828e-13,-3.890367125673125e-14,-4.7603577324086224e-14,-9.639146902101503e-15,1.38181852290019e-14,-1.1180245618191975e-10,3.598027431550577e-11,-9.353792740363076e-11,-2.4891219491303734e-11,-9.091042425169993e-16,1.3041834688439314e-15
10.6000,-1.5956762281385417e-06,-4.980655723466842e-12,0.30653910874962403,-1.0791601613923104e-12,5.1529682863654715e-08,9.316384360700024e-12,0.0,0.0,0.0,-3.026587253318353e-13,2.0017675799271981e-13,-1.0484567311567421e-13,-8.446839307396047e-14,-9.657319696460386e-15,1.384426837163099e-14,-7.776856936203558e-11,1.505190416750679e-11,-7.956738046210887e-11,-1.6401081244195362e-11,-9.107232628640243e-16,1.3034119980184532e-15
10.6200,-1.5956762281385417e-06,-4.980655723466842e-12,0.30653910874962403,-1.0791601613923104e-12,5.1529682863654715e-08,9.316384360700024e-12,0.0,0.0,0.0,1.9324578656723501e-13,-9.145096397839065e-14,8.172020074522575e-14,4.752476838694649e-14,-9.675506588499808e-15,1.3870348253623296e-14,-3.644876067632197e-11,2.4120253017123616e-10,1.8749649055571638e-10,-4.3543804281885974e-11,-9.088840139507132e-16,1.3042743346342204e-15
10.6400,-1.5956762281385417e-06,-4.980655723466842e-12,0.30653910874962403,-1.0791601613923104e-12,5.1529682863654715e-08,9.316384360700024e-12,0.0,0.0,0.0,-6.362282314873054e-14,7.005234674656236e-14,-1.7748954389586846e-14,-2.0742508220472807e-14,-9.693704099364878e-15,1.389640987619336e-14,-1.3638545848237982e-10,4.759170835200166e-11,-9.786491061980485e-11,-3.028984190796572e-11,-9.102379911538155e-16,1.303494076669095e-15
10.6600,-1.5956762281385417e-06,-4.980655723466842e-12,0.30653910874962403,-1.0791601613923104e-12,5.1529682863654715e-08,9.316384360700024e-12,0.0,0.0,0.0,-1.358935680928224e-13,1.513648590255039e-13,-4.186580943068359e-15,-4.686989885976672e-14,-9.710973649260135e-15,1.3921187422223895e-14,-1.1931994281511038e-10,2.861116898955629e-11,-1.0038350706231824e-10,-2.492402041909899e-11,-9.117911232563282e-16,1.3023306661626933e-15
10.6800,-1.5956762281385417e-06,-4.980655723466842e-12,0.30653910874962403,-1.0791601613923104e-12,5.1529682863654715e-08,9.316384360700024e-12,0.0,0.0,0.0,1.4699805869769336e-13,-1.2023069257866066e-13,5.3518232206970645e-14,4.398869316666984e-14,-9.730062169156961e-15,1.394857651029346e-14,-9.625697461324023e-11,1.8144286073606963e-10,1.4184897700886268e-10,-4.357570056351994e-11,-9.102658721035422e-16,1.3028122962102554e-15
10.7000,-1.5956762281385417e-06,-4.980655723466842e-12,0.30653910874962403,-1.0791601613923104e-12,5.1529682863654715e-08,9.316384360700024e-12,0.0,0.0,0.0,-9.629343936110188e-14,4.790681134109124e-14,-3.866980277659398e-14,-2.282733787703141e-14,-9.74823164503266e-15,1.3974657845192944e-14,-1.2972206642203332e-10,5.3886561879323835e-11,-9.354858554466716e-11,-3.0205946614113586e-11,-9.077469714806978e-16,1.3042097996571902e-15
10.7200,-1.5956762281385417e-06,-4.980655723466842e-12,0.30653910874962403,-1.0791601613923104e-12,5.1529682863654715e-08,9.316384360700024e-12,0.0,0.0,0.0,-1.9134349052427205e-13,8.908240205590607e-14,-1.0476354436742759e-13,-4.575827343797916e-14,-9.766409519403402e-15,1.4000736011931124e-14,-1.0382569803901731e-10,4.110162210579915e-11,-7.957237646571969e-11,-2.429230407556565e-11,-9.070883806167407e-16,1.3051679502576706e-15
10.7400,-1.5956762281385417e-06,-4.980655723466842e-12,0.30653910874962403,-1.0791601613923104e-12,5.1529682863654715e-08,9.316384360700024e-12,0.0,0.0,0.0,1.4307441950636566e-13,-1.3689522344501111e-13,-1.860268813994799e-14,4.662738040192788e-14,-9.785512751106537e-15,1.4028100869460218e-14,-1.8331031137464038e-10,9.4770830072477e-11,-9.740513950973195e-11,-4.366102246188578e-11,-9.115371180104994e-16,1.30176625601533e-15
10.7600,-1.5956762281385417e-06,-4.980655723466842e-12,0.30653910874962403,-1.0791601613923104e-12,5.1529682863654715e-08,9.316384360700024e-12,0.0,0.0,0.0,2.6023661531286627e-14,-2.004838568398015e-14,-1.9277037605105316e-14,8.62516511012862e-15,-9.802781385585e-15,1.4052874420249751e-14,-1.5761264515745665e-10,6.91192103552396e-11,-9.735520722919944e-11,-3.644721956079298e-11,-9.088372650112141e-16,1.3041628009091462e-15
10.7800,-1.5956762281385417e-06,-4.980655723466842e-12,0.30653910874962403,-1.0791601613923104e-12,5.1529682863654715e-08,9.316384360700024e-12,0.0,0.0,0.0,-1.7726078330168748e-13,1.1209196853029172e-13,-9.894181238204945e-14,-4.7280996530180804e-14,-9.820962199672919e-15,1.4078960108590868e-14,-1.0987608045631703e-10,3.7976594091659877e-11,-8.106848525812893e-11,-2.4905837197154895e-11,-9.104558821076906e-16,1.3029476237856496e-15
10.8000,-1.5956762281385417e-06,-4.980655723466842e-12,0.30653910874962403,-1.0791601613923104e-12,5.1529682863654715e-08,9.316384360700024e-12,0.0,0.0,0.0,1.0907295119880046e-13,-1.5720783614797734e-13,-3.85536456926426e-14,4.382548445498568e-14,-9.840043124253843e-15,1.4106355613157525e-14,-1.7661305751204281e-10,1.0105022374418127e-10,-9.304093606665731e-11,-4.3568400701248974e-11,-9.095839708763331e-16,1.3038113757074449e-15
10.8200,-1.5956762281385417e-06,-4.980655723466842e-12,0.30653910874962403,-1.0791601613923104e-12,5.1529682863654715e-08,9.316384360700024e-12,0.0,0.0,0.0,-5.981364795124163e-14,-5.842674173267612e-14,-1.1999408341959653e-13,-4.40044911887008e-16,-9.858218418967549e-15,1.4132439229701555e-14,-1.356035006505607e-10,7.65078833619981e-11,-7.639486265809126e-11,-3.3949942584149884e-11,-9.07349332938944e-16,1.3043657959945504e-15
10.8400,-1.5956762281385417e-06,-4.980655723466842e-12,0.30653910874962403,-1.0791601613923104e-12,5.1529682863654715e-08,9.316384360700024e-12,0.0,0.0,0.0,-1.2179548428134662e-13,3.847083252905366e-15,-1.1945090680479866e-13,-1.910139846893782e-14,-9.87549864715571e-15,1.4157205468351785e-14,-1.2152839845569474e-10,6.227163229510779e-11,-7.675518554073335e-11,-3.022989470824415e-11,-9.126414459008787e-16,1.3008543952691087e-15
10.8600,-1.5956762281385417e-06,-4.980655723466842e-12,0.30653910874962403,-1.0791601613923104e-12,5.1529682863654715e-08,9.316384360700024e-12,0.0,0.0,0.0,-1.5204811801281114e-13,2.4783741119455097e-13,8.005331189605358e-14,-6.610920531589923e-14,-9.893698707666049e-15,1.4183261511952573e-14,4.407266218642292e-11,1.6223147825122908e-10,1.8808823942784159e-10,-2.0398045367331812e-11,-9.089912173852807e-16,1.3044658666506958e-15
10.8800,-1.5956762281385417e-06,-4.980655723466842e-12,0.30653910874962403,-1.0791601613923104e-12,5.1529682863654715e-08,9.316384360700024e-12,0.0,0.0,0.0,-1.0833661218097277e-14,-5.4088795064133794e-14,-9.90280489554871e-14,8.045940840201759e-15,-9.912792293777774e-15,1.4210649416032206e-14,-1.4916654023089393e-10,7.746389640850282e-11,-8.069822587941644e-11,-3.642262836041935e-11,-9.103524175294918e-16,1.3019534519510344e-15
10.9000,-1.5956762281385417e-06,-4.980655723466842e-12,0.30653910874962403,-1.0791601613923104e-12,5.1529682863654715e-08,9.316384360700024e-12,0.0,0.0,0.0,-1.1141237324372018e-13,3.1497631770404673e-14,-1.0407678815996999e-13,-2.2628890020465265e-14,-9.930058141607589e-15,1.423542831852314e-14,-1.26276572531836e-10,5.7380294959941125e-11,-8.017278507743697e-11,-3.021496454793973e-11,-9.096155811698515e-16,1.3038016306926484e-15
10.9200,-1.5956762281385417e-06,-4.980655723466842e-12,0.30653910874962403,-1.0791601613923104e-12,5.1529682863654715e-08,9.316384360700024e-12,0.0,0.0,0.0,-1.9734183123729221e-13,2.1238302177023445e-13,4.988280691283562e-14,-6.8032988614874e-14,-9.948232657914967e-15,1.426151255222331e-14,-1.5000001241105565e-11,1.0281084317220746e-10,1.4273796034025565e-10,-2.031872348519634e-11,-9.083958595160696e-16,1.3033214176054756e-15
10.9400,-1.5956762281385417e-06,-4.980655723466842e-12,0.30653910874962403,-1.0791601613923104e-12,5.1529682863654715e-08,9.316384360700024e-12,0.0,0.0,0.0,2.5003494327771483e-13,-3.087498095623592e-13,-4.339913081689224e-14,9.011938868235281e-14,-9.966419062915406e-15,1.4287588596183592e-14,4.4068007576392176e-10,-5.14078640767579e-10,-9.236955644809086e-11,1.5571371855023456e-10,-9.097741454894233e-16,1.304513031662043e-15
10.9600,-1.5956762281385417e-06,-4.980655723466842e-12,0.30653910874962403,-1.0791601613923104e-12,5.1529682863654715e-08,9.316384360700024e-12,0.0,0.0,0.0,3.568068671080825e-14,-2.0262603216581495e-14,-4.2261457527983264e-14,1.0741174830318414e-14,-9.979143062246401e-15,1.4305843017658382e-14,-9.050177274261273e-11,1.3638920548508793e-10,-4.170741529918587e-11,-3.647415702308606e-11,-9.066192629167145e-16,1.3051839570297041e-15
10.9800,-1.5956762281385417e-06,-4.980655723466842e-12,0.30653910874962403,-1.0791601613923104e-12,5.1529682863654715e-08,9.316384360700024e-12,0.0,0.0,0.0,-9.806641002027679e-14,1.876889694117362e-13,6.971458202383666e-14,-4.657070325251241e-14,-1.0002782974412071e-14,1.4339741064772695e-14,2.984557045948577e-11,1.7782914030206598e-10,1.8999871120861656e-10,-2.493688631766087e-11,-9.106561230952452e-16,1.3026647122997249e-15
11.0000,-1.5956762281385417e-06,-4.980655723466842e-12,0.30653910874962403,-1.0791601613923104e-12,5.1529682863654715e-08,9.316384360700024e-12,0.0,0.0,0.0,-1.6664280458320152e-13,2.406117744389586e-13,7.213889277598375e-14,-6.761875993479363e-14,-1.0020044761682984e-14,1.4364527535282975e-14,-2.1942891947901444e-11,9.596090588814832e-11,1.3814541177659123e-10,-2.0337385898755504e-11,-9.106406262800594e-16,1.3037627085361053e-15
11.0200,-1.5956762281385417e-06,-4.980655723466842e-12,0.30653910874962403,-1.0791601613923104e-12,5.1529682863654715e-08,9.316384360700024e-12,0.0,0.0,0.0,1.2736509677482735e-13,-1.389205477976834e-13,-2.5053389224351972e-14,4.382526814538028e-14,-1.0038209383372924e-14,1.4390613428170973e-14,-1.8123760825439206e-10,9.642539544607587e-11,-9.626968666687219e-11,-4.356834454063275e-11,-9.062336267656489e-16,1.3049475653542487e-15
11.0400,-1.5956762281385417e-06,-4.980655723466842e-12,0.30653910874962403,-1.0791601613923104e-12,5.1529682863654715e-08,9.316384360700024e-12,0.0,0.0,0.0,-2.512120173270028e-13,2.515767256082152e-13,-6.479282319008728e-14,-8.446936492219456e-14,-1.0053658656648395e-14,1.4412779763028102e-14,-2.171299251507719e-11,7.110798061482626e-11,-3.712091745100565e-11,-1.6401164165332766e-11,-9.098146657589099e-16,1.3038453662131759e-15
11.0600,-1.5956762281385417e-06,-4.980655723466842e-12,0.30653910874962403,-1.0791601613923104e-12,5.1529682863654715e-08,9.316384360700024e-12,0.0,0.0,0.0,-2.2486972786614616e-13,1.669181399109315e-13,-4.2261846106041873e-14,-6.440345265354615e-14,-1.0075487233678379e-14,1.444406762804455e-14,-9.575684689622221e-11,2.236752449924495e-11,-9.233011577514105e-11,-2.0374188835996255e-11,-9.08939148433672e-16,1.3018021109861617e-15
11.0800,-1.5956762281385417e-06,-4.980655723466842e-12,0.30653910874962403,-1.0791601613923104e-12,5.1529682863654715e-08,9.316384360700024e-12,0.0,0.0,0.0,-1.9249737306934037e-13,2.073942068535056e-13,4.9062296586486325e-14,-6.610950798202815e-14,-1.0091862113299454e-14,1.4467528503646532e-14,-1.5191958802063255e-11,1.0296766217443576e-10,1.4267381720500794e-10,-2.0398187799684737e-11,-9.10769519631059e-16,1.302761925046854e-15
11.1000,-1.5956762281385417e-06,-4.980655723466842e-12,0.30653910874962403,-1.0791601613923104e-12,5.1529682863654715e-08,9.316384360700024e-12,0.0,0.0,0.0,2.8120353876007085e-13,-2.6647840096666377e-13,4.996302052636476e-14,8.806580009902903e-14,-1.010913235871588e-14,1.4492303400564154e-14,5.202859532094095e-10,-4.325733105048357e-10,1.42244882539444e-10,1.5529120464567024e-10,-9.069306835960412e-16,1.3052246286732427e-15
11.1200,-1.5956762281385417e-06,-4.980655723466842e-12,0.30653910874962403,-1.0791601613923104e-12,5.1529682863654715e-08,9.316384360700024e-12,0.0,0.0,0.0,-2.0952611259891904e-13,1.9903328378850717e-13,-2.361051562597341e-14,-6.785083673820697e-14,-1.0130030822022385e-14,1.452230462879548e-14,-1.0133188732552867e-10,1.652195047441296e-11,-9.62409318905344e-11,-2.032680674694859e-11,-9.095110685538167e-16,1.3041698460064233e-15
11.1400,-1.5956762281385417e-06,-4.980655723466842e-12,0.30653910874962403,-1.0791601613923104e-12,5.1529682863654715e-08,9.316384360700024e-12,0.0,0.0,0.0,1.9585925156720298e-13,-2.7543881670938416e-13,-1.0436586248000685e-13,7.424189133863763e-14,-1.0148203140842164e-14,1.4548389888802626e-14,4.5261272507701733e-10,-5.212181242164604e-10,-7.974035320934547e-11,1.5867748021191463e-10,-9.1015176171086e-16,1.3033487236646766e-15
11.1600,-1.5956762281385417e-06,-4.980655723466842e-12,0.30653910874962403,-1.0791601613923104e-12,5.1529682863654715e-08,9.316384360700024e-12,0.0,0.0,0.0,3.400869083572277e-14,-2.4261460017827756e-14,4.073942641565702e-14,1.1142566448272035e-14,-1.0166402048648609e-14,1.4574456786063567e-14,-6.872030722249178e-11,1.5787940399469846e-10,1.4461848385494136e-10,-3.639631630016892e-11,-9.094235044549427e-16,1.3036394908848788e-15
11.1800,-1.5956762281385417e-06,-4.980655723466842e-12,0.30653910874962403,-1.0791601613923104e-12,5.1529682863654715e-08,9.316384360700024e-12,0.0,0.0,0.0,1.3775828308640208e-13,-1.3952603567973867e-13,-1.0275321565868921e-14,4.603298742402368e-14,-1.0181871820504801e-14,1.4596602508719682e-14,-1.8253704103798896e-10,9.550191193419266e-11,-9.928638466938366e-11,-4.365422916187204e-11,-9.12163197781251e-16,1.3006085133504855e-15
11.2000,-1.5956762281385417e-06,-4.980655723466842e-12,0.30653910874962403,-1.0791601613923104e-12,5.1529682863654715e-08,9.316384360700024e-12,0.0,0.0,0.0,2.701692819185019e-13,-2.775295054426316e-13,-7.744850524796993e-14,8.806955970721693e-14,-1.0202782381209061e-14,1.462658833429545e-14,5.022497695517103e-10,-4.5060760678339307e-10,-3.382930047202137e-11,1.5529103353463212e-10,-9.09473903742485e-16,1.3043987980194494e-15
11.2200,-1.5956762281385417e-06,-4.980655723466842e-12,0.30653910874962403,-1.0791601613923104e-12,5.1529682863654715e-08,9.316384360700024e-12,0.0,0.0,0.0,5.463613503289722e-14,1.389207586838176e-14,6.324150994548657e-14,7.588361593600565e-15,-1.02209608367143e-14,1.465267251082751e-14,-7.551670400118837e-11,1.510216118827401e-10,1.400805860196641e-10,-3.6402089019220636e-11,-9.079241531543164e-16,1.3056696634233248e-15
11.2400,-1.5956762281385417e-06,-4.980655723466842e-12,0.30653910874962403,-1.0791601613923104e-12,5.1529682863654715e-08,9.316384360700024e-12,0.0,0.0,0.0,-1.5373540721006042e-13,1.381787401620309e-13,-3.230758646725271e-14,-4.771246265793733e-14,-1.0239132861298491e-14,1.467875856642855e-14,-1.1570913671654637e-10,3.204755905095169e-11,-9.459030780867295e-11,-2.4886509204240947e-11,-9.1143224805244e-16,1.3031206741056988e-15
11.2600,-1.5956762281385417e-06,-4.980655723466842e-12,0.30653910874962403,-1.0791601613923104e-12,5.1529682863654715e-08,9.316384360700024e-12,0.0,0.0,0.0,-1.4547498708436632e-13,1.3490891130990496e-13,-2.3994680548069404e-14,-4.575693450395712e-14,-1.0256404905724392e-14,1.470352934190222e-14,-1.1486755990830488e-10,3.00592606361505e-11,-9.622419527843817e-11,-2.4292166047336545e-11,-9.11326646866719e-16,1.3021497261939616e-15
11.2800,-1.5956762281385417e-06,-4.980655723466842e-12,0.30653910874962403,-1.0791601613923104e-12,5.1529682863654715e-08,9.316384360700024e-12,0.0,0.0,0.0,1.444683322693585e-13,-1.355275952121266e-13,4.0003875906267184e-14,4.6628323577899877e-14,-1.0275501108830023e-14,1.473090267837257e-14,-9.424916402878125e-11,1.8383261579657528e-10,1.4506898460275863e-10,-4.3661115492659194e-11,-9.097515150686348e-16,1.303152189687037e-15
11.3000,-1.5956762281385417e-06,-4.980655723466842e-12,0.30653910874962403,-1.0791601613923104e-12,5.1529682863654715e-08,9.316384360700024e-12,0.0,0.0,0.0,-1.0027825184108607e-13,3.7475183557288866e-14,-5.020041257689728e-14,-2.163272120538616e-14,-1.0293700416515429e-14,1.475696743457246e-14,-1.2794743042832124e-10,5.5897925177461616e-11,-9.060538430638587e-11,-3.025852909905651e-11,-9.084153330020503e-16,1.305302088347344e-15
11.3200,-1.5956762281385417e-06,-4.980655723466842e-12,0.30653910874962403,-1.0791601613923104e-12,5.1529682863654715e-08,9.316384360700024e-12,0.0,0.0,0.0,-1.3458034078814397e-13,2.7266141515808126e-13,1.343283963228448e-13,-6.761767708155089e-14,-1.0311874780414369e-14,1.478305121516543e-14,3.905634149425907e-11,1.5696038913048938e-10,1.766442825346104e-10,-2.0337353798024946e-11,-9.074204998365354e-16,1.304288001312301e-15
11.3400,-1.5956762281385417e-06,-4.980655723466842e-12,0.30653910874962403,-1.0791601613923104e-12,5.1529682863654715e-08,9.316384360700024e-12,0.0,0.0,0.0,1.6755356044287256e-13,-9.873097390661403e-14,6.320953552237722e-14,4.3826022526882613e-14,-1.0330046652386222e-14,1.4809140657159522e-14,-1.0099782121741896e-10,1.7666554330553197e-10,1.404019955852931e-10,-4.356836194766853e-11,-9.106114433480485e-16,1.3036431015282526e-15
11.3600,-1.5956762281385417e-06,-4.980655723466842e-12,0.30653910874962403,-1.0791601613923104e-12,5.1529682863654715e-08,9.316384360700024e-12,0.0,0.0,0.0,-8.807809509487746e-15,-7.405720991061168e-15,-3.193599482091075e-14,-4.394833779723537e-16,-1.0348220412992152e-14,1.4835220081289985e-14,-1.4771603384922116e-10,6.439573874139626e-11,-9.446171622684574e-11,-3.3949860610255876e-11,-9.093821528689406e-16,1.3034737569773477e-15
11.3800,-1.5956762281385417e-06,-4.980655723466842e-12,0.30653910874962403,-1.0791601613923104e-12,5.1529682863654715e-08,9.316384360700024e-12,0.0,0.0,0.0,-1.0443140188717929e-13,1.69263708095057e-13,1.0685265242057263e-13,-4.4028619930285344e-14,-1.0366413047189929e-14,1.4861285564949725e-14,-3.597186437609423e-11,1.1204448480128804e-10,1.3087111949694474e-10,-2.4927722904140154e-11,-9.10617347763261e-16,1.3027262214500743e-15
11.4000,-1.5956762281385417e-06,-4.980655723466842e-12,0.30653910874962403,-1.0791601613923104e-12,5.1529682863654715e-08,9.316384360700024e-12,0.0,0.0,0.0,2.8115985148405214e-13,-2.7159589073194664e-13,4.043428161733864e-14,8.914015333059793e-14,-1.0384606554653862e-14,1.4887354913002072e-14,5.211262255055971e-10,-4.31557650726333e-10,1.4505610601567298e-10,1.5524883230150992e-10,-9.088032488628841e-16,1.3040135626373906e-15
11.4200,-1.5956762281385417e-06,-4.980655723466842e-12,0.30653910874962403,-1.0791601613923104e-12,5.1529682863654715e-08,9.316384360700024e-12,0.0,0.0,0.0,-9.628264324685622e-15,-5.2849869435379214e-14,-5.000415290171922e-14,8.046601248702525e-15,-1.0402789726989456e-14,1.4913434972881224e-14,-1.4934609104955143e-10,7.728492845693324e-11,-9.061401629040233e-11,-3.642277338780495e-11,-9.072153590446222e-16,1.304281137367578e-15
11.4400,-1.5956762281385417e-06,-4.980655723466842e-12,0.30653910874962403,-1.0791601613923104e-12,5.1529682863654715e-08,9.316384360700024e-12,0.0,0.0,0.0,-7.624958389682111e-14,2.1448991975964107e-13,1.3441163529411602e-13,-4.752331288417289e-14,-1.0420967646331113e-14,1.493951822102878e-14,2.410482924375401e-11,1.7190601719896392e-10,1.7664078533208283e-10,-2.489490528843678e-11,-9.101938387342593e-16,1.302581593883053e-15
11.4600,-1.5956762281385417e-06,-4.980655723466842e-12,0.30653910874962403,-1.0791601613923104e-12,5.1529682863654715e-08,9.316384360700024e-12,0.0,0.0,0.0,2.910564905478632e-13,-2.522247471538625e-13,2.525323075649228e-14,8.729347763873154e-14,-1.0439140580854923e-14,1.4965600860009932e-14,4.281775212167105e-10,-5.248465273499647e-10,-1.0702472241774785e-10,1.553260167902536e-10,-9.074352071078266e-16,1.3049348912929032e-15
11.4800,-1.5956762281385417e-06,-4.980655723466842e-12,0.30653910874962403,-1.0791601613923104e-12,5.1529682863654715e-08,9.316384360700024e-12,0.0,0.0,0.0,1.332124471564991e-13,-1.4925625231215825e-13,-3.230572684368668e-14,4.68620332446089e-14,-1.0457331746829446e-14,1.499167422443113e-14,-1.7974211008464636e-10,9.657358246428771e-11,-9.415995760875262e-11,-4.3257733890799246e-11,-9.100823289974228e-16,1.303260681868999e-15
11.5000,-1.5956762281385417e-06,-4.980655723466842e-12,0.30653910874962403,-1.0791601613923104e-12,5.1529682863654715e-08,9.316384360700024e-12,0.0,0.0,0.0,-3.490390701463366e-14,9.60554075622448e-14,1.0032404143541551e-13,-2.0161829811737283e-14,-1.04755273557693e-14,1.5017749859028e-14,-5.35046729144284e-11,1.3052992020590182e-10,1.3227982598174037e-10,-3.0301093506479295e-11,-9.114139690152638e-16,1.3018174419516348e-15
11.5200,-1.5956762281385417e-06,-4.980655723466842e-12,0.30653910874962403,-1.0791601613923104e-12,5.1529682863654715e-08,9.316384360700024e-12,0.0,0.0,0.0,-2.1095549698754795e-13,1.9280984535724386e-13,4.360970612369164e-15,-6.693748658419582e-14,-1.0493716741846365e-14,1.5043824163491982e-14,-1.0061335098399127e-10,1.7417067788016993e-11,-1.0253309312702186e-10,-2.0367083337678138e-11,-9.083525462712448e-16,1.3054013376131412e-15
11.5400,-1.5956762281385417e-06,-4.980655723466842e-12,0.30653910874962403,-1.0791601613923104e-12,5.1529682863654715e-08,9.316384360700024e-12,0.0,0.0,0.0,1.0154791504904318e-13,-1.6641580386961362e-13,-5.1105466386571825e-14,4.4108533932390455e-14,-1.0511878596741235e-14,1.506991764176681e-14,-1.7451504130683304e-10,1.0321152266179467e-10,-9.009223922440412e-11,-4.358113964837801e-11,-9.069554336671494e-16,1.304386727799951e-15
11.5600,-1.5956762281385417e-06,-4.980655723466842e-12,0.30653910874962403,-1.0791601613923104e-12,5.1529682863654715e-08,9.316384360700024e-12,0.0,0.0,0.0,-5.549027376456463e-15,1.3828779181862455e-13,1.2719141087576876e-13,-2.27778163614622e-14,-1.0530050019932861e-14,1.5096002464282262e-14,6.932482365940018e-12,1.9055373945420229e-10,1.7825962927986438e-10,-3.020815775491861e-11,-9.079272629398292e-16,1.3042845759573844e-15
11.5800,-1.5956762281385417e-06,-4.980655723466842e-12,0.30653910874962403,-1.0791601613923104e-12,5.1529682863654715e-08,9.316384360700024e-12,0.0,0.0,0.0,-1.3551603675329769e-13,1.755117657218911e-13,2.666088252941454e-14,-5.1695201672224194e-14,-1.0548222998047846e-14,1.5122085023309782e-14,-1.172980879093899e-10,2.06277495085061e-11,-1.0700781927219793e-10,-2.312600555443434e-11,-9.083005133019928e-16,1.3033483836934448e-15
11.6000,-1.5956762281385417e-06,-4.980655723466842e-12,0.30653910874962403,-1.0791601613923104e-12,5.1529682863654715e-08,9.316384360700024e-12,0.0,0.0,0.0,2.7275185496281e-13,-2.8810132663886846e-13,-3.145859892032204e-14,9.085587493994049e-14,-1.0566414233070858e-14,1.514815528588889e-14,4.3473746824673754e-10,-5.179294215729158e-10,-9.419345858852068e-11,1.5525901787254018e-10,-9.09935271173762e-16,1.3044284268018104e-15
11.6200,-1.5956762281385417e-06,-4.980655723466842e-12,0.30653910874962403,-1.0791601613923104e-12,5.1529682863654715e-08,9.316384360700024e-12,0.0,0.0,0.0,-7.841313101605903e-14,5.750507796703415e-14,-6.521026774476461e-16,-2.123613165479664e-14,-1.0585515923169479e-14,1.517552370697741e-14,-1.3315831770555064e-10,5.075087572414816e-11,-1.0133799355216411e-10,-3.0273993552689373e-11,-9.097972511254738e-16,1.3032622171162158e-15
11.6400,-1.5956762281385417e-06,-4.980655723466842e-12,0.30653910874962403,-1.0791601613923104e-12,5.1529682863654715e-08,9.316384360700024e-12,0.0,0.0,0.0,-1.5482042817202604e-13,1.335957672719538e-13,3.0272874484625937e-15,-4.710275237207047e-14,-1.0602791831130612e-14,1.5200297977376855e-14,-1.1517467535249182e-10,3.2713054487487625e-11,-1.0225170710143061e-10,-2.4913842432760736e-11,-9.105901347618788e-16,1.3044993608480593e-15
11.6600,-1.5956762281385417e-06,-4.980655723466842e-12,0.30653910874962403,-1.0791601613923104e-12,5.1529682863654715e-08,9.316384360700024e-12,0.0,0.0,0.0,2.399488724103278e-13,-3.044433099609897e-13,-5.09027119066997e-14,8.746746354833763e-14,-1.0620971687107637e-14,1.522638273988532e-14,4.408417519918828e-10,-5.121393864548907e-10,-9.008727097636893e-11,1.5531815136876892e-10,-9.069067578104134e-16,1.305796131067178e-15
11.6800,-1.5956762281385417e-06,-4.980655723466842e-12,0.30653910874962403,-1.0791601613923104e-12,5.1529682863654715e-08,9.316384360700024e-12,0.0,0.0,0.0,8.60704068850466e-14,4.6903391771434914e-14,1.2732458212757244e-13,7.338130281255512e-15,-1.0639135319350183e-14,1.5252467390873298e-14,-1.4500067813116857e-11,2.1197787969384763e-10,1.782546887874048e-10,-3.639091352734529e-11,-9.096769319151137e-16,1.300985203129636e-15
11.7000,-1.5956762281385417e-06,-4.980655723466842e-12,0.30653910874962403,-1.0791601613923104e-12,5.1529682863654715e-08,9.316384360700024e-12,0.0,0.0,0.0,-4.46400078290836e-14,8.130659428046058e-14,2.060975071157308e-14,-1.9319057700313868e-14,-1.0657323277316875e-14,1.5278537892282587e-14,-1.3938480925013153e-10,4.351924376422289e-11,-1.0577952402890389e-10,-3.002658907702821e-11,-9.102790350286298e-16,1.3030314345524941e-15
11.7200,-1.5956762281385417e-06,-4.980655723466842e-12,0.30653910874962403,-1.0791601613923104e-12,5.1529682863654715e-08,9.316384360700024e-12,0.0,0.0,0.0,-2.2044623851355574e-13,1.7694273217833054e-13,-6.475887812110963e-14,-6.555478288690793e-14,-1.0675510104843242e-14,1.5304601681012853e-14,-9.783654442152567e-11,2.038796909076268e-11,-8.856052002848003e-11,-2.0411889514346006e-11,-9.11591934856103e-16,1.3007402675056335e-15
11.7400,-1.5956762281385417e-06,-4.980655723466842e-12,0.30653910874962403,-1.0791601613923104e-12,5.1529682863654715e-08,9.316384360700024e-12,0.0,0.0,0.0,1.6457738558076033e-13,-1.0658458056050983e-13,9.924723612383153e-14,4.4732714983502e-14,-1.0693684808366412e-14,1.5330677289850497e-14,-9.99071381180272e-11,1.7793783113617678e-10,1.3284334743346449e-10,-4.360877531323266e-11,-9.110238751878771e-16,1.3022960734694763e-15
11.7600,-1.5956762281385417e-06,-4.980655723466842e-12,0.30653910874962403,-1.0791601613923104e-12,5.1529682863654715e-08,9.316384360700024e-12,0.0,0.0,0.0,-8.300720613638233e-14,5.931204920633855e-14,-1.937740939963645e-15,-2.251892401198312e-14,-1.0711861228416736e-14,1.5356759803096882e-14,-1.3266990284144242e-10,5.101050137845675e-11,-1.0104109215980372e-10,-3.021981162396865e-11,-9.10015153246287e-16,1.3034862780102799e-15
11.7800,-1.5956762281385417e-06,-4.980655723466842e-12,0.30653910874962403,-1.0791601613923104e-12,5.1529682863654715e-08,9.316384360700024e-12,0.0,0.0,0.0,-2.4836662673719026e-13,1.611049566428428e-13,-8.155261119195085e-14,-6.798726646146868e-14,-1.0730043639258542e-14,1.5382840892523902e-14,-9.222431152089428e-11,2.559774614496746e-11,-8.486419900144426e-11,-2.0320652838691945e-11,-9.096714712822999e-16,1.303991411567767e-15
11.8000,-1.5956762281385417e-06,-4.980655723466842e-12,0.30653910874962403,-1.0791601613923104e-12,5.1529682863654715e-08,9.316384360700024e-12,0.0,0.0,0.0,3.325632330353486e-13,-2.0630325832010705e-13,1.2481864222753974e-13,8.605002068325994e-14,-1.07482296332867e-14,1.5408911081077774e-14,5.793699409117892e-10,-3.802858306034551e-10,1.7899390303277585e-10,1.5657718841687266e-10,-9.100603851365427e-16,1.3032062401498031e-15
11.8200,-1.5956762281385417e-06,-4.980655723466842e-12,0.30653910874962403,-1.0791601613923104e-12,5.1529682863654715e-08,9.316384360700024e-12,0.0,0.0,0.0,4.3730247728551385e-14,-1.2169160633791122e-14,1.9194133088449103e-14,1.0740980258920337e-14,-1.0766420985483574e-14,1.5434978068560135e-14,-1.6074197528581635e-10,6.614842007479638e-11,-1.0534381700288975e-10,-3.647407919163481e-11,-9.085703718778515e-16,1.305096481852746e-15
11.8400,-1.5956762281385417e-06,-4.980655723466842e-12,0.30653910874962403,-1.0791601613923104e-12,5.1529682863654715e-08,9.316384360700024e-12,0.0,0.0,0.0,-1.6335962529920341e-13,1.2063996417493922e-13,-6.409157857215875e-14,-4.618846058339531e-14,-1.0784615253628178e-14,1.546103755646985e-14,-1.1274475797407035e-10,3.530253867012334e-11,-8.856870792328664e-11,-2.4952099752533047e-11,-9.075382006066665e-16,1.3040672549309514e-15
11.8600,-1.5956762281385417e-06,-4.980655723466842e-12,0.30653910874962403,-1.0791601613923104e-12,5.1529682863654715e-08,9.316384360700024e-12,0.0,0.0,0.0,3.02490261144844e-13,-2.4401578586535994e-13,9.958874072620616e-14,8.78528819808479e-14,-1.0802787647010845e-14,1.548712426340366e-14,5.154562610076852e-10,-4.374431650244759e-10,1.3282872024511505e-10,1.5530066355412969e-10,-9.05936410431801e-16,1.3040990467906143e-15
11.8800,-1.5956762281385417e-06,-4.980655723466842e-12,0.30653910874962403,-1.0791601613923104e-12,5.1529682863654715e-08,9.316384360700024e-12,0.0,0.0,0.0,8.335616058535397e-15,-3.1801900512052567e-14,-1.8002953295150696e-15,7.497894654490296e-15,-1.0820955304013573e-14,1.551320951193616e-14,-1.5409296061363875e-10,7.242451083300239e-11,-1.0104789227582955e-10,-3.639791904397881e-11,-9.079046246608249e-16,1.3050047847459415e-15
11.9000,-1.5956762281385417e-06,-4.980655723466842e-12,0.30653910874962403,-1.0791601613923104e-12,5.1529682863654715e-08,9.316384360700024e-12,0.0,0.0,0.0,-1.344093941979267e-13,3.8561703320338066e-14,-8.495511169551958e-14,-2.854113301232666e-14,-1.0839130065799623e-14,1.5539293283467372e-14,-1.1827766543959228e-10,5.343486764175509e-11,-8.42707570392065e-11,-2.8130501630220516e-11,-9.107160477811313e-16,1.3023267800681755e-15
11.9200,-1.5956762281385417e-06,-4.980655723466842e-12,0.30653910874962403,-1.0791601613923104e-12,5.1529682863654715e-08,9.316384360700024e-12,0.0,0.0,0.0,-1.4252842742143483e-13,2.4925480517451397e-13,9.750376964153578e-14,-6.43908482649717e-14,-1.0857322006466427e-14,1.5565361288118015e-14,4.246603069191224e-11,1.6059364948972643e-10,1.8355125752655965e-10,-2.0374627393494488e-11,-9.10911474577521e-16,1.302811293667353e-15
11.9400,-1.5956762281385417e-06,-4.980655723466842e-12,0.30653910874962403,-1.0791601613923104e-12,5.1529682863654715e-08,9.316384360700024e-12,0.0,0.0,0.0,1.5331675426447042e-13,-1.21457239220691e-13,1.9247534815933623e-14,4.5506938880997596e-14,-1.0875518766369787e-14,1.559142836274303e-14,-1.8623502739956166e-10,9.173439785570281e-11,-1.0513553916347007e-10,-4.3638799317769654e-11,-9.113661381235235e-16,1.3013249981719248e-15
11.9600,-1.5956762281385417e-06,-4.980655723466842e-12,0.30653910874962403,-1.0791601613923104e-12,5.1529682863654715e-08,9.316384360700024e-12,0.0,0.0,0.0,-9.280284266052808e-14,4.7766673439807847e-14,-6.841273311745346e-14,-2.2185466008982084e-14,-1.0893694205924467e-14,1.561751220525046e-14,-1.3026335565768932e-10,5.348352316580929e-11,-8.752898406072518e-11,-3.023471559476046e-11,-9.120404582404186e-16,1.3022420966257848e-15
11.9800,-1.5956762281385417e-06,-4.980655723466842e-12,0.30653910874962403,-1.0791601613923104e-12,5.1529682863654715e-08,9.316384360700024e-12,0.0,0.0,0.0,-1.9098438888695613e-13,2.1767753659679345e-13,6.852003756049096e-14,-6.784842019244156e-14,-1.0911873035471263e-14,1.5643598763620148e-14,-1.6687096149325953e-11,1.0116846249630385e-10,1.3815917854209658e-10,-2.0326974249602364e-11,-9.087812040859693e-16,1.305315000636706e-15
12.0000,-1.5956762281385417e-06,-4.980655723466842e-12,0.30653910874962403,-1.0791601613923104e-12,5.1529682863654715e-08,9.316384360700024e-12,0.0,0.0,0.0,1.1604248725818826e-13,-1.4951382405387145e-13,-5.301272615367949e-15,4.373041285409989e-14,-1.0930053202098034e-14,1.566967769263174e-14,-1.7851370381904985e-10,9.912562437541794e-11,-1.0013717632872954e-10,-4.356415496485248e-11,-9.074009626576475e-16,1.3055782847810561e-15
12.0200,-1.5956762281385417e-06,-4.980655723466842e-12,0.30653910874962403,-1.0791601613923104e-12,5.1529682863654715e-08,9.316384360700024e-12,0.0,0.0,0.0,-2.0439893694241394e-14,-7.73106084252525e-14,-8.890606237325307e-14,1.070877609301592e-14,-1.0948235385799354e-14,1.569575533145911e-14,-1.4481885135531058e-10,8.067993495508574e-11,-8.321449085357813e-11,-3.6154104172388953e-11,-9.095482689339147e-16,1.3032542480581945e-15
12.0400,-1.5956762281385417e-06,-4.980655723466842e-12,0.30653910874962403,-1.0791601613923104e-12,5.1529682863654715e-08,9.316384360700024e-12,0.0,0.0,0.0,-8.578351309848698e-14,1.9346462714159222e-13,9.883451071442708e-14,-4.514149968214791e-14,-1.0966427141073478e-14,1.5721825073469457e-14,2.7432889293521612e-11,1.7560966569796221e-10,1.8354398556574836e-10,-2.4980770065797635e-11,-9.092855617480419e-16,1.302727656608437e-15
12.0600,-1.5956762281385417e-06,-4.980655723466842e-12,0.30653910874962403,-1.0791601613923104e-12,5.1529682863654715e-08,9.316384360700024e-12,0.0,0.0,0.0,2.815595317729175e-13,-2.6736638509733475e-13,1.3508486690314361e-14,8.834264620025034e-14,-1.0984611635128297e-14,1.574790264325455e-14,4.309406442803976e-10,-5.218703524878521e-10,-1.0411285722433661e-10,1.5527950359919121e-10,-9.080275139213482e-16,1.304854000473621e-15
12.0800,-1.5956762281385417e-06,-4.980655723466842e-12,0.30653910874962403,-1.0791601613923104e-12,5.1529682863654715e-08,9.316384360700024e-12,0.0,0.0,0.0,-9.357952773764821e-15,-5.064463344156636e-14,-7.372595520197778e-14,7.701884346254569e-15,-1.1002790642042471e-14,1.577398022703058e-14,-1.5011955567523216e-10,7.644310184851122e-11,-8.657763395092388e-11,-3.6407246393057674e-11,-9.098247602575152e-16,1.3028290954213157e-15
12.1000,-1.5956762281385417e-06,-4.980655723466842e-12,0.30653910874962403,-1.0791601613923104e-12,5.1529682863654715e-08,9.316384360700024e-12,0.0,0.0,0.0,-1.3231509723984972e-13,1.5939868263187199e-13,6.873356120370191e-14,-4.7665678910883925e-14,-1.1020960070093069e-14,1.5800063254113284e-14,-3.1610103423673763e-11,1.1615811090770478e-10,1.381925962551378e-10,-2.4888596248614608e-11,-9.095689554802637e-16,1.3030101619486811e-15
12.1200,-1.5956762281385417e-06,-4.980655723466842e-12,0.30653910874962403,-1.0791601613923104e-12,5.1529682863654715e-08,9.316384360700024e-12,0.0,0.0,0.0,-2.2694168158585242e-13,1.9390452525952443e-13,-5.08355788023903e-15,-7.052627186540434e-14,-1.103913967178112e-14,1.5826149085627787e-14,-9.456016525355437e-11,1.5159068444958734e-11,-1.0014561402371669e-10,-1.8831542530418555e-11,-9.087517862346644e-16,1.3041868156166898e-15
12.1400,-1.5956762281385417e-06,-4.980655723466842e-12,0.30653910874962403,-1.0791601613923104e-12,5.1529682863654715e-08,9.316384360700024e-12,0.0,0.0,0.0,9.260998132257138e-14,-1.9013466407885662e-13,-8.882088051168874e-14,4.7216256804509847e-14,-1.1057334264969236e-14,1.5852216801227608e-14,-1.710867558735174e-10,1.0693990137866649e-10,-8.321904276797909e-11,-4.364016731333743e-11,-9.07209838441214e-16,1.30555634629685e-15
12.1600,-1.5956762281385417e-06,-4.980655723466842e-12,0.30653910874962403,-1.0791601613923104e-12,5.1529682863654715e-08,9.316384360700024e-12,0.0,0.0,0.0,-1.4367298409309702e-13,1.4035594302447208e-13,-1.2176828295720346e-14,-4.618749766971926e-14,-1.107642586906481e-14,1.587959189161202e-14,-1.1760234452928842e-10,3.044273166885603e-11,-9.940429035459886e-11,-2.4951868238767307e-11,-9.110630773450576e-16,1.301484218032132e-15
12.1800,-1.5956762281385417e-06,-4.980655723466842e-12,0.30653910874962403,-1.0791601613923104e-12,5.1529682863654715e-08,9.316384360700024e-12,0.0,0.0,0.0,-2.0418607862834975e-13,2.0222337087188944e-13,-9.31550600550517e-15,-6.744706849828575e-14,-1.1093683287307104e-14,1.5904370310674616e-14,-1.0272227513041798e-10,1.5215967374970774e-11,-1.0010900441947967e-10,-2.0345105937640914e-11,-9.045883239954309e-16,1.307119054255724e-15
12.2000,-1.5956762281385417e-06,-4.980655723466842e-12,0.30653910874962403,-1.0791601613923104e-12,5.1529682863654715e-08,9.316384360700024e-12,0.0,0.0,0.0,1.0365334199294237e-13,-1.6300181255773992e-13,-7.302501589538063e-14,4.3896553494774674e-14,-1.1111850589519248e-14,1.5930450413763195e-14,-1.756448042566916e-10,1.0203465850011639e-10,-8.642175863826651e-11,-4.357155713130373e-11,-9.103707151782318e-16,1.3006726835408655e-15
12.2200,-1.5956762281385417e-06,-4.980655723466842e-12,0.30653910874962403,-1.0791601613923104e-12,5.1529682863654715e-08,9.316384360700024e-12,0.0,0.0,0.0,-5.951091788800115e-14,8.497427155346124e-14,6.55089461842538e-14,-2.2865751940836135e-14,-1.1130033906572986e-14,1.5956528850766098e-14,-4.925224117435789e-11,1.3434584000826533e-10,1.3907386353650963e-10,-3.02042309841954e-11,-9.119129636518349e-16,1.3014053215453068e-15
12.2400,-1.5956762281385417e-06,-4.980655723466842e-12,0.30653910874962403,-1.0791601613923104e-12,5.1529682863654715e-08,9.316384360700024e-12,0.0,0.0,0.0,-1.6105388636608672e-13,1.1221772904340617e-13,-2.7405590991049924e-14,-4.4076076868115696e-14,-1.1148222333936133e-14,1.5982600495353064e-14,-1.1169348779205279e-10,3.559103012307219e-11,-9.622039276457883e-11,-2.4757217447797342e-11,-9.101768008815922e-16,1.3032307230415735e-15
12.2600,-1.5956762281385417e-06,-4.980655723466842e-12,0.30653910874962403,-1.0791601613923104e-12,5.1529682863654715e-08,9.316384360700024e-12,0.0,0.0,0.0,2.8415650996096924e-13,-2.7105038264879706e-13,-4.5893635419771577e-14,8.967977576762637e-14,-1.1166416359839234e-14,1.6008669395588847e-14,4.99623287186779e-10,-4.52994308730581e-10,-4.05204481079835e-11,1.552342549210354e-10,-9.095008032424149e-16,1.304258773712537e-15
12.2800,-1.5956762281385417e-06,-4.980655723466842e-12,0.30653910874962403,-1.0791601613923104e-12,5.1529682863654715e-08,9.316384360700024e-12,0.0,0.0,0.0,6.441806030268934e-14,1.9941403573808178e-14,8.809304744002748e-14,8.299386958456423e-15,-1.1184616056638261e-14,1.6034737531996957e-14,-7.762063214400428e-11,1.4905546241728018e-10,1.3453169134258758e-10,-3.643367561060072e-11,-9.091086625566025e-16,1.303842993859179e-15
12.3000,-1.5956762281385417e-06,-4.980655723466842e-12,0.30653910874962403,-1.0791601613923104e-12,5.1529682863654715e-08,9.316384360700024e-12,0.0,0.0,0.0,-1.4572542564314579e-13,1.444191094944196e-13,-8.715902305480736e-15,-4.7418251527406975e-14,-1.120279271639064e-14,1.6060819413269086e-14,-1.1767550822661121e-10,3.014860583405721e-11,-1.0013315177026527e-10,-2.4899589113512006e-11,-9.088618810790631e-16,1.303561931949104e-15
12.3200,-1.5956762281385417e-06,-4.980655723466842e-12,0.30653910874962403,-1.0791601613923104e-12,5.1529682863654715e-08,9.316384360700024e-12,0.0,0.0,0.0,2.4226171677080226e-13,-3.012885279697903e-13,-7.278357014310022e-14,8.733695108651908e-14,-1.1220963489397211e-14,1.6086903515931443e-14,4.3969439200708393e-10,-5.133171665505643e-10,-8.643388782481054e-11,1.5532390967183438e-10,-9.073333174815141e-16,1.3030124069168636e-15
12.3400,-1.5956762281385417e-06,-4.980655723466842e-12,0.30653910874962403,-1.0791601613923104e-12,5.1529682863654715e-08,9.316384360700024e-12,0.0,0.0,0.0,1.4613236229424277e-13,-1.2052209836704917e-13,6.559459989060369e-14,4.353403895688702e-14,-1.123913208582234e-14,1.6112994474794462e-14,-9.357042918267666e-11,1.7865789403437304e-10,1.3906895079962567e-10,-4.251627886634147e-11,-9.09050180887295e-16,1.304287954163006e-15
12.3600,-1.5956762281385417e-06,-4.980655723466842e-12,0.30653910874962403,-1.0791601613923104e-12,5.1529682863654715e-08,9.316384360700024e-12,0.0,0.0,0.0,-8.872413306823596e-14,3.938140873499466e-14,-2.7705601007879224e-14,-1.955165022467118e-14,-1.1257321348361224e-14,1.6139060433482516e-14,-1.2996381748564545e-10,5.406489145265425e-11,-9.612333151665098e-11,-3.0293046213492285e-11,-9.103403051237822e-16,1.302510000573856e-15
12.3800,-1.5956762281385417e-06,-4.980655723466842e-12,0.30653910874962403,-1.0791601613923104e-12,5.1529682863654715e-08,9.316384360700024e-12,0.0,0.0,0.0,-2.0116996349292604e-13,2.0089149182039793e-13,-6.580573516660433e-14,-6.657003094309068e-14,-1.1275511695412053e-14,1.6165126620419493e-14,-3.434461048890114e-11,8.374692606061274e-11,-3.711295160080397e-11,-2.0381945817967232e-11,-9.094896379585066e-16,1.3038089818467521e-15
12.4000,-1.5956762281385417e-06,-4.980655723466842e-12,0.30653910874962403,-1.0791601613923104e-12,5.1529682863654715e-08,9.316384360700024e-12,0.0,0.0,0.0,1.994127693530286e-14,-2.2242741492151885e-14,-1.0850888937410548e-14,7.850906776145604e-15,-1.1294608145206102e-14,1.6192506563162838e-14,-1.5680548526297855e-10,6.978717603800533e-11,-9.925979482794389e-11,-3.6413885911663173e-11,-9.073320109497366e-16,1.3055269987558972e-15
12.4200,-1.5956762281385417e-06,-4.980655723466842e-12,0.30653910874962403,-1.0791601613923104e-12,5.1529682863654715e-08,9.316384360700024e-12,0.0,0.0,0.0,-7.304575780350888e-14,7.04192477006252e-14,-1.1417574524754854e-14,-2.2713237492413032e-14,-1.131188245976798e-14,1.62172810187614e-14,-1.3535214615778557e-10,4.82850981420313e-11,-9.937103917501133e-11,-3.021111478545018e-11,-9.079667120104225e-16,1.3046077297801099e-15
12.4400,-1.5956762281385417e-06,-4.980655723466842e-12,0.30653910874962403,-1.0791601613923104e-12,5.1529682863654715e-08,9.316384360700024e-12,0.0,0.0,0.0,-2.4155896119479395e-13,1.6843931198812133e-13,-9.234772599401556e-14,-6.80681000547375e-14,-1.1330056287881768e-14,1.6243372298303312e-14,-9.417611135376092e-11,2.3624574518876784e-11,-8.289735564659395e-11,-2.031711070403693e-11,-9.069394537784858e-16,1.3069724761968183e-15
12.4600,-1.5956762281385417e-06,-4.980655723466842e-12,0.30653910874962403,-1.0791601613923104e-12,5.1529682863654715e-08,9.316384360700024e-12,0.0,0.0,0.0,2.940247828265012e-13,-2.6833669226528174e-13,6.611121441953725e-14,9.106766088762556e-14,-1.1348238850316419e-14,1.626943812661778e-14,5.192653251828716e-10,-4.3387601844635526e-10,1.3930853692833978e-10,1.5537649066720617e-10,-9.058574535607909e-16,1.3042458225456863e-15
12.4800,-1.5956762281385417e-06,-4.980655723466842e-12,0.30653910874962403,-1.0791601613923104e-12,5.1529682863654715e-08,9.316384360700024e-12,0.0,0.0,0.0,-6.699151736119866e-14,6.666386280867928e-14,-6.646318148621175e-14,-2.0743111381524578e-14,-1.1367342186837402e-14,1.6296804656681257e-14,-6.710665356735035e-11,1.1687106837854344e-10,-3.648767399333508e-11,-3.028996004746914e-11,-9.097632291868795e-16,1.3044058025848765e-15
12.5000,-1.5956762281385417e-06,-4.980655723466842e-12,0.30653910874962403,-1.0791601613923104e-12,5.1529682863654715e-08,9.316384360700024e-12,0.0,0.0,0.0,-1.6538364513982242e-13,2.3982915047332423e-13,7.301444240877844e-14,-6.722537591764632e-14,-1.1385523511906632e-14,1.632288342110871e-14,-2.2088803008912805e-11,9.589082305971885e-11,1.375857761054533e-10,-2.035491603245118e-11,-9.09213190889069e-16,1.3044156336264567e-15
12.5200,-1.5956762281385417e-06,-4.980655723466842e-12,0.30653910874962403,-1.0791601613923104e-12,5.1529682863654715e-08,9.316384360700024e-12,0.0,0.0,0.0,-1.9818501786891897e-13,2.0981948905079882e-13,-4.6639177936383026e-14,-6.775014918908678e-14,-1.1401866950901754e-14,1.6346363736450176e-14,-3.537284354315773e-11,8.250358729533502e-11,-4.0314473981339916e-11,-2.0331378426984147e-11,-9.076181860767682e-16,1.3057455208485796e-15
12.5400,-1.5956762281385417e-06,-4.980655723466842e-12,0.30653910874962403,-1.0791601613923104e-12,5.1529682863654715e-08,9.316384360700024e-12,0.0,0.0,0.0,1.802472668346783e-14,-2.1407187643819225e-14,-1.1701985908088212e-14,7.378124693430893e-15,-1.142095850719911e-14,1.637374197371915e-14,-1.566013430043256e-10,6.988715162137282e-11,-9.922326849043372e-11,-3.6392676936413415e-11,-9.087299705867793e-16,1.3051386382854842e-15
12.5600,-1.5956762281385417e-06,-4.980655723466842e-12,0.30653910874962403,-1.0791601613923104e-12,5.1529682863654715e-08,9.316384360700024e-12,0.0,0.0,0.0,-1.0398434283073838e-13,3.1487500985304647e-14,-9.202165349168313e-14,-2.1466525047083273e-14,-1.143913578922209e-14,1.639982616569882e-14,-1.2531389814718352e-10,5.4751092548599445e-11,-8.290501618546386e-11,-2.948218566773648e-11,-9.116011748771356e-16,1.300975711232107e-15
12.5800,-1.5956762281385417e-06,-4.980655723466842e-12,0.30653910874962403,-1.0791601613923104e-12,5.1529682863654715e-08,9.316384360700024e-12,0.0,0.0,0.0,2.5434582826003217e-13,-3.037284373554337e-13,-2.9023768805016817e-14,9.028786693384643e-14,-1.1458259654108913e-14,1.6427186311622036e-14,4.3858267018137553e-10,-5.13998704709806e-10,-9.528028366290187e-11,1.5523002271102467e-10,-9.11785194852878e-16,1.3000599718359934e-15
12.6000,-1.5956762281385417e-06,-4.980655723466842e-12,0.30653910874962403,-1.0791601613923104e-12,5.1529682863654715e-08,9.316384360700024e-12,0.0,0.0,0.0,1.1145698861072988e-13,-1.6137455867054701e-13,-2.993007161559394e-14,4.5071988050407643e-14,-1.1475530016684723e-14,1.6451955016401242e-14,-1.7667986518254963e-10,1.0122169769033462e-10,-9.537798328906888e-11,-4.362272431315672e-11,-9.080679121816944e-16,1.3040754233395004e-15
12.6200,-1.5956762281385417e-06,-4.980655723466842e-12,0.30653910874962403,-1.0791601613923104e-12,5.1529682863654715e-08,9.316384360700024e-12,0.0,0.0,0.0,-7.209074395772664e-14,6.93756658130532e-14,-6.826374118754888e-14,-2.237551754298542e-14,-1.1493718876816364e-14,1.647803263935089e-14,-6.670891616877839e-11,1.169999375161268e-10,-3.624642253008403e-11,-3.022625251426288e-11,-9.101550712604907e-16,1.3032555550035623e-15
12.6400,-1.5956762281385417e-06,-4.980655723466842e-12,0.30653910874962403,-1.0791601613923104e-12,5.1529682863654715e-08,9.316384360700024e-12,0.0,0.0,0.0,-1.6804534933021006e-13,2.4097775945902605e-13,7.197996435000829e-14,-6.792822965708246e-14,-1.1511905445757797e-14,1.6504103344447622e-14,-2.179662006440708e-11,9.603967621174547e-11,1.377889191633841e-10,-2.0323439972756195e-11,-9.127381706114463e-16,1.301963638680278e-15
12.6600,-1.5956762281385417e-06,-4.980655723466842e-12,0.30653910874962403,-1.0791601613923104e-12,5.1529682863654715e-08,9.316384360700024e-12,0.0,0.0,0.0,2.682160665512792e-13,-2.709061646778984e-13,-1.0835928682153807e-14,8.607509820609145e-14,-1.1530077427006408e-14,1.653018680760672e-14,4.364859584882197e-10,-5.231624577994864e-10,-9.912320964033938e-11,1.5657609461153113e-10,-9.084479805800569e-16,1.3033855894502169e-15
12.6800,-1.5956762281385417e-06,-4.980655723466842e-12,0.30653910874962403,-1.0791601613923104e-12,5.1529682863654715e-08,9.316384360700024e-12,0.0,0.0,0.0,-8.620847952140772e-15,-6.467635367174508e-14,-9.389573771282607e-14,1.0752451917357081e-14,-1.154826596410458e-14,1.655625947626561e-14,-1.4854062424518588e-10,7.835326831795442e-11,-8.22634460551086e-11,-3.647451272012969e-11,-9.056503138869275e-16,1.3063997446124927e-15
12.7000,-1.5956762281385417e-06,-4.980655723466842e-12,0.30653910874962403,-1.0791601613923104e-12,5.1529682863654715e-08,9.316384360700024e-12,0.0,0.0,0.0,-1.3589875838546184e-13,1.4799127983172658e-13,4.8760676746270864e-14,-4.618271491358556e-14,-1.1566450698490522e-14,1.6582331546797653e-14,-2.980463098545272e-11,1.1824352608158506e-10,1.425270457211525e-10,-2.4952214341285932e-11,-9.086770413673335e-16,1.3045887972702498e-15
12.7200,-1.5956762281385417e-06,-4.980655723466842e-12,0.30653910874962403,-1.0791601613923104e-12,5.1529682863654715e-08,9.316384360700024e-12,0.0,0.0,0.0,2.4746677537715216e-13,-2.991222052929906e-13,-3.011042734594436e-14,8.785605268290986e-14,-1.1584641371026174e-14,1.660840518141243e-14,4.3905445945569e-10,-5.138438008422952e-10,-9.502509890069177e-11,1.5530058757927374e-10,-9.073119675363138e-16,1.304475642271175e-15
12.7400,-1.5956762281385417e-06,-4.980655723466842e-12,0.30653910874962403,-1.0791601613923104e-12,5.1529682863654715e-08,9.316384360700024e-12,0.0,0.0,0.0,1.923914413895399e-14,-2.0972535329678215e-14,-6.71908494121268e-14,7.500043587448716e-15,-1.160280368888038e-14,1.6634494635394853e-14,-8.81212880443627e-11,1.3839626666900529e-10,-3.6275427106602365e-11,-3.6397986350528705e-11,-9.083465053712313e-16,1.3049486646772828e-15
12.7600,-1.5956762281385417e-06,-4.980655723466842e-12,0.30653910874962403,-1.0791601613923104e-12,5.1529682863654715e-08,9.316384360700024e-12,0.0,0.0,0.0,-1.0934980090857126e-13,1.828177826244662e-13,7.247737202061593e-14,-4.774942875227475e-14,-1.1620993556918778e-14,1.666056654555891e-14,-3.6761066413149024e-11,1.109849157021614e-10,1.3776682572519405e-10,-2.4884801155904567e-11,-9.095777099462767e-16,1.302384574350394e-15
12.7800,-1.5956762281385417e-06,-4.980655723466842e-12,0.30653910874962403,-1.0791601613923104e-12,5.1529682863654715e-08,9.316384360700024e-12,0.0,0.0,0.0,-1.990313408805909e-13,1.91719606347062e-13,-1.273357738699439e-14,-6.43073300101269e-14,-1.1639174690162341e-14,1.668664053483647e-14,-1.0158238139545972e-10,1.59512403286044e-11,-9.874634443463037e-11,-2.0232155634923806e-11,-9.107882254934312e-16,1.302635452439917e-15
12.8000,-1.5956762281385417e-06,-4.980655723466842e-12,0.30653910874962403,-1.0791601613923104e-12,5.1529682863654715e-08,9.316384360700024e-12,0.0,0.0,0.0,1.0014714665887339e-13,-1.7706484107721316e-13,-9.545382470558499e-14,4.602692856597132e-14,-1.1657371375420512e-14,1.6712696862242097e-14,-1.7366311166888693e-10,1.0437314901245998e-10,-8.192063694067997e-11,-4.3653910837024677e-11,-9.089589966324702e-16,1.3030414566727958e-15
12.8200,-1.5956762281385417e-06,-4.980655723466842e-12,0.30653910874962403,-1.0791601613923104e-12,5.1529682863654715e-08,9.316384360700024e-12,0.0,0.0,0.0,-6.332972427022895e-14,7.59507396317908e-14,4.9046781219716817e-14,-2.194523156081173e-14,-1.167554500983011e-14,1.673877744264285e-14,-4.7673587300067766e-11,1.36117256355206e-10,1.4253126456864607e-10,-3.024537358001394e-11,-9.0655275056443e-16,1.3051819751049564e-15
12.8400,-1.5956762281385417e-06,-4.980655723466842e-12,0.30653910874962403,-1.0791601613923104e-12,5.1529682863654715e-08,9.316384360700024e-12,0.0,0.0,0.0,-2.343516986302594e-13,1.7363426756494755e-13,-4.4488537159806066e-14,-6.774902905427535e-14,-1.1693728778643163e-14,1.6764856107893013e-14,-9.53591927643771e-11,2.2517349096418116e-11,-9.24736953678007e-11,-2.0331392337321512e-11,-9.060076186884228e-16,1.3075165037867077e-15
12.8600,-1.5956762281385417e-06,-4.980655723466842e-12,0.30653910874962403,-1.0791601613923104e-12,5.1529682863654715e-08,9.316384360700024e-12,0.0,0.0,0.0,1.3232335280280371e-13,-1.3360727020200812e-13,-6.66578035824286e-14,4.3771510269918035e-14,-1.1711908773426061e-14,1.679093556563514e-14,-1.1367015662067104e-10,1.639798852259844e-10,-3.618014221551391e-11,-4.356596232209769e-11,-9.081839681031774e-16,1.3030080178965334e-15
12.8800,-1.5956762281385417e-06,-4.980655723466842e-12,0.30653910874962403,-1.0791601613923104e-12,5.1529682863654715e-08,9.316384360700024e-12,0.0,0.0,0.0,5.574949443756729e-14,1.1154959779046521e-14,6.849530734261725e-14,8.01664992339995e-15,-1.173008620522829e-14,1.6817018178907514e-14,-7.314618355458435e-11,1.4894319111391496e-10,1.3876669258117147e-10,-3.551811977824466e-11,-9.1269824467123e-16,1.3025188687772032e-15
12.9000,-1.5956762281385417e-06,-4.980655723466842e-12,0.30653910874962403,-1.0791601613923104e-12,5.1529682863654715e-08,9.316384360700024e-12,0.0,0.0,0.0,-2.390120540651526e-13,1.5550535252911641e-13,-1.0580951323450305e-13,-6.49411922883652e-14,-1.174919705712726e-14,1.684438218857648e-14,-9.293832370360633e-11,2.5310448181770084e-11,-7.965114678931684e-11,-2.0412677127094903e-11,-9.091114398155091e-16,1.3041643378107243e-15
12.9200,-1.5956762281385417e-06,-4.980655723466842e-12,0.30653910874962403,-1.0791601613923104e-12,5.1529682863654715e-08,9.316384360700024e-12,0.0,0.0,0.0,1.4275403689703527e-13,-1.300553614349006e-13,4.8760066123607284e-14,4.507280325955702e-14,-1.1767386293255916e-14,1.687045242807558e-14,-9.456263549978416e-11,1.8333926044000748e-10,1.4313381035968575e-10,-4.3622753058712847e-11,-9.072608241998106e-16,1.3040408521529793e-15
12.9400,-1.5956762281385417e-06,-4.980655723466842e-12,0.30653910874962403,-1.0791601613923104e-12,5.1529682863654715e-08,9.316384360700024e-12,0.0,0.0,0.0,2.7206187830391356e-14,-1.5006613128976967e-14,4.778001674861944e-14,7.851537355892231e-15,-1.1784651911478179e-14,1.6895235285375755e-14,-6.892111881207086e-11,1.576717090223667e-10,1.4307371953847792e-10,-3.6414002637928516e-11,-9.085115237675326e-16,1.3047285452988375e-15
12.9600,-1.5956762281385417e-06,-4.980655723466842e-12,0.30653910874962403,-1.0791601613923104e-12,5.1529682863654715e-08,9.316384360700024e-12,0.0,0.0,0.0,-1.799770271981588e-13,1.1124586756322465e-13,-4.6830358341223576e-14,-4.7604073170148966e-14,-1.1802827383858282e-14,1.6921318728524524e-14,-1.0942613482001207e-10,3.8357012011047686e-11,-9.18988218856498e-11,-2.4891267254078805e-11,-9.084223412897902e-16,1.3055246437726933e-15
12.9800,-1.5956762281385417e-06,-4.980655723466842e-12,0.30653910874962403,-1.0791601613923104e-12,5.1529682863654715e-08,9.316384360700024e-12,0.0,0.0,0.0,-2.5536558370672973e-13,2.474375366166562e-13,-6.8970675698479e-14,-8.446906870571272e-14,-1.1820999075126321e-14,1.694739996976565e-14,-2.0491774943565133e-11,7.23293369642164e-11,-3.5663166864097207e-11,-1.640108395541217e-11,-9.085058228387509e-16,1.3053252651209272e-15
13.0000,-1.5956762281385417e-06,-4.980655723466842e-12,0.30653910874962403,-1.0791601613923104e-12,5.1529682863654715e-08,9.316384360700024e-12,0.0,0.0,0.0,1.7612692468363343e-13,-1.0859419525738419e-13,6.893997941955525e-14,4.752454227822877e-14,-1.183918501638987e-14,1.6973474774492746e-14,-1.0091771862619225e-10,1.7673285057639987e-10,1.387724102297483e-10,-4.3543663656885463e-11,-9.07835570382518e-16,1.3055789713409645e-15
13.0200,-1.5956762281385417e-06,-4.980655723466842e-12,0.30653910874962403,-1.0791601613923104e-12,5.1529682863654715e-08,9.316384360700024e-12,0.0,0.0,0.0,-7.455463416070105e-14,5.90960275613219e-14,-2.5889664717651278e-14,-2.0742911494123698e-14,-1.1857383204188946e-14,1.6999535578605636e-14,-1.3382606134371144e-10,5.015182713563604e-11,-9.619952057171588e-11,-3.0289959064636295e-11,-9.08416862459003e-16,1.3034109193749345e-15
13.0400,-1.5956762281385417e-06,-4.980655723466842e-12,0.30653910874962403,-1.0791601613923104e-12,5.1529682863654715e-08,9.316384360700024e-12,0.0,0.0,0.0,-2.4054513328428157e-13,1.646590858559995e-13,-9.425456179438493e-14,-6.722497359093444e-14,-1.1875567914758291e-14,1.702561414167333e-14,-9.36269672902057e-11,2.4352769800728424e-11,-8.185316313635838e-11,-2.035489096965038e-11,-9.098885462225006e-16,1.3037500452281077e-15
13.0600,-1.5956762281385417e-06,-4.980655723466842e-12,0.30653910874962403,-1.0791601613923104e-12,5.1529682863654715e-08,9.316384360700024e-12,0.0,0.0,0.0,1.3453125333187613e-13,-1.3272869521147131e-13,4.3787377196311237e-14,4.3988426126715267e-14,-1.1893751843639064e-14,1.705169942210687e-14,-9.341233342397004e-11,1.8428891745969622e-10,1.4375969858981819e-10,-4.357577794143551e-11,-9.10284493593492e-16,1.3029848485675758e-15
13.0800,-1.5956762281385417e-06,-4.980655723466842e-12,0.30653910874962403,-1.0791601613923104e-12,5.1529682863654715e-08,9.316384360700024e-12,0.0,0.0,0.0,-1.0673630815302747e-13,3.7453895030791406e-14,-4.83667682294267e-14,-2.2827620425307215e-14,-1.1911929074963317e-14,1.7077779506370478e-14,-1.271797944735198e-10,5.642974976183268e-11,-9.1379542821457e-11,-3.0205938298350256e-11,-9.105443614819123e-16,1.3034257441058726e-15
13.1000,-1.5956762281385417e-06,-4.980655723466842e-12,0.30653910874962403,-1.0791601613923104e-12,5.1529682863654715e-08,9.316384360700024e-12,0.0,0.0,0.0,-1.4773567871825865e-13,1.3269426617595793e-13,-8.042162699676528e-14,-4.575842513333625e-14,-1.1930105925258402e-14,1.7103861405643713e-14,-4.5730419451217585e-11,9.919773336086735e-11,-3.346187216202168e-11,-2.429231043147672e-11,-9.057902347962633e-16,1.3070712564512082e-15
13.1200,-1.5956762281385417e-06,-4.980655723466842e-12,0.30653910874962403,-1.0791601613923104e-12,5.1529682863654715e-08,9.316384360700024e-12,0.0,0.0,0.0,3.131119035993109e-13,-2.4491898005146825e-13,6.993296289278003e-14,9.02881834775448e-14,-1.194830109777735e-14,1.712992322897051e-14,5.142079262387966e-10,-4.3837297680759946e-10,1.3883258431768297e-10,1.5522997236492401e-10,-9.109885727736946e-16,1.3029619902585285e-15
13.1400,-1.5956762281385417e-06,-4.980655723466842e-12,0.30653910874962403,-1.0791601613923104e-12,5.1529682863654715e-08,9.316384360700024e-12,0.0,0.0,0.0,-1.1679206993184294e-13,2.100902178986311e-14,-1.1076252345868755e-13,-2.1633539386949355e-14,-1.1967391240885436e-14,1.715730341496865e-14,-1.2437148533273046e-10,5.947339842826693e-11,-7.847847371955652e-11,-3.025844298929005e-11,-9.082461551280388e-16,1.3042572235760691e-15
13.1600,-1.5956762281385417e-06,-4.980655723466842e-12,0.30653910874962403,-1.0791601613923104e-12,5.1529682863654715e-08,9.316384360700024e-12,0.0,0.0,0.0,-1.924943199560218e-13,9.689676232588129e-14,-1.1027871602013149e-13,-4.7281149487823723e-14,-1.198466124737281e-14,1.7182079194316753e-14,-1.0644299330841989e-10,4.141081921815726e-11,-7.882572372608365e-11,-2.4905924757279166e-11,-9.076702182188396e-16,1.3028792242207976e-15
13.1800,-1.5956762281385417e-06,-4.980655723466842e-12,0.30653910874962403,-1.0791601613923104e-12,5.1529682863654715e-08,9.316384360700024e-12,0.0,0.0,0.0,2.7334785043800457e-13,-2.705487283751204e-13,4.4997825604484514e-14,8.73935461746146e-14,-1.2002825080518916e-14,1.720816365284958e-14,5.219754628527085e-10,-4.310227730286442e-10,1.438488772542712e-10,1.5532143121793804e-10,-9.08755472151474e-16,1.3041175582655426e-15
13.2000,-1.5956762281385417e-06,-4.980655723466842e-12,0.30653910874962403,-1.0791601613923104e-12,5.1529682863654715e-08,9.316384360700024e-12,0.0,0.0,0.0,7.110498909115819e-14,-1.3956825191025006e-13,-4.7396766372811657e-14,3.3509658778467933e-14,-1.2021011431368393e-14,1.7234241949867876e-14,-1.6555226634018538e-10,9.477538198687796e-11,-9.141576384763539e-11,-4.069992742083014e-11,-9.116776369714181e-16,1.3023482619486835e-15
13.2200,-1.5956762281385417e-06,-4.980655723466842e-12,0.30653910874962403,-1.0791601613923104e-12,5.1529682863654715e-08,9.316384360700024e-12,0.0,0.0,0.0,-7.017263939365673e-14,5.552777076017675e-14,-8.000024184776876e-14,-1.910149619558068e-14,-1.2039199577620419e-14,1.726031307256343e-14,-6.517425488183903e-11,1.1862621995817335e-10,-3.348063493113784e-11,-3.022989005832857e-11,-9.112131353528002e-16,1.3004877648333874e-15
13.2400,-1.5956762281385417e-06,-4.980655723466842e-12,0.30653910874962403,-1.0791601613923104e-12,5.1529682863654715e-08,9.316384360700024e-12,0.0,0.0,0.0,-1.7486853023937528e-13,2.250778391897348e-13,6.366375551732674e-14,-6.610950919458132e-14,-1.205740401675012e-14,1.7286379732684098e-14,-1.937072724444988e-11,9.878872719859544e-11,1.398781090955481e-10,-2.0398114668651744e-11,-9.07929840434618e-16,1.3046331258792765e-15
13.2600,-1.5956762281385417e-06,-4.980655723466842e-12,0.30653910874962403,-1.0791601613923104e-12,5.1529682863654715e-08,9.316384360700024e-12,0.0,0.0,0.0,1.1949095099497668e-13,-1.5033627727051396e-13,-3.2269144995025374e-14,4.446860294991619e-14,-1.2075580351083442e-14,1.731246016398389e-14,-1.7905302240883714e-10,9.87439019439762e-11,-9.477540974245358e-11,-4.3597264302424374e-11,-9.088766371540104e-16,1.3034490929330232e-15
13.2800,-1.5956762281385417e-06,-4.980655723466842e-12,0.30653910874962403,-1.0791601613923104e-12,5.1529682863654715e-08,9.316384360700024e-12,0.0,0.0,0.0,-1.1913497358070937e-13,2.3832513230514187e-14,-1.1011184949953025e-13,-2.262880937668081e-14,-1.2093754781315648e-14,1.7338549154386173e-14,-1.2434822616036456e-10,5.930805846432463e-11,-7.883066421854323e-11,-3.021484705234844e-11,-9.089542300041904e-16,1.3064350635702875e-15
13.3000,-1.5956762281385417e-06,-4.980655723466842e-12,0.30653910874962403,-1.0791601613923104e-12,5.1529682863654715e-08,9.316384360700024e-12,0.0,0.0,0.0,-2.0659764957128869e-13,2.031791896293646e-13,3.4647022056875006e-14,-6.803310366771386e-14,-1.211192373191677e-14,1.736463586222574e-14,-1.274241823168154e-11,1.0506781555896794e-10,1.4575968210195356e-10,-2.0318726206303745e-11,-9.077059131302228e-16,1.305004826104972e-15
13.3200,-1.5956762281385417e-06,-4.980655723466842e-12,0.30653910874962403,-1.0791601613923104e-12,5.1529682863654715e-08,9.316384360700024e-12,0.0,0.0,0.0,3.006205067934972e-13,-2.5812222410509603e-13,-4.310287543587498e-15,9.011926671621451e-14,-1.2130105198360265e-14,1.7390712049681182e-14,4.972700307082079e-10,-4.574889633790491e-10,-4.8891224402325406e-11,1.5571361846251368e-10,-9.073913694304934e-16,1.3036912947251012e-15
13.3400,-1.5956762281385417e-06,-4.980655723466842e-12,0.30653910874962403,-1.0791601613923104e-12,5.1529682863654715e-08,9.316384360700024e-12,0.0,0.0,0.0,-4.338429007708122e-14,8.762162611125522e-14,5.383009385458763e-14,-2.016221192316658e-14,-1.2149216582211645e-14,1.7418072361890038e-14,-5.148098614071728e-11,1.325540788243984e-10,1.4216183785720204e-10,-3.03011064939114e-11,-9.104329299136437e-16,1.3027015433436794e-15
13.3600,-1.5956762281385417e-06,-4.980655723466842e-12,0.30653910874962403,-1.0791601613923104e-12,5.1529682863654715e-08,9.316384360700024e-12,0.0,0.0,0.0,-8.709055090980217e-14,5.071512048188027e-14,-8.760921085818834e-14,-2.1633883960662775e-14,-1.2165575993726902e-14,1.7441540799689668e-14,-1.3127227083131743e-10,5.257314028561666e-11,-8.336908940975718e-11,-3.0258456930001484e-11,-9.070426888140645e-16,1.3059742338064087e-15
13.3800,-1.5956762281385417e-06,-4.980655723466842e-12,0.30653910874962403,-1.0791601613923104e-12,5.1529682863654715e-08,9.316384360700024e-12,0.0,0.0,0.0,-1.7839584756648745e-13,2.2890072564157785e-13,6.371829522341158e-14,-6.761877292334888e-14,-1.2183752352568755e-14,1.746761896875554e-14,-1.9190482536401987e-11,9.871348183310147e-11,1.399335369800525e-10,-2.033736007238428e-11,-9.103124001858177e-16,1.3029293066981653e-15
13.4000,-1.5956762281385417e-06,-4.980655723466842e-12,0.30653910874962403,-1.0791601613923104e-12,5.1529682863654715e-08,9.316384360700024e-12,0.0,0.0,0.0,-1.7550371739200434e-14,-5.770914908071002e-14,-7.982313351976532e-14,7.497627735042786e-15,-1.219737797493924e-14,1.7487182694122528e-14,-1.4810222492833702e-10,7.841560734078712e-11,-8.51800296963745e-11,-3.639806074466484e-11,-9.062543947892882e-16,1.3044639798517186e-15
13.4200,-1.5956762281385417e-06,-4.980655723466842e-12,0.30653910874962403,-1.0791601613923104e-12,5.1529682863654715e-08,9.316384360700024e-12,0.0,0.0,0.0,-8.822092448232446e-14,8.491565177776072e-14,3.5361533839948126e-14,-2.856968356558213e-14,-1.2220991915035331e-14,1.7521100950752264e-14,-3.9595104972534045e-11,1.321092124584311e-10,1.4583129148704188e-10,-2.8129290674481754e-11,-9.115317065949321e-16,1.3026698077322982e-15
13.4400,-1.5956762281385417e-06,-4.980655723466842e-12,0.30653910874962403,-1.0791601613923104e-12,5.1529682863654715e-08,9.316384360700024e-12,0.0,0.0,0.0,-1.7454706516259515e-13,2.1728532255776888e-13,-3.9297863574728456e-15,-6.44034863028587e-14,-1.2239182307373064e-14,1.7547174129884168e-14,-3.90947552109111e-11,7.902958842898045e-11,-4.88308282697858e-11,-2.0374235780294308e-11,-9.102259718059248e-16,1.3019596938559367e-15
13.4600,-1.5956762281385417e-06,-4.980655723466842e-12,0.30653910874962403,-1.0791601613923104e-12,5.1529682863654715e-08,9.316384360700024e-12,0.0,0.0,0.0,1.1927298645966701e-13,-1.5551030514332583e-13,-8.793067593496857e-14,4.550054045941428e-14,-1.2257380710929795e-14,1.757324252192087e-14,-1.7823323372745392e-10,9.973466497115169e-11,-8.298794984540336e-11,-4.3638675559280447e-11,-9.09732959753134e-16,1.3032891294374452e-15
13.4800,-1.5956762281385417e-06,-4.980655723466842e-12,0.30653910874962403,-1.0791601613923104e-12,5.1529682863654715e-08,9.316384360700024e-12,0.0,0.0,0.0,-4.7850384238241124e-14,9.266986571537698e-14,5.4383789832543816e-14,-2.218896680938202e-14,-1.2275552470408807e-14,1.759932432206561e-14,-5.1431414682667764e-11,1.3231382656186952e-10,1.418198891656175e-10,-3.0234690154188755e-11,-9.10293850246991e-16,1.3038713628454672e-15
13.5000,-1.5956762281385417e-06,-4.980655723466842e-12,0.30653910874962403,-1.0791601613923104e-12,5.1529682863654715e-08,9.316384360700024e-12,0.0,0.0,0.0,-2.191174125753821e-13,1.8946510420653125e-13,-3.0956778113191456e-14,-6.785080997833158e-14,-1.2293729047640816e-14,1.762540525481552e-14,-9.908304732242357e-11,1.877092925539614e-11,-9.474229734074413e-11,-2.0326827967831282e-11,-9.11250982174547e-16,1.3027902568100145e-15
13.5200,-1.5956762281385417e-06,-4.980655723466842e-12,0.30653910874962403,-1.0791601613923104e-12,5.1529682863654715e-08,9.316384360700024e-12,0.0,0.0,0.0,2.5988331539553093e-13,-2.1138599810471917e-13,9.953031523953545e-14,7.424153538153774e-14,-1.231191139657601e-14,1.7651476775081375e-14,5.268082636789018e-10,-4.4702239132554666e-10,1.3211784444244756e-10,1.586774030629734e-10,-9.098564594729494e-16,1.3041498522238373e-15
13.5400,-1.5956762281385417e-06,-4.980655723466842e-12,0.30653910874962403,-1.0791601613923104e-12,5.1529682863654715e-08,9.316384360700024e-12,0.0,0.0,0.0,2.747352953472112e-14,-3.076883798763889e-14,3.467821932386703e-14,1.1142445876194439e-14,-1.2330097524137592e-14,1.7677552078824208e-14,-6.695263787825922e-11,1.5964660149414556e-10,1.4618442567559953e-10,-3.639622390883507e-11,-9.090120251135894e-16,1.3047847910989493e-15
13.5600,-1.5956762281385417e-06,-4.980655723466842e-12,0.30653910874962403,-1.0791601613923104e-12,5.1529682863654715e-08,9.316384360700024e-12,0.0,0.0,0.0,-1.4747402690693026e-13,2.523967363342031e-13,1.1701038818419993e-13,-6.610294796613176e-14,-1.2349206006292737e-14,1.7704917719842235e-14,-2.565839207768761e-11,9.250256116644096e-11,1.2890177814028903e-10,-2.039826112846849e-11,-9.10969820589208e-16,1.3020098739406167e-15
13.5800,-1.5956762281385417e-06,-4.980655723466842e-12,0.30653910874962403,-1.0791601613923104e-12,5.1529682863654715e-08,9.316384360700024e-12,0.0,0.0,0.0,3.282372767754721e-13,-2.1943616974512507e-13,1.2357280546045676e-13,8.806937667521268e-14,-1.2366477306103884e-14,1.7729691348705206e-14,5.093722388327393e-10,-4.4348655303672047e-10,1.2749321043337147e-10,1.5529115926590242e-10,-9.070593631208524e-16,1.3049363554025874e-15
13.6000,-1.5956762281385417e-06,-4.980655723466842e-12,0.30653910874962403,-1.0791601613923104e-12,5.1529682863654715e-08,9.316384360700024e-12,0.0,0.0,0.0,-8.90374657613607e-14,5.389149631090837e-14,-3.9150057501471404e-14,-2.262659327335455e-14,-1.238556022526707e-14,1.7757079777592062e-14,-1.3119524910898406e-10,5.2461784916246756e-11,-9.27063426026109e-11,-3.021498725678965e-11,-9.060304124773823e-16,1.306310500923385e-15
13.6200,-1.5956762281385417e-06,-4.980655723466842e-12,0.30653910874962403,-1.0791601613923104e-12,5.1529682863654715e-08,9.316384360700024e-12,0.0,0.0,0.0,-1.6348338741087378e-13,1.284514101094748e-13,-3.9106009402969426e-14,-4.771256837823189e-14,-1.240282417444069e-14,1.7781864812926612e-14,-1.1331499627509345e-10,3.444139418107284e-11,-9.29787635772783e-11,-2.488638809731228e-11,-9.106699593453514e-16,1.3037870168927664e-15
13.6400,-1.5956762281385417e-06,-4.980655723466842e-12,0.30653910874962403,-1.0791601613923104e-12,5.1529682863654715e-08,9.316384360700024e-12,0.0,0.0,0.0,-1.7319564618587032e-13,2.2279802396424248e-13,1.008978324501175e-13,-6.559285042138204e-14,-1.2421013318780834e-14,1.7807937954904057e-14,-1.78969339348356e-11,9.768091890904884e-11,1.3214249139359424e-10,-1.9835679138704385e-11,-9.109669395191345e-16,1.300966752866073e-15
13.6600,-1.5956762281385417e-06,-4.980655723466842e-12,0.30653910874962403,-1.0791601613923104e-12,5.1529682863654715e-08,9.316384360700024e-12,0.0,0.0,0.0,1.3864945910826925e-13,-1.413078603675355e-13,3.5521655755674734e-14,4.662815362497519e-14,-1.2439213729876788e-14,1.7833998103648375e-14,-9.270595402455228e-11,1.8537624213443848e-10,1.4615053611777284e-10,-4.366109022140557e-11,-9.087503328783282e-16,1.3036040106268646e-15
13.6800,-1.5956762281385417e-06,-4.980655723466842e-12,0.30653910874962403,-1.0791601613923104e-12,5.1529682863654715e-08,9.316384360700024e-12,0.0,0.0,0.0,-5.0768050346956013e-14,8.702832292689535e-14,-1.2558051126800911e-14,-2.1632666959956756e-14,-1.2457405212365358e-14,1.786006966670594e-14,-7.11318504098557e-11,1.1271344968477592e-10,-4.6996323499470805e-11,-3.0258506254701174e-11,-9.11319198105303e-16,1.303400751670845e-15
13.7000,-1.5956762281385417e-06,-4.980655723466842e-12,0.30653910874962403,-1.0791601613923104e-12,5.1529682863654715e-08,9.316384360700024e-12,0.0,0.0,0.0,2.8092470624743674e-13,-2.647199742291118e-13,1.773249672095458e-14,8.769028364862555e-14,-1.2476497746867069e-14,1.7887452302667465e-14,4.307900702826828e-10,-5.221420795731291e-10,-1.0528811156262918e-10,1.5530804476717702e-10,-9.074235703309692e-16,1.3053211540332828e-15
13.7200,-1.5956762281385417e-06,-4.980655723466842e-12,0.30653910874962403,-1.0791601613923104e-12,5.1529682863654715e-08,9.316384360700024e-12,0.0,0.0,0.0,1.551899225516178e-13,-1.1104820447544027e-13,5.384832926776712e-14,4.3826089083554587e-14,-1.2493754611387217e-14,1.7912234132248667e-14,-9.812939349984617e-11,1.795344151123146e-10,1.4230067124643142e-10,-4.3568400261483364e-11,-9.077541013639877e-16,1.304713949696929e-15
13.7400,-1.5956762281385417e-06,-4.980655723466842e-12,0.30653910874962403,-1.0791601613923104e-12,5.1529682863654715e-08,9.316384360700024e-12,0.0,0.0,0.0,-1.808991237359288e-14,-1.663750299657596e-14,-3.8963151455275836e-14,-4.3958375265689305e-16,-1.2511934242132057e-14,1.79383115439157e-14,-1.4549847437983487e-10,6.661377005556801e-11,-9.298559144887975e-11,-3.394990021327719e-11,-9.091018974599627e-16,1.303443535933668e-15
13.7600,-1.5956762281385417e-06,-4.980655723466842e-12,0.30653910874962403,-1.0791601613923104e-12,5.1529682863654715e-08,9.316384360700024e-12,0.0,0.0,0.0,-1.141170153095846e-13,1.5962253134921167e-13,9.361032851647785e-14,-4.402856699708037e-14,-1.253012324565091e-14,1.79643811166882e-14,-3.363540002077059e-11,1.1438094915661168e-10,1.3356715733436886e-10,-2.4927734694071156e-11,-9.113938937553874e-16,1.3019019136357887e-15
13.7800,-1.5956762281385417e-06,-4.980655723466842e-12,0.30653910874962403,-1.0791601613923104e-12,5.1529682863654715e-08,9.316384360700024e-12,0.0,0.0,0.0,-4.4427178075263247e-14,8.927147303699919e-14,6.082022455108121e-14,-2.0742390185580204e-14,-1.254558710540325e-14,1.7986546440077145e-14,-5.1523035837774955e-11,1.3245424201890899e-10,1.4049209018374142e-10,-3.02899517921297e-11,-9.098770004355106e-16,1.30524280100412e-15
13.8000,-1.5956762281385417e-06,-4.980655723466842e-12,0.30653910874962403,-1.0791601613923104e-12,5.1529682863654715e-08,9.316384360700024e-12,0.0,0.0,0.0,3.992420891110665e-14,-3.2494345649236907e-15,-1.2446418201674974e-14,8.04646512995639e-15,-1.2566490200890576e-14,1.8016537252197914e-14,-9.245074150676658e-11,1.341801114662644e-10,-4.671055209293229e-11,-3.642271823996137e-11,-9.087564031432534e-16,1.3030605281489988e-15
13.8200,-1.5956762281385417e-06,-4.980655723466842e-12,0.30653910874962403,-1.0791601613923104e-12,5.1529682863654715e-08,9.316384360700024e-12,0.0,0.0,0.0,-9.339833853536165e-14,1.9739137495738853e-13,1.16699581248456e-13,-4.752333479732117e-14,-1.2584666483679379e-14,1.804261569244337e-14,-4.026928790423767e-11,1.075320110732747e-10,1.290727524860813e-10,-2.489495250765079e-11,-9.130123884291332e-16,1.3015110939574145e-15
13.8400,-1.5956762281385417e-06,-4.980655723466842e-12,0.30653910874962403,-1.0791601613923104e-12,5.1529682863654715e-08,9.316384360700024e-12,0.0,0.0,0.0,2.798487336031212e-13,-2.633840151080046e-13,1.7848126448969194e-14,8.729346957223102e-14,-1.2602840743554155e-14,1.806869841402264e-14,4.3083067668980846e-10,-5.221928722765057e-10,-1.0529285776605946e-10,1.5532592539225283e-10,-9.085578053499856e-16,1.3042892123047178e-15
13.8600,-1.5956762281385417e-06,-4.980655723466842e-12,0.30653910874962403,-1.0791601613923104e-12,5.1529682863654715e-08,9.316384360700024e-12,0.0,0.0,0.0,1.2196838591885187e-13,-1.6044241541907196e-13,-4.058033006852055e-14,4.6861946279203703e-14,-1.2621012980388757e-14,1.8094782767922078e-14,-1.770898427899681e-10,9.922671018181006e-11,-9.238013132240042e-11,-4.325780532067079e-11,-9.086677645367638e-16,1.3034046187402087e-15
13.8800,-1.5956762281385417e-06,-4.980655723466842e-12,0.30653910874962403,-1.0791601613923104e-12,5.1529682863654715e-08,9.316384360700024e-12,0.0,0.0,0.0,-4.396907229972729e-14,8.705671688075026e-14,9.324981134480638e-14,-2.0161951268841116e-14,-1.2639214091938362e-14,1.8120845821330965e-14,-5.127581692576655e-11,1.327593868172272e-10,1.3383605335093307e-10,-3.030111720043515e-11,-9.11554499556711e-16,1.3008589447624777e-15
13.9000,-1.5956762281385417e-06,-4.980655723466842e-12,0.30653910874962403,-1.0791601613923104e-12,5.1529682863654715e-08,9.316384360700024e-12,0.0,0.0,0.0,-2.181493258534846e-13,1.8568898589960046e-13,-1.4741118048801747e-15,-6.693759599924894e-14,-1.2657393866152303e-14,1.8146921943393647e-14,-9.875320006180743e-11,1.927777382171314e-11,-1.0119161064636728e-10,-2.0367180955560133e-11,-9.101874413194018e-16,1.3038357560288193e-15
13.9200,-1.5956762281385417e-06,-4.980655723466842e-12,0.30653910874962403,-1.0791601613923104e-12,5.1529682863654715e-08,9.316384360700024e-12,0.0,0.0,0.0,1.524965770050285e-13,-1.1540205508881002e-13,-1.212986586177874e-14,4.410851289666492e-14,-1.2675565965358111e-14,1.8173005031633958e-14,-1.1800607713219335e-10,1.5971957090243905e-10,-4.672534581473542e-11,-4.3581099033420334e-11,-9.079796110648947e-16,1.3045858905575773e-15
13.9400,-1.5956762281385417e-06,-4.980655723466842e-12,0.30653910874962403,-1.0791601613923104e-12,5.1529682863654715e-08,9.316384360700024e-12,0.0,0.0,0.0,-2.2820073081159515e-14,1.2107195195382077e-13,1.1432706240040764e-13,-2.2777852983780143e-14,-1.2693741515378628e-14,1.819909133829175e-14,-5.7553711796387574e-11,1.2606715671381608e-10,1.2951303918207202e-10,-3.020811365501179e-11,-9.084073089365183e-16,1.3048111459004459e-15
13.9600,-1.5956762281385417e-06,-4.980655723466842e-12,0.30653910874962403,-1.0791601613923104e-12,5.1529682863654715e-08,9.316384360700024e-12,0.0,0.0,0.0,-1.495800922290686e-13,1.6148898278706043e-13,1.5891913479579706e-14,-5.1695224789471154e-14,-1.2711919723132933e-14,1.8225166128764874e-14,-1.1410575262438272e-10,2.3819640704303424e-11,-1.0489262236568209e-10,-2.3126074928159045e-11,-9.093813819366097e-16,1.304794360751456e-15
13.9800,-1.5956762281385417e-06,-4.980655723466842e-12,0.30653910874962403,-1.0791601613923104e-12,5.1529682863654715e-08,9.316384360700024e-12,0.0,0.0,0.0,2.614253041544328e-13,-2.994029529403429e-13,-4.0336525092312815e-14,9.085571604787402e-14,-1.2730105353219409e-14,1.8251237065357198e-14,4.3740649990908764e-10,-5.152609172665024e-10,-9.237235976122804e-11,1.5525902296410982e-10,-9.087662420430494e-16,1.3055750529864029e-15
14.0000,-1.5956762281385417e-06,-4.980655723466842e-12,0.30653910874962403,-1.0791601613923104e-12,5.1529682863654715e-08,9.316384360700024e-12,0.0,0.0,0.0,4.568410147401334e-14,-2.2897577824374776e-15,9.34051870571027e-14,9.037669564580014e-15,-1.2748283920926735e-14,1.8277309081387967e-14,-7.266309776099433e-11,1.541347882660915e-10,1.3382939201278532e-10,-3.646311213744514e-11,-9.074039185875664e-16,1.3059093654755917e-15
14.0200,-1.5956762281385417e-06,-4.980655723466842e-12,0.30653910874962403,-1.0791601613923104e-12,5.1529682863654715e-08,9.316384360700024e-12,0.0,0.0,0.0,-1.6209569189681917e-13,1.2633743444828614e-13,-7.523744821638313e-15,-4.7102541874961254e-14,-1.2766455436305161e-14,1.8303390197643758e-14,-1.132797466940616e-10,3.4607899879190995e-11,-9.996403704803924e-11,-2.4913798647300834e-11,-9.122545292742248e-16,1.3031196484017392e-15
14.0400,-1.5956762281385417e-06,-4.980655723466842e-12,0.30653910874962403,-1.0791601613923104e-12,5.1529682863654715e-08,9.316384360700024e-12,0.0,0.0,0.0,2.755071231985978e-13,-2.688583583089775e-13,-4.627038960317816e-14,8.746752170473496e-14,-1.2784630119362641e-14,1.8329468524433108e-14,5.004415215559277e-10,-4.5253961689084576e-10,-4.096270544984293e-11,1.553182160605339e-10,-9.073973453968288e-16,1.3039631302626238e-15
14.0600,-1.5956762281385417e-06,-4.980655723466842e-12,0.30653910874962403,-1.0791601613923104e-12,5.1529682863654715e-08,9.316384360700024e-12,0.0,0.0,0.0,-6.757530038312205e-14,7.688052365933857e-14,1.1119619808228457e-14,-2.2866407959339412e-14,-1.280371149408905e-14,1.835686684407737e-14,-1.364987289864672e-10,4.709915790712671e-11,-1.034980157132992e-10,-3.020419663447904e-11,-9.084764182223358e-16,1.3037454634746948e-15
14.0800,-1.5956762281385417e-06,-4.980655723466842e-12,0.30653910874962403,-1.0791601613923104e-12,5.1529682863654715e-08,9.316384360700024e-12,0.0,0.0,0.0,-5.837998920396658e-14,6.756883335162682e-14,1.0784110410186754e-14,-1.931915625237859e-14,-1.2820988718867956e-14,1.8381637478499373e-14,-1.3620032879302357e-10,4.670261399830622e-11,-1.0369258229836475e-10,-3.002661876589945e-11,-9.108202903226962e-16,1.303514621353969e-15
14.1000,-1.5956762281385417e-06,-4.980655723466842e-12,0.30653910874962403,-1.0791601613923104e-12,5.1529682863654715e-08,9.316384360700024e-12,0.0,0.0,0.0,-2.2914713962427e-13,1.682238176990415e-13,-7.111079711189753e-14,-6.555462087923537e-14,-1.2839183987714156e-14,1.840770198958661e-14,-9.569992021063456e-11,2.252323327844863e-11,-8.714512444996103e-11,-2.041178244074157e-11,-9.09860266985309e-16,1.3042351403352558e-15
14.1200,-1.5956762281385417e-06,-4.980655723466842e-12,0.30653910874962403,-1.0791601613923104e-12,5.1529682863654715e-08,9.316384360700024e-12,0.0,0.0,0.0,1.5225138425004004e-13,-1.189430004035495e-13,8.973076517922767e-14,4.473275295852959e-14,-1.2857360683005109e-14,1.84337778198878e-14,-9.706707659873359e-11,1.8077728203280685e-10,1.3474238391708582e-10,-4.360878669443387e-11,-9.074450683414991e-16,1.3063475842574264e-15
14.1400,-1.5956762281385417e-06,-4.980655723466842e-12,0.30653910874962403,-1.0791601613923104e-12,5.1529682863654715e-08,9.316384360700024e-12,0.0,0.0,0.0,-1.4262138084417187e-13,1.4747638614848084e-13,-4.989152077587117e-14,-4.741848637549949e-14,-1.2876440106766899e-14,1.8461162623596903e-14,-4.9615866970498246e-11,9.820860791265318e-11,-3.99274779905312e-11,-2.4899682871894167e-11,-9.122857561695293e-16,1.3022837972820054e-15
14.1600,-1.5956762281385417e-06,-4.980655723466842e-12,0.30653910874962403,-1.0791601613923104e-12,5.1529682863654715e-08,9.316384360700024e-12,0.0,0.0,0.0,-2.0102843781286194e-13,2.0838563601449546e-13,-4.56332603649214e-14,-6.798733644960551e-14,-1.2893703175215677e-14,1.84859502042969e-14,-3.494840528084353e-11,8.287306951793028e-11,-4.0961650737969535e-11,-2.0320630318095926e-11,-9.107359530553918e-16,1.3040317887350076e-15
14.1800,-1.5956762281385417e-06,-4.980655723466842e-12,0.30653910874962403,-1.0791601613923104e-12,5.1529682863654715e-08,9.316384360700024e-12,0.0,0.0,0.0,3.190610891879159e-13,-2.198657427889282e-13,1.1496929866457768e-13,8.605001850942703e-14,-1.2911880274856917e-14,1.851202160837614e-14,5.141489178850378e-10,-4.45506020962938e-10,1.2975120977642973e-10,1.5657707832431459e-10,-9.101273218324814e-16,1.3030528031092582e-15
14.2000,-1.5956762281385417e-06,-4.980655723466842e-12,0.30653910874962403,-1.0791601613923104e-12,5.1529682863654715e-08,9.316384360700024e-12,0.0,0.0,0.0,3.269607415370907e-14,-2.326761612175909e-14,1.0925774868128919e-14,1.0741103826010931e-14,-1.2930069858837358e-14,1.8538089656136966e-14,-1.5819864862542943e-10,6.869158020172961e-11,-1.0369935465881497e-10,-3.6474162642951143e-11,-9.073517065337118e-16,1.3048317915013546e-15
14.2200,-1.5956762281385417e-06,-4.980655723466842e-12,0.30653910874962403,-1.0791601613923104e-12,5.1529682863654715e-08,9.316384360700024e-12,0.0,0.0,0.0,-1.9389961250501684e-13,2.0811846084361954e-13,6.348234507510304e-14,-6.657041631175619e-14,-1.2949174936777424e-14,1.856545774814574e-14,-1.522512671492393e-11,1.0286588247865325e-10,1.3927486941511802e-10,-2.038190177772991e-11,-9.084402179035984e-16,1.3035918353554284e-15
14.2400,-1.5956762281385417e-06,-4.980655723466842e-12,0.30653910874962403,-1.0791601613923104e-12,5.1529682863654715e-08,9.316384360700024e-12,0.0,0.0,0.0,2.8013633687765045e-13,-2.6644825841154547e-13,6.236262964361732e-14,8.78529780988002e-14,-1.2966441331836843e-14,1.8590237563610803e-14,5.203043551560427e-10,-4.3259595905453807e-10,1.3931103493014518e-10,1.5530072934873156e-10,-9.09730360338059e-16,1.304270087061775e-15
14.2600,-1.5956762281385417e-06,-4.980655723466842e-12,0.30653910874962403,-1.0791601613923104e-12,5.1529682863654715e-08,9.316384360700024e-12,0.0,0.0,0.0,-1.5974383204836992e-15,-4.1820081241484646e-14,-9.911917814333824e-15,7.497773525153562e-15,-1.298461781774026e-14,1.861632007760331e-14,-1.5163717503874352e-10,7.488040743020008e-11,-9.915962495554709e-11,-3.639801234493009e-11,-9.091768801417197e-16,1.3032751550481768e-15
14.2800,-1.5956762281385417e-06,-4.980655723466842e-12,0.30653910874962403,-1.0791601613923104e-12,5.1529682863654715e-08,9.316384360700024e-12,0.0,0.0,0.0,-8.390698638668994e-14,8.897934560364482e-14,-4.995885580231468e-14,-2.854109584989325e-14,-1.3002795449366163e-14,1.864240651008107e-14,-6.156236631582601e-11,1.1014955614285782e-10,-3.992209340886177e-11,-2.8130375186114088e-11,-9.100089510460542e-16,1.3032657251891936e-15
14.3000,-1.5956762281385417e-06,-4.980655723466842e-12,0.30653910874962403,-1.0791601613923104e-12,5.1529682863654715e-08,9.316384360700024e-12,0.0,0.0,0.0,-1.6490061485738352e-13,2.2679521543095165e-13,8.219137939687632e-14,-6.439089413077575e-14,-1.3020991950202757e-14,1.8668469170986143e-14,-2.098124451954675e-11,9.71470126565066e-11,1.3534165455020286e-10,-2.0374700494187323e-11,-9.092820391994033e-16,1.3033977382518734e-15
14.3200,-1.5956762281385417e-06,-4.980655723466842e-12,0.30653910874962403,-1.0791601613923104e-12,5.1529682863654715e-08,9.316384360700024e-12,0.0,0.0,0.0,1.347542971375231e-13,-1.4009716215918168e-13,5.868708990961298e-15,4.550678458958557e-14,-1.3039189073540739e-14,1.8694530465775966e-14,-1.821378881050606e-10,9.583273063995534e-11,-1.0254636029216613e-10,-4.3638882351144715e-11,-9.113466708413974e-16,1.3021974917384335e-15
14.3400,-1.5956762281385417e-06,-4.980655723466842e-12,0.30653910874962403,-1.0791601613923104e-12,5.1529682863654715e-08,9.316384360700024e-12,0.0,0.0,0.0,-1.079350714638667e-13,3.2562418917746624e-14,-7.979546121087661e-14,-2.2185248309684926e-14,-1.3057364491812064e-14,1.8720617586558978e-14,-1.2683071259900203e-10,5.6917082158491894e-11,-8.52844461718405e-11,-3.0234809083052435e-11,-9.080915397687114e-16,1.3048475128960768e-15
14.3600,-1.5956762281385417e-06,-4.980655723466842e-12,0.30653910874962403,-1.0791601613923104e-12,5.1529682863654715e-08,9.316384360700024e-12,0.0,0.0,0.0,-1.9693260303041476e-13,2.1165601997813385e-13,6.371743480056735e-14,-6.784843117368915e-14,-1.3075537057545256e-14,1.8746698902559863e-14,-1.5081852433596055e-11,1.0277306783379458e-10,1.3930440134757305e-10,-2.032691169077636e-11,-9.094519280351513e-16,1.3036975192592106e-15
14.3800,-1.5956762281385417e-06,-4.980655723466842e-12,0.30653910874962403,-1.0791601613923104e-12,5.1529682863654715e-08,9.316384360700024e-12,0.0,0.0,0.0,1.113894592952575e-13,-1.5424512274003855e-13,-9.178032639481023e-15,4.373067424546417e-14,-1.3093710738846892e-14,1.8772787574786303e-14,-1.7720805378651505e-10,1.0043074705201605e-10,-9.919015608872428e-11,-4.3564013835324735e-11,-9.09616795884581e-16,1.3044490839832477e-15
14.4000,-1.5956762281385417e-06,-4.980655723466842e-12,0.30653910874962403,-1.0791601613923104e-12,5.1529682863654715e-08,9.316384360700024e-12,0.0,0.0,0.0,2.026854292738692e-14,-3.6680359260133655e-14,-5.714566250762076e-14,1.0708862892412192e-14,-1.3111897552213991e-14,1.8798859317736628e-14,-1.546050232281715e-10,7.089392961567853e-11,-8.989695099437256e-11,-3.615415268421908e-11,-9.103991751543873e-16,1.3030128817185352e-15
14.4200,-1.5956762281385417e-06,-4.980655723466842e-12,0.30653910874962403,-1.0791601613923104e-12,5.1529682863654715e-08,9.316384360700024e-12,0.0,0.0,0.0,-1.0864053492928915e-13,1.705260594296312e-13,8.221541572535942e-14,-4.514174116761538e-14,-1.3130097247680843e-14,1.882492325859616e-14,-3.594965991560173e-11,1.1222703322211203e-10,1.3539716570143412e-10,-2.4980791274739147e-11,-9.106150415837131e-16,1.3018876439430415e-15
14.4400,-1.5956762281385417e-06,-4.980655723466842e-12,0.30653910874962403,-1.0791601613923104e-12,5.1529682863654715e-08,9.316384360700024e-12,0.0,0.0,0.0,2.719973751508503e-13,-2.770082557325703e-13,6.074100250516967e-15,8.834269165267961e-14,-1.3148281905925224e-14,1.8850996471488617e-14,4.332481318147785e-10,-5.195617269748709e-10,-1.0255168936268433e-10,1.5527941686762233e-10,-9.083707640970557e-16,1.3045154255227357e-15
14.4600,-1.5956762281385417e-06,-4.980655723466842e-12,0.30653910874962403,-1.0791601613923104e-12,5.1529682863654715e-08,9.316384360700024e-12,0.0,0.0,0.0,-1.691726705940813e-14,-5.827786082507444e-14,-7.969215495843523e-14,7.702003822911411e-15,-1.3166457954067284e-14,1.887707626035527e-14,-1.4824108607314201e-10,7.832121062811837e-11,-8.528849848588038e-11,-3.6407203152565865e-11,-9.097036353732384e-16,1.3034927796498946e-15
14.4800,-1.5956762281385417e-06,-4.980655723466842e-12,0.30653910874962403,-1.0791601613923104e-12,5.1529682863654715e-08,9.316384360700024e-12,0.0,0.0,0.0,-1.3951142410759182e-13,1.5212833164396251e-13,5.963136998073703e-14,-4.766560196441559e-14,-1.3184637562374853e-14,1.890314834367966e-14,-2.975714119557438e-11,1.180102404685357e-10,1.4021442340528267e-10,-2.488851031033261e-11,-9.099644251544514e-16,1.3014330899984702e-15
14.5000,-1.5956762281385417e-06,-4.980655723466842e-12,0.30653910874962403,-1.0791601613923104e-12,5.1529682863654715e-08,9.316384360700024e-12,0.0,0.0,0.0,-1.8475131927095445e-13,2.360197254756546e-13,1.034748745017729e-14,-7.052628858773201e-14,-1.3202819080537814e-14,1.8929228843832306e-14,-3.6240510592477904e-11,7.347886188391328e-11,-5.269973346599954e-11,-1.883151934777778e-11,-9.090897900173368e-16,1.3037170200421516e-15
14.5200,-1.5956762281385417e-06,-4.980655723466842e-12,0.30653910874962403,-1.0791601613923104e-12,5.1529682863654715e-08,9.316384360700024e-12,0.0,0.0,0.0,5.840525893477328e-14,2.490973583900648e-15,7.980070840237535e-14,1.074191313605976e-14,-1.3221921874640071e-14,1.8956600181624197e-14,-7.500589038755834e-11,1.5188428292844947e-10,1.3640463758513022e-10,-3.647411700254699e-11,-9.079040100656298e-16,1.3038361232970112e-15
14.5400,-1.5956762281385417e-06,-4.980655723466842e-12,0.30653910874962403,-1.0791601613923104e-12,5.1529682863654715e-08,9.316384360700024e-12,0.0,0.0,0.0,-3.767746617475203e-14,9.825198381646513e-14,7.91424016599239e-14,-2.123560488878415e-14,-1.3239196819475112e-14,1.8981370348094408e-14,-5.354586218864199e-11,1.3036283164069573e-10,1.3627485251355154e-10,-3.027401408386639e-11,-9.114175341637039e-16,1.3028455538339637e-15
14.5600,-1.5956762281385417e-06,-4.980655723466842e-12,0.30653910874962403,-1.0791601613923104e-12,5.1529682863654715e-08,9.316384360700024e-12,0.0,0.0,0.0,-2.1349821302527115e-13,1.9286172052806896e-13,-1.6172243405590135e-14,-6.744694323346314e-14,-1.3257377377204457e-14,1.9007449127423526e-14,-1.0047943033164586e-10,1.7458590129137974e-11,-9.862949346128858e-11,-2.034499408578714e-11,-9.084869333422826e-16,1.305353088168011e-15
14.5800,-1.5956762281385417e-06,-4.980655723466842e-12,0.30653910874962403,-1.0791601613923104e-12,5.1529682863654715e-08,9.316384360700024e-12,0.0,0.0,0.0,9.565820965898252e-14,-1.7103549738623068e-13,-7.937726795307593e-14,4.389641994411748e-14,-1.327554690036801e-14,1.903352778922269e-14,-1.7364223947602397e-10,1.0403816697035495e-10,-8.502290538281443e-11,-4.3571647935708116e-11,-9.099583672972353e-16,1.303114582747668e-15
14.6000,-1.5956762281385417e-06,-4.980655723466842e-12,0.30653910874962403,-1.0791601613923104e-12,5.1529682863654715e-08,9.316384360700024e-12,0.0,0.0,0.0,-1.2080957847990292e-13,1.7139170032193092e-13,8.397797041057389e-15,-4.7750705852311516e-14,-1.3294623733316993e-14,1.9060912759304278e-14,-5.5033338997034775e-11,9.271389211917835e-11,-5.196693075859571e-11,-2.4884879602452288e-11,-9.083952085249275e-16,1.3031556729445965e-15
14.6200,-1.5956762281385417e-06,-4.980655723466842e-12,0.30653910874962403,-1.0791601613923104e-12,5.1529682863654715e-08,9.316384360700024e-12,0.0,0.0,0.0,-1.1062394836278199e-13,1.6263009776734544e-13,1.0972320968436257e-14,-4.4076163601336125e-14,-1.331190140108627e-14,1.9085683589243656e-14,-5.503389410854709e-11,9.225226138553921e-11,-5.2723270194121596e-11,-2.4757389225258482e-11,-9.097597542011261e-16,1.3022129914487515e-15
14.6400,-1.5956762281385417e-06,-4.980655723466842e-12,0.30653910874962403,-1.0791601613923104e-12,5.1529682863654715e-08,9.316384360700024e-12,0.0,0.0,0.0,1.69224418339358e-13,-1.0794996059177017e-13,8.005042531618912e-14,4.602570427615914e-14,-1.3331012452419729e-14,1.9113049860119187e-14,-1.0058556765280002e-10,1.7745119262890796e-10,1.3639228635398126e-10,-4.3654045367704195e-11,-9.095955170769134e-16,1.3030553814312275e-15
14.6600,-1.5956762281385417e-06,-4.980655723466842e-12,0.30653910874962403,-1.0791601613923104e-12,5.1529682863654715e-08,9.316384360700024e-12,0.0,0.0,0.0,-8.055486225286374e-14,5.87612675638214e-14,-1.8641323901205343e-14,-2.1945870297740897e-14,-1.3349201568277151e-14,1.913912461956394e-14,-1.3317946745416975e-10,5.061179253473824e-11,-9.787881616318828e-11,-3.024537860985357e-11,-9.116457342695532e-16,1.3026738286572558e-15
14.6800,-1.5956762281385417e-06,-4.980655723466842e-12,0.30653910874962403,-1.0791601613923104e-12,5.1529682863654715e-08,9.316384360700024e-12,0.0,0.0,0.0,-1.5584977144930764e-13,1.3430064787028772e-13,-1.6682751707888512e-14,-4.741829886766203e-14,-1.336647086609863e-14,1.916389860145851e-14,-1.1527431786895193e-10,3.255073988128743e-11,-9.849587812027494e-11,-2.489969045648443e-11,-9.08236477114872e-16,1.302456688783377e-15
14.7000,-1.5956762281385417e-06,-4.980655723466842e-12,0.30653910874962403,-1.0791601613923104e-12,5.1529682863654715e-08,9.316384360700024e-12,0.0,0.0,0.0,2.2741573121878763e-13,-3.161272970721455e-13,-9.927968100401891e-14,8.733696832781545e-14,-1.3384648330955825e-14,1.9189981304909294e-14,4.4309156344013445e-10,-5.099210775849627e-10,-8.161385456340042e-11,1.5532405929454246e-10,-9.059317682942033e-16,1.3045726325067193e-15
14.7200,-1.5956762281385417e-06,-4.980655723466842e-12,0.30653910874962403,-1.0791601613923104e-12,5.1529682863654715e-08,9.316384360700024e-12,0.0,0.0,0.0,4.7787141438409165e-14,3.2249975366312143e-15,8.841303383819461e-15,8.015779742031045e-15,-1.3403732709500123e-14,1.921736517196208e-14,-9.218217855710975e-11,1.2990769571175065e-10,-5.1849607940468445e-11,-3.551818261966369e-11,-9.069607114930478e-16,1.3047882222441302e-15
14.7400,-1.5956762281385417e-06,-4.980655723466842e-12,0.30653910874962403,-1.0791601613923104e-12,5.1529682863654715e-08,9.316384360700024e-12,0.0,0.0,0.0,-3.871583001410865e-14,8.939717803896209e-14,8.277559887490412e-15,-1.955162301615529e-14,-1.3421016066740483e-14,1.9242119144853106e-14,-7.317599304279554e-11,1.1085277140665539e-10,-5.1961046576565195e-11,-3.029301431788101e-11,-9.122842763434135e-16,1.3006827131057927e-15
14.7600,-1.5956762281385417e-06,-4.980655723466842e-12,0.30653910874962403,-1.0791601613923104e-12,5.1529682863654715e-08,9.316384360700024e-12,0.0,0.0,0.0,-2.162239215730286e-13,1.8584957966011203e-13,-7.618904049325997e-14,-6.65700897448786e-14,-1.3439196729711605e-14,1.926818841253328e-14,-9.920211874181462e-11,1.888922351866995e-11,-8.609668533665626e-11,-2.0381879353964482e-11,-9.106101554278348e-16,1.3030779452639768e-15
14.7800,-1.5956762281385417e-06,-4.980655723466842e-12,0.30653910874962403,-1.0791601613923104e-12,5.1529682863654715e-08,9.316384360700024e-12,0.0,0.0,0.0,1.645167396480398e-13,-1.0425247383055864e-13,7.951224470500203e-14,4.426494423497185e-14,-1.3457365509987143e-14,1.9294274664240644e-14,-1.0026629526649344e-10,1.7749213210294101e-10,1.3655335195927876e-10,-4.358830562906553e-11,-9.079904971753462e-16,1.3032505894383452e-15
14.8000,-1.5956762281385417e-06,-4.980655723466842e-12,0.30653910874962403,-1.0791601613923104e-12,5.1529682863654715e-08,9.316384360700024e-12,0.0,0.0,0.0,-8.290759137549824e-14,6.057087558280899e-14,-1.8943332319478985e-14,-2.271318262797858e-14,-1.3475536540512825e-14,1.9320355895664795e-14,-1.3295639589294694e-10,5.068165331856278e-11,-9.774578368926257e-11,-3.021121023565161e-11,-9.067504347367113e-16,1.3044837494683586e-15
14.8200,-1.5956762281385417e-06,-4.980655723466842e-12,0.30653910874962403,-1.0791601613923104e-12,5.1529682863654715e-08,9.316384360700024e-12,0.0,0.0,0.0,-2.489217660050789e-13,1.6109260541169303e-13,-9.803212339124755e-14,-6.806816795815335e-14,-1.3493712523092969e-14,1.9346441199614258e-14,-9.232437037098862e-11,2.5476176723771005e-11,-8.163134057603827e-11,-2.0317151236957316e-11,-9.06144266857665e-16,1.3068491146161652e-15
14.8400,-1.5956762281385417e-06,-4.980655723466842e-12,0.30653910874962403,-1.0791601613923104e-12,5.1529682863654715e-08,9.316384360700024e-12,0.0,0.0,0.0,1.6703516955709942e-13,-1.1766624392523122e-13,8.430742909313182e-15,4.75239589545499e-14,-1.351281922682717e-14,1.937380701316148e-14,-1.1971107438668582e-10,1.5793918950457453e-10,-5.166220229391172e-11,-4.354366778025591e-11,-9.121318732786343e-16,1.3018260272592125e-15
14.8600,-1.5956762281385417e-06,-4.980655723466842e-12,0.30653910874962403,-1.0791601613923104e-12,5.1529682863654715e-08,9.316384360700024e-12,0.0,0.0,0.0,4.971559883218296e-14,-5.999428278073748e-16,7.662107753789533e-15,9.546746162730058e-15,-1.3530089223915293e-14,1.9398578549345186e-14,-9.433709369233156e-11,1.325292098286468e-10,-5.1753989982472604e-11,-3.6478732422106626e-11,-9.068400721637906e-16,1.3048665810635573e-15
14.8800,-1.5956762281385417e-06,-4.980655723466842e-12,0.30653910874962403,-1.0791601613923104e-12,5.1529682863654715e-08,9.316384360700024e-12,0.0,0.0,0.0,-1.7771905561067656e-13,2.2750711818991644e-13,6.364016327805355e-14,-6.722534905126472e-14,-1.3549186036832534e-14,1.942595617821869e-14,-1.9220319780188788e-11,9.875977813322834e-11,1.3948503463367956e-10,-2.0354894451513313e-11,-9.09506746535116e-16,1.3039473559283425e-15
14.9000,-1.5956762281385417e-06,-4.980655723466842e-12,0.30653910874962403,-1.0791601613923104e-12,5.1529682863654715e-08,9.316384360700024e-12,0.0,0.0,0.0,1.2280924108212702e-13,-1.444262270435275e-13,-1.7973830063224932e-14,4.3988123819611184e-14,-1.3567359515199887e-14,1.9452038089677945e-14,-1.7996970580469451e-10,9.773104547861067e-11,-9.765196984368174e-11,-4.3575735773004515e-11,-9.089715486846754e-16,1.3023186455740317e-15
14.9200,-1.5956762281385417e-06,-4.980655723466842e-12,0.30653910874962403,-1.0791601613923104e-12,5.1529682863654715e-08,9.316384360700024e-12,0.0,0.0,0.0,8.627521447284255e-15,-3.078038430709578e-14,-1.8881853719490186e-14,7.378026313710076e-15,-1.3584630407394211e-14,1.9476813948173996e-14,-1.5438489375796394e-10,7.210351760100764e-11,-9.774936415851698e-11,-3.639266626833619e-11,-9.098786316356786e-16,1.3028474720658042e-15
14.9400,-1.5956762281385417e-06,-4.980655723466842e-12,0.30653910874962403,-1.0791601613923104e-12,5.1529682863654715e-08,9.316384360700024e-12,0.0,0.0,0.0,-1.4050010546659662e-13,1.399286736934442e-13,4.198104433524635e-14,-4.575892124358707e-14,-1.3603710502526394e-14,1.9504192875746703e-14,-2.6589425106138265e-11,1.1833742319389273e-10,1.44156797610151e-10,-2.4292234383260603e-11,-9.07285814980477e-16,1.3044132215677905e-15
14.9600,-1.5956762281385417e-06,-4.980655723466842e-12,0.30653910874962403,-1.0791601613923104e-12,5.1529682863654715e-08,9.316384360700024e-12,0.0,0.0,0.0,-1.9701700773586232e-13,1.9752951445722715e-13,4.3878193439725825e-14,-6.4942125581283e-14,-1.3620991226758636e-14,1.9528955468403996e-14,-1.3404499732416753e-11,1.0484413337508158e-10,1.4360651556799553e-10,-2.0412691796572312e-11,-9.095455574358668e-16,1.3030144988566327e-15
14.9800,-1.5956762281385417e-06,-4.980655723466842e-12,0.30653910874962403,-1.0791601613923104e-12,5.1529682863654715e-08,9.316384360700024e-12,0.0,0.0,0.0,1.612961214314801e-13,-1.1148280127843012e-13,8.542903190376075e-15,4.5071876218639004e-14,-1.3639174770951205e-14,1.9555024321932202e-14,-1.1983650183289285e-10,1.5806614350744042e-10,-5.165443073273934e-11,-4.362281186385692e-11,-9.090695360864481e-16,1.3040673492295412e-15
15.0000,-1.5956762281385417e-06,-4.980655723466842e-12,0.30653910874962403,-1.0791601613923104e-12,5.1529682863654715e-08,9.316384360700024e-12,0.0,0.0,0.0,-8.603778192670219e-14,5.5494047735803095e-14,-7.770899132512279e-14,-2.2375544809174985e-14,-1.3657341609815642e-14,1.9581116430156885e-14,-1.318271880546007e-10,5.188197094163627e-11,-8.54606108102729e-11,-3.022625799144758e-11,-9.075520715983584e-16,1.3060636545121675e-15
