t,x,y,z,roll,pitch,yaw,vx,vy,vz,left_aileron_joint_pos,right_aileron_joint_pos,elevator_joint_pos,rudder_joint_pos,left_propeller_joint_pos,right_propeller_joint_pos,left_aileron_joint_vel,right_aileron_joint_vel,elevator_joint_vel,rudder_joint_vel,left_propeller_joint_vel,right_propeller_joint_vel
0.0000,-0.008304854180604315,6.32514158393033e-07,0.24365316407707166,-7.1816999265940735e-06,-0.0299857979877115,3.0271402848247964e-07,0.011369971747628228,2.2472492529592083e-06,0.07664068353688507,-0.0027048265598325068,-0.002704341699880488,-0.024600953907025897,-7.292948856046393e-08,-6.15928222883187e-10,1.1042433870170658e-09,-0.16122276068613306,-0.16122191659160937,-0.2541188200670815,-3.143383790321759e-07,-7.929875865382661e-16,1.480238779721357e-15
0.0200,-0.008408270938222885,6.901459208418664e-07,0.24475616559516347,-8.017025737402086e-06,-0.027072684126187394,3.330226497017584e-07,-0.008601964149717006,2.5448440340910853e-06,0.04807618007501317,-0.005139341793967371,-0.005138836546181432,-0.02796366345434139,-7.148939491213817e-08,-6.159282394940059e-10,1.1042434181854824e-09,-0.07631811411785432,-0.07631704515829935,-0.07622157832848413,4.2545589833618324e-07,-7.887950910867125e-16,1.4864471077082574e-15
0.0400,-0.008885280261241763,7.510626417914376e-07,0.2452800247579599,-8.909536004777656e-06,-0.027859344860536865,3.750328539370811e-07,-0.027859975138593823,2.9300844757221073e-06,0.019878435667591336,-0.00590145582585352,-0.005900933368973522,-0.027819124342546596,-5.465684745984623e-08,-6.159282552074047e-10,1.1042434479049792e-09,-0.005119260855870194,-0.005118585699917047,0.08000990770320426,1.22375744869526e-06,-7.820002986629569e-16,1.484650550827131e-15
0.0600,-0.009704559425067394,8.161178557182024e-07,0.245263494903997,-9.861007897475696e-06,-0.032044118025378286,4.32326849038868e-07,-0.04513942439459796,3.385048345959069e-06,-0.005805321457791578,-0.005351419221294342,-0.005350886028991784,-0.024759354984079922,-2.1778120895721126e-08,-6.159282707284857e-10,1.1042434775324937e-09,0.055077102663221356,0.05507754898617107,0.2148701563673613,2.018123143073871e-06,-7.698365879030299e-16,1.477698951429015e-15
0.0800,-0.010808318595194386,8.861376792583737e-07,0.24477920419508095,-1.0873743092693514e-05,-0.039043648213847176,5.072042128904952e-07,-0.05935827750133536,3.887401564793212e-06,-0.02730281203110087,-0.0037355330567758597,-0.003734991491320538,-0.01931104352322634,2.63710583427021e-08,-6.159282859535421e-10,1.104243506980233e-09,0.10172610109117648,0.10172652455092526,0.31894105020620467,2.7439520427268616e-06,-7.527958731910495e-16,1.4671756258505643e-15
0.1000,-0.012118717297555067,9.61863268547135e-07,0.24392512607772002,-1.1950723654352452e-05,-0.04806447682395456,6.003224648600621e-07,-0.06963006110212955,4.410066316296585e-06,-0.04348742607475296,-0.0014806339255078681,-0.0014800831974481506,-0.012555023091619367,8.442923390208472e-08,-6.159283000649606e-10,1.1042435347436166e-09,0.1316225944269084,0.1316231497786744,0.3828550703371995,3.3135006376763226e-06,-7.332106715055172e-16,1.4558395721592232e-15
0.1200,-0.013545233863273057,1.043901542931271e-06,0.242815602140563,-1.3095592084218182e-05,-0.05818989341640065,7.10548015349034e-07,-0.07530650536508021,4.923903015658849e-06,-0.053794421228938925,0.0010476333464958267,0.0010481960803304473,-0.005360959996470539,1.479830494193958e-07,-6.159283130711082e-10,1.1042435608507687e-09,0.1462660937269944,0.14626687277713388,0.4094865572768885,3.6981322559932156e-06,-7.12860810826851e-16,1.445771315031685e-15
0.1400,-0.014985428145765294,1.132660592082317e-06,0.24157626480196148,-1.4312455211118065e-05,-0.06840311539589337,8.345870429784768e-07,-0.07539735609203826,5.392472195184596e-06,-0.05784116240432757,0.004811757649848692,0.004812342784577282,0.005003858564656666,2.449541938752287e-07,-6.159283299059235e-10,1.1042435956384563e-09,0.17187513559314252,0.17187919527195658,0.3778426188683462,3.74177659957005e-06,-8.816975588624458e-16,1.8790231618381024e-15
0.1600,-0.01641024047824029,1.229345935107226e-06,0.24057593420962098,-1.5615100544441237e-05,-0.0784163852634371,9.727066084439296e-07,-0.07370317123549014,5.615063031278998e-06,-0.040341277602432,0.00810771642534134,0.00810844589860959,0.010168893324223556,3.0486149577886206e-07,-6.159283445601791e-10,1.1042436272763357e-09,0.1685757205799126,0.16858546947122682,0.21619354976411978,2.871022199619141e-06,-8.222496102505868e-16,1.8109217128788567e-15
0.1800,-0.017743241848230056,1.333829561036551e-06,0.24002594981311298,-1.7013483042868543e-05,-0.08754461703573609,1.1212200660532611e-06,-0.06693610715866244,5.63194259073016e-06,-0.014199456271100058,0.011114255962517654,0.011115123082899338,0.015640959440559356,3.76685743898772e-07,-6.159283592977333e-10,1.1042436604062545e-09,0.13291093294344997,0.13292011357846248,0.1771538861255868,2.932814046536939e-06,-7.571753511657095e-16,1.7387665759922887e-15
0.2000,-0.018913583930852004,1.445314232362521e-06,0.24005094560728468,-1.8516626336282162e-05,-0.09520023976177097,1.2753159380523088e-06,-0.05425752420775108,5.494593842319845e-06,0.011832681071429384,0.013181410515295762,0.013182337546699811,0.02157613066232181,4.615531221119328e-07,-6.159283722341138e-10,1.104243690892934e-09,0.07323914252735832,0.07323065046412534,0.5528572629454068,6.788196528995714e-06,-4.814596682082119e-16,1.1729060038208165e-15
0.2200,-0.01965104945789728,1.5599325794782998e-06,0.24021146242314884,-2.0108690173580587e-05,-0.09891973092464194,1.4096082686563317e-06,-0.02999173896663589,5.564351986194392e-06,0.012403403101371873,0.014131676162039787,0.014132426302308928,0.031367825171928564,5.806219796063498e-07,-6.15928382351707e-10,1.1042437160757273e-09,0.025946680833604522,0.025942920415352476,0.26428419101206674,3.5641855017008596e-06,-4.645959304426484e-16,1.1838460696093163e-15
0.2400,-0.019953490926046275,1.6776810456308663e-06,0.24053624391372533,-2.179586381780696e-05,-0.09868592928717686,1.5173520087791594e-06,-0.007994987622465251,5.530705964331592e-06,0.01913925704531594,0.01406554991989186,0.014066281117726986,0.033050509997214816,6.13784904019084e-07,-6.159283928246007e-10,1.104243743172498e-09,-0.03151797169989909,-0.03151865480698696,-0.014475869288345503,5.659581141915374e-07,-4.551687713770633e-16,1.2124145850960725e-15
0.2600,-0.01986978658478285,1.798616695637068e-06,0.24101453274587187,-2.358532607289976e-05,-0.09493311495367263,1.5955128080866467e-06,0.010312389921802865,5.473485587149733e-06,0.02655630964982405,0.012852060974127654,0.012852846715313494,0.029404911452735764,5.855505531671147e-07,-6.159284034606545e-10,1.1042437716421452e-09,-0.0885399897824626,-0.08853957958204522,-0.2118445811823351,-1.7419938379395948e-06,-4.579795972729675e-16,1.2604381768318391e-15
0.2800,-0.01946747870815481,1.922597491218605e-06,0.24154822631495548,-2.5482214325113197e-05,-0.08824853297805743,1.6428785695061234e-06,0.025713926676626447,5.5823212887406524e-06,0.024820862286309756,0.010583314913902051,0.01058411444634623,0.024124626446995066,5.32386564009167e-07,-6.159284138631143e-10,1.1042438004432357e-09,-0.12906417450353874,-0.12905352068855472,-0.5320776922875908,-6.188574802524944e-06,-6.797920092913327e-16,1.867815857154744e-15
0.3000,-0.018966440426431676,2.052148455296036e-06,0.24230235115348042,-2.750848122890909e-05,-0.08064770831663733,1.678978236992962e-06,0.028254733073974525,5.4608300444045e-06,0.03907249345726975,0.00767022654133888,0.007671285304297302,0.011680933365307735,3.8510634305590873e-07,-6.159284263894262e-10,1.104243835483046e-09,-0.15750259375695266,-0.1574865386227444,-0.6995322815939726,-8.461776385034297e-06,-6.719812008473456e-16,1.8926512866847137e-15
0.3200,-0.018556357741719293,2.1888001306412086e-06,0.24335227921680158,-2.9682719137622473e-05,-0.07393532633283775,1.7259814304246685e-06,0.02264638819420154,5.302822893244003e-06,0.054499748767606625,0.0043635628059332954,0.004364890022437336,-0.0008975357721153001,2.3301105091685426e-07,-6.159284392776347e-10,1.1042438723688564e-09,-0.17022481140825954,-0.17021797321002713,-0.47380944995747304,-5.481025799125518e-06,-4.647995889269039e-16,1.3790587883476995e-15
0.3400,-0.018261086200134898,2.3312073048068036e-06,0.2444235583276454,-3.200292219151445e-05,-0.06837568143215678,1.7879777540571077e-06,0.016928434153505256,5.562158770577254e-06,0.05089615505577435,0.001211918699488238,0.0012132551188366182,-0.006597799881782618,1.7130428444400263e-07,-6.159284501933146e-10,1.1042439046533018e-09,-0.15369655366005971,-0.1536910818615063,-0.36165159432022753,-4.45806254242874e-06,-6.501954075648466e-16,1.926241436999267e-15
0.3600,-0.01812026376933419,2.479769964798564e-06,0.24534849421836022,-3.4470835443181514e-05,-0.06435399304000998,1.873501267565718e-06,0.00843979457844815,6.08334675929201e-06,0.0412217413757716,-0.001684183391898033,-0.0016828525283960915,-0.011206048690076565,1.230203916445075e-07,-6.159284617440863e-10,1.1042439396894258e-09,-0.12002378395160475,-0.12002655883280026,-0.11905755961671419,-9.155057264505462e-07,-6.433634515705302e-16,1.9614589493637327e-15
0.3800,-0.018111265275574724,2.6347729405159268e-06,0.2459052895386626,-3.7081944674451416e-05,-0.061646408948299064,1.9824138671181694e-06,-0.0002197462014512465,6.989558673754262e-06,0.023789919463435973,-0.0036002700690411613,-0.003598980408485061,-0.013047260683888062,1.1189686129154666e-07,-6.159284722774143e-10,1.1042439726377175e-09,-0.07156574266364057,-0.07156156194911771,-0.15380106179017303,-1.679340390644163e-06,-6.348676052304512e-16,2.003159228390009e-15
0.4000,-0.01832029606073991,2.8001910967697363e-06,0.24622865614953762,-3.9853535889889355e-05,-0.06106205022958522,2.1354184534925965e-06,-0.012769910594873774,7.857864691575718e-06,0.01522146792194629,-0.0044682028232837364,-0.004466758923494501,-0.01620586447085797,7.886797080617607e-08,-6.159284828983144e-10,1.1042440070888108e-09,-0.02481740684821207,-0.024808948647110734,-0.11956688458011126,-6.955671849924024e-07,-4.399502362928637e-16,1.4817901205642532e-15
0.4200,-0.018764669456466748,2.9782387486713707e-06,0.2463828015674276,-4.279865577040747e-05,-0.06277342543435564,2.343629437745645e-06,-0.02388218762090042,8.88668082920565e-06,0.005107838078643368,-0.0045784238364648166,-0.0045768792750512455,-0.01593368384927421,1.2158005119212918e-07,-6.159284936119682e-10,1.1042440440225616e-09,0.010400013924800083,0.010396808028484538,0.2044467010872593,5.80305883485571e-06,-4.115852204716853e-16,1.4932441235934995e-15
0.4400,-0.019324801509977774,3.1683244310544147e-06,0.24617878186957742,-4.5911713364010165e-05,-0.06562839475312578,2.589806183858363e-06,-0.029995961249367643,1.0314483669777213e-05,-0.012642338723649654,-0.003935372885835021,-0.0039338601518487705,-0.01137001911120554,2.489795479725894e-07,-6.15928502702848e-10,1.104244077959684e-09,0.05392886491943822,0.05393657818906627,0.11951342206595729,4.278585039965586e-06,-3.8316313580568566e-16,1.513121657524953e-15
0.4600,-0.01999708584584135,3.3739627645117013e-06,0.2457760553985233,-4.9211741211987275e-05,-0.06956567894654299,2.8793562140845505e-06,-0.03625232379030104,1.1527409718012911e-05,-0.019361273984730247,-0.0025602736133995625,-0.002558619343296315,-0.008106930692583393,3.6046511858887e-07,-6.159285115018452e-10,1.1042441138960747e-09,0.08126818576655778,0.08127992458108221,0.1329977755083303,5.198207618548713e-06,-4.942286898880705e-16,2.080797421302391e-15
0.4800,-0.020779624949440145,3.598086687825941e-06,0.24537422552167967,-5.272424090663936e-05,-0.0745576277088475,3.2186281966286037e-06,-0.041553922826564796,1.2418719341862486e-05,-0.016346332405568594,-0.0007871713496347907,-0.0007852464814285514,-0.005400052072158121,4.7526780022209115e-07,-6.159285197915842e-10,1.1042441520873522e-09,0.09091376285096689,0.09092064599502625,0.2552325149144274,8.896129359143806e-06,-4.2954205425568045e-16,2.0859766042583775e-15
0.5000,-0.02161402755083153,3.841055769654971e-06,0.24505282397128542,-5.646820386335439e-05,-0.08005760792984595,3.5992856845458506e-06,-0.042849856657071646,1.3174393778659412e-05,-0.011712083565220282,0.0010706554101334042,0.0010727927925634274,-0.000953983649643644,6.455935302550271e-07,-6.159285267503853e-10,1.1042441902282437e-09,0.08852522927969103,0.08852140906729174,0.4187195467271726,1.3680517126672682e-05,-2.1696574243373532e-16,1.5045299905827158e-15
0.5200,-0.02230701937746378,4.098629576101271e-06,0.24457683875395728,-6.0432891294796384e-05,-0.08424231223608694,3.9702175996073155e-06,-0.03425337577476976,1.457403496160332e-05,-0.023314944990277135,0.0027870853168415746,0.002789054691925614,0.008354853620483054,9.41493851507045e-07,-6.159285312681872e-10,1.1042442232908093e-09,0.08382367973856375,0.08381879731233506,0.3824236270405218,1.2727632470515297e-05,-1.8056442211614296e-16,1.5573427066022582e-15
0.5400,-0.022786198190079,4.371718303580461e-06,0.24395808478916653,-6.462677526894114e-05,-0.08640055425348167,4.306070904270747e-06,-0.023986770879256526,1.5855295466519896e-05,-0.02977761426445826,0.004308390370802653,0.004310335171333324,0.014072507130660586,1.1462681036353803e-06,-6.1592853520776e-10,1.1042442582251718e-09,0.06874937797061575,0.06876141793597212,0.08712847747092813,4.827781484255922e-06,-2.767016293081016e-16,2.2372558416050483e-15
0.5600,-0.02306507532097846,4.663175470464654e-06,0.24333817076231573,-6.90737654177988e-05,-0.08663511579153062,4.603811971546827e-06,-0.013959383307282946,1.688514522280509e-05,-0.029787959913227767,0.005351915980037595,0.005354010281702595,0.015781657816824595,1.2451388944000024e-06,-6.159285385586988e-10,1.104244295209218e-09,0.038940763269118266,0.03895716914582739,-0.0471325657309737,9.865710469411974e-07,-2.348572752714531e-16,2.3207728666878487e-15
0.5800,-0.023167897067954864,4.974902786633195e-06,0.24280483349408255,-7.37974992776518e-05,-0.08515972130478532,4.863589750843466e-06,-0.0051982067582413815,1.7683712076549692e-05,-0.02511574445988628,0.005755165402712571,0.0057575090556902485,0.014766717870507026,1.263149710615344e-06,-6.15928541313831e-10,1.1042443344265276e-09,0.0044772508452829,0.004492148738631012,-0.10887776418087217,-1.0241661819900129e-06,-8.254831055871709e-17,1.7814411546661444e-15
0.6000,-0.023154420487451702,5.3091789907366215e-06,0.242455114158014,-7.882805992904245e-05,-0.08253223278230587,5.099637523736519e-06,-8.251527332856886e-05,1.80538949604943e-05,-0.013176273430583802,0.005527225173836936,0.005529981100898985,0.01078853390314894,1.180749520448772e-06,-6.159285438312705e-10,1.104244378347032e-09,-0.023399078689443555,-0.0233621747990401,-0.3853277395488807,-1.0344355621707844e-05,-1.4209755901711178e-16,2.465872151651352e-15
0.6200,-0.02319454068722091,5.671221514230343e-06,0.24258250142912638,-8.422688624501076e-05,-0.08038668814271412,5.3755821933878385e-06,-0.002079994851276236,1.7393975907597905e-05,0.012782762759840532,0.004744006531503232,0.004747481780565351,0.003205281801220695,9.794305167851382e-07,-6.159285459471261e-10,1.1042444278342085e-09,-0.05269052858676685,-0.05266062415305728,-0.3099616334830841,-7.7036184334669e-06,-7.221607031921112e-17,2.4812610462370682e-15
0.6400,-0.02330081368180801,6.057065150988434e-06,0.24309183417709343,-9.001490804311638e-05,-0.07891097143940093,5.700037159959424e-06,-0.003160037746717962,1.7071625300963206e-05,0.028000189335867502,0.003408186807723915,0.003411963482709973,4.414387193080069e-05,9.350283170788671e-07,-6.159285462891113e-10,1.1042444770121858e-09,-0.07099837901196612,-0.07100368157003827,0.035447146075905156,4.495009512887092e-06,7.086398074226664e-17,1.8730822845042976e-15
0.6600,-0.02342775283232934,6.461697145094717e-06,0.24375324971470286,-9.619388343088242e-05,-0.07771385274598133,6.05663504519846e-06,-0.004208213832855074,1.715467978331401e-05,0.03547751577303186,0.00211025210842233,0.002114151057328242,-0.0013300069893781908,9.361594573379412e-07,-6.159285455415988e-10,1.1042445224008987e-09,-0.06707614024236228,-0.06707106650092474,-0.06617230173264568,1.887296724031293e-07,5.1795144899759307e-17,2.5384933684171468e-15
0.6800,-0.023594521578318334,6.88478072170782e-06,0.24449842007655984,-0.00010278399776429041,-0.0769947605852597,6.457275201310771e-06,-0.005592053080507169,1.762970007478121e-05,0.037332346228520503,0.0008412698554468671,0.0008452546724738881,-0.002479482255260384,9.458905710194254e-07,-6.159285435796449e-10,1.104244570132539e-09,-0.057943826320933124,-0.057932716263358275,-0.10253909329082517,-1.6641523143646266e-06,1.1151211249915525e-16,2.565733100967898e-15
0.7000,-0.023803887454129345,7.326279736888787e-06,0.2452413779668386,-0.00010980179652118872,-0.07678871876246841,6.907614399712154e-06,-0.007772743114767336,1.8426175075950247e-05,0.036275786621459916,-0.00021552220319228196,-0.00021146095938794402,-0.003309074706370896,9.694577901591626e-07,-6.159285404237819e-10,1.1042446177046958e-09,-0.04664261478403789,-0.04663990725143542,-0.016447307245480536,2.1621781480613342e-06,1.7278863319056888e-16,2.603879653263969e-15
0.7200,-0.024065820591387687,7.788160420577139e-06,0.24593959178470998,-0.00011726924893258469,-0.07718817395306232,7.4188591195142005e-06,-0.011563138012634777,1.9296756751435397e-05,0.03637842193732188,-0.0009312007037198567,-0.0009268928389428311,-0.004915613518839611,9.528384549869577e-07,-6.15928536415948e-10,1.1042446653274404e-09,-0.03206620137494429,-0.03205838555750233,-0.04011020985013784,1.699799957661442e-06,2.626250534554784e-16,1.9211350988767445e-15
0.7400,-0.02434380320457632,8.269611782415317e-06,0.24647396809552127,-0.00012519410939062397,-0.07784738380373579,7.97428625654952e-06,-0.011193434595682871,2.1547217741319863e-05,0.022832732562491694,-0.0014728945025297437,-0.0014688129286035349,-0.0024359289737976185,1.1557563548677883e-06,-6.159285304839246e-10,1.1042447126883484e-09,-0.01947920817242933,-0.019512925427823753,0.2897437403197924,1.834163258906872e-05,3.1124209764991505e-16,1.9892373948689375e-15
0.7600,-0.024536103148934046,8.76939564667498e-06,0.24660658019238993,-0.00013355565842268206,-0.07776561414658797,8.510786190417021e-06,-0.008786334003386902,2.4921826769278596e-05,0.0035045880580128323,-0.0016083187451992897,-0.0016045212042540488,0.0005926465059950862,1.3752082341150957e-06,-6.159285238467886e-10,1.1042447577819127e-09,0.0005321888927783118,0.0005142436546811274,0.15847891354498242,1.1797605176247015e-05,3.5245183872061286e-16,2.0804446320798597e-15
0.7800,-0.024640570850862176,9.295054495229742e-06,0.2463493769267881,-0.00014237085294733703,-0.07686599869938386,9.020076027488812e-06,-0.0054001178423658085,2.9137607203874755e-05,-0.01742191263180231,-0.0014520347107938904,-0.0014484140844212236,0.002639575686641093,1.5499390495113488e-06,-6.159285162609533e-10,1.1042448037124176e-09,0.014685906205161947,0.014695452933152994,-0.012572483777833566,2.2161876763965324e-06,3.9747391626822467e-16,2.2030983909740714e-15
0.8000,-0.024789494773033237,9.86482158531774e-06,0.24602992656266745,-0.00015172460122506862,-0.07635455616885026,9.595418949952968e-06,-0.010385923988457516,3.115146679105558e-05,-0.012638529629410852,-0.0010464104968203225,-0.0010417703520687546,-0.0023322423235680872,1.3280220277732545e-06,-6.159285069321663e-10,1.104244861493424e-09,0.019454483306091307,0.019508989305939962,-0.2441799439156305,-9.843503017544437e-06,5.211959954671609e-16,3.0407572246011084e-15
0.8200,-0.02505323040445936,1.048616206372826e-05,0.24583723919849698,-0.0001616911641103289,-0.07691412262431092,1.0298758279921731e-05,-0.014956653886866941,3.301114085879155e-05,-0.007348462592337758,-0.0007050515027006393,-0.0006996009243872132,-0.004618889654488016,1.3048187551839128e-06,-6.159284955393545e-10,1.1042449201501299e-09,0.017152239844036618,0.017191129885016837,-0.06350083310156739,2.3679152345176902e-06,6.354164825802719e-16,3.131757362256427e-15
0.8400,-0.025374189739208113,1.1155784359707939e-05,0.2456786870393331,-0.0001722922636593603,-0.07802042899603326,1.1097115068533673e-05,-0.016966479284136093,3.5394798527036114e-05,-0.0067391674116294275,-0.0003564819075280995,-0.0003506280299474869,-0.0034009775812270113,1.52379519376807e-06,-6.159284821023721e-10,1.104244978344427e-09,0.019973462564324765,0.01999415887531739,0.06997136350653169,1.1804457133965261e-05,6.695719215079991e-16,2.4232655473715135e-15
0.8600,-0.025716596187471595,1.1873741293033093e-05,0.245527181368259,-0.0001835625284484795,-0.07934252993664406,1.1969383091498152e-05,-0.017374336553070663,3.796636790299996e-05,-0.00722756914800987,6.592882080161287e-05,7.203638177424061e-05,-0.0010668965129496627,1.8372265099787204e-06,-6.159284665604606e-10,1.104245036890438e-09,0.020153385994680962,0.02013738288188814,0.26016980365948755,2.6541587853607927e-05,7.740808582434844e-16,2.5289180844649106e-15
0.8800,-0.025958904837797194,1.2633275840444528e-05,0.24516409938531963,-0.00019548355400513727,-0.07972191736256735,1.2804470208246488e-05,-0.012178033833428309,4.2568629369580624e-05,-0.020312144154621025,0.0005139223137831725,0.0005196663707639344,0.004054059590383408,2.357916167896539e-06,-6.159284494645881e-10,1.1042450933664096e-09,0.027107206545092962,0.027126134807864896,0.06806430908044461,1.1037280458801813e-05,1.0001254703828058e-15,3.5413541199448735e-15
0.9000,-0.026200828741722516,1.345255422186207e-05,0.24486987715050984,-0.0002081648870126291,-0.08007509780428092,1.369821156431879e-05,-0.01336354285774197,4.4361299516254346e-05,-0.011939360994657628,0.0010423087926239858,0.001049111857899284,0.0019350432153203575,2.3228795112484336e-06,-6.15928428720274e-10,1.104245160886887e-09,0.019737279063719065,0.019767957052384676,-0.004550357045378473,7.426959109166791e-06,1.1458282663212279e-15,3.666546013065533e-15
0.9200,-0.026450342233163254,1.4333179267308387e-05,0.24469440397570935,-0.00022167109677490143,-0.08049470189544167,1.4662464316400149e-05,-0.01265077799055648,4.653254717781263e-05,-0.007438094700532384,0.0013424924284523522,0.001349957044296029,0.0018220322498778733,2.4792132957441226e-06,-6.159284054285305e-10,1.104245229242026e-09,0.01014722058106262,0.01016812046184897,0.05532432281311929,1.3087704071539304e-05,1.2972836865209275e-15,3.8095412681880565e-15
0.9400,-0.026701875796792188,1.5275851900993784e-05,0.24464211995887186,-0.00023606095922297344,-0.08094190539664337,1.569757028296679e-05,-0.012601334556016749,4.811945810033443e-05,-0.00010407798558016881,0.0015055117954394556,0.001513860265728798,0.001095171641750516,2.5891257298791033e-06,-6.159283771806257e-10,1.1042453069266315e-09,0.005417714994772278,0.005479585116480277,-0.10961519821394092,-1.7735243388034934e-06,1.4617412742192176e-15,3.937637637284851e-15
0.9600,-0.02693943786207484,1.6278432351552643e-05,0.24468259728170683,-0.00025138599045558557,-0.08128366833233669,1.6788493989547885e-05,-0.010797364140391213,5.0382418416612054e-05,0.0023425766260627,0.0014822597780910194,0.0014908743757012326,0.002321606665259667,2.8817112248083476e-06,-6.159283501367072e-10,1.104245373699489e-09,-0.0065089439440324795,-0.006542560186681588,0.23096865742792635,3.1954958269525565e-05,1.3759342955635152e-15,3.1323358857594016e-15
0.9800,-0.027079517440288407,1.7333325269068846e-05,0.2446200835816772,-0.00026763800113452883,-0.08072643291222852,1.782685029023866e-05,-0.00685098311140925,5.419529259398703e-05,-0.0019095121085467444,0.0013857693938554394,0.0013944656487951037,0.003918703663779571,3.191887325264039e-06,-6.159283184777637e-10,1.1042454488853902e-09,-0.001589628846864086,-0.0015115694794860235,-0.19896837417142166,-1.411878786582428e-05,1.7688466217734202e-15,4.2686089851608905e-15
1.0000,-0.02724185497368618,1.846129555586897e-05,0.2447109087325016,-0.0002849672889329127,-0.08039264832491777,1.896975949269906e-05,-0.00808980155672943,5.53620598389072e-05,0.007593842170102533,0.001242295366047918,0.0012522487199219587,0.0008709692465540606,3.0243654163611e-06,-6.159282824060266e-10,1.1042455318250834e-09,-0.011066104166256963,-0.010996901976483538,-0.16028611812569504,-8.996343144315884e-06,1.944638569097157e-15,4.418335611115244e-15
1.0200,-0.027424780710392862,1.965960555289243e-05,0.24492021966799585,-0.0003034382376381067,-0.08029079177826713,2.0222074913479426e-05,-0.008022030255048919,5.75207560436849e-05,0.011263059862648066,0.0009232168911424046,0.000933825149316725,0.00018468645222766538,3.1396262162294923e-06,-6.159282435441302e-10,1.1042456156333935e-09,-0.01627121257690354,-0.01622468604472083,-0.06506165196076708,1.4543825026548673e-06,2.124699562475055e-15,4.5846522243745205e-15
1.0400,-0.027602485692002666,2.092471312672535e-05,0.24515723120211244,-0.00032309335499267923,-0.08018819723540709,2.1551817681171932e-05,-0.007201033060506121,6.067823826996753e-05,0.010863638234723744,0.0005592420695045947,0.0005701313885834207,0.0007016391555047742,3.4037229308189264e-06,-6.15928202412906e-10,1.1042456992618886e-09,-0.019984873144484352,-0.020018298419304772,0.16259914022942656,3.036538752569213e-05,1.928421276289026e-15,3.661834392296431e-15
1.0600,-0.027707976742403866,2.2250676208824163e-05,0.24524035726426935,-0.0003439259928635657,-0.07944110953306782,2.2847757384155006e-05,-0.004582845756536774,6.61233213423871e-05,0.003532704270885859,0.00024301678389195027,0.00025389390150700727,0.0018741818155334014,3.722099986971807e-06,-6.159281578539053e-10,1.1042457869000119e-09,-0.009428313708242589,-0.009337583607122177,-0.20283847695316065,-1.982624160881831e-05,2.4915846837982036e-15,4.972863517727164e-15
1.0800,-0.027841242960998897,2.366280617172371e-05,0.24537174382988036,-0.0003660972648145666,-0.0789785269570763,2.4280518445309156e-05,-0.006696985825485463,6.894164207596773e-05,0.008278227319499757,1.6093311776763213e-05,2.82973503095078e-05,-0.0008604109659726161,3.5291333823491313e-06,-6.159281080331103e-10,1.104245882607474e-09,-0.01130034422816145,-0.01121873281846331,-0.15987258671003088,-1.2557333394362627e-05,2.701037720445826e-15,5.167790362845849e-15
1.1000,-0.02802312323110991,2.5166342163670223e-05,0.24557264278712737,-0.00038970803377776824,-0.07900998290260042,2.5901329765597812e-05,-0.008852119466429302,7.213036498822034e-05,0.011598974960153628,-0.00022928154561915762,-0.00021595148933206324,-0.002412819570707276,3.5339349536522304e-06,-6.159280546421126e-10,1.10424598074293e-09,-0.014803533993966788,-0.014823256421255551,0.11430139609444165,3.083969016898078e-05,2.4156502976592237e-15,4.137491673057714e-15
1.1200,-0.02815253660321519,2.6745089979758723e-05,0.24559481976429237,-0.00041472066976804396,-0.0785816747001473,2.751756876668724e-05,-0.005474243468420329,8.079404370100278e-05,-0.0019179744636855258,-0.00046270650811637104,-0.0004501502031775444,0.0009774602640346877,4.3030333252185775e-06,-6.159280005769482e-10,1.1042460749362895e-09,-0.0042794584882914835,-0.004245559921793458,-0.00024781294049094606,9.735294627355694e-06,3.159379953699337e-15,5.658824679731587e-15
1.1400,-0.028296281943975782,2.842781654713612e-05,0.2455862836342538,-0.00044129284988021235,-0.07829940120726167,2.927070870699421e-05,-0.007500174683145934,8.569513037120726e-05,2.281418279469747e-05,-0.0004812362012249875,-0.0004671996740779727,-0.0009766698674473127,4.202272049926193e-06,-6.15927937753968e-10,1.104246183921577e-09,0.0010834919621271104,0.0011935156208324788,-0.16018243414459474,-1.530250832302833e-05,3.410561644976969e-15,5.8947699423540084e-15
1.1600,-0.028496570071957553,3.0229989084447362e-05,0.24564238042447006,-0.0004695788030917071,-0.07856698640702305,3.126943539197179e-05,-0.010925399210102637,8.937303205925874e-05,0.005957324057441018,-0.00046187230605323684,-0.00044584835923624995,-0.0032564421641438713,4.09467475287221e-06,-6.159278654494684e-10,1.104246305258647e-09,0.0007499543549509923,0.0008339197049732489,-0.06854134562017669,3.887981827092358e-06,3.709416044591967e-15,6.165934834923264e-15
1.1800,-0.028697223180157362,3.2140352983671075e-05,0.24564011424962115,-0.0004996156691590713,-0.07886784059603649,3.339591600948883e-05,-0.008828334407901187,9.858666015163439e-05,-0.00355345607547261,-0.0004883586989884374,-0.00047306624686474497,0.00042298366597799355,5.142911588044577e-06,-6.159277986374534e-10,1.1042464105685925e-09,-0.00024146312579789074,-0.0003554748408586584,0.3332268829404846,8.084514258715443e-05,3.2887604247441686e-15,5.06483943733772e-15
1.2000,-0.028837335725015723,3.4162480033476906e-05,0.24545646062746726,-0.0005314192322503771,-0.07859924792894965,3.5502115463765576e-05,-0.00842127594393192,0.00010701379526922912,-0.007021034051072021,-0.0003049658317026147,-0.0002884831137070456,0.0003119652963462958,5.386350018325869e-06,-6.159277204333923e-10,1.1042465338942994e-09,0.010406346634240077,0.01048690186016044,-0.06257173605335639,3.2050021234949218e-06,3.534485953292062e-15,5.309543867667698e-15
1.2200,-0.029042473590537708,3.6341504365821e-05,0.24539707491181204,-0.0005653043919999031,-0.07894378066981346,3.792835387040903e-05,-0.011148289316635097,0.0001115788548276535,-0.00043583692520078935,-0.00011399631193974294,-9.510060626865908e-05,-0.0019368625114960904,5.247263166141121e-06,-6.159276373654649e-10,1.104246662094293e-09,0.007902339492808287,0.0080104862437557,-0.06667542491389279,5.496581275588366e-06,4.667026178495001e-15,7.145533520620546e-15
1.2400,-0.02927557751726377,3.8667833377985145e-05,0.245391501674238,-0.0006013646709141681,-0.07957228094232334,4.059631854786816e-05,-0.01094389899904779,0.00011906499852493786,-0.0013893513829462435,-8.67889454254244e-06,1.0793773500973755e-05,-0.0001923573802417557,6.111464854421588e-06,-6.159275449958819e-10,1.104246798363766e-09,0.0018160336253957863,0.00169985916412382,0.31957831140739945,9.683494364552972e-05,4.14083999429821e-15,5.9035833201701894e-15
1.2600,-0.029447529741751414,4.112774897120195e-05,0.2452550803406017,-0.0006395889545494811,-0.07963499208923387,4.324705954114918e-05,-0.009043887501473403,0.00012917848571452248,-0.00600562342986605,0.0001473732559109632,0.00016747011319547632,0.0012814671144670703,6.820699478552914e-06,-6.1592745179722e-10,1.1042469339382908e-09,0.012087782440961349,0.012239761633533505,-0.11441841355356142,-9.94076212622904e-06,5.4312845250447696e-15,7.926029488769179e-15
1.2800,-0.029634363008737813,4.375851402514828e-05,0.2451804971526282,-0.0006802643502874814,-0.07984455660076097,4.612359780235224e-05,-0.008615178219961968,0.00013715631870340954,-0.005332950350082057,0.0002997803440905606,0.0003212533880102611,0.001385156351629645,7.3029622923870324e-06,-6.159273493017729e-10,1.1042470788809727e-09,0.00260729464973777,0.0025295842746044803,0.22178441263504944,8.151582126763769e-05,4.785563357265557e-15,6.563361846742034e-15
1.3000,-0.02980959211030375,4.656246389345425e-05,0.24511742084202878,-0.0007235042347007265,-0.07994994925192743,4.915241751003118e-05,-0.009468434720704636,0.0001434320295700099,-0.0003883370543423148,0.00043290033167654474,0.00045677312775843225,0.0002100787523521987,7.387031918794313e-06,-6.159272372425593e-10,1.1042472361479623e-09,0.006242484890999246,0.006415458691837633,-0.12500330229168885,-1.1647252097482138e-05,6.2739061247097695e-15,8.754619140629964e-15
1.3200,-0.029978776778266058,4.954576905109741e-05,0.24508427306780053,-0.0007694908354882015,-0.08001314864196649,5.235766066906458e-05,-0.007719820525836923,0.00015358965393926012,-0.0027467373270183876,0.00045957537744870206,0.0004844136177607884,0.001218314262136678,8.208679735049414e-06,-6.159271120534945e-10,1.1042474062621743e-09,0.001626543418152681,0.0017069494831655182,0.006658476694788415,2.5510051032194585e-05,5.5060817694520606e-15,7.265403082217133e-15
1.3400,-0.03015585771232717,5.272615287020722e-05,0.24511394986867086,-0.0008184362872508232,-0.08016486620058061,5.581195181750765e-05,-0.008880661890739116,0.0001593338427046444,0.0033758150763093077,0.0004765815185583997,0.0005039268625244465,0.0002467094334033102,8.446945230600161e-06,-6.159269735941087e-10,1.1042475916825135e-09,-0.004945934931842983,-0.005006621257591536,0.16479725685731866,8.12890154521125e-05,5.936694685111307e-15,7.688318162451732e-15
1.3600,-0.030285910112932822,5.6087478106606585e-05,0.24507772005144665,-0.0008703918330929223,-0.07989045581135641,5.929061184260424e-05,-0.006561777990107602,0.00017185127715706996,-0.0008734642159958931,0.00042175611005065784,0.0004496178199192254,0.0015112370244192825,9.337759265847552e-06,-6.159268412610589e-10,1.1042477655785914e-09,-3.040981778638869e-05,0.00014260606397330315,-0.10219917672827894,-1.0512878291437266e-05,7.779020144509617e-15,1.0271760181247876e-14
1.3800,-0.030399192888201552,5.9659016638582926e-05,0.24503834285651194,-0.0009256081546175042,-0.07946664560169932,6.292030774102478e-05,-0.0054042497109356566,0.00018349382839770635,-0.0022039049593759233,0.00035611259509079414,0.0003853568744814786,0.0015503257538647514,9.883653475704902e-06,-6.159266965329759e-10,1.1042479522954355e-09,-0.0069256088228123935,-0.006998685659200712,0.14432838722738583,8.008096430213957e-05,6.784638192783906e-15,8.571487229301795e-15
1.4000,-0.030508641818774492,6.3460775948151e-05,0.24501347203680143,-0.0009843099664998609,-0.07901191454678659,6.67682721508441e-05,-0.005786195439064058,0.00019346774339889454,0.0001180698076746534,0.00027609993781469767,0.00030804018824586636,0.0003066117381295857,9.958840556318732e-06,-6.159265319433865e-10,1.1042481634309012e-09,-0.003568614649826728,-0.0033413262269279607,-0.14706562358418734,-2.8289244882378843e-05,8.90540625183428e-15,1.140794984790406e-14
1.4200,-0.03067425785906079,6.75276137751734e-05,0.24512600326776804,-0.0010468883143917333,-0.07910477682800858,7.115930305451028e-05,-0.007828162034841192,0.00020027516893803056,0.006336782646647383,0.0001487331859629245,0.0001841850823970749,-0.0014271167645937566,9.940787588684113e-06,-6.159263563015064e-10,1.104248385107451e-09,-0.008957645350496835,-0.008878791149950433,0.02566654368576843,4.4639472331597903e-05,9.530181141860841e-15,1.2012799134879411e-14
1.4400,-0.03088970298047743,7.185800232544648e-05,0.24534859777660986,-0.0011135868825056681,-0.0797042368680465,7.611859999703981e-05,-0.010637890267755846,0.0002053890884905438,0.014103090394631226,1.8843165040063588e-05,5.833646522778215e-05,-0.0029441458731867187,1.0011253240621875e-05,-6.159261632257825e-10,1.1042486258213283e-09,-0.007600826681956142,-0.007483395490370902,0.0025621970861761222,4.0896797694858006e-05,8.202997404060074e-15,9.902814652280531e-15
1.4600,-0.03105334477199487,7.639707752244232e-05,0.24544402711002258,-0.0011843372130668343,-0.07986271358277262,8.10931433892573e-05,-0.006160326227327438,0.00022878576963238686,0.0005959687838497411,-0.00016148011783727561,-0.00012511649227411255,0.0018542698133159786,1.2920742919871052e-05,-6.15925982731564e-10,1.1042488445322828e-09,-0.00373790559371788,-0.0038102606590034306,0.16722609155498253,0.00010720882316958987,1.0873917597516852e-14,1.3362481761825147e-14
1.4800,-0.031124555034244626,8.116601385335035e-05,0.24532135733237953,-0.001259207524554436,-0.07916163887360442,8.581351197792825e-05,-0.0028610476119995403,0.00025315171520179743,-0.009315482659557712,-0.00017259560446224336,-0.00013693704712586748,0.003769058491079331,1.437503276965954e-05,-6.159258068186518e-10,1.104249056729969e-09,0.0023519263070613176,0.002420883935650751,0.01360915005870336,3.3868811619094416e-05,1.1534027313971074e-14,1.4064168937528293e-14
1.5000,-0.03120996579940208,8.627241212140696e-05,0.24522287792677153,-0.0013388035275328058,-0.07858353381836858,9.093458395887817e-05,-0.005037438276378755,0.00026497888314185947,-0.003624901611664963,-9.015726871761406e-05,-4.811470970684716e-05,0.00019192909259980507,1.3302390059551947e-05,-6.159255554147412e-10,1.1042493598565313e-09,0.0015342666362324025,0.0018620036134762775,-0.17190730523420056,-5.088957598081895e-05,1.237014370060116e-14,1.4881826782171814e-14
1.5200,-0.031310751647442195,9.172518502816145e-05,0.2451418945569068,-0.0014234160091601434,-0.0781487001329639,9.648355426437905e-05,-0.005464699670545344,0.00028261546670035247,-0.0036258363063693573,-0.00013042561118029576,-8.525776989014896e-05,-0.0004950178713421152,1.3783824006637378e-05,-6.159253209378254e-10,1.1042496381611612e-09,-0.002596295423276855,-0.0024514418809706206,-0.012381991027469084,3.626468835908744e-05,1.3246231572012178e-14,1.5771750089743283e-14
1.5400,-0.031442212701825505,9.755492778634034e-05,0.24510655528439695,-0.001513424006425398,-0.07800492238238371,0.00010261442612928038,-0.007232037897951913,0.00029730776172712687,-8.521353461610963e-05,-0.00015847825326071555,-0.0001086135806673617,-0.0017582647595866907,1.395338588970753e-05,-6.159250599377484e-10,1.1042499458939989e-09,0.0002111165927520031,0.0005947723504777567,-0.1458266479920325,-3.8911042634211036e-05,1.4116837446188565e-14,1.6622062748569352e-14
1.5600,-0.03163216452135211,0.00010379142298433915,0.24517915647155733,-0.0016093173636550124,-0.07843003287214728,0.00010960433774079872,-0.009726591637493192,0.00030915961902609355,0.005540698258463537,-0.0001909005604582022,-0.00013608813054954446,-0.0025567606431884013,1.4589936746455988e-05,-6.159247692264866e-10,1.1042502845928742e-09,-0.0020771251686923634,-0.0019330317212572804,0.03602165580166839,7.828763219411104e-05,1.514685830917e-14,1.7632986406721993e-14
1.5800,-0.03185215678977747,0.00011042099686402956,0.2452992800964781,-0.001711384334352405,-0.07917050317660619,0.00011730447807673597,-0.010617960861803562,0.0003257988737414101,0.0069773839583171,-0.00019703152592860431,-0.00013908974840027264,-0.0019481904060367743,1.6066756413842456e-05,-6.159244871345099e-10,1.1042506100291445e-09,0.0024738790592898634,0.002763329175658659,-0.028960901725844004,3.693222905712647e-05,1.608743926918496e-14,1.8549489608178302e-14
1.6000,-0.03207263216039907,0.0001174338713956262,0.24541224895891248,-0.0018199147643113258,-0.07995641901275917,0.00012551344801446166,-0.009064701663556975,0.00035099810194354013,0.0022400610449777154,-0.00017857472009514223,-0.00012080250071862333,0.0006794170557854072,1.9153010314700663e-05,-6.159241931374444e-10,1.1042509443440445e-09,-0.0011067885473965697,-0.0015754060349576573,0.38060395153245824,0.0003285072165729065,1.3904035664783973e-14,1.5655533781248204e-14
1.6200,-0.03216220466366167,0.0001247664932186927,0.2452345083056952,-0.0019345965331284477,-0.07952273080789267,0.0001329982188686478,-0.004144805039956651,0.0003934012671853346,-0.01120034979024527,-6.702430379464133e-05,-1.2177909443061754e-05,0.004308515982657146,2.2785222261047636e-05,-6.159238883681902e-10,1.1042512883273262e-09,0.00693549321952423,0.006745825896486095,0.16843033769250912,0.00017549361174276566,1.486082544727759e-14,1.6669147616041324e-14
1.6400,-0.03225201292685037,0.00013262588181430334,0.24507845824840777,-0.0020564968210930712,-0.07907262121830218,0.00014098253863860632,-0.006099857317526989,0.00041017696703478536,-0.004158870879840169,0.000161712189391244,0.00022791553916737088,0.0002524986925054851,2.0696716400152908e-05,-6.159234960092934e-10,1.1042517322580666e-09,0.007972869806880573,0.008685276562933702,-0.2638556372406373,-0.00014703744406379957,1.9631692782908286e-14,2.2135556056309888e-14
1.6600,-0.03242796939993574,0.00014109495818871436,0.245139129806902,-0.0021866279758864667,-0.07944156911035093,0.00015042163408383286,-0.008749389827248297,0.0004214351433934085,0.004609880536698872,0.00019090950223079657,0.00026553267841231766,-0.0018175905581749715,2.045584881350097e-05,-6.159231302966655e-10,1.1042521415410094e-09,-0.004518633448503498,-0.00455198254723853,0.12825424422249393,0.00019080287228532156,1.6883311426425102e-14,1.8635554931882917e-14
1.6800,-0.032605065060041856,0.00015008085815365553,0.2452185768484764,-0.002325037096252241,-0.07984717861785194,0.0001604950095198219,-0.008862589905896414,0.0004443246306259997,0.005953212343994126,0.00014812184196101678,0.0002267180580964408,-0.0010632765909418607,2.262716530349138e-05,-6.159227227348164e-10,1.104252594277626e-09,-0.0017333785501582612,-0.0015569733384710543,0.039140313517558194,0.00011419793489781333,1.7942875104540873e-14,1.9677280096129512e-14
1.7000,-0.032724086948476824,0.0001595444463032236,0.24518477773595512,-0.0024718409693871833,-0.07972894827882201,0.00017050611293725957,-0.004949137813722821,0.0004897006257546185,-0.0041234982240181,9.40921261029474e-05,0.00016962221219009007,0.0023496592586578252,2.7302642630363468e-05,-6.159223187660744e-10,1.1042530385912249e-09,0.002002015397183581,0.0022495244839954593,0.006402353124256169,6.884062397345e-05,2.3794080448351698e-14,2.6303937326888072e-14
1.7200,-0.03279574724039494,0.0001695776890749982,0.24506470970041191,-0.002627580533911689,-0.07916266790992714,0.00018055297134311426,-0.004000418155337152,0.0005247570553955248,-0.005502433307623388,0.00013457185024965405,0.00021486373242003614,0.0020529908531206425,2.8357223831814804e-05,-6.159218791908182e-10,1.10425352051969e-09,-0.0015661596261230502,-0.0017039354942626325,0.11029697554232366,0.00018974959583210798,2.049953563561073e-14,2.2303834397875005e-14
1.7400,-0.03288664521514168,0.0001803130888392924,0.24500559025181814,-0.0027932826602743537,-0.07877192609188452,0.00019151570399942311,-0.0052645229926412615,0.0005497720453495134,-0.0009535236989938236,0.00014432906476503668,0.00023494463108394612,-0.00021038506172152522,2.752110399732139e-05,-6.159213753969597e-10,1.1042540718415362e-09,-0.0013296016395807095,-0.000739753851015845,-0.12704443029993828,-5.227140801491399e-05,2.6996163144570387e-14,2.951019420147083e-14
1.7600,-0.033043772008856914,0.00019182419001404302,0.24510449138993318,-0.002969986995550383,-0.0790175734669499,0.00020416825883261676,-0.008292794814244005,0.0005637540632247044,0.00802994260185767,9.151710973955774e-05,0.00019358192865148377,-0.002448775366854997,2.6702338334307808e-05,-6.159208857915704e-10,1.1042546049262042e-09,-0.0037451939068547336,-0.003006932968277306,-0.1395935764694383,-5.988194779917913e-05,2.850882168683143e-14,3.09851157318658e-14
1.7800,-0.03325660036823106,0.00020408168624652963,0.24532955624848796,-0.00315839033805168,-0.07982739148274373,0.0002185262970368788,-0.0099349660126011,0.0005843849789279945,0.0126714580840631,-3.409782413770784e-05,7.617889103132479e-05,-0.0026381633870106325,2.8790805827864374e-05,-6.159203008285672e-10,1.1042552371342048e-09,-0.008647603886241901,-0.008890620762783534,0.19677855918582174,0.0003571209508200892,2.4517060338282923e-14,2.6235564827385705e-14
1.8000,-0.033355173391077735,0.00021684950993608728,0.24529303242143766,-0.003357663976477625,-0.07959658487295312,0.00023189283318668502,-0.003354620248781888,0.0006663131788189743,-0.0063156730087360734,-0.000160157416872954,-6.24603988516791e-05,0.0035516265857472853,3.865988721449485e-05,-6.159197477080498e-10,1.1042558293632935e-09,0.0006197748907428422,0.0003894125550263126,0.15601313602981087,0.000280608707072339,2.624961202178297e-14,2.8039904247231448e-14
1.8200,-0.03339971497557852,0.00023039695820039743,0.2451382986361668,-0.003568916246031472,-0.07884540817556486,0.0002451821768879349,-0.003889932716180935,0.0007075373314780874,-0.00438252884357771,-4.940991118742693e-05,6.060565441695906e-05,0.001351498154623254,3.7180738869878935e-05,-6.159191132853223e-10,1.104256510050991e-09,0.005337176857872548,0.006356502954641683,-0.23381861374598248,-0.00022579263829342291,3.46313960581518e-14,3.715229485818858e-14
1.8400,-0.03352520498249055,0.00024499674215335953,0.24516925053273209,-0.0037942702558173844,-0.07885584247498548,0.00026085247975395185,-0.007082600346137918,0.0007275951609841188,0.0046985724351764156,-2.8132443749432386e-05,9.951972542984599e-05,-0.0020155303288580226,3.456809094528349e-05,-6.159184553266968e-10,1.1042572134365252e-09,-0.0025027227598280696,-0.001773561133174966,-0.09982103054586688,-1.6162360957741546e-05,3.675235978181299e-14,3.924439169900734e-14
1.8600,-0.033714112556895694,0.0002605980496368101,0.2453365160033832,-0.004034544563461267,-0.07949082022191443,0.00027881559069297703,-0.00943549271387863,0.0007521031385365276,0.010898604337390674,-0.0001069161685102523,3.448287936103373e-05,-0.0031024172514386114,3.578508305557073e-05,-6.159176791459209e-10,1.1042580393744697e-09,-0.002892653698114037,-0.0020374679418985854,-0.08119053724630494,1.397668450720736e-05,3.9145193976488496e-14,4.159595167222904e-14
1.8800,-0.033902885762062046,0.0002770697336654887,0.24549504803886843,-0.004290048143738536,-0.08017033128910549,0.00029794193363768103,-0.007317014472476296,0.0008148289110885707,0.004354525644292259,-0.00022109857453106766,-8.49795716692225e-05,0.0007517626202994652,4.5232161173014174e-05,-6.15916939501769e-10,1.1042588202827121e-09,-0.005099649685794368,-0.006224372353876306,0.3795987286366282,0.0007666211926627888,3.3738453925156314e-14,3.549002996865169e-14
1.9000,-0.03393859195146016,0.00029422788052360914,0.24530414646293,-0.0045597193839727245,-0.07942041681446892,0.0003148290196668737,-0.0012807542830129538,0.0009270849723418608,-0.012911749909928919,-0.00019416721623207096,-6.871185912135499e-05,0.004893866702709617,5.4385151425721634e-05,-6.159162521066277e-10,1.1042595438467026e-09,0.004444482020243096,0.004020370789524203,0.14953635607856994,0.0003657713896059682,3.5901816730025266e-14,3.772441479208202e-14
1.9200,-0.0339580385321094,0.000312590128329571,0.24508282261337908,-0.004846021167338907,-0.07848944389117632,0.0003324132330979715,-0.0022514105923929304,0.0009820559835226205,-0.009681679129082788,-4.076081165364625e-05,0.00010581931447332981,0.001546409323301625,5.0613444884115466e-05,-6.159153386758654e-10,1.104260506444353e-09,0.003375236911451493,0.0042531198788228275,-0.12666675567420616,-0.00010148965018456159,4.761294169260827e-14,5.0167816678225313e-14
1.9400,-0.03403458268389862,0.0003323720187887345,0.2449910501617944,-0.005150994738383002,-0.07807902471499813,0.0003525590095241073,-0.004925364271086389,0.0010201672349549507,-0.0022101514745480532,-2.7897089124268123e-05,0.00014133895558093715,-0.0014788135652591399,4.785183023705728e-05,-6.159144037835517e-10,1.1042614884961615e-09,-0.0041250149704958935,-0.0036674240340378575,-0.0015478721144026588,0.00017236504493939824,5.0740227991452613e-14,5.32801274345622e-14
1.9600,-0.034112067941721606,0.00035344447787892514,0.24488981857245973,-0.005475005439711163,-0.07767308689273067,0.0003739674354575116,-0.004904844187365396,0.001091067957953929,-0.0030916128788550396,-9.999824781731566e-05,7.750713453216388e-05,-0.0011309539698368524,5.162737168627482e-05,-6.159134886452388e-10,1.1042624463001674e-09,-0.0013948145364388416,-0.00028288928418658776,-0.10502797160623513,-5.662503207250708e-05,5.381604856842179e-14,5.6360711724826734e-14
1.9800,-0.034252116760095874,0.00037604049674363804,0.2449164503584824,-0.005820274890513792,-0.07786129986608822,0.000398535958558368,-0.007734397627414883,0.0011292665437764846,0.004096793197667721,-0.00014249343329653124,5.602757533959315e-05,-0.0027261436068043497,5.1789802177906066e-05,-6.159124305886152e-10,1.104263551346825e-09,-0.003635288473592628,-0.0030218559475189933,0.003811636043927496,0.0002125249989992145,4.614673443717465e-14,4.7935464733868394e-14
2.0000,-0.0344179770452192,0.0004000661176787669,0.2449868811108454,-0.006187675503962554,-0.07831454100882418,0.00042545271655790247,-0.008323438892406127,0.0011935329305319878,0.004920857192034346,-0.00019758119574498468,1.1283621714415529e-05,-0.0019741209391082736,5.754733480173902e-05,-6.159113263529413e-10,1.104264700826506e-09,-0.000668204895866334,7.375774359795424e-05,0.0025885312710858923,0.00021155372747643802,4.904183206451765e-14,5.081621023495311e-14
2.0200,-0.03461730103620369,0.000425619304098165,0.24512592546746106,-0.006578902867309092,-0.0791126447208474,0.00045522350601319347,-0.010019495483078353,0.001241504291419835,0.009507373590089834,-0.0001829547718809974,4.3757095729123265e-05,-0.0021864384322913557,6.122862037029256e-05,-6.159101162711152e-10,1.1042659578938116e-09,0.003112886044941132,0.004715634753126546,-0.10973806818224215,-5.891707370831241e-05,6.4660733364863e-14,6.71331615515261e-14
2.0400,-0.03484986402521439,0.00045272628726003426,0.24534468287795394,-0.006995706827739609,-0.08027018909577015,0.00048812205277263903,-0.010203934628068085,0.0013041099901011349,0.010516809627066493,-0.00016917250025460078,6.486033496958198e-05,-0.0004989452147720621,7.100501645615788e-05,-6.15908843282619e-10,1.104267275174331e-09,-0.002032489954218998,-0.0036615789433788563,0.3623835090428165,0.0012368134640565857,5.565386611847481e-14,5.739153049284448e-14
2.0600,-0.03497929028199993,0.0004810592986526391,0.24534634617269305,-0.007436996256492375,-0.08048965442948539,0.0005193954277897439,-0.006151559340326917,0.0014395186843060089,0.00019230299169252388,-8.630985711912381e-05,0.00014335109501000993,0.0024527373391371532,8.307743910912974e-05,-6.159076268795285e-10,1.1042685315513864e-09,0.007640474269962903,0.00819215892214102,0.01664485494793476,0.00025730314817648233,5.878490646734139e-14,6.05385086136466e-14
2.0800,-0.03503727771156991,0.000510966898812184,0.24521745569727743,-0.007904777309979967,-0.08004334501563447,0.0005498997718101123,-0.0018825984672433001,0.0015918792180725308,-0.010054668733352064,2.096846385447237e-05,0.0002468320543096832,0.004525545278851234,9.361676044337673e-05,-6.159063339669878e-10,1.1042698637385951e-09,0.0039829144640199715,0.003172105211532941,0.16939518499606254,0.0007226859596378931,6.298565456090005e-14,6.480070386533088e-14
2.1000,-0.035035715962932194,0.0005427723968404438,0.244986186146415,-0.00840069733260395,-0.0790119958874114,0.0005799018205650195,-0.0010600830226424442,0.0017058872708168402,-0.010395651027241283,0.00013768578004211903,0.0003883624626035951,0.0026953559638879564,9.170430332881344e-05,-6.159048438532913e-10,1.1042713991834623e-09,0.002715679115896246,0.003985554972272846,-0.10521269285085406,-0.00011052041917885983,6.698686202087634e-14,6.881691397286893e-14
2.1200,-0.03507205814148127,0.000576990615456585,0.24486454829308316,-0.008928708886281167,-0.07831505908678911,0.0006134775340776748,-0.0028013711834653883,0.0017802840541007406,-0.004202282431626896,0.0001259226058767791,0.00041309023288697665,-0.0002592114889145376,8.689194944597344e-05,-6.159032249005574e-10,1.1042730649528592e-09,-0.005486626305154893,-0.004580342325270863,-0.030153175200814127,0.00018291348748238818,7.140250576128521e-14,7.3229535499722e-14
2.1400,-0.035153705113196376,0.0006136586916865354,0.24485205909659574,-0.009491057384714374,-0.07804109167157716,0.0006512937569554801,-0.004545805219841867,0.0018581868775504953,0.0009151645467497697,2.3478572902527977e-07,0.0003180159524718463,-0.0017915278814297979,8.725848961092483e-05,-6.159014837630633e-10,1.1042748534745693e-09,-0.007229596602044371,-0.005637021714267476,-0.0696833481857978,4.985439897895964e-05,9.41738684647267e-14,9.671779978466521e-14
2.1600,-0.03531033398535576,0.0006529138132476492,0.2450037672139452,-0.0100909021459592,-0.07849290182890895,0.0006952913421179398,-0.007653918346759105,0.0019057443974772267,0.009289977681153,-0.00015158061488643773,0.00020139428317206723,-0.003189291000701491,8.869600811812876e-05,-6.158995989425707e-10,1.104276786479595e-09,-0.007873455776526055,-0.006354550651006181,-0.02377238993192935,0.000253159887875756,9.991088360285227e-14,1.024154177263481e-13
2.1800,-0.03550615801301182,0.0006945538173559301,0.2452325537468541,-0.010729886344498358,-0.07935634129179607,0.0007442363738936998,-0.00871887055711503,0.0019923909550048345,0.011631324962434828,-0.00029635505160203817,7.103246938698766e-05,-0.002057806600646886,0.00010072678727490142,-6.158977004542325e-10,1.1042787288556783e-09,-0.008600834994384122,-0.01067703330034388,0.3146359404449457,0.0016933894050027711,8.551110665909467e-14,8.727040086680543e-14
2.2000,-0.03564562088020089,0.0007382104548890525,0.2453248133870145,-0.011407607982079938,-0.07972929395872431,0.0007931665980906359,-0.005634923973267911,0.0021850861842935714,0.0024058702382891996,-0.00035672330610837376,-2.1210633051898185e-06,0.0014641430789683278,0.00012276204785454279,-6.15895767908814e-10,1.1042807025349008e-09,-0.001674958763709099,-0.003940623852648536,0.29627410084104894,0.0016448883140509683,9.087671479050818e-14,9.266182656245125e-14
2.2200,-0.035683838685553186,0.0007840501679403771,0.2451876573874944,-0.012124637809456891,-0.079154622651749,0.0008391612188289338,-0.0023628761750043087,0.0024127980158600293,-0.006805314255088292,-0.0002824594252956494,7.435592396177959e-05,0.0029822990084194907,0.0001351760082600051,-6.158936833605003e-10,1.1042828299351396e-09,0.006316784584643615,0.008347569891608883,-0.10534033909462012,-0.00019694827711217705,9.637099061474141e-14,9.818525387259719e-14
2.2400,-0.03569989976484555,0.0008329256894919612,0.24500476261792442,-0.012885740468277876,-0.07835332254494905,0.0008866394417652672,-0.0017802111374744787,0.0025932176625914024,-0.00822606042430167,-0.0002034857667747668,0.00018397718835592598,0.0017190676592346416,0.00013550815474055037,-6.158914413962633e-10,1.1042851160114297e-09,0.0025050512604717842,0.004681033718374556,-0.10827017465642082,-0.00018628904077919094,1.279034116032779e-13,1.3048489697596588e-13
2.2600,-0.03575931177726223,0.0008854318974902915,0.24491876968626092,-0.013696002918939824,-0.07794579079319852,0.0009400406890980547,-0.003640932885342254,0.0027154719724994626,-0.0031299067886184097,-0.00019720959272054138,0.00024077562087483094,-0.0007763823867109962,0.0001298555340140504,-6.158892006993773e-10,1.1042873993124331e-09,-0.0027175536570009646,-0.0009333380181904298,-0.04827855130956414,0.0001826192292460518,1.353261578317111e-13,1.3789799380506396e-13
2.2800,-0.0358541833690721,0.0009415875775162227,0.24490260764449173,-0.014558338003074479,-0.07787124178144046,0.0009993589862049698,-0.005709741172472923,0.002835749746642479,0.002041164669839424,-0.0002656349548871804,0.00022264060201855786,-0.002171646779184842,0.00013187785476078776,-6.158862794818424e-10,1.1042903726210036e-09,-0.0032662667599317927,-0.0003636064180209101,-0.09619357037627957,-6.084787088863667e-05,1.446102623498674e-13,1.471638566216682e-13
2.3000,-0.036022630239019165,0.0010016861796941282,0.24503988830947576,-0.015477998978718438,-0.07851092341851873,0.0010681203868384097,-0.008109733708876193,0.0029355099598975284,0.008045884688215139,-0.00035145776423549347,0.00018198240113126175,-0.002825907505142118,0.00013877335144395962,-6.158834412198007e-10,1.1042932578762975e-09,-0.004917376013082307,-0.004166389638199981,0.08258181982482954,0.00104338773926299,1.5383175419256268e-13,1.5636073707504805e-13
2.3200,-0.03624405108128805,0.0010656114775400517,0.24528656985442937,-0.01645835387442378,-0.07969070835252058,0.0011457672925584146,-0.010546331696889871,0.003020931449117893,0.014544768421559866,-0.0003985180212984505,0.00018368718087882302,-0.003077903136137416,0.00014850255183277846,-6.158803359128006e-10,1.1042964116910991e-09,-0.0010783911549254353,0.0016291549541015261,-0.016135739755964686,0.00048319215727481813,1.6283610744516341e-13,1.653139701952161e-13
2.3400,-0.03641111993432527,0.001132558767656206,0.24540959178344723,-0.01749855267652722,-0.08040867554631985,0.0012237412928746713,-0.006124091687001284,0.0033490888529207835,0.002049118520043004,-0.0004159515697682217,0.0001234016941748704,0.002095406212026206,0.00019445751175510808,-6.158774979652044e-10,1.1042992877091534e-09,0.00212131573760383,-0.001904117573232284,0.34882803028182463,0.002874918050480316,1.3960881062313746e-13,1.4139595527415394e-13
2.3600,-0.03644175376651764,0.0012025508564618994,0.24523835275793282,-0.018597665850077365,-0.07985011621033626,0.0012942170222693195,-0.0012112999976645177,0.003748053536124652,-0.010845024349062786,-0.0002783034619771918,0.00024339929607454194,0.004884786406454068,0.00022261984173972064,-6.158744030608262e-10,1.1043024233831652e-09,0.008353446772277852,0.008406701683955109,0.05408040536546676,0.0008306720842433175,1.4845519561920706e-13,1.5029638774852194e-13
2.3800,-0.03644970906998738,0.0012773823524501757,0.24504071267416921,-0.019764651678389023,-0.07905152721605024,0.001367068183226851,-0.0019525247100853165,0.003957628153117803,-0.007123178714868067,-0.00012670457005715667,0.0004805873088393623,0.0015906737896590204,0.0002079924775051518,-6.158706535552102e-10,1.1043062220697372e-09,0.001956057888485712,0.004072111361127385,-0.05969568332973368,0.00015542535213411906,1.5847460605074304e-13,1.6032252023352733e-13
2.4000,-0.036485517945628765,0.0013576450876293387,0.24492394372258167,-0.021006456499330174,-0.07849946503754728,0.0014473606996600779,-0.0020516530704363816,0.004202401099143322,-0.005971353286801495,-0.0001538802943323357,0.0005019250276275473,0.0005561897747346301,0.00021216507373130524,-6.158671080914829e-10,1.1043098108357672e-09,-0.00410218572232661,-0.003127838062940994,0.03953852603526589,0.0009633682915854032,2.096157720055808e-13,2.12222546393942e-13
2.4200,-0.03654299697304569,0.0014434996211636804,0.2448617018571253,-0.022327414444990423,-0.078141430352703,0.0015351373613528005,-0.003931493010526976,0.004387366464815998,-0.00038411216255608175,-0.000232698851059026,0.0005043726474460047,-0.0013692176415318054,0.00020877777251929167,-6.158629527362507e-10,1.1043140151815418e-09,-0.0046594373521782915,0.0014609858042259932,-0.17658447168437785,-0.00083698905731774,2.2235772251244512e-13,2.2494094260860908e-13
2.4400,-0.03670457857884559,0.0015358659269159361,0.24503356535664736,-0.023738399307778935,-0.07877954093788417,0.001640867572623704,-0.008368736136120668,0.004430219283453936,0.012060487288373736,-0.00037631957529279475,0.0004759099096837227,-0.004001611000584378,0.00020236664423319573,-6.158582215072516e-10,1.1043187985421256e-09,-0.008940094972305922,-0.0071476457004243325,0.052587529680504945,0.0013880572789163907,2.369657746935372e-13,2.3950259093671877e-13
2.4600,-0.03691139803796093,0.0016338611214897728,0.24530042574633878,-0.025242168891845343,-0.07988987588658647,0.0017592046772630656,-0.00970841144124968,0.004605741778276763,0.015501315802130478,-0.0005113163558117882,0.0003826208557723914,-0.0030121327111633824,0.000228610927325139,-6.158537794977202e-10,1.104323285450719e-09,-0.005184099638534175,-0.002960299887768687,0.05642750585831583,0.001444980154904164,2.503769760964225e-13,2.5288310941812275e-13
2.4800,-0.03705785385361076,0.0017363695853892893,0.2454286428758319,-0.026837306813205387,-0.08048166900361318,0.0018772032641551416,-0.0050630827492033435,0.005121378151932933,0.0022396044212673683,-0.0005654269998311855,0.0002593378159053406,0.0021939791266362423,0.0002987813957497372,-6.158493710422672e-10,1.104327733173102e-09,0.001441858557937032,-0.002251931938793033,0.25773396063529147,0.003402528136811347,2.6712860439273567e-13,2.6968883940284294e-13
2.5000,-0.03709213189523742,0.0018437729757258378,0.2453128554273959,-0.028524616894032427,-0.08002859106751525,0.0019870538766614603,-0.00091749080167213,0.0056866619856132455,-0.008807141419267538,-0.00047173030376445555,0.0003341337557424783,0.004534963714530504,0.00033779772010419733,-6.158446370617256e-10,1.1043325081911298e-09,0.00537782959940801,0.002494581585831048,0.15582544354479505,0.002424629680198653,2.275220485105367e-13,2.2938262075368476e-13
2.5200,-0.0370609558220298,0.0019578219633576205,0.24506429489649983,-0.03031217953527303,-0.07893347436566006,0.0020940746759013666,0.0004636193596230617,0.006157344867543098,-0.011767211055046585,-0.00037252384525477756,0.0005101809651620892,0.0029591236032399117,0.0003330720872723086,-6.158392424364679e-10,1.1043379493916261e-09,0.002874308525257058,0.011464131802860622,-0.23636770953024547,-0.0020263982542015613,3.009907319044547e-13,3.036240421409875e-13
2.5400,-0.03707823806924747,0.0020807361746434322,0.24493409783856035,-0.03221552073610686,-0.07826728383923988,0.0022155503478333703,-0.0019424053787459358,0.006408349102220478,-0.004541535409397949,-0.00040520116585596893,0.0006261982821616402,-0.0006624409148317409,0.000307378870861792,-6.158333290392272e-10,1.1043439116846228e-09,-0.005193058272879249,0.002696658072740304,-0.1680365381832238,-0.0010946480199457206,3.1989645307706205e-13,3.225229328399082e-13
2.5600,-0.03714296590441826,0.0022124412281527197,0.24490448947082644,-0.03424198899035351,-0.0780420179265756,0.002352592407277031,-0.0036688075477607045,0.006711924935510249,-0.0002300616456630216,-0.000549079769825857,0.0005750769854293594,-0.0017121066188004774,0.0003158993587694611,-6.158272382246881e-10,1.104350049037022e-09,-0.008137194910529501,-0.009305950647344118,0.12534242944035032,0.002835338931928856,2.74171364864767e-13,2.760559250809813e-13
2.5800,-0.03719672974873618,0.0023521542080149824,0.24483185402742627,-0.03639357135459118,-0.077715186524221,0.0024960221182480417,-0.002451594092997541,0.007266560557830463,-0.004888341648209841,-0.0006807656908336615,0.0004607887192644233,-0.0001788810513961641,0.00035864760039521946,-6.158208133901196e-10,1.1043565200167524e-09,-0.00457083624514375,0.0028219128884944965,-0.09626419229478943,-0.00038558172787364674,3.619462585549571e-13,3.645961028746203e-13
2.6000,-0.03727145260530567,0.002501178644596251,0.24478687005092228,-0.038681240930711396,-0.07758291621382278,0.0026524160248250503,-0.004105374360183626,0.007635794644518872,-0.0013325106161130708,-0.0007624581588511498,0.0004829962030782214,-0.0010855577504665583,0.0003678699945520383,-6.15813920189591e-10,1.104363460236744e-09,-0.0039078130355683,-0.001251477136192312,0.024301684388453888,0.0015787050311114829,3.0985446413528406e-13,3.1175772683897374e-13
2.6200,-0.03737908193217356,0.0026601498606858313,0.24479615900510796,-0.041115258289192956,-0.07776543307159556,0.0028253243108130564,-0.006183880226162454,0.007974327245518508,0.003424062029146591,-0.0008351148946062187,0.0005359204603133901,-0.002102006639561038,0.0003767262181591691,-6.158063468725088e-10,1.1043710827734061e-09,-0.003809507552352429,0.004222890559602059,-0.07786169827638918,8.025024805897417e-05,4.100460205755385e-13,4.1268345078032675e-13
2.6400,-0.03755137035802675,0.002829936370587976,0.24493528180507348,-0.043710187737303584,-0.0785800764957507,0.0030233319123480376,-0.008490905796573913,0.008262386914299232,0.009098485135559869,-0.0009092951787753852,0.0006004342521951202,-0.0028060128275109028,0.000394196613921945,-6.1579821474337e-10,1.1043792643115895e-09,-0.0032228288907263504,0.004512237041920341,-0.036702421658468244,0.0008796098197666274,4.351570102520408e-13,4.377641912162167e-13
2.6600,-0.037781245041111244,0.003010494232288581,0.24519661650047733,-0.04647747157365886,-0.07998104933997927,0.0032477492106387103,-0.01065446084542287,0.008509158848632202,0.01507025867338348,-0.0009560386841797259,0.0006815918259538629,-0.0027531041269708003,0.0004282397453056235,-6.157895985463674e-10,1.1043879291384205e-09,-0.000730375455475158,3.835847157472729e-05,0.13188712344128964,0.0041120735036744285,4.622132754664166e-13,4.647889061473731e-13
2.6800,-0.037935155314328686,0.0031990504981732584,0.24529085624544755,-0.049410994893288575,-0.0807151559487225,0.0034681805303984604,-0.0056162043519565556,0.00948168871916184,0.0012669520875203955,-0.000882068372891079,0.0006226859986954616,0.0026335716050716745,0.0005613372238001453,-6.157815559229423e-10,1.104396012244491e-09,0.009463330010565074,-0.001250847707192927,0.2634765405678553,0.006682176818874715,3.502536802257872e-13,3.521179116512674e-13
2.7000,-0.03795129038860781,0.0033921207970443747,0.2451002809265525,-0.052471498026473676,-0.08015697595568141,0.0036642092380818245,-0.0003174878572078393,0.010284402820463277,-0.011789802297070042,-0.00035069781480734705,0.00046247277463910174,0.005502083128756229,0.0006862692639947506,-6.157769607130415e-10,1.1044006502944583e-09,0.03955570258992135,-0.011043548171549412,-0.055422441329165954,0.00391290217941738,1.6476227391974685e-13,1.6748082955209131e-13
2.7200,-0.0379301956955544,0.0035823953581150415,0.24487349856167662,-0.055564610026158104,-0.07921619427428184,0.0038511862049277956,-0.0006901575605398474,0.009876654203999163,-0.007516559345686085,0.0005150563766624759,0.0001193050909596379,0.002499540797885732,0.0007424563212733438,-6.157771641367103e-10,1.1044004944096957e-09,0.04628790673596066,-0.021471550860092416,-0.2956679567731627,0.0008620683581195789,-1.0369577917689055e-13,-1.009496983618921e-13
2.7400,-0.037939293227430435,0.003759564894548744,0.2447645393983492,-0.05858747638594252,-0.07854021532061181,0.004038664667791363,-0.0008418471974404543,0.008874698359465433,-0.004235509938923521,0.0014745981552769828,-0.0006908221500381735,0.0006441632720219727,0.0008618181509105112,-6.157834694693226e-10,1.1043942395319357e-09,0.044991404030514937,-0.05040514914579753,0.07496377493463757,0.009326206081694065,-4.878763408891484e-13,-4.85849967028773e-13
2.7600,-0.03797704593408947,0.0039128074882185246,0.24476026378266633,-0.061436052527515106,-0.07812739537361922,0.0042198433995824566,-0.00265784911725082,0.0071513353443207126,0.0031803511379074876,0.0023083195753560884,-0.0015891246013578569,-0.001400597683091468,0.000964327547022653,-6.157945390471401e-10,1.1043832255192631e-09,0.0351205557825481,-0.04188495014283882,-0.1205888462849538,0.003848821085211536,-6.172391157216461e-13,-6.144515235159687e-13
2.7800,-0.03809048470401156,0.004033793477694309,0.2449580949617808,-0.06402771484757229,-0.07844813633777346,0.0044041014969977525,-0.005393819172291778,0.004823531928613995,0.012540796778955463,0.002913511678568429,-0.0024292062432643385,-0.0029512122793451585,0.0010473407609516636,-6.158093149209153e-10,1.104368502841108e-09,0.025615744128932607,-0.038792191070706986,-0.07507518434244946,0.0033818619009310194,-8.06764485945799e-13,-8.040013967092197e-13
2.8000,-0.038233822349657914,0.004113151547011517,0.24524431081320622,-0.06628038586586994,-0.07909638158791062,0.004572415016291542,-0.006174660252887818,0.002405842931735724,0.015792178650594683,0.003366766119809184,-0.003192938665077378,-0.002075713395618003,0.001153162098028061,-6.158270362597432e-10,1.1043508285893975e-09,0.022321618255463156,-0.03937842695260232,0.11955127966091714,0.0066941824376794455,-1.0818995439115797e-12,-1.0799143697337588e-12
2.8200,-0.03830838814425502,0.004142653866973713,0.24539004406391163,-0.06811457724278383,-0.07914132157637774,0.0046869058669765425,-0.002302832915110705,0.0004778626897201686,0.0054482461190742066,0.003809948903541995,-0.003925088922305251,0.0018133885715446664,0.0013096085892347798,-6.158492172448734e-10,1.1043286925561568e-09,0.020275817639297436,-0.027742362149643682,0.1309250224028981,0.0054509735016684616,-1.2060250801498862e-12,-1.2039919842360414e-12
2.8400,-0.038285432053278716,0.004119597875463788,0.2453279041193249,-0.0694741241034602,-0.07828181621422158,0.004733749528124714,0.0024016552249288485,-0.001335377449154714,-0.007468835279650844,0.00416713064086313,-0.004392389146002436,0.004421562772121778,0.0014051652345689572,-6.158737640968377e-10,1.1043041901356653e-09,0.014324355269944019,-0.016001007534289943,0.06894315378045007,0.002539902451684064,-1.1559750552614378e-12,-1.1530919448443644e-12
2.8600,-0.03823389088321692,0.004046717888892365,0.24520602905889174,-0.07033481230921809,-0.07713308806604263,0.004736134024527779,0.0012764162273768483,-0.003935949707740425,-0.004281849411822687,0.004273168940248873,-0.004422677938920331,0.0010960375239643173,0.0013110596781139496,-6.158983363776798e-10,1.1042796709102567e-09,-0.0038336205335720336,0.006803524621070788,-0.3054225305027236,-0.009410229617972323,-1.2070210282655314e-12,-1.2041459409445343e-12
2.8800,-0.03828897918574881,0.003928229272511101,0.24531438001179617,-0.0707065622643411,-0.07698759776530534,0.00474182345619556,-0.0030577933166123887,-0.006996850878189112,0.006737990484599808,0.00404002835202174,-0.004359610484795099,-0.003096654374503937,0.0011526999408680231,-6.159229054265152e-10,1.1042551565739494e-09,-0.017852423569313644,0.002194280544328521,-0.13021374409015055,-0.006712563709799986,-1.19994595856876e-12,-1.1971116372494484e-12
2.9000,-0.0384332414159816,0.003763791835922186,0.24559172459181666,-0.07059263669331424,-0.07771550766636366,0.0047439712991339845,-0.007060417548486306,-0.00987916919786962,0.015687010472795804,0.0035956163779426627,-0.004258335808305286,-0.004720712125920704,0.0010240170026449397,-6.159468182296765e-10,1.1042312975290014e-09,-0.024236684402969853,0.0051062548147679755,0.01851887877278351,-0.004586124296286372,-1.2839510270951093e-12,-1.281951324608177e-12
2.9200,-0.03854101252813654,0.0035521905117460377,0.24574231695055576,-0.0699930517058326,-0.07814430184164962,0.004697738671984959,-0.004252340453875542,-0.011479658797388692,0.004802615417109199,0.003158943599155832,-0.00419440882836908,-7.641108258997373e-05,0.0010385280913367035,-6.159718873767386e-10,1.104206275476863e-09,-0.020899167056852484,0.015499000753522632,0.13585936502189963,-0.0020082469619952703,-1.0462737447258785e-12,-1.0434667453013136e-12
2.9400,-0.03855484657137792,0.003298966273389192,0.24563978959207827,-0.06893196800263554,-0.07769951093905975,0.00458757278519144,-0.0003226456450635973,-0.012540928241970265,-0.008846851415111165,0.0027715997671039438,-0.0037848195309754117,0.0028858707136975793,0.001002132810987326,-6.159937051395043e-10,1.1041845026940677e-09,-0.02267940524991212,0.036686706213249376,-0.07353555888956666,-0.008127533701249851,-9.322638147568618e-13,-9.294204945595186e-13
2.9600,-0.038589193793678846,0.003016557214186074,0.24555154039737445,-0.06747741538046798,-0.07743220677748489,0.004460125498458297,-0.003075058194491688,-0.014230875866261098,-0.002973691319433712,0.002214997114577726,-0.0029180571994260615,-0.0008825558634496452,0.0007608699403970223,-6.160114617331172e-10,1.104166799460657e-09,-0.03309181296837156,0.046278731473108785,-0.24185288010127076,-0.014290792827943223,-7.902023219791277e-13,-7.874045382730288e-13
2.9800,-0.03868093918012633,0.0027125842882874014,0.245559780957402,-0.06569651905129097,-0.07770624292968031,0.004330769710221878,-0.004823604907383989,-0.0154423795780125,-0.00019343133766411483,0.001568796117612288,-0.0022077852528630164,-0.001879602169756515,0.0005769378416118109,-6.160257726439721e-10,1.104152536095645e-09,-0.03637539282302345,0.04001753067714327,-0.06197838314596757,-0.01020121712274495,-6.260829528426104e-13,-6.233109731482167e-13
3.0000,-0.03880767149437379,0.0023935628828962463,0.2456135323162522,-0.06365662943365129,-0.07832433187053978,0.004194937271568931,-0.005692139043415983,-0.016155991976717122,0.0002679070409081252,0.0008437799145858426,-0.0014695817115866182,-0.0011594802924991127,0.00041678211558620427,-6.160375696829037e-10,1.104140786290523e-09,-0.032471874120656476,0.02510147363485405,0.31537190439348134,-0.0006767052683162879,-5.575567134721848e-13,-5.555739245391433e-13
3.0200,-0.038842010107973,0.00203668121357476,0.24546065683533544,-0.061238635582765016,-0.07802303744659306,0.004122857676174971,-0.002307332873611825,-0.01740059806260777,-0.009504244057532741,0.13727615548301877,-0.1380120412880657,0.10490072959047768,0.14610850853920504,-6.160543089965947e-10,1.1041240930119482e-09,6.671165997759603,-6.6868634788274,4.858851550743549,8.700000000279648,1.512740535050336e-14,1.7896403488922713e-14
3.0400,-0.03893110424967257,0.0016914708082051491,0.2453794609691707,-0.05878546301610193,-0.07819195399621857,0.004058696703611852,-0.005366463457824091,-0.016757873313612948,-0.0037668422715351492,0.23212794795785224,-0.23339197425606636,0.16829286213721928,0.30153082772617223,-6.160527382362008e-10,1.104125714671837e-09,3.2943342248415046,-3.3296532820294815,2.0429288782422783,5.932540301370703,1.7216265847837253e-13,1.7488091595511956e-13
3.0600,-0.039067866207467404,0.0013715865061851543,0.2453832537747677,-0.0563892355008166,-0.0788405896231301,0.0039568949360435784,-0.007667818334248068,-0.015765550487920717,0.001994443197693543,0.27770868323209985,-0.27961043164413535,0.193894569221898,0.380216211603254,-6.160486900192391e-10,1.1041298136315615e-09,1.5561280494264464,-1.582652067034888,0.7455419774468465,2.4991064276613026,2.771005538741711e-13,2.7976058969425566e-13
3.0800,-0.03915232162757005,0.0010757327010454138,0.24526321116514432,-0.05408443307431825,-0.07903102196864281,0.003815954853584625,-0.003569076135766199,-0.01396908199911417,-0.009757748148805147,0.2989015542368178,-0.3011773926993572,0.20806338687443743,0.4107674490717343,-6.160433790670672e-10,1.1041351659372373e-09,0.7127655947396827,-0.7183936730582882,0.41973933285544257,0.9219978470778063,4.0864929712683407e-13,4.11345057408502e-13
3.1000,-0.03921009849444885,0.0008088663751857912,0.2450930312079345,-0.05193024609502318,-0.07896830299743417,0.003669824286306852,-0.003787526762786711,-0.0125180270401791,-0.008118619161294995,0.3084173976170411,-0.3106425707425057,0.21091272087649074,0.4222505596271891,-6.160344223013993e-10,1.1041441701889e-09,0.3031400235026972,-0.29869615713643516,0.13119683654079767,0.3070834834464559,4.606742504825734e-13,4.625862410137516e-13
3.1200,-0.03927909241531397,0.0005761597643274024,0.24496679023211657,-0.04999015577062511,-0.07900163289378671,0.0035402049260872303,-0.004189629410668428,-0.010897057538458857,-0.005652221109562822,0.3122019864602618,-0.31428997805091663,0.21095281242436228,0.4257252491337929,-6.160225853334698e-10,1.104156055052545e-09,0.10555538732983114,-0.09912020458937466,0.044651637086965526,0.05863295472517177,6.838985757914862e-13,6.865555216353791e-13
3.1400,-0.03936858085054875,0.00038135775892305946,0.24490831884898487,-0.04831937008796414,-0.07922376286746591,0.0034356579664921736,-0.005002455491231692,-0.009147847270268829,-0.0018596796015630413,0.3131837114442941,-0.3151439836815203,0.2102501637293846,0.4261121319894245,-6.16011146841064e-10,1.1041675327340886e-09,0.028476940331854834,-0.02017250805481804,-0.06842428170858797,-0.006940641945928285,7.79686319847539e-13,7.823133417114714e-13
3.1600,-0.03948494665891061,0.00022601180229593862,0.2449359915147982,-0.04695279056152465,-0.07970443722888293,0.00336057879560998,-0.006204005842156432,-0.0074265986582707595,0.0033515063101763913,0.31318052662088114,-0.3149374274101914,0.20915326143581123,0.42509460960212314,-6.159930018057849e-10,1.1041857352032428e-09,-0.016555544215422352,0.02431832854884844,-0.006723930776356989,-0.06874039914229536,7.567864520816037e-13,7.593884288753516e-13
3.1800,-0.039602145828162204,0.00010648091926579637,0.244997878623082,-0.045879268387476774,-0.08021161095568945,0.00330717366413871,-0.004717085089366892,-0.005622111789774606,0.001258467504886475,0.3126774216825334,-0.31427136442790415,0.2102827043393394,0.42325492539445014,-6.159783465073258e-10,1.1042004374036377e-09,-0.02885442272266668,0.03780823172422513,0.13724979880364555,-0.10783431733702564,6.379381614976531e-13,6.3978282307392e-13
3.2000,-0.039626259374441974,1.810791715334775e-05,0.24488735996348332,-0.045072064960822264,-0.07984792143137093,0.003253496343325662,-0.0005381948476844098,-0.003676936831270821,-0.008152020754021048,0.3121322394103307,-0.31350041344154717,0.21231879102008264,0.421329660998191,-6.15965983750891e-10,1.104212840990801e-09,-0.024265921513090215,0.040123478136279596,-0.07183466726574199,-0.06299139429332401,6.877272189231842e-13,6.903714796016591e-13
3.2200,-0.039668205909733995,-3.836614761065809e-05,0.2448609440202067,-0.044531827181664194,-0.07964043121911858,0.0032267431567844685,-0.002951370442900729,-0.0024864637615852623,0.0015209594749622168,0.3116209690133334,-0.3127600238231734,0.20841455120803154,0.42058902833142336,-6.159526889469395e-10,1.1042261860435118e-09,-0.031280959567033195,0.03472540440954607,-0.14592001244679056,-0.04676643142424665,6.637600625386542e-13,6.66372881354127e-13
3.2400,-0.039774552008158826,-6.502968503368837e-05,0.24501497564029728,-0.04425538737260336,-0.08005294090181361,0.0032342247019817505,-0.0051156586343121795,-0.0013984923155770982,0.009699762123948233,0.31092887137897063,-0.3121161728060255,0.2061659899330023,0.4195524074944062,-6.159398777625346e-10,1.1042390467605606e-09,-0.0371999464634909,0.031021089449874684,-0.052706591640211124,-0.06217854302396548,6.406244892204205e-13,6.432008788428978e-13
3.2600,-0.039806484493965295,-6.752210764277045e-05,0.24502176610895415,-0.044217133510632924,-0.07978735146352811,0.0032423763522994313,-0.00010310576195957924,0.0003043071758243293,-0.0034452094229328206,0.3101163300620647,-0.31142528871270314,0.20986349939772997,0.41738970958697347,-6.159286269824964e-10,1.1042503368133291e-09,-0.03749269251330104,0.036049096664061996,0.20432618441389175,-0.10890969902571018,5.414551185883854e-13,5.433383777619927e-13
3.2800,-0.03980676317918984,-4.572781979027144e-05,0.24497399911275383,-0.04441255293533288,-0.07921769580325319,0.0032631964975355617,-0.0009177209076239067,0.0014200102923427418,-2.741053349903373e-05,0.30954713202333073,-0.3107925554520493,0.20748754424481194,0.4165926022370554,-6.159166696711618e-10,1.104262343806602e-09,-0.028272494777873317,0.028623588105358366,-0.20265346004559434,-0.0213125248493364,6.079323242730306e-13,6.105572861528352e-13
3.3000,-0.03988674512501358,9.784998986480775e-07,0.24511340609602164,-0.04485030318185155,-0.0794063004935337,0.0033199649242778603,-0.004091318937873021,0.00223156528182687,0.009238527634846127,0.30891246138615885,-0.31027449958052056,0.2042804784126087,0.4160246179772755,-6.159048519953092e-10,1.1042742112668497e-09,-0.03636786722554771,0.025321684978519055,-0.02482605609074656,-0.054566892843916616,5.955496512610736e-13,5.981430628576589e-13
3.3200,-0.03995888362800175,6.848257154467059e-05,0.24522528036094945,-0.04551606451227217,-0.07954797880775565,0.003390660991822628,-0.0021463323775575763,0.003480466327213022,0.002941550009173266,0.308139871787017,-0.30970838861124633,0.2062316472079171,0.41443246950889223,-6.158934015948943e-10,1.104285707133608e-09,-0.035086999345562656,0.029388234232887465,0.17464517359876852,-0.08972945393544843,5.063226313911651e-13,5.081823633776295e-13
3.3400,-0.03997264288049051,0.0001550899296991672,0.2451897490686578,-0.04639861487805707,-0.07914603661968156,0.00346461971310075,-0.0014912452445871476,0.004602418241347269,0.0002500143028351616,0.3076285435865653,-0.3091628407361332,0.20591238779273485,0.4135172922527354,-6.158827817355187e-10,1.104296372479385e-09,-0.021202939682020323,0.026450309866937464,-0.2366428005980696,-0.00206020776646171,5.853532719299337e-13,5.879735717403967e-13
3.3600,-0.04002196701772529,0.0002622362911865609,0.24521781823531577,-0.04750806827664926,-0.07908308884938359,0.0035631961437928585,-0.002318053654006448,0.005539760619813194,0.001489642217542576,0.3070979013096804,-0.30862833213794005,0.2047102158958042,0.4127850137087452,-6.158717674006752e-10,1.1043074332168887e-09,-0.026323432221555303,0.02605148980313815,-0.030699599541263608,-0.04060874153341436,5.821367693448209e-13,5.847670438152708e-13
3.3800,-0.04010850740541105,0.0003888780404284793,0.2453076064343569,-0.04884477730338728,-0.07938340305122235,0.003686775200832613,-0.004060763645128075,0.006335878287681231,0.005118921360235132,0.3065847261887741,-0.3081192178215527,0.2034921948316982,0.4121242434553792,-6.158605766364312e-10,1.10431867166738e-09,-0.029687972263854452,0.027276654431580873,0.1367561788661253,-0.07153483134615937,4.997744839502216e-13,5.016306380695168e-13
3.4000,-0.04011493777871538,0.0005304375947425009,0.24519140608143888,-0.05038236549413063,-0.07893643449880547,0.0038041893358107355,0.00034183140156626837,0.007679211006126524,-0.00883644171627999,0.30617686432473773,-0.30763282817188026,0.20656177543708598,0.41069483177419513,-6.158513938397642e-10,1.1043278977162873e-09,-0.0038008055378306337,0.017282678861559046,-0.11055860222615603,-0.01512009713553884,4.4314335187478626e-13,4.458243127967998e-13
3.4200,-0.04014628820693341,0.0006842695762778826,0.24512000931178043,-0.05208030321014707,-0.07871015322153373,0.003939826901932377,-0.0023887567875415646,0.007904685275753238,-0.001505961731138653,0.3061950460172017,-0.3074255979118942,0.20355257914547067,0.41057702723441186,-6.158446308891861e-10,1.10433471044996e-09,0.0013221664794728076,0.005145142020823715,-0.07446954235349088,-0.01992547522472638,1.9423129554371754e-13,1.961481107745633e-13
3.4400,-0.040213214119120634,0.0008430229886471115,0.24512255803441657,-0.053876318137544475,-0.07881930412955089,0.004090309072633327,-0.003684052053317487,0.007879888543146769,0.0018633711793686488,0.30625208602001003,-0.30739874356473795,0.20260902041946816,0.41013661801206663,-6.158413185986198e-10,1.1043380691771563e-09,0.0035062863462282743,-0.0005101935109511963,-0.0005450490670844947,-0.031733222488165035,3.77977204114692e-14,3.971989566680517e-14
3.4600,-0.04032909136279171,0.0009996405650275998,0.24523641674059649,-0.05570903641337762,-0.07940512574335414,0.004255452561348792,-0.0057269717046796505,0.00735968006850182,0.007866042201925905,0.30636233493343185,-0.30744415889711163,0.20150986859665482,0.4097130038932448,-6.158407252418137e-10,1.1043387156857684e-09,0.004048757504784196,-0.0020035345155609238,0.014336059740879474,-0.03254668652188715,-1.271242768170755e-13,-1.2522337225311098e-13
3.4800,-0.04037210571076496,0.0011440501828541,0.24519302364670195,-0.057498256997524415,-0.07932531671038363,0.0043947279001598175,-0.00048253279154262017,0.007386154508373194,-0.006557759901627641,0.306440547891594,-0.30742178794528835,0.2063897014282948,0.40816695734625313,-6.158450854498631e-10,1.1043343978794832e-09,0.007890953938081544,0.003259568299847465,0.2621987739490497,-0.07740898065358327,-2.9743254300468314e-13,-2.954362015444856e-13
3.5000,-0.040371279565228756,0.001272416671374775,0.24507236425310144,-0.05918364782880708,-0.07882046245104085,0.004514076210480107,-0.0010317743156558388,0.006439257846221999,-0.003413223291990427,0.3067016854580255,-0.30741126450966005,0.20416799056325644,0.40812323201540895,-6.158504491085446e-10,1.1043290843754249e-09,0.01249217609407041,-0.0018544252985326676,-0.25196002647034493,0.024044580704425757,-3.2742547822345314e-13,-3.2467377310968493e-13
3.5200,-0.04042458965918475,0.0013819728863683654,0.2451010356337542,-0.0607240445763327,-0.07882238651157081,0.004637359156253192,-0.00322707425488682,0.004976851409031126,0.004334717017795798,0.306815409296826,-0.30746973637103453,0.201723301065442,0.40809873821777287,-6.158588529466626e-10,1.1043207317557766e-09,0.0017960631690408433,-0.00385346148313602,-0.12332598293858282,-0.0007179208857865474,-4.4809484898641894e-13,-4.453520343304651e-13
3.5400,-0.040515035354286126,0.0014668683259979665,0.24523512402344727,-0.06207065748930327,-0.0791951462665483,0.004755745413312916,-0.003502048161068292,0.0035203457806032706,0.006225437646467056,0.3067393575187421,-0.30750912641663747,0.20214504014755263,0.4075043248213262,-6.158704019040369e-10,1.104309233377735e-09,-0.006093854771244566,0.0009641319758306596,0.13582429271906352,-0.0498883554848522,-6.602845440545346e-13,-6.583067424514866e-13
3.5600,-0.040553097670908325,0.0015212286874439378,0.24526852625744772,-0.06316997326397111,-0.0790945809812986,0.004838593887282929,-0.0010840742895367732,0.0023104923307533808,0.0003318785775361349,0.3066371095131696,-0.3074370563379966,0.2038788150219379,0.4067360007128348,-6.158828335103455e-10,1.1042968457772411e-09,-0.006121080357846776,0.0064382322833315825,0.12250941420664135,-0.04598911115696034,-7.350969876210312e-13,-7.330898041391087e-13
3.5800,-0.040562353823991176,0.0015446102131579278,0.245255195547945,-0.06399434355811164,-0.07872561725007121,0.0048924737856911055,-0.0010887227242061283,0.0007307334328029475,0.0013652260101325862,0.3065291529409257,-0.30729146049834616,0.20294283286773754,0.40648064309663806,-6.158966592241398e-10,1.1042830703807273e-09,-0.008265756048649328,0.007695742445277807,-0.09978171508842884,-0.002842580449214859,-6.735853194661523e-13,-6.708040156330752e-13
3.6000,-0.04061471070449947,0.0015381293779375461,0.24535247602617102,-0.06453679948531389,-0.07877267001404013,0.004939104331377317,-0.002405074188030123,-0.0010620970469417926,0.0055942468531939155,0.3062747859192821,-0.30712576814075015,0.20137907379654948,0.40634015645895105,-6.159110899915933e-10,1.1042686903709573e-09,-0.016633273846227047,0.009708726003697835,-0.010275807857501094,-0.019995322868094044,-6.958997180589455e-13,-6.931329425349797e-13
3.6200,-0.040624418227271746,0.0014989887734914106,0.24535348401591367,-0.06477367693031577,-0.07843119202335459,0.004949076798029143,1.9496372788691068e-05,-0.0022603085905716445,-0.00157052886296706,0.30590939902998504,-0.30686647191539496,0.2032463074572609,0.4055592199180239,-6.159265630509506e-10,1.1042532629789547e-09,-0.01775628679974585,0.015535621915928402,0.05339176431618315,-0.030602524500406434,-6.970730416500093e-13,-6.942708127150032e-13
3.6400,-0.040629570480765,0.0014304592946413769,0.24533855638969795,-0.06471125903769197,-0.07804651602887804,0.0049372151460756455,-0.00039923697065808686,-0.003723127975175751,-0.0009284713388815627,0.3055373945200063,-0.3065281116351791,0.20213884853890204,0.4053646450881449,-6.159410680466794e-10,1.1042388084685584e-09,-0.02006724652107913,0.01791829311881277,-0.10830640859383624,0.0005241093930093993,-6.705610459262212e-13,-6.677698758533746e-13
3.6600,-0.040656266787924396,0.001335573627389894,0.2453576836612146,-0.06436489949801213,-0.07786642420892638,0.004912656125116597,-0.0014210887296265235,-0.005118625554116863,0.0008195784591166301,0.30507151198836935,-0.3061362473411364,0.20110166983366745,0.405156571562401,-6.159549244800411e-10,1.1042250016060041e-09,-0.02533400868572621,0.021129593188742846,-0.025229616418960293,-0.015292157522216942,-6.217722734250253e-13,-6.189877169854308e-13
3.6800,-0.04068831945625841,0.0012167170487314353,0.2453645396635715,-0.06375247783300288,-0.07774265647814278,0.004871239736686862,-0.0014201680978814656,-0.006179398088691203,-0.0008756309369083859,0.3045096102761711,-0.30563866186170935,0.20136297230498232,0.4046909823007418,-6.159683431385866e-10,1.1042116336512574e-09,-0.026783353910793475,0.02605571958010411,0.014286003365921564,-0.021900051625381344,-5.483277677395537e-13,-5.455427776190902e-13
3.7000,-0.04075408350238896,0.001078828236824621,0.24541975608212918,-0.06290759997465906,-0.07794117310530974,0.0048250837473269425,-0.004246133820594217,-0.00741181627343183,0.00541620110436442,0.30397941785369414,-0.3050876829225295,0.19931078302377123,0.4046996631145856,-6.159788183209942e-10,1.1042012106305207e-09,-0.029635846623250764,0.029143915772455554,-0.04204731259894205,-0.011866549117462214,-5.678798360372883e-13,-5.659121175144444e-13
3.7200,-0.04086718541574998,0.0009260541998033507,0.24555274951198997,-0.06187181223489941,-0.07860896488918899,0.004778851231190073,-0.004734164345422487,-0.008130422660276696,0.004899910369589438,0.3033849961920644,-0.3044934914464172,0.20012641472916698,0.4041721065528305,-6.159874881532616e-10,1.1041925855863734e-09,-0.03288102780052826,0.03467382825072721,0.25399110960709537,-0.06741749980888671,-4.678343758397763e-13,-4.658759272455071e-13
3.7400,-0.04087523601957467,0.0007592684453399086,0.2454195591096579,-0.0606610665672407,-0.07829507890543275,0.004687980472816955,-0.00017255425670657267,-0.007884687252364062,-0.00967712070567901,0.3028436826195072,-0.303735125945123,0.20378417105146898,0.4031388314601433,-6.159950603006522e-10,1.104185057788544e-09,-0.020068642792857177,0.0388258463494799,-0.08897948112548858,0.0017845210022390495,-2.4959878998712104e-13,-2.4683488759891237e-13
3.7600,-0.040927093702134834,0.0005894441530935471,0.24537168008435373,-0.05934296905454434,-0.078379971086938,0.004605844054141441,-0.0037533429406263674,-0.00847307302211386,-0.0001730062993364933,0.3023928991856429,-0.30296006226415945,0.20006004614662237,0.40351076478059145,-6.159992768375753e-10,1.104180896412033e-09,-0.02444532842573107,0.03464969735595845,-0.16077146637411135,0.014003192383395605,-1.2623308973634673e-13,-1.2352204220404672e-13
3.7800,-0.04102472592563302,0.00042069390710959846,0.24541470954823072,-0.05796674598298537,-0.07890208179337545,0.004532841388193119,-0.005109413908291631,-0.008561692707935647,0.0029247815780154163,0.3018758023746922,-0.30230519025470226,0.19967035628069799,0.4032694103487764,-6.160012694871257e-10,1.1041789496919512e-09,-0.028100013583468312,0.03451940433191688,0.04733538668298488,-0.025294228888552817,-1.235009781887144e-14,-9.659323173131021e-15
3.8000,-0.04107989885012442,0.0002551855723579421,0.24535166666161973,-0.056568208598896635,-0.07903511164623618,0.004445528164281525,-0.001407751820612239,-0.007786440287342248,-0.008155297727968506,0.30132260704494235,-0.3015873170743305,0.20306923437238858,0.4023135317480436,-6.160018118462393e-10,1.1041784497456588e-09,-0.024578294089109786,0.037262890610335206,0.23084255926238062,-0.05779642573467297,9.582589611406307e-16,2.913502806253885e-15
3.8200,-0.04108037795718459,9.864680085142302e-05,0.24516540281466903,-0.055189674064004435,-0.07863319103417844,0.004347715238143627,-0.0017576475426931127,-0.007258675134094195,-0.00678259452590497,0.30097783874005785,-0.300892963826908,0.20187855627749718,0.40229536287084044,-6.159992357262764e-10,1.104181075706394e-09,-0.016288660445535178,0.03139881027147954,-0.18782371853395813,0.0231679831188981,2.1005677123923927e-13,2.1276033777654912e-13
3.8400,-0.041104354903669975,-4.262573539299721e-05,0.24503865420862356,-0.05388652541399679,-0.0784349952867725,0.00426405809305668,-0.0014837197416520786,-0.006482825681597959,-0.007207874435545975,0.3005809949012558,-0.30032397226258783,0.20132850679010203,0.4021440196916423,-6.159948653780094e-10,1.1041854932821289e-09,-0.017658722445669964,0.025253226489330916,-0.09096825170077448,0.005755738018367436,3.081325342449426e-13,3.1083436605877646e-13
3.8600,-0.04116906850289522,-0.00016505745321021112,0.2450096088666605,-0.05270102208564297,-0.07861081499589438,0.004201782173885879,-0.0037121167695106,-0.005842661307859775,-0.0004357083986475881,0.3002159558637504,-0.2998708744381932,0.19964412271773402,0.4022305292275993,-6.159881920370117e-10,1.1041922164668548e-09,-0.0189655151797179,0.020498569756338923,-0.04772864995529292,-0.002567597060196471,3.991714727855089e-13,4.018400738027561e-13
3.8800,-0.04128424738920981,-0.00026615386237780587,0.24510047491293036,-0.05167233723315706,-0.07927108626751923,0.004164276267862154,-0.006125951540172613,-0.005106321167891491,0.006909756055212206,0.29985757047832606,-0.29949772754947684,0.1985739412161781,0.4022113241278146,-6.159795998496116e-10,1.1042008592796651e-09,-0.016133782641710313,0.016917778071802617,-0.10259545537944387,0.008910674175793661,4.822142034635601e-13,4.848314132978315e-13
3.9000,-0.041413251705303716,-0.00034509282625791666,0.24523127125158428,-0.05082974170996232,-0.08009002971849528,0.004142384928953538,-0.005045245631145059,-0.003900799665207704,0.004477508170547586,0.2994890606013234,-0.29914569431843546,0.20071326276216697,0.40158525912069676,-6.159702430027715e-10,1.1042102599217677e-09,-0.01784202397923032,0.018742381028539035,0.2711166357652784,-0.061846322663204084,4.550948376827457e-13,4.569518591637789e-13
3.9200,-0.04142701766647145,-0.0004026814394479527,0.24511665560271428,-0.050179803273026166,-0.07983398134253851,0.004105807675004737,3.0185360828548897e-05,-0.0021557273087365373,-0.008830954614660425,0.2992894821940413,-0.29878451084616087,0.20426818398450422,0.4007492328950203,-6.159601674601035e-10,1.1042203776900448e-09,-0.0029548674135163643,0.01608597364210539,0.0439773146901205,-0.014629080665131357,4.941007455613877e-13,4.960003761877996e-13
3.9400,-0.041386359979944005,-0.0004352936085425485,0.24490427342683727,-0.049742911523352584,-0.07903971385916285,0.004074364652379722,0.0007952031839840766,-0.0008309579559533412,-0.009272347054891942,0.2993001236160517,-0.2985719033435623,0.20338538768549028,0.4008187372500554,-6.159502534015971e-10,1.1042303338974528e-09,0.003564460440723023,0.006559809194419167,-0.18894052870600483,0.031177128067305437,5.954384121181766e-13,5.9811780094704e-13
3.9600,-0.04140644437299453,-0.000440682713901931,0.24485225312250186,-0.049539956710390964,-0.07879767704886452,0.004076833676509384,-0.001367946945839488,0.00014009583358757702,-0.0018159559974446787,0.2993006016650477,-0.29857175291079197,0.20003106678801363,0.40133301706325086,-6.159369286703049e-10,1.104243716067174e-09,-0.0012090713028141957,-0.005000871720809784,-0.11452969333193076,0.016774191722347967,5.967839070142311e-13,5.994380339324756e-13
3.9800,-0.04149650785355365,-0.0004207119522561329,0.2449706240435923,-0.04957274448170469,-0.07921954873465022,0.004114038834817933,-0.004985590732994621,0.0008759899182973159,0.009210927116891043,0.2992714339811639,-0.2987178084889104,0.1977122366502825,0.40167912121033766,-6.159257534248971e-10,1.1042549405231089e-09,-0.0020132121073638165,-0.009572818312186074,-0.11445505156673756,0.016729271331266123,5.875089911094866e-13,5.901138952491003e-13
4.0000,-0.04161695579860707,-0.00037890866273344333,0.2451631697693242,-0.049832874618380776,-0.07995965963553679,0.0041738659760722635,-0.004711378880313117,0.0019136102027075181,0.008758129267815957,0.2991842859476599,-0.2988857391368241,0.19943657550684854,0.40124244364873485,-6.159150562651594e-10,1.1042656828596539e-09,-0.0025546975560662476,-0.007075085590325138,0.17468441216529454,-0.03793976746867382,4.71856549059263e-13,4.736989880210762e-13
4.0200,-0.04164248006190315,-0.0003201144306156151,0.24514704599000697,-0.0502910737088286,-0.07982774307972107,0.0042239863683546435,-0.00024154137044780054,0.003320044940426669,-0.0034773977663725537,0.29924241412380176,-0.2989999082883458,0.2030788167661968,0.40048209475619556,-6.159056332940754e-10,1.104275147844439e-09,0.009178965065188649,-0.005728048024743299,0.09797825921262153,-0.02069448113910133,4.1819688987795867e-13,4.2009006950144423e-13
4.0400,-0.041591655602003265,-0.0002454896364685826,0.24497117879288374,-0.050925606922207114,-0.07896319815416963,0.004268843928860655,0.002043978380999247,0.004385958776893797,-0.009071051614990331,0.29950839075244007,-0.29916439032168146,0.20345673656386754,0.4003854570278401,-6.1589731972869e-10,1.1042835059582278e-09,0.014743261384116652,-0.011271362750571431,-0.016245350189573453,0.0021260426335370525,4.3189339908253355e-13,4.346009771678816e-13
4.0600,-0.04153785229584892,-0.0001563914032900091,0.24479926067944863,-0.05171492291411342,-0.0780420314391879,0.004324826335446143,0.001957158406081436,0.0050335008784521944,-0.008242650449620775,0.2998237889889505,-0.29948033340490904,0.2014273250965975,0.4007620842586436,-6.158901513436639e-10,1.104290723282459e-09,0.01633732882196453,-0.019700004013025508,-0.17631879218284588,0.03349124633564696,3.4939179370876983e-13,3.5210912961367025e-13
4.0800,-0.04154135778561086,-5.577784045800087e-05,0.24475755615184622,-0.052632614568339633,-0.07764156822890163,0.004404736167699901,-0.0010806563573498753,0.005144330309054411,0.0002948541694143017,0.30009305983351786,-0.2999269429205993,0.19858629694495417,0.4012932309745785,-6.158844389474233e-10,1.1042964869033223e-09,0.012475016960164228,-0.024529330828055734,-0.17506452122934474,0.03290857444970035,2.628955538507005e-13,2.6559592199160154e-13
4.1000,-0.04157625194156819,5.067890057155003e-05,0.24477507649518718,-0.053639998330177074,-0.07753837998365369,0.004497926968625846,-0.0017030569300221076,0.005310221007971975,0.0012026147967097013,0.3002774320735642,-0.3004098280170309,0.19894632841599205,0.4012041802465637,-6.158809072860097e-10,1.1043000679412543e-09,0.009505410347736954,-0.021639991383319474,0.03961779756651102,-0.00824294514555584,7.380227884986462e-14,7.575950771668977e-14
4.1200,-0.0416185188157486,0.00015807547749565628,0.24479325916495592,-0.054696937265683095,-0.07751143072483983,0.004595638949868365,-0.0019061794583158554,0.005322852717568531,0.0008102163751944471,0.3004828625653872,-0.30079050760657167,0.19961669004291085,0.40106807578956066,-6.158793733087166e-10,1.104301647572535e-09,0.013579645418967239,-0.01895496808932124,-0.031236192220302224,0.006156861774138019,7.897952040633593e-14,8.17063430802456e-14
4.1400,-0.041667480629307405,0.00026246465136971404,0.2448127762174472,-0.05576617104003806,-0.07755573432075867,0.004694966927654793,-0.002062429852710416,0.005138721960382753,0.00045298534145655714,0.3007380074326074,-0.3011289506059384,0.20004809059837414,0.4009825376581031,-6.158796180008268e-10,1.1043014506382216e-09,0.014730276590950737,-0.015767837683324955,-0.021075511418534056,0.004405256952020054,-1.2374255198527133e-14,-9.636336393008434e-15
4.1600,-0.04175360120732907,0.00036097748366096285,0.24490818311955312,-0.05681600652882978,-0.0779609028680234,0.004802498833694227,-0.00483781276987108,0.00442859358105865,0.007963038717112448,0.3010366147715193,-0.3014256346630643,0.19818140022861788,0.40133978732746534,-6.158810346284113e-10,1.1043000862054613e-09,0.014031124577240203,-0.014409771606704997,-0.1537394247015143,0.02892797097471837,-9.371054821884217e-14,-9.10088383777527e-14
4.1800,-0.041903166219916244,0.0004503072059655647,0.24514506656596668,-0.05781951411082685,-0.07899606659318897,0.004922751009900465,-0.0072233766178958075,0.0035310865856608338,0.014701573469397319,0.3012434855401417,-0.30166932308507133,0.19759704814656617,0.4014322546670166,-6.1588419985646e-10,1.1042969709563955e-09,0.007721003974012323,-0.009774584456224355,0.05239771794886737,-0.011444475040860448,-2.6772415664608196e-13,-2.658191592189163e-13
4.2000,-0.04202052489340241,0.0005245157288289982,0.24531399322302017,-0.05873519280656674,-0.07977379989053404,0.005024580497514143,-0.003621539304975678,0.003212814342213815,0.004819818828500631,0.3013902063718919,-0.3017847364314353,0.20185143074588227,0.4006007215893467,-6.158899217769289e-10,1.104291294680757e-09,0.010792982220068907,-0.0017940220090931866,0.18983374434646919,-0.035905062299449945,-2.3731052387933327e-13,-2.345962237405158e-13
4.2200,-0.04202325256740375,0.0005803749419225479,0.24524240565999716,-0.05952160994391556,-0.07948705866457788,0.005082825126068388,0.0007267550647703704,0.0029326326788760215,-0.006235496211781558,0.30165559356680577,-0.3017812232050837,0.20425016051010436,0.4001519750630205,-6.15896804195392e-10,1.1042844562203498e-09,0.014877799122615455,0.00044768463098172114,0.04022887433715909,-0.007063382793288867,-4.053849270158061e-13,-4.033940607765796e-13
4.2400,-0.04194120751295559,0.000618422330508347,0.24500687663168125,-0.060155202499303624,-0.07837961957938577,0.0051053766144862804,0.003475941203565125,0.002421672830635989,-0.012367374150360317,0.3019250756680069,-0.30179961171523084,0.20389079618107508,0.40022785883356754,-6.159043242742442e-10,1.104276979951451e-09,0.011998715738321052,-0.002926766308123806,-0.07222763334886954,0.013523319198499629,-4.586331314726522e-13,-4.565936929760983e-13
4.2600,-0.041884541218166316,0.0006408192416357607,0.24485219626750596,-0.060630334661349164,-0.07747786439169732,0.005125094903422171,0.001814944167520416,0.0012991110828481894,-0.0064507511529535,0.3020826479114175,-0.30192940978261107,0.2006702642958662,0.4008236606749887,-6.159124153044771e-10,1.1042689404165928e-09,0.002701897339920797,-0.008747921479855715,-0.14153895939023273,0.025448906780057238,-3.8852704690658935e-13,-3.857225953571297e-13
4.2800,-0.04191258632092213,0.0006474282747846697,0.24489663678261764,-0.06094318006718739,-0.07736370988281142,0.005158760479359473,-0.0021091143335046896,-0.0001585847840242795,0.00480299938034451,0.30203438595043797,-0.3021222134583625,0.19758548543918064,0.40136349846927327,-6.159206613247717e-10,1.104260747715301e-09,-0.0075810482452417375,-0.009088431105983893,-0.07164274578730086,0.010597622175267957,-4.0073548862942787e-13,-3.9796974309752597e-13
4.3000,-0.04197749303439531,0.0006355527249132374,0.24501483586632922,-0.061082586060217776,-0.0776134909288356,0.005189765152112488,-0.002786043208442655,-0.001181362687401771,0.00585996601079239,0.30182708338428493,-0.30223653424803426,0.19826676952126795,0.4011696533016555,-6.159296175469287e-10,1.104251839806223e-09,-0.012189221074029248,-0.0016881061681003663,0.14387318029625462,-0.030789622580794214,-5.039587453944949e-13,-5.019641386577733e-13
4.3200,-0.04205369006311134,0.0006051420716360674,0.2451431023479021,-0.061047567861210565,-0.07799169206319459,0.005210987502776498,-0.0036576417184592085,-0.002165019202256818,0.007342614974311569,0.30162316209909207,-0.3022001145141801,0.19855788896169113,0.4010480709721213,-6.159383500235849e-10,1.1042431604479925e-09,-0.009182372958856655,0.0048098801898017,-0.053546391774031164,0.006653189566364032,-3.7210512449092903e-13,-3.693727723859397e-13
4.3400,-0.04216352153682638,0.0005583042003372896,0.2453337369891915,-0.06085227118139417,-0.0787157676436708,0.0052297319326269935,-0.005148486909907962,-0.003163111862766822,0.010734836120671267,0.3014261203041763,-0.30205503472567247,0.19836615200471872,0.40101241602291327,-6.159456339308405e-10,1.104235924375357e-09,-0.009783616458763343,0.009624154643660928,-0.08090021137836506,0.01151461921391557,-3.361938548732124e-13,-3.3349478777491837e-13
4.3600,-0.042245964903048765,0.0004952033177801344,0.24545092804876992,-0.06050307387290076,-0.0792158303169482,0.0052270418153665945,-0.002492962394527126,-0.0035124926384997534,0.00245777140380449,0.30117357602063355,-0.30176416559201585,0.20141672148005016,0.4003533434961139,-6.15953735910865e-10,1.1042278685306289e-09,-0.008846619685652878,0.016814734152850078,0.11832300288554196,-0.025153816304874576,-2.917982695749277e-13,-2.8907057953928006e-13
4.3800,-0.042202373138408925,0.000416877781332944,0.2452772848474615,-0.05999958402070681,-0.07853033362380175,0.0051759204304172406,0.002744358719345204,-0.0033365345898109825,-0.012708312028311367,0.3010442043542735,-0.30140122906553285,0.20436074956842631,0.3997537397478966,-6.159604953545101e-10,1.1042211500225004e-09,-0.0005705170779901287,0.018486185995520734,-0.13357565533752386,0.024258021529367207,-2.49498230235623e-13,-2.467192574372168e-13
4.4000,-0.04216053522761593,0.0003311896570541466,0.24510952547520468,-0.059378842491880926,-0.07783186337621019,0.005120295377659015,0.0010462540483606386,-0.003904902363043943,-0.007740137247204794,0.30095583008439375,-0.30106655334054283,0.2010291737220556,0.40033238232384627,-6.159658773725021e-10,1.1042158208803984e-09,-0.0072517162240261284,0.01278977135043997,-0.1817080590752367,0.03139329078430616,-1.9352623887095022e-13,-1.907579996740516e-13
4.4200,-0.04218559554053668,0.00024196208502141856,0.24508797559480947,-0.058673434539801825,-0.07774776302710755,0.005079927536952879,-0.002083690509091637,-0.004531208769908403,0.0006647614427982921,0.3007417611307548,-0.30085889557698253,0.19819338289924107,0.4007970173183957,-6.159693654040887e-10,1.1042123820225574e-09,-0.015070570376757506,0.010221502708478807,-0.0750921004409534,0.00966944399780165,-2.3474213024787804e-13,-2.3277582118785833e-13
4.4400,-0.042265067390543275,0.00015045838338158246,0.24517505155715952,-0.05790918376551511,-0.07818562703832667,0.005050728704816691,-0.003634742273203345,-0.004835828336353858,0.004067835376125675,0.3003956230798458,-0.30063981336479856,0.19820538910123794,0.400699228323021,-6.15971962966167e-10,1.1042098334187531e-09,-0.018062292294636257,0.012588838876427902,0.09290204768946576,-0.02206287890821161,-6.021289559619489e-14,-5.749995071009303e-14
4.4600,-0.04235785247534134,5.824034280883729e-05,0.24527652289417437,-0.05710955132439129,-0.07876558592558179,0.005022464124851966,-0.00524116030537542,-0.004997370746202593,0.00782835995796998,0.30010486021491184,-0.30035078663553855,0.19802454238741096,0.4006560154938475,-6.159727782016461e-10,1.104209069077945e-09,-0.012467813413074883,0.015182143772225279,-0.13384953575214276,0.021316680847218106,1.738453470263336e-14,2.0051590731784766e-14
4.4800,-0.042442984230800264,-3.241327624556031e-05,0.245351081558711,-0.056303526108224075,-0.0792994011970351,0.004989831957010332,-0.0025252049266582754,-0.004507053989836215,-0.00047718049114418615,0.2997676522823972,-0.2999711501077469,0.20150542530831772,0.3999025284292818,-6.159732191177131e-10,1.1042086720656488e-09,-0.014198787699552975,0.020827655826736784,0.3102415083637906,-0.062071474277173674,-1.2191844959270025e-14,-1.0254636563186183e-14
4.5000,-0.04239922886649986,-0.00012064027532086704,0.24513151583254214,-0.05549875577020195,-0.07861346991593211,0.004922550884948631,0.0025169209673103184,-0.003549211485688654,-0.01476157775399825,0.29962793546258903,-0.29955393541316333,0.20415062483881835,0.3993658773997519,-6.159722240243325e-10,1.1042097110165959e-09,-0.0011374108297147808,0.01931091932290278,-0.06415564658024638,0.011366794638499694,4.8350775152302544e-14,5.0331565087588515e-14
4.5200,-0.04237263858143583,-0.0001987694764286104,0.24495933140593898,-0.054738825625855005,-0.07805564598424017,0.004867051828114598,0.00013590452332414878,-0.0033660154177865796,-0.007347596202779974,0.29959556986759883,-0.29927573718634054,0.20059646203099463,0.40001115405683574,-6.159693142518933e-10,1.1042126696449604e-09,-0.00422588444184468,0.01050960842337915,-0.18546695726302928,0.033161648437954376,1.9740619187046116e-13,2.0012856931546363e-13
4.5400,-0.04241752243575381,-0.00026436486735309934,0.24495229843985475,-0.05405417661660984,-0.07815755626842529,0.004837626166641951,-0.0028443464561029013,-0.003183901777302105,0.0012415078273686727,0.2994390087730607,-0.29912532923239077,0.1981374672111999,0.40042375670384184,-6.159651875463108e-10,1.104216847370522e-09,-0.009588778293569643,0.0054214816294977765,-0.08954678672085503,0.014217552515176368,2.5040212958682417e-13,2.5308829467926564e-13
4.5600,-0.04253606442585265,-0.00031694555060195027,0.24510976661038641,-0.05346827368048945,-0.07896902575510435,0.004834387249303679,-0.005575341552080589,-0.00292963675913885,0.008892370253919247,0.2992024128293911,-0.2990155999198369,0.19749208520290648,0.4004781969209747,-6.159597906678914e-10,1.1042222962170558e-09,-0.013565937484651245,0.006596211931830865,0.13496493612035138,-0.029224631604861426,2.0949938290236447e-13,2.1137911841891122e-13
4.5800,-0.04262310401671904,-0.0003582956799933198,0.24519394256470747,-0.05298727891774931,-0.07951257500936469,0.004828570360391633,-0.0027005511659588936,-0.001973705388300756,0.000691795775793582,0.2989911713654549,-0.29885379137454404,0.20107938727096156,0.3997435488581747,-6.159548781146985e-10,1.1042272491280211e-09,-0.009492637000857574,0.01104782353083737,0.3293720341955096,-0.06462449652138416,2.422594460108063e-13,2.441674792040549e-13
4.6000,-0.04261911627093274,-0.00038773050548614906,0.24508005619969872,-0.05261544640566982,-0.0791996493703369,0.004807738802936801,-0.0002788428722907494,-0.000994447778532046,-0.0054403311521993795,0.29899917370071377,-0.29864830661049957,0.2021889057081561,0.3995303667025351,-6.159484878713294e-10,1.104233688089039e-09,0.003186933218156765,0.007952381035815718,-0.05156546458246216,0.009546088608601504,2.6558860362693726e-13,2.6750840041375734e-13
4.6200,-0.04260789283943944,-0.00040202081564274546,0.24496615368399982,-0.05237141393781251,-0.07880303373579729,0.0047957956775437965,0.00018122974560437025,-0.0002288038135872055,-0.005719564752292477,0.29905336461633303,-0.29856384958948207,0.20136174910873159,0.39968471534889005,-6.159423579497805e-10,1.1042398630569112e-09,0.004030134954244422,0.0010026759798140781,-0.10667825987525874,0.020558335386178135,3.6383520978996997e-13,3.665286390369671e-13
4.6400,-0.04263877283833399,-0.0004004538905544802,0.2449614832608375,-0.05226490621356367,-0.07879329502400388,0.004805788123616161,-0.0020713489714362003,0.00020186150717354574,0.001538068331962641,0.29910633815261034,-0.29861595155111603,0.19896043778162248,0.4001393670566964,-6.159350524493919e-10,1.104247221744355e-09,0.0019540404794718257,-0.005377386963085893,-0.13923256903813053,0.026376440035924507,3.6550910952407034e-13,3.681706632271964e-13
4.6600,-0.042722948298146955,-0.0003842563883122806,0.24508607339048302,-0.05229890109866896,-0.0792980013392694,0.0048392029362626385,-0.003743849964734948,0.0006329467698438427,0.006796074663933033,0.29907940116969056,-0.29873590109397735,0.19868670336784883,0.4001757256071852,-6.159284355503059e-10,1.1042538862446326e-09,-0.003583220652938865,-0.005461644803480403,0.14716453141635977,-0.028904355025702932,3.570501099642298e-13,3.5970201426802073e-13
4.6800,-0.042775795860109996,-0.0003567856547970575,0.2451452548840581,-0.05245905794364965,-0.07952697649724344,0.004872727235868351,-0.0020599543186973915,0.0013963504033057221,0.002410001016200395,0.29908567146965165,-0.29882933317037896,0.20051311204561398,0.39982834192940225,-6.159227130158805e-10,1.104259651527578e-09,9.598633823955613e-05,-0.0035884790675691975,0.20606013926593814,-0.039350243377037394,2.4687592465114094e-13,2.487762057988563e-13
4.7000,-0.042798014001353676,-0.00031870992527058777,0.2451450705268183,-0.052736561358998825,-0.07947233466279659,0.0049072849726881276,-0.0019220191289882997,0.001932514558226153,0.0027706969292650317,0.299232346937657,-0.29893510863178785,0.2001561485097014,0.3999235226720162,-6.15916687640993e-10,1.1042657264596394e-09,0.010238851109267356,-0.0076249706992238845,-0.1877950615731802,0.037202683641146164,3.115633835995557e-13,3.142136616000879e-13
4.7200,-0.04281883784826494,-0.0002710156949288281,0.2451530519744758,-0.053123505658770574,-0.07941114503624652,0.004948880672368535,-0.0003564706479026344,0.002537345049604191,-0.0010874650565596902,0.2993495892370885,-0.29909119471506607,0.2009586631806772,0.3997879176719767,-6.159118164642618e-10,1.1042706433303966e-09,0.010676782426149821,-0.009572582283265962,-0.10946620959979304,0.0230298844826004,2.715583834189683e-13,2.74229369680995e-13
4.7400,-0.04282995957034554,-0.00021580444495203466,0.2451484338570163,-0.05360223993326567,-0.07926079658903668,0.00499454509604049,0.00016238326676632116,0.002931181462622337,-0.001998122781965177,0.29950879294176064,-0.2992894660195271,0.20092863787844842,0.39982184479737465,-6.159077108582426e-10,1.1042747955680054e-09,0.009512729374313562,-0.01096099725297455,-0.03125464522551002,0.007892265418398417,2.2442486237450598e-13,2.2711110878211038e-13
4.7600,-0.04287246165220676,-0.00015422833166583492,0.24522263622167595,-0.05415974594485625,-0.07940809581444369,0.005054552348457263,-0.002801930860605646,0.0028055857571611903,0.006984472892835951,0.29971169269223785,-0.2995425879744291,0.19842926775103054,0.40033276702346604,-6.159038942901687e-10,1.1042786640267411e-09,0.008769568998584222,-0.01425747634787327,-0.16614357587010808,0.032844318896197745,1.7895163432687933e-13,1.8159974392306655e-13
4.7800,-0.04290842743665504,-9.020379193963726e-05,0.2452844996053071,-0.05477201113369514,-0.07951120932308763,0.005115075379940997,-0.0006524480545880999,0.0031528770098884127,0.000872247971013128,0.2997964223734299,-0.2997904658018119,0.20065714399715784,0.39992516089234664,-6.159021465646079e-10,1.104280455148551e-09,0.00579259424745203,-0.010951397824876315,0.16251742356455165,-0.029381100131187856,2.698105546492316e-14,2.890144856293811e-14
4.8000,-0.042872576424729754,-2.7125004560650714e-05,0.24518464492014078,-0.05540607195725639,-0.07893646348176664,0.005157598632739519,0.00168942113697147,0.0034579559863285063,-0.005692968174413064,0.2999958922953536,-0.2999976727777555,0.20196395921729937,0.3997209888631081,-6.159013630471497e-10,1.1042812844375311e-09,0.012662594555653101,-0.010650091825963104,-0.03896269815051836,0.009795581923105276,-3.254537752576253e-14,-3.0590594890089057e-14
4.8200,-0.042875251978711504,3.6014639430703994e-05,0.24517468137413587,-0.05605367634103453,-0.07871288693345119,0.005212307137767805,-0.0009405403735744356,0.0030540065922423586,0.0019263242013291993,0.3002395560912007,-0.30025651224410027,0.1990677578009787,0.40031245411689453,-6.159009409328224e-10,1.1042817584774633e-09,0.00997968178354641,-0.014663345524854989,-0.1706386832925052,0.033997831781036866,1.0685044496872194e-14,1.338241244707404e-14
4.8400,-0.04295401577628899,9.698604843798849e-05,0.24533322068220145,-0.056700058665617635,-0.07921836647474158,0.005286986863206383,-0.0038767708012873332,0.0024605999299081747,0.009945732734422246,0.3003568516898699,-0.3005473675716949,0.1973598279460691,0.4006533945769643,-6.159016255342128e-10,1.1042811243914908e-09,0.0017682938096187767,-0.013081480131722124,0.0624851486998549,-0.011737619376984492,-1.3632535855387373e-13,-1.344262158184395e-13
4.8600,-0.0429636776775707,0.00014937370013963088,0.24532498691386104,-0.057304367878989286,-0.07909466818654862,0.005336892967749683,0.0012058971860315565,0.0027714495222870513,-0.005262419189264987,0.30039712159539195,-0.3007270526377117,0.20225261152885793,0.3997404111823371,-6.159046211926214e-10,1.1042781697265967e-09,0.007210419649681683,-0.005855877564801167,0.20636696351889441,-0.03702528945995075,-1.9003480971994946e-13,-1.8806486858265192e-13
4.8800,-0.04293568310298677,0.0001937686225430734,0.24522818625166806,-0.05784877300760432,-0.0786040895292075,0.005372985065063412,9.012869623320694e-05,0.002280846503699533,-0.0021012660193498326,0.30064390861960705,-0.3008504271050668,0.20053324210799692,0.4001125402520813,-6.15907479600278e-10,1.1042753614888774e-09,0.008847391289962585,-0.006660472922974517,-0.05907430039701369,0.012135917871756365,-2.3551568139289214e-13,-2.3354958917330693e-13
4.9000,-0.04293338081087124,0.00023020666698802487,0.2451864061654762,-0.058324813588082,-0.0783474021437697,0.005410989385746654,-0.00013168373942943143,0.0018154496276373024,-0.0018305665128352596,0.30078037870657454,-0.3010019472841661,0.19970134860727418,0.40028972899811494,-6.159112868681741e-10,1.1042716036125428e-09,0.006779716552220835,-0.00796955554208445,-0.11087688990253154,0.022147140786950233,-1.71160774355833e-13,-1.6842552201003225e-13
4.9200,-0.04297623954228396,0.0002575810004593339,0.24523990999396117,-0.0587209786299862,-0.07851771363008618,0.005455895217062628,-0.0022475360883836386,0.0010385283079266455,0.0036985777483011135,0.30085446867207194,-0.3011467148763314,0.19840959853934717,0.4005426026936163,-6.159156219506516e-10,1.1042673184289524e-09,0.0004117374934388364,-0.005864256433524055,0.03409849511440818,-0.006721297585757729,-3.011990613518978e-13,-2.9924814796272736e-13
4.9400,-0.04304536184842434,0.0002740417084196259,0.24534402875836406,-0.059025137697766655,-0.07895053142221307,0.0055006461973431415,-0.0035375566254938267,0.0003105081048355761,0.00682947704861602,0.30086893958451677,-0.3012309764286599,0.19827791352380406,0.4005653372412227,-6.159203728317367e-10,1.1042626171496834e-09,-0.0014494039610308959,-0.0018166718258434812,0.06680495053320365,-0.013466408727961343,-3.1722226841862655e-13,-3.1529081645845225e-13
4.9600,-0.04307092866472592,0.0002772773328301768,0.2453425389526556,-0.05922047923027722,-0.07898968227496095,0.0055232190156529306,-0.00038624277936190484,0.0001414209038223803,-0.002595960326778564,0.3008473621846471,-0.301206181548476,0.20149381963943808,0.3999511490151684,-6.159262377382519e-10,1.1042567959154017e-09,0.0011760737269108056,0.0038608119954184348,0.1591934897703477,-0.02975436027957398,-3.302864709162079e-13,-3.283126266510894e-13
4.9800,-0.04306025716986479,0.00026865367545372343,0.24525935167544272,-0.05930243109042482,-0.0786809239463331,0.0055277874354287965,-0.0002206480285015393,-0.00037201013400140186,-0.0029334485031721476,0.3009336646446153,-0.30112490791995083,0.20074604711862218,0.40010545151854754,-6.159314125037346e-10,1.1042516714715907e-09,0.0053856111367898574,0.0031308412734718824,-0.2236731662721624,0.04267548687803896,-2.2633777447753078e-13,-2.2360414843498877e-13
5.0000,-0.043108534005585515,0.00025111081943667344,0.24531383580703575,-0.059286158024823774,-0.07892694745812225,0.005542565657133009,-0.0025285042506296737,-0.001212793277849621,0.0038049042507636937,0.3009255293427867,-0.3010725203103668,0.1987664489940578,0.4004626808039629,-6.159363910132555e-10,1.104246743545115e-09,-0.0028217344303767228,0.002297783342897539,-0.08052392983054345,0.01416018823636973,-2.1673889896364762e-13,-2.140293964194434e-13
5.0200,-0.04311107372941058,0.00022188741345407774,0.2452636503575886,-0.05915938327969571,-0.07875026269962539,0.005534625338056628,0.0010436272379809484,-0.0012498635383474685,-0.006552579654641259,0.30080913311843455,-0.30097182931004185,0.20184581598782472,0.39985722844270144,-6.159420863870613e-10,1.104241092080928e-09,-0.00022846321910590474,0.0061185291673552305,-0.027250753748175364,0.005661805394027231,-2.0342432707938507e-13,-2.0067324538186604e-13
5.0400,-0.0430999202804182,0.00018392611203558076,0.24518482956992452,-0.05893175894126782,-0.07843250821414995,0.005516952177620415,-0.00019961715392471103,-0.0018178397224700511,-0.0027813714724813513,0.300789868719172,-0.30084848444706297,0.20038884908804372,0.4001258171811435,-6.159464839690777e-10,1.1042367413364996e-09,-0.003598900311429819,0.006209704646548189,-0.05333077092119468,0.00879479600702051,-2.865470447727114e-13,-2.845715742043342e-13
5.0600,-0.04310491290306177,0.00013918189462813947,0.24514284721707225,-0.058617447115882966,-0.07825915925095718,0.005498145832950989,-0.0006380249755557759,-0.0022183883285768723,-0.0016351917007202585,0.3006785362509696,-0.30073693968009624,0.19976130698185765,0.40021580442577875,-6.159506685716119e-10,1.1042326054516958e-09,-0.006996244933695592,0.005521931222878118,-0.009977635317378303,0.0003253970945324493,-1.5331738157688124e-13,-1.5057440429060154e-13
5.0800,-0.04315805461664136,8.971697715960604e-05,0.2452066914980081,-0.05823451659574062,-0.07854073813504514,0.005488854168769071,-0.0032805408115007617,-0.002827103900671898,0.005653626654282247,0.3005263085255808,-0.3006247741800446,0.19787557743216924,0.40053613662056164,-6.159537328447312e-10,1.1042295960360083e-09,-0.008277467661381266,0.005273699128272649,-0.14679776639530284,0.025570808492285227,-1.0896130189525649e-13,-1.062669104188313e-13
5.1000,-0.04324902436931195,3.619361159027934e-05,0.24535048953846214,-0.0577999237798238,-0.07920112578457374,0.005485237383949,-0.0035430583278814667,-0.0030766522041813468,0.005990032538872896,0.3002810644338833,-0.30047582107118115,0.1989995995978925,0.40026548817466917,-6.159564726775059e-10,1.1042269022474976e-09,-0.014016107400049209,0.01026955787721461,0.2453175559827299,-0.04924217297562464,-1.6774673013489338e-13,-1.65821349706885e-13
5.1200,-0.043260010638513625,-2.2327643132423376e-05,0.24530853356290297,-0.057313505740150976,-0.07912287601890465,0.005454186105168607,0.00040347507822745406,-0.002673393585355411,-0.005458600727327829,0.3001081040764501,-0.3002549976883568,0.20199441530671777,0.39966814824492397,-6.159584960439553e-10,1.1042249183508965e-09,-0.007024271693864252,0.013947236967407966,0.16140075875330487,-0.03166045988155977,-1.2879950469883716e-13,-1.2684531159809498e-13
5.1400,-0.04322210434500458,-8.155544710511002e-05,0.24515936694265306,-0.05679485133400201,-0.07856681154765542,0.005409217517366201,0.0006074602671452269,-0.002601018211334054,-0.005674482463886314,0.3000605575170938,-0.2999830535736626,0.201370044175538,0.399778472869632,-6.159594212080741e-10,1.1042240445246345e-09,-9.533976983751232e-05,0.010108612302133132,-0.24723680929088312,0.046289422584318334,1.6313464928962088e-14,1.9036093095716952e-14
5.1600,-0.043240026950586784,-0.00013701180754691669,0.24514072004564785,-0.05627673588353629,-0.07852403428353576,0.00538125799644128,-0.0016191577866105315,-0.002760295064775261,0.000810065193403598,0.2999450516521413,-0.29981881553855405,0.19895328326472622,0.4002013638625121,-6.159592980324685e-10,1.1042242193344506e-09,-0.010216356320893316,0.006642367861593669,0.029852703164435918,-0.00819738529615124,-3.876957213383089e-14,-3.682908741430707e-14
5.1800,-0.043303346295569096,-0.00018819541716495698,0.24522219275677323,-0.05577609753915189,-0.07891511296275149,0.00536711508765547,-0.003315504598176527,-0.0027881661264462995,0.005433985975782439,0.2997568513441516,-0.29970593668561224,0.19823511699234325,0.40029453941317,-6.159580954899144e-10,1.1042254717972427e-09,-0.011450917976797014,0.006165449354581212,0.06007748588338154,-0.01391422001986787,1.0554469624668439e-13,1.0822354297446157e-13
5.2000,-0.04338582716089555,-0.0002347684895954622,0.24534295238496343,-0.055308934220306104,-0.07950894865639858,0.0053595026263171894,-0.002839343671619795,-0.002495398504196299,0.0038346003275962874,0.29953843399330626,-0.29956365192825707,0.19973737467655087,0.39996179590422243,-6.15956380073416e-10,1.1042272335256738e-09,-0.011098911880610582,0.009138295449527878,0.22642566668554173,-0.04484878533986234,1.472585616814348e-13,1.499351857947584e-13
5.2200,-0.043368485804658116,-0.0002777397923117258,0.2452362842532125,-0.05487327976538675,-0.07916944229293564,0.005326684288851385,0.0015040994806786328,-0.0016333166445042472,-0.008505844459545244,0.2994213820307862,-0.299351060428032,0.2030171199985852,0.3993244528281513,-6.159545514554976e-10,1.1042291045390684e-09,-0.003063874785633883,0.011405296321205268,0.16797626709493366,-0.032206151781004416,7.966316408619667e-14,8.161873954470877e-14
5.2400,-0.04334395392388097,-0.0003122838887367082,0.2451205362011545,-0.05449297797342441,-0.0787409706548063,0.0052985384392524966,-8.699035019330258e-05,-0.0014055771962157783,-0.003389240323239913,0.2994641006161384,-0.29921147801917436,0.20072721996718598,0.39976610578635147,-6.159515183004038e-10,1.1042321834378714e-09,-0.0005746484340565992,0.005408615172216705,-0.098162484340195,0.017840950270105623,1.045329865419567e-13,1.0646911412399984e-13
5.2600,-0.04338907508353268,-0.0003363138395502383,0.24516729408846263,-0.05419003966434941,-0.07896312537211159,0.005295344674524239,-0.002710895068546152,-0.0012943167228427084,0.004285214192561518,0.2994127928206321,-0.2991747396459011,0.19807993547894295,0.4002491899944053,-6.159470939495712e-10,1.1042366644783833e-09,-0.003880053050707905,-0.0004980048697554847,-0.11481126614466168,0.020786179914765935,2.270075132645294e-13,2.2966660040771303e-13
5.2800,-0.043460262492643134,-0.0003514023201114323,0.24527172298029887,-0.05396878432573453,-0.07944753848597555,0.005303978145256779,-0.002681988753749397,-0.000871884530691781,0.004093205372408849,0.299272260400858,-0.2991623277401758,0.19940375140952882,0.39996797503449966,-6.159430718155455e-10,1.1042407347193533e-09,-0.006226438005680949,0.001964729084894139,0.16521073007726317,-0.03228033075200659,2.4327005796083434e-13,2.459360839979219e-13
5.3000,-0.04344527202830338,-0.00035973966916333285,0.24517985294289746,-0.053818705124192935,-0.07912599731467715,0.005294536144398015,0.0011222525102443912,3.453528430829853e-05,-0.006715786842788213,0.2992317861143605,-0.2991007565453642,0.20236190107662114,0.39940725316224995,-6.159397916297438e-10,1.1042440541192029e-09,0.004556308171340219,0.0027921133000478335,-0.026462963288662593,0.0064895000325880855,2.468827551248276e-13,2.495845869386615e-13
5.3200,-0.04345875905834263,-0.00035764634204643554,0.24515936354998324,-0.053757088615198394,-0.07906122867589938,0.005300845864530296,-0.0014490261516173382,0.00018947365878423073,0.0011445182600393522,0.29934468578154444,-0.2990982536828593,0.1993324933498858,0.400001923413205,-6.15934866844419e-10,1.1042490329876492e-09,0.0042444067673699255,-0.0028082175760520017,-0.1912514487021983,0.03674935062053214,2.4837955043405247e-13,2.510444109538046e-13
5.3400,-0.04351177211116274,-0.0003460476130150948,0.2452323855913661,-0.05378651703476202,-0.07937649395059944,0.0053235166935744265,-0.0021332607149985414,0.0005085726637157594,0.003273201861861034,0.2993303568926715,-0.29916687909673867,0.19957326591078614,0.39994789214277887,-6.159306643060093e-10,1.1042532837557893e-09,-0.0031859616406113727,-0.0025329925415901993,0.20397154431877476,-0.0391549786760628,1.4536174998067142e-13,1.4726929528294241e-13
5.3600,-0.0435105756729362,-0.0003279395366958683,0.24518387390226146,-0.05389007302064628,-0.0791847496558019,0.005336959498039874,-0.00026619011286179735,0.0011134305888219555,-0.0018841839442191304,0.299383890969896,-0.2992158104621025,0.20071184442299822,0.3997504399899355,-6.159269987636118e-10,1.1042569942083615e-09,0.006382268056031196,-0.0031861989457992205,-0.08203143851456433,0.016830825326843376,1.323920357024222e-13,1.3430551701158755e-13
5.3800,-0.04354456451299981,-0.0003016907663070628,0.24522120569635442,-0.05407456235979898,-0.07932459135729707,0.005366064852090945,-0.0016864948958428799,0.0012711460104520883,0.002559165635419864,0.2994841006518394,-0.29931128016442077,0.199316841604929,0.40003168354289964,-6.159232256432868e-10,1.1042608161675632e-09,0.002091811700330978,-0.005200609270305673,0.03855522850443125,-0.007171920229220464,1.124665681764836e-13,1.1436817747186023e-13
5.4000,-0.04353399720251243,-0.00027065021435426605,0.2451603492617966,-0.05432002170235382,-0.07904618418803207,0.005387041167822115,0.00048523402488331245,0.001804149479339406,-0.003465845160632802,0.2995553312780114,-0.2994105551199842,0.20109220554758933,0.3997136351611395,-6.159204317577482e-10,1.1042636554888438e-09,0.008036259649681602,-0.005781880387494557,-0.06266862495757822,0.01375138392816396,1.7925361173697085e-13,1.8195219094428727e-13
5.4200,-0.043568619980775346,-0.00023360388887658866,0.24520746426653817,-0.0546284001414798,-0.07919122145542053,0.005425356707380237,-0.002003094537132491,0.0017107274954833943,0.004002247805124795,0.29969464102964205,-0.29955957773949565,0.19889747860672405,0.40015493827541915,-6.159174967983099e-10,1.1042666409743121e-09,0.0037029136294800587,-0.008223406460190995,-0.017871920870415864,0.003959008239009827,1.5208228556704007e-13,1.5475560286373757e-13
5.4400,-0.04359154727443298,-0.00019394374891407208,0.24522955341028427,-0.054980505994923816,-0.07923467605592707,0.0054626742892506545,-0.0009553933001783746,0.00196005540915219,0.0010694723553926523,0.2997705474882282,-0.29971030504925344,0.19988398804507532,0.39998688770411484,-6.159155640286441e-10,1.1042686212904375e-09,0.008436201015954495,-0.008019000100040663,-0.13767270427415995,0.02801693108364613,1.2174994085817348e-13,1.244259686603022e-13
5.4600,-0.043587900714389734,-0.00015323862552844316,0.2451936006250963,-0.055360515137341054,-0.07902913651716181,0.005494483944254057,0.0001936995201301049,0.002160973407985256,-0.002056001434362166,0.2998825080573303,-0.2998418359807285,0.20086336683029357,0.39982618670116293,-6.15914609222528e-10,1.1042696216365296e-09,0.008594082866577209,-0.0071643359583116765,-0.06051096631502864,0.013418771726302653,8.443216286714572e-14,8.7136461240922e-14
5.4800,-0.04363066900176631,-0.00011100777709332903,0.24526698652899462,-0.05576527206514758,-0.07926224788488792,0.005541074573985966,-0.002511029182630043,0.0018117005631502006,0.0059382931087042234,0.30003156322413826,-0.3000071749807798,0.19852739670242106,0.4002952116943876,-6.159136328038174e-10,1.1042706486656592e-09,0.002106349499989747,-0.008009568051437755,0.0514694582869377,-0.009754837964235527,-4.5459140195647924e-14,-4.355138482920601e-14
5.5000,-0.043617571273408776,-7.175410513920438e-05,0.245213246069209,-0.05616613356274073,-0.07897613559191971,0.005570506678062384,0.0010824548697339707,0.0021644494716454494,-0.004420639430847813,0.30010400724310105,-0.30014231250272105,0.20142020712050132,0.3997679575471802,-6.159142606838167e-10,1.1042700676914835e-09,0.0094352570583556,-0.006344082886841764,-0.07300458118977275,0.016125350537922578,1.4041331235204423e-14,1.6759153337016566e-14
5.5200,-0.04360740931869967,-3.4596677800920044e-05,0.2451686617569878,-0.056556037570487404,-0.07870836479631471,0.005600766945867507,-0.00020310800693474073,0.0018750047425447973,-0.0005559819067452521,0.3002685142785921,-0.30027592228198197,0.19981446602339953,0.40010465291971137,-6.159149403739163e-10,1.1042694377749436e-09,0.0076700741541067124,-0.007989673339618973,-0.14896247655597036,0.029587705374717273,-1.9057045302700235e-14,-1.6347664731240427e-14
5.5400,-0.04367193389549626,5.351785196340951e-07,0.24529432906066537,-0.056933788291228526,-0.07915005836558982,0.005650645154301635,-0.0034184376574229783,0.0012508403769583179,0.008598722100264763,0.3003462198315588,-0.3004380265054384,0.1976943900648258,0.4005158869114517,-6.159159396417879e-10,1.1042684864948255e-09,-0.0020844936060620454,-0.00723091218165128,0.11863793059677362,-0.023273602805781606,-1.4399253816209379e-13,-1.4208005973993798e-13
5.5600,-0.043682049858033006,2.853322372322036e-05,0.24529176375459855,-0.057269791915743086,-0.07909619295837092,0.005680213366835355,0.0005196455084562438,0.0014665305688257493,-0.0030102592502338223,0.3003414198349032,-0.3005315221320047,0.20145610769378713,0.39980999598474687,-6.159184179482071e-10,1.1042660523171355e-09,0.006164534473568293,-0.0031509278122847898,0.010615840820313275,-0.00011004092335588773,-7.025783221262932e-14,-6.753598331618593e-14
5.5800,-0.04366844157781296,5.0446515090419744e-05,0.2452360201259438,-0.057556455253943706,-0.07881238798691204,0.005700366398982223,-0.00011503502046268314,0.0011077465339979424,-0.001054974909013023,0.3004830220992876,-0.30058293582971646,0.2002289244406112,0.40007193092199167,-6.159206859415495e-10,1.1042638342359617e-09,0.007842848120498572,-0.0037810820458082355,-0.21411272383572094,0.04171776919091848,-9.184706218235555e-14,-8.913548610149646e-14
5.6000,-0.04369137260993234,6.705707544734922e-05,0.24526430113188277,-0.05779444055635833,-0.07887147031426679,0.005727162367689946,-0.001514289585833286,0.0006034170170594361,0.0029188923921675838,0.30054310929853806,-0.3006578314275186,0.19907585688218069,0.40029623137671255,-6.159234404775559e-10,1.1042611286089663e-09,0.0015314464763116547,-0.004045521397391415,-0.058803331670214974,0.011273112336286905,-1.0864686971270854e-13,-1.0594030806689719e-13
5.6200,-0.04371748333426202,7.647332641548988e-05,0.24529697750580717,-0.05797326831836823,-0.07897074527738494,0.00574946267971144,-0.0002163829773631032,0.00040849055491566573,-0.0010632468252584188,0.30051754218827437,-0.30070765926549836,0.20051310388881935,0.400018769361612,-6.159268578873167e-10,1.1042577569142919e-09,-0.0006980932249804993,-0.0007453894902080864,0.13196945272155716,-0.024630218421511713,-1.207385022039889e-13,-1.180097821762774e-13
5.6400,-0.04371371992960915,7.813268833451847e-05,0.24525961306240476,-0.05808244972264802,-0.07878643374829793,0.005758552163825014,-0.0005876429891967809,2.692967720953036e-05,-5.496267328444304e-05,0.3005659991277943,-0.30070709703881116,0.2000594947724443,0.40011717785998124,-6.159300496468634e-10,1.1042546143357684e-09,0.0013393037662932938,0.0001870264210003061,-0.05155564158319575,0.009675693115413695,-1.2591983662366135e-13,-1.2319721523317007e-13
5.6600,-0.0437631169148822,7.4209907096156e-05,0.24534263468592346,-0.05813379173933413,-0.079107795399749,0.005778539637039718,-0.0025841876118534654,-0.0005801600752595047,0.005562099779514415,0.30055135025107826,-0.3007136498486111,0.1986564852180005,0.4003717570288211,-6.159332662228763e-10,1.104251449907088e-09,-0.005568184003459475,0.0009059642942331982,0.12447518513356022,-0.02501520620954946,-2.255155697600264e-13,-2.2358536463235046e-13
5.6800,-0.04375634250121987,6.17133528357225e-05,0.24529413433671401,-0.05811141879463094,-0.07890893206990103,0.005775815463563373,0.0008954146500408187,-0.0004641814095717366,-0.004678625281401117,0.30048298430661585,-0.3006603615495606,0.20156897813685948,0.3998123257202598,-6.159369149373991e-10,1.1042478429299445e-09,-0.0008696321538800854,0.004464450666996677,0.10206969524572047,-0.019202003686716398,-2.2267176167170555e-13,-2.2070176632429939e-13
5.7000,-0.04375686464600141,4.376247948995075e-05,0.24526272772412075,-0.05802595213535483,-0.07877037058473647,0.005771933414823195,-0.0006462831914713117,-0.0009362204352603356,-0.00019065682410108516,0.30050593616253035,-0.30059302364109863,0.19969718932191352,0.4001683701762495,-6.159396017376985e-10,1.1042452075858121e-09,-0.0001281887369761076,0.0022503659131968643,-0.14744002005152107,0.027501415666047132,-1.0748440169589674e-13,-1.0477184983308241e-13
5.7200,-0.04378662187196745,2.12060628011047e-05,0.24529642071438626,-0.05788594432307202,-0.07890878827792532,0.00577224755054089,-0.0017040538752577823,-0.0013280308093361257,0.0026752130446623377,0.3004392721778928,-0.3005440192103038,0.1991720697042382,0.4002494191515336,-6.159422294900978e-10,1.1042426259879538e-09,-0.004113591214170648,0.00253464304488357,-0.03362846326955584,0.0054703731675655115,-9.23865747359115e-14,-8.968062295382218e-14
5.7400,-0.04380508627133015,-6.535116065694386e-06,0.24530059284356134,-0.05769259581395435,-0.07894951993677064,0.005764683349164493,-4.740345454258229e-06,-0.0013316139692543373,-0.002479279283556043,0.30031116318565876,-0.30045574523210483,0.2008844529497224,0.3998993706558849,-6.159452766113688e-10,1.1042396257389649e-09,-0.007286011462182121,0.00653079257398943,0.2520431764513926,-0.048812981725427064,-1.7646455585836052e-13,-1.7449976468138229e-13
5.7600,-0.043808598125399334,-3.794525417568614e-05,0.245268985112094,-0.05745214560167889,-0.07884452879047839,0.00575051227625507,-0.0010839449984175506,-0.0016074877280584197,0.0005934411396771001,0.3002831726418974,-0.30034309169276985,0.19962968192281783,0.400132822031822,-6.159469027232118e-10,1.1042380509592294e-09,-0.0024939564715435064,0.005001967153753484,-0.11288616254079327,0.02036922817863891,-4.9141849714929436e-14,-4.643695502995829e-14
5.7800,-0.043844811872039965,-7.094780140489024e-05,0.2453105826637856,-0.05718228898996829,-0.07905186434712852,0.005743199023499477,-0.001545799906857483,-0.001775713686352522,0.001767861434028039,0.30016428107343407,-0.30023873945429913,0.19966309843019783,0.40009599670006496,-6.159485514239937e-10,1.1042364520356026e-09,-0.006796056404524366,0.005509219972731521,0.08549860291655145,-0.017458815931688947,-2.2849215195689526e-14,-2.0143754692709612e-14
5.8000,-0.04382943452806019,-0.00010661246411592817,0.24523178286251882,-0.056879894926961855,-0.07877327955350923,0.005718901908419467,0.0008430600057652664,-0.0015097625405296963,-0.005241321556776422,0.30007144501791605,-0.30010492421667917,0.20120799319008562,0.39979033603661157,-6.15949869086576e-10,1.1042351803329139e-09,-0.0016778330589229322,0.006743588773881538,-0.037869321040039476,0.006927123063617031,1.1657991856351161e-15,3.891498905614962e-15
5.8200,-0.04384344543678781,-0.0001411062863266506,0.24522003131123946,-0.05656662551688276,-0.07876175762123501,0.005703567289487813,-0.0016597088396522852,-0.0017907281463380707,0.001974442100510492,0.30003995706142195,-0.3000052884316567,0.19889048312145172,0.40021873006522096,-6.159498800387919e-10,1.1042352185914633e-09,-0.002800628552839402,0.0036163217484326553,-0.17795673733336953,0.03265953382495096,2.90006022397437e-14,3.169006398441587e-14
5.8400,-0.043912226141885106,-0.0001735658777839126,0.245330528520439,-0.056259576796931415,-0.07927898529257713,0.005703048193408996,-0.0023012688354617093,-0.0018282667786965457,0.003582093121562839,0.2998707654014099,-0.2999205676698151,0.19938348096832192,0.4000829406978076,-6.159498233659924e-10,1.1042353245504535e-09,-0.008386176176908147,0.0052775004435715615,0.14689479645522666,-0.02907770988749325,5.850996634892622e-14,6.119741215518393e-14
5.8600,-0.04388347839037001,-0.0002067337199871425,0.2452157126621325,-0.05594646703006564,-0.07888215686236234,0.005674466238130126,0.00206165778122842,-0.0011649463276339484,-0.009044255928031177,0.29976589428488665,-0.2997737641981879,0.20284397736067414,0.39941581588389813,-6.159500002352711e-10,1.104235187718098e-09,-0.0012765135832847334,0.008464942135638979,0.11521138774778525,-0.021494918381741262,7.666304114965772e-14,7.94041752922442e-14
5.8800,-0.04384796123934128,-0.00023597808801734124,0.2450887818388355,-0.05564750159576595,-0.07839773501257503,0.005647664104104735,0.00015862621162064062,-0.0011909963488027067,-0.003287071015084451,0.2998201045456803,-0.2996585807824979,0.19999309908244262,0.39996698164479416,-6.159486218338865e-10,1.104236617632672e-09,-1.7426112215308354e-05,0.003295134104581829,-0.16484778643903944,0.030543949765873726,1.2700212958388375e-15,3.2157046800764325e-15
5.9000,-0.04386668221993981,-0.00025960258347046953,0.24508488401959924,-0.055380416514265146,-0.07841476117170132,0.005638519080603998,-0.0013853484570899644,-0.001164556959523228,0.0009822728790618352,0.2997524462053826,-0.2996314481444904,0.19859940332156553,0.4002118545246806,-6.159470355895288e-10,1.1042382534359333e-09,-0.004324331146677429,0.00027413743122690996,-0.0643170256968413,0.0112274590747228,1.1852401926668726e-13,1.2122067401514752e-13
5.9200,-0.04394937722133342,-0.00027760296162069605,0.24522141834223932,-0.055156365773176196,-0.0790455990269801,0.005649648828488604,-0.004177939363991211,-0.0012872392336315112,0.008676526891790028,0.2996466093551856,-0.2996280453648148,0.1974681335872195,0.4004013122534304,-6.159447994836123e-10,1.104240539933686e-09,-0.007764814477946458,0.0012626024704253424,0.05548355616723866,-0.012397694086016065,4.4964046049845996e-14,4.685395951428695e-14
5.9400,-0.04400998342563694,-0.0002921763959266327,0.2453028866966602,-0.05497302008165435,-0.07949410296113302,0.005655798229850574,-0.0014217664243513068,-0.0007351964371514419,0.0005371198435116213,0.29950052382284054,-0.2995556199295291,0.20086253858202563,0.39972938395291563,-6.159430534608252e-10,1.1042423292486451e-09,-0.0047605592743042695,0.0063028853310051515,0.2508766958012665,-0.048041688420533996,5.86053287062599e-14,6.05237905691551e-14
5.9600,-0.04397089538143194,-0.0003036671903618541,0.24516091260954237,-0.054822747277081564,-0.07900001668781285,0.005637980149995471,0.0015865844282627359,-8.858131839894951e-05,-0.007679250534184713,0.2995471524359419,-0.29942371883032104,0.20244908562181974,0.3994463958622588,-6.159408559815322e-10,1.1042445732512632e-09,0.009150346285280223,0.004452604042477716,-0.22543449593440545,0.04454677839423188,1.6195096479154625e-13,1.6465694367868988e-13
5.9800,-0.043965898399780774,-0.00030786915679982215,0.24510678243629389,-0.054726613781466225,-0.07881102223355768,0.005634701006320937,-0.00013963956052254916,-1.5292018536708384e-05,-0.0021043559515498806,0.2996249395880049,-0.2993842989624243,0.200276045442068,0.39986473761200636,-6.15938372188332e-10,1.1042471049348794e-09,-0.0009454483341937738,0.0001938358367816621,0.06475397825924029,-0.01268049033692042,1.6131055367331337e-13,1.6402070673882108e-13
6.0000,-0.043971258106950434,-0.0003060810641367213,0.24508118072698243,-0.054681944049891615,-0.07871318133787052,0.005638131428625307,-0.0006295922861827383,0.00019394152856233647,-0.00043565279199089335,0.29964307296601933,-0.2994193661690266,0.19950295140899724,0.40001588763080964,-6.159356935835575e-10,1.104249832960394e-09,0.0003515000691582649,-0.002569681359149564,-0.03996116928488351,0.007608397342550667,6.716606708746103e-14,6.909368368245017e-14
6.0200,-0.04400587704917272,-0.0002978199067174669,0.2451583513833018,-0.05469313097768544,-0.07883727790255225,0.005647224523331379,-0.0017115242144010445,0.00020525158923780196,0.005431543486444785,0.2998366198481011,-0.2992483164020396,0.32728507885991986,0.40009044334818417,-6.159327528035732e-10,1.1042528258248007e-09,-0.012167436221270683,-0.01840621963214015,8.700000003170524,0.009045553799683899,6.711584142182064e-14,6.902681551346213e-14
6.0400,-0.04406820084967294,-0.00028493337498939166,0.24527722579873035,-0.05475868780327388,-0.0792325580608453,0.005668101284767618,-0.0030408500471102197,0.00036497686037735474,0.0062950523749453775,0.2993555684339328,-0.29987768545094284,0.4363320000041399,0.4002532426695178,-6.15930351536278e-10,1.1042552728259396e-09,-0.027715554250828736,-0.033247230511441614,1.1525003174028825e-11,0.0002628604060514912,6.586666433626431e-14,6.776226986211081e-14
6.0600,-0.044069015251358104,-0.000270041508317191,0.24522608425054962,-0.05486378991793885,-0.07912568888331227,0.005679838057427915,0.0007564088141721475,0.0010567989734201015,-0.00535345694799197,0.29929118270149174,-0.2999481234139325,0.43633200000436995,0.39963270584513194,-6.1592874960665e-10,1.1042569170388224e-09,0.006741864776177539,0.0051193155605669186,1.13455911332494e-11,-0.028559692819322715,4.723172265623521e-14,4.9177946871009626e-14
6.0800,-0.044059150646681956,-0.00025101997529758505,0.2451565127745457,-0.05500938235713582,-0.07890544120511833,0.005692551522099352,-9.154479725392153e-05,0.0011458446674129125,-0.00244232976724719,0.29951511679102316,-0.2998899006367673,0.4363320000045321,0.3999098437022914,-6.159264876810449e-10,1.1042592311482307e-09,0.00804793753953554,-0.00040605276685789365,-7.074252295069527e-11,0.012788303263309604,1.2598055194532054e-13,1.286807574558957e-13
6.1000,-0.0440913096286529,-0.00022778398465991267,0.2451879680261183,-0.05519669866680104,-0.0790796486723195,0.005719518721154393,-0.0014524811762965204,0.0011042892891852476,0.0017247987720556488,0.29961848428087795,-0.29994686919812424,0.43633200000484845,0.40010291161812056,-6.159248147465793e-10,1.1042609524674237e-09,0.00040505510010623025,-0.0036177557546285197,1.1437961688898213e-11,-0.025038612837641597,1.0435520449072339e-14,1.2365166535003094e-14
6.1200,-0.04410806243149418,-0.0002030581090492206,0.24518799992458246,-0.05540999205988982,-0.07911326043396814,0.005743625766850782,-0.0009584977139507584,0.0012339793869132823,0.0006172823298570445,0.2997014354607264,-0.3000014066102605,0.4363320000049874,0.4000232793406421,-6.159236301053023e-10,1.1042621829336726e-09,0.004602170170112732,-0.003242967608578437,-7.075051655647258e-11,0.0014035399281820578,8.930371362108475e-14,9.19952184092257e-14
6.1400,-0.044146919846618636,-0.00017679413450487778,0.24524533568513684,-0.05564730799901172,-0.07936107208145862,0.005775202697612248,-0.0019257279825631115,0.0011263681729365496,0.0038288691166530114,0.2997835068545384,-0.3000832893291165,0.43633200000531547,0.4001080816110119,-6.15922747190354e-10,1.1042631160608794e-09,-0.001323850019166517,-0.004405777901745532,1.1437073510478513e-11,-0.031415581633225886,-3.004703690717703e-14,-2.8123701216703316e-14
6.1600,-0.04412549511466402,-0.00015198029904278228,0.2451717549868958,-0.05588761624365444,-0.07904404596900369,0.005789816488991594,0.0010188427947291148,0.0014642847125347794,-0.004173599297931793,0.29985821727191153,-0.30012590104519227,0.4363320000054521,0.3997517953874165,-6.159226711876123e-10,1.1042632358923382e-09,0.009719778020659535,-0.0018858754458505878,1.1755041384731157e-11,0.021208338030973665,4.6247212873509747e-14,4.8958450141189935e-14
6.1800,-0.044121479357318444,-0.00012696442539617285,0.24514836311169236,-0.05613227931007592,-0.07888057006669111,0.005810189204479702,-0.00035383075380884105,0.001238584147716854,0.00037003683407295666,0.2999917339273801,-0.30020847488153424,0.4363320000057092,0.4001184642961914,-6.159225757507703e-10,1.1042633809420483e-09,0.004037509192050065,-0.006049123501574452,8.22755197305014e-11,0.01803570526174578,-7.394149040881176e-14,-7.200328929011374e-14
6.2000,-0.04416556110440538,-0.0001024271467118263,0.24523969543444218,-0.056378273104784084,-0.07917525414245508,0.005843615325074222,-0.0023968730573850996,0.0008682773467000961,0.0064638011363422595,0.30003556213875804,-0.3003437847329981,0.43633200000571143,0.40038612005626883,-6.159227460441829e-10,1.104263263294725e-09,-0.0006899854461418845,-0.00647443798274952,8.247802441019303e-11,0.0009585252046532579,-9.141374723159457e-14,-8.950206840854097e-14
6.2200,-0.044167386982021585,-8.18798058475316e-05,0.2452347978835331,-0.05660531790353079,-0.07908541440695983,0.005862748589169371,0.0006695521208161649,0.001099096419659488,-0.0023693743293422918,0.30002272730923124,-0.300411182501448,0.4363320000056268,0.399853320032396,-6.159240015742247e-10,1.104262049936105e-09,0.006833212898212017,-0.0009667663270824453,1.4477308241112041e-13,0.009527815404520204,-1.029038558872505e-14,-7.581193058579534e-15
6.2400,-0.04416655706318667,-6.429501368261058e-05,0.24522805637033115,-0.05681178423765695,-0.07897034640707648,0.005879836743377962,0.0009864806658822956,0.0009756804050814217,-0.0030980229962490786,0.3000807443345897,-0.30045758210238055,0.43633200000570804,0.39987653387054306,-6.159253473230957e-10,1.104260747930278e-09,-0.0008029677395829035,-0.0020897129793827143,-3.1796787425264483e-13,-0.03704855214826784,-1.2821945653655742e-13,-1.2625684731645131e-13
6.2600,-0.044169744130625965,-4.987739365214392e-05,0.24523296084204724,-0.05699169599484275,-0.07888896848036171,0.00589645218159469,-0.0005335367545018919,0.0006106926764006224,0.0014545458543936119,0.3001743278679925,-0.3005048630065474,0.4363320000056266,0.40017615899738623,-6.159264469911292e-10,1.104259702153967e-09,0.0029758938669861013,-0.003409188850146405,1.5987211554602254e-13,0.02073276171322503,-3.85878361327998e-14,-3.5886719214773405e-14
6.2800,-0.0442003911354118,-3.890813170007499e-05,0.2452982117571956,-0.057144667447152464,-0.07907571871494075,0.005918120367977024,-0.0006081970082693843,0.0003939477915779234,0.0013850283207145965,0.3001466161623056,-0.3005774612262518,0.436332000005709,0.40010174682348687,-6.159283192178885e-10,1.1042578761765385e-09,-0.0041977247191893816,-0.0019301042054885517,-2.7355895326763857e-13,-0.04164967698733332,-1.501643048188589e-13,-1.4821759271310686e-13
6.3000,-0.04419046717148697,-3.3190454236317755e-05,0.2452677095802832,-0.057255799715020386,-0.07888113536319082,0.005925312051618321,-0.00017442235213698405,0.00025439780701550207,5.9814979964162186e-05,0.3001996208746609,-0.3005761674694282,0.43633200000570876,0.40009956831606003,-6.159301313671961e-10,1.1042561156942283e-09,0.0022774232485710047,-0.0008303445642511356,8.23154877593879e-11,0.016788441968968403,-1.558854228426304e-13,-1.5394399622246924e-13
6.3200,-0.04420973401062326,-3.082533264240414e-05,0.24530130998614358,-0.057333100339094896,-0.07896130364655951,0.005938415150535057,-0.0015604773532217554,-0.00011962473610246521,0.003822550466769558,0.30021691215699736,-0.30059352660605143,0.43633200000570954,0.4002929698066148,-6.159318218810681e-10,1.1042544719988082e-09,-0.0014157126814631701,-0.0015583342154514498,8.243716820288682e-11,0.006502909505921625,-1.5841212890055356e-13,-1.5648243876890955e-13
6.3400,-0.04421428919892932,-3.326092872592823e-05,0.24529519696978003,-0.05736897272803433,-0.07890900753805986,0.00594379335867594,-0.00030977354862611226,-0.00015876259772679003,-0.0001802779529439112,0.3001825265058906,-0.30058834424426195,0.43633200000562605,0.4000454577804697,-6.159340151993423e-10,1.104252325215176e-09,0.001919815308380854,0.0016801252160954863,1.2523315717771766e-13,0.00920870041632579,-5.824472306369122e-14,-5.5535532227611595e-14
6.3600,-0.04424119778434686,-3.833803262664314e-05,0.24533854678070868,-0.05737152413194309,-0.07907988342559348,0.005952995862376969,-0.0008322199624090752,-0.00034557791763440305,0.001304123721653766,0.3001658493615051,-0.3005671331932992,0.43633200000562655,0.40010854863497947,-6.15935945220535e-10,1.1042504430473601e-09,-0.003371522071826838,0.0017292821227502808,-8.279688046286537e-11,-0.022053636113266353,-5.52414423883249e-14,-5.253441318032667e-14
6.3800,-0.0442329030709079,-4.9863523750887366e-05,0.24529217185381305,-0.05732703594857485,-0.0789052068123647,0.005948655997303585,0.0010204111087992658,-0.00039176901290992295,-0.004739148094635926,0.3001387442524005,-0.30050514591452226,0.436332000005625,0.39981186358561366,-6.159381151995617e-10,1.1042483188999174e-09,0.0005478747652222296,0.004509188126377156,-8.252865058011594e-11,-0.014876908879729842,-5.159768283208993e-14,-4.8868786621525384e-14
6.4000,-0.04422317987687476,-6.337752132484476e-05,0.24524416695186738,-0.05724763107289056,-0.07871426639571366,0.005942229726775125,-0.00037990827665175184,-0.000654603783298051,-0.0005380651511088577,0.3001904691876727,-0.30043341614984553,0.43633200000562555,0.40013055542172704,-6.159395653448161e-10,1.10424691936164e-09,0.00023880254063778084,0.001719879918478405,-8.232259318674551e-11,0.020152026366330414,-4.291501914032922e-14,-4.020429009241738e-14
6.4200,-0.0442563776902381,-7.85203443334759e-05,0.2452905736272524,-0.05714181716571051,-0.07892735796997653,0.00594604180912793,-0.002304754079572913,-0.001020668830415617,0.004728987006110045,0.3001580736727307,-0.3004060717871296,0.43633200000570993,0.4003877952687566,-6.159408073289113e-10,1.1042457276110133e-09,-0.004006713075964778,0.0007445645432973824,8.242651006185042e-11,0.009667260533101567,-1.3048042464200438e-13,-1.285589879993984e-13
6.4400,-0.044289415206927835,-9.650368958813285e-05,0.2453302475447489,-0.05700937486277678,-0.07915381627938294,0.005946805377112046,-0.0004016731817823487,-0.0008967364305998571,-0.001204503224893932,0.30003424725589456,-0.30035526368279214,0.43633200000570943,0.3999537392044048,-6.159424771414452e-10,1.1042441024448468e-09,-0.004275324695643554,0.005362796193069744,-2.4513724383723456e-13,-0.033100332239450206,-1.1846022752136365e-13,-1.165173778858511e-13
6.4600,-0.04424221620216088,-0.00011796859484585685,0.2451857510623266,-0.05684173148759459,-0.07861718666938768,0.005922938663878021,0.0022219094125027184,-0.0006166696743644961,-0.008652456998341777,0.3000406104577068,-0.3002162927304685,0.43633200000562405,0.39963972505430484,-6.159438382265623e-10,1.1042427875435068e-09,0.005945671555546005,0.006865467759232302,7.37188088351104e-14,0.027940059302273043,-6.9460987661565735e-15,-4.2113783570467064e-15
6.4800,-0.044220354194811316,-0.00013886301710120988,0.24510181007203788,-0.056658348331274706,-0.07829830166695495,0.005906519423236519,0.0005609465307598978,-0.0008321079683420891,-0.0037891679828907254,0.3000653368241304,-0.30014467408805173,0.4363320000056236,0.4000284426923839,-6.159445515460297e-10,1.104242123481989e-09,-0.0013862929667872725,0.001905934047892105,-8.216183289277978e-11,0.010205372644102558,4.9922902183724416e-15,7.721511689588734e-15
6.5000,-0.0442553428131965,-0.00015846594840932947,0.24514442126725428,-0.05646994582427353,-0.07850969258697642,0.0059060436951861965,-0.0023532098774197473,-0.001191263819156953,0.0043243352926421435,0.30000744170135535,-0.3001316590822486,0.4363320000056261,0.4004026845140708,-6.159446206644196e-10,1.104242108175243e-09,-0.006153904855599968,0.00013813957318061648,2.042810365310288e-13,0.0014100412443364026,2.5060648814381054e-14,2.7753922207315873e-14
6.5200,-0.04431881431057895,-0.00017768814464669638,0.24524487301114492,-0.056280909600867755,-0.07900377196765766,0.005912607100612134,-0.0031328407258665813,-0.0012783938025716032,0.006150537373568558,0.29989775259320955,-0.3000978100241342,0.4363320000056283,0.40031621805325585,-6.159445486847797e-10,1.1042422266100192e-09,-0.0050191976896512,0.0030346848504131593,-8.231726411622731e-11,-0.002308088299324513,4.4989185987720504e-14,4.7663113148140035e-14
6.5400,-0.04434323776063856,-0.00019765636388749934,0.24525216224848898,-0.05608985492268983,-0.07914819174971734,0.005906997234382974,0.0003509489872066961,-0.0008120313659426487,-0.004085588964439595,0.2997817189222872,-0.30001653326417094,0.4363320000057095,0.39976326839160753,-6.159449562354413e-10,1.104241854756887e-09,-0.00619372183037209,0.007320171825826387,-2.922107000813412e-13,-0.05796650331728766,-4.316432804176047e-14,-4.121866964499482e-14
6.5600,-0.044311791007850404,-0.0002169014751553196,0.24513819195635664,-0.05589851840776871,-0.07875388503849982,0.005887050283045256,0.0006567906050395213,-0.0006739010232708015,-0.0043687388369912945,0.2998501310334732,-0.29982971049588414,0.4363320000056257,0.39978131384346505,-6.159442987402477e-10,1.1042425706258645e-09,0.003876743806666333,0.0048931778216866825,1.5720758028692217e-13,0.029560859304917142,7.203780757678024e-14,7.474935655258502e-14
6.5800,-0.04434499720961007,-0.00023190007853980286,0.24517894314350214,-0.055730618169449395,-0.07896262655686236,0.005887190722507278,-0.0016840527716570676,-0.0008570858639791677,0.002670284009498619,0.2998475918028434,-0.29979611659548644,0.43633200000562733,0.40018448608185353,-6.159433449670291e-10,1.104243567121366e-09,-0.004966768894012055,0.0006738565735694771,-8.23074941536106e-11,-0.00585437411043313,8.405319355028057e-14,8.674194717540884e-14
6.6000,-0.04440177108430748,-0.00024408390480227417,0.24527597938762502,-0.05558688856054959,-0.07940542733492452,0.005894942250778497,-0.002814608280182034,-0.0008919130176870075,0.006130842061979571,0.29977524497776076,-0.29976898140277397,0.4363320000056295,0.40019879763000726,-6.159419819843542e-10,1.1042449817394592e-09,-0.004286780920766495,0.001450028482966964,-8.243272731078832e-11,-0.004564842911015967,1.0054844869038237e-13,1.0321458314768717e-13
6.6200,-0.044411957162882584,-0.0002549180991156186,0.24527020989527026,-0.055462959648013434,-0.079423977974445,0.00589040670976543,0.0002728825496768838,-0.00039227748843349267,-0.002492052666151283,0.29968742270409987,-0.2996957187593113,0.43633200000571004,0.39962409855524783,-6.159411345397861e-10,1.1042458767194962e-09,-0.00269114274754971,0.004744818858015407,-2.9753977059954195e-13,-0.038260336099128184,9.765866365368456e-15,1.1707262492343523e-14
6.6400,-0.04436695175855146,-0.00026325114838589585,0.2451486653443852,-0.055358861591791465,-0.07890912454987956,0.005873362250265752,0.0011838134531372067,-0.00010921506590921703,-0.00436288852629692,0.2997662100324335,-0.2996119656026893,0.4363320000056263,0.39972950737821467,-6.159396347043064e-10,1.1042474235512308e-09,0.006763589507988166,0.001713140932421621,1.4299672557172016e-13,0.045254468510931026,1.1292155361816714e-13,1.156242256886847e-13
6.6600,-0.044389916772950684,-0.00026595742157682785,0.2451903516195094,-0.055294806581420844,-0.07902656204175376,0.005878525296340497,-0.00132657535620607,-0.00025114324504941804,0.003173835331647945,0.2997698066317889,-0.29964889938343436,0.43633200000562755,0.40017758902021205,-6.159378156998324e-10,1.1042492925162689e-09,-0.0027194553393003543,-0.00298706434577755,1.6697754290362354e-13,0.005470361169054458,1.1746810121837648e-13,1.2014854714435808e-13
6.6800,-0.04443200799989258,-0.0002652456733693466,0.24527536014714238,-0.05526686727169309,-0.07933833380087087,0.005890705907565272,-0.0010841754513061077,-7.717068811316056e-05,0.002393245748449151,0.2996810912445076,-0.2997025675898703,0.43633200000571076,0.40000255829601017,-6.159362861786668e-10,1.1042508685886174e-09,-0.005013973527023617,-0.0009084336498411394,8.246736626915663e-11,-0.03325655834110286,2.3006410958172768e-14,2.4924412035144672e-14
6.7000,-0.044400676648371905,-0.0002631433350409945,0.24519301081244166,-0.05526136765992401,-0.07896076317113117,0.005884394162489086,0.0016454646644518105,0.00042315630786558236,-0.00532506283779474,0.2996794500919161,-0.2996845311685683,0.4363320000057079,0.39960677029806707,-6.15935088970583e-10,1.1042521106686377e-09,0.0029075399272707053,0.0009768166269612105,8.22657497678847e-11,-0.0046094157166973945,1.85667656921705e-14,2.0518275392535784e-14
6.7200,-0.04438714778089426,-0.0002568179458873099,0.24515498703239053,-0.05528920841705392,-0.07873678779632329,0.005886540081279065,5.8588443169035895e-05,0.000404760227097193,-0.0005696339165459362,0.2997650994059375,-0.29971038291532653,0.436332000005626,0.40002791828926354,-6.159332000061072e-10,1.1042540506803267e-09,0.0037912452547180925,-0.0034135613411695256,1.758593271006248e-13,0.03283248476420992,1.1229594185958869e-13,1.1498788032859864e-13
6.7400,-0.044434041240073184,-0.0002462015160928726,0.2452522930277989,-0.05535559744672876,-0.07908534811613602,0.00590788564528424,-0.0025986233850501914,0.00021736613021863994,0.006842481629315969,0.2997642351051673,-0.2998094616114718,0.43633200000562866,0.40036637343957304,-6.159312762539038e-10,1.104256027628571e-09,-0.00061915827300036,-0.004860874779719811,2.779998453661392e-13,0.01704721074544573,1.0964121863014931e-13,1.1229965525202945e-13
6.7600,-0.0444421026090416,-0.0002348197820128727,0.24525327905710329,-0.05544494182024757,-0.0790855613380302,0.005918888259433222,0.001024763741151406,0.0007677241605610262,-0.004072426752473818,0.2996857984575624,-0.2998553221559632,0.4363320000057082,0.3996591460531363,-6.159308826102204e-10,1.1042564600717379e-09,-0.0006043983184201712,0.0006560568560430372,-3.4638958368304884e-13,-0.04580937039197555,-1.3831404283622811e-15,5.679965775062107e-16
6.7800,-0.04442369532902976,-0.00022166759055080584,0.24519446978042844,-0.05555326729043885,-0.07882446874578755,0.005925172847647496,-0.00025392264959436177,0.0007300198646254326,-0.0001909607864709969,0.299834476588554,-0.29985588260125373,0.43633200000562633,0.4000201608959208,-6.15929356002981e-10,1.104258040487839e-09,0.005188748322328997,-0.0030455116713916097,1.794120407794253e-13,0.030741013171893043,8.638410624838e-14,8.907594984969985e-14
6.8000,-0.0444780506331113,-0.0002052635226807227,0.24530033993328104,-0.055692089585951364,-0.07925401752096924,0.005953295276243161,-0.0025146675490254093,0.0005122518948894671,0.006100176634056631,0.29985534780964834,-0.2999418748090934,0.43633200000571126,0.4002976534475623,-6.159282843678847e-10,1.1042591591170875e-09,-0.002781439515913635,-0.0044393554837925744,8.252243333117804e-11,-0.015059973015424173,-2.0703872169740463e-14,-1.879827250214931e-14
6.8200,-0.04445424923624806,-0.0001904102133621415,0.24522289016252857,-0.05583456381906494,-0.07895789907737105,0.005959008357146185,0.002146829360310646,0.0011209423721524154,-0.007541839976796139,0.2998542934521754,-0.2999609206966404,0.4363320000056252,0.39956454548959264,-6.159283472794941e-10,1.10425914151832e-09,0.009167984169332198,0.001488854610219456,-8.253930872115234e-11,0.009283726595011844,5.937742973086829e-14,6.209851968579094e-14
6.8400,-0.044413083701379495,-0.0001749434204341984,0.2451094854255678,-0.05598131865001948,-0.0784785294983503,0.0059614812154290065,0.0014616898748921906,0.0010740640429974593,-0.005296130170333649,0.29998184630584596,-0.29997292970946265,0.43633200000562394,0.39980197906705156,-6.159281650086563e-10,1.1042593647768414e-09,0.005941598109136345,-0.0024814861340653957,-8.22790724441802e-11,0.013428962428826779,4.3727764193878665e-14,4.645659264180743e-14
6.8600,-0.04438452263565303,-0.00015894422985383857,0.24502405846469905,-0.056129231695740044,-0.07810161673709787,0.00596795988559108,0.000925969934102363,0.0010141570797855184,-0.0038764313238083318,0.3000770484386158,-0.3000620567423961,0.4363320000056231,0.4000520745579773,-6.159282041585799e-10,1.1042593796121087e-09,0.004588773935717508,-0.004988806999931879,-8.203038248666417e-11,0.02195460203636924,2.5854006977833743e-14,2.85823746398392e-14
6.8800,-0.044404242039153705,-0.00014260632855134323,0.24504350473575015,-0.05627741473235597,-0.07817324061615553,0.005987993983156762,-0.0013820165043323582,0.0006903429534117745,0.0023406314578950536,0.3001069085759605,-0.30018128912737974,0.4363320000056243,0.4003228090909339,-6.159284054557667e-10,1.1042592280993209e-09,-0.001242949020372447,-0.0058831825472445975,-8.197265088938366e-11,-0.0025631567266813024,1.3600248992317113e-14,1.631293976853479e-14
6.9000,-0.04449857507411955,-0.0001265739124822653,0.24522531493897892,-0.05642702874615325,-0.07896236703806706,0.006028219819392142,-0.00497728054780798,0.00014358294688681172,0.01220243032607537,0.30010408375211933,-0.3002841494060805,0.4363320000056294,0.400653623433068,-6.159282554136004e-10,1.1042594310070763e-09,-0.0026637187768520157,-0.004429170326896492,3.526068326209497e-13,0.00714975602276819,1.1579194498850462e-14,1.4234802030686777e-14
6.9200,-0.04456673147658301,-0.00011451676733323032,0.24533993208354618,-0.056562683469198634,-0.07953923684188402,0.006057842993710693,-0.0019333225798332885,0.00037240026713290965,0.0030801225648347296,0.3000202084134699,-0.30028753894318966,0.43633200000571176,0.39987390967853126,-6.159296175999245e-10,1.1042581134708678e-09,-0.0009044977747877728,0.0038626674620682935,-2.113864638886298e-13,-0.04735887655365384,-9.856042848185864e-14,-9.663362503849887e-14
6.9400,-0.04452381052482351,-0.00010755653063715352,0.24520716498008616,-0.05666678160889364,-0.0790725376041803,0.006053927624717046,0.0023524245952747237,0.0007814984171339533,-0.008668269202066974,0.3001141774118044,-0.30017673987963694,0.4363320000057079,0.39938329834063285,-6.159311176203703e-10,1.104256654409811e-09,0.006365194364074789,0.005451722104453723,-3.8546943414985435e-13,-0.018449423443026965,-1.1233987915262866e-13,-1.1036095268982665e-13
6.9600,-0.04450109812338637,-0.00010139010963670075,0.2451360041093183,-0.05675284728085266,-0.07877333359111549,0.006055887268135547,-2.524848590916103e-05,0.0003652157570970749,-0.0008840895806865475,0.30029596185206064,-0.3001363351439461,0.4363320000056265,0.40006489945436424,-6.159316252603719e-10,1.10425619975605e-09,0.0052851072903841445,-0.0017883867939662013,1.6431300764452317e-13,0.03999946279758304,-1.8225789614637966e-14,-1.551691281602354e-14
6.9800,-0.044496699229590674,-9.715590860628921e-05,0.24511331438072795,-0.05681752428070491,-0.07864245465558645,0.006061070823453984,0.0002724686192968113,0.00025611851189174183,-0.0014831038917243649,0.3002864910411587,-0.3001879977809648,0.4363320000056256,0.4000580621935145,-6.159329595534352e-10,1.1042549102456833e-09,0.001807163793079082,-0.0019606623504305268,1.4566126083082054e-13,0.011279197373850285,-2.4621994167920574e-14,-2.1903334350523596e-14
7.0000,-0.04455835805097161,-9.410914581372996e-05,0.24524571340593534,-0.05686703002433678,-0.07913796972812488,0.006083860997792879,-0.003677999223151332,-0.0004030834582464375,0.010121375392985021,0.30028927801292143,-0.3002528743129544,0.43633200000562966,0.4005704716900585,-6.159335334826986e-10,1.1042543920871354e-09,-0.0030015706203651155,-0.0038975642436811855,2.877698079828406e-13,0.023458985013345465,-1.9046019474825825e-14,-1.6383844896549447e-14
7.0200,-0.04459464437503473,-9.551048945468651e-05,0.24531827212419846,-0.05689043662646697,-0.07942293598747853,0.006095566387887434,0.0002151119300265084,-9.790861910493778e-05,-0.0012889334485025703,0.3001310941332027,-0.30027228912224657,0.4363320000057104,0.3997655123214107,-6.15935536876062e-10,1.1042524300697306e-09,-0.0028757659073410102,0.00378544076853609,8.250022887068553e-11,-0.0473905833206336,-1.2108268218364443e-13,-1.1913798940443865e-13
7.0400,-0.044530439737588634,-0.00010170167629807159,0.24516779960731885,-0.0568743800678116,-0.07875275123390256,0.006077017539861826,0.002718639923236505,0.00010250934454056923,-0.007902790814317929,0.3002033541241181,-0.3001715008499079,0.4363320000056247,0.3995678333730612,-6.15936970850362e-10,1.1042510430874815e-09,0.008334412826054724,0.003785541318960292,9.14823772291129e-14,0.03868577819365712,-2.0919940957222615e-14,-1.8186420793799007e-14
7.0600,-0.04450079331203907,-0.00010834468466405191,0.24510326616907738,-0.05683810400786958,-0.07838762924812012,0.006068049128501353,0.001146207318163121,-0.00018241059042055458,-0.0031338821800014904,0.3002473403259797,-0.3001715366802331,0.4363320000057061,0.4000304585890506,-6.159380623518411e-10,1.104249998090078e-09,-0.002902582282689678,-0.002131235454149512,-3.1175062531474396e-13,-0.0006436042443536301,-1.2041874387826862e-13,-1.1844964299765476e-13
7.0800,-0.04449578073071067,-0.00011619548048521385,0.24509151753677008,-0.05678103272776105,-0.0782473685687253,0.006064832712211537,0.00012065877450105446,-0.00038736641684654805,-0.0005143593858878937,0.3001969629294561,-0.30022124302038306,0.4363320000056242,0.40020315565225756,-6.15939017466973e-10,1.1042490956084935e-09,-0.0009980521936219164,-0.002073157889210586,1.5543122344752192e-13,0.02182707959004417,-1.2701871025382625e-14,-9.987163887234009e-15
7.1000,-0.044528726601279725,-0.00012504923272532113,0.2451574684163561,-0.0567082438910125,-0.07846749057778303,0.00607116598728574,-0.0019400306118740013,-0.0007115087173595138,0.004811149951863158,0.30012059133345076,-0.3002615885105478,0.43633200000562566,0.40036288360262184,-6.15939775348527e-10,1.1042483873064103e-09,-0.0049059349688233694,-0.0015075137425383106,-8.210232493865988e-11,0.004048569514054516,-2.3266741452313694e-15,3.686829487536958e-16
7.1200,-0.04461470824875329,-0.00013476269168283112,0.2453332007520496,-0.05662848052725644,-0.07920923064877089,0.00609082469388402,-0.0035353287590586453,-0.0009861814114141862,0.00867907679999758,0.2999961006723775,-0.3002713821843126,0.43633200000571104,0.4003375914540056,-6.15940343948968e-10,1.1042478668015778e-09,-0.011297733458198365,0.0013255197367110574,-1.4566126083082054e-13,-0.052097638486824416,-8.844292485876704e-14,-8.653144932362078e-14
7.1400,-0.044584444026818444,-0.00014894831371076528,0.2452347901811737,-0.05652079126807821,-0.07886989029814198,0.006074873322710419,0.0021292049137745465,-0.00030822333764174675,-0.007958290189315567,0.2999253896451686,-0.3001506154057064,0.43633200000570743,0.3994461881524304,-6.159415752660759e-10,1.10424667553892e-09,0.00545567113695293,0.008802027965066836,8.22550916268483e-11,-0.0005915602295371476,-8.224164079785601e-14,-8.027640238748163e-14
7.1600,-0.04457834552223814,-0.00016203696131233017,0.2451956928956882,-0.05640800941799439,-0.07874098105298458,0.006066990070163856,-0.0005735894986378834,-0.0006299260032896908,9.94607953216031e-05,0.300029898055117,-0.3000401840333026,0.43633200000562605,0.4000472195576739,-6.159414926561724e-10,1.1042468120982082e-09,0.0009942604703617464,0.0020606054423233794,1.5010215292932116e-13,0.02424403282046839,2.7539941356048703e-14,3.024181382746405e-14
7.1800,-0.04461593202514002,-0.00017392253748586733,0.24525516771152325,-0.0562977190925436,-0.07902625190346274,0.006071152712343027,-0.0019856713937422906,-0.0007987904552922571,0.004018889335956297,0.2999887126802953,-0.30001935740423336,0.4363320000056277,0.400231360220273,-6.159414217353441e-10,1.1042469322785287e-09,-0.0034074990579369135,0.0010609204386822155,1.9539925233402755e-13,-0.0003343459395859748,3.9067768388845875e-14,4.175132461980979e-14
7.2000,-0.04463320342067501,-0.00018630819924231716,0.24526550704840733,-0.05618550146133186,-0.0791321593263305,0.006068655785440976,0.0001393425776132858,-0.0005208970595414234,-0.0022601238958941386,0.29989993138381416,-0.2999653995297563,0.4363320000056268,0.3997835438412436,-6.159416886267251e-10,1.1042467127449767e-09,0.0007782110333313663,0.005063170972826152,1.0391687510491465e-13,-0.01006610808748033,4.810615881339908e-14,5.0811622704510784e-14
7.2200,-0.044640649040193076,-0.00019787910730535916,0.2452571836063166,-0.056076033132107954,-0.07914200731439514,0.006064254638696635,-0.0009836463447240261,-0.0006132139644010797,0.001328956167210638,0.29993702373243114,-0.29989109724064816,0.43633200000571004,0.400013007403383,-6.159412703626757e-10,1.104247177676588e-09,-0.0029940250452842668,0.0018606856721200549,-2.2648549702353193e-13,-0.007583472325018405,-4.2171425856593614e-14,-4.02420135517563e-14
7.2400,-0.044640273080323915,-0.0002083415189205721,0.24523434044464837,-0.05597325652190302,-0.07907814186684321,0.006058068254890245,-0.0002946650877581755,-0.00046985753635549345,-0.00044583676591366893,0.29991859198675763,-0.2998419598313396,0.4363320000057096,0.399951398150485,-6.159408864934427e-10,1.1042476113470009e-09,-0.0013975268342986263,0.001635395407729022,8.237233117824871e-11,-0.0022921920358058012,-3.430923215886131e-14,-3.237517472534125e-14
7.2600,-0.04465804029166304,-0.00021682423707457062,0.24525672981577212,-0.05588447953155681,-0.07918714851965142,0.006057933800293443,-0.00041980792089563667,-0.00042178670003982006,7.436554821125914e-05,0.2998737073140349,-0.29982414192147794,0.4363320000056269,0.3998952770118483,-6.159403932406517e-10,1.104248151501976e-09,-0.003976213037081788,0.0016049389436466888,-8.255529593270694e-11,-0.030457908854804185,7.039085026666614e-14,7.309456588177471e-14
7.2800,-0.044652161192959984,-0.000224088188139004,0.24522858213384122,-0.05580573363841267,-0.07907142223053777,0.006052256323912505,-0.00023041200789746864,-0.0003131563030945251,-0.00017059371868716693,0.29988917730166825,-0.2997882343817336,0.4363320000056272,0.3999644452829581,-6.159394967787487e-10,1.104249097372493e-09,0.001119593100905529,0.0006819673780050287,1.8118839761882555e-13,0.016079430442860414,7.75415159599141e-14,8.023322403596239e-14
7.3000,-0.04466760546266867,-0.00022882044195259268,0.24525252734828037,-0.055746073867235166,-0.07915606206451392,0.006054031003992277,-0.0010248281481236962,-0.00032240403268352785,0.0022852074716698,0.29987801649774565,-0.299789100306343,0.436332000005628,0.40008953644322365,-6.159385733526659e-10,1.104250067334936e-09,0.0002280317634451648,-0.0004828969223247409,1.9895196601282805e-13,0.01681087551894984,8.287696971840536e-14,8.555690064835503e-14
7.3200,-0.044674074241549344,-0.00023205787180310457,0.24525632718861598,-0.05570365195296098,-0.07916463181345713,0.006053976338222982,0.0009429503004397067,4.7469394423262245e-06,-0.003438349169574909,0.29980269664898307,-0.2997961814121326,0.4363320000057088,0.39973235146058445,-6.159381756664189e-10,1.1042505088194941e-09,-0.0031221208206704057,0.0016254639043650904,-3.455014052633487e-13,-0.04043470320449556,-1.583397397708153e-14,-1.3885943888063568e-14
7.3400,-0.044645856555609126,-0.00023368639106205563,0.2451843929346581,-0.055673597911137795,-0.07883391606954196,0.006046375916159954,-2.3700944877795008e-05,5.467976039221573e-06,-0.00027499191489028304,0.29989310238299055,-0.2997667931302771,0.43633200000562666,0.40004748773906645,-6.159368219849161e-10,1.1042519163846542e-09,0.0042019439601479885,-0.0016375726705466845,1.7141843500212417e-13,0.04454496603220693,8.518168538151211e-14,8.786996466818991e-14
7.3600,-0.0447028572287647,-0.00023119931405274214,0.24530758626536436,-0.05567539611352316,-0.07931025079518554,0.006064407029053078,-0.0028118418354956204,-0.0002509206422414663,0.007606366680702682,0.2998519997391194,-0.299836753335251,0.4363320000057113,0.4003485028498762,-6.159357644129262e-10,1.1042530201192091e-09,-0.009854653266885838,-0.003996442938021927,-1.9273471707492718e-13,-0.04046342916750135,-1.1917845894459256e-14,-1.0011465262490735e-14
7.3800,-0.044669878867590725,-0.00022969448853183704,0.24521987529449063,-0.05568377630195702,-0.0789523456690802,0.006056890590015942,0.0030467033746211184,0.0005561512034884978,-0.009560097517154802,0.29976521325494,-0.29982734328390376,0.4363320000056242,0.3993665112127136,-6.159356869120724e-10,1.1042531413819259e-09,0.006124471496888946,0.004047914455526894,4.529709940470639e-14,-0.011946674502994595,7.931727648811948e-14,8.205224423084995e-14
7.4000,-0.0446289753202093,-0.0002257376490161376,0.24511835488807687,-0.05570653182387054,-0.07849544297827407,0.006050238814286038,0.0008242035895595484,0.0004047889527845006,-0.002801322924909459,0.29991320126836746,-0.2998130471520556,0.4363320000057066,0.3999598837974848,-6.159346041199327e-10,1.1042542728413319e-09,0.0012041312777626434,-0.003200862505507676,-2.575717417130363e-13,0.014354129096519917,-2.354973685405725e-14,-2.1595388746285717e-14
7.4200,-0.044648803912254946,-0.00021856225165141303,0.2451525465989486,-0.05575225430681199,-0.07860549108994465,0.006062007788446764,-0.0009809612577434577,0.0002676145472992358,0.0020377940485156,0.29990741999585674,-0.2999079174123166,0.43633200000570793,0.4002371495165581,-6.159336636565459e-10,1.1042552654346584e-09,-0.003582209577214772,-0.004580385204897945,8.217782010433439e-11,-0.011732701519085415,-2.7696430693053935e-14,-2.576078083759304e-14
7.4400,-0.04471971337445158,-0.00020946927442095658,0.24529621697547854,-0.05581923711722647,-0.07920891512568903,0.006088890068148342,-0.003861060681059146,-4.1799748916786866e-05,0.00994339711659061,0.2998905300196632,-0.2999836731580569,0.4363320000056297,0.400486405332055,-6.159324299415114e-10,1.104256551065196e-09,-0.0031458206833652955,-0.0035690281566137586,-8.233946857671981e-11,0.0041079275176559606,7.226189861330584e-14,7.491275937250574e-14
7.4600,-0.04476621681535384,-0.00020117411388756603,0.24537706757836014,-0.05589746980467884,-0.07961111757662342,0.006107951923986658,-0.0004906063799429536,0.00038085586499273595,-0.0001768665821942914,0.2997985376797797,-0.2999913042117527,0.43633200000571143,0.39975454520294557,-6.159325030659284e-10,1.1042565178956962e-09,8.107087973267812e-06,0.0035305136784682598,8.263256745522085e-11,-0.041453531263350545,-3.372320394397395e-14,-3.1799171992417594e-14
7.4800,-0.044682967888903496,-0.00019523687848859618,0.2451653082829909,-0.055966351428530854,-0.07878387721766315,0.006090786113172676,0.004571610525116855,0.001048910010954292,-0.014331958117092572,0.29989369915424785,-0.29989259430947424,0.4363320000056231,0.39916766915293245,-6.159329444000959e-10,1.104256118851512e-09,0.010522772166401607,0.004943681777830236,-8.256684225216304e-11,0.0001373689167181412,4.871419294425611e-14,5.147115643856087e-14
7.5000,-0.044591800776801374,-0.0001875413016348596,0.24494541508565118,-0.05603540508028919,-0.07783928935989445,0.006073808632287889,0.0029873231988028414,0.0009189719054117409,-0.009160623304833504,0.3001056913803105,-0.2998867376977105,0.43633200000570316,0.3998435870370331,-6.159327066048388e-10,1.1042564072022829e-09,0.004811899477129372,-0.0046424074850180685,8.175948806865563e-11,0.027011721835927805,-6.384617227267464e-14,-6.185107086871186e-14
7.5200,-0.04454597025307671,-0.00017793021683750962,0.24482701244153549,-0.056105804302285844,-0.07729205177399895,0.006070498314539992,0.0009786730221440234,0.000708885223804491,-0.0037133859238329936,0.300152864528931,-0.30002141307514035,0.4363320000057018,0.40026178076098834,-6.159328487337284e-10,1.1042563148762677e-09,-0.0018860845734114118,-0.00851414993755975,8.15667533515807e-11,0.006052731187627836,-7.575141008171402e-14,-7.375760972035822e-14
7.5400,-0.04457487725777316,-0.00016715456288806407,0.24486676862902035,-0.056178194129750225,-0.07744112257090252,0.006088321632695607,-0.0022020091019925047,0.0003110928384444442,0.0045019346138666,0.30012309386319747,-0.3001857024726279,0.4363320000056227,0.4005996863777838,-6.159327441792813e-10,1.1042564718060548e-09,-0.0023588629665202213,-0.007624952421559965,2.708944180085382e-13,0.018427075563262174,1.9251242852451333e-14,2.1962886695946204e-14
7.5600,-0.04465145097014963,-0.00015725305660287326,0.24499747948995398,-0.056248637572301106,-0.078057115114285,0.0061180601033128034,-0.0034369329474019565,0.00010262481551268879,0.006955009633385649,0.30003144987226626,-0.30028779795885585,0.43633200000562544,0.400459427625933,-6.159330657661549e-10,1.10425619898856e-09,-0.0022264918393455346,-0.0021046026299312084,-8.177192256653143e-11,-0.001766692897708682,1.8775318756311665e-14,2.1468205902222537e-14
7.5800,-0.04479213356386004,-0.00014829998033183254,0.24526358977032928,-0.05632207966595878,-0.07930933291822997,0.006164432780413315,-0.006476411333671386,-0.00038248324747898856,0.015189566960030983,0.30000725178353405,-0.3003005269602448,0.4363320000056298,0.40058221414107115,-6.159329373188261e-10,1.1042563659202751e-09,-0.0048055066460978985,8.655564682671923e-05,-8.208544954868557e-11,-0.01307254771204798,2.3128383702577388e-14,2.578210404500722e-14
7.6000,-0.044857010783743746,-0.00014410104577931656,0.24535452068703592,-0.05638094208154903,-0.079890666496697,0.006185781119299637,-0.0009510277792575204,0.0001662051956801256,-0.0006332684927014776,0.2999192080286279,-0.30017073365966007,0.4363320000057131,0.39950222554993625,-6.159341358762672e-10,1.1042552200777735e-09,0.0027355921340074876,0.010762766067404492,-2.220446049250313e-13,-0.05106423306936014,-7.907052562618894e-14,-7.714160798859282e-14
7.6200,-0.04478392453566581,-0.0001441464418512566,0.2451494690097255,-0.0564121001825737,-0.0791662431049207,0.006167112108835891,0.004072043553184311,0.0007039509441185527,-0.01368871822345195,0.3000833435552696,-0.29995355779758287,0.4363320000056254,0.39905569704422655,-6.159353211979614e-10,1.1042540777959239e-09,0.012035273930927903,0.009413080192117833,-8.266809459200886e-11,0.003405529874888291,9.558848124927716e-15,1.2313582228515307e-14
7.6400,-0.04472083295152698,-0.00014345025240144465,0.24499409529395583,-0.056431801088902764,-0.07849869731052538,0.006152589621289227,0.0016242539285792306,0.00033592706315517854,-0.0050115728171021764,0.3003066837313959,-0.2998841180934693,0.43633200000570704,0.3999147635832591,-6.159355847810078e-10,1.1042538660165857e-09,0.0020767361718206923,-0.002637904518895534,-3.2507330161024584e-13,0.021758113574460575,-9.596357454337567e-14,-9.398970317320288e-14
7.6600,-0.044694098948949976,-0.00014247702541717416,0.24493530162493993,-0.05644105652631812,-0.07815572602072492,0.006147916680657747,0.000495671603214599,0.00011600168714882466,-0.0011418673740009485,0.30031031972827776,-0.2999690214842917,0.4363320000056244,0.40020371299193164,-6.159361617767529e-10,1.1042533391820282e-09,0.00027578309052832956,-0.005430706045474569,1.6431300764452317e-13,0.029092064526436826,1.34236087414967e-15,4.066157946371746e-15
7.6800,-0.04475913033667957,-0.00014086966828388223,0.2450898740405573,-0.05644900839182462,-0.07868210500846876,0.00616875357538279,-0.003421242434466225,-0.00047501094309884695,0.010174360235407765,0.30023019982798455,-0.3001009141347093,0.43633200000562805,0.40062684988786823,-6.159362562662122e-10,1.1042532970865065e-09,-0.007023493474836849,-0.006163527248105115,2.922107000813412e-13,0.007204941797763886,9.51742821380698e-15,1.219101656104761e-14
7.7000,-0.04487292658268439,-0.00014088937367604055,0.245351748717453,-0.056455178684911726,-0.07970663494021928,0.00620102346310332,-0.003936000911139232,-0.0006759472843957475,0.011361561806579636,0.30002375997806396,-0.30017798914118937,0.4363320000056309,0.4002343087914569,-6.15936809917582e-10,1.1042527922444446e-09,-0.009865516832160366,0.0010394007623925061,-8.262990291996175e-11,-0.05628360888678995,1.9895502888396532e-14,2.2558228885121573e-14
7.7200,-0.04488075599285142,-0.0001457061309508817,0.24537294123117867,-0.05644003234656483,-0.07976107296088776,0.006200863795634846,0.00045676232027130686,-0.00022362442338020165,-0.000977590870689685,0.2999717794491559,-0.3000807892451644,0.43633200000571176,0.3995460064703198,-6.159376857139452e-10,1.1042519574263159e-09,-4.77374312224596e-05,0.006411699762863578,-2.7977620220553945e-13,-0.02830996637293234,-7.682805672031001e-14,-7.489623206563892e-14
7.7400,-0.04478093266729355,-0.00015322856714879753,0.24515978288299156,-0.05640182241143596,-0.07878641590927257,0.0061700982240611105,0.004638613501856366,0.00027927894173703085,-0.012257594685567818,0.3000572010795787,-0.2999514741931062,0.4363320000056238,0.39928080474629246,-6.15938576642945e-10,1.1042511112354072e-09,0.010351323457926519,0.004697478557561717,-1.2434497875801753e-14,0.038370804223591,1.958193129132299e-14,2.2327761384569045e-14
7.7600,-0.0447494866826932,-0.00015811059168264165,0.24511292920341296,-0.056364780311419796,-0.07842455337375363,0.006160794463603038,0.00015861438481459887,-0.0002647881978558942,0.0010775018985928083,0.30016265349814836,-0.2999755361203428,0.436332000005625,0.40027609933956065,-6.15938257820665e-10,1.104251483805641e-09,-0.0004455863777308722,-0.005504542525492699,1.5987211554602254e-13,0.0442365903681403,2.3345027625430725e-14,2.6047469302986626e-14
7.7800,-0.0447969333278353,-0.00016159894811740354,0.24523923721077304,-0.05633328161925516,-0.07881195943042359,0.006173414464432854,-0.002428534626205092,-0.0005977288687445789,0.00788658421875805,0.3000500903204823,-0.30009563663537975,0.4363320000056275,0.4005306925810207,-6.15938114782252e-10,1.104251677575195e-09,-0.005067076304156454,-0.004887278891499605,2.5845992013273644e-13,0.016631008300244957,3.2603626287479315e-14,3.5272288291098713e-14
7.8000,-0.044853674748071434,-0.00016615856793203144,0.24537290173083556,-0.05630195472425125,-0.07931376952167567,0.006187179428401221,-0.0011788045829069058,-0.0004617699179948714,0.0033908282993828655,0.29987841274838795,-0.30014462576327,0.4363320000056279,0.40004302451978474,-6.159384774524257e-10,1.1042513598790489e-09,-0.0042345856582067035,0.0018542688364907647,-8.260769845946925e-11,-0.028297073110221182,3.957278976078962e-14,4.2254367322788755e-14
7.8200,-0.04480983810226608,-0.00017350237504329538,0.2452681672026538,-0.056255973825436865,-0.07887441356521141,0.006171661071339899,0.003048733549505345,9.386721123675492e-05,-0.009168366382874157,0.299848474374691,-0.3000615539811955,0.4363320000057062,0.39940859437300125,-6.159392812362367e-10,1.104250598029237e-09,0.0015559930587849963,0.005508623235640553,-4.2010839251815923e-13,-0.030200923039414587,-6.177638966781834e-14,-5.98004650897814e-14
7.8400,-0.044766205613073894,-0.00017950031200939271,0.24516317734533852,-0.05620871389909675,-0.07841153402830439,0.006158087152003542,0.0008006922538561082,-0.0001097515107233578,-0.002681604053148963,0.29997997408404686,-0.30000348421044465,0.43633200000570604,0.4000059503662295,-6.159388905286154e-10,1.1042510402325919e-09,-0.00034224610777304487,-0.0013394203295785112,-2.682298827494378e-13,0.012704801122377068,-5.952696831550836e-14,-5.756970556736532e-14
7.8600,-0.044788942417671895,-0.00018315075833726278,0.24520187082563977,-0.05617121159824437,-0.07856778499138631,0.006163841110323926,-0.0017325115304829886,-0.0003697853026309901,0.0039938469436960776,0.29996932679440075,-0.3000476316987957,0.43633200000570793,0.40036420808006246,-6.159384908431023e-10,1.104251488239681e-09,-0.00439334378621864,-0.003162908048715822,8.22497625563301e-11,0.0002885732142847777,-5.479599792575923e-14,-5.286598930972705e-14
7.8800,-0.04485335673373939,-0.00018594808802438616,0.24532334486128796,-0.056143145295858524,-0.0791324083062834,0.006180879425686025,-0.0027442236315622535,-0.0004709836653173221,0.006128570543495789,0.29987632945798764,-0.30008544714336904,0.43633200000571026,0.4002736967866724,-6.159382690350568e-10,1.1042517601472857e-09,-0.008463260631758868,-6.572697795312332e-05,-1.6076029396572267e-13,-0.04730736209405685,-4.932135293711157e-14,-4.7404239550668387e-14
7.9000,-0.044834294135019846,-0.00019077768143721435,0.24524555575194448,-0.056107500130839,-0.07892047280956799,0.006173391845830652,0.0014537065520551769,8.817411725763329e-05,-0.006312016524713969,0.2998512339925538,-0.3000057011686942,0.43633200000570793,0.3996012556470795,-6.159385645295543e-10,1.1042515088226491e-09,0.0056553090562728794,0.005769523095907621,8.233058679252281e-11,0.0009465228058534898,-4.92357348468031e-14,-4.728125036672706e-14
7.9200,-0.044859082951571365,-0.00019330686544854936,0.24527123001236276,-0.05608302545639893,-0.07911130970848487,0.006180020860799167,-0.001963639359404885,-0.0002899175010975745,0.003785501564908116,0.2999618563891229,-0.29994955840796383,0.4363320000056282,0.40021649828772254,-6.159377194932399e-10,1.104252406229855e-09,0.00042508809969530464,9.343579805919794e-05,-8.239720017400032e-11,0.017448742481541175,5.3730349162950386e-14,5.640788129559343e-14
7.9400,-0.04485921367096548,-0.00019600531745738258,0.24524004205695457,-0.056061010579477426,-0.07907726893847722,0.006178923438125455,0.0007927002549644403,7.372257899086241e-05,-0.004193586911195842,0.29992270727955067,-0.29992070347799443,0.4363320000056268,0.3997722007316494,-6.1593786871869e-10,1.1042523017823303e-09,0.005701319157084599,0.0036969153052811426,1.1546319456101628e-13,0.01173952374075654,5.232515538477339e-14,5.5030239805124725e-14
7.9600,-0.04487326036909778,-0.00019739448448391088,0.2452468408349432,-0.05604669165852959,-0.0791689504113919,0.006182862862324853,-0.0009914016924137353,-0.00012133983985296542,0.001397313804834347,0.2999901528606702,-0.2998871364578456,0.4363320000056282,0.40008319834087236,-6.159373038323023e-10,1.1042529167568154e-09,0.002056499951740426,0.00033571813840654885,2.0250467969162855e-13,0.018555763896447138,5.397331886980439e-14,5.66579254216229e-14
7.9800,-0.04487143814965594,-0.00019847139485718596,0.2452238910529473,-0.05603680869373995,-0.07911696998557803,0.006182220720638915,1.0935626357479796e-05,1.3838475088333058e-05,-0.0009661956632555655,0.29998686302372146,-0.2998736054231532,0.43633200000562733,0.39992684693935704,-6.159371991393148e-10,1.1042530704869697e-09,0.0035008924194059182,0.0010911597054367242,-6.217248937900877e-15,0.015693391301340107,5.267397032871629e-14,5.537299676942886e-14
8.0000,-0.04488482095792874,-0.00019857922057774612,0.24523938967424092,-0.05603355901438271,-0.07919901311044122,0.006186684286480665,-0.0004163180593000568,-2.350625297426765e-05,0.0004710378497452223,0.3000045775288249,-0.2998713209506067,0.4363320000056282,0.40002570751320243,-6.159367928044031e-10,1.1042535234244921e-09,0.0034786325720574662,0.0001575316835251625,1.8740564655672642e-13,0.025340596060388645,5.385706529185963e-14,5.654220039223723e-14
8.0200,-0.044797621358187836,-0.00019832140504524298,0.2452338140799833,-0.05603552740284634,-0.07904592627648385,0.006179917359717588,0.008743623183725438,8.614644630508372e-05,-0.0023903407557695176,0.29981368674926706,-0.29946315504991206,0.4363320000056539,0.39941821022680496,0.4844984547677752,-0.4844984542794584,-0.025772775885445888,0.0629401779620338,-8.096989745354222e-11,-0.08319305622861932,44.600353381504,-44.60035338150388
8.0400,-0.043979582317334044,-0.00019680333725839204,0.24521952030282992,-0.05604052473221893,-0.07782270974633125,0.006111780904624684,0.05374169705424564,2.8612163960479596e-05,-0.004613230914789769,0.29909021102218836,-0.2977480213821978,0.4363320000057469,0.39766738849419775,1.536930387707962,-1.5369303872196445,-0.045155610222912174,0.08386657330113478,-5.266898028821743e-13,-0.11266079007943394,56.89086496937745,-56.89086496937753
8.0600,-0.04200800159225917,-0.0001926269355697466,0.2452284629977532,-0.056049598870778934,-0.07521507120568462,0.005957952726028401,0.11330077789124063,-1.9481262387352113e-05,-0.007160297805998951,0.29824380147044616,-0.296588552610309,0.4363320000056526,0.39645904267985843,2.766557446943684,-2.766557446455365,-0.039400539003636666,0.02485775208463898,-8.22817369794393e-11,-0.023265006532662537,59.420538142299534,-59.42053814229939
8.0800,-0.03884209180102384,-0.0001836277698689544,0.2453078618724055,-0.05607223740205352,-0.07169084787957748,0.005731729137266561,0.1727396883799961,-6.94850070143487e-05,-0.007170749330100701,0.2974805252726522,-0.2966381585084491,0.43633200000563477,0.3963957621801313,3.901121709151202,-3.9011217086628776,-0.039133122915135196,-0.024562779342229196,-8.766321002440236e-13,0.031941754862565716,59.87326480368555,-59.873264803685366
8.1000,-0.03451274431357747,-0.00016848225104254297,0.24541503296988124,-0.05611733530252897,-0.06763818251577243,0.005445986470949733,0.2313090362544498,0.0002518422858643118,-0.012667286088353066,0.2965826303974703,-0.2974953157852303,0.43633200000561234,0.3966090075505575,5.099907261286789,-5.099907260798461,-0.042476057777443295,-0.05407946189700087,-9.50350909079134e-13,0.02244016617438973,59.974412605156814,-59.974412605156594
8.1200,-0.02904724288552195,-0.00014609550236295262,0.2454446730574414,-0.056189169796589666,-0.0632416278905553,0.005108625354921071,0.28710258524958887,0.0008204931158189513,-0.019756320977902968,0.29572946852522786,-0.29874016377272433,0.436332000005668,0.3971252522172967,6.2996620684916795,-6.299662068003348,-0.041747448296838664,-0.06647905110182092,-1.389999226830696e-12,0.01834630287597894,59.9948339940766,-59.99483399407654
8.1400,-0.02247344607095728,-0.00011531956583926365,0.2452958611736496,-0.05628763833573142,-0.05865542663032044,0.004726160066136616,0.3406836277690438,0.0016626910611918031,-0.029153922299502193,0.29500859430104454,-0.30010265350554016,0.4363320000056487,0.39774020431089846,7.5596116021110475,-7.559611601622714,-0.028059255767087732,-0.0594764603995137,-8.277822871605167e-13,0.02186536166203252,59.99903719093584,-59.999037190935766
8.1600,-0.014799343504012498,-7.576481432257244e-05,0.24487133403416597,-0.05640570298752186,-0.05384087561542444,0.004298354174892456,0.3956552692113791,0.0030072339629748407,-0.04732372316495552,0.294666785243568,-0.3010770010762255,0.43633200000563255,0.39788553068283544,8.759602375933587,-8.759602375445251,-0.005316123988861443,-0.03939161119821953,-7.638334409421077e-13,0.011315191213076153,59.99980561220246,-59.999805612202415
8.1800,-0.006043586521409903,-2.6800287579775305e-05,0.24414877738603477,-0.056530108399026814,-0.04885172033485354,0.003828983487514537,0.4483806460966413,0.00427948233621145,-0.061507982926845076,0.29477251589893855,-0.3017118053779478,0.4363320000056185,0.3982880050907918,9.959600513200487,-9.95960051271215,0.013499088979172638,-0.025818304714010268,-6.554756737386924e-13,0.026163583567329028,59.9999607537805,-59.999960753780535
8.2000,0.003731207819832497,3.214988060562536e-05,0.24323360445286907,-0.05664690176527069,-0.04418192949884919,0.0033334223327851123,0.49847922270000067,0.0053078562713532815,-0.06992345840077988,0.29515112323536563,-0.30210825789875667,0.4363320000056081,0.39883250360111444,11.09960014504483,-11.099600144556495,0.024965234622892594,-0.016711144369037777,-4.4586556668946287e-13,0.029569803108404694,59.999991416385214,-59.99999141638535
8.2200,0.014474143503476072,9.995870912626341e-05,0.24222467067616452,-0.05673592791303897,-0.040235298082398833,0.002822893988935299,0.5464323194246004,0.0060408797383063135,-0.0733011222650591,0.2957729884877761,-0.3023596508711226,0.43633200000560074,0.3994251230979841,12.359600061192042,-12.359600060703713,0.033249271826912286,-0.007691732813492037,-2.4069635173873394e-13,0.026163433407243853,59.999998400237445,-59.9999984002377
8.2400,0.026147679625954268,0.0001742064175992029,0.24120947939335757,-0.05677365373928043,-0.03730092720110118,0.0023042834901785985,0.5928027330963765,0.0064625969474870785,-0.07259156657987055,0.29645549187907744,-0.3024234060833222,0.43633200000559796,0.39986223548946387,13.499600046185204,-13.49960004569688,0.037956403993502676,0.0005874496438336152,-4.440892098500626e-14,0.01984761048696493,59.99999965011275,-59.99999965011312
8.2600,0.03872796351069621,0.00025163619317918696,0.2402610733911797,-0.0567360456462293,-0.03554170488987084,0.0017801283859026711,0.6381910683923725,0.006589184040761596,-0.06884117850056123,0.2972455136897484,-0.30231849681311035,0.436332000005599,0.40017597612043593,14.699600042832385,-14.699600042344073,0.040529189272578856,0.009454204052461064,1.1457501614131615e-13,0.011808556145320483,59.99999992935878,-59.999999929359255
8.2800,0.05220408254092877,0.000328599215343716,0.23943646308877756,-0.05660121022606797,-0.03499523675728719,0.0012489459027222444,0.6831872834718593,0.006463629534420227,-0.06308982918511048,0.2981036196671069,-0.30202052736145724,0.43633200000560396,0.40032880142848676,15.959600042142297,-15.959600041653989,0.040771800566994476,0.018366012569078327,2.851052727237402e-13,0.0032314812315733313,59.99999998683406,-59.99999998683463
8.3000,0.06657644235447024,0.00040145992017179456,0.23877633056581027,-0.05635164359271701,-0.03558563415932562,0.0007058939829453026,0.7283204837385767,0.006149444679452917,-0.05629443353449378,0.29886250590537544,-0.3015992000131672,0.4363320000056112,0.40031878512254726,17.099600042018775,-17.099600041530486,0.03888130936430329,0.025396794609352867,4.1744385725905886e-13,-0.0037356095710674997,59.999999997120185,-59.99999999712081
8.3200,0.08185455464190064,0.00046694585003095846,0.23830567241241424,-0.05597602025120851,-0.03714366545268706,0.00014372501285922436,0.7740203843603698,0.005724297978766701,-0.0492801936659437,0.2996007703458066,-0.3010282538120669,0.4363320000056206,0.4001796333473207,18.29960004199118,-18.29960004150289,0.034804228270592645,0.031070343288589646,4.991562718714704e-13,-0.009592832082404475,59.99999999941829,-59.99999999941894
8.3400,0.09805444937822469,0.0005224351134831194,0.23803506194909888,-0.055470490731076405,-0.03943253713174934,-0.0004460407232786809,0.8205856252858561,0.00527393930073166,-0.04271424523033398,0.3002365271659172,-0.3003672649272049,0.43633200000563105,0.3999431305277411,19.499600041985605,-19.49960004149733,0.02877069372178722,0.03444439851763906,5.071498776487715e-13,-0.01351908577226947,59.99999999988231,-59.99999999988293
8.3600,0.11519582589814217,0.0005661717988993295,0.23796229324633072,-0.0548394564758004,-0.042176550618629224,-0.0010718406814645327,0.868164651098826,0.004886124080468545,-0.037096954353637676,0.30075456303026193,-0.29963066339883215,0.436332000005642,0.39963457190865037,20.75960004198445,-20.75960004149619,0.02069414468940735,0.03518283184508933,5.169198402654729e-13,-0.015396906574788156,59.999999999977845,-59.99999999997839
8.3800,0.13329918405609734,0.0005973908863100898,0.23807423208678868,-0.0540957868279663,-0.04508981186773544,-0.0017408614937624396,0.9167537747771343,0.004644243300805867,-0.03276665650960928,0.30106507718469083,-0.29897694386506646,0.43633200000565103,0.3993412865680536,21.89960004198424,-21.89960004149599,0.012305042358263088,0.03334044797281155,4.3520742565306136e-13,-0.015204317001680758,59.99999999999498,-59.99999999999543
8.4000,0.15238314817375004,0.0006163380196156554,0.23834876960318604,-0.05326046575299089,-0.04790257004554777,-0.0024580592920721888,0.9662106221342223,0.004621107976993532,-0.029914076146912792,0.30121326848342,-0.298351552648284,0.43633200000565886,0.3990542224657213,23.099600041984193,-23.09960004149595,0.0029436222109395643,0.029041307696420042,3.5793590313915047e-13,-0.01334333811789062,59.999999999998856,-59.999999999999176
8.4200,0.172462186199436,0.0006241867029556196,0.23875682523512792,-0.05236169102109775,-0.05038322780048353,-0.0032255327348781437,1.016280655988736,0.004873877808412416,-0.028603306521217724,0.30117423006649097,-0.2978338422559726,0.4363320000056645,0.3988186733178468,24.299600041984167,-24.299600041495925,-0.006309847830228643,0.022760983258086148,2.282618538629322e-13,-0.010193617213832561,59.999999999999716,-59.999999999999865
8.4400,0.19354489418525161,0.0006228725896536858,0.23926438959357546,-0.0514334683336482,-0.05235464675198007,-0.004042307371830284,1.0666328357804526,0.005440805917218882,-0.02879579791326368,0.3009421608114668,-0.2974425725804729,0.43633200000566774,0.3986494410564529,25.55960004198414,-25.559600041495898,-0.015159798785156366,0.01469994933723047,1.0036416142611415e-13,-0.006019785073724776,59.99999999999995,-59.99999999999989
8.4600,0.21563295949499459,0.0006148683907248909,0.23983462576451775,-0.05051374923952709,-0.05370400980745258,-0.00490452184421513,1.116899570235886,0.006339664243720541,-0.030373977170132356,0.3005854258392096,-0.297242124088846,0.4363320000056682,0.39857585301829757,26.699600041984116,-26.699600041495874,-0.021776522071868885,0.006771247636310408,-1.509903313490213e-14,-0.0019255390646326608,60.00000000000004,-59.9999999999998
8.4800,0.23872083623624976,0.0006029165767091857,0.24043003877693955,-0.04964218583996553,-0.0543861283683811,-0.005805950343531664,1.1667152351362493,0.0075673565258377335,-0.03316242364940612,0.3000938471662233,-0.2971946168123837,0.4363320000056663,0.398582202509814,27.89960004198409,-27.899600041495848,-0.02675406772969966,-0.0015462479283908925,-1.2967404927621828e-13,0.0023066886281748293,60.00000000000014,-59.99999999999971
8.5000,0.2627960724233803,0.0005897350970125272,0.24101467209087954,-0.048857635034130285,-0.05442064598205485,-0.006738751803593098,1.2157492729689987,0.009100637166627828,-0.03694664866083833,0.2995278930135342,-0.29730741302335095,0.43633200000566236,0.3986692532279965,29.099600041984065,-29.099600041495822,-0.02928323931543582,-0.009188203510075287,-2.1671553440683056e-13,0.006111056478316078,60.00000000000022,-59.99999999999962
8.5200,0.28784033200429815,0.0005777174713036371,0.2415562071297283,-0.048195611141624906,-0.05388371449571717,-0.007694325093991444,1.2637389766791696,0.010898309828305048,-0.0414908736504535,0.2989391635423193,-0.2975608982565199,0.436332000005657,0.398825405592226,30.29960004198404,-30.299600041495797,-0.029147153903283,-0.015595878972575965,-2.922107000813412e-13,0.009215297085586424,60.00000000000029,-59.999999999999545
8.5400,0.3138308676181512,0.0005686461046897176,0.24202784854036646,-0.047685771410042835,-0.05289548113044363,-0.008664133468510835,1.310504789351134,0.01290350237748055,-0.046550663743452333,0.2983827918793054,-0.29792726190491436,0.43633200000565076,0.39903486356223355,31.499600041984014,-31.49960004149577,-0.025581522876250484,-0.02107433445378535,-2.913225216616411e-13,0.011541958766589408,60.000000000000334,-59.99999999999951
8.5600,0.3407422597380177,0.0005622580399768405,0.24241096760190084,-0.04733815254686042,-0.05160461565081563,-0.009641044372193304,1.3559637127994948,0.014953445252359407,-0.0518037438543127,0.29799982386155455,-0.2984545878285421,0.4363320000056444,0.39929072834781837,32.69960004198403,-32.699600041495785,-0.01360955026152734,-0.030304706806448783,-3.0730973321624333e-13,0.013688482298558565,60.00000000000029,-59.99999999999955
8.5800,0.36854824962635296,0.0005557808981149565,0.2426961749362636,-0.04713804269239151,-0.050171733151724,-0.010619974851324947,1.400117379999517,0.016938098075762093,-0.05700462196796915,0.2978184722806227,-0.2990938976117328,0.43633200000563854,0.39957131364008813,33.89960004198407,-33.89960004149583,-0.0055429682160655705,-0.032400990049087565,-2.913225216616411e-13,0.014072429918466928,60.000000000000256,-59.999999999999595
8.6000,0.3972233772487216,0.0005464526469987822,0.24288106741837376,-0.047069877547676,-0.04875418146326574,-0.011596638994438465,1.4430353775128564,0.01885600354098969,-0.0620284822523053,0.29776922274804357,-0.29974396401906406,0.43633200000563327,0.399857007816408,35.15960004198412,-35.15960004149588,0.0003199518497675677,-0.028954612239423888,-2.1405099914773018e-13,0.01298117838154128,60.00000000000021,-59.99999999999963
8.6200,0.4267443746744584,0.0005317219355050978,0.24296993580303852,-0.047119574064668025,-0.04749235928459999,-0.01256754980379231,1.4848489102488156,0.02070529970279006,-0.0667681130622518,0.2978258244966169,-0.3002601376655058,0.4363320000056296,0.40009692462636526,36.359600041984166,-36.35960004149592,0.005028094193164197,-0.02263019738387797,-1.5720758028692217e-13,0.010986404571144016,60.00000000000018,-59.99999999999966
8.6400,0.4570912317287441,0.0005091906127914181,0.24297326801427555,-0.04727446650610508,-0.046498755951392856,-0.013530140946888976,1.5257338767393622,0.022483623122599945,-0.07113329659695491,0.2979632595290207,-0.3006176608113379,0.43633200000562755,0.400281865011279,37.49960004198421,-37.49960004149597,0.00917532675444676,-0.015259755850662776,-8.970602038971265e-14,0.008543757761479077,60.000000000000156,-59.99999999999969
8.6600,0.48824786862603753,0.00047656315800534356,0.24290680148198396,-0.047523233911186895,-0.04585048388727276,-0.014482818403957503,1.5658921049123866,0.02418886206284933,-0.07505213251110102,0.29820299389399463,-0.30084402067366817,0.43633200000562705,0.4004285389421474,38.75960004198426,-38.759600041496014,0.013372775918146472,-0.0067208083252061485,3.4638958368304884e-14,0.005541815684202957,60.000000000000135,-59.999999999999716
8.6800,0.5202023984909533,0.0004316072398833048,0.24279020785282887,-0.04785579595833625,-0.04558567696565835,-0.01542493806568945,1.6055324470529324,0.02581979266715575,-0.07847268078424152,0.2984905315035702,-0.30089778070656187,0.43633200000562805,0.4005064283303834,39.8996000419843,-39.89960004149606,0.016615636936408315,0.0005502434856183777,8.79296635503124e-14,0.0028202810117094884,60.000000000000114,-59.99999999999974
8.7000,0.5529470002305289,0.00037211988540891016,0.24264552681139073,-0.0482631584394609,-0.04570374715170243,-0.016356718703208078,1.6448530777058257,0.027376177896264675,-0.08136479375895699,0.2988515993361631,-0.3008159220577798,0.4363320000056304,0.40053474591289556,41.099600041984345,-41.0996000414961,0.019200093604437668,0.007070829243101685,1.3233858453531866e-13,0.00020335566813775574,60.00000000000009,-59.99999999999975
8.7200,0.5864774552675054,0.0002958948510931134,0.24249546926694207,-0.04873721809692682,-0.04616911412808904,-0.01727910453266573,1.6840261572921826,0.028858622000363154,-0.08372245586528995,0.299253367460073,-0.3006203047466315,0.4363320000056338,0.4005152841581026,42.29960004198439,-42.29960004149615,0.020706963950713773,0.011941702401245508,1.7408297026122455e-13,-0.0019496999860307215,60.00000000000007,-59.99999999999977
8.7400,0.6207924058780742,0.0002004555607107259,0.24236194167970285,-0.04926823362696154,-0.046917699662977846,-0.018193709578572123,1.7231858240719624,0.03024467593006701,-0.08554513121964674,0.299721996443034,-0.3003586633501557,0.43633200000563827,0.40045922983625654,43.55960004198444,-43.559600041496196,0.02508255037947075,0.011158210173109362,2.0694557179012918e-13,-0.0030052534421211342,60.0,-59.99999999999984
8.7600,0.6558924779578501,8.146247973604455e-05,0.242265889039621,-0.049829186836973134,-0.047864928455216706,-0.019103463644953897,1.7624274653750505,0.031427978140601234,-0.08679209089315867,0.30023921613031007,-0.3001820235253604,0.43633200000564254,0.40039940923967554,44.69960004198448,-44.69960004149624,0.02840913937667898,0.007819666977049632,2.0250467969162855e-13,-0.0032614659461235353,59.99999999999992,-59.99999999999992
8.7800,0.6917793580820277,-6.611575867339811e-05,0.2422245513137136,-0.050386267302129834,-0.04891521732773195,-0.02001182916198751,1.8017911989669924,0.03240957134636593,-0.08755348233763162,0.3008037202337022,-0.3000529275537519,0.4363320000056468,0.40033283052563623,45.89960004198453,-45.899600041496285,0.027451742748290923,0.005313366444408045,1.9273471707492718e-13,-0.003345137324626161,59.99999999999985,-60.0
8.8000,0.7284548006790142,-0.00024693507429966445,0.2422493466204793,-0.05090874405869692,-0.04997187480926032,-0.02092196475485447,1.8412640006150198,0.03322026782071076,-0.08796799787519655,0.30131401976082633,-0.29997026316275366,0.43633200000565064,0.40026798486209825,47.09960004198457,-47.09960004149633,0.023371819228020334,0.00306622382243886,1.9451107391432743e-13,-0.003090158778262714,59.99999999999978,-60.000000000000064
8.8200,0.7659197232274829,-0.00046508762216620537,0.24234519653490727,-0.05137055104260788,-0.05094609019369563,-0.02183637760625912,1.880786278811685,0.033899603753172455,-0.0881933684136703,0.30172067026974925,-0.29993319751338887,0.43633200000565353,0.40021209399740376,48.29960004198462,-48.299600041496376,0.017355136998875198,0.0007357621218338703,1.376676550535194e-13,-0.002473576194700757,59.99999999999972,-60.00000000000012
8.8400,0.8041734627542789,-0.0007239711613145356,0.24251045413193265,-0.05175138703585324,-0.051764377832025414,-0.022756642654305312,1.9202612394995313,0.034491852626806485,-0.08839311613579667,0.3019950327868898,-0.29994378735725236,0.4363320000056555,0.40017175029913143,49.499600041984664,-49.49960004149642,0.010334042148263216,-0.0016766647296462128,5.684341886080802e-14,-0.0015667689507222957,59.99999999999969,-60.000000000000156
8.8600,0.84321323410076,-0.001026211132616409,0.24273740147860642,-0.05203732879027326,-0.052373954719280386,-0.02368320628028002,1.9595662396315205,0.03504227872019726,-0.08872349000159416,0.30212822141755064,-0.300006209994093,0.4363320000056563,0.4001512137453037,50.75960004198471,-50.75960004149647,0.002740432459727646,-0.004114750300304518,-1.4210854715202004e-14,-0.00042343955813605935,59.999999999999666,-60.00000000000018
8.8800,0.8830338158625773,-0.0013736316005761343,0.24301325386831993,-0.052220955819309446,-0.05274577342908516,-0.024615293554610736,1.998566936575908,0.035593642865780636,-0.08932129670791131,0.3021148826608183,-0.30010399302956264,0.43633200000565603,0.4001539323078736,51.899600041984755,-51.89960004149651,-0.0036911692398311005,-0.00601156969585355,-1.9539925233402755e-14,0.000649117098010115,59.999999999999666,-60.000000000000185
8.9000,0.9236275463784537,-0.0017672809192290691,0.24332156658776977,-0.05230100354198756,-0.05287504752371519,-0.025550939346876064,2.0371340192452148,0.03618274408363007,-0.09029327133934519,0.30197827933052057,-0.30024065598241156,0.4363320000056548,0.4001781385366585,53.0996000419848,-53.09960004149656,-0.00947461659793706,-0.0074751463691412195,-7.72715225139109e-14,0.0016962486274321245,59.99999999999967,-60.00000000000018
8.9200,0.9649845305617295,-0.0022075129315740163,0.24364391460281162,-0.052281609644391575,-0.052779582147367485,-0.026487136653468454,2.0751540707608287,0.03683733500166468,-0.09170774871217986,0.3017402512116541,-0.3003993205535656,0.4363320000056528,0.4002214907534959,54.299600041984846,-54.2996000414966,-0.013850667278035966,-0.008224210139016322,-1.0746958878371515e-13,0.002557542534963049,59.99999999999969,-60.000000000000156
8.9400,1.0070930354490126,-0.002694115261681776,0.24396166357352078,-0.052171273459268946,-0.052496209156308975,-0.02742008327871471,2.1125392924401765,0.03757422789498184,-0.09359110238313786,0.3014316848713486,-0.30056448977204087,0.43633200000565037,0.4002793871958271,55.49960004198489,-55.49960004149665,-0.016586330565624315,-0.008155756002488752,-1.2967404927621828e-13,0.0031529535783550514,59.999999999999716,-60.00000000000012
8.9600,1.0499400323622885,-0.0032264629284495822,0.24425764849282877,-0.05198166828358562,-0.05207577090098075,-0.02834548631939244,2.1492339113569425,0.038399094384367824,-0.09592849622203217,0.3010863091249964,-0.3007194369631216,0.4363320000056477,0.4003459282470053,56.69960004198494,-56.699600041496694,-0.017619817224458427,-0.007247484807202151,-1.3855583347321954e-13,0.003432225392995803,59.99999999999975,-60.00000000000009
8.9800,1.09351182265135,-0.003803674571859534,0.24451761028156316,-0.05172642356743004,-0.05157722789314503,-0.029258876736974082,2.185216766800107,0.039307598703604035,-0.09866772354274937,0.3007374555513631,-0.3008479037574956,0.4363320000056451,0.40041456621564236,57.89960004198498,-57.89960004149674,-0.017040905969902827,-0.005564520716960293,-1.3145040611561853e-13,0.0033795991919040452,59.999999999999794,-60.00000000000006
9.0000,1.1377946773939625,-0.0044247597754992546,0.2447312857608515,-0.051419959739777255,-0.05106152498825416,-0.03015589664193854,2.2205001772832103,0.04028703450320848,-0.10172519319104951,0.30041529165660047,-0.300935821310422,0.4363320000056428,0.4004788086594207,59.09960004198503,-59.099600041496785,-0.01506592836760709,-0.003254462743381585,-7.993605777301127e-14,0.003014174702437887,59.99999999999982,-60.00000000000002
9.0200,1.1827754268682287,-0.005088754876267948,0.244893080287142,-0.05107644739390372,-0.05058581507312511,-0.03103253696527013,2.255125754903174,0.04131802851454021,-0.10499405530536979,0.30014453154361903,-0.3009727735845147,0.43633200000564104,0.40053286693162,60.29960004198507,-60.29960004149683,-0.012014861087637725,-0.0005275199802671493,-6.128431095930864e-14,0.002384463599680701,59.99999999999985,-59.999999999999986
9.0400,1.2284419502656587,-0.005794842075965407,0.24500227905698324,-0.050708964585933144,-0.05019852880282853,-0.031885311985838105,2.2891581126513207,0.04237649372174491,-0.10835451963801876,0.2999426493445088,-0.3009529653866093,0.43633200000563993,0.4005721576886053,61.49960004198512,-61.499600041496876,-0.008272595294810114,0.002362184943636228,-5.3290705182007514e-14,0.001561215740900991,59.99999999999988,-59.99999999999996
9.0600,1.2747835265985772,-0.006542881535208343,0.24506321403250858,-0.05032464523382124,-0.04993555189124691,-0.03271159606971581,2.3226798187056414,0.043397678855166884,-0.11165240936361524,0.29985549380573495,-0.3009095704773727,0.43633200000563965,0.40059842472914964,62.699600041985164,-62.69960004149692,-0.0006422081056997458,0.0017914026609134326,-1.0658141036401503e-14,0.0011018477268348176,59.99999999999986,-59.99999999999998
9.0800,1.321791041551381,-0.0073341498263111435,0.24508516065875838,-0.049917479100407294,-0.04981770855000398,-0.03351003383183392,2.3557820831223983,0.044306290331265576,-0.11473965263866252,0.29991124395257546,-0.30086655033551185,0.4363320000056401,0.400613476688235,63.95960004198521,-63.95960004149697,0.00515329535134007,0.002590971395954142,3.375077994860476e-14,0.0003088933999964294,59.999999999999844,-60.0
9.1000,1.3694570428127333,-0.008170118998232646,0.24508001956109357,-0.0494798222235799,-0.04985028462200692,-0.0342798068711135,2.388550211622271,0.04509523131998286,-0.11754918643727527,0.3000422394754585,-0.30080054881688834,0.43633200000564104,0.40061050733397335,65.09960004198525,-65.09960004149701,0.008204648109272926,0.004326526044999557,5.950795411990839e-14,-0.0005805083197671576,59.99999999999983,-60.00000000000002
9.1200,1.417775615371695,-0.00905223117975362,0.24506092743027455,-0.04900457572390926,-0.05002399135720253,-0.03502039702234338,2.421060536323595,0.04576049631148928,-0.12003780895722442,0.3002267878944223,-0.3006943821257364,0.43633200000564254,0.4005894091504623,66.2996000419853,-66.29960004149706,0.009954294963389433,0.006138340805235461,1.0835776720341528e-13,-0.0014627968155363803,59.99999999999981,-60.000000000000036
9.1400,1.4667421345037397,-0.009981912052662665,0.24504109925731749,-0.04848506396562986,-0.050317153045461374,-0.035731482680647374,2.4533749699048757,0.046298988212229865,-0.12218633570681478,0.30043429430062274,-0.3005574802389653,0.43633200000564437,0.40055246529809496,67.49960004198535,-67.4996000414971,0.010601974327077872,0.0073639690394383395,8.79296635503124e-14,-0.0021586975183349455,59.99999999999979,-60.00000000000005
9.1600,1.5163529329522936,-0.010960578879527578,0.24503273194451985,-0.04791491927748572,-0.05069882159141242,-0.03641282556916593,2.485537078994359,0.04670845372826083,-0.1240006531742061,0.3006451657487035,-0.3004046872267884,0.4363320000056463,0.40050418282919875,68.69960004198539,-68.69960004149715,0.010363247002902934,0.007747201852461041,9.947598300641403e-14,-0.0026026600697874464,59.99999999999977,-60.000000000000064
9.1800,1.5666049219465017,-0.011989634006701083,0.24504605034558602,-0.047287994636374474,-0.0511324351961322,-0.037064151414774,2.517570066499253,0.04698778934369409,-0.12551087148867848,0.3008433499678437,-0.3002536172123577,0.4363320000056482,0.4004498740238469,69.89960004198544,-69.8996000414972,0.009395172112534475,0.007241362823153012,7.638334409421077e-14,-0.0027745380462576297,59.999999999999766,-60.00000000000008
9.2000,1.6174952020178097,-0.013070442397071098,0.24508857834952147,-0.046598298977698994,-0.05157965504312833,-0.03768503271870847,2.5494765748824757,0.04713715703184127,-0.12676782240293855,0.30101592948130546,-0.30012130351882516,0.43633200000565,0.40039490350122686,71.09960004198548,-71.09960004149724,0.007859859730575285,0.00593468584659354,8.615330671091215e-14,-0.0026859498739857553,59.99999999999975,-60.0000000000001
9.2200,1.6690206954608937,-0.014204303550659797,0.2451646987409012,-0.04583993591137276,-0.0520040417236262,-0.038274789306003566,2.581240229574942,0.047157448274101996,-0.12783739530134192,0.3011592798488158,-0.3000181401874729,0.4363320000056514,0.400341790427473,72.35960004198553,-72.35960004149729,0.005836586935346534,0.00389385553853578,5.417888360170764e-14,-0.002351838262492731,59.99999999999974,-60.000000000000114
9.2400,1.721177830571712,-0.015392429294243351,0.2452755228767839,-0.0450070453720411,-0.05237425464412217,-0.03883242218373339,2.6128288431734874,0.047049352736833396,-0.12879417989932943,0.30125017955187744,-0.29996595235994633,0.43633200000565237,0.4003015408846026,73.49960004198557,-73.49960004149733,0.003823087222054343,0.0016772357231585183,4.440892098500626e-14,-0.001888881127929589,59.999999999999716,-60.00000000000013
9.2600,1.7739623045113693,-0.01663592849067701,0.24541904818390578,-0.044093770761284706,-0.05266650236108146,-0.039356585608150065,2.644198995885078,0.04681271748368032,-0.12971550292898804,0.30130574003518334,-0.2999591421101723,0.4363320000056529,0.4002685343948473,74.75960004198562,-74.75960004149738,0.001588714807601109,-0.0009051058167992773,-1.0658141036401503e-14,-0.0012721365486068614,59.9999999999997,-60.00000000000014
9.2800,1.8273689422169963,-0.017935791148054,0.24559056112733876,-0.043094268450749595,-0.052866068455528645,-0.039845590436066364,2.675301395694118,0.046446487717207253,-0.1306758078532085,0.30131684747189114,-0.29999886505718054,0.436332000005653,0.40025023138205046,75.89960004198566,-75.89960004149742,-0.0002857302856338548,-0.0031225262235077475,0.0,-0.0006862757694068126,59.99999999999969,-60.000000000000156
9.3000,1.8813916548661564,-0.019292868449274414,0.24578324160876547,-0.04200274648092583,-0.0529678662503532,-0.040297430150470354,2.706086283127839,0.04594880483217843,-0.1317409278991843,0.3012929086989066,-0.3000829963419648,0.43633200000565264,0.4002427084368286,77.09960004198571,-77.09960004149747,-0.0019631378323543627,-0.005117755543388884,-5.240252676230739e-14,-0.00010610480337412687,59.99999999999968,-60.00000000000017
9.3200,1.9360234895966306,-0.020707856202035364,0.2459889184910547,-0.040813501180244016,-0.05297608408668089,-0.04070982758373935,2.736508297933664,0.04531671444417455,-0.13296262615446702,0.30123640707633664,-0.3002085340259154,0.4363320000056519,0.4002463054526658,78.35960004198576,-78.35960004149752,-0.0032695777932078424,-0.006658410810730903,-4.1744385725905886e-14,0.0004029494551607733,59.99999999999966,-60.000000000000185
9.3400,1.991256756788146,-0.022181292344561846,0.24619890430434418,-0.03952093615009594,-0.052903040599074004,-0.04108030328520034,2.766530499253405,0.044545551720732976,-0.1343746889287507,0.301166445902543,-0.30034401348309936,0.4363320000056511,0.4002574947555318,79.4996000419858,-79.49960004149756,-0.003980028571095716,-0.007462011731571669,-7.37188088351104e-14,0.0007344088838293385,59.999999999999645,-60.0000000000002
9.3600,2.0470832194214936,-0.023713569524847846,0.24640481714540727,-0.038119577085592354,-0.05276739935233682,-0.041406259634772485,2.7961273575985253,0.043628626170078386,-0.1359915535596215,0.3010834094460017,-0.30049643245459545,0.43633200000565003,0.4002744451719508,80.69960004198585,-80.6996000414976,-0.004227370075718356,-0.0076589809331456885,-4.973799150320701e-14,0.0009221547939530193,59.99999999999963,-60.00000000000021
9.3800,2.103494325358742,-0.025304952686403186,0.2465993030414078,-0.03660410142934008,-0.052591933538613314,-0.04168506504704576,2.825286499889068,0.04255760068780217,-0.13780915401019161,0.30100055319935937,-0.3006459053737569,0.436332000005649,0.4002932812813404,81.89960004198589,-81.89960004149765,-0.00399501707081109,-0.007207777530682052,-2.930988785010413e-14,0.0009310375988826579,59.999999999999616,-60.00000000000023
9.4000,2.1604814573718483,-0.02695559234467533,0.24677660254270775,-0.03496937753868907,-0.052401084020934775,-0.0419141222310808,2.8540090089866648,0.04132322043925514,-0.13980684851898192,0.3009267944772972,-0.30078018743944585,0.4363320000056481,0.40031043672901656,83.09960004198594,-83.0996000414977,-0.0033517086015225836,-0.006186130299149502,-1.9539925233402755e-14,0.0007650320820911868,59.99999999999961,-60.00000000000024
9.4200,2.2180361727368587,-0.028665535171944354,0.2469329363091298,-0.03321048606624109,-0.052218577124171085,-0.04209091468765645,2.8823083083823007,0.03991572558900584,-0.14194981726725692,0.3008694233119025,-0.3008891636180845,0.4363320000056473,0.40032261282672266,84.29960004198598,-84.29960004149774,-0.0023891447380598105,-0.0047243947697675134,-3.9968028886505635e-14,0.00044559690855281234,59.999999999999595,-60.00000000000025
9.4400,2.276150408709821,-0.03043474016127993,0.24706669626797548,-0.03132270616105419,-0.05206533104231749,-0.042213035005635,2.9102079754696577,0.03832477370522104,-0.14419235571134179,0.3008336824998085,-0.30096572130829113,0.4363320000056468,0.40032708463285677,85.49960004198603,-85.49960004149779,-0.001219338824552392,-0.0029869884146619397,-2.842170943040401e-14,6.978555191189395e-06,59.99999999999958,-60.00000000000026
9.4600,2.334816639681275,-0.03226310225613734,0.2471784299014747,-0.029301479935599253,-0.0519578033381028,-0.04227819769414079,2.9377389483143497,0.03653936738966036,-0.14648258284695773,0.300822466953155,-0.30100724505304977,0.43633200000564665,0.4003213539246035,86.75960004198608,-86.75960004149783,8.995840425536639e-05,-0.0010577284036559984,-3.552713678800501e-15,-0.0005370784916338134,59.99999999999957,-60.00000000000027
9.4800,2.3940279795444632,-0.03415047406640108,0.2472706185678989,-0.027142382806582245,-0.05190686686066843,-0.04228423210781224,2.964936457301442,0.034548273791047926,-0.14876803021451698,0.3008356421586012,-0.30101033723257103,0.43633200000564676,0.40030591889124645,87.89960004198612,-87.89960004149788,0.0012191159511938457,0.0006214022071381123,-1.2434497875801753e-14,-0.00106181397691988,59.99999999999956,-60.000000000000284
9.5000,2.453778225724401,-0.036096674879591104,0.2473472825306065,-0.02484110829177891,-0.05191726814931695,-0.04222904999531951,2.991836835568697,0.032340747577774755,-0.15100068006740563,0.30087108984500804,-0.30098111996875915,0.43633200000564715,0.40027893223621214,89.09960004198616,-89.09960004149792,0.002238105970316019,0.0021754589624451426,3.019806626980426e-14,-0.0016045685600474674,59.99999999999955,-60.0000000000003
9.5200,2.514061843045626,-0.03810148700174732,0.24741347467333574,-0.022393449164651014,-0.05198769307913494,-0.0421105916290771,3.018474371087423,0.029906897572197166,-0.15314043601252822,0.3009243500627426,-0.300924208690449,0.4363320000056477,0.4002415640048256,90.29960004198621,-90.29960004149797,0.0030023735201769597,0.0033900447324025293,2.398081733190338e-14,-0.0020958682466293704,59.999999999999545,-60.000000000000306
9.5400,2.5748738900688166,-0.04016464933101506,0.24747472907434848,-0.01979525740701019,-0.052111407277564616,-0.041926764659391096,3.0448784079329965,0.027237381613609075,-0.15515724485078464,0.3009897653397894,-0.3008473744362415,0.4363320000056485,0.4001952425976791,91.49960004198626,-91.49960004149801,0.0034631451636269045,0.004177290782851888,1.687538997430238e-14,-0.002498021454197752,59.999999999999524,-60.00000000000032
9.5600,2.636209880615548,-0.042285854215609715,0.24753651487797815,-0.01704239295075327,-0.052277399977314856,-0.041675388783563104,3.07106993326587,0.02432285397252823,-0.15703262006006333,0.30106099014460574,-0.3007596947500322,0.43633200000564937,0.4001420694150891,92.6996000419863,-92.69960004149806,0.0035975860573377733,0.004497639900543408,4.440892098500626e-14,-0.0027857094967671837,59.99999999999951,-60.00000000000033
9.5800,2.6980656425426237,-0.04446474505035911,0.24760372414551704,-0.01413069042131813,-0.052471760066006394,-0.0413541525175876,3.0970628067107007,0.021153789616010815,-0.15876132977464302,0.3011348509534899,-0.30066602043203366,0.43633200000565026,0.4000814136504572,93.95960004198635,-93.9596000414981,0.003388994582433913,0.004352428408938035,2.220446049250313e-14,-0.0029607794924935323,59.9999999999995,-60.000000000000334
9.6000,2.760437187592913,-0.046700905468463255,0.24768023303616218,-0.011055957543100783,-0.05267913514126743,-0.040960576666409794,3.122863193743402,0.017720718682004994,-0.16035106573236851,0.3011949506093022,-0.30058787356504096,0.43633200000565103,0.40002452900283464,95.09960004198639,-95.09960004149815,0.002922038239288209,0.0038466796311131674,2.398081733190338e-14,-0.0030074750397511146,59.999999999999496,-60.00000000000035
9.6200,2.8233205654287516,-0.048993837742814794,0.24776858522921028,-0.00781398955197798,-0.05288423396413874,-0.04049198358311983,3.1484692915176216,0.014014333719148567,-0.16182032851433528,0.30124837705754953,-0.3005163235534652,0.4363320000056518,0.3999618563548734,96.35960004198644,-96.3596000414982,0.0021680030781976514,0.0029613210907931536,3.9968028886505635e-14,-0.002945845088396501,59.99999999999949,-60.00000000000036
9.6400,2.886711729794593,-0.05134294180268207,0.2478698291463475,-0.004400574323666562,-0.053073217326286004,-0.03994548202177068,3.173872249480767,0.010025042962159721,-0.16319502120140225,0.30128154141878244,-0.3004698633434805,0.4363320000056523,0.3999071898022596,97.49960004198648,-97.49960004149824,0.0013517856455305607,0.001958419053600842,0.0,-0.0028041555260057624,59.999999999999474,-60.00000000000037
9.6600,2.9506064284193023,-0.053747504882344095,0.24798351169772112,-0.0008114854001485272,-0.053234858043473623,-0.039317975593839004,3.199057702375511,0.005742265172050008,-0.16450493726186927,0.30129944246765733,-0.30044198848520637,0.4363320000056527,0.3998506730645573,98.75960004198653,-98.75960004149829,0.000396844910924371,0.0007465357568002956,3.730349362740526e-14,-0.0025800139925281143,59.99999999999946,-60.000000000000384
9.6800,3.0149952070131985,-0.05620652886638809,0.24811960541784064,0.0029575963231063787,-0.05340848438572091,-0.03860619437233338,3.223577305687757,0.0011553674082313407,-0.16461096229641417,0.30133408246485255,-0.3004475929764392,0.4363320000056537,0.3999069566383077,99.95960004198658,-99.95960004149833,0.0064831199869455,-0.0024839616068824746,2.5757174171303632e-14,0.0201772111931877,59.99999999999945,-60.00000000000039
9.7000,3.0797852188062604,-0.05871602196414815,0.24848343990852562,0.006911996856202777,-0.05444369621378192,-0.03781005561770531,3.2429020027492705,-0.0036870832469514648,-0.15355356376506996,0.30148555303401936,-0.30055511457501205,0.43633200000565925,0.40051540760386106,101.09960004198662,-101.09960004149838,-0.004746867977089758,-0.004943465449166455,1.4477308241112041e-13,0.0008230908069180622,59.999999999999446,-60.0000000000004
9.7200,3.144970678291415,-0.06127516378471569,0.24907037267817234,0.011055967398261004,-0.056369079068601974,-0.03693333538588907,3.2631861705611898,-0.00880675737903162,-0.14961683607714363,0.3014637979928919,-0.3006376590490621,0.43633200000566663,0.40059246542377736,102.29960004198666,-102.29960004149842,-0.00952533110925742,-0.001084562184549595,2.1405099914773018e-13,-0.021077475666925964,59.99999999999944,-60.00000000000041
9.7400,3.210552452708655,-0.06388343831120527,0.24987067001516225,0.015394488052559954,-0.05913098690489464,-0.035978499553203834,3.2828960362937303,-0.014215208906405838,-0.14736723395647106,0.3014779198392644,-0.300645946225568,0.4363320000056767,0.40056958787110153,103.49960004198671,-103.49960004149847,-0.005309761760284873,0.00212526517721473,3.2862601528904634e-13,-0.016566696014359925,59.99999999999943,-60.00000000000041
9.7600,3.2765814245246343,-0.06654133332242938,0.2507637440369744,0.019929287968679255,-0.06218697588796418,-0.034943190725218086,3.3064879262187374,-0.02009024769422742,-0.15793635531715455,0.3013246976697734,-0.30049072274306055,0.436332000005604,0.3998469484626348,104.69960004198676,-104.69960004149851,0.004028192982211423,0.008645360955236263,6.057376822354854e-13,-0.01312792807827766,59.99999999999937,-60.00000000000047
9.7800,3.3430424641950793,-0.06924797414816942,0.25179265333754364,0.024665866969550077,-0.06560080300272345,-0.03382658074471311,3.32748332800155,-0.026256017884154853,-0.1617903426537416,0.30142545792251224,-0.3003209137060104,0.43633200000561245,0.39971222849928917,105.8996000419868,-105.89960004149856,0.0030584371800883928,0.008995245089140715,-8.199219081461706e-11,-0.011300007568495547,59.99999999999936,-60.000000000000476
9.8000,3.4099773777783757,-0.07200316188159143,0.2528602365873212,0.0296039949868933,-0.06889852412495337,-0.03262155544285156,3.35163914428811,-0.032998939755243276,-0.1751284532929003,0.3013321429499495,-0.300070477299927,0.43633200000570227,0.3990489711020689,107.15960004198685,-107.1596000414986,-0.014019987650531245,0.0156497101932735,1.0480505352461478e-13,-0.05672732894380296,59.99999999999942,-60.000000000000426
9.8200,3.4774523935645223,-0.07480734500171318,0.25381201733956305,0.03474025742810025,-0.07134972334376544,-0.03131026621434276,3.3777068979835625,-0.040349090736033974,-0.19130071875602944,0.3012669290061556,-0.29982710166124726,0.43633200000570654,0.3984878709148255,108.29960004198689,-108.29960004149865,-0.005623990004593127,0.012182842706115637,4.884981308350689e-14,-0.02842721481066218,59.999999999999424,-60.00000000000042
9.8400,3.545505903610093,-0.07766000086592453,0.25455204225427347,0.04007044707378,-0.07248386702771067,-0.029872922376473484,3.406310947369248,-0.04841529209406326,-0.21095529423385578,0.3011081450558407,-0.2995920107614962,0.4363320000057048,0.39783829474471305,109.49960004198694,-109.4996000414987,-0.0010509766972592732,0.006025585486783766,-2.540190280342358e-13,-0.007607099023564583,59.999999999999424,-60.00000000000042
9.8600,3.614102763081167,-0.08055991655902377,0.25513271279290345,0.04559750069059279,-0.07253118854897476,-0.02830083307684363,3.4320084934823867,-0.056822604074193414,-0.2197187572106097,0.3010611376833476,-0.2996375065954142,0.43633200000569944,0.3979623597491971,110.69960004198698,-110.69960004149874,-0.007754897437562053,-0.009260840706987926,-4.60964599824365e-13,0.009934212086915618,59.999999999999424,-60.00000000000041
9.8800,3.683202184021337,-0.08350507191808797,0.25558657142575747,0.05132413414971176,-0.07180638653310216,-0.02659036359926142,3.4563994903207993,-0.06571870644179663,-0.2254290405346108,0.300832520028595,-0.29995874273284323,0.4363320000056923,0.39823313587431347,111.89960004198703,-111.89960004149879,-0.018434259137028237,-0.01908019241447742,-5.080380560684716e-13,0.005363226893471063,59.999999999999424,-60.00000000000041
9.9000,3.7528178933320664,-0.08649314943535741,0.25581172566686516,0.05724519970998653,-0.0701205987253431,-0.024725617649324304,3.481999326523306,-0.07539571110006936,-0.23494248397996415,0.3003701959225459,-0.300357051448727,0.43633200000559536,0.39818439214690265,113.09960004198707,-113.09960004149883,-0.013386993477192188,-0.023956009677143973,-8.713207932942169e-11,0.017749340582525773,59.9999999999993,-60.00000000000055
9.9200,3.8229080449254056,-0.0895206745514323,0.25583965008863635,0.06334816798764716,-0.06781651315372081,-0.022704554406323112,3.504456792097483,-0.08519883217464287,-0.23588477894451337,0.29995136198621725,-0.30069317410979673,0.43633200000567335,0.3986397158868274,114.29960004198712,-114.29960004149888,-0.044530114901889066,0.006721509830410255,-5.32018873400375e-13,0.008369368252425055,59.999999999999815,-60.00000000000003
9.9400,3.8934213290525865,-0.09256903989425219,0.25574008422185346,0.06948044424842116,-0.06535807278371694,-0.020524458916545828,3.5239975335036613,-0.09415837092412935,-0.2296582650375663,0.29897559681136593,-0.3001243200776749,0.4363320000056676,0.39928337177659246,115.49960004198716,-115.49960004149892,-0.04628387146013037,0.03960389740462004,8.5149665096651e-11,0.0661509276021077,60.000000000000384,-59.99999999999946
9.9600,3.96427731971587,-0.09561325758275806,0.2556639995231343,0.0754341446648509,-0.06352063436907569,-0.018197059149202836,3.5424366793909465,-0.1024558646099611,-0.22514762567956398,0.2974379802291005,-0.29895180193545834,0.436332000005663,0.39946479842117305,116.69960004198721,-116.69960004149897,-0.07857884853613661,0.06725354354991447,8.463985068374313e-11,0.00063544271233517,60.00000000000088,-59.99999999999896
9.9800,4.0354684958030065,-0.0986304043819952,0.25560841898379505,0.08101003475352686,-0.06238156682705708,-0.015714766283750955,3.5588709371629883,-0.11006546613539543,-0.21842402277539316,0.296010052905758,-0.29757678040999885,0.43633200000557837,0.3996067848240813,117.89960004198726,-117.89960004149901,-0.06600490601142817,0.07060553050490805,-8.421263686386737e-11,0.00268836727887882,60.000000000001144,-59.99999999999869
10.0000,4.107002987876211,-0.10159999222408247,0.2555509203970996,0.08603154472059737,-0.061859774606387724,-0.013065919806125946,3.5752431257059043,-0.1174110420102803,-0.21411651429560039,0.2947835565443924,-0.29615554609846595,0.4363320000055802,0.39950746862533515,119.0996000419873,-119.09960004149906,-0.05096639164648247,0.06810593955839944,-8.387335270754193e-11,-0.0010612562162592952,60.000000000001506,-59.99999999999834
10.0200,4.178849440354632,-0.10450623382580272,0.2555780322501967,0.09036374723244717,-0.062240809714731296,-0.010256993771931861,3.591025030648941,-0.12455193869082037,-0.2110657613811883,0.2939281933338871,-0.29486572399425137,0.43633200000566913,0.39938677694455643,120.29960004198735,-120.2996000414991,-0.04253508355564455,0.06341730299181925,3.197442310920451e-14,-0.024106930232426875,60.000000000001975,-59.99999999999787
10.0400,4.2510486319900025,-0.10733389591759009,0.2556189663300906,0.0938890558639774,-0.06310928108659383,-0.007263127935435027,3.6088373056099643,-0.1321161918928577,-0.21485354178484412,0.2932779428251009,-0.29369034215976103,0.4363320000056738,0.39881688233299584,121.49960004198739,-121.49960004149915,-0.03284585550508341,0.057567226187013064,1.0125233984581428e-13,-0.048434681863466826,60.00000000000217,-59.999999999997684
10.0600,4.323637500578188,-0.11007210906303821,0.25562287734779676,0.09652629815877205,-0.06405911920429835,-0.0040594954123629986,3.6271741012057688,-0.13992794134038816,-0.21849870582757394,0.2930975993501326,-0.2927696102236862,0.4363320000056784,0.39834861366092966,122.69960004198744,-122.6996000414992,-0.005405031718476033,0.0396331061720125,9.681144774731365e-14,-0.02870613575889233,60.00000000000226,-59.999999999997584
10.0800,4.396597124764024,-0.11271502227535121,0.25566860608633446,0.0982452268133842,-0.06521398678993967,-0.0006499269967511874,3.645079447552418,-0.1479211383742849,-0.21999260417949276,0.29339884258979243,-0.29225844113118193,0.4363320000056839,0.3982282667848585,123.89960004198748,-123.89960004149924,0.021144773065831,0.015825477157326885,8.542411222833834e-11,-0.004378090542449704,60.00000000000227,-59.99999999999757
10.1000,4.469937752533953,-0.11525709567184422,0.25575862080018064,0.09904370910717304,-0.06642209202961688,0.0029736827680462014,3.663727948249897,-0.15647312476083902,-0.22285159790855183,0.2938708498023559,-0.29211713425502017,0.43633200000560224,0.397984597077604,125.09960004198753,-125.09960004149929,0.031555104423424046,-0.003165088207678697,-8.530509632009853e-11,-0.007646765391204308,60.00000000000197,-59.99999999999787
10.1200,4.543691285670732,-0.11769366898325803,0.25583646823426376,0.09894698429284206,-0.06732001169236207,0.006827777508947453,3.6845106138754113,-0.1659862394079376,-0.2302546530977422,0.2944195113980113,-0.2923157963591027,0.4363320000056033,0.3975207540439949,126.29960004198757,-126.29960004149933,0.03816425363822441,-0.01987257887271058,-8.57944826293533e-11,-0.014462679294211678,60.00000000000182,-59.999999999998025
10.1400,4.617833125349046,-0.12002578886297008,0.255967386701907,0.09802645076668066,-0.06807639629833055,0.010896877226507798,3.702856787331233,-0.17562046826249558,-0.2295725334318388,0.29548180462055795,-0.29306455083433514,0.4363320000056914,0.3977313983938671,127.55960004198762,-127.55960004149938,0.038376234503803744,-0.04025301262011181,-1.1368683772161603e-13,-0.014750415352321095,60.00000000000181,-59.99999999999804
10.1600,4.692396757495777,-0.12225042888963174,0.25606384254492215,0.09636172763047088,-0.06831900910938676,0.015190993536574895,3.7232120748855637,-0.18638605335094469,-0.23381800124433555,0.29633739847893137,-0.2940116349751541,0.43633200000568995,0.3976208829313416,128.69960004198765,-128.69960004149942,0.04049200420346325,-0.05454769023598314,-2.1405099914773018e-13,-0.01493191412318393,60.00000000000155,-59.999999999998295
10.1800,4.7673587044731525,-0.12436979127152707,0.25616045311522984,0.09406917497654196,-0.0682130613665025,0.01968884456897903,3.742182105336579,-0.19764780038552035,-0.23401223713002017,0.2974914791611302,-0.2954344669583502,0.4363320000056015,0.39790433990393037,129.9596000419877,-129.95960004149947,0.05435176676133999,-0.07369526378095292,-8.64934790456573e-11,0.012085279898952469,60.00000000000101,-59.999999999998835
10.2000,4.842724128590187,-0.1263832942645076,0.2562115984962766,0.0912710155070906,-0.06766197436348087,0.024381139794059984,3.7610865910203173,-0.20971240940783362,-0.23446418322064483,0.29849310431907455,-0.2969165808481718,0.4363320000056843,0.3981368400957912,131.09960004198774,-131.0996000414995,0.041699471446273076,-0.07842833584447964,-3.4727776210274897e-13,-0.003976346985685282,60.0000000000009,-59.999999999998934
10.2200,4.918472155030048,-0.12829200320641068,0.25622541738384413,0.08810503321917247,-0.06682159102050578,0.029245449927956534,3.77962043479657,-0.22251658434896138,-0.2351744396869581,0.2995448565683431,-0.29861166630433666,0.4363320000055945,0.3984794500296948,132.2996000419878,-132.29960004149956,0.07455432672830337,-0.09366986441837516,1.412203687323199e-13,0.058587083160321275,60.00000000000038,-59.99999999999947
10.2400,4.994551409081348,-0.13009824931332425,0.2562777335348516,0.0847188579431447,-0.06615095908086448,0.03424770893627739,3.7954064867279937,-0.23561959817452335,-0.23145777193265932,0.3006118852831034,-0.300388656264583,0.4363320000056775,0.39906419477725313,133.49960004198783,-133.4996000414996,0.03538652663468096,-0.08152840191542263,-3.304023721284466e-13,-0.0040276848743478165,60.000000000000234,-59.999999999999616
10.2600,5.070952842480396,-0.13180000822950014,0.256348140222858,0.08124601098161928,-0.06571037140827117,0.03937605734092434,3.8094871751808483,-0.24918823579052346,-0.22601655424532963,0.30170135996786596,-0.3020984246249831,0.4363320000056774,0.3997710082198128,134.69960004198788,-134.69960004149965,0.04888718289189945,-0.08172657011244139,8.576694909834259e-11,0.03128779105786116,59.999999999999915,-59.99999999999993
10.2800,5.14768864068792,-0.13339174374710322,0.2563736056243908,0.07780739346386789,-0.06536086684629601,0.04462856561438028,3.8262651128001286,-0.26387136992641425,-0.2316479895904126,0.3023244777007835,-0.3034747432494483,0.4363320000056749,0.39965678356041534,135.89960004198792,-135.8996000414997,0.031945780953755436,-0.06141567225519844,8.569056575424838e-11,-0.008209850812406525,59.999999999999616,-60.00000000000022
10.3000,5.22475735232111,-0.1348694086463684,0.2563379023239321,0.0745154335997256,-0.06507145959982434,0.049997810096496925,3.8413636051430053,-0.27876845120221716,-0.23358225492780926,0.3031008467023701,-0.3046222213119974,0.4363320000055889,0.3998660136894696,137.09960004198797,-137.09960004149974,0.04643337213779343,-0.053196204842630504,2.8688162956314045e-13,0.02577707641794276,59.9999999999992,-60.00000000000064
10.3200,5.302093940615716,-0.1362323418905579,0.2563811677254299,0.07148012790512932,-0.06542867122064812,0.0554546842773417,3.852774503581886,-0.2935052638592467,-0.22814296245064244,0.3039964982868658,-0.30560896631097134,0.4363320000056777,0.40049876656234595,138.35960004198802,-138.3596000414998,0.014287126436369806,-0.03170053984718243,-4.3520742565306136e-14,-0.02032087487894957,59.999999999999154,-60.00000000000069
10.3400,5.379753205727084,-0.13746629105601563,0.2563699769853572,0.06876833960422843,-0.06587536351656284,0.061017330170736586,3.8676984988269156,-0.30905319212990456,-0.23409566292513664,0.30440448965616174,-0.3060717836483902,0.43633200000567957,0.4003048462282729,139.49960004198806,-139.49960004149983,0.02123028229502033,-0.01743379017029688,-5.5067062021407764e-14,-0.006009109626651212,59.999999999999005,-60.00000000000084
10.3600,5.457708425200479,-0.13856441674837283,0.25637589638259806,0.06644585659520706,-0.06661293280992772,0.06667416245621607,3.881172358062514,-0.3245285951280924,-0.23663396884330617,0.3048613534233704,-0.30629264711414167,0.43633200000568306,0.4003407913354069,140.6996000419881,-140.69960004149988,0.013840388382521447,-0.00237022747206643,-4.440892098500626e-15,-0.010069990292818912,59.9999999999989,-60.00000000000095
10.3800,5.535982726375329,-0.13951241182989926,0.2563561880425328,0.06454864626101596,-0.06736671347974742,0.07243189449362619,3.8962339431508872,-0.34025151721013014,-0.24359909817179473,0.30503476951860337,-0.3061740831009786,0.4363320000056852,0.39999211232547366,141.89960004198815,-141.89960004149992,0.0019253310718545663,0.014323188300943542,-4.884981308350689e-14,-0.028694058503721386,59.99999999999883,-60.000000000001016
10.4000,5.61459534650683,-0.14029520775454626,0.2562813664729622,0.063094851483941,-0.06788412624911844,0.07829593545103944,3.910625034007605,-0.3557870794235607,-0.24644344406676538,0.3052111749239101,-0.30582346585159925,0.4363320000056874,0.39985245733493807,143.1596000419882,-143.15960004149997,0.005848926964052786,0.01968004452195144,8.6512130792471e-11,-0.00014820366717005484,59.99999999999881,-60.00000000000102
10.4200,5.693527026779848,-0.14089957081593713,0.25620632487377476,0.06209113805295546,-0.06828827339494731,0.08426024612855952,3.9256183275612253,-0.3712433340713579,-0.2503467603103885,0.3051428607534958,-0.3053570466164896,0.43633200000568795,0.39963883924106713,144.29960004198824,-144.2996000415,-0.015477109697690027,0.03032051464624129,-1.2878587085651816e-13,-0.029537748200754287,59.99999999999884,-60.000000000000995
10.4400,5.772813181514415,-0.14130450241177595,0.2560517927702953,0.06151793973171146,-0.06817556722721009,0.09033793343330408,3.9421125730845588,-0.38666281359749805,-0.25622403436831287,0.30479968866743656,-0.30468400284516944,0.4363320000056857,0.39915917475770024,145.5596000419883,-145.55960004150006,-0.025393271974792374,0.03634853656675968,-2.327027459614328e-13,-0.03493033087131472,59.99999999999892,-60.000000000000924
10.4600,5.852466176711592,-0.14149059185908971,0.25578521590199976,0.06134475461610756,-0.0673534009538825,0.09653558476638077,3.9578973714819043,-0.40168794715624856,-0.25660171542419385,0.3045139010252139,-0.3040724691955948,0.4363320000056829,0.3991085248786815,146.69960004198833,-146.6996000415001,-0.00851110961696034,0.027298331143883005,8.590106403971731e-11,0.02523901094881939,59.99999999999903,-60.000000000000824
10.4800,5.932390628314161,-0.14145064091150852,0.2556130640663374,0.06154711881322421,-0.06668541752915866,0.10282818182991418,3.9701151031024624,-0.415986479518467,-0.24802728711363095,0.3041852268246923,-0.30355953834292604,0.43633200000568156,0.39955819844763346,147.89960004198838,-147.89960004150015,-0.024988652876060585,0.025489752645164718,8.555023356393576e-11,0.01363218160795801,59.99999999999914,-60.0000000000007
10.5000,6.01258865059507,-0.14116385540015217,0.2555030638689855,0.062074170280211304,-0.06611937983517316,0.10922306868016515,3.9826534251019963,-0.43009096506769595,-0.24237528557318538,0.30355735796541583,-0.3030262807370925,0.4363320000055946,0.39964387049807604,149.09960004198842,-149.0996000415002,-0.03251194661214166,0.02644957460090206,-8.532374806691223e-11,0.004907412386583425,59.999999999999126,-60.00000000000071
10.5200,6.092990335541048,-0.14062051652783908,0.2555946955116099,0.06288274463627186,-0.06629362416889906,0.11570569925016368,3.9916087549454295,-0.4435483997201068,-0.23045725817764887,0.303041607213619,-0.302573181827676,0.4363320000056831,0.4001343137372393,150.29960004198847,-150.29960004150024,-0.03616794542149151,0.02549577229982973,8.551115371346896e-11,0.004379469307333982,59.99999999999941,-60.000000000000426
10.5400,6.173634032109682,-0.13979504753748653,0.2557736438546473,0.06390653089458227,-0.06680757037309937,0.1222953975684295,4.0027387998767425,-0.4571416113338273,-0.22795787033698325,0.3022218053635706,-0.30197097457433947,0.4363320000055994,0.3998801230941493,151.49960004198851,-151.4996000415003,-0.033366125127854265,0.029929074916673105,-8.550049557243256e-11,-0.0013460655314344074,59.99999999999942,-60.000000000000426
10.5600,6.254521895988856,-0.13866856841170505,0.256020950322545,0.06508497276502366,-0.0675851862741724,0.12900013767125693,4.014800175005988,-0.4707296775584765,-0.23026432207466221,0.30139228618143704,-0.3012827557473645,0.43633200000568706,0.39944505942621494,152.69960004198856,-152.69960004150033,-0.04613176442444814,0.039212044669775424,8.617195845772585e-11,-0.04026052653500757,59.99999999999971,-60.000000000000135
10.5800,6.335684577999124,-0.13721830638201146,0.25625474968427325,0.06635199772681676,-0.06825787501501618,0.13583693664552784,4.026749528997712,-0.4841682003555694,-0.23196459979970432,0.3007325011761288,-0.3005661024543779,0.4363320000056026,0.3991357433683021,153.8996000419886,-153.89960004150038,-0.023666396113490522,0.033377292930353776,3.4638958368304884e-13,-0.0006666499812589891,59.99999999999971,-60.00000000000014
10.6000,6.417140927099668,-0.13542313409702586,0.2564193433902628,0.06764435728518296,-0.06856326492536048,0.14281873728075947,4.0402406968729245,-0.49769259458014714,-0.2372870595878276,0.3000380889781933,-0.2998108997635411,0.43633200000568845,0.39868151114755684,155.15960004198865,-155.15960004150043,-0.02777684370142386,0.03332025954065461,8.670042461744742e-11,-0.0130204141491394,60.00000000000001,-59.99999999999984
10.6200,6.498863185857998,-0.13327089160618213,0.25656531595429183,0.06891134843324305,-0.06868395647372648,0.1499424927075189,4.051675837754677,-0.5108248986806243,-0.23622310030949079,0.2996520569113646,-0.29928492981606714,0.4363320000056886,0.3987475252607448,156.2996000419887,-156.29960004150047,-0.02033068721081472,0.024209107473307734,8.680345331413264e-11,0.0047922636570396915,60.00000000000013,-59.999999999999716
10.6400,6.580831594710073,-0.1307478787649694,0.25671574252981766,0.07010549526404866,-0.06873969645592273,0.15720711209085367,4.062764450142585,-0.5238658820179155,-0.2351638725583301,0.2992281486335068,-0.2988554888917738,0.4363320000056879,0.39876847968321805,157.49960004198874,-157.4996000415005,-0.03362714905201783,0.022144462913083383,-1.8207657603852567e-13,-0.02287354368337866,60.00000000000024,-59.9999999999996
10.6600,6.663064784915274,-0.12783371439522653,0.2568000340046189,0.07117824634413579,-0.06847519928014209,0.16462493212420065,4.07484204107247,-0.5370396738553986,-0.23697616560200205,0.2987752246382202,-0.2985051815153894,0.4363320000055992,0.39859479507154444,158.6996000419888,-158.69960004150056,-0.008903121459608476,0.010126218251359613,-8.691358743817545e-11,0.01842777732386923,60.00000000000018,-59.99999999999967
10.6800,6.7455378673439625,-0.12451732694859033,0.2568488908883571,0.07209700480193314,-0.06805633735270421,0.17219173303354954,4.086668390595705,-0.5502097327718634,-0.23896170588082621,0.29836253284095265,-0.2982751717093667,0.4363320000056833,0.39847337730434923,159.95960004198884,-159.9596000415006,-0.021946571225896064,0.009812470697341313,-2.7355895326763857e-13,-0.013836524992168728,60.00000000000041,-59.99999999999943
10.7000,6.828263341386031,-0.12078043939843075,0.2568019883438624,0.07282875548175324,-0.06728571501186699,0.17991610028389457,4.098537673720794,-0.5634361423384333,-0.24105548116952402,0.2980426803972486,-0.2981563029998468,0.4363320000056796,0.3983369479828637,161.09960004198888,-161.09960004150065,-0.020934689515487118,0.006171496574297608,-3.170796958329447e-13,-0.018512430848979324,60.00000000000046,-59.999999999999375
10.7200,6.911223310077642,-0.11661202347452458,0.2566709445631258,0.07335437548253682,-0.0662601267547009,0.18779431862343182,4.108745042670889,-0.5764724550946323,-0.23831435793248476,0.2979313210951924,-0.29817737994896765,0.4363320000056767,0.3985225936423475,162.29960004198892,-162.2996000415007,0.003639645347959783,-0.0070428754927634035,8.614353674829545e-11,0.028227463049554175,60.000000000000504,-59.99999999999934
10.7400,6.994331896807697,-0.11201722037971046,0.25662852850387546,0.07367715110123689,-0.0657590057676423,0.19579633881954692,4.115188244495544,-0.5890806328672328,-0.22835523744157307,0.29809637214002643,-0.2984120944600366,0.43633200000567757,0.399249175754864,163.49960004198897,-163.49960004150074,0.012070399728093296,-0.01577656525618671,8.599343459536612e-11,0.04398375932256213,60.00000000000051,-59.99999999999933
10.7600,7.077546322324481,-0.10699199787238636,0.256747388097958,0.07379991253594073,-0.06616283837819305,0.20390927329339853,4.120777129192264,-0.6018116698042151,-0.2218967338016328,0.29814165645116464,-0.29866073485116945,0.4363320000055947,0.3995786739419966,164.69960004198902,-164.6996000415008,0.009013016811348529,-0.012387221354184443,3.739231146937527e-13,0.01817510505840099,60.000000000000334,-59.99999999999952
10.7800,7.16089978218513,-0.10151556575992836,0.2569322911482135,0.07371796734804997,-0.06709227294996208,0.21214970954425097,4.128137958118873,-0.6150783064580583,-0.22412491138318963,0.29808723954238137,-0.2987725199308869,0.4363320000056842,0.3993140214931471,165.89960004198906,-165.89960004150083,-0.015125427216985718,0.0033265094066861067,-7.283063041541027e-14,-0.05124223832862826,60.00000000000046,-59.99999999999938
10.8000,7.2445025472149185,-0.09554811171462842,0.2569171887561021,0.0734160976660256,-0.06737200390707344,0.22056165956122087,4.139880901531805,-0.6291617515429567,-0.23624617425289962,0.2979995435832624,-0.2986641165936402,0.4363320000056834,0.3984604263237177,167.0996000419891,-167.09960004150088,0.006027675496470458,0.004335972092966177,-1.5010215292932116e-13,-0.025427787594847137,60.00000000000043,-59.99999999999941
10.8200,7.328300578852863,-0.0890928025455911,0.2568351954803432,0.0729197702117839,-0.06742445122600156,0.2291235604200986,4.148695061129861,-0.6428936902590627,-0.23822738651035066,0.2983907300452472,-0.2986938286466988,0.43633200000568356,0.3984710411872804,168.35960004198915,-168.35960004150093,0.013115581720214396,-0.0017339990073592104,-1.4299672557172016e-13,-0.008648769578980548,60.000000000000384,-59.99999999999945
10.8400,7.412295472739916,-0.08213659698070898,0.2566734098987019,0.07224600156573993,-0.06714255042191593,0.2378350021227996,4.158312423287201,-0.6568478017776014,-0.24143219811624497,0.2987332087337142,-0.29878630388268557,0.4363320000055959,0.39842325912191795,169.5596000419892,-169.55960004150097,0.03055095561848084,-0.01128820356675525,-8.638689763529328e-11,0.025172229713030056,60.00000000000017,-59.99999999999967
10.8600,7.496451912652576,-0.07467689942722133,0.2565031844575311,0.07142421164688709,-0.06678731189452237,0.24668188846945016,4.166490114654685,-0.6706957963426133,-0.24065487745115863,0.29911113188017224,-0.2990027349663395,0.43633200000568084,0.39855751464993966,170.75960004198924,-170.75960004150102,0.007115822561128096,-0.009141882622883228,-2.2648549702353193e-13,-0.01517011209865464,60.00000000000027,-59.999999999999574
10.8800,7.58074265732373,-0.0667089700975676,0.2563710965304452,0.07048516226582593,-0.0665491205694462,0.25565394169964556,4.172650111947547,-0.6843795423887247,-0.23498534016034328,0.2995870185537698,-0.2993312960239248,0.43633200000568184,0.39898460745080366,171.8996000419893,-171.89960004150106,0.02304866192946617,-0.01963861288276396,8.611955593096354e-11,0.024623425420487028,60.0000000000002,-59.99999999999965
10.9000,7.665135468509425,-0.0582292856588984,0.25633241178153027,0.06946288236307906,-0.06668038053711714,0.2647400788015575,4.178944022827382,-0.6982718946725929,-0.23289771446903415,0.2998655800624104,-0.2996812486372002,0.4363320000055965,0.39909167800389334,173.09960004198933,-173.0996000415011,0.011620109698458787,-0.015856478280026044,-8.595701928015842e-11,-0.0034879593680468106,59.99999999999995,-59.99999999999989
10.9200,7.749634400815963,-0.04922426084743717,0.2563580505193866,0.06838586529459346,-0.0670634762655133,0.2739433172893712,4.184729052627337,-0.7122675026260932,-0.23113975255676675,0.30016306424635175,-0.3000138120824098,0.4363320000056846,0.39917641158954476,174.29960004198938,-174.29960004150115,0.004950318582849729,-0.012468866431107242,-8.970602038971265e-14,-0.01568263928775848,60.00000000000003,-59.999999999999815
10.9400,7.8342879683557065,-0.03966553643454698,0.2563120093390179,0.06727309470603066,-0.06712243871827629,0.28328123988701376,4.193244221326864,-0.7267680140985592,-0.23690237935322805,0.3002483299542348,-0.3002104073896842,0.43633200000568323,0.398707239031243,175.55960004198943,-175.5596000415012,0.0016608830145063355,-0.00690552834644171,-2.0961010704922955e-13,-0.027393421236951165,59.99999999999996,-59.999999999999886
10.9600,7.919088951747073,-0.029542600278165188,0.25619541044572686,0.06615380140807701,-0.0668208960976831,0.29274987409158576,4.201346946975802,-0.7412572841140728,-0.24023494282679275,0.3004432187260874,-0.3004029873901632,0.4363320000055952,0.3985423043540924,176.75960004198947,-176.75960004150124,0.011681639603184427,-0.009984674774187192,-8.602363266163593e-11,-0.004345351905330509,59.99999999999975,-60.0000000000001
10.9800,8.00396915802446,-0.01886515900907646,0.2561524739613398,0.06506659388139968,-0.06674551213556423,0.3023247315429614,4.205275267610483,-0.7552388876750913,-0.23258852581329195,0.300920411064845,-0.30074453212453905,0.4363320000055972,0.39917454930033164,177.95960004198952,-177.9596000415013,0.02199695824457809,-0.018604947858994254,3.2507330161024584e-13,0.033615798627314744,59.99999999999969,-60.00000000000016
11.0000,8.08888824449698,-0.007632960634168619,0.25625202064940655,0.06404125677770822,-0.06722648536508834,0.3119937659123596,4.208782628563224,-0.7692978438895086,-0.2278082101884948,0.3011407160609035,-0.30104287306680394,0.4363320000055994,0.3994714717714811,179.09960004198956,-179.09960004150133,0.007014030468762512,-0.013087669485328773,-8.597922374065092e-11,0.004734881629294509,59.99999999999962,-60.00000000000022
11.0200,8.17389918398073,0.004187231774528163,0.2563367003072333,0.06308695877867943,-0.0676376509255385,0.321777654819457,4.215488960140549,-0.7838658470308367,-0.23345886809428978,0.3010481753320519,-0.30116445610114545,0.4363320000056855,0.39900616907374237,180.3596000419896,-180.35960004150138,-0.009791359084038033,-0.0003560164849490191,-1.8474111129762605e-13,-0.03632183528735379,59.99999999999972,-60.000000000000114
11.0400,8.259030147821123,0.016619917784151308,0.2563169254823227,0.06221399441905086,-0.06757008661120831,0.3316863796150386,4.22213704443465,-0.7983944322754399,-0.23691505281122077,0.3010891456655668,-0.3012021084021732,0.43633200000559813,0.3987914842536037,181.49960004198965,-181.49960004150142,0.008781162617053077,-0.004171691676394612,-8.626965808389286e-11,0.00789733367508547,59.99999999999956,-60.000000000000284
11.0600,8.344268108075738,0.029676079437811118,0.25619787223695323,0.06143467951583407,-0.06703298192536143,0.3417153436459014,4.230186997213711,-0.813033940578066,-0.2433759016427242,0.3010107559514042,-0.3011944535583004,0.4363320000056807,0.39847213302069817,182.6996000419897,-182.69960004150147,-0.0035452623029558483,0.0008437644840178435,-2.7622348852673895e-13,-0.013523571287043859,59.999999999999694,-60.00000000000015
11.0800,8.429564481494914,0.043352543866272956,0.25606862402739466,0.060763199325635564,-0.06639994034341563,0.35184957511073284,4.2340683167932935,-0.8270482210914389,-0.23743577938326857,0.30119351881498435,-0.3013057691924214,0.4363320000055936,0.3989188486715421,183.89960004198974,-183.89960004150151,0.008701219898720351,-0.007940583218096112,-8.580425259197e-11,0.029631505259017588,59.99999999999955,-60.0000000000003
11.1000,8.514852757913738,0.057639474379018854,0.25605488594904924,0.06021163736768497,-0.0662581359952852,0.3620703466829403,4.236407460218735,-0.8408517201176572,-0.23083210211858937,0.30124075687317303,-0.30145362455068453,0.4363320000055944,0.3993567650413375,185.0996000419898,-185.09960004150156,-0.0010356306925146108,-0.005724153667323699,-8.563283415696787e-11,0.01431999992886092,59.999999999999545,-60.000000000000306
11.1200,8.600122634324185,0.07254880447870886,0.2561453034189005,0.05977852037360898,-0.06662049400085371,0.3723792928963458,4.238752540503111,-0.8546569178204644,-0.22791182625466294,0.3011193719081077,-0.3015111143650059,0.4363320000055964,0.39945972182319434,186.29960004198983,-186.2996000415016,-0.004987155512381998,0.00040957408261679124,3.3217872896784684e-13,0.00029292799005952233,59.999999999999545,-60.0000000000003
11.1400,8.685381811328487,0.0880993495760187,0.2562926603575132,0.05945603799868688,-0.06729590298983902,0.38278362051227166,4.239894793268642,-0.8682758219655717,-0.22313845042218322,0.3011240213213492,-0.3014801246363256,0.43633200000560074,0.3997130559914855,187.55960004198988,-187.55960004150165,0.014560969753354108,-0.002170210016133274,4.4142467459096224e-13,0.04536205204207378,59.99999999999955,-60.000000000000284
11.1600,8.770610137493941,0.104298742312916,0.25652370924553974,0.05923721879410918,-0.06838018039494505,0.3932812442321115,4.243269210166198,-0.8821452938779336,-0.22804052158590685,0.3008139023986513,-0.30126570226309773,0.43633200000568884,0.39927416589110987,188.69960004198992,-188.6996000415017,-0.02815072396012562,0.020786729639683074,-8.08242361927114e-14,-0.05550914281790094,59.99999999999974,-60.00000000000011
11.1800,8.855871783142408,0.12119238706343217,0.25665835460225944,0.05909069346144813,-0.06905527517006874,0.4038978185585163,4.247666720959378,-0.8959651780859696,-0.23343217158511628,0.3005994709567823,-0.30089003660430574,0.43633200000560346,0.39883180804011054,189.83960004198997,-189.83960004150174,0.005238436731281895,0.01580812849465526,-8.676526164208553e-11,0.014038162935572054,59.99999999999966,-60.00000000000019
11.2000,8.941146497284308,0.13878922549856607,0.25672724884447223,0.058997431894485544,-0.06937480653409142,0.41463021050581056,4.253702536596208,-0.9098083732429509,-0.24274831811478817,0.3002916371899757,-0.3004405077447518,0.4363320000056887,0.39831128571595764,191.09960004199002,-191.0996000415018,-0.022591882714367732,0.025202377469679654,-2.1316282072803006e-13,-0.04719155566852223,59.99999999999985,-59.99999999999999
11.2200,9.02650299055309,0.1571404260320071,0.25652445720552935,0.058924773812974604,-0.0684381231430649,0.42550404461553576,4.261890198625861,-0.9236541745701178,-0.25265559036807217,0.29998071873207827,-0.3000007547375332,0.4363320000056822,0.39769119569424666,192.35960004199006,-192.35960004150184,-0.009369350054617358,0.015631691875823285,-3.8902214782865485e-13,-0.013591706668353836,59.99999999999991,-59.999999999999936
11.2400,9.111861479880638,0.17622585087952505,0.256213501999178,0.05887215344574877,-0.0669156464860277,0.4364954070614366,4.266154339828157,-0.9367884583564845,-0.24877154912976374,0.30001641623859515,-0.2999055757711401,0.436332000005677,0.3980803459987459,193.4996000419901,-193.49960004150188,-0.0029643748744629453,0.00019380185987693394,-3.801403636316536e-13,0.01917748991811451,59.999999999999936,-59.9999999999999
11.2600,9.197125495616895,0.19601557603805492,0.25598614710006157,0.05884383575914457,-0.06570714082843909,0.44757642996988434,4.266157739354287,-0.9492973993447664,-0.23556893373713977,0.3001264319669316,-0.30008250751665483,0.4363320000055895,0.3989760009025209,194.69960004199015,-194.69960004150192,0.0023956538681634623,-0.01264107205747133,-8.558487252230407e-11,0.044555635590537726,59.99999999999982,-60.00000000000002
11.2800,9.282217642555008,0.21648690197261894,0.25598496940018284,0.058840402214213876,-0.0655485666529233,0.45872772860917116,4.26361681853864,-0.9615167425806941,-0.22220399520910356,0.3000814640186081,-0.3003445216586383,0.43633200000567746,0.39970904810432567,195.8996000419902,-195.89960004150197,-0.015922974439090257,-0.0074832648849703365,8.553868724447966e-11,0.0033829862293396976,59.999999999999964,-59.99999999999988
11.3000,9.36717520161272,0.23767578359556063,0.25606446664139404,0.058839631833995494,-0.06593414923187808,0.46996879647725137,4.263313523961509,-0.9740215033237252,-0.21954717055734507,0.299770465448845,-0.3003962850461528,0.4363320000055941,0.3995978796987003,197.09960004199024,-197.09960004150201,-0.01163474994144012,0.001163209489696157,-8.540901319520344e-11,-0.006349765613264283,59.99999999999986,-59.99999999999999
11.3200,9.45198683958244,0.25959127328846887,0.25622632244157095,0.058828941848538055,-0.06685341099072463,0.48130184962227623,4.262213417282824,-0.9864119834407884,-0.21729538807004345,0.2996390033190984,-0.3003204798041032,0.4363320000056842,0.3995819065070433,198.2996000419903,-198.29960004150206,-0.0172545614100856,0.010619636652634629,-3.2862601528904634e-14,-0.026542187790602873,60.00000000000001,-59.99999999999984
11.3400,9.536679424769899,0.28226423846983256,0.2563775132517719,0.05878788494666666,-0.0678651720853465,0.49274114899046784,4.264167528182567,-0.9991271004630923,-0.22486241127869339,0.2993760087554519,-0.30002982347109797,0.43633200000568695,0.39899842701114147,199.49960004199033,-199.4996000415021,-0.013223018642765885,0.019237194263944823,8.65227889335074e-11,-0.03893921558908037,60.000000000000036,-59.9999999999998
11.3600,9.62128449434031,0.3057285210794886,0.2564192091408054,0.058696731523778835,-0.06844264218895268,0.504301572560391,4.266448597379463,-1.0117413387887202,-0.2304996001620848,0.29934503366594756,-0.29967398610355594,0.4363320000056883,0.3986333353888347,200.69960004199038,-200.69960004150215,0.002690210701109773,0.015592748266960901,-1.0302869668521453e-13,-0.0053406000664774494,60.00000000000007,-59.99999999999977
11.3800,9.705778795339654,0.3299875218923209,0.25639197144407716,0.05854767834408139,-0.06865770260137553,0.515978387956807,4.269343623177834,-1.0242842987181089,-0.23637549873380465,0.2993164974845868,-0.2993666913411131,0.4363320000056009,0.39832464785452854,201.83960004199042,-201.8396000415022,0.007981887202935217,0.012042868554151556,-8.660805406179861e-11,0.0026236503942860083,59.99999999999997,-59.99999999999988
11.4000,9.790146884960096,0.35504910029229625,0.25630625964878034,0.05833315367583572,-0.06849782093399447,0.5277698528337517,4.27172579360313,-1.0366069669335665,-0.23917530797832867,0.2993496901689883,-0.29913607757574623,0.4363320000055992,0.39820169700216484,203.15960004199047,-203.15960004150224,0.00785680103659571,0.005979399685847368,-8.659917227760161e-11,0.007767179270512674,60.0,-59.99999999999985
11.4200,9.874383881095254,0.3809282211757771,0.25613297909550914,0.05804456588200022,-0.06783378030542889,0.5396777900205403,4.2740955593970495,-1.0487620796704549,-0.24034391987319084,0.2993383251366984,-0.29903891015039297,0.4363320000056821,0.3981285508991846,204.29960004199052,-204.2996000415023,-0.010131847920250382,0.005218363246258462,-3.1796787425264483e-13,-0.02044294403556453,60.00000000000015,-59.999999999999694
11.4400,9.958451171068964,0.4076183301035126,0.2559276300806767,0.05768141842332316,-0.06692107723653277,0.5516925803062634,4.274809889876805,-1.0605682433269188,-0.23638624102970368,0.299417373808438,-0.299099467875796,0.43633200000559363,0.39840813253625174,205.49960004199056,-205.49960004150233,0.010810537428858999,-0.008776912331014734,-8.589129407710061e-11,0.033383587326094144,60.00000000000003,-59.99999999999981
11.4600,10.042290350496504,0.43509900161887405,0.2557944837669973,0.057247291134160334,-0.06626293725854508,0.5637985903667616,4.272936080088677,-1.0719809610152344,-0.2276086734541743,0.2995081338933062,-0.2993012313741884,0.43633200000567857,0.3989304982154945,206.6996000419906,-206.69960004150238,-0.0029749854047989577,-0.01010437060720959,8.557510255968737e-11,0.01504728748761773,60.00000000000016,-59.99999999999967
11.4800,10.125854235430166,0.4633552876955376,0.2558088370734351,0.056742915605702396,-0.06625444850299379,0.575985546978756,4.2689801317403555,-1.083121430707071,-0.21721252815451822,0.2995952208986644,-0.2995496750601749,0.43633200000568095,0.39952212756346694,207.89960004199065,-207.89960004150242,-0.004354100488292871,-0.010479323586542175,-1.3145040611561853e-13,0.016395598475926525,60.00000000000017,-59.99999999999968
11.5000,10.209152934899269,0.49241107015427005,0.2558905209163717,0.05615582207399152,-0.06662932778300687,0.5882635743592055,4.267845103326441,-1.0945778112517452,-0.21884775726566774,0.2993120211853361,-0.299605600160814,0.43633200000568173,0.39921245770958486,209.1596000419907,-209.15960004150247,-0.022104006994019258,0.004574187619393828,-1.4033219031261979e-13,-0.040226544570370795,60.000000000000185,-59.99999999999966
11.5200,10.2922175285153,0.5223047128468589,0.25591284322466507,0.055469693989891086,-0.06683929500649041,0.6006488507140536,4.267700716063005,-1.1060367694150064,-0.2228586606797775,0.29916384249660755,-0.29952803013860513,0.43633200000568206,0.3988838187904737,210.23960004199074,-210.2396000415025,-0.010214289049484106,0.006644871696444295,-1.1812772982011666e-13,-0.022584464788162995,60.000000000000206,-59.999999999999645
11.5400,10.37498672754699,0.5530083841375392,0.25601626228994073,0.05468671909845918,-0.06741380254408406,0.6131246953285447,4.264694904543795,-1.1170678255387476,-0.22025355876887276,0.29926218588771614,-0.2994814464484955,0.436332000005685,0.3990889023814196,211.4996000419908,-211.49960004150256,-0.014258217419042249,0.008422966029743906,-1.0302869668521453e-13,-0.02973620067427974,60.000000000000206,-59.99999999999963
11.5600,10.45750045368702,0.5845695225041609,0.2560444879312748,0.05378826568643924,-0.06768500772009492,0.6257094084213201,4.265806007447191,-1.1284349156328688,-0.22934670510349037,0.2990538187435975,-0.2992677607491661,0.43633200000568406,0.3984707447539324,212.75960004199084,-212.7596000415026,-0.013911235764539724,0.013943101440113286,-1.8030021919912542e-13,-0.04411999168379614,60.00000000000024,-59.9999999999996
11.5800,10.539742726754888,0.6169934213528198,0.25600768868712276,0.05276878436685155,-0.06762116553209276,0.6384009285375167,4.2647849386633645,-1.1393609273382388,-0.23016357635463783,0.2991907313236803,-0.2991533566523679,0.4363320000056842,0.3985620078245975,213.89960004199088,-213.89960004150265,8.566364838327734e-05,0.005572710011969316,-2.113864638886298e-13,-0.003331853385671879,60.000000000000256,-59.99999999999959
11.6000,10.621692652329411,0.6502829255150641,0.2559181223336904,0.05162352440747306,-0.06725913298436341,0.6511951086620685,4.264990620087735,-1.1502388096578438,-0.2343844736015308,0.29915230534077053,-0.2990515899066445,0.4363320000056816,0.3983801041594087,215.09960004199093,-215.0996000415027,-0.007903482714997224,0.005947685896236128,-2.389199948993337e-13,-0.0220310177472039,60.000000000000284,-59.99999999999957
11.6200,10.703331526333342,0.68444177503239,0.2557783371471237,0.05034863999390147,-0.06660695799708635,0.66408904811316,4.263897992710226,-1.1607709055881716,-0.23397710727858428,0.29922227671397367,-0.2990461798843327,0.4363320000056796,0.39849271776074274,216.29960004199097,-216.29960004150274,0.007317227215301654,-0.0032967979053569393,8.565237408220128e-11,0.01802282238157922,60.00000000000029,-59.99999999999955
11.6400,10.784607579388929,0.7194461336957612,0.25568480638527624,0.048946581281285505,-0.06609319886185312,0.6770694527301064,4.2600133969487635,-1.1708455358020853,-0.22697234836355484,0.2993931964510429,-0.2991724661998848,0.4363320000056794,0.39900683501565104,217.49960004199102,-217.4996000415028,0.010415011303734914,-0.010044175164681084,8.541256590888224e-11,0.037725657050333254,60.00000000000029,-59.99999999999955
11.6600,10.865446913367197,0.7552513639772265,0.25580133727226895,0.04742249635767952,-0.06645617827961425,0.6901187504354419,4.253804495820825,-1.180613520774165,-0.21873940568634312,0.2995064223060336,-0.29936568639061234,0.4363320000055974,0.39959356312660205,218.69960004199106,-218.69960004150283,0.010696519122761948,-0.01026326284145914,3.6060043839825084e-13,0.0380127262011824,60.00000000000017,-59.999999999999666
11.6800,10.945864109529811,0.7918868875216002,0.25602870718770276,0.04576305730471438,-0.06732857158505648,0.7032490868455639,4.249061555777239,-1.1904462409915082,-0.2185039689063552,0.29938057500695964,-0.29939980492494783,0.43633200000568617,0.39951110980618365,219.8996000419911,-219.89960004150288,-0.013499449469151159,0.004096544162367766,-2.398081733190338e-14,-0.025198035162600427,60.00000000000029,-59.999999999999545
11.7000,11.025897377373438,0.82940443424446,0.25620372195738444,0.043950443806241295,-0.06799962345469389,0.7164773143253458,4.248006276278999,-1.2004496271429428,-0.22883804033625094,0.29913363862590003,-0.29922289126656926,0.4363320000056868,0.398849798847685,221.09960004199115,-221.09960004150292,-0.01184775668205277,0.012603110030963746,-1.2434497875801753e-13,-0.039065648422081156,60.00000000000033,-59.99999999999952
11.7200,11.105559542313689,0.8678350125724978,0.2562434986343581,0.04197284488963904,-0.06803954029162268,0.7298087737575847,4.247586441313509,-1.2102247796065289,-0.237996011620135,0.2990544253749811,-0.29901259049241485,0.43633200000559896,0.3984041383350684,222.1796000419912,-222.17960004150297,0.0036366224030072655,0.00960505773277634,-8.633360693011127e-11,-0.008266108321575854,60.000000000000256,-59.999999999999595
11.7400,11.184818711819455,0.9071696938962387,0.2561955234399419,0.0398275837043767,-0.06759120542018845,0.74323422246213,4.246257698590981,-1.2196182031729266,-0.2426177539749294,0.2991271765252937,-0.29886541020978463,0.4363320000056826,0.3983421943279895,223.49960004199124,-223.49960004150302,0.0002751129651521536,0.004852640859445957,-2.957634137601417e-13,-0.006260866440936302,60.00000000000038,-59.99999999999947
11.7600,11.26362729845776,0.9473835644674407,0.2561478551281023,0.03751530965237836,-0.06702425316774306,0.756741745921965,4.2425324303813925,-1.2285465372710007,-0.24039780215495568,0.2992904462982197,-0.29889613380779734,0.4363320000055953,0.39872780530431134,224.6996000419913,-224.69960004150306,0.011659463631266229,-0.005932500674932492,2.0516921495072893e-13,0.032468361983060176,60.000000000000284,-59.99999999999955
11.7800,11.341949324581101,0.9884611965102093,0.2561448656819636,0.03503464247668062,-0.06658155660834267,0.7703265742650557,4.238692030203614,-1.2372712745874812,-0.2401925377138106,0.2992972941790156,-0.2989931908987854,0.43633200000559386,0.39892729762345364,225.89960004199133,-225.8996000415031,0.0030055850432775186,-0.005766274828853224,-8.587619504396571e-11,0.013938709192570096,60.0000000000003,-59.99999999999954
11.8000,11.419765795763078,1.0304021902158738,0.2561787451556939,0.03238144537480634,-0.06628194091841617,0.7839904563184241,4.233559588435525,-1.245713918082029,-0.23820909740061652,0.2993203026605472,-0.29911545298528486,0.4363320000055938,0.3991959539812236,227.09960004199138,-227.09960004150315,0.004836003452408609,-0.006879744767964678,2.5135449277513544e-13,0.0213237223029952,60.00000000000031,-59.99999999999953
11.8200,11.497063992714393,1.0732125198952274,0.2562226602369903,0.02954991935802898,-0.0660547393882352,0.7977363540616542,4.228795455191976,-1.253989685076784,-0.23893313941696212,0.2993115374072106,-0.299201948111639,0.43633200000559386,0.39935084411541666,228.35960004199143,-228.3596000415032,0.011229179344848246,-0.007016267362298552,-8.562395237277087e-11,0.03729872940772137,60.00000000000033,-59.999999999999524
11.8400,11.573793775940267,1.1168578226348145,0.2563812676303134,0.026538272244688316,-0.06635001191229435,0.811559990135509,4.221866733824967,-1.2619657609845085,-0.2368961052171321,0.2993491806520029,-0.29927929674834364,0.4363320000056815,0.3996614003383316,229.49960004199147,-229.49960004150324,-0.00787441278047326,-0.00024407924479245835,-1.270095140171179e-13,-0.008474545728461819,60.0000000000004,-59.999999999999446
11.8600,11.649957804755307,1.1613592155545336,0.2565836207929212,0.02333656357126557,-0.0668850590454396,0.8254690018293677,4.216167471083724,-1.2698313599588167,-0.24067293603768727,0.29928564941011815,-0.2992451753976855,0.4363320000056833,0.3995805532741612,230.69960004199152,-230.6996000415033,-0.013387414884248584,0.006945022131652351,-9.592326932761353e-14,-0.03358497048021637,60.000000000000405,-59.99999999999944
11.8800,11.725543735381391,1.2067221359020783,0.2568168274564628,0.019936600792077774,-0.06756262896860264,0.839466176538087,4.210282502195752,-1.2774613951379812,-0.24474766541922519,0.2993269113520209,-0.2991382764087834,0.4363320000055999,0.3995876300880383,231.89960004199156,-231.89960004150333,0.007531458086777826,0.004763680433187638,-8.633538328695067e-11,0.014685631525576302,60.00000000000036,-59.99999999999948
11.9000,11.800526637962658,1.252938202047163,0.25711137081425184,0.016330733274037244,-0.06846070424292652,0.8535517719263687,4.2045193625464385,-1.2848604069783174,-0.2510254861740937,0.2993270410906399,-0.2989832425477088,0.43633200000568867,0.3994689498413996,233.0996000419916,-233.09960004150338,-0.01273369316395375,0.012998293798100878,-9.14823772291129e-14,-0.045204669256109276,60.00000000000043,-59.99999999999941
11.9200,11.874945312776026,1.300074380309623,0.2572690492926304,0.012506931354287446,-0.06869941725312177,0.8677311352993619,4.202733245663625,-1.2920538266682384,-0.26642250768849357,0.29924493562758125,-0.2987203823961906,0.43633200000568695,0.3988515501793328,234.29960004199165,-234.29960004150342,-0.004576596375900702,0.014125582332530633,-2.2115642650533118e-13,-0.03641075312144772,60.000000000000476,-59.999999999999375
11.9400,11.948798202550618,1.3481545807795983,0.25722619563607707,0.008459928033289163,-0.06793839068224379,0.8819978257558307,4.20123867831051,-1.2988094985064982,-0.2780940686159793,0.29930028475230935,-0.2985031816196392,0.43633200000559563,0.39852440748858015,235.4996000419917,-235.49960004150347,0.01694414715963835,0.0039129410646928445,-8.707168319688208e-11,0.029707305919170923,60.00000000000048,-59.99999999999937
11.9600,12.022011503216097,1.3971147306772307,0.25716796093856514,0.004189528349470287,-0.06693766392071224,0.8963408264802755,4.195924315831286,-1.3050987081927357,-0.2783825099852801,0.2994697941057319,-0.2985109350667378,0.43633200000559247,0.39895709431811494,236.69960004199174,-236.69960004150352,0.007923826832915412,-0.004855635133079371,-8.670486550954593e-11,0.02941218814814611,60.0000000000005,-59.999999999999346
11.9800,12.0945332635895,1.4469127573259102,0.2571936457876354,-0.00030767668095554504,-0.066194445014303,0.9107579772260535,4.188445485338912,-1.3110531650455486,-0.27539412990662104,0.29953999204739473,-0.2986819287653492,0.4363320000055916,0.39954347913416566,237.9596000419918,-237.95960004150356,0.005957879056969831,-0.010629214991906777,2.1049828546892968e-13,0.04008746894344305,60.000000000000504,-59.99999999999934
12.0000,12.166345988554555,1.497547710094828,0.25727668865633546,-0.005037579774483888,-0.06569940990261627,0.9252510915152632,4.181468852130928,-1.3166936771992162,-0.2771368696227998,0.29944715363864666,-0.29883868232169836,0.4363320000055906,0.3997112750577502,239.09960004199183,-239.0996000415036,0.003635216803778256,-0.008554028366206126,2.717825964282383e-13,0.030913735323874304,60.00000000000052,-59.999999999999325
12.0200,12.237444382583284,1.5490350831902322,0.25734950410320484,-0.010006132841009882,-0.06523116497825932,0.9398199171662797,4.175228054470243,-1.3219532351576448,-0.28287762494455315,0.29930765879347754,-0.298937678396863,0.43633200000567485,0.3996370989927746,240.29960004199188,-240.29960004150365,-0.006458601978012499,-0.002303796454940041,8.624034819604276e-11,-0.01124999815795353,60.00000000000054,-59.999999999999304
12.0400,12.307783990311085,1.6013379236821101,0.257503064270387,-0.015220962968318158,-0.065180434208912,0.9544668856400538,4.165561126988797,-1.3269053961624746,-0.28110551894123587,0.29934157973995607,-0.29901954436322303,0.4363320000055903,0.400098858451644,241.49960004199193,-241.4996000415037,-0.004655463365331292,-0.002346587478998949,-8.613643132093785e-11,0.0031715671541255874,60.000000000000554,-59.9999999999993
12.0600,12.37735896704537,1.6544707403289576,0.2576783205571426,-0.020689538571107825,-0.06533007418574856,0.969191433491083,4.158476495867794,-1.3313813974629298,-0.289195458282296,0.29927121512998056,-0.29900148503184637,0.4363320000056778,0.40002518453899916,242.69960004199197,-242.69960004150374,-7.653304486795326e-05,0.002796411739046073,-1.127986593019159e-13,0.0030826986656893665,60.00000000000054,-59.999999999999304
12.0800,12.446141336160382,1.708418016473682,0.25791264501451716,-0.02642078830508433,-0.06579587087059899,0.983995273175572,4.149403681970929,-1.335490019716579,-0.2932004853345856,0.2993100213098464,-0.29891662669645275,0.43633200000559397,0.40017707365590965,243.89960004199202,-243.8996000415038,0.006925612414311923,0.004734919881016243,4.18332035678759e-13,0.026306259586127916,60.00000000000058,-59.999999999999254
12.1000,12.51411858545895,1.7631862889158463,0.25818063389160134,-0.03242277263250298,-0.06643665216741854,0.9988763032210601,4.1424191041670815,-1.3389941117523345,-0.305078552581217,0.2992898023485828,-0.29876362291208197,0.43633200000568156,0.3999426932113437,245.09960004199206,-245.09960004150383,-0.0040215707792201905,0.010967963807375428,-1.1546319456101628e-13,-0.04061160831904298,60.00000000000056,-59.999999999999275
12.1200,12.581327534755689,1.8188600534534234,0.2582468857706014,-0.0386919765291576,-0.06620477223270381,1.013810279763249,4.13937980676218,-1.3416221581579282,-0.32441628133361544,0.2993312200801871,-0.2985096997146569,0.43633200000567846,0.399298782408398,246.2996000419921,-246.29960004150388,0.006535321565088646,0.012591339042867564,-1.8385293287792592e-13,-0.020194086395070112,60.00000000000061,-59.99999999999923
12.1400,12.647730019702227,1.8754167045917511,0.2581775101516095,-0.04523201081330083,-0.06528309691861796,1.0287887419929882,4.134103805620472,-1.3437672248988835,-0.33342783390964037,0.2995239430928062,-0.29831813490765435,0.4363320000055887,0.399339531484577,247.49960004199215,-247.49960004150392,0.013648699330099948,0.005436558069513674,-8.683365138040244e-11,0.0413447831389635,60.00000000000072,-59.99999999999913
12.1600,12.713234378418568,1.9327434221752295,0.25826516736188476,-0.05206225122982173,-0.06488701068875496,1.043835610140775,4.123130793509951,-1.3458583861726392,-0.32896991751372195,0.29965745435532154,-0.29831266979103904,0.4363320000056765,0.40014795596881814,248.6996000419922,-248.69960004150397,-0.00040292927179277904,-0.0032009920726330937,8.676526164208553e-11,0.026974929362139823,60.00000000000061,-59.99999999999923
12.1800,12.777830143791679,1.9908471249680992,0.25845486266256384,-0.0591879341331745,-0.06487653448208948,1.0589486415754998,4.114989817675328,-1.3470500894052824,-0.3367698455261743,0.2995738405154224,-0.2983764490380519,0.43633200000567635,0.4001929982806815,249.89960004199224,-249.89960004150402,-0.005333548869790573,-0.001919413078986583,-1.794120407794253e-13,-0.020303570249926423,60.00000000000062,-59.99999999999922
12.2000,12.841542463596065,2.0497960547280227,0.2585386128435718,-0.06658304605404992,-0.06439855968110958,1.0740966294975631,4.109291193749745,-1.3474141489732647,-0.3498708691068334,0.2997278297256093,-0.2985317915817664,0.43633200000567507,0.39992599636211185,251.0996000419923,-251.09960004150406,0.03493511277632823,-0.028334496399610838,-1.1812772982011666e-13,0.018569514045901125,60.00000000000021,-59.99999999999963
12.2200,12.904339676416242,2.1095343325902505,0.2586456199596443,-0.07407399335644466,-0.06389421355144882,1.0892760714341132,4.1019448518647454,-1.3485771417622814,-0.35710692298406277,0.3010429441012723,-0.299759051083833,0.436332000005588,0.4001738527273888,252.35960004199234,-252.3596000415041,0.08563300016420237,-0.07685769910533939,3.481659405224491e-13,0.040546586561935063,59.99999999999966,-60.00000000000019
12.2400,12.966221808818247,2.170039468137589,0.2588037606999927,-0.08139329046386505,-0.0633973971608008,1.1044675074590815,4.093317318055067,-1.3507078982291287,-0.3592279379305336,0.3027731764085983,-0.30144788186104193,0.43633200000567435,0.4006216138814563,253.49960004199238,-253.49960004150415,0.09281909646902585,-0.09602850340002961,-1.5010215292932116e-13,0.01622508168221737,59.99999999999892,-60.00000000000093
12.2600,13.027203007430016,2.2313194655153263,0.2589539205730169,-0.0882904618095206,-0.062634977857815,1.1196401116481685,4.087963417663891,-1.352871976542449,-0.3692322171957283,0.30461145445602594,-0.303372157617383,0.43633200000567113,0.400639121476643,254.69960004199243,-254.6996000415042,0.08960628886338592,-0.09371587152532185,-1.971756091734278e-13,0.0011377237478148242,59.9999999999984,-60.00000000000144
12.2800,13.087266430512946,2.2933360659371216,0.2591621835644853,-0.09456051784628716,-0.061857202458957504,1.1347912682055359,4.0794019289147165,-1.3560492874887573,-0.36810050302766095,0.3062199543869011,-0.3051325849368162,0.4363320000056701,0.4011700249605995,255.89960004199247,-255.89960004150424,0.06905638895834723,-0.08421474848672779,-1.4566126083082054e-13,0.028056936020950805,59.99999999999795,-60.00000000000189
12.3000,13.146403123233057,2.3560668025425993,0.25943797262258633,-0.10003572931950433,-0.06117135199047588,1.1499162406229213,4.072759067041414,-1.3590690341255172,-0.37328847884395505,0.3073857565675528,-0.3066746164388321,0.4363320000056669,0.40128867685194003,257.0996000419925,-257.0996000415043,0.0497151579348021,-0.06831442477142376,-2.327027459614328e-13,-0.004045749814527468,59.999999999997634,-60.00000000000221
12.3200,13.204621155368246,2.4195323056416482,0.2596799837519689,-0.10457673314727074,-0.06023098210863648,1.1649910649341397,4.066024063007904,-1.3621736242132314,-0.3759772208357064,0.30815317407496784,-0.30781328044117034,0.4363320000055774,0.40142549678794165,258.29960004199256,-258.29960004150433,0.025763227291908067,-0.04593620846921655,-8.628742165228687e-11,0.03132337426441728,59.99999999999763,-60.00000000000222
12.3400,13.261889485997997,2.4836823524791356,0.25996897304878197,-0.108110858994581,-0.05947102812642332,1.1800375147017046,4.058568187179255,-1.3653099826430657,-0.3774073899904829,0.308431354839524,-0.30858431242770695,0.4363320000056603,0.40157383817623066,259.4996000419926,-259.4996000415044,0.004842288714386224,-0.029320197696989604,-2.1049828546892968e-13,-0.004901959605294548,59.99999999999731,-60.000000000002544
12.3600,13.318203604755738,2.5485237713189064,0.2602340928266204,-0.11059003441919477,-0.058724639025319644,1.195048019141665,4.050497567407076,-1.3683560177707998,-0.3764894742417974,0.3082835517447723,-0.30893198127729593,0.4363320000056575,0.4017148589659596,260.75960004199266,-260.7596000415044,-0.017531646522753574,-0.00786131912553685,-1.9806378759312793e-13,0.0005496222895331401,59.999999999997286,-60.000000000002565
12.3800,13.373547101207064,2.6140441771177794,0.2604560630873033,-0.1120138759128699,-0.05804042054539548,1.2100293045012334,4.044219793806427,-1.3706379933755677,-0.3810937428666383,0.3078470501276579,-0.3088977171646506,0.4363320000056544,0.4015807618591766,261.8396000419927,-261.83960004150447,-0.030213479236394343,0.011035292483474554,-1.5898393712632242e-13,-0.008681670379392846,59.99999999999736,-60.00000000000248
12.4000,13.427904026029436,2.6802383587849334,0.26060403716008773,-0.11241599153057014,-0.05739079050923459,1.2249872773189685,4.036674403334316,-1.3728265175122638,-0.38113201770570393,0.306992331701187,-0.3083923583587167,0.4363320000056523,0.4015849834069999,263.15960004199275,-263.1596000415045,-0.04818550199886722,0.03350215732216865,8.610090418414984e-11,0.016382297417833543,59.99999999999753,-60.000000000002316
12.4200,13.481232028855228,2.7470381454964365,0.2608091408416414,-0.11188675716145849,-0.05740830512226864,1.2399677998547758,4.027324872813681,-1.374967507099599,-0.3786221449328968,0.3059624431064098,-0.30764097593983336,0.4363320000056523,0.4016267924331012,264.2996000419928,-264.29960004150456,-0.055814963378827846,0.04553918857532177,-6.572520305780927e-14,-0.020722347021476593,59.99999999999775,-60.000000000002096
12.4400,13.533543269107806,2.8145037860472986,0.26088005425997607,-0.11050016620939367,-0.05738024389757984,1.2549357882258851,4.021041905786877,-1.375960812068248,-0.3838342361367716,0.3047555633154802,-0.3064713241050581,0.43633200000565125,0.4011962013460995,265.55960004199284,-265.5596000415046,-0.059111077618011744,0.06389463443049745,-1.7763568394002505e-14,-0.017870840513973855,59.99999999999806,-60.00000000000179
12.4600,13.584816464699434,2.88262739402158,0.26081634940375903,-0.10837409715944887,-0.05729380391888536,1.2699024221524318,4.014750010129599,-1.3765825293505236,-0.38708352911520844,0.30360430353747875,-0.3051445269504924,0.4363320000056507,0.40090209478860434,266.6996000419929,-266.69960004150465,-0.06173526527646018,0.07431176770878864,-3.6415315207705135e-14,-0.013838404983300755,59.99999999999837,-60.00000000000147
12.4800,13.635012685287933,2.9513493051707944,0.26074922565078335,-0.10565892303629397,-0.05765827844286163,1.284908957781548,4.005176490608602,-1.3775874912081787,-0.38102650654491277,0.30229620270157576,-0.3035688732534193,0.43633200000565336,0.4009944272191509,267.8996000419929,-267.8996000415047,-0.06630753143961865,0.07808078721835292,3.907985046680551e-14,-0.015896382030907152,59.9999999999987,-60.00000000000114
12.5000,13.684127286338478,3.0206917596387406,0.26060077257592545,-0.10248977542298127,-0.05813902448744276,1.2999442609212346,3.999379235863657,-1.3774404009412033,-0.3855219839004651,0.30103187147777527,-0.30194260121175714,0.4363320000056545,0.4005116071951019,269.09960004199297,-269.09960004150474,-0.06063669718798608,0.08413503870718242,8.43769498715119e-14,-0.0235451228420112,59.999999999999076,-60.00000000000076
12.5200,13.732146360216067,3.0906602929669087,0.26034921416150997,-0.09900925196817817,-0.05855167415710136,1.3150106351689106,3.992967144850321,-1.3772148646222033,-0.38568593867724926,0.29986353930595644,-0.30023177606009144,0.43633200000557043,0.4002237177940429,270.299600041993,-270.2996000415048,-0.05784033305601799,0.08850152672793447,5.000444502911705e-13,0.021983860866849392,59.99999999999964,-60.0000000000002
12.5400,13.779027952620563,3.1611637796799514,0.26020849338942215,-0.09538857669095452,-0.05967812026361362,1.3301592859720575,3.983030685580674,-1.3774986853882134,-0.37743552089295884,0.29870627505759495,-0.29857849161697364,0.4363320000056614,0.40030415496392613,271.49960004199306,-271.49960004150483,-0.05509939272865764,0.07773698625977679,1.2434497875801753e-13,-0.028173335207428808,59.99999999999977,-60.00000000000007
12.5600,13.824785343030806,3.232275607528013,0.2599826430029554,-0.09174571829210423,-0.060637595308976576,1.3453506448030137,3.9782549823919275,-1.376598138706053,-0.3824338602642841,0.29772886154710554,-0.29703708613621566,0.4363320000056635,0.3996791392173335,272.6996000419931,-272.6996000415049,-0.04375564621351113,0.07579037119698283,7.904787935331115e-14,-0.02697692622753877,60.000000000000114,-59.99999999999973
12.5800,13.869405937055193,3.3040009382605335,0.2596556902968603,-0.0882054115616623,-0.06121214865685816,1.3605867243796024,3.9736327588706013,-1.375632113989554,-0.3843783356330082,0.2969077122779233,-0.2955381637159403,0.436332000005665,0.3992506592464892,273.95960004199316,-273.9596000415049,-0.03528176076026156,0.06618025269700804,3.019806626980426e-14,-0.015344361671882717,60.000000000000426,-59.99999999999941
12.6000,13.912869414188254,3.3763091481710545,0.25928974879199596,-0.0848855876181462,-0.06153457370444408,1.375885418466316,3.9678167116879743,-1.3748953342889885,-0.3804111499342189,0.2962988939407862,-0.29440001709710817,0.4363320000056667,0.39919523461176804,275.0996000419932,-275.09960004150497,-0.030020535008776356,0.053706217782222496,8.661160677547741e-11,0.014535882263481167,60.000000000000654,-59.99999999999918
12.6200,13.955151714173388,3.449133468514188,0.25902016213713447,-0.08189599548471102,-0.06209331027142093,1.391276353716179,3.9600309800730096,-1.3745230256987846,-0.3716140361246373,0.29573923738004076,-0.2935096218161226,0.4363320000056694,0.3993483963455325,276.29960004199324,-276.299600041505,-0.026166623361791465,0.03671886964782353,4.529709940470639e-14,0.005586604624569211,60.000000000000846,-59.99999999999899
12.6400,13.996237152749357,3.522416451052573,0.2589490695642583,-0.07932723047108287,-0.06327971459779134,1.4067791807753933,3.950514899527157,-1.374458907814619,-0.36100164990738765,0.29527445297318966,-0.2929132460286846,0.4363320000056745,0.3995413829663404,277.4996000419933,-277.49960004150506,-0.021406890700186136,0.02231575753282368,5.773159728050814e-14,-0.014134459488927466,60.00000000000099,-59.999999999998856
12.6600,14.036139404219163,3.596231980254419,0.2588628194420438,-0.07722165885099731,-0.06419119804403685,1.4223561273162701,3.946555945067446,-1.3735318880148566,-0.3664560914560236,0.294988457407518,-0.2925487762086735,0.436332000005675,0.3989210606629249,278.69960004199334,-278.6996000415051,-0.0072537204140236886,0.015143984061058498,-1.2434497875801753e-14,-0.027814547518535557,60.00000000000112,-59.99999999999873
12.6800,14.074855235838124,3.6706022011422106,0.2586815125189874,-0.0756102962903712,-0.06440706920823862,1.4379954437649787,3.9429444651537624,-1.372701351296504,-0.3696176144749266,0.29496137732181565,-0.2923592053219921,0.43633200000567407,0.39856529173649474,279.8996000419934,-279.89960004150515,0.0030959411201474663,0.003351261458716129,-1.0391687510491465e-13,-0.009894756989359065,60.000000000001194,-59.99999999999865
12.7000,14.112372162506675,3.7454957609679904,0.2584415509474045,-0.07451273042673802,-0.06403160419547738,1.4537050220080867,3.9386269874601316,-1.3721803104717674,-0.3686087914328583,0.29509589097096905,-0.2924505257052188,0.4363320000056721,0.39855334685753485,281.0996000419934,-281.0996000415052,0.008975148181071396,-0.012343254188840108,-1.971756091734278e-13,0.006017655077890774,60.00000000000121,-59.99999999999863
12.7200,14.148671212648335,3.820810142975001,0.25833305322666356,-0.07394355988373941,-0.06386896961970788,1.4695174413823155,3.9301283027172005,-1.372525009909909,-0.357507404866227,0.2953137436761483,-0.29288509434324755,0.4363320000055867,0.3991276936443566,282.3596000419935,-282.35960004150525,0.012091461941297461,-0.027069984057917044,3.632649736573512e-13,0.04207979457740664,60.000000000001286,-59.99999999999855
12.7400,14.183748270266022,3.8964939024270824,0.2584131307775174,-0.07389243423223898,-0.06424528976988855,1.4854416933555983,3.920739017843605,-1.3732132636711918,-0.3485283135806452,0.29552931244879166,-0.2935217645105429,0.4363320000056752,0.3994656813360196,283.4996000419935,-283.4996000415053,0.013571732201883673,-0.03638318181854749,8.676792617734463e-11,0.014477565190051705,60.00000000000105,-59.99999999999879
12.7600,14.217610754397082,3.9725801097970956,0.25854400488334733,-0.07431848797707495,-0.06466443623985611,1.5014534534074557,3.9145806735596196,-1.3736096218579983,-0.3515125413196461,0.2958483589288935,-0.29429981905113983,0.4363320000056746,0.3992233596080682,284.69960004199356,-284.69960004150533,0.02099812086819798,-0.039052917321643975,-8.526512829121202e-14,-0.02577665818372136,60.000000000000966,-59.999999999998884
12.7800,14.250263491964404,4.0491287446765725,0.25853687793750746,-0.07515867003500465,-0.0643480552741761,1.5175179638278573,3.910535112934545,-1.3739139724905038,-0.3582329187443652,0.2963817581887231,-0.29508818768941836,0.43633200000567185,0.3989086123693616,285.8996000419936,-285.8996000415054,0.030596020930024073,-0.04076201694231685,-1.509903313490213e-13,-0.006744111385401156,60.000000000000846,-59.999999999999
12.8000,14.28169675760986,4.126078914241929,0.25848637588917167,-0.076360664567184,-0.06367817787999575,1.5336464160613141,3.9039318718427922,-1.3748832118637742,-0.35640554529243057,0.29704154528281884,-0.2959517771768626,0.43633200000567024,0.3991972395196211,287.09960004199365,-287.0996000415054,0.03375279757303567,-0.04563409181166727,8.6556539713456e-11,0.04386579485845109,60.00000000000067,-59.999999999999176
12.8200,14.311903370665544,4.203329952898013,0.2585689390666155,-0.07787410264439304,-0.06344481699163775,1.549865426865552,3.894397083932977,-1.3765739355876043,-0.349781133103604,0.2976238909759568,-0.29689694003717865,0.43633200000567024,0.3997121212183728,288.2396000419937,-288.23960004150547,0.028981986341486077,-0.051881096811319284,-1.0391687510491465e-13,0.012048539132338481,60.00000000000048,-59.99999999999935
12.8400,14.340885996559923,4.280863978993994,0.2587665654366969,-0.07962863634198453,-0.06365167772389459,1.5661697713455223,3.88417290665213,-1.3786156570908286,-0.3443325758280191,0.29825281761585265,-0.29795103380079524,0.43633200000567235,0.40013192777353845,289.49960004199374,-289.4996000415055,0.027938556647207034,-0.050256624152635224,-9.325873406851315e-14,0.014798141007287133,60.00000000000027,-59.999999999999574
12.8600,14.368648338464057,4.358715705705508,0.2589446231159735,-0.08154164198770995,-0.06379585930342316,1.5825315701608649,3.878599040994171,-1.380072000098675,-0.35403514838239014,0.29888657269302527,-0.2989415316164545,0.4363320000056702,0.3997323358089829,290.7596000419938,-290.75960004150556,0.034004648570032735,-0.042516459031114784,-1.4654943925052066e-13,-0.020047144395772112,60.000000000000114,-59.99999999999974
12.8800,14.395188050124638,4.436923963439689,0.258971547981078,-0.08352505236019503,-0.0633060921253953,1.5989206814829904,3.8736274759850304,-1.381608950909532,-0.36237099051286437,0.2995659362028585,-0.2996943951162793,0.43633200000566746,0.3995257632243972,291.89960004199384,-291.8996000415056,0.03627125182567777,-0.03792635955516554,-1.4033219031261979e-13,-0.003630038784351225,59.99999999999996,-59.999999999999886
12.9000,14.420498732758993,4.515444719931687,0.2589068474492923,-0.08550872576177487,-0.062407999646936274,1.615341770734224,3.8671955694033584,-1.3835860042758266,-0.36443524505298,0.30026657783492594,-0.3004311643688664,0.4363320000055785,0.3997079466024112,293.0996000419939,-293.09960004150565,0.03281968108443663,-0.03541265750611709,-8.642508930734039e-11,0.03669158239448702,59.99999999999996,-59.999999999999886
12.9200,14.444577758863714,4.594167345445977,0.2589578475719827,-0.08744466594841821,-0.06198736175645507,1.6318314704329944,3.8563103114108714,-1.3865204913569076,-0.35591496979625903,0.30081180300016536,-0.3011538944676518,0.43633200000566574,0.4003800975191061,294.2996000419939,-294.2996000415057,0.021760456308549996,-0.0360442419600585,-7.194245199571014e-14,0.03487173559739898,59.999999999999595,-60.00000000000024
12.9400,14.467428579947512,4.67302827475071,0.2592169355667927,-0.08928731885242401,-0.06250631105065667,1.6484077284421568,3.8449848480382562,-1.3896284229364602,-0.35165855067001833,0.3011546820129619,-0.30183300328405416,0.43633200000566813,0.4007045768254243,295.499600041994,-295.49960004150574,0.01573124551082688,-0.03139534585331129,-6.750155989720952e-14,-0.026455046450861986,59.99999999999946,-60.000000000000384
12.9600,14.489047189100324,4.752148447005168,0.25935478393112177,-0.0909543923780214,-0.0626395907027334,1.665003544194307,3.8396599035545003,-1.3916728566635228,-0.3633118342071092,0.3015258012333311,-0.30229755822540877,0.4363320000056665,0.4001682558586039,296.699600041994,-296.6996000415058,0.02003222043491737,-0.016783259210666007,-8.615330671091215e-14,-0.019372857937316496,59.99999999999938,-60.00000000000047
12.9800,14.509424498642433,4.831520110252077,0.2593554745493193,-0.09239995964911571,-0.062254078002555696,1.6816108799901797,3.8340121680120234,-1.3938179533922816,-0.3706926373931131,0.30190771497671265,-0.30254956852605713,0.4363320000056643,0.39995137954135723,297.89960004199406,-297.89960004150583,0.01739071361582363,-0.009849369400762892,-1.1546319456101628e-13,-0.0046914406944813004,59.99999999999932,-60.00000000000053
13.0000,14.528552879200237,4.911113131539893,0.2592476922732618,-0.09359141587703888,-0.06144199943878799,1.6982332356516054,3.8280502152221265,-1.3960620099530612,-0.3746865226489463,0.30219362083190104,-0.30271430189154674,0.43633200000566136,0.3999360176400822,299.0996000419941,-299.0996000415059,0.011180989248141843,-0.007124730087783866,-2.1405099914773018e-13,0.0018942537143602188,59.99999999999927,-60.000000000000576
13.0200,14.5464314572343,4.990839576073325,0.2591893894794419,-0.09452178411615662,-0.06086379007344421,1.7149046431385848,3.8177132728302055,-1.3991805097081726,-0.3662760120185228,0.3022975842256524,-0.302821552989944,0.43633200000557537,0.4005098342855827,300.35960004199416,-300.3596000415059,-0.0018587211238631357,-0.004914072469331503,-8.598100009749032e-11,0.034350039128452234,59.99999999999939,-60.00000000000045
13.0400,14.56306723901878,5.070602074968929,0.2593540636838731,-0.09520354765695066,-0.0613043244181609,1.7316643774101073,3.8052520302749047,-1.4026602624650486,-0.3569092721195735,0.30217495992457233,-0.3028877636836241,0.43633200000566486,0.4009566442863112,301.4396000419942,-301.43960004150597,-0.009992505118123739,-0.003313834509759285,2.6645352591003757e-15,-0.00407471740454577,59.99999999999917,-60.000000000000675
13.0600,14.57844957752688,5.150481443212589,0.25950043135549655,-0.09561519360523758,-0.06182667645742213,1.74846329438763,3.7985697004580388,-1.404893477726368,-0.3652248201377749,0.30200613483035155,-0.30282651903322466,0.43633200000566486,0.4004386439802281,302.69960004199424,-302.699600041506,-0.0057131734102958825,0.009490844657598148,-7.549516567451064e-14,-0.02896800246941507,59.99999999999922,-60.00000000000063
13.0800,14.592562964560209,5.2305146314493145,0.2595040462734461,-0.09575203948053591,-0.06186047126668515,1.7652749862541812,3.792738703734018,-1.4068761685741626,-0.3726229075799653,0.3019045227619001,-0.3025374866639052,0.4363320000056635,0.400034688250805,303.8996000419943,-303.89960004150606,-0.005369648507164072,0.01756227819981191,-8.704148513061227e-14,-0.012994623341861418,59.99999999999928,-60.00000000000057
13.1000,14.605398420612485,5.310672122975173,0.25939377681366116,-0.09563266515332036,-0.06147117169340102,1.7821066912372987,3.786698772974249,-1.4088344814470244,-0.37663200434106126,0.30176628960153906,-0.3021624277605385,0.4363320000056617,0.3998770293640261,305.09960004199434,-305.0996000415061,-0.008613697682899962,0.01915287896809042,-1.1191048088221578e-13,-0.004354538942806841,59.99999999999935,-60.00000000000049
13.1200,14.616960143311632,5.39086108481174,0.25934214600143396,-0.09529946238122701,-0.061351708354394116,1.7989984414119096,3.7762508049191212,-1.4115970527864137,-0.3680983392087868,0.30147979577451195,-0.30174952371496705,0.4363320000056634,0.4003419699063519,306.3596000419944,-306.35960004150616,-0.018495724194404525,0.01757799520976646,8.65547633566166e-11,0.019180797754009642,59.99999999999939,-60.00000000000045
13.1400,14.627248545849016,5.471049729082777,0.2593692242478025,-0.09478829210954352,-0.06163832731717588,1.8159579113010436,3.7678425458603533,-1.4138303609699379,-0.3682145017019744,0.30109408094385454,-0.30141188554161547,0.43633200000566347,0.4001977728084848,307.55960004199443,-307.5596000415062,-0.017679501513932376,0.018433965314392863,-4.707345624410664e-14,-0.02382349557989743,59.99999999999949,-60.00000000000035
13.1600,14.636243219004482,5.551299223661393,0.25928005434349327,-0.09411193361518148,-0.0615290742438101,1.8329476956623647,3.7615843880754243,-1.4155446579696869,-0.3723489506227086,0.30078691154546927,-0.3010098448082224,0.4363320000056625,0.3998888948983293,308.6996000419945,-308.69960004150624,-0.01576958779055393,0.02317353303681504,-9.681144774731365e-14,-0.0013963119373283338,59.999999999999595,-60.000000000000256
13.1800,14.6439556507018,5.6315049175030385,0.2592779344988763,-0.09333081014014957,-0.061827789809541636,1.8500133979797644,3.7511182292577274,-1.4179882111322664,-0.3654746382488457,0.30040962527733167,-0.30056142725179225,0.43633200000566436,0.40014213380867547,309.8996000419945,-309.8996000415063,-0.019781706478070704,0.019315140034144987,-2.220446049250313e-14,-0.016936195794763617,59.99999999999967,-60.00000000000017
13.2000,14.650367708863914,5.711714638978441,0.2591951480063298,-0.09246645434984595,-0.06186639652776781,1.8671230762279336,3.7449427100271584,-1.419501028172007,-0.3702694455409862,0.3000846469936454,-0.30016275082141364,0.43633200000557704,0.39977838589468906,311.03960004199456,-311.03960004150633,-0.015013236547374374,0.023817088190705514,-8.632738968117337e-11,0.0012736454093708292,59.99999999999997,-59.99999999999988
13.2200,14.655488500520143,5.791850732264203,0.25917156355570065,-0.09157278973753563,-0.06218250365199567,1.8843083719270806,3.73523348477068,-1.4216196197401296,-0.3655195959350703,0.29972932824966886,-0.29970661540371085,0.436332000005665,0.3999259973344437,312.2996000419946,-312.2996000415064,-0.016788518894991125,0.018664821020197862,-4.796163466380676e-14,-0.0182717869788771,59.99999999999986,-59.99999999999998
13.2400,14.659299347804021,5.871953625848745,0.25905712082451926,-0.09067077170406976,-0.06216296973110365,1.901541147254597,3.7289952486784097,-1.4230114452704936,-0.369612892039359,0.2994406265300017,-0.2992978138231278,0.4363320000056641,0.39961006920371067,313.55960004199466,-313.5596000415064,-0.012061724602554488,0.019395680856356838,-9.947598300641403e-14,-0.005769234684867203,59.999999999999964,-59.99999999999987
13.2600,14.66182195263838,5.951914452454991,0.25906865401688756,-0.08981749661927531,-0.0626565225493169,1.918867540876632,3.7165368563532626,-1.4255343703310748,-0.3570580760608206,0.29915896351302135,-0.2989295146832037,0.4363320000056679,0.40014399020206937,314.7596000419947,-314.7596000415065,-0.01723931234879509,0.012381655271482807,1.5987211554602254e-14,-0.0028599606878371986,60.00000000000001,-59.99999999999984
13.2800,14.663043308330831,6.031762344920151,0.25907972907749105,-0.08903408858724869,-0.06317904935772284,1.9362629964562492,3.7103369122748404,-1.426816127805703,-0.36435200931342815,0.29891480342940135,-0.2986874467007708,0.4363320000056674,0.39965014588974435,315.89960004199474,-315.8996000415065,-0.00856564670557717,0.014346282689538366,-4.707345624410664e-14,-0.02645115091108327,60.0000000000001,-59.999999999999744
13.3000,14.662941476887587,6.111532436465592,0.2589569057686355,-0.08833090936426555,-0.06312323297853609,1.9537026082127673,3.7045314132663423,-1.4280171328113167,-0.3696290693848774,0.2988080682712756,-0.2984022019828976,0.4363320000056661,0.3992969113822907,317.0996000419948,-317.09960004150656,-0.003215358562040027,0.013068991436916567,-7.904787935331115e-14,-0.010549380884019015,60.00000000000018,-59.99999999999967
13.3200,14.66151948250909,6.191181273519136,0.2587556202022583,-0.08773095035128145,-0.06266893959482227,1.9711990805905097,3.6974367351411246,-1.4294821488899665,-0.36904155251612314,0.2987665368448326,-0.29818982251865994,0.43633200000566497,0.39933790024240434,318.29960004199484,-318.2996000415066,-0.002257552061909321,0.00864758115632698,8.65334470745438e-11,0.029815472090859232,60.000000000000206,-59.99999999999964
13.3400,14.658813529079232,6.270591108648981,0.2587114989750935,-0.08727279923344422,-0.06279088432529543,1.9888002992461586,3.6851817807409057,-1.4319159187302932,-0.356213371596884,0.2986697205621091,-0.29811531512058337,0.4363320000055812,0.399957703338929,319.4996000419949,-319.49960004150665,-0.00710597100691901,0.0007729274384700446,-8.613909585619695e-11,0.04233755748039211,60.00000000000037,-59.99999999999947
13.3600,14.654828508567109,6.349747715292581,0.2588003643273343,-0.08696787854845585,-0.06345386648667117,2.0065022074050307,3.6753313887493277,-1.4339065835756573,-0.3543869346925083,0.29853649481204914,-0.2981707600456338,0.4363320000056694,0.3999256642601032,320.6996000419949,-320.6996000415067,-0.004261947137406401,-0.0029860066386841883,-2.3092638912203256e-14,-0.019791008193610255,60.00000000000021,-59.99999999999963
13.3800,14.649530661036076,6.428721296110341,0.25879216168557473,-0.08679880418099464,-0.06370573571568965,2.0242600960536974,3.6692227355790736,-1.4352314806826079,-0.36209316322124974,0.29854851746297995,-0.2981990496290128,0.43633200000566824,0.39941457174404776,321.899600041995,-321.89960004150674,0.004621335614515075,-0.0001469580433526227,-7.72715225139109e-14,-0.020078261608404698,60.00000000000024,-59.9999999999996
13.4000,14.642913894058616,6.507499590608165,0.2586661541813982,-0.08676016528919686,-0.06339906254413555,2.042069265059527,3.662740961488038,-1.4366761380507884,-0.3658738323974819,0.2986908117470937,-0.29821540219009174,0.43633200000558026,0.3992322848476973,323.099600041995,-323.0996000415068,0.009146619286952234,-2.0695744299414898e-05,3.170796958329447e-13,0.027426729695997375,60.00000000000042,-59.99999999999943
13.4200,14.635024600789428,6.585961608774549,0.2586753529920151,-0.08687126306138909,-0.06355511782443553,2.0599781773295023,3.6508931876923776,-1.4391528363882724,-0.35620030528867697,0.298791394849098,-0.29832673928846637,0.43633200000566846,0.3997717208488156,324.29960004199506,-324.29960004150684,0.0026615467628832434,-0.011169233435341527,-8.615330671091215e-14,-0.010583208327867376,60.000000000000185,-59.99999999999965
13.4400,14.62583356745743,6.664162716246876,0.2586149915483541,-0.08710192655182011,-0.0633826238037269,2.0779471760772656,3.644620978670379,-1.440666008532893,-0.36267468981122347,0.298922846746503,-0.2985430589928921,0.4363320000056667,0.3994369451291919,325.5596000419951,-325.5596000415069,0.009186329392757854,-0.008638584963246917,8.661249495389711e-11,0.0015009890677535817,60.00000000000017,-59.999999999999666
13.4600,14.615370916679836,6.742025837135356,0.25862895581698936,-0.08745207048064738,-0.06344808395204884,2.0960039415543035,3.6331089540145527,-1.443196104806432,-0.354583139697134,0.29906605130010017,-0.29873077439810425,0.43633200000558175,0.39985076060188113,326.69960004199515,-326.6996000415069,0.005424553039999058,-0.012346043662970242,-8.636913406689928e-11,0.017880347760637846,60.00000000000029,-59.99999999999955
13.4800,14.603632358890158,6.819552305102888,0.2586519543014428,-0.08790052559721638,-0.06352601258168514,2.1141349545642876,3.6253784201166064,-1.445078150055456,-0.3590524935754761,0.29919689824808043,-0.29900220557862656,0.43633200000566735,0.3996413690467389,327.8996000419952,-327.899600041507,0.00889697859669114,-0.012706231617987798,-1.1457501614131615e-13,-0.019236812360492572,60.000000000000085,-59.99999999999976
13.5000,14.590616245755387,6.896731867829194,0.258653165200544,-0.0884248976566799,-0.06347606695116241,2.132333472369727,3.6162305793524494,-1.4472717159532564,-0.35874298995058435,0.2993866595027657,-0.29923067533770353,0.43633200000566713,0.39967386624158296,329.09960004199525,-329.099600041507,0.009071854921440504,-0.013067102771627072,-1.1457501614131615e-13,-0.011950237780853825,60.000000000000036,-59.99999999999981
13.5200,14.576334183009548,6.973531344233422,0.2586605448301254,-0.0890082718141496,-0.06341757256318144,2.1506038369301113,3.6069858598121316,-1.4495298237751526,-0.35856124616432195,0.2995821117811104,-0.29948414868139583,0.43633200000566674,0.3997100088497347,330.3596000419953,-330.35960004150706,0.009053748936768143,-0.013214410929211294,-8.526512829121202e-14,-0.01100217006102723,59.99999999999998,-59.999999999999865
13.5400,14.560793553086661,7.049926866715235,0.2586772995365525,-0.08963047713728606,-0.06337187150621615,2.1689459446833963,3.597572097931154,-1.4518604473804761,-0.35831300582158565,0.29975189954168857,-0.29971074044392304,0.43633200000558026,0.3997890981475075,331.49960004199534,-331.4996000415071,0.00869391618173699,-0.011408495303138741,-8.640821391736608e-11,0.008190159331930815,60.00000000000011,-59.99999999999973
13.5600,14.544000711471778,7.12589699906513,0.25869989610106,-0.09027093241919344,-0.0633349218979978,2.187358418220607,3.5879231796164106,-1.4542688388829677,-0.35779036191940405,0.2999188773544745,-0.29993924870805,0.4363320000056668,0.3998678874878074,332.6996000419954,-332.69960004150715,0.00716094499479232,-0.011995923973794627,-1.1191048088221578e-13,-0.0002751587362307545,59.99999999999987,-59.99999999999997
13.5800,14.525961746123254,7.201420930330042,0.25872306127263645,-0.09090977994122444,-0.06329470959302771,2.2058395815453578,3.5782502994551044,-1.4567064809762873,-0.357564826057757,0.3000709748156681,-0.30015072766298473,0.4363320000056666,0.3999033594374766,333.8996000419954,-333.8996000415072,0.006259811620263428,-0.01092756407339214,-7.37188088351104e-14,-0.0007730872636819465,59.99999999999983,-60.000000000000014
13.6000,14.506678668713604,7.276483701397658,0.2587248674499632,-0.09152653175432848,-0.06316844849199076,2.2243844849711905,3.5694861514511045,-1.4589870591189642,-0.3598769425485541,0.3002164187760907,-0.3003345403859905,0.43633200000557987,0.3998624494889872,335.0996000419955,-335.09960004150724,0.006887937958771788,-0.0045718496655740085,3.490541189421492e-13,0.04439820405293032,59.99999999999997,-59.99999999999988
13.6200,14.486172395976162,7.351043272217941,0.2587600655750829,-0.09211174482787074,-0.06318920147778995,2.2430037737730086,3.5600195476702523,-1.4614022414874919,-0.36133250702870284,0.3003117894678772,-0.30050807152690884,0.43633200000566524,0.39982309748849953,336.2996000419955,-336.2996000415073,0.005956687918599601,-0.00784967561292553,-1.0125233984581428e-13,-0.018021130626587646,59.999999999999766,-60.00000000000008
13.6400,14.464415231953788,7.4251254162930165,0.25868900201258244,-0.09263468406964427,-0.06278423629521765,2.2616689743687317,3.551629753678796,-1.4636165349418992,-0.36383121559308257,0.3004469438598341,-0.300613178060534,0.4363320000056639,0.3997500024306466,337.49960004199556,-337.49960004150734,0.005292170511575302,-0.0038999188023522424,-1.2612133559741778e-13,0.018092050896283494,59.99999999999973,-60.00000000000011
13.6600,14.441465608111058,7.498637528693341,0.25871382687147987,-0.0931056126133328,-0.06278080884824555,2.2804218420366213,3.539248202123107,-1.466601778247767,-0.35644997444308896,0.30049023124766816,-0.30070724191758463,0.4363320000056651,0.4001625688503305,338.6996000419956,-338.6996000415074,-0.0011661743985186337,-0.006840650100778105,-7.016609515630989e-14,0.006330366152201901,59.99999999999969,-60.00000000000015
13.6800,14.417334470871454,7.571559956457268,0.25882696003592265,-0.0935188586689271,-0.06319535813713709,2.2992613423476684,3.5280877819622143,-1.4693184530046564,-0.35520487412725676,0.3004592148884413,-0.3008064075763275,0.4363320000056663,0.400182042421637,339.89960004199565,-339.8996000415074,-0.0013167639290447772,-0.004449946786871578,-6.838973831690964e-14,-0.020744615467085545,59.99999999999967,-60.00000000000017
13.7000,14.391977944758436,7.643936559472085,0.2588318460723637,-0.09384877988029357,-0.06322243007387406,2.318146472140638,3.520894094841529,-1.471216930303769,-0.36403397465532306,0.3004911296151089,-0.30082043832419003,0.43633200000566463,0.39972475870923424,341.0996000419957,-341.0996000415075,0.0034978501579272653,0.002235934462736594,-8.615330671091215e-14,-0.01718588520528867,59.9999999999997,-60.00000000000015
13.7200,14.365396078225103,7.715748005999519,0.25871732467361397,-0.09408861584765185,-0.06276622240681207,2.3370746515708283,3.5128364997746635,-1.4732606358543459,-0.36764684500470574,0.30056370542214217,-0.30075104361739863,0.43633200000566263,0.3995923272057096,342.29960004199575,-342.2996000415075,0.002612725599269637,0.003338057688562643,-1.3855583347321954e-13,0.0009797821179935405,59.99999999999971,-60.000000000000135
13.7400,14.337651924080678,7.786906524705531,0.25868218908161916,-0.09425899365003966,-0.06263305834030591,2.3560883120927065,3.500746058873399,-1.476075008664572,-0.36055796280943087,0.3005387979569215,-0.3006888611831213,0.43633200000557776,0.4000325308816871,343.4996000419958,-343.49960004150756,-0.004295731119402464,0.004127744285611107,3.383959779057477e-13,0.04476527761122731,59.999999999999865,-59.99999999999997
13.7600,14.30878144067371,7.857366626727002,0.25880087766347964,-0.09437424269273624,-0.06317735381042715,2.37520423497539,3.487458196543418,-1.4790725702246021,-0.35362501862322304,0.3003954633097076,-0.3006703284979908,0.4363320000056663,0.40029889898423593,344.69960004199584,-344.6996000415076,-0.007688808596842123,-0.0006129671898919484,-4.3520742565306136e-14,-0.021131473920910603,59.99999999999967,-60.00000000000016
13.7800,14.2787244190713,7.92718490209801,0.2588242953680517,-0.09441463184748447,-0.06339970245003014,2.3943706803048417,3.4800462301501343,-1.4808393843423422,-0.3629411709577185,0.3003199241619645,-0.3006013470461531,0.436332000005665,0.3997508713126316,345.8996000419959,-345.89960004150765,-0.0009674295211650474,0.006907468336008499,-1.127986593019159e-13,-0.021997100643507368,59.99999999999972,-60.000000000000114
13.8000,14.247471658783518,7.996351965072141,0.25870810125432747,-0.09437970118549321,-0.06305733183739308,2.4135785818068225,3.4723378676741063,-1.4826166998195398,-0.36832678445657313,0.30032197497276314,-0.300428102652624,0.43633200000557654,0.39949072514153,347.15960004199593,-347.1596000415077,0.00023172138264498932,0.010020891684615008,-8.641176663104488e-11,0.010989535852545666,59.999999999999964,-59.999999999999886
13.8200,14.215108507791436,8.064767886394993,0.25870739657675174,-0.0943049125340981,-0.06316792371291562,2.4328824467319663,3.458314315416346,-1.4856020193349537,-0.3564850731145798,0.30023295720690507,-0.3002720934177227,0.4363320000055793,0.4001104119951824,348.299600041996,-348.29960004150774,-0.008820562103677168,0.005105145969765232,-8.627587533283076e-11,0.02734196446908725,59.99999999999994,-59.99999999999991
13.8400,14.181618535739519,8.13244238536714,0.25871513420302705,-0.09419119426186885,-0.0633527429179677,2.452260858478582,3.4496264915983685,-1.4874663150251664,-0.3620015775424064,0.3000888957650026,-0.30020324731031506,0.4363320000056646,0.3997580295042648,349.559600041996,-349.5596000415078,-0.0038770251151134735,0.005477386526916421,-7.549516567451064e-14,-0.022682867629241425,59.999999999999794,-60.00000000000004
13.8600,14.146973259635944,8.199387610217705,0.25861169080036556,-0.09403368111425879,-0.0630928516146615,2.4716903772116803,3.4406738919373097,-1.4893307648434826,-0.3642995998160711,0.3000370945497956,-0.30006526764750335,0.43633200000566336,0.39961126751061954,350.69960004199606,-350.69960004150784,-0.0032210933428590063,0.0066848036155003,-1.0480505352461478e-13,-0.0022086591338242624,59.99999999999983,-60.00000000000001
13.8800,14.111251792862898,8.265520200466002,0.25861119859786885,-0.09386614365430881,-0.06324777375800854,2.4912169346756605,3.4269247980838364,-1.492093562348015,-0.35388788066110144,0.2999155898502201,-0.29991433636971604,0.4363320000055802,0.400165175799571,351.9596000419961,-351.9596000415079,-0.010215173572130101,0.006763719803663373,4.1033842990145786e-13,0.05256760143420973,60.0,-59.999999999999844
13.9000,14.074478055048441,8.3308153502119,0.25873034239711706,-0.09370648746828247,-0.06394048932599905,2.510844325738442,3.4162409694471925,-1.4941789962992684,-0.3562019137958322,0.2997316710376907,-0.2998672863822731,0.4363320000056667,0.3998899626668877,353.15960004199616,-353.15960004150793,-0.004970642608397642,0.0045474315114796895,-5.5067062021407764e-14,-0.03284097097475046,59.999999999999865,-59.99999999999998
13.9200,14.036568582600193,8.39533011899972,0.2586816577511016,-0.0935331853667631,-0.06396699277199312,2.530513174372658,3.408559821119791,-1.4956078110048492,-0.36411689171611983,0.2997004483884969,-0.2997286169957568,0.43633200000566513,0.39943689331446486,354.2996000419962,-354.299600041508,0.0003893541175206752,0.008522138779876759,-9.592326932761353e-14,-0.015410318546929341,59.999999999999915,-59.99999999999993
13.9400,13.997546554575685,8.459027845294672,0.2585124267561784,-0.09335721890502655,-0.06346010722964097,2.550233844418638,3.4000861474121975,-1.4971554452473037,-0.36702714368003936,0.2997217464468923,-0.2995708940077884,0.4363320000055768,0.3993310973579634,355.49960004199625,-355.499600041508,0.0007328735785828225,0.008681302980833125,-8.641531934472368e-11,0.026048999830316808,60.000000000000135,-59.99999999999971
13.9600,13.957515554706486,8.521818861145947,0.25848418071516355,-0.09321443611455894,-0.06349009768873172,2.5700619858555758,3.386179055088828,-1.4997380128647693,-0.35634114317212906,0.29963806281549116,-0.29949081854550785,0.4363320000056651,0.39990532482486874,356.6996000419963,-356.69960004150806,-0.006570689058314351,-0.0009652126657507393,-6.838973831690964e-14,0.00019944268689393516,59.99999999999992,-59.999999999999915
13.9800,13.916473798814138,8.583700646316565,0.2585303649276804,-0.09310726677295783,-0.06384526049816436,2.5899849432292568,3.3744393511941717,-1.5018491855820588,-0.3544411582042134,0.2995084406315469,-0.29950023177888396,0.43633200000566597,0.3998791518697131,357.95960004199634,-357.9596000415081,-0.004455212242746795,-0.0011602124364445618,-8.615330671091215e-14,-0.02553820701026906,59.999999999999936,-59.9999999999999
14.0000,13.874368724630106,8.64470001576062,0.25845644776227356,-0.09302024450564193,-0.06372972592431532,2.6099630976159616,3.366411340191248,-1.5031869555709358,-0.3617578739390917,0.2994934251832843,-0.29947258489262707,0.43633200000557776,0.39945295065954867,359.1596000419964,-359.15960004150816,0.001730466967684259,0.004472788990862175,-8.641976023682219e-11,0.002701155221026128,60.00000000000017,-59.99999999999967
14.0200,13.831429081482472,8.70466513815931,0.25841281627104495,-0.0929713016282693,-0.06397197714735015,2.630053872714157,3.3362227208292126,-1.5054614197274598,-0.35267211005345095,0.29982264387093566,-0.3002315502587257,0.4363320000056292,0.4007339785156939,360.0049717372189,-360.0049717367307,0.03314144488155864,-0.09182066883643844,8.571277021474089e-11,0.1353549581931178,30.397019543175936,-30.39701954317596
14.0400,13.78835549624917,8.763197322225976,0.25845695982446787,-0.09297757517858665,-0.06584074305400664,2.650367317731358,3.270773099622757,-1.5067276691114444,-0.3547596593538257,0.3006112573673026,-0.30220778137516174,0.43633200000562533,0.40270940251112763,360.4282498216796,-360.42824982119134,0.03879120049350938,-0.07267571993649541,2.327027459614328e-13,0.06257607669564062,13.122713217668409,-13.122713217668487
14.0600,13.745353744895684,8.820208130702204,0.25839942051326453,-0.09302960847662421,-0.06874409014584691,2.670890569821803,3.198491371295894,-1.5069256129246382,-0.36329271957873055,0.3013273709723656,-0.3029544840263428,0.4363320000056336,0.4034617617318719,360.59942179654956,-360.59942179606134,0.03688613781209938,-0.010772983512360487,5.435651928564766e-13,0.02054768825465734,6.137052403182645,-6.137052403182777
14.0800,13.702482792714719,8.875688351113643,0.25828767680441167,-0.09313733046652761,-0.07252466209663726,2.691618570686525,3.1256222474396878,-1.5064509675825257,-0.3718492027199229,0.3021041359679149,-0.3026178473093526,0.43633200000564665,0.40353141231981654,360.6848801679455,-360.6848801674574,0.037454835426467804,0.03610104956915348,6.776801342311956e-13,-0.009275205939477813,2.6494301052896043,-2.649430105289793
14.1000,13.65975336518155,8.92965476359429,0.2581762871079589,-0.09330577298941756,-0.07690545514241008,2.712537035746758,3.053997167153935,-1.505351012417243,-0.3792648935416779,0.3028261392780746,-0.30169151187866233,0.43633200000566025,0.40321047120424147,360.71943919365003,-360.7194391931619,0.03858994318172633,0.05783995347931021,1.0746958878371515e-12,-0.02222681517647108,1.2390495109532054,-1.2390495109534376
14.1200,13.617160480081232,8.982130938951272,0.25812188445795875,-0.09353585020101851,-0.08152432214063095,2.7336268385951548,2.984565113850815,-1.5036802577959765,-0.3844295576761997,0.30368065554875207,-0.30031084384568935,0.4363320000056808,0.4026556705627853,360.73615803055554,-360.73615803006743,0.04579162666688785,0.07680281648725037,9.903189379656396e-13,-0.03164732405086663,0.556740833246484,-0.5567408332467297
14.1400,13.574686785180312,9.033144460325222,0.2581762360108321,-0.09382504828398651,-0.08591481545127634,2.754863755323997,2.917929009998624,-1.5014639033354134,-0.38641665352370547,0.30458622354101106,-0.2987518409698344,0.436332000005698,0.401997191591995,360.74367028822354,-360.7436702877354,0.042944020584855316,0.07588820376416452,7.576161920042068e-13,-0.032885968536861696,0.25015978188434523,-0.25015978188457016
14.1600,13.532318325371678,9.082719015914352,0.2583726352698205,-0.09416868284206957,-0.0896660286220571,2.7762266451481317,2.8538029623042496,-1.4986448977362659,-0.38507360952189373,0.30531768006048876,-0.29738679588973366,0.43633200000571004,0.4013802884390667,360.7470457631797,-360.7470457626916,0.0295576872477643,0.05931352147128907,4.3520742565306136e-13,-0.02834921505851219,0.112404035657853,-0.1124040356580161
14.1800,13.490054544072297,9.130870508957463,0.25874593761597037,-0.09456545065948481,-0.09252546337874347,2.797702981012503,2.791386259445056,-1.4953398236276718,-0.3781713680361475,0.3058400475970105,-0.2962556042439903,0.43633200000567884,0.4009355032036737,360.7485624618451,-360.748562461357,0.05802819235817257,0.11288388221516102,-3.716404961551234e-11,-0.0029051005491223005,0.050506388905184885,-0.05050638890436941
14.2000,13.447986274067834,9.177576360322721,0.25977253838804026,-0.09508385437278719,-0.09521547156862505,2.8193326428156933,2.7276178801205804,-1.4935330196351009,-0.34376675923115085,0.30678163800026864,-0.29414604437789804,0.43633200000571826,0.4010272433677083,360.74924395848524,-360.7492439579971,-0.006796459365030351,0.026125455125614157,3.808864335042017e-11,-0.007555508324938318,0.022693983407810918,-0.022693983407960087
14.2200,13.406148422203117,9.22285044957635,0.2615054988171027,-0.09575467522290079,-0.09790809667055063,2.8411220009388707,2.6641329849196445,-1.4913250457957035,-0.30852627148220724,0.30670054112224987,-0.2932556100098325,0.4363320000056763,0.4011004247443291,360.7495501746647,-360.7495501741766,-0.06449988871980024,-0.04608360892577316,-3.9549696850826876e-11,-0.011412646294131808,0.010197064056797527,-0.010197064055923718
14.2400,13.364543718065223,9.266719929310067,0.2637315498692533,-0.09658870424493327,-0.1004522361397651,2.863060401005378,2.6014817746963717,-1.4874197031720908,-0.2870468623791526,0.30544577775610005,-0.2939458635902679,0.43633200000566835,0.401028825706691,360.7496877664633,-360.7496877659752,-0.06160990787361199,-0.025298786411225356,-3.8191672047105385e-13,0.0030363008271101465,0.004581836229970726,-0.0045818362289951065
14.2600,13.323187410876038,9.309202721642405,0.2662461250648162,-0.09760494874727113,-0.10281108502051334,2.8851449721462337,2.5384627324933193,-1.4820402104770887,-0.27320261595232115,0.30370283090899536,-0.2952779786348226,0.43633200000565786,0.4009892227764814,360.7497495904437,-360.74974958995557,-0.0746543473596557,-0.04207686762788652,-4.716227408607665e-13,0.007569406508686323,0.00205875172730508,-0.002058751726194364
14.2800,13.282119051889834,9.350307128665934,0.26894599844056766,-0.09883883674363854,-0.10518420424924121,2.907386040096906,2.4751436942231893,-1.474767328298029,-0.2724689328625286,0.3014268074075008,-0.2974047055094683,0.43633200000564576,0.4009079107011769,360.7497782585337,-360.7497782580456,-0.11966756587788427,-0.12567318854486234,-4.391953467575149e-11,-0.008744619971324578,0.0008887847862075889,-0.0008887847849265737
14.3000,13.241321084434539,9.390059366190279,0.2713982281319825,-0.1002655590978016,-0.10716692878866768,2.929759207332264,2.4113921354819383,-1.4652643675259895,-0.2843257676643567,0.29939754974272315,-0.29956612330044596,0.43633200000568007,0.40080779097610025,360.7497898517953,-360.7497898513072,-0.11486749708538391,-0.1380928847436344,-5.080380560684716e-13,-0.009597292941360459,0.0004156548051529941,-0.00041565480494101185
14.3200,13.200816412442272,9.428468157999596,0.2734070085234406,-0.1018771250791775,-0.10872648105837528,2.9522615066555487,2.3475077594437708,-1.453331576102344,-0.3105993449191651,0.2974860458340622,-0.3019135519731467,0.4363320000056716,0.40067621725717223,360.74979546034035,-360.74979545985224,-0.09737504537102079,-0.1348577757741126,-4.39648317751562e-13,-0.011348195990283041,0.0001867657431171062,-0.00018676574284854543
14.3400,13.160654083120248,9.46553406732601,0.2749466174506107,-0.10367307327331116,-0.11005174706620603,2.9749050326846755,2.2818702529900756,-1.4407971953206042,-0.32795628360519785,0.2967256231118608,-0.30279565831811434,0.4363320000056201,0.400821486419856,360.74979798042193,-360.7497979799338,0.00984530092584094,0.029369442460505144,-7.194245199571014e-14,0.02207119475697073,8.391925850715493e-05,-8.391925715097587e-05
14.3600,13.120935626770818,9.501251085400947,0.2763316802405458,-0.1056870855044472,-0.1118587149532859,2.997731833092262,2.214446674081127,-1.4287224214238647,-0.32992793814246235,0.2970226468526653,-0.30226981439387834,0.4363320000056189,0.40120958229703774,360.7497991127676,-360.7497991122795,0.009334053568383384,0.006549860783633683,-4.757882976491601e-11,0.012644622755775447,3.770735374314274e-05,-3.770735263929233e-05
14.3800,13.081657545599189,9.535650115851295,0.2773904092219189,-0.10785757387855122,-0.11387985235723211,3.0207190630657306,2.148931988526365,-1.4142098955273545,-0.3538464874082514,0.2965316512414762,-0.3036920102688143,0.43633200000566796,0.40102408360368486,360.7497996215634,-360.7497996210753,-0.06166921761876832,-0.15824955153659997,3.197442310920451e-14,-0.03281314105409549,1.694300576227605e-05,-1.6943006135992542e-05
14.4000,13.042808336942588,9.568757510571821,0.27794901159075236,-0.11010044489768861,-0.11571909335953177,3.0438383067103936,2.083700844369683,-1.3991012341059736,-0.37294807481278835,0.2970247473594884,-0.3039922500326536,0.43633200000567285,0.40095573831156506,360.74979985749457,-360.74979985700645,0.01061117816976493,-0.054334604655309794,1.6076029396572267e-13,-0.012787008296528013,7.314473587914996e-06,-7.314474347105125e-06
14.4200,13.004427875835942,9.600588712591605,0.27815620533996605,-0.11236492901884244,-0.11748426535746608,3.0670903838565846,2.0190064026584267,-1.38405293423349,-0.38350002686584095,0.29818403805819843,-0.3034828704036789,0.43633200000563005,0.4009960092896254,360.7497999561907,-360.7497999557026,0.07264179883660961,0.04722679262392537,-4.915801099514283e-11,0.005754102768076214,3.2866051285684514e-06,-3.286604897398469e-06
14.4400,12.966579618661774,9.631161207962622,0.2783318941408527,-0.11462395858341196,-0.11955121527870664,3.090491729967646,1.955102655206737,-1.3696363477688867,-0.38363274080877374,0.299637696647894,-0.30247698812730983,0.43633200000568767,0.4010938980167932,360.74979999906094,-360.7497999985728,0.05718350847934275,0.013464483732874885,3.1175062531474396e-13,-0.0039175372906480425,1.5370340061988128e-06,-1.5370356407215166e-06
14.4600,12.929241390245455,9.660512064551718,0.2783841497703103,-0.11677439719820955,-0.12152113020968817,3.1140034367312603,1.8934734005633582,-1.3545005836369242,-0.3889011992746342,0.3005877653106994,-0.3025341662793488,0.4363320000056443,0.400915242615167,360.74980001911,-360.7498000186219,0.05953557156630854,0.013630688937922394,4.5208281562736374e-13,-0.006629302089088997,7.188193218376723e-07,-7.188198505092883e-07
14.4800,12.892415692143537,9.688671404478606,0.2783434628160503,-0.11872866858353524,-0.12322174472877188,3.137600661640316,1.833319688346784,-1.3396049523710998,-0.3880588201699052,0.3018999899912511,-0.30211058375429944,0.43633200000565125,0.40082743944492405,360.7498000291195,-360.7498000286314,0.08068707064828345,0.06403956543796155,3.82804898890754e-13,0.006010101237362689,3.103215142852495e-07,-3.103224483824501e-07
14.5000,12.85611012190861,9.715669230843854,0.27826581836040687,-0.12041086964546684,-0.12456513660401847,-3.1219230836942393,1.7751947591091919,-1.3243521011470294,-0.38872646318035353,0.3028013908266482,-0.30227135551290035,0.4363320000057066,0.4006496741671177,360.74980003344075,-360.74980003295263,0.012151299056939235,-0.06611542217195605,9.769962616701378e-15,-0.019499751140903358,1.339678926449723e-07,-1.3397063770349306e-07
14.5200,12.820331548400564,9.741534639929716,0.2781822812532427,-0.12175150025208184,-0.12546963588265847,-3.098216945756791,1.7183155130441345,-1.3094480694947996,-0.38259670601632145,0.3035637666530229,-0.3021474007127065,0.43633200000570904,0.4005937836178981,360.7498000351881,-360.7498000347,-0.02329270742428053,-0.1181160804358026,-1.163513729807164e-13,-0.028021725224637997,6.265144421855641e-08,-6.265441236923824e-08
14.5400,12.785076917994768,9.766296959678206,0.27805136786241735,-0.12268184824784896,-0.12578604471108443,-3.07449049708466,1.66285989535263,-1.2942883070961748,-0.37525696821671556,0.30412576504665106,-0.3020729605002816,0.43633200000565847,0.4005690794028438,360.7498000360334,-360.7498000355453,0.046390693388291306,0.06012109391665575,4.3520742565306136e-14,0.012539657437209771,2.815096785486939e-08,-2.815258709769515e-08
14.5600,12.750370630814556,9.789983647810157,0.27794964865506383,-0.12317804594032919,-0.1256565226323072,-3.050745521554799,1.6090763333895541,-1.2783355401410526,-0.373760466317676,0.3039581448658295,-0.30287778767800205,0.43633200000570665,0.40042038724487933,360.74980003641326,-360.74980003592526,-0.07590811187369564,-0.17981480699402697,-3.4994229736184934e-13,-0.036815343173529747,1.2647819503525115e-08,-1.265099882187884e-08
14.5800,12.716162407747909,9.812621903643429,0.27753270226290827,-0.1231374929297358,-0.1244970240195793,-3.027034492064812,1.5560942069972012,-1.2617979047986236,-0.3706267655354098,0.30393077496666693,-0.30314556414114535,0.4363320000057023,0.40042651207521435,360.74980003658385,-360.74980003609585,0.00846531887240854,0.025137530525647746,5.0463633272102015e-11,0.01209222854494306,5.682130785420597e-09,-5.685362553789139e-09
14.6000,12.682518922803865,9.834234233805923,0.2770274183885155,-0.12259026280323068,-0.12283451021962383,-3.003325023662467,1.503791936225653,-1.244975832541637,-0.3664093629183583,0.3036154722510703,-0.3034550477369907,0.43633200000564587,0.4004850541946627,360.74980003666064,-360.74980003617264,-0.002455351095205789,0.026901638478990866,-5.0523141226221924e-11,0.012070559310528197,2.5530726979142854e-09,-2.5546756180763394e-09
14.6200,12.64948273720933,9.854848761408725,0.2765432985664558,-0.1215656027529606,-0.12101639925143352,-2.9795969668980096,1.4515505151691561,-1.2284656284474127,-0.3552100738115533,0.30317278095027417,-0.3034219708557101,0.43633200000564004,0.4006187833366741,360.74980003669515,-360.7498000362072,-0.04819544406022598,-0.042910361156556914,-4.998845781756245e-11,-0.0042010988400881626,1.1467923477156972e-09,-1.148269967608459e-09
14.6400,12.6170036778105,9.874491058316242,0.2757202667358111,-0.12001242274739736,-0.11853843290577501,-2.9558922994347663,1.401076717454648,-1.2098235323082396,-0.3603906754773663,0.3021703629060093,-0.30432492939096156,0.43633200000568245,0.4005160851402606,360.74980003671067,-360.7498000362228,-0.024511843720587963,0.013246423146387236,4.857625413023925e-11,0.007822394400229943,5.142250781003249e-10,-5.170133136715716e-10
14.6600,12.585120039077909,9.893185146273836,0.27463069766223086,-0.11796919066762085,-0.11567649227110692,-2.932191062007886,1.3508245361318258,-1.1911178556557669,-0.36091327434364584,0.3013192330687286,-0.3047079115976916,0.43633200000567546,0.40051434128791125,360.7498000367176,-360.7498000362297,-0.04130995592141549,-0.013933614364226937,4.768008210476182e-11,-0.0006298987724905267,2.3042951357785113e-10,-2.329374939463724e-10
14.6800,12.55386560882957,9.91095796836568,0.2733517264894269,-0.11548486061913808,-0.11269137431230777,-2.9084748418003588,1.3003136523103178,-1.1730144727278184,-0.3496604095689679,0.3009959557103103,-0.30386020016597076,0.43633200000562383,0.40072148005812036,360.7498000367207,-360.74980003623284,0.003308548175668155,0.08996161416138426,-4.6996184721592726e-11,0.01931229111889401,1.0366774539499746e-10,-1.0454081025325357e-10
14.7000,12.523275198943157,9.92784116186898,0.27201302667403454,-0.11263508073173785,-0.10991182718616181,-2.884723225721123,1.2509554571907566,-1.154383553228653,-0.34191495198370236,0.3003146748902226,-0.30333599010253537,0.4363320000056214,0.40077027303548973,360.74980003672215,-360.7498000362343,0.004340973963809142,0.09823112766973556,6.572520305780927e-14,0.01492392026209756,4.46455687089925e-11,-4.5243514067584006e-11
14.7200,12.49333499955376,9.94386051483579,0.27051696869042274,-0.10945904144253667,-0.10720403858838504,-2.8609471151886616,1.2025917133478556,-1.1354558481069998,-0.33355057798778376,0.29969937108956757,-0.3028107556464726,0.4363320000056205,0.40073713058350147,360.7498000367228,-360.749800036235,0.0006704737043640371,0.09126308854228879,-4.46798154030148e-11,0.010343138935440727,2.086346953490345e-11,-2.1177714177580617e-11
14.7400,12.46410258362547,9.959053521318205,0.2691707004282919,-0.10607721239127342,-0.10512452099673263,-2.837112202631335,1.1543168582897136,-1.1175246034007396,-0.31178754597976666,0.29950968595599253,-0.30120236280034796,0.43633200000566597,0.4008595849167195,360.7498000367228,-360.749800036235,-0.045544149800261044,0.015827151331943484,4.382094687116478e-11,-0.01076070554316401,8.830429334798218e-12,-1.0060483479276683e-11
14.7600,12.435544382342052,9.973444855250566,0.26784485013074305,-0.10254521865073168,-0.10340379789111663,-2.8132409839280728,1.108103311298392,-1.0987356752750244,-0.297584397319222,0.2988570462500215,-0.3003901747982883,0.43633200000566746,0.40071065920060495,360.7498000367228,-360.749800036235,-0.08041195734846365,-0.046664534150655176,-3.552713678800501e-14,-0.028248993930445786,3.8371209963757036e-12,-4.652883547201503e-12
14.7800,12.407619672297054,9.987051265778362,0.266366922739876,-0.09891042103774804,-0.10165324004952508,-2.78935862224348,1.0642743954401355,-1.0788302444941897,-0.2927949292666166,0.29801202451667397,-0.3000822513730037,0.4363320000056693,0.4003943977287011,360.7498000367228,-360.749800036235,-0.05320260092375992,-0.0077206610349391455,-4.440892098500626e-15,-0.021046177260259584,1.7116589721109798e-12,-2.104971226620997e-12
14.8000,12.38035593099928,9.999902940696368,0.2649327378485874,-0.09527540806617697,-0.10011983958900231,-2.7654497614236786,1.021203820113726,-1.0594336427277464,-0.27796153536175494,0.29782728629479416,-0.2987373395905811,0.4363320000056313,0.4003024036329888,360.7498000367228,-360.749800036235,0.007958841489130307,0.09396315592760188,3.0464519795714295e-13,0.0007547611858386913,1.3601074476746189e-12,-3.589859529432027e-13
14.8200,12.353733767761767,10.012020234936193,0.2635068538665715,-0.09170762443591068,-0.09863010693786184,-2.7415257150705648,0.9800347121690558,-1.0395937872495338,-0.2655558795298659,0.2974895534552806,-0.2977863737125467,0.4363320000056753,0.4001179212054624,360.7498000367228,-360.749800036235,-0.011078065514214207,0.05306932199751863,4.051869950671971e-11,-0.00726351710501856,5.68357237358888e-13,-2.0481110297315697e-13
14.8400,12.32777665189575,10.023435784619462,0.2622838951184741,-0.08830402676390338,-0.0974253443426323,-2.7175735687806886,0.9393486649682453,-1.0204397605837625,-0.2406723257580241,0.29768953652174235,-0.2962007337822691,0.43633200000567834,0.40014887838925683,360.7498000367228,-360.749800036235,-0.017626034927088936,0.041245127962594004,4.085620730620576e-14,-0.007520175526531558,5.195199739155276e-13,1.4156498239284443e-13
14.8600,12.302473378123848,10.034174176002391,0.2612788448482922,-0.08513857863456399,-0.09645059602225238,-2.693599237244085,0.9007118943250413,-1.0007273476531038,-0.22157524750716923,0.2973212122494903,-0.2952750893841956,0.43633200000568084,0.39998336153888747,360.7498000367228,-360.749800036235,-0.07300088852169706,-0.05471715531754683,-2.3092638912203256e-14,-0.02738506781764783,6.093025389786177e-13,4.567852172898679e-13
14.8800,12.27776666163448,10.04423947992342,0.260216697703111,-0.08223790932067805,-0.09515263941513248,-2.6696313934715974,0.8647290993087984,-0.9797655358912072,-0.2168602741998173,0.2965939352660977,-0.29546729407550243,0.43633200000564276,0.39968756070520545,360.7498000367228,-360.749800036235,-0.006811010397308338,0.03235589227089634,-3.849542906664283e-11,-0.002713134621265687,1.1334312394889468e-12,1.0581171355772412e-12
14.9000,12.253678950263478,10.053662897987547,0.2592379498545095,-0.07966868021944616,-0.09374257546504171,-2.6456582736757004,0.8290938105013614,-0.9591670178733069,-0.20366261730505197,0.2964164896154416,-0.29502189786332417,0.43633200000568106,0.3996431140269524,360.7498000367228,-360.749800036235,-0.03161420467567179,-0.01835510910576469,-1.4210854715202004e-13,-0.009076397129605725,8.181571739540594e-13,7.835719920135098e-13
14.9200,12.230199831910044,10.062465248387445,0.25829604897862646,-0.07746523205339191,-0.09213319775005069,-2.621685619584573,0.7948717012923409,-0.9381518711226746,-0.19522385509379006,0.2959312331585489,-0.2953029593324525,0.4363320000056792,0.39952437371184707,360.7498000367228,-360.749800036235,-0.07686031713432048,-0.1034888514870107,-2.2648549702353193e-13,-0.024933573379728888,9.211918337512226e-13,9.043703286248927e-13
14.9400,12.207251366323273,10.070632516126134,0.2569144782238839,-0.07559144913704822,-0.08949368718138931,-2.597752208842391,0.7641467561213253,-0.915172213025428,-0.2151129712226217,0.29480933412035254,-0.2970639974221652,0.43633200000567474,0.3991420760239508,360.7498000367228,-360.749800036235,-0.03162778371773378,-0.06603558005500254,-2.6201263381153694e-13,-0.010776974232870887,9.950848738754514e-13,9.852496422879664e-13
14.9600,12.184843670040106,10.078186543206607,0.25508355374650826,-0.07403383432286731,-0.08582774158014617,-2.573855847286895,0.7334038668182304,-0.8924702471473649,-0.22731586316776048,0.2947265011579008,-0.29786398616924065,0.4363320000056695,0.39912280663487026,360.7498000367228,-360.749800036235,0.01607551050049688,-0.022328168633144366,-2.673417043297377e-13,0.006125098840952803,1.0036201470581263e-12,9.970312336154974e-13
14.9800,12.163008195891017,10.085165719012585,0.2529447366306308,-0.07277430570537725,-0.08142514030901116,-2.5499863893062327,0.7026939247723625,-0.8702133966702741,-0.2325179229312188,0.2953274670797297,-0.2981219779292128,0.4363320000056641,0.399338489596418,360.7498000367228,-360.749800036235,0.039815767715194496,-0.007572359628899593,-2.859934511434403e-13,0.013976633209324654,9.52860403427569e-13,9.47602348151666e-13
15.0000,12.141787578954817,10.091623375659779,0.25067985026194767,-0.07178272659329367,-0.07678038987551186,-2.526129271724745,0.6702851684003823,-0.8488114470687502,-0.22656183251229453,0.2962931236053789,-0.29825081625016053,0.43633200000565503,0.39992371502524826,360.7498000367228,-360.749800036235,0.04759503720148684,-0.007191983667456089,-5.808686864838819e-13,0.028779220551238126,8.367231603759184e-13,8.319046406607411e-13
15.0200,12.121254477205719,10.097642934650139,0.24856565590800794,-0.07103170017365423,-0.07283753474688658,-2.5022570777501807,0.6351852139810468,-0.8285740002483871,-0.20840092614825095,0.29721015973503634,-0.298404863776879,0.4363320000056492,0.40072774688807783,360.7498000367228,-360.749800036235,0.046209317068073776,-0.009691455689079552,8.29567525784114e-11,0.04417400615796588,6.766036298941347e-13,6.718806283903533e-13
15.0400,12.101444392023453,10.10329516480488,0.24679420390630094,-0.07048812281003124,-0.07023448326015681,-2.4783586132479734,0.5983628814988441,-0.809471652851383,-0.181783597241439,0.2980993401935801,-0.298601059070664,0.4363320000055686,0.4015213432525392,360.7498000367228,-360.749800036235,0.04321248689611656,-0.008786898119408533,4.982680934517703e-13,0.0699993256531248,6.107085323558969e-13,6.04516545328615e-13
15.0600,12.082415317779963,10.10867624281556,0.24564053918749332,-0.0701366477359901,-0.06996370537619233,-2.4544120073016544,0.5597074973915654,-0.7916807048545611,-0.14721760938215592,0.2987889026197444,-0.29877412289994976,0.43633200000557915,0.40219901586506374,360.7498000367228,-360.749800036235,0.031723351102393604,-0.005296654149446876,7.247535904753022e-13,0.012770540934772031,4.118537108577236e-13,4.058046216767752e-13
15.0800,12.064076198987022,10.113775332223254,0.24496331690608242,-0.06993595049258335,-0.0712844254688201,-2.4304615875854445,0.5249956914235561,-0.7743062815050823,-0.1193193476138346,0.29938401994000796,-0.298793006426332,0.4363320000056728,0.40213306182546993,360.7498000367228,-360.749800036235,0.027648318894473688,0.002459242014517589,8.054268363366646e-11,-0.01820397283302555,1.2330501203416944e-13,1.1890537382833188e-13
15.1000,12.04641751279701,10.11863632369191,0.24486078708061199,-0.0698698599527857,-0.07437337226533734,-2.406513760993016,0.4904049489801963,-0.7579236739363808,-0.08636174377667097,0.29993945558784474,-0.29865132545781686,0.4363320000056137,0.4022069247850937,360.7498000367228,-360.749800036235,0.02189813691708839,0.009239131880225009,1.0764722446765518e-12,-0.002233504068233829,8.316103068759656e-14,7.754486343412165e-14
15.1200,12.029373618311412,10.123254457965963,0.2452576683405283,-0.06992008403896732,-0.07872218088008018,-2.3826012102871377,0.4613124570616332,-0.741671163491581,-0.0635086944943118,0.3002761660896002,-0.29842264121142603,0.4363320000056323,0.4016255783203063,360.7498000367228,-360.749800036235,0.01602484087311469,0.015118001344827957,1.0480505352461478e-12,-0.049140706455558424,2.0784623208734004e-14,1.5391622031806287e-14
15.1400,12.012788187610935,10.12752990712282,0.2457811922409461,-0.07004583337381157,-0.08256880333755898,-2.3587991837191997,0.4421318522068286,-0.7245515818702695,-0.06269465548060607,0.30059307304342825,-0.298076930696382,0.4363320000057284,0.4002143897062773,360.7498000367228,-360.749800036235,0.017681923102606682,0.018600237162070217,3.8813396940895473e-13,-0.0816605451063257,-7.549152004470566e-14,-7.92217311716692e-14
15.1600,11.99655144361924,10.131377258425019,0.24615280191858,-0.07020517948646493,-0.08452079141497251,-2.335162354471355,0.42715565912193104,-0.7070005679811486,-0.06786480440748495,0.30098367898088846,-0.2977606027116691,0.4363320000056475,0.3991685626815622,360.7498000367228,-360.749800036235,0.01838063932394185,0.010343088904279638,-8.453504563021852e-11,-0.017128910436780345,1.1972226595519109e-13,1.1443829824736573e-13
15.1800,11.980703340715607,10.134841629580333,0.24650435515336613,-0.07039039849462507,-0.0850476975651941,-2.3116736854968836,0.410879604523893,-0.6897159138330732,-0.06652934569713324,0.30119677132088724,-0.2977879060942084,0.43633200000572897,0.39902448637559074,360.7498000367228,-360.749800036235,0.0017025253636638524,-0.012518459338409914,-4.840572387365683e-13,-0.016136668064896303,2.526825997788487e-14,2.1584120666988393e-14
15.2000,11.965241198961781,10.137931905465738,0.246787012752262,-0.07058148064282102,-0.08410739642815768,-2.2883370225025748,0.39497266560718247,-0.6722877634776075,-0.0666652633124254,0.30112038683885806,-0.2982089685972751,0.4363320000057197,0.3991281568367661,360.7498000367228,-360.749800036235,-0.012054243958285416,-0.03216563815224082,-7.558398351648066e-13,0.003764043494533041,5.763796287038686e-14,5.392640002079008e-14
15.2200,11.95017921269589,10.140675196329456,0.2469702306349342,-0.07076197053654193,-0.08189055106800106,-2.265146461745201,0.3790951741745718,-0.6546554409085414,-0.06978962310764052,0.30076850060521,-0.2990260861776713,0.43633200000561967,0.3993115502086533,360.7498000367228,-360.749800036235,-0.021916687475647095,-0.04784093041691623,-8.528910910854393e-11,0.02618970894527759,2.289568003504411e-13,2.235714055293797e-13
15.2400,11.935565524918307,10.143141018533154,0.24712233280757936,-0.07092661006777526,-0.0791051551019939,-2.2420758557620153,0.3594678315760436,-0.6373781551917326,-0.06654794128626276,0.30020698520084194,-0.30011960466860677,0.4363320000056884,0.3999690562901083,360.7498000367228,-360.749800036235,-0.03321183143129126,-0.05964226274983406,8.305800491825721e-11,0.03006978738810818,7.802513789147841e-14,7.416312843792211e-14
15.2600,11.921406966077656,10.145360602213755,0.2471728360588889,-0.07106180042335154,-0.07595530027526369,-2.219120632753609,0.3405886128079416,-0.6198098269416444,-0.0707478117760092,0.29963889706466107,-0.3011009979211408,0.4363320000056743,0.4002649146506466,360.7498000367228,-360.749800036235,-0.03649288946175888,-0.06180579863403081,-9.450218385609332e-13,0.0019812768282816764,8.103966716438427e-14,7.707308641129174e-14
15.2800,11.907702787924887,10.147356901491317,0.24703832995333844,-0.07114974170958618,-0.07252894297700975,-2.1962787538529502,0.31985286138530855,-0.6023567872787431,-0.07371888584441293,0.29887206807374966,-0.30249837909096206,0.4363320000055729,0.40077626841246106,360.7498000367228,-360.749800036235,-0.02736950340004518,-0.05414272273161783,-3.597122599785507e-13,0.06181540434568766,1.7180118547406587e-13,1.6614799271640057e-13
15.3000,11.894543607084467,10.149276627568524,0.24701140644957542,-0.07120754421912986,-0.07039973296814117,-2.173493214494947,0.2922452939599008,-0.5860712395930036,-0.06079549734127161,0.29830648758838585,-0.30351081117095435,0.4363320000055672,0.40195352630661807,360.7498000367228,-360.749800036235,-0.02861618049878683,-0.045829186278522255,4.3520742565306136e-14,0.05001467451176923,6.18754315362749e-14,5.6251661315065427e-14
15.3200,11.881943078535814,10.151187526624415,0.24716213385702296,-0.07124170130248209,-0.07015902360900687,-2.1507505563394,0.26435763690855457,-0.5702376465627121,-0.049264930775278035,0.29780462479692804,-0.3042287193173086,0.4363320000055702,0.4026495678978412,360.7498000367228,-360.749800036235,-0.020202491214168956,-0.025262977600316573,4.3165471197426086e-13,0.03004703215704183,-5.029472931877832e-14,-5.5825251376890456e-14
15.3400,11.869884035422814,10.153120239126432,0.24749962583421356,-0.0712583171080648,-0.07194945891374428,-2.1280547541271355,0.23711918385090117,-0.5549194388527033,-0.038562951891309524,0.29751058582861467,-0.3044722840029477,0.4363320000055815,0.40287736570469695,360.7498000367228,-360.749800036235,-0.007866131776155326,0.0007978270317695879,7.496225862269057e-13,-0.007829809160396314,-1.4655738103143412e-13,-1.5194600135395864e-13
15.3600,11.858284361815738,10.155004791152788,0.24780783539414752,-0.07124434833467969,-0.07477304191877686,-2.1054531070511344,0.216584799526324,-0.5392639835127992,-0.042651598240684194,0.29754740882942504,-0.3041411187870414,0.4363320000056778,0.4020532493405447,360.7498000367228,-360.749800036235,0.013053131768483384,0.02951669979122641,5.355715870791755e-13,-0.06741248597491048,-3.056957356521728e-13,-3.094785170319747e-13
15.3800,11.847061532588748,10.156746681079916,0.24787325207615815,-0.0711752211780698,-0.07739773722064515,-2.0829963723766522,0.20018058355018073,-0.5235592512527866,-0.05112675838533067,0.2980394775184907,-0.30336987021524875,0.4363320000056907,0.40132976337771914,360.7498000367228,-360.749800036235,0.032786750839314954,0.04690670965634979,5.115907697472721e-13,-0.02128488403526686,-3.2557469090491176e-13,-3.2931318262596765e-13
15.4000,11.836184373252284,10.158314630064242,0.24768814101982362,-0.07103573261428459,-0.07935100999682693,-2.0607049230180587,0.18796584055404258,-0.5078146158119933,-0.06379793565238305,0.29880716374780864,-0.30235846201943306,0.4363320000056155,0.4005026009271632,360.7498000367228,-360.749800036235,0.0450611235215267,0.05340829291532637,-8.361844550108799e-11,-0.013384209749198513,-1.6518473329625583e-13,-1.705614002898287e-13
15.4200,11.82564134273212,10.159703974771672,0.24731704142240582,-0.07081012989380034,-0.0804641827933257,-2.0385854067597773,0.1757091743930643,-0.49262601272204626,-0.06863974955242524,0.29970623498961513,-0.3013480834952766,0.43633200000562156,0.40024703815579993,360.7498000367228,-360.749800036235,0.04417777127186496,0.04694526969365303,-8.391598527168753e-11,0.010479111592495557,-1.653432165488189e-13,-1.7076558266396202e-13
15.4400,11.815430542230128,10.160928291100696,0.24684899441053204,-0.07048579297188647,-0.0807848243689593,-2.0166377546225536,0.1654471118873591,-0.4776824599635665,-0.07331796906515516,0.300445209290597,-0.3005795483476093,0.4363320000056235,0.39999528989617783,360.7498000367228,-360.749800036235,0.038918163086580776,0.03674970039970529,2.7622348852673895e-13,0.012553819402371175,-1.487067305232237e-13,-1.5420461131968044e-13
15.4600,11.805551475206268,10.162005584683286,0.24635943164860494,-0.0700501803484521,-0.0804054827721736,-1.9948585564813184,0.1528689653794144,-0.4635302765300269,-0.06667265896097702,0.30109808240766384,-0.29998805357919905,0.43633200000570754,0.4002936259828828,360.7498000367228,-360.749800036235,0.022272557729659193,0.019957894346793813,8.360601100321219e-11,0.02654309799760853,-2.8677131199209005e-13,-2.9072734887905516e-13
15.4800,11.796016505743733,10.162985203905054,0.24597057207388973,-0.06950656664087058,-0.07977240798885377,-1.9732331215333925,0.14162094105504713,-0.4496060817676871,-0.06174209244825337,0.3013616996523563,-0.299737257841338,0.43633200000570455,0.40039109409166623,360.7498000367228,-360.749800036235,0.005360263019226194,0.0064385363738202195,-3.481659405224491e-13,-0.01879858228231799,-2.547074422036555e-13,-2.5872454677798584e-13
15.5000,11.786798570835108,10.163836690228928,0.2455799326654514,-0.0688445922714717,-0.0784903462642423,-1.9517770459131976,0.13155668404815818,-0.43575960442369527,-0.0590186119016903,0.30139621168094705,-0.2996924831796457,0.43633200000569805,0.4003470257000791,360.7498000367228,-360.749800036235,-0.004694033891399697,-0.00294459573525193,-5.258016244624741e-13,-0.006306539698769122,-2.090226863121769e-13,-2.1311479057178895e-13
15.5200,11.777910019471989,10.164610760892543,0.2452748825427715,-0.0680769626697055,-0.07701497845884117,-1.9304725980481576,0.1195666021153405,-0.4223854948717639,-0.050853701768070095,0.30123384219111193,-0.2998157197951527,0.4363320000056925,0.40068403160216043,360.7498000367228,-360.749800036235,-0.01542668654757233,-0.010675721111629545,8.163958398199611e-11,0.015044432702765065,-1.8217705447486077e-13,-1.862832262576608e-13
15.5400,11.769367808430784,10.16538111540106,0.2451796065192876,-0.06723087380572947,-0.07604465486309571,-1.9092956019520768,0.10524739418968346,-0.40956157927976067,-0.03729155008992084,0.3008280594083866,-0.30007497978027026,0.43633200000560785,0.40118949007109045,360.7498000367228,-360.749800036235,-0.02545691351910656,-0.014675167316033876,-8.166090026406891e-11,0.02230836764829149,-3.612737482761551e-14,-4.171289642905876e-14
15.5600,11.76116600390026,10.16617705011809,0.24529967172382366,-0.06633395051215085,-0.07582718568747969,-1.8882408434616686,0.09108867525121604,-0.39693813640751596,-0.025700427734113563,0.3002463286495268,-0.30035591061368244,0.4363320000056892,0.40145124633805,360.7498000367228,-360.749800036235,-0.030966559752642175,-0.01236864051898727,8.142020391233018e-11,0.00711962025243159,-1.2878711768901652e-13,-1.3275608368688852e-13
15.5800,11.753291415262032,10.167009238658466,0.2456040179210082,-0.06541733192394175,-0.07642043685037692,-1.8673096355236192,0.07664301879529146,-0.3845783245334534,-0.014084343837180147,0.29961988723452654,-0.3005384810355497,0.43633200000561057,0.40157381441208023,360.7498000367228,-360.749800036235,-0.030008466546707455,-0.005313049468648634,2.753353101070388e-13,0.009185035761827859,3.3902968052303833e-14,2.852423429833967e-14
15.6000,11.745715869360007,10.16783923707249,0.2459571532875306,-0.06450731497007822,-0.07739381535296533,-1.846520127771728,0.0656499061799553,-0.3719392045912769,-0.012382020571543957,0.2990090708883352,-0.30055282383011195,0.4363320000056956,0.4012042729107391,360.7498000367228,-360.749800036235,-0.025971892963002688,0.00400019735514473,-4.529709940470639e-14,-0.030206192335925162,-7.078102074722578e-15,-1.0853135644155968e-14
15.6200,11.738404566012838,10.168586585108905,0.24614507153932813,-0.06361880730807302,-0.07789179353370794,-1.8259012711410394,0.058363773592570486,-0.35890053594677784,-0.02026188770986101,0.29864002320707844,-0.3003882929122122,0.436332000005613,0.4005972998047249,360.7498000367228,-360.749800036235,-0.01177245626313174,0.012080629959150983,-8.258904671265554e-11,-0.0014938630214576011,2.0173153512242914e-13,1.963962304417366e-13
15.6400,11.73136353495559,10.169286475923654,0.24624545888205493,-0.06278238394241616,-0.07819779641832485,-1.8054397439239753,0.04923569819351131,-0.3462622972668078,-0.021451512275286022,0.29844260420441254,-0.30014543082266065,0.4363320000056965,0.400576126345772,360.7498000367228,-360.749800036235,-0.008885018683707259,0.01167078498682917,-1.5276668818842154e-13,-0.004945047747638088,1.4131073698339658e-13,1.3753738816249528e-13
15.6600,11.724597334055893,10.169984169365323,0.2463546007162814,-0.06202784511480283,-0.07870264640128376,-1.7851216242774308,0.03904920248192547,-0.33401671248796594,-0.01845688772648078,0.29830886440979615,-0.2999242930831291,0.43633200000569905,0.40073388197694976,360.7498000367228,-360.749800036235,-0.007258232073728894,0.010250240353401746,8.307754484349061e-11,-0.010122340773106111,1.778455041654553e-13,1.741168244740604e-13
15.6800,11.718084385559987,10.170631160865954,0.24634781898179975,-0.06136357312987504,-0.07888360028228751,-1.7649647599753806,0.03251285069211176,-0.3215329801139444,-0.02468305888125508,0.29823815303428797,-0.29970591584218836,0.43633200000569916,0.40044152464699617,360.7498000367228,-360.749800036235,0.0015250630938895351,0.011359696600310255,8.311840105079682e-11,0.0017799761506595603,2.2618053805746607e-13,2.2242730118686438e-13
15.7000,11.711816665964765,10.171219102725743,0.24620460984806095,-0.06079676349726137,-0.07859809576340433,-1.744971742338893,0.026237606407424945,-0.3092572543014527,-0.030033043888437187,0.29829293684973984,-0.2995076399185357,0.43633200000569705,0.4002752087415736,360.7498000367228,-360.749800036235,0.004101319600092822,0.008343623927825256,-2.602362769721367e-13,-0.01272584620250504,2.6683359298160236e-13,2.630096661293546e-13
15.7200,11.705788113514314,10.171747051526214,0.24591977478335014,-0.06032821515253077,-0.07777543388352166,-1.7251433334723927,0.020286810407568523,-0.29719517379198995,-0.034915811934641924,0.2984384730012613,-0.2993800778799351,0.4363320000056932,0.4002293369390663,360.7498000367228,-360.749800036235,0.007171814732096958,0.003590340169123858,-3.8546943414985435e-13,-0.006977197692216077,2.863221270320293e-13,2.824086992904429e-13
15.7400,11.700004412148234,10.17228533830522,0.24564987802579752,-0.0599659723739951,-0.07703868384738882,-1.7054586663496065,0.011521676295882688,-0.28583905137278076,-0.03067759397019571,0.29861923161038406,-0.29936898573025017,0.4363320000056917,0.4006375086703625,360.7498000367228,-360.749800036235,0.005076338600763321,-0.0028669913194279903,-2.9665159217984183e-13,0.001190223876059656,2.6252269672358275e-13,2.5858856072050185e-13
15.7600,11.69445892282678,10.172878616057442,0.24548671473762804,-0.059709709948719464,-0.07678937439157218,-1.6858987305311017,0.0024248178069212222,-0.27513162024337356,-0.024622246324913354,0.29880106067575923,-0.2994780340319288,0.43633200000561095,0.401026633073199,360.7498000367228,-360.749800036235,0.011115475656264348,-0.006518842923629399,1.9539925233402755e-13,0.014296985813540143,3.034012385945417e-13,2.979527974171503e-13
15.7800,11.689130078436206,10.17349809769309,0.24535791885313576,-0.059541532529015326,-0.07673593624622868,-1.6664569534001612,-0.0056695553531941525,-0.2648559478034137,-0.020205232654749848,0.29900127788954206,-0.299591764242391,0.43633200000569416,0.4012064302581446,360.7498000367228,-360.749800036235,0.007687539299709931,-0.005565900626494154,8.186695765743934e-11,0.005572536206927121,1.6135942408623816e-13,1.5745458864686868e-13
15.8000,11.684010592570285,10.174181281758344,0.24534821272585014,-0.059461787538427784,-0.07721263755263218,-1.6471246690120616,-0.014393085406017896,-0.2551170038085496,-0.012799826147749369,0.29915241061043574,-0.2996824730232224,0.43633200000561606,0.40138066275981826,360.7498000367228,-360.749800036235,0.007515979225315016,-0.0035961563651299017,3.3928415632544784e-13,0.013899632501903438,2.2966063729576436e-13,2.2427914560252393e-13
15.8200,11.679086222310255,10.174918874924588,0.2454369610389865,-0.05946448468060753,-0.0781193559731614,-1.6279088168391869,-0.021473584531043408,-0.2456437985145449,-0.008717445070763132,0.2992309996623083,-0.299726435706236,0.43633200000561945,0.4013532319593132,360.7498000367228,-360.749800036235,0.005539148848686559,-0.0014982796680368463,3.5793590313915047e-13,-0.009231405415762273,2.07501225403528e-13,2.0215488896573042e-13
15.8400,11.674341575668064,10.175662566326936,0.2455218974061271,-0.0595352461027395,-0.07898013368142223,-1.608827159734246,-0.026365431644308008,-0.2363087993091506,-0.009115655253425042,0.29938877854676077,-0.2997139442124465,0.4363320000057057,0.4009078063626618,360.7498000367228,-360.749800036235,0.004597803333903562,0.001875667464388088,-1.1901590823981678e-13,-0.055239124800776904,8.456634643851796e-14,8.076062063024081e-14
15.8600,11.669762056624835,10.17628616877486,0.24532639891270291,-0.0596396157363739,-0.07856299835891022,-1.5899204368002715,-0.025452368353292048,-0.22648224424451585,-0.02437149105020511,0.299626969706751,-0.2996373216088918,0.43633200000570166,0.4000919410671664,360.7498000367228,-360.749800036235,0.017430497322536077,0.0034955141251617056,8.220890634902389e-11,-0.012837737065142543,9.950405029015424e-14,9.55679220655814e-14
15.8800,11.665352339583853,10.176917458217988,0.24515422409305163,-0.05977875870787443,-0.07802192151000015,-1.57114980081811,-0.03178928929457372,-0.21788157563853558,-0.017347914090132168,0.2999480301487307,-0.29965158938993675,0.436332000005619,0.4006100760542963,360.7498000367228,-360.749800036235,0.01555784453284112,-0.004980924443092137,1.2079226507921703e-13,0.04781048044115187,1.56066267765001e-13,1.5061373372440845e-13
15.9000,11.661104020534143,10.177589218835402,0.2450669972400646,-0.059942596294272454,-0.07766395249839134,-1.5525093608752036,-0.0369779192570894,-0.2095253656504882,-0.013737742259761754,0.30012284643251935,-0.2998618348993355,0.4363320000056181,0.4009340429052846,360.7498000367228,-360.749800036235,0.007537094706461314,-0.010529414553961426,1.1546319456101628e-13,0.028257026940001727,1.0863526874946294e-13,1.0318303286446784e-13
15.9200,11.657006811242221,10.178302567972905,0.2450531823725785,-0.06011738889041319,-0.07749722661011746,-1.534001228739525,-0.04243668359504942,-0.20156058533248017,-0.009295476814987724,0.3001706210742148,-0.3000883138941096,0.43633200000569927,0.40104252631153453,360.7498000367228,-360.749800036235,-0.001348004156616539,-0.0124447790538346,-2.7977620220553945e-13,-0.018184254409388353,-3.09739789426753e-14,-3.490270071115735e-14
15.9400,11.653051462849293,10.179042655848958,0.24506619810837563,-0.060288263311038454,-0.07737780690055619,-1.5156321260032757,-0.047481023612217385,-0.19385666687759065,-0.00592519452086121,0.3001997177983999,-0.30031248073116756,0.43633200000561767,0.40110233849888627,360.7498000367228,-360.749800036235,0.0027037921461372377,-0.01078820477241265,2.007283228522283e-13,0.025689689848550676,4.0729606373777344e-14,3.529705553447643e-14
15.9600,11.649228525938158,10.179840898364427,0.24516728043354621,-0.060451223989818746,-0.07760572517427661,-1.4973944464370925,-0.05288443309296211,-0.1865413125578535,-0.0014663493317050949,0.30017518164588297,-0.300524115984658,0.4363320000056187,0.4011787994916045,360.7498000367228,-360.749800036235,-0.0002388273506406663,-0.009011983149454901,2.2648549702353193e-13,0.00986431900766577,1.170499922030846e-14,6.300776550895518e-15
15.9800,11.645528459747439,10.18069673312371,0.24534701994054645,-0.06060044540161889,-0.07818596139941128,-1.4792902632587606,-0.057706139491451466,-0.179485774915669,0.0015956513826186416,0.30011693392174466,-0.3006844253899677,0.43633200000562083,0.40113677022301863,360.7498000367228,-360.749800036235,-0.002119089966767483,-0.0054493267271992635,2.1316282072803006e-13,-0.012815231137359374,-7.606278786345417e-15,-1.2976280689414575e-14
16.0000,11.641948371590654,10.181534429640918,0.24542913138917904,-0.06071739866039751,-0.07840070819067414,-1.4613445290718416,-0.05985134568334368,-0.17232098327555806,-0.0023891526637604766,0.30010743433362874,-0.30074611998835094,0.4363320000057029,0.4008102105719823,360.7498000367228,-360.749800036235,-3.1797686466557284e-05,-0.0018138121171993454,-2.078337502098293e-13,-0.021148592654970804,-1.2006954946356535e-13,-1.23924294762566e-13
16.0200,11.638483391723973,10.182369952169463,0.2454525639023164,-0.06079740054148707,-0.07838317395784432,-1.4435525666057505,-0.06255615715451339,-0.165446508684106,-0.004062271571437084,0.30016459841779514,-0.30076324291749096,0.4363320000056202,0.4007692356089223,360.7498000367228,-360.749800036235,0.0037075906370269,-0.0008510022563472039,-8.237677207034722e-11,0.010709569145519088,-1.8139681515769515e-14,-2.3540363587462934e-14
16.0400,11.635126052037782,10.183231232884104,0.24547984624129074,-0.06083926661002283,-0.07839211480708719,-1.4259065033408143,-0.06617046511261063,-0.1589342975023106,-0.002687179712800481,0.30021317504602235,-0.3007895054502656,0.43633200000562067,0.40091492729108524,360.7498000367228,-360.749800036235,0.0030449417305874055,-0.00131331242554978,1.936228954946273e-13,0.024094763898900536,-3.5726995905975556e-14,-4.1109991929730305e-14
16.0600,11.631870986692704,10.184114081038873,0.2454977443005187,-0.06083848894150435,-0.07839114182419568,-1.4084086369850444,-0.06892132136558919,-0.15255133098054666,-0.0035035077340488463,0.3002099671140613,-0.300814552477063,0.4363320000057023,0.4008466697018257,360.7498000367228,-360.749800036235,-0.0015987755586692812,-0.0010634138650749136,-2.744471316873387e-13,-0.015793806388837567,-1.4547819329399636e-13,-1.493467621706962e-13
16.0800,11.628714192359523,10.185010825369336,0.2454871402416044,-0.06079064463686836,-0.0783051153567402,-1.3910616009710826,-0.07139039823315885,-0.14634205539437767,-0.0046988758780724775,0.3002173096460599,-0.30081739151945597,0.43633200000561984,0.4008179963807729,360.7498000367228,-360.749800036235,0.003120047655365041,0.0008121421161623177,1.376676550535194e-13,0.020348250091600684,-3.8386831826284565e-14,-4.379298234268546e-14
16.1000,11.625646268258661,10.185951514193167,0.2455167629002895,-0.06070004652139503,-0.07842422879434144,-1.3738562044363247,-0.07530376805641284,-0.14055793354510004,-0.001324196722451498,0.3001982884785221,-0.3008179166709158,0.4363320000057025,0.40092730560817286,360.7498000367228,-360.749800036235,-0.006432990271716142,-0.00017667408742151613,-2.5579538487363607e-13,-0.0410844208495632,-1.4771086372274145e-13,-1.515814654785147e-13
16.1200,11.622671844370918,10.186878397746023,0.24545180253240448,-0.060556951838139264,-0.07819911717876318,-1.3568109371778225,-0.0764424616592403,-0.13457979652834912,-0.005468929274585218,0.30019378283120457,-0.3007710247491916,0.4363320000057015,0.40072920401169115,360.7498000367228,-360.749800036235,-0.0002068865884041482,0.0024591352333243263,-2.4158453015843406e-13,-0.004193315461459457,-1.3974620614344568e-13,-1.4363954903978682e-13
16.1400,11.619782770806559,10.187822218140749,0.24536572429598283,-0.060366674982038224,-0.0779159956141723,-1.3399155011734136,-0.07866410016740762,-0.12892483064188326,-0.006020445562060664,0.3001972564351412,-0.3007196392909882,0.4363320000057004,0.40074049670798906,360.7498000367228,-360.749800036235,-0.000974570393273394,0.0023530178709310554,8.207656776448857e-11,-0.005360277784217389,-1.3142044147807647e-13,-1.3533682367058292e-13
16.1600,11.61697801874292,10.188770582188337,0.24522894761762234,-0.06012796470779713,-0.07745317736142833,-1.32317350792221,-0.08046373257538901,-0.1233737500261177,-0.007410306883663016,0.3002022333394993,-0.3006639116247189,0.43633200000561656,0.4007358771933094,360.7498000367228,-360.749800036235,0.000815961260391955,0.002485872088554837,-8.201794798878836e-11,0.013355644446021822,-1.0283862587998245e-14,-1.5765667122632577e-14
16.1800,11.614248079104794,10.189751816016631,0.24510722012897432,-0.05984781862144977,-0.07708445537297469,-1.3065754641818434,-0.08339652476204196,-0.11814708136539971,-0.0052451273472023515,0.30019360894552727,-0.3006206138101558,0.43633200000561595,0.400895855164832,360.7498000367228,-360.749800036235,-0.0019427376380079103,0.0014985018534995759,-8.175149446287833e-11,0.01087824360844746,-6.0699956481525055e-15,-1.155619077806893e-14
16.2000,11.611576880721287,10.190811130394898,0.24510638924879977,-0.05954027717789227,-0.07726903715170581,-1.2901070387749995,-0.08764987338496669,-0.1133234991961106,0.0009442152797878524,0.300122491289437,-0.30059058228331087,0.43633200000569977,0.40112396897755803,360.7498000367228,-360.749800036235,-0.008112613891703778,0.001674910837897385,-1.509903313490213e-13,-0.01890947705721287,-1.1402451248823664e-13,-1.1793804865004032e-13
16.2200,11.608969028564438,10.191905328469876,0.24512669370160037,-0.0592076327198048,-0.07761431854153171,-1.2737819861756658,-0.08979867780534607,-0.10843385981725293,0.0016046722594837402,0.30001656734730303,-0.30050765313724276,0.4363320000056195,0.4009353290912403,360.7498000367228,-360.749800036235,-0.005550433152424365,0.00582575651710826,-8.185185862430444e-11,-0.021553057762214386,1.673394224837449e-14,1.1300608750630312e-14
16.2400,11.606432244423395,10.192994461774775,0.24508212977027088,-0.05885198286784818,-0.07773323578860918,-1.2576117647969909,-0.09016513490303217,-0.10346152205700458,-0.0019695083110303734,0.29996830125158896,-0.30034939859491605,0.4363320000057019,0.4006352890630442,360.7498000367228,-360.749800036235,-0.00080120888540227,0.008759233557637282,8.189182665319095e-11,-0.008028730436391879,-6.455120861665123e-14,-6.846507003910665e-14
16.2600,11.603963540674393,10.194084537381684,0.24499666344433044,-0.05848195427646965,-0.07767660508478308,-1.2415930594888367,-0.090818128892883,-0.09866300079007313,-0.003864487572964037,0.29995935638111176,-0.3001924415207325,0.43633200000561956,0.40048745823899295,360.7498000367228,-360.749800036235,0.0014319977041017048,0.0090074545309562,1.5187850976872141e-13,-0.0012670859418142666,6.945679654254272e-14,6.398630540346839e-14
16.2800,11.601561644675487,10.1951744065954,0.24487351066928273,-0.05810442173259196,-0.0774291279506048,-1.2257251076060263,-0.09089948273635128,-0.0939242734168941,-0.0068194572786568885,0.29995950261495036,-0.3000221040030317,0.43633200000561856,0.400373744376721,360.7498000367228,-360.749800036235,0.0033378839566690216,0.007895869773661732,1.3145040611561853e-13,0.00906388623264275,9.62415504278738e-14,9.074357476372696e-14
16.3000,11.599216985069441,10.196287601903206,0.2447731523562141,-0.057729615068049495,-0.07722078015851502,-1.2099990699690155,-0.0934355350688287,-0.08962663577958804,-0.0022043124408272887,0.2999757122644391,-0.29991137489019587,0.43633200000570016,0.40061350563826575,360.7498000367228,-360.749800036235,-0.003633135444790818,0.0035930476505085726,-2.5845992013273644e-13,-0.008681425403478285,2.1702779818503354e-15,-1.793758284268643e-15
16.3200,11.596931548868847,10.19740940334936,0.2446589226255731,-0.05736238786917789,-0.07691609007069945,-1.1944190891470898,-0.09386139412188324,-0.08520538591721702,-0.0035934049507882716,0.29992282590917074,-0.2998436134060782,0.43633200000561734,0.4004996939923601,360.7498000367228,-360.749800036235,-0.0014885818097577844,0.00334945824239994,9.14823772291129e-14,-0.003146724911429321,1.3053680315497362e-13,1.2502076197212775e-13
16.3400,11.594699027597445,10.198550765454893,0.24455754991128265,-0.05701106923053035,-0.0766280180396918,-1.178980319952989,-0.09478147034890771,-0.08097308303600222,-0.0033672372997008474,0.2998814093941036,-0.2997965069959271,0.4363320000056166,0.40052149429773953,360.7498000367228,-360.749800036235,-0.0017497762438986944,0.0020792489271186515,-8.132250428616317e-11,0.0007967923329852515,1.452487219041898e-13,1.3972622971841764e-13
16.3600,11.592513740763328,10.19971890352911,0.24448574643932422,-0.05668311531096317,-0.07643720144882388,-1.1636794829275496,-0.09684482371725973,-0.07701561291821218,0.00027412018130209604,0.2998439434582263,-0.2997729304548291,0.43633200000561695,0.4006771102335178,360.7498000367228,-360.749800036235,-0.0014388230345708242,0.0005844650326935555,1.8918200339612667e-13,0.01647638095778211,1.500515206878661e-13,1.4455255568923686e-13
16.3800,11.590362197988355,10.200938082380688,0.24450259803954105,-0.05639010337160386,-0.07661027674904936,-1.1485082268509703,-0.09965534687147108,-0.07331567286497004,0.006125076217230678,0.2997821103509787,-0.29977060429724456,0.4363320000056187,0.4008735763391481,360.7498000367228,-360.749800036235,-0.0038468822802805724,-0.0002347205389179527,-8.107825522074563e-11,0.012768410832347792,1.5212695469654647e-13,1.4667387855486769e-13
16.4000,11.588236598788079,10.202214435766608,0.24462485200709555,-0.05614311948737147,-0.07724705173369165,-1.133464333580695,-0.10126858907972805,-0.06967522264123338,0.008662669760863665,0.2996453668175346,-0.29976699271314705,0.43633200000562083,0.40072451644761753,360.7498000367228,-360.749800036235,-0.007771400827811047,0.002401473018482418,-8.136247231504967e-11,-0.04042846042783044,1.7123281959019465e-13,1.6579730752371014e-13
16.4200,11.586158193904755,10.203489481786903,0.24471420867714935,-0.05594022881985091,-0.07776234752093082,-1.118564727823989,-0.10156519350904607,-0.06600393645537588,0.008135624538405651,0.2996030612980219,-0.299687413814078,0.436332000005705,0.40054566609345454,360.7498000367228,-360.749800036235,-0.0010613135828556747,0.004584794662795044,8.168310472456142e-11,-0.00830940801649169,7.767938581867279e-14,7.381000379034358e-14
16.4400,11.584118038144721,10.204779475451774,0.2448210254096562,-0.055789860197864694,-0.07832595597022894,-1.1038028991242852,-0.1028727548892645,-0.06260106762346296,0.011216656068784019,0.29961584943899916,-0.29959904998985515,0.43633200000570754,0.4005902617672365,360.7498000367228,-360.749800036235,-0.00346638082683777,0.0031423482791457513,-1.2523315717771766e-13,-0.019421701935954883,8.376677444136421e-14,7.993397068382924e-14
16.4600,11.582125084787792,10.206060321324308,0.2448913835037277,-0.05569200729884121,-0.07869566600149676,-1.089185619389747,-0.10217047253733824,-0.05909385789883305,0.008983816815959672,0.29962782924402726,-0.2995199660681182,0.4363320000057085,0.40038739179500477,360.7498000367228,-360.749800036235,-0.00019157501204278282,0.003015613607807978,-1.794120407794253e-13,-0.014099502465825576,9.458979552314645e-14,9.075756097175203e-14
16.4800,11.580181992173896,10.207324324456751,0.24491171993383157,-0.0556458007037058,-0.0787850480632389,-1.074713981439247,-0.10101879148839517,-0.05564905157653569,0.00587676746905281,0.2996790344921825,-0.299465792466062,0.4363320000056264,0.40025587604367474,360.7498000367228,-360.749800036235,0.006552491067781455,0.0017801007538692099,1.4299672557172016e-13,0.02248995388766867,1.9913015463987604e-13,1.9376107706151058e-13
16.5000,11.578284155998084,10.208578450753699,0.24490179339719326,-0.055650052230886475,-0.07866196943740322,-1.060384736672215,-0.10030912459368273,-0.05237395212341137,0.0041998626357560576,0.29973949418974877,-0.2994667248575069,0.4363320000056252,0.4002400562237923,360.7498000367228,-360.749800036235,0.0050272925576258926,-0.0013545136802472976,-8.215561564384188e-11,0.014856971506308323,1.9879855140542135e-13,1.9340597374496726e-13
16.5200,11.576430008376782,10.209822464179503,0.2448584928777726,-0.05569997138379246,-0.07832292166549312,-1.0461972282192384,-0.09952065972258042,-0.049205142231565475,0.0021365994422718033,0.2997928978009598,-0.299535223016702,0.4363320000056232,0.40022082808213255,360.7498000367228,-360.749800036235,0.005232772243573033,-0.0041822753389590475,9.14823772291129e-14,0.015073824706044667,1.9227441904259845e-13,1.868495321574043e-13
16.5400,11.574603884178428,10.211081064952639,0.24484127078674991,-0.05579379229165579,-0.07803825368226859,-1.0321426378551921,-0.10022373200180226,-0.04634618618326558,0.004078119828598142,0.2998470604408986,-0.2996612499514915,0.4363320000057044,0.40044195740146105,360.7498000367228,-360.749800036235,0.0020473537044568557,-0.0075519327166384195,8.178080435072843e-11,0.013426747718112888,6.919542250381078e-14,6.530884231852052e-14
16.5600,11.572802775578845,10.212353159114176,0.2448412720061322,-0.05592472045833973,-0.07781355789568488,-1.0182208747530432,-0.10147075503178864,-0.043693541215054886,0.007173249365550959,0.29987201153019954,-0.2998243672164989,0.4363320000056217,0.40060033634413006,360.7498000367228,-360.749800036235,0.000909265420347069,-0.008938961006953614,1.3855583347321954e-13,0.013946554982586517,1.496167285116451e-13,1.442020602319266e-13
16.5800,11.571021163944652,10.213641604150446,0.2448610531393812,-0.056087305018004796,-0.07770565894469887,-1.0044307160835382,-0.10092583565739817,-0.04098303070069602,0.004641943178480207,0.2998484750259859,-0.2999957055109984,0.43633200000562095,0.4004779819731291,360.7498000367228,-360.749800036235,0.0033575246567347575,-0.006733844242988396,1.4832579608992091e-13,0.007955342679495532,1.3442903474408796e-13,1.2899753422564164e-13
16.6000,11.56926978290826,10.21492301983044,0.244837418462763,-0.056269300328615414,-0.07746863146453285,-0.9907790730249525,-0.10061293702121155,-0.03842118476554983,0.0027596751505750633,0.29988349156548816,-0.3001285873276205,0.43633200000561984,0.40041107230086903,360.7498000367228,-360.749800036235,0.006189689607803958,-0.005431671756079545,1.2878587085651816e-13,0.016805537631912375,1.1520404313673793e-13,1.0975178014668852e-13
16.6200,11.567534602545445,10.216216282813049,0.244821688383509,-0.05646510803421166,-0.07731920587509655,-0.9772589101539639,-0.10171668804402327,-0.036172382004392836,0.004953306058040773,0.2999552993983575,-0.30025167374253436,0.43633200000561956,0.4005694321345204,360.7498000367228,-360.749800036235,0.0025945165456599875,-0.006080183184399457,-8.167067022668562e-11,0.0005375428947732505,8.967680114116416e-14,8.421934753321397e-14
16.6400,11.565805482318792,10.217531364364756,0.2448428606440511,-0.0566687792905959,-0.0773947267121944,-0.9638664747161299,-0.1026090378028115,-0.03406839266955841,0.006510728117853552,0.30000687050352814,-0.30036600063478575,0.43633200000562045,0.4006493619174088,360.7498000367228,-360.749800036235,0.0026626763284220978,-0.004661788142965917,-8.162448494886121e-11,-0.0022188955405440386,6.306839273918785e-14,5.76246542887196e-14
16.6600,11.564098718814178,10.218837814603209,0.24482313462140629,-0.05686625878115511,-0.07737086432846953,-0.9506115913724009,-0.10277390773406898,-0.032011442261239885,0.0062699150475175,0.30009610033114703,-0.30043011727820285,0.4363320000056211,0.4006481515274172,360.7498000367228,-360.749800036235,0.007719527059250414,-0.002803375286708633,2.0161650127192843e-13,0.031317304277278524,3.6491466857795085e-14,3.105839424619866e-14
16.6800,11.562378009663155,10.220185294549422,0.24490776556363036,-0.05706021339898392,-0.0778346872512668,-0.9374760860299428,-0.10480660229922878,-0.030376117112920646,0.011729080372064812,0.30016932029362714,-0.3004886758045291,0.43633200000562394,0.4008615610237843,360.7498000367228,-360.749800036235,0.004188275773138343,-0.0020949243275298415,2.824407374646398e-13,0.01845362182022266,8.18165386785516e-15,2.7973093676483818e-15
16.7000,11.56064287391605,10.221566548005756,0.2450881505229595,-0.057246395192354776,-0.07875234668546371,-0.9244618991627855,-0.10651199963082211,-0.028905819178929558,0.016769567276625392,0.300194484465049,-0.3005097737162145,0.4363320000056277,0.40087106212534673,360.7498000367228,-360.749800036235,-0.0010500801788065825,0.0005469277063320094,-8.204548151979907e-11,-0.02253553998767616,-7.729653370277742e-15,-1.3069602544378317e-14
16.7200,11.558925114878244,10.222931235019752,0.24523855090417923,-0.05741342124984255,-0.07957545008126178,-0.911586227733834,-0.10504187248736434,-0.027193580420317463,0.013470086439219023,0.3002254029580507,-0.30044545479929086,0.4363320000057127,0.40049829559604766,360.7498000367228,-360.749800036235,0.0003867042105527019,0.004835904866809335,-1.056932319443149e-13,-0.0400327378158301,-1.1432714041963166e-13,-1.1812161763036927e-13
16.7400,11.557278325143491,10.224206774161855,0.24516806066849178,-0.05754139707435772,-0.07943851484896909,-0.8988743949474695,-0.09985521831204522,-0.025059769762182806,0.0003555152506654919,0.3003467763317825,-0.30029698873320637,0.4363320000056274,0.39985036262965323,360.7498000367228,-360.749800036235,0.011165606195090522,0.0074099812022946285,-8.265654827255275e-11,-0.000599512794199189,3.690075317790836e-15,-1.7425568366730149e-15
16.7600,11.555668858792012,10.225443577028042,0.24502785590460754,-0.05763022308451874,-0.07887920329937383,-0.8863061484821513,-0.09921509129547665,-0.02352058486630037,0.0009883647659497596,0.3005463399163881,-0.30021316868887293,0.43633200000570777,0.40013934854973315,360.7498000367228,-360.749800036235,0.004739850075475033,0.0003823915780787404,-3.3217872896784684e-13,0.0042402309980268844,-1.1497747198774277e-13,-1.1889649692304466e-13
16.7800,11.554038453205534,10.226716234156346,0.24503027328910673,-0.057689249280220276,-0.07879490559624858,-0.8738532219142572,-0.10172879671741893,-0.022492926860358135,0.010334185741768868,0.30063696026339803,-0.30025790585452894,0.43633200000562716,0.40076579133630275,360.7498000367228,-360.749800036235,0.00019482934472780933,-0.004960636768973077,1.8562928971732617e-13,0.03473921368181928,-3.698936637671832e-14,-4.23671074080683e-14
16.8000,11.55239408557397,10.2280093129855,0.24512592518279888,-0.05771643599835666,-0.07906068694203093,-0.8615211354615686,-0.10152748049806729,-0.021257685014691153,0.011214732480872108,0.3005298568427542,-0.3003517747079224,0.43633200000562755,0.4006625934344347,360.7498000367228,-360.749800036235,-0.004659610278463899,-0.002848136035066985,1.6608936448392342e-13,-0.010024922470745306,-3.227271762004137e-14,-3.76478836712317e-14
16.8200,11.55076860776415,10.229279321338016,0.24518692708655906,-0.057704183917424476,-0.07916709638628702,-0.8493244775061761,-0.10062765103112162,-0.019972803686647705,0.010095285019708407,0.30045728893336576,-0.3003762474369981,0.4363320000056277,0.4004975203344422,360.7498000367228,-360.749800036235,-0.0008934130375941596,-0.00015673575430436015,1.2967404927621828e-13,0.013925571349052864,-2.6489767885186193e-14,-3.185486610276546e-14
16.8400,11.549162048152816,10.23052676248787,0.2452128622517087,-0.05765451867972715,-0.07911626383889796,-0.837261798032075,-0.09885144607006512,-0.018605300388033996,0.00631551719262914,0.30038512707326775,-0.3003713040008559,0.4363320000056267,0.400304236692152,360.7498000367228,-360.749800036235,0.0011276064017176624,0.0016573829667135692,8.79296635503124e-14,0.01671945447752611,-1.2959244739262923e-14,-1.8345348738659385e-14
16.8600,11.547571515751084,10.231755940121829,0.24521370599915882,-0.05756982127631562,-0.07894881585179672,-0.8253297350469756,-0.09894740948514238,-0.017476281076027438,0.007900388368021847,0.30035754989818425,-0.30035325828760456,0.43633200000562616,0.4004575186668274,360.7498000367228,-360.749800036235,-0.0013912293209190699,1.4346969955704447e-05,1.5987211554602254e-13,0.021083940275476262,-6.910187110291833e-15,-1.2288986085792937e-14
16.8800,11.545975338353132,10.23299140585181,0.2452587801513143,-0.05745939635522216,-0.07897985307472687,-0.8135176894038796,-0.09894702851275404,-0.01637951304195956,0.008817205974707521,0.3002722845170218,-0.30035912388339525,0.436332000005626,0.4004931899418371,360.7498000367228,-360.749800036235,-0.00408084672299789,0.00032482467068732646,1.199040866595169e-13,0.0011560482059544512,4.184861143599963e-15,-1.1913755572356965e-15
16.9000,11.544388791810121,10.234214749639564,0.24528858393704464,-0.05732466426192251,-0.07898918299344575,-0.8018315434148656,-0.09828813996050383,-0.015224032654347852,0.00766676960195283,0.3001726175299341,-0.30034307717231407,0.4363320000056253,0.40037468904990803,360.7498000367228,-360.749800036235,-0.005896124917523553,0.001746837075220574,-8.254463779167054e-11,-0.023982464840910975,2.2419803372749486e-14,1.7023580082490414e-14
16.9200,11.542810820259138,10.235427492543947,0.24530643018867332,-0.05717088531398852,-0.07899079668776654,-0.7902689347256061,-0.0983450217151489,-0.014166566864236804,0.008608490067880503,0.3001250629072749,-0.30029749557972174,0.4363320000057083,0.4004708551022865,360.7498000367228,-360.749800036235,-0.006064482506279216,0.0015778486001727862,-2.2293278334473143e-13,-0.01418376151023153,-7.418457531214659e-14,-7.801680308727743e-14
16.9400,11.541246408806627,10.236624580245797,0.24529482588900986,-0.057002130856086464,-0.07891694242329755,-0.778830646209002,-0.09796119567391928,-0.01306814011712167,0.008245781080064133,0.3000814695436905,-0.3002407934383966,0.43633200000562594,0.40048356835946447,360.7498000367228,-360.749800036235,-0.0011032342126066422,0.0023715811755982835,1.7141843500212417e-13,0.019463254745611603,4.100634220204069e-14,3.564454910702161e-14
16.9600,11.539681613373007,10.237820712533914,0.24529961512136889,-0.05682764931091692,-0.07896261586273062,-0.7675095141722752,-0.09706312009241105,-0.011947248210594645,0.006337088164648607,0.30000492450260063,-0.30019027998668396,0.4363320000057078,0.40036772104226054,360.7498000367228,-360.749800036235,-0.005902865175856191,0.0030702967474717513,-2.8066438062523957e-13,-0.030842685691568977,-4.355443753594791e-14,-4.740471388911885e-14
16.9800,11.538132006209866,10.238999857268496,0.24527146562008423,-0.05664888462670713,-0.07891325846565306,-0.7563103123776166,-0.09671980715025084,-0.010906184893105969,0.006291893487848095,0.2999902784971867,-0.300111028220958,0.43633200000570826,0.400382491395651,360.7498000367228,-360.749800036235,-0.0012884362243042388,0.003409948089227996,8.236167303721231e-11,0.0031555511892407753,-3.484637302016494e-14,-3.8681694159619154e-14
17.0000,11.5365657332164,10.240193754353816,0.24531536608431642,-0.05647897152606201,-0.07919830126356313,-0.7452188070771263,-0.09731707017592939,-0.010042837568569172,0.009062856157061792,0.29995287648300795,-0.3000512352889517,0.43633200000562755,0.40049319939543454,360.7498000367228,-360.749800036235,-0.0016748900893604618,0.0035156921169070543,2.2382096176443156e-13,0.001550025650362493,7.696354133428923e-14,7.162108091925828e-14
17.0200,11.535042276399485,10.241343271950274,0.24524095230315546,-0.05631045108111789,-0.07903122899950399,-0.734258562709768,-0.09353220850966693,-0.008660780642377307,-0.0006429959119546846,0.2998862107823324,-0.2999527948682379,0.43633200000570677,0.3998750490436788,360.7498000367228,-360.749800036235,-0.0015396047887846001,0.006543932062185849,-3.943512183468556e-13,-0.051003802082625865,6.281938538148582e-15,2.367958531080544e-15
17.0400,11.533559643700881,10.242453868274472,0.24506897935234187,-0.05614387697463388,-0.07843060803075509,-0.7234246262886613,-0.09347952796233884,-0.007695533679342644,0.001043865136564142,0.3000156186542438,-0.2998470835758468,0.4363320000056241,0.4002084523615228,360.7498000367228,-360.749800036235,0.0065754134469195175,0.0022446961155424966,1.0746958878371515e-13,0.047566695914960544,1.0119727592797917e-13,9.577604822511715e-14
17.0600,11.532024266128385,10.243612997917179,0.24509029776925068,-0.05600238400557513,-0.07861665963395219,-0.7126798634422091,-0.0958653038554617,-0.007133212546549706,0.009382917312111458,0.30001315455473204,-0.2998593086802004,0.4363320000057085,0.4006757842329939,360.7498000367228,-360.749800036235,-0.0042788501455982494,-0.0014972318330545367,8.219558367272839e-11,0.0013579585383954665,-5.724536648746628e-15,-9.55381505515513e-15
17.0800,11.530499374868018,10.244758467263953,0.2450970535894663,-0.05587742941366498,-0.07877433919177709,-0.7020498823136685,-0.0943910006400003,-0.006166034557290951,0.006525753196654054,0.29992758943308995,-0.2998541866994813,0.4363320000057084,0.40034666534231145,360.7498000367228,-360.749800036235,-0.0033483883343457255,0.0018363452623236798,-2.149391775674303e-13,-0.0250518471268932,9.311436577298313e-15,5.455220829101229e-15
17.1000,11.528972191109128,10.245901850648599,0.2451351846182135,-0.0557747551581695,-0.07906133944821869,-0.6915274823867863,-0.09524145772197093,-0.005521446274266902,0.010855983335491353,0.29993948386983577,-0.2998095906581877,0.4363320000056285,0.4004858198446467,360.7498000367228,-360.749800036235,-0.00048003091955226007,0.0015622122553653056,2.078337502098293e-13,0.007777454697531803,1.097184680349389e-13,1.0437924667389825e-13
17.1200,11.527456482693093,10.247030070402358,0.24516369571816882,-0.05569591307510468,-0.07931030041422384,-0.6811178798340904,-0.09270202383865415,-0.004530999320476235,0.005479480634801031,0.2998832181046126,-0.2997677735172978,0.4363320000056279,0.4000950125427655,360.7498000367228,-360.749800036235,-0.0007223957763625721,0.004164817429608267,-8.253575600747354e-11,-0.03219466338805989,1.2641908461903661e-13,1.2103244296547688e-13
17.1400,11.525968259597573,10.248130224320974,0.24514345617670646,-0.055638037146668685,-0.07931226595625389,-0.6708244621580056,-0.09262308727901722,-0.0038417804066665667,0.007831409324625711,0.2999701786628217,-0.2996926296569138,0.4363320000056291,0.4002508266593318,360.7498000367228,-360.749800036235,0.005174719191380593,0.0018197632926243365,1.8562928971732617e-13,0.03301868755653914,1.1993127302899198e-13,1.145871863107023e-13
17.1600,11.52448145862442,10.24922449989446,0.24515393695947407,-0.055607456020538015,-0.07939452361496104,-0.660637026241772,-0.09172697682931465,-0.003115047821915474,0.007718994091411205,0.29998221897189875,-0.29967868486620414,0.4363320000056291,0.40025442357160984,360.7498000367228,-360.749800036235,0.0017980984585762028,0.0003272907191564922,-8.247447169651423e-11,0.008649157475694346,1.2220370657241297e-13,1.1685211175407884e-13
17.1800,11.523008932595651,10.250301618929237,0.2451562235950937,-0.05560125685373968,-0.07939533521454657,-0.6505591766849821,-0.09092889046679666,-0.0024349558165001465,0.007951380546091503,0.30000149589257646,-0.2996801813819532,0.4363320000056291,0.4002423404026971,360.7498000367228,-360.749800036235,0.0030632064005694654,-0.0006609257156551529,1.6964207816272392e-13,0.019208928655593465,1.2041732086291723e-13,1.1506873470561174e-13
17.2000,11.521553940902804,10.251358860987123,0.24513961959275077,-0.05561761710238783,-0.07927338133810827,-0.6405911525671386,-0.08969642798853529,-0.001733825761963736,0.006833602899585407,0.30001585068877756,-0.29970291454880843,0.43633200000562833,0.40019816199480635,360.7498000367228,-360.749800036235,0.003628065423470418,-0.001593886376598852,1.1812772982011666e-13,0.0219582563357708,1.1848239945579098e-13,1.1312069445219841e-13
17.2200,11.52009088358801,10.252416047658366,0.2451759470154163,-0.0556601340398613,-0.0793359450999463,-0.6307227367523492,-0.08933245169429208,-0.0011904066963624015,0.008018083053836996,0.3000099700907629,-0.2997615706740127,0.43633200000562844,0.40027231182552786,360.7498000367228,-360.749800036235,-4.930253062661316e-05,-0.002755235301401586,1.2612133559741778e-13,-5.709416667115316e-05,1.1362593266457666e-13,1.0826924209603184e-13
17.2400,11.518646850282263,10.25345101410382,0.2451814369150781,-0.05572150898763874,-0.0792551497949588,-0.6209632360980564,-0.08822303305739153,-0.0005866037971368287,0.006906397535419643,0.30000154878865054,-0.29981732279531337,0.4363320000056274,0.4001739469670601,360.7498000367228,-360.749800036235,-0.0014272227754963118,-0.0027710997500473705,-8.254907868376904e-11,-0.017164370676344395,1.1146915638790555e-13,1.0608658049249264e-13
17.2600,11.51720949414357,10.254473076192902,0.24518940779346496,-0.05580132294260904,-0.07917510603928078,-0.6113072133312797,-0.08716346651668573,-2.4424846156327746e-05,0.005752308648231072,0.30000415863842395,-0.29988010459294273,0.43633200000562705,0.4001535799467883,360.7498000367228,-360.749800036235,0.0012394007651100741,-0.002550846968114223,7.904787935331115e-14,-0.004228825389248667,1.0357293907074794e-13,9.819089172389411e-14
17.2800,11.515765768553981,10.255491268021755,0.24523378046955596,-0.05589852894887317,-0.07924361110895113,-0.6017491006477509,-0.0885255242282812,0.00020501943721486956,0.011541722407479022,0.30005084220315803,-0.2999479763208616,0.43633200000571093,0.4004808812168931,360.7498000367228,-360.749800036235,-0.002568771034182425,-0.005061607675763337,8.243628002446712e-11,7.803302424248121e-05,-1.566377668237441e-14,-1.945699731973477e-14
17.3000,11.5143499352891,10.256479449147802,0.24521128936659986,-0.05600334704733138,-0.07906019413426628,-0.592301286031413,-0.08625544894225262,0.0008405268588694814,0.006523529093394566,0.30004588461975845,-0.300011239423064,0.43633200000562716,0.40024840984738996,360.7498000367228,-360.749800036235,0.004861670934832564,-0.0026083071212576817,1.5631940186722204e-13,0.027229945948018565,8.022247688192763e-14,7.48595250458367e-14
17.3200,11.512909373436063,10.257475286128319,0.24527051172683564,-0.056121839413194284,-0.07923257411440314,-0.582943783849162,-0.08704466801619173,0.0010432561806138693,0.010304637765963067,0.30005846341987685,-0.30008168834557986,0.43633200000571026,0.4004238625121133,360.7498000367228,-360.749800036235,-0.004997350641343143,-0.004040176964140385,-2.255973186038318e-13,-0.03096256565760742,-3.255416633962324e-14,-3.636982615030579e-14
17.3400,11.511528651043573,10.258418237233805,0.24517059850349762,-0.056233374243409566,-0.0787799777881605,-0.5737064544251987,-0.08326058146932322,0.0017996374595727227,0.0008129742494842745,0.30007676982980014,-0.300106983302891,0.4363320000056249,0.399979197173018,360.7498000367228,-360.749800036235,0.00733123575777634,-0.0004156491023082215,6.394884621840902e-14,0.016845203064842378,6.662560585700417e-14,6.120074607686432e-14
17.3600,11.510126903001876,10.259365516705884,0.24514143944004338,-0.05634673924937605,-0.07862271734515065,-0.5645589004375142,-0.08419736251412388,0.001937192288942486,0.004990023464857907,0.3001600665583313,-0.3001649430276662,0.4363320000057075,0.40033775534683785,360.7498000367228,-360.749800036235,0.001161997443178714,-0.0035977305491997555,8.217782010433439e-11,0.0027894174569566034,-5.5495924966997984e-14,-5.936210859891836e-14
17.3800,11.508733160108134,10.260295628195868,0.24509534020605145,-0.05645175666232944,-0.07842976436790161,-0.555511917809374,-0.0834261760729366,0.0022355917607654744,0.004014128273013929,0.3001841589822584,-0.3002228069818881,0.4363320000056247,0.4003052838833641,360.7498000367228,-360.749800036235,0.0047494855803752595,-0.002295685663395851,1.2079226507921703e-13,0.021128735148591055,3.591704299428511e-14,3.0504895484617656e-14
17.4000,11.507322566485515,10.261224406414712,0.24510021445919358,-0.05654841341698202,-0.07847922697756939,-0.5465559093868528,-0.08461141927201875,0.00224095368188548,0.008720439048118613,0.30022908900737244,-0.30027683829333657,0.436332000005626,0.4005403521265789,360.7498000367228,-360.749800036235,0.0023331704238136325,-0.002856387964179953,2.042810365310288e-13,0.023257327322781407,2.001544952999132e-14,1.463714268063257e-14
17.4200,11.5058838329451,10.2621572686294,0.2451839041272559,-0.05663720058966656,-0.07890398448017583,-0.5376872791211907,-0.08503283181488597,0.002257827087342133,0.011201398036890112,0.30021268368896137,-0.30031984940976325,0.436332000005628,0.4005511194669837,360.7498000367228,-360.749800036235,0.0008332170087425525,-0.0005260541750958247,2.3359092438113294e-13,0.006727799422704853,1.206918611817813e-14,6.7204915406553906e-15
17.4400,11.5044527646891,10.263070014265631,0.2452517304044108,-0.05671091910458786,-0.07930495344354681,-0.5289179629179087,-0.08416796564418451,0.002382454317190161,0.010353041008624667,0.3002064406414666,-0.3002995295714426,0.4363320000057116,0.40035369052113534,360.7498000367228,-360.749800036235,-0.0018753956170965078,0.0020356896200711197,-1.8474111129762605e-13,-0.026428190134488334,-9.125777119655537e-14,-9.507280759098874e-14
17.4600,11.503098680679102,10.263920570600575,0.24512658111711005,-0.05675392473008791,-0.07890450239218597,-0.5202702202818146,-0.07964042153814872,0.0029818697833392713,-0.0005965149468006841,0.30026387265225857,-0.3002070002527551,0.4363320000056262,0.3998404307836295,360.7498000367228,-360.749800036235,0.010544362062145582,0.005152245527203406,1.0835776720341528e-13,0.027423547772454718,1.68565655140826e-14,1.1421331274404783e-14
17.4800,11.50171026805239,10.264779616965118,0.2451183841510598,-0.056782856500807985,-0.0789303483775803,-0.5117035032551371,-0.08150949527631436,0.0027583354506406548,0.007193693580857139,0.3003706096745337,-0.30017720692510036,0.4363320000056276,0.40037650545982745,360.7498000367228,-360.749800036235,0.0007172640573972627,-0.00044510772565786033,-8.23119350457091e-11,0.009855746658047847,4.323107084987232e-15,-1.0663246951007552e-15
17.5000,11.500295556143984,10.265640052882928,0.24519862175463694,-0.056796807270263296,-0.07930439045809534,-0.5032214188478249,-0.08254112740354588,0.002576219364185195,0.012385706536141903,0.3003619636285197,-0.30018901333203274,0.43633200000563,0.4005593931633238,360.7498000367228,-360.749800036235,-0.0017029329032297383,-0.000581389889390882,2.362554596402333e-13,0.008846567899752439,-1.4575742956352e-16,-5.4796543414977264e-15
17.5200,11.498925520792291,10.266459261650354,0.2451775116365694,-0.05678458866682839,-0.07925546471671645,-0.4948476287714,-0.07839194261596602,0.003026638966446127,0.0025830923564938704,0.30028358380223696,-0.3001599931633039,0.4363320000057098,0.3999299635782662,360.7498000367228,-360.749800036235,-0.002252832961438675,0.0035204795142170023,-3.588240815588506e-13,-0.0437553640341356,-8.601770012418852e-14,-8.990818343729973e-14
17.5400,11.497571052940248,10.267256549263713,0.24514215409773732,-0.056750104141317266,-0.0790888739558678,-0.48656885044337655,-0.07907886113088301,0.0029164737962303023,0.007201761510851061,0.3003655202857448,-0.30010343083093055,0.43633200000571065,0.400282153207587,360.7498000367228,-360.749800036235,0.0001175254542223822,6.89144985253215e-06,8.22897305852166e-11,0.01971546163685158,-9.213871256675416e-14,-9.59762461562666e-14
17.5600,11.496197456693075,10.268051519191344,0.2451791033339195,-0.05670215676318355,-0.07919461971268293,-0.478373742336646,-0.07842429353669247,0.002939315079247196,0.007474995299678764,0.3003053203440621,-0.3001134526756542,0.4363320000057107,0.40027943885753847,360.7498000367228,-360.749800036235,-0.004172125534118491,3.3373545140651106e-05,8.234302129039861e-11,-0.014591645532372369,-8.473033201710639e-14,-8.85701288786539e-14
17.5800,11.494869555356965,10.268808121798504,0.2451158333731806,-0.05663097596755145,-0.07887168968686939,-0.47028258206149187,-0.07560435043125975,0.0032649003841177674,0.0014218915509463966,0.3002536247913749,-0.30008869785345743,0.43633200000570793,0.39996244775635487,360.7498000367228,-360.749800036235,-0.0020976186111874226,0.001469914640986121,-3.5083047578154947e-13,-0.018503040830117747,-7.07692300486e-14,-7.467404515917875e-14
17.6000,11.493573142732343,10.269536476257363,0.24499174311320288,-0.0565389251302536,-0.07826525338324497,-0.4622881217016409,-0.07462808419695713,0.0034164104090997753,0.0006067654903346908,0.3002692028438025,-0.3000720968570764,0.43633200000570554,0.40007727066948473,360.7498000367228,-360.749800036235,-0.0008333080880043031,-0.0008903177321133576,8.190337297264705e-11,0.007798021698623904,-6.6968640648115e-14,-7.089652215991338e-14
17.6200,11.492246844062462,10.270270196531449,0.24496060917545603,-0.056438046349935586,-0.07803592087772974,-0.45436904859974825,-0.07619861242901138,0.0032574328232132105,0.006639662850267664,0.30025234291419806,-0.30011319687692284,0.4363320000056243,0.4004872141070468,360.7498000367228,-360.749800036235,-0.0017243700283577704,-0.0032912907619972523,1.4832579608992091e-13,0.03237488192226082,3.2893209911486615e-14,2.7483298568799913e-14
17.6400,11.490858548301743,10.271024294010838,0.2450943190184909,-0.056339420037263326,-0.078541843115307,-0.44651520466263,-0.07868997549127525,0.0029373234239524213,0.014842194006126888,0.3001343517225667,-0.3001817706113789,0.43633200000562716,0.4007547561617739,360.7498000367228,-360.749800036235,-0.009453319827535438,-0.0025857001778627833,-8.204370516295967e-11,-0.010468903683315493,3.802086954735745e-14,3.267752821806136e-14
17.6600,11.48945399079212,10.271773228179251,0.24527035758755159,-0.056243402615506706,-0.0793110141073073,-0.4387414124677116,-0.07847368505076223,0.0029204273146662386,0.015293502217562996,0.299989216840946,-0.30017095508816793,0.43633200000563016,0.4005138314423004,360.7498000367228,-360.749800036235,-0.00547215701658537,0.0030816331705613292,-8.239009474664272e-11,-0.012128359132513516,5.272796359690607e-14,4.742698746749985e-14
17.6800,11.488122951710082,10.272472565681067,0.24526697343086196,-0.056141033153975874,-0.07939544146779141,-0.43107517351098473,-0.07325222869654757,0.0035530264099863165,0.0017691221917150405,0.29990292399034635,-0.30003613414482494,0.43633200000571026,0.39967413486414016,360.7498000367228,-360.749800036235,0.0025149422322347445,0.00918721597139098,8.241940463449282e-11,-0.025455527412451637,-2.284915251525143e-14,-2.671213775076297e-14
17.7000,11.486863442974366,10.273127527293216,0.24510676393684228,-0.05603283007995066,-0.07879471123455858,-0.4235117797998548,-0.07114567507178225,0.003887123431916133,-0.002016683175764868,0.3000171786978836,-0.29988763571222193,0.4363320000057076,0.39973393555297365,360.7498000367228,-360.749800036235,0.0045365548744066495,0.004988974769478745,8.213874025386758e-11,0.008203428908890819,-1.7145179285365294e-14,-2.105425835980052e-14
17.7200,11.485566893252548,10.273792741738424,0.2450681240968394,-0.05593800640943147,-0.07864928177600411,-0.41601529095326256,-0.07309473787285199,0.0037114109395489482,0.005667766832040248,0.30008492281632765,-0.2998592440459028,0.4363320000057084,0.4003033103270523,360.7498000367228,-360.749800036235,-0.0037679934508531715,-0.0013481573779862352,8.213252300492968e-11,-0.005268332259046597,-2.096128378834515e-14,-2.4827392881366164e-14
17.7400,11.4842479829192,10.27445936113342,0.24510419738311798,-0.05585730520073458,-0.07881852597094313,-0.40859095561092684,-0.07360856978906627,0.003675669880705914,0.008818824220512469,0.3000345388003444,-0.29988453026595013,0.43633200000562766,0.40040300498765213,360.7498000367228,-360.749800036235,-0.0018950208705423785,-0.0007842374774205754,1.8474111129762605e-13,0.007664468042201927,8.294114093448934e-14,7.75806014482322e-14
17.7600,11.482898976723671,10.275129975943257,0.24523263862654132,-0.05579657719603932,-0.07939152974960355,-0.4012355458575868,-0.07461469997094189,0.0035440870401644876,0.013431791268019211,0.2999805443596829,-0.29989314528049776,0.4363320000057132,0.4005090638806812,360.7498000367228,-360.749800036235,-0.004562495427959147,-1.9192882334796713e-05,8.253131511537504e-11,-0.004262008431814724,-1.5208829251294376e-14,-1.896687102216849e-14
17.7800,11.481615996283105,10.275760139702026,0.24521257416915823,-0.05574402534339989,-0.07937686942093297,-0.3939791365876483,-0.06926798806991016,0.004192127204616531,-0.0002105964580596878,0.29987606236308734,-0.2998391542806314,0.4363320000057098,0.3996489014186768,360.7498000367228,-360.749800036235,-0.0012796556345411533,0.005780191887489253,-3.410605131648481e-13,-0.05590388067476291,6.1504349790214574e-15,2.2638209124133113e-15
17.8000,11.480433025033674,10.276338239982831,0.24497253328657162,-0.055690560013399774,-0.07839340806009759,-0.38682833643192677,-0.06619929008347947,0.004659725603419101,-0.006602002078294031,0.3000255979509877,-0.2997304226236559,0.43633200000570543,0.399629075096517,360.7498000367228,-360.749800036235,0.00843100215774606,0.001732147955657272,8.184741773220594e-11,0.03035023616758189,4.328165565748235e-15,3.780612975456954e-16
17.8200,11.479217959002598,10.276924819983718,0.24484256260404147,-0.05565429038323492,-0.07779823950241914,-0.3797406499747,-0.06817135738676705,0.004508062158395293,0.0010606926226465244,0.3001193305323636,-0.29978108232254447,0.4363320000056229,0.40028429461350135,360.7498000367228,-360.749800036235,0.0020323325099092446,-0.005422744027441716,1.1457501614131615e-13,0.03559941549204065,9.135056534999297e-14,8.59002945814355e-14
17.8400,11.477922331365974,10.277538231392171,0.24492820056475043,-0.05564344862124665,-0.07810753299332666,-0.37270207249554516,-0.07167010583600025,0.0040974717525639375,0.012361450570542314,0.3000677755689371,-0.29992077534958284,0.4363320000056261,0.4007744462923134,360.7498000367228,-360.749800036235,-0.006143459725490477,-0.006859285031582368,2.362554596402333e-13,0.00636978220263024,8.188927509179822e-14,7.652939967937172e-14
17.8600,11.47658127289544,10.278160217073944,0.24513160631122424,-0.05565653777502428,-0.07898142143334452,-0.3657244289613837,-0.07300447407068725,0.0038736292594674254,0.017232841083388493,0.2999435204940135,-0.30000594589566465,0.4363320000057121,0.4006819329612506,360.7498000367228,-360.749800036235,-0.008125425043185516,-0.002228620404626472,8.236344939405171e-11,-0.025402555506565665,-1.6921953492995316e-14,-2.068518492885814e-14
17.8800,11.475250485050077,10.278766423903988,0.24531922481265392,-0.05568924560306975,-0.07985919527740515,-0.35882431294768813,-0.07122522012101308,0.00399020629404986,0.01360685188083231,0.2998522963893501,-0.2999732997056219,0.4363320000056325,0.4001978546641115,360.7498000367228,-360.749800036235,9.20862028713082e-05,0.004761831448361543,-8.262102113576475e-11,-0.015000087704189702,9.241453359943447e-14,8.71291835338392e-14
17.9000,11.473984801227925,10.27933575091005,0.24537034663585625,-0.05573401373614088,-0.0801741196522897,-0.35201680478038194,-0.06800346161439277,0.00429672980899479,0.006650115650134204,0.29988873897369284,-0.2998545218265533,0.43633200000571526,0.39980491107565475,360.7498000367228,-360.749800036235,0.00542016770947356,0.006694580832442815,8.282619035071548e-11,-0.0034610561334707593,-4.15253497820095e-15,-7.923937317389461e-15
17.9200,11.472811037878191,10.279860103353577,0.2452320393600384,-0.05578338803479842,-0.07963812142404206,-0.34530836643266916,-0.06284606943815957,0.004878181150904522,-0.005470376274625268,0.2999885561955033,-0.2997306179532492,0.4363320000057101,0.3993389887200291,360.7498000367228,-360.749800036235,0.008029426397802852,0.0052518261948591785,8.241229920713522e-11,-0.013876641540101833,-5.443338650917146e-16,-4.45158334836087e-15
17.9400,11.47171457692346,10.280348284667875,0.24494629359349626,-0.05583085151553883,-0.07837018420775466,-0.3386919692864796,-0.06085846264073795,0.005140453732188771,-0.008290940942415257,0.30018474520979577,-0.29969301694341977,0.4363320000056231,0.3996144494775478,360.7498000367228,-360.749800036235,0.011539858576688634,-0.002189486127400289,-1.4210854715202004e-14,0.050368512071766625,8.59432967501017e-14,8.044359991500605e-14
17.9600,11.470543234295954,10.28085925389913,0.24487580928444821,-0.05589408799894295,-0.07791036376521589,-0.33212069137474476,-0.06451130439885774,0.004672668092079951,0.004174635364482185,0.30026915770955537,-0.2998469380188572,0.4363320000056236,0.40049846335700756,360.7498000367228,-360.749800036235,-0.0013869788210001746,-0.010553252829565866,1.1812772982011666e-13,0.028534345974974003,6.301889891001389e-14,5.75862464267593e-14
17.9800,11.469316116304181,10.28138195040378,0.24495158549396442,-0.05596827072567984,-0.07809050243202259,-0.32560234229953305,-0.06609898236335968,0.004383338998346848,0.009656161131305676,0.30016080250273736,-0.30005328564520123,0.4363320000057069,0.4006236395153889,360.7498000367228,-360.749800036235,-0.00772981198107086,-0.008650425848072657,8.188472122583335e-11,-0.01732195192338781,-4.6634815150173314e-14,-5.0498898140384496e-14
18.0000,11.46807688334575,10.281898174386123,0.24505931729774366,-0.056046232826349116,-0.07848015253163504,-0.31915003209445447,-0.06635045678801622,0.004223081144625053,0.0111459185314562,0.30006516985842935,-0.3001689090155419,0.43633200000562666,0.40047545100410376,360.7498000367228,-360.749800036235,-0.003348052689868493,-0.0035110301493744,-8.203482337876267e-11,-0.005647391374318401,5.034770614743139e-14,4.498343971620633e-14
18.0200,11.46681226506464,10.282412188853542,0.24523397723920287,-0.05613115050493007,-0.07921764538127227,-0.3127589875653597,-0.06743282354511468,0.00392103026984322,0.01529750441457498,0.3000237176896973,-0.3002044144976655,0.43633200000563027,0.4005089000650425,360.7498000367228,-360.749800036235,-0.0017180775650041044,-0.0003033692014784914,2.922107000813412e-13,0.0021054311977380773,4.627999643670028e-14,4.0983194485658125e-14
18.0400,11.465593132674925,10.282898292077919,0.24530800678378956,-0.056213110470615245,-0.07960055846197665,-0.3064510148088214,-0.06327877187369915,0.0042398778211538,0.004630600992839979,0.29995954020586263,-0.3001563790628794,0.4363320000056292,0.3998029352750645,360.7498000367228,-360.749800036235,0.002362536418537911,0.006056446818166389,-8.271339169141356e-11,-0.03449895268918134,5.440717592165162e-14,4.902983130172095e-14
18.0600,11.464470838726642,10.28334100242092,0.24517183997725744,-0.05627946274135633,-0.07909065858693459,-0.30023909159321654,-0.059670204700400006,0.004550234664889787,-0.0036465133127931287,0.30008313549950805,-0.30003524305024293,0.4363320000056261,0.3995410154107183,360.7498000367228,-360.749800036235,0.007970793854481122,0.004957914964515184,-8.262812656312235e-11,-0.0011695352704493775,5.152329301053027e-14,4.606865832822854e-14
18.0800,11.463370824255497,10.283768326245479,0.24501234176949926,-0.056335478830424605,-0.0784125765986629,-0.294098814295516,-0.0595443832461385,0.004454908995680183,-0.0018205484691164286,0.3002543839305473,-0.30000145313124216,0.43633200000570654,0.39998546547415204,360.7498000367228,-360.749800036235,0.0045893579800510495,-0.002081056599193401,8.195044642889115e-11,0.022138302479126813,-6.553899811094846e-14,-6.946055059256495e-14
18.1000,11.46222257807694,10.284203271107257,0.24499168167775826,-0.056388249619490134,-0.07827495178690318,-0.2880089842589931,-0.06195054719567524,0.004007615740197644,0.00673297472853619,0.30030094820569997,-0.30008225033245,0.4363320000056255,0.40049806663587456,360.7498000367228,-360.749800036235,-0.001576021676696751,-0.005978427544900529,-8.202061252404746e-11,0.018230007733967386,2.305732780269812e-14,1.7653596412394584e-14
18.1200,11.460998706227677,10.28465228619231,0.2451651339283074,-0.05644288940013727,-0.07897209839246082,-0.2819620741366318,-0.06475713971675782,0.0034340478158786138,0.01598933623819531,0.3002279722382035,-0.3001953452197386,0.4363320000056297,0.4007878550771291,360.7498000367228,-360.749800036235,-0.00662959294132609,-0.004609673315602428,-8.216183289277978e-11,-0.002580509899196455,1.7402217362440242e-14,1.2094746184394475e-14
18.1400,11.4597970070665,10.2850818946142,0.24529418248869067,-0.056487153524531694,-0.07955200606589322,-0.2759883914056266,-0.061717076659810854,0.003548084771590738,0.00841986211625525,0.3000868690689106,-0.3002098227219556,0.43633200000562994,0.40008658649515866,360.7498000367228,-360.749800036235,-0.0017644708125608075,0.003693814888675956,-8.260769845946925e-11,-0.03371556306239005,2.8088446011372697e-14,2.2735319757469924e-14
18.1600,11.458677799458421,10.285474934203709,0.24524709936466701,-0.056510626749408835,-0.0793997130213265,-0.2701036525431975,-0.05858943526178121,0.003726924113325981,0.001378659614479094,0.30013609091021276,-0.3001013208256312,0.43633200000571065,0.39974249306344906,360.7498000367228,-360.749800036235,0.002380705038950777,0.004686906938382841,-2.957634137601417e-13,-0.01613159257129264,-7.061346407773172e-14,-7.448197196805936e-14
18.1800,11.457597928538739,10.285847304387845,0.24513561384357632,-0.05651718500551669,-0.07892397051197585,-0.2642929554346013,-0.0576158086821143,0.0036784127421576897,0.000763518435473832,0.3002379792807739,-0.3000352707886665,0.4363320000056265,0.39991998660391936,360.7498000367228,-360.749800036235,0.0037918472976593842,0.0009286799064703935,-8.241674009923372e-11,0.017307427854547433,2.7931663600967715e-14,2.250569928986465e-14
18.2000,11.456471036167235,10.286225361092466,0.24516257852848922,-0.05651977955477492,-0.07898155556780173,-0.2585298324558056,-0.05924624256569513,0.003283282460643908,0.00726213258797159,0.300255366049898,-0.30006716529533406,0.43633200000571004,0.4003376290888802,360.7498000367228,-360.749800036235,-0.005894093313760014,-0.0030095315494244254,-2.1938006966593093e-13,-0.01840679112649874,-7.866682294726396e-14,-8.251202726714674e-14
18.2200,11.455324685370615,10.286599405093705,0.24525428850124195,-0.0565158845687325,-0.07931556348522636,-0.2528229638281755,-0.059969079893138266,0.002977394515154356,0.010860888740566402,0.3001851879523018,-0.30011099145741327,0.43633200000562916,0.40036326153644564,360.7498000367228,-360.749800036235,-0.007068934041815751,-0.001474286720006171,-8.248690619439003e-11,-0.028712047609366576,2.6827132637748108e-14,2.1474047041426803e-14
18.2400,11.454250788552418,10.286942839849123,0.2451905037629542,-0.05649240559994824,-0.07902457573218039,-0.24719950877520303,-0.05513049148794619,0.0033923730913102182,-0.001654281790162115,0.3001232648569666,-0.30008162631498375,0.43633200000562644,0.3997384399559172,360.7498000367228,-360.749800036235,0.005540725326362843,0.003812702787902307,5.950795411990839e-14,0.011238786196534171,3.597874087416311e-14,3.055276978679647e-14
18.2600,11.453153140268725,10.287285143979949,0.24520702790081025,-0.05646400302505091,-0.07903520768629613,-0.24162759490655952,-0.057743864019327115,0.002913267323707513,0.007640856418961709,0.30019140072224715,-0.3000640033956785,0.4363320000056284,0.40032637485868827,360.7498000367228,-360.749800036235,0.0005008578964220203,-0.0013404496134859847,2.0516921495072893e-13,0.03240230051535478,3.1744457052156755e-14,2.6394048079948773e-14
18.2800,11.452057798889502,10.287618069037658,0.24523347108949936,-0.056429859645893865,-0.07911221261293182,-0.2361165567779694,-0.05532570909624929,0.003034670633363193,0.0018163708112303716,0.30007352265509446,-0.3000850210742656,0.43633200000570893,0.39990269091874364,360.7498000367228,-360.749800036235,-0.004215579312465592,0.0019346477511910931,-3.490541189421492e-13,-0.04627716959762414,-5.945401506182724e-14,-6.333852171046261e-14
18.3000,11.451014554142834,10.287929098922845,0.24515480729879519,-0.056381759709865815,-0.07875284991390498,-0.23067885816626724,-0.05449271365211147,0.0030188733746396622,0.0009287362471229575,0.3001135479895657,-0.3000440326153216,0.43633200000570815,0.399972420986661,360.7498000367228,-360.749800036235,0.0013567474378402278,0.0008763320042878206,8.220268910008599e-11,0.010011030657528716,-5.829427787923738e-14,-6.217356680491767e-14
18.3200,11.449943094317115,10.288240637112436,0.24516068503771055,-0.056333267553988944,-0.0787410239509962,-0.2252897114216112,-0.05612714683606192,0.0026998375145420397,0.006918105931168321,0.30012758918093413,-0.30005442661505455,0.43633200000562694,0.40035356078151524,360.7498000367228,-360.749800036235,-0.0018233159601220433,-0.0018843414874101932,-8.22693024815635e-11,0.016619145161334718,4.28569668902562e-14,3.748507716250585e-14
18.3400,11.448836593281447,10.288553375445497,0.24526116788820915,-0.05628922476772869,-0.0791600953128416,-0.21994754370370673,-0.05663819756400355,0.002488263676390614,0.009344056223581278,0.30004220966254463,-0.3000858859950534,0.4363320000057111,0.40036656902222895,360.7498000367228,-360.749800036235,-0.007126152821466836,-0.00040343280308369894,-2.0339285811132868e-13,-0.029193772189027425,-5.29616701514489e-14,-5.6767890626967243e-14
18.3600,11.447807346886686,10.288838673888373,0.24519164833399754,-0.056234484496672225,-0.07891639915275345,-0.21468512844644716,-0.05230427181877619,0.0029079207608405065,-0.0020304678055756377,0.2999843129772536,-0.3000263937111131,0.43633200000562555,0.39970127831475444,360.7498000367228,-360.749800036235,0.003595985155924915,0.004832030065140075,-8.247891258861273e-11,-0.007401501588236908,6.018425233005054e-14,5.4743902011371304e-14
18.3800,11.446830067818542,10.289105462006452,0.245020376070063,-0.05617128976292241,-0.07823108355595132,-0.2094922186276195,-0.05053910150077603,0.003068542044241746,-0.005656036669544961,0.30005497934116293,-0.29996282516536465,0.43633200000562233,0.3997116351622846,360.7498000367228,-360.749800036235,0.0029743948213086027,0.0018366993168931825,-8.22568679836877e-11,-0.003206685506556263,6.046450503911088e-14,5.4962599142088786e-14
18.4000,11.44584530451338,10.289369306243765,0.2448856812071955,-0.056106568331171065,-0.07767260352786959,-0.20435023371111363,-0.05205742485211987,0.0028460688347555106,-3.3963118284510015e-05,0.30013966981576684,-0.2999721954326079,0.43633200000570416,0.40023125265222276,360.7498000367228,-360.749800036235,0.00028803029123925655,-0.003408374349490942,8.171507914767062e-11,0.023882202107298994,-4.674117538329414e-14,-5.0673136205766495e-14
18.4200,11.444782430179028,10.289645790931337,0.24494456053486982,-0.05605286478245699,-0.07794525024101573,-0.199239031954603,-0.05515981225771758,0.0023790103502681916,0.009547892537619233,0.3000930316786034,-0.30006201232566093,0.43633200000570677,0.40065701028410533,360.7498000367228,-360.749800036235,-0.009653958010736152,-0.004916217116580468,-1.2256862191861728e-13,-0.022260673398225406,-4.820389963924865e-14,-5.206957505140067e-14
18.4400,11.443689180568011,10.289921799053854,0.24507938677591234,-0.0560071131337808,-0.07860583112212742,-0.19417315176293426,-0.05646193112873167,0.002093887015335518,0.01394335501290132,0.3000078319982169,-0.30009557533665676,0.4363320000056287,0.4006340155283089,360.7498000367228,-360.749800036235,-0.0023521321942679974,-0.00025026248935812456,3.3661962106634746e-13,0.01699080048573917,5.722187318164124e-14,5.190647716334096e-14
18.4600,11.442548168052902,10.290200441682119,0.24533645956803093,-0.05597932690698645,-0.07984109047237221,-0.18914728999687241,-0.05721215012379188,0.0018161836205398893,0.017175258338539494,0.2999026007576405,-0.3000634912902656,0.43633200000571615,0.4004658402229359,360.7498000367228,-360.749800036235,-0.005980534853264566,0.00441229442618446,8.278355778656987e-11,-0.031981162431317114,-3.346294460060059e-14,-3.71748089939266e-14
18.4800,11.44153200221526,10.290443696408996,0.24532331690667664,-0.05594737281618657,-0.07998117086132879,-0.18421151953811615,-0.050295114707389565,0.0025089466721629414,-0.0009005203378143793,0.2998593695773419,-0.299886898337993,0.4363320000057131,0.39938281059496533,360.7498000367228,-360.749800036235,0.0038607126285819804,0.011475989622321117,-3.375077994860476e-13,-0.04505846299409925,-1.7372674123789433e-14,-2.122485503054227e-14
18.5000,11.440666793821768,10.290650356959322,0.24499962788689467,-0.055902744278890054,-0.07872501417459464,-0.17936948163037375,-0.04445217263156155,0.003175615469336368,-0.01490077309282702,0.3000462206662981,-0.2996813176377131,0.4363320000057056,0.3990335694701436,360.7498000367228,-360.749800036235,0.01111637356536125,0.00696219028169584,-5.409006575973763e-13,0.0028302114771429493,-1.6934994835767717e-14,-2.0945228278829945e-14
18.5200,11.439791745352208,10.290857443959387,0.24474353562141266,-0.055862783308433236,-0.07759288445232108,-0.17457194393799622,-0.046854488564392914,0.002872453754403692,-0.005362645453035424,0.3002728564552222,-0.29967198379317106,0.4363320000057033,0.4000248536160484,360.7498000367228,-360.749800036235,0.0032735284246673824,-0.006193579188284719,8.150813357588049e-11,0.04216477472456044,-3.207261116845023e-14,-3.605355760032819e-14
18.5400,11.438863627393728,10.291071986705177,0.2446346260068883,-0.055831594554054245,-0.07702643359146505,-0.1698083683905028,-0.04761037100650911,0.002731109831533872,-0.0020461801510168226,0.3002138627543116,-0.29984501467360813,0.4363320000057011,0.4002702445803634,360.7498000367228,-360.749800036235,-0.006310962226909841,-0.008659598761430111,8.129585893357216e-11,-0.016774333325286637,-3.747290360498791e-14,-4.147681479413183e-14
18.5600,11.437931968432732,10.291282450093714,0.24454284041500532,-0.05579935212797567,-0.07655476432463953,-0.1650928032540558,-0.048434456113974844,0.0025895832044616155,0.0008890323619720163,0.3001485641930115,-0.30000554129646606,0.4363320000056999,0.40037661138116953,360.7498000367228,-360.749800036235,-0.006153844479775482,-0.007810060091729701,-2.6201263381153694e-13,-0.0074196663031839034,-4.1534094550156955e-14,-4.5535569672544574e-14
18.5800,11.436948800103647,10.291497546960976,0.24457231218679,-0.05577374339774302,-0.07664999976251953,-0.16041120600931094,-0.05073938084326994,0.002243923563859299,0.0076047564953013345,0.3000740052328166,-0.300134495832731,0.4363320000056206,0.40059840319214607,360.7498000367228,-360.749800036235,-0.0051026811513977255,-0.00585532493234097,2.389199948993337e-13,0.00539886025960069,5.505749393723558e-14,4.959745179659858e-14
18.6000,11.435912831570272,10.291716012860544,0.24472150725216274,-0.05575841319361364,-0.07734312118373297,-0.15576367783720324,-0.052831522028023915,0.0018793501974753448,0.01363803651144169,0.29997843398885554,-0.300208919639312,0.43633200000570604,0.400678347161465,360.7498000367228,-360.749800036235,-0.00682555299762954,-0.0020236581607879084,8.16031686667884e-11,-0.011540325923579543,-4.185414764334289e-14,-4.571505256593597e-14
18.6200,11.434857322563351,10.291930604650267,0.24491725214619373,-0.05575363501125049,-0.07832941490859892,-0.1511599275089766,-0.05319129913336953,0.0016831543680707064,0.015178047369465264,0.2999028047017005,-0.3001732993335245,0.43633200000562894,0.4004773886679526,360.7498000367228,-360.749800036235,-0.0014462446228799136,0.003968501575244206,-8.173728360816312e-11,-0.000171983997410384,6.471758621628271e-14,5.93936250008198e-14
18.6400,11.43378281104652,10.29214110024293,0.24517164263251093,-0.05576559909891748,-0.07961337040709675,-0.14659947579983904,-0.05314692099021963,0.0014867478577509044,0.01643652483474465,0.2998713619839112,-0.3000619714679451,0.43633200000571615,0.40027606185030123,360.7498000367228,-360.749800036235,-0.0005962124385369277,0.007857469341997013,8.264677830993605e-11,-0.01577798879234383,-2.759515943388021e-14,-3.1321418305111856e-14
18.6600,11.432814478534933,10.292325935506765,0.24521015200937396,-0.05577887903449156,-0.07999180403390295,-0.14211797395962644,-0.04718859739145684,0.002023094610694457,0.0015975279646004547,0.29987972634069054,-0.2998512756042565,0.4363320000057143,0.3993895377606392,360.7498000367228,-360.749800036235,0.0043842350839335895,0.012383036517982907,-2.717825964282383e-13,-0.04613798650682327,-1.6911407932802e-14,-2.0753695494730908e-14
18.6800,11.43198821556283,10.292482508599266,0.24497000270684058,-0.0557835356619289,-0.07907639510559597,-0.13772240579849201,-0.042181951670503884,0.002529025381991019,-0.00944790548293514,0.3000952141893845,-0.2996278162934146,0.4363320000057091,0.3991696599680638,360.7498000367228,-360.749800036235,0.013141834158304312,0.007169243958908007,8.208722590552497e-11,0.02596791464724738,-1.9710384684807052e-14,-2.3657674262525866e-14
18.7000,11.431149903159865,10.292639172344055,0.2448111241553287,-0.05579672789831085,-0.07831779535313249,-0.13336657180638073,-0.043624937270813985,0.002265229982763425,-0.0021744754839767,0.300282617793132,-0.2996108419491321,0.4363320000057072,0.3999430997417039,360.7498000367228,-360.749800036235,0.003008804263708073,-0.004599163226448731,8.181544330909674e-11,0.030145964118134336,-3.2326866742293445e-14,-3.625919009486722e-14
18.7200,11.430246478275894,10.292802887619677,0.24483903889462244,-0.055824366535666775,-0.07824563283254152,-0.12903642827822961,-0.045856766151239875,0.0018654583802946447,0.006233420540296602,0.30025316280516967,-0.29976154104562774,0.436332000005626,0.40039724987807584,360.7498000367228,-360.749800036235,-0.004498859808844194,-0.0083295134545281,1.2612133559741778e-13,0.008401349242805636,6.103071607116428e-14,5.5619273292908944e-14
18.7400,11.429305894737356,10.29296714863229,0.24497456257533531,-0.05586294634840938,-0.07861285281153634,-0.12474041398785371,-0.047888469886039925,0.001467082672529334,0.01345384868260371,0.3001526547645518,-0.29991891223103656,0.4363320000056289,0.4006091210754658,360.7498000367228,-360.749800036235,-0.0049215556066396215,-0.007045267054807645,2.744471316873387e-13,0.021253240886158344,5.99695531948441e-14,5.464603921277733e-14
18.7600,11.428287370651264,10.293136840410405,0.24530561206981688,-0.05592379211037995,-0.07983355134780115,-0.12046694523465946,-0.05039521578134838,0.0009554800920268169,0.021745883589871697,0.29998036854956994,-0.3000342702705337,0.43633200000571615,0.4006128631213015,360.7498000367228,-360.749800036235,-0.0143465944772155,-0.003298340173402768,-7.37188088351104e-14,-0.05593710341462735,-3.5007898815074545e-14,-3.871172994792879e-14
18.7800,11.427406969213369,10.293278741076012,0.2453323214884537,-0.05597767275040568,-0.07985269559483586,-0.11627893117887325,-0.042152826561603775,0.0018030435431557654,-0.0008313724082843097,0.29984902202458225,-0.29996966573508177,0.4363320000057116,0.3992836465080143,360.7498000367228,-360.749800036235,0.003858081171315808,0.007412534176796208,8.255440775428724e-11,-0.0359866867655738,-2.3828749506882817e-14,-2.7690772512966276e-14
18.8000,11.426670643749619,10.293396403172272,0.24505676940615376,-0.05601717441271043,-0.07855241188910457,-0.11217366896078984,-0.03784800705234382,0.0022958838624862936,-0.011212640276931534,0.3000222915968894,-0.2998538300085587,0.4363320000057052,0.399222138226257,360.7498000367228,-360.749800036235,0.011481104472661131,0.0022668021497300878,8.194067646627445e-11,0.03622431514770021,-3.082193991677494e-14,-3.479135653617488e-14
18.8200,11.42588942547934,10.293518820408565,0.24491052384481427,-0.05606386423108166,-0.07771275180242235,-0.10809560201496553,-0.04070295143999008,0.0019292471459337243,-0.0017103133916881092,0.3001520274139612,-0.2999418970682073,0.4363320000057027,0.4001290745785389,360.7498000367228,-360.749800036235,-0.004500765920766321,-0.008902033071707352,-3.8191672047105385e-13,-0.005305946964155855,-4.71649358024101e-14,-5.113051366849308e-14
18.8400,11.425086824647416,10.293640629119443,0.24481727341965584,-0.05611008948713044,-0.07713107008462021,-0.10405345207165176,-0.040750897710273244,0.0018894328360440586,-0.0015647404884449219,0.3000954009112891,-0.3001108299908008,0.43633200000561895,0.40021810136766983,360.7498000367228,-360.749800036235,-0.0044594949699730616,-0.008397551449521076,-8.169642740085692e-11,-0.012004085547573339,4.4623376174723894e-14,3.9110038721045653e-14
18.8600,11.424273104189568,10.293759576838122,0.24474237624863754,-0.056150361202293775,-0.0767114641066804,-0.10004968922246525,-0.04171957866833367,0.0017400500162931393,0.0007466392226256194,0.3000638761597805,-0.30025759465039,0.43633200000569994,0.40037138300397074,360.7498000367228,-360.749800036235,-0.003415145029787743,-0.007290017431494031,-2.7267077484793845e-13,0.0025628717194145015,-6.406980929954051e-14,-6.804458933156246e-14
18.8800,11.423399613212691,10.293881134052617,0.2447923037005278,-0.056190565941912664,-0.07692721043415195,-0.09607038424718954,-0.044566088876627365,0.0013250098497088335,0.008135707212407932,0.3000242607224807,-0.3003842988662333,0.43633200000562167,0.40069876581867275,360.7498000367228,-360.749800036235,-0.0014309394168109738,-0.004928887471184848,2.6645352591003757e-13,0.02551084418340606,2.880361286939845e-14,2.3390943587435487e-14
18.9000,11.422450642507672,10.294005534087734,0.2450017813772031,-0.05623555697394185,-0.07795097320516674,-0.09211182030552431,-0.047782833637911734,0.0007911022444979649,0.016711361088648104,0.2999558622316394,-0.30043841767300233,0.4363320000056269,0.40082927834790544,360.7498000367228,-360.749800036235,-0.0032599120184375607,-0.0005362031966372818,3.703704010149522e-13,0.006555694806340769,2.8616560889590387e-14,2.3296895825235947e-14
18.9200,11.421479305521435,10.294124795991655,0.24525640827400846,-0.05628276967532882,-0.07930001466748514,-0.08819004194966715,-0.04743657269767943,0.0006226188175687049,0.015775564381838577,0.2998789244633661,-0.300368906461327,0.4363320000056319,0.4004235252201592,360.7498000367228,-360.749800036235,0.0010533955673094966,0.00763828454470053,4.005684672847565e-13,-0.008898074847852197,3.543256047724638e-14,3.0159638079053225e-14
18.9400,11.420593579207193,10.294226734293666,0.2453283881292228,-0.056318928771304205,-0.07994346907733148,-0.08433545943410098,-0.04266980330084119,0.0009880919097440875,0.003414696037745199,0.29989803601457404,-0.30015130227690606,0.43633200000571426,0.39958123159211956,360.7498000367228,-360.749800036235,0.004117211346424794,0.013487870972147327,-2.0339285811132868e-13,-0.05070624500886896,-5.969411840918773e-14,-6.351729309617832e-14
18.9600,11.419849643761605,10.294307916050773,0.2451131705864086,-0.05633187531023386,-0.07930819575697949,-0.08056177225964244,-0.0369216245621227,0.001531248847748248,-0.010460407230055358,0.3000955275642034,-0.29988352416705055,0.4363320000057092,0.39909583490781747,360.7498000367228,-360.749800036235,0.010459165069355146,0.011234129878175049,-4.2721381987576024e-13,-0.021429890599825873,-6.197642496864192e-14,-6.593885187216111e-14
18.9800,11.419148305258647,10.294382149192048,0.24485020246186537,-0.05632907465242961,-0.07829739986748974,-0.07683798684350637,-0.03672640058641078,0.0014277240373333124,-0.007915262466488427,0.30036655879740015,-0.2997568322697355,0.4363320000056246,0.39971021859325695,360.7498000367228,-360.749800036235,0.011289905303745539,0.0005313954294789147,4.1744385725905886e-14,0.057393906943065245,2.717041815061133e-14,2.1674739639817447e-14
19.0000,11.418381918927684,10.294460371688118,0.24477674304247224,-0.056322806702336824,-0.07794369686154574,-0.07313367580008537,-0.03933992674314432,0.0009438429393409791,0.0017950393158494258,0.30042102506207524,-0.2998500257809011,0.43633200000562467,0.4003699258400551,360.7498000367228,-360.749800036235,-0.002085749626814251,-0.006865127483391464,1.376676550535194e-13,0.018439351882352725,1.8784053360063752e-14,1.333077393047763e-14
19.0200,11.417566238851206,10.294538751351313,0.24484139287988624,-0.05631105624638279,-0.07812487353577197,-0.06945434948271804,-0.04118206514963861,0.000522031973079097,0.008523571728361698,0.3003375117208241,-0.2999783808382119,0.4363320000056265,0.40054665054975097,360.7498000367228,-360.749800036235,-0.004254032534187144,-0.006138573767556554,2.282618538629322e-13,0.017686762968783052,1.98876153175917e-14,1.4495024104610454e-14
19.0400,11.416715480833243,10.294614663101072,0.24500446641627271,-0.05629538388634074,-0.07872510160261448,-0.0658042012426797,-0.042302179071979265,0.0001688170555220135,0.012875521467033624,0.3002021347326458,-0.3000696548821346,0.43633200000562894,0.4005016884036186,360.7498000367228,-360.749800036235,-0.007061840250904901,-0.00278318743991756,-8.202416523772627e-11,-0.0071649727400979225,2.7463986217602515e-14,2.2119736868986967e-14
19.0600,11.41585385797696,10.2946853178619,0.24521000768141482,-0.05627826289603906,-0.07952936596132965,-0.06219005726479151,-0.04177200978216693,9.175937019984415e-06,0.012547466588834221,0.30005871349151503,-0.3000813631705791,0.4363320000057136,0.40020065241373975,360.7498000367228,-360.749800036235,-0.010198350040249292,0.0018012148624017774,-1.8829382497642655e-13,-0.05671489330190704,-6.195114950549585e-14,-6.574079524030232e-14
19.0800,11.415085532084158,10.294742032578812,0.24522464171101918,-0.05624784008271496,-0.07954282237448027,-0.058640959922610515,-0.03704722728284586,0.0004202917498527329,0.0005307380045500161,0.3000025789051809,-0.29997986218838774,0.43633200000571154,0.3995431150447706,360.7498000367228,-360.749800036235,0.0006842157792459197,0.006508579947981832,-3.2152058793144533e-13,-0.026388131876276325,-5.076936592483816e-14,-5.4629471248329037e-14
19.1000,11.414374039480712,10.294790799082504,0.24514091142837321,-0.05620890723256512,-0.07907643420948189,-0.05514356651936139,-0.036562779036876734,0.00038405761158748566,0.0011846428295871933,0.30010876897049327,-0.29987982384622053,0.43633200000562766,0.3998126252019123,360.7498000367228,-360.749800036235,0.004975263843858532,0.00141249376557908,1.1457501614131615e-13,0.040590410398417515,5.2236413436955453e-14,4.684032567196794e-14
19.1200,11.413625834685385,10.294840127834266,0.24516734081310537,-0.05617674047353473,-0.07901914824324632,-0.0516709677159445,-0.03772857418777723,0.0001492723824397712,0.005952901177775671,0.30010456464830043,-0.29990687139728295,0.4363320000057103,0.4001984034330348,360.7498000367228,-360.749800036235,-0.0036669077345881165,-0.0031118079068129453,8.22817369794393e-11,0.007526344916553605,-4.713050560717011e-14,-5.09584304549289e-14
19.1400,11.41286239334224,10.294887366974283,0.24524450077687512,-0.05615082442651081,-0.07918251496414574,-0.048229727844569616,-0.0376747467206414,6.484263969064923e-05,0.0066563394989623825,0.300004172448059,-0.2999680965167314,0.4363320000057102,0.4001553248769028,360.7498000367228,-360.749800036235,-0.009922157926930929,-0.002517066011046891,-2.5579538487363607e-13,-0.047275799567629374,-4.1547921515987934e-14,-4.5384906228150557e-14
19.1600,11.41215116547372,10.294927529270602,0.2452141681632692,-0.056122143791092295,-0.07892217844007403,-0.044838314443498284,-0.03604495617441453,0.00022175638466912116,0.0027742852670949456,0.29997645290905733,-0.2999690958955044,0.43633200000562683,0.39999917610046665,360.7498000367228,-360.749800036235,0.0020688973695118518,-0.0005154279801453804,1.270095140171179e-13,0.0271129942089906,6.386078189694888e-14,5.84820549192483e-14
19.1800,11.411409889030462,10.294967598523392,0.24526387581874048,-0.05610442585868579,-0.07901191567043205,-0.04147211570829598,-0.03733638621611764,2.785638748918108e-05,0.007093071568954614,0.29995536450928556,-0.30000170824199934,0.43633200000562755,0.40025167461834676,360.7498000367228,-360.749800036235,-0.0031033774315481835,-0.0023661015491496934,-8.243361548920802e-11,0.005651445631734055,6.543737448606868e-14,6.008492585852371e-14
19.2000,11.410662976777926,10.295005197169607,0.24533227467055335,-0.05609648820179518,-0.07923244269770185,-0.03813863776769073,-0.03689642721825495,4.164704679411783e-05,0.006168942415644021,0.2998911049414411,-0.3000280882618225,0.43633200000571076,0.4001609986563014,360.7498000367228,-360.749800036235,-0.003629804783419663,-0.00048437922178518056,-2.255973186038318e-13,-0.013481461782868114,-3.2167702475240784e-14,-3.597223904925999e-14
19.2200,11.409997389423873,10.295034923962687,0.24522076517156907,-0.056084880895742095,-0.07875083874478406,-0.034862176026671465,-0.03308659479832413,0.0005100404642882655,-0.00435195631298043,0.29987834835028665,-0.2999907627003937,0.43633200000562467,0.39967317421152126,360.7498000367228,-360.749800036235,0.0061581753945562714,0.0027081191821296813,6.306066779870889e-14,0.014658247071136391,6.994125873079071e-14,6.450412036104747e-14
19.2400,11.409319320488647,10.295064380498868,0.24514871845050412,-0.0560809149064336,-0.07843176295461651,-0.031613804760064076,-0.03497928210940391,0.0002979028834994442,0.0017394602046615435,0.2999791638905481,-0.2999860831301104,0.43633200000562516,0.40018247982351207,360.7498000367228,-360.749800036235,0.003968899194308595,-0.002310527681510202,1.9628743075372768e-13,0.04189646563168426,6.3653685729477e-14,5.825949531829133e-14
19.2600,11.408584365606524,10.295095226433455,0.24521124206402212,-0.05609162447661674,-0.07871385282311912,-0.02838201769854987,-0.036766414860707516,5.464270702115952e-05,0.007053255130785027,0.29995560248114295,-0.30005018231466635,0.43633200000562716,0.4004227934376378,360.7498000367228,-360.749800036235,-0.0005202015559364337,-0.0025231899651555686,2.6201263381153694e-13,0.01577268174285907,6.143431032987201e-14,5.608587325036524e-14
19.2800,11.40783930360723,10.295123414726213,0.24529901927811057,-0.05611196912907263,-0.07917309693947859,-0.025180865020786126,-0.03575490697902014,0.00011624394034863994,0.0042985821671264,0.2998721296212413,-0.3000753439012968,0.43633200000571026,0.4000838886805455,360.7498000367228,-360.749800036235,-0.004631917067897867,0.0017558911009363173,-1.9984014443252818e-13,-0.05077927827578647,-3.8091938999763875e-14,-4.192756168294731e-14
19.3000,11.407168458817049,10.295144810026173,0.24522695677385745,-0.05612816969447619,-0.07899908055144528,-0.022033390668282388,-0.03306974004827058,0.00040532190053511115,-0.0026129154528544704,0.2999183947467616,-0.2999974223506249,0.43633200000562644,0.3997217846273851,360.7498000367228,-360.749800036235,0.006446220362695626,0.004532367350043295,1.1457501614131615e-13,0.0036585054271918056,6.142991931107344e-14,5.6009721600275286e-14
19.3200,11.40646532153269,10.295166028020429,0.24524775622792389,-0.05615445781462709,-0.0791853835199225,-0.018907753076830024,-0.035413666113422525,5.748501218649569e-05,0.005347513184522669,0.30002502932437486,-0.2999615141295041,0.43633200000571115,0.4002148205313474,360.7498000367228,-360.749800036235,-0.002074767261245211,-0.00047771485860328283,-1.723066134218243e-13,-0.012060348753214586,-4.563803355410803e-14,-4.945910759938943e-14
19.3400,11.405807669799316,10.295182431613613,0.24518134812580375,-0.05617805039963141,-0.07900779557526494,-0.01582754887176339,-0.03240408947503094,0.00035231595062237413,-0.002255242299548668,0.3000238719920986,-0.2999375183589452,0.43633200000562655,0.3997975680757767,360.7498000367228,-360.749800036235,0.003337458164540147,0.0023120444199058038,-8.249134708648853e-11,-0.010636695277369788,5.301698479103639e-14,4.758605347873063e-14
19.3600,11.40513614485228,10.295197427545284,0.2451695326263961,-0.05620512029147232,-0.07901298670217492,-0.01277388430910847,-0.03403575770850285,7.108919509377941e-05,0.0038805279347040055,0.30011539793068953,-0.2999265016894646,0.43633200000571054,0.40018615808250774,360.7498000367228,-360.749800036235,6.749647111215645e-05,-0.0015684016189888572,8.235723214511381e-11,0.006710186855253982,-5.3836953341560023e-14,-5.767364667438879e-14
19.3800,11.404438969854988,10.295210548767528,0.24523594754414949,-0.05623787467156926,-0.07933026265279818,-0.009744562742982986,-0.03379062056267864,-2.1847169799140273e-05,0.0042994178798669005,0.30007359113771476,-0.2999622165851827,0.4363320000057112,0.4001028036045481,360.7498000367228,-360.749800036235,-0.0061477593147804335,-0.0006040108050666196,-2.637889906509372e-13,-0.04991155591794941,-5.521082722947934e-14,-5.905422906325036e-14
19.4000,11.403818936401606,10.295217743197139,0.2451470278490864,-0.05625875004344818,-0.07898005288305368,-0.0067683504815795326,-0.031464364820577594,0.00017001004478739822,-0.0009573786867756271,0.3001132280280213,-0.2999276905565013,0.4363320000056267,0.39984255930046547,360.7498000367228,-360.749800036235,0.0026902310617686956,0.0005971461500473632,-8.243095095394892e-11,0.004272904616419604,4.3495406115787866e-14,3.807006522093398e-14
19.4200,11.403199957055305,10.295222859876034,0.24507934492787323,-0.05627654730727342,-0.07866745773368915,-0.003822290367645685,-0.031232208082665643,0.0001113329165481273,-0.00027894228029746884,0.3001552187546662,-0.299939278332704,0.43633200000562594,0.39998362572369633,360.7498000367228,-360.749800036235,0.0026184480552425907,-0.0015538496527457285,9.414691248821327e-14,0.017029164878356123,3.918416426832577e-14,3.375790857788885e-14
19.4400,11.402527519796417,10.295227215914721,0.24515293428523308,-0.05629865518924771,-0.07891501601346369,-0.0008907063007881295,-0.03413338459112478,-0.00035561494324493564,0.009158833629171286,0.3001636187245145,-0.30000583228412836,0.43633200000562833,0.400461100054957,360.7498000367228,-360.749800036235,-0.005263343066647108,-0.004703232126402293,-8.22675261247241e-11,0.00017048119141896065,3.6798079232173986e-14,3.1445637380892594e-14
19.4600,11.401823440604337,10.295228653675277,0.24531128476193145,-0.05632483374181722,-0.07954315844216092,0.0020189388402324067,-0.03403452029970707,-0.0004918703955925197,0.009593492599973065,0.3000529040764016,-0.3000661971502222,0.4363320000057132,0.4002898431608422,360.7498000367228,-360.749800036235,-0.005964480719302535,-0.0006831317236527037,8.261213935156775e-11,-0.02810476933253299,-6.02372020536493e-14,-6.401463018522457e-14
19.4800,11.40122002855125,10.295223677005287,0.24525442624068114,-0.056335835454840034,-0.07929691070185854,0.004869153763114874,-0.02902128638543435,1.631089946928179e-05,-0.0038343995588285577,0.3000047331376048,-0.30001220221066255,0.4363320000057097,0.39953983138266624,360.7498000367228,-360.749800036235,0.0035571672739922247,0.004662682304283967,8.236433757247141e-11,-0.015126132674142739,-5.729410815138308e-14,-6.117982775119893e-14
19.5000,11.400681964536885,10.295215574141821,0.24507099028414372,-0.056332889106636856,-0.07847048587398478,0.007672698676325006,-0.027593921018749766,0.00014621008553859427,-0.006527126950662083,0.3000925177455203,-0.29995403684584426,0.43633200000562417,0.3995456462127574,360.7498000367228,-360.749800036235,0.008205593508594164,0.002059184151621464,5.684341886080802e-14,0.02952466057124476,4.0350149165934573e-14,3.487549062475975e-14
19.5200,11.400083406845503,10.295207520247601,0.2450431594674514,-0.05633248065575108,-0.07825014981101916,0.01046588682931671,-0.030436595642727826,-0.0002575915825485032,0.0024899572657832865,0.30017052551071854,-0.30001735328808316,0.43633200000562494,0.40032581582658616,360.7498000367228,-360.749800036235,-0.00019138004828559568,-0.005267028692002296,1.7141843500212417e-13,0.03149044136091586,3.403250310686154e-14,2.862582404190156e-14
19.5400,11.399415688260577,10.295197884183393,0.245178792135756,-0.05633756088674363,-0.07874626840287956,0.013249925375824024,-0.03325743733928886,-0.0006990196367956384,0.010825463703440676,0.3000866359698278,-0.30012847632331197,0.43633200000571026,0.40059987962437726,360.7498000367228,-360.749800036235,-0.007405740715472231,-0.004774297945398305,8.23057177967712e-11,-0.007154573538202157,-6.495370512065932e-14,-6.874970699070199e-14
19.5600,11.398737883414315,10.295184386826058,0.2453389450821093,-0.05634367613126173,-0.07942420898443575,0.01600713169671253,-0.032467142610389764,-0.0007220871584721936,0.008688652605180949,0.2999474464461875,-0.3001639892107683,0.4363320000056295,0.40019475750471284,360.7498000367228,-360.749800036235,-0.005389282044630614,0.0017787093509169724,-8.253575600747354e-11,-0.03663361178452952,4.3602687920755306e-14,3.826559430647816e-14
19.5800,11.398183658402552,10.295166110994883,0.24522550678681004,-0.05633126277729842,-0.07900553357289988,0.01870014197863384,-0.02674586107010683,-8.305944576915526e-05,-0.0071005210801185145,0.2999301159171891,-0.30006028286228076,0.43633200000570754,0.3993770067225652,360.7498000367228,-360.749800036235,0.004206946431871812,0.00678105513074808,-3.7836400679225335e-13,-0.026644369025570974,-5.5536392813086005e-14,-5.946671377977247e-14
19.6000,11.397655902607973,10.295146806805768,0.24507122990367522,-0.05631093827365057,-0.07836460894199451,0.021359824493263985,-0.02764904181919947,-0.00021061720763236575,-0.0032598786932798406,0.30010835135458064,-0.29998054743808367,0.43633200000562455,0.39996003947507774,360.7498000367228,-360.749800036235,0.006519675396798756,-0.00044411142679930127,1.0036416142611415e-13,0.04890992097178649,4.0276199801507484e-14,3.484153476797022e-14
19.6200,11.397042837065865,10.295126820001277,0.2451246550439734,-0.0562995808209086,-0.07857383656249287,0.024017128642440544,-0.03079895921174185,-0.0006571252060000069,0.0063780887819331455,0.3001008634536503,-0.3000470904664348,0.4363320000056267,0.40045033394266066,360.7498000367228,-360.749800036235,-0.004095476935835313,-0.003726244130102231,-8.214673385964488e-11,0.002060475439171452,3.930413123871129e-14,3.393073040418304e-14
19.6400,11.396390023619777,10.295104097897065,0.24527467862649782,-0.056293354094788466,-0.07923007676302507,0.02665801809355124,-0.0324923072895688,-0.0009626168794040175,0.011648602233216142,0.30002744967207695,-0.30009227847533637,0.43633200000563,0.4004946290336263,360.7498000367228,-360.749800036235,-0.004763248113426939,-0.0011372418622375771,2.611244553918368e-13,-0.005341298196688243,4.443965134033265e-14,3.91304149456248e-14
19.6600,11.395820322400487,10.295078035193148,0.24524277607483635,-0.05627629438609602,-0.07917828381148771,0.029247018639493583,-0.027218449366425777,-0.0003948292399080282,-0.0029745610525149513,0.299942341046585,-0.3000362263142321,0.436332000005627,0.39961424595922074,360.7498000367228,-360.749800036235,0.004225090983733609,0.006119702513016918,-8.256151318164484e-11,-0.013727975480486508,4.9219254973781323e-14,4.3795574263504056e-14
19.6800,11.39529921900661,10.295050906397329,0.2451199227335304,-0.05625103083847333,-0.07870554397290734,0.031797090969498586,-0.0270871450448609,-0.00041001673283249073,-0.0020099872562865917,0.3000733418259848,-0.29994264615717947,0.4363320000056259,0.39985791979984314,360.7498000367228,-360.749800036235,0.005677003259584541,0.0015635970565426593,-8.234035675513951e-11,0.03269159506037112,4.6452621751350703e-14,4.1027389276714066e-14
19.7000,11.394750357790867,10.295022748575025,0.24507794379424475,-0.05622852758842396,-0.07853654353338647,0.03432953790326724,-0.027275808198502442,-0.0004782672655047726,-0.0005743721673572685,0.3000889688489942,-0.2999552665136635,0.4363320000056254,0.4000419018309144,360.7498000367228,-360.749800036235,0.0006262206994213093,-0.0009264971993774365,1.4210854715202004e-13,0.005646577028828249,4.490226007854148e-14,3.9472805991695725e-14
19.7200,11.39419202417038,10.294993026129983,0.24507041851173797,-0.05620588822293641,-0.07850539378213983,0.03683916454854261,-0.02793021387195075,-0.0006081744371788627,0.0020549923374167966,0.30008360649791627,-0.29998418153945416,0.43633200000562605,0.4001695586655985,360.7498000367228,-360.749800036235,0.0011716378902743713,-0.001346472387723216,1.9806378759312793e-13,0.019640640418175384,4.5629122767502917e-14,4.0227410703745636e-14
19.7400,11.39358849445671,10.294961001813192,0.24517699976117283,-0.056190560757227954,-0.07896092572813447,0.0393361919181887,-0.029800093199819012,-0.000912801886862406,0.008053659920732406,0.3000314678493489,-0.3000261289577293,0.4363320000056284,0.4003237119168891,360.7498000367228,-360.749800036235,-0.004990644127621388,-0.001063905265674188,-8.22923951204757e-11,-0.016335940099093692,4.9324259954186545e-14,4.396792175134778e-14
19.7600,11.392989034105227,10.294926451374813,0.2452846540121749,-0.05617876542077645,-0.07945250675487626,0.04180606080077658,-0.02894740639946187,-0.0008977806018132109,0.006289910060186979,0.29995382758838984,-0.3000135983540297,0.43633200000571176,0.4000081732470876,360.7498000367228,-360.749800036235,-0.006224575266253779,0.0025183627612750392,-2.042810365310288e-13,-0.05291511791078797,-4.6170234519263276e-14,-4.9997088717376736e-14
19.7800,11.392490277061544,10.294891439262502,0.24517886126550345,-0.05615617492133336,-0.07905144173525624,0.04422215483747974,-0.024832661689355093,-0.0004349916096911116,-0.004394978799433872,0.2999893270377905,-0.29991702975904694,0.43633200000562683,0.39957694653158693,360.7498000367228,-360.749800036235,0.009605379165092617,0.005151072711290235,8.260059303211165e-14,0.03366682733679659,5.702324734364189e-14,5.1601843457926844e-14
19.8000,11.391966186998534,10.294855784573466,0.2451539837882912,-0.05614025720949047,-0.07892494443673162,0.04662246976125935,-0.026804239021674607,-0.0007088411898013141,0.002623130164042481,0.3000829933396679,-0.29988911097132176,0.43633200000570993,0.4001177747047781,360.7498000367228,-360.749800036235,0.00030616184766223825,-0.0014927218154961314,8.23012769046727e-11,0.018250260251704085,-4.617088504056677e-14,-5.0013507604026314e-14
19.8200,11.391393777437738,10.294818050777497,0.24525547990179064,-0.05613624465686881,-0.07931132674076939,0.04901236140478733,-0.0285009629112976,-0.0009813345744335556,0.00838901568659339,0.3000407262848704,-0.29993715686648487,0.4363320000057118,0.40032726726766354,360.7498000367228,-360.749800036235,-0.008453102737308794,-0.0027385031674357282,-1.5898393712632242e-13,-0.03320229166859706,-4.4391187503222546e-14,-4.819533444208601e-14
19.8400,11.390887933978533,10.294779831602169,0.24521726541649705,-0.05612830009357403,-0.07913414981331363,0.05135854123290323,-0.02401533558732734,-0.000478822220645137,-0.0037965444555549573,0.2999571038609751,-0.29992816149576973,0.43633200000570893,0.3996240493449435,360.7498000367228,-360.749800036235,0.0009727720179145138,0.002983943833191831,8.23021650830924e-11,-0.025892581726883673,-4.159216712902071e-14,-4.5486956757635755e-14
19.8600,11.39040481897044,10.294741751308102,0.2451454724340938,-0.056120834027777323,-0.07877837832893445,0.05367601971110468,-0.024714350744728376,-0.000574464748856367,-0.0006257712820908568,0.3000423902118875,-0.2999024378881905,0.4363320000057082,0.399941868554018,360.7498000367228,-360.749800036235,-0.00047795983488525123,-0.0014257996446202792,-3.0730973321624333e-13,0.0019429539741917835,-4.4066580760912175e-14,-4.794825831950372e-14
19.8800,11.389899961214603,10.294702650713106,0.24513644363718226,-0.05611978739187197,-0.07866827957599125,0.05597697968657037,-0.025738246623805472,-0.0007145067389971729,0.003011379465712988,0.30005081590744304,-0.2999504245360467,0.43633200000562655,0.4002201775882249,360.7498000367228,-360.749800036235,0.0005068994797916837,-0.003190698775191479,1.5898393712632242e-13,0.024908876171982876,5.542381874626412e-14,5.004281494400131e-14
19.9000,11.38934021967273,10.294660783313736,0.24526037510842835,-0.05613165710516839,-0.07913324564606959,0.05827060057748052,-0.027833043870442838,-0.0010157229651165853,0.009422899604064058,0.2999971281047009,-0.3000182717357296,0.4363320000056291,0.40041099372224903,360.7498000367228,-360.749800036235,-0.0029197863003123034,-0.002701353564543367,2.682298827494378e-13,0.007830967468887621,5.766256070717513e-14,5.2341038946600305e-14
19.9200,11.388843246486784,10.29461878462507,0.24524526684288836,-0.056140449254151986,-0.07907305925769316,0.06052238043787918,-0.023513138811327113,-0.0005216178041805802,-0.0027392510662523997,0.2999042547296018,-0.3000143905860119,0.436332000005709,0.399688958373855,360.7498000367228,-360.749800036235,0.0024948137822821195,0.0034438495194092436,8.233325132778191e-11,-0.015694888713434718,-4.184371897369629e-14,-4.571999246208436e-14
19.9400,11.388371205751195,10.294577088078162,0.24518610137226746,-0.056149411824139364,-0.07881420989177955,0.06274574369368852,-0.024289013648789798,-0.0006193147205181303,0.00036897110192664264,0.30000088248290563,-0.2999717894056034,0.4363320000057087,0.39997283364351893,360.7498000367228,-360.749800036235,0.002286509054235178,-0.00028017599962051193,8.22577561621074e-11,0.016207298495488562,-4.531266448214513e-14,-4.9173989533080054e-14
19.9600,11.387910455056089,10.294535206601376,0.24511061325224376,-0.0561591600717616,-0.07848844749644557,0.06494369042774001,-0.02298694940473427,-0.00046449524694124,-0.0028984363369189666,0.30001223276969496,-0.2999857873884953,0.4363320000056246,0.3999157769292911,360.7498000367228,-360.749800036235,0.004155720529169911,-0.0004116581813013928,1.1457501614131615e-13,0.018416518698217685,5.1345931087638796e-14,4.591003277413033e-14
19.9800,11.387416445467812,10.294491522636406,0.24511949687179685,-0.056174458689386426,-0.07851340347643518,0.06712983418983233,-0.02548268934522232,-0.0007853851635529008,0.004757996171578563,0.3000489435076039,-0.3000291606670345,0.4363320000056263,0.40033906504639954,360.7498000367228,-360.749800036235,-0.0009693141649151776,-0.0033807672465718183,2.1760371282653068e-13,0.01567540480940519,4.816394678919256e-14,4.278432534469967e-14
20.0000,11.386868017800037,10.294444048696336,0.24525664542676018,-0.056200287239819235,-0.0791125288111808,0.06930910643269349,-0.0268534395016811,-0.001014701982069385,0.008870173798071484,0.2999868424948853,-0.30008485515174255,0.436332000005629,0.4003861027912975,360.7498000367228,-360.749800036235,-0.0031838551838416496,-0.00118107171821491,2.327027459614328e-13,-0.0071792871879504255,5.0007510610759753e-14,4.467700352468046e-14
