t,x,y,z,roll,pitch,yaw,vx,vy,vz,left_aileron_joint_pos,right_aileron_joint_pos,elevator_joint_pos,rudder_joint_pos,left_propeller_joint_pos,right_propeller_joint_pos,left_aileron_joint_vel,right_aileron_joint_vel,elevator_joint_vel,rudder_joint_vel,left_propeller_joint_vel,right_propeller_joint_vel
0.0000,-0.00012024852931995163,1.048968677485318e-09,0.2887378398735154,-1.117133280747885e-08,-0.0011934987840143724,-1.038051534365003e-09,-0.008797055351472302,7.66431800514509e-08,-0.09404989168517527,0.0031408534311036297,0.0031410187795931255,-0.003770783160246333,-2.0830243929578525e-08,-6.159279091370725e-10,1.1042428409330042e-09,0.16201368953879378,0.16202211711842684,-0.1984445519243139,-1.0689127709767209e-06,-1.8882966373633201e-16,3.2851648757621925e-16
0.0200,-0.0004697388265701549,4.083289716616341e-09,0.2850739513700811,-4.345309850789014e-08,-0.004657578323665633,-3.936122479323516e-09,-0.021343216975730057,1.8566979944477272e-07,-0.2118916052726459,0.005700534256951799,0.005700832129188145,-0.006670791257670387,-3.665006710457785e-08,-6.159279175005438e-10,1.1042428557999444e-09,0.11649607629354605,0.11650204282080814,-0.11747693659154054,-6.710868522085777e-07,-2.2107358753012266e-16,3.86790236764947e-16
0.0400,-0.0010709018731340832,9.282175904296507e-09,0.2791136671400683,-9.856161997738866e-08,-0.010596339584860134,-8.65370660451896e-09,-0.03644902471219277,3.162900777965805e-07,-0.32537427179738776,0.006769402756752815,0.0067697574922138395,-0.007739902246609317,-4.190233826744091e-08,-6.159279248107887e-10,1.104242868813712e-09,0.02130641080148084,0.021307680776972225,-0.022161664569931423,-4.408534213589414e-08,-2.681551198098649e-16,4.742815404362645e-16
0.0600,-0.002061667454205932,1.7506831875107998e-08,0.27132798874159414,-1.8545110214038595e-07,-0.020328762188190935,-1.5881162760598076e-08,-0.06259084208522285,5.203093071487765e-07,-0.4083173938640871,0.008222265060617562,0.008222768493456272,-0.01317078618559947,-5.880477664772532e-08,-6.159279395739688e-10,1.1042428954631701e-09,0.06238590422138232,0.06239187583353707,-0.2065601153174264,-6.102366644967356e-07,-6.34224918981722e-16,1.1550505492926959e-15
0.0800,-0.0034974095117899745,2.9316199118673508e-08,0.2620508107691133,-3.0907847005003473e-07,-0.03431397331853479,-2.4981850371282457e-08,-0.09225021159502743,7.699804162863231e-07,-0.47765124479110244,0.00986939013507585,0.009869966346879944,-0.013607880411983046,-6.221036186402954e-08,-6.159279520610199e-10,1.1042429179810387e-09,0.07215915526284929,0.07216058506238926,0.09366088445117592,2.2302204299131087e-07,-4.989866857110347e-16,8.920109261490957e-16
0.1000,-0.005344354876757914,4.496259065770038e-08,0.25146754603038796,-4.704604336018709e-07,-0.052107692365418394,-3.40863471192836e-08,-0.12334793485333813,1.0633356213653507e-06,-0.5370731167842656,0.012094628714780174,0.01209523576272407,-0.010044053246683362,-5.465373887417947e-08,-6.159279668034371e-10,1.1042429445827088e-09,0.19144588609550456,0.19144803353480508,0.2965725421678358,4.6634470497412727e-07,-6.361201552012035e-16,1.1318852569764748e-15
0.1200,-0.007499792327040173,6.505350675255299e-08,0.24019780157333864,-6.735102843328663e-07,-0.07260744090484998,-4.016207709192451e-08,-0.1481397403953628,1.4066880852188508e-06,-0.5589150100667782,0.01792511469378143,0.017925737448636774,0.0016456067515124755,-3.551777833308402e-08,-6.159279816355182e-10,1.104242970994159e-09,0.4122447443927261,0.41224438113414597,0.9028463281998308,1.5115488988024769e-06,-7.344709506519132e-16,1.2874828800464849e-15
0.1400,-0.009653169118775633,8.996627298642424e-08,0.2290781513253263,-9.192087764988231e-07,-0.09281755134938927,-3.8591426978580315e-08,-0.15340685761022066,1.7659500919156827e-06,-0.5364992298930767,0.028798249538133883,0.028798858613214733,0.025530941593001368,4.952773152517869e-09,-6.159279998840475e-10,1.1042430029306097e-09,0.5879999988893281,0.5880014898462901,1.1628210333608542,1.8825207657940538e-06,-1.0521485399372704e-15,1.848446542991643e-15
0.1600,-0.011494173383422047,1.2034012593088048e-07,0.2191632690252617,-1.2119748011589406e-06,-0.10989413939191583,-2.5471018660291338e-08,-0.13606976804930554,2.115720652232762e-06,-0.4627662664664878,0.04023735725572168,0.04023796743886656,0.049278535984788194,4.7612584577365084e-08,-6.159280180898616e-10,1.104243034369986e-09,0.5949343035073786,0.5949332019824699,1.2844120322002675,2.5013950818076185e-06,-8.983516030340046e-16,1.5280724243187018e-15
0.1800,-0.012725128273596004,1.5664503669651253e-07,0.21135482091354146,-1.555636523798514e-06,-0.12121193366201174,1.336946163032625e-09,-0.09472293582768954,2.4075321204554774e-06,-0.35016140791857797,0.05121709519539591,0.05121770503848867,0.07182112750332657,9.322434431289981e-08,-6.159280390339754e-10,1.1042430703776246e-09,0.4912370165440381,0.49123704732788165,0.9947587881895542,2.1396418653639797e-06,-9.699033348247723e-16,1.6462068389228382e-15
0.2000,-0.013126794234434684,1.992480021434759e-07,0.20633891937171941,-1.954200584348379e-06,-0.12488503760856565,4.109637730476464e-08,-0.03501358344080488,2.599914395306543e-06,-0.21036387267836448,0.05919824126897508,0.05919884999999552,0.08800873472917459,1.3020341748010846e-07,-6.159280609762749e-10,1.1042431081707078e-09,0.3082450738197345,0.30824721577340847,0.5133445767652385,1.1503746901132812e-06,-1.2366695852989362e-15,2.1605015275731262e-15
0.2200,-0.012646533277202653,2.4869557628154093e-07,0.20462069161031,-2.4145868891572368e-06,-0.12048393534856379,9.000322835255806e-08,0.029275658720397012,2.664198772509742e-06,-0.04645886146509694,0.0630225465547568,0.06302320862873813,0.09281158565095415,1.4120971579677753e-07,-6.159280844164657e-10,1.104243149139919e-09,0.07816884719099669,0.0781698269666473,0.09275204594928714,3.2771149507950694e-07,-1.064016742077724e-15,1.8569778588363884e-15
0.2400,-0.011341704588090631,3.053006871779859e-07,0.20632184935596595,-2.9426597418842132e-06,-0.10847560312695845,1.4169438956298736e-07,0.08816180110951806,2.5765485398992396e-06,0.11863914267787108,0.062346341207027596,0.06234705185447014,0.08919064870580332,1.3143369014159582e-07,-6.15928106096526e-10,1.104243187831446e-09,-0.13952577737992086,-0.1395205513254527,-0.5203838560245454,-1.533897057616062e-06,-1.2730335567575106e-15,2.3014609390069243e-15
0.2600,-0.009412711589346373,3.693154101248132e-07,0.21126239011538445,-3.5449895807989675e-06,-0.09055561439887305,1.886871030991335e-07,0.12929557319411306,2.341427473095738e-06,0.273570106111095,0.05620737031952102,0.05620815164060792,0.07385425677887111,8.835452195583926e-08,-6.159281320637293e-10,1.10424323523818e-09,-0.40092857769148554,-0.40092601207499434,-0.8959353936874805,-2.530592068453565e-06,-1.0693564377772151e-15,1.969994923889688e-15
0.2800,-0.007134560475836502,4.407466883231504e-07,0.21891573557903926,-4.226387384785609e-06,-0.06910743637389205,2.244686775896309e-07,0.14647874520694798,2.0000816420012174e-06,0.40243986515236774,0.04605442405186564,0.04605526937027004,0.051453501214657846,2.2910108431886366e-08,-6.159281552087494e-10,1.1042432786932034e-09,-0.5972610891001808,-0.5972583373614386,-1.2672868523257892,-3.7254595601226372e-06,-1.0380164304870428e-15,1.966395033863857e-15
0.3000,-0.004799187578888351,5.193048225973844e-07,0.22844497707257416,-4.9881373652016985e-06,-0.04676556748254816,2.452497686488411e-07,0.1414064793917949,1.6438314992015416e-06,0.486120031827157,0.032463797360201316,0.03246464542786948,0.025602113904369807,-5.1294183782385386e-08,-6.159281758562883e-10,1.1042433183646712e-09,-0.742417989160666,-0.7424189875734163,-1.3507566706127274,-3.9008621686757826e-06,-9.915623908025384e-16,1.9262240728238483e-15
0.3200,-0.0026801774774499847,6.045965370384842e-07,0.2388525926443523,-5.828059895609209e-06,-0.0261434338530087,2.514782083744825e-07,0.11757337339354343,1.3785390458557227e-06,0.5226877671319126,0.017254940502099508,0.01725576733685107,-0.002013096838654825,-1.316367791820179e-07,-6.159281948249913e-10,1.104243355526689e-09,-0.7471241807726391,-0.7471259945655708,-1.3132679991676703,-3.73678470907664e-06,-9.000970203009405e-16,1.7751868751418555e-15
0.3400,-0.0009878689016657954,6.964954314815267e-07,0.24929288185901013,-6.742821298519305e-06,-0.009392540290072561,2.4817844932121043e-07,0.08523793240609176,1.2844859838421663e-06,0.5162652299288922,0.003273887813378067,0.003274648227987162,-0.024818188153991713,-1.9172238763680819e-07,-6.159282115459315e-10,1.1042433886788076e-09,-0.6240021962187194,-0.6240072149912899,-0.8996411395051934,-1.9739334590369715e-06,-7.692796637402102e-16,1.532756516517018e-15
0.3600,0.00023854714956081437,7.945481016493379e-07,0.2590045689203387,-7.724119624175272e-06,0.0029449797469637187,2.4100436761642766e-07,0.055484561515386076,1.4229208273211003e-06,0.47217126296003986,-0.007737151018814237,-0.007736533848598159,-0.03755754645126189,-2.0714240112692234e-07,-6.159282260566788e-10,1.1042434177482039e-09,-0.4451389843273251,-0.4451470698106411,-0.3922808239976758,1.5155551245678363e-07,-6.230390018802817e-16,1.2545692972985509e-15
0.3800,0.001035493388476266,8.98195429180293e-07,0.2673328960616653,-8.762155910564271e-06,0.011101531618742293,2.3519834425120394e-07,0.03103683964773086,1.867597616017138e-06,0.39596176074727063,-0.014771650478166734,-0.014771196113280854,-0.04196488639160431,-1.9208716004311047e-07,-6.159282367512588e-10,1.1042434394257008e-09,-0.2872430302307103,-0.28725151141127275,-0.06730278376324575,1.463629193286813e-06,-5.086490022986013e-16,1.0347382012229319e-15
0.4000,0.0014282335557706102,1.0076483363397584e-06,0.27396690839695415,-9.853946116871454e-06,0.01524622438528959,2.3678330097673409e-07,0.009960528314781936,2.565612784811233e-06,0.31083197707034177,-0.018624319052169658,-0.018623944488217987,-0.0428519659673006,-1.6687779918823246e-07,-6.159282478202615e-10,1.1042434624653818e-09,-0.08120199309045474,-0.08120070584595324,0.0063483061517458856,1.2435643041643049e-06,-4.146657204821716e-16,8.564374481885464e-16
0.4200,0.001364431284282358,1.1249908855877383e-06,0.2791493506863058,-1.1012193545762212e-05,0.01481046633355935,2.558573769285021e-07,-0.013238365034711772,3.3820709354120865e-06,0.24240473385454658,-0.01905588631251236,-0.019055381244545814,-0.043500789533144735,-1.5128567855211777e-07,-6.159282605672129e-10,1.1042434902894559e-09,0.051572135635185846,0.05158682530297398,-0.1310661518314886,-8.649446445876125e-08,-8.75576581148231e-16,1.9461962626871575e-15
0.4400,0.0008078962506581411,1.2521138215297703e-06,0.28298604517282133,-1.2247293898275093e-05,0.009434481363179086,3.0362705992070353e-07,-0.03603160449105814,4.415412015052329e-06,0.1740099793191077,-0.01878745931871527,-0.018786846554735153,-0.04245975568518564,-1.2082767332247636e-07,-6.159282716922555e-10,1.104243515381374e-09,-0.03396960965440259,-0.033971861203168675,0.15142643371617137,2.5366449990873522e-06,-5.822265192618461e-16,1.3639879546336773e-15
0.4600,-0.00019708032457135032,1.389252972350582e-06,0.28521983522932653,-1.3556754104430366e-05,-0.0003822867503939004,3.8784484269006377e-07,-0.05618356283332432,5.804487587080407e-06,0.09103317040837304,-0.018476656810329246,-0.018476027692816574,-0.03890766718226266,-6.654384615808261e-08,-6.159282826887795e-10,1.104243541265974e-09,0.07636374344388115,0.07636622737168568,0.26821254004709527,3.3399730250152636e-06,-5.215431730964167e-16,1.2769796715005315e-15
0.4800,-0.001536726571430099,1.535598624796486e-06,0.28545066277479625,-1.493240728820592e-05,-0.013424919494145615,5.108088920414174e-07,-0.06993383172330059,7.735908435619277e-06,-0.02007138017665142,-0.01893804484486439,-0.018937638494691475,-0.030935385872562487,2.385797958087377e-08,-6.159282888131864e-10,1.1042435565672807e-09,-0.020195692160541456,-0.020205487187512625,0.349806185978521,3.879538051905765e-06,-4.999603500839035e-16,1.2817501610594677e-15
0.5000,-0.0031155383186848577,1.689839246346577e-06,0.28319417623900994,-1.6362942858537966e-05,-0.02867427395498491,6.730758966396778e-07,-0.08614747324742375,1.0102826154573142e-05,-0.13809119618470694,-0.018670369078827295,-0.018670048766483184,-0.026248698081778474,7.7223689639518e-08,-6.159282949001001e-10,1.1042435724767892e-09,0.05814999379105224,0.058151466219088184,0.14914131095857908,1.917817037271304e-06,-1.6508735669457358e-16,4.3778903172794433e-16
0.5200,-0.004966359816574171,1.8534214449099812e-06,0.2785999129345876,-1.7859534476516545e-05,-0.046378953530901615,8.838731445972913e-07,-0.10673186144992981,1.284342459742654e-05,-0.254596187697156,-0.01785399528550225,-0.017853700382668005,-0.022940041240475058,1.2003336140365497e-07,-6.159283009099837e-10,1.1042435890112718e-09,0.12154580951783393,0.12155278616976728,0.16666101837436612,2.1374511061153466e-06,-4.963472251682719e-16,1.3773045831139358e-15
0.5400,-0.0071184767039233435,2.0286572517929116e-06,0.27200035741484685,-1.9442302876692108e-05,-0.06673369443709745,1.1542229107363473e-06,-0.13303332743538848,1.5647840788897314e-05,-0.346253756827485,-0.015059457283972295,-0.015058970173466262,-0.020170360490654068,1.625025780332166e-07,-6.159283079387039e-10,1.1042436094092188e-09,0.08324221024279345,0.0832402737760025,0.27347614450867974,3.7500769581052137e-06,-2.1292327769296417e-16,6.739563758012242e-16
0.5600,-0.009491708469891301,2.216361506564818e-06,0.26353466248825497,-2.1122738674581157e-05,-0.08889112774031327,1.486449944252756e-06,-0.1572841204263287,1.8672104908555743e-05,-0.43139193084844696,-0.010892242718313745,-0.010891589480191498,-0.012482601803139351,2.658606526759022e-07,-6.159283149303635e-10,1.1042436320857991e-09,0.36284202157648143,0.3628621193552669,0.5427548784550336,7.265475695959414e-06,-4.956328587563813e-16,1.6432657287717345e-15
0.5800,-0.011878087198643413,2.4189341376897774e-06,0.2539520393076347,-2.293320940693424e-05,-0.11086617430844475,1.8708838163377196e-06,-0.1681912302425223,2.12086345159796e-05,-0.4745608463553158,-0.001322886041373809,-0.0013219159390910314,0.006857810216028362,5.205179701834246e-07,-6.159283210115748e-10,1.1042436565357294e-09,0.47651014952088044,0.4765128094954541,1.2689337808412202,1.6428837868863936e-05,-1.857203910754187e-16,9.673012496108071e-16
0.6000,-0.013811900085722867,2.6344126491005913e-06,0.2435683357302547,-2.4874942897283278e-05,-0.1284253856665814,2.2625874634476e-06,-0.15321804771636635,2.3586566611029262e-05,-0.5101653789506032,0.00883606672319097,0.008837115156752229,0.032977240054278385,8.601745313341628e-07,-6.159283244262254e-10,1.104243676424432e-09,0.5822969906008832,0.5823046338282896,1.3918591515435037,1.8310231555346284e-05,-1.7728330764605542e-16,1.1235457940942826e-15
0.6200,-0.014925289551583473,2.8630089343947156e-06,0.23313964239481144,-2.6964888925782668e-05,-0.1383711750039826,2.6129421250816733e-06,-0.11361175174053847,2.510410606990799e-05,-0.5058116388065632,0.02072867070314957,0.020729940340148113,0.058989494064921114,1.2081966685729751e-06,-6.159283280188888e-10,1.1042437009422787e-09,0.5848248950833664,0.5848382648863956,1.1817988269496713,1.6023107778757865e-05,-1.8336473950954528e-16,1.3241740179809362e-15
0.6400,-0.014991168878166615,3.10617760874989e-06,0.2235462443022995,-2.922966901093929e-05,-0.13877679570811233,2.8746143607491528e-06,-0.054458789960734874,2.552007193074369e-05,-0.45937855336082356,0.03145609070691311,0.03145773549914663,0.07708180066486228,1.4540136602026338e-06,-6.15928332744971e-10,1.1042437323431605e-09,0.4795861071339433,0.47961106563644734,0.5939616562049049,8.06423657220058e-06,-2.1676465151810123e-16,1.6126456994867283e-15
0.6600,-0.014047659179131054,3.368064037640247e-06,0.21580108790498662,-3.1718883833996404e-05,-0.13000231381936592,3.0223945353355752e-06,0.010405682376096655,2.443937892176389e-05,-0.3612271228214778,0.03836895456271422,0.03837111878049314,0.08194791711395198,1.5139804269065865e-06,-6.159283390485703e-10,1.104243768362079e-09,0.33899147572044575,0.33903012028728513,-0.09523813649051531,-1.9104191938358123e-06,-4.763643415140037e-16,2.4244378409705135e-15
0.6800,-0.01225189105605809,3.652277334455029e-06,0.21065148654180071,-3.4481236621285246e-05,-0.11335354243223748,3.0408196276501748e-06,0.07264469971460959,2.2070248002794184e-05,-0.23279426646092954,0.043271389578834085,0.043274211533430494,0.07783447862952596,1.4279234363643256e-06,-6.159283487892532e-10,1.1042438245968645e-09,0.09453544260761107,0.09456387688017548,-0.37902685084423576,-7.688069778907882e-06,-3.3940949009658716e-16,2.3721462619717693e-15
0.7000,-0.009755309452739567,3.960811296785728e-06,0.20828423034982904,-3.756136198259587e-05,-0.09000518040520487,2.910435326740564e-06,0.12310315701768748,1.8839583419303266e-05,-0.0944205500629281,0.04280337341985655,0.04280671871687704,0.06748214174373635,1.2011903254016306e-06,-6.159283568903712e-10,1.1042438790874742e-09,-0.1257718279283819,-0.12574456834430187,-0.7502028764425793,-1.6304842098915462e-05,-3.8286190971381835e-16,2.738141575183827e-15
0.7200,-0.0068852409109255355,4.29745208345445e-06,0.20878605629376376,-4.101336274880238e-05,-0.06276023575487405,2.642797593163829e-06,0.14938819542309895,1.4762863663974581e-05,0.0508907712270391,0.03780788915163598,0.037811842955663345,0.04636201252121183,7.411320120717062e-07,-6.159283666127547e-10,1.1042439439762989e-09,-0.3361880006538025,-0.3361608895751025,-1.1758470235201508,-2.5908839986187794e-05,-4.551874590414621e-16,3.124260273640279e-15
0.7400,-0.004015841020363176,4.66603533675006e-06,0.21198492625623383,-4.4875472798441524e-05,-0.03500220115886589,2.2730357589934036e-06,0.14875642477805712,1.0340886437949994e-05,0.18578021480937745,0.02979491545887728,0.029799307635227878,0.021878489509103136,1.9604648209877697e-07,-6.159283761073824e-10,1.1042440059683661e-09,-0.4894205933849584,-0.48939868270285714,-1.4194541840275956,-3.158995467889468e-05,-5.417865193819657e-16,3.364544462535011e-15
0.7600,-0.0015398208234720686,5.071880965673809e-06,0.21758399335131132,-4.916588149268971e-05,-0.01054258996244372,1.8722978870761401e-06,0.12141830769241421,5.819160515676313e-06,0.3060110266274355,0.019061338840539115,0.01906610851756615,-0.007616658939005211,-4.494761037177844e-07,-6.159283876282485e-10,1.10424407430596e-09,-0.5507133506715763,-0.5506986009558165,-1.417251242309486,-3.0376966435828458e-05,-5.910533437260648e-16,3.4219389915244886e-15
0.7800,0.0003010666935951668,5.520444036540554e-06,0.22521893183757097,-5.388285422994371e-05,0.008036881168501403,1.5169427584791887e-06,0.0824793097841393,1.434715398144066e-06,0.40543984430057006,0.009496360032908545,0.009501312302938847,-0.02903842125595367,-8.698158916175458e-07,-6.159283986803805e-10,1.1042441413505797e-09,-0.4177098009164941,-0.41770661742887366,-0.7514851424529381,-1.2704817397286122e-05,-5.903833406647866e-16,3.2930256591500676e-15
0.8000,0.001415629702673155,6.015487157252291e-06,0.23435954984182,-5.900421377470486e-05,0.01956240522650864,1.275332323243692e-06,0.037285938774962536,-1.988936438739297e-06,0.4718589083957985,-0.00039412378374466175,-0.00038932380268078936,-0.046179214213436987,-1.1809119840381754e-06,-6.159284095672297e-10,1.1042442042835885e-09,-0.4793314964403584,-0.47934702173099447,-0.718442776871222,-1.1301865965759774e-05,-5.034989361001768e-16,2.9976771289037547e-15
0.8200,0.0017548415478674567,6.559954895236263e-06,0.2442769951198474,-6.449118830317492e-05,0.023336079323618704,1.2234723851165838e-06,-0.003782348112445774,-3.837135837041846e-06,0.5010106576210503,-0.008750322470471283,-0.008745939696538987,-0.05485407339065573,-1.2421848474557716e-06,-6.15928417996357e-10,1.104244260604277e-09,-0.3678539780594808,-0.36787081226890417,-0.20520265065191137,2.6736379378379964e-06,-2.999130319803888e-16,2.6828447232882247e-15
0.8400,0.0014104885054260362,7.156252696220354e-06,0.2541953572217409,-7.032748873720258e-05,0.020205159109945317,1.4004002028559675e-06,-0.03556993844606705,-3.310244109845615e-06,0.4900502431941473,-0.015309237057857675,-0.015305310850515048,-0.055373731109675556,-1.091530993817579e-06,-6.159284226424888e-10,1.1042443093538446e-09,-0.29686966449234603,-0.2969022718991907,0.10725247634307557,1.1531375956555467e-05,-1.715396301702832e-16,2.206062582772988e-15
0.8600,0.0005014361009878292,7.801866086628873e-06,0.2632646042305695,-7.64743131537359e-05,0.0114087862268238,1.826512945524098e-06,-0.05770622466984038,1.764732168624156e-07,0.43673534466738373,-0.020625497369326784,-0.020622438274322936,-0.05113069017969999,-7.98048978337013e-07,-6.159284248258723e-10,1.1042443481003868e-09,-0.23746243928425964,-0.23751431188641722,0.2920220968611573,1.6936641579045548e-05,-5.725073852923645e-17,1.697309607180111e-15
0.8800,-0.0008347117532195596,8.492487142606528e-06,0.2707928353523639,-8.289939488327051e-05,-0.0015750751939603333,2.501066829830997e-06,-0.07231685276539856,6.360236415218563e-06,0.35506131027836824,-0.023607995815491348,-0.023605764819536683,-0.04364751129015321,-4.076926321897473e-07,-6.159284246114023e-10,1.1042443817913092e-09,-0.08591474828764434,-0.08593360742516787,0.26202727476373033,1.5135304247107344e-05,1.8613750847982713e-17,1.3029054441918543e-15
0.9000,-0.002681012917819562,9.238873530067254e-06,0.27695441056396597,-8.966837747459864e-05,-0.019441736056891125,3.5103327878733665e-06,-0.09400043094884139,1.2854551909390022e-05,0.2891206310709794,-0.024259555679523283,-0.024257168095525534,-0.04217583938057777,-2.1816359918951928e-07,-6.159284235196377e-10,1.1042444208559892e-09,-0.09407794350271038,-0.09412423315256939,0.3097759677657826,1.8631085895365966e-05,9.161823347879773e-17,9.25351731139801e-16
0.9200,-0.004919456404127672,1.0036188334287922e-05,0.28119723821314363,-9.67609991017981e-05,-0.04087201293922379,4.853037841063736e-06,-0.1096609643705891,2.2823319990024964e-05,0.19171583816461238,-0.024581176460507358,-0.02457922651418785,-0.03510938167508861,1.9399652452063818e-07,-6.159284196377585e-10,1.1042444556654546e-09,0.06030938448592817,0.0603229124430527,0.26738555444147327,1.7122202678177304e-05,2.715887266802378e-16,2.0925987078400116e-15
0.9400,-0.007466265784381612,1.0881925486419254e-05,0.28320277113866604,-0.00010418220599567291,-0.06492276095242593,6.533030803002519e-06,-0.12585307724101436,3.5964393960409654e-05,0.07459051070880454,-0.024959225187795114,-0.02495805410787702,-0.028103445496531192,5.783438386207875e-07,-6.15928415261228e-10,1.1042444801144473e-09,0.04441980109621482,0.0444199383540649,0.24127692058729316,1.4119226906421237e-05,3.7106252900032913e-16,2.1371903338317406e-15
0.9600,-0.010296790112296431,1.1778163542863877e-05,0.28289241469546045,-0.00011197193647557392,-0.09125370083981178,8.57985874014468e-06,-0.14809801040213505,5.028624151695145e-05,-0.033304144780692775,-0.02359040465193815,-0.023589077048080494,-0.02403039298854045,8.455085222936419e-07,-6.159284092060202e-10,1.1042445082597929e-09,0.05822212262428364,0.05821244298282689,0.26536434614167187,1.644738274246472e-05,2.3446962534918623e-16,7.26872006323858e-16
0.9800,-0.01331247269498241,1.2724757111390248e-05,0.28023666518357365,-0.00012017240926084077,-0.11886499667511695,1.0981734450250102e-05,-0.16894896271169602,6.642206873491428e-05,-0.14249242007959637,-0.02045597571657448,-0.020454419397267477,-0.015311419838981554,1.389514977799235e-06,-6.159283996155741e-10,1.1042445384582378e-09,0.29064743160694034,0.2906911620244553,0.6543815536713259,4.184332636184891e-05,4.748098772371144e-16,8.759266175136838e-16
1.0000,-0.01620248285546496,1.371893105194628e-05,0.275458088444195,-0.00012884430339049762,-0.1448998043898493,1.3592687200299764e-05,-0.1757872192066895,8.244696407014639e-05,-0.23851152220592856,-0.013108731248496652,-0.013106539414573464,0.004049166039108222,2.5912991641103244e-06,-6.15928384331811e-10,1.1042445712400436e-09,0.5799332150083564,0.5800748453564061,0.9825570837260755,6.771186402346534e-05,1.103409491597443e-15,2.7160640849301174e-15
1.0200,-0.018686786380635385,1.47741122576961e-05,0.2695470617316611,-0.0001381691615683643,-0.1669386588145734,1.6263731607470715e-05,-0.1646764399751195,9.422557489262813e-05,-0.2864665683819054,-0.0014141962701687205,-0.001410131366064996,0.02833203650386953,4.246355884875665e-06,-6.159283615086457e-10,1.1042446137271205e-09,0.48454480835234937,0.484557418439955,1.316697287844456,8.589072230216156e-05,1.0584794759432858e-15,1.4048441653280149e-15
1.0400,-0.02034684378385691,1.588163695189871e-05,0.26277385107217816,-0.00014812718203597604,-0.18141893726570266,1.8684330101147608e-05,-0.13125857928406265,0.00010462028746013432,-0.3233223553025212,0.009378692388106255,0.009384108114936437,0.0515981114431931,5.834454822932055e-06,-6.159283332019896e-10,1.1042446631288166e-09,0.5819264747973955,0.5820475976219406,0.9774179865273217,7.159018741717875e-05,1.72708810923202e-15,3.353851942125346e-15
1.0600,-0.021004085919856925,1.7057037752456878e-05,0.25615327336287114,-0.00015887496031748906,-0.1869339828973054,2.0653896636074375e-05,-0.07910505077296891,0.00010950087828696395,-0.3163814534583732,0.019227169781057735,0.019234531522706048,0.06780871257736307,7.0221533423672555e-06,-6.159283001093159e-10,1.1042447208187616e-09,0.4584505425783401,0.45854141971011453,0.7141526660895345,5.203651939878997e-05,1.5757118866128886e-15,2.1394552999326986e-15
1.0800,-0.020465024085706097,1.829686586427969e-05,0.2500047338817574,-0.00017043205305754394,-0.18184590151177182,2.187765718002084e-05,-0.013052255047178518,0.0001124426782076648,-0.3012454220580173,0.02578217710844739,0.02579047594764306,0.07876932968407459,7.718060466849182e-06,-6.159282628313416e-10,1.1042447815313317e-09,0.300549507491868,0.3006228653204801,0.3472181589782987,1.8608862398664337e-05,2.311660486241287e-15,4.1272679853843544e-15
1.1000,-0.01862159794757859,1.9584783178979145e-05,0.24422595206489636,-0.00018276170163800256,-0.16510747074107487,2.2038543777258913e-05,0.058754393336121216,0.00011661439687740702,-0.30117746685408375,0.02798448811903557,0.02799187682380736,0.08365755621728194,7.683776065877623e-06,-6.159282214447181e-10,1.1042448412802824e-09,0.016141935787072622,0.01609704852146572,-0.011815713011345886,-2.609424778285322e-05,2.133390544030358e-15,3.136116617319471e-15
1.1200,-0.015555677513956905,2.0907990328874707e-05,0.23867240781664412,-0.00019593796019933042,-0.13714664630484213,2.0925369345149114e-05,0.12583492916162825,0.00012003898693251091,-0.29538122430973807,0.026842020031610615,0.026849308862629376,0.07682609685455934,6.505246171096362e-06,-6.159281723643399e-10,1.1042449148646784e-09,-0.12150036584407395,-0.12147287694928428,-0.5961069630968291,-8.309072901252e-05,2.5169698377109414e-15,3.843032527406018e-15
1.1400,-0.011582407415660847,2.227164962827899e-05,0.23342177351995438,-0.00021024064798582355,-0.10033366343944469,1.853477334768949e-05,0.17784095091817997,0.00012250303764425435,-0.27883410135437176,0.023231509106160023,0.023240024066605747,0.060171846882406295,4.380871984834999e-06,-6.159281205250992e-10,1.1042449982263604e-09,-0.24546706755544068,-0.24531851218134149,-1.3328829737852976,-0.00015548495272469772,3.0066624544082283e-15,5.553602011858921e-15
1.1600,-0.007329760843947734,2.3712735645658643e-05,0.22896248485485612,-0.00022610331568267877,-0.06000293009598045,1.523976586871162e-05,0.19742407247217314,0.00011991000684662413,-0.22523137132724771,0.016902640365964477,0.0169149555696042,0.02684560108647501,5.86662620342985e-07,-6.159280567389653e-10,1.1042451162610474e-09,-0.35329929374301233,-0.3531597357529787,-1.4957400359093886,-0.00017482559550047804,3.0392020721099495e-15,5.6370068050762105e-15
1.1800,-0.0032500830886330306,2.52562232035032e-05,0.22535147344348957,-0.00024373913507916932,-0.020231382220583558,1.1359963543525467e-05,0.193902861114965,0.0001180722111404489,-0.17466369849953017,0.009630264117871427,0.009645243672274227,-0.002180691545407859,-2.8322160357473105e-06,-6.159279983530798e-10,1.104245231400788e-09,-0.3814408436823256,-0.3812826774987274,-1.567056848821875,-0.0001830184434504313,3.107073128107542e-15,6.441989648697018e-15
1.2000,0.00022721433755055548,2.694385185878525e-05,0.22292316538186535,-0.00026327996091114384,0.014677644194197138,7.3755906538103116e-06,0.16510012308294386,0.0001115064928729948,-0.10211066720254167,0.0029843882624464614,0.003002613722007822,-0.031924517838429235,-6.163105084389669e-06,-6.159279349993034e-10,1.1042453719917918e-09,-0.2538360776701842,-0.2536711788435815,-1.2257812386081384,-0.00012948147190152456,2.9431646295173097e-15,6.946283419339075e-15
1.2200,0.002809339330994637,2.883070405901574e-05,0.2221362915381918,-0.0002847893351369261,0.04136136023627943,3.83160750612074e-06,0.1169632973123756,0.0001001310947118827,-0.012429006503995753,-0.0016609434871686585,-0.0016394940267938764,-0.05376539932954913,-8.360315118761124e-06,-6.159278768378792e-10,1.1042455099289845e-09,-0.1939553710808413,-0.19377181970170998,-0.9408355697198083,-8.631843569967473e-05,3.166448443644174e-15,7.511777861519096e-15
1.2400,0.004345804651165989,3.0977109048097814e-05,0.22329559672166088,-0.0003083013419170934,0.057729145784827504,1.260266940400486e-06,0.05869704915593531,8.445221965981074e-05,0.08679961825117063,-0.004516779977625782,-0.004491922036503839,-0.06729853565466218,-9.26644459467055e-06,-6.15927812316564e-10,1.1042456632165794e-09,-0.10901350839628217,-0.10886294813984411,-0.46241671307934024,-9.890770642166646e-06,3.2818943756737252e-15,7.766404435793212e-15
1.2600,0.004836063413348628,3.343602525421484e-05,0.22658387289528992,-0.0003338661901673425,0.06334750105104205,8.216124621667208e-08,8.002019373589027e-05,6.377212720828961e-05,0.19315381803965453,-0.004664788074943804,-0.00463655627213169,-0.06919691503729429,-8.228084975262093e-06,-6.159277389898773e-10,1.1042458264724715e-09,-0.015998019455758412,-0.01584912666848278,0.04138642569108575,7.413770414391136e-05,3.597823265439476e-15,7.983036500185288e-15
1.2800,0.004346267407051734,3.625558069799748e-05,0.2319373071817073,-0.00036161987152198553,0.05874461937655934,6.421876666362484e-07,-0.05411492037506423,4.3466285284873504e-05,0.28778038506550147,-0.005315226435006566,-0.0052844970429458855,-0.06631608128142948,-6.394858096948931e-06,-6.159276580256928e-10,1.104245992883939e-09,-0.12245320958600825,-0.12240797203708723,0.08711866520669458,8.254210992594363e-05,3.8459954486555134e-15,7.894143780502738e-15
1.3000,0.0028834716180290176,3.9463519077385436e-05,0.23868490856488836,-0.0003915106831243952,0.044106449596093604,3.402275547376943e-06,-0.10169656117456208,3.269387736022827e-05,0.345415199850017,-0.008946090312272406,-0.00891599872714568,-0.06441738773587269,-4.689370234811643e-06,-6.159275785252041e-10,1.1042461479793766e-09,-0.18518270753156793,-0.18525701030369895,0.2058543210583129,0.00010618915424330806,4.0803432071394134e-15,7.590540067152485e-15
1.3200,0.0005430788785262258,4.3067779147760334e-05,0.2460439223192984,-0.0004235698976820795,0.020745082266811377,8.632541731664573e-06,-0.13684310887392545,3.3306532375246185e-05,0.3670155782068004,-0.0123446784950785,-0.01231686024660786,-0.0573028582176231,-2.0203382354669174e-06,-6.159274953206019e-10,1.1042462944141114e-09,-0.15588268302452635,-0.1560335652087752,0.47949018310004976,0.00015550944194458715,4.2096681975262e-15,7.0373403082018594e-15
1.3400,-0.0025013934734596384,4.7051881202627124e-05,0.25316687364759566,-0.0004578796000184725,-0.009168648134546434,1.637340212482581e-05,-0.15903312160188462,4.9502415378584076e-05,0.34797317322494814,-0.015244728047287647,-0.015221032342050519,-0.044886736868161296,1.6341652419304216e-06,-6.159274071430405e-10,1.104246433259634e-09,-0.12046206452546808,-0.12069839952339727,0.6759221400417833,0.0001870799302648864,4.160403067247995e-15,6.2034558533877876e-15
1.3600,-0.006060747903954499,5.138394415307099e-05,0.2592582221695309,-0.0004945161382628746,-0.04340906412079617,2.654530729309847e-05,-0.17360497972912628,8.189175637390877e-05,0.2951867317476398,-0.01713224948252547,-0.01711258659505141,-0.03348700818173936,4.835342318604774e-06,-6.159273257189653e-10,1.1042465515362821e-09,-0.07547633754556463,-0.075597341333737,0.38592529367662465,0.00012503398961181852,4.047350426810911e-15,5.545895706104802e-15
1.3800,-0.010060493306999763,5.606752172210943e-05,0.264037732791949,-0.0005337917542408598,-0.08101104638639589,3.930444982851552e-05,-0.18725187491798037,0.00012223819296493143,0.23570963467326367,-0.0169774206305088,-0.01695940336056366,-0.022700632182552756,8.133782321908037e-06,-6.159272286748917e-10,1.1042466822117458e-09,0.12266109786664195,0.12265249385614549,0.7682743988880933,0.00022523090509923746,4.2908588466193665e-15,5.362466486212147e-15
1.4000,-0.014256143939415199,6.111610014552641e-05,0.26767474676674163,-0.0005763510375817865,-0.11953895656318304,5.436794862400526e-05,-0.19020721417789088,0.00016014770023992567,0.1895555769601987,-0.012179510360873537,-0.012158989731543177,-0.005037447709197285,1.3513474185345502e-05,-6.159271058942379e-10,1.1042468359627787e-09,0.2610239022982432,0.26100623970500497,1.106080887929436,0.00032471135564639074,4.959042481126816e-15,5.672191706672207e-15
1.4200,-0.0182744537469808,6.650894360613325e-05,0.27027996620383926,-0.0006225457667792006,-0.1556256872533216,7.096567933923734e-05,-0.17675497377022203,0.00019612147663913078,0.14920565988598317,-0.004718582717081503,-0.004694624252736367,0.017781408267409066,2.0528537413124863e-05,-6.159269621586006e-10,1.104247006014495e-09,0.38351200480591596,0.38358580335693543,1.2216845936243201,0.00037621074490277594,5.470798612034183e-15,5.86263351233518e-15
1.4400,-0.021715361744141366,7.22197806017213e-05,0.2720645452304632,-0.0006724752856474476,-0.18591701422189358,8.79755011376966e-05,-0.1454513959298506,0.00023198014307780228,0.10732900120332708,0.00299827863602551,0.003023120754298862,0.041917500190558774,2.792897613671666e-05,-6.159268103872572e-10,1.1042471767888744e-09,0.41531828212306265,0.41547735822178106,1.1003018998488012,0.0003471065064479528,9.509945524750936e-15,1.0941393936161024e-14
1.4600,-0.024219430229412687,7.82190151352028e-05,0.27323414857840145,-0.000725952725083848,-0.20755848845734956,0.00010400716698909404,-0.09877241587140813,0.00026198461441621343,0.07382061904665103,0.010299146199268552,0.010324890783848356,0.06208479258941418,3.4126421151675754e-05,-6.159266475046925e-10,1.1042473550166686e-09,0.3417525691290746,0.34182328951512275,0.8553911396117108,0.0002613612777534698,6.0904303180050155e-15,6.056657420332092e-15
1.4800,-0.025517616205041786,8.447461832783207e-05,0.27394265731768447,-0.0007826119548273053,-0.21848687057625713,0.00011752743999168263,-0.040954230939055,0.0002913734558163192,0.03862296784242204,0.015578890275983338,0.01560363263502606,0.076228531905839,3.800433176037179e-05,-6.159264728518884e-10,1.104247542752189e-09,0.28505575876101746,0.28537136730003837,0.40173648319951427,0.0001047659766858805,1.1061188111825306e-14,1.2293287319099094e-14
1.5000,-0.025519992606040688,9.099161458203375e-05,0.27446281167062075,-0.0008424390995977896,-0.21808662713672056,0.00012731323903932367,0.02115952891787516,0.0003125920188953851,0.01654360639645718,0.018851468947510643,0.01887723382690088,0.08142407243869035,3.852970086822446e-05,-6.159262805581215e-10,1.1042477485448167e-09,0.09415479377950589,0.09420770163456398,0.06202522457502236,-6.3917547868492e-05,1.2026094164019514e-14,1.3247126038804478e-14
1.5200,-0.02419484324952969,9.770993931882652e-05,0.2745689762253039,-0.0009051262356825446,-0.20607618174160738,0.00013204001615463087,0.0802954290785651,0.00034403579393517544,-0.01880504087882683,0.01849523573506151,0.018518604217529776,0.07914852210153879,3.524428588742171e-05,-6.159260807791064e-10,1.1042479595619605e-09,-0.06160109145624813,-0.06156558216395411,-0.36287387653552605,-0.00026862956504413604,1.2993612465823055e-14,1.426597792534342e-14
1.5400,-0.021683596756021644,0.00010458498560943964,0.2740259297084131,-0.0009708472204362768,-0.18350999498522197,0.0001310042129172217,0.12947510570879567,0.00038597832484866775,-0.06119241586180439,0.01516291364458788,0.015184760357593221,0.0673397095985047,2.732330036822215e-05,-6.159258508391949e-10,1.10424820408685e-09,-0.16306181940241407,-0.16273890994245316,-0.852108397637059,-0.0004971095411312339,1.4056276284525777e-14,1.5452398339837678e-14
1.5600,-0.018331684376752238,0.00011164989846833654,0.2728700374985952,-0.001040667927854227,-0.15312890092565312,0.00012454906495532896,0.16307301022407575,0.0004308518721171408,-0.09536568407400232,0.010444934172651861,0.010470243964546135,0.048727634760604724,1.634303602971243e-05,-6.159256167799325e-10,1.1042484572656335e-09,-0.3193566210322973,-0.3192811244121508,-1.0749770852904523,-0.0006469455478458337,1.4820501596790603e-14,1.6384968062237507e-14
1.5800,-0.01451735625696537,0.00011892147140155283,0.270908290516991,-0.001115463719929013,-0.11799465324619941,0.00011341282774015508,0.17856387594139908,0.00048826022822640616,-0.13105069558011712,0.0038397308778773715,0.00387075437340669,0.02412588419597525,1.870717588556674e-06,-6.15925347419901e-10,1.104248754081836e-09,-0.4068389279028199,-0.4068287265936122,-1.2548145324021542,-0.0007599238864755954,9.022367949322943e-15,9.614299983852666e-15
1.6000,-0.010602487584893197,0.00012639936700580345,0.26774953246833655,-0.0011956084831322676,-0.08117103671349281,9.863099284793617e-05,0.17889683237091245,0.0005871989179298714,-0.19655186078166487,-0.005390284038566517,-0.005362310848174318,-0.0008507625245017,-1.3714816844627492e-05,-6.15925112004803e-10,1.1042490142247242e-09,-0.5262921398085527,-0.5267623332963138,-1.1942727314238093,-0.0007718985558016934,9.455252607346726e-15,1.0384434197957537e-14
1.6200,-0.006846087357059855,0.00013406198040958686,0.2628348221654583,-0.0012808568174488529,-0.04497975451496529,8.121616857652744e-05,0.16969747194714874,0.0007179492536280754,-0.2752806091658514,-0.01358051901448527,-0.013554620598257216,-0.023066548364413995,-2.7512147435536192e-05,-6.159248730492683e-10,1.1042492837823614e-09,-0.2764153732299824,-0.2760021999897432,-1.0782994111464028,-0.0006307145347344598,1.800803904323904e-14,2.1005292232152695e-14
1.6400,-0.0035197581405187017,0.00014205295950965805,0.25646209888530136,-0.001371718136986261,-0.012091650018699317,6.290063984509833e-05,0.1543274477504014,0.0008530539034063217,-0.3405727359875782,-0.0183380206459027,-0.018309380107779816,-0.03986852599280949,-3.700411124590246e-05,-6.159246448416398e-10,1.1042495471899362e-09,-0.14662545865106683,-0.14658230130435132,-0.47326621259780627,-0.00024230340205985468,1.1601617155030178e-14,1.3382827493218195e-14
1.6600,-0.0006685676790532583,0.0001504468252335088,0.24879529206812076,-0.001468265717173009,0.01683881868721003,4.4331475407689174e-05,0.13992334757876437,0.0009891831412297233,-0.39383055546714874,-0.01924410426625547,-0.01920806819719587,-0.04719685314829204,-4.007312800463503e-05,-6.15924385498061e-10,1.104249849068623e-09,0.03339346827616606,0.03410105547111346,-0.35596673820831526,-0.0001233430662549814,1.4352187244649067e-14,1.683677882443474e-14
1.6800,0.0015253089848932622,0.00015953504987854645,0.24063614714630535,-0.0015715294941945222,0.0397021991489973,2.7590709622611762e-05,0.11449094857848066,0.0010883164651151124,-0.40454085907503606,-0.017346510425109124,-0.017290104048913662,-0.05465537353479513,-4.214849466950865e-05,-6.15924065255409e-10,1.1042502269568956e-09,0.14095651837719833,0.1422070379065575,-0.36909346242970814,-7.216586729924879e-05,1.7554652799759915e-14,2.078356611161583e-14
1.7000,0.002880454681278562,0.00016969210225332984,0.2328917590364347,-0.0016825924363235737,0.054285795940584525,1.539063443237195e-05,0.07573697750857085,0.0011410641189508759,-0.37328593731313287,-0.013675631216382957,-0.013589458322101493,-0.06139963096461198,-4.219353343461138e-05,-6.159236568718193e-10,1.104250710629835e-09,0.19762961110743021,0.19915915405245696,-0.2620853544255591,7.481490784432102e-05,2.1222003917641813e-14,2.5104504792258092e-14
1.7200,0.0032687329520908353,0.00018131412993126322,0.22635563684186322,-0.001802569913914856,0.05894794360264539,1.0605477657650513e-05,0.02475448209431345,0.0011456728691672967,-0.30652447004187877,-0.00952850684130005,-0.009410545080104757,-0.06495192102854482,-3.869595418782258e-05,-6.159231910848778e-10,1.1042512590073033e-09,0.2107053537277541,0.2123360530111491,-0.0941456739148857,0.00027071499351306617,2.5260836581135135e-14,2.9581053589706335e-14
1.7400,0.002612504072363669,0.00019480775729426876,0.22161751791793377,-0.0019329959838941897,0.05275872785461153,1.6089103324822688e-05,-0.03443518491734183,0.001108174227073496,-0.21394625230062586,-0.005851112443639126,-0.0057020733818619,-0.06500690198231629,-3.201829700529919e-05,-6.159226865443935e-10,1.1042518435253533e-09,0.1954786698465112,0.19723682167739645,0.08091519426089776,0.00046847955920891566,3.011091674392716e-14,3.463448603434338e-14
1.7600,0.0008834329575130658,0.00021055266148640778,0.21900216550531265,-0.0020759535029116964,0.03558839784755736,3.4504836580828246e-05,-0.09554893492308127,0.001039036863469939,-0.10723743041418862,-0.0021291004421178745,-0.0019467810930936167,-0.0609448884211863,-1.9028611706995002e-05,-6.159220042872895e-10,1.1042526211294288e-09,0.15775262930483855,0.15915602125592018,0.29575513971001727,0.000756958703681356,3.465921262013963e-14,3.917107252709301e-14
1.7800,-0.001883099723211061,0.0002288279397395454,0.2185493948083663,-0.0022337880116679813,0.008230640419069448,6.80043613484598e-05,-0.15054648327501996,0.0009520527631150418,0.0014592576825901604,0.001099789822266869,0.0013075012242028214,-0.05116429921580261,1.3634235569339176e-06,-6.159212164978932e-10,1.1042535004297574e-09,0.24356920560422984,0.24474318062462266,0.883504955391326,0.0014467575777372661,4.2590564863949354e-14,4.663650921606782e-14
1.8000,-0.005459356427766257,0.0002497533794918269,0.22012227221629407,-0.0024096820010271872,-0.02648791226418628,0.00011655470159345844,-0.18588166110491536,0.0008503063505692163,0.10503857304902472,0.004993327939259045,0.005218019855352727,-0.033274199432024226,3.03355835160258e-05,-6.15920411608989e-10,1.1042543796966655e-09,0.15933851142689834,0.15994024992360867,0.9341779689135195,0.0015346277427973531,4.390026075952111e-14,4.7569451632964443e-14
1.8200,-0.00956419087636988,0.00027330874296804727,0.2233262893418717,-0.002606298116699527,-0.06539846201585045,0.0001792557696074444,-0.1984676740780267,0.0007583465840727487,0.18950357638694737,0.008849216135805416,0.009080434295336398,-0.01003345241946948,6.664959131682042e-05,-6.159194953019198e-10,1.1042553613615154e-09,0.24326959137770968,0.24332696308562984,1.4260030369639602,0.0021359849710345016,4.735058509565751e-14,5.0219112993511034e-14
1.8400,-0.013735952064855403,0.0002993465786334241,0.22791837712556925,-0.0028260891445192346,-0.10396029657306165,0.0002523485773774788,-0.18214518045791753,0.0006444948784238205,0.2652200339398339,0.014503899852856396,0.014739062384867361,0.018484778156200976,0.0001101852921506707,-6.15918486610024e-10,1.1042564256735853e-09,0.29963014373736657,0.2998076665419457,1.4041016576088543,0.0021762406006461403,4.924247045279967e-14,5.140317018608245e-14
1.8600,-0.017550560208088938,0.0003277382363144674,0.23385556448494452,-0.0030705047075934837,-0.1384028194639816,0.0003313430311858343,-0.14031745834463916,0.0005033140595270568,0.33174479840202564,0.020163740228815348,0.020395355789723252,0.04581282250635556,0.0001527314096896433,-6.159174460288556e-10,1.1042575099203255e-09,0.25159301318260235,0.25033026905606665,1.5339548903696794,0.002269105574160324,4.888330815437311e-14,5.0379995043380726e-14
1.8800,-0.0204126683513882,0.00035794239008109637,0.24055671128816228,-0.003336925765335995,-0.1636772374531132,0.0004068465894687898,-0.07282197012922735,0.00040663534447788754,0.35832923851183585,0.02413329291704763,0.02433265760699609,0.07308556391931145,0.0001912425273291306,-6.159164662570838e-10,1.1042585161929665e-09,0.1437311264758273,0.14212370687384776,1.074415412221407,0.0014362844972337374,4.889475326355641e-14,5.007029269281024e-14
1.9000,-0.0220158273147153,0.00038961835262565556,0.24773142865311004,-0.003622537267803852,-0.17745306609478853,0.00047096712475832106,0.000843906115127892,0.0003184757679949986,0.3685230798999453,0.025487373307054334,0.025652614105714185,0.08781068095266892,0.00020781303081346907,-6.159154601478253e-10,1.1042595437362453e-09,-0.013485952258704807,-0.015447393307312388,0.37624594041641574,0.00021863192573021945,4.5463619305873004e-14,4.6352400813031575e-14
1.9200,-0.022291909604614232,0.0004224931091423257,0.2551844846112742,-0.003924833013796438,-0.17937913931755478,0.0005176505138339633,0.06934069994066171,0.00022836630351329973,0.3708894285972916,0.024236871323860754,0.024378127080417974,0.08802931769597137,0.00019924071751757354,-6.159144514890654e-10,1.1042605744054613e-09,-0.07397889408667954,-0.07356482434615536,-0.35478890391729506,-0.0010350319815769081,6.35929433027635e-14,6.538155162671283e-14
1.9400,-0.021467875863865286,0.00045682784616943393,0.263169253611538,-0.004246401205179821,-0.1715127169251006,0.0005458570928051598,0.12276287111315823,8.673147395541079e-05,0.3878406743113883,0.020977572338212264,0.021128273522231775,0.0756983990027863,0.0001678120728773665,-6.159133286797885e-10,1.1042617237919894e-09,-0.3304671781210918,-0.33200726045593887,-0.7019642635631435,-0.0019773420068381255,6.449970223719459e-14,6.619756283930689e-14
1.9600,-0.019704142417341915,0.0004921808426698293,0.2708703312388552,-0.004585036035025339,-0.1551682332769176,0.0005528862201712061,0.15699634165342205,0.00012331630157287572,0.35483060611565853,0.013062733781948966,0.013178532315516243,0.059039966206024586,0.00012097241984457406,-6.159124088156958e-10,1.1042626607972238e-09,-0.5148876138486341,-0.5177204102047949,-0.9824955772745493,-0.0028552193671772044,3.750274965791736e-14,3.7918981648198125e-14
1.9800,-0.01730370667572457,0.0005283151331878626,0.27759309143824734,-0.004940402494633996,-0.13287260393424144,0.0005399245164334423,0.16855620524253162,0.0002869573704611327,0.30090242817326746,0.0030645161656978597,0.003157629626488022,0.034626144198130614,5.4533544465088555e-05,-6.159114126002904e-10,1.1042636787494532e-09,-0.542126674342276,-0.5435081646519347,-1.3246728955864797,-0.003604632001424446,3.0791721169348696e-14,3.1174763020624247e-14
2.0000,-0.01462583286868635,0.0005650841498862088,0.28268458771613986,-0.005311892678429385,-0.10771110253161816,0.0005113106163024388,0.16048742656000034,0.0006674486725198334,0.2118528552893566,-0.008594993374437594,-0.00854282308032763,0.0074668033208598215,-2.092224037555424e-05,-6.15910620410016e-10,1.1042644892404437e-09,-0.6003390482131081,-0.6027649012680991,-1.3784356358981864,-0.0038729267234192764,2.2806758516241352e-14,2.3229909071635288e-14
2.0200,-0.011983153753016347,0.0006023193100906653,0.28543315532032987,-0.005696999934177159,-0.08247983747949712,0.00047269186349615047,0.13884146794253,0.001281545725320209,0.09353824581035576,-0.019825787287963116,-0.019819629910515616,-0.01854714089730795,-9.414983192245227e-05,-6.159099556369124e-10,1.104265173272488e-09,-0.41480933482810567,-0.41461289545749586,-1.200476445367924,-0.0032536086190100085,5.303106586675155e-14,5.476642631150469e-14
2.0400,-0.009636604908899477,0.0006407382714715485,0.28604351736157163,-0.00609932204298945,-0.05965276937751577,0.00043162809598681624,0.11326584774311757,0.0019004167758542572,-0.001618457075972311,-0.02476171381802752,-0.02472205915724866,-0.0360010542505922,-0.00013852167906063618,-6.159090412598688e-10,1.1042661160344761e-09,-0.05469270009041538,-0.052087017832905626,-0.34795555692593283,-0.000651481393971695,7.55342647153559e-14,7.744521170194307e-14
2.0600,-0.007587485251958729,0.0006804816419385491,0.2844542627463159,-0.00651891521760831,-0.03934563555509155,0.0003895411385973967,0.0941001651100131,0.0026986303288923483,-0.11455106492788629,-0.027564631252183395,-0.027532482098216862,-0.041645004682149704,-0.00015018477682947898,-6.159083487160866e-10,1.1042668302100248e-09,-0.16972926551098938,-0.17290080499372365,-0.059789315706690244,-6.322867271132558e-05,1.8599163008337083e-14,1.91432495398082e-14
2.0800,-0.005835314150797484,0.0007216435891238179,0.28055233762550613,-0.006955158302493197,-0.021650953001283575,0.0003479877286114278,0.07741584494478812,0.0035628849482303125,-0.21974824111746966,-0.027153666265154124,-0.02708939753402117,-0.04326402843169345,-0.0001490349675255713,-6.159074144928172e-10,1.1042677930159882e-09,0.10211771850600308,0.10523616756876918,-0.04987959554247533,0.0002702786349221436,6.133753173345052e-14,6.320559852411589e-14
2.1000,-0.004445777419238963,0.0007649874544172085,0.2747923131045202,-0.007412059627725753,-0.007309601705324816,0.0003113545502883939,0.06119561730484426,0.004439621238595893,-0.30923418170743266,-0.025341956950686664,-0.02523389990035296,-0.04344378625609923,-0.00014170025259598815,-6.159064481309696e-10,1.1042687898841783e-09,0.13795765812623545,0.14171416938818426,-0.07520412329852594,0.00025007083562955657,6.750737393135947e-14,6.957585549360878e-14
2.1200,-0.0035552092167361955,0.0008116043666990849,0.26770873122157257,-0.007893941795518375,0.0022186956086616616,0.0002878339035819325,0.03835723847521581,0.0052434657500222605,-0.3698678551155109,-0.02250384672700083,-0.022314325696130555,-0.04600641691064688,-0.00013780659817170848,-6.159051430090419e-10,1.1042701381120837e-09,0.11510441061062093,0.11732523433361845,0.049577586954365795,0.000776633705926087,7.906576868915716e-14,8.148738845151215e-14
2.1400,-0.0030999868857657987,0.0008615334534924705,0.2591655917402335,-0.00839927960513745,0.007464646347149863,0.00027844283016957057,0.020794805935237123,0.006244216617211294,-0.44824695797118813,-0.02085010835827283,-0.020653555053915033,-0.04259608772938554,-0.00011462260363111075,-6.159040518983873e-10,1.104271264124839e-09,0.07130612070650712,0.07142183964434784,0.15507580470638924,0.0010910746196693,5.84951331079539e-14,6.035588831021857e-14
2.1600,-0.0030873821332744475,0.000915275892724177,0.24927956927200165,-0.008929449504538644,0.008303456379557851,0.00028718190722602896,-0.0012414425402940215,0.00720586834723867,-0.506223215567073,-0.01803929081791376,-0.017787581639690284,-0.04027692930157629,-9.288433863184835e-05,-6.159026061836642e-10,1.1042727530173853e-09,0.1962744483393334,0.20216487102083805,0.08070220250775645,0.0010420454036998187,9.075466073094063e-14,9.31908494599884e-14
2.1800,-0.003621298243299964,0.0009746822929420002,0.23885271227724614,-0.00949653721558654,0.00368750646190936,0.0003234911599000681,-0.03143515722076178,0.007962620653638428,-0.5230198851604471,-0.012959717820327621,-0.012538376930105734,-0.03874943007134753,-6.759216798708046e-05,-6.159003767115235e-10,1.1042750402713898e-09,0.27550251313905283,0.28469497066014776,0.08187369730938818,0.0014747369770725216,1.2065978912626646e-13,1.236881419768715e-13
2.2000,-0.004790706591624359,0.0010416646958812852,0.22870122390376985,-0.010113410843129207,-0.007208279689633709,0.00039769808612556565,-0.06894296369629502,0.008454545886707254,-0.4988866034657728,-0.007331575508078442,-0.006726211888045703,-0.036511415950688846,-3.160672427781754e-05,-6.158977926114888e-10,1.1042776865740814e-09,0.32084838909716457,0.3309116591869072,0.18886157284746474,0.002465070761644951,1.5120969255356942e-13,1.5467472138167015e-13
2.2200,-0.006596256960602502,0.0011179727628833687,0.21960791958011827,-0.010794769322739201,-0.02424221542112518,0.0005170770311314977,-0.10624192554625018,0.008609398572005584,-0.4344884615014313,0.0002821978340790225,0.0010974273309013803,-0.02834451779396235,4.495233377200124e-05,-6.158943693906621e-10,1.10428118219774e-09,0.42675591354935205,0.4374464333401167,0.6010008302420388,0.0050476787682863225,1.8909120146418101e-13,1.928281210920868e-13
2.2400,-0.00889472876261759,0.0012049850886581678,0.21229689025722964,-0.01155776122651799,-0.045820038432335286,0.0006818223851391738,-0.13334879532182514,0.008367564031836399,-0.33404337350414265,0.009982241227064299,0.01101563530819752,-0.011521268123791286,0.00017895167840708103,-6.158899669839461e-10,1.1042856641652171e-09,0.5000722055793201,0.5099589356729552,1.0182708999197032,0.007791904407630067,2.2835466156889694e-13,2.3213489507359353e-13
2.2600,-0.011398038382685093,0.00130347299990541,0.20735081185318985,-0.012419013461804001,-0.06902411511228321,0.000882912281758599,-0.13881686879624575,0.007692490520778849,-0.20624421603401819,0.019822223614571706,0.021024952059088123,0.011087386835728064,0.00034876862899628285,-6.158853086300571e-10,1.104290393134685e-09,0.5178609089776928,0.5257085924492566,1.2950477785513106,0.009672950116586232,2.5922699316976994e-13,2.6286839458627975e-13
2.2800,-0.013782161385317054,0.001413922799432035,0.20527535408405073,-0.01339298338016614,-0.09076858010015935,0.00110616128607276,-0.12140278849489598,0.00650364787803225,-0.05359412594711503,0.029521976318339617,0.030880343142680424,0.03477788361111208,0.0005338843426930687,-6.158797308558118e-10,1.104296045710857e-09,0.44015657205005576,0.44591925321245035,1.128796186763539,0.009100167760035228,2.677055083687152e-13,2.710833944472024e-13
2.3000,-0.015754459567758797,0.0015337910307866146,0.20638349312761625,-0.014463713754029318,-0.10842143458187359,0.0013320055552678484,-0.08134954987619411,0.004677294327314286,0.10565834056718149,0.03696947753639651,0.0380037443948239,0.05554110885814159,0.0007265674723658665,-6.158763635868778e-10,1.104299483331759e-09,0.29877032765777134,0.2699742624929653,0.8694756982844916,0.009056685859624717,1.3231416288138342e-13,1.3600001658696514e-13
2.3200,-0.017044160146802458,0.0016584120933192603,0.21061375252568107,-0.015595078903696461,-0.1196364476421825,0.0015330973508749545,-0.02481287889212335,0.002496642693787468,0.2532019755837593,0.04073684855322203,0.041427953178266114,0.07125554653658087,0.000865420728445234,-6.158724842731104e-10,1.104303428594482e-09,0.06230400155857907,0.07042677536449538,0.4584760170169014,0.002685525464597015,3.1346989890976285e-13,3.168655659038788e-13
2.3400,-0.017533004993643818,0.0017921212092007752,0.21771345366148134,-0.016832527709796923,-0.12346352231987283,0.001694779983715309,0.03338063470949042,0.00042447877154149963,0.38783865074090784,0.03975881589068987,0.040776458584755884,0.07458884331542698,0.0008615734558485266,-6.158664480939585e-10,1.1043095211971957e-09,-0.1492676214369895,-0.13497702452652224,-0.029006105231568307,-0.0019281120677279568,3.0003506189951734e-13,3.0246492159838323e-13
2.3600,-0.01727106386376419,0.0019363025405066624,0.22725096359612199,-0.01819234506958508,-0.12040988070591546,0.0018090410423033194,0.08252874022927349,-0.001599486360673959,0.4976272544400958,0.03425155072667726,0.03545785339356853,0.06718946797425775,0.0007674751876406347,-6.158597346851045e-10,1.1043162933751208e-09,-0.361556397098224,-0.3568882460974282,-0.6188534228414254,-0.00675485312817534,3.205470828007706e-13,3.2331656883016757e-13
2.3800,-0.016351075388474582,0.002089659745498699,0.23839515525050478,-0.019667890262876436,-0.11128367046742138,0.001867144226830828,0.11903980186667765,-0.0031273761663777695,0.5578559506597485,0.02563238882976802,0.026761914920655824,0.056222954591948954,0.0006323743361699582,-6.158543023486662e-10,1.104321765405718e-09,-0.5322986228673096,-0.5438680610213383,-0.5228849722443119,-0.007482576312889804,2.6317587432239664e-13,2.648722712515761e-13
2.4000,-0.014805171827371249,0.0022490229145433306,0.2497934100939399,-0.021240704283749665,-0.09627366316439638,0.0018525757529638358,0.1399038789329801,-0.003710743346910287,0.5548773233632148,0.013558302568942467,0.014429961448963625,0.04054855084711956,0.00042448447406515246,-6.158493478623279e-10,1.1043267516752267e-09,-0.6588234598059262,-0.6729724636956825,-0.9949996468247897,-0.012801799023073436,2.2876137290885057e-13,2.302116017347672e-13
2.4200,-0.012909386150571326,0.0024128222802715375,0.26041075566824157,-0.02289793120703234,-0.07780678032982392,0.0017755780226515353,0.13897128875574208,-0.0033202269402492603,0.5057224454106831,-0.000360669775275345,0.00021909237956235252,0.016525040996889284,0.00012296054640578664,-6.158452513102375e-10,1.1043308755094753e-09,-0.718036579671066,-0.7331624872427236,-1.3447362423587674,-0.01668235024940847,1.8083627585825657e-13,1.8213059641176976e-13
2.4400,-0.011066950247565738,0.002582431588893572,0.26981461865835027,-0.024639630989412104,-0.059598594755984696,0.0016720530711555376,0.11773864468386756,-0.002458180893016705,0.4490663631224419,-0.011733278851885867,-0.011229820153031755,-0.010604734546722387,-0.00019674108571313714,-6.158410395307391e-10,1.1043351218291611e-09,-0.5369991636116899,-0.5392342665374836,-1.3476625343290778,-0.01564750257286915,2.5605976757339666e-13,2.5826340848897344e-13
2.4600,-0.009480002750373695,0.002758267506198411,0.2775235943491579,-0.02645611877844707,-0.04360724411998591,0.0015667555945175398,0.09286750158577112,-0.0005420757580703847,0.3567616302097349,-0.021990494657509733,-0.021700188893049015,-0.030882560155340716,-0.0004393248331124165,-6.158376557002646e-10,1.1043385345558461e-09,-0.3741860240724298,-0.38178316900023507,-0.6957939553758864,-0.00828546742705877,2.403443112933279e-13,2.4234203511129537e-13
2.4800,-0.008185807138978115,0.002941090868995701,0.28331028109370154,-0.028345726556035684,-0.03027190640808054,0.0014706865883870207,0.06957737381527482,0.0017903363033077492,0.26387036098032024,-0.02647962009271186,-0.02620958658898284,-0.039591069218024175,-0.0005342392171383607,-6.158338603609096e-10,1.1043423603313716e-09,-0.14801597046190643,-0.144992557343595,-0.3421672542308054,-0.0034778715763798956,2.3904562682607045e-13,2.409226789422403e-13
2.5000,-0.007193124806118169,0.0031315896504530345,0.28700539210372117,-0.03030660073738508,-0.01975719571775618,0.0013930918590452565,0.04977260804665548,0.004934109630374075,0.15472908691084153,-0.029000616957607726,-0.0287903148108195,-0.04245919517068603,-0.0005564537839890748,-6.158305347929933e-10,1.1043457115034404e-09,-0.04768923458586173,-0.04568552524391006,-0.04430563519659504,0.0003093045042781067,6.534829372507184e-14,6.5904584307247e-14
2.5200,-0.006459836477699533,0.0033297742087269474,0.2883718287906106,-0.03233479139037288,-0.011714927756891426,0.0013357915741004228,0.033920198684879735,0.008715150055090642,0.03978494947845173,-0.029569649164725605,-0.029373228481133287,-0.04133110789454492,-0.000525463972459004,-6.158271748689736e-10,1.1043490948265895e-09,0.015256178413065393,0.017515572929894287,0.09160917372762845,0.002148086171407426,7.227038249530554e-14,7.279978486360306e-14
2.5400,-0.005984598126794513,0.0035372211237629896,0.28745381859058333,-0.03443829679841185,-0.006177097082080867,0.001307200507059656,0.019880168786314285,0.012967969240785282,-0.07302310388963594,-0.028621873860660917,-0.028334696486705484,-0.039189881366248555,-0.00047516545151729566,-6.15823119492239e-10,1.1043531762008257e-09,0.12170561971475298,0.13722768105395006,0.0660305314041669,0.002329329840357394,2.9304976414262773e-13,2.948690553880584e-13
2.5600,-0.005792614367392528,0.0037562852737576743,0.28444264821147225,-0.03662937618362738,-0.0034249155605135134,0.0013214151515383516,0.0060200932319184166,0.017585813488474003,-0.1799743719982318,-0.026926558676027893,-0.02652669602380563,-0.036918687846287816,-0.00041336757610802754,-6.158192406478769e-10,1.1043570796387966e-09,0.0027117214280272446,-0.009764852176842587,0.19975366695820906,0.004054084115262411,9.434552477368546e-14,9.500211760934268e-14
2.5800,-0.005884632907795885,0.003987877056209647,0.2792742873166769,-0.03890909756139864,-0.003482910083098682,0.001388709299003162,-0.010526810603038303,0.022522995935825463,-0.27861509213275987,-0.024907160555348758,-0.024248538267412387,-0.03650659017392347,-0.0003823169691283248,-6.158135068211605e-10,1.1043628478157214e-09,0.15398645552167958,0.18563642684476014,-0.2348434063248449,-0.001967400972089515,4.4337851532599837e-13,4.4617776270503007e-13
2.6000,-0.006444840387483743,0.004239055854517646,0.2725602620394424,-0.041313154207591914,-0.0081714023196427,0.0015607336261510571,-0.0367418999093961,0.02726050396639783,-0.3521510158458244,-0.022847001657172145,-0.021793748051961964,-0.039709117094238494,-0.00039180728819897503,-6.15807252852111e-10,1.1043691402108199e-09,0.09964168093263448,0.1174038898985354,-0.10636909212088763,0.0008456806176215579,2.7651540996168067e-13,2.783799666478126e-13
2.6200,-0.007512068866409699,0.004513444773035882,0.264493994132467,-0.04386131007356076,-0.017824437852612895,0.0018656794501667683,-0.06596869364053734,0.03217831818246702,-0.4160854285743084,-0.02023305810642089,-0.018802769850213032,-0.039078364304304065,-0.0003132957646048218,-6.157998275192203e-10,1.1043766065516789e-09,0.12884026965887732,0.13837293896048786,0.24545235984867225,0.008179492796885176,2.884429349016282e-13,2.898926758365672e-13
2.6400,-0.009013143125072818,0.00481187748736892,0.2550247475117084,-0.04656551756154328,-0.031629507616811624,0.0023079147214167288,-0.09372176135575519,0.037833492625019796,-0.4874451975813249,-0.01780617322320133,-0.0162447216877766,-0.03334960023345079,-0.00013067250814144407,-6.157922628673533e-10,1.1043842084905594e-09,0.16502877123679457,0.1727487708939759,0.4466139936848078,0.012715748199690331,4.1498309779827713e-13,4.16823856246723e-13
2.6600,-0.010841839136425791,0.005136318304474101,0.24434066373777882,-0.04945732872591121,-0.048448550359424206,0.002882209539522345,-0.11915859809317282,0.0431874566348691,-0.5391181120825811,-0.013061885721744718,-0.011128892640921411,-0.023243225603744373,0.00016800086943388097,-6.157823310222391e-10,1.104394181344048e-09,0.3251794550625097,0.35486245309764747,0.6084945690064901,0.01842722238238358,5.819037742979538e-13,5.841287739963286e-13
2.6800,-0.01287234865359077,0.00548385586344637,0.23322268593671117,-0.05252676574749629,-0.0669893547009942,0.003572442349603758,-0.13735695411554558,0.04617648406560246,-0.5461455335588806,-0.003113297977946858,-0.002121202921822503,-0.006669941668542476,0.000804049335703885,-6.157800274310105e-10,1.1043965364028954e-09,0.6354808550078853,0.4733332406804149,0.9918494498007968,0.04511424344209632,-4.993692091781465e-13,-4.967283095264063e-13
2.7000,-0.014918970735271615,0.005812230894620507,0.22282702358662754,-0.05540090739209059,-0.08545637873830526,0.0043112479037335704,-0.14175295131678664,0.043222309710338316,-0.49111430213561,0.01118199234505602,0.0075347994158508754,0.012253229730280755,0.001791098695074622,-6.158000613733974e-10,1.1043765617218063e-09,0.8242474845078706,0.5164284903006529,1.177049816583694,0.059196987619856464,-1.6106953010935898e-12,-1.6077362965244424e-12
2.7200,-0.016709672103606427,0.00606775040895119,0.21422149021549908,-0.05761551495238587,-0.10133769844654075,0.004973131027213209,-0.12347879840496541,0.03432747821539667,-0.3904550565778647,0.027840686297528033,0.01757215593634014,0.03595206906454903,0.0029524939392823794,-6.15842101337789e-10,1.104334590423408e-09,0.8113231039436475,0.47911548811566496,1.1009432734269844,0.053442477504057964,-2.5016533983235334e-12,-2.4977771587164632e-12
2.7400,-0.01799460448422976,0.00620467148122636,0.20828181103570131,-0.05877860535273116,-0.11241518323386204,0.0054226573822130884,-0.08437569151291643,0.020191185689896883,-0.2517261561134435,0.04255373720327224,0.026082876694759297,0.056892357809492033,0.003891167628510374,-6.159006015381325e-10,1.1042761636847003e-09,0.6471300378309948,0.36764058972369595,0.9807159884883256,0.04007945221026281,-3.2555815682178135e-12,-3.2521333716284406e-12
2.7600,-0.018561032850398156,0.006191016839231243,0.2055402827349475,-0.058618159250925145,-0.11683579058007068,0.0055451238252046215,-0.0298295787960046,0.0027618364662766954,-0.09058216556938883,0.05283150639269165,0.031975456528942056,0.07141319105565434,0.004454600463320617,-6.159683531020404e-10,1.1042084891637652e-09,0.3829221048811389,0.22100674728121053,0.5300128550705252,0.01818970726804542,-3.5307529469563725e-12,-3.527203269043655e-12
2.7800,-0.0182929101745391,0.006014327525426295,0.2061794024453876,-0.05702851059704148,-0.11358666136988108,0.005291147374185387,0.032154965651186286,-0.01505346008943138,0.07047467754686346,0.0572521366436984,0.03453595485891211,0.07894099039085775,0.004630196846177285,-6.160409222376368e-10,1.1041359977810767e-09,0.04765694217704604,0.03700568467102836,0.047521243752616744,-0.003614640205399665,-3.265057495205337e-12,-3.2609019651186344e-12
2.8000,-0.017281323724247892,0.005686702312656564,0.21020327537168965,-0.05410726622097186,-0.10346595250773118,0.004721591451326451,0.08395007335271894,-0.03122484351635014,0.23345177561375913,0.055008864039860925,0.033670852064385456,0.07289009976621812,0.004315834398005848,-6.160983834010684e-10,1.1040786102891823e-09,-0.26519469732991036,-0.12441422639175923,-0.5312811267808676,-0.02580183615548278,-2.7702263226403456e-12,-2.7667950396048635e-12
2.8200,-0.015700095950831293,0.005240354017479269,0.21719652064008163,-0.050128088157742806,-0.0879577676806168,0.003956399739965896,0.1192654146762819,-0.04291589183451591,0.37196099490000467,0.04642860004449937,0.029388585146425707,0.05854013935775402,0.0036124194945497973,-6.161433342702671e-10,1.104033732055458e-09,-0.5698947388851485,-0.2838494516122315,-1.0205150151823892,-0.046366535680931825,-1.7225079869398474e-12,-1.7186792353879321e-12
2.8400,-0.013829272446198589,0.0047246067286984455,0.22649720935715592,-0.04551089012121296,-0.06953616993456631,0.003150024236074926,0.13088725885651792,-0.04894790131614578,0.4786355851570252,0.03235598633839083,0.02221507729457568,0.035970483604266364,0.0025194945954675006,-6.16165848252482e-10,1.1040112856340003e-09,-0.8130524464503046,-0.41678420407243594,-1.271384661246586,-0.06290966113851577,-4.848609578070318e-13,-4.813156167030042e-13
2.8600,-0.011940939059871161,0.004197302787256164,0.23712426335400538,-0.04075988539264199,-0.050688148428445885,0.0024283703235382505,0.12309212459147215,-0.048665150719268656,0.531773302231722,0.014281567223899989,0.012791491065281206,0.010865895771745888,0.0011519773748715541,-6.161626015844685e-10,1.1040145891885004e-09,-0.9663913517726914,-0.5155272114359606,-1.2453828216385723,-0.07200879312469738,6.652073640187051e-13,6.678059797857183e-13
2.8800,-0.01023441765145427,0.0036989514950364617,0.2479045308801762,-0.03623291576709958,-0.03332524940251644,0.0018523617126181247,0.10149751391738178,-0.04446537655841744,0.5304942680067536,-0.004405750088093509,0.0009114445354831691,-0.014467389856373187,-0.00016714300589931443,-6.161508321890601e-10,1.104026409126758e-09,-0.795089095459525,-0.5937606861506981,-1.1161558173949238,-0.05193576137752096,4.725437706062929e-13,4.747722397516196e-13
2.9000,-0.008866873073137667,0.00322879566921524,0.2579629461238164,-0.03190714493659702,-0.019045663796216816,0.001428549455170609,0.07453034310897545,-0.0393096077017099,0.4865267559983081,-0.017307445679492942,-0.009781875207087296,-0.03199791447374888,-0.0009475587805291171,-6.161431953262381e-10,1.1040340844926885e-09,-0.5609426205757995,-0.5045099208057828,-0.690222246742157,-0.031281471479594,3.450256573500621e-13,3.4686435581438024e-13
2.9200,-0.007857305223459623,0.0027802098397515036,0.2666036085882921,-0.027723152351911185,-0.008140034240853621,0.0011305470146463791,0.05018474429143925,-0.03400756466061732,0.4096081028049451,-0.02659488201667282,-0.018757664598582614,-0.042211288543289927,-0.0014223330835130433,-6.161370845100394e-10,1.1040402315885959e-09,-0.3480401802648085,-0.35616765243682014,-0.4998294274827397,-0.01825591578023986,2.8271997373416347e-13,2.848643087909053e-13
2.9400,-0.00731495278120516,0.002350061098452135,0.27375427389447965,-0.023651702487549883,-0.001780056157728679,0.0009447338795817007,0.020988900983127525,-0.029706931837895245,0.3418748184444791,-0.030441020573356143,-0.022880953554321196,-0.05030712190185345,-0.0016970292560468893,-6.161319943486469e-10,1.104045361208876e-09,-0.09414058857841445,-0.11526344222386593,-0.287611158372063,-0.010926180059233057,1.5951286515616947e-13,1.6067263622007721e-13
2.9600,-0.0072947426232889785,0.0019355998978219933,0.2796350992463591,-0.019680091991862252,-0.0005825600843801863,0.0008437360811052989,-0.00431303378897981,-0.026186797805806628,0.2719934127791117,-0.031383887558481795,-0.024518310803221918,-0.05097127863901278,-0.0018305779744307484,-6.161277961676597e-10,1.1040495980963553e-09,-0.03791574116186835,-0.087781653044705,0.2511390885250486,-0.0015737534131891892,1.8935642442062528e-13,1.9139369451283417e-13
2.9800,-0.00767096315100319,0.0015295389314894541,0.28368610806065325,-0.01576640769505339,-0.003318292214739263,0.0007814931624766284,-0.023252729318566336,-0.023209871199853873,0.1802909760790694,-0.03108462824011883,-0.025143629960979585,-0.0465560641549258,-0.0018383356838623968,-6.161252329309818e-10,1.1040521942461792e-09,0.08705580736364987,0.04592504139875693,0.292051333553002,0.0011707795268640674,1.4276598024436093e-13,1.4464034896015387e-13
3.0000,-0.008352875979381499,0.0011279004384437455,0.28568156872118705,-0.01189345764790872,-0.009068291247840903,0.0007261884555468789,-0.036867429526099386,-0.020950317012023698,0.0719741632781459,-0.030251093902706767,-0.025167776694789746,-0.03941068367941263,-0.001789309071577817,-6.161236209863816e-10,1.1040538311069581e-09,0.09270574136517194,0.05617738448224791,0.27401317657547863,0.0026137139836727363,1.0571815504175491e-13,1.0754231164443462e-13
3.0200,-0.009295129728452653,0.0007277739359425452,0.2854137792278538,-0.008047523650038801,-0.017349773416116578,0.0006561526547141076,-0.051054128348352504,-0.01960818532717886,-0.04123263134333338,-0.02909332107144964,-0.024687620658606226,-0.03468881819304919,-0.00173640806915385,-6.161225220893972e-10,1.1040549535674673e-09,0.14460739316763147,0.11544119028961307,0.13220753950388173,0.002495308736406785,7.26526179712153e-14,7.446452308934592e-14
3.0400,-0.010521161975748209,0.00032720990036199044,0.2829747886863509,-0.0042199111883386405,-0.028346480327721316,0.0005553345600607025,-0.06844544926440282,-0.01926150902409397,-0.14965364361070602,-0.027333718435003346,-0.023517083949204397,-0.03167635573951882,-0.0016873933354188682,-6.161217991748763e-10,1.1040557008294162e-09,0.06648282237014101,0.038043425051372794,0.14832541943232622,0.0024634761642817055,1.1869039009005516e-14,1.2504655920756932e-14
3.0600,-0.01202953177987552,-7.598946514924964e-05,0.2783327447796593,-0.0003993804332778662,-0.04198302582986891,0.00040597322009824194,-0.08818051252619966,-0.019854083725224743,-0.2611436670980737,-0.025567409653365018,-0.022276227883329794,-0.02848342801903722,-0.0016416503105653934,-6.161214929720162e-10,1.1040560317306642e-09,0.1747731262060236,0.14946987708683876,0.36243325288559936,0.0027362143993054982,5.6601494392610925e-15,7.569821641262645e-15
3.0800,-0.013787209695838637,-0.0004839021453574,0.2715263393155134,0.003426519510399059,-0.05787268033825016,0.0001913200946357799,-0.11109311688475869,-0.021371435466888505,-0.3588318054894057,-0.022498707602095675,-0.019688123614631535,-0.025085562054838823,-0.0015928444263637906,-6.161217085255074e-10,1.1040558443699328e-09,0.18989139819918316,0.16632140146582622,0.15179794086288867,0.0020896275345122202,-1.6494004919471658e-14,-1.5556691812567205e-14
3.1000,-0.015823689640277583,-0.0008987723436258644,0.263063682604058,0.007273781372335518,-0.07622597251156436,-0.00010530828256559579,-0.1366407964233642,-0.023604912858578124,-0.42898040674191884,-0.017026285036880338,-0.014732233695991333,-0.01993204757409692,-0.0015616658549198264,-6.161227568598665e-10,1.1040548313261682e-09,0.31201320971554203,0.2874476225862763,0.4465821882004762,0.0005406764038692055,-5.407360079449572e-14,-5.291571353186267e-14
3.1200,-0.017966766277634858,-0.0013226175110894634,0.2533751497992891,0.011163229399126241,-0.0953573591744608,-0.0004921588946753029,-0.15082219129840174,-0.026391144523974997,-0.48994133326704475,-0.010295439677488997,-0.008449782520736948,-0.005286689295926923,-0.0015710711692263687,-6.16124442641291e-10,1.1040531719944927e-09,0.4073170559098667,0.38457328339662034,1.0684452059769987,-0.0013511958867668387,-1.1192976612835887e-13,-1.1065071927295056e-13
3.1400,-0.01980197927032617,-0.0017557335326395657,0.24267865294729435,0.015114686610438076,-0.11142433310122263,-0.0009463215813660543,-0.1437760658482669,-0.029378336267007383,-0.5293389403399412,-2.3541171871750742e-05,0.0013290286722528726,0.019086504305263156,-0.0016149049733805189,-6.161274951683263e-10,1.1040501465427634e-09,0.5880032298041691,0.5616641818952457,1.2892540242971404,-0.0028962272681483745,-1.9223286699433795e-13,-1.9080434931692536e-13
3.1600,-0.021025668426391184,-0.0021987953033573856,0.23189199994670398,0.019156620782488587,-0.12173782191441178,-0.0014245947010002298,-0.11588066186202495,-0.0318905897862063,-0.5226773337635421,0.012973917537267027,0.013719527928259112,0.043898172362329915,-0.0016794082063241833,-6.161327417525536e-10,1.1040449347036377e-09,0.622431993891678,0.5924957143123836,1.0901837598569775,-0.003520423958249068,-2.9601006975438215e-13,-2.9432093697975836e-13
3.1800,-0.021505548155591265,-0.0026535461268853457,0.22213832571392472,0.023325365424408624,-0.12519656837063123,-0.0018797560190859273,-0.07236751148626026,-0.03326435409169571,-0.46230944726420775,0.02422511818797341,0.02432518074011081,0.05911556034865734,-0.0017278897898643387,-6.161398957111314e-10,1.1040378238583596e-09,0.553515769138326,0.5146672827443624,0.48186174160500267,-0.001008163194064206,-4.477552768659965e-13,-4.4505268611064186e-13
3.2000,-0.02124150490680594,-0.003117965432633119,0.21448535035549743,0.027619788347771054,-0.12184382004029105,-0.0022652487141315483,-0.020496192089736083,-0.03252299712054377,-0.3515551741866096,0.03332528660841574,0.033590438678385216,0.06704980571665008,-0.001809850610413802,-6.161433473214566e-10,1.104034425123199e-09,0.33663182885427456,0.4289543867074996,0.3418916932127912,-0.00902112456523707,2.223411613242604e-13,2.2530087062481996e-13
3.2200,-0.020172753998898008,-0.0035599908229377356,0.20943447169363621,0.0317668951332606,-0.11108084099584045,-0.0024946550004049084,0.03790487473250706,-0.028278160901103626,-0.22191903002200167,0.03735876936123698,0.04086022545389946,0.0711809093256705,-0.0020483935140139784,-6.161301060663047e-10,1.1040477207822065e-09,0.08556550449658708,0.28703527413296315,0.06206246604161569,-0.01319305475399475,9.979482518129856e-13,1.0005639979743242e-12
3.2400,-0.0184056762034605,-0.003947705015715945,0.20732563150034808,0.03548937814150099,-0.0937561881321392,-0.0025116166307906918,0.08830459496873845,-0.020929208142770554,-0.07439431609116622,0.03693449953770123,0.044243535119082716,0.06593120898306375,-0.0022362597923881174,-6.161063035785461e-10,1.1040715840017663e-09,-0.11183392005224461,0.05528556071118203,-0.542295998774534,-0.005366696425694948,1.3599932811858562e-12,1.3628824631350955e-12
3.2600,-0.01622003429679295,-0.0042676170561827265,0.2083603085859496,0.03866436656139268,-0.07229338001562409,-0.0023282811966029745,0.11943961224669322,-0.011743854815917585,0.08180637615805528,0.0328437019656198,0.042654633508025445,0.05094115485745801,-0.0022473172151922026,-6.160785938724885e-10,1.1040993598532637e-09,-0.28368290955242315,-0.20224004418471062,-0.9341497174551328,0.0044757776280083695,1.3604523323856865e-12,1.3640998053343623e-12
3.2800,-0.013892292396353874,-0.0045210167093024806,0.2122902005914457,0.041291423194460324,-0.04915190156196707,-0.001996246012077466,0.12887195482742014,-0.0025724392755300217,0.22290536120899868,0.025594326010341506,0.036023700314032576,0.03064089002632922,-0.0020580120455175764,-6.160526743880475e-10,1.1041253461399544e-09,-0.42485860658667773,-0.4423226436288858,-1.1209379720030366,0.015040306761376384,1.1630434029047398e-12,1.1664334862576675e-12
3.3000,-0.01173095705690885,-0.004723362627540185,0.21863609551450364,0.04347998242932411,-0.027235306732208947,-0.0016024909332627588,0.11464548138395629,0.005227745731549561,0.34119435358502276,0.01614527395661576,0.025152374420360078,0.005337317643586077,-0.001607568552690633,-6.160339662996922e-10,1.1041441233211531e-09,-0.5057145745260914,-0.6223763002338506,-1.3548439328240591,0.028893024040032175,7.011518102228997e-13,7.046353518030957e-13
3.3200,-0.010040943336013956,-0.0049009274375581445,0.2268724767438115,0.04542301210828323,-0.00959744598808275,-0.0012482353235248865,0.08303881286951281,0.01072545443830759,0.4304390905764063,0.006310131133207682,0.01215640702783863,-0.019781516442446044,-0.0009600214832767436,-6.16026142298222e-10,1.1041520156231048e-09,-0.47129183384502515,-0.6618453575243991,-1.1279071411303123,0.034704348275750224,9.707947607687922e-14,1.0040944041934258e-13
3.3400,-0.008980164637329074,-0.00508363182891966,0.2363189514204192,0.04735913817108752,0.00202089452411633,-0.0010044978308818714,0.04462862567639951,0.013303642542309018,0.48256953523029084,-0.0029646444676457123,-0.001640881912543182,-0.039803607104876265,-0.00020315805065674854,-6.160316033833101e-10,1.1041466211563338e-09,-0.39515782613556055,-0.6273932541803351,-0.7412281850752276,0.035375549567675954,-5.904247360119519e-13,-5.874355906224094e-13
3.3600,-0.008572502157676304,-0.005295474670052428,0.2462156812911512,0.04949206210804356,0.007213173057337945,-0.000906023356737859,0.009429011398448381,0.013307396862451502,0.49573519600397675,-0.009636409776284762,-0.011869214141357878,-0.04876079908538279,0.0003130612641314969,-6.160423766745317e-10,1.1041359001411123e-09,-0.32495106528793427,-0.45499424815235356,-0.2563248772026226,0.018472439519320077,-5.27417736220781e-13,-5.248908946375863e-13
3.3800,-0.008735905139951778,-0.005538544569860495,0.2557902518821009,0.05183375680788479,0.006713429452443963,-0.0009543630132080992,-0.018055814436218006,0.011542387964164553,0.46966200658165025,-0.01562709179892796,-0.019443228623095377,-0.05031302336443503,0.0005287421227317941,-6.160523899566732e-10,1.104125931934459e-09,-0.2777882809390763,-0.3207525113215785,0.05415247791697024,0.005259575281279433,-4.702558329718054e-13,-4.682555341736783e-13
3.4000,-0.009366577670458077,-0.005810057963153156,0.26425594400919816,0.05435906237008866,0.0015584729642529544,-0.0011416128184620854,-0.0379802883018097,0.007821963492859501,0.4048096550079053,-0.020748016296786884,-0.02484123680277861,-0.04753521699201208,0.0005521158108971788,-6.160608534533412e-10,1.104117503297656e-09,-0.23458372256861346,-0.22809143455944816,0.18531563386699884,-0.001462583267606313,-3.8294730884610995e-13,-3.814134880326947e-13
3.4200,-0.010397004439583605,-0.006107959058865433,0.2711195325047513,0.05705177900095003,-0.007531009706083324,-0.0014671009574014908,-0.05515350444488012,0.0031099493966017886,0.32737510351268706,-0.023017055510201945,-0.027127128368689923,-0.043795436737598475,0.0004847922368124811,-6.160707571938751e-10,1.1041076370703546e-09,0.015396719766988913,-0.01214177458741795,-0.14016750088177435,0.0026007679391848986,-7.061987713358198e-13,-7.034248400775156e-13
3.4400,-0.011955285225622302,-0.0064404520506591316,0.27678408335915344,0.05996057134224006,-0.021730552137375233,-0.0019905609930011003,-0.07961491088119615,-0.001275742920401501,0.26930111041110893,-0.023093004404654362,-0.027403616790016034,-0.04426385263491223,0.0004643542057705409,-6.160812291511065e-10,1.1040972025195079e-09,0.029723095310106425,0.02671734280581774,0.16814989082342618,-0.006706013329853855,-5.784273884520963e-13,-5.766064709034069e-13
3.4600,-0.013906455763814602,-0.006802873911415026,0.28064470242401773,0.06306529454973753,-0.03958571693648924,-0.0026928767120653,-0.09555902350865551,-0.008101191563974777,0.17065744105588346,-0.0240488675059115,-0.02783409976076991,-0.03756522751832966,0.00026002563028801703,-6.160888275221221e-10,1.1040896270594733e-09,-0.02553690719534043,-0.001485261829430526,0.32760136234574966,-0.010159580491825351,-5.930901386327903e-13,-5.913559572578997e-13
3.4800,-0.0161011080554113,-0.00718760345374602,0.28197170549240386,0.06632493393217644,-0.05954354683327347,-0.003542536603072575,-0.1098460852256817,-0.017410995098444293,0.037716616450986784,-0.025861382225949747,-0.028688521814057736,-0.02980810741966956,4.2808771271320336e-05,-6.160941456925867e-10,1.104084322881993e-09,-0.10260442475902833,-0.04877868565375666,0.37039084982585446,-0.009730909217923656,-2.2196247661046553e-13,-2.2141110559564803e-13
3.5000,-0.018515772523583843,-0.007595312737311495,0.28071487567706793,0.06975573987375376,-0.08130702550066497,-0.00454679774866282,-0.13050571434962416,-0.026884076170800592,-0.08061328885805973,-0.024442333548555576,-0.027124680262816274,-0.025307817567179113,-0.00011015752462295002,-6.161034188740931e-10,1.104075072644129e-09,0.1336208323759791,0.1256516966375256,0.18954396918741606,-0.007764982611161637,-2.6567344244693425e-13,-2.6512055354907527e-13
3.5200,-0.021174968347269306,-0.008033273935322736,0.2773478948638998,0.07342961655418936,-0.10503774110402066,-0.005735276058354166,-0.1537955894783384,-0.03591511983593446,-0.17619702068373622,-0.02047850368815044,-0.02354552334996384,-0.02010613486140934,-0.00033731346533556853,-6.161143845448473e-10,1.1040641302200249e-09,0.29582518808448427,0.26449964365819895,0.43204809781573633,-0.018602414310633104,-8.35256017996111e-13,-8.335645541868164e-13
3.5400,-0.023917118294352092,-0.008502871521027093,0.2724157975070659,0.07739331319638547,-0.12918664971023947,-0.007071995168687202,-0.16736845213668125,-0.043351689591596555,-0.24286959872688732,-0.01264014361948485,-0.015766106523992192,-0.00571306838110701,-0.0009865883286119836,-6.161244869593274e-10,1.104054052514208e-09,0.4082927863236135,0.48647934169243884,0.9882314414587047,-0.046517391025016036,-3.144332125400162e-13,-3.1285157841079436e-13
3.5600,-0.026396064450978137,-0.008972488487809476,0.266412672004879,0.0814051572451859,-0.1506287483092867,-0.008409092787454202,-0.1622674657651325,-0.04719686963709776,-0.28395924601695477,-0.004659081820545112,-0.005159342565688852,0.014017432266721986,-0.0019744738348805237,-6.161200109719704e-10,1.1040585494238178e-09,0.47344479978025195,0.6662526929033021,1.1397006390758486,-0.05952894590293514,4.635474946598772e-13,4.650444525994279e-13
3.5800,-0.028288903259513023,-0.00939801114143142,0.2600272977241876,0.08509300274018769,-0.1665857845999844,-0.009556919682377884,-0.13600480407061885,-0.04684233848419388,-0.3029614037556422,0.004796526855501941,0.010137013089186108,0.041084611976443974,-0.0033533006606339937,-6.160924653831135e-10,1.1040861167421466e-09,0.298130150095456,0.6106398211370481,1.2138352291047585,-0.05785144024753093,1.8948672925872545e-12,1.8952458959858864e-12
3.6000,-0.029227818188981968,-0.009728065866823853,0.2534628305136434,0.08801676393622584,-0.17393235306610885,-0.010267551599908841,-0.08933771038247543,-0.04275004611327373,-0.31084337828455433,0.010668976037137897,0.021639574007135263,0.060746279576188396,-0.004313119090029848,-6.160527137781112e-10,1.104125884089548e-09,0.3076498634322325,0.5852905344044647,0.8531548101948176,-0.043431687308579756,2.16584692888655e-12,2.167271570541196e-12
3.6200,-0.029055820623135484,-0.009925837613389868,0.2473573628039214,0.08985155683181328,-0.17137581279814568,-0.01038388029038075,-0.02805253251160899,-0.034434921395940635,-0.29706687151772726,0.015259704588323077,0.03156182449021341,0.07428863071075063,-0.005015572943029041,-6.159966042934311e-10,1.1041820090015577e-09,0.09858369185036016,0.3716793517209072,0.5682394376480489,-0.028097012178968782,3.1971482752912728e-12,3.1976851722070876e-12
3.6400,-0.02762356185941946,-0.009954169486871446,0.2416181496866067,0.09028934868324485,-0.15754201911005727,-0.009775384760243143,0.04082603749037287,-0.024618236966653623,-0.29092356685168275,0.01612323895360752,0.03706281293488646,0.0805916955422489,-0.00538986926134574,-6.159283479115476e-10,1.1042502779775335e-09,0.003359233365724519,0.19278521306024843,0.060608049480227126,-0.01055342950754412,3.589494153299899e-12,3.5902201350745955e-12
3.6600,-0.025024814818057718,-0.009796032457868557,0.23639687349955116,0.08920144075448266,-0.13302876903219815,-0.008481224365088545,0.10649130434827014,-0.012759370339964623,-0.27106197286712813,0.015198693970004494,0.03888741701621627,0.07621363413835668,-0.005433067191979257,-6.158544218951975e-10,1.104324221207978e-09,-0.09506701842218092,-0.0045747182123707635,-0.46219618934977047,0.00514670000643021,3.7591093432487455e-12,3.760103773481349e-12
3.6800,-0.021549090488760834,-0.009452513319574118,0.23184537951195291,0.08660045427906052,-0.10005542421290137,-0.0066892196089316765,0.15708763417597696,7.67543487359535e-05,-0.2363134185547128,0.01227256925047619,0.03659947145209624,0.06023598052441463,-0.005115178655423955,-6.15780404965893e-10,1.104398265876378e-09,-0.17944728778319607,-0.21492199790844285,-1.260443864659771,0.03126379200605557,3.5193727272730957e-12,3.5215224833407e-12
3.7000,-0.01779448320259913,-0.00894951816944782,0.22848041288272325,0.0826297472133713,-0.06374950168883438,-0.004756975511732507,0.1766966457333671,0.013998929784276904,-0.16759594579389175,0.007623296110716899,0.0301311974256137,0.029096043269251123,-0.004254412373997902,-6.157082339124713e-10,1.1044704843445624e-09,-0.2656855329468774,-0.3838436488818092,-1.4871466995355314,0.04414157942837967,3.3647711353279597e-12,3.3669482132903106e-12
3.7200,-0.014154573143151472,-0.008314454025160104,0.22624316326447844,0.07741776471182839,-0.027646804743430845,-0.0029453384513527464,0.17447801048368525,0.025440732351265948,-0.10721794567224616,0.001911998873379094,0.021684075784094155,0.0025305703240082324,-0.0033891901786604487,-6.156488335446002e-10,1.1045299324186298e-09,-0.30412605159159845,-0.48314614790830257,-1.4347325820018344,0.05086610372753597,2.881341432808826e-12,2.8841560216485984e-12
3.7400,-0.011011240828015767,-0.007584316506730954,0.2252197295684021,0.07114892642581841,0.004480245673458275,-0.0014786007903138361,0.148687764911329,0.03509567395182243,-0.037068691096802324,-0.0030981356948005063,0.012270526286143958,-0.024834890194462552,-0.0022933986593537516,-6.155982306620389e-10,1.1045805973769697e-09,-0.1285668436691503,-0.3866558102099412,-1.0820260443372693,0.05147924216953437,2.1080186207722562e-12,2.1112300276071583e-12
3.7600,-0.008626341647470642,-0.0067992089479267945,0.22569855557499047,0.0640741056914502,0.02970990036884101,-0.0004754182856376061,0.10674298815168308,0.042692224359943604,0.04334933705659113,-0.005744523204022108,0.003930106680951093,-0.046187594990424914,-0.0011029193735911972,-6.155627839522355e-10,1.1046161152240969e-09,-0.11245704900069316,-0.419274342298237,-0.9861902627762797,0.06548644166908504,1.3721430675711632e-12,1.3758536410862776e-12
3.7800,-0.007181450796240571,-0.005996624749225633,0.22778952355976934,0.0564918322252725,0.045764371857499785,4.495983766227146e-05,0.05472210163684553,0.04747138509083235,0.12489135556239224,-0.006695767421395401,-0.0035728833653201814,-0.06073775664987431,0.00022599796701139525,-6.155450888792896e-10,1.1046338861962911e-09,-0.000318567857650519,-0.343454853145898,-0.5107206677598772,0.06741261079393428,4.3121501378320937e-13,4.350556373489134e-13
3.8000,-0.006710164462687805,-0.00520962105856749,0.23144921830366047,0.04876322821050685,0.05192709437312003,0.00017114496894511335,0.001042393991944116,0.0490812021546419,0.19948189319648163,-0.006156607767933908,-0.010071465854042325,-0.06715796761770565,0.0015893219147603782,-6.155466530038453e-10,1.1046323985123648e-09,0.04101867438038925,-0.31038377616937135,-0.16740434559619743,0.06782925981208081,-5.179418092332577e-13,-5.141672677899667e-13
3.8200,-0.007196567560510004,-0.004461515922303007,0.23640705801942183,0.0412116593060938,0.04820113015290626,3.3746843331830786e-05,-0.04898051449944153,0.04800151333899409,0.25775521883952024,-0.00578358668529498,-0.015472527591641534,-0.06763165949072045,0.002781928353848652,-6.155591584019296e-10,1.1046199660581017e-09,-0.022557943390975103,-0.21375825151851313,0.09843679698290513,0.04719677998308488,-5.628909881608135e-13,-5.593895572447716e-13
3.8400,-0.008579356892707536,-0.0037446935440984745,0.24221044169281797,0.03387529670163811,0.03529739997009353,-0.00022983310698716848,-0.09127095605299615,0.04594944713768717,0.292492081780925,-0.006864554825630779,-0.018460094061556798,-0.06392218496612918,0.0034127701442676576,-6.155680611122045e-10,1.1046111228829405e-09,-0.08718606692589745,-0.1306613109929185,0.29679219524406675,0.02548769361600149,-4.357501772606076e-13,-4.326340175865584e-13
3.8600,-0.010751340062204861,-0.0030434968079684796,0.24825075222493767,0.026707173071484493,0.014570239571293029,-0.0004915375749764227,-0.12354885768748528,0.043334553543335284,0.2972268385677854,-0.009198870829312386,-0.02062935424406278,-0.05503606891220151,0.0037646397135687863,-6.155760447067843e-10,1.1046032011569482e-09,-0.11557625506340881,-0.07406526530329971,0.49409284405538867,0.008681970199446266,-2.9992078699053737e-13,-2.97404136907764e-13
3.8800,-0.013557927074950826,-0.002344736026468773,0.25382314649091003,0.019661013059523946,-0.012096345082437128,-0.0006427781715857659,-0.14562697638834138,0.04059932788949148,0.268273920482798,-0.011443524695912454,-0.021705673290682036,-0.043669465652525594,0.0038316117222184747,-6.155809307381154e-10,1.1045983591567754e-09,-0.10465392096111165,-0.036255403106868804,0.6211741055288128,-0.0007364458107748421,-1.9816835889266415e-13,-1.9623449458265607e-13
3.9000,-0.01683355064398695,-0.0016388637616693157,0.2582821722364473,0.01269056672960736,-0.04278025304444365,-0.0006045640506816293,-0.1616055376111597,0.03834796344895293,0.21175215138846065,-0.013204272535500454,-0.022062399931964606,-0.03207280857602035,0.003768443389437141,-6.155841380303758e-10,1.1045951879223957e-09,-0.06469997060210339,0.002320624167584585,0.37057739351986363,-0.0034647244516020467,-1.4728843145128678e-13,-1.4510305934231638e-13
3.9200,-0.02050570197792966,-0.0009203696328825583,0.26137421890391416,0.00575456954062629,-0.07657266277530601,-0.0003286201586671579,-0.17705714352953028,0.03712404579510466,0.1464133287246941,-0.01359448783227959,-0.021141795334490048,-0.02206936278532381,0.0036673630353089267,-6.155860920637599e-10,1.1045932634950493e-09,0.04204783720777348,0.10625975658224225,0.8099704449035005,-0.008057542340547983,-6.656173279651761e-14,-6.544210431804615e-14
3.9400,-0.024286854849876825,-0.0001854590035704925,0.26301824839162574,-0.001190025115306052,-0.11065340903858562,0.00022037958016921222,-0.18093212270298104,0.03701390526496701,0.0867332881870402,-0.00941428839056983,-0.015797492196118416,-0.004316626588696694,0.003477215579340355,-6.155869837754167e-10,1.1045924001192684e-09,0.3119633252698575,0.36674014770698715,1.0093754783947053,-0.010299995486984572,-1.2771462828812565e-14,-1.1908509050281672e-14
3.9600,-0.027888383034755045,0.000567170586065149,0.2637485109530069,-0.00818661492849238,-0.14242539371203072,0.0010390087230158012,-0.17048794723068744,0.037648367465121464,0.05457459935408017,-0.0014760726312539126,-0.006788156193759474,0.017113685920329684,0.0032726371299980094,-6.155862814192529e-10,1.1045931308771896e-09,0.42843580791271746,0.4799915222933105,1.1196463715104292,-0.00949249699982415,5.2630487045336044e-14,5.32686823253789e-14
3.9800,-0.03093195121885423,0.0013371454102606467,0.26381107096302736,-0.015273350372452322,-0.16866201241627934,0.00208115345967706,-0.14144299895508078,0.038743051996255905,0.0166404719487932,0.0059478174111326065,0.0015589201706887855,0.04076269050300087,0.003090441874917104,-6.155840934137253e-10,1.104595336972454e-09,0.3289281949480176,0.3692270957010157,1.1801275686515633,-0.00897932840692505,1.288277210603761e-13,1.2931401283979016e-13
4.0000,-0.033082597868936664,0.0021230173567525143,0.2634386850989943,-0.022477100876384402,-0.18664623733963198,0.003255971199191478,-0.09716685561235244,0.03978403107981,0.000206768505138828,0.013516211752608547,0.010006604990845196,0.05957352243177521,0.0029138723331281124,-6.15579424038406e-10,1.104600029688369e-09,0.36120525203324977,0.4043169305051639,0.7774133426252869,-0.008426027918693643,3.338883531635306e-13,3.355203484836644e-13
4.0200,-0.03414326352271279,0.0029232216456992243,0.2630328800929463,-0.02981419245360551,-0.19487367504611247,0.0044460726853427284,-0.04122563866229134,0.04072259358738619,-0.01379171898238169,0.018866295438878192,0.016054785733658705,0.072659416709474,0.0027387154350155367,-6.155729872553602e-10,1.1046064853776776e-09,0.18926686673149257,0.21796769004528155,0.5115410243987784,-0.009765048047664687,3.0015459518903387e-13,3.005405169523301e-13
4.0400,-0.03398348094563899,0.0037347864846375522,0.2626255814857435,-0.03728561237968582,-0.19231602023060135,0.0055130141300988944,0.019382777807150503,0.041495232489626194,-0.025634895317434025,0.021514471857729665,0.019255457640492663,0.078191272666285,0.00248947399685534,-6.1556392026623e-10,1.1046155734450532e-09,0.05094492550833444,0.07515593104460945,0.05694604896371673,-0.0146759885244712,3.918359777269065e-13,3.922781695829547e-13
4.0600,-0.03259655964293052,0.004553478721262333,0.26204696617792883,-0.04488973290364001,-0.17887482415055256,0.006318020113100414,0.07707666447604708,0.04248063130280699,-0.045532288714039706,0.02086864402763735,0.018956462851495805,0.07546094907033894,0.002147412480495807,-6.155540737096089e-10,1.1046254382304744e-09,-0.08371242441458927,-0.06182207165909898,-0.3666130671465906,-0.02167112894352625,7.249325922539795e-13,7.2673258470074e-13
4.0800,-0.030173750757835873,0.0053772218130501885,0.26126619880165053,-0.05265951428055499,-0.15604228240795182,0.006764925324784534,0.12428985421143197,0.04359613032474677,-0.06293723241419706,0.01742831126263756,0.015973865608115475,0.06310430980838663,0.0016018992854513082,-6.15540797877786e-10,1.1046387378006874e-09,-0.2887311697986652,-0.28462178587241044,-0.6876767141913165,-0.029609733188797286,5.843022463439262e-13,5.850688857000907e-13
4.1000,-0.026951011098114666,0.00620153560068883,0.25983633052317784,-0.060624926852961177,-0.12561722537973197,0.006785914230102588,0.15677223882731883,0.04586877536325755,-0.09668726412529187,0.011675612697240545,0.010586283288318794,0.04562630161924308,0.0009402014485094807,-6.155271772578546e-10,1.1046523836835055e-09,-0.34294406449289433,-0.33673265352331727,-1.0584789193788908,-0.03756553076775939,5.106137951696454e-13,5.11640859887641e-13
4.1200,-0.023329399441880297,0.007016666319322774,0.2577155318020596,-0.06875549569294792,-0.0909168182715562,0.006388231380530523,0.17170709871167436,0.04817883461381123,-0.13163537199693903,0.0046726020008158176,0.002304132502899451,0.020751785509364015,0.00018462689360667836,-6.155220336278088e-10,1.1046575621498036e-09,-0.35892309147252144,-0.4944989606417503,-1.2220426067575398,-0.03269548139013938,-2.4103001495731635e-13,-2.3961420955037616e-13
4.1400,-0.019631180486150424,0.007789964949581443,0.25438261947334845,-0.07677899021754246,-0.05470394385577863,0.005599853827966872,0.17194630709662173,0.051397805065877954,-0.1916764328702968,-0.002342578943854221,-0.008264203662713934,-0.0030205890619067234,-0.00037058540126447655,-6.15533536015935e-10,1.1046460931117905e-09,-0.3279542565711398,-0.5299863173046458,-1.3937215304109396,-0.028253771603926503,-9.80497801006397e-13,-9.786321059079839e-13
4.1600,-0.01624934282692227,0.008497293506645635,0.24995336609429739,-0.08441600481156382,-0.020669516857529685,0.004561732640037736,0.15706015532365378,0.05315557458008209,-0.2341023988127741,-0.007075313537023468,-0.01759505610614726,-0.02853443613451364,-0.0006728701687794504,-6.155623281274253e-10,1.1046173511413982e-09,-0.11836002635084426,-0.35427630994233067,-0.8911494190910553,0.003529029893154054,-1.7846204115185005e-12,-1.7821111340105e-12
4.1800,-0.013351467844275471,0.009116276400870036,0.24473850304937902,-0.0913621155965092,0.009384250775310146,0.0034054670034459693,0.13888349869910993,0.05305090722015191,-0.2630853346154164,-0.007368174481021507,-0.022312984697298522,-0.04151530935165864,-0.0003602614138012776,-6.156031699272026e-10,1.1045765632271195e-09,0.061418091886019446,-0.16350567287519696,-0.573615550529489,0.024715479524194773,-2.468634238000922e-12,-2.4654666329337882e-12
4.2000,-0.011102961738060253,0.009632388114583073,0.23938516321263686,-0.09732495953985501,0.03351910064966238,0.0023117856426120324,0.11078871363558893,0.04918166672679337,-0.25815594752908755,-0.004978317292344176,-0.02414401387459075,-0.05165793456085645,0.0002498298752011972,-6.156596838878145e-10,1.1045201200740167e-09,0.16041016946278897,-0.03714185282419368,-0.44636827035881255,0.03483486210298857,-3.138780034495081e-12,-3.1349181063566878e-12
4.2200,-0.0096608804683316,0.010036736433100176,0.23460833488842925,-0.10202170120586775,0.049776666773786456,0.0014883790380247747,0.0718482242833596,0.041221369483270584,-0.22143626304520195,-0.0012908303469530682,-0.024064051153918853,-0.059027228297019105,0.0010004348884453287,-6.157287784672649e-10,1.1044511088493304e-09,0.19797864146039215,0.03427428998167803,-0.29299306775964046,0.03887520459946093,-3.723408300432274e-12,-3.718989092377223e-12
4.2400,-0.009129261198355347,0.010321989918974544,0.23099625680875396,-0.10519962354408685,0.05675554047919895,0.0011136523991582472,0.02384771656314944,0.029552910982550907,-0.1597828939261104,0.002664629054261907,-0.022955781797551585,-0.06305181080284113,0.0017540844424607709,-6.158082517970917e-10,1.1043717281042975e-09,0.19172038705318276,0.06999946470364009,-0.11561520617564781,0.03534202249808871,-4.176139468958784e-12,-4.171353366888564e-12
4.2600,-0.009556798356155829,0.010480396866027095,0.2289609538225901,-0.106673564813904,0.053782611854640554,0.0012951932883806714,-0.02894248246614594,0.014992185487393802,-0.08080584818617961,0.006401725322417013,-0.02108747685013414,-0.0628160520782499,0.0023860504756583944,-6.15894768541381e-10,1.1042853091411664e-09,0.1537069662325806,0.0808686422092041,0.07119078731205539,0.024245278345266796,-4.467107239669588e-12,-4.4621788902743376e-12
4.2800,-0.01095596373834685,0.010501809051029537,0.2286437920704954,-0.10633609631269558,0.04079834669736701,0.002052202134250969,-0.08215318714339195,-0.0007510383519693292,0.0017227670918095032,0.008837330879988071,-0.01960055701858597,-0.059681658882557664,0.0026910103934503905,-6.159856943525324e-10,1.1041944812967888e-09,0.09538413889566123,0.07252690950698427,0.24550700018734278,0.007107658361635884,-4.588968961771744e-12,-4.584137756891149e-12
4.3000,-0.013290028595253677,0.01037357640008729,0.22993068786477572,-0.10416828855239152,0.018479584567052107,0.0032993559093211985,-0.12987984316685153,-0.016271557941198205,0.07841945358174893,0.01013750440656844,-0.018185853739704355,-0.0527906090659207,0.002644517457011199,-6.160771369083167e-10,1.1041031323432137e-09,0.0369580187578485,0.06879805164933124,0.4310816908502076,-0.010854532607602491,-4.528408897863656e-12,-4.52390121891133e-12
4.3200,-0.016461679837921753,0.010082379810261013,0.2324821516788083,-0.10023390056028936,-0.011748988705554173,0.004856151465561549,-0.16760286219403234,-0.030106813784761977,0.13889093256340024,0.010281702749886972,-0.016825356342426448,-0.04239327433737734,0.0022566914266223337,-6.16165504401327e-10,1.1040148497024674e-09,-0.012366097001188748,0.07511538646824759,0.6137099648516513,-0.02554098229709577,-4.28384151068828e-12,-4.279875065460459e-12
4.3400,-0.020261014321195772,0.009616814815235157,0.23581362908434692,-0.09466136445397944,-0.04737999792491483,0.006456794553594542,-0.18894070484462505,-0.041535476077697836,0.17762195193091582,0.010557455668262992,-0.014136112371688107,-0.025655261911443294,0.0017864861019177205,-6.162466685730645e-10,1.103933757290168e-09,0.03834499041479956,0.18934984483956913,1.020030287696397,-0.020786089210503383,-3.827733269234912e-12,-3.8244737238235516e-12
4.3600,-0.024356423532656317,0.008974235439978199,0.23955591080717342,-0.08763472625000447,-0.08495840299824571,0.007802626750029743,-0.19173793843271375,-0.051116866439858834,0.2041653220014969,0.011939546667745401,-0.008856919930720035,-0.004341431840274436,0.0013837191977951867,-6.163156957619773e-10,1.1038647932235057e-09,0.10473167901799309,0.3538928066072738,0.952638995270251,-0.023642135087104995,-3.029426536016455e-12,-3.0261331634973132e-12
4.3800,-0.028408880233208155,0.008169493334529796,0.24371812614152263,-0.07940006157265879,-0.12128638650734236,0.008665815222922806,-0.1731097942627912,-0.059088645589584286,0.22609435447795315,0.014659411199121047,-0.0009276576131292408,0.02106497416174288,0.0011827177760975667,-6.163704483992971e-10,1.1038100891081363e-09,0.14993993918449225,0.4161570624329783,1.5725686921200004,0.004391208048262042,-2.4072467109947926e-12,-2.4053654033850957e-12
4.4000,-0.03181135705042958,0.0072220414170878116,0.24782066920582982,-0.07017774671360551,-0.15101654118250013,0.008818972437926991,-0.12875095953473764,-0.06363161934423837,0.22081700041959945,0.017329144828628285,0.008057471988736143,0.05108965673521534,0.0013248874660779046,-6.164105156964334e-10,1.1037700565438498e-09,0.09400962214852297,0.42576442705450884,1.2246714854224219,0.006659360941459962,-1.4381928807594146e-12,-1.4367407003695876e-12
4.4200,-0.03421443827972012,0.0061752330477056775,0.2518261630419564,-0.060295535923465975,-0.17137996620157028,0.008271714999987917,-0.07180039615325248,-0.06564370458624087,0.21045248222276566,0.018164955641547718,0.015676264144784464,0.06983918380134227,0.0014292320699101943,-6.164280376901906e-10,1.1037525596601066e-09,0.024802209192241145,0.4150669473686536,0.7197298615898692,0.0037187821887628915,-1.7695971099053465e-13,-1.7473666285607037e-13
4.4400,-0.03551394098438392,0.005090538290093204,0.2561783920551714,-0.05022566044667107,-0.1817593682261341,0.007206624264018415,-0.010459803542078806,-0.06591217447724514,0.22725098276620265,0.018007737885188533,0.024125367016416658,0.07764184678536334,0.0014050748405203704,-6.164216884226368e-10,1.1037589409695214e-09,-0.08805855774185897,0.34954632535036523,0.18266070337823662,-0.004806240700248865,9.418004570660443e-13,9.437291443106788e-13
4.4600,-0.03567632710440634,0.0040174874097795455,0.26089618915375845,-0.04035404042218567,-0.18201477973717237,0.0058414956694972575,0.049015384925044925,-0.0633692328337868,0.23195827907918415,0.015136064303752377,0.02771575447393093,0.07774865268329047,0.0013283608854702457,-6.164078577634713e-10,1.1037727954426456e-09,-0.22833188909678018,-0.03612923126658508,-0.08190477456557321,-0.002207151201903633,5.020047962392415e-13,5.025763876245759e-13
4.4800,-0.03475973523550835,0.0029647313574647977,0.26568062941360837,-0.030710111236771965,-0.1726645555674935,0.004358122943440793,0.09871422250639696,-0.060020410739987776,0.22394042021298652,0.01117250363897876,0.02614517495312666,0.0697712943123003,0.0012527830602643425,-6.163967637665479e-10,1.1037839155583246e-09,-0.2162095228288631,-0.15640475634193512,-0.6178021812367573,-0.005781334784101433,5.366981815566052e-13,5.383982105630625e-13
4.5000,-0.032980550182450254,0.001935000229422673,0.27027997448940455,-0.02127710476648553,-0.15551092561060526,0.0029261765713435505,0.13271627975889932,-0.05628719315524473,0.20267859637010002,0.0054278895456674565,0.020647123551815118,0.054468712807520844,0.001090120402625864,-6.163892265335033e-10,1.1037914750568976e-09,-0.3988001110078051,-0.42693697215628595,-0.815898208287438,-0.009459352162943684,2.3156791154749223e-13,2.319760865603787e-13
4.5200,-0.03058134503051582,0.0009281433296490903,0.27406574360014735,-0.012013187869518677,-0.13253978515294265,0.0016703090856533705,0.148444507222968,-0.052545139638564144,0.1596548126794007,-0.0021174264136356057,0.012302745072786,0.03371769048647331,0.0008791257411237065,-6.163844253244312e-10,1.1037963009799788e-09,-0.38280670070659356,-0.4333545770375596,-1.1804344376306428,-0.011654663306821302,1.275432125365239e-13,1.2797987496149243e-13
4.5400,-0.02791093432682896,-5.567220474489913e-05,0.2766637833893887,-0.002876991496604973,-0.10673872454264927,0.0006731184929122527,0.14673426401406767,-0.04951623526686164,0.09429658711004937,-0.011463950738900016,0.0016463586618744557,0.008696875618559795,0.0006375547185324684,-6.163821920676656e-10,1.1037985581687992e-09,-0.44134882557103944,-0.5095434118024572,-1.2418764373242288,-0.010765949879076678,6.384836778207392e-14,6.562837025127916e-14
4.5600,-0.025268759084531422,-0.001018791982905999,0.2775255263933962,0.006185812131613331,-0.08077558056490003,-4.281955210539908e-05,0.1311746751539728,-0.047915608198882284,0.00829155075223829,-0.019805006595280294,-0.008019575694780526,-0.014070389773781385,0.00044723787436911115,-6.163819086649024e-10,1.1037988640508078e-09,-0.42677354659068545,-0.4963795880917188,-1.0715955454721129,-0.009263031522095021,-3.467530624613746e-14,-3.282587418031169e-14
4.5800,-0.022853821047584356,-0.001964652877380525,0.27632472649288464,0.015221145893295693,-0.05652710370835341,-0.0004986577419466295,0.11169057857797467,-0.04828403138806921,-0.09142305243905874,-0.025978905538554694,-0.015568817163223248,-0.03102524547513759,0.00027657672031734185,-6.163829220482129e-10,1.1037978760380538e-09,-0.1649897437617315,-0.23434063833664778,-0.6377977137496302,-0.008281907668694941,-1.1790914110961642e-13,-1.160409387936795e-13
4.6000,-0.02075089342933012,-0.0028979632083271723,0.27318955795244826,0.02426965543294388,-0.034887226273350364,-0.0007366701289012388,0.09404305787197893,-0.050585750694838505,-0.18398213743854433,-0.027957043160842243,-0.01891310048167571,-0.039184661006818326,9.366222442369198e-05,-6.163851768967829e-10,1.1037956498208847e-09,-0.019432380280000144,-0.0829707117686715,-0.2229841781152359,-0.00881977986124257,-1.9693892783917422e-13,-1.9501208373823298e-13
4.6200,-0.01902756630965792,-0.0038249965021826624,0.26839115670958197,0.033370615885521974,-0.016630790132379534,-0.0008122231928158371,0.07494967756532896,-0.05431437329190404,-0.2555322411221109,-0.02672097181147309,-0.018972832374767035,-0.043775237739396816,-6.259890404616559e-05,-6.16388910504512e-10,1.1037919501967273e-09,0.05325785799445008,-0.009203826356841787,-0.22197839804742375,-0.00854550859491612,-1.184850150935321e-13,-1.1734885253193023e-13
4.6400,-0.017785962453344753,-0.004753774517812656,0.26222104876287305,0.04255672827421303,-0.0029014124142951233,-0.0008025610568463275,0.05452482904290147,-0.05969528155810918,-0.3257882586715735,-0.025692520900358673,-0.019098557645513783,-0.04651770121232207,-0.00025416205068881425,-6.163933184176469e-10,1.1037875770320015e-09,0.029706536371377854,-0.015624747682849553,0.09404052100258427,-0.01272231498570657,-2.1289141781920262e-13,-2.113638853783878e-13
4.6600,-0.01695737371809542,-0.005689106622133924,0.2544888828581285,0.05183827312005846,0.006848345922262138,-0.0007600818510611021,0.038126331090377316,-0.06689545825114307,-0.4006962702002098,-0.023865543335088203,-0.01828963280618654,-0.04400019346745018,-0.0005055628307741784,-6.163988909048886e-10,1.1037820395198207e-09,0.1519147312537119,0.09261057205714227,0.09876503638201879,-0.011915392742971551,-3.4787439855826774e-13,-3.459062463545548e-13
4.6800,-0.016615281122748973,-0.006642665022350889,0.24575107789677733,0.0612650840453758,0.011793959581203575,-0.0007724359006709525,0.015251514868929995,-0.07418233334134451,-0.44098153336634666,-0.019753061567859248,-0.015545891385630412,-0.04314432085093536,-0.0007403896544051573,-6.164071559578102e-10,1.1037738192936718e-09,0.23764896643892655,0.18287345194212679,0.009434692065586038,-0.014196132155344177,-2.4415257142418323e-13,-2.416759284015746e-13
4.7000,-0.016872137074395978,-0.007609862825998373,0.2367868948145886,0.07070510416888492,0.010751773131894507,-0.000956279834715785,-0.01577440694047045,-0.07878162738085179,-0.4418519498897546,-0.01565753025260879,-0.009846646999192627,-0.04277870830944604,-0.0013322865555235304,-6.163983499508205e-10,1.1037826792743896e-09,0.16644436603570967,0.37559236838256144,0.04062313601818652,-0.044535125616719066,1.1367079152946324e-12,1.1395931941160509e-12
4.7200,-0.017814520920993008,-0.008545973727647966,0.2283823073036249,0.07963150213396632,0.0028702507329779153,-0.0014309976598444864,-0.05390618232388746,-0.07775457359774854,-0.4040894293122942,-0.013120142567207107,-0.001498532771742959,-0.04117680063232771,-0.0023936665022155352,-6.163628054834944e-10,1.1038182815724091e-09,0.10930242603441814,0.4802187308046319,0.12878859607128562,-0.06322802125227156,2.518670168261128e-12,2.5218377733282615e-12
4.7400,-0.019416756806557148,-0.009398521421697401,0.22128444334943267,0.08749054756863794,-0.011480017496324256,-0.00225681037028705,-0.09036303800464915,-0.06986698173655699,-0.3288835542012228,-0.009453797831646472,0.010538213050894514,-0.03221120181481388,-0.003948059931197578,-6.162953526528471e-10,1.1038858016006064e-09,0.13624574234952752,0.5494405134709616,0.42036292027954897,-0.07010540512767593,3.854745515841085e-12,3.858009398061135e-12
4.7600,-0.021616012964572957,-0.010115531750743256,0.21606014451186048,0.09379380537695477,-0.03149244536060389,-0.0034296005178817176,-0.12266388881512476,-0.05544485163640023,-0.2275214160486252,-0.006880924903858549,0.01992397895473616,-0.023215379614001545,-0.0050995384003069116,-6.162215061640272e-10,1.1039597031825088e-09,0.1720428040925632,0.5542585550207428,0.6485927076047433,-0.06528919840571017,4.7501403852012736e-12,4.753341817376189e-12
4.7800,-0.024217797541670902,-0.010647700833290252,0.21311741859195868,0.09816647683226407,-0.055082629849512926,-0.004822179249647984,-0.13862081853847324,-0.03520395997342102,-0.10709220894615652,-0.0020151154580118624,0.03195478894978032,-0.004251223007886457,-0.006415141290950881,-6.16108747947201e-10,1.1040725285287966e-09,0.28689599540007943,0.5205854261171287,1.0716601468654365,-0.05216720184142146,5.210792734799963e-12,5.213673243131822e-12
4.8000,-0.026896540677455862,-0.010967025395910025,0.21271492845373335,0.1004962225627943,-0.07903645733369868,-0.00619993228958419,-0.13168715039914597,-0.011602629596997243,0.02477150383262397,0.005413068373420587,0.04180668906608019,0.020510975481134192,-0.007232602516183789,-6.159955786061152e-10,1.1041857590796003e-09,0.3599550364124786,0.3761415058835705,1.0526940994942047,-0.02193138102261779,5.034024412597926e-12,5.036942217484519e-12
4.8200,-0.029366702160778902,-0.011061694680300141,0.21506159257189206,0.10079206597083788,-0.10070579285643096,-0.007337319392505839,-0.10381756776370152,0.01367857610109588,0.16178167941122262,0.011616230194949373,0.04757231853424265,0.03999621981476968,-0.007488557679440623,-6.158985571891731e-10,1.1042828278805137e-09,0.2828085333458268,0.23473285362567045,0.9638429818863575,-0.005894139083852656,5.192794978736703e-12,5.1948757795461376e-12
4.8400,-0.03136105536347598,-0.010919150863542393,0.2200989364259978,0.099013711835501,-0.1177417179833827,-0.008028704655309223,-0.059563380233519814,0.038547829792361175,0.2911801278567802,0.015872814251175208,0.05051079670242072,0.0554078113574944,-0.0073916569010078455,-6.157957394019027e-10,1.104385690064562e-09,0.1344493567820953,0.06901373493716464,0.6823199641479927,0.010493928026267156,5.29135155830085e-12,5.293038576881237e-12
4.8600,-0.03272130150510284,-0.010532268528590407,0.22761501511972393,0.09511850117638841,-0.12884758324983522,-0.008155900046670933,-0.008123223395687362,0.061070300666994315,0.4052682070698358,0.01702556097326258,0.0497825670025665,0.06272130649290619,-0.006910256703824255,-6.156942062259384e-10,1.1044872637758096e-09,-0.006116215854568142,-0.148341847244711,0.20176836936083267,0.03359707977984299,4.752722521095265e-12,4.754700973219617e-12
4.8800,-0.03321200391188145,-0.009913084010595099,0.2367619274543592,0.08924242604949545,-0.13199202106736835,-0.007636038556757432,0.0497334990673221,0.07576437282470191,0.46251976999844474,0.015446430086652575,0.04402051081566641,0.06929838297119507,-0.006254128910967072,-6.156062256582288e-10,1.1045752676035589e-09,-0.12596454882117994,-0.4203951394040134,0.12458632717634122,0.041633655161479675,3.8520770774541635e-12,3.853158677541435e-12
4.9000,-0.03275502935065892,-0.00910893326678082,0.24655065287241537,0.08181303441736425,-0.12649626611248882,-0.006556102633574341,0.09624903048256987,0.0826263033555904,0.47914546769985183,0.01204408358043723,0.032972258962628495,0.06446737884650794,-0.005169137291609073,-6.155431502700003e-10,1.104638363691809e-09,-0.21099274193371675,-0.6615906784546461,-0.5461716918992355,0.06421891642749261,2.4931940192929325e-12,2.494193653695964e-12
4.9200,-0.03154016775893867,-0.00818917988000799,0.25618176808379417,0.0734200276225848,-0.11400918302501652,-0.005161552425113326,0.12342290550558184,0.08207265511537376,0.4581284008486481,0.006946490311420911,0.01783769623355632,0.04839780796259991,-0.0037270613639362286,-6.155087587027153e-10,1.1046727747714805e-09,-0.292015725722355,-0.8301067181384879,-1.0013645457082105,0.07810277479355239,1.0090832249648463e-12,1.010043611249234e-12
4.9400,-0.029929890081139814,-0.007235606084475672,0.26526016138870023,0.06474767507500966,-0.09773255988589054,-0.0037404674322702794,0.1271459658441827,0.07691677245106918,0.43311275525964044,0.002931088376039828,0.0018980196065530746,0.023024105298141428,-0.0020218352532466494,-6.155089720382628e-10,1.104672593388509e-09,-0.16438425396458073,-0.786928039042468,-1.4252903746759362,0.0909413944233427,-8.452444473505683e-13,-8.432765119872898e-13
4.9600,-0.02834355609577334,-0.0063162733580346625,0.2735953562342811,0.056353631105037744,-0.08148825188718484,-0.002510138463737502,0.11099729303507563,0.06858781352842977,0.39233455259584005,-0.0026551639385013906,-0.013418899343589452,-0.004866089035154176,-0.00030770156928006543,-6.155241590879057e-10,1.104657440297108e-09,-0.36013207737026925,-0.685214651633039,-1.3197140403274519,0.075508471394257,-7.294874340008084e-13,-7.275510489207493e-13
4.9800,-0.026960682075064843,-0.005433278315958163,0.2802953238167239,0.04822473050161815,-0.06698179504319562,-0.0015026756960278003,0.0878526199580774,0.05898269747198855,0.29978696458859916,-0.011792604914401716,-0.025903430694160536,-0.025301657599337328,0.0008799268322027829,-6.155332379293714e-10,1.104648386698796e-09,-0.37419174323984883,-0.45887582638869756,-0.816449631946667,0.04552931752808055,-5.445615746529908e-13,-5.427390308010427e-13
5.0000,-0.02585228171216938,-0.004579322991428711,0.28496241786489046,0.04028346619431555,-0.05494518969532702,-0.0006966467469196268,0.0637724504025022,0.05092544260067058,0.20071870279705833,-0.017520672369285714,-0.03219324269791986,-0.03648359416413332,0.0015407340128714862,-6.155407896398222e-10,1.1046408622488197e-09,-0.12846441448955673,-0.13067841678014946,-0.34206562973570526,0.022523617412487613,-4.042591999001144e-13,-4.025359147570573e-13
5.0200,-0.02502097066201913,-0.003748074888036515,0.28740855179267066,0.032477958259454,-0.04546699445194782,-5.260522008716016e-05,0.042282092480779236,0.04448530768801538,0.09150851035125787,-0.020807787874189576,-0.034753383774407384,-0.04056976841214791,0.001867492836973437,-6.15545757898171e-10,1.1046359172345192e-09,-0.12080163038813631,-0.06859438934583524,-0.0892959465264849,0.011336846404071642,-1.0049587843754398e-13,-1.0001830093309128e-13
5.0400,-0.02445264215213249,-0.0029338332847701556,0.28748228343222804,0.024768074857698143,-0.038462244699032665,0.0004693546132305755,0.02397960212877643,0.03982942547216347,-0.02674359025489755,-0.022207153879308994,-0.03491785351055439,-0.040423006858806135,0.002015610468583387,-6.155498338420989e-10,1.1046318659961021e-09,0.025657661754801,0.08004122991414142,0.017887252294180925,0.004821128767436725,-8.028611954945253e-14,-7.97972256848245e-14
5.0600,-0.024127634178676395,-0.0021321376955484553,0.2851123740568123,0.01712771910328747,-0.033777975563244016,0.000905567629127827,0.008262660738795613,0.03712488078245388,-0.1512480648919907,-0.02271190471154112,-0.034189690813290985,-0.03813899725716036,0.002059500604783395,-6.155520729724008e-10,1.1046296452762375e-09,0.013010184537926768,0.07808679516595612,0.11646441227789399,0.0008209341201637604,-4.684119303370593e-14,-4.628167695006763e-14
5.0800,-0.0240618006765493,-0.0013387062068207626,0.28041522147766296,0.009531234299317027,-0.031592332920901106,0.0012867005792759646,-0.008698541531607236,0.03666865808062261,-0.26128313498125544,-0.021355936055901595,-0.03161628093319374,-0.03644673150734713,0.0020670559744962805,-6.155538551736794e-10,1.1046278897817722e-09,0.14542647707095444,0.2005771353077483,0.025165649813823708,0.0005757824387516783,-9.404600037100919e-14,-9.218668851288664e-14
5.1000,-0.02427486700531577,-0.0005496520825951227,0.27358522482643965,0.0019596879185795582,-0.03210914634322236,0.001645699905423193,-0.025706285256845967,0.038122349799290765,-0.3650747998031889,-0.019215537407161663,-0.028276953388279617,-0.033753174533002736,0.002068803715688452,-6.155546383038526e-10,1.1046271349162334e-09,0.16699790472714324,0.22134662529825666,0.08382871894848176,0.000228442232330614,-2.3541803543473266e-14,-2.152162657613997e-14
5.1200,-0.024830913416340073,0.00023934759376365247,0.26504377232835546,-0.005607836598861111,-0.03594622946125414,0.002020050473088534,-0.04814879973820323,0.041292570409326,-0.4449855971417415,-0.01658902808238852,-0.024611203057709155,-0.03332934036507532,0.002087878696725396,-6.155543870782576e-10,1.1046274196460356e-09,0.1931438120264113,0.24917019328306939,0.0469539291735606,0.0019213115773614867,5.47988778377799e-14,5.709086090162352e-14
5.1400,-0.025742459434320703,0.001033792767914203,0.2550406271344119,-0.013199230067930577,-0.043197945504700644,0.002454355873076056,-0.07146892778587494,0.04585861193106519,-0.5137901888562032,-0.013620197065730703,-0.020536054652636165,-0.03022244518215389,0.002131658826169779,-6.155528304318241e-10,1.1046290128045293e-09,0.16640677349948935,0.22461530044542338,0.004311462615839418,0.0020988209287782266,1.3173739443067545e-13,1.3415253608504984e-13
5.1600,-0.027044062200216185,0.001840503217826519,0.24415089172778287,-0.0208550951388069,-0.05414374095314441,0.0029982507715468156,-0.09642295155937244,0.0512304873519829,-0.5487397236997351,-0.008186639478148698,-0.013829211438825593,-0.02358135515946589,0.002244921663733482,-6.155489691968704e-10,1.1046329195408733e-09,0.34280799099153647,0.40463752496363026,0.7170737293973385,0.00831290738367776,2.4446276166573133e-13,2.46608994076275e-13
5.1800,-0.02849069276032806,0.0026657395577529674,0.23288955764821717,-0.028628091840499057,-0.06637951873491368,0.003667033485591467,-0.10845777060954527,0.05672060341016415,-0.555079245515998,0.0002080176925201832,-0.004095818689897246,-0.0068404194242172416,0.0024439994733948464,-6.155422925541787e-10,1.1046396431974984e-09,0.4898703188725185,0.5615897914749215,0.9487191334726051,0.012003873176263863,4.221460962912371e-13,4.246643726772692e-13
5.2000,-0.029924920645502034,0.003515794774611421,0.22229298190705699,-0.03658528242207984,-0.07839378355919532,0.004455610603251643,-0.10959787641265661,0.06069854870635807,-0.5044236001727865,0.010513348001227132,0.007472876401141578,0.010135883841359258,0.00271378797095923,-6.155344323852285e-10,1.1046475589767197e-09,0.600586769331982,0.6042491154234104,0.9736244202833402,0.021812586971950536,-5.438493622458851e-15,-2.5577176281880304e-15
5.2200,-0.031155898379271626,0.0043628303758344745,0.2133884103715445,-0.04448451314990881,-0.08840976347242581,0.005303423391424994,-0.09302834523181958,0.05977975358085075,-0.41068618427917813,0.02263274802810079,0.016964837769124764,0.02845808694906927,0.0033226277484309486,-6.155471921981559e-10,1.1046348572057017e-09,0.7144421141607019,0.45323975249083054,1.0637871250920574,0.04256133641271792,-1.33101841180705e-12,-1.3277467233313578e-12
5.2400,-0.031977357778619556,0.005143426251711752,0.20697931025323354,-0.051762947252951726,-0.09455026840139663,0.006082278759871933,-0.061151433697756295,0.052036761274275256,-0.2781889874112197,0.03852380545338109,0.025225345453212557,0.04865019396038492,0.004325048392017785,-6.155944446971616e-10,1.1045876891666962e-09,0.6334693650534028,0.2708281513779389,0.7516822068215145,0.042149700215741895,-2.6843132751308563e-12,-2.6806304571913575e-12
5.2600,-0.03229083612426806,0.0058048576645506915,0.20373682917563793,-0.05795766089356737,-0.09595025808508437,0.006670514451447765,-0.02020007366287007,0.037994681173343495,-0.11619338692050085,0.04870834465018269,0.028930007948789475,0.05849449546414699,0.004999981832079682,-6.156529262973666e-10,1.1045292844585428e-09,0.43504302320002175,0.1174630039577282,0.4732944438440294,0.031829899409836056,-3.4306169016673493e-12,-3.4267081359951046e-12
5.2800,-0.03203288073117085,0.0063103455053473,0.2039171796278179,-0.06275252612971365,-0.09203595246951213,0.006969748577020302,0.024912321184522336,0.01987530732636042,0.0515251640752948,0.05456917770951385,0.029617885934254098,0.06307868748339023,0.005436631093258323,-6.157259125294421e-10,1.1044563805846326e-09,0.15834827641423352,-0.0444816784109929,0.07134291184804654,0.013785936073731896,-3.815642680288223e-12,-3.8116155197387425e-12
5.3000,-0.03127539701797035,0.006644302445671234,0.20753418351538086,-0.0660111533454742,-0.08344481633518584,0.006957972625357073,0.06174154778551131,-0.00012957382960885385,0.2200501044747217,0.05458580115027315,0.027216540702351896,0.05763056727116663,0.005442162455647903,-6.158016978722872e-10,1.104380681833112e-09,-0.14142203360174302,-0.1841193597389637,-0.6024692042811572,-0.012613028889802985,-3.702461948140723e-12,-3.697911334782367e-12
5.3200,-0.030208783720754907,0.006813193099641885,0.21435427340644178,-0.067778642773769,-0.07189248565765141,0.006697676589966957,0.08443164374041694,-0.01897241017688242,0.3709869824853766,0.04875462753147669,0.021917648268048404,0.044757616117034854,0.005040493276229014,-6.15872838372028e-10,1.1043096241065688e-09,-0.4233462029745011,-0.3280425530370661,-0.7761057897328126,-0.02955446210516644,-3.361074439600653e-12,-3.35725978267698e-12
5.3400,-0.02900514922605789,0.006839704849877365,0.223678072155813,-0.06824336858534487,-0.05894156558950273,0.0062795054712731545,0.09145552473545529,-0.033804189307680275,0.4849674106683982,0.037074714149854394,0.013712151713108094,0.026572004537426523,0.0042141058365324086,-6.159349910842585e-10,1.1042475506876814e-09,-0.6663558919056316,-0.44540664907029737,-0.8734178027630073,-0.04644536764657706,-2.591422736120119e-12,-2.5879545902107726e-12
5.3600,-0.02781340206188407,0.0067580644793571905,0.23445974669151784,-0.06769839864094777,-0.045978375792469335,0.005798740406988473,0.08481827848745713,-0.042647984935553634,0.5460313154411223,0.022788986618618813,0.0046167705975856425,0.00791792677625048,0.003155855932376989,-6.159757056516096e-10,1.1042068982923856e-09,-0.8153470490584036,-0.5005164717848337,-1.0682810491958705,-0.06339428997001859,-1.7216037623279945e-12,-1.7185224597537907e-12
5.3800,-0.026831458423412995,0.006611950998380786,0.2457157708083437,-0.06651490585602332,-0.034916696165818314,0.005363580688894905,0.06649235718792242,-0.04548375861416934,0.5587197628386604,0.006206679893479075,-0.004991845945233522,-0.012391946899980431,0.0018229686891534627,-6.159997165080637e-10,1.1041829433851e-09,-0.8254177889897742,-0.4534066200897422,-0.9326997396317992,-0.06791326843321814,-7.273477610134083e-13,-7.248100774084887e-13
5.4000,-0.026166078865674243,0.006445544167279486,0.25647707978618767,-0.06508716099281227,-0.026843189437257917,0.005036530387736195,0.04391414314319846,-0.04276142776483406,0.5234012922859841,-0.009594593642407143,-0.013148352115310359,-0.028336078873289126,0.0004968372044448404,-6.160039504373586e-10,1.1041787542326146e-09,-0.7287865809547583,-0.34311903665963134,-0.6126938373670113,-0.06198718283164669,2.502637311795064e-13,2.5222120399182035e-13
5.4200,-0.025844440625576743,0.006296736227353877,0.2659638152066889,-0.0637701506805678,-0.022079549506864922,0.0048384946342606315,0.021786140038541145,-0.036257713127801225,0.4538457132573955,-0.022040668921520425,-0.018684556753621528,-0.037918983046173776,-0.000585801520108304,-6.159942507695863e-10,1.1041884903867173e-09,-0.5048419958582653,-0.2508781166650123,-0.29367768115885484,-0.04108877513354992,4.2843913096099473e-13,4.2989044398908383e-13
5.4400,-0.025974211182612762,0.006180238551002078,0.27416512167473056,-0.06268531595660153,-0.021717023208506755,0.004801606235893259,-0.004363503203420304,-0.030247568812758863,0.39541306563616924,-0.028042476647703648,-0.020669211921797534,-0.04506207377361082,-0.001247583830626246,-6.159814302634821e-10,1.1042013578619772e-09,-0.08323167040346488,0.035554178716139966,0.09851073293225905,-0.01125115600460576,4.876349432754445e-13,4.888276198752872e-13
5.4600,-0.026468778595195547,0.0060906474583902375,0.28069736242245896,-0.06179641871741436,-0.02491663450825983,0.004888283422307156,-0.021382184458978985,-0.02276872967381131,0.3013781158173945,-0.03090280461892297,-0.022743528664456527,-0.04244118817096421,-0.0013806314139464316,-6.159737826309549e-10,1.104209033437918e-09,-0.0811743133444382,-0.06128844256509337,0.14473575985781786,-0.003263100245944937,5.649004484672981e-13,5.668971151881474e-13
5.4800,-0.027259696363447234,0.006022804634282124,0.28514906882243607,-0.06107024503949737,-0.030989379244114892,0.00507081794674443,-0.0376157916109305,-0.01503275694670383,0.1979225490478408,-0.03192747339643824,-0.023879200312623337,-0.03890441032334364,-0.0013826587656922589,-6.159659628239241e-10,1.104216881227692e-09,-0.04294565865369582,-0.07262211052371485,0.19920200806091784,0.002358466370369751,1.5795803792566232e-13,1.5855209940102144e-13
5.5000,-0.028287174024271736,0.005971806202630569,0.28713713661506113,-0.060474492908475196,-0.03932213434488577,0.00532631838566234,-0.05190210902522455,-0.006354044627515666,0.07094411732002312,-0.03242945409952778,-0.025108321728588675,-0.03502653710726709,-0.001315358908152672,-6.159604843486118e-10,1.104222379262689e-09,0.015433293366087885,-0.01782796599976243,0.16883263729842887,0.0037503330511015395,5.248582601521945e-13,5.26693163908909e-13
5.5200,-0.029579462745282396,0.005939086188928742,0.2867780193942539,-0.06002321666813625,-0.05014714750685716,0.005662568924051311,-0.07068284862720942,0.0014323115634962366,-0.040057611153435216,-0.030835008243458393,-0.02383844244510543,-0.033048576441772226,-0.0012517284914682245,-6.15952822079301e-10,1.1042300686780363e-09,0.09969345327459796,0.08581722181708056,0.07563836748964704,0.0032393483010277075,5.172651586574095e-13,5.190847751634919e-13
5.5400,-0.03114531548820308,0.005924742567635544,0.2840920650061831,-0.05972180904742566,-0.06349499011415893,0.0060816783449510105,-0.09083491481082062,0.009657122282377074,-0.16239816948498215,-0.02956324276575782,-0.02320700272236103,-0.029987189255045715,-0.0011513656650947327,-6.159463846484717e-10,1.1042365282885794e-09,0.1406005462504755,0.12639001167370112,0.2045298262888383,0.007445286732502045,5.322459053352935e-13,5.341053120611061e-13
5.5600,-0.03294443152364736,0.0059273341967699756,0.27900191374377553,-0.059567991500904825,-0.07892241782725017,0.006571879482298366,-0.11424618964141013,0.017246887903420622,-0.27253596889398557,-0.02698255962161911,-0.020937367975500144,-0.026755313405850103,-0.0010201950533121039,-6.159388496223746e-10,1.1042440885318368e-09,0.16930202333862313,0.16397040658947357,0.16021766235799492,0.007366560825890571,2.2881780563192844e-13,2.2950144931178917e-13
5.5800,-0.034948508436874824,0.005949065938659804,0.2717803984040078,-0.059591091267878545,-0.09610800090772562,0.00712902306092468,-0.13685463761103184,0.02445001929813637,-0.37600548385968274,-0.02322061355626116,-0.01744719893624938,-0.019964051748152124,-0.0007719580044834713,-6.159304538535938e-10,1.104252508744606e-09,0.28574474503515024,0.28806753656682116,0.4911283478634354,0.01794371839594116,7.09077436523986e-13,7.11177319291656e-13
5.6000,-0.03703642072949408,0.005996415474587825,0.2632599105325609,-0.0598680193424825,-0.11388315552995354,0.00772927982377142,-0.1512424109325302,0.028719102739543107,-0.4208950004587756,-0.014104763808838513,-0.007671741378489436,-0.006507369080510841,-0.00025341278013371854,-6.159161822507054e-10,1.1042668179071853e-09,0.5116870633192934,0.5384872085101134,0.929644073031871,0.03386666387747453,8.447590500379465e-13,8.469014335307778e-13
5.6200,-0.038882282424924905,0.006067652121832257,0.25402827119999605,-0.06041084885828347,-0.12926130648913828,0.008287822388996252,-0.14506236967095115,0.031730093735420586,-0.4516385848447654,-0.0033552679834664492,0.0027208138424104104,0.015983155111306272,0.0005640802665714825,-6.159058518532725e-10,1.1042771797246821e-09,0.5836984430987934,0.4889792779136251,1.2248254102192384,0.04750269076337864,3.3706808774246894e-14,3.487405405688121e-14
5.6400,-0.040076554287866197,0.006129942781013963,0.24432121987889494,-0.06093804892861793,-0.13859675480968944,0.008661403704365992,-0.11564586798502488,0.03220479626201415,-0.47701103479532564,0.008405716598376876,0.010686459013409847,0.04126141322971757,0.001586969716569097,-6.159139086788099e-10,1.1042691492490607e-09,0.6178336056161187,0.3758305494761218,1.188050997836695,0.05118927972297101,-7.973123029858531e-13,-7.958503647764736e-13
5.6600,-0.040333032863774605,0.0061416467812156865,0.2346824357253407,-0.06107508470153189,-0.13939574120649378,0.00872140274652075,-0.06645878613770187,0.028519647705573598,-0.47082370990593675,0.020776850822687255,0.01779425486822228,0.0615501459883314,0.0025287616829832824,-6.159381097906279e-10,1.1042449808641026e-09,0.5977867616971678,0.3264735973855602,0.8390135263637637,0.04227243470302217,-1.564986204863339e-12,-1.56318773029962e-12
5.6800,-0.03953010708396017,0.006068692547766868,0.2258294798128912,-0.06051403579534462,-0.13056829612822782,0.0083967019317693,-0.004025611827097463,0.020874360616140442,-0.4313497129823853,0.031446939982081375,0.02329892392639331,0.07344960888855509,0.003228083100743267,-6.159756499120301e-10,1.1042074823738952e-09,0.4554704138109376,0.233179266376966,0.175901936652717,0.023318154466889247,-1.996678863913637e-12,-1.9936509040863193e-12
5.7000,-0.03784663206105384,0.005891910343643235,0.21868154753368127,-0.05906861546068967,-0.11361705570928536,0.007734476812775051,0.053386394807403606,0.00920130915266749,-0.33841540232691203,0.038540198578985226,0.026676888852302773,0.06987179513612714,0.0034938546824024915,-6.160212879015116e-10,1.1041619034972847e-09,0.2566800140016162,0.09879136898724183,-0.30641376670870946,0.008482536788144226,-2.377360894950664e-12,-2.373842875741383e-12
5.7200,-0.035532930890088514,0.0056030127446442205,0.2138472104103025,-0.05664452843782003,-0.0906239257688844,0.006834424264804731,0.10104381254121145,-0.003996576869364156,-0.22214650208834913,0.04121801537742064,0.027154028775021287,0.05936578175172209,0.003512289924765929,-6.16070892561301e-10,1.1041123679614552e-09,0.020866728399841793,-0.04142256186169296,-0.7477831755452014,-0.006739197381482986,-2.447994064402881e-12,-2.4440462674524266e-12
5.7400,-0.03287386286033467,0.005207049126115047,0.21158092765184808,-0.053253764310602414,-0.06401917828518963,0.005830158675172946,0.12909260306021225,-0.01696483470136675,-0.09093688645280515,0.03916740095704972,0.024853884832851735,0.04228266454988677,0.00324929568670971,-6.161187290252577e-10,1.1040646077524734e-09,-0.21357742024404655,-0.1758781335197369,-1.0057249376053254,-0.020589138297383448,-2.2708263221205005e-12,-2.2670003894942337e-12
5.7600,-0.030193880797373316,0.004723180944221762,0.21187806518821742,-0.04901662055370659,-0.036726519521178794,0.0048707709978145055,0.13365044827742295,-0.027780031681085303,0.039369707418644005,0.032600896526973906,0.020113149648324457,0.02032843230412586,0.002681828300288602,-6.16158749937406e-10,1.1040246681450793e-09,-0.4248116082250192,-0.28190899678549086,-1.2428556229274315,-0.037192774246814005,-1.7176247403549727e-12,-1.713370547870574e-12
5.7800,-0.027874908086589767,0.004183194525586201,0.21466945936013282,-0.04415803692327747,-0.012439803753266648,0.004096768243608769,0.11193802075698725,-0.03550346864304596,0.16668988273214808,0.02249879617695114,0.013922349638060081,-0.006308194136066305,0.0017503241463768628,-6.161851562633166e-10,1.1039983494349556e-09,-0.5525598023058003,-0.31210734685280633,-1.3165606838785457,-0.053423835109614515,-9.22571264175276e-13,-9.181365520291584e-13
5.8000,-0.02619281123976949,0.0036251675442988953,0.21978610234864135,-0.03899204321330129,0.0059430354696169705,0.003576054249290712,0.07470129377933536,-0.039508724130436206,0.2821976082433084,0.011117289466065546,0.008528015232272501,-0.028881165500205065,0.0005562993006866004,-6.161931597017845e-10,1.1039904376163317e-09,-0.45736490024473325,-0.13379333468003357,-0.6342952823037779,-0.055109874434247814,1.6599788492561995e-13,1.701721717099064e-13
5.8200,-0.025210490620179323,0.003087792770321151,0.2269119963625765,-0.03389717728413201,0.017542971475420208,0.003287569361486641,0.03310125060083209,-0.039748474207733704,0.3769572575776188,0.0009814983076259203,0.0046800110370401,-0.042056837015768136,-0.0005805200856943466,-6.161831516168475e-10,1.1040005244790736e-09,-0.5891920965706059,-0.3027938951794593,-0.8125028589809011,-0.060586460762153016,5.979958282026354e-13,6.020330718323197e-13
5.8400,-0.025052916779478254,0.002584566318613029,0.23542027102137267,-0.02902554673773031,0.020906310069478195,0.0031943806497516315,-0.011418162738195872,-0.03798659884293718,0.4376943521351471,-0.008798603211181873,-0.0015480106483956562,-0.05341283584153109,-0.0015268596038342937,-6.16173162529328e-10,1.1040105897360243e-09,-0.39475631226276214,-0.306568897975888,-0.3192696352446081,-0.034833992411763534,4.050795072638169e-13,4.086569949622587e-13
5.8600,-0.025656548056488794,0.0021038592123329945,0.24463480195444254,-0.024312526243004815,0.016598020598709563,0.0032181585001588814,-0.04754190111224324,-0.035454439937119296,0.46324007163075526,-0.01534903092540126,-0.00744176437983629,-0.05546708579616973,-0.002026467538929482,-6.161662995340215e-10,1.1040175181891697e-09,-0.27938505786303014,-0.2837193488395982,0.062122718247453614,-0.017586501740904058,2.8943682303314566e-13,2.924172948053083e-13
5.8800,-0.026905451181187253,0.0016356395808661225,0.2537521414139052,-0.01971176615316069,0.005847993271675497,0.0032853730611261435,-0.07363763657639555,-0.032386052394426434,0.4481128448532131,-0.01998078670634105,-0.01256933447145865,-0.051893290066341656,-0.0022540908450494244,-6.161617643505674e-10,1.1040221036876273e-09,-0.2152468154680549,-0.25564118173259814,0.2858980689749092,-0.0076235994810067535,1.9586841371911634e-13,1.9821118487847733e-13
5.9000,-0.028654205460844507,0.0011718186617752137,0.2619218145715414,-0.015186151976305953,-0.009755834532850356,0.0033346715212184846,-0.09055610422626974,-0.029225328934805762,0.3917287621671987,-0.024020642202166917,-0.01766739324117931,-0.04395310523424802,-0.00233424456207479,-6.161584506511549e-10,1.1040254609895857e-09,-0.1560307010110629,-0.20731538152120738,0.3902605409021844,-0.0008054234633521033,1.1458646802676303e-13,1.1627850104219822e-13
5.9200,-0.030824983940058594,0.0007069646587023145,0.2685871574099778,-0.010708529314473678,-0.029294511598565068,0.003325086967348159,-0.10698160661720338,-0.026627631148937136,0.31861475442721576,-0.02584024701105292,-0.02037206245823153,-0.03945249976489572,-0.0023376559107532576,-6.161563321113006e-10,1.1040276171325798e-09,0.05960975572497736,0.02350316604476534,0.013410369174480796,-0.0005644983374821895,1.2129393897695323e-13,1.2356695527904193e-13
5.9400,-0.03347766921964716,0.0002380863440919998,0.27395594341143614,-0.006266434428411207,-0.053187433452139644,0.003229062375694742,-0.12517141368208046,-0.024922140609931857,0.2525320908051486,-0.0254558583842506,-0.02082485770915728,-0.034208747409107794,-0.0023165829503649783,-6.16154841900141e-10,1.1040291414662315e-09,-0.06202909040326315,-0.10525820406767124,0.49322481805548823,0.0029361530345684166,3.3038513331390407e-14,3.393594812713813e-14
5.9600,-0.03643584343809295,-0.00023848810219947238,0.2774005276879294,-0.0018333119335760882,-0.07958027232105708,0.0030123319314251363,-0.14071843886376503,-0.02393303542166223,0.16090179743824676,-0.024743245050178306,-0.02082606223189465,-0.02746300718490076,-0.00225466061970875,-6.161541386045767e-10,1.104029874351748e-09,0.10355411366613135,0.06960108946717347,0.24766355552281144,0.0032465265457349087,2.6800664552212305e-14,2.87489013172694e-14
5.9800,-0.03970594636941847,-0.0007248860269835304,0.2791885546426094,0.0026111485611621356,-0.10842458136795374,0.002654914706548485,-0.15891376491500872,-0.023866728758196974,0.08626427258769179,-0.021935560292918526,-0.01866351842344618,-0.020938133572270146,-0.0021901158339594474,-6.16154033229824e-10,1.1040300087222816e-09,0.09670755775721249,0.06662557134734605,0.5897372615564623,0.0033907990437461863,-4.363952707769729e-15,-3.810509426846768e-15
6.0000,-0.043033238310344626,-0.0012220885095541392,0.2791848567442591,0.007090963893176911,-0.13729992067774974,0.002144814703926132,-0.16668745632634172,-0.024614946774136084,0.0025385363430705413,-0.016717476992738983,-0.014059431615720713,-0.004651375499709884,-0.0021131119029070495,-6.161547634108097e-10,1.1040293028166868e-09,0.32108436872596496,0.29386410215778047,0.969878834582495,0.0036126082447039062,-3.1885186494145373e-14,-3.156121333247955e-14
6.0200,-0.046076684398860805,-0.0017295186296277865,0.2776066480189247,0.01162866798348223,-0.1631707134387964,0.001496378968897255,-0.15992647362789414,-0.026016393366291884,-0.07138140761994527,-0.009140432583020587,-0.007002322678796575,0.01658066433261337,-0.002044182740691159,-6.161563742844893e-10,1.1040277097597968e-09,0.40703573828587136,0.382756145362401,1.1172692892692009,0.003191958840843838,-1.4353649562329207e-13,-1.4205390336252677e-13
6.0400,-0.048444665629725055,-0.002244830398414294,0.2745536615867577,0.01623637989693995,-0.18270458829455208,0.0007572276384112513,-0.13631468622158463,-0.027980300243038263,-0.1462476180773548,-0.0016235084784393737,0.00011309218432081471,0.03798718374279128,-0.0019825735374270595,-6.161586859469204e-10,1.1040254085562036e-09,0.41690755739997626,0.39619498310694273,1.0466873152201168,0.003232098901121711,-1.1527167024724672e-13,-1.1515560640468214e-13
6.0600,-0.04993416703636375,-0.002767585472382829,0.27080088684024556,0.020934078984763415,-0.19430915086015715,-1.127393799042044e-05,-0.09793295769241366,-0.0297675248227235,-0.1789059433129505,0.00804386805335174,0.009238967205584649,0.05550727183818541,-0.0019178037398383451,-6.161634955321862e-10,1.1040206205781382e-09,0.46357228066334494,0.4338217404233154,0.6596174031083922,0.0032745282323127355,-3.0600760640708824e-13,-3.0461885184435156e-13
6.0800,-0.05031071895703447,-0.0032953014799772776,0.2665477123276785,0.025723180163584672,-0.19605913124779692,-0.0007224094443985233,-0.04633296912376943,-0.0316863464856989,-0.21285206341818594,0.013972654972589415,0.014849940686724036,0.06781590816235865,-0.0018459288001063643,-6.161685618156521e-10,1.104015565921331e-09,0.293197381532569,0.2731263069156441,0.44949514584687783,0.00511850434237617,-3.9915098136444893e-13,-3.9773094756903604e-13
6.1000,-0.049479688424222686,-0.0038261485388577077,0.2620039888192715,0.03061069040959221,-0.18714675567123606,-0.0012849915033661752,0.012262075970663085,-0.03342701597543388,-0.23366274578382695,0.01818492685082369,0.018718455798531427,0.07315216393436345,-0.0017080268866963347,-6.161757044799876e-10,1.1040084381250397e-09,0.1160306734536666,0.10416490648448144,0.11868369563497413,0.00865806140342534,-3.3530405015025355e-13,-3.3496420697928797e-13
6.1200,-0.047445400521200824,-0.004356817187885732,0.2571055793150052,0.03559979068550742,-0.1674692466599858,-0.001608913495977484,0.07156425188851578,-0.03553254417294537,-0.2667714329797911,0.01858451322482098,0.01902696899746719,0.07174495344848025,-0.001483187686419538,-6.161835025473551e-10,1.1040006524020189e-09,-0.055350605693558194,-0.05745562815355783,-0.2595265472399596,0.014075597661229969,-4.0768674243810143e-13,-4.0713032988318187e-13
6.1400,-0.04439524619159595,-0.004885968871770748,0.2518903164637937,0.04072134844258061,-0.13838513721361798,-0.0016345014434496251,0.12331890072398843,-0.03737346414428018,-0.282051974891418,0.01713971844277316,0.017248095455122937,0.06008887957512379,-0.0011016793831485861,-6.161944491677016e-10,1.1039897269171639e-09,-0.16954449247242093,-0.18094541214902543,-0.7015288331272238,0.02115367956100058,-5.21826397197056e-13,-5.20969660640358e-13
6.1600,-0.040603923739403705,-0.0054126726915768985,0.2461909269662686,0.04602077540517033,-0.10195431239123044,-0.0013289584294134005,0.16341264947507797,-0.04000490490414392,-0.3112497467742267,0.012596792122462107,0.012491501601212355,0.044001031558652016,-0.0006346220739828667,-6.16205337186487e-10,1.1039788583671802e-09,-0.27619484714782505,-0.2910808545188576,-0.9909374399627288,0.027679229628818264,-6.163511541423805e-13,-6.151669885295918e-13
6.1800,-0.03648630337716302,-0.005937145511112155,0.24000131186070217,0.05153826604967198,-0.06158326120261368,-0.0007116661326810494,0.18313399665211186,-0.04231053349786986,-0.3232308429559724,0.006521827983659884,0.00636121090626896,0.018303142080465587,-2.3393899367318592e-06,-6.162154817411439e-10,1.1039687472801634e-09,-0.33967069709792,-0.29292340507936454,-1.4592036707991096,0.03004211192871771,-1.921231186294281e-13,-1.902736323534937e-13
6.2000,-0.03255732020263091,-0.006445734442809352,0.23372261852416049,0.057124328159443884,-0.021922705009596605,0.00013420540537803318,0.18204995963848822,-0.042825718242798474,-0.31670610242237174,-0.0002615570966771858,0.0016378371696602083,-0.008261139798045387,0.00040720968182884676,-6.162125508055359e-10,1.1039717198815716e-09,-0.33996570894189226,-0.19114798736289976,-1.3373508703859167,0.013673803820231955,4.606552769445549e-13,4.631611934258206e-13
6.2200,-0.02920093546629481,-0.006919839273387985,0.22789686018676025,0.06251819699706436,0.01317334832766963,0.0010844971021609733,0.15986975628313863,-0.04044069999292864,-0.27795214064199236,-0.006461329033164342,-0.0009893061815361426,-0.03522874934911444,0.000519574030514852,-6.161953418001563e-10,1.1039889903846333e-09,-0.2418821899849554,-0.061548544506416,-1.187492732929088,-0.002908586803613612,1.1313265862317179e-12,1.134603478877838e-12
6.2400,-0.026716170205293106,-0.007349080186433149,0.22330692448234582,0.06746668882920329,0.04030398549535907,0.0019657584062296018,0.11936438201653117,-0.03461573867025912,-0.20339765812986665,-0.009765147557421793,-0.0005938469624354008,-0.05507724370867005,0.00023064541837859476,-6.16165206463656e-10,1.1040192009231315e-09,-0.09206796503884687,0.07569145980294208,-0.7308825561952466,-0.02218516188875971,1.6931235059802763e-12,1.6969487880852396e-12
6.2600,-0.025251276812526084,-0.007727405582115736,0.22063658783766804,0.07174022312472401,0.05741114355776936,0.0026111287271867417,0.06549070684089023,-0.025624608728090248,-0.10123121878733672,-0.010761372437352429,0.0013071341131132557,-0.06555250383095038,-0.0002810417130814756,-6.161289403925637e-10,1.1040555429744612e-09,-0.025992600728385423,0.11040540242792807,-0.4027360822427023,-0.029621058361721957,2.0826266058926457e-12,2.0867509109567806e-12
6.2800,-0.02484278819069561,-0.008051940408077064,0.2204207780454641,0.07517247881134777,0.06367823481866342,0.002894353820633432,0.005751226443992386,-0.013843775868110766,0.02349343118560942,-0.009537508363220972,0.004625999897266716,-0.06768223610296582,-0.000971640936056535,-6.160853999344324e-10,1.1040991677856898e-09,0.0169606078117255,0.10468236290125721,-0.07433441225504187,-0.029393192620791597,2.336747548931095e-12,2.340954687041208e-12
6.3000,-0.025452020299025945,-0.008321177845467539,0.22292258493512657,0.0776807504670044,0.05932950735321422,0.0027517205168984386,-0.05242213243190065,-0.0005424073396735174,0.156866387064084,-0.00715059661625051,0.007964620363494827,-0.0624630651796995,-0.0016402186853105715,-6.16037890654502e-10,1.1041467653352893e-09,0.09268806322606923,0.11155867227851861,0.3398098615191183,-0.02589588647037496,2.416118520531807e-12,2.420151752613453e-12
6.3200,-0.027058253598582736,-0.008533554948787162,0.2278415652920953,0.07923954167509371,0.04469023241191613,0.002158461963664969,-0.1062903007675218,0.011315007631616589,0.2656420240328773,-0.008734771963879083,0.0066014741585795995,-0.06015571870833655,-0.0017794877474187321,-6.159931450631554e-10,1.1041915842048253e-09,-0.16418345055888908,-0.16740395237867492,0.06992493958641756,0.0039262471489123025,2.3230905046855987e-12,2.326739061836447e-12
6.3400,-0.02964095680974061,-0.008686658116962022,0.23437984082440758,0.07987674097449474,0.020325769225407603,0.0011359634590023399,-0.14951334157295298,0.020319678100499512,0.33815693761492144,-0.01169264471200872,0.00304297859060594,-0.055438399271236595,-0.001628862050701412,-6.159486412263418e-10,1.104236155121661e-09,-0.12995132559256442,-0.18238137876619406,0.3884874578826001,0.009984201080590538,2.1233843676415898e-12,2.12644572089582e-12
6.3600,-0.033041438871378434,-0.00877717450007077,0.24172713831295073,0.07970306996757909,-0.011669105884940427,-0.00020158970648863987,-0.17748328015035242,0.02600665118716817,0.3716049524111475,-0.013957725062650753,-0.0006473397367202263,-0.04489230886311996,-0.001393279511319571,-6.159088218760506e-10,1.1042760282733158e-09,-0.09927171045237317,-0.18473970909211074,0.637342697163874,0.012907631469158796,1.8663508238869753e-12,1.868688363770854e-12
6.3800,-0.03703068633943428,-0.008801178515085401,0.2489595181431932,0.0788462183167569,-0.04859716617380304,-0.0017006203354854356,-0.19079513303988974,0.02802818894669204,0.36162307616865064,-0.0154015084602265,-0.0040379952052460606,-0.03023163498522412,-0.001145267176285891,-6.158746123287462e-10,1.1043102770904227e-09,-0.02451928167520698,-0.13359327774077967,0.8313459774492272,0.01005040571981613,1.553059330444695e-12,1.5547099198320868e-12
6.4000,-0.04137917245008929,-0.008760494197476076,0.2555127351091965,0.07745527467371567,-0.08798960701771465,-0.0032200664525838165,-0.1949111274495255,0.028140996622292448,0.3331487574274359,-0.014267541136340415,-0.005544247722663233,-0.01467594555472087,-0.0009441534922211188,-6.158483334297674e-10,1.1043365874447084e-09,0.12164187842928914,-0.006244293279778984,1.0434715971018955,-0.0007758795278656839,1.2009644580895928e-12,1.2019864270573777e-12
6.4200,-0.04568824347920851,-0.00865756140682813,0.26103130966768856,0.07566586336195856,-0.12607637028794513,-0.004580696661409708,-0.18014317942905198,0.0268450180715115,0.2872931942558645,-0.009067610371878063,-0.0033009701962396147,0.009115103902288445,-0.0011651682788612482,-6.15830722059289e-10,1.1043542212174603e-09,0.4324853272587091,0.24358439070885513,1.1270725205150396,-0.015523655491683185,4.2642197281908545e-13,4.280803684621193e-13
6.4400,-0.049648952577911055,-0.00850879127673601,0.2659987656541144,0.0736628178729167,-0.1602248331932892,-0.005681649234600466,-0.15237304525527132,0.026729556250052633,0.2667989153431971,-0.0002970467608174275,0.001826911890170562,0.031080756990855152,-0.0015421710261076269,-6.15822718399732e-10,1.104362245894764e-09,0.3634366024355044,0.21119494311933057,1.1259279353468692,-0.021839622336954117,4.4545232303142e-13,4.457742768665396e-13
6.4600,-0.05290374136759864,-0.008326541707923784,0.27042299783419854,0.07155665964344539,-0.18752820073081264,-0.006431203989429096,-0.11071229823125259,0.025749894461164047,0.2395291656788646,0.0073964606327783155,0.006262786883126462,0.050617530681245554,-0.0019676398045331165,-6.158227912753144e-10,1.104362190396449e-09,0.39984123543774835,0.226070350794023,0.8136450331622893,-0.019750947772431082,-3.570603014646512e-13,-3.558169926233534e-13
6.4800,-0.055191329344926605,-0.008128934442575772,0.2744317481285013,0.06947887590482453,-0.20599946780937703,-0.006798316517533768,-0.059541062295212485,0.023835719070226986,0.2065452148259396,0.013337201877466877,0.009211210129102506,0.06518958184448646,-0.002323378334378422,-6.15829551524769e-10,1.1043554413493457e-09,0.22556474853891245,0.08799701606087233,0.6100649771752714,-0.014941191291661795,-2.912323160408903e-13,-2.9136621500919224e-13
6.5000,-0.05634409633491636,-0.007935413679490052,0.2780417086820822,0.06757046951001429,-0.2144182831093862,-0.006795891762522302,-0.004864079183220989,0.02149951798722277,0.1803650365288662,0.01787470321349471,0.010695801350218444,0.0719247729293037,-0.002500863550665969,-6.158456120761495e-10,1.1043393958968896e-09,0.20202280780529744,0.054593561607040306,0.10780808309800374,-0.003516796847836756,-9.760952896648023e-13,-9.750553229409542e-13
6.5200,-0.05631302524260316,-0.007757140558967864,0.28117606456268546,0.06590928303426512,-0.2124779538930266,-0.006461392719693761,0.04760089609426925,0.018108192237081745,0.13876189439799458,0.01845070558709799,0.009867419073102107,0.07245955244563296,-0.0024924873256359495,-6.158598199022001e-10,1.1043251951697613e-09,-0.13738516831532832,-0.140216743087775,-0.028738690339594714,0.004255857367683433,-4.5308082372713665e-13,-4.534093911955084e-13
6.5400,-0.055061163412147424,-0.007587498835472505,0.28316913468193344,0.06443730586642796,-0.19982531445140123,-0.005802598199182235,0.09222520496103478,0.013117940334277758,0.06580131553165405,0.015277118439176162,0.006855652606989606,0.06806816271504369,-0.0023047967704108575,-6.158708279637415e-10,1.1043141906685228e-09,-0.20086137957597447,-0.18761952297463505,-0.44580703934642235,0.016137881914421243,-4.142849800194137e-13,-4.1459370658802897e-13
6.5600,-0.0528085953007345,-0.0074289320584350815,0.2838725129680267,0.06318115433564768,-0.17821911252064357,-0.004903446837962504,0.12449776760584215,0.00817194371667633,-0.00347117232704564,0.010012191765363774,0.0018718347635289427,0.052012190710875573,-0.0017577188212618876,-6.158849457602459e-10,1.1043000818609758e-09,-0.3564054984201495,-0.3125883626035229,-0.7742051114874117,0.028766885237060252,-3.8825263533673326e-13,-3.8842659557530856e-13
6.5800,-0.049872361348442466,-0.0072850555535232024,0.28314638199771497,0.06217649659852272,-0.1502148578927886,-0.0038611641129057046,0.14261400080991002,0.0027732225587555805,-0.07745581860197016,0.004439024417428319,-0.003429059890966354,0.03290441172573732,-0.0011031849740871747,-6.15897761486374e-10,1.1042872815893907e-09,-0.2797809204492336,-0.27610804939639916,-1.1360448463880877,0.038265559422725616,-7.934143793353332e-13,-7.921126862070471e-13
6.6000,-0.04662788169638964,-0.007161110520956657,0.2809341442311818,0.06145683728410601,-0.11894654068872107,-0.0027775922200987584,0.1466357538510413,-0.003046124530646712,-0.15490017476091109,-0.0029239947631206306,-0.010326123092073857,0.009092968299485825,-0.00026918456192873575,-6.159102110033772e-10,1.1042748505674677e-09,-0.41572814247435885,-0.37532389755758516,-1.0966227414893681,0.039960481476683844,-7.475791903924223e-13,-7.460552358187766e-13
6.6200,-0.04339375256035308,-0.007059190810656647,0.2769889311342804,0.06101228765835764,-0.08718667532359711,-0.001728373834685148,0.1377368843761989,-0.008899051306605081,-0.22794911276424004,-0.008836206688118204,-0.015991256825757496,-0.013387836206589846,0.0005038742005468482,-6.159223336346181e-10,1.1042627543914644e-09,-0.31318269717491376,-0.2923586152323194,-1.1031016349261915,0.03843528905225471,-7.004063128090987e-13,-6.986733240565979e-13
6.6400,-0.040423760972455494,-0.0069827372994522505,0.27129386595309896,0.060832987739515974,-0.05729280655783844,-0.0007723572361211166,0.12460845852353242,-0.01553198375555282,-0.31469155887907496,-0.014419696446719392,-0.020974165357226376,-0.030362537894872133,0.0011235428208986149,-6.159329982816807e-10,1.1042521161040127e-09,-0.19108215831163305,-0.1651006202846146,-0.6198827232575772,0.02335478686824483,-3.5659393190015654e-13,-3.5576945035808993e-13
6.6600,-0.037814860215299034,-0.006934007840112714,0.26398486397489185,0.060910814941025584,-0.030288481997177277,7.338757585478979e-05,0.11066327725830911,-0.021331822288247877,-0.38327131873985154,-0.015982809373703614,-0.022311073378174607,-0.0400698332793658,0.001481309872396483,-6.159452479406505e-10,1.1042399014751818e-09,0.04190660006416382,0.030167171717129727,-0.4969817922659292,0.01631510594849287,-4.272127898836964e-13,-4.2603626789622373e-13
6.6800,-0.035661241744678426,-0.006916466381043379,0.25534802600435086,0.06124289059076476,-0.007248940337215268,0.000786661424981373,0.09700500651341976,-0.02714036776494876,-0.4506775858232642,-0.016688578864998232,-0.022643137176796804,-0.044018672215165075,0.0016432731596227284,-6.159539696982333e-10,1.104231206649398e-09,-0.016551271792561554,0.00996416185851116,-0.05331447272463187,0.004070720042346093,-5.360697779774326e-13,-5.34410189712009e-13
6.7000,-0.033963370901170645,-0.006929256349386963,0.24555045918937343,0.061801810098676954,0.011631474304260427,0.001370176226446528,0.0821846443747916,-0.0318351781005225,-0.4975503129026861,-0.01501429093637837,-0.02040376099742984,-0.04502407039608558,0.0016574535872598826,-6.159651305609672e-10,1.1042200926852654e-09,0.12851687334986403,0.1885613401726852,-0.10990290379956372,-0.004023632359035308,-2.273655168218841e-13,-2.2494359890393167e-13
6.7200,-0.032886869544593474,-0.006962532304897495,0.23552548095006282,0.062427254991224965,0.02449972041062108,0.0017682594589190552,0.055954723869970156,-0.032776522605892436,-0.49548413548974457,-0.012039223882439137,-0.015055896695576231,-0.04815475866562111,0.001436680907316435,-6.1596256406576e-10,1.1042227147581174e-09,0.16212583529049643,0.32582737523703653,-0.17239991095378587,-0.017101486583705344,4.561814793101193e-13,4.592690160468149e-13
6.7400,-0.032591865774828796,-0.0069948710105998116,0.22626636145176082,0.06283866899884989,0.029540922117743583,0.0019180847523939178,0.01716371996919746,-0.02952809699133558,-0.4463315874652025,-0.009011816876833993,-0.00856277015800473,-0.05080884796139354,0.0010424257292145835,-6.15948398643236e-10,1.1042369406538612e-09,0.17081868107017215,0.3830186815850925,-0.11220374209967501,-0.025512810916339272,1.0797636656317833e-12,1.0833469538118479e-12
6.7600,-0.03319168494301785,-0.007002851895262183,0.21862177198720756,0.06275917497092057,0.02550479872202195,0.0017734679432913146,-0.03196392746395063,-0.02238111911638387,-0.35788607160505637,-0.005365636303531781,-3.367609023338945e-05,-0.05168720130161591,0.00043053216609217427,-6.159165269374403e-10,1.1042688963423906e-09,0.1579249419555932,0.38160721586517804,0.034775273826140915,-0.028478321781816997,1.7672764293652499e-12,1.771270413328252e-12
6.7800,-0.03471660094173845,-0.0069619570292685975,0.2132361667627449,0.06195488085394597,0.012168714588966022,0.0013360065702009852,-0.08316162737138912,-0.011904592365679888,-0.23844241278982087,-0.0012699295329573611,0.008260405306281927,-0.046005647923413794,-0.00019642809223664864,-6.158764820381862e-10,1.1043090219071539e-09,0.33568119226293586,0.5233789295707979,0.7628537293109963,-0.04052127835100556,2.145720233437398e-12,2.1496771376861012e-12
6.8000,-0.03698832404972003,-0.006847297830830902,0.2105999545893825,0.06027601254190028,-0.008429358209394527,0.0007048628912533114,-0.12211655809928065,0.0010862278745933547,-0.09564739851667839,0.00469639080721415,0.017450304444798313,-0.029995630527102635,-0.0008714145220819387,-6.158297825987318e-10,1.1043558011941953e-09,0.2146282931696663,0.3496515163045514,0.6830039042228682,-0.02239585003690411,2.4639222953593e-12,2.4679073888644876e-12
6.8200,-0.03991297743178698,-0.006640920782955774,0.21076830178954584,0.05763785507388482,-0.03506212906910108,-2.618917273550051e-05,-0.15208752661748945,0.01428597087571036,0.046294611736479516,0.007882051111193972,0.022580477256126368,-0.0174251947241853,-0.0010912212059795935,-6.157802132999792e-10,1.1044054467301413e-09,0.17106464629038942,0.22918065573610166,0.7665041576237006,-0.006279518334508342,2.4497942736900757e-12,2.4533977280305486e-12
6.8400,-0.043218298476016555,-0.006331376396342416,0.21356385589134252,0.054051949970076854,-0.06482929756582988,-0.000702863727755078,-0.15707873543860842,0.026576318340684725,0.1791212405999267,0.012478570420251566,0.027336463953013097,0.004267713349621768,-0.001202080082355903,-6.157314871878584e-10,1.104454241705146e-09,0.250687956326102,0.21119792345730276,1.2246651574248095,-0.003936363816850425,2.1592098768674628e-12,2.162172784564431e-12
6.8600,-0.04651409858957107,-0.005919497413852123,0.21876923000537501,0.049628833153186135,-0.09393748708335271,-0.0011672942734074273,-0.13669382611602493,0.036912265893108274,0.3012241409104686,0.017717991661593345,0.030629117880151425,0.02713617661086089,-0.001160523658404537,-6.156942290592018e-10,1.1044915572811224e-09,0.2533258813357831,0.10959437322093932,1.12866127108528,0.005606817280339626,1.6112655914363172e-12,1.6136321879384186e-12
6.8800,-0.04945264660312258,-0.005423013374250125,0.22608931531775678,0.04457778140533875,-0.11925557080389564,-0.001329868648882914,-0.09544231180241548,0.04395643636380055,0.40249378528339375,0.022220128866090177,0.03120029925565867,0.04661795861963699,-0.0009579936502228155,-6.156710064486269e-10,1.1045148290311008e-09,0.19722877315023407,-0.05056081858824375,0.7005939132955381,0.015957448639179115,7.256079417872208e-13,7.280901142409091e-13
6.9000,-0.051749639511487235,-0.004875815548913693,0.23507961471518352,0.03921217923735726,-0.1383878436806609,-0.0011817277739134442,-0.040362545759138474,0.04671582439390654,0.47102379936424654,0.024897952466030906,0.028561530431376964,0.06118012061143101,-0.0006830228353125967,-6.156655153042708e-10,1.1045203536468722e-09,0.08548651434391723,-0.22080917247436882,0.839700262430299,0.011758482861272533,-1.5870283060805124e-13,-1.5733868743462998e-13
6.9200,-0.053029798427088055,-0.00431910299363914,0.24474401145675187,0.03390380609151447,-0.148157726694209,-0.0007569875528367459,0.02112798886016571,0.044847412954227936,0.48862802030156666,0.025487016420403588,0.02382757653712214,0.07048170848986308,-0.00046308005963589035,-6.156744273527788e-10,1.1045114617624647e-09,-0.029411115344343243,-0.33189368550439535,0.3262727350111799,0.013000539259046802,-5.934559484457869e-13,-5.922932500360134e-13
6.9400,-0.0532650120439352,-0.00377118540324077,0.2544722716915375,0.028780485709311944,-0.1484669619643587,-0.00015550240640330163,0.07261480284811392,0.04157250896591498,0.47689052753762223,0.022750454399862646,0.017231968348718714,0.07069060327751893,-0.00027932240961372036,-6.156839850473668e-10,1.1045019238147762e-09,-0.24006874147061594,-0.36654905579474445,-0.24869866169449523,0.007836421179677524,-4.4178018448332024e-13,-4.408434880164014e-13
6.9600,-0.05268043425433704,-0.0032355757130216383,0.26413419918719344,0.023829798366548208,-0.14135563558360573,0.0005168043973327275,0.1060082818027532,0.03833629905710454,0.47072448178488224,0.016533036326953934,0.00924381043024167,0.0552743935548952,-6.379951692830663e-05,-6.156944147533479e-10,1.1044915264204588e-09,-0.331305579389936,-0.36181010171170025,-0.8876336612880736,0.01056359382062138,-2.9943788334291233e-13,-2.9873141720732077e-13
6.9800,-0.05148959593351231,-0.0027122966997903974,0.2730339227685724,0.01902079277831815,-0.12867822583349617,0.0011855681833790757,0.12194677980345321,0.03429682107245025,0.414190307277737,0.006557053404291452,-0.0006450994584485995,0.03562263286705483,0.00016700748730620355,-6.157003897649845e-10,1.1044855727088685e-09,-0.44793023245296343,-0.4346271247214102,-1.1322735555656807,0.011607599630678228,-3.104400959387521e-13,-3.086803273925909e-13
7.0000,-0.050001700233876414,-0.0022018808265852757,0.28067566563693,0.014326566718514682,-0.11315864001098523,0.0017916114056439713,0.1181398723044492,0.03063245622965712,0.3499836380924217,-0.000983656821038944,-0.007831748512826184,0.016470785387946805,0.00035986950632977094,-6.157039092977672e-10,1.1044820725271977e-09,-0.5508075225812911,-0.5165979564259943,-1.1578903843492674,0.011946328614509854,-1.3015473030938973e-13,-1.2966328856965637e-13
7.0200,-0.04848754268211105,-0.0017032913028564784,0.286403072966591,0.009713348966631683,-0.09723660338975151,0.002306881098930845,0.10002009861357206,0.027336776728554873,0.2515235301679455,-0.011656425860254045,-0.01774956551673963,-0.007049515494092124,0.000584696941231227,-6.15706745281873e-10,1.1044792598917786e-09,-0.4503102054038936,-0.41431704922335927,-1.2259394596404476,0.010679309788827897,-1.4194719076369988e-13,-1.4021460858701373e-13
7.0400,-0.04715111693282246,-0.0012149056733847903,0.28978310622199227,0.005152165840654161,-0.08281549130654225,0.002728297189390363,0.07591454041293917,0.02495625541060632,0.13013664186129592,-0.022149686964003497,-0.027259278927917376,-0.028746387892381587,0.0007799983791614154,-6.157083459871525e-10,1.1044776814100655e-09,-0.3689443025667137,-0.327592085356721,-0.5742765858658666,0.005611319083768789,-2.5304695947143963e-14,-2.4976775611943933e-14
7.0600,-0.04597871228792979,-0.0007338282618374568,0.290389494150873,0.0006178661870274173,-0.06980764901636834,0.0030708388408142817,0.056178777293491064,0.023805270844553517,-0.007609169953545686,-0.0268469053658714,-0.031160954880352393,-0.03505408102173831,0.0008496302425422726,-6.157088280089929e-10,1.1044772157166281e-09,-0.19135487713809202,-0.15700490950969703,-0.18232484311071379,0.002001718054559762,-8.510378884355081e-15,-8.183574938579533e-15
7.0800,-0.04499993800763115,-0.00025832674958738686,0.28821809200126686,-0.0039033309017424273,-0.058531229336490756,0.0033482515330586268,0.03767928290579639,0.023992877129796777,-0.14558193961611776,-0.028382263902483346,-0.0321226847764195,-0.037533272263459656,0.0008760496867195388,-6.157089143552537e-10,1.1044771480709058e-09,0.062478577088570936,0.09028620024701164,-0.13915045195042758,0.0009987535418222668,1.0408669504644377e-14,1.2112989580012438e-14
7.1000,-0.04427013982069525,0.00021303061615991133,0.2835524473401239,-0.00841961389841333,-0.049554936258874215,0.0035776762367839936,0.019895859951975684,0.025384803845940145,-0.2655420749167906,-0.027194549459109145,-0.030458253891444288,-0.03813353128700676,0.0008977732849082611,-6.157088229726365e-10,1.104477261882237e-09,0.10368226725248376,0.1263680490883374,0.0019244694198758984,0.0010122293917736952,3.446932816215595e-14,3.628004743416041e-14
7.1200,-0.04381578750133973,0.0006825493160229946,0.2766914444083476,-0.012943716115332026,-0.043174873980996384,0.003779181897785026,0.002279583383490694,0.027771057739615707,-0.3641348279175681,-0.024062918838129065,-0.026783731289117176,-0.03703355149647039,0.0009159832596515286,-6.157076147544711e-10,1.1044784995373873e-09,0.18386041279505547,0.21922911573877385,0.032585216503501525,0.0004947000877554433,1.297352795939094e-13,1.3170316074707922e-13
7.1400,-0.04371576426650877,0.0011553770620507772,0.2682770047356901,-0.01751204702198219,-0.040187929980641066,0.003981232501919181,-0.01687954468361995,0.030948754191710094,-0.43912910832499835,-0.020169785827984874,-0.022207581585543944,-0.03511335135213511,0.0009467693224411381,-6.157051225932898e-10,1.1044810253558223e-09,0.0971368666262516,0.12010355467611654,0.26891773253033874,0.0028244884470153115,9.322235908562626e-14,9.430431153860386e-14
7.1600,-0.04400945545524201,0.0016353204128390006,0.25853385113963323,-0.02214399760172637,-0.04099617081349142,0.004215597331950315,-0.0403337398902947,0.03477073864870918,-0.5007031300086624,-0.01712817147647141,-0.018543284935337787,-0.034994955457184916,0.0009841100107436187,-6.157014885688663e-10,1.104484701352978e-09,0.12169222611121912,0.1480337258516341,0.12152806215498516,0.0033921993937280604,1.6950815208936765e-13,1.7106875269644328e-13
7.1800,-0.044702536195589296,0.0021266857044992746,0.2476991360567855,-0.026863083558427776,-0.045647696003157386,0.0045140159736784865,-0.06340397835359532,0.039106546536981465,-0.5495791146217972,-0.013192436763570745,-0.013964057776307779,-0.030093905977672964,0.001092295867643827,-6.156963588255293e-10,1.1044898754035104e-09,0.26753430833851305,0.29936325758358173,0.5337170149753168,0.00880192769622403,2.8868449514565797e-13,2.9076638015726464e-13
7.2000,-0.04563936637573939,0.002634315249297015,0.23625206690879869,-0.03170866245956109,-0.052616144216032334,0.004884268966361139,-0.07824214635614687,0.04334307695769073,-0.5707475343432769,-0.006299155184470691,-0.006314828622703761,-0.01730075569934885,0.00130433523229774,-6.156890904963077e-10,1.10449719054186e-09,0.4018332419974679,0.44538115017130026,0.6747805918065718,0.011801816405443177,4.3487620188936704e-13,4.3745031468728213e-13
7.2200,-0.046706673587073165,0.0031642805182190373,0.2250694417077868,-0.036737763120071786,-0.060790642811077746,0.0053288642367973595,-0.08622540236611889,0.04648549888721508,-0.5443472034242622,0.0024237833150903953,0.0032792388757947235,-0.003049259939775296,0.0015758694688455714,-6.156798641726097e-10,1.104506469643869e-09,0.514586836535259,0.5414531125785185,0.826715067922226,0.01821255950362587,3.1668135995477353e-13,3.1965456757238053e-13
7.2400,-0.04774861402393405,0.0037010418131498022,0.21512675467436138,-0.04181094078832463,-0.06867726470049342,0.0058181615360800645,-0.08236400250060827,0.046023130832742745,-0.46942502684910875,0.01460670326329556,0.013246517872423536,0.014178201541161877,0.0021768835305050033,-6.156873503219545e-10,1.1044990491904025e-09,0.6728222414850354,0.45327107537712924,0.7404281668690624,0.03716368902862309,-9.26248552683695e-13,-9.222374383263676e-13
7.2600,-0.04866578601287568,0.004194239949929924,0.20747647017426235,-0.046461886139662525,-0.07534762950554515,0.0062930703846140155,-0.06918874005084025,0.03966512484324995,-0.34236422303813324,0.028162671261171685,0.021093214278823283,0.028496803147094824,0.003000481306787137,-6.157181802807663e-10,1.1044682967154e-09,0.6555502016896361,0.33836391527736787,0.6359308291274828,0.0414274963992289,-2.0414468726581703e-12,-2.03757496985979e-12
7.2800,-0.049371856751782024,0.004598733096363601,0.20293454764656133,-0.05027864368858424,-0.0800104425301581,0.006685924183948247,-0.046661669404239194,0.028012499769678394,-0.17970011111904724,0.039833732943204046,0.026573449366132085,0.03956774366593259,0.0037554304252218184,-6.157667579356858e-10,1.1044198046092366e-09,0.5021547156843817,0.21449297146218352,0.46203114666062,0.03293831722023743,-2.775521566050765e-12,-2.771392490497071e-12
7.3000,-0.049819233501432414,0.004883692778190119,0.20202555590574897,-0.05298309441856178,-0.08224085181003266,0.006942948309041501,-0.018696064497507957,0.012549686397646049,0.00413695224768257,0.04750624124274059,0.02949182298197414,0.04606973784594294,0.004252496481833959,-6.158258396461299e-10,1.1043608125918025e-09,0.2675062728530745,0.07630251783404661,0.31972457324753845,0.019192269079580195,-3.1171584410905062e-12,-3.1129591092360354e-12
7.3200,-0.049923816361416,0.005033652157748112,0.20473610144051277,-0.05444442210811487,-0.08126176121161295,0.0070159749010626675,0.013739455549538556,-0.003944084419918076,0.17965228308500544,0.049994594430030175,0.029472094683038314,0.0496619355625548,0.004439205026409124,-6.158908513235949e-10,1.1042958916841766e-09,-0.01947998912072741,-0.06774611678878223,-0.033599024823192845,-0.0019141611060789169,-2.9795918336794625e-12,-2.974996117510731e-12
7.3400,-0.04969295754100553,0.005052268989280218,0.21077932927790763,-0.054701246072477734,-0.07713601310935901,0.0069041092322694566,0.04213424782395726,-0.019225063846833687,0.3376305272770874,0.046991048077760895,0.026875416791159713,0.04663713340701437,0.004226469517964054,-6.15944412290888e-10,1.104242408883089e-09,-0.2810611533835025,-0.1892814132153,-0.4187840373245551,-0.022392378523816033,-2.5371783667071934e-12,-2.5328294149529196e-12
7.3600,-0.049220797861570624,0.004961590668149518,0.21961719030934262,-0.053953616754265896,-0.07072276995486591,0.006653740661847741,0.06000186609259369,-0.031262454861513224,0.4678210454338617,0.03873138562661252,0.021776851727878122,0.036487438961134676,0.0036098863973433883,-6.159884256938363e-10,1.1041984707879563e-09,-0.5263462041064293,-0.31304862495279884,-0.5464790546923546,-0.03740190805524502,-1.8294148747960426e-12,-1.8260124315383486e-12
7.3800,-0.04862458337933899,0.004797104336620075,0.23039996892107956,-0.05252392878218509,-0.06309978410362933,0.006330646689356111,0.06646461893386585,-0.03836161497977034,0.5530344459195762,0.026088796420014475,0.014588311756143904,0.021995340775647455,0.002676717060546253,-6.160144497920773e-10,1.104172512885787e-09,-0.7166337851318332,-0.4027411810378643,-0.7422124106958666,-0.051718346127393296,-8.338842854074824e-13,-8.309528195735161e-13
7.4000,-0.04801641104919777,0.00460221561908917,0.24202958886264475,-0.05081027982085616,-0.05531418354253925,0.005999432927781694,0.06290324091940629,-0.03980892810967779,0.5812321891820942,0.012085383903375796,0.006831102219413453,0.007489839086591922,0.001658409967304576,-6.160202253784429e-10,1.1041667856997582e-09,-0.8214467370602192,-0.44962035857024496,-0.870633831705951,-0.06055681602187985,1.415591005960587e-13,1.4402826262367718e-13
7.4200,-0.04755117591156696,0.004420749715441218,0.25349196265384616,-0.0492120132049893,-0.04884866369869046,0.0057253820001575174,0.04837630246685558,-0.0368167453518293,0.5639362608383747,-0.0055981822981014985,-0.003013807633923368,-0.012578896563016407,0.0003320851898555722,-6.16008739459646e-10,1.104178323233518e-09,-0.7316459136964307,-0.4471548122131741,-1.0984502262047902,-0.05747641779204082,5.921614110518392e-13,5.947658815105838e-13
7.4400,-0.047444126286812806,0.004266342163001688,0.2641875108067682,-0.047835571169459155,-0.045795487345052864,0.005561634381347884,0.02461419799922165,-0.03240626757134499,0.5184118029487601,-0.01820448460523405,-0.012135310780997464,-0.029996689148494057,-0.0005538777059822902,-6.159994056267314e-10,1.104187697484351e-09,-0.5307922056179734,-0.4432319512510637,-0.5074773637361115,-0.030122596303064283,3.4614861975021394e-13,3.4750398088603807e-13
7.4600,-0.04767917312767425,0.004134658322195942,0.2735737938378743,-0.046642260511044344,-0.04602714134964811,0.005492987098002843,0.00523379458416765,-0.027340238838139574,0.449275068843337,-0.024918437757301726,-0.017741722585357708,-0.035880800320436855,-0.0009437645805771172,-6.159907895946356e-10,1.104196350037688e-09,-0.2758391391311825,-0.26223428620460415,-0.08251361171505785,-0.01155138205790073,2.7421679293579415e-13,2.7518482284549783e-13
7.4800,-0.04818830651021016,0.004021354748297483,0.28111933901160785,-0.04559900815636233,-0.04889149279670527,0.005494974011134403,-0.012013806894763154,-0.02146059145726211,0.3521907434713749,-0.029187014359233345,-0.022140829047034814,-0.03695507140025258,-0.0011066119533041981,-6.15984178778005e-10,1.1042029894013885e-09,-0.16352030733946046,-0.1885977505976867,-0.039042910282406716,-0.0052980046455520366,1.4211215212424355e-13,1.4280620414496015e-13
7.5000,-0.04895365600143609,0.003923212404356001,0.28655569225106314,-0.044678185993501936,-0.05420088579191227,0.005557859720025292,-0.028529520648147334,-0.015507793099029008,0.24479878653702017,-0.0309846647750595,-0.024526457192897467,-0.035795186198305635,-0.001137500275396896,-6.15978731892617e-10,1.1042084612359627e-09,-0.09852155439981394,-0.13728208610434822,0.029080598719698505,-0.001438014589872301,3.849572570435722e-13,3.867717235893353e-13
7.5200,-0.0499870565993974,0.0038384656334077083,0.2896861736834783,-0.04386545760331545,-0.062042601764779826,0.005680130820571152,-0.0472363689907926,-0.00946534044946271,0.12898866705152817,-0.031749825363108705,-0.025945221488910805,-0.03514903890850487,-0.001144595853460489,-6.159741867940126e-10,1.104213028220679e-09,-0.11581477716827684,-0.17728320269148248,0.19592994772012284,0.002466305208699094,7.460690593964758e-14,7.498185015594738e-14
7.5400,-0.05126095185049387,0.0037648914520858547,0.29028113744868606,-0.04314609799491286,-0.07211781357251991,0.00585197257731779,-0.06733001759716065,-0.0034340188018769204,0.007528461056061806,-0.03118583059570857,-0.025928721982013223,-0.03359787892270573,-0.0011088233321887829,-6.159690598087233e-10,1.1042181798409587e-09,0.04618244559945718,0.019884977859548028,0.08774709400130994,0.0024005830708065277,3.554281435141915e-13,3.571275219993453e-13
7.5600,-0.05279785045539863,0.003703580205392266,0.2885007139055073,-0.042532659574313125,-0.08459532735762364,0.006077066885200262,-0.08963943136870753,0.0022503191387868472,-0.10923163563043378,-0.02933555000404584,-0.024459803419932705,-0.03117859875310626,-0.0010364901822832102,-6.15963804788739e-10,1.1042234595348224e-09,0.12376104561112532,0.11255728753301796,0.08482031139672096,0.003427049982205823,3.647247434623857e-13,3.664514438422861e-13
7.5800,-0.054577988288450015,0.0036542010558792003,0.28435816258047525,-0.04202784654596023,-0.0992374749449678,0.006350249046460057,-0.113684093691643,0.007921465023809022,-0.23021871434500235,-0.027511883863573137,-0.023106787255937164,-0.02721679089725633,-0.0009311999773077893,-6.159595187564081e-10,1.1042277645431714e-09,0.06966827484608175,0.03436016759268185,0.3472153509907905,0.007819109147544925,1.3056789265226965e-13,1.3102014048346766e-13
7.6000,-0.056517732356350985,0.003617460913975468,0.2780731458618715,-0.04164698643735693,-0.11521852740692373,0.00665589661325565,-0.1351641621165252,0.012444204169041793,-0.32199006523944246,-0.021846374392048715,-0.01745344297006569,-0.01847646282932197,-0.0006916292130954456,-6.159520488611543e-10,1.1042352636474284e-09,0.3195844762782435,0.31216440082588776,0.7064906636446451,0.01739515729212559,2.245894713693436e-13,2.2512043227826406e-13
7.6200,-0.05835218180624024,0.0035936248798154264,0.2699872095850286,-0.04140724293149009,-0.13008749025809854,0.006945316751499755,-0.14126596314641635,0.016634357301523968,-0.41178430320724446,-0.014836349605251053,-0.01063533446951355,-0.0006835498133956112,-0.0002714561656923441,-6.159455558735289e-10,1.1042417741957406e-09,0.3989762276771627,0.3851515084331857,1.1012901285527388,0.02542709950623589,3.2066910975528384e-13,3.213126379547626e-13
7.6400,-0.05978637881966813,0.003584232691007201,0.26066728030678143,-0.04133152183092918,-0.14120239267457568,0.007168395776192585,-0.1306089486391765,0.01928666134620659,-0.4613897551114712,-0.004454846561036728,-5.66678248212065e-05,0.019987318768183153,0.00024466330450479844,-6.159354158755294e-10,1.1042519433440875e-09,0.6199104700000057,0.6516243051052323,0.9255272528917258,0.025284459570674697,6.320384753760733e-13,6.340329736925776e-13
7.6600,-0.060573309386006455,0.0035920871887001847,0.2508587720241528,-0.04144833539416562,-0.146403641384522,0.007285611177279485,-0.10082332935204567,0.020942360549087203,-0.48604022255828666,0.005696672629974333,0.010182912134987124,0.040530588677762575,0.0007508455698922033,-6.159253430076967e-10,1.104262039583145e-09,0.4573583906757532,0.4531936057755717,1.0032449665701413,0.023903240332222016,5.046446116888093e-13,5.057058287752381e-13
7.6800,-0.060427827325256936,0.0036159394744792557,0.24078903316224748,-0.041753521408463556,-0.1431644762781132,0.0072419872456002034,-0.05281979548429995,0.022136291710713733,-0.5008424315504766,0.014009271598077244,0.018393021089096767,0.0579676078286456,0.0011630492615988584,-6.159143754408898e-10,1.104273031407566e-09,0.3881278172587092,0.38461875215451674,0.7062375133770245,0.017029217646284612,5.491500266671667e-13,5.505114593351568e-13
7.7000,-0.05924905988199062,0.0036481626666928922,0.23101674352746587,-0.04218744808694821,-0.13052397515091904,0.007004316232077247,0.006919998168869385,0.021507184415859918,-0.4858857504490627,0.021602262672800996,0.024608076139082936,0.06784384855358133,0.001482295631573973,-6.159112234628623e-10,1.1042762148569129e-09,0.3641080374355598,0.2338035098389843,0.29694253231103296,0.015001047865681962,-2.1240547840549462e-13,-2.1063175075636265e-13
7.7200,-0.05717725000558359,0.0036615347029169344,0.22231204779367894,-0.04250878687173474,-0.10957033328524567,0.0065633434166903854,0.063661252560596,0.017550562488266246,-0.4240348595641728,0.027949729647766312,0.027653791472333544,0.06438514943916226,0.0016719329083212072,-6.15921097145463e-10,1.1042663915127893e-09,0.2610200461782203,0.08363331310446075,-0.5758310837909985,0.003987203712989897,-7.216767331300056e-13,-7.184845166735565e-13
7.7400,-0.05455368228859574,0.0036337674119879624,0.2154915768557492,-0.04251079360581142,-0.08318003257826498,0.005966617451903803,0.108044645468618,0.011045979442956403,-0.326679626481171,0.031480114055090914,0.02762758409866068,0.052416704302113024,0.0017429498094082324,-6.15940819698481e-10,1.1042467306522845e-09,0.09304321826565809,-0.06958111928908768,-0.7465529121310553,0.000611980985536185,-1.1067388325236571e-12,-1.1029616889951521e-12
7.7600,-0.05170477923255462,0.0035526724387257114,0.21099820848271902,-0.04206565324342217,-0.05418224007887933,0.005284048840270031,0.13088144526700302,0.0029918321496319833,-0.20180928116162306,0.03141168723975023,0.02496573942728673,0.03345014591170162,0.0016578811497700613,-6.159655494575201e-10,1.1042220763318158e-09,-0.09350273229861865,-0.1949231566613152,-0.9733022818958351,-0.006574747344412596,-1.2990173173244024e-12,-1.2951189599930135e-12
7.7800,-0.04897912758907386,0.0034179101477031346,0.20905545384256485,-0.04113157867214116,-0.02579881669126513,0.004608944762596346,0.12996502098999546,-0.005168101421247384,-0.06817090440405574,0.027658700772531256,0.020069864211372718,0.010908629442256554,0.0014112335756785869,-6.159907496455935e-10,1.104196960962396e-09,-0.26694373839542856,-0.28197677407325145,-1.263443988231059,-0.018075562939223983,-1.1896052719284622e-12,-1.1850865341139771e-12
7.8000,-0.04676833296389717,0.0032413427745305676,0.20987890021204852,-0.03975882289104276,-0.001929547859959915,0.004048325556401506,0.10253936140973403,-0.012695897343577834,0.07538774778049517,0.0208097684782141,0.013913649377133956,-0.015810715047767654,0.000922907285713885,-6.160121903024607e-10,1.1041756193725506e-09,-0.35868019304320287,-0.282252368690799,-1.183249697985496,-0.02680143621189184,-8.24710200304779e-13,-8.198766101794042e-13
7.8200,-0.04528668080125877,0.0030424682830213056,0.21353372968332188,-0.03808667739123125,0.01504530980378832,0.0036603064615077763,0.06171615103111246,-0.01870723305676445,0.21782791005700974,0.014478526494327012,0.00984418999202891,-0.032732622082657696,0.0004036527187714033,-6.160224800720125e-10,1.1041654208939057e-09,-0.2848762530985308,-0.12840169453569153,-0.5567210687636955,-0.026660544798234723,-2.433123960556699e-13,-2.386241432315167e-13
7.8400,-0.04460565636814728,0.0028461290096068103,0.21982530621633165,-0.03633927594122649,0.024132252135732224,0.0034553321414107093,0.015235811501033453,-0.022345910664419946,0.3443461825107357,0.006338358577331887,0.0057307787583136,-0.045418866572575836,-0.00030574201377818244,-6.160202548279587e-10,1.1041677442195089e-09,-0.5031511135960685,-0.2836290429727439,-0.7372532848759263,-0.04150345448745508,4.653414155744717e-13,4.698854695096844e-13
7.8600,-0.04484387275217038,0.0026771658267144725,0.22816770679148263,-0.03475322056226412,0.023954066914418985,0.0034382754822938296,-0.034101399799018974,-0.023316769869037964,0.437401649025289,-0.0025700662424576635,0.0005892540537845066,-0.05530452871828271,-0.0010134565537116352,-6.160096468429822e-10,1.1041784339960467e-09,-0.4092878479661897,-0.2630471739135222,-0.28571135716752927,-0.028901485103045653,5.323495550629831e-13,5.36415421630021e-13
7.8800,-0.04593554991527025,0.0025378575113821494,0.2378423209380254,-0.03337431585681837,0.015168872722271742,0.0035733634022911335,-0.073296177704844,-0.02303101268508912,0.4934725559805099,-0.009548342404004418,-0.004675394235328292,-0.05640869583695702,-0.0013904743530210122,-6.159998803118654e-10,1.1041882750290375e-09,-0.3045128696510846,-0.2637342356933721,0.12385508709609964,-0.011039959441212633,4.483015521306033e-13,4.5169331599689833e-13
7.9000,-0.04774266515034327,0.002421699235587216,0.24795873203773466,-0.0321726878690927,-0.0006828918985411112,0.0038170830066084137,-0.09996308799157883,-0.021560277414756173,0.5044908225605906,-0.014958609805252784,-0.009896895173708335,-0.051024578287251904,-0.0014892379128258833,-6.159918120167014e-10,1.1041964029483824e-09,-0.2433836130667353,-0.2560694236805966,0.3822853943545202,-0.0003158875974599854,3.626048571646334e-13,3.652013045273017e-13
7.9200,-0.05008497800400593,0.00232223495306246,0.25753076917471085,-0.031118526474333937,-0.021594676676347662,0.0041262710050624235,-0.11494121146402443,-0.01896348216066448,0.46738473188925783,-0.019299834482951726,-0.014771732510587382,-0.04184372888568391,-0.0014281867724856496,-6.15985419322927e-10,1.1042028394472312e-09,-0.19438778237518015,-0.22973851117594588,0.48717165338398466,0.005152810283716488,2.837421595423828e-13,2.8560655359818887e-13
7.9400,-0.052857661858029606,0.0022351433854868098,0.265848415771431,-0.030190254087391767,-0.046341785293246805,0.004476982616873116,-0.12827890631212685,-0.015874865839473784,0.40478112767926266,-0.022385731202608394,-0.018496674547773144,-0.03583347271910894,-0.0013496117158164713,-6.159794243338894e-10,1.1042088755941821e-09,-0.028850765228056914,-0.03996837108059589,-0.015147440460523885,0.00111831671897595,4.2893667133794833e-13,4.3200734873086177e-13
7.9600,-0.056062614545352954,0.0021603661953533437,0.2729279603496335,-0.029396481751813742,-0.07476394904103106,0.004866761778450101,-0.14139592195858391,-0.013052898110273131,0.34607251420633134,-0.02238486184764175,-0.018928070438479633,-0.029330639840117627,-0.0012226143281209604,-6.159735012450743e-10,1.1042148341338331e-09,0.029064915344028216,0.008852608317642922,0.34382208827005767,0.007224168395247891,3.429232267072868e-13,3.450024554235709e-13
7.9800,-0.059525464182937034,0.002094477947822067,0.27821605471717464,-0.02871973232462579,-0.1050687218655966,0.005268862412946868,-0.15115260474324693,-0.009698305916259054,0.25679218725224234,-0.022200011100375002,-0.019309080801766076,-0.020334404533938855,-0.0010475282545976217,-6.159685185359777e-10,1.1042198429299457e-09,0.10780501781932454,0.09025805491016058,0.4592281646174676,0.009750802600702605,3.432106487032127e-13,3.4508230691357444e-13
8.0000,-0.06305926444717126,0.002036483965031013,0.28164088951292754,-0.0281574121787078,-0.13547756603056652,0.005660822894724384,-0.1553649401488733,-0.006607132135491507,0.16887641750028667,-0.01912191672691605,-0.01664493910434192,-0.006764210702592197,-0.0007880748381534314,-6.159635435190242e-10,1.1042248382324304e-09,0.21030759115245068,0.19012490715470834,0.8428531699922251,0.015504138781243801,3.5261648202028484e-13,3.5424424895194595e-13
8.0200,-0.0663547015833866,0.0019856411838122794,0.2832404037820889,-0.02770342556887936,-0.16323964887957831,0.006008099791157359,-0.14857554298311682,-0.003714748313202897,0.07849116777359705,-0.013630352475294375,-0.01147253259290963,0.011696465874108756,-0.00044870345799410694,-6.15958490644483e-10,1.104229906227201e-09,0.2783237086593704,0.2582807567138759,1.028499761532792,0.018158584299522818,1.6996923616827142e-13,1.6999520281030245e-13
8.0400,-0.06906639012515534,0.0019412853665415832,0.28305739047929185,-0.027343143942683237,-0.18543362980315117,0.006274443248919321,-0.12984639459226968,-0.0012061249578274313,-0.004706446653896932,-0.006945807551269217,-0.005025783066939139,0.031051323332688986,-9.383547507101886e-05,-6.159535476725074e-10,1.1042348593676109e-09,0.2827323111025793,0.2610895169597553,1.03539407706788,0.017775269195905788,1.739582599063344e-13,1.7383127272688204e-13
8.0600,-0.07091108081923661,0.001903952599652137,0.28133571787458755,-0.027067306506696996,-0.1997673149415442,0.006433444339458008,-0.09867095043197009,0.0010732057427577252,-0.08617662841188452,-0.00030490066929132596,0.00142611787302526,0.04826029769152793,0.00022419473066251851,-6.159484993681766e-10,1.1042399159597996e-09,0.2824509414511372,0.267867454064117,0.8242294972700305,0.014646390086258714,1.8119574308854414e-13,1.8101405790948988e-13
8.0800,-0.07173642064400895,0.0018756616857448993,0.2785778598467324,-0.02688181073244291,-0.20507409565491125,0.006475791745265613,-0.05740567723380159,0.0026296713621417746,-0.1388030481893375,0.006367318004535772,0.00813724397468137,0.05912617998453335,0.0004572935459098144,-6.159423610425162e-10,1.1042460695790265e-09,0.28771397572656116,0.28847438138377546,0.4226414760118206,0.009482815976448709,1.928518109095556e-13,1.9270381731301134e-13
8.1000,-0.0714985629985985,0.001858503347660802,0.27528143781951536,-0.026800355576564797,-0.20104040342300852,0.0064030280593763466,-0.00948317708960322,0.0036669087210814627,-0.1687179038570614,0.011514852605141788,0.013391029960730515,0.06359924111235211,0.0005874693145147755,-6.159356283129624e-10,1.1042528215377192e-09,0.19990058398278168,0.20431694073757603,0.08154857035473513,0.003929977229648752,3.875979398548779e-13,3.889508073257053e-13
8.1200,-0.07021049782078231,0.0018531132112061283,0.2716258219459273,-0.02683234921549136,-0.18772811933740624,0.006217811142556032,0.04012931286704237,0.004708702794349265,-0.19812198282112714,0.013692754630374627,0.015557084509581891,0.06262458199581092,0.000608337994264736,-6.159285009655304e-10,1.1042599691431165e-09,0.06485314336910533,0.06825684188956757,-0.2488055377751873,-0.002038152876913153,4.0318849604467633e-13,4.0467623826576093e-13
8.1400,-0.06793139612409817,0.0018582274430400999,0.26739727092690757,-0.02697880020313917,-0.16547939561097502,0.005921839875141309,0.08619490323943717,0.006038118980214792,-0.23787725341013224,0.012492669604732365,0.014205048508673612,0.05679668930582172,0.0005261139232004317,-6.159226037928335e-10,1.1042658807299292e-09,-0.1351697986860245,-0.14595371723846529,-0.42687072419960026,-0.006643358483604155,2.6318389741847303e-13,2.6358879271978775e-13
8.1600,-0.06483867852891319,0.0018727335166749963,0.2623626943952247,-0.027248325676214828,-0.1355822137015417,0.005527690278423507,0.12409365236641154,0.007596602035855572,-0.2820644549946333,0.009129854300761303,0.010715104740217479,0.04443365682879991,0.00033827908027628305,-6.159159911930428e-10,1.1042725132846777e-09,-0.22461730949121966,-0.23228054942067636,-0.7402439102687128,-0.011479327624513223,2.8962737156496e-13,2.903627858985569e-13
8.1800,-0.06123530515055272,0.0018966752677087246,0.2564768820405902,-0.0276593073858765,-0.10043335356902139,0.0050618553322158725,0.15022571945242044,0.009247964217121629,-0.32210505350531526,0.004477026574158204,0.006021576984127297,0.026474685677336414,6.645411047131626e-05,-6.159089926904624e-10,1.1042795383688053e-09,-0.2814389809896959,-0.2861671272753345,-0.9656621462714746,-0.014911434470310556,3.099353998274601e-13,3.110649758608641e-13
8.2000,-0.05743096027333038,0.0019293555571274952,0.24950926470466528,-0.028216662696359737,-0.06259264411211284,0.004550279763930899,0.16415476694245232,0.011386237149787308,-0.37486789277295796,-0.0020352670986888604,-0.0006225592663082378,0.005546783432809463,-0.00025997463512637164,-6.15902422532579e-10,1.104286138561366e-09,-0.32219616856350713,-0.32103563183465067,-1.2891001748788236,-0.019167314959116655,3.321292893487815e-13,3.3384086510837574e-13
8.2200,-0.05382523443848143,0.001972668659839465,0.24169261607810977,-0.028932119220149374,-0.025696240792468523,0.0040364193629850945,0.16236147306607995,0.013213290057636797,-0.40419235027634093,-0.007231998175673291,-0.005755306640329941,-0.017399547834445504,-0.0005994753749959276,-6.15895273874015e-10,1.1042933300473251e-09,-0.19615582661277345,-0.18970210938895452,-1.0333545256491514,-0.015069117241637536,3.740197713174298e-13,3.7648351233418587e-13
8.2400,-0.05072476179666552,0.0020301437189205263,0.2336141430974459,-0.02981836168767356,0.007169212229400437,0.0035596395247761902,0.14682090433072403,0.014437440123463211,-0.4015801073009733,-0.009810126219508617,-0.008088044355976341,-0.037770671660104935,-0.0008851961264520724,-6.158868452397053e-10,1.1043018207117685e-09,-0.0451991766792514,-0.028635697916466744,-0.8810282568139032,-0.011751667558396172,4.293298572558002e-13,4.327248737286127e-13
8.2600,-0.048401873766875644,0.002107136560525985,0.22618867251903585,-0.03089008097980785,0.0329561207348856,0.0031653569772397733,0.11499624388450205,0.014631854064501506,-0.353874788368367,-0.009391801752431908,-0.007296104600567422,-0.05199545579861064,-0.0010614813522649782,-6.158781877919541e-10,1.1043105501682711e-09,0.07069330566094296,0.09224289268320426,-0.6305943634506102,-0.007070644423378767,4.783779709166547e-13,4.824995112652497e-13
8.2800,-0.04703681074780943,0.00220931195574534,0.22029814440851186,-0.032158798671413816,0.04937303631331152,0.0028961960808901025,0.06793358545146053,0.013817088328698029,-0.2674223131302273,-0.007347582913631793,-0.004811047917557983,-0.06197479476227019,-0.0011523863867587936,-6.158681214841949e-10,1.1043207052542988e-09,0.12089676613956617,0.14278206940713145,-0.38198281930248684,-0.0022572393128894495,5.254959878700505e-13,5.301853791064848e-13
8.3000,-0.04674086880793056,0.0023420958431322335,0.2166043699059812,-0.03363467536011712,0.05487936433927059,0.002793253227527812,0.009395126165507669,0.012165440154986062,-0.1535884165314917,-0.004870946105925415,-0.0019194427706421297,-0.06708185212684675,-0.0011460632218304979,-6.1585711646525e-10,1.1043318078151183e-09,0.11997358412537394,0.13944803166802816,-0.141490751095293,0.0026593151716319437,5.733522380826916e-13,5.783555058480605e-13
8.3200,-0.04756515506903977,0.002510066330374695,0.21547181321070827,-0.035328946443765,0.048789965728488455,0.002894190467290771,-0.05398740559920501,0.009920420482642595,-0.026067327314274653,-0.00272819761765638,0.00048406931721980143,-0.0674127490405418,-0.0010306973075154542,-6.158458803389088e-10,1.104343144850487e-09,0.09956506094323928,0.09282438548489741,0.09673997408243197,0.009958472874373445,4.720367434603301e-13,4.770793135544515e-13
8.3400,-0.049503212499682044,0.0027104541325344016,0.2169341316468874,-0.03719682970054533,0.03133759256939719,0.0032299645397923043,-0.1141630870295832,0.007021417416319349,0.10073469407145212,-0.0009521539301436654,0.0015715307354298217,-0.0630221988562479,-0.0007325474113940308,-6.158386590135917e-10,1.1043504649477608e-09,0.07350433561453917,0.021469119050553636,0.32813024238436744,0.018344025191221906,2.7656647588400474e-13,2.813649378589911e-13
8.3600,-0.05245974829452569,0.0029361573450646106,0.22071212754427946,-0.039178675073377967,0.0039306641430654115,0.0038114008517120693,-0.16107179902677665,0.0038499958098481253,0.21415624784022574,0.0009934157867277805,0.002403445165100751,-0.05139604659756438,-0.00028000653363587194,-6.158339804899372e-10,1.1043552333471408e-09,0.22726272115566754,0.1763790247028348,1.1263164050490388,0.03180886177594187,2.357836148547676e-13,2.398878621787115e-13
8.3800,-0.056162910034015336,0.0031812176602457128,0.22632031760940408,-0.04126328041867501,-0.03019930694160316,0.004606349493721265,-0.18670797454355167,0.0009651333185597046,0.30299300514741573,0.0027956796345731025,0.003272284801591994,-0.03318137705730221,0.00022778170175800856,-6.158303396791666e-10,1.104358951029417e-09,0.03247988123098911,-0.006809638923346634,0.8723038535747546,0.022481464020032593,1.822709192779437e-13,1.857351891645237e-13
8.4000,-0.060339044524001774,0.0034415854931285693,0.23300112558600697,-0.043461659570516835,-0.06801561258331437,0.0055754991973834276,-0.1911859168598244,-0.0009343390553552263,0.3551804657221078,0.0038369657237781185,0.003756780581083328,-0.012275754981427026,0.0007024743751812861,-6.158262151772656e-10,1.1043631353085612e-09,0.08863068283432833,0.07189119257631604,1.222132819591871,0.025599659889840032,2.391239062229239e-13,2.4169837138654504e-13
8.4200,-0.06458003236818752,0.00371579761235666,0.2402536245708001,-0.04581234395584441,-0.10551993649624786,0.006646684867264923,-0.1734349892993851,-0.0022688686688753265,0.38667017539508164,0.006391663254587034,0.0063324255287862345,0.011956103090032276,0.001197031995068944,-6.158198998903762e-10,1.104369498137228e-09,0.1516080915757245,0.16116846158747428,1.3035971728269813,0.025809480864717738,3.3540769987794317e-13,3.3713320763545385e-13
8.4400,-0.06839024836711359,0.004003543808727826,0.24758161870136683,-0.0483487320847383,-0.1382839748627662,0.007719686950150108,-0.13244612888412893,-0.002452375464973454,0.38464227295504705,0.009450754274809004,0.009692449364181394,0.039032662215297956,0.0017151406525281756,-6.158116358065688e-10,1.1043777916442228e-09,0.14393132150317503,0.16740988678126373,1.258039067495453,0.023356812070410023,4.821834121218616e-13,4.834169089334983e-13
8.4600,-0.07136237988769571,0.004307511400981244,0.2546382064749024,-0.05110364984154999,-0.1629589831776913,0.008699762292242022,-0.07982955740399669,-0.0019121791588594867,0.3670404087955973,0.011973221512622577,0.012947706234562126,0.05903664718435121,0.0020731589076093807,-6.157996004093674e-10,1.1043898511863899e-09,0.17018216164324257,0.23774231153371064,0.6619376238331014,0.01212150092952798,8.738324733942315e-13,8.75833585343988e-13
8.4800,-0.07335446575362498,0.004634872129747258,0.2616362413584986,-0.054128958293787235,-0.17862122721848944,0.009540729696552392,-0.024089274116507946,-0.0016815885693410519,0.35856798447238986,0.01397550394168244,0.015840587385480217,0.06846660888279457,0.0022344288713643154,-6.15785697616388e-10,1.1044037765225343e-09,0.026809037825725666,0.04654092057150256,0.32027935555301396,0.00425059967496344,5.790039671674241e-13,5.795829311275313e-13
8.5000,-0.07430675747963078,0.004985391443043009,0.2685417333178642,-0.05741190927690235,-0.1849671778087413,0.010194440138957362,0.028939143324239597,-0.0013997275953860704,0.3454910848013875,0.014091675207244839,0.016292713242899916,0.06947798663300805,0.002206481690802515,-6.157713465981843e-10,1.1044181518975565e-09,-0.038945901348186006,-0.026793229848140435,-0.15326754530405634,-0.006738580150009025,8.417470279825645e-13,8.434088930725503e-13
8.5200,-0.07428538147067698,0.005358229681460337,0.27524564887062203,-0.06094398397800965,-0.18267516287704566,0.010633211598402872,0.07306377800686856,-0.0005929826762657421,0.3219957522722955,0.011835079835414854,0.014106147270926605,0.06299020607461119,0.0019536385358761726,-6.157567703742216e-10,1.1044327520861275e-09,-0.1406331381013681,-0.12690530248037346,-0.5379370709858146,-0.01871650155322698,8.317252052011948e-13,8.332863479093566e-13
8.5400,-0.0733621642647629,0.00574758131027495,0.28108852428769665,-0.06468626125097525,-0.17235179613040802,0.010819632233931196,0.10412198997910369,0.0020747312118629038,0.2665960348257411,0.006389951106611611,0.008213726753614162,0.051748831995712015,0.0014885301753653861,-6.15745059304499e-10,1.104444476764539e-09,-0.3419117327518616,-0.37819451256532965,-0.6570307602354364,-0.027745477496028452,3.9277809520468776e-13,3.9284488205851287e-13
8.5600,-0.07175172875835827,0.006150786192452773,0.2856195056684299,-0.0686345476442855,-0.155795545219504,0.010763253230319313,0.11957012577584107,0.006350422160365458,0.19308746243297625,-0.00042041133702282993,0.0010565808802740374,0.03481313584748877,0.0008233489389460414,-6.157323818413073e-10,1.1044571728644617e-09,-0.3483912965721158,-0.35601305053875065,-0.9763596742312838,-0.03727148107343053,8.047065618022042e-13,8.062365879080158e-13
8.5800,-0.06974077076713091,0.006567245604294796,0.2884922719584225,-0.07279980423090773,-0.13544388099489235,0.010510742686764591,0.11961652253281874,0.012142593767806444,0.10916833543940516,-0.007776743592028644,-0.006474543371677826,0.014147057465997731,2.8838636890126803e-05,-6.157205506469175e-10,1.1044690233881159e-09,-0.412478610249857,-0.4420504950424433,-1.0112819275458995,-0.040080997064308906,2.6297442955874883e-13,2.6308030190089204e-13
8.6000,-0.06756299939630113,0.006992881003311156,0.2891048999051673,-0.07715284219477701,-0.11331386976514875,0.010106847071651815,0.1087951952802934,0.021181420016346462,-0.010813479339579612,-0.016500886302271457,-0.015900757583142397,-0.006541717082326214,-0.000810738107138153,-6.157108863473648e-10,1.1044787047748845e-09,-0.3648118914889155,-0.37832650956869956,-1.0201185024747859,-0.04003610493812934,7.434275634335408e-13,7.451584922019139e-13
8.6200,-0.0655177732670827,0.007433012362981811,0.28745087307897027,-0.08172204007316923,-0.09212028149671232,0.009651150605125869,0.08811877081076673,0.030715524485637625,-0.11558451879145411,-0.021886966907115425,-0.021131640244195612,-0.025005117032654317,-0.0015027887038688598,-6.157003005236975e-10,1.1044893158320024e-09,-0.25085443067960783,-0.2573930738345649,-0.7725309927855941,-0.028801296026083424,1.7882635476584863e-13,1.7921661333783478e-13
8.6400,-0.06371706872444438,0.007888663130983636,0.28343557585002516,-0.08649489752690011,-0.07294811160226142,0.009191578549256577,0.06952258942858518,0.04249078984464271,-0.2372446838634958,-0.025436549758710326,-0.02512660579729299,-0.03489132744687858,-0.0018492705913170937,-6.156921179612005e-10,1.1044975225912576e-09,-0.05969574634810985,-0.10655878850177507,-0.26769149998080144,-0.005297914522114057,-1.031081415994034e-13,-1.0251235895309546e-13
8.6600,-0.06220744783120363,0.008349316165495198,0.27731688573707863,-0.09134746550894146,-0.05630977279314446,0.008754269048531578,0.05158418066728904,0.05205569141939451,-0.3270264844927759,-0.023559184519828014,-0.024831545134690713,-0.03873906813497743,-0.0017418488989978385,-6.156933789770201e-10,1.1044962957377812e-09,0.18687129211864775,0.0489151996377105,-0.10194152043584807,0.016006798506391764,-3.268863044830761e-13,-3.2469990238204183e-13
8.6800,-0.06097835173389534,0.00878116607475921,0.26924353615217195,-0.09593591881089086,-0.042186245826626854,0.00833754461540968,0.039129670079288525,0.06122575655490177,-0.42684487052932346,-0.019897478137167024,-0.025900890952896508,-0.03692066529466629,-0.0011868473379882034,-6.157167501582038e-10,1.104472953792651e-09,0.22036389214605828,-0.06827235623269017,0.18259699751358963,0.03580292222298798,-1.7604932268933116e-12,-1.7592156030532546e-12
8.7000,-0.0600788998643466,0.00914938387072006,0.2596098507018114,-0.09988309663327229,-0.031126826870431997,0.007978405070910213,0.023379011318245605,0.06631885150338752,-0.49440928353734737,-0.013938508106317972,-0.02549361267654123,-0.03698722027829499,-0.0005108343156451946,-6.157569633486202e-10,1.1044327856673145e-09,0.2933951693195217,-0.01973991074627888,0.016282150906637642,0.03724280635784032,-2.5879697690411874e-12,-2.586065042664565e-12
8.7200,-0.05955537651735043,0.009417401770890413,0.24879851238461725,-0.1027895692085022,-0.02365885593076904,0.007720796771443407,0.008281759777184008,0.06818800050349078,-0.5497924129904418,-0.00678424726440419,-0.02486185157380985,-0.0340555637224404,0.00042088741606424913,-6.158210202394884e-10,1.104368779621625e-09,0.38858025258967854,0.07945905309268347,0.22577149129067428,0.04995715426428981,-3.5190149405561755e-12,-3.5163248181258044e-12
8.7400,-0.059406612706573284,0.0095492905479568,0.23740048779612632,-0.10427626149859796,-0.01983254351946903,0.007584070357708075,-0.009455539129805604,0.06400630999613782,-0.5677585981981469,0.0012671801904820112,-0.022427167939572876,-0.030569027084653335,0.0013538250451517724,-6.158963464179429e-10,1.1042935118456724e-09,0.45851556478631883,0.17190130850897536,0.16313205427804348,0.04900185348729628,-4.36924108004888e-12,-4.365809797013398e-12
8.7600,-0.05971107658999521,0.009513868416802337,0.22640946646926305,-0.1039996051896838,-0.020451481251296436,0.007618566218861309,-0.03192483533963872,0.05203130238309935,-0.5347940102623429,0.01168239679442171,-0.01743675840683096,-0.02619914008963884,0.0023801863148308565,-6.159962434391536e-10,1.1041936957215562e-09,0.5187623111858648,0.29098731006845585,0.264609710610129,0.04757459155808037,-5.081902780534886e-12,-5.077690871935214e-12
8.7800,-0.06049458795993471,0.009284238133720158,0.216846954162206,-0.10169583898216031,-0.02576551680913542,0.007822649940098129,-0.05620767681067079,0.0326967620623652,-0.45219474626939904,0.021458461609009997,-0.01118995870028262,-0.01995408496801983,0.003197169391720469,-6.160965940810123e-10,1.1040934307308017e-09,0.4904204134674607,0.36375987965114365,0.38433561422580825,0.03601289482737392,-5.308560882544278e-12,-5.303824220093123e-12
8.8000,-0.061727587208940574,0.008847369635384796,0.20956847887872898,-0.09728146287357302,-0.03543734273253938,0.008137331872555663,-0.0777844495193372,0.008490645757271724,-0.3292546762343778,0.030342228974902293,-0.0032323235839394372,-0.010686099705999806,0.003713064947175455,-6.162018225640577e-10,1.1039883005233108e-09,0.4143331708787507,0.42529842690389885,0.5683049626341968,0.019020784933087585,-5.2292900912243034e-12,-5.2242671993996126e-12
8.8200,-0.06328251094120686,0.008196295728823185,0.20520425126880584,-0.0907776766922842,-0.048156202907943445,0.008432737102781572,-0.08885291956746233,-0.01830433895416027,-0.17742746732236464,0.03841015010591417,0.005746724646425862,0.0036752627033548265,0.003996144712875815,-6.163115705794208e-10,1.1038786586834328e-09,0.35118277777292417,0.41232209657302615,0.7610658030316647,0.008218886923386058,-5.239646390375885e-12,-5.2346000797842684e-12
8.8400,-0.06496263946961978,0.007319262386783041,0.20412077524065952,-0.08217017797534389,-0.06197507421237881,0.008544075923504233,-0.08514427603570467,-0.0452483032394043,-0.01086728741781598,0.04368660721138898,0.01211968003243745,0.01698542044592531,0.004044860725209767,-6.164011841225692e-10,1.1037891297470846e-09,0.2676206029538684,0.33562000765661437,0.7843914828195914,-0.0023633118091023557,-5.249610642021896e-12,-5.244723058628331e-12
8.8600,-0.06657722072254332,0.0062165264990244945,0.20643138827112018,-0.07153050617284061,-0.07506630464431156,0.008341212032765017,-0.06802430567021807,-0.06905436180529143,0.15917010354625757,0.046936906471722516,0.018727159946410873,0.03164771709024188,0.0036493180667940524,-6.165062006701104e-10,1.1036842185623103e-09,0.024456474711768095,0.2685264805104194,0.5213444912602848,-0.03358699149384133,-4.3054171339207414e-12,-4.30102394671783e-12
8.8800,-0.06796509064758514,0.004921910700899421,0.21195807275645231,-0.059208863720918374,-0.08593555317600679,0.007772299429510349,-0.03958197415254257,-0.08588323149027514,0.3136098276273215,0.04477659716558796,0.023119794943800752,0.04132317000610037,0.0027920584164904646,-6.165783422219574e-10,1.1036121622361264e-09,-0.23664947988851393,0.18617755041327522,0.26157779208203824,-0.055208705294115895,-2.823079877506407e-12,-2.818751308752976e-12
8.9000,-0.06904936659482766,0.00349686298849372,0.22031211255694796,-0.04577849759505758,-0.09390763543007724,0.006883493847140993,-0.008837174214351798,-0.09401935566961347,0.4478084642615584,0.03738634783675481,0.025778753904154395,0.043492832212781773,0.0015180081477349536,-6.166180120460237e-10,1.1035725677066484e-09,-0.48301850111307354,0.073939658416872,0.12304872201643975,-0.06622671354084834,-1.1881535252195041e-12,-1.1850819804648527e-12
8.9200,-0.06971730112889984,0.002018730325050578,0.23063138784071172,-0.03194109562038168,-0.09796883006267039,0.005770424456774869,0.023753224032513537,-0.09254237873696759,0.5320615965370001,0.02475882869639921,0.026053621437622302,0.04292618812716072,0.00010005296087221693,-6.166202884451046e-10,1.1035703512415793e-09,-0.6965121570471847,-0.046333886699863075,-0.10570316767203784,-0.06649778541149298,7.331814192226838e-13,7.354813372911773e-13
8.9400,-0.06999994027179393,0.0005551602135236509,0.24206905080013766,-0.018285035397472404,-0.09843108451788496,0.0045773570302309425,0.0465509492819761,-0.08518988787114908,0.5784283216339874,0.01204324567120218,0.022779587109659036,0.034349461862585716,-0.0009715754651609975,-6.166084754037283e-10,1.1035822113431305e-09,-0.6279694083776832,-0.29874396582670193,-0.49623373101242557,-0.04331173924538797,4.756304399812505e-13,4.773928648227344e-13
8.9600,-0.06989960814490617,-0.0008883774727632886,0.2535429734337658,-0.004819016364627266,-0.09531524305632647,0.0033881851414585256,0.06412425122156844,-0.07641211761929037,0.5622134880287786,-0.0004980074354100956,0.014044183790701187,0.02542350285106187,-0.0015564768691638073,-6.166009278251182e-10,1.1035897915673393e-09,-0.5764116237383241,-0.4949210955808629,-0.5191985787794317,-0.01705321755515599,2.617466248085176e-13,2.630956433616327e-13
8.9800,-0.06950694931237095,-0.0023158152146215754,0.2641170205776955,0.008531780012658143,-0.08944674980666271,0.0022725502233851046,0.06786123368028397,-0.06841753966171736,0.5133967435676452,-0.0102573645679435,0.004754911480904746,0.011571518916175588,-0.0017534544810695499,-6.165975359549052e-10,1.1035932128065024e-09,-0.4199364197976592,-0.4350894204396599,-0.9373491322405509,-0.006331431939698696,1.3105933439200301e-13,1.3215871539490331e-13
9.0000,-0.06914433879903353,-0.0037327877830228787,0.2737148804869359,0.021829385561919264,-0.08382133195870375,0.0012492057388533953,0.05561156777847813,-0.06209361415283458,0.46330837380070894,-0.018386084714527847,-0.004226982896966913,-0.007852898406833914,-0.001835896720877869,-6.165968179277178e-10,1.1035939647483203e-09,-0.37370098362524556,-0.4364085886572409,-0.943934067112185,-0.0024698508999496634,-6.022549267018645e-14,-5.822925963020614e-14
9.0200,-0.06894850247872376,-0.005145800393476492,0.2816467541399596,0.03512129583466643,-0.07973009954653357,0.0002830502969618997,0.03701077641799432,-0.05874567944592037,0.3724793641039838,-0.026235168470109725,-0.013372933078017128,-0.02296545806307299,-0.0018558376341354542,-6.165973850327899e-10,1.1035934216227071e-09,-0.42531006502330193,-0.48103716552629433,-0.5346816020117062,-0.00042590471341143004,1.8947683184814337e-14,1.9566860881125442e-14
9.0400,-0.06897230533469575,-0.006561332535156166,0.287407154098857,0.04844617129244276,-0.07768483387246884,-0.0006770128787992408,0.01627800949772887,-0.05909768014092711,0.2605839723756958,-0.03155825336382359,-0.020199173890008502,-0.03194695358318856,-0.0018497798741380085,-6.16599986827522e-10,1.1035908438704607e-09,-0.2386894418920465,-0.296790771678297,-0.22201446941484054,-0.00036457396312718237,3.1107856735153577e-15,3.5300021843857714e-15
9.0600,-0.06919517843819462,-0.007984859154934906,0.2906821180649661,0.06183763438682138,-0.07750076664458236,-0.0016733872856644074,-0.002995915980023461,-0.06324504476815823,0.14062741871866596,-0.03283085120360998,-0.022930424139139594,-0.03338019495067247,-0.001891906512763835,-6.166049679684399e-10,1.1035858839640962e-09,0.15291396731201065,0.04706617091051187,0.11560974904310381,-0.006689898057675539,-4.1452870866778846e-13,-4.1295900076246395e-13
9.0800,-0.06965536055928177,-0.009426424263627844,0.29170023643679416,0.07536341711907256,-0.07953862776526832,-0.0027679007001084324,-0.02420007250505638,-0.07074863095863251,0.025474917347623294,-0.03266546241668216,-0.02432374164843065,-0.03453342055228733,-0.0018939374296027154,-6.166107867479265e-10,1.1035800863175257e-09,-0.08338527216270812,-0.12109894721910554,0.032159594713493674,-0.0005431334306786513,-3.163022280075825e-14,-3.135063416552855e-14
9.1000,-0.07029809659626683,-0.010886395103131597,0.28993316062166835,0.08901715980263693,-0.08327391117154659,-0.003985991303769991,-0.04371819442919895,-0.083374037837949,-0.11209182460173898,-0.032456778020979134,-0.0251421124243571,-0.03227151803892487,-0.0019426861113106184,-6.166168921840024e-10,1.1035739954694377e-09,0.002537780986879455,-0.028511432410306847,0.25502585512792264,-0.006056480249493137,-1.0946887114230558e-13,-1.0914958715503575e-13
9.1200,-0.07110879422002751,-0.01235596386287209,0.2854592094045651,0.10270439091528481,-0.08855579743318774,-0.005351423963842368,-0.06496060435661687,-0.09797571940308777,-0.24001520270771995,-0.03157247046563887,-0.023028441456437572,-0.030182878854289205,-0.0021471807939454873,-6.166098029996332e-10,1.1035811046387945e-09,0.1008085391447582,0.27180577063569117,0.040434635148112755,-0.020595036634241698,8.374190013302196e-13,8.389626883834045e-13
9.1400,-0.072205082878429,-0.013790305443935495,0.2791407733317965,0.1159561983102376,-0.09646459933244746,-0.006926423868208535,-0.08924190757547897,-0.10788729526784883,-0.31857668513716425,-0.02917911305129752,-0.015033231212205702,-0.02829834569557655,-0.0028404020194670336,-6.165736159210173e-10,1.1036173192893226e-09,0.09585101042848163,0.4769797286379259,0.24547799101084553,-0.04859176965891014,2.4743484171307895e-12,2.475892321024409e-12
9.1600,-0.07344313666226338,-0.015110919115715951,0.2711470004935205,0.12806044418298063,-0.10563699444595431,-0.008603911625823238,-0.10469846534748721,-0.11551570689004068,-0.3996425741530493,-0.028490775805986007,-0.004707728508471124,-0.017813332752896698,-0.004088473458486827,-6.164994494355643e-10,1.1036915043614703e-09,0.10185328977659686,0.6066337516238682,0.6881226011261556,-0.07215741864706456,4.791464967845993e-12,4.791915128588009e-12
9.1800,-0.07463415639871106,-0.016243381597266713,0.262107671479364,0.13837515664665612,-0.11432316212215062,-0.010198474234675185,-0.10826699526349959,-0.11537500949087842,-0.44166569957437896,-0.024579120989714622,0.008949699610148423,-0.0018889186429489483,-0.005660584348708668,-6.163978049822935e-10,1.1037931699124483e-09,0.24677792555599756,0.6998004869648545,0.8942617751132135,-0.08072803389409705,5.161113723894939e-12,5.162544003400882e-12
9.2000,-0.07554806238819364,-0.01713793926282902,0.25264104085819816,0.14651366054554726,-0.12043270320347191,-0.011471659382255002,-0.09654653525626858,-0.10924591086892821,-0.4571968206650664,-0.017839299571614335,0.0213478080353114,0.016526545329993467,-0.007084278157796816,-6.162894516828706e-10,1.1039015420023963e-09,0.3135017272797369,0.5028209078318525,0.996639810089848,-0.06380280607911216,5.6023623240530895e-12,5.602934782800162e-12
9.2200,-0.0758827629260469,-0.017774166682648383,0.2428511014048847,0.15239097864519496,-0.12123661419216802,-0.012136847625142158,-0.0672860802612931,-0.1016539963968868,-0.4770184160237675,-0.011098622296269137,0.029863057907838008,0.035452875482706966,-0.008178261348218637,-6.161803777307433e-10,1.1040106288279065e-09,0.3823291773059433,0.3791811954690363,0.8386182210867177,-0.04641195646863574,5.325305300896144e-12,5.326021741691722e-12
9.2400,-0.07548435843010165,-0.01815022225348266,0.2332453134468738,0.1560576139362903,-0.11533552213561278,-0.012029211413450001,-0.026057477597547136,-0.08837689395546454,-0.46564920401762616,-0.003016702332653847,0.03647177598653829,0.04861697279831111,-0.008917448941452251,-6.16077239362238e-10,1.1041137848064573e-09,0.421359337274301,0.2711826294132525,0.3356572445536836,-0.019294370997190825,4.7182856580119115e-12,4.719873797354168e-12
9.2600,-0.07447449839725256,-0.018287000307851933,0.22478463896395265,0.15769519126122186,-0.10378714604672191,-0.011234230347473373,0.013265047096267774,-0.06691418936654973,-0.3996981429843102,0.005070053929343453,0.04057004667126677,0.048857900499131204,-0.008957196538679447,-6.159831674912852e-10,1.1042078876734494e-09,0.36312623567160285,0.1524290265293109,-0.1351157018989318,0.00521800769228878,4.783589323265058e-12,4.784939805491106e-12
9.2800,-0.07301134571569376,-0.018203718987085657,0.21821050537956324,0.15745077248180575,-0.0879445670809837,-0.00990073025781315,0.04978546570266786,-0.04079071093775462,-0.3051265842235521,0.011052977720301376,0.042477381436079306,0.0447672013649068,-0.00878106287696393,-6.158874781676329e-10,1.1043036156744962e-09,0.20688939509508877,0.034458615013279965,-0.24302201989221286,0.011537337348228194,4.605283168701568e-12,4.607076872775728e-12
9.3000,-0.07123373398293145,-0.017912675122321513,0.21389614537499285,0.1553990095489237,-0.0689836305003552,-0.008185486002257178,0.07739341871452536,-0.012131090436966405,-0.1918282205142284,0.013619804375167287,0.041865906524770825,0.037130014122752145,-0.008350211033415367,-6.158029357537647e-10,1.1043882002759723e-09,0.07893612859119527,-0.09540977578163146,-0.63516974310959,0.03853047362465414,4.321773841575727e-12,4.324401947641832e-12
9.3200,-0.0694019080524372,-0.017432799585782525,0.21219270262738926,0.15160326485375789,-0.04927080480850326,-0.006353118844795619,0.08820474482775467,0.017788983450599028,-0.061472878411761064,0.013430758011415835,0.03878671656043292,0.023450520134945925,-0.007455438794851927,-6.157137172028149e-10,1.1044774696898815e-09,-0.09357304631885306,-0.20419277000975058,-0.665395145413518,0.046735309077596605,4.527003771848115e-12,4.52961453067946e-12
9.3400,-0.06771170824369067,-0.01677371959288149,0.2130471664120691,0.14603250825068545,-0.03066385353454423,-0.00461223734507591,0.08330340454439852,0.045682762032070945,0.06603441874060974,0.00998404799299326,0.03328165580884622,0.006689809227745133,-0.006224971249003332,-6.156176177887983e-10,1.10457362801424e-09,-0.22278072661256118,-0.30890723918552787,-0.9032080154728694,0.0687957729058894,4.638072044482744e-12,4.641030615371022e-12
9.3600,-0.0664262603772421,-0.015948088232399918,0.21642524871908747,0.13863876035381226,-0.01577915858420666,-0.003200585678176358,0.06147665934044668,0.07084631093888859,0.1903538030159852,0.005023877236782107,0.026975443702064304,-0.010514503003659208,-0.004834224557995981,-6.15527960763071e-10,1.1046633428097284e-09,-0.2814970147127355,-0.33777065493145664,-0.8458537533845002,0.07340974762995793,4.7962155080849556e-12,4.799295509616552e-12
9.3800,-0.06570553485041382,-0.014958475157342832,0.22209623530739728,0.12933949027667527,-0.006316164432809578,-0.0022322787725458444,0.030690492793921876,0.09178760267152192,0.30020405534188854,-0.0009493568127338688,0.020235804205822803,-0.025181018888534783,-0.0034021908155356913,-6.154298914170241e-10,1.104761473509475e-09,-0.31413088353797436,-0.33629931283437275,-0.6295971742336408,0.07013308710440333,5.006750222746881e-12,5.009779917297674e-12
9.4000,-0.06562018826176262,-0.013796715773387652,0.22961053383502922,0.11803687909228765,-0.0030927253803794356,-0.0017012285383725266,-0.002517755281016024,0.10747348473612688,0.38510682785977723,-0.007318794796297394,0.013733988167226844,-0.03492250759036137,-0.002057906986184561,-6.153276276431864e-10,1.1048637955405314e-09,-0.24389556147500185,-0.24512505244526003,-0.1579251150139098,0.05284612492894634,5.072241238135433e-12,5.074891028244988e-12
9.4200,-0.06615745632413968,-0.012447287962461539,0.23833848308267522,0.10464858325775164,-0.006031963460545097,-0.0014920600218180941,-0.032560432920010124,0.11743821759532647,0.4366915318287661,-0.013599491343748717,0.007315889310083061,-0.03974334166725675,-0.0007683379582716974,-6.152249486233861e-10,1.1049665272803135e-09,-0.26250258430760687,-0.38273891655105285,-0.1560001183753247,0.07465057745677636,4.4680960320508945e-12,4.4705576046633055e-12
9.4400,-0.06725870865086032,-0.01093605721700788,0.2474460276528677,0.08955291206031041,-0.014517172192089886,-0.0014383159028738134,-0.055870319237470524,0.119111046675302,0.44607693676723514,-0.016679603637934717,-0.0017353512138994077,-0.03980183959952947,0.000928096137165978,-6.151546937589603e-10,1.1050368268750186e-09,-0.06823846519026157,-0.5033639579178829,0.1203999723951651,0.09094346192642129,2.626753849155339e-12,2.628775235685721e-12
9.4600,-0.06879766245447538,-0.009322824299847545,0.25604001629008477,0.07348580297488752,-0.027213830527579363,-0.0013548827343722455,-0.07174351525065256,0.11354311791393128,0.41232691169071745,-0.016682144770755275,-0.012419749560142534,-0.036110353607338885,0.0027721426733938897,-6.151225707395465e-10,1.1050689863509472e-09,0.0523545872259363,-0.5512706913409636,0.21864392996376475,0.09103552038655413,6.766715009501323e-13,6.783154767042721e-13
9.4800,-0.07073288608236569,-0.007677121609238221,0.2634868235745935,0.057214727424559846,-0.043608560568023015,-0.0011322732443587158,-0.08785711621660225,0.10388679936522097,0.3536690689684762,-0.014753732584397062,-0.02315634848833923,-0.03452234811435731,0.004558485134459829,-6.151267312661316e-10,1.1050648597366346e-09,0.08249512563884769,-0.47228994095664245,0.2235408444527213,0.07286420275127464,-4.1642243039236027e-13,-4.1518882516050626e-13
9.5000,-0.07304003801787802,-0.006031367490442066,0.2695282311577195,0.04111086499551253,-0.0633484576891724,-0.0006805353490743459,-0.10252882448527804,0.09517424293705046,0.2865954577616655,-0.012467153919319787,-0.02847402284943949,-0.030662420478829677,0.005549490544249643,-6.151359915393438e-10,1.1050556325440567e-09,0.06729354488577488,-0.1541897190076379,0.3071991118313638,0.028321869010815008,-2.5969618165991304e-13,-2.587436016311673e-13
9.5200,-0.07564155913832092,-0.004376298000194429,0.2740395176614008,0.025124492590143512,-0.08558341868642572,9.934987325375323e-05,-0.11633302001985997,0.08906564252651156,0.21149213451380114,-0.011257588603275581,-0.02960376822929967,-0.024746025535006586,0.005873060816815833,-6.151426099686997e-10,1.1050490450357127e-09,0.04117480462869638,0.011239477588149931,0.32713052405676724,0.005242985793570052,-3.1274944656614623e-13,-3.108545864292933e-13
9.5400,-0.07842560268436452,-0.0027022162347765015,0.27680449520867834,0.009174224902996084,-0.1091840949702881,0.0012822687689958109,-0.1277065523072058,0.08580793686439833,0.12903693213596396,-0.010049950214867914,-0.028095145788283826,-0.01696883080181657,0.0058423765856380535,-6.151459579536614e-10,1.105045720093598e-09,0.0642772285585911,0.1135890519523785,0.561777846968801,-0.007243968474276275,-9.017534440512731e-14,-8.961872856230041e-14
9.5600,-0.08122572100170578,-0.001003301733837393,0.2779904727799441,-0.0068113263585310125,-0.1325842845228256,0.0029044712608792323,-0.1320678651275272,0.08548607937882749,0.055469021328675774,-0.006494927108700815,-0.023213363315076126,-0.004273401123983257,0.005637956528847932,-6.151472177090164e-10,1.1050444843280344e-09,0.16095667631322108,0.24210031809805274,0.8168434328526805,-0.013256010664583326,2.855834939732328e-14,3.0213997265476217e-14
9.5800,-0.08375628768770808,0.000723618533465886,0.2775944648749506,-0.02290322174104761,-0.1532273992816588,0.004938087101162023,-0.12554995562016985,0.08761877199483262,-0.017503877418480137,-0.001798149350211091,-0.016737264021727167,0.012118007258005334,0.0053477777335876765,-6.151452576014876e-10,1.1050464649204003e-09,0.26832810067942814,0.36224564926488967,0.8296220580527294,-0.014955872527496777,2.4162201644854775e-13,2.432107792070537e-13
9.6000,-0.08575436427201932,0.0024781549084005867,0.2757998006422761,-0.0391567791683505,-0.16886273539589014,0.007272164349927206,-0.10751934589327075,0.09169886426499659,-0.08254538528041942,0.004010252207273262,-0.008919769757989858,0.029031704723563822,0.005030907171869534,-6.151392606086412e-10,1.1050524817159553e-09,0.29191242082453206,0.38785870920623733,0.7348999790024201,-0.013854092728505659,2.5145993143640966e-13,2.5168864388469547e-13
9.6200,-0.08705025521715244,0.00425982711832884,0.2730892687655935,-0.05562603648483603,-0.1781071818635788,0.009741352336150632,-0.07856379502117712,0.0969549992522297,-0.13398521166823416,0.008847880734373266,-0.0024049804612365465,0.04228667748801196,0.00478880225718305,-6.15130322020111e-10,1.1050614373148585e-09,0.20418051140278679,0.2823181434709846,0.6725349605668144,-0.013384917953351578,7.589561574691817e-13,7.606058794948356e-13
9.6400,-0.08745716934561526,0.006063386395023766,0.26955012362701486,-0.07232290825024978,-0.1793956659640646,0.012114334018650847,-0.04082703208683723,0.10245388496371366,-0.17040223088272793,0.013515774608966748,0.0039029989962840596,0.05126630252461535,0.004495663061476353,-6.151172074588079e-10,1.105074578070161e-09,0.3019565899739969,0.34884721628038406,0.202316641424735,-0.013417362334795749,3.7840195386829034e-13,3.8022335930795736e-13
9.6600,-0.0869893040762418,0.007851522380537693,0.26578366747743876,-0.08896450867143083,-0.17287797453988096,0.014138422985460537,0.0021747578840906074,0.10457941205332313,-0.1883426269760818,0.019157187966958075,0.0061724381838868725,0.05512535948793964,0.00439142685677012,-6.151309101867929e-10,1.1050609030850567e-09,0.27130535274223494,-0.05828640652465533,0.14009504137723075,-0.0008001645486940676,-1.7361307703966933e-12,-1.7353082946286458e-12
9.6800,-0.08561216412315971,0.009536056564184834,0.26170144482743046,-0.10482004633620477,-0.15818017575049373,0.0154805092842837,0.046321927540090894,0.1026198565827072,-0.20619882754273483,0.02501051738641701,0.003480049763717715,0.053968114390769165,0.004373529304393264,-6.151793700585418e-10,1.1050124805751312e-09,0.2875189636375495,-0.1471655462307376,-0.2698395809550426,-0.0017152164976044458,-2.834666962964194e-12,-2.8321542160092417e-12
9.7000,-0.08348910774579019,0.01104141436338931,0.25760160452166064,-0.11927405541288302,-0.13660834623538706,0.015954341738546023,0.08550447220331071,0.09584361364193619,-0.2113523669097564,0.02918770587114299,-0.0012453673490422184,0.04690145925202173,0.004360205014402703,-6.152521263456478e-10,1.10493976419317e-09,0.15547402090396664,-0.3288600004305391,-0.4613714743755824,-0.0003133119246673175,-4.167063395732473e-12,-4.164214112423181e-12
9.7200,-0.08082120984587479,0.012301458790400505,0.25351136479883846,-0.1317788971632779,-0.10977250005986014,0.015506340824158901,0.11499320302073177,0.0851885691273403,-0.21006801737763267,0.03142915549961826,-0.007073009480081473,0.03569461274640917,0.004352140611837372,-6.153431282287601e-10,1.1048488070693932e-09,0.003107795170317443,-0.4506052593506625,-0.6230989375788826,0.0005787095525282418,-5.645475406601541e-12,-5.6435038933710935e-12
9.7400,-0.0777692157393125,0.013276973095651486,0.24887374215764893,-0.14200997538863147,-0.07892030762760076,0.014188929374767009,0.1352962083688317,0.07790056634994143,-0.24517830916841557,0.028199020441115507,-0.016929347011130007,0.020073513122785033,0.004147632161596751,-6.154664593006775e-10,1.1047255235089492e-09,-0.23607737330144352,-0.3882629880509632,-0.8342235356858195,-0.018552072903424754,-5.578889780699647e-12,-5.576535760942747e-12
9.7600,-0.07468765409591363,0.013983470046548352,0.2437207148132306,-0.15004255963587038,-0.04718988701606959,0.012311898091043121,0.1373365415526413,0.06958085728880507,-0.260767876264819,0.022522272689762042,-0.02302057693042199,-0.0020388314643498668,0.0034756597804025497,-6.155751621694325e-10,1.1046168795366583e-09,-0.29024365536779295,-0.23499739682511087,-1.1161223651656074,-0.03271739183674185,-5.459400292950889e-12,-5.456400088699187e-12
9.7800,-0.07190224605764631,0.014448742398057286,0.23839533829703016,-0.15596330606476785,-0.01768049428145077,0.010245508151753244,0.12808344950490672,0.06034923398174911,-0.2637729543746485,0.017069553718037256,-0.026362879156158717,-0.021607668923827487,0.003025754381087486,-6.156882570431765e-10,1.1045038544872692e-09,-0.23365077357901615,-0.09292390292917448,-0.8487883914719108,-0.01705794918643528,-5.319025601913108e-12,-5.315382682613556e-12
9.8000,-0.06963758841836673,0.014701918201208712,0.23331800576620482,-0.15982017246411406,0.007251352335423261,0.00832176120478524,0.1059067332307819,0.048250492654751884,-0.24202815955546755,0.013389458268398107,-0.026780578397851206,-0.03646230187433793,0.002751019551013532,-6.157876137396577e-10,1.1044045734915183e-09,-0.147463255031629,0.04641293971392084,-0.6811817056055797,-0.009836764974392087,-5.149163213868935e-12,-5.144891457309342e-12
9.8200,-0.0680811492887827,0.014774483711430387,0.22911636236478014,-0.1616570940927813,0.02546254086039675,0.006843811465777088,0.0723761305790954,0.032200370054642914,-0.19122444228306695,0.011344002591757699,-0.024753843997384863,-0.04748612247127292,0.0026373194715623056,-6.158891140226627e-10,1.1043031643612937e-09,-0.0686208802834278,0.13733782220186233,-0.4392134312448794,-0.0033052055571043733,-5.017495099957081e-12,-5.012703793716433e-12
9.8400,-0.0673493765263532,0.014689998837113395,0.22631877436476758,-0.16149114218013103,0.035479439068574294,0.006022030578224599,0.029754437169242615,0.012965377663186234,-0.11824653299346968,0.010444175994478522,-0.02170330351107601,-0.054009348974560153,0.0025729661653138233,-6.159886163266283e-10,1.1042037616651501e-09,-0.02857224612166532,0.15752411324138718,-0.22716566774718805,-0.004006279655712692,-4.946310722120373e-12,-4.941192420504503e-12
9.8600,-0.06750627845819117,0.014460688679632521,0.22525966363535563,-0.15932457183770057,0.03644778985951175,0.005960872298970675,-0.01811240473540909,-0.008073322060842807,-0.03240648013125989,0.010064910769017256,-0.01874418018137363,-0.056462108133914314,0.002447660835372603,-6.16087367257672e-10,1.1041051146683292e-09,-0.013209733001389203,0.13405711805336862,-0.029654688923265445,-0.008759641131559257,-4.939418665750317e-12,-4.934186739746771e-12
9.8800,-0.06856650331093947,0.014085475701863812,0.22604009640032946,-0.15515701789086744,0.028193138083133458,0.006644895300515435,-0.066180903224423,-0.0292620579005947,0.055816694283753056,0.009820666050004168,-0.016516744781578063,-0.05505539921043797,0.0022015205973258717,-6.161865260655726e-10,1.1040060595153603e-09,-0.01297950786921927,0.0887005378777696,0.159413109484025,-0.01569764718865314,-4.98304002227723e-12,-4.97793473108743e-12
9.9000,-0.0704947224248258,0.013550407512384746,0.22851673618610174,-0.14898950667443944,0.011243344587719136,0.007938397070616315,-0.10925571548714759,-0.048967339009229824,0.13572568615068648,0.00950000532992975,-0.01529070334928327,-0.049981825984758324,0.0018115285557132076,-6.162871138814268e-10,1.1039055705232332e-09,-0.019222134802022152,0.036452277506958466,0.3365033302950745,-0.022833934775758728,-5.079815908193286e-12,-5.0750575616986815e-12
9.9200,-0.07318916069331821,0.012830397215514185,0.23233067651400469,-0.14081482899005396,-0.01307480738806415,0.00959207857013248,-0.1419070585099309,-0.06608624793348537,0.1983808377906998,0.009478818907486159,-0.014580261099168566,-0.04026139491080501,0.0013849014518347205,-6.163897056914741e-10,1.1038030682604796e-09,0.014041899792560356,0.034598428902949584,0.6191812597792126,-0.019071927705387775,-5.210995697446652e-12,-5.2067785846765524e-12
9.9400,-0.07645027454173606,0.01189282809732633,0.2369800443161639,-0.13060161806063894,-0.0424685776361872,0.011259181209860896,-0.16049335767371256,-0.08007635132899643,0.23669628849669352,0.009852012199628803,-0.014124199933268548,-0.026307805165772857,0.0009834295681524256,-6.164952420489049e-10,1.1036976090115069e-09,0.042967844027572824,0.037732062081435744,0.8148663507533532,-0.01672779656376778,-5.338161336576608e-12,-5.334619031238663e-12
9.9600,-0.08000697211715645,0.010704936826090174,0.24195333199905428,-0.11827896929451166,-0.07410207632460307,0.012565625008964156,-0.16323675549289862,-0.09168287716871068,0.25242554263128114,0.011296129854728366,-0.012809450205319718,-0.008440895682776122,0.0007086125049684741,-6.16603303212221e-10,1.103589612480518e-09,0.1097867670645073,0.10403162342991136,0.9929242951780433,-0.008447205046368108,-5.461014453145285e-12,-5.458094913535216e-12
9.9800,-0.08356804479806196,0.009252213192681609,0.24701608313116183,-0.10385142104921594,-0.10517285465663866,0.013195599540292844,-0.15086371224710343,-0.10180773912987702,0.25854386931780704,0.013438323370698058,-0.008603285894066618,0.012277923978610359,0.0004378961427973816,-6.167054286540049e-10,1.1034875444259892e-09,0.06288354464990158,0.2808955281305572,1.1970114622073478,-0.00843293169937475,-4.21201528516546e-12,-4.209838207203109e-12
10.0000,-0.08669589440732516,0.007568845226999499,0.2517405327675641,-0.08769157027803721,-0.1317453737810134,0.012910008221975135,-0.11974387462913257,-0.10696059196956986,0.2387769529329249,0.013425552942223043,-0.00158921330375062,0.034497965326467955,0.0002180038848006577,-6.167730492710101e-10,1.1034199623744889e-09,-0.05688257109325803,0.39700684936195235,0.9801190369015326,-0.01311058180597628,-2.61186038075234e-12,-2.6101555812563237e-12
10.0200,-0.0891267728456596,0.0057291099659713424,0.2561085803756399,-0.07041605022402876,-0.1516524338800871,0.011748139859187772,-0.08027078787957607,-0.10904459230546863,0.22612145054796243,0.012049787116088813,0.007560364878549246,0.04864941987977554,-6.500120798009164e-05,-6.168029046050354e-10,1.1033901441699433e-09,-0.04367460403886275,0.6203156303209143,0.4481063977020282,-0.01905271373374503,-5.227635815549525e-13,-5.203467864922651e-13
10.0400,-0.09079383757282308,0.0038304129537928373,0.26059611232657115,-0.05281629648859795,-0.16451235970923092,0.00995469565697165,-0.03664315433315878,-0.10743086916946983,0.22752645306158867,0.008746537521003777,0.01747260670464657,0.05621887082828031,-0.0004317930618298788,-6.167985314392477e-10,1.1033945509508535e-09,-0.21865018863216526,0.4411832631555877,0.2399682949210557,-0.01720228875826562,1.0214062668573165e-12,1.0234478195481067e-12
10.0600,-0.09161557149079239,0.0019404447381730703,0.2651114793721166,-0.03541832561154802,-0.16973323885174554,0.007791955147444893,0.007199423737468051,-0.10291754911385032,0.2246619024894224,0.004934680176636175,0.02348822423037728,0.057985785637449445,-0.0006079850392031214,-6.167825015306188e-10,1.1034106141452482e-09,-0.1194066515889842,0.17312027720189466,-0.0952485038901628,-0.0014564249166573976,6.776236472980091e-13,6.794671162518862e-13
10.0800,-0.09160425590965614,6.974419660199041e-05,0.2695228568154562,-0.018236119774937897,-0.1674827146317673,0.005489561414226332,0.04661203508290092,-0.09797346288861762,0.20712512189980994,0.0019085189534045978,0.02344595085351427,0.05486612625660095,-0.0005641675940192594,-6.167736060784272e-10,1.1034195344367287e-09,-0.13806941355354682,-0.06755023312245352,-0.3261029798064918,0.0047630079708453265,3.948284299330751e-13,3.965381083388675e-13
10.1000,-0.09088120759274036,-0.001780299803776707,0.27369820313839455,-0.0012164427681254702,-0.15882044660458375,0.003255942261785989,0.0759727326613997,-0.09338920736750263,0.19386556102642077,-0.0010021336383507066,0.02074468248533784,0.04503972718780529,-0.0004854074612051522,-6.167685197877721e-10,1.1034246500594434e-09,-0.1875111009268443,-0.22109974870885796,-0.5805295434167205,0.0036010986910703056,1.473119044283211e-13,1.4892996775053846e-13
10.1200,-0.08958937169247974,-0.0036091926031899383,0.27719922169589445,0.015693414097223416,-0.14494638173386593,0.001254222117741165,0.09392433943610695,-0.08951952284302342,0.15177070586216104,-0.005870131162033364,0.01464679002195831,0.032029084579918675,-0.00039748518613044113,-6.167678794419197e-10,1.1034253146053783e-09,-0.24754766330087466,-0.32936789121507,-0.7622774269804856,0.0057551466961570305,-8.721203013234424e-14,-8.563447531379637e-14
10.1400,-0.08785541773643422,-0.005416012241426104,0.2792395901533838,0.03254292299793909,-0.12689491898364202,-0.0003944996698793932,0.10098107768577391,-0.0881711888008079,0.06730104582479007,-0.013059768866808605,0.005833179990340741,0.017702625400463294,-0.000230929543139388,-6.167700013669954e-10,1.10342320787485e-09,-0.2919763150182719,-0.38866707287683916,-0.8597275789415558,0.012181073209672074,-2.8884295129316673e-13,-2.872502583017855e-13
10.1600,-0.08594051423248175,-0.007203246355570581,0.2795986656303672,0.04939783132053113,-0.10694697595975602,-0.0016414004834890813,0.09532852822196083,-0.08955400102186081,-0.009050050573988676,-0.018637955253107075,-0.0018635507239019812,-0.0015527910076606974,4.392077023076199e-05,-6.167759065581127e-10,1.1034173270460268e-09,-0.24686334167352716,-0.34954425243628967,-0.9289091369973451,0.013059736241961018,-1.4332756986465411e-13,-1.4286339580955876e-13
10.1800,-0.0840753469697424,-0.008975000839838949,0.2780580778363252,0.06631194490671066,-0.08718937752528189,-0.002512138917523462,0.08250280141156112,-0.0951971062104783,-0.10919362595643847,-0.024204026610056054,-0.009019398248407945,-0.016707714178272742,0.0002671383356585872,-6.167815252429379e-10,1.1034117267597063e-09,-0.24735822058835116,-0.3322791344608954,-0.7061831313985475,0.011019652713317724,-1.8756445506994124e-13,-1.8697445935272894e-13
10.2000,-0.08238763674955447,-0.010736021343185407,0.27441061915183745,0.08332308406577574,-0.06883425599177652,-0.003066849634751582,0.06655933757879132,-0.10446187429200918,-0.20672748850382555,-0.027343177119004042,-0.013762206324883345,-0.028269377904891497,0.00039182011054712145,-6.16787522726904e-10,1.1034057524865828e-09,-0.14009698732922432,-0.1496087007713195,-0.3929176306085522,-0.003366668852123532,-1.1185322145498139e-13,-1.1007246004425542e-13
10.2200,-0.08097033019512458,-0.01246370126372485,0.268972250841842,0.10018409001452547,-0.052822220254346394,-0.0033775569067282037,0.05092754091215588,-0.11335724904789271,-0.2848043767990555,-0.028642452106153012,-0.012400298870115685,-0.03383268392044474,-6.0704294082372536e-05,-6.167689279309402e-10,1.103424375808963e-09,-0.06434371448636204,0.20680122392878295,-0.14224781089406038,-0.04069044985256751,2.122032584372935e-12,2.122839664470133e-12
10.2400,-0.07985339929435058,-0.014092786838568384,0.26207834749665987,0.1162243447470753,-0.03952613519518494,-0.0035019246449982527,0.036928737405425176,-0.12006516288652078,-0.3531120158046143,-0.03121733084721758,-0.0065342809141035315,-0.03477956789005787,-0.0012233010409773766,-6.167082679369852e-10,1.1034850647136025e-09,-0.1537214160380191,0.3238807708484914,-0.12890614399246506,-0.059449969355182465,3.816597645561748e-12,3.8182625464178166e-12
10.2600,-0.079102398666709,-0.01555366792360306,0.2539845425373494,0.13067883796443525,-0.029663622313012106,-0.0035480691105640276,0.019830745359927755,-0.12309538998843302,-0.40617247002516,-0.0344515116241507,0.00026938765077929883,-0.03588718144881437,-0.0025265995953151284,-6.166166740473945e-10,1.1035766857776365e-09,-0.1423063442652993,0.40977481246043224,0.08194959981340301,-0.08004503174071079,5.682509150728432e-12,5.6838188669527945e-12
10.2800,-0.07869894695872263,-0.016790613258142562,0.24502092712107734,0.14292609404139653,-0.023132761717017617,-0.0035937583692623493,0.004901627391745843,-0.12215388984957887,-0.4434273146480578,-0.03529569221353421,0.008145465821096431,-0.032286307815765324,-0.004070908587537679,-6.165009960177393e-10,1.1036923937867828e-09,0.07715931910805138,0.3360678599931685,0.16560032559672666,-0.06318775430281087,5.669274945330205e-12,5.6709472187610466e-12
10.3000,-0.07868654109608979,-0.017809535773872946,0.23580119186807466,0.15292114673302115,-0.020408556323396273,-0.0037694400733304383,-0.014032138469836596,-0.11685559361108078,-0.44685068066726785,-0.03307837624740153,0.012244664181370626,-0.030346547240051147,-0.004797421278169203,-6.164231125541719e-10,1.1037703026146094e-09,0.22495883860218188,0.26504707660613397,0.13075539983243986,-0.0441489860160216,5.459066358681763e-12,5.4609979732722636e-12
10.3200,-0.07911747885063401,-0.018633125499213855,0.2271060890518793,0.16079328421862996,-0.022025919431917035,-0.004200736376824695,-0.036093499300537846,-0.10544847406985407,-0.41098916406720976,-0.024817055727071918,0.01841098302595804,-0.025978823562749827,-0.005727926588811656,-6.16292227580306e-10,1.1039012415617946e-09,0.40352587209739343,0.2376817230736049,0.23284205417537904,-0.03347320188236647,5.02966765458801e-12,5.032012133365793e-12
10.3400,-0.07999867116840838,-0.01927976822124612,0.21969998189378567,0.16668196128556412,-0.028038036925486395,-0.004949862698954227,-0.05859539267328225,-0.08742371752359607,-0.33866822042400774,-0.01572161338547412,0.02329590414793321,-0.01973115739716782,-0.00640087840029138,-6.161902815705123e-10,1.1040032395005356e-09,0.44691388944776733,0.22714311689501024,0.3562335469455166,-0.030967253457634313,4.704765223240148e-12,4.707332613984594e-12
10.3600,-0.08128824939629568,-0.019760353989407533,0.2142132603641544,0.17071387848091574,-0.03798556806585518,-0.006004029606944754,-0.07764485161029665,-0.06339827844611541,-0.23715840857983395,-0.006446484785286173,0.02792863893309674,-0.010765800344932843,-0.007042768629092606,-6.160944502094365e-10,1.1040991258063756e-09,0.43764089805618045,0.22168591467997972,0.5188090182196997,-0.03253453790590745,4.442899173562331e-12,4.445523810181484e-12
10.3800,-0.0828616546249525,-0.020075841616215805,0.21110069484843572,0.17299009705376728,-0.05059660270274746,-0.007247011807767067,-0.08675748309558502,-0.03461398435416292,-0.1156529652336169,0.0016244716447768866,0.032170497099597975,0.0010160412157568517,-0.007719102263615398,-6.160117518144293e-10,1.1041818732715056e-09,0.40399262519705437,0.21855142586044693,0.6914888269489254,-0.0369426865639328,4.2873109576402335e-12,4.289840184468208e-12
10.4000,-0.08452718589611874,-0.02021834925196781,0.21061176317059865,0.1735678170232617,-0.06398807080136355,-0.008481894087930642,-0.08238223801673758,-0.003050764065581377,0.014887485179970936,0.008817673374288125,0.036118053803535166,0.015374999689028694,-0.008409044501476715,-6.15926922231835e-10,1.104266751933764e-09,0.31864025966666165,0.16744891305958765,0.6551902579800212,-0.026466528731916836,4.03116082181576e-12,4.0339025522695415e-12
10.4200,-0.08613169503188213,-0.020179892410577,0.21288982603814052,0.17247093390720536,-0.07670306331418533,-0.009539188047971969,-0.06738212215590275,0.029935335013557635,0.15107117027936984,0.014120049513279418,0.0386879568294092,0.027297384026219677,-0.008748375797823718,-6.158389803523622e-10,1.1043547431106092e-09,0.17874735895717359,0.08043112060832237,0.5459160203507856,-0.010624078587881473,4.316343289734181e-12,4.318390263435834e-12
10.4400,-0.08752658215612387,-0.019948713353513448,0.2178175086939555,0.1696655572690933,-0.08737353059102508,-0.010257901408336835,-0.04277501117687639,0.06116133095313551,0.27673178051838077,0.01614399451376226,0.03909797920414049,0.03558257489366473,-0.008706757199887498,-6.157535771236027e-10,1.1044401892798462e-09,0.034090052319564426,-0.03832618701118535,0.23986114786640894,0.017061664794329114,4.2230663410691704e-12,4.2253388288227e-12
10.4600,-0.08859412052679008,-0.019511936157387763,0.22502791299372604,0.16507832975992284,-0.09494869448859244,-0.010518052856124673,-0.012847201408632911,0.08801053345546729,0.37980062842307805,0.014990321057805874,0.037122238676226105,0.03996496947267034,-0.008264971400138092,-6.15664376479336e-10,1.104529426193711e-09,-0.1289708431465593,-0.1580144800789259,0.0859007753918783,0.0334360701849009,4.665991551466853e-12,4.667479076847503e-12
10.4800,-0.08932464924602938,-0.018862706708378137,0.23407972814352662,0.15864218995478782,-0.0993831543777078,-0.010309902979218124,0.013687118915974272,0.10989554177668623,0.46188018492305893,0.011391301076365571,0.032886538234967594,0.03701970012221815,-0.007299918877252737,-6.155774810952186e-10,1.1046163555879495e-09,-0.2427135522690695,-0.27802326951453765,-0.35344546416733785,0.06481339278879483,4.636812635239185e-12,4.638607206675083e-12
10.5000,-0.08970829887102909,-0.017989307271550903,0.24424842795856852,0.15024075884445365,-0.10060686329317771,-0.009636996245892007,0.03782453923655959,0.12377382106996251,0.4996226176246548,0.004679449029633404,0.0266413052333942,0.03302779601084724,-0.006184585868741743,-6.154770014367707e-10,1.1047168596348746e-09,-0.41019018162991583,-0.3439171029489832,-0.09503993180053383,0.048331945501686735,5.276960292344146e-12,5.277860613828178e-12
10.5200,-0.08963296254615469,-0.016868107511734558,0.2543499634240412,0.13967765415782574,-0.09757988692090741,-0.008449281081321168,0.05748721981393927,0.12895609162232421,0.48235480264499025,-0.0042926190784558504,0.01888897099148221,0.027624824685340457,-0.005074747039035202,-6.153685318779148e-10,1.1048253459737105e-09,-0.4727011447983451,-0.4233952203305436,-0.4646429934239221,0.06360003039480595,5.5583801450431736e-12,5.559166842139529e-12
10.5400,-0.08926614305495298,-0.01550180954093095,0.2638061007603408,0.1269006324182821,-0.09183169441189169,-0.006931648381896333,0.0626049410860484,0.1305931455273023,0.4486780977212441,-0.01251857783579268,0.010503119100189784,0.013866161849891465,-0.0036452543541098865,-6.152611294940532e-10,1.1049327695645665e-09,-0.30349478916790223,-0.4228249474702398,-0.8778903325294465,0.08113633680071071,4.5698158798734845e-12,4.57146907134609e-12
10.5600,-0.08886316614447158,-0.013936668480489276,0.2723001891490913,0.11224854806501243,-0.08571447649316717,-0.0053280752718243935,0.054630024724348455,0.12644087283299027,0.39138353573512463,-0.018377941920032555,-0.0008470842715378561,-0.003494372361203172,-0.0017703481906973695,-6.151808153658754e-10,1.1050131056907727e-09,-0.1806535676747994,-0.6254558208839658,-0.8912645396479646,0.1028367815745934,2.748125078194663e-12,2.7498350818611073e-12
10.5800,-0.08856775924269693,-0.012253057382397773,0.2791469739612184,0.09643361481426287,-0.0805664694638463,-0.0037887824426294232,0.03790225819149656,0.11665969075970381,0.3098706108546259,-0.020681608661615395,-0.01398173981260463,-0.019087503640413218,0.0002759403602437746,-6.151391239362701e-10,1.1050548209562377e-09,0.025672602492897108,-0.6178675410107526,-0.7439957583211295,0.10204356400527524,8.831843676532225e-13,8.849077070063882e-13
10.6000,-0.08845784373907563,-0.010533152761552507,0.2838543803966509,0.0802193381177064,-0.07712841394812948,-0.002385356828479972,0.019035570344466523,0.10278704241893041,0.19548397805804804,-0.02088420767142686,-0.026774933451783788,-0.028410135530601618,0.0020864393179001687,-6.151327257599496e-10,1.1050612377039584e-09,0.0792718898939783,-0.5724825442803331,-0.3315437209620401,0.08113311744710115,-3.28230444126415e-13,-3.276733268400833e-13
10.6200,-0.08848874303491647,-0.00882751126957481,0.28579998384131183,0.06410695794331767,-0.07499116107757765,-0.0010973402647967638,0.0011084929126058817,0.08911041347480543,0.05678407101673085,-0.020406242707733706,-0.03571024291642631,-0.03169993719198526,0.0032504951683432082,-6.151400948644083e-10,1.1050538849780273e-09,0.12657173047846138,-0.21608851476642857,-0.18211176489648556,0.04029787297700225,-6.339819077702535e-13,-6.322856734714e-13
10.6400,-0.08873627715937717,-0.007143166239520512,0.2852673502455822,0.04816182349904343,-0.07487689789743897,8.853597413426217e-05,-0.019282080144232067,0.08097293453104627,-0.06147160631099816,-0.01840412611425114,-0.037767939049490454,-0.03359054719329468,0.003776982662233402,-6.15147639638323e-10,1.1050463634545564e-09,0.16318445835225345,0.041594313654693175,-0.09420533951628639,0.017007983471151403,-4.730710181227726e-13,-4.713470282483034e-13
10.6600,-0.0892166561679546,-0.005473637842436342,0.2823785188040404,0.03234299076327245,-0.07694052068994926,0.0012275775952906934,-0.03965531247476321,0.0771443810980997,-0.17643918157451663,-0.016756985580482848,-0.03682992165820761,-0.03270225422096842,0.003968825697629127,-6.151526406817937e-10,1.1050413843200197e-09,0.08254011555329406,0.09767493749813291,0.10092690893035562,0.004193335919752608,-9.977478912515103e-14,-9.917826108984951e-14
10.6800,-0.08991677023202932,-0.0038109130816810005,0.27723536346754674,0.01659990103796169,-0.08104959579625697,0.0023820869013611687,-0.060264520149598155,0.07757355933794201,-0.2801531739018601,-0.014502812838487615,-0.0337270240460468,-0.03016098701838918,0.004000441273452624,-6.151560601467003e-10,1.1050379903981978e-09,0.09788685399788603,0.162982391315853,0.195526815815608,-9.206446656759667e-05,-7.760101155412924e-14,-7.68436692315938e-14
10.7000,-0.09078889566807537,-0.0021478929308193172,0.27002243232788664,0.0008897708996570641,-0.08674065383770459,0.0036092470733015245,-0.07787445923269606,0.08170435876318471,-0.3762459019353429,-0.011376773601407656,-0.02905324480228109,-0.02424157204992528,0.003956213062901961,-6.151575248592778e-10,1.1050365521476815e-09,0.19419916065967024,0.2796346991641394,0.4137055898594085,-0.0029275417762803274,-1.947841031264136e-14,-1.8523075732751124e-14
10.7200,-0.09174371766144823,-0.0004779407676601685,0.2612602209502583,-0.014834750632048352,-0.09316279527551326,0.004947566377788842,-0.08886451148745096,0.0889218269145925,-0.44654071434460024,-0.005999026303966495,-0.021797787138254043,-0.01372951652460229,0.0038965104730794135,-6.151565073749372e-10,1.1050375998966345e-09,0.29481248928217857,0.39414404667854674,0.69133435891043,-0.0024554140139699926,1.0665172087490071e-13,1.0781736018306703e-13
10.7400,-0.09257087096467936,0.001205227454067728,0.2513457857922726,-0.030636280842287457,-0.09835155460912634,0.006389243867974175,-0.08665684279193556,0.09821208210794695,-0.5019915570416132,0.0009204676705616604,-0.012709248316270471,0.003353549819274653,0.0038651149970918047,-6.151517852792166e-10,1.105042352576763e-09,0.3371115008364961,0.44153195071890894,0.9076532522154693,-0.0009930348406918053,3.252920936086534e-13,3.267331067161039e-13
10.7600,-0.09301272543885986,0.0029049108340458247,0.2405871519711504,-0.046582295897247133,-0.09992750529293241,0.007848284459797288,-0.06977764227663838,0.10844318454092465,-0.5354840929404573,0.007962741707078247,-0.003583467028569605,0.02010093492789967,0.003859728021296321,-6.151430843507294e-10,1.1050510841092417e-09,0.3928582127965134,0.504376408916034,0.8234134345880642,0.0006253443370981226,5.134631868991546e-13,5.152771655539401e-13
10.7800,-0.09302291616448727,0.0046006788033065215,0.2299741923205545,-0.06253294524138778,-0.09747373258141531,0.009202520708970137,-0.04660058695863648,0.11456105833511239,-0.5112443628986362,0.018042020506020853,0.0048972190067620505,0.030296118283881734,0.004111216934540837,-6.151550412011561e-10,1.1050391789673984e-09,0.6038353929235298,0.33068086056265666,0.28204890838657826,0.02704871148048785,-1.5555321787596998e-12,-1.5522342525914334e-12
10.8000,-0.09271758467916305,0.006210057117510868,0.2207900198468968,-0.07774911473251768,-0.09206536544034565,0.01032705152756419,-0.02070481251626808,0.11078790129829881,-0.42890367869369783,0.03160383492655366,0.009741461733475192,0.035138429609094954,0.00499392625641813,-6.1521099439419e-10,1.1049832986526994e-09,0.65034016247762,0.145334174459797,0.26045990576384337,0.05367163896542056,-3.679110835430599e-12,-3.6757810337184615e-12
10.8200,-0.09207339011537376,0.007646965461148214,0.21376251760142367,-0.09145921100392533,-0.08346662870294269,0.011079703699140011,0.009402332642853452,0.09699932915437626,-0.3148627702941078,0.04305145768486927,0.011195340405113377,0.03907940941733019,0.006074623367584812,-6.152953208818228e-10,1.1048990474008913e-09,0.5449690201105956,0.014847863182460853,0.20249029524443143,0.05976380240698343,-5.180830590922891e-12,-5.1768945033559e-12
10.8400,-0.09115047646407952,0.008853817022074547,0.209463688625793,-0.10313727188153184,-0.072206231292592,0.011399677636512253,0.03604484433762399,0.07472200351507471,-0.17466705655241493,0.050949994948060226,0.011259051490656546,0.03842616056399045,0.00698524329712654,-6.153986401611702e-10,1.1047958181875196e-09,0.23412865214099418,0.0020239914805713476,-0.16152070073185001,0.03156499873268057,-5.018102253173673e-12,-5.013147882926283e-12
10.8600,-0.09010331201676358,0.009830623230137501,0.20827202076278847,-0.11276043794434713,-0.059699235022683386,0.011357677979724933,0.052435572603444516,0.04775774490079657,-0.01892969329122065,0.05251089217395808,0.010870629171507528,0.03154837876826418,0.007307859161081415,-6.154991740635537e-10,1.1046953809855613e-09,-0.04510070358321034,-0.06458324943308717,-0.31610833822691914,0.010208148773830843,-5.0198647322252654e-12,-5.015128937135849e-12
10.8800,-0.08902603303148095,0.010585099506360534,0.21007146119504996,-0.12036804029147678,-0.04681486739336349,0.011037173797177698,0.05973396670958804,0.019491866424868692,0.1269467276668757,0.04907576048638929,0.008357859526164822,0.021960378996965447,0.007240715009666787,-6.1560365811604e-10,1.1045909986104217e-09,-0.2580923031785655,-0.17235357051896985,-0.5954358860237657,-0.015303180538995946,-4.956451915560933e-12,-4.951547852294347e-12
10.9000,-0.08810359815769961,0.011128817107485558,0.21467745342205116,-0.12598971352140834,-0.03533013708842083,0.010599548367882676,0.053123305883622,-0.008633391919077799,0.26262661994103864,0.042411403978804316,0.003744573550785867,0.008071210199960044,0.0067313402120688925,-6.157031758130744e-10,1.1044915788758237e-09,-0.39196537730176323,-0.28232559613037117,-0.7577041388768126,-0.033525104181613904,-5.0073686516660665e-12,-5.0025079564863795e-12
10.9200,-0.08751192555015933,0.011471153732249745,0.22169515444216592,-0.12961142148962038,-0.02699032465224805,0.010217767357128356,0.03550403612476302,-0.03419555879831769,0.3755184015141172,0.03375515866356215,-0.0028033491586323977,-0.007081199077375711,0.00594580854650411,-6.158045367440077e-10,1.1043903126356384e-09,-0.4518003759156202,-0.35359582505400305,-0.7032366268278835,-0.041608851678117266,-5.130211359893888e-12,-5.125636894087737e-12
10.9400,-0.08734348841753192,0.011615252991242697,0.23051567975405537,-0.1311836516396418,-0.022757630790864822,0.010005554740261675,0.013696415743796927,-0.0552878424096892,0.45552509177153633,0.025152885520553454,-0.009775667449931741,-0.018438866473332396,0.005154915749560014,-6.159036576967727e-10,1.1042912741655054e-09,-0.45081795828170956,-0.37759161979874506,-0.5038986946017023,-0.041761260711470356,-5.304141674489227e-12,-5.300033849298114e-12
10.9600,-0.08761321125184811,0.011556603839854645,0.24036194486848084,-0.13062806627964824,-0.022821165611480072,0.009999194369877921,-0.0076791014521904915,-0.07057293881224172,0.4951262992521617,0.01592804189017433,-0.017857931920641654,-0.026734952006348147,0.004272811166307349,-6.160179650268669e-10,1.104177046220694e-09,-0.42494634724571223,-0.38686770552506794,-0.29818018469412066,-0.04219790624542597,-5.574183475909322e-12,-5.570719233127797e-12
10.9800,-0.08829227732196691,0.011284248490306634,0.2503662609674918,-0.12784312721738403,-0.026902483613212538,0.010170627995048736,-0.026145338803819862,-0.07970806066086593,0.4915452730186174,0.008315575685052604,-0.02499214246783364,-0.030758823661719985,0.0034806343331295177,-6.161263248046147e-10,1.1040687464964708e-09,-0.36734629300713567,-0.35009211317159145,-0.11910903406475136,-0.039762273389386836,-5.8091777915825205e-12,-5.806289476995019e-12
11.0000,-0.08932077940490647,0.010792161588657643,0.2597330560169419,-0.12282157785592504,-0.03438742632245943,0.010444675905823661,-0.04105319672082143,-0.08313030117677774,0.4511072556085482,0.0009482376820645051,-0.030403032857169304,-0.0318832247354074,0.0025728162664002577,-6.162333263944952e-10,1.1039617978607597e-09,-0.38995714907677953,-0.17940959622280545,-0.11673751581364432,-0.05825702123668686,-4.6959935939838715e-12,-4.6930046654347635e-12
11.0200,-0.0907329398325349,0.01011453679031504,0.26805547494157766,-0.1159341570068188,-0.04554814936259651,0.010799080576099077,-0.058833550786068736,-0.08240551165096718,0.39834322225724095,-0.006613502768691376,-0.03163760139881914,-0.034271496062257364,0.0012543426466438206,-6.163160999550702e-10,1.103879074774132e-09,-0.2935355873372929,0.12079749527937092,0.0607658764007892,-0.0602850360417047,-3.291454348658407e-12,-3.288676622692499e-12
11.0400,-0.09247494278624487,0.009294990100955565,0.27508842969471914,-0.10767834861219992,-0.05978435140137148,0.011151608822702552,-0.0724108322636011,-0.07818648895836741,0.33102263069123716,-0.0127517646730736,-0.02910341792357742,-0.031267053394486786,9.644259903351094e-05,-6.163752240183546e-10,1.1038199920397672e-09,-0.33194801044920486,0.10601893035360245,0.16724642129866188,-0.05794458499029683,-2.7452753612045022e-12,-2.7440640905374014e-12
11.0600,-0.09450976888396947,0.008375312968054835,0.2804632571472365,-0.09851886707883034,-0.07665860655033001,0.011437205366275204,-0.08770678667810625,-0.07096769932297446,0.24702342305050493,-0.01889071198764411,-0.02605920430824151,-0.02896881712750996,-0.001055470407963483,-6.164112520595824e-10,1.1037839992572277e-09,-0.3576489078073305,0.053922941307706085,0.19423754133051477,-0.05292908758140159,-1.5984238672245299e-12,-1.5975263646661464e-12
11.0800,-0.0967804624536056,0.00739359862585674,0.2836963948794991,-0.08886965920258504,-0.09555549225165286,0.01159521707190097,-0.10436914481202189,-0.061204362641869646,0.13964173564803753,-0.02459543147137655,-0.023124167784358697,-0.026212392180553136,-0.0020215034062509986,-6.164253687075952e-10,1.1037699131353088e-09,-0.19713596246381287,0.2543262301625357,0.0852995345583107,-0.04313150225104132,4.522921479618164e-14,4.728498408795856e-14
11.1000,-0.09929254358069137,0.00639586800052641,0.284989983484335,-0.07918700483765766,-0.11645616973022428,0.01162057627147741,-0.12335420523256824,-0.052789069544278464,0.052595712609495394,-0.026882490150391476,-0.016850944979660002,-0.022431361953022203,-0.0026481158610091194,-6.164176219692725e-10,1.1037776918851142e-09,-0.035451270436446906,0.35216904651310543,0.3438183197609707,-0.01808443635346232,3.0781963349796326e-13,3.0824480337990345e-13
11.1200,-0.10185562388061305,0.0054050574663379565,0.28433477563673576,-0.06971176516107705,-0.13756285403905816,0.011441817590470388,-0.13410953883280563,-0.045052390285981916,-0.04277189298449696,-0.02558611750602355,-0.010391095872535911,-0.00944322670436432,-0.0025655676391667945,-6.164051837132268e-10,1.103790153143376e-09,0.168332960742137,0.3098404850301617,0.7898900776334792,0.02059157174966539,8.216500396729387e-13,8.233689337971972e-13
11.1400,-0.10420115739622438,0.004421141727809872,0.2818857069885055,-0.06044076454518833,-0.15646174512859715,0.010988302294542793,-0.13389504933637758,-0.040043357786473124,-0.12635632777686853,-0.020411474271801348,-0.003561557609629771,0.006403741730041599,-0.0020052681830797715,-6.16393475762591e-10,1.103801881277465e-09,0.3025598273606112,0.3297835311555674,0.929216822774948,0.03621354753520543,3.6826417566457326e-13,3.684599283668155e-13
11.1600,-0.1060582716807818,0.0034446095466864,0.2779307017573661,-0.05134975074626957,-0.17080931064417704,0.010236466396760768,-0.1203469061149725,-0.03728599861680068,-0.198545077363216,-0.013031250616697347,0.0039464021479791505,0.024061492389006817,-0.001239394652175114,-6.163811944688248e-10,1.1038141847436533e-09,0.467017085450275,0.47907810136334,0.7289423901914684,0.03730610372985708,7.133540719933551e-13,7.149462228836501e-13
11.1800,-0.1072471043787523,0.0024805380312280297,0.27309374949733034,-0.042444581512370065,-0.17911212504333357,0.009229123743240935,-0.09371942691717842,-0.03689248759745758,-0.24163655967295447,-0.004938441003648204,0.011502224649894076,0.03935996842192053,-0.0005228439266196546,-6.163702236372138e-10,1.1038251763722674e-09,0.3865707037041787,0.3453537852531901,0.7050445849157685,0.033360656874472525,6.275350248122202e-13,6.291336809155501e-13
11.2000,-0.10753843168589285,0.0015295166673298896,0.2674895203253538,-0.03369401989247714,-0.1794125266551037,0.008021737327966552,-0.05437571752057337,-0.03721425117706737,-0.2853246463064203,0.001637556468205046,0.016970627994893676,0.05199326975373246,7.217933168493733e-05,-6.16361361864028e-10,1.1038340560923603e-09,0.29368332837130906,0.23453182972528108,0.5108230433830463,0.025862171183543874,3.1613833729668417e-13,3.1650561078261363e-13
11.2200,-0.10682894748890066,0.0005943590108094927,0.2613581842099446,-0.02509050560157673,-0.17079473083802335,0.006719519554832076,-0.006590073333598364,-0.038318896254710036,-0.3178244356555421,0.006538262836687135,0.020666478801086584,0.059069370855183136,0.0004946498575531847,-6.163542140730968e-10,1.103841223067436e-09,0.20938230715775116,0.15066608928504968,0.18707549461447318,0.016903094656860542,4.0269924981434224e-13,4.0445701258648437e-13
11.2400,-0.10514145946741987,-0.0003214948883244808,0.2549584725081404,-0.016635124389778863,-0.15334570836678726,0.005449569135891564,0.04391711353714615,-0.03989834428342001,-0.3336624440865007,0.009685447444370696,0.022733847538797754,0.05901449549520893,0.000733270069426885,-6.16348311348065e-10,1.1038471486783223e-09,0.07798089296848865,0.030346068024007217,-0.1336219392379319,0.007288541189757036,2.5243002133024106e-13,2.5323525828374605e-13
11.2600,-0.10255458093063825,-0.00121413177718551,0.24820656623885018,-0.008329758921212196,-0.1275230803076133,0.0043319952429005555,0.09250960755065384,-0.04130769799984235,-0.3596773975357504,0.009414165952561603,0.02144573280038576,0.05369620783972358,0.0008207754194887309,-6.16344064453237e-10,1.1038514158742667e-09,-0.07041753442545577,-0.12323495366702647,-0.41863894304872573,0.002329677866010135,1.6537281526812775e-13,1.664843664404142e-13
11.2800,-0.09926484020487673,-0.0020816658130373613,0.24101972567636404,-0.00014726005225782903,-0.09476340131139231,0.00347243085727428,0.1330803267347795,-0.042929983167408266,-0.3795539410467608,0.007349549195632094,0.018288400758969085,0.041556569531629166,0.0008366458655103504,-6.163418620734721e-10,1.1038536443396988e-09,-0.13096547544326673,-0.18756493181045783,-0.7775877719686278,-0.0003897552029208229,5.887406854350116e-14,6.041132492255047e-14
11.3000,-0.0957213056607955,-0.0029247012096854067,0.2338489231099756,0.007962441445614907,-0.058889589499596315,0.002938073020934715,0.15236631935071107,-0.04463812425375545,-0.364041809642795,0.004374263515961146,0.014100728100548791,0.01806643788746018,0.0007949623272277703,-6.16341966994688e-10,1.1038535837084315e-09,-0.1666666514164299,-0.2315803131079353,-1.208796243500724,-0.004230559601809649,-6.183165687356079e-14,-5.953118992771747e-14
11.3200,-0.0923540767918223,-0.003748026215544214,0.22713146412946505,0.01606978941289082,-0.023831374216908792,0.0027292122990574675,0.1533318160473181,-0.046143294560509494,-0.3320698730330654,0.0009374910795603331,0.009265799478747842,-0.005889556724504565,0.000691167127599263,-6.163445857513942e-10,1.1038510189903403e-09,-0.153538190327791,-0.22858518252514667,-1.2067321068604775,-0.0059614905291002366,-1.9693862968357678e-13,-1.9385903472779464e-13
11.3400,-0.08952412293965867,-0.004561270179284529,0.22144551420986763,0.024252638027233597,0.006783289514606484,0.002786062599122864,0.13280688370672875,-0.04693019625993913,-0.2656045669344334,-0.0010730706724902687,0.0056251088722105245,-0.028402003892439444,0.0005373397787355468,-6.16350188084987e-10,1.103845485603386e-09,0.03876550631422372,-0.05041538193687721,-0.7697783761361298,-0.012260215150169037,-3.814626023911083e-13,-3.778210383442726e-13
11.3600,-0.08745441672100024,-0.00537852283265188,0.2175449227670978,0.032589944018910896,0.030397823376057925,0.0030078517170478627,0.09607433902057307,-0.04638524042935441,-0.1657824246028575,-0.0009727692230572153,0.003876918029040083,-0.044604400238033484,0.00030849178977693974,-6.163590237109027e-10,1.1038367309071455e-09,-0.062059159413822736,-0.15565304434620256,-0.9498024147745551,-0.009928008077069837,-5.094446999670543e-13,-5.051449709914113e-13
11.3800,-0.08639882982010523,-0.006214130225652357,0.21588997276981842,0.04109975835911472,0.04401178283600007,0.0032387368984311857,0.04143797365273153,-0.044059561531103346,-0.04884861618134003,-0.001971496140964545,0.0018415447463708645,-0.05996178348466495,-8.487724452909042e-05,-6.163649286753913e-10,1.1038309192395241e-09,-0.04955361398597169,-0.024819942088062284,-0.501440710648961,-0.03067470109950706,5.941515319020721e-14,6.394053851926235e-14
11.4000,-0.08642483676077226,-0.00706120644916089,0.21677392534395062,0.04957242450381096,0.04658987691462291,0.003312115387991936,-0.018634378557705573,-0.038690100327444264,0.07774996482639958,-0.0032248352428104914,0.0022240694475719417,-0.06577113534555473,-0.0008933977753862733,-6.163574886276003e-10,1.1038384497026072e-09,-0.07506214799343351,0.0410026010976262,-0.11853572301999027,-0.04663555133119599,6.345927472742319e-13,6.39068767523121e-13
11.4200,-0.0875274203840609,-0.007908676828951905,0.22017671402116856,0.05776886453389963,0.038106404087615446,0.003069175504777998,-0.0765535493972887,-0.03098059419945747,0.1992650659795824,-0.004977753160037093,0.0029961600942361643,-0.06515807963355412,-0.0018252257415544365,-6.163406068645773e-10,1.1038554140254577e-09,-0.10802337780808503,0.03293512334051848,0.15834492491569346,-0.0495669118605946,1.1004227043476256e-12,1.1046155309890615e-12
11.4400,-0.08964318675289881,-0.008745108699364212,0.22574524484133374,0.06550177504523956,0.019421451195807432,0.002393130384386184,-0.12520434313297008,-0.02213007240859019,0.3011601731098435,-0.007204057839290728,0.003271978139431361,-0.06019545238942478,-0.0026769259879816485,-6.163173261870613e-10,1.1038787660647267e-09,-0.13681748771685467,-0.0024447515822591656,0.3748781615167339,-0.044351669999130185,1.454403871642418e-12,1.4581372134031545e-12
11.4600,-0.09264483312364626,-0.00955643528793001,0.23283514144885076,0.07263978515797603,-0.007775300140537075,0.0012354671399573336,-0.15971574607123795,-0.013606883161770356,0.3706396456332632,-0.01067154577450195,0.002638607336515559,-0.04873605650804255,-0.0035536495643588807,-6.162793178659617e-10,1.1039168510185373e-09,-0.1571302234515452,-0.04493254893530824,0.611741714843728,-0.03210202759149646,1.82018441118037e-12,1.8231102391630394e-12
11.4800,-0.09630908412089871,-0.010323737464690222,0.24061371667984321,0.07909194401885067,-0.040841936952791605,-0.00036143466692867477,-0.17640954193401098,-0.006646596158681628,0.3999071980828267,-0.013068934744479236,0.0021596469668628587,-0.033863112571508196,-0.0041082034476193074,-6.162422890206936e-10,1.1039539274340428e-09,-0.09392441911023863,-0.0031896175021345176,0.9219437890250111,-0.026511981035196905,2.0572658160356028e-12,2.059410801613648e-12
11.5000,-0.10033506398034159,-0.011025088977832347,0.24834027799022843,0.08479233391050849,-0.07657847972736012,-0.0022715761607221456,-0.17792400851175205,-0.0012823938286975,0.3982207836620536,-0.014088804000322638,0.002530022990032288,-0.01615843568313021,-0.004481817540642944,-6.161998958280045e-10,1.1039963599802352e-09,0.004047229952254398,0.0455591916765566,0.7457923822033345,-0.009601054953084182,2.258678053618235e-12,2.260087516442466e-12
11.5200,-0.1043795683608492,-0.011638502995395214,0.255494649076841,0.08967886613199243,-0.11168085776676429,-0.004309163137470378,-0.1619583181115748,0.002258941941040441,0.3660664928590145,-0.013033500154162408,0.004611268361086542,0.006605373180909041,-0.004857255202127897,-6.161533484088737e-10,1.1040429290738688e-09,0.10451424667332543,0.14439156457277202,1.21826156553224,-0.01865368911107053,2.3709779799208075e-12,2.371846642701403e-12
11.5400,-0.10807013110358407,-0.012147381646566134,0.2619658003829772,0.09371195792566285,-0.14285944508407675,-0.006250565498166107,-0.13405801022303612,0.006588983589279554,0.3425998322239774,-0.008294724899999942,0.00902638933485105,0.027089243857914183,-0.005113879502231795,-6.161094311833317e-10,1.1040868683867777e-09,0.2741993470405571,0.23512038953983186,0.9001118697985245,-0.008849523358605095,1.9276114992389237e-12,1.92911572133303e-12
11.5600,-0.11121159275026285,-0.012549696474608253,0.26815054487113316,0.09691027982621885,-0.16860942489672187,-0.007947636387894664,-0.09678518058365933,0.011345326712326565,0.3238049479084532,-0.002957546417791002,0.013275661705556612,0.042681663301610086,-0.0052126383178946875,-6.160668004942052e-10,1.1041295168078138e-09,0.1680632151102474,0.13624907749467194,0.7565449739693879,-0.002560404259377886,2.404670212952098e-12,2.404823735979722e-12
11.5800,-0.11355789501666026,-0.012839404286710146,0.27388518658296435,0.0992372885403664,-0.18699513721355263,-0.0092273228922237,-0.0532819684001269,0.015373059405047235,0.2980922049329409,0.0009975644590710171,0.01580011923027705,0.05373110637407566,-0.0051536208733504625,-6.160266976640771e-10,1.104169633597262e-09,0.1349475418781319,0.06690861071151145,0.4529673276918017,0.006411995765606362,2.3169929516675403e-12,2.3168819293650778e-12
11.6000,-0.11497779109788452,-0.013020088788574212,0.27911890906952036,0.10071502248295205,-0.19707544526358328,-0.009986726435349,-0.008372112611221278,0.018206034033019968,0.26420847614157505,0.003500906103511528,0.016391752711221123,0.05898955350559984,-0.004915404795360847,-6.159905284586424e-10,1.1042058143353551e-09,0.08837585223201379,-0.01863995780618331,0.11137203258558086,0.01643705727103891,2.1497421898164504e-12,2.1494407816124994e-12
11.6200,-0.11543220861872315,-0.013100622114439806,0.2837160707776802,0.10140987647343225,-0.19863441928134373,-0.010189235697262817,0.03322243702006581,0.018765780303715,0.21258126546789588,0.0034882083848676044,0.014697152579197325,0.05944822804492652,-0.004554521091609448,-6.159597717485298e-10,1.1042365758825273e-09,-0.11877420281825722,-0.18174638655982175,-0.0011995062866375801,0.022654626956215458,1.236113425159835e-12,1.2369957488878036e-12
11.6400,-0.11487232173512314,-0.013083268356191181,0.28699766195477083,0.1013479460428561,-0.19126067166006638,-0.009805112193064685,0.06724253582718172,0.016234845833024664,0.13623439097718304,0.0009454957160363838,0.01006424139525605,0.054294697250440595,-0.003910498062870906,-6.159270453955434e-10,1.104269305800804e-09,-0.1478914632664981,-0.2512004061331595,-0.40065715979824185,0.03426060418328248,1.6957448899929117e-12,1.695308823879138e-12
11.6600,-0.1134209582041099,-0.012980267262484692,0.2885956986924255,0.10064431755317191,-0.17594744706668397,-0.008913549368265961,0.09138809514537784,0.010952740209990059,0.039652305502203576,-0.0030944766901872508,0.003927782689749529,0.04316630827040841,-0.00310762897516423,-6.1590076758879e-10,1.10429558699428e-09,-0.09098989761010215,-0.251354920479599,-0.795935303685016,0.0443154397116886,7.317713058771491e-13,7.327264879911088e-13
11.6800,-0.11133633899384526,-0.012810333381766409,0.2884311830306537,0.09946287434250557,-0.15482734017932495,-0.007672776989230268,0.1041152481686598,0.005175363925283432,-0.05010841185818436,-0.006544785720251778,-0.0018128111679017863,0.02777462115996002,-0.0022452151705569284,-6.158811293800876e-10,1.1043152315124967e-09,-0.23176971050594897,-0.32908450021333463,-0.8388748337731525,0.046419189837841046,1.3068532801058241e-12,1.3066466311717484e-12
11.7000,-0.1088924332950731,-0.012588326506299709,0.28637008184746077,0.09791922621499347,-0.1301908869115597,-0.00624145926361249,0.10672960547270646,-0.0018493501480919814,-0.14683447854795628,-0.011297922594745087,-0.0084901266197332,0.008976454990424237,-0.0012535330975625874,-6.15862625402007e-10,1.1043337475831174e-09,-0.26036134858841714,-0.32484347661862467,-0.8781236238635377,0.04604708729858701,5.294051872231642e-13,5.306750048075792e-13
11.7200,-0.10635719841454094,-0.012325037199749374,0.2823162218981314,0.09607005416566848,-0.1043541395320701,-0.004765353251538508,0.09999632884196002,-0.008541502386270472,-0.23511598047184284,-0.014507779568471834,-0.013292783660912518,-0.00908232116221297,-0.0003860631821994839,-6.158487352326102e-10,1.1043476578317217e-09,-0.13749574287287053,-0.21293263867895323,-0.9435476377367628,0.0435515674872092,5.930495894715393e-13,5.945233454845988e-13
11.7400,-0.10400559614912175,-0.012031934634024076,0.27652630946262097,0.09394911346979286,-0.07982559133390073,-0.00338708802047762,0.08760689349804059,-0.014835866508892338,-0.32063298210662483,-0.017588807282821625,-0.017032776112739338,-0.024551726204241776,0.0003250117421387514,-6.158314103443413e-10,1.104365006208038e-09,-0.10075083978600483,-0.11856192654620805,-0.6273528917702615,0.027206958721078225,7.271223553817485e-13,7.287748963330509e-13
11.7600,-0.10189951536258461,-0.011703173410310266,0.26886292696832337,0.09146004646834276,-0.05723914579405353,-0.002137273620601331,0.07652274845216037,-0.020648225063055952,-0.4102722671820539,-0.01982055394842918,-0.01865864248461954,-0.032114868846375474,0.0006262346511580333,-6.158084550139962e-10,1.1043879838077872e-09,-0.055166282137878414,-0.007397523852939216,-0.20206340590911698,0.004918059826550499,9.318877050232266e-13,9.337110078166955e-13
11.7800,-0.1000761225947633,-0.011332536557240317,0.259561432873895,0.08850495835744424,-0.03702833749848147,-0.0010373929269463335,0.0672846690946067,-0.02433800725117479,-0.48814947036373535,-0.01986046330465036,-0.01749689428201355,-0.0346786152931515,0.0006015811189256041,-6.157808909079422e-10,1.1044155755725976e-09,-0.0025638833089161525,0.07316724333750274,-0.198229726855009,-0.0006733549656736006,1.446841344648897e-12,1.4487391321316156e-12
11.8000,-0.0986294331734527,-0.010911695794086651,0.24899613631659243,0.0849472603754584,-0.020204368412481303,-0.00013197970556204564,0.05476637776075115,-0.024809349616227314,-0.5424478427870627,-0.018587898228979327,-0.014572627940775247,-0.03693715660310566,0.00047592395029440486,-6.157468872241761e-10,1.1044496134551363e-09,0.11735959442459408,0.21099613288408603,0.0506751819533706,-0.014372880484777436,1.85859617626849e-12,1.860434332631722e-12
11.8200,-0.09760325088682036,-0.010430692659695394,0.23779666069371286,0.0806525271551189,-0.0073195211101940005,0.00056181191845833,0.03966720334864472,-0.02115412131286889,-0.5626464789658321,-0.015181767034715457,-0.009347927676878684,-0.03649766198485494,0.00018138154078015735,-6.157067984765336e-10,1.1044897458696718e-09,0.21005500784711975,0.2972497580313452,-0.040678796249653176,-0.013001981266622695,2.1364242840105074e-12,2.1389483066680537e-12
11.8400,-0.09713336458627066,-0.009882883115674188,0.22697797690026103,0.07550323892283856,0.0001624396367111575,0.000999948663313492,0.01573480271121404,-0.012373262961762919,-0.5295977543959951,-0.009594529238187478,-0.002143374884781781,-0.03599249273013172,-0.00010606642385929523,-6.156617604359623e-10,1.104534840778382e-09,0.40856144752685697,0.4786950116139291,0.3161184056321814,-0.023665415137021473,2.289196610050226e-12,2.2922224014731984e-12
11.8600,-0.09720741327480399,-0.009257052385230648,0.21767064755347368,0.06940620168972479,0.0022682188274103445,0.0012202893782569486,-0.009441035690518972,0.0011088778965532581,-0.44144562926922737,-0.0011981117065611477,0.007658590143575344,-0.028602360365683414,-0.0005557569360317321,-6.156122135407301e-10,1.1045844549114962e-09,0.4220900194438407,0.49011701182534106,0.4101593760496196,-0.019987288686169745,2.5483916192559075e-12,2.551943899253839e-12
11.8800,-0.09788463771159725,-0.008542118340218403,0.21071710874581015,0.06227765563617133,-0.0016193225300487077,0.0012559175700560447,-0.04217295374346492,0.01675549070989029,-0.3161175770756657,0.005437359968222198,0.015339686442537399,-0.024951256884427356,-0.0006293490133481022,-6.155574075081881e-10,1.1046393417040907e-09,0.33002752318206696,0.35352609964940324,0.27169801349355877,0.0023576338984180054,2.5418851051783875e-12,2.545806447595833e-12
11.9000,-0.09921912078472177,-0.007733684857565599,0.20666090262878606,0.05412427100964873,-0.011982404901251544,0.0011726481141219245,-0.07691645315926984,0.032399889520222505,-0.16614952246130363,0.010086589406484898,0.019897260555510277,-0.022085414157250356,-0.0003453854118082459,-6.155099870677837e-10,1.1046868404785358e-09,0.202233455890863,0.16831186200669546,0.13133305470792214,0.024143808337076644,2.3694158614306904e-12,2.3735909071564976e-12
11.9200,-0.10119008102230515,-0.006833331383083075,0.2057368332201307,0.04504862839687353,-0.02847438105039142,0.0010825204125160797,-0.1053046059664928,0.04598860694538853,-0.005957787127268603,0.01461035660383737,0.022913277844482414,-0.015224484080093002,0.00020738338673342252,-6.154675611905193e-10,1.1047293487295781e-09,0.24558961330016132,0.1306630580328552,0.5354231459719786,0.029961908434608005,1.856013389853195e-12,1.8600637523291663e-12
11.9400,-0.10359248066383758,-0.005851428869992636,0.20793249842564976,0.03526262252921924,-0.04891934006487397,0.0011336585865897263,-0.11717672837884338,0.0557975506961161,0.15083316161764923,0.019537036977351922,0.02460766835365749,-0.0019258648702144957,0.0008675032628375314,-6.154383001722146e-10,1.1047586872340774e-09,0.2504539493679215,0.04556619044300628,0.7879559186769141,0.03464344114590154,1.0643506475477293e-12,1.0680367180937456e-12
11.9600,-0.10613960856365334,-0.004812971991126871,0.2129408390375802,0.0250808970861295,-0.07044950413625108,0.001430949557974029,-0.10817776719389202,0.060483188494753516,0.2887929403163837,0.024380751067874133,0.024381144782221434,0.015334346072714344,0.0015690910160194532,-6.154276812548462e-10,1.1047693746798045e-09,0.22787646173522763,-0.06930445473232731,0.8971563621488703,0.034861573916864896,8.421325228412553e-15,1.1594031127954568e-14
11.9800,-0.10858723226994753,-0.0037567214129169526,0.2204047106695496,0.014887588883086077,-0.0907488265847861,0.00199239090340445,-0.08513910801617072,0.06010007061050775,0.410692755223553,0.028106766098478297,0.02203476933662022,0.028532552893489348,0.0022350984615075904,-6.154344713127352e-10,1.1047626493571264e-09,0.10744299389364403,-0.129249232417175,0.5512201263309322,0.026231780411165147,-3.0124676624748714e-13,-2.986254364449603e-13
12.0000,-0.11073190985694183,-0.0026948381592974075,0.22984368095276372,0.004776421132692245,-0.1079917695351466,0.002791561329577947,-0.050180430550792,0.056977023695812715,0.5004224760035898,0.02807146689983603,0.01930564480732141,0.03890242439074993,0.0025457155396104375,-6.15438566500791e-10,1.1047586078366442e-09,-0.0892326518689732,-0.15097324665134995,0.3332217029416219,0.008495356942763774,-1.1607574168341628e-13,-1.133359356884911e-13
12.0200,-0.11235081076307232,-0.0016246999653284561,0.24047353828521392,-0.005310815534587756,-0.12023640613714318,0.003774699779069051,-0.007936058389076133,0.05218001150120176,0.5430442193731697,0.02469915569900038,0.015301123931037032,0.04699700357013019,0.002625201454211593,-6.154411451654694e-10,1.1047560669600638e-09,-0.23447044592544858,-0.2485863994515757,0.4239796119528251,-0.000289881674969972,-1.0342856399895434e-13,-1.0191404198420934e-13
12.0400,-0.11321494730922921,-0.0005499968661406264,0.2512189777886174,-0.015381612298937017,-0.1255032260324196,0.004841775034727929,0.03322504359776728,0.046925566174211876,0.5348536361893647,0.018756879405930425,0.009510373142439861,0.049804829497626865,0.0025136396910546833,-6.154418608523499e-10,1.1047553785834064e-09,-0.34949658919339205,-0.3256781768926206,-0.1261896792217884,-0.009855515559150334,2.6570552805497624e-14,2.780581483379646e-14
12.0600,-0.11341030103900633,0.0005276044865279367,0.261540106913779,-0.025469656664258072,-0.12464113409896325,0.0058884233444320404,0.06090648861884664,0.04211940172042757,0.5103410119072865,0.011898650791900145,0.003422276446315434,0.041196573942893076,0.002247031760283872,-6.154396829472971e-10,1.1047575862159817e-09,-0.33144021889805253,-0.2833373603016535,-0.6783405834506457,-0.015130971718852807,9.924691819242215e-14,1.0023454505639351e-13
12.0800,-0.11322844287416928,0.00160962933883313,0.27149667545295064,-0.03562298466675073,-0.12031296600604682,0.006866152470992831,0.07211295960143788,0.037876576722342445,0.4872271897016566,0.004864229092042222,-0.002547145845109556,0.024741649144669104,0.001925148385690713,-6.154351522180305e-10,1.1047621507277275e-09,-0.43731380058858055,-0.39382383599657333,-0.8294901535771524,-0.01654959753166278,1.209353255558765e-13,1.216958527222936e-13
12.1000,-0.11287416534176675,0.002697121181306312,0.28053688709076174,-0.0458678325122468,-0.1143761354662634,0.007763373120910144,0.0695806827480329,0.03556185531689235,0.43124001525181493,-0.0033120663496437786,-0.009828143083978202,0.007632916999374304,0.001587390858491996,-6.15429996016122e-10,1.104767335952888e-09,-0.5089344546296304,-0.4823918272796061,-0.821115785673933,-0.018084546113554402,1.0131987208863297e-13,1.0188719442791316e-13
12.1200,-0.11247263441403246,0.00378872092284378,0.2877330205687418,-0.056196977767455955,-0.1079705201733095,0.008584784736900638,0.05612095947282384,0.03662499221571673,0.3333660550516362,-0.013326016261262159,-0.0192378807601729,-0.009796921742813096,0.0011696621303359292,-6.154247206791718e-10,1.1047726364225862e-09,-0.441729608214991,-0.41197867799348364,-0.8150961694993004,-0.020773099100643795,4.2847783697855246e-13,4.3029317088605357e-13
12.1400,-0.11213161489070353,0.0048830176534854905,0.292336372242032,-0.06659143322282274,-0.1020910437853618,0.009354907621822858,0.036690528532383936,0.0424294731062977,0.19052826372219017,-0.022133138236661843,-0.027933646391926196,-0.022409584800794875,0.0007936996535586536,-6.154219533866122e-10,1.1047754173841162e-09,-0.3561791499198981,-0.34244135431584766,-0.5330549160620147,-0.017799049497790834,1.906612888402659e-14,1.9325124454242643e-14
12.1600,-0.11195166821833284,0.005984908966411949,0.2941952467145005,-0.0770799430768395,-0.09767795025578434,0.010122920786776055,0.012467963795043033,0.050415038578420134,0.06691643787865588,-0.025987088835071087,-0.030802426768709396,-0.03171977872638226,0.0005105282203049697,-6.154151111825146e-10,1.1047822831698413e-09,-0.11865098256532845,-0.06987313857579251,-0.31531023733281355,-0.008706171529028457,3.1563806100331094e-15,3.334062711378644e-15
12.1800,-0.11192247502266586,0.007095449690598386,0.2930909728783194,-0.08766133678425311,-0.09464825893158814,0.010910260988098709,-0.008202166478551015,0.06363440594444911,-0.09145765910920782,-0.02869861190150781,-0.033391430083488466,-0.03300207887865209,0.0004427190594562293,-6.154122404607377e-10,1.1047851636163296e-09,-0.1000023263028368,-0.10322161294052987,0.05554914449020897,-0.0007924534774107535,5.067516230857633e-14,5.088423036874942e-14
12.2000,-0.11202386301491984,0.008211472046904799,0.28893868760336394,-0.09829785811043697,-0.09282152922610926,0.011728461991822908,-0.02895668791157303,0.07872098568492934,-0.23492302559829503,-0.027831039563038194,-0.03283582729180494,-0.032441848174753055,0.0005158963683181853,-6.154133094586315e-10,1.1047841126817629e-09,0.1286831844071376,-0.006139906233818592,0.11207094679961305,0.014512249217233873,-9.023962133092311e-13,-9.019652429456682e-13
12.2200,-0.11225893700222664,0.009293198148569957,0.28199030386524276,-0.10860214834219463,-0.09223488680370442,0.012568439549553756,-0.048066830375296535,0.09291974017429508,-0.3658724680669319,-0.022650112504781526,-0.03239306278291693,-0.02971455324080665,0.0010159699435181072,-6.154407520878555e-10,1.104756693899295e-09,0.39847607908059324,0.10906303062952201,0.11275510161103816,0.0334789750943426,-2.3367930854223395e-12,-2.335998148389473e-12
12.2400,-0.11269108010439925,0.010291702077327816,0.27315168392976685,-0.11808498285047908,-0.09348620946920665,0.013447339267284567,-0.06592455774177437,0.10145452904042933,-0.44847675916994545,-0.012829852452946103,-0.029512117796822758,-0.025172414530484813,0.0019322912552235479,-6.154941704626138e-10,1.1047033122939524e-09,0.5261453496323335,0.10926011928385666,0.3937477535181038,0.0570897918576924,-3.0668011533063755e-12,-3.0642489413923446e-12
12.2600,-0.11325282960816906,0.011148793082019378,0.26315293725999517,-0.12619783518391545,-0.09595201016469482,0.014302731667250285,-0.0766282106216638,0.10362984668700392,-0.4971934238683279,-0.0005041118979372269,-0.025360194689188396,-0.015467664348653432,0.0032507624149333406,-6.155747924786216e-10,1.104622735795354e-09,0.5994372816450654,0.1208076648383773,0.7216491490804405,0.07658108635040325,-5.092669341788536e-12,-5.091036099635904e-12
12.2800,-0.11372786948382602,0.011796101706223324,0.2523640961316433,-0.13234186204092876,-0.09762871049661746,0.014951653048886059,-0.07390077428027056,0.10029526772640393,-0.5334517396734059,0.01220488719915255,-0.02142419112907062,0.00018979514735014173,0.004830816132450611,-6.156825872855563e-10,1.1045149864910833e-09,0.5806153435038903,0.17894605056317028,0.8933261650861378,0.07815161567110887,-5.74233629396792e-12,-5.740298861245385e-12
12.3000,-0.11386424003261093,0.01219243643367784,0.2410233897844274,-0.13619613582054138,-0.09618608637431193,0.015184272362562852,-0.05637672683606284,0.09323621367201253,-0.5603782055592619,0.022435140744720986,-0.015943677237833475,0.01758665942635779,0.00617460901972466,-6.157945308762381e-10,1.1044030875868781e-09,0.4617630352681756,0.36425913615515293,0.7969480593309733,0.057001354123865165,-5.459565959042845e-12,-5.4571095906008615e-12
12.3200,-0.11366422511365284,0.012349465501994752,0.2300964683819586,-0.13787790574091086,-0.09163997268210611,0.014997744390362765,-0.036244467235095466,0.0777331250712598,-0.5259931022135982,0.030479985079634526,-0.007050616762343929,0.025599342569194078,0.006842304504767809,-6.158974062563276e-10,1.1043002775156578e-09,0.3638478189421122,0.47100055606663543,0.32888402487316604,0.027992545476875418,-4.917338237986346e-12,-4.9134984275722715e-12
12.3400,-0.11316024604369784,0.01228171737360012,0.22054509653916635,-0.13751723684242634,-0.08426591268579153,0.0144309768040325,-0.010892792480948547,0.05604163759439579,-0.4515906174940273,0.03681604337786127,0.0020955008717421443,0.03128416093529426,0.007324765369532671,-6.15995703115695e-10,1.1042020555703236e-09,0.2638675106192272,0.44613065816482234,0.10082337324471241,0.012580516459678013,-4.679892758041593e-12,-4.675545541010795e-12
12.3600,-0.11242248747433137,0.012003976868290868,0.21319061292030048,-0.13522918717651278,-0.07468140719143303,0.01356434365747974,0.01302399683386836,0.028959021752392827,-0.337009871421737,0.04105633286085552,0.009898390107153366,0.03253286898777443,0.007492838026564557,-6.160897873231338e-10,1.1041080577651247e-09,0.1597772252959669,0.33802490043604466,-0.06666642659657054,-0.00039559930889919263,-4.5986903521311184e-12,-4.593913791040016e-12
12.3800,-0.11154241405491762,0.011526270955799115,0.20862051613783708,-0.13107213919491092,-0.06370839242548541,0.012499582409689906,0.032268241505404735,-0.0010752228742484827,-0.1962379206128571,0.04307527999650008,0.015009150353257335,0.03048553407647391,0.007385272194575754,-6.161829893768475e-10,1.1040149498982226e-09,0.041362795646959716,0.18346455649214263,-0.21068354191064861,-0.014043719358788473,-4.5747537702478525e-12,-4.569574753310324e-12
12.4000,-0.11058794946546191,0.01085170162913286,0.2070444544780023,-0.12504028056228197,-0.051961333866358844,0.011323619208398748,0.045283405186834935,-0.030933726765481347,-0.04771053040173142,0.04255693479773566,0.01681085424067457,0.02577044769403958,0.006987621885814498,-6.162826705221299e-10,1.1039153699541056e-09,-0.08895088985303924,0.007268706172359579,-0.34373997839586024,-0.02875924995465241,-4.776933189287735e-12,-4.771977951678608e-12
12.4200,-0.10969938030866044,0.00998421543525735,0.2085372357913269,-0.11710932991228966,-0.04076797377530642,0.010165107478981196,0.046798928384322785,-0.0590388990005421,0.10482293851969746,0.03969200815486675,0.01555346944831656,0.016870437109125887,0.0062423758666347,-6.163744524869706e-10,1.1038236834155362e-09,-0.2041245611986395,-0.13089048859042784,-0.5610037244829031,-0.047810810800467174,-4.887642374162837e-12,-4.882588257315579e-12
12.4400,-0.1090495246456106,0.008926166591063066,0.21299540094776903,-0.10723402709416799,-0.031812319621984164,0.00914781405920676,0.03664551842800248,-0.08332353070114606,0.24953578025582002,0.034199156290349655,0.01127108324307191,0.003802307190803946,0.005066945485000517,-6.164789570881241e-10,1.1037192841563327e-09,-0.3092957525905301,-0.26618184279892515,-0.6550671240406227,-0.062304068912052535,-5.064704731994052e-12,-5.059760770087518e-12
12.4600,-0.10877664841528592,0.007674294656725976,0.22004191919011773,-0.09534636634778115,-0.026481214667209044,0.008331800045594789,0.018183977225111433,-0.10212173192874144,0.3727479221726343,0.02762635262100363,0.0053302280326609115,-0.0082968969898178,0.0038051444209624215,-6.165760214307986e-10,1.103622310786894e-09,-0.38333141893078865,-0.32874807572258885,-0.5824304989762078,-0.07053544006013988,-4.860153078600771e-12,-4.855568204453764e-12
12.4800,-0.10893982681495921,0.006246389050813554,0.22903219980824482,-0.0816372213980522,-0.025390095706358674,0.007696477407164636,-0.002355085447506524,-0.11257754720884236,0.461027470640325,0.017803785915009078,-1.5194353544859001e-05,-0.018016548721184408,0.002102663038664534,-6.166547837707647e-10,1.1035436332961563e-09,-0.5843026571890916,-0.20988377674625533,-0.39897175325451734,-0.09756484165753375,-3.068571004932741e-12,-3.064667443430924e-12
12.5000,-0.10952650448618585,0.004706213132925805,0.2390815635205385,-0.0667860896849411,-0.02842265955983024,0.007171920254839567,-0.020935490787964067,-0.1133029407594803,0.5036318967936422,0.003983389887561456,-0.0033513220952325977,-0.02441699941624262,-0.00010664105496256495,-6.166966482659252e-10,1.1035018414963177e-09,-0.7083415112028549,-0.11868497838719573,-0.22138106539176125,-0.10867388564471302,-9.94441291465864e-13,-9.913975022868282e-13
12.5200,-0.11048663308207968,0.0031247029509220326,0.24920331974770374,-0.051548415982040456,-0.03506327871803921,0.006671274117931281,-0.036178716418308055,-0.10631819598954347,0.4974324200046489,-0.009573448622850351,-0.005198924532235075,-0.027535705526640728,-0.002090891867622348,-6.166995844446808e-10,1.1034989561439128e-09,-0.709535436122002,-0.07827038760744758,-0.12434641951247695,-0.0991131015689788,5.594105907669178e-13,5.617601652949111e-13
12.5400,-0.11180099493600047,0.0015497028641520783,0.2585812001236755,-0.03643595145249316,-0.045072274210453636,0.0061221512375518785,-0.0520112557210617,-0.09647215266538116,0.4568732619263976,-0.021334363891173658,-0.007683300472707029,-0.0313461608783517,-0.0036712099104448566,-6.166906459664139e-10,1.1035079412465051e-09,-0.45969581200124177,-0.16015939109559446,-0.33049567246579786,-0.062218087482202006,3.8016773973650886e-13,3.826700783506054e-13
12.5600,-0.11349637200415463,-2.3796132330442096e-05,0.26679659303871456,-0.021445789601204194,-0.058637456478029114,0.0054427175013790135,-0.06733125807048297,-0.0881194042460122,0.39657127514242385,-0.027194092663142138,-0.010463880445689655,-0.03237366404578001,-0.004434946489448271,-6.166857629579469e-10,1.103512859429797e-09,-0.17689581180198272,-0.08999496523868378,0.13233951637838953,-0.027677043769578337,1.5866347406919001e-13,1.599807797087599e-13
12.5800,-0.11548184104729811,-0.0016070453655361607,0.27357197940419237,-0.006509159473079116,-0.07480782535317196,0.004538408768541445,-0.08006543091696382,-0.08208353735934174,0.32335509783694055,-0.02958428484349176,-0.012499321695962858,-0.028587000430740576,-0.00480658912557671,-6.166826428978488e-10,1.1035160172724234e-09,-0.09752923628636095,-0.13132238316236636,0.20111869647829134,-0.009241388489758846,9.369578951676921e-14,9.587691968473977e-14
12.6000,-0.11772153336386904,-0.003209035425983988,0.27866758191501223,0.008442717256432366,-0.09317111744908158,0.003341517912350279,-0.09409074557879069,-0.07875997411561839,0.24292794648036722,-0.029567440890100924,-0.013533356152137466,-0.025537279030440573,-0.004913028672907459,-6.166823086226006e-10,1.1035163828781964e-09,0.008310387277501968,-0.06247717788657657,0.2261322101993116,-0.00275946850085157,-1.5156868544540653e-14,-1.4361321647952258e-14
12.6200,-0.12010133636136817,-0.0048357331124521934,0.28172921393722256,0.023470510046364555,-0.11260461630069427,0.0018049170467634827,-0.10590769046868138,-0.07860343007773239,0.14227693684386788,-0.028603186994242694,-0.014229011883863005,-0.018915121012876106,-0.004906481835802828,-6.166841623488456e-10,1.1035145546374484e-09,0.10286442472750737,0.020839074166669944,0.41465627104361324,0.0018208007918790175,-7.756211580119132e-14,-7.69915001978122e-14
12.6400,-0.12250198837046139,-0.006491580450171797,0.28290685214258104,0.038640518123372006,-0.13198728841012988,-8.48650288612022e-05,-0.11370286318035538,-0.081271171249131,0.055102037896031866,-0.02429915209357694,-0.011741763593872035,-0.009328593345467857,-0.00486908837313174,-6.166890150426135e-10,1.1035097278082316e-09,0.2902895216507644,0.19336135429667364,0.5442686406514995,0.001242719682181891,-3.9704936387330303e-13,-3.953896129775536e-13
12.6600,-0.12473221123926391,-0.008178464912456112,0.2823826198029929,0.0540161916310024,-0.14959786033493527,-0.00228944562451134,-0.11343658482733918,-0.08642754826022873,-0.02729488764308082,-0.018494635197097,-0.00773387092974939,0.00379625552076113,-0.004870253696072956,-6.166963284460769e-10,1.1035024345608183e-09,0.2787098274984157,0.19947413619803633,0.74303387061544,-0.0011418430162739187,-2.514794470755144e-13,-2.512373447303984e-13
12.6800,-0.12654427070386068,-0.00989402416373019,0.2801934425483319,0.06963847032021522,-0.16327066640373047,-0.00469465760111878,-0.10314888446915874,-0.0939313565744835,-0.10986062363326447,-0.012177174938315362,-0.00305571028537329,0.0194226680301667,-0.004898779303935908,-6.167072112828636e-10,1.1034915685393027e-09,0.31667162625637807,0.23791193166672442,0.7243219912342231,-0.0008289934502853131,-8.599601065972795e-13,-8.585380670278475e-13
12.7000,-0.12771399368216274,-0.011627687361454857,0.2764663896265514,0.08547587790909263,-0.17109341939242126,-0.007112688325250934,-0.08269159895109324,-0.10225157167292795,-0.18122123113651017,-0.006448866324376169,0.002332080930288977,0.03189919426740589,-0.004951730605157526,-6.167124420897809e-10,1.1034863526724003e-09,0.32497530395426544,0.40769660498566546,0.4989344716243008,-0.0073728497443278605,1.6976277696957587e-13,1.7108609993120305e-13
12.7200,-0.12817711613425467,-0.013324803189363242,0.2719260681774861,0.10107236993502984,-0.17257005742766882,-0.009303644985156966,-0.05311697714545891,-0.10587885380993364,-0.2193628489261618,-0.0023306003337802417,0.011881563367199359,0.04135094413774789,-0.005259926815481359,-6.166858387415673e-10,1.1035129743423293e-09,0.1416535996063981,0.5024561761464996,0.3378578749338449,-0.017880895176248048,1.8837364394036493e-12,1.884960286815951e-12
12.7400,-0.12786372097336737,-0.014901308866078732,0.26696732278689844,0.11570839585019951,-0.1671024674241974,-0.010968164996703852,-0.016066303380378226,-0.10462516086368132,-0.24490155481971784,-0.0019887247686188082,0.02068937735344479,0.04700691186758629,-0.005625128511753901,-6.166295219600336e-10,1.1035693037743339e-09,-0.1260325082515015,0.3967612908488968,0.2959392405008586,-0.019522264107875286,3.998345057820707e-12,3.998428324547554e-12
12.7600,-0.12668780202799634,-0.016269122206744178,0.2614813077751877,0.12864615587741632,-0.15387359037981702,-0.011795255923329343,0.025210682790994105,-0.09979654525621315,-0.27418247932134876,-0.0043075695079128895,0.02708194095727219,0.049496358044305494,-0.005889663702999871,-6.165552488688842e-10,1.1036435860686252e-09,-0.1256252390878127,0.3614499070429252,-0.013566410734163876,-0.01245863973959196,5.222424055706387e-12,5.222563700946203e-12
12.7800,-0.12475498759632474,-0.017370098368754187,0.2557621267518697,0.1394038675705753,-0.13369256332632387,-0.011660328932053043,0.06496903549392141,-0.09081694119123972,-0.2898458747932433,-0.007908753898584359,0.03286139804113635,0.04561957668955033,-0.006041925976564098,-6.164328866452322e-10,1.1037659614935232e-09,-0.1774715223590325,0.10123415280754153,-0.2899608070518977,0.0019329807908716385,5.54639927735634e-12,5.546746222051535e-12
12.8000,-0.12219394490866976,-0.018189641454924296,0.2497167752068633,0.14789799418230637,-0.10751005082340243,-0.010582022450624035,0.09964572258155519,-0.08254644876368296,-0.31401703763260047,-0.011520298502306963,0.03249754762775741,0.03732591167875703,-0.005836716819896077,-6.163241302194922e-10,1.103874729289508e-09,-0.19841224517953332,-0.11237526031040712,-0.5149731885442761,0.016480889228678797,5.472902513126154e-12,5.473507064257532e-12
12.8200,-0.11921742491515268,-0.01873251408937453,0.2432253749140478,0.1541768724352999,-0.0770243774042277,-0.008723448335780683,0.12356553759091064,-0.07382051924739022,-0.33138519494588964,-0.014830018680238883,0.028998645832101207,0.022635816567142555,-0.005285521543295041,-6.162175213935585e-10,1.1039813570473465e-09,-0.12170222244651517,-0.23070740111281746,-1.089686558215619,0.046655913255373875,5.031394571808345e-12,5.033033885493143e-12
12.8400,-0.1162816162655567,-0.019033923330856756,0.23685718498578873,0.15841501148911066,-0.04633204600509786,-0.006511289159144702,0.12741104770990236,-0.061630230335667315,-0.3163353577941925,-0.017032320292436134,0.02399242046577046,0.0004906859161814148,-0.004371670097051077,-6.16114442685663e-10,1.1040844665066854e-09,-0.1098078969531479,-0.24978537943119378,-0.9460441518617272,0.03454163333230584,5.178709024111772e-12,5.18030930651836e-12
12.8600,-0.1136269080980486,-0.019117728528964192,0.23085643624430258,0.16066129773674276,-0.017741268712342304,-0.004252280959707826,0.12069439912867348,-0.04823011826786171,-0.2917700495018037,-0.01836735776242688,0.019484139567695784,-0.016635400650649803,-0.0038015816528608162,-6.160124975449659e-10,1.1041864492423096e-09,-0.02627243050836634,-0.20380846514602044,-0.8308873879838784,0.027323034861974998,5.02309218525232e-12,5.025251915979911e-12
12.8800,-0.11148677969705308,-0.01901481635858504,0.22578581878393894,0.1609711868830631,0.006313929416789054,-0.0022626294239501536,0.10017501281405564,-0.030523147381668076,-0.2350794292634078,-0.01707813537232185,0.016845670572036425,-0.03003084393702923,-0.0034547533038237098,-6.159148831015278e-10,1.1042841116343715e-09,0.2428167422930559,0.021466415047465097,-0.22753612592450415,-0.013803274001298752,4.679248308270267e-12,4.6817862087156215e-12
12.9000,-0.11004531873960242,-0.018753482692113937,0.22228020220173786,0.15937467282407292,0.023736411459191302,-0.0008032973245787941,0.06457399265111803,-0.009431362644181589,-0.15235243357362802,-0.01572729878329994,0.014267923162815064,-0.04369078299546802,-0.0029107036224978846,-6.158125494842533e-10,1.1043865065706518e-09,0.04821874399650474,-0.12358924736341877,-0.6356221294997266,0.032022394574314474,4.84583814047701e-12,4.848925948264249e-12
12.9200,-0.1094893035504875,-0.018353341440770096,0.22073578061339744,0.15583609082256522,0.032352013551103294,-9.204288181514326e-05,0.017872315951384436,0.013582898399549018,-0.052925105497702594,-0.0144735095324073,0.01254580289922515,-0.05252049277716977,-0.002386880174432815,-6.157205296298433e-10,1.1044785871785473e-09,0.07429777441981052,-0.06657879612805859,-0.3152248227275808,0.024496276583338066,4.851585279352921e-12,4.8548561004668755e-12
12.9400,-0.10986479999448623,-0.017817900324426306,0.22137527422865944,0.1503307907312964,0.031504429362311404,-0.00015751873518851287,-0.032410981069066244,0.037009843955020286,0.05359946477023424,-0.013109582633930045,0.01146753233002718,-0.05585966888061459,-0.0018857350942210296,-6.156178847919016e-10,1.104581301172108e-09,0.04992299192682954,-0.043322097214978615,-0.02838117965287148,0.024592013727828044,4.928216688904197e-12,4.931492714188579e-12
12.9600,-0.11116489067751534,-0.017136258395622668,0.224144615505289,0.14283301223312292,0.0212770457514232,-0.0009023326199636244,-0.08025857607803757,0.058907283723540406,0.15490182822068024,-0.012592176025911655,0.01060536875434975,-0.05402442212587658,-0.001344938472413722,-6.155181214025119e-10,1.1046811284435575e-09,0.0020874807832735828,-0.04509777149954904,0.19471389376360065,0.029606107560334407,5.0506040322195744e-12,5.053691840006813e-12
12.9800,-0.11332783542141292,-0.016285007577044864,0.22871824656416778,0.13331554214436073,0.002501721164112341,-0.0021127549971034364,-0.12018742636526084,0.07767261968692465,0.23905716350545955,-0.013098112426526557,0.009608836112730041,-0.04807644784951796,-0.0006924966445948868,-6.154153837577314e-10,1.1047839242813715e-09,-0.04926350112171562,-0.054415158635606274,0.38553446433313543,0.035225065371109344,5.222270532678763e-12,5.224992313812571e-12
13.0000,-0.11618769588025739,-0.015230588070933266,0.23457606768144734,0.12174300328578756,-0.022851295557081992,-0.0034572382216942893,-0.14546797044044885,0.09275753276125877,0.29822888700593386,-0.013418330892805967,0.009394922410563365,-0.036426073756149015,-0.00017701780357374483,-6.153150627570931e-10,1.1048842916277499e-09,-0.056451303319446075,-0.03492041584867229,0.6182004633632654,0.03215997829560665,5.3887476078595675e-12,5.3909585129297e-12
13.0200,-0.11952695211354997,-0.013938317104150732,0.24103585631667332,0.10805763055669881,-0.05236170597382563,-0.004575471186598565,-0.15653327363779015,0.10363389066404138,0.3242170890898802,-0.014051420784940339,0.00877368917199026,-0.021097576591968998,0.0004948111930654584,-6.152046570057117e-10,1.1049947373896607e-09,0.032014865380485,-0.061813358717730776,0.7981212134799124,0.037415260506109015,4.720467072782952e-12,4.722137611490318e-12
13.0400,-0.12308996065310447,-0.012415681768659497,0.24750739418928852,0.09253158297371357,-0.08340601002727221,-0.0051562418298775285,-0.15498670531567668,0.10954888169664709,0.325589255165858,-0.011464885622370056,0.006570706266322492,-0.0062925780061751655,0.0013773923910125943,-6.151306115991869e-10,1.1050688124269976e-09,0.23193918300173166,-0.1416970494013908,0.8340316797201307,0.04830229155317586,3.207317657988318e-12,3.208503341484148e-12
13.0600,-0.12657334692167496,-0.010715901072518392,0.2535728233202576,0.0757608898943615,-0.1131197259150698,-0.00500457977777719,-0.13825833931935003,0.11038130243228397,0.3022984892608697,-0.005213776202060927,0.003505279149216961,0.012860938470030305,0.0021723795850537328,-6.150852380006452e-10,1.1051142080439512e-09,0.36815058438196263,-0.16283352527161393,1.0564626814808247,0.028885788192709337,1.452295748938237e-12,1.4531891315283652e-12
13.0800,-0.1296027613387299,-0.008908770214025925,0.25886106668162123,0.05838957172735323,-0.1381904855632063,-0.004068853978796807,-0.10989630099538131,0.10741218419786984,0.26832010384685695,0.003749025772209827,0.000540576198539852,0.03092279911518794,0.002615986796655283,-6.150769058364224e-10,1.1051225623757852e-09,0.6109186263042317,-0.0610039477320398,0.6313155961161734,0.018729474527560602,-6.458458984628934e-13,-6.440941530128086e-13
13.1000,-0.13205929945924225,-0.007076345155572565,0.2638333558630266,0.04107523522636627,-0.15775567919825118,-0.0025232205011058704,-0.07591714387971772,0.10290128506302403,0.2541530526196414,0.013458630765480296,-0.0010128265200065511,0.04238111099739932,0.0027913754937622143,-6.15091679103342e-10,1.1051078136031614e-09,0.37793018206705137,-0.0347870041426603,0.4806979609872196,-0.0018577043120367887,-5.890934441643569e-13,-5.885483073120312e-13
13.1200,-0.13380632169088,-0.0052418876574800545,0.26857146201414334,0.02393910579408314,-0.17078147615150946,-0.0005317909934687071,-0.0376611307639296,0.09841437339528909,0.24227029649478418,0.019048568134682274,-0.0006595537046823294,0.04959036495776957,0.002577601040910896,-6.151042586924052e-10,1.1050952598445101e-09,0.10147089333290976,-0.014943485584298203,0.3058838304066535,-0.015762274494014017,-3.671793771808929e-13,-3.6679562382194164e-13
13.1400,-0.13471453491506094,-0.003407181402958354,0.2727990531949638,0.00691610707855618,-0.17625022713295324,0.001725015388310238,0.0017764274620191618,0.09397586321312434,0.2022146589753384,0.019272809708436908,-0.001236021110964207,0.05327610940658017,0.0022252952586016327,-6.15110279951309e-10,1.1050892547252022e-09,-0.12008728986900517,-0.1077562639100452,0.16906613574566826,-0.020940364629310083,-1.8423888174627645e-13,-1.839453069030217e-13
13.1600,-0.13469867402641514,-0.0015744447730873228,0.27598675974155756,-0.010045475685811718,-0.17346198142098954,0.004031427751568877,0.03731014456556933,0.09066642425610484,0.14336190622010644,0.01691227313031461,-0.0027788101364794814,0.05201231325130877,0.0017769930712643546,-6.151121345113822e-10,1.105087416075959e-09,-0.17197961563465666,-0.1137112013069868,-0.1900707524648219,-0.02256077058844279,-1.6402074739640254e-14,-1.6134283579299913e-14
13.1800,-0.13382705112924254,0.0002512320040988455,0.27785973922202095,-0.026971445854160093,-0.16299083383351104,0.006163325853937846,0.06556475541901322,0.08926042342765747,0.07140827833354915,0.012935221017853452,-0.005322631393609224,0.04503885578492135,0.0012939607209912823,-6.151098231936875e-10,1.1050897440044354e-09,-0.16439809155856433,-0.07808523443481691,-0.5725984393921462,-0.024618361716855178,2.9185882226626103e-13,2.935356493462271e-13
13.2000,-0.13230848921948815,0.00206588559153212,0.2784197080442333,-0.04389963751012002,-0.14659448180630885,0.007949190013038883,0.0839826774061644,0.08993252133435567,0.002700678797183955,0.009241941200863272,-0.007749489578817694,0.035537629624562035,0.0009073226529045664,-6.151058612351864e-10,1.1050937214139836e-09,-0.21680979004385786,-0.13188662102638654,-0.7109865892216523,-0.024646176832152193,1.7607733305245732e-13,1.764966753477204e-13
13.2200,-0.13037157671724403,0.0038670098280095067,0.27754281255170626,-0.06087778604649051,-0.12619664542369427,0.009289615078639579,0.0921880294594997,0.09304643460240124,-0.06791688232431713,0.003295279587890076,-0.011581044269350796,0.016787641218095523,0.0003123560504390716,-6.150953989375186e-10,1.105104216697771e-09,-0.20498906317863896,-0.08945030941037106,-0.9239195443190032,-0.026000786718434074,6.513356477430565e-13,6.533216892826155e-13
13.2400,-0.1283030097293746,0.0056586417616309,0.2753413142999568,-0.07799546808153086,-0.10430554767346203,0.010181994454705908,0.09001005805529624,0.09840852498754554,-0.13049613439581298,-0.0018392425310736447,-0.014765278255080429,-0.0003904054661198001,-0.0001699053709635698,-6.150840987638313e-10,1.105115549420563e-09,-0.2658845528591279,-0.19618073361801683,-0.8171314235480716,-0.021448163235351637,5.401946251426537e-13,5.424081322980001e-13
13.2600,-0.1263024552358334,0.007420152763162998,0.2716632472534321,-0.09508073011408191,-0.08273067038009482,0.01065679431841991,0.08100745463202857,0.10517420982169383,-0.20241057816989555,-0.0051810009277367865,-0.02016077984535275,-0.0153101946392863,-0.00031856212014340346,-6.150952235786186e-10,1.10510446219888e-09,-0.04692044406901908,-0.29259777650984925,-0.6690132502258656,0.007223516011537353,-1.1744283930775756e-12,-1.1718772653657172e-12
13.2800,-0.12447761664927554,0.0090832217638033,0.26638425821980233,-0.11147464844587636,-0.06251080692428397,0.010741968683671183,0.07071247642376485,0.11145922504347117,-0.28179736913063425,-0.004942079446835616,-0.026282538784378414,-0.023475306247686258,8.258432961060063e-05,-6.151346782369091e-10,1.105065039608037e-09,0.10452139126141954,-0.3313341028895296,-0.38070547801323595,0.034868363629642664,-2.6617089608771405e-12,-2.65888916786694e-12
13.3000,-0.12290965417628329,0.010583293618479327,0.25973636385759996,-0.1265091633311314,-0.044489677439117234,0.010517848352743487,0.058425973161419995,0.11424747753127165,-0.33766825993285887,0.00021590062953359798,-0.03215833452943379,-0.030481318025173097,0.0012493032822639056,-6.152300205469109e-10,1.104969755273361e-09,0.23555860686538652,-0.2842649101055381,-0.15192230586593533,0.06117090767796506,-5.162013178017233e-12,-5.159857784098332e-12
13.3200,-0.12164674817091967,0.011859756880291464,0.25189595183894187,-0.13951743134968816,-0.029228903435968265,0.010093922966536457,0.04628041176249871,0.11495035914891641,-0.3939544327254053,0.00537988431089421,-0.0363486420271436,-0.03276724623323274,0.0024888047357642168,-6.153379122424885e-10,1.1048619138145081e-09,0.2793969280866511,-0.11987576270973431,-0.024501477878644505,0.06735275556586405,-5.838850236639104e-12,-5.8361050367383704e-12
13.3400,-0.12073257693486164,0.012896019082654836,0.24328533981801753,-0.1502242576885097,-0.017248695007778987,0.009616280649905983,0.03280512091717315,0.11247166285689188,-0.42523814148366446,0.010066998126840315,-0.03588870035308235,-0.03265749767917894,0.0036241032201473557,-6.154520442822448e-10,1.1047478428083948e-09,0.19754680625614252,0.13525828490577294,-0.002273136350802399,0.04614541084002772,-5.584651664725104e-12,-5.581324465098181e-12
13.3600,-0.12026015475222533,0.013715829113067422,0.23457483791286235,-0.15871819816312469,-0.009548727102382542,0.009280088535734456,0.012950424620931014,0.10536998459862038,-0.42079328255799925,0.01345707008776839,-0.031550101004963006,-0.03338634668109027,0.0043361123863972575,-6.15560649601427e-10,1.1046393112349096e-09,0.14875465926753983,0.2745036227433509,-0.0670535362807002,0.026954739989781526,-5.289506679884148e-12,-5.28550033601638e-12
13.3800,-0.1203440879332051,0.014346299186011118,0.22654012918779937,-0.16511526982811928,-0.007331231084904078,0.009285064665540773,-0.014213713793916121,0.092365838115708,-0.3784292363534606,0.016235196409481165,-0.025458704672534915,-0.03402871580677256,0.004781054562298233,-6.156582092943901e-10,1.1045418333376277e-09,0.1520522923717896,0.35826367013017557,0.02797480667691254,0.022768553801699017,-5.000048118597444e-12,-4.995497071558219e-12
13.4000,-0.12103129790691328,0.014808303750223867,0.21990212884161672,-0.169535012806477,-0.01108497892818311,0.00974613752361106,-0.04474525659582593,0.07322822082148094,-0.3020094640794152,0.01962508719836545,-0.017398645935706305,-0.031312786670182516,0.005275947451960359,-6.157599112389993e-10,1.1044402319349896e-09,0.16824907798903047,0.3969425085162199,0.22348929915052668,0.024221191465925464,-4.7088635074521434e-12,-4.703891789969994e-12
13.4200,-0.1223029429234452,0.015113460574215126,0.21523174942333004,-0.17209078108895376,-0.020576917225626958,0.010677784067062351,-0.07406991690076521,0.048836981633571086,-0.19938795506461232,0.023031943903844544,-0.00955899330280025,-0.024951338431929867,0.005762554417201462,-6.158517329741107e-10,1.1043485119769722e-09,0.16959819923351024,0.3802333947111834,0.3994575840747154,0.024075472758965884,-4.4967423881714375e-12,-4.4915807184686685e-12
13.4400,-0.12407933808423986,0.015263203721878891,0.21289719228331386,-0.17287498935337062,-0.03492067363873829,0.011996892534869807,-0.09691643253978845,0.02080537761214521,-0.08071478063398493,0.026313616683024805,-0.0024588419166963163,-0.015323664561522454,0.006229002219176254,-6.159401694718188e-10,1.1042601786528099e-09,0.16302631560656267,0.33395266183578265,0.5707670645266544,0.024085306412743705,-4.3635286356424885e-12,-4.358422477090951e-12
13.4600,-0.12619019125636,0.01524824383137435,0.21304972339170142,-0.1719448667948183,-0.052347411342023205,0.01350807476082068,-0.10619406229584738,-0.009001064783000678,0.04311338824000778,0.029709887653963644,0.0038538434897182378,-0.0013222470641336408,0.006793414205263126,-6.160268057160047e-10,1.1041736415610815e-09,0.1701758531860217,0.2922354186728981,0.7961847541581855,0.030713208890598788,-4.322783450638745e-12,-4.317990409674621e-12
13.4800,-0.12838621722793708,0.015051455136678278,0.21564704875912163,-0.16930646538659627,-0.07040184821495195,0.014935968790956445,-0.09870954779789697,-0.03868443967887336,0.16264595489919956,0.03277455230853931,0.008911130905687093,0.01491754829476449,0.007346915506680383,-6.161135207955663e-10,1.1040870186864095e-09,0.1322241370741917,0.20962465330875824,0.8082138164139461,0.02381892815539877,-4.408450167414646e-12,-4.4041437163855335e-12
13.5000,-0.1304609759502902,0.014657485187203808,0.22058066952987043,-0.16492672745338313,-0.08714137859590046,0.016052814118930496,-0.0782921353559591,-0.06705605490202715,0.27535903353098745,0.034550536661043206,0.012070111445653502,0.028155409805272903,0.0075594932733563805,-6.162013295645027e-10,1.1039992964411436e-09,0.05136626576522205,0.09603945237622162,0.6102135769214511,0.004006201630368498,-4.572315616402367e-12,-4.568487081690886e-12
13.5200,-0.1322509389682274,0.01405197184195526,0.22759197233104345,-0.15872951854828565,-0.10109917870796002,0.016687865322945663,-0.048421016441357684,-0.09191717172267655,0.3706917124978284,0.034453825977218626,0.012709471307318126,0.03725820370719656,0.007383237745725674,-6.162922097238033e-10,1.1039084943496032e-09,-0.05542826650989032,-0.03353116843790164,0.3951877243596242,-0.015573931017453135,-4.7547079121135205e-12,-4.751445764616946e-12
13.5400,-0.13365961497951964,0.013224692745094085,0.23629140683260547,-0.15063793666819683,-0.11146266599200422,0.016753107264217228,-0.016020769450671775,-0.11210586420853394,0.4453713510199142,0.03206536486906901,0.010870897493433293,0.040595321075303274,0.006750856938193149,-6.163863484189068e-10,1.1038144249966016e-09,-0.1521520381343826,-0.18167069919629897,0.32757542840319764,-0.023291849377897324,-5.033823184674713e-12,-5.031169057756468e-12
13.5600,-0.13444809467084662,0.012151529133659284,0.24569351551412286,-0.14046401334595815,-0.11610290986787636,0.01608822014991427,0.023041085975228043,-0.12319684957458399,0.460629293530341,0.02795720476145437,0.005839846979301357,0.04571863266240521,0.006248280966189806,-6.164898509336255e-10,1.103710970668164e-09,-0.2592570979755257,-0.29833848988356954,0.042754105923846965,-0.03469041470575108,-5.292387188216008e-12,-5.290151997017212e-12
13.5800,-0.13458712974518475,0.010822822331711128,0.25501382145874085,-0.12808505418974603,-0.11479221534838098,0.01474900967702372,0.0526096922416323,-0.12889348339533277,0.44497564857797,0.021690011715072125,-0.0009490075213017233,0.04135546040246552,0.005336941981488169,-6.165983278130142e-10,1.1036025350578468e-09,-0.35750744961233855,-0.37395553430376416,-0.4248263927178645,-0.05327493904547293,-5.541947109555245e-12,-5.540031107476029e-12
13.6000,-0.13425154567772069,0.009256002658924649,0.2638418626146049,-0.1135878023985223,-0.10911579611643034,0.012967049533048202,0.06785022834308671,-0.13066812099402295,0.4160146434883405,0.013365759990661152,-0.006680828822680501,0.028225730164999723,0.004009656678024686,-6.1669258787154e-10,1.1035083176665798e-09,-0.5097063626601908,-0.1872508145697095,-0.8273132115209818,-0.08146956387077398,-3.4605118250097266e-12,-3.4577661914281244e-12
13.6200,-0.13369674965228265,0.007532285395152613,0.27187631600189544,-0.0976519909355205,-0.10137896606774739,0.011047336340162826,0.06760501765130587,-0.12651019793179272,0.3762381392967152,0.0005299366013388193,-0.009255022370060446,0.008911599661536894,0.002034237330600747,-6.16748006647662e-10,1.103452942729305e-09,-0.6500618604802795,-0.02183414868420848,-1.0207725933894423,-0.1039514541736324,-1.4456357118330931e-12,-1.4432274819675683e-12
13.6400,-0.13314130620551737,0.005746018346038343,0.2785926608076293,-0.08110362194220921,-0.09357656996931901,0.009217585309402974,0.05606805631498526,-0.11565965929116162,0.2990456280212447,-0.013943719734502633,-0.011718132997072498,-0.007884680929360687,5.993513528608492e-05,-6.167633139054969e-10,1.1034376626538148e-09,-0.7858145128509771,-0.12560095845664368,-0.818520126950746,-0.10223183642285337,-1.0207550679274674e-13,-1.0128077304778771e-13
13.6600,-0.1326889105193775,0.003971986164429434,0.28319667144061567,-0.0646219394062607,-0.08667241392788033,0.007574243042228131,0.037856968114400556,-0.1017510673411276,0.19025471744139993,-0.027851502613920602,-0.013712147419311217,-0.021909355204823434,-0.0017431370747275291,-6.16753412803066e-10,1.1034475867084672e-09,-0.6025661351718601,-0.18828100171325698,-0.5098429311688456,-0.07044568063012743,2.9667793829263323e-13,2.9729056673019616e-13
13.6800,-0.13235772450384325,0.0022226633935414066,0.28510121899696117,-0.048323063839317365,-0.08085155505574919,0.006104888606424842,0.019207071731511153,-0.09031755027037873,0.05505710540554991,-0.03591792650106697,-0.016738993807394506,-0.029155164254410757,-0.002705385446408892,-6.167468893460527e-10,1.1034541283007129e-09,-0.24340903569311712,-0.10591830666244469,-0.2437549530134352,-0.03161758513614304,1.8723057501092433e-13,1.877749529217293e-13
13.7000,-0.13226816908504474,0.0004958889109410731,0.284759675091928,-0.03218536419071452,-0.07726334677202072,0.0047940919040584985,-0.003062518707021923,-0.08460401707782994,-0.04340382871119769,-0.036629005616595656,-0.015800664055647798,-0.03422477162244551,-0.0031759332688805716,-6.167395801453905e-10,1.1034614698129577e-09,0.06434141584164021,0.08916173508888953,-0.18343218365326866,-0.017728254867140223,3.4211153875085554e-13,3.4399365951218175e-13
13.7200,-0.1324470495233599,-0.0012158602443658503,0.28230857039933,-0.01616084957048525,-0.07617926400949267,0.0035776235849113167,-0.023743493350564755,-0.08249886818824069,-0.1502117386740412,-0.035473889722036356,-0.015335675438866018,-0.03447066561233521,-0.0034222549176777034,-6.16735680671724e-10,1.1034653974978087e-09,0.1235138446639471,0.06335282075636295,0.02974256054213325,-0.008053064072131274,1.801264486959303e-13,1.8205242543513356e-13
13.7400,-0.13287660141124139,-0.0029219366794275767,0.27776993003635025,-0.00019035638871398318,-0.07743854858541233,0.00238344874246192,-0.04375740371212776,-0.08431297873454716,-0.2529887912375054,-0.03320151436591314,-0.014590729698009378,-0.03212824649752402,-0.003531839154909814,-6.167343609315865e-10,1.1034667422175323e-09,0.12362717804587314,0.02937371580198552,0.19334967549955984,-0.0034710226259605423,7.434221830802598e-15,8.230979984505567e-15
13.7600,-0.133511467804008,-0.0046313168287261935,0.27118704110213543,0.01578642536120456,-0.08060862960700786,0.0011481842091310515,-0.06232630110239373,-0.08976711319963201,-0.34636000950679974,-0.029219861524478457,-0.012600812104087684,-0.02777037182416298,-0.003586352463526518,-6.167354036955015e-10,1.1034657289922433e-09,0.2579361676287518,0.15399866631745684,0.29403792233241394,-0.002860087279439914,-7.746494418148231e-14,-7.648925709393545e-14
13.7800,-0.134295457609477,-0.006352012035592385,0.2629861172673066,0.03182949588560177,-0.08515055133758238,-0.00017527131281150376,-0.07629126938325018,-0.09810371101957893,-0.41907888255851117,-0.022938977891408946,-0.008509249097559284,-0.0198548643559988,-0.0036590006310770738,-6.167396865085109e-10,1.1034614785718338e-09,0.3938621399952451,0.2761231135935672,0.4524270494951629,-0.0050854544869642125,-2.2911569017881883e-13,-2.279498746877995e-13
13.8000,-0.13507444727273188,-0.00809083392546242,0.2535227259185817,0.048010691080753946,-0.08961162363712545,-0.00159300897292003,-0.08030362848690793,-0.1085799702917534,-0.4784690110482274,-0.015506637483491346,-0.003284252895405756,-0.0066159435043389205,-0.003811029643805422,-6.167471803987577e-10,1.1034540127110049e-09,0.3769939416287508,0.27100583192685224,0.8013365613719415,-0.009478553493464258,-4.668409213891278e-13,-4.65511201634683e-13
13.8200,-0.1356241756009062,-0.009844353966274075,0.2430843883987455,0.06434125034968631,-0.09190029315975325,-0.0030328269360738454,-0.07217890991537182,-0.11935622426713918,-0.5178584788788975,-0.007489934967219095,0.0038020117872725394,0.00863800400826412,-0.004087100007126849,-6.167494858724883e-10,1.1034517384473554e-09,0.3758981000836245,0.4858796808314029,0.5810855904947174,-0.023593307941449582,8.188904198833113e-13,8.204024482330596e-13
13.8400,-0.13593136274325154,-0.011551032694891621,0.23274791572325135,0.08027477852087227,-0.09190465820855657,-0.004385752760240489,-0.058851332352253816,-0.12265138360647734,-0.4966659906072267,-0.001359478398832222,0.016158656317690402,0.01911313838991735,-0.004900296933619907,-6.167119535379345e-10,1.1034893103571314e-09,0.24607978281908546,0.7020475233852986,0.5422414830627208,-0.05523043693246383,2.9347700485071737e-12,2.9365281907500762e-12
13.8600,-0.13597660704914555,-0.013118639524896716,0.2235596077375769,0.09497491869670052,-0.08945058436012984,-0.005511969217698525,-0.038000201514801324,-0.11586339165844109,-0.4288572842368848,0.0026103760637313663,0.030560417221876447,0.02784652766757911,-0.006112324728962923,-6.166351135109718e-10,1.103566195770098e-09,0.1576194850329924,0.7112062909616017,0.3564885236953401,-0.06373696826319786,4.802403266723765e-12,4.80437998412464e-12
13.8800,-0.1357038564869995,-0.014469010548336863,0.21626921593511017,0.10774354949916679,-0.08401209445860823,-0.006269287886176735,-0.011165971818344275,-0.0992744770650861,-0.32720048996648965,0.0052319042628481815,0.04310294932294258,0.035344200194182114,-0.007349277349296901,-6.165321883226343e-10,1.1036691676172932e-09,0.1562911618831479,0.48999859378402344,0.13969163305607735,-0.0448682811673365,5.0345960039832605e-12,5.037319519840544e-12
13.9000,-0.13515631354770957,-0.015586136700613137,0.21150637361722407,0.11844038783925946,-0.07597432283508987,-0.00662510098602193,0.015169076294160982,-0.07634503343073357,-0.19919075105594278,0.0083533700104761,0.04972844663806972,0.03773793734562978,-0.008026033165074812,-6.164318721176389e-10,1.1037695340373296e-09,0.14267245276317164,0.1977753534986838,0.030910214128238203,-0.022052008312557526,4.9853090405838074e-12,4.987715102044987e-12
13.9200,-0.1344038573441023,-0.01647947063747506,0.20959784046565696,0.1271463392341745,-0.06596332680496443,-0.006609630448626976,0.035323315961070564,-0.04886663882073132,-0.05445694905517989,0.010424506697974434,0.051178093948644636,0.0342856332744636,-0.008170277865969775,-6.163355237872832e-10,1.103865937573525e-09,0.06296868611149592,-0.03317050953170894,-0.4005494864974375,0.00770064620229075,4.688425862819923e-12,4.691457292094192e-12
13.9400,-0.1335873784187849,-0.017160883607653336,0.21069341928807694,0.13392510007744587,-0.05528429922434627,-0.006325731655962565,0.046891197030825595,-0.019311720125159734,0.09079096172490493,0.010061854361505803,0.04874099629273073,0.026988071306336854,-0.007967078419399833,-6.162398707271578e-10,1.1039616450553956e-09,-0.0893608301476203,-0.19928095337483445,-0.37975652736379684,0.015303052080861903,4.780947339411146e-12,4.783641364969338e-12
13.9600,-0.13279338997435128,-0.017636011658421984,0.2145085572913416,0.13878217555229483,-0.044752029874887043,-0.0058626347473318555,0.048899438652117704,0.009584384749165084,0.22193178932505897,0.00668811508868881,0.04293099345238487,0.016248448378314316,-0.007399549294099717,-6.161391478578766e-10,1.104062424682227e-09,-0.2234927130150716,-0.3393596769504691,-0.6161488086089079,0.036954059538661856,4.827058024126085e-12,4.829748580237325e-12
13.9800,-0.13218812849209519,-0.01791377322879699,0.2207099437817202,0.14170722012499432,-0.0359760816497633,-0.005377646168768484,0.03968279575743959,0.036042877055554715,0.33392716670482525,0.0010325768035476695,0.03513901648543387,0.002712105499625378,-0.006498435982836594,-6.160413120515801e-10,1.1041603133238638e-09,-0.33214516890900936,-0.4279749354453779,-0.7096195585166322,0.05131572793445305,4.964165363496864e-12,4.966744029943904e-12
14.0000,-0.13190141190240315,-0.017998400696267052,0.22875263931445342,0.14264917830682763,-0.030250530834470792,-0.005004674089428786,0.023068263402037978,0.05801944862606815,0.4165302624223238,-0.005794068564368365,0.02677312161993052,-0.009799353802192752,-0.005496037545311335,-6.159452440351911e-10,1.104256427940997e-09,-0.37349494996343874,-0.4405148557961941,-0.58046902156355,0.05203472100348632,5.1474553786068356e-12,5.1497764386176925e-12
14.0200,-0.13197807946381032,-0.017886390121399646,0.23793068826304378,0.14152784248690697,-0.028052513174174187,-0.0048008553988287735,0.004772966737733166,0.07422419810563317,0.46237403713851055,-0.01344520326359327,0.01812155073463801,-0.0194302043654698,-0.004482939051910707,-6.158397634031496e-10,1.1043619513443806e-09,-0.38808032629267203,-0.42297711199050786,-0.3957231380229273,0.04952569615715463,5.396032579096932e-12,5.397993683986524e-12
14.0400,-0.13241720487311126,-0.01756822676561256,0.24744092682342395,0.13824290150113733,-0.029393017249672197,-0.004763418557580387,-0.012846334592950029,0.08418305613815166,0.4680806156938503,-0.0211533026400494,0.010017528240810994,-0.02590207001346318,-0.0035004284316766214,-6.157287805890648e-10,1.104472969671724e-09,-0.38267956858340557,-0.38399625306125423,-0.27182463324135403,0.04850256618730654,5.711685464870886e-12,5.7132926861713784e-12
14.0600,-0.1331997507162405,-0.017029185329440855,0.2565146136509285,0.13267267618783987,-0.03407776977966036,-0.0048478699656005235,-0.028743974835136066,0.08886541901358624,0.43725502439179537,-0.028071457936603227,0.0031414565968769523,-0.02949083733325137,-0.002597705115261825,-6.156124967349911e-10,1.1045892827203262e-09,-0.29103176942718734,-0.3097207222272438,-0.2359190508395677,0.049265750120697394,5.706339914479663e-12,5.708150098426845e-12
14.0800,-0.1343548133430798,-0.016270564284638907,0.2647175462253477,0.12486140524095131,-0.042353732339210845,-0.005021973698723396,-0.04654211575770394,0.09034388759953467,0.3909675227235071,-0.031699508886865645,-0.00294498556773457,-0.03305404213291147,-0.0014999458656664195,-6.155082863143166e-10,1.1046935228273236e-09,0.06185225774664582,-0.2464394637017,-0.18499491986447242,0.06263538597635022,4.029407883743286e-12,4.031820884098369e-12
14.1000,-0.1358705650268418,-0.015334249206375189,0.27189110895211716,0.11528135687314951,-0.0540437917844401,-0.00522232850705276,-0.061868682926360385,0.08845093259011176,0.3358866876277812,-0.030284217617715794,-0.0087096582427821,-0.0317102431327225,-0.0003287825381294438,-6.154295334355324e-10,1.1047723004753567e-09,0.06428446160777726,-0.3330346583354616,0.17507491221796334,0.05856756303458961,3.65590847525854e-12,3.656569838583756e-12
14.1200,-0.13763567192917373,-0.014258234393019657,0.27734209283072164,0.10439828900469889,-0.0680119390755067,-0.00532821164517097,-0.07522413740159542,0.08152143193422491,0.2460480889927533,-0.02818890107038233,-0.015905943315895964,-0.028653973561660242,0.0009397949752116213,-6.153736220037979e-10,1.1048282335718355e-09,0.15704759503126722,-0.32550135077516407,0.09787247159003705,0.06084522075160883,2.2826545341414484e-12,2.2831892626529182e-12
14.1400,-0.13966471211790737,-0.013094539589541324,0.28092736858472145,0.09275101184124837,-0.0843310879153586,-0.005311673786492499,-0.09263940224979002,0.07393940798433436,0.16006649875187623,-0.023886307697785027,-0.021261443091464362,-0.027603283010283603,0.0020510789030601497,-6.153496742082286e-10,1.1048522038830315e-09,0.23048903261471268,-0.27007521636146925,0.06933858555721949,0.05466083192622434,1.0752551193177196e-12,1.0757117852727704e-12
14.1600,-0.14192606198928132,-0.011890584498599773,0.28245087777801375,0.0808307152221922,-0.10263683277757603,-0.005133342550469145,-0.11020779114158841,0.06455272740887716,0.05314856677433742,-0.019707808188382827,-0.026383520104256895,-0.024043584861211394,0.0029411494048434727,-6.153459784119927e-10,1.1048559185949041e-09,0.2791515756577583,-0.17976898674807534,0.24190836172618582,0.034269592650850625,-6.511095915900933e-13,-6.495318605886924e-13
14.1800,-0.144316821577519,-0.010684987119047577,0.28193031511233324,0.06903311224389776,-0.12192241980629322,-0.00474958110113117,-0.12522577812593874,0.05675847260974816,-0.04307315265422731,-0.01328279779639115,-0.02752685556051984,-0.016079791184539654,0.0032790914544089207,-6.153573358470858e-10,1.1048445798899724e-09,0.2465698145056027,0.012786592373276872,0.6640972335188435,-0.0035966077509902755,-3.435978172990073e-13,-3.4331120845471075e-13
14.2000,-0.14656056233517886,-0.009478944348773218,0.27925937699826503,0.057394918827853046,-0.1396522315667555,-0.004075074352534974,-0.12965062731392307,0.051290103690428725,-0.14432167452775937,-0.00701241005585226,-0.02423080383280793,-0.0010024327192973232,0.00290317544713493,-6.153681239309994e-10,1.104833807946143e-09,0.44529532061090094,0.3351996103101368,0.719790978666373,-0.027646496301117422,-7.395207493252065e-13,-7.380541490464854e-13
14.2200,-0.14847390791003487,-0.008275723492621475,0.2750830615314404,0.04592787909589082,-0.1542257054422361,-0.0031093980310572364,-0.12303095557555163,0.04956614313670602,-0.2135140253308609,0.0016865849766270389,-0.016465703730469402,0.015880264010084834,0.002209058659053637,-6.153796645785059e-10,1.1048222870926444e-09,0.4472891749775619,0.434222187888685,0.7797543203411313,-0.03518904425740702,-6.451551532588029e-13,-6.43672506787929e-13
14.2400,-0.14982256379216824,-0.007075694176477064,0.26980203921066664,0.03460976272368565,-0.16362166548488094,-0.0018796073389489051,-0.10265243006901326,0.04997495879206075,-0.26748009142227647,0.008721474691672879,-0.00894332422290355,0.03160589786814045,0.0015411269871577224,-6.153879027461952e-10,1.1048140631396045e-09,0.25087700524743467,0.3137855600352197,0.9150745474287899,-0.035322312434615144,-3.165475151965802e-13,-3.16196504743238e-13
14.2600,-0.1503790664282475,-0.005878940091703004,0.26365460864804663,0.023408913688963123,-0.16588408793918893,-0.00045999603565762513,-0.06917938519422998,0.05184842637035621,-0.30499700623639836,0.015881392367871637,-0.000683126492869377,0.04552923046517611,0.0008845344011378651,-6.153957683566746e-10,1.1048062208908627e-09,0.32470121574640287,0.3821869602331332,0.530093996731188,-0.026969783074963987,-2.36573429032369e-13,-2.3604357943067533e-13
14.2800,-0.15009100000482536,-0.004689835959057561,0.2573219142697556,0.012323280175968853,-0.16057023829577047,0.0010176633493330584,-0.02621143145074991,0.05464283358882471,-0.3165935795334681,0.021234392092894773,0.005873438182680834,0.05311677878034149,0.0004531668509134998,-6.154004170549847e-10,1.1048015968025867e-09,0.22022993792289872,0.28919851780507955,0.2966374562480318,-0.018819497723746983,-1.3807287561548587e-13,-1.3732233666158278e-13
14.3000,-0.1489467769622809,-0.003510433364534359,0.2511718648690681,0.0013285700269900782,-0.14751386891071047,0.0024163634627047707,0.021323939719105185,0.057517705394825334,-0.3103807237488105,0.02461379849674533,0.010689233226958738,0.055660786747350116,0.00015684608888571238,-6.154023491558228e-10,1.1047996943779698e-09,0.0339128634846765,0.10990687582707537,0.07920883411103072,-0.011708787392340936,-9.28417566892388e-15,-8.252884256521563e-15
14.3200,-0.14690973915123665,-0.002343384077113308,0.24486753358715443,-0.009602935078206995,-0.12621197075430335,0.003596419284562592,0.0700305075090649,0.0601419192232425,-0.3305200916238904,0.023539492013457185,0.010934746941268558,0.054617731031807754,-4.3184117296119796e-05,-6.154021731545864e-10,1.1047998945757693e-09,-0.08906660618025725,-0.031022685253465805,-0.2346014657268331,-0.008865297917852965,5.6127737006750333e-14,5.750520231436601e-14
14.3400,-0.14412863047913052,-0.0011939788031146254,0.23836142989557063,-0.02049649438125906,-0.09772867998366155,0.0044257398369865015,0.11199634326758204,0.06273390439191028,-0.339026973640658,0.02107687439342429,0.009714215279253756,0.04561231452465586,-0.00022174421384193232,-6.153993134079807e-10,1.1048027869731505e-09,-0.15552059831672566,-0.08639312259995338,-0.7501223561745907,-0.010094757088678814,2.6217607728903913e-13,2.6479442553559163e-13
14.3600,-0.1410446903643309,-6.16454018481821e-05,0.23218330006146917,-0.03143585118378079,-0.06585015256440492,0.004845729355156434,0.13261131698896939,0.06467503403120453,-0.3094541370525186,0.017084955820541103,0.007442337184671872,0.022596067105781888,-0.0004419901631626775,-6.153918843771201e-10,1.1048102713461897e-09,-0.221398177444104,-0.13140217297566434,-1.1856721153470011,-0.00894278722841111,4.285989423612191e-13,4.312390288613299e-13
14.3800,-0.13804121164046207,0.0010581703815800087,0.22667917377840632,-0.04251189850856803,-0.03404464812177224,0.004874736222946924,0.13653068263660617,0.06593187234282231,-0.2692847974153545,0.012499948122466971,0.004354034241650108,0.0019160910240943727,-0.0005525197455375535,-6.153842115474363e-10,1.1048180016567351e-09,-0.225780104770739,-0.19763752075157995,-1.1201844703599013,-0.001288831383166287,8.790231455051145e-14,9.131341787305819e-14
14.4000,-0.1354525269898852,0.002149705337176168,0.2222314135803326,-0.05356360696088415,-0.005596002517190934,0.0045948437259548105,0.1199601325951338,0.06390464536796835,-0.20367362668538483,0.009724446944507949,-0.00011994566312899783,-0.02014412170987173,-0.00031518008544978475,-6.153938686050367e-10,1.1048084214455383e-09,-0.06859023917040433,-0.2365622812790156,-1.0544611027045119,0.02366954266666659,-9.822771936118802e-13,-9.780704891826364e-13
14.4200,-0.13352110920441218,0.0031816386740674374,0.2194763240280924,-0.06420175806848163,0.016859679759222885,0.004151888266396369,0.08951876325935229,0.057081502006412,-0.10811882342644592,0.010771309264006197,-0.0032700160229521703,-0.03485655681967611,0.00047865743030901065,-6.154229985018823e-10,1.1047793811142008e-09,0.06924213196114083,-0.16562797759452474,-0.6561173302794782,0.045944374735733096,-1.922877872553852e-12,-1.9180709538019203e-12
14.4400,-0.13243741870715098,0.004132478578148419,0.21884613133029449,-0.07405934924002547,0.031073946576506417,0.0037543036188648366,0.04233639949348465,0.04631421228393844,0.0008224905930714659,0.010969072569356572,-0.00785178235702478,-0.049745627351732866,0.0013746607312057478,-6.154696456003927e-10,1.1047328336443288e-09,0.0022183110107900405,-0.2293446918294887,-0.6562045030683171,0.047459818282744835,-2.6817519559185765e-12,-2.676643628962694e-12
14.4600,-0.13233560596789815,0.004989452783890775,0.22049968909816875,-0.08282053306755008,0.035389380292994294,0.0036301878517277643,-0.011038667088328034,0.03249397810285247,0.11418131657303036,0.011297329375022425,-0.011681329268124095,-0.05825488424098045,0.0023868363842738877,-6.155294378041329e-10,1.104673144302752e-09,0.01828096556514223,-0.161195068410719,-0.22994353427738873,0.05095992727553227,-3.222041123490671e-12,-3.2169106788104695e-12
14.4800,-0.1332083559469499,0.005743645996337003,0.22436818533972538,-0.0902634319181691,0.029768724311934752,0.003935155654150773,-0.062349070063514325,0.017144657423786742,0.2200139562334141,0.011383774267363424,-0.014580355097958419,-0.05938725292133412,0.0033282695702548967,-6.155983970556366e-10,1.1046042854631145e-09,-0.013129866916276269,-0.13608070717567214,0.08389286393630646,0.042033530781497665,-3.6247762603969225e-12,-3.6198969169398687e-12
14.5000,-0.13499337325102118,0.006385004845918888,0.23008607902318048,-0.09624249105008195,0.014964992275766354,0.0047404666895345315,-0.10565451292075308,0.0020756077497100915,0.30529452958884196,0.010610740286907686,-0.017233819554627713,-0.0551374464318066,0.004006253162302536,-6.156736779890333e-10,1.1045290972329068e-09,-0.06254319027514835,-0.13078569100709667,0.31945952396107274,0.02582524627988199,-3.867009143454503e-12,-3.862631135082006e-12
14.5200,-0.13757136777523235,0.006901014338689216,0.23703196661719647,-0.10068666154699146,-0.007538295511472048,0.006018918659727622,-0.13697415956099396,-0.010889638440864558,0.3589304314095937,0.00887184906533744,-0.019807951859923314,-0.046737279342257604,0.00433322701066583,-6.157524034401047e-10,1.1044504522738725e-09,-0.10680088440668493,-0.1258915040182069,0.5036860912873321,0.007926578017906137,-3.9816925798130676e-12,-3.978014966043997e-12
14.5400,-0.1407603173819114,0.007276828963039968,0.24440835077991943,-0.1035805689008419,-0.035612436256511,0.007648963256825203,-0.15473647803138818,-0.0203827513425369,0.3734709288975668,0.006473312436112996,-0.02210363532981079,-0.034073856573599355,0.004340580601510351,-6.158361843988379e-10,1.1043667393162994e-09,-0.10417956414909005,-0.07604627948703972,0.7051026602341434,-0.004508046478859166,-3.965057449040188e-12,-3.962196022666564e-12
14.5600,-0.14432794099881371,0.007499110152500365,0.25149803520770436,-0.10495579263520778,-0.06675375106661727,0.009443037248125803,-0.1609617735864068,-0.026764580715460513,0.357890517933919,0.004783562665208349,-0.022574916930058433,-0.02013917515112525,0.004117184305041095,-6.159131956360688e-10,1.1042897818862873e-09,-0.07049008728445545,0.03096107029876776,0.5567388449564186,-0.021300251255606115,-3.6211936227381614e-12,-3.618232883445538e-12
14.5800,-0.14801990828952674,0.007559775656033556,0.25779652834271727,-0.10487630746729894,-0.0984428798094182,0.011189580934117949,-0.1551857970202473,-0.030234074510197266,0.3146822621390549,0.004309070450127452,-0.02120054403586067,-0.0034629972345261795,0.003928335556419087,-6.159835716266944e-10,1.1042194412328465e-09,0.018319172561315364,0.13299352224284988,0.9913657925962026,-0.005400514685650956,-3.562425528180757e-12,-3.5607666988568543e-12
14.6000,-0.15155032952555791,0.007462691546747319,0.26331036685770237,-0.10347674295894542,-0.12806893810101788,0.012678627633223088,-0.13968592982948622,-0.034513141814031575,0.28718985384420204,0.006733246636487322,-0.01491738920283499,0.013689565354574882,0.0038020498093077272,-6.160452048330454e-10,1.104157850148617e-09,0.1376882670574103,0.3486014475530044,0.8218783663040947,-0.005476632578955728,-3.190251882112527e-12,-3.188986401336802e-12
14.6200,-0.15469779962794672,0.007221942223710233,0.2682529009928964,-0.10092135397426097,-0.15377071389113353,0.01376714287964609,-0.11399787890247297,-0.037868381577385604,0.25583029979998445,0.00905092547563134,-0.008356137549906866,0.029636846924941878,0.0037159210511340133,-6.160991954449397e-10,1.104103892536801e-09,0.07183736583087053,0.2692731910155569,0.7983439428402672,-0.00284648386164093,-2.7350144718440994e-12,-2.7341093798705085e-12
14.6400,-0.15723205673024973,0.006854752999793984,0.27263369371292356,-0.0973663576688762,-0.1736779414115404,0.014345824834318066,-0.08060627230079674,-0.040554721605345734,0.22688146080501675,0.010865101076688408,-0.001492664112101478,0.04270893060843956,0.0036211812979123252,-6.161430380819257e-10,1.1040600828994593e-09,0.0321400710376604,0.2598823207971545,0.5720976012714972,-0.004382080521785127,-2.191130957229781e-12,-2.1905593658444467e-12
14.6600,-0.15892704395768578,0.006380364889100353,0.2762069259539978,-0.09296466746607733,-0.18597572264324855,0.014348829812967003,-0.04157754096091687,-0.04008490232840068,0.16971991385468893,0.01024513840600584,0.0019207471568044622,0.0525242816696126,0.0035329212968676724,-6.161755587312938e-10,1.1040275791289508e-09,-0.06237366099311615,0.15975470889776783,0.39874604208341846,-0.005937027186851215,-1.0341788189704992e-12,-1.032394222194588e-12
14.6800,-0.15964378639909588,0.005824260822080408,0.27872480642951647,-0.08791898493547066,-0.18957782648568847,0.013794722753521924,-0.002177666145365533,-0.03835738690075188,0.1110984153213405,0.008601943302497769,0.005171179341249988,0.05654246855198971,0.0033446721078742164,-6.161971166690204e-10,1.1040060375014196e-09,-0.14591278850781322,0.07964351586660892,0.11936618452735553,-0.011168641861088997,-1.0339652311425196e-12,-1.0338143102001096e-12
14.7000,-0.15936073569994694,0.005216674026483319,0.28001340115199375,-0.0824824840411186,-0.18433673583177565,0.012783637170161927,0.034341770399776025,-0.034734386897076544,0.04155131790090193,0.005324929268389738,0.006675499203291457,0.05503658057148558,0.0030413563605086132,-6.162075029258503e-10,1.1039956636544019e-09,-0.2278299117206393,-0.012936897429536649,-0.15275137362538804,-0.017834113785844943,-4.3874176210503824e-13,-4.3867318631762853e-13
14.7200,-0.15819495500258549,0.004591179321907081,0.2800592711371679,-0.07694823840977642,-0.171221122890605,0.01147851662098696,0.06460422164277939,-0.029964071644841855,-0.028961932151096447,0.0010031070608930374,0.007108647254337046,0.0473908130804107,0.002571075758836232,-6.162048965375041e-10,1.103998286165842e-09,-0.2432569303867369,-0.014910017315446932,-0.5023207357540499,-0.027557276513267177,1.214593340183659e-13,1.2154237035225113e-13
14.7400,-0.15630749948602607,0.003975869792136558,0.27866997871566956,-0.07156816356269209,-0.15151517391546637,0.010033083757574375,0.08668335011252826,-0.024063277624050673,-0.10332726883726417,-0.0043556093473193095,0.005924267448031402,0.03525840668070687,0.001939785587608666,-6.161931680421049e-10,1.1040100303537125e-09,-0.2821504113281414,-0.10687652617964567,-0.6886699627983611,-0.03444630106300974,4.707251840922744e-13,4.709357903642797e-13
14.7600,-0.15394066053543548,0.0033880569401302046,0.27578908815473785,-0.0664898226923636,-0.12721186484633257,0.008585236189311778,0.1000889121016526,-0.01784974451593659,-0.18313253919658778,-0.009831976922733084,0.002645988443283032,0.02037651932269975,0.0012397194497009445,-6.161803313943987e-10,1.1040228846946225e-09,-0.2895272445723211,-0.2429890476916057,-0.7433029522638661,-0.034417006792510724,4.600418353553626e-13,4.604928634591166e-13
14.7800,-0.15130889212608398,0.0028281116857817637,0.27115692530810853,-0.06169998135846702,-0.10009507416091648,0.007215907599294088,0.10512133817236977,-0.01205355344523856,-0.26401257300839087,-0.014537394434039385,-0.0014719918824194491,0.003781653515342889,0.0005438392999631314,-6.161677420934318e-10,1.1040354978766597e-09,-0.20666095024740505,-0.19658526705760818,-0.8614913201847375,-0.034711476995793585,4.548618426358786e-13,4.556303793458449e-13
14.8000,-0.1487336319674805,0.0023031554839678405,0.2651632489182115,-0.05722660902790312,-0.07304018694137396,0.006020474395979603,0.10132689237626462,-0.007588763893344981,-0.3272739808405654,-0.017743500596604393,-0.0046588043345377195,-0.013190088749442134,-0.00012952372118802937,-6.161546490355439e-10,1.104048624359633e-09,-0.13926451411427324,-0.15642533736295267,-0.7408049117213091,-0.030597647030482046,4.612432939928024e-13,4.623419702642906e-13
14.8200,-0.1463929080880833,0.0018143800545628564,0.2579474547896739,-0.05305103061339849,-0.0477391475040082,0.0050285192632784645,0.09335481240052411,-0.0038997769754415836,-0.3841713951269183,-0.019690571982068777,-0.007138029556778787,-0.02545483320876272,-0.0006596160229408977,-6.161426523117798e-10,1.1040606572348174e-09,-0.13333337979005194,-0.18762370536052422,-0.451387729935399,-0.02259612117970125,4.980823696196235e-13,4.995961326928477e-13
14.8400,-0.14438875034896997,0.0013592995065994599,0.24944073761553118,-0.04912846723325804,-0.02526149598399944,0.004239791112727417,0.08199335197227284,-0.0006536310426449816,-0.44213342469595257,-0.02091256341684555,-0.009242461033903542,-0.03417797328548397,-0.001070829863760236,-6.161314693524904e-10,1.1040718808461592e-09,0.020606169124400258,-0.019582032614599953,-0.2573464824128645,-0.014988641228622777,5.673666831490509e-13,5.695171981581759e-13
14.8600,-0.14280669179494287,0.0009393245792047809,0.2401356708543034,-0.04545671710930077,-0.006577504922592034,0.0036485582372238847,0.06805123962254596,0.0009986194393336058,-0.47172041204184,-0.01903025009593107,-0.007995581299466505,-0.03811958144638866,-0.0013128762134710008,-6.161194940102231e-10,1.1040839063377644e-09,0.14879311224763664,0.12437990390796876,-0.1995427414044436,-0.0110127230446262,6.262856986488652e-13,6.291524376131341e-13
14.8800,-0.1418029658189689,0.0005574468339783098,0.2308809527680551,-0.04204633986539616,0.006598654088085281,0.003261345374843305,0.04366229347307704,0.0007891371624446627,-0.4564661063113734,-0.015261826954618859,-0.004634262301267672,-0.04258149577336043,-0.0015290397191730903,-6.161065611831049e-10,1.1040969043927623e-09,0.21698111657106148,0.1979725477587069,-0.2268179997993221,-0.010403078260657235,6.594892817610165e-13,6.630901340162754e-13
14.9000,-0.14153875967276466,0.00021421205034577069,0.22257643498319676,-0.03889370227252707,0.012480648171300946,0.0030771502033528062,0.007775725393811236,-0.0009469303415331001,-0.39846627335229856,-0.010477384033681755,-0.00045221884355425195,-0.04642873075707059,-0.0016992236464361172,-6.160946865322655e-10,1.1041088576294483e-09,0.2621809903434472,0.20530865530697864,-0.14672582752185864,-0.005103256019073,4.4854934653712486e-13,4.527533404609374e-13
14.9200,-0.1420570044813513,-0.00010193738216026879,0.21603767819741207,-0.035904191048793166,0.010532839589752525,0.0030631601233698687,-0.031358712833068035,-0.004482900357978115,-0.30046118697006446,-0.00299759671185345,0.0051986633473401055,-0.04238592315738985,-0.0015967275044769327,-6.160892446382868e-10,1.1041143865549916e-09,0.45700202133720813,0.3479474361151188,0.5075947581199165,0.012785919053270037,1.6516174821019913e-13,1.6959139171116022e-13
14.9400,-0.14330673301716265,-0.00040635171974223467,0.21189586654183182,-0.0329637634540261,0.0012931557113010188,0.003168476279487555,-0.07069156449602132,-0.009037365304647741,-0.17511105647214892,0.004397268006544213,0.010315892391157296,-0.03483228594987748,-0.0013966797531484887,-6.160887035691435e-10,1.1041150199268603e-09,0.38694089556179734,0.2776272961931104,0.5577998544708894,0.012093672132232452,-6.365472927406801e-14,-5.893963566988222e-14
14.9600,-0.14522655345109395,-0.0007094101982009571,0.21046858490164574,-0.030009054012737228,-0.014487331763826881,0.0033437589293104533,-0.10517431647823199,-0.013697211800830797,-0.036826693300698835,0.00991315679218946,0.013939764526195901,-0.02638167064864516,-0.0012464798519618468,-6.160902717755881e-10,1.1041135444922923e-09,0.17903408185591788,0.10193618164577115,0.30997555839955093,0.0029134286476644638,-7.919714688740809e-14,-7.461736849061207e-14
14.9800,-0.14776856572004574,-0.001015041580410863,0.21171079339639626,-0.027036617901639828,-0.03612673267971564,0.0035461269977883204,-0.13060958612275994,-0.017565470039464064,0.09827591555481355,0.013081409817791248,0.016118368383755056,-0.0170129100417673,-0.0012027503360296625,-6.160904713040518e-10,1.104113432748837e-09,0.1504791912258202,0.12816458048005885,0.653723506204976,0.0022708546370074777,8.226013999742404e-14,8.642082004444579e-14
15.0000,-0.1506645053731,-0.0013198746774627553,0.2154051966255269,-0.024117227751938725,-0.06081868954480994,0.0037148919493126746,-0.13502162272058227,-0.02009466211806614,0.22052084888400234,0.015918582776041003,0.019171066717012877,7.920693062074828e-05,-0.0011454928303831252,-6.160855297934044e-10,1.1041184507626333e-09,0.12473233688396448,0.16616565645767192,0.9951584947690872,0.0031610915967606886,4.2367227347933634e-13,4.271679581238641e-13
15.0200,-0.1535727142389342,-0.001614881323815027,0.22119800061683284,-0.021354424263835513,-0.0852277892501862,0.0038090282689569417,-0.11835742202780357,-0.021181818645275574,0.32441709421097525,0.018035784893539724,0.022145336711169267,0.01944948154859982,-0.001056524330692768,-6.160765974735141e-10,1.1041274491835647e-09,0.09145703488878348,0.11824346230954039,0.8164217363191495,0.005597145694307357,4.3474842866333963e-13,4.381827474649047e-13
15.0400,-0.15626135220559528,-0.0018991278735904973,0.2288500465357118,-0.018750786569155894,-0.1072390535757771,0.0038167011858309245,-0.08831907537098316,-0.021603226556714476,0.41453494864903506,0.019223454409924977,0.0234503673794841,0.0338982141939878,-0.0009193416889673205,-6.160689540492094e-10,1.1041351504263655e-09,0.02340842461029901,0.013332043445205718,0.6709942978748488,0.007728819230482338,3.2499003488339895e-13,3.2718147852453527e-13
15.0600,-0.15853036272721294,-0.002174479173551702,0.23796526523560457,-0.0162747165524874,-0.12512877324428165,0.003736889123184386,-0.04885704800681849,-0.021326594684801935,0.47885037405011877,0.018707555971896325,0.022563860528373086,0.04392755633829282,-0.0007818379525954271,-6.160627805467992e-10,1.104141371284775e-09,-0.07550808999666334,-0.10495997799479857,0.6362615725540299,0.00809773220356438,2.488853849576256e-13,2.5045498444273284e-13
15.0800,-0.1600316555645414,-0.0024432841072920836,0.2475646967470668,-0.013889358990790298,-0.13586714204783856,0.0035648073138240593,0.0006608423993643408,-0.020114739058545154,0.4845882423502137,0.015995205768162126,0.01926731359671322,0.054931074697963926,-0.0006301151362957365,-6.160579275389107e-10,1.1041462521056745e-09,-0.19156619050178,-0.21136292662572323,0.3044913330509804,0.005418752345258592,2.526676784464499e-13,2.538999826356969e-13
15.1000,-0.1606659195499691,-0.002705285114390026,0.25692648595471784,-0.011580894211296502,-0.13869159431284195,0.0033245158092986096,0.04276706495884178,-0.018513327258438645,0.4598497730943135,0.011153997785881605,0.013933170458617989,0.055072451148078023,-0.0005486221587225463,-6.160541970583055e-10,1.1041500041827465e-09,-0.28740823656928416,-0.31273060311204404,-0.23465158039520048,0.002688012228315435,1.604211555261692e-13,1.613726784577968e-13
15.1200,-0.1606057604169559,-0.00296032152313617,0.2659011427559485,-0.009338392005873206,-0.13520781525302453,0.0030541670452874283,0.07028387273952594,-0.017007163830115104,0.4382326861293813,0.006298262767304479,0.00870184931828989,0.04391299000323479,-0.000532091059274187,-6.160508997331919e-10,1.1041533303871841e-09,-0.29343907375074374,-0.3123852276271652,-0.7006345223848971,-0.0004130381150318389,1.1244293256912341e-13,1.131648756907272e-13
15.1400,-0.16003485184381816,-0.0032089597806407065,0.2740004449630396,-0.007149501488776843,-0.1270523504919286,0.002781904586180375,0.08364332438661833,-0.015379540765157133,0.38283546976737803,-0.0006079587006644147,0.0014077491953913377,0.029419925434341583,-0.00055131300156359,-6.160487765645669e-10,1.1041554752576066e-09,-0.32453922911363514,-0.3415485827648474,-0.9268543670531201,-0.0016407560394186363,1.186886553665792e-13,1.2048097708296929e-13
15.1600,-0.15921235940439452,-0.003451926540083087,0.28090849209675733,-0.0050039133254345105,-0.11654028707624975,0.002529026662197106,0.08165648727503454,-0.013943198961207126,0.317069013978403,-0.008504854550765896,-0.006862741403625193,0.009709450611778223,-0.0005929702265355892,-6.160471383380454e-10,1.104157137607389e-09,-0.45945947253719177,-0.47930713294434496,-0.8665299414821005,-0.001881709392857822,4.286570827027186e-14,4.3302492667984804e-14
15.1800,-0.15830086986183955,-0.003690696222566249,0.28585200693899954,-0.0028862472145045697,-0.1051323917495089,0.0023038801038609553,0.06874645852380415,-0.0127235557148516,0.2135919686134903,-0.016833949444390102,-0.015549141565397679,-0.008165361313984435,-0.0006263879959406904,-6.160462831704377e-10,1.1041580126343075e-09,-0.41980694593574136,-0.4369934087543179,-0.841663230334797,-0.0013633784210489073,2.1050855828451398e-14,2.14344058994953e-14
15.2000,-0.1574901620627602,-0.0039265604353280045,0.2884775282853727,-0.0007855120839246906,-0.09457894752010687,0.0021086666578696562,0.04776204537831036,-0.01197641039753031,0.09923631506184798,-0.023321917647171706,-0.022343864275340096,-0.023644384199993446,-0.0006451422762347155,-6.160458922518679e-10,1.1041584240026534e-09,-0.2947884487513962,-0.30913911729811894,-0.599463169797543,-0.000551904847547226,6.913459198567076e-15,7.248196454926609e-15
15.2200,-0.15690036061407028,-0.004160819899430079,0.2887711363190458,0.001307272696456128,-0.08602281419179061,0.0019383494648331008,0.025211545094973885,-0.011773339663424991,-0.0177233726273323,-0.026323205413090627,-0.025582398770207956,-0.032137824771081916,-0.0006494072053090618,-6.160458568847535e-10,1.1041584812289289e-09,-0.057192777788592865,-0.06971718957299325,-0.3679575150474116,-4.857171275663134e-06,-7.145461522820029e-15,-5.48979332587636e-15
15.2400,-0.15651524997771515,-0.004394475251966163,0.28652327212148176,0.00339896781579407,-0.07934471522740415,0.0017852549614385403,0.0050612439677204715,-0.012141608375037322,-0.14555075313338212,-0.02793311392053952,-0.02741677724056197,-0.034911398796878906,-0.0006441585250879783,-6.16046032227449e-10,1.1041583256428981e-09,0.0041132520349028015,-0.005544003412130326,-0.04312978457702858,0.0004862081985747799,-8.725516782628201e-15,-8.316821691512107e-15
15.2600,-0.1564014152191504,-0.004628986777829194,0.2821339313456335,0.005498140359199436,-0.0751968450246668,0.001640236434925746,-0.016363056785268296,-0.012981015651264036,-0.24444426423129836,-0.025830963089553013,-0.025523980277407834,-0.0355979076349322,-0.0006363786054995366,-6.160466852150706e-10,1.1041577013656654e-09,0.1446043302674033,0.13415239634094833,0.022237796547959585,0.00024671348215973696,-4.9815925310617987e-14,-4.801269380986725e-14
15.2800,-0.15651387896177998,-0.004865263577432914,0.27554928984335997,0.007610573871422175,-0.0731756371029033,0.00149564857194316,-0.034513092655564,-0.014356224946464699,-0.35327446707669613,-0.0238449419375467,-0.023701103271887014,-0.032459019665616304,-0.0006339017321067106,-6.160474889189045e-10,1.1041569206600297e-09,0.1437957487311785,0.1351656615662783,0.1769747097294628,4.6732061712675876e-05,-3.250801320839325e-14,-3.173102649774509e-14
15.3000,-0.15681384737962728,-0.005104341200532751,0.2669119404406298,0.009743847998652577,-0.07292289196259906,0.001345300878480539,-0.050085798535281445,-0.016177116280946594,-0.45362883604082727,-0.02065285914223587,-0.020671671180703694,-0.027201767779315565,-0.0006383982037400094,-6.160487577110097e-10,1.1041556779812118e-09,0.28658648567126954,0.27412013001807606,0.26747702096738557,-0.0004746771500779837,-1.1220270047275493e-13,-1.1007624119933196e-13
15.3200,-0.1572758976875106,-0.005348103709472575,0.25687561819981086,0.011913758309805412,-0.07419912724070866,0.0011832288557687284,-0.06250095562745116,-0.018089130344453842,-0.5130555197743364,-0.014271855362353408,-0.014540308864404203,-0.01945484023348889,-0.0006643111846038381,-6.160508178519404e-10,1.1041536499060348e-09,0.28394490788122984,0.27460851429303146,0.5494553499677508,-0.0020943835921014052,-1.0286401992774113e-13,-1.0154351589176241e-13
15.3400,-0.15774353638189492,-0.005597116582060563,0.24567503233568833,0.01413137049276723,-0.07552617528994326,0.0010140636934667883,-0.06575633938720642,-0.020231120261799324,-0.5669420917908867,-0.007828685074244014,-0.008312205254891106,-0.0076136127745627495,-0.0007137095922267578,-6.160535596223742e-10,1.104150940575187e-09,0.3877872073119222,0.37341249687684225,0.563526561818668,-0.002659358770871219,-1.9138266275572913e-13,-1.889457828477964e-13
15.3600,-0.15823594649090078,-0.005854399326703875,0.23435677854320336,0.016424044196142053,-0.07708465343165054,0.0008338820444146489,-0.06804876107770393,-0.021804858754597055,-0.5555463210638564,0.0011884370664027942,0.00030105288680241357,0.00029109350657210325,-0.0007662427369954578,-6.16058002642165e-10,1.1041465469076013e-09,0.4872816975888409,0.4653537783556118,0.4668349328791195,-0.0038543174186485875,-2.653854241398135e-13,-2.6256758269352365e-13
15.3800,-0.15865260775666082,-0.006122365456289506,0.22383223592249488,0.018820578409678396,-0.07792729315549457,0.0006488612340335825,-0.058280314494652,-0.022834120769593784,-0.5094867129920904,0.011028837252170413,0.009731448758180859,0.01360214881016079,-0.000879482433279339,-6.160637595184774e-10,1.1041408415397286e-09,0.4884023303889536,0.46701326959030437,0.6745468508640516,-0.006061880165112288,-3.1818720835213865e-13,-3.1560122354043485e-13
15.4000,-0.158870029957144,-0.006403017885898885,0.21485299230608515,0.021350286002483097,-0.0768936872411636,0.0004726654314577242,-0.04089380776580374,-0.022970411319160076,-0.4221336809780835,0.020293932836550486,0.018550756081359594,0.0253961284437668,-0.0009968870525309387,-6.160712102627632e-10,1.1041334505138403e-09,0.43209918970297767,0.40853892054650665,0.47069811727513405,-0.005318908769146028,-4.314857932757876e-13,-4.279839828889853e-13
15.4200,-0.15889575788905372,-0.006695176735455023,0.20826904009660302,0.02400584881809902,-0.07405235694400199,0.0003130382332071237,-0.02090851775373831,-0.021521745580711953,-0.2940393275936797,0.02751333846158266,0.026113522477662438,0.03198474712698416,-0.0011468732714168214,-6.160745819466327e-10,1.1041301468105754e-09,0.2710673739386002,0.35678232247809105,0.3401865727105644,-0.01256736401454797,1.7846596596371445e-13,1.8176093768106083e-13
15.4400,-0.15872679599836215,-0.006975844017294295,0.20462552806664133,0.026574504868744048,-0.0693653367187527,0.00019403402872450858,0.0001352053166964997,-0.01742357547960891,-0.14157154056322768,0.031093850627932258,0.03227993274192395,0.03508034869620625,-0.001428653222929218,-6.160655142421463e-10,1.1041392873714421e-09,0.10080505419113936,0.2498332871737898,0.008781681252735636,-0.014148912179203728,6.815326298106883e-13,6.85067996254729e-13
15.4600,-0.15841755881062125,-0.007225098247416759,0.20425130828686858,0.02886661219869906,-0.06333272202444601,0.0001280882474107871,0.01870511812032937,-0.01139798628606081,0.020759025840871175,0.03147871196004734,0.03544661773270235,0.034421534993585745,-0.0016784856413791561,-6.160493542020433e-10,1.1041555209116706e-09,-0.050765136836965825,0.06780248929296533,-0.08240185853211537,-0.009825006568650069,8.820935518474848e-13,8.857465542272402e-13
15.4800,-0.15799980121995727,-0.007435430094776385,0.20704646868700965,0.03081003535070546,-0.05624011028081431,0.00011748285850384573,0.03184063005485083,-0.004657023200223247,0.1770917830358343,0.029137995234716094,0.0346654493231003,0.02987405329617677,-0.0017686931806145324,-6.160322193920878e-10,1.1041727289181746e-09,-0.17347856313970816,-0.1365567034881869,-0.3556882168814468,0.0006800675956377957,7.87688165561351e-13,7.913341206269853e-13
15.5000,-0.15758741256391598,-0.007613260080132505,0.2127548785717901,0.03245483112693681,-0.049162247047689976,0.0001400411815276945,0.03591845188230512,0.0016319801194929688,0.3178560908258786,0.024571555501963042,0.02984489540652945,0.020529144495268,-0.0016351596066663551,-6.160198650409844e-10,1.1041851549659958e-09,-0.27424782338938314,-0.3318324457660217,-0.5520242933901826,0.01204575881979081,4.262590714426695e-13,4.297682544042447e-13
15.5200,-0.15730011118104806,-0.007776192962433377,0.22085135893705574,0.03395444539205033,-0.0432504236048327,0.00016306915871684602,0.031194119706476165,0.0063355620379803215,0.42949430589561055,0.018255506403504405,0.021457854363881437,0.00832471155777068,-0.001285219734452544,-6.160169543495992e-10,1.104188133272491e-09,-0.3487876302104807,-0.4909532481974127,-0.6470539029998409,0.02205399018920201,-1.3284832218671272e-13,-1.2960314245413773e-13
15.5400,-0.15724100334951005,-0.007949034011735143,0.23058309721976886,0.035531507133933896,-0.03951526895119307,0.0001516957169984635,0.019725125487620426,0.008705304867312047,0.5012474190490277,0.010740416418529162,0.010550606589942772,-0.004661274337104132,-0.0007782334350063248,-6.160253121718731e-10,1.1041798364633146e-09,-0.39996081697138497,-0.5655605977575908,-0.6168786077346673,0.025460202145025958,-5.171795066857832e-13,-5.143371622703952e-13
15.5600,-0.15745686417233487,-0.008145405275017904,0.2410641338440216,0.0373070042374331,-0.03842888896277126,8.495919063882903e-05,0.006057285417288248,0.009373233560401057,0.5279131995393679,0.0023204346331752446,-0.00010328782881410521,-0.015032485022070425,-0.0003733368511515178,-6.160348954460969e-10,1.104170304830941e-09,-0.4339006875762306,-0.5013221765452609,-0.4434702814511371,0.01595123238104415,-4.4467240219864257e-13,-4.4231485878468146e-13
15.5800,-0.1579509418264445,-0.00836336032618248,0.25140487435645187,0.039255694167348094,-0.04003094962490571,-4.43315748421952e-05,-0.00803396678918272,0.008653138070477746,0.5106566488940908,-0.006316555113625123,-0.009411905245879672,-0.022592698058058185,-0.00012105205230671014,-6.160429424708946e-10,1.10416230003945e-09,-0.41981286832503156,-0.43738958905898023,-0.3210496337664728,0.01084245190258342,-3.9598955624969845e-13,-3.9410049659446833e-13
15.6000,-0.15874870070564434,-0.00860265975564279,0.26084917290410436,0.041364520902253045,-0.04455610508806119,-0.0002495332179588613,-0.02436927684058613,0.006535274667191895,0.4594423906809955,-0.014112986424658545,-0.017306623167943003,-0.02955305700669826,8.065626633615876e-05,-6.160504876400282e-10,1.1041547917009352e-09,-0.34768321854327044,-0.3439321978105761,-0.34814703769384014,0.008928696685911211,-3.178777770521113e-13,-3.164722715658097e-13
15.6200,-0.15988890051813787,-0.008863375803251188,0.2689565499615554,0.043623836372756984,-0.05234836418193414,-0.0005495532504491043,-0.04138865641141297,0.0034640908884654422,0.3897947566630702,-0.019459708711522826,-0.022487573536377328,-0.03314050837335478,0.00017581593241921308,-6.16058005354127e-10,1.1041473079284905e-09,-0.15993165042178273,-0.14968295751651728,0.053441362366691066,-0.0005565810852814973,-2.516752539878653e-13,-2.506665664966934e-13
15.6400,-0.1613063111624483,-0.009145023210644324,0.27544844947368075,0.046034699210805906,-0.06273703572039181,-0.0009426285317628242,-0.05615239797694086,-0.00036616742718240873,0.30941676585673683,-0.021479263169192072,-0.024353293330010153,-0.03188863256880914,0.00015130171999320002,-6.16065116156959e-10,1.1041402259437793e-09,-0.03355030734118375,-0.034609589273825805,0.01654744339144255,-0.001079184024898163,-4.727858187413003e-13,-4.708876517878213e-13
15.6600,-0.1629577642076034,-0.00944573212238672,0.27991806337771563,0.04858397244582447,-0.07526366777275004,-0.001429462518331671,-0.07069227204253099,-0.005762041690100776,0.20020175081258648,-0.024049656298761386,-0.026424895082135334,-0.02931706909504054,0.00010333393323362179,-6.160709135799117e-10,1.104134450047146e-09,-0.07113628354242546,-0.05370858668950028,0.10391834127546218,-0.0021324787229840643,-1.813754224935793e-13,-1.8075333439206143e-13
15.6800,-0.16483619525224205,-0.009765838268917474,0.2822168034636231,0.05127578411550345,-0.089812312337591,-0.002019468836787357,-0.08887008981326602,-0.011560624777335576,0.09679624337010942,-0.02411691791467939,-0.02635985017896656,-0.02784743061818533,5.950774288198384e-05,-6.160773454760787e-10,1.1041280407406023e-09,-0.000969100797810311,0.010242012028129651,0.11831017288056006,-0.0033390727878955264,-1.7390814266091126e-13,-1.733843374863292e-13
15.7000,-0.16688157449139596,-0.010104433940473903,0.28218514507704207,0.05411102541329959,-0.1057753779273865,-0.002708159937619527,-0.10640910439323818,-0.018438273137543267,-0.01819080003595943,-0.023393068462293987,-0.025407399716233018,-0.023169355007166832,-6.192713619391284e-05,-6.160838754066463e-10,1.10412153018424e-09,0.14839857024166556,0.1415256912660654,0.2766139439704189,-0.008230972248576014,-5.578465207128902e-13,-5.561784756705213e-13
15.7200,-0.1690244033478207,-0.010465325220403533,0.28022643717836737,0.057136453981268494,-0.12247779072911001,-0.003490758615859604,-0.12065105256340025,-0.024694013926545133,-0.1058417019945648,-0.018543533548620254,-0.0208806636962318,-0.014657272175879615,-0.00032480246260952356,-6.160934278127403e-10,1.1041120016746938e-09,0.33211218507300094,0.3047220243967754,0.5470560184532114,-0.01732107278516239,-6.472449529462687e-13,-6.456593072690087e-13
15.7400,-0.17107236694821473,-0.010849890176976157,0.2766946650561913,0.060390447655833436,-0.1381553741721071,-0.004324944605121262,-0.12495054332964547,-0.03054753706401961,-0.17684050702130727,-0.011199046548515598,-0.013975101518264426,3.1566801894978604e-05,-0.0007781065962492791,-6.161052639718548e-10,1.104100188491938e-09,0.3781085578049203,0.3571635802367814,0.7869202120641108,-0.02436058122527428,-7.614426667315599e-13,-7.599079785564067e-13
15.7600,-0.17279575349163828,-0.011258640054879337,0.2719514205659325,0.06390448982432063,-0.15076737222403092,-0.005146898673157501,-0.11644584168924041,-0.03609275674893308,-0.2366077929660187,-0.00403003138255018,-0.007117263444211796,0.015861535790510608,-0.001268123107563733,-6.161173750089087e-10,1.1040880957587103e-09,0.3250961140303097,0.32631229770684245,0.9069276167467146,-0.02684402861512025,-4.883658581700256e-13,-4.880156066582042e-13
15.7800,-0.173968217749613,-0.01169016772659242,0.26634906798328567,0.06769002899885317,-0.1583471641768721,-0.005876083215681169,-0.09503627152364487,-0.04036748457264958,-0.2714819410447958,0.004147624343059899,0.0007839457086173795,0.03094049457913669,-0.0017729888978117985,-6.161316717211601e-10,1.104073823802806e-09,0.427533308984991,0.4470230580674202,0.6355557067597735,-0.025636862086392244,-5.362118084620282e-13,-5.346856854840376e-13
15.8000,-0.17445219072315368,-0.01212438256884224,0.2604697453495724,0.07157856606556115,-0.1597245482788536,-0.006419101315650764,-0.06137617853268312,-0.04198423917508689,-0.28721482136092236,0.010050718095867977,0.009123803643222685,0.04336928115963541,-0.00232284267493654,-6.161310990954559e-10,1.1040744183688608e-09,0.22487220898661592,0.40933838359153524,0.5389255047520133,-0.027028204140288024,2.4048159839341887e-13,2.420302998816515e-13
15.8200,-0.17408717396862064,-0.012518767094123915,0.2544170819161267,0.07520759408502377,-0.15347310925527144,-0.0066339663430823445,-0.017893416655777115,-0.04138296819455046,-0.3024769638495895,0.012311370611469285,0.016098096235935458,0.0525742847252047,-0.002809711192344342,-6.161135646498264e-10,1.1040919709635469e-09,0.061379583864145354,0.31541260015748046,0.3244179663674488,-0.020468910143174233,9.65802307920094e-13,9.674139744494936e-13
15.8400,-0.17283197327692879,-0.012835439145088301,0.24834039562335053,0.07825861902011579,-0.1391459118587579,-0.006421151923965743,0.029998255257620392,-0.03840529459306538,-0.31166637432812794,0.012140949025572457,0.02139184721855784,0.05589290309174139,-0.0031353107225741464,-6.160792528748338e-10,1.1041263015971518e-09,-0.10432757427419893,0.16817650814419122,0.04040934671149319,-0.011492221187870822,2.034148890994736e-12,2.034959440538886e-12
15.8600,-0.1707100615540529,-0.013038647445085993,0.24210740957936744,0.08043744597580421,-0.11676182839865049,-0.005724946206592572,0.07694324543815487,-0.0337987439098405,-0.32263483541263527,0.009558445473806583,0.02378140006167036,0.05255547380607156,-0.00326759845217609,-6.160329064095397e-10,1.1041726668122048e-09,-0.1486744656146655,0.07264109620294246,-0.35181158346659763,-0.002327338938483909,2.555013058763711e-12,2.55607427585014e-12
15.8800,-0.16796543651511084,-0.013109620762410982,0.23598997255417248,0.08157335014197478,-0.08826970807538574,-0.004620413025864905,0.1132447071727494,-0.02663609358313271,-0.31226652817596035,0.006431709811642334,0.024067648911382616,0.04045590343775795,-0.003170381092993401,-6.159814566939579e-10,1.104224144171906e-09,-0.17353081124957975,-0.03852086441531891,-0.9581338468863612,0.014013319074160294,2.7413696312983404e-12,2.7435523471119883e-12
15.9000,-0.16509323970069698,-0.013049475365403958,0.23066548806449438,0.08159758959879301,-0.05803922691342144,-0.003331962415275954,0.12593683537004335,-0.01627893696709969,-0.2619061489717932,0.002519007237141669,0.022090943664334298,0.016129938094773654,-0.0027554524027410677,-6.159197111668638e-10,1.1042859361804822e-09,-0.21630867045756638,-0.13772851741405198,-0.9915781437441522,0.01461479635441779,3.1055444674188415e-12,3.1077072339125156e-12
15.9200,-0.1623683521991935,-0.012859169458325097,0.22625845851353407,0.08042921459074864,-0.028608920556077364,-0.0020229672852797743,0.12509714616212128,-0.005764736346233201,-0.21241021989134126,-0.0017479623297156578,0.0187149355275708,-0.002725153242042322,-0.0024499981823884265,-6.158601572421379e-10,1.104345537011697e-09,-0.21145750251505996,-0.1989333035274329,-1.0339393486007458,0.019043498992565164,3.1313636579544113e-12,3.1341144957064415e-12
15.9400,-0.16010168775700284,-0.012551621421152848,0.22311240739609764,0.07805454922435386,-0.0030861655526651264,-0.0008814977465294141,0.10454128427065286,0.00582513782851472,-0.14039890102302313,-0.005181785431065449,0.014733554730415547,-0.022977025173629963,-0.002018658002545395,-6.157987103841193e-10,1.1044070447168762e-09,-0.13802764394635225,-0.19956476760735206,-0.9683394459918602,0.02399756599480206,2.9938083262459614e-12,2.9970934588285925e-12
15.9600,-0.1584482733879306,-0.012144747651123102,0.22173202312487122,0.07453768011968212,0.016760788247768072,-1.6799255391972666e-05,0.07555091669439101,0.01818613630514972,-0.044404626304395275,-0.0046583152265704765,0.01315475414330376,-0.03306093761861646,-0.0017599786253375278,-6.157432237072341e-10,1.1044625993719368e-09,-0.01499476951017953,-0.14690963075228378,-0.5737648491402718,0.02170660946047437,2.6760074191278793e-12,2.6796767929604393e-12
15.9800,-0.15760796861110465,-0.011660396564315487,0.22232965462476767,0.06999168784646459,0.028644617933228977,0.00047870560408778625,0.028966194418486836,0.028891056446565155,0.053513137511562545,-0.006573904110576189,0.008104911013761965,-0.04832598205044265,-0.0010009369846899752,-6.156948834062882e-10,1.10451101492432e-09,-0.07423417535259605,-0.2580757060196634,-0.6431462605240539,0.04252504238029604,2.1581287104610603e-12,2.1619459694699472e-12
16.0000,-0.15770041631532575,-0.011120579366984382,0.2248852176404579,0.06460064379782075,0.03111814422585849,0.0005954412124802093,-0.02100957131028578,0.03743533683148735,0.14881791152097967,-0.007224818952548826,0.0032664192990757776,-0.05652397267506023,-0.00013034603173660777,-6.156581462729877e-10,1.1045478282089454e-09,-0.0037055699229313057,-0.23389383858711943,-0.21726087067259248,0.04463956711049557,1.5215170703214431e-12,1.5252840223495268e-12
16.0200,-0.15870874590966874,-0.010545618308727992,0.22918567267043577,0.05862482508099629,0.02429090193091262,0.00041649274403637236,-0.06773145888260089,0.04298257469863189,0.2306206661737206,-0.00695869815456214,-0.0017453368196843635,-0.05742483443417163,0.0008384418468894623,-6.156348815963444e-10,1.1045711694820872e-09,0.021893489449349338,-0.24619281452729824,0.09802516732160929,0.04705697368427553,7.15567362308267e-13,7.190732384532161e-13
16.0400,-0.16056518248837487,-0.00995712322151389,0.2347708554255859,0.052379643360635005,0.00898584060539553,5.899875490301031e-05,-0.10656465630846094,0.04502405630531026,0.2882476794278156,-0.006494473940162358,-0.006592888783621623,-0.05335748263499227,0.0017197486321905925,-6.156291577907699e-10,1.1045769561377314e-09,0.025223486789601325,-0.2622445446857444,0.3102532842999819,0.04488108770596094,-7.703535617568924e-14,-7.392696209970046e-14
16.0600,-0.16314893706072792,-0.009378143736368248,0.24098642923972557,0.04620041425697956,-0.013320039407903243,-0.0003564416157686434,-0.13485046084192648,0.04360834560486929,0.3133820486345249,-0.006048087450875953,-0.012072502841355724,-0.04474664631803334,0.002556288591950211,-6.156389288359352e-10,1.1045672442443193e-09,0.0033575393897950292,-0.23800434478974702,0.49449810106887093,0.03132144310990114,-5.882936282217144e-13,-5.857653771756954e-13
16.0800,-0.1662841121268322,-0.008816606178049694,0.24708983238800783,0.04025145341386266,-0.04060211056968901,-0.0007261597777838208,-0.1520244689791473,0.04046204151236229,0.3033677198175929,-0.006511186750861893,-0.015465191270880559,-0.033098668989558565,0.002897584208821557,-6.156494174316586e-10,1.104556800056975e-09,-0.02419432282878813,-0.09815497365972578,0.6686859378569376,0.0052039328666992285,-4.760656387332862e-13,-4.741006307158735e-13
16.1000,-0.1697768645630022,-0.008263707090553308,0.25256612169820103,0.0344983996882465,-0.0707670856859084,-0.0009720335246377124,-0.16125110497890743,0.03726792635932579,0.2750029942121148,-0.00647413437183189,-0.016019237850912787,-0.02106297070542271,0.0028688018726086813,-6.156580067424536e-10,1.1045482471155796e-09,0.02625305716082374,0.025627703814639746,0.625706002055382,-0.006446158078371895,-4.61008022121373e-13,-4.58832407831955e-13
16.1200,-0.17339075179563695,-0.007712832789882865,0.2571128135381162,0.028899772742840092,-0.10147795639266606,-0.0010379806016229008,-0.15827060651268737,0.03424444058572808,0.22661548535611192,-0.004976014327351738,-0.014023621828320738,-0.003555490728553533,0.0025827044724283563,-6.156653220005534e-10,1.1045409583859555e-09,0.12662996736770554,0.167481424869053,1.0866091005958274,-0.02087477542804846,-3.2861446853590937e-13,-3.2755119146535283e-13
16.1400,-0.17676798190360382,-0.007159806099558077,0.2606779384946545,0.02341799574255817,-0.1294657251535052,-0.0008843407712471997,-0.14286558268013136,0.03222875902018738,0.19175328171891065,0.0002248675101706945,-0.008148410958100533,0.015899054395692308,0.00214259731390122,-6.156725651232673e-10,1.1045337441065971e-09,0.34664076381186065,0.37601243475410057,0.8565552414800042,-0.021653461947473657,-2.6753008445720705e-13,-2.667367737275994e-13
16.1600,-0.1797598830256669,-0.006606796924305872,0.264017324962134,0.018043778128430697,-0.15354456608454317,-0.0005301387079413074,-0.11703745026577066,0.031059420499348324,0.18008344459616293,0.006585045629263552,-0.0010759389061012336,0.03219823078647022,0.0017332499583242109,-6.156788672000205e-10,1.1045274708073074e-09,0.2666404605055424,0.30881370225613997,0.7900410146543894,-0.01950796556500519,-3.0762420605637275e-13,-3.0592276758709125e-13
16.1800,-0.18206056702430545,-0.006051592199277116,0.26689927300535293,0.01273318829959041,-0.17115323042824826,6.791839508558456e-06,-0.08037169007458053,0.029900555987685408,0.15172746528432704,0.0104857412244865,0.0037442944616410474,0.04695485402194919,0.0013703825473633973,-6.156830987695695e-10,1.104523259061148e-09,0.15149156662720903,0.19743876280955813,0.6473445195285215,-0.0167617955110905,-1.4036097588029928e-13,-1.399753793776548e-13
16.2000,-0.18344393510414503,-0.005493873096247729,0.26913634056508584,0.007457392417168895,-0.18046913529024292,0.0006771533694765838,-0.03753640011367012,0.028916370743437607,0.11256994561345639,0.012783253326334539,0.006945554708943879,0.05734149445472779,0.001054724521723347,-6.156858618769663e-10,1.1045205137796203e-09,0.13036157812333304,0.16743803433664667,0.2602664063479316,-0.013228098076669742,-1.2243071140227713e-13,-1.209095350966985e-13
16.2200,-0.18389475807917424,-0.0049356354347082024,0.2710314611899835,0.002209601016475601,-0.18147880133916716,0.0014078872249879745,0.005821257115050983,0.028227585117930533,0.08910978008896989,0.014395926921602263,0.00917991349751798,0.05922140466429739,0.0008446382615344781,-6.15687400088846e-10,1.1045189953835136e-09,0.010620201468501778,0.04231594656110825,0.001692942581746944,-0.009695797898196823,-3.6126483748954996e-14,-3.589413922339135e-14
16.2400,-0.18341817562343432,-0.004378176388030296,0.2724472555083132,-0.0030184114878437436,-0.17424183382210803,0.0021267839250443273,0.04569538409504648,0.027686240905143857,0.0563517094701355,0.013410832138707762,0.008837646662352852,0.05574228309880637,0.0006634158025503703,-6.156875476111893e-10,1.1045188682363382e-09,-0.1177230917149236,-0.08826979562214532,-0.2883201095368085,-0.007876057140495125,1.866073891547068e-14,1.8915451887105417e-14
16.2600,-0.18209415203319276,-0.0038227464179375254,0.2730710488657871,-0.008237042447014353,-0.15938244412019226,0.002765497606598853,0.07822910783198367,0.027507623189174702,0.0047944897916220525,0.00994626524664555,0.005902898103309867,0.048075582718275604,0.000517078851192317,-6.156864640733549e-10,1.104519967653184e-09,-0.221386587114807,-0.19455138482716286,-0.5265303039893412,-0.007821414126182593,6.502544542315997e-14,6.536733502572611e-14
16.2800,-0.18010074677871896,-0.003270586059383343,0.2726168876972056,-0.013461167628953033,-0.13833229114776519,0.0032696153574091696,0.10023809217944121,0.02787356975173294,-0.052371004268612575,0.005119066527219428,0.001603735697683582,0.034584404344812275,0.000358009935458617,-6.156841614128242e-10,1.104522290147269e-09,-0.29082515626629,-0.26692110319040324,-0.7469166297104738,-0.008074677081055167,1.0640549856152925e-13,1.069082702139651e-13
16.3000,-0.17768223660014396,-0.002722641543616383,0.27084523810537936,-0.018710192599897688,-0.11311411522809514,0.0036075406724015535,0.11125272912261486,0.02902324711960813,-0.12066461586740332,-0.0010895680037256968,-0.00409317485589231,0.01677950852420912,0.00018048964622714256,-6.156806995594752e-10,1.1045257761742468e-09,-0.2984657787509581,-0.2737957799512462,-0.9170556526990046,-0.008782574789801444,1.406837428670482e-13,1.4142682793101546e-13
16.3200,-0.17514402116881847,-0.002178228014559925,0.2677603048328865,-0.024012829680936237,-0.08638570021458856,0.0037787122001977113,0.11036183640333397,0.030839952985644237,-0.18020056985974167,-0.0062272630948080636,-0.008707042723759164,-0.001683751129054107,1.3885035034495407e-05,-6.156764974576469e-10,1.1045300079885544e-09,-0.2801961063431323,-0.2544009320835999,-0.9527201353958886,-0.008411377619543282,2.9164290340361054e-13,2.93804314644569e-13
16.3400,-0.17273354760105897,-0.0016357052589139167,0.2633184776591249,-0.02939376327751844,-0.06040813663191484,0.0038047755460966144,0.10188850108351319,0.03359422659780541,-0.24495905248262426,-0.01126764583406269,-0.01324861680177838,-0.01849528237846532,-0.00012855724668291144,-6.156716920259596e-10,1.104534846222236e-09,-0.25275789235716695,-0.2349789882128086,-0.6542625842510459,-0.005115957380019544,1.946059144993656e-13,1.95855620133481e-13
16.3600,-0.1706057341944842,-0.0010928933804527914,0.25743359017109324,-0.0348691711290059,-0.03670104020192359,0.0037179802543065165,0.08816534163545305,0.03735699486323552,-0.31325924190633525,-0.015434331031885826,-0.016972828284346164,-0.03223325334277801,-0.00024086916718389447,-6.156663331513743e-10,1.1045402438174754e-09,-0.1505469026758665,-0.12227131879352214,-0.7331253471590744,-0.0056737158225158395,3.1759160188868374e-13,3.20003518041595e-13
16.3800,-0.16890459843169686,-0.0005449771807280369,0.2503768937582513,-0.040462099415679,-0.016776296068123926,0.0035683334639114335,0.07270267027002034,0.04162426727766404,-0.36744606360916576,-0.016615387654014487,-0.01763245322998026,-0.03903339145650743,-0.00022655687908064757,-6.156601569059325e-10,1.1045464614541234e-09,0.012791139650341189,0.040623338464902785,-0.10920549697196913,0.004398553842244404,3.4667293992082793e-13,3.4889230176790575e-13
16.4000,-0.16763732702149425,1.3701969711336149e-05,0.24248002364523252,-0.046202481776478545,-0.0008619832109276596,0.0033928550600513608,0.05557628536409457,0.045912952215165406,-0.3995599518377699,-0.01510517111752134,-0.015347652320022795,-0.04121696604512814,-0.0001258799730476695,-6.156514452757194e-10,1.1045552267139088e-09,0.1149626576414444,0.1606175618765467,-0.13623296252401654,0.004755375595777271,4.839625336768016e-13,4.86849980902565e-13
16.4200,-0.16694882112132786,0.0005932831405856793,0.2344941250313438,-0.05213475659711699,0.00945084626874974,0.003270430897970605,0.02937601498026577,0.04922615720906713,-0.39322473939461927,-0.012290336288034,-0.011712903713080104,-0.04417626640065366,-7.1743980540327906e-06,-6.156426061227582e-10,1.1045641269791717e-09,0.19347980000933063,0.1959182588451551,-0.15403135647955185,0.011452875461075724,1.8818440187216845e-13,1.9170187898036317e-13
16.4400,-0.1669710554030069,0.0011841545611485397,0.22720178727001547,-0.05809245105657621,0.012702694066846886,0.0032952319819785423,-0.006143837966576603,0.04941368986788824,-0.34920429736902314,-0.006966285102501281,-0.008459510157966985,-0.04646102817339396,0.0004736073381285323,-6.156492338007244e-10,1.1045575760908269e-09,0.3169497703385373,0.13492378449317693,-0.06754322767722415,0.03401713711602238,-7.967984995763122e-13,-7.926917585873716e-13
16.4600,-0.16777449422692534,0.0017542123581146644,0.2212953223976662,-0.06369206550268298,0.008131265558051336,0.003555854781164568,-0.04685659369397419,0.04526048767631192,-0.2720368969951332,0.0006523259312178025,-0.005587295089191453,-0.04448038925206978,0.001360713085608814,-6.156752073636517e-10,1.1045316886867358e-09,0.4753143514195758,0.20633120951228098,0.40234466325233753,0.05582256596924828,-1.6735996269390263e-12,-1.6692472057378005e-12
16.4800,-0.16928687728421948,0.0022688922372869442,0.21735829459555933,-0.06857114475404281,-0.0034702678140567586,0.004084256891132504,-0.08412803401063305,0.03655489524931393,-0.16766859484756505,0.009718060592352265,-0.0021192460401143606,-0.035624961160858545,0.0024603402956880228,-6.157185520207253e-10,1.1044884353227379e-09,0.45668657468017015,0.17936592139035903,0.5612767593844855,0.05512916136497965,-2.4756082600552176e-12,-2.471078029697704e-12
16.5000,-0.17146447337102902,0.0026962532591043413,0.21566687860256878,-0.07242352028450853,-0.021498283152967656,0.004888289850509331,-0.11760288613514917,0.024433733543259083,-0.052259824873488146,0.016841204254227134,-0.00023235185386538887,-0.026899789005938788,0.0033362438286935817,-6.157763036015865e-10,1.1044307767772655e-09,0.3234151682045912,0.08525103469347944,0.5035420886842585,0.038370303599291396,-3.1489212279356416e-12,-3.144326812809517e-12
16.5200,-0.17417300066716832,0.003007630772208941,0.21626745964742883,-0.07503031849718271,-0.0444215550364792,0.005903720350543419,-0.13803360625150907,0.009955939443778112,0.06465972989169634,0.02293585649788275,0.0018483850696182367,-0.013706356550896744,0.004006365223155776,-6.158433820481166e-10,1.1043637870679128e-09,0.2951684504107005,0.1319158991614249,0.8310113316609584,0.02984071016726277,-3.4974158985567882e-12,-3.493176234381501e-12
16.5400,-0.17711226531840546,0.0031785319035783762,0.2190309647366455,-0.07626612602844646,-0.0691837428186602,0.0069689603821962345,-0.13672141372271918,-0.005500608537834899,0.17283951082572707,0.028477359211369225,0.005057973164248811,0.006190411642371513,0.004511889746939775,-6.159147593792456e-10,1.1042924887469327e-09,0.2497077629503412,0.17684205633476516,1.0990762261365785,0.02019307716337034,-3.5941219618529363e-12,-3.5904547564247213e-12
16.5600,-0.1800195548658756,0.0031976620233142607,0.22391648803656847,-0.07611345261516228,-0.09326462684938486,0.007924775191931377,-0.11928816625037111,-0.02133970766363503,0.28142979375965493,0.03243615269916261,0.008993519415732426,0.024053499851277905,0.004618697553436808,-6.159867337128566e-10,1.1042205952384249e-09,0.12423843400441242,0.17952382032722208,0.7249454105281804,-0.005050130337289157,-3.268932000088931e-12,-3.2651776248060482e-12
16.5800,-0.18264657104243934,0.003066915609271196,0.23071667468978804,-0.07464916671027372,-0.11442455783750348,0.008631301128715381,-0.0852365176028171,-0.03514594278567805,0.3698093020873479,0.03340139248103331,0.011758335696682005,0.0389111781180489,0.004461161385111107,-6.160457480292937e-10,1.1041616413315642e-09,-0.022090675185334592,0.11841968232390508,0.6839380196578023,-0.014526534734481095,-2.817468480742491e-12,-2.8142336551406633e-12
16.6000,-0.1846806323576518,0.0027987624818198126,0.2388186932430089,-0.07202638141249175,-0.12993169607970156,0.008960198097185386,-0.038783333241004324,-0.04495858977204051,0.4220409481002346,0.03126519515540436,0.013192373706674896,0.05233235582879531,0.004120017811221142,-6.160972530704112e-10,1.1041101837958491e-09,-0.18428109376569704,0.025110329689215376,0.6730950806784313,-0.017956614241889872,-2.2685178388548444e-12,-2.2666183166486498e-12
16.6200,-0.18584291575207026,0.002419175666270508,0.24738088596098923,-0.0684954706757226,-0.13741033335574773,0.008847982875454423,0.011989042090761733,-0.04961836498782361,0.42997580117917905,0.02569831378906255,0.012912830178936659,0.06035997908213714,0.003613197455243754,-6.161324777011321e-10,1.1040749929573245e-09,-0.35733209338693395,-0.052104740047369306,0.12160630857335013,-0.031914730919322315,-1.341725125100779e-12,-1.340218951442762e-12
16.6400,-0.18612159775604886,0.0019703321204470846,0.25581402343149534,-0.06442377043193444,-0.13685478478463467,0.008372268502087575,0.05351769800882718,-0.0499337020949615,0.4109342741467231,0.017114470886619777,0.011007830506692313,0.05719877541938875,0.0028653151174334326,-6.161487685735917e-10,1.104058729594828e-09,-0.4664802917053736,-0.09985076769555719,-0.41982584888568314,-0.042296660801425974,-3.6184456039117796e-13,-3.6068625300020307e-13
16.6600,-0.1857208035509701,0.0015052046315812665,0.26395007050975644,-0.06026719396662438,-0.13011128639847233,0.007696594154853641,0.07933297622415332,-0.0474923461489256,0.39385233782365575,0.007526166127454509,0.009354972791127196,0.043640082888781496,0.0019158912022286597,-6.161422683679733e-10,1.1040652613735891e-09,-0.5468405684641778,-0.15550314580176283,-0.7906106211881619,-0.05076416848223709,6.11170944582462e-13,6.120345116128467e-13
16.6800,-0.18487344270030334,0.0010627019122329286,0.2713863576721768,-0.056359502727356146,-0.11923908500069176,0.006959884875662725,0.08980368197199855,-0.042160219538306114,0.3490871448393712,-0.0035444748835360513,0.004358680391883059,0.024802179553093388,0.0009080396277412989,-6.161277728765774e-10,1.1040797867492287e-09,-0.4941444180017895,-0.3091508063474948,-0.9746852030678016,-0.04418909780486917,7.69495578367696e-13,7.714663326566229e-13
16.7000,-0.18382009213754932,0.0006462723042050293,0.27762129715483136,-0.05270828280724111,-0.10638209566513981,0.0062441061425906165,0.08551386871919786,-0.03605119971508715,0.28259390756869995,-0.012662458855937898,-0.002786548376130423,0.006052037855415043,0.0001357751221819195,-6.161174706581348e-10,1.104090114333123e-09,-0.45138598059831553,-0.4008704072395483,-1.0007879154159058,-0.03782234855747945,6.344426936935599e-13,6.363705135764564e-13
16.7200,-0.18278359715073372,0.0002528049827721864,0.2821334474551459,-0.04926170807118656,-0.09357166273002335,0.005602785148948693,0.06958804899905117,-0.029379170411421518,0.19233658462236275,-0.021195232383594,-0.011156118394602592,-0.013026790848706386,-0.0005510509497613467,-6.161093160678777e-10,1.1040982939697245e-09,-0.39393777475801073,-0.4159288738695875,-0.8587964062209853,-0.030135683950140678,5.143660020481833e-13,5.16258585360474e-13
16.7400,-0.18190580025192832,-0.00012163330121879064,0.28445719966708094,-0.04596749703473736,-0.08214154638621479,0.005058367436152843,0.04852099204218087,-0.022592139060469616,0.08232058834781616,-0.027366948762661672,-0.01799447566337146,-0.02719563188760177,-0.0010381287106664206,-6.161030448278399e-10,1.1041045891666458e-09,-0.2217120639788015,-0.2610209711448055,-0.5385573229554337,-0.018558181997293782,1.3430665542386866e-13,1.3481026733298818e-13
16.7600,-0.18123159450345883,-0.00048006583187652427,0.2843704935064656,-0.04279252437778216,-0.07254701371908814,0.0046073430002273996,0.028411569731626184,-0.01622914259900033,-0.03867050698574043,-0.030521860788051552,-0.0221122122835048,-0.033941024686089706,-0.0012939998168128822,-6.160976394467682e-10,1.1041100183983899e-09,-0.0008884090782441499,-0.024711325617499943,-0.27239762706140314,-0.008686269026894504,3.8956723047087194e-13,3.9140424842182275e-13
16.7800,-0.18082751768264455,-0.0008215494757226903,0.2821405391733395,-0.03974147704129377,-0.0654539707329345,0.00425149502944922,0.007450693287721503,-0.011329514460542,-0.13924910172762722,-0.03004308428697,-0.022178512957147706,-0.03666016969991181,-0.0013990368759121852,-6.160922214710481e-10,1.1041154625428872e-09,0.06349378546284436,0.036418320740172504,-0.061692026353102135,-0.003298075999530647,3.7788701204646835e-13,3.797721143637689e-13
16.8000,-0.18071034875446146,-0.0011468166105865095,0.27791253470472516,-0.036810097505328154,-0.06105819083657558,0.0039798699445245354,-0.012068081456237192,-0.007194726226724737,-0.2380346150984131,-0.028244517621997183,-0.021026737291758173,-0.03606136764749723,-0.0014193440207453793,-6.160864974342979e-10,1.1041212171525804e-09,0.13122876381095172,0.10525366817207392,0.06993267802456749,0.0005368557845583591,3.586065363929414e-13,3.6059729421195064e-13
16.8200,-0.18085422371943344,-0.001457889952529986,0.2717236408405089,-0.03398692203842992,-0.05913755014046169,0.003773686822699527,-0.029958290857470683,-0.003815493619176648,-0.3336903454851471,-0.025963419748941723,-0.019342279834322997,-0.03314722422450416,-0.0013797588140479393,-6.160818886773183e-10,1.1041258519033344e-09,0.10257469333792145,0.06565358857539812,0.23298667703333778,0.0034673258962251733,1.7198292486322875e-13,1.7294561507723294e-13
16.8400,-0.1812244982361338,-0.001756190250689017,0.2636859544346467,-0.031266769641755836,-0.059371696337826206,0.0036152974267874816,-0.04674379385463055,-0.0013548267462385741,-0.41742426936701527,-0.02243381630035525,-0.01630626300131008,-0.028957816559995707,-0.0013017500582967608,-6.160765078306713e-10,1.1041312649300784e-09,0.19574870559971302,0.17268910788557643,0.2432296929499407,0.0045778306562922885,2.101046116601002e-13,2.113375663706507e-13
16.8600,-0.1817943719614813,-0.0020419601383942295,0.2541301476566749,-0.02865442585958515,-0.0615049591015019,0.0034913428039565,-0.06096606619795839,0.0003516435394729435,-0.49197576724635717,-0.018345607973384543,-0.012696687876583967,-0.022966178565267403,-0.0011897643359027343,-6.160712119214796e-10,1.1041365946169652e-09,0.25126045396097774,0.2375984593170801,0.14813285362566495,0.004091661300374735,3.2440315624743254e-13,3.2676319332639037e-13
16.8800,-0.18256857083747347,-0.0023143236175275465,0.24369802449062003,-0.026162684114356936,-0.06557389097732692,0.003395241882320966,-0.0750353933199107,0.000684086671825327,-0.5236210003856874,-0.011920964726924815,-0.00650773634955012,-0.016540456088925824,-0.0010594685121810025,-6.16064916380297e-10,1.1041429327657753e-09,0.38050222221911145,0.36889420741203965,0.514975963910081,0.009002892619490508,3.172608118058584e-13,3.1930241870675724e-13
16.9000,-0.18343492134173348,-0.0025727402756662377,0.23315693010459917,-0.02380618884132164,-0.07050194502237725,0.003307394837504481,-0.07977487118795008,2.8203934270127832e-05,-0.5190645898244715,-0.0026537985799958675,0.0025593293377360214,-0.003334349931931991,-0.0008358792902663599,-6.160574800049967e-10,1.1041504212927728e-09,0.4843312528059256,0.4769741853147398,0.6509155244080906,0.011076255869729185,3.562954510420713e-13,3.5874694057427825e-13
16.9200,-0.184295555763528,-0.0028162847372405495,0.22345279515563035,-0.02159882034650441,-0.0753588366850549,0.003216268974087501,-0.07700597951350475,-0.0015832626837350206,-0.46486758011697693,0.0068466070225281376,0.011911722811682271,0.009179670431037859,-0.000628749878339239,-6.160501880820717e-10,1.1041577689024352e-09,0.5017894124340893,0.4909400133910878,0.7426760593544952,0.011369279103568167,3.7316102898671266e-13,3.759503559158661e-13
16.9400,-0.18502781372098734,-0.003044743381330699,0.21540315406574162,-0.01954541825001392,-0.07899227341742315,0.0031121123448094494,-0.0637603547239689,-0.003656170582992038,-0.3734185200719993,0.016454973838098554,0.021280476398887766,0.02270257104144363,-0.00042378071527049286,-6.160424036056662e-10,1.104165618270238e-09,0.45138302471289315,0.43813491917656483,0.5979517372400736,0.008980134747528403,3.727100550930673e-13,3.7580008549475963e-13
16.9600,-0.18554512599043682,-0.0032581396401790592,0.20971061227002266,-0.01764490718592023,-0.08059843802566531,0.0029927384932522316,-0.04286349601546434,-0.005909765814296678,-0.24923754249508884,0.024438743753878993,0.028948181976828007,0.03340937553356175,-0.0002706013163345646,-6.160348353808651e-10,1.1041732563259538e-09,0.3441969219748879,0.3262198965913463,0.4658151182702058,0.006341794474621269,3.5801228518220207e-13,3.613394848091256e-13
16.9800,-0.18580854616768686,-0.0034579496295173546,0.20688994883675507,-0.015880381468448418,-0.07981852948901941,0.0028608590600767867,-0.018050327534075768,-0.008152348122607688,-0.10224099092389523,0.02995490286631392,0.033906221421269284,0.039411173488611353,-0.0001739155667543562,-6.160288478287229e-10,1.1041793186684763e-09,0.2069705984581513,0.17206843100321012,0.1967807868942489,0.003687024602368843,2.7277643034964716e-13,2.7678510525208644e-13
17.0000,-0.1858046308849189,-0.0036461829033801623,0.2071512220886959,-0.014229617193384789,-0.07652296365824189,0.002720700014390998,0.0071433489002659025,-0.010012226109144628,0.05196799424108388,0.03225280196119454,0.03571172318909448,0.040786967841355895,-0.00015073748720792466,-6.160225534448717e-10,1.1041856927158706e-09,0.02145100765944031,0.008478623534214304,-0.14398127259121138,-0.0016381551863536058,3.176254289964653e-13,3.2166706364494813e-13
17.0200,-0.18563008454821683,-0.0038212718402551534,0.21057262822611655,-0.01270310848939522,-0.07160958594487213,0.0025853073079578426,0.025139145402420997,-0.011339544002291924,0.20904682345316986,0.03109174003556168,0.034287946110430394,0.035125007361635735,-0.00021031783260579704,-6.160169021512027e-10,1.1041914186995776e-09,-0.1336678767551293,-0.14876361472915445,-0.44120002591424184,-0.004363784460874738,2.835735661045613e-13,2.875382766089063e-13
17.0400,-0.1853461417727981,-0.0039843681959975995,0.21679432797469023,-0.011287949501943118,-0.06564078463808586,0.0024602049210117453,0.03886066320649575,-0.011982091417214836,0.33840994422003773,0.026402669486555366,0.029184594790903986,0.02818277622559269,-0.00029397279850196023,-6.160116368126903e-10,1.1041967569324985e-09,-0.2997863262322793,-0.32202145599056725,-0.31669911515904203,-0.003915259301191257,2.2733003630578952e-13,2.305645366469655e-13
17.0600,-0.18494718429029722,-0.004137442711699156,0.2249880732448555,-0.009965113594479914,-0.0585479427532407,0.002345240938704104,0.04653797570724383,-0.011971786318654561,0.4275942858642776,0.019501542639827313,0.02185552617098722,0.01999662339903981,-0.00037634776967983275,-6.160077117282304e-10,1.104200740804e-09,-0.4146199859514645,-0.4370481747136474,-0.5457642783090754,-0.004735383956773762,1.8782704883611723e-13,1.907912575756926e-13
17.0800,-0.18455541776416867,-0.004282090584460296,0.23440188022891603,-0.008717939763872964,-0.05148382034392556,0.0022459930812064707,0.044016970971761625,-0.011489568547165287,0.4793025217382424,0.010291217245770319,0.012204425317792048,0.006861618587996194,-0.0004765758107611579,-6.160043885236175e-10,1.1042041201341273e-09,-0.4946528389002835,-0.5163014390964136,-0.734550744506902,-0.005120282827957184,1.467583379041043e-13,1.494148771721826e-13
17.1000,-0.18430738060509916,-0.0044199936574948065,0.2442332708170687,-0.0075300183963223745,-0.045762247122277534,0.0021655874058322563,0.03302787079473076,-0.010667333664580596,0.49057469761107353,0.0002249340676230341,0.0017163865775718348,-0.0077678782566453185,-0.0005720005260661229,-6.160018538655332e-10,1.1042067039463602e-09,-0.49397790422877336,-0.5144573218674241,-0.6767785979001903,-0.0041997897130987595,1.0945946568845927e-13,1.1172363219031506e-13
17.1200,-0.18427783538378223,-0.004552870172737486,0.2536718747575631,-0.006386186658897254,-0.042122554429813136,0.0021022652249599216,0.018136869868378414,-0.009655770910607098,0.46180228628267034,-0.009620816569372585,-0.008536923983764396,-0.020390720134152315,-0.0006441886034954044,-6.159999139959086e-10,1.104208687996261e-09,-0.4393609345683205,-0.45659374295548216,-0.687215700534252,-0.0032216099609186978,8.727738041829081e-14,8.979991229784989e-14
17.1400,-0.1845787878374144,-0.004682086533888403,0.2621512593717955,-0.005275664978736517,-0.04166430620880748,0.0020540254172762514,-0.002828725165761631,-0.008644644697078513,0.40987067976066854,-0.017089866273726342,-0.0162927625169945,-0.031265403395749,-0.0006942166851444118,-6.159985532575298e-10,1.1042100845624327e-09,-0.33914877013339917,-0.3550650102352945,-0.2990062755809934,-0.0014781157264140317,3.897605166131718e-14,4.04115014563701e-14
17.1600,-0.18525528119346352,-0.004809167627833388,0.26931981319725523,-0.004187244854021086,-0.044823468084520555,0.0020151724277273344,-0.02372436593184846,-0.007784488222070919,0.3441802063316068,-0.0216823479687453,-0.021188254108601572,-0.03691016513443513,-0.000710233904317961,-6.159977129758316e-10,1.1042109625125535e-09,-0.10747741167321875,-0.12047539946253452,-0.023522336568305352,0.00014387614524483724,4.5954735784954626e-14,4.810674157206679e-14
17.1800,-0.18622049185024964,-0.00493536822281358,0.27483121141516803,-0.0031121490858889126,-0.05074507952354707,0.00197740247542337,-0.038592850267439124,-0.007049415244268409,0.25109671635180897,-0.02428012414774259,-0.02402841122090275,-0.034567010070123666,-0.000696679990691575,-6.159972023220481e-10,1.1042115002268019e-09,-0.09364792236277644,-0.10374807826157861,0.11528524499974507,0.0009275008105397377,3.208879966213815e-14,3.4105124323627334e-14
17.2000,-0.18742557317595707,-0.005061527191868801,0.2782854797562099,-0.00204476665586882,-0.05893117809394563,0.0019350303860263562,-0.055357154345817984,-0.0065381285416534155,0.15339266255673528,-0.025272876204903476,-0.025178791538077516,-0.03292815708542915,-0.0006769031242850712,-6.159968508028549e-10,1.1042118787025847e-09,0.06639917828361233,0.06057239350310056,-0.016403515562183505,0.000993181282479444,2.0787445522514256e-14,2.271606500451294e-14
17.2200,-0.18891852964437583,-0.005188216629546544,0.2798484151555129,-0.0009825663598822083,-0.06980038639357793,0.0018840956683859188,-0.0739434185061073,-0.006267809191793525,0.054926997181392954,-0.025079679586367698,-0.02510578758633504,-0.031191063956567462,-0.0006540826903297992,-6.159966323834543e-10,1.1042121237628551e-09,-0.0074392049385206,-0.012725428263071355,0.14641995372242897,0.0012013356226371994,3.8394038382599804e-15,4.505105666231975e-15
17.2400,-0.1906367305902617,-0.005316011384893362,0.27919975170008887,7.871204025057582e-05,-0.08270977020855313,0.0018196373087974167,-0.09300009056813342,-0.006237448944127375,-0.05412464704552531,-0.024549163745618996,-0.0246652066209427,-0.027969622904708707,-0.000628993075738345,-6.159965688282863e-10,1.1042122114951885e-09,0.09343460747347201,0.08954139784855945,0.13579258718787618,0.0012821981955677747,-9.04385283415093e-17,1.8000013406063806e-15
17.2600,-0.19255907400294933,-0.005445376438174276,0.2764957033984691,0.0011425846680294743,-0.09741506970646838,0.001737890677435282,-0.11262326210396312,-0.006455377819684201,-0.1507384915173458,-0.02195830473826381,-0.02214446699939157,-0.02308685485377226,-0.0006038964687589964,-6.159966514719385e-10,1.1042121545132659e-09,0.219997480142321,0.2164570699369574,0.3174986106479545,0.0012397242153327167,-1.1571559343863912e-14,-9.66660088021383e-15
17.2800,-0.19459746758904928,-0.005576686952741262,0.2722019664757843,0.0022137826987772024,-0.11305835000171321,0.0016361662501484426,-0.12702602563123305,-0.006853206316652169,-0.21827734432380996,-0.015850887073912516,-0.016110320490353987,-0.013453963827666263,-0.0005825481054926333,-6.159969591074075e-10,1.104211876150983e-09,0.31866410602931466,0.31540157211100933,0.7049986899146116,0.0008787268678698966,-1.3494446106875578e-14,-1.2817682028612443e-14
17.3000,-0.19656349374635126,-0.0057101090678694875,0.2668942119879489,0.003298445634721775,-0.1278957541682726,0.0015150364990586627,-0.12947577811090663,-0.007344055538963251,-0.2598559042566054,-0.00750854945153799,-0.007851234722676435,0.0018648125022021162,-0.0005690512659425167,-6.159975858155131e-10,1.1042112809449624e-09,0.39154367300338744,0.3881045962115553,0.9104985942372799,0.0004354436807631565,-2.6031782252803476e-14,-2.5325814172584907e-14
17.3200,-0.19815808157715042,-0.0058452172151381996,0.2607610850246069,0.004401234755408619,-0.1392378092472811,0.0013814340599658274,-0.11577241796829107,-0.007923622606211383,-0.30182796333857953,0.0002884739189195094,-0.0001211666618821452,0.020883390295244907,-0.0005618811405135244,-6.159984867412672e-10,1.1042104062489996e-09,0.4456800089520918,0.44115912754442116,0.8716954609771665,0.0003236288410909969,-6.557777866740555e-14,-6.36778092278148e-14
17.3400,-0.19918589265871828,-0.005981923114524644,0.25440090267594684,0.005528814764554134,-0.14538699077808626,0.00124569315241446,-0.0882964854841188,-0.008436317363277034,-0.31103768271077864,0.008606987615314442,0.008114081888333263,0.03730865840342869,-0.0005575978013167348,-6.159998118643569e-10,1.1042091099884764e-09,0.35866945970353104,0.35535505170727444,0.7897264687064551,0.00020599420626276938,-8.952928188307036e-14,-8.756636095483966e-14
17.3600,-0.19938018730735343,-0.006119240278012293,0.24775876617063222,0.006682679022602433,-0.14398517207282374,0.001125589343585287,-0.046505418657482485,-0.009010513803594926,-0.33353040876979545,0.013982657064300259,0.013457488211968129,0.051891715653680864,-0.0005495763555388346,-6.160013271933025e-10,1.104207615505255e-09,0.22569276611554115,0.22435267616379442,0.6027686034028021,0.0007218252156436667,-8.583095985250505e-14,-8.475474011851447e-14
17.3800,-0.1986122574184867,-0.006256533742820838,0.2409473345078015,0.007866680099713426,-0.13384659598175427,0.0010404189432881867,0.0035100552543097948,-0.00953141893640105,-0.34386284536766454,0.01799609423077488,0.017417517579616387,0.05975684115521017,-0.0005245039120593347,-6.160033921985466e-10,1.1042055743248793e-09,0.17094680276338106,0.16652976445439163,0.201915579166771,0.001839023777067341,-1.015328771579449e-13,-1.0022904273036815e-13
17.4000,-0.19693582789550634,-0.006393713613574459,0.23433261891095966,0.009087827344937963,-0.11531295758116415,0.0010057184404243858,0.05448459379429742,-0.009901530544718,-0.3348644138547034,0.020402181854755102,0.01978675507128419,0.05931392889544234,-0.0004805207942521217,-6.160057365077143e-10,1.1042032597623967e-09,0.07139629747554739,0.06896203893643253,-0.25873840892247857,0.002860944777381703,-1.3074423813562441e-13,-1.2912045564694719e-13
17.4200,-0.19465528913901453,-0.006531971243978793,0.22850115030306153,0.010359138675513769,-0.09094238985699238,0.0010244220449009266,0.09132842812431437,-0.009952264058020367,-0.28693498177694093,0.020791075803980225,0.020047530699188167,0.04575944027196611,-0.0003954513599877919,-6.160089443172748e-10,1.1042000980492633e-09,-0.032916693145956785,-0.04038219333061105,-0.790167982501296,0.004554956750160596,-1.6776077055302707e-13,-1.6557710606247833e-13
17.4400,-0.19213171471710325,-0.006673503846927478,0.22392891464814957,0.011699096889521372,-0.06388254099549746,0.0010902712637944117,0.11169471963719776,-0.009756615332814179,-0.21837249104582962,0.01904364058980694,0.018117009304123365,0.027025083909646117,-0.0002920364945155479,-6.160128717619073e-10,1.104196226800103e-09,-0.13380959519771826,-0.14393129992530523,-1.0287355290037183,0.005514822273605291,-2.0332067735169546e-13,-2.00587620515294e-13
17.4600,-0.18965470924612582,-0.00682040860011019,0.22077305459314428,0.013122884276623961,-0.036771574267713755,0.0011934118950919096,0.11545967656869546,-0.009419982673143397,-0.14489138077180147,0.015099782630798343,0.013985373313786603,0.007103842334566016,-0.00018131978256273674,-6.160175206039011e-10,1.1041916421426337e-09,-0.22758280465753694,-0.23707321569647483,-1.046149591813634,0.0058568617111460965,-2.35260107835783e-13,-2.3189596401983203e-13
17.4800,-0.18754392735059017,-0.00697550647511352,0.21921385713780583,0.014642710519811305,-0.012734717697326219,0.001313639113139517,0.09789269667610631,-0.008828647269468741,-0.057693124940812114,0.010613809460322234,0.009312004830690265,-0.013488477658855861,-6.981605495712599e-05,-6.160222101138577e-10,1.1041870210359683e-09,-0.22877463045511678,-0.23893493700143625,-1.0441431051389691,0.005412261201908612,-2.5760686986342485e-13,-2.5382696161938e-13
17.5000,-0.186060492294144,-0.007142260465088798,0.21951541770532498,0.016268547758023326,0.005472373531748023,0.0014236771783155814,0.0652762490816686,-0.007960572379060242,0.039809315772858095,0.00658678886964975,0.0050771588516518125,-0.03133830572416232,1.381577140669799e-05,-6.160276466234446e-10,1.104181662636155e-09,-0.10151038455948991,-0.1125417854391546,-0.531583255626854,0.0013173003461468254,-2.977966723043124e-13,-2.939179390322455e-13
17.5200,-0.18525743885764984,-0.00732350334770085,0.22185398402216241,0.01800991671491621,0.01707819245967985,0.0015039506737308786,0.029102444557385865,-0.006786915253178602,0.1429650122804838,0.004658389633638297,0.0029541116034656257,-0.039015364717046905,1.6316333078655485e-05,-6.160335199987443e-10,1.1041758692151822e-09,-0.2042240077066598,-0.2112394947722717,-0.5728933688618906,0.001723976576713949,-2.863430521339583e-13,-2.8226173568596247e-13
17.5400,-0.18529203373582218,-0.007522560539839191,0.22603573011355108,0.01986748570669337,0.020314333848373688,0.0015186934952326678,-0.017452626677013777,-0.00570539938424192,0.22998658975026381,-0.0003950507079804787,-0.002219528599764644,-0.050834783599804576,4.748333775959137e-05,-6.160397998041416e-10,1.104169673225931e-09,-0.21824265110246346,-0.22436427753379148,-0.37500859179043033,-0.00018426459248117318,-3.1182630262638344e-13,-3.0794887039692354e-13
17.5600,-0.1861836078004341,-0.007742419144867487,0.23170208715162188,0.02184704788891073,0.014917690874260566,0.0014391637787453705,-0.05990213133784581,-0.004804005946545423,0.29825278254516113,-0.004057962187111942,-0.005969650814505152,-0.05395994634047056,6.365043568178905e-06,-6.160458212783137e-10,1.1041637221161541e-09,-0.17546246264465945,-0.17828502432974083,0.0035982293114839308,-0.0037639790200865116,-3.2049200533040834e-13,-3.169691072113512e-13
17.5800,-0.18785001320403993,-0.007984569135031731,0.23832766252356447,0.02395398126824683,0.0018093975359611404,0.0012468559063202784,-0.09410833098645913,-0.004315048841809304,0.33900153964397195,-0.007342944057856634,-0.009261589122367308,-0.050888726872572426,-9.728166865515477e-05,-6.160522560603289e-10,1.104157352582022e-09,-0.15625639687910647,-0.15425302868045956,0.2722004942760073,-0.006288397658916718,-3.2131247532443674e-13,-3.183052779687223e-13
17.6000,-0.19016133943749952,-0.008249151320294227,0.2452301632139441,0.026192529327630207,-0.017514053920740364,0.0009319436126205275,-0.11825112610593476,-0.004507064720650632,0.345685722051562,-0.010313724451889498,-0.012137310184135235,-0.04341318818057679,-0.00024099553443032742,-6.160585966347703e-10,1.10415106583811e-09,-0.14085738935744194,-0.1335939830252358,0.4547247915893496,-0.007869684249145664,-3.1132025126237584e-13,-3.0892459814205186e-13
17.6200,-0.19295346100432892,-0.008535038419689693,0.2516710906291278,0.028565224042650054,-0.04121836821412122,0.0004940631606714478,-0.13346232667100572,-0.005579144053844516,0.3173020153571534,-0.012889103739474796,-0.014528525158225215,-0.03361247462549277,-0.0004015695359395986,-6.160647008689133e-10,1.1041450039894958e-09,-0.10912594579234731,-0.09882099554081485,0.5145919332163869,-0.008148169734867514,-3.01208981801776e-13,-2.993323904715295e-13
17.6400,-0.19611710533480387,-0.008841876970250441,0.2572161647165159,0.031081426865515852,-0.06806727933736614,-7.019057845484612e-05,-0.1454722494417932,-0.007230637634869105,0.2743682349142353,-0.014009305726622134,-0.01552958666897602,-0.024871813048157727,-0.0005503557652755988,-6.160711821534437e-10,1.1041385609580578e-09,-0.010280087834665686,-0.006859071600596045,0.4389021279585664,-0.007621361608687497,-3.5975806752033823e-13,-3.5766880993395866e-13
17.6600,-0.19944156917852435,-0.009168134358430783,0.26153931281985743,0.03375176149370289,-0.09595222579688718,-0.0007440811020307602,-0.14782585608375265,-0.009521954102106968,0.21524145515053944,-0.012570148489785795,-0.0140097198725882,-0.010862294174196895,-0.000775091537789105,-6.160781122388012e-10,1.1041316604046327e-09,0.22472124982259734,0.21419276584462085,0.743613997402545,-0.012702183333052893,-3.11166999285295e-13,-3.1012128628993274e-13
17.6800,-0.2027274942820624,-0.009515383855415368,0.2650189347657824,0.03661417968356212,-0.1230133296603771,-0.001507764380222749,-0.14173597683506095,-0.011366558757224443,0.17962095342195356,-0.007287458618275041,-0.008944273974590829,0.004968193886598838,-0.0010549000323946632,-6.160865676899299e-10,1.1041232344248294e-09,0.21814718643566708,0.21941801332913585,0.8954709997272133,-0.015189948195733386,-3.3484808892661477e-13,-3.3408313008381763e-13
17.7000,-0.20566165847066725,-0.009880324617071135,0.26747532804959556,0.03966710537061251,-0.14647738911410985,-0.0023083131319423223,-0.12349028158516775,-0.013780897737342018,0.12752544010308278,-0.003175399820848461,-0.004800634455880196,0.021006825876386234,-0.001325526297525349,-6.160942523894863e-10,1.1041155692531635e-09,0.28292476755956825,0.275110319413879,0.8136447572771315,-0.01410912559120237,-5.755962113190849e-13,-5.739023622650108e-13
17.7200,-0.2080024970981818,-0.010261642804861141,0.2690419149075584,0.04291621285338531,-0.16433434691030646,-0.003090685517298732,-0.09608401824966602,-0.015896165845926874,0.08841703013394872,0.0029152982296911305,0.0011234827232265842,0.037148298821402935,-0.0016073085835618408,-6.161051812296218e-10,1.104104664295183e-09,0.339039704634325,0.3153319543667488,0.5536360941259442,-0.010662389909293763,-6.275259175139714e-13,-6.259829894023072e-13
17.7400,-0.2095753137062214,-0.010658790188628307,0.2699351331170312,0.04636684080249944,-0.17519503606907655,-0.0037976520693354674,-0.06061389039782646,-0.01811856165005244,0.04806266044471279,0.007240933104218222,0.005395614333505724,0.048346285464436256,-0.0017915229928579413,-6.161151172570458e-10,1.1040947438631937e-09,0.15607964970565716,0.16080757515875865,0.48760905538088,-0.007040013800134291,-4.027007676973837e-13,-4.0244402862293915e-13
17.7600,-0.2102286094013294,-0.011069129860705077,0.2700924662974919,0.05000678531596923,-0.17783349432055492,-0.004358832716241934,-0.0205629659434206,-0.020577198081786773,0.004539215148090097,0.009882814232115893,0.008074068299555478,0.05518315327945842,-0.0018592673892336325,-6.161265785854059e-10,1.1040832981962427e-09,0.09266885166964094,0.09246849605865677,0.17414682361161876,0.0003965835609010739,-7.395770194179585e-13,-7.38157365093306e-13
17.7800,-0.20993518840343006,-0.011491675501115751,0.26954913250561524,0.05383956825500276,-0.17204313211695085,-0.00471956859888643,0.019783026370479437,-0.023248555855223025,-0.038978167810528666,0.010870696598008111,0.009028298551663748,0.05545880067581499,-0.0017667087833480367,-6.161388983254687e-10,1.1040709949845707e-09,0.08324251302862587,0.06011311936811089,-0.22340094338359257,0.00936039657476634,-7.971260370526201e-13,-7.956892523336423e-13
17.8000,-0.208830917853826,-0.011929607153637372,0.26858860122503014,0.05790706172877564,-0.1589689296151356,-0.004863803328016728,0.05517816398398118,-0.025358784055491822,-0.06221909877001379,0.011168623325366743,0.008990950132199887,0.04899720178613285,-0.0015229644859077614,-6.161526418624846e-10,1.1040572722475941e-09,-0.031788953534997874,-0.04892928287507437,-0.45101780470417835,0.01619482481962256,-8.565405329452602e-13,-8.55044659207882e-13
17.8200,-0.20703796484987486,-0.0123814470468339,0.2669884342494523,0.062220763088233245,-0.13956431898404728,-0.004769188843434802,0.08352141922787822,-0.028599416709130437,-0.10244941046433194,0.00825927724018087,0.006107514520819128,0.03909712886462192,-0.0011340078446154063,-6.161666310696298e-10,1.10404330151623e-09,-0.19405373666891518,-0.19066795351463983,-0.5878265009305303,0.0229504296637601,-5.6537717216254e-13,-5.648883054029663e-13
17.8400,-0.2047770811770503,-0.012847544687258641,0.26465276220950323,0.06680475362449068,-0.11564672057500441,-0.00444819111067871,0.10122327071219786,-0.03202649990494837,-0.13731939116656572,0.004482057646562793,0.0023278626929497076,0.023406842215149336,-0.0005845893243084157,-6.161821337156177e-10,1.104027827503263e-09,-0.14590413538794822,-0.1340114570505101,-0.8997494261985872,0.02738768900159147,-6.36473295942408e-13,-6.347307662107893e-13
17.8600,-0.20232052798909939,-0.013317466185524342,0.26158839623900115,0.07156626346277699,-0.08955601159064634,-0.003935764218377116,0.10777747849255637,-0.035160909485721474,-0.1727287734777935,-0.0007463917625443545,-0.0012980714124123077,0.007339848180379563,-0.00012543363446317237,-6.16186421954849e-10,1.1040235656206683e-09,-0.25554371421388844,-0.1514784279868457,-0.9102950799126197,0.02264803778836165,-1.2986622411129134e-13,-1.279735323787834e-13
17.8800,-0.1999153927066968,-0.01377140390701606,0.2577227873883214,0.07630101514590412,-0.06351635566913622,-0.0032823137194682127,0.10446303760613321,-0.0380547567219288,-0.21342544671408686,-0.00788124251162108,-0.005143152171434113,-0.009997051616336195,0.00023864888519394177,-6.161778779568663e-10,1.1040321396143376e-09,-0.4370394738441462,-0.23089715320109025,-0.7448705878240797,0.013158885604299881,6.824630921151154e-13,6.843000558559575e-13
17.9000,-0.1977197508352006,-0.014183200504221194,0.2526539935190097,0.08072583292482603,-0.03903948122367563,-0.002538977977851521,0.0934383292686704,-0.041142720087753916,-0.2675336706171628,-0.014772350186476645,-0.008191181556922767,-0.024829627985787195,0.00042736179320971413,-6.161576909821617e-10,1.1040523585276869e-09,-0.2749666791875671,-0.08995722495976519,-0.9243379829389531,0.010322337391708023,1.2726163439030769e-12,1.2747715209815436e-12
17.9200,-0.19592617925309408,-0.014535558530789772,0.24674210733636737,0.08459631807075466,-0.0180785385636222,-0.0018082011778138153,0.07800764228373665,-0.04222481771547496,-0.30502923549452887,-0.018753788505948617,-0.008245420041378201,-0.034372969341203666,0.00027323635825384033,-6.161251326036423e-10,1.104084950332159e-09,-0.13769627269576473,0.07139725826012507,-0.2880846050275204,-0.018678372907747227,1.9901810234534967e-12,1.9920835814257742e-12
17.9400,-0.19458180498184607,-0.014808192481412684,0.24033983180032278,0.08765090626892456,-0.0012535082561074729,-0.0011542254810091434,0.059245229575055715,-0.04044122612996075,-0.3200350493097833,-0.020022825266459255,-0.005379585352374159,-0.03931191941984165,-0.00021413186227784404,-6.16076673687509e-10,1.104133454420058e-09,-0.0015707664433010466,0.18205163173276734,-0.22468286040971572,-0.02526402613476473,2.5859405762551635e-12,2.5883344946520115e-12
17.9600,-0.19382753866420924,-0.014988161751234234,0.2341372294725061,0.08965987164433539,0.00987137914011028,-0.000691667261629944,0.031898787937545206,-0.03474050374416429,-0.3011800827894705,-0.019135382976889083,-0.0009763363385867628,-0.04370728848766738,-0.0007546891452816736,-6.160164226528785e-10,1.1041937608574193e-09,0.07441429495536829,0.2264167021402321,-0.18219412072396313,-0.025646109165483967,3.1121797847144528e-12,3.1150229964915788e-12
17.9800,-0.19377948991841512,-0.015064115856485441,0.22878376172760947,0.09041908105917443,0.013982259984928231,-0.0005194445572922966,-0.0035285687999785853,-0.025302619917004852,-0.25231612067071973,-0.0173316733794074,0.0033699182758853414,-0.046257986068097535,-0.0012140253812986483,-6.159534180023367e-10,1.1042568227382232e-09,0.10880937609441375,0.22574009749862659,-0.08453503146283443,-0.022225030281846286,3.492337495580866e-12,3.495480380838467e-12
18.0000,-0.19451067159100327,-0.015024718956196654,0.2247833151921932,0.08976885738047127,0.010277625813600292,-0.0006906771882647677,-0.04445050155431808,-0.012851599500331873,-0.18078620617184682,-0.015016483231134478,0.007632226061626846,-0.04656547363339139,-0.001583141443333752,-6.158804255890077e-10,1.1043298801282218e-09,0.11958170166832756,0.19701068290656606,0.05078730712987893,-0.01416623359764442,3.766847944675078e-12,3.77016733804636e-12
18.0200,-0.1959699655161372,-0.0148572647494776,0.22251063346149502,0.08762404683416762,-0.0006720284688270391,-0.0011587467792809872,-0.08052307019531685,0.0020015863506887255,-0.09054599070766746,-0.010527540004692519,0.012976308445513415,-0.03821161985361247,-0.0019959979472422796,-6.158050866729127e-10,1.1044052842000972e-09,0.24777219105482592,0.26265358883273954,0.5616687938681084,-0.018069191327920474,3.718783961326189e-12,3.7219359538820385e-12
18.0400,-0.1980608459090357,-0.014551196602314045,0.22211562092168835,0.08397599951171755,-0.017746645448331495,-0.0018188964278923793,-0.11257357217069548,0.01719101336446351,0.002977211054681102,-0.007166806463394806,0.016107428614685504,-0.02992191360351774,-0.0020259541846166843,-6.157297178822772e-10,1.1044807172314463e-09,0.13259318532525666,0.09360997715883189,0.37757979935017916,0.009584767358633723,3.694135275456034e-12,3.697262548202351e-12
18.0600,-0.20070469941748986,-0.014101490098606404,0.2234621264410743,0.07888216581077971,-0.039968141974329414,-0.0025496336789299465,-0.13470088335686753,0.031299908373266926,0.09045416552262253,-0.004035745889099077,0.017727406007559555,-0.01942136993211751,-0.0017677959190257574,-6.156591523548974e-10,1.1045513420850678e-09,0.17670119275011384,0.06770556352184788,0.6520447308127953,0.015400543458918172,3.346558273553679e-12,3.3493594182865127e-12
18.0800,-0.20364963324172367,-0.013508411999248179,0.22631124836108912,0.0724864734230843,-0.06472016941183739,-0.003159867744157676,-0.13927858870909815,0.0432744244058864,0.1650630608561831,0.00026714979318783556,0.019099002968553627,-0.002852574034096342,-0.0014750378485395726,-6.155977855864598e-10,1.104612759844835e-09,0.2495092816906349,0.06844291527972564,0.9663885786574168,0.013481446806633162,2.7837654056894756e-12,2.7861025118924854e-12
18.1000,-0.20659592767770432,-0.012784484272864063,0.23045365772866958,0.06501025661105143,-0.08909216209724677,-0.00348503739373229,-0.12682520362826363,0.05271724827642997,0.23127548030401063,0.005743032928433472,0.020051399886274864,0.015112879922860901,-0.0011369746106843419,-6.155505416253293e-10,1.1046600503479459e-09,0.2882716239060469,0.02004101673335944,0.7628868356827458,0.021310739403259022,1.9127600978802173e-12,1.915297781485137e-12
18.1200,-0.20932299556203585,-0.01195859492508795,0.2357966836447009,0.056758855161069016,-0.11107953904099545,-0.0034536407994718078,-0.10154808382828366,0.05897716107263577,0.28982742054387955,0.011518168035417853,0.019533847756765577,0.03095155114005263,-0.0006913620573852179,-6.155196694218811e-10,1.1046909645499169e-09,0.24732021880849533,-0.06928773778436485,0.901037612698906,0.01661296794165594,1.0400469548088598e-12,1.041526673933868e-12
18.1400,-0.21150033582994177,-0.011067791156411426,0.24183572129954797,0.04808613918783954,-0.12776578572189132,-0.0030343953134757363,-0.06096790457016745,0.06052532233759271,0.31340791988506284,0.015694877548832153,0.01715818593349456,0.045855936962980896,-0.00038288385567197743,-6.155105479498772e-10,1.104700114102424e-09,0.1872375568050396,-0.1759249978767499,0.7477336720394056,0.013762022878154515,5.846361162385478e-16,1.8272866011780466e-15
18.1600,-0.21285552792342177,-0.010159472434230422,0.24797146121771957,0.03940481909510676,-0.13683437638666524,-0.002292439115794424,-0.015199966195811682,0.05798356548278618,0.308354415477614,0.01855018649217558,0.012530492877211065,0.05574181749142951,-9.57798309115624e-05,-6.155202726820186e-10,1.1046904127524375e-09,0.07545652191989312,-0.25136726442939095,0.25806825569905173,0.012335307411601186,-5.915136002537791e-13,-5.90415628713703e-13
18.1800,-0.21333664822989526,-0.009260855697531854,0.2538366836912371,0.030916213117084344,-0.13793451142603919,-0.001356203250498209,0.026442278427765392,0.054159673830883714,0.2850622426712274,0.01798333815694684,0.007727829966930619,0.05633398533502272,5.101686996571188e-05,-6.155304094444875e-10,1.1046802965843345e-09,-0.11511363285530901,-0.238279630010956,-0.16170925613684356,0.004109349322799673,-4.3388068745459085e-13,-4.3290430918815903e-13
18.2000,-0.2130258388845344,-0.008374411276184976,0.25917005919271624,0.02259310624915138,-0.13182689035492057,-0.00034648232733016716,0.058556568995253654,0.05038756669782328,0.25405140083740985,0.014885571067560522,0.0033020068685271457,0.04864436076322809,0.00011925743991063838,-6.155382591234023e-10,1.1046724708460675e-09,-0.14649015286458586,-0.1780606906052721,-0.6147865245507342,0.003967438556729234,-4.173035072878306e-13,-4.1533887874117825e-13
18.2200,-0.2122355802725217,-0.0075048897459026025,0.2643928147989103,0.014429786472048024,-0.12129931366183423,0.0006177997733357835,0.0756847508143013,0.04733320699988843,0.2510191452450432,0.011856331441827435,0.00014904709694791866,0.03262673805015284,0.0002444311007052165,-6.155447747442361e-10,1.1046659912026397e-09,-0.2611493390758749,-0.23839875817555103,-0.8179477171603977,0.007574970106545856,-1.8966024497441003e-13,-1.8880182790434463e-13
18.2400,-0.21110908046622498,-0.006650235722022111,0.26882180420204377,0.006378186047516915,-0.10759125928386776,0.0014797637180601626,0.08199289493407133,0.044130448560380085,0.20054271747290825,0.004363678104877486,-0.006472254879682515,0.016830146562566813,0.00038258242652648624,-6.155480244821308e-10,1.104662768739084e-09,-0.3234082781705615,-0.27398766967272115,-0.9243035487501607,0.006640131196313088,-1.3704469959026355e-13,-1.3504738234811076e-13
18.2600,-0.2098938580663439,-0.005808830800713589,0.27219897296759327,-0.0016029455682892927,-0.09293054535029209,0.0022053125077773077,0.07512148965834244,0.04183654728689094,0.14638885448264724,-0.002984193235767486,-0.012700376656789554,-0.0012613865577501026,0.0005099160197384858,-6.155494064415682e-10,1.1046614179427002e-09,-0.3642890954937522,-0.30451257582723784,-0.9055924382245328,0.005857367764841372,-2.3850425080003054e-14,-2.1803302300551705e-14
18.2800,-0.20879437215668653,-0.00497745466648329,0.27421222589877414,-0.009555097422096172,-0.07921289096363543,0.0027973492874191594,0.059319582371312886,0.04073972236558781,0.07713646848080999,-0.009923588815868401,-0.01842629542039664,-0.017653009682949347,0.0006164979594793599,-6.155490660230843e-10,1.1046617913040954e-09,-0.2696568898012484,-0.20702802408608081,-0.7470616058808414,0.004755269414399518,6.822327262585165e-14,7.02867126479989e-14
18.3000,-0.20791971129442038,-0.00415200009262902,0.27458340305078,-0.01751314415369669,-0.06749590279663124,0.003282326491476802,0.040118849612460185,0.0411730628468484,-0.003359415937576362,-0.015108570283978502,-0.022429960193714845,-0.028709377048882243,0.0007041126529294673,-6.155473894858521e-10,1.10466349983385e-09,-0.1441777461851413,-0.08245657913481132,-0.46629021106595947,0.004208967529723737,1.4828717138752612e-13,1.5036631878864726e-13
18.3200,-0.2073060995277238,-0.003328064820386593,0.2731872473673098,-0.025505847146736836,-0.058171182712722244,0.0036945056180138296,0.022010205243546105,0.04333766530958349,-0.09292738036588157,-0.018206795015180414,-0.02448365873340641,-0.03315523727893004,0.000796558680216909,-6.155449691991705e-10,1.1046659479670242e-09,-0.13079062901786706,-0.08371871756283505,-0.07072576707286833,0.004710066343034638,1.1559687668888374e-13,1.1654907724686914e-13
18.3400,-0.2069631525414516,-0.0025001444535879607,0.27006195281954426,-0.03356879261293482,-0.05137676863228773,0.004069931757737745,0.004824956798545695,0.047126056076423686,-0.17863078076880207,-0.019038414959104077,-0.02422621881615547,-0.03382167326927825,0.0008875716881118417,-6.155405499632513e-10,1.1046703989166974e-09,-0.04766338713055536,-0.000845297933761826,0.0818356058531846,0.004912880246118761,3.5241102570859884e-13,3.546170518689551e-13
18.3600,-0.20686782930581316,-0.0016632183016833152,0.26517979340427644,-0.041733472482792924,-0.046926848787457766,0.004439688444623048,-0.011208907517179338,0.05241461852152627,-0.25958238343247864,-0.018160115605973092,-0.022223339020595628,-0.03244250136860109,0.000983801213837019,-6.155338960679886e-10,1.1046770892288737e-09,0.16258673720439848,0.23749110211354432,0.007170593083021109,0.004820941525207736,4.606646552933469e-13,4.62998671520165e-13
18.3800,-0.20705051873689426,-0.0008107995925066067,0.25879919353075126,-0.05003968420696242,-0.045135000155343136,0.004845879832046663,-0.027661689522365973,0.05914733745496259,-0.3359820767398309,-0.017165009504318735,-0.020274281929440984,-0.03070740583969458,0.001087862980780652,-6.155268258484703e-10,1.104684192703962e-09,0.04462116154696072,0.09509496757090982,-0.03236872951904274,0.0028353941434365675,4.813670620960886e-13,4.837170160948423e-13
18.4000,-0.20752434511935586,6.321870135788518e-05,0.2510323787572916,-0.05852248747487359,-0.04613628871729862,0.005331310440378293,-0.04593636050757635,0.06673085923211095,-0.39649212440916604,-0.015284417426484252,-0.01737097080460122,-0.02889396198381907,0.0012077513597335008,-6.155174107028866e-10,1.1046936454120555e-09,0.15701456669427208,0.22128530057916715,0.12065798076951502,0.008228577263544866,5.543347898762097e-13,5.562907990155908e-13
18.4200,-0.20827383647224867,0.0009521226967360633,0.24246465047622504,-0.06709803722373855,-0.049776089867471014,0.005926224686394054,-0.06085756344437134,0.0727013954416259,-0.42954602727375024,-0.00868930793295652,-0.012350235452013468,-0.02134004247733001,0.0017795020676227746,-6.155224564245567e-10,1.1046886506829261e-09,0.43200187472661,0.21508082463561987,0.49220930687474457,0.04224809942696206,-9.82215177247614e-13,-9.796857335792053e-13
18.4400,-0.20919429799636752,0.001802947100345773,0.23369599496293006,-0.07526127427370483,-0.055037953744907143,0.006597997645961323,-0.07091625804511086,0.07366431821514331,-0.4285465855154948,0.0011316377344258426,-0.00835877158494689,-0.011522480837765222,0.002745487351573489,-6.155543075394014e-10,1.1046568525807967e-09,0.5798041493697417,0.2135534818908132,0.5480368154533459,0.05693778646658162,-2.2868542996767882e-12,-2.2838436870842305e-12
18.4600,-0.2102032599641181,0.002557728380169308,0.22552174217239018,-0.08246827699162555,-0.06112469103376128,0.007294652149743887,-0.07408891691057912,0.06816475168494746,-0.38840141234671227,0.013654738052071428,-0.00371613718847689,0.0008362577981299055,0.00396854754462518,-6.15613316561896e-10,1.1045979083697392e-09,0.6493578767675382,0.24548701559961789,0.6669574606979299,0.06292542274438567,-3.5223993860578062e-12,-3.5189589957240752e-12
18.4800,-0.21117577360775525,0.0031621885776213104,0.2186983126482239,-0.08823000747503124,-0.0668480880532525,0.007926460875904508,-0.06806601102234255,0.055772990582937755,-0.3124585812369079,0.02514318650534518,0.0007456615118115538,0.012996669289569412,0.005064960675213644,-6.156858117345214e-10,1.1045254783559298e-09,0.6153181480052703,0.24505815097398742,0.6661127891872091,0.05769854021405658,-4.446317446171744e-12,-4.442547024696708e-12
18.5000,-0.21205254478577162,0.003573490965750334,0.21399382493622893,-0.09216031632047085,-0.07165846183037348,0.00842059040886461,-0.05657482890645036,0.0365520631567927,-0.19849198551973485,0.03722529906058033,0.005920461755527596,0.02396230186717844,0.006085946306989364,-6.15792500382021e-10,1.1044188814588221e-09,0.47555388965476714,0.21641799637119974,0.3837513291635207,0.036503550446051664,-5.245998947744912e-12,-5.241938827449388e-12
18.5200,-0.21282581254011304,0.003766038950794361,0.21204488461770304,-0.09402651548977226,-0.07549584304613641,0.008734762198684931,-0.04130182512637517,0.01256532551360831,-0.05739201672577946,0.044858641557380785,0.009980254139582543,0.03018059630228118,0.006590807945349689,-6.159023134330345e-10,1.104309162800184e-09,0.2506135840866848,0.1666435899059797,0.28280787356025083,0.0138139777257439,-5.173467557129108e-12,-5.168764721785735e-12
18.5400,-0.21341997460237608,0.003732776106005294,0.21300284848480688,-0.09378458488876586,-0.07765791024179115,0.008813633000118741,-0.020548022760762712,-0.012303748510576399,0.08512146816082847,0.04761779255094129,0.012292775835526905,0.03439778429699401,0.006663193233708889,-6.160016116311709e-10,1.1042099488566995e-09,0.054522072138361875,0.077480937475582,0.09443394053053594,-0.006657068094044464,-5.1844032539216656e-12,-5.1797654707086416e-12
18.5600,-0.21377100612031993,0.003470607822999992,0.21670142968107603,-0.0914215834324432,-0.07754972451933194,0.008620483059880344,0.0028304061337428464,-0.03572471290098237,0.21424057159698506,0.04681411866654571,0.012323773309612696,0.036699880397329986,0.006435912959258062,-6.16106625895816e-10,1.1041050169437148e-09,-0.13766841559917015,-0.049670517799230554,-0.043527262817831716,-0.02232691757200836,-4.993222849081214e-12,-4.988757670854049e-12
18.5800,-0.21391987718851788,0.002993170602479757,0.22285487356105482,-0.08705800129716615,-0.07555539385542517,0.008191545710368644,0.01947373813748539,-0.05580793077511494,0.3328474098136175,0.04162379672749694,0.01065572026366209,0.030983206893291357,0.005656919865915848,-6.161996929880433e-10,1.1040120317633958e-09,-0.3654225508712888,-0.11616847940802062,-0.4231352742879017,-0.05118880386690394,-4.332650557770101e-12,-4.329131671199082e-12
18.6000,-0.21398282884411143,0.0023393121227643027,0.23102739678907905,-0.0810363313775564,-0.07275840689186215,0.007618455751921577,0.028549939491378414,-0.06981002070969847,0.4246730113199998,0.031686713669724,0.0074203027648896604,0.020700287360989007,0.004376759712532965,-6.16276890058394e-10,1.1039349113118777e-09,-0.5596919420938655,-0.19540299344206155,-0.3887915128934718,-0.06404901245232608,-3.176494657586293e-12,-3.1734532536520366e-12
18.6200,-0.2140409468439678,0.001558094100224142,0.2404642213298668,-0.07380517203807126,-0.0699147944683844,0.006978562044033818,0.030024815502773538,-0.07652600436074859,0.47785250094955983,0.019654145685412416,0.00347557867318281,0.009225406738296592,0.0029494751109557732,-6.16323227476021e-10,1.1038886364375374e-09,-0.6883873977265653,-0.21958304854568547,-0.714230902240487,-0.08184702599527151,-1.8047499258933009e-12,-1.8014966688545409e-12
18.6400,-0.21421155149646567,0.0007075069642623547,0.25036909297013615,-0.06589660224826889,-0.06813111558149769,0.006352877019145679,0.023472196939257686,-0.0763101708860587,0.4901448136112762,0.005127131371977586,-0.0011833806185631477,-0.0038572153610600267,0.0012984372620183386,-6.163456774567517e-10,1.1038662401032388e-09,-0.7505124131042948,-0.23978186031684018,-0.5951073865527426,-0.08174419076509881,-3.9654580617429214e-13,-3.938103640931112e-13
18.6600,-0.21447689031979444,-0.00015621354323912262,0.2596374766254456,-0.057852820281566485,-0.06724043497250594,0.005761221259249103,0.01579760955974477,-0.0696106951265208,0.44548898411248194,-0.009703162231453445,-0.005815629077457533,-0.012431885665805503,-0.00020546882786380392,-6.163415278394701e-10,1.1038704261707403e-09,-0.7056883484590615,-0.2181872575227173,-0.3362438993742695,-0.06831920651634438,5.895326544644308e-13,5.909611992468977e-13
18.6800,-0.21485032464703518,-0.0009961088065563305,0.26759879027851907,-0.05002753218501118,-0.06736987872035637,0.005219331721858745,0.004341983054518678,-0.061375809363075504,0.3819080722652152,-0.02007076651132645,-0.009122972631810729,-0.019413205566871462,-0.0012581538810867733,-6.163296445763787e-10,1.103882344079349e-09,-0.4166713640894071,-0.1981649366453086,-0.34146637898552623,-0.04001619604460057,4.0266357956286747e-13,4.0382768743546515e-13
18.7000,-0.21542565252828005,-0.0018129291058447314,0.2740404308556691,-0.04241007353204247,-0.06940871177484058,0.004731942107130422,-0.011137471285684439,-0.05376761878206552,0.3008256424677869,-0.026416953361868757,-0.013042827767515752,-0.025906969491140935,-0.0018571391664038708,-6.163205285746427e-10,1.103891492752e-09,-0.20054158518115253,-0.13904590094487848,-0.317729568874882,-0.022425538369469297,5.146975510725293e-13,5.168390672036227e-13
18.7200,-0.21624096128402961,-0.0026135883490907017,0.2786981683310728,-0.034942889945988105,-0.07370911814150959,0.004277209174062253,-0.028739165181761568,-0.04744554518706871,0.21061150722500516,-0.029599019429507854,-0.016181498274868925,-0.02962411894036357,-0.0021518834773619974,-6.163146729106529e-10,1.1038973763190978e-09,-0.1421300941867649,-0.1832534880281198,-0.061498787170223716,-0.008836173672892043,1.3998982637160318e-13,1.4075435153353133e-13
18.7400,-0.21731650157501503,-0.0034043220792411106,0.28148000731945866,-0.027578501444652258,-0.0804413645413465,0.003827325486568631,-0.04808444547607301,-0.042717088871966506,0.11873601747976281,-0.030264590098536402,-0.01769235168696802,-0.03106054023259749,-0.0022780157064765565,-6.163098166461871e-10,1.1039022630053951e-09,-0.03283555814529744,-0.09005258691292649,0.021513696366580855,-0.003675205150588474,9.677081727089976e-14,9.742047121265307e-14
18.7600,-0.21860376385959948,-0.00419093229616619,0.28205195167061137,-0.020278249433292362,-0.08912188403800786,0.0033451908311610164,-0.0671777043399556,-0.03928062252797963,0.00951238123370061,-0.030212603082491737,-0.018848956011814723,-0.029696361070762445,-0.0023032329905107634,-6.163066625554833e-10,1.1039054424339309e-09,0.07842950080733135,0.023661852873749056,0.05130447407527631,-0.0002959461902452247,7.294638254985025e-14,7.35521263036179e-14
18.7800,-0.2201391068693105,-0.004975572367059318,0.28076240370158817,-0.013031582378190283,-0.1000573049399498,0.0028088544412727475,-0.0878306981462501,-0.03786502781151353,-0.07809531028318423,-0.027478984604061885,-0.017195395619954406,-0.02703053905816893,-0.002282157705806967,-6.163038209149183e-10,1.1039083140618202e-09,0.1771489944592836,0.12274984148073544,0.22977301556713287,0.002191201208341751,1.4687418490623438e-13,1.4875573646142004e-13
18.8000,-0.22181896560892675,-0.005761856695656166,0.2776931796642316,-0.00581425639577038,-0.11224915415371368,0.002186754947776273,-0.10340729762605919,-0.03794011919207695,-0.16561349178208387,-0.02340767575646847,-0.01424413705709896,-0.019011642811784853,-0.0022065100770122274,-6.163020975246821e-10,1.1039100632882957e-09,0.22568800835487018,0.16927179588641963,0.5757334732910624,0.005146817329805459,4.1460602583521383e-14,4.204687813202934e-14
18.8200,-0.22341591985955073,-0.006552542112686589,0.27283290739406824,0.0014010779044186595,-0.1235890504284241,0.001463816622994618,-0.10910929689650713,-0.03941961376590705,-0.24898835772715114,-0.017593401789096685,-0.00952777455352573,-0.005510940590590508,-0.002077892224254691,-6.163015353102044e-10,1.1039106498635234e-09,0.40351058597923634,0.3511184167010588,0.6585229219484426,0.006529674979362479,2.746386170375927e-15,3.3648959812081214e-15
18.8400,-0.22476934897993586,-0.0073487833275305255,0.2667626589694019,0.008638020120881502,-0.1326317272822873,0.0006548943375464011,-0.10400524466162153,-0.041987769901386286,-0.30620367134920856,-0.009937033253770834,-0.002904073763144113,0.00966232904362764,-0.00195423217620349,-6.163023364665088e-10,1.1039098725779398e-09,0.3702891908200042,0.3199211662673954,0.812791716482036,0.005854782282747836,-6.153850215864787e-14,-6.084099424350647e-14
18.8600,-0.22569015021650188,-0.008151556048460145,0.2599348013244838,0.015926227952132947,-0.137696177592682,-0.00020107134767467942,-0.08672526230732082,-0.04506026449014248,-0.3379606019583949,-0.0014875470721322109,0.004497023676943034,0.02414821727863329,-0.0018533770984029854,-6.16305216226226e-10,1.1039070215389955e-09,0.4008486829659319,0.34944029637616975,0.704118175501205,0.004208486317105678,-2.318150554327103e-13,-2.299025499055002e-13
18.8800,-0.22599295113401233,-0.008960814152105017,0.2526580299300948,0.02329311913914301,-0.1371339000191697,-0.0010382300609138022,-0.05695750888553871,-0.048368389579725245,-0.36067227780895667,0.005349600909529692,0.010394201667913909,0.03663225203045782,-0.0017787952127091655,-6.163098223452873e-10,1.1039024397952924e-09,0.3236853008977742,0.2765637598511734,0.589356723486431,0.0036528550647545,-2.604173929450504e-13,-2.594480077826311e-13
18.9000,-0.22551445940735496,-0.00977490645085308,0.24501303842327288,0.030760765330359655,-0.12945238541139348,-0.0017645917247378939,-0.016619904867114673,-0.05195122976582246,-0.3863821373886613,0.01043324133205786,0.014613534213083137,0.047415041285837255,-0.0016865349722134553,-6.163168908469415e-10,1.103895393916492e-09,0.2151214284034278,0.1732595492683431,0.36842336406041415,0.005633671845020798,-4.0974526289289104e-13,-4.085622356923835e-13
18.9200,-0.2242182415600329,-0.01059277008317112,0.23722997326396686,0.038365023436412654,-0.11422481746064489,-0.0022839101040734856,0.02839149604630204,-0.0552012843628525,-0.3927411766421297,0.014226131316829016,0.017524690231201265,0.05112571139520677,-0.0015415154511362876,-6.163266916310405e-10,1.1038856193187482e-09,0.15991642623399657,0.11390156861763279,0.021353181155585148,0.008833591308672905,-5.655351404190712e-13,-5.641018251470453e-13
18.9400,-0.22229806161395596,-0.011408172718380034,0.22989896821852107,0.04608717100310693,-0.09305027375853263,-0.0025348982793569337,0.06551640642955395,-0.05631303270700979,-0.35942102856995756,0.016075936531706497,0.019779319540002515,0.04314738472494531,-0.0013680791500221784,-6.163297808582502e-10,1.1038825708386617e-09,0.01423430478346402,0.12775989668607882,-0.6925356220280746,0.004206981395672381,3.853008949221415e-13,3.872326179328589e-13
18.9600,-0.22015262300781055,-0.012187153733016466,0.22388607125615498,0.053614953623659166,-0.06945707075232073,-0.0025164498593614323,0.0871209509461242,-0.052882572096637236,-0.2861099005226995,0.014602799072955731,0.022307142064048692,0.026783509268800788,-0.0014362075973658396,-6.163118132894113e-10,1.1039005936341572e-09,-0.13601634977147592,0.09978223981449572,-0.8396591552297904,-0.008623864617544278,1.2857627289253326e-12,1.288756644804434e-12
18.9800,-0.21799103580986026,-0.012891813676619224,0.21946682350665375,0.060585009583656126,-0.04533163148258296,-0.0022463269608487763,0.09712933967209128,-0.04595292701046681,-0.20390352547574958,0.010874471446320026,0.023453953688038834,0.013744766787657814,-0.0017292115574131406,-6.16278640894459e-10,1.1039338176065587e-09,-0.23659622695580598,0.018609665183867682,-0.7234276795103172,-0.01655185380279158,2.0685792488650545e-12,2.0715078957733724e-12
19.0000,-0.2160602138998408,-0.013497151712223246,0.21685576082706512,0.06670842618666237,-0.023047572190921246,-0.0018137445102925358,0.08855079182418604,-0.03574423805030843,-0.10581790936902717,0.0053962235437258555,0.02276555439915215,-0.004454830949015477,-0.0020235872419273313,-6.162284557649693e-10,1.1039840698568362e-09,-0.2672643543176198,-0.06936325178359903,-0.930525169609819,-0.012597665450253398,2.6455426391236436e-12,2.648940962413082e-12
19.0200,-0.21464831361652748,-0.013993148348076115,0.2163993615356463,0.07177996804519961,-0.005534851795897633,-0.0013755582491474603,0.06289180502270743,-0.022889298903533205,0.006644693826570391,0.0006593276703183906,0.02109840322291229,-0.020842642079379435,-0.002265546458133225,-6.161746519667468e-10,1.104037940797097e-09,-0.23343124181947245,-0.10583367827429752,-0.7833632919110071,-0.012351659852783447,2.9704468051949817e-12,2.974077147749332e-12
19.0400,-0.21389572411168387,-0.014377726403724712,0.21827135274518075,0.07567116247682057,0.005622315068322333,-0.0010649301365329741,0.028868164740405395,-0.008520273906804703,0.12435560491686677,-0.002973597772368501,0.019184824701990764,-0.03222187292712775,-0.002565832860655565,-6.161107867268276e-10,1.1041018825322501e-09,-0.16923801321442802,-0.1262826849488622,-0.4474997282258997,-0.010486283306137264,3.109611526608269e-12,3.1133004160799338e-12
19.0600,-0.21383230288712335,-0.014654296401059622,0.22242644266978331,0.07834055644996345,0.00996033568872578,-0.0009654669922174621,-0.007859764221347548,0.0057642122436423774,0.23496098861181994,-0.005379285636739932,0.016845656602396997,-0.037231279512993015,-0.0027166717294625177,-6.160561150737721e-10,1.1041566184203814e-09,-0.1038081482065709,-0.1365857143780307,-0.13337936975919487,-0.005775850931124261,2.907006666635903e-12,2.9104145309044593e-12
19.0800,-0.21449439789756697,-0.014832077785629907,0.2285016106328272,0.07982815490152577,0.0070442847568195225,-0.0011367513334455852,-0.04552533190877972,0.01797191443798546,0.32317453847573846,-0.00852088827595001,0.012562058683467691,-0.041626746136499755,-0.0025779831031872667,-6.160040449633957e-10,1.104208749985939e-09,-0.23045278859804683,-0.318351155212336,-0.3302374109161097,0.019083022817152392,2.7916874541233927e-12,2.7949842960894866e-12
19.1000,-0.21590284038335256,-0.01492268842114826,0.2358624703655385,0.08023827979779515,-0.003286732368373452,-0.0016003214883366379,-0.07894862287216954,0.026828474303527732,0.3789275277433459,-0.013203729318405017,0.004917804958145345,-0.04458779460896856,-0.00204658926151603,-6.159426227328125e-10,1.1042702446334212e-09,-0.15757607041844018,-0.3096840324952987,0.08238259396310822,0.0234194513276857,2.3240723581730016e-12,2.326803246605058e-12
19.1200,-0.21793626981721545,-0.01493650824120096,0.24376958523950162,0.07973807276529851,-0.019677604519878766,-0.00229089403118321,-0.1023105438466225,0.031803683488927835,0.397454716563439,-0.015610401722711444,-0.0005279100888980195,-0.04071527009465998,-0.0016139333117769165,-6.159046613906263e-10,1.1043082502724217e-09,-0.11479396917826597,-0.2958389836086304,0.3177237902100191,0.024362165376226094,1.9122847836477996e-12,1.914495255037063e-12
19.1400,-0.22043507947429722,-0.014884141180326766,0.25140784452227816,0.07851947376933101,-0.04037994072023432,-0.003114517767958904,-0.1164898982040798,0.03276686975513946,0.37674858549175794,-0.01755018391713777,-0.0064845844252036594,-0.03265605521339926,-0.0010965363274203666,-6.15870129094116e-10,1.1043428230322244e-09,-0.06597723938026785,-0.26454479116710417,0.4269416767136912,0.024210190976045213,1.3965692751555236e-12,1.3982487043207037e-12
19.1600,-0.22328491782036072,-0.014780179638260983,0.25820196310044086,0.0767934584370571,-0.06413214794260273,-0.003998896264861038,-0.12744281444316238,0.031069969252830516,0.33475623480442407,-0.01786801726070381,-0.011247765686484243,-0.025555778189388947,-0.0005580345848103484,-6.158475535245556e-10,1.1043654334031566e-09,0.021091044285903117,-0.1860689580686609,0.41607693169232157,0.021266430013610338,9.008056887221949e-13,9.01957328269809e-13
19.1800,-0.2263287283057208,-0.014639403679547315,0.26374407022686713,0.07476389088189107,-0.08933604155361848,-0.004867398617458009,-0.13097047977111537,0.02712322761610202,0.2708376179689826,-0.0161771331156484,-0.013430872277097317,-0.014912987557601301,-0.000315293483102476,-6.158366007644942e-10,1.1043764101752465e-09,0.17419054398980702,-0.03628261072794648,0.585133987240686,0.007568730941953363,4.606288224115462e-13,4.615369501512201e-13
19.2000,-0.22939235431113483,-0.014479926759872926,0.268090109846436,0.07264408327817667,-0.11433421780114753,-0.00565936967579246,-0.12937856815801124,0.02317445170675488,0.21674855934850576,-0.01137580195179933,-0.012724266919193502,-0.0026454719652617333,-0.0002847513163398948,-6.158353261915922e-10,1.1043777093710503e-09,0.23307520915690577,0.055154326596009884,0.6944958707276095,-0.004668457448339431,5.611072180890589e-14,5.6757333208312666e-14
19.2200,-0.23224353231926348,-0.014314503214202638,0.2711600518005023,0.07057979783806807,-0.137039914237167,-0.006311027377990518,-0.11911331852294253,0.01832084069799365,0.15276494978953314,-0.005917876180394143,-0.010639068803796545,0.012307429333735057,-0.0004915744778321713,-6.158412370382374e-10,1.1043718183243323e-09,0.2443976899199278,0.111740618388501,0.7442890612969416,-0.014254919077127299,-2.720474128088679e-13,-2.7162527869301067e-13
19.2400,-0.23467933468094695,-0.014156349812743512,0.27310332519973674,0.06869563094657273,-0.1557267990298888,-0.006786542502244065,-0.10124366327194852,0.013760543209538456,0.09716425640158177,-0.00028473534205640045,-0.007490841044288645,0.02486428643854544,-0.0007905045201212027,-6.158528664889493e-10,1.104360206767293e-09,0.25606540869631694,0.15389742131382156,0.6647289175149405,-0.017611958497029703,-4.873565743676589e-13,-4.870884511704032e-13
19.2600,-0.23649326860717657,-0.01401350401786196,0.27396325102506425,0.06705858874473457,-0.16867875494666926,-0.007053988875384731,-0.0757177638095107,0.009143476730764964,0.040642930655557116,0.004606577677535922,-0.004180903423663208,0.03658762851407954,-0.001143632222910672,-6.158672094087049e-10,1.1043458787175868e-09,0.1859304876345943,0.14663851894238433,0.5551494479523759,-0.017908743663143184,-9.488685878689118e-13,-9.474993489452799e-13
19.2800,-0.2375454452875511,-0.01388851111854209,0.27386705163166214,0.06567867691505908,-0.1747700867104194,-0.007098171880614964,-0.04481109174552917,0.005364431438202833,-0.004631897268292757,0.008953205802120924,-0.0005350747666837687,0.044021340978418096,-0.0014402067516689136,-6.158825949369514e-10,1.1043305104867017e-09,0.16457637990471238,0.15485138414754934,0.29178155931882876,-0.012383618333796413,-5.135093739117025e-13,-5.133859917044736e-13
19.3000,-0.23778446016295268,-0.013783213548784557,0.27301110239612425,0.06456121676136771,-0.17360910048425687,-0.006925494990992052,-0.01056797035999682,0.0016197522077425644,-0.0527366037176734,0.011237049927298313,0.0018884658810439862,0.04793552293235454,-0.0016141598118771133,-6.158979229619335e-10,1.1043151985885768e-09,0.06738760835137352,0.08259882405756032,0.07142020983242775,-0.004040206183132288,-5.163405510447139e-13,-5.161887627405659e-13
19.3200,-0.23717687377397,-0.01369586905133626,0.2712672901134556,0.06369116915378797,-0.1648849005064641,-0.006536649689909313,0.02373951450729811,-0.002288487626311642,-0.10519115899697695,0.011345542415025636,0.00248701971452397,0.04744301676626948,-0.001607937007729815,-6.159114886300538e-10,1.1043016473860988e-09,0.04857913458963655,0.05155787092164343,-0.22811360937891256,0.005609388831656586,-9.219033956370248e-13,-9.204768024184684e-13
19.3400,-0.23580759121251046,-0.013627554631716563,0.2686375088663997,0.06308250205646888,-0.14925907249624357,-0.005962094017329743,0.054475381669566295,-0.006019833490187049,-0.1528016851905556,0.010372588183329003,0.0019610547375061623,0.04165710483852662,-0.001415452036570211,-6.15925804079704e-10,1.10428734883439e-09,-0.05142106069998249,-0.03861381320916485,-0.4313351383946807,0.014173187448939098,-9.270301540298398e-13,-9.25485599614917e-13
19.3600,-0.23386851333520536,-0.013582030135498722,0.26527005843012086,0.06277177049192237,-0.12830283771504528,-0.005256965640402477,0.07840429256298778,-0.009428325327024822,-0.19053949365747183,0.008575002493738696,0.0004509885829355844,0.031033076333620242,-0.0010527965541496547,-6.159411320496084e-10,1.1042720433858582e-09,-0.15246497780671933,-0.12811384895621794,-0.5746649237804382,0.020952764923020364,-9.302103358421743e-13,-9.285070542291995e-13
19.3800,-0.23155583195828985,-0.013559664522374962,0.26109326932335886,0.06276374269641513,-0.10363143149156903,-0.004466419432228091,0.09410798724168538,-0.01297967113597509,-0.2284111172454299,0.005443345144655158,-0.0021733450070316566,0.017640236418824305,-0.0005838552575730916,-6.159557547495777e-10,1.104257448255524e-09,-0.13117214484533837,-0.10463647051602692,-0.7719845500645206,0.025022947464968665,-7.659411299654195e-13,-7.6405125715856e-13
19.4000,-0.22910049576187516,-0.013555863017668543,0.2561066952409879,0.06300432138467316,-0.07723737729487053,-0.003639026593273941,0.10180746858458325,-0.016734941405404782,-0.2744865908590232,8.179456343811295e-05,-0.005935799620557685,0.002912697620516812,-9.652480224115163e-05,-6.15963951958711e-10,1.1042492776979502e-09,-0.3468692773193811,-0.23199555677767844,-0.638910047350336,0.021077293394376702,-1.8296345341561882e-13,-1.8178449197325808e-13
19.4200,-0.22665579022268134,-0.01355583784976547,0.24986789617090696,0.06334041184652142,-0.050481968491337244,-0.002798529024932532,0.1013934857366253,-0.020553971051977673,-0.32980632037105184,-0.005554809847228619,-0.009409742319957115,-0.011411327293569834,0.0003039843592387404,-6.159650368151237e-10,1.1042482221620908e-09,-0.23419083832044,-0.11788413384807568,-0.7470504389783913,0.017727533901465243,1.108708800766009e-13,1.1249836240519173e-13
19.4400,-0.22450174947044946,-0.013552818883286303,0.24289167396132935,0.06365200389394725,-0.026054657330056796,-0.0020246226831528063,0.09232502109563771,-0.02234411861749251,-0.35879024271316345,-0.008858397286804235,-0.010293790400457737,-0.02488669931559724,0.0005456423837412153,-6.15959421799945e-10,1.104253877135707e-09,-0.11483321356450174,0.01564584115229942,-0.5271531939173961,0.005054100122050668,4.754795732489492e-13,4.776281909042723e-13
19.4600,-0.22278492037802453,-0.013535272390258124,0.23563746653068324,0.06377658958569513,-0.00551329996594523,-0.0013666360638493141,0.0755032558904563,-0.02186563722044194,-0.3617710336636487,-0.010143184395438327,-0.008803946317277397,-0.03535702029590472,0.0005706749634501164,-6.159449853867255e-10,1.1042683654897995e-09,-0.011002967927865865,0.1204575169005831,-0.4744231714381639,-0.0019678810580340384,8.770435549684819e-13,8.798199798917827e-13
19.4800,-0.22169979019826253,-0.013494365033380893,0.22886581167944967,0.06355417149150586,0.009024249018117174,-0.0008995468469357653,0.04741524447371786,-0.018387766784636904,-0.32690187010708766,-0.009439431072811942,-0.0055296979224824325,-0.04347818495074658,0.0004626944747142341,-6.159235685924974e-10,1.1042898434851798e-09,0.0686046351520608,0.19347376434662245,-0.33680472446344173,-0.008039601837542593,1.2403580766651157e-12,1.2436557859929476e-12
19.5000,-0.22138484069082714,-0.013420881611726882,0.2233019294219005,0.06283254857568021,0.0159630961982085,-0.000680317176402259,0.009345403771870982,-0.012186215763776886,-0.25881451322363996,-0.007762656860371714,-0.0016105159354978058,-0.04835138262848096,0.0002823394714582319,-6.158969966191431e-10,1.1043164819708676e-09,0.10040730957572232,0.2104636453668118,-0.18215861273334905,-0.010140425709579001,1.52062585613566e-12,1.5242852553082331e-12
19.5200,-0.22192454640369702,-0.013305246568502195,0.21949340615744575,0.06148714142187405,0.014327240984517759,-0.0007355733604289045,-0.035377534497900674,-0.003959048839451389,-0.16653109556402532,-0.005632548619241353,0.0024913795792581594,-0.04999363371761991,8.652214555618306e-05,-6.158639931277103e-10,1.104349560921037e-09,0.1658385973428415,0.24845251515878017,0.16023650109853171,-0.013219597791512905,1.6503478271479022e-12,1.6540367166195669e-12
19.5400,-0.22323534058518815,-0.013137285456602208,0.21784914868495145,0.05945616265833084,0.00497834118347404,-0.0010156814905706909,-0.0746695600338097,0.005726504805337933,-0.055173037458221885,-0.0014011790092756916,0.007908988307510917,-0.04177687826760752,-0.00022198566441372988,-6.158291764516922e-10,1.1043844536258648e-09,0.13515019894745378,0.1770991163356559,0.294707644058652,-0.006518456660280456,1.7791785839743612e-12,1.783017093345829e-12
19.5600,-0.2252521275723253,-0.01291071515245005,0.21845293059341184,0.056735102704963375,-0.011282418125429806,-0.0014589601307346723,-0.10838553119204102,0.015282350574513682,0.05795453151404865,0.0017980008487323994,0.011380078697545785,-0.03238523338675466,-0.00032400973511774884,-6.157951713686548e-10,1.104418532625903e-09,0.09094538710223904,0.08168756778512208,0.37895515322455287,0.0032538079834545375,1.6427696876430975e-12,1.646389621856592e-12
19.5800,-0.22788309884273292,-0.012624186739976473,0.22109920376184158,0.053384095950083546,-0.03332546407272154,-0.001984807424353694,-0.13380485067978626,0.02341993482855811,0.15854529130911482,0.0034665624370280018,0.012270949222727291,-0.023294743266487058,-0.00017968586708428817,-6.157652511291919e-10,1.104448521322108e-09,0.09331869589967084,0.02677221553443141,0.5744534357188152,0.00879107631592634,1.3383354754287202e-12,1.3415557727214367e-12
19.6000,-0.23090933516647205,-0.012281763913950689,0.22540618368478402,0.049529446092239214,-0.05880891258152298,-0.0024829210623568683,-0.14165669317870005,0.029527606194530858,0.23988656401741454,0.005864100742806386,0.012734037708825356,-0.00839417850917864,-2.0480623174160414e-05,-6.157430701882971e-10,1.1044707607165707e-09,0.1513531186417326,0.02790907076928265,0.9141538305331122,0.0059994699288937236,8.788299948880862e-13,8.814601609383188e-13
19.6200,-0.23399963803718615,-0.011895187523285436,0.23094606940612764,0.045354204200746706,-0.0844697445392149,-0.0028457021085773132,-0.13026035820968718,0.033280944559062886,0.30066342494530224,0.009357148977580927,0.013136620822783529,0.010292898230647343,9.456674680442207e-05,-6.157318045704639e-10,1.1044820753734643e-09,0.18680629580626837,0.005717891921328222,0.9060842686084946,0.006064653407376831,2.813348512487046e-13,2.834509428388532e-13
19.6400,-0.23695871517796216,-0.01148904892992773,0.23759240501634316,0.04110701564436279,-0.10851177109676394,-0.0030425991150578474,-0.10869910041100446,0.03495510351593634,0.35660861716583003,0.013316311532537192,0.01260569311586886,0.024583071904105833,0.0002914127196344934,-6.157351971329399e-10,1.1044787316577994e-09,0.17301535303476642,-0.05860756512466346,0.6838402259113671,0.008075653196206367,-5.48717430000345e-13,-5.464499295768088e-13
19.6600,-0.23945841690385375,-0.011087713349703316,0.24480002370164716,0.03702040676206414,-0.12802058699755042,-0.0030512306016151655,-0.07050477725326024,0.0337140263566207,0.37151456739174243,0.015616986212437926,0.011189892234355398,0.04037386303618353,0.000309806795776139,-6.157459328162241e-10,1.1044680237490643e-09,0.06084832138377019,-0.07428186626638418,0.8399304004244268,-0.005389013979298246,-5.137239375216374e-13,-5.125067037425879e-13
19.6800,-0.24116720475780315,-0.010694235466923179,0.2518684156585777,0.03310937015725835,-0.14015176332979365,-0.0028621151188606866,-0.026116864011509228,0.03146457681807103,0.35563188999096484,0.015547975558506295,0.009552550899563193,0.05201154096198003,0.00017498289989444074,-6.157551508861078e-10,1.1044588274695837e-09,-0.05865001636728828,-0.0966580871889985,0.344678923416853,-0.006542620482804385,-4.143986586171988e-13,-4.134175640713167e-13
19.7000,-0.24204737293328052,-0.010309970941555809,0.2586067525100016,0.02935525723837925,-0.14472078522838785,-0.0025220352539246345,0.013808752223990122,0.029151160136014976,0.33718716281170735,0.014505177485165251,0.008054886704610603,0.05383794923915,0.00010586917908899645,-6.15762638508609e-10,1.104451359401536e-09,0.018893424338331282,-0.013182095301769614,-0.18616107241627106,-0.0018549165474464147,-5.376364501166742e-13,-5.357635992839227e-13
19.7200,-0.24224707756066163,-0.00993858090680895,0.26521061985950395,0.025762670846487753,-0.1431284015196071,-0.0020992747582710804,0.04498761347452428,0.026906816218889778,0.31853288565287463,0.012940212986613644,0.00637088385617976,0.048017938019454594,0.0001094698788965989,-6.157704477308447e-10,1.1044435750673235e-09,-0.20251924099680763,-0.1856789100136835,-0.35475531481020794,0.001708213340759034,-2.946039137467771e-13,-2.9392964841570834e-13
19.7400,-0.24184767077415456,-0.009578392713032789,0.27112646054661044,0.022299552202234656,-0.1360946010538975,-0.0016357569853627304,0.06525690211409119,0.02436966823572186,0.279686499178479,0.006381007207647447,0.00046272430169876815,0.03430620647036952,0.0002147556519922603,-6.157784647707303e-10,1.1044355874288323e-09,-0.3383316432883856,-0.3027386325120033,-0.6107664197374411,0.0057394349651340385,-2.0002237171266868e-13,-1.9948300823691145e-13
19.7600,-0.24101186065899474,-0.009228706983834972,0.2759088251606974,0.018943721682342037,-0.1250404510694354,-0.0011732806647225193,0.07379975230974038,0.021681795284074205,0.21686866125680598,9.530616238973683e-05,-0.005178847957338561,0.020680583991663323,0.0003411714752504747,-6.157829135751464e-10,1.104431160496325e-09,-0.3023274845109473,-0.27215249488539817,-0.8226171872885177,0.007504485880637363,-2.6064420803953436e-13,-2.58922549199736e-13
19.7800,-0.23998155482695194,-0.00888973433440355,0.2793884194033622,0.01568126235218207,-0.11211773704303479,-0.0007485050017212474,0.07044356200187347,0.019270281100546245,0.14536297414433982,-0.006517067947274479,-0.011135324660393362,0.004265113296215845,0.0004957311970308853,-6.157864467356997e-10,1.10442765082592e-09,-0.377987347710932,-0.34076933634235057,-0.7683716916945593,0.007424455962290237,-9.376685896917564e-14,-9.326639124635633e-14
19.8000,-0.23894136191265117,-0.00856009762078117,0.2811863369772751,0.012488703420396478,-0.09899817130648955,-0.00037820380944845306,0.05739027846966952,0.0172339177857604,0.06338952838292188,-0.013002037186800335,-0.0169479212340825,-0.012540285380277013,0.0006465494287543262,-6.157892334492816e-10,1.104424892634695e-09,-0.2669685146349136,-0.23727536318332712,-0.7750408129805911,0.006763057325893647,-1.3682032395066768e-13,-1.3501951835227788e-13
19.8200,-0.2380638791190738,-0.008238662359696499,0.2811713888003772,0.009348726801805636,-0.08729174193451272,-6.773019068583698e-05,0.0389876566202237,0.015705411931934917,-0.02883212058373725,-0.0174889506999379,-0.02089154835511123,-0.023784889386909425,0.000748689682719576,-6.157908293053381e-10,1.1044233206581985e-09,-0.179711503703587,-0.1523190023149781,-0.5337687238114831,0.004752215013796133,-1.0038236247008475e-13,-9.855450602749144e-14
19.8400,-0.23738427205572332,-0.007923388536093355,0.2790350482944099,0.006243273170294028,-0.07735990116482824,0.0001922061328311779,0.020762475963529793,0.014749376069468478,-0.13702910980087063,-0.02117699458244252,-0.024008362334230888,-0.030506601610244207,0.0008191515124142772,-6.157919954229558e-10,1.104422177574341e-09,-0.14839835363643872,-0.12325180556863762,-0.1416275155071245,0.0021795580818993326,-3.646093301411246e-14,-3.578569867735207e-14
19.8600,-0.2369257733896137,-0.007613027780506361,0.2748245282605475,0.0031636115429727147,-0.06945564141773011,0.0004118768594970672,0.0028639700390314235,0.014564262695137688,-0.23213540779950784,-0.021278509097565502,-0.02369780525805119,-0.032798815858771216,0.0008476276715121178,-6.157929230734478e-10,1.1044212791513664e-09,0.05876848525930782,0.0798972654624834,-0.05034274075971741,0.0008113946283041519,-1.2173183129376118e-14,-1.1352265901951562e-14
19.8800,-0.236727535959398,-0.007305826800125002,0.2688922409741827,9.746117797659865e-05,-0.06398304882478158,0.0006026971863782402,-0.014045993118745218,0.015085189472512906,-0.31551328659868544,-0.019677977649000943,-0.02168169599167625,-0.03196572401883535,0.0008567918933551542,-6.15793192616735e-10,1.1044210394711111e-09,0.0782577401164722,0.09772451644174159,0.12905611333111772,0.00037540618486416646,-2.64795543619082e-15,-1.6219905904773114e-15
19.9000,-0.2367518769572001,-0.006999903388684591,0.26132586094171284,-0.0029666407017001494,-0.06061003528611614,0.0007775208385559411,-0.027982853994592466,0.016201450817239584,-0.39636915405456064,-0.017311795294299888,-0.01894102924935923,-0.028011290236305386,0.0008617013108449509,-6.157929994340647e-10,1.1044212631464718e-09,0.13820502678599544,0.15607840479086427,0.2925761450539886,0.00022031960300376263,1.9105831012330293e-14,2.0370488472030643e-14
19.9200,-0.2369555453516914,-0.0066934466050204335,0.2523124899269194,-0.006040524150302913,-0.05893869474312698,0.0009465895072411272,-0.04069576394167197,0.017830597210276734,-0.46222154444964014,-0.01409770671319157,-0.015367399001651235,-0.023564891156588944,0.0008636974731091051,-6.15792204689586e-10,1.104422092383528e-09,0.21596218090173808,0.2343423897389611,0.2471101588826654,0.0005165086157356599,5.503436654964375e-14,5.670567775105731e-14
19.9400,-0.2373851741475426,-0.006384030866684887,0.2425680602614859,-0.009141421384055496,-0.05941868514463644,0.001122033655544902,-0.05311519925762572,0.019684195742075146,-0.4894681988419663,-0.008600046900627557,-0.009466164605298694,-0.018395482293884564,0.0008840947732127308,-6.157904787018862e-10,1.1044238622601724e-09,0.3167194012005085,0.3373721774451293,0.4354641022911808,0.001993168966149779,1.0730539991721938e-13,1.0943729375403194e-13
19.9600,-0.2379223879498699,-0.006069146283260709,0.23266620598862892,-0.01229024936858655,-0.06092136994220594,0.001309014745370832,-0.0571562204842852,0.021537997059146836,-0.4901566113886111,-0.0014240441334048273,-0.001852304860473171,-0.007102258791780178,0.0009389569862473142,-6.157876335529919e-10,1.104426754445348e-09,0.3934861125531485,0.4170436778392046,0.607004166739523,0.003258554227630578,1.7610484468258414e-13,1.7865339741428288e-13
19.9800,-0.23846540107651382,-0.005746001208475592,0.22335238071408034,-0.015514359980801192,-0.0624764371937624,0.0015068183095699348,-0.054836688490387045,0.022974658962464995,-0.45040131541652084,0.0067919383656127414,0.006871213621024808,0.004901169526826613,0.0010148116043285128,-6.157832769035919e-10,1.1044311662704741e-09,0.4160899242328133,0.44293392075270993,0.5834238722303633,0.004266258708269192,2.57212816583835e-13,2.6015664232256763e-13
20.0000,-0.23894578495945396,-0.005411483186617713,0.215416873204356,-0.018846296870595636,-0.0634340310677676,0.0017115822559189173,-0.0465422088718774,0.02365735331471627,-0.3723175345651345,0.014802806878696114,0.015443181200116993,0.015650501843589276,0.0011076023515775477,-6.157771983199921e-10,1.10443730778518e-09,0.3774860490394045,0.40652657443770274,0.47674092119479,0.004833609286488335,3.475201897085167e-13,3.508542198091269e-13
20.0200,-0.23932677057169535,-0.005062757023924836,0.20956597643007982,-0.022316862188309475,-0.06344645645079623,0.0019180901378718822,-0.03430659915953423,0.023252710131527146,-0.26051436732453875,0.020957220362610517,0.022075662154552353,0.022861659723596744,0.001198588469751763,-6.157707644742943e-10,1.1044438046752016e-09,0.31402206216046114,0.32181606287336595,0.3318690983321425,0.006354017817161741,2.2316686259377105e-13,2.2681761525401856e-13
20.0400,-0.23959910623180594,-0.004711500384129271,0.20635021416107116,-0.025818777382049414,-0.06242637778932045,0.0021128286766511745,-0.020071396354983964,0.02055529662739507,-0.12372758553118927,0.02736020412917114,0.026986355938974915,0.02811096653489169,0.0014522274139801958,-6.157738039641289e-10,1.1044408492416743e-09,0.25485701229347874,0.13597231938836685,0.1512200697735734,0.01469684815358441,-4.1825050367538807e-13,-4.14302544094608e-13
20.0600,-0.23977353023494283,-0.004379875172963994,0.20609015505549771,-0.02914396181366923,-0.06047476895095546,0.002277693933384347,-0.006084230838858038,0.015517060273549054,0.025743506185922492,0.03100933937844774,0.02818964062445853,0.02933948063974498,0.0017240109681675583,-6.15785085436196e-10,1.104429644057812e-09,0.1267313545974797,0.0015714350255837657,-0.01379618982619783,0.012832463963902852,-7.158915387578402e-13,-7.118393331381756e-13
20.0800,-0.23988028820250182,-0.004079707909237219,0.20882597841192624,-0.03218022583199901,-0.057876925597495514,0.0024057420725598143,0.005421291736797268,0.009118751779500351,0.17371194341550092,0.03162578726993789,0.02666886718787312,0.026879457229449826,0.0019177010890534807,-6.158019166224888e-10,1.1044129015884221e-09,-0.0659994844394493,-0.1298142477647764,-0.19829180749599012,0.004404303222928386,-7.567602143890295e-13,-7.527783734903593e-13
20.1000,-0.23996485279975352,-0.0038112623434039734,0.2143114333238238,-0.03492278950925059,-0.05506361285899284,0.0025025879975554967,0.012790857618274632,0.002570177480296127,0.306059123589819,0.028645499493135187,0.023237311247637477,0.0217149680237554,0.0019070254679725092,-6.158145225461722e-10,1.104400369327603e-09,-0.2367573452668895,-0.2234820240196216,-0.3329313373011414,-0.005124426379378942,-5.471405663606821e-13,-5.433803363860679e-13
20.1200,-0.24008045238812714,-0.0035642073623433895,0.2220367246789419,-0.03746571030108644,-0.05254232237903277,0.0025843673135486417,0.015284949662402837,-0.0029356019022305983,0.4101018325653446,0.02221905604136197,0.01791742757712845,0.013927735157487967,0.0017008453421314587,-6.158214346385714e-10,1.1043935287161656e-09,-0.39211827610309125,-0.30066874985598613,-0.4324423949241048,-0.014781623396591656,-1.385809598585669e-13,-1.3519583673057833e-13
20.1400,-0.24027935158768823,-0.003320342642195795,0.231278207829694,-0.039976853304818635,-0.050815101598692354,0.0026737267180395358,0.013066856907925731,-0.006438567844110679,0.47594067747206503,0.012622499153298538,0.01096455087198223,0.00419056452393988,0.0012993134743101032,-6.158184402007184e-10,1.1043965889048697e-09,-0.5070289485869367,-0.3540795835885367,-0.4909185709988598,-0.022659059366231936,4.1038326166129013e-13,4.1328545403659933e-13
20.1600,-0.24061655531705947,-0.00305905659877037,0.24119979664318192,-0.04264527845412062,-0.05041274994300471,0.0027972284735877876,0.0062853598943858014,-0.007589662535804254,0.49974197165960127,0.0026942212351763026,0.003844758340493269,-0.005353157088764309,0.000857716308892452,-6.158086034795998e-10,1.1044064764391835e-09,-0.5080488831009311,-0.3931014074881012,-0.4790002785310617,-0.020861730109796646,5.035282087118009e-13,5.059899981646465e-13
20.1800,-0.2411204877667048,-0.0027757369870801208,0.25096553100111746,-0.045507303123689974,-0.05160918534554945,0.002969926794553689,-0.002553875480062139,-0.007123965750153718,0.48212393949888976,-0.006610564948596821,-0.0041676515408855756,-0.013556741630397762,0.0005342347045057464,-6.157999954350383e-10,1.1044151286416187e-09,-0.4295927644957767,-0.399032485359909,-0.34949916110976664,-0.012865513162973706,3.936903971227257e-13,3.9566711452360126e-13
20.2000,-0.24184041744812987,-0.0024702368708647364,0.259907341764972,-0.04855143255518759,-0.05486977683793129,0.0032108548197437494,-0.015652471461593057,-0.005119360672546102,0.4349878603591074,-0.014538990483086827,-0.011555692920570747,-0.021783209495616896,0.000258863033077927,-6.157908393713815e-10,1.1044243244429116e-09,-0.3605232829453953,-0.3465893181674297,-0.4086535872182466,-0.012756553753253496,3.840394256944546e-13,3.8553752204628644e-13
20.2200,-0.24282904446308523,-0.002140778179061303,0.26760396980751633,-0.05178123101301015,-0.060681326330238455,0.003544702189276239,-0.03077327255044219,-0.0020099851607075767,0.37216407667586093,-0.01968966688951716,-0.01651219494021897,-0.02718821091249043,9.436002590791394e-05,-6.157815878845978e-10,1.10443361320668e-09,-0.15932100806662777,-0.14845824774605706,-0.16061965345891877,-0.004436688320346119,3.149916308689549e-13,3.161575818852458e-13
20.2400,-0.24407973113465253,-0.0017861633231160594,0.27385909630897126,-0.05520356137671838,-0.06895204098887889,0.0039850301219205376,-0.04600396049372428,0.0021596770304868574,0.29686536768620264,-0.022617081124671187,-0.019491120200071335,-0.028836075335968023,4.594011690951131e-05,-6.157728510058643e-10,1.1044423825812297e-09,-0.12900960621462954,-0.14014993064588963,-0.029928096313847505,-0.0009986845971583504,2.7050800835426436e-13,2.71433917009567e-13
20.2600,-0.24559816261282572,-0.0014057144930493609,0.2784439592709572,-0.05882009689566063,-0.07969651728022617,0.004549439233266935,-0.06300204473830304,0.007348546152231561,0.21342890872089249,-0.024112325944404895,-0.021085700246822076,-0.029358930725984802,4.2397162644747e-05,-6.157638585740922e-10,1.1044514064486575e-09,-0.08876064554517374,-0.10972674552345954,0.0536156784136334,0.0015810311934800767,2.3739023984406527e-13,2.381285544184736e-13
20.2800,-0.24732760391623837,-0.0010018974226698842,0.2809404349770322,-0.06261334287661456,-0.09233612216029391,0.005236072816215294,-0.07980328797055226,0.01436148095092673,0.10729610691032461,-0.025284388148398177,-0.022677694632990433,-0.027204218218128625,0.00010051232251871515,-6.157562118300414e-10,1.104459077024176e-09,-0.026713347024935295,-0.049281841278138304,0.178402448954434,0.004963225813513007,2.348103536695817e-13,2.354180218822055e-13
20.3000,-0.24922204153754926,-0.0005736726178213603,0.28132036453110615,-0.06659945142725988,-0.10640183279454465,0.006045964462678097,-0.0963437239684073,0.022105241865073278,0.0034261247270020506,-0.024123058500847283,-0.021637924445951362,-0.02246210753818527,0.0002561704253273322,-6.157464511158317e-10,1.1044688643611325e-09,0.12990258062649604,0.13937663682510074,0.2891993845036745,0.01025806468011498,6.983714821717779e-13,7.002527897814748e-13
20.3200,-0.25117960866160266,-0.00011912784109471673,0.2797484661857914,-0.07081142778442275,-0.12092490383573862,0.006960672024467891,-0.1086565812723784,0.030002146586956123,-0.08913931591766502,-0.020831276957496356,-0.018229463850288605,-0.013998834714925718,0.0005510047555814618,-6.157366120773394e-10,1.1044787248205863e-09,0.1915103217656559,0.1872195125465323,0.6062152410424517,0.020197068935435394,8.023196907194774e-13,8.041502576675019e-13
20.3400,-0.25301888502950537,0.00036261477820724537,0.27645735308262054,-0.07528277899018272,-0.13424481522432932,0.007927193729284103,-0.11251943316130761,0.03766429715883254,-0.16741822290076525,-0.015162170400202016,-0.012141823066959235,-0.0016021841119295038,0.001007949979953598,-6.15723490343334e-10,1.1044918720101947e-09,0.30096170477975376,0.2961537603549302,0.7180462717853464,0.027058624467167915,2.7448675927674304e-13,2.7495285779069456e-13
20.3600,-0.25454673287630414,0.0008591741428266573,0.27181404704353973,-0.07992340322048526,-0.14464429910685703,0.00886016862290749,-0.10536034910933781,0.04380028419101618,-0.23159608367167261,-0.0075551722779772625,-0.006098681372468246,0.012935400770164786,0.0016592470264233776,-6.157204487112406e-10,1.1044949405305572e-09,0.4793891928162082,0.3586065092316785,0.654144678740191,0.03552485206580574,-3.392076929672333e-14,-3.1977750254621323e-14
20.3800,-0.2555424024182395,0.0013306792792100852,0.2660721452701892,-0.08439212021537779,-0.1501875696493283,0.009612591036321816,-0.08576564436775726,0.047372957302148744,-0.2856934651823092,0.0017639837737208177,-0.0012704393708569302,0.02826420195706529,0.002460792220068303,-6.157367333835275e-10,1.104478681408118e-09,0.49032359878094,0.2584690696252451,0.6193737999689015,0.03681650932897711,-1.3711234838481579e-12,-1.370289949217951e-12
20.4000,-0.25588767172275223,0.001738624782330409,0.2597999805055493,-0.0883529160355709,-0.14985767916000775,0.010058062262115877,-0.0558457035837288,0.046573159334114086,-0.3080536369659682,0.010865653149338201,0.0030831471969643707,0.03851078017139771,0.003116817801671508,-6.157650914663364e-10,1.1044503554672411e-09,0.48257436594479325,0.23828387319199532,0.41580251011594865,0.03132122585349314,-1.6465067156912205e-12,-1.6441886914464465e-12
20.4200,-0.25552413306614224,0.0020465908549972375,0.25351867504166126,-0.09148921429863302,-0.1431286702288783,0.010095032932161964,-0.017974895293760975,0.041989848779563244,-0.3105131811840981,0.019135786417350246,0.00620939764382782,0.04545175948923921,0.0036729352986318215,-6.158097144263943e-10,1.1044057704878696e-09,0.37487563549268,0.13283807292838118,0.21995071819556394,0.023337599201625047,-2.794808221656675e-12,-2.7934165397480726e-12
20.4400,-0.25437439955334684,0.002215816786629544,0.2472041868606374,-0.0934750709163411,-0.12922778121276354,0.009625359426303624,0.025130923437250857,0.0360447468131864,-0.3235158859180081,0.023990145713691225,0.005732247813731684,0.04939618457020335,0.004067474326454128,-6.158710250899717e-10,1.1043444921621396e-09,0.17139904158695865,-0.08032292202817973,0.08138283444309602,0.015075748040165714,-3.3372584209989675e-12,-3.3355410447577505e-12
20.4600,-0.25245290162798456,0.0022155028075773226,0.24074737917057135,-0.09405254209686512,-0.10811464307741052,0.008626537606735993,0.06750567232256241,0.028084683385826974,-0.3315471322772756,0.026556264760856783,0.0038788646416588533,0.04682913708209527,0.004270731657148894,-6.159465638219253e-10,1.104268993536559e-09,0.07180060228467525,-0.09710166032055266,-0.3000193487492883,0.004805633231966864,-3.784304467013833e-12,-3.7822184620339705e-12
20.4800,-0.25002393935144496,0.00203731628230664,0.23456630405296025,-0.09312099313927337,-0.08198269969968003,0.007244016393339687,0.09732593766655968,0.016916448322602837,-0.3090293245767815,0.026740209901042294,0.0020675202530130907,0.033813348616466565,0.004115165020408629,-6.160188338304793e-10,1.104196776185536e-09,-0.04265503462758756,-0.09536529878123483,-0.9824303747523987,-0.01862522107755667,-3.960090935728466e-12,-3.9573882365528945e-12
20.5000,-0.24752374131110894,0.0016911466151638952,0.22931715615589082,-0.09067475955459657,-0.05472827176885305,0.005740459407553876,0.10863604448115835,0.0033579322950030876,-0.25711409419515746,0.024853892073492343,-0.00023237648104731544,0.014287069469447461,0.0037233017413098525,-6.160971237735842e-10,1.104118552531853e-09,-0.13794538837269196,-0.1388951910739228,-0.8501197551619526,-0.01692564705866562,-3.962913330823881e-12,-3.959587865920433e-12
20.5200,-0.24518110591606393,0.0011863174505458117,0.22511331985458663,-0.08670407291760633,-0.028491745843666455,0.004290930152744625,0.1064041371654361,-0.01006668193692688,-0.2008645845162053,0.0211965032412547,-0.003117325641606767,-0.0033121733830734175,0.0032968383651931095,-6.161746880302511e-10,1.1040410612068646e-09,-0.2097112812057907,-0.13044520682177624,-0.9320772651024353,-0.026752511003295905,-3.764237619524602e-12,-3.7603019656384795e-12
20.5400,-0.24328587559418471,0.0005450928862981549,0.22231282401931018,-0.0812864909724823,-0.006176592902175763,0.003086300320168784,0.08609681697716828,-0.0237967941691767,-0.12321245750780596,0.01684997335529453,-0.005029405587318005,-0.02146813065082765,0.0026671043260278826,-6.162461532455072e-10,1.1039696798871729e-09,-0.2245363194774299,-0.06686088468722809,-0.8625025092905672,-0.035911698361467306,-3.3710061651814893e-12,-3.366607340127281e-12
20.5600,-0.24200209753534677,-0.00020621685100470928,0.22132631186859175,-0.0745809892519823,0.010391236484519681,0.0022230712443054314,0.05710894768541406,-0.03701926799130832,-0.026212221302726914,0.01402426893663031,-0.003848466035127718,-0.03139305765957759,0.0020591122190979695,-6.163065525148604e-10,1.103909370006819e-09,-0.09505502108450962,0.14108763393859367,-0.22483037040147522,-0.027969556420395943,-2.6725431763463536e-12,-2.6680437373305388e-12
20.5800,-0.24140813941331804,-0.0010395662856489208,0.22237964979590627,-0.06682775365588661,0.020204576149088743,0.0017138038973372963,0.017732469159316,-0.04773936100978261,0.07457096358821555,0.009310026335875804,-0.0033635418261852307,-0.041164328479998194,0.0011143451777774007,-6.163535613587267e-10,1.1038624540430832e-09,-0.3456798600688239,-0.0648079460169857,-0.6822420721092017,-0.06343979968652466,-1.9812020947418407e-12,-1.976539158038415e-12
20.6000,-0.24169031378536296,-0.0019246665759539948,0.22531480829162545,-0.05831427355335201,0.02122230282118803,0.0015529427059385083,-0.028899971394191693,-0.054742437367776176,0.16544866945312292,0.0025876824407023817,-0.004056235966961062,-0.050966000431885684,-0.0002109260628958268,-6.16384123970413e-10,1.1038319826399048e-09,-0.32244627963578965,-0.0022146869002204216,-0.2874911992571342,-0.06701809563952293,-1.0800910946878739e-12,-1.0756597435684911e-12
20.6200,-0.24283591186796505,-0.0028332397938498543,0.22984950889109518,-0.049408542194643246,0.013546146120081693,0.0016184305291854434,-0.07165608655882919,-0.05784572120412658,0.24033312873039306,-0.0037670998400785877,-0.003624848677789254,-0.05289423561527748,-0.0015440605507680276,-6.163949447824193e-10,1.1038212460996403e-09,-0.31698815073517894,0.036793921345560476,0.05573731604520438,-0.0656428733457337,-4.109867556955499e-14,-3.711313483097112e-14
20.6400,-0.24476943665365034,-0.0037352772062420954,0.2354860467359138,-0.0405223722177032,-0.0019247836127769822,0.0017665947936462778,-0.10652877244908736,-0.057009127678140106,0.2893981264103664,-0.010017676378419754,-0.0028417710653086954,-0.049130669206386396,-0.0027712200197586813,-6.16386461724376e-10,1.1038298027651412e-09,-0.2848161363582886,0.020178725353179442,0.2975613514153806,-0.05268789766519344,5.628908797405963e-13,5.662915882748143e-13
20.6600,-0.2473624741136634,-0.004621833407215,0.24158051151326573,-0.03184621369812588,-0.023674173199238063,0.0018646581964368784,-0.13130210897928923,-0.054361984276414296,0.30693247658146294,-0.014323121715138476,-0.0034233850474440527,-0.041085009724195626,-0.0034943003699421846,-6.16376909418869e-10,1.1038394164482547e-09,-0.15296437211498157,-0.059615638380421644,0.5045113742561247,-0.02235949177846239,4.0662330273721903e-13,4.0937262260620777e-13
20.6800,-0.2504187851811858,-0.00550577041113965,0.24746664255601497,-0.023325235425960933,-0.049540159411163256,0.001800485195565046,-0.14459874693400718,-0.051370750168093796,0.29346070789594314,-0.015997911232441046,-0.004485153374462578,-0.02873625189563118,-0.0037140224580607816,-6.163700873507306e-10,1.1038462872580024e-09,-0.02821495576810213,-0.03984354790892136,0.68864687138714,-0.0027893866298262255,2.851472313478154e-13,2.8731780409713137e-13
20.7000,-0.25374395410443196,-0.006396105197851108,0.2527120582273839,-0.014900263420245663,-0.07749265710176602,0.0015028977876200406,-0.1500884040609951,-0.04879597144198604,0.26266545851077916,-0.01556644626435047,-0.004750804298011889,-0.015583332230932898,-0.0036798043006458577,-6.16365358219907e-10,1.103851056706917e-09,0.06629616834407873,0.013347647195027382,0.8144315699515778,0.006713193706907767,1.8068749621513724e-13,1.8228219498053755e-13
20.7200,-0.25703835598472635,-0.007298559953927291,0.25690744961662954,-0.006513252478999761,-0.1046651805054077,0.0009331772954327205,-0.14214947668565153,-0.04688850572924341,0.20927231330869017,-0.01297395688885393,-0.0033482753127718327,0.0025705226915654624,-0.0034676859814033955,-6.163626276692851e-10,1.1038538156582015e-09,0.17998540739606397,0.11771268320122674,0.961598442077225,0.013358822892954293,9.461181837977506e-14,9.584322810222978e-14
20.7400,-0.2600177322028743,-0.00821481451447099,0.2600647454766422,0.0018831938701342336,-0.12851876472797358,0.00010301340597015074,-0.12473842854100295,-0.04594547429795114,0.1652924517890189,-0.00775841501137955,0.0006569604296823794,0.019801062275764034,-0.0031871230751344573,-6.163615905294966e-10,1.1038548809328516e-09,0.3136357572978079,0.2542768243643049,0.7647948716098047,0.01379375217717314,8.225702969244172e-15,9.18647888878757e-15
20.7600,-0.2625033058986361,-0.009144666036103795,0.26256799642516365,0.010328138245258108,-0.14758775668687488,-0.0009372108281427272,-0.09877912735848172,-0.04561525740090782,0.1346426775553111,-0.0018395082196315028,0.005408364779853495,0.0339218258600013,-0.0029255730452168284,-6.163625808125743e-10,1.1038539163698895e-09,0.26145492587566044,0.20539968923020796,0.65716372869336,0.012282716165628687,-7.860651420141945e-14,-7.786551622663423e-14
20.7800,-0.26428180899188836,-0.010087062079286542,0.2644045571814271,0.018851579765612376,-0.160116251275794,-0.0021069913123719667,-0.06482776665320732,-0.04580925562414433,0.09527779792544128,0.002720801427446865,0.008866347874263146,0.04584932401590095,-0.0026725319864172857,-6.16365810438058e-10,1.1038507083738867e-09,0.20124041088048905,0.15067587038603758,0.4351087217165492,0.011941748951658462,-1.6995129262231679e-13,-1.6937791230339783e-13
20.8000,-0.26526432446066744,-0.011041128331755209,0.2657967372545082,0.027479757945157408,-0.1654433703555709,-0.00330814202363822,-0.02735943180260487,-0.04622799985295199,0.06780723143161435,0.006134701223484611,0.01133420673169117,0.051574748868456755,-0.0024423030746449715,-6.163711757027684e-10,1.1038453650285733e-09,0.11884284518834617,0.07709879489316683,0.17843048157555186,0.011819927815915166,-3.8855339301938074e-13,-3.869135372334964e-13
20.8200,-0.26540901776645104,-0.012004808224707508,0.26674281516528614,0.036225579723219374,-0.16325792978934014,-0.004433278515266733,0.010045398978751483,-0.04684425529943955,0.04317383100920468,0.007860201569978718,0.0122515008595443,0.051866303998399046,-0.0022016222178511432,-6.163781777421248e-10,1.103838383133964e-09,-0.0227984850661698,-0.05180878586260302,-0.019613750626307786,0.01320770769812254,-3.1545160364063185e-13,-3.1502063327706886e-13
20.8400,-0.264781366842474,-0.012977452229700795,0.2672714784763741,0.04511548142966122,-0.1541235886336427,-0.005387854909018195,0.043400917345164276,-0.04788753985989162,0.01597615814959428,0.007688823561915556,0.011214911173980968,0.04671778252130244,-0.0018735198209467601,-6.163889570604805e-10,1.103827629163333e-09,-0.025044115983732115,-0.07170355051778204,-0.4062958582578703,0.01769229109806459,-6.462872771673123e-13,-6.446903557874584e-13
20.8600,-0.2635082596046252,-0.013958277741562587,0.267270492296632,0.0541781413962751,-0.139086890238231,-0.006099059337521269,0.06930677698205803,-0.049661059043935814,-0.017027317324500232,0.005434869178324013,0.00832587043927075,0.0379533196573642,-0.0015082531024159685,-6.163998830554525e-10,1.1038167236433564e-09,-0.1603453237989928,-0.19262170282099114,-0.5460211659808348,0.021500213657485796,-7.649446397486881e-13,-7.633064102660625e-13
20.8800,-0.2617293902843465,-0.014944824513825786,0.26635382696394294,0.06343240140672346,-0.11927622420245523,-0.006512468023537568,0.08646519125619634,-0.053070049868487214,-0.06836074014116773,0.001072668909231072,0.003466632363808752,0.025675173989253026,-0.0010303709988862028,-6.164124413106693e-10,1.1038041857723331e-09,-0.24308512440574181,-0.2677050311222759,-0.6863964211127854,0.026300404670018502,-8.769386041981853e-13,-8.752155901056713e-13
20.9000,-0.25964315030110247,-0.01593166299744043,0.2642299867278565,0.07286341863445947,-0.09636380965774276,-0.006610921767111316,0.09397321137570966,-0.05768220406349034,-0.12728199459576695,-0.004368453856574979,-0.0016084662713749863,0.010718636345613064,-0.0005221746708206248,-6.164199110365027e-10,1.103796737893661e-09,-0.3178656878217059,-0.22059434761218785,-0.7795208019709353,0.02103216298780303,1.7909520979957072e-13,1.7989632678482026e-13
20.9200,-0.2574864918357426,-0.016889372883570924,0.26082379700201896,0.0822057344386737,-0.07244782682299862,-0.006411183441934058,0.0925682992435342,-0.06185850935822127,-0.18775495977377393,-0.010973195747224015,-0.004797538316010323,-0.005198361480221638,-0.00023219064085038668,-6.164091215195623e-10,1.1038075531771362e-09,-0.2693148712184111,-0.06395477928061381,-0.8306503644806854,0.008281443106591681,7.753721709830019e-13,7.773020508500261e-13
20.9400,-0.25545987680405374,-0.017779134111452478,0.2561185935221967,0.09106791599871686,-0.0493956562574386,-0.005968922600872215,0.08473630407554314,-0.0654523183792601,-0.251377276955196,-0.018422135200067902,-0.00636943508504243,-0.02012311306008411,-0.0002471578060703188,-6.16373725690716e-10,1.1038429759729097e-09,-0.31780191879426983,-0.01755371108145338,-0.7080110876582225,-0.006771016901846032,2.240931398778123e-12,2.2421808333616955e-12
20.9600,-0.2537741681004564,-0.01856736688428832,0.25038006174642785,0.09905031682842852,-0.029291416633569958,-0.0054077132699524594,0.06970310437829565,-0.06653014129473415,-0.2955202995978665,-0.023361832411215974,-0.00517110829351483,-0.031607521580485944,-0.0006059302822588129,-6.163197061080723e-10,1.1038970282910863e-09,-0.18721337081770756,0.13208153055268843,-0.3004236843441017,-0.03313632060332859,3.2038325985250804e-12,3.2054506618472978e-12
20.9800,-0.25247037883983947,-0.01922001697660367,0.24390111154911906,0.10574903094938051,-0.012661472662716904,-0.0048131081739851206,0.05478425243271272,-0.06477012039067218,-0.3259571997199731,-0.025511463786878737,-0.0017780672807403046,-0.0352373726320195,-0.0013236477773585049,-6.162542801972895e-10,1.103962486341958e-09,-0.06363155136308081,0.229700160221332,-0.15378116160910238,-0.04364625608977929,4.008373494235329e-12,4.010317251890161e-12
21.0000,-0.25164984700687143,-0.019711995181430884,0.23728174026806992,0.11080902092397653,-0.0006381946098142705,-0.00431857261663568,0.03328092790838808,-0.05816844644576537,-0.3239674176071489,-0.025685126491314835,0.0036238740218343815,-0.03851668052592076,-0.002241518818228041,-6.161610395702644e-10,1.1040557728628272e-09,0.034816070962566385,0.272631284535696,-0.15801180794523764,-0.042600852854334556,4.808840825543115e-12,4.811235611301701e-12
21.0200,-0.2514374967963259,-0.020025488391954085,0.23121384681433566,0.11393014444514457,0.0054059859289692785,-0.004073744108791811,0.0037364429116394427,-0.046345322878867536,-0.2890769663598815,-0.024314551502573736,0.009054042816584295,-0.04122229248251433,-0.00303240664031169,-6.160585921707425e-10,1.1041582719831297e-09,0.09446337962814567,0.2642842755910228,-0.10385450231777905,-0.03589757373802639,5.384777693184795e-12,5.387520291000314e-12
21.0400,-0.2519216235749862,-0.020149328637849743,0.2262864788638631,0.11491403696060165,0.004505526335209421,-0.004184873847056095,-0.03200771330880485,-0.030196223647249564,-0.22725198135195726,-0.021752426796607507,0.013736472294093556,-0.042124833084499505,-0.00358899105275744,-6.159504412727831e-10,1.104266480316916e-09,0.21555574923901036,0.2442586686210434,0.15214518294825521,-0.025890481243400206,5.207104712690036e-12,5.2099201688915464e-12
21.0600,-0.25302827935764033,-0.02008250742252631,0.22301082353525145,0.11377574618472344,-0.002595054402310936,-0.0046157610307299346,-0.06272772257965699,-0.01063236765406009,-0.1405021017033767,-0.015570795072641329,0.019223409106110992,-0.0333388698968174,-0.0041545575133613045,-6.158456770988847e-10,1.1043713033074817e-09,0.3575141599406363,0.2824695942516765,0.6074596438937713,-0.026174428802075028,5.149787714320286e-12,5.1526907740573336e-12
21.0800,-0.2547461222713853,-0.01982212578679298,0.2216045361480199,0.11053944289093177,-0.01568870177843992,-0.005317063666155344,-0.09443648915067795,0.009810799144144886,-0.04711315927349892,-0.01177210921225954,0.02150456919216686,-0.028439083996346138,-0.004064156021524017,-6.157399688182144e-10,1.1044770721308688e-09,0.15974520688116312,0.07823216874819566,0.2489247672145367,0.013848126621506257,5.276694879652322e-12,5.279667328328408e-12
21.1000,-0.2570240183207422,-0.0193575003661318,0.22206427533109546,0.10520512240953059,-0.034114360847889595,-0.0061698407196677085,-0.11857571382036958,0.030277061452758502,0.046506908080871726,-0.00843094161701539,0.02321537178954572,-0.020411754391470537,-0.003770052464632263,-6.156342135100576e-10,1.1045828846510727e-09,0.1690335579794042,0.0908610885627177,0.5303130883190216,0.01529603013609147,5.307567753354281e-12,5.310305146999372e-12
21.1200,-0.25966601732627237,-0.018671475505254057,0.22426172810996142,0.097769128295206,-0.055803826892490825,-0.006950998781608013,-0.1283979895808643,0.0496565400297381,0.13257296033476182,-0.004865474670086713,0.025113926942507442,-0.006939283820059634,-0.003461277028616753,-6.155294833107183e-10,1.1046876656882185e-09,0.2073071356241696,0.08853000105432877,0.8187850578184456,0.016312898978161874,4.990728316722759e-12,4.993071060777066e-12
21.1400,-0.2623889762143276,-0.01776380978546934,0.2279565985469517,0.08837765467337655,-0.07796012357901731,-0.007420663758353059,-0.12086966747249517,0.06599657399863648,0.20691073493367948,5.721935111025096e-05,0.026077478748151407,0.009934116785588845,-0.003008987738313529,-6.154390332925832e-10,1.1047781610737094e-09,0.2799606882081037,0.0018108792328622068,0.6934708006038952,0.03341083451839325,3.970062126268381e-12,3.972618241310233e-12
21.1600,-0.2649897067262503,-0.016664550149286216,0.2330382834955579,0.07738387387315426,-0.09868242681219783,-0.007449573894741523,-0.10168306649700454,0.0784038832545374,0.2756317630030982,0.005980589188042012,0.024880738462485164,0.024270919607338584,-0.002232642000094733,-6.153668895068461e-10,1.1048503493034954e-09,0.28461188432396844,-0.11717948049934893,0.5088221080119862,0.04392897302083251,2.778940706021915e-12,2.781198448625899e-12
21.1800,-0.2672641380821577,-0.015419487178874196,0.23923268058895011,0.06523472271026116,-0.11615132784289488,-0.006988658559424209,-0.07127178107477186,0.085215569948604,0.323931952934844,0.01087396673409571,0.021548590799416522,0.03559976124897649,-0.0014618837609277821,-6.153251747523654e-10,1.104892097379412e-09,0.23293022516155376,-0.2315414909479178,0.5950634797553417,0.03789534391603618,1.5005186763256129e-12,1.5025196798551521e-12
21.2000,-0.26888069039885854,-0.014085570464031513,0.2457788850576434,0.052452227879812234,-0.1274396151424098,-0.0060458537691659665,-0.030051698540335355,0.0852687462623073,0.32958326088140755,0.014882236373521547,0.015487702467278132,0.04757019251674702,-0.0007943415980079457,-6.153097548243552e-10,1.1049075416390822e-09,0.1754291772945839,-0.3679440053923243,0.418605509804048,0.03307029135211308,4.575896444798753e-15,5.746097872418986e-15
21.2200,-0.26970934704232413,-0.012735135841344324,0.252124924341288,0.03965126218046874,-0.1314836462340717,-0.004787033026979001,0.00920771164503493,0.0804743177786612,0.31051706802592877,0.017309203222330722,0.00738946177050927,0.05093925071970493,-0.0001748997154201516,-6.153204035883167e-10,1.1048969152891714e-09,0.03551528321377506,-0.3926533613007658,-0.03699864072834793,0.024731057213726013,-5.909937253120723e-13,-5.899256777519568e-13
21.2400,-0.2697829844661367,-0.01140018663373771,0.2578955298640832,0.027058048351156414,-0.12862912809511634,-0.0033986966189174,0.040941975772205125,0.07480633734516359,0.27510861315282426,0.01604246508407236,0.000642820013528472,0.04617969819457706,0.00014976691617317006,-6.153304971258676e-10,1.1048868452403185e-09,-0.06045633496711625,-0.23060133223382376,-0.49376765695421104,0.011138885284888654,-5.336615481119078e-13,-5.316421131454363e-13
21.2600,-0.26935025715962535,-0.010085552162280706,0.2633840915999339,0.014653884983877777,-0.12111961073431217,-0.0020403425669211486,0.05941562636764671,0.07017269236208437,0.26491899224524074,0.013852913427470002,-0.0033318318840863197,0.033037937398734944,0.00035439475408118075,-6.153381242649681e-10,1.1048792508979002e-09,-0.2581194980628292,-0.27776020274345214,-0.6504412947516262,0.009411908179910193,-2.335856660005964e-13,-2.326645278348527e-13
21.2800,-0.26855123567434624,-0.008789237217412356,0.26806652373512535,0.0023792344514892124,-0.11018415941822386,-0.0008014118162260905,0.06790696458967513,0.06576588301857164,0.21558532413234835,0.007549065238862833,-0.009208710815652724,0.018923243110575205,0.0005052262119390873,-6.153417858904687e-10,1.1048756175403424e-09,-0.32797679334911267,-0.2809345644563458,-0.7818898105745695,0.006426158094818134,-1.0459433883239222e-13,-1.0369741903267643e-13
21.3000,-0.2675399559376391,-0.0075086423532998185,0.2713597539042914,-0.009822092214683373,-0.09718638679259513,0.00026286121802638165,0.06626743790872414,0.06288498890162132,0.139419886787262,-0.0007802722361278098,-0.01619732298776094,0.0032757449967684735,0.0005948223085109281,-6.153426153373431e-10,1.1048748141270287e-09,-0.34198099841235985,-0.26674307172656914,-0.8216861883708326,0.002438840643585381,4.817363006984557e-14,5.027152739228713e-14
21.3200,-0.26651734468124305,-0.006240222916741675,0.2729898794926621,-0.022000415779277943,-0.08395991762695117,0.0011384861294891355,0.05506091776241551,0.06218053705912513,0.05729570516374677,-0.0072786945270095415,-0.021210663268427,-0.011398462118600221,0.0006253144081227635,-6.153412917688144e-10,1.1048761650860785e-09,-0.26577494596134876,-0.18060111707075596,-0.7591388674353909,0.0011297463208307184,1.7602943842148777e-13,1.7817455952480465e-13
21.3400,-0.26567135815042653,-0.004977733038260544,0.27303339383196623,-0.03420873077959089,-0.07227467189343446,0.0018584251736060988,0.03821649032403077,0.06368810803952082,-0.01960609541029943,-0.011826819519475363,-0.024064161317213416,-0.0237008025487639,0.0006678251899022181,-6.153377332014333e-10,1.1048797574094165e-09,-0.15660477601809644,-0.06574631675905697,-0.5271359689814171,0.0025599752662643807,2.9471683340304144e-13,2.9690529548820344e-13
21.3600,-0.2651079843975091,-0.0037120982186323796,0.27160839927763886,-0.04650919257129156,-0.06317472201967007,0.0024838232651707326,0.019029098640082183,0.06735349134227255,-0.09072776347916926,-0.01431141372601587,-0.024689205958258808,-0.03107082131674333,0.0007539076900529243,-6.153314361767638e-10,1.1048860903438646e-09,-0.12271840997574536,-0.03829031663910466,-0.178408028361106,0.006230574875097022,2.1595718919728557e-13,2.170121721212226e-13
21.3800,-0.2648097494167272,-0.002435916116746901,0.26854933301310496,-0.058949326203495245,-0.05654174577091631,0.00306575084513064,0.0017972375404467374,0.07361796527656289,-0.1697597408218985,-0.015661446490408695,-0.02432965074170331,-0.03261692201582797,0.0009022318305313444,-6.153233101814445e-10,1.1048942502936582e-09,-0.07198681415630558,-0.0025501920335945466,0.05307471227471785,0.009213381517082163,3.1871873846719967e-13,3.1989000207413576e-13
21.4000,-0.2647480520712001,-0.001142777184909967,0.26379278057391087,-0.07156913758880307,-0.05213482719249409,0.003647738166922227,-0.013704246444488389,0.08229118773116426,-0.24931159012762275,-0.01573571185416203,-0.022830078116082998,-0.03111409008341183,0.0010889898552606382,-6.153131375876115e-10,1.1049044583574366e-09,0.0642029935836449,0.13033074250330162,0.08587850922891031,0.01173479178071322,5.261948645904346e-13,5.286827833156371e-13
21.4200,-0.26499211692829666,0.00015627839840333965,0.2577588311453359,-0.08422030312088812,-0.050637608226696676,0.004298414293240787,-0.03158017373357687,0.09043104764035047,-0.31255077653344354,-0.012910736278749243,-0.022037474763330928,-0.03031968511187015,0.0015567926966878476,-6.153238424719375e-10,1.1048937945260197e-09,0.20710971180461477,-0.056057502778340665,0.1479579847615942,0.0377901628756671,-1.4017766981899715e-12,-1.3999678152853967e-12
21.4400,-0.2655337553853472,0.001400061096787393,0.25058241790705477,-0.09628331932732068,-0.05198316448180538,0.005039525840153555,-0.04943151741793276,0.09533409747754103,-0.35983524240096293,-0.005867969976657447,-0.02242326750190821,-0.02730466721156779,0.002563267583282619,-6.153697099750923e-10,1.1048479783654755e-09,0.438854702606911,0.015616753169899916,0.28920964322899484,0.06023878844281407,-3.044324774909013e-12,-3.042003281217287e-12
21.4600,-0.2663270450798112,0.002525272654500902,0.2428434626560995,-0.10713402112543648,-0.055729474348022424,0.005863529643582927,-0.06290435324245909,0.09494593461997103,-0.3807415054352611,0.0037185764574478217,-0.02146240951970604,-0.019630574884381767,0.0038468556203585655,-6.154409826113227e-10,1.1047767576347734e-09,0.5509655475431636,0.0747189108921821,0.5665749652819537,0.07479799625929102,-4.4402615265171086e-12,-4.437459948103406e-12
21.4800,-0.2672375177286814,0.0034662314900963573,0.23502728890944546,-0.11616793497165155,-0.060585595319632035,0.006687219355987539,-0.06908647101402814,0.08819374281213947,-0.37653905830115164,0.013472543146051204,-0.019633968691503734,-0.009714790993551749,0.005105201243934919,-6.155267259699165e-10,1.1046910656057799e-09,0.5914077477680907,0.1429271936548381,0.5985445976887486,0.07295224291956257,-5.5383380173634755e-12,-5.535138319912036e-12
21.5000,-0.2681673411524269,0.004184882172977257,0.22781322844137553,-0.12305167704252074,-0.06561920612434521,0.007427909824050056,-0.06825044835075658,0.0751241432286131,-0.3386951436821363,0.02555874203006515,-0.013933261002451526,0.004400318475248144,0.006487815188197785,-6.156505893720905e-10,1.1045672807466806e-09,0.4442148909730634,0.3404334191925863,0.5327175773569698,0.04315406381694727,-5.084800636101505e-12,-5.080584390693144e-12
21.5200,-0.26909833786855236,0.004687439783241438,0.22202895558019795,-0.12785729814760283,-0.07066031530172925,0.008061782502463734,-0.06485104506352636,0.05587265165258246,-0.2572314073927783,0.033374731822344204,-0.005864941303790277,0.01295260744529078,0.007095805734788705,-6.157571429947864e-10,1.1044608117594082e-09,0.31821328577393787,0.3869876090058895,0.4873443982627596,0.026879751063205424,-5.086367091400312e-12,-5.082568046987923e-12
21.5400,-0.26995716423945676,0.004978146934354951,0.2182326150572556,-0.13065688943836617,-0.07501958062040978,0.008528086200802094,-0.053397063612387295,0.032741935090066385,-0.15573237373297116,0.03854082395718905,0.0014673182284520862,0.021607684437687357,0.007485927422169046,-6.158554921317806e-10,1.1043625472777874e-09,0.2030197940099089,0.3418465610480909,0.31402964609211415,0.009990474839335083,-4.785569510112886e-12,-4.780995911668473e-12
21.5600,-0.270681801504547,0.005058822733680025,0.2167937527632589,-0.131495564230921,-0.07812139289940419,0.008771841737404189,-0.03693744506449655,0.006806306751515692,-0.03870242883545415,0.04071177949099715,0.005389404128268191,0.0260464050957414,0.0076026459927799475,-6.159186934127947e-10,1.1042994013570035e-09,0.13641735193855675,0.2619462143573286,0.38808324309701353,0.009293780892531182,-4.931133626429052e-12,-4.927150701328209e-12
21.5800,-0.27116494687612014,0.004924406378464102,0.21770690924367267,-0.1303646300013211,-0.07896590080160464,0.008711547748876272,-0.015007687814450499,-0.019102653792860233,0.07439989447430113,0.0421691229108179,0.009940767163515288,0.03318331904136932,0.00758996416061928,-6.160449951683073e-10,1.104173209170095e-09,-0.026444031128236525,0.10377685729374764,-0.013661357994523556,-0.018351159206765114,-4.763186373102357e-12,-4.758616244104896e-12
21.6000,-0.2714428693906329,0.004576462900430986,0.22099833902895233,-0.12726768821426795,-0.07789827046712292,0.008372062319531325,0.0034233498444543793,-0.044532397668425795,0.18945532417586358,0.04042306429699999,0.01042930766125306,0.031597111089679795,0.0070982714231436535,-6.161425865659441e-10,1.1040757021164481e-09,-0.14720876660760188,-0.03859542278249579,-0.2311097813031747,-0.034637790189332544,-4.83310527016334e-12,-4.828671316958744e-12
21.6200,-0.27154223345877965,0.004012735131411927,0.22637524469534373,-0.12217347702236717,-0.07516349044615586,0.0077805974902028065,0.018636886922752116,-0.06662051251120946,0.28637329732636185,0.036362971322101666,0.008031663756165403,0.026855162031397397,0.006352887534760432,-6.162426297011785e-10,1.1039757382572099e-09,-0.2566334010557965,-0.17725097316632912,-0.3929291516874018,-0.046796713173361114,-5.157079624451555e-12,-5.153536451751872e-12
21.6400,-0.27152348064339765,0.0032301616876989616,0.23336356755212154,-0.11503064640660057,-0.07131974925590112,0.006991640385977231,0.028002777960670338,-0.08413517731977174,0.3576277114954828,0.030305715593390667,0.0030898949483555488,0.01915785487170761,0.005393003949780648,-6.163459802766723e-10,1.1038724609867932e-09,-0.3474555677123619,-0.28954365358841394,-0.5617856884659139,-0.057258024650228154,-5.1391555941360245e-12,-5.135211700313391e-12
21.6600,-0.2714963281011409,0.002229688386149309,0.24141033773180437,-0.10581130534699627,-0.06739348077795125,0.006087611440285776,0.02887820098105708,-0.09652950164958204,0.4014142646379947,0.022831283633825535,-0.003071756593736587,0.008760948946740035,0.004253918259737919,-6.164429695292392e-10,1.103775535363016e-09,-0.4655271819297335,-0.3212997939231783,-0.5395310918947163,-0.06658081158490438,-4.50882733926683e-12,-4.505246870012414e-12
21.6800,-0.2715569357323505,0.0010484421976905552,0.24978768117021874,-0.09484221506557505,-0.06429103788902141,0.005150383041412839,0.02177060718121123,-0.10129449306733478,0.4105398577888829,0.010923547638029982,-0.008786338885620163,-0.00435930122174258,0.00254050280692375,-6.165228448161795e-10,1.1036957215516407e-09,-0.6356204888958769,-0.23539911202459116,-0.5681006184163875,-0.08828430851234396,-3.1314395521064853e-12,-3.129129767798222e-12
21.7000,-0.27179069652949206,-0.0002487082609263977,0.2577534092053464,-0.08272759291929341,-0.06282385274901627,0.00424823044227711,0.010394232013490358,-0.09874714581131148,0.38080624431143895,-0.002270030307425253,-0.012374379036527938,-0.014991442639913912,0.0007232415131117121,-6.165668418511441e-10,1.103651772880983e-09,-0.6677270515068099,-0.12679748693052345,-0.5394629850934736,-0.09237709966121306,-1.3458930150922477e-12,-1.3433149991665116e-12
21.7200,-0.2721870898897877,-0.0015969149699067394,0.26454468847599044,-0.07010267500755515,-0.06289384802980903,0.003388651216825737,-0.0015921708574713554,-0.09086755462392819,0.3163485189928049,-0.014234325982754132,-0.01364678778875008,-0.02072002168009653,-0.0008441139584266258,-6.16578451503159e-10,1.1036401986658726e-09,-0.5202782902218694,0.09375376832030567,-0.2778389796043919,-0.0771869567103902,3.8561769879694174e-13,3.881196037301693e-13
21.7400,-0.272784394623188,-0.0029328937861518778,0.2699167243755731,-0.05757863737922146,-0.06486297413605341,0.0025903458085985856,-0.016479344084312297,-0.08124997103093494,0.2431761424258203,-0.02451539266342794,-0.012771264867160662,-0.02546951964475853,-0.002266386651876754,-6.165668147929545e-10,1.1036518703671982e-09,-0.39816397836575024,-0.020583440241268465,-0.1767010304261475,-0.05220752140201811,7.292053245955277e-13,7.315101215737974e-13
21.7600,-0.2735889012759931,-0.004247594069008548,0.2734742347717561,-0.045258443251432245,-0.06878459335260434,0.0018222005550335872,-0.0326071486081314,-0.07296109744513876,0.15467088089201023,-0.029752314166009403,-0.013439001431770266,-0.02793994831043726,-0.002984432268487134,-6.165582242049154e-10,1.103660490313535e-09,-0.216599348636226,-0.12224733169020358,0.004643386473610409,-0.022094634622301206,2.274063641387325e-13,2.284005233207931e-13
21.7800,-0.2746337151852752,-0.005549021865376108,0.2752473966110122,-0.03307889408293838,-0.07495421592042253,0.001046123133804832,-0.05080497246406969,-0.06748235789647365,0.07152251131848077,-0.03065475268555386,-0.01339303184151756,-0.02907251658418618,-0.0032885214708142678,-6.165516423006228e-10,1.1036671056966079e-09,-0.05512794204282517,-0.06896136710806769,0.061669162093196755,-0.009504724369704497,1.5985241017153762e-13,1.6076666365348602e-13
21.8000,-0.27591573770447714,-0.006844294845521426,0.2752236612601439,-0.020993337422562614,-0.08331613751768749,0.0002132017677381368,-0.06856801704730113,-0.06427423609255863,-0.019913360823638444,-0.02998690994572416,-0.013435021600517322,-0.027374216923496925,-0.0033999562622853935,-6.165472984656796e-10,1.1036714795388385e-09,0.03856169563982644,-0.021745242419129205,0.20703822344376419,-0.0019088103520990387,1.1277736828175372e-13,1.1365450139182165e-13
21.8200,-0.27736683245131993,-0.008140330610264116,0.2733588915604256,-0.008957060505637889,-0.09320055459629123,-0.0007263950472402081,-0.08446717276445097,-0.06364536825584483,-0.10792553209867879,-0.027445951107271934,-0.01223123381259037,-0.022458311971440516,-0.003385004524878117,-6.165446183892633e-10,1.1036741892372984e-09,0.18235443199593868,0.10935230958851824,0.29999888873323793,0.0025029600519168634,1.227691722154728e-13,1.248514095927855e-13
21.8400,-0.2789303925059604,-0.009442164875216544,0.2700327892571306,0.003067809918386921,-0.10405513699031577,-0.0018049895295721998,-0.09675803025335725,-0.06539825265119131,-0.17390701597430458,-0.022183880211309615,-0.008514238063028812,-0.014775621273401372,-0.003320787095374562,-6.165436899008844e-10,1.1036751495213575e-09,0.2551675585370633,0.17373977568839288,0.561306741178332,0.003801553105449861,-3.788271423849554e-15,-2.9086124615329122e-15
21.8600,-0.2804344651885975,-0.010754850312886829,0.2654771746838983,0.015129247898320281,-0.114277957612981,-0.003033161062332943,-0.09941948359592986,-0.06890902141924729,-0.23354904984689506,-0.015852326123622903,-0.0038613134328882993,-0.0021623922983325192,-0.0032413211197611595,-6.165451739793524e-10,1.1036736946613926e-09,0.32297326387705505,0.23881219103953746,0.7190140126120284,0.004192614056110375,-1.0613675194802441e-13,-1.0523461442535353e-13
21.8800,-0.2816671553178898,-0.012081854340564187,0.25989366456922985,0.027278596666994483,-0.1219388229584825,-0.004375233343770974,-0.09145683774319573,-0.07358964312999497,-0.2761538740534716,-0.008320542202130524,0.0019141438063246879,0.011818798290840763,-0.003161864657133118,-6.165499514510514e-10,1.1036689477172897e-09,0.4499621755680933,0.35474079604641295,0.6231796315992847,0.0031773493218075098,-3.8120163492819104e-13,-3.791807904988953e-13
21.9000,-0.28252096450027425,-0.013427222340203212,0.25398175755811403,0.03958311106497706,-0.12608938834026018,-0.005767200114951974,-0.07342332345284894,-0.0784214088584668,-0.28967855022444133,-0.00022639801249993717,0.0081971344032038,0.024484450224145728,-0.0031346250220775913,-6.165582392253811e-10,1.1036606903259371e-09,0.2899405977466303,0.21636504676889987,0.7047396980781925,0.00010479851224060396,-4.259464417462333e-13,-4.24903764516954e-13
21.9200,-0.28273729773383305,-0.014788170126330925,0.24749259021584988,0.052066272223307807,-0.12439085582974962,-0.007074966304191019,-0.04276847833170211,-0.0843351576547116,-0.3249912194897537,0.00467938141158285,0.011789026017379247,0.037374785854409266,-0.0031022343909663237,-6.165684406673402e-10,1.103650510888187e-09,0.23127318332282604,0.1840367174089222,0.5291503198788665,0.0024518408625068063,-3.6983962984141194e-13,-3.686887492353186e-13
21.9400,-0.28221987834544365,-0.01613851829088146,0.24066517476724222,0.06454631975067296,-0.11594515642475016,-0.008126555806520835,-0.005098958386924088,-0.08782463179531848,-0.3397574427869919,0.007657446253860511,0.017039515337197834,0.04495366263662362,-0.003208308984255913,-6.165592842115409e-10,1.1036596912770647e-09,0.06872742178864547,0.3221894497648499,0.24247686725241566,-0.012282405502293568,1.1905849570115201e-12,1.1918283200629265e-12
21.9600,-0.28102123401373,-0.01740894807003639,0.23400510550127365,0.07643980653280269,-0.10114794264167158,-0.008743388865393938,0.03318411391073112,-0.08583663613846595,-0.3266025098419737,0.007606375641565332,0.023777706853287964,0.04514783633498878,-0.003509486730563666,-6.165208594475192e-10,1.1036981459743902e-09,-0.05136572451957426,0.3275520732162452,-0.33659188665751383,-0.0127652492654958,2.459361273660088e-12,2.4615448568354736e-12
21.9800,-0.27945698951417347,-0.01854157032706428,0.22837401057288734,0.08722350521690936,-0.08279610407018412,-0.008902043968941408,0.05831792253560617,-0.07663657559144729,-0.26554787203726526,0.005678116649619844,0.029613532420131615,0.03395808168704189,-0.0037986387276340624,-6.164571081286251e-10,1.1037619394800246e-09,-0.1489839967012671,0.2559563658850555,-0.5123089899665593,-0.022415028568922805,3.733173492559416e-12,3.73562942732053e-12
22.0000,-0.27774406359296855,-0.019487800153956028,0.2242141018757941,0.09642576060567734,-0.06282356978048965,-0.008642425356991421,0.07345835792012094,-0.061948340042763964,-0.18737014946906655,0.0020591758293323006,0.03341258176642469,0.021443725800518395,-0.00423208669653233,-6.163708472634209e-10,1.103848247311566e-09,-0.21104107107668824,0.12798870928062356,-0.6249688681569976,-0.023418078968991805,4.813211461340838e-12,4.815410223346639e-12
22.0200,-0.2760501143820913,-0.020214112132089804,0.22166482877702517,0.10368268517507769,-0.0427769812054717,-0.00806095903924501,0.07847551609851991,-0.04387312147094746,-0.10699973604869788,-0.002747767216421855,0.03449625425692649,0.009879428931710097,-0.0047036318673493675,-6.16267593084776e-10,1.1039515491474018e-09,-0.249997341589287,-0.020622409840351207,-0.6712947686873796,-0.0168491377001255,5.333277222629995e-12,5.335842011289227e-12
22.0400,-0.2746062537879233,-0.020714443952720134,0.22086614086132156,0.10882979210469965,-0.024901660508485118,-0.007348150597660657,0.06702473595139757,-0.02366654640008809,-0.01627564870479074,-0.007302469382788897,0.03225282557084484,-0.005551020050881458,-0.0047938686046384415,-6.161616083230107e-10,1.1040575887186228e-09,-0.19980053583526486,-0.17282690384675803,-0.7925463777520659,0.0036615241973496962,5.277519740665149e-12,5.280384636485724e-12
22.0600,-0.27363035405305397,-0.021004673200038567,0.22196233086049127,0.11187706299107543,-0.011420827121291945,-0.006721144224299379,0.0431557121490094,-0.0029235528924134125,0.07895995310709454,-0.010790956776527352,0.02816253175240151,-0.020009212018296176,-0.0046340883121801756,-6.160560637594704e-10,1.1041631922003114e-09,-0.1593225524028328,-0.22596933256954,-0.6480586581972895,0.011311676292222355,5.286701632023494e-12,5.289699234189982e-12
22.0800,-0.27325029166253145,-0.021096327219226527,0.22492190560720957,0.11281505381749915,-0.0037309788823141677,-0.006335769153950063,0.011856896069698022,0.017097538712660895,0.16940302838831672,-0.013890536075014998,0.023383371873243623,-0.031040174730863717,-0.00434192634602289,-6.159497683295468e-10,1.104269547627381e-09,-0.15461128853855452,-0.24642728180541498,-0.4593925895754629,0.017478385697247793,5.352340098907504e-12,5.3553186191157565e-12
22.1000,-0.2734853538919223,-0.020992719384185208,0.2295580760419167,0.11162123578651227,-0.002126265645768537,-0.006246784735709692,-0.018326618142481033,0.03557868438435101,0.24894006029733093,-0.01578475467714407,0.01954986133052339,-0.03462096374808202,-0.004116367682230726,-6.158427372320206e-10,1.1043766358137897e-09,-0.10368094226457054,-0.19648564028616428,-0.08676553038950292,0.014243699625948701,5.450515906668674e-12,5.453330495508446e-12
22.1200,-0.27428992998959745,-0.020694496180648163,0.2355001946095673,0.10831757728060849,-0.006180081069257889,-0.006424605557745027,-0.04647291844612121,0.0506113413749804,0.30603085156532295,-0.01809208903591398,0.014632117497583632,-0.03610311790599994,-0.003592268829366625,-6.157398566928633e-10,1.104479569105888e-09,-0.15818057597219481,-0.33618756460308813,-0.1798428342862137,0.04476792787572878,4.869229151827081e-12,4.8717479703142e-12
22.1400,-0.2756795914524396,-0.02021842002183878,0.2421020264480836,0.10310581862254184,-0.015994483712708882,-0.006834782291105696,-0.07191391657896093,0.06018057229188044,0.3307180474939275,-0.020403645440146063,0.007649839596517492,-0.03709391355534212,-0.0025821262466494722,-6.156504397277118e-10,1.1045690325130562e-09,-0.07393876716301581,-0.351899332756832,0.0828036283836742,0.05334614567192945,4.088040669869564e-12,4.090170910298063e-12
22.1600,-0.2775460389255232,-0.019586234944764132,0.24868406230061524,0.09630464290696772,-0.030394773502764483,-0.00734836719085755,-0.09002860586489567,0.06453000658825524,0.3223869585456163,-0.02112081886896129,0.0006381616226218147,-0.033358642304132574,-0.0014863773069275275,-6.155780497825452e-10,1.1046414609617117e-09,-0.005102089735690562,-0.3489410178426423,0.24397470283551145,0.056117646448953354,3.176570551738367e-12,3.1783304287047454e-12
22.1800,-0.2797855573469331,-0.018825531442807523,0.25463273228079647,0.08828410545373434,-0.04824720929248773,-0.00784079658750914,-0.10388948048189295,0.06465366353828425,0.2871514964065394,-0.020371946637360205,-0.006418432809457675,-0.028348728015550946,-0.00028945629900316685,-6.155233973879561e-10,1.1046961487186388e-09,0.08658617521719013,-0.3156616458688691,0.1350259011601596,0.060091754948122245,1.9624397593065446e-12,1.9644659163264855e-12
22.2000,-0.2823118683700978,-0.017970551251794788,0.2595418237407524,0.07945085764734078,-0.06861178703887488,-0.008215652182985138,-0.11410279208856726,0.06181519101436841,0.23239801957303885,-0.018143281656553975,-0.011722814896981017,-0.02182458938101745,0.0006501028674307678,-6.154930651659792e-10,1.1047265058737968e-09,0.145213687523092,-0.24518927541072655,0.5068859937128543,0.039715744176460725,1.1638175232558945e-12,1.1648911002470896e-12
22.2200,-0.28494912928428,-0.017057585963917193,0.2631130849917121,0.0702123808264605,-0.08974992793429225,-0.008376738944573706,-0.11908399309929407,0.05756910922527695,0.1725771365602376,-0.01298696345811668,-0.014783244061779142,-0.012326273984665608,0.0013108585073412008,-6.154831020936574e-10,1.1047364958053197e-09,0.3110939676593719,-0.09839639040539928,0.4719830252748235,0.02699246426573377,1.5120779519976757e-13,1.5213565541898066e-13
22.2400,-0.28758091566394134,-0.016129504549087043,0.2655216807425882,0.06098656626619485,-0.11056177289798658,-0.008302164264411273,-0.11871545917981911,0.05267107324215044,0.11549726835859095,-0.0062197999873642934,-0.015737262397805773,-0.0014018026391368421,0.0016618196559305902,-6.154924796357432e-10,1.104727144387628e-09,0.4187316056045695,0.056992475759329315,0.5362731783286364,0.008890317226093913,-8.695030372790624e-13,-8.67685155496456e-13
22.2600,-0.290090103699313,-0.015213764260795485,0.26723260000454013,0.052018490256261915,-0.12999649287283907,-0.007996363802712158,-0.11252463218020345,0.04966699728071358,0.09239159171409224,0.002145372053007671,-0.012447590990913346,0.009257217526970929,0.0016222005492507886,-6.155078100263461e-10,1.1047118459027639e-09,0.3521510126041555,0.20325224006848697,0.5837816113451811,-0.010542533174209275,-7.649275093543628e-13,-7.632199993529154e-13
22.2800,-0.2922169457501735,-0.014307041462229268,0.26806696888680737,0.04325780312759995,-0.14575853322328886,-0.007432107501674747,-0.09497018914972478,0.04634212543625053,0.039223706301237636,0.0061835804217773615,-0.009432854878204073,0.02338041840771083,0.001271139589012367,-6.155183865392645e-10,1.1047012881584694e-09,0.21217087274591215,0.19968953099115733,0.6387838238106351,-0.02061468557560737,-6.536655982117279e-13,-6.520234656012813e-13
22.3000,-0.29370592243131344,-0.013406027942091886,0.26777324999029656,0.034639423452631234,-0.15564947263748655,-0.006622547680406533,-0.06931035558539698,0.043837293314189896,-0.020013129716980202,0.00904685147801148,-0.006056522600205424,0.03581025591915012,0.0008350909787730086,-6.155267335880654e-10,1.1046929563466662e-09,0.17509847987120014,0.20893582899324534,0.4826376667723544,-0.021096996531314072,-5.317696153209206e-13,-5.301428783813233e-13
22.3200,-0.29450115238835495,-0.01251447378034872,0.26681514692215114,0.02615648218678443,-0.1592630737396126,-0.0056491927116016525,-0.039274236779494834,0.04289089316890874,-0.049674553311940824,0.012924270203411498,-0.0014325518335962888,0.0421201209320121,0.00047781669792756805,-6.155344619198745e-10,1.104685250174269e-09,0.06813284638179798,0.12846523638774376,0.3377130470874106,-0.015800466026209405,-2.4951400537723267e-13,-2.4903451696645096e-13
22.3400,-0.29453444027385833,-0.01163366654808745,0.2652497531904488,0.017787805597808324,-0.1560238168810857,-0.004594422482907771,-0.005661703917025951,0.04222323954407271,-0.08809290501977604,0.014405963492749316,0.0011892747188184533,0.04550806586005882,0.00022125764267771613,-6.155400903620857e-10,1.1046796437620704e-09,0.0671616928480177,0.12392048511125683,0.024357719028617386,-0.01054033528536173,-2.8338746280165417e-13,-2.8166271398566423e-13
22.3600,-0.2938171255477864,-0.01076481819915788,0.2631017665519824,0.009513901195624185,-0.14599935511336457,-0.0035520944887182135,0.02715483512565712,0.04210314984104602,-0.11936000921816162,0.014547856968907244,0.0025274436297118004,0.0439039280948775,5.671193996503251e-05,-6.155435616728896e-10,1.104676195421065e-09,-0.028660231132051982,0.029810886121793036,-0.19397662457966325,-0.006126269735825467,-1.8032911318702216e-13,-1.7848458713602688e-13
22.3800,-0.2924941068066194,-0.009909682717131642,0.26063328857196655,0.0013218292908996577,-0.13039654914014695,-0.002613265219970454,0.05502364896321692,0.04236131484212316,-0.13583204433965737,0.013954140441435852,0.003032122166502137,0.03669850580956468,-1.4496033054154758e-05,-6.155456233582051e-10,1.1046741643167154e-09,-0.12390690651318621,-0.06633579138208386,-0.3866948924231149,-0.0019521347097618607,-4.0999877646587246e-14,-4.010955792759646e-14
22.4000,-0.2907093017070808,-0.009068128550489062,0.2577705246825855,-0.006818445156135552,-0.11038891159795222,-0.0018441697165514288,0.0762184987659971,0.042900148958787195,-0.15911787715034356,0.011083368501603108,0.0013361602616019836,0.026699730002747838,-3.8215265911217144e-05,-6.155454897875234e-10,1.104674329950061e-09,-0.18729033676458798,-0.12773490297544252,-0.5597334961197931,-0.0007727367347085157,4.092443750417299e-14,4.2042453231912885e-14
22.4200,-0.2885931696468684,-0.008239518434710538,0.25412627916126174,-0.01494334272852573,-0.0870314410580276,-0.001290947364730719,0.09084494482310677,0.04413420285602937,-0.20601137756105165,0.005753810024278635,-0.0028683185492083215,0.01544909463748883,-5.8686953698761375e-05,-6.15543769444512e-10,1.1046760775377923e-09,-0.30279974687493894,-0.2492564438699051,-0.5917465840685944,-0.0017957427197346717,1.1960014413298775e-13,1.2099006421305986e-13
22.4400,-0.28632692999758563,-0.007422724562943952,0.2493725580373089,-0.023089476199073942,-0.06188763879298176,-0.0009761674085344056,0.0958880892125401,0.04628277348437377,-0.25558583542783353,0.00018533114817864172,-0.0073438641539284736,0.0006713914869566982,-0.00011741851470108577,-6.155404168553908e-10,1.1046794644695321e-09,-0.25106895592536926,-0.19413107459051063,-0.8629725563170725,-0.003645651764758282,2.0373533047256254e-13,2.0558801514490577e-13
22.4600,-0.28425461922717443,-0.00661173043170635,0.2439609797741588,-0.03130939670009634,-0.03817930951151671,-0.000867973455535808,0.08847857840746148,0.04890147489871931,-0.28113946521485483,-0.0037159608971255352,-0.010026874955947162,-0.016209007261473448,-0.00015776965383930777,-6.155350318056443e-10,1.1046848955500037e-09,-0.14787973532064647,-0.0873714540312239,-0.6230044404920541,0.0008687325624431463,3.1045115480091146e-13,3.128195402365974e-13
22.4800,-0.2825082434201512,-0.005799573104038706,0.23813694324469714,-0.039652593194935526,-0.017260532212073985,-0.0009194324808884858,0.07564942942131658,0.051870459491379986,-0.29332841151111105,-0.00577583727185571,-0.010794616611348274,-0.027453778212638443,-0.00012047135802241089,-6.155275194325965e-10,1.104692460890556e-09,-0.06677420315410242,0.002425911827177673,-0.5339019187527173,0.002581139169145634,4.4066069153012033e-13,4.4358923001822093e-13
22.5000,-0.2812847395862767,-0.004974648867736753,0.23244463870199178,-0.04817595090687881,-0.00120713914210021,-0.0010418316571609765,0.05216604798937254,0.0544014774416499,-0.2771183862077018,-0.006404947629665725,-0.010005792083927876,-0.037706297079866856,-3.8420746679400074e-05,-6.155180352943495e-10,1.1047020099718082e-09,0.016156737699478653,0.06208887577331197,-0.463554956380813,0.008506877307316613,2.8205644200460234e-13,2.8558747163995313e-13
22.5200,-0.28074404241014295,-0.004141102007973243,0.22750535069417985,-0.05675121256328573,0.008207100630366466,-0.0011202827136233167,0.019305326475674532,0.054359460952978035,-0.23103293672001715,-0.004165638060335629,-0.009093760560599292,-0.04483462835553979,0.00041536611738207815,-6.155234057097149e-10,1.104696715981258e-09,0.18567053229480443,0.028397059412972596,-0.2579935527000873,0.034836452628682936,-7.565980177440257e-13,-7.525386563900227e-13
22.5400,-0.2809776972327574,-0.003327725120660184,0.2238632213130969,-0.06499523762600533,0.009920208533435632,-0.0010311710179102015,-0.02010250526106865,0.0504373282891909,-0.16049098384084176,0.00033693633734512,-0.008778799848709953,-0.047956219964234686,0.0012785599448502242,-6.155479548092302e-10,1.1046722520269585e-09,0.24944812318130363,0.0036811293959882283,-0.06633099635726424,0.04897008616169062,-1.675268430922916e-12,-1.67086006488959e-12
22.5600,-0.2819372197841627,-0.002564451496163244,0.2219555063580072,-0.07254899403270729,0.0043825428802788165,-0.000692354224397997,-0.055556996041891946,0.042263515304138195,-0.06881996681740081,0.007288125141133481,-0.006664157097990812,-0.04119442545497428,0.0024431125316078995,-6.155869403451669e-10,1.1046333503169803e-09,0.3618320571881504,0.1029234416098987,0.4509833358330771,0.06149384999091132,-2.4657545970308004e-12,-2.461208754162003e-12
22.5800,-0.2835210120999201,-0.0018811072189031494,0.22200431839977572,-0.07910332750515019,-0.007313598120110398,-7.341679649459894e-05,-0.08615842692919307,0.03071297989129639,0.030117896726882015,0.01392366852971155,-0.005208102866294261,-0.031677139438584745,0.0036025849982621303,-6.156456739980907e-10,1.1045747101938414e-09,0.20525294493602703,-0.0280440539597878,0.27786186013594544,0.04148431531686053,-3.1460624036472318e-12,-3.1416045979948404e-12
22.6000,-0.28571508531036616,-0.0013033209600422423,0.2238812232879042,-0.08440557351765554,-0.024876920364834052,0.0008494327074787306,-0.11443963880775106,0.01760599495329578,0.11940822093301258,0.016832496638367937,-0.006422316157289376,-0.02649907862994281,0.004235755441194865,-6.157136240069917e-10,1.104506846446234e-09,0.12898174020388453,-0.04749705178857867,0.3709409450937218,0.026993128416088398,-3.5951571580872255e-12,-3.591005097447475e-12
22.6200,-0.28837992036246096,-0.000855338388940626,0.22730546386344158,-0.08828986673220901,-0.0467550458752825,0.0020071493687335556,-0.12971719459356498,0.0038330044176418327,0.19499174610376832,0.019189942850760703,-0.0068554426398506904,-0.016070287651142642,0.00468204473985363,-6.157885758789573e-10,1.1044319728102973e-09,0.10673270301392038,0.001427350388964334,0.646678958418687,0.01781574041326001,-3.8541721897322745e-12,-3.8505119231979634e-12
22.6400,-0.291255498793726,-0.0005593016765075656,0.2318983421677746,-0.09066602414972309,-0.0703085394919556,0.0032395446862318765,-0.12842738619242505,-0.009443884640115058,0.25095282119524437,0.02141473326781649,-0.005940019680027882,0.0003669790617375115,0.004971462587298339,-6.15870212453194e-10,1.1043504073046454e-09,0.09728149981959268,0.08274593091711838,0.7756140389039106,0.006405781640718464,-3.749342850078996e-12,-3.745583704306554e-12
22.6600,-0.2941303698707441,-0.00042557446425433356,0.23749766572139064,-0.09153578462653873,-0.09350480618501995,0.004391946203288601,-0.1167958019811147,-0.022596225403328618,0.30407588936507257,0.02284988779715059,-0.003698471373513987,0.012929001802974485,0.004883399773010057,-6.15944519715794e-10,1.104276165837071e-09,0.04188134283158099,0.1326543670371175,0.4615958252484204,-0.014612004878613723,-3.5653906042820704e-12,-3.562134528317662e-12
22.6800,-0.29678174879178465,-0.00045567359936351604,0.2438539714099305,-0.09096296551161508,-0.11432198567744573,0.005310705599295427,-0.09073480810436423,-0.033333110520569545,0.3320101775695706,0.023060901502504203,-0.0015244232703802221,0.028214466369959935,0.004734309896863126,-6.160150342969475e-10,1.1042056987990503e-09,-0.024976474505385475,0.09060875285139944,0.8935898636806083,-0.005104147218029665,-3.382239800731046e-12,-3.3802821652884063e-12
22.7000,-0.2988224522894353,-0.0006503282381488816,0.25022127104165426,-0.089021742876772,-0.1293273885870929,0.0057930094791882256,-0.05267171028629127,-0.04020183533627059,0.32284923317426567,0.021658756914294294,-9.051020081291195e-06,0.04206315352818827,0.004521872904444106,-6.160744162312131e-10,1.1041463508701357e-09,-0.11963265629016817,0.06889462280103667,0.532557664109268,-0.01762987941009696,-2.876410481328362e-12,-2.874768999239219e-12
22.7200,-0.30012932322976626,-0.0009884070609383518,0.25629862290175603,-0.08591051381361103,-0.1375583323618832,0.0058010651701514175,-0.01507760995723502,-0.04453195582388807,0.3028396799363636,0.01855411271903497,0.0016129394305399926,0.04762162332676464,0.004034633422015568,-6.161229796026362e-10,1.1040978228289583e-09,-0.11170125041232054,0.21417901203818646,-0.06458646918873095,-0.0317146049016382,-1.7765604525682432e-12,-1.7740702570184785e-12
22.7400,-0.300815099722078,-0.0014263977010921642,0.2624236941720414,-0.08199363500172938,-0.14013276946300599,0.005442174264448646,0.01605935060526654,-0.0478938762436431,0.30080657887854517,0.014536703814918233,0.004079430245674848,0.04404669365812879,0.003327427843096103,-6.161545165011629e-10,1.1040663226638517e-09,-0.2978140463138589,0.011163708488879405,-0.23142041465467555,-0.0375497250830954,-1.455287279572559e-12,-1.4542340855822067e-12
22.7600,-0.3008849298833474,-0.0019316748328617522,0.2679916133642268,-0.07755904062676751,-0.13711889982674988,0.0047858450843404204,0.04030290977057742,-0.046857951803853354,0.2660708018128539,0.007504596073349737,0.0033101483167973394,0.03719451990037362,0.0025267651666240876,-6.161717173687377e-10,1.1040491503606134e-09,-0.40248721400822485,-0.09230918187131594,-0.4253010969122419,-0.0420707877733809,-6.577334163426762e-13,-6.569136510800599e-13
22.7800,-0.30047865971820703,-0.002462489660967557,0.27272975057466836,-0.07296278312491453,-0.129759867578125,0.003962810405834078,0.05442213569334133,-0.04285993521303717,0.21685493564254738,-0.0006219166656120502,0.001627954814826589,0.02611808866705958,0.0016353698964743498,-6.161717588247581e-10,1.1040491376167694e-09,-0.40925813910271025,-0.08355871475380125,-0.649297158140428,-0.04644975077255137,5.599422835123047e-13,5.61899268433641e-13
22.8000,-0.2997620864640616,-0.0029806652721515326,0.2763134608536723,-0.06852912711124787,-0.1195194296229699,0.0030942649607188662,0.05823479185338694,-0.03642783665462362,0.15266528154137013,-0.009213822839371217,-0.001210232451310513,0.012870382996693354,0.0007146543737007688,-6.161600875176623e-10,1.1040608326550992e-09,-0.47488265552511977,-0.28216405145869833,-0.5783921432518802,-0.041876510130957854,4.278494876094885e-13,4.2841972374210724e-13
22.8200,-0.2988507734653549,-0.003475459035447158,0.278155682231884,-0.06433755421420913,-0.10741271973069896,0.0022405151388892202,0.05421979051899132,-0.028605846238429915,0.060848403199396696,-0.016770521199018562,-0.0062106831775634195,-7.013542780936967e-05,-3.2773844623117485e-05,-6.161488675423553e-10,1.104072076187409e-09,-0.2873193242549443,-0.20400667780090695,-0.702380583309042,-0.033734975425144,7.351954331782928e-13,7.371226025398858e-13
22.8400,-0.29794940912448364,-0.0039440000242798,0.27824569001053046,-0.06037992829306339,-0.0953043866922524,0.0014668713623968211,0.04226708784328983,-0.021624456197775508,-0.026763691220845105,-0.02190018317472027,-0.010606256460049517,-0.013771252896725704,-0.00065163325979509,-6.161383123252817e-10,1.10408265930713e-09,-0.19645929280121258,-0.19167171013420098,-0.5901171154892734,-0.025394911486974286,6.498251372763497e-13,6.518120461776467e-13
22.8600,-0.2971568484312292,-0.004388363494171835,0.27636325513148585,-0.056619382602894786,-0.08412013251061773,0.0007917567101471462,0.027323319478866497,-0.01496205587789344,-0.12216636572412806,-0.0247158772966561,-0.01370683443832157,-0.02250137237838192,-0.0010339590296366704,-6.161299573175153e-10,1.1040910396201747e-09,-0.08007685181876385,-0.09868959874806303,-0.3725797250187696,-0.015994663935570322,6.124995259246258e-13,6.145423796580229e-13
22.8800,-0.29657268031799316,-0.00480609804326405,0.2727481531927282,-0.05306253852516011,-0.07481813679497516,0.00023180722122136677,0.01061302971145534,-0.00968891870365748,-0.20197951177127496,-0.024885408395234603,-0.014235191595925368,-0.028114684356518326,-0.0012747889570719367,-6.161201975420079e-10,1.104100832436364e-09,0.0443575669716141,0.025324131044762527,-0.19018037786772116,-0.008641381317165252,5.945337538254547e-13,5.966698489456856e-13
22.9000,-0.29621349763716204,-0.005198233057823962,0.26749244488289387,-0.04969885748649138,-0.06759003750302842,-0.00022331725763590957,-0.004440862152842138,-0.005056983345499146,-0.2824966464788594,-0.023859565740981022,-0.013912730870339991,-0.02895967274363219,-0.0013614131767053761,-6.161117494270248e-10,1.1041093114496992e-09,0.06856989137398965,0.024700370685774183,0.06962782042328346,-0.0009172263740043366,5.737246615289404e-13,5.759839220159657e-13
22.9200,-0.29606746281852914,-0.005566210829564229,0.26078935293692934,-0.046520373355639966,-0.06235375604984205,-0.0005900286176058014,-0.017680495426396787,-0.0015757653862124997,-0.34971949562348414,-0.020824967078016437,-0.011541022610716097,-0.02657770012722017,-0.0013326816322605764,-6.161021190238876e-10,1.1041189798294026e-09,0.16693617432096433,0.13396790512739765,0.19924767606011307,0.003678324551673792,3.530395919180973e-13,3.5438096684589637e-13
22.9400,-0.2961391204637173,-0.005910586153239015,0.2528866521627666,-0.04352547313924862,-0.05917391699088705,-0.0008792673431149565,-0.03101959681446384,0.0010727107718148355,-0.40757426340948183,-0.01799739256669968,-0.009414714083871758,-0.024216752765795418,-0.001291988053459368,-6.160935182093826e-10,1.104127618299496e-09,0.17976898583132295,0.145860369849837,0.2336704982631643,0.004635534525057105,4.2098599996667763e-13,4.227154650621179e-13
22.9600,-0.2964172408424223,-0.006231570710556531,0.24415179704360632,-0.04071843470050155,-0.05795622683500782,-0.0011042493162072148,-0.04256180081838537,0.0024485178958086468,-0.4403686353536112,-0.013585757713088478,-0.0054624986328355,-0.01977378937746295,-0.0011887155637539384,-6.160843321617352e-10,1.1041368464511593e-09,0.27484279836093933,0.25328867573027436,0.3303758027915909,0.007542503507063322,4.828300845076405e-13,4.849758832373152e-13
22.9800,-0.29683423984225576,-0.006529021408891423,0.23513640583917397,-0.0381146610597598,-0.05806126792994644,-0.0012864394386768129,-0.04797736955702736,0.0027630988739649766,-0.44914368013296746,-0.0073454039145616256,0.0003647169281007426,-0.010617389016307264,-0.0009825337425063683,-6.160740539997874e-10,1.1041471719504577e-09,0.34581508350624285,0.3285890445144647,0.4945291542083017,0.011384026933484448,5.401829157591909e-13,5.427391392212599e-13
23.0000,-0.29730938293320275,-0.006802877282043068,0.22648821662003174,-0.03572847100831049,-0.058719815737722725,-0.0014449189332380694,-0.048843548065951634,0.001834890365146806,-0.4211752469740929,0.00047408796624100544,0.00781855183138297,-0.00016807281291387967,-0.0007345867206635893,-6.160627970607215e-10,1.1041584869712097e-09,0.3947070935429876,0.36185559390747735,0.4938817088483782,0.012946853158322572,4.1990293620647323e-13,4.2286058552290506e-13
23.0200,-0.29778886037309665,-0.0070607965729357625,0.2189473570139925,-0.03349476815875489,-0.0594188886044989,-0.0015946215521162037,-0.044914352194990625,-0.0007125439908190494,-0.3569513338848556,0.008343422098996776,0.014226359246495044,0.008839610474212346,-0.00043822753070772746,-6.160590922664106e-10,1.1041622515778389e-09,0.41999373679864704,0.31083028869860985,0.44085338415664643,0.01705375008982754,7.749572197065374e-15,1.1072338453542961e-14
23.0400,-0.2982370143417498,-0.00731998346791655,0.21319617422085785,-0.03125399687231017,-0.05981910534465707,-0.001751287031403086,-0.03744298309808858,-0.004848706613318647,-0.2598671076030428,0.016301765788433214,0.019725606811023495,0.016436762636907985,-0.00011277755338842271,-6.160623853323088e-10,1.1041590285221023e-09,0.366260151828387,0.24071332589411462,0.3221949032747145,0.01466586314704568,-2.944413918411215e-13,-2.907986351718961e-13
23.0600,-0.29863843467099727,-0.007592378663685594,0.20977369565183485,-0.028893620585060596,-0.059774110574971326,-0.0019233484532670461,-0.02770895004889088,-0.009789728602889215,-0.13839997823682992,0.022498824457621195,0.023705887365081918,0.021534786937363902,0.00011565902514350062,-6.160697831322918e-10,1.1041517058064269e-09,0.2509650605973249,0.15969903195191096,0.1923749457548361,0.008010769508405083,-4.038237300975356e-13,-3.999912922582338e-13
23.0800,-0.2989886333519361,-0.007881484932850978,0.2089977553762661,-0.026379837234091735,-0.059241243962890155,-0.00211186959585922,-0.017108543066453468,-0.014571381792937255,-0.00407978504955646,0.026040124742408452,0.026041576282040034,0.023982823898973892,0.00018546654954550127,-6.160772569582119e-10,1.1041443131838883e-09,0.0891471652841234,0.06623657792221009,0.04665194607489362,-0.0011220912920088329,-2.7025208243144916e-13,-2.6638088436448104e-13
23.1000,-0.29929500659589486,-0.008180934912604191,0.21093399145058278,-0.023771380435476736,-0.05829068023441532,-0.0023101342492707275,-0.00719502346622084,-0.018229076982561952,0.130345067553573,0.026125773335056574,0.026432504812093444,0.023539683573830007,7.813337247139159e-05,-6.160792482406659e-10,1.1041423945605745e-09,-0.07244977578669905,-0.020385968236780645,-0.08557260927872593,-0.0096545450868693,7.720095450500924e-14,8.096149618774806e-14
23.1200,-0.2995760335563303,-0.008474386115092505,0.21538945490252095,-0.021221365737805736,-0.05709844127697598,-0.0025047579034857535,0.0006251490765833437,-0.019992622463104633,0.25209370051708924,0.022929547736433235,0.025082248962523628,0.020460319177458473,-0.00019854310072222204,-6.160725340589924e-10,1.1041491815209997e-09,-0.22422886462018643,-0.11871412760447761,-0.21132866225124583,-0.015682461694806298,4.3534067410005983e-13,4.388602654024909e-13
23.1400,-0.2998578641168244,-0.00875034553983253,0.2219440906734299,-0.018836899299263427,-0.05591398632678009,-0.0026855961545203164,0.005457964118747979,-0.020409189786720766,0.35052359003250455,0.017700359404995945,0.021238970898908787,0.01520712747123163,-0.0004660842049825015,-6.16064548921539e-10,1.104157233855569e-09,-0.2916027380538125,-0.25564428474154505,-0.3042194484840668,-0.011065948467036268,3.5744389219327655e-13,3.6064380648515026e-13
23.1600,-0.3001702953213661,-0.009010980021030911,0.2299983911330019,-0.01659536570919548,-0.05502248345399869,-0.002851775937036515,0.006850618983990209,-0.02003338025872689,0.41714654494037584,0.011251091204797862,0.015028483151036862,0.008373585979977435,-0.0006520337684335758,-6.160581160550926e-10,1.1041637267819369e-09,-0.3487047417032365,-0.35306047115621725,-0.3792217818747947,-0.008095550750645214,2.897332981172118e-13,2.92563499468268e-13
23.1800,-0.30055714494153074,-0.009258880161460276,0.23884943490637023,-0.014469536978595232,-0.05484393302710192,-0.003003249845640447,0.0040026262461771,-0.0190051350524432,0.44815270693445103,0.003840813750394183,0.007351447690501505,9.241502283747333e-05,-0.0007980136268148906,-6.160527922018096e-10,1.1041691032681935e-09,-0.386935964471594,-0.40245852116587244,-0.4343705326016845,-0.006930576899160572,2.6080358575888973e-13,2.6325052164197227e-13
23.2000,-0.3010615904290908,-0.009495465516819254,0.2477568930243856,-0.012444091037205606,-0.055790776606533525,-0.00314144088988767,-0.002250702519164541,-0.01748592209252982,0.44207416058495863,-0.004193918086176765,-0.0010940861586227857,-0.0084794662812621,-0.0009209859325010452,-6.160479846972631e-10,1.1041739579074808e-09,-0.366844667440764,-0.38915965232648814,-0.44903785050147726,-0.005081231092469142,2.2110744767218915e-13,2.2379130883501408e-13
23.2200,-0.30175917680008113,-0.009723463471997753,0.25615998659535416,-0.010489548686599093,-0.05858014534220317,-0.003267872156837245,-0.013969173985657979,-0.015946367604788528,0.412163533024577,-0.010617677927541164,-0.008136412305543952,-0.017060231363932678,-0.000988733410633387,-6.160455407207911e-10,1.1041764414721719e-09,-0.31506663550392094,-0.3487349911029729,-0.4499653313262399,-0.002819950485233544,1.1859094164578393e-13,1.2092083790434666e-13
23.2400,-0.3026872196967364,-0.009945986356837392,0.26352154269800265,-0.008576693472364505,-0.06355522670675073,-0.0033883489536856203,-0.026634617149043006,-0.01441697154002076,0.35246673543078233,-0.016243373913334243,-0.014384180419854528,-0.02257261302335843,-0.0010220587042021004,-6.160437595431143e-10,1.104178256976259e-09,-0.17821196740194545,-0.20430141062741713,-0.09002624761768183,-0.0003011179257547471,1.0729320264277892e-13,1.0958562616375511e-13
23.2600,-0.3038318790569884,-0.010164502827796056,0.26964870175017536,-0.006696010643444842,-0.07056367193799225,-0.003510713575702992,-0.040196908895826056,-0.013191246812715458,0.2949812286788269,-0.018427462997661875,-0.016992522662215615,-0.024663484921911904,-0.001021488686305644,-6.160422121617981e-10,1.1041798410672784e-09,-0.060189820746179935,-0.07797937532846426,-0.1288738995867146,0.0001752699803032046,7.832782003298205e-14,8.047424217890592e-14
23.2800,-0.3052205407511991,-0.010380101137655058,0.27439976804162647,-0.004838995389404953,-0.07983678986059566,-0.0036410885413228396,-0.054954893750489134,-0.012181784833839315,0.2210132647523443,-0.020276280289170362,-0.019209565268081315,-0.02559828733898949,-0.0010095791706145505,-6.160411346669405e-10,1.1041809518150294e-09,-0.03447507039419211,-0.049511264225883804,-0.03561369659725655,0.0008539861492982708,5.4024276371911206e-14,5.6041204120858834e-14
23.3000,-0.3067744881695434,-0.010594681737302625,0.27723786914835435,-0.0029943303234212207,-0.09060028504030343,-0.0037882512546288474,-0.06865032270289652,-0.011440074798822034,0.12101940233939197,-0.021967568020714194,-0.02119444867998449,-0.02343519410139442,-0.0009823068424421367,-6.160406098663631e-10,1.1041814984758567e-09,0.024687904303270645,0.012447873305469046,0.07315565918010292,0.0016927688472981653,3.51182299386521e-14,3.7051152348022837e-14
23.3200,-0.30848160164598615,-0.010809107784629042,0.27825150186688535,-0.0011558429649471153,-0.10271270311898784,-0.003957199241254332,-0.08368462428646375,-0.011127079070507851,0.03697769153398579,-0.020707937448860597,-0.02015284403329352,-0.020683923640020554,-0.0009454520059576656,-6.160402135513819e-10,1.1041819228726739e-09,0.14023853851734827,0.13059914436140202,0.17224944439851447,0.001956151470959608,1.621613745519078e-14,1.8076699533943474e-14
23.3400,-0.31026570896278877,-0.01102444890369521,0.2775860418091915,0.0006827920362984561,-0.11544502313675321,-0.004152283708223475,-0.09458259854263282,-0.011168269672829934,-0.044733431789745,-0.01777403120688039,-0.017402264999172978,-0.013784585067294911,-0.0009033457891792078,-6.160401131506469e-10,1.1041820484189806e-09,0.1939276861081227,0.1852473722606035,0.4431607405528048,0.00222535507844128,-3.964857041044868e-15,-2.17641092390493e-15
23.3600,-0.31195649620465404,-0.011242029982929426,0.2753030977138195,0.0025285231002009803,-0.12722871988940898,-0.004373923039242102,-0.09820035272226077,-0.011530368717903958,-0.12184419320952009,-0.01341677208174375,-0.013206740416323777,-0.00300310099984055,-0.0008586957263211908,-6.160403358098516e-10,1.104181848541424e-09,0.23087856196563358,0.22336265035306874,0.6165471761749325,0.0022099792791121205,-2.7559677223719728e-14,-2.5810256032042164e-14
23.3800,-0.3133806196459635,-0.011462958079407027,0.27162288387329114,0.004388228715320816,-0.13650899639114228,-0.004616358216032629,-0.0930735094595815,-0.012146196712348425,-0.18747897385936593,-0.007538071316376883,-0.007487842893730529,0.009814254012663868,-0.0008144784911272071,-6.160410450703219e-10,1.1041811648154071e-09,0.3415158260281075,0.3330314228716831,0.5593421017139387,0.001961739871592615,-5.6563450754817945e-14,-5.481594046946939e-14
23.4000,-0.31438486348255684,-0.011688159901877236,0.26689091104172397,0.006269157768585595,-0.1419379199043865,-0.0048682819038770855,-0.07833909494333748,-0.012932403380858503,-0.23973514961377881,-0.0019134169009571858,-0.00200157788412302,0.021210101424072345,-0.0007805222065410881,-6.160421172692517e-10,1.104180114122413e-09,0.30708496299610893,0.29943850135467476,0.5515847197778629,0.0016803832877703502,-5.206525179523788e-14,-5.14607209926507e-14
23.4200,-0.3147751091335603,-0.011918226688556296,0.2611362271374892,0.008175694366106812,-0.14179276073213487,-0.005110683905868197,-0.05316438237753536,-0.01391945498678831,-0.29676738235834454,0.002582197175241448,0.0023921395479031063,0.03279693854768144,-0.0007471230825963918,-6.160435755341098e-10,1.104178672778746e-09,0.21069130021178595,0.20573278158638889,0.5090530461386099,0.0018167897912725202,-8.11870237921522e-14,-8.04412688803352e-14
23.4400,-0.31449895638961284,-0.012153708017196584,0.2548174035146698,0.0101178803500557,-0.1355973739095882,-0.005324202110415309,-0.021989290707628645,-0.014802864185734465,-0.3171518557702376,0.008062327981687462,0.007694298114954426,0.03869898099944934,-0.000707221307310973,-6.160460507894756e-10,1.1041762262892832e-09,0.255555898631998,0.2461149732179782,0.186851492686046,0.0020083553204895415,-1.143955535767155e-13,-1.1345780001267847e-13
23.4600,-0.31351480385139985,-0.012394711419852258,0.24809361042881087,0.012104635214625941,-0.12290867014247023,-0.005486636391923169,0.014965693911148442,-0.01585127569239351,-0.34775605399855497,0.01053041618142209,0.010053134433815916,0.04252632438003692,-0.0006605421220262158,-6.160488067530373e-10,1.10417349155894e-09,0.08058022181385394,0.07832592456903807,0.08937334455142232,0.002618526662802765,-1.372937950393921e-13,-1.3611285492806657e-13
23.4800,-0.31183450769683024,-0.012640220638683534,0.24096034880003167,0.01413943775782458,-0.10368820572926213,-0.005575551941241868,0.0524845349127912,-0.016843909738084518,-0.36751863867875795,0.011737252103567776,0.011215271580320409,0.04114348622074195,-0.0005980706688519347,-6.160519626565271e-10,1.1041703622531522e-09,0.03960381529897384,0.03584224232053929,-0.20970606365552566,0.00372511551627969,-1.7708916472992942e-13,-1.756061116832408e-13
23.5000,-0.3097056071335254,-0.012890173602011055,0.23392267664779542,0.016241115076317356,-0.08002575191223771,-0.00558687832014786,0.07945503117935612,-0.017517639185490007,-0.35323153233319543,0.012113757930932204,0.011395657626052562,0.029761775614125068,-0.00048675690261422753,-6.160563248428392e-10,1.1041660415928679e-09,-0.002660660176640821,-0.016141983085117266,-0.7629762363325916,0.006410279327353694,-2.3310167815079885e-13,-2.310207147110388e-13
23.5200,-0.307468313933821,-0.013145787944358151,0.2275774873591294,0.018437439401324415,-0.05495651010553947,-0.005533653866594779,0.09325220235349584,-0.01785539531961939,-0.31326907178998564,0.011470456278390764,0.010463444496167918,0.014577810587814679,-0.00036359013309628275,-6.160616981914426e-10,1.1041607186828953e-09,-0.059572442460247135,-0.07408220770699096,-0.7157185459714552,0.005767481718480133,-2.8982447951991785e-13,-2.8715024065137373e-13
23.5400,-0.30535692377206736,-0.01340865808868138,0.22221423412618485,0.02075115818287398,-0.03067017635206115,-0.005431631450351407,0.092823016072869,-0.017871053732660604,-0.2560111752453266,0.009842814872845199,0.00850112667784427,-0.0015288662503338945,-0.00023683742717342198,-6.160680988967121e-10,1.1041543782723853e-09,-0.0938465222150176,-0.11294495130677569,-0.8921534179902819,0.006808957538829637,-3.481771078048257e-13,-3.4485494971800423e-13
23.5600,-0.3036783837168339,-0.013682090779793462,0.21835285092192455,0.0232079374665329,-0.010222024299272214,-0.0053171902680984465,0.07451526584125406,-0.017308079239399803,-0.17181623778120297,0.008201512881237088,0.006437923206861259,-0.01873478262369147,-0.0001153676049140589,-6.16075680823606e-10,1.1041468682475028e-09,-0.07143819630954003,-0.09386808026650573,-0.801216215485135,0.0051280252072176905,-4.063418980633504e-13,-4.025252353656583e-13
23.5800,-0.3026374668071023,-0.013970560670634602,0.21645799260835363,0.02583111720595571,0.004179177141122014,-0.005231397967952475,0.04367404979855307,-0.01610686597067031,-0.06718615070412307,0.00741854430547944,0.00519210671906499,-0.031335596156972866,-5.848128909469313e-05,-6.160844730840914e-10,1.104138155325897e-09,0.04685600627991539,0.022451355701940092,-0.2930616690764359,-0.0013836559436218366,-4.572399316810083e-13,-4.531108561273145e-13
23.6000,-0.3022675302468927,-0.01427890092660017,0.2168720712050279,0.028644341884192674,0.012001654243998952,-0.005204562878949754,0.009561117944285751,-0.01420778641020325,0.0511745777387531,0.008010996502772653,0.005309143588870813,-0.035657061185162035,-0.00011221691599941283,-6.160949343616061e-10,1.1041277805410984e-09,-0.020433257307612838,-0.04017349300691408,-0.2142531315158701,-0.002552147650478285,-4.965018196925741e-13,-4.922758164646601e-13
23.6200,-0.302648234539607,-0.014611763748255426,0.219592785695116,0.031662753885200366,0.012325893084039127,-0.005280804615542879,-0.03095162435169869,-0.012063682122172823,0.16365989107789425,0.006334144008236797,0.003284763972005886,-0.04083469638755387,-0.00015473794697745924,-6.161056761368056e-10,1.1041171210784199e-09,-0.0347333500136479,-0.05152466309503456,0.005132266981846204,-0.006264669730279886,-5.83780853519178e-13,-5.79853656410001e-13
23.6400,-0.30372081657488287,-0.014973430598056642,0.2244224536663993,0.034905848221151586,0.005730170021011891,-0.005487879032337663,-0.06377210784318428,-0.009732140698840491,0.2655101737295161,0.005661374684144188,0.0023479220457025417,-0.03762404140900869,-0.00031799462024874396,-6.161167353935061e-10,1.1041061347137156e-09,-0.12219309105851214,-0.1311323457499268,0.06351315185705012,-0.006661806967794569,-5.625920736218593e-13,-5.58816990077482e-13
23.6600,-0.30545772245631253,-0.015366869421111332,0.23084836629228445,0.03838410407433812,-0.007411654822825232,-0.005859174362150371,-0.09370865326698208,-0.007941786197040182,0.33776728158357266,0.0021878535418793765,-0.0012000890587523223,-0.0367849916059042,-0.000441259719816513,-6.161284002344744e-10,1.1040945394751655e-09,-0.22697838345352406,-0.22547175596550723,0.008065849254099216,-0.00541538153602631,-5.752186921226254e-13,-5.719523162375784e-13
23.6800,-0.3078143567360389,-0.01579366975720114,0.2381293444329112,0.04210231195282691,-0.02647905360146667,-0.006424958409063824,-0.11637922088373354,-0.007158936396703623,0.3731735669546701,-0.0022710916565927214,-0.005536074741395157,-0.03413265236451803,-0.0005901646364486256,-6.161399008566523e-10,1.1040830976252022e-09,-0.19674286642048427,-0.18685764898414092,0.30227183783786216,-0.010309839962215545,-5.718626527179138e-13,-5.692361729550677e-13
23.7000,-0.3106024722575505,-0.016253433618173458,0.245505297756018,0.04606743627867807,-0.0494341425637611,-0.007181090004054717,-0.12705285138574215,-0.007601046830218834,0.37224889024767516,-0.005523327983068873,-0.00852480523426354,-0.02521018853584243,-0.0008430234363451125,-6.161512182669858e-10,1.1040718263968939e-09,-0.13352760047593124,-0.11816078661541632,0.5285946500931297,-0.013884910016737521,-5.60104696997743e-13,-5.580609759026078e-13
23.7200,-0.3136599428502822,-0.01674571160873805,0.25243831763021324,0.05029105453810519,-0.07457776161699871,-0.008119198363149496,-0.132268850776028,-0.00896046884833555,0.3514072504567438,-0.007512651640287138,-0.010290178146039088,-0.01597233474547205,-0.001097676394399439,-6.161633777590404e-10,1.1040597080277596e-09,-0.06491453835106277,-0.04787423977728888,0.5784965374939515,-0.015087157025405272,-5.375352940539813e-13,-5.360954735689205e-13
23.7400,-0.3167333615234214,-0.017267750136178723,0.2583825132609168,0.05477250046347036,-0.09946424585686799,-0.009195357750931284,-0.12430599443712995,-0.011967619517153574,0.29509096332260715,-0.00788005914254538,-0.010238462692799601,-0.001319291421783154,-0.0014517946698450594,-6.161736177932299e-10,1.104049491387292e-09,0.025043366297556654,0.04547517591560328,0.8041716157831675,-0.018978880154508646,-5.44808555907883e-13,-5.437215348097491e-13
23.7600,-0.3195954853172868,-0.01781969663316479,0.2632957946668324,0.05953455157003841,-0.12203676387222195,-0.010356720998898372,-0.11142210384965852,-0.01453595540080882,0.2561154395399904,-0.004539199027582908,-0.0071008225503300815,0.011598466928461972,-0.0017890094452720424,-6.161878536754514e-10,1.1040352854581071e-09,0.26439672540792897,0.23203494575612768,0.5155611282935827,-0.015513388885678572,-8.647854567861435e-13,-8.629377594437937e-13
23.7800,-0.3221347771161969,-0.01840540014622878,0.267546167337995,0.0646217375004075,-0.14138642539633908,-0.011570427046491449,-0.09240745073241069,-0.01715115761365672,0.2202237440218387,-0.0007506008386817321,-0.0035578881360544415,0.022533082663687278,-0.002094432530631442,-6.162027787331688e-10,1.104020385713041e-09,0.2236657953222711,0.20014907161401374,0.4539481625044882,-0.013565387879386938,-9.118115333953125e-13,-9.101503188266302e-13
23.8000,-0.32422228580831786,-0.019023625003829408,0.2712809323230987,0.0700297002309262,-0.15646529702537967,-0.012781227811017431,-0.06876443299843045,-0.01914496446612247,0.19459380875721027,0.0027720122674244015,0.00010242453110396232,0.030730416406900305,-0.002359397804697189,-6.162166372182745e-10,1.1040065529819652e-09,0.1616520295424722,0.18788166004849516,0.32910027667215597,-0.012100955409342463,-6.749684361775921e-13,-6.734745140041243e-13
23.8200,-0.3256979310508861,-0.019659525756083738,0.2743020722039737,0.07562944812534761,-0.16595084997813297,-0.013889655921946227,-0.04115502058662743,-0.02140415290995156,0.15492653293914474,0.004000611214429451,0.0028253591034670222,0.03733289563580244,-0.0025738590684849113,-6.162237235489763e-10,1.103999485901188e-09,0.002051064512201652,0.10003694277780256,0.2483059521154753,-0.007745474077995952,8.967768205542931e-14,8.984139658347462e-14
23.8400,-0.3264912342973651,-0.020296830791070055,0.2765584554518616,0.08127772067110267,-0.16930174026676878,-0.014804372342499756,-0.012781409772703456,-0.023553759461333437,0.10962188729409919,0.003688583045278227,0.004505285487081356,0.03995638492881195,-0.0026457840789226726,-6.162244473395108e-10,1.103998778565997e-09,-0.030843476562304448,0.0794229462972335,0.02788590031071719,-0.0003171735571770894,4.561395206860441e-13,4.561974712921635e-13
23.8600,-0.3265793259426566,-0.020915988430696326,0.277902832562695,0.0868066453542902,-0.16635042813408538,-0.015437951752137928,0.013842708426544678,-0.02588262921576568,0.05563505718236916,0.0017443311628598216,0.005145381257382403,0.0392330419697341,-0.0025767529216725047,-6.162173925544887e-10,1.1040058472938918e-09,-0.1035863514132909,0.020767002826332343,-0.1541595051751201,0.007693518551419104,2.745299647333166e-13,2.7575766106333055e-13
23.8800,-0.3260247607575189,-0.02149869507904403,0.278267788076042,0.09206370806633891,-0.15763256246211843,-0.015738615142065877,0.03605892640003247,-0.027961251605593464,0.0017135357715384915,-0.00089734434493132,0.005058881706006139,0.03415107393595397,-0.0023535830841321576,-6.162032589515634e-10,1.1040199957001337e-09,-0.1790507592599426,-0.03927345128531157,-0.31267253503241166,0.01359802017531016,6.570203365738325e-13,6.582507976193863e-13
23.9000,-0.3249292695884077,-0.022024914573236645,0.2775045332094013,0.0968831366943742,-0.14399035267884294,-0.015682784933124683,0.05266755259408582,-0.030317577420160457,-0.059091243450295074,-0.00467570634049829,0.004013256876466518,0.026046287024152362,-0.002032668012088047,-6.161808548596354e-10,1.1040424153051518e-09,-0.1806982118086264,-0.054105975861771745,-0.4952018508817629,0.018108213892567046,1.0792551748128876e-12,1.080533882855117e-12
23.9200,-0.3234362233154067,-0.022474851496291758,0.2754793327174306,0.10109577780310086,-0.12662378784787084,-0.015287183447037337,0.06313870754217393,-0.03303829738729396,-0.1271642266414722,-0.009685201061803112,0.0021013170496719364,0.015433744287308388,-0.001658969465310074,-6.161461342640961e-10,1.1040771511133488e-09,-0.2567014694201619,-0.10439755519753709,-0.5325705898984875,0.017652071654794165,1.5578619123879367e-12,1.5592394996682968e-12
23.9400,-0.32172806181984137,-0.022831406496475283,0.2721814212632714,0.10454014383884903,-0.10710541774284267,-0.014615568850234234,0.06619691826563578,-0.034489560534698205,-0.18272173193793134,-0.013336504769528393,0.0008501656429628572,0.002897300314827643,-0.0013044137868058238,-6.16106038231699e-10,1.1041172694243658e-09,-0.17080160332858163,-0.05470844332808887,-0.6405653405205948,0.016008372231421163,2.0519228677295942e-12,2.053431643472825e-12
23.9600,-0.3200202887112986,-0.02308253521094593,0.2678282910792378,0.10707226490298419,-0.08736978030488926,-0.013779107983778129,0.06328502672499367,-0.03535445776605668,-0.2372687977939993,-0.01677235830097351,-0.0002940756472890692,-0.007783646088830859,-0.001074512732749446,-6.160607043492178e-10,1.1041626245043003e-09,-0.20404549621793633,-0.06836949098626334,-0.5441037214354955,0.009715361407689523,2.4901959834455756e-12,2.4918439707477535e-12
23.9800,-0.318367181925827,-0.02320356983033176,0.2620175334564657,0.1084331650515775,-0.06791655738442579,-0.01281865578331411,0.058806825735073655,-0.03693977468572895,-0.3093272724250125,-0.021570546462761946,-0.0017295631351088728,-0.016827265052620742,-0.0010161227147441458,-6.159914057155461e-10,1.1042319464851812e-09,-0.09360235137102217,0.0189924565526508,-0.37259666805688735,-0.0028946563869326467,3.5529131720002383e-12,3.5537805337382267e-12
24.0000,-0.31687762855083734,-0.023183698191581,0.25505088294743666,0.10846729498777505,-0.049791664218269284,-0.011825297577672644,0.053001316804513164,-0.03624600906610377,-0.36767318036929975,-0.023662003314617968,-0.001382670961849957,-0.021514646052722464,-0.0011855887859119547,-6.159224188888781e-10,1.1043009559764448e-09,-0.11423309567137857,0.013946978976650254,-0.24067343322165427,-0.009289602767365557,3.862953359967669e-12,3.864150752846962e-12
24.0200,-0.31568631658977164,-0.023012176026332504,0.24717897216486542,0.10699817243902342,-0.03434260443241112,-0.01090880388034639,0.03992743395599706,-0.032179756305709975,-0.40196558770832536,-0.024045437551838432,6.327666756208997e-06,-0.02854948952442025,-0.0013117292521553107,-6.158399433798167e-10,1.1043834669939944e-09,0.04204976769057435,0.11876254516656644,-0.10412914607188582,-0.016263039611853165,4.1171449929877646e-12,4.118830276844676e-12
24.0400,-0.31484038023169314,-0.022682047190859967,0.23887369656382512,0.10390368081588026,-0.022113100980923527,-0.010128270535823427,0.027098922442608354,-0.02487383220361104,-0.4174156050672613,-0.02211456633527762,0.0029242997765563297,-0.02954425838839367,-0.0016415376192559573,-6.157600820790846e-10,1.1044633647013683e-09,0.15159841797691212,0.1799082012340043,-0.03827486833997275,-0.01625379396417945,4.266121310381177e-12,4.26825415289489e-12
24.0600,-0.3144315456906671,-0.022191840684501467,0.23082333220181958,0.09911506683756634,-0.01408907812533101,-0.009551888214697364,0.007866010087011125,-0.013015236659687688,-0.3952218421017874,-0.018164233505666493,0.006886734013206287,-0.03055514954971266,-0.001880205495171689,-6.156741739590571e-10,1.1045493210328307e-09,0.23363455982144518,0.2099680484274706,-0.04937591223635735,-0.007651946875969735,4.295127621622985e-12,4.2977774117325396e-12
24.0800,-0.3145599149712143,-0.021542060834743217,0.2237953983235745,0.09260728066282989,-0.01133259728055634,-0.00922152182443327,-0.017736312471584383,0.0027861048517042295,-0.33576916158499787,-0.013028426221398793,0.011234921852898913,-0.030769590664574055,-0.0019480403469060604,-6.155877982703373e-10,1.1046357541634487e-09,0.27530313408800466,0.21824211148363898,0.038031877377825006,0.0010690322028104762,4.276303269823423e-12,4.279362454673308e-12
24.1000,-0.315273039292993,-0.020733037603961894,0.2184378473976479,0.08440557266136141,-0.0143446533728758,-0.009111234622774836,-0.04662375487750425,0.020885900338067427,-0.24573545797946328,-0.0072059713388803095,0.015345482642812883,-0.028537447542349496,-0.001797810366046134,-6.155048157293597e-10,1.1047188010539937e-09,0.3016186145407363,0.1891837078555997,0.18265509657444853,0.0136738996055465,4.001873485370844e-12,4.005211093338623e-12
24.1200,-0.3165585987655476,-0.019769797043244098,0.21520996637685477,0.07462769550076546,-0.02296688525108486,-0.00913065017001401,-0.07427025855389732,0.03912703187519838,-0.13467706993601083,-0.001104972333620107,0.01856507031225987,-0.02326959325281856,-0.001380710003071817,-6.15429566544872e-10,1.1047941185479887e-09,0.30480551222444724,0.13113963181170551,0.33480129295148636,0.02734655496607426,3.509250615790771e-12,3.5127105217636068e-12
24.1400,-0.31834148022644587,-0.018663376167766737,0.21433897932813026,0.06347888927580547,-0.03636837436746138,-0.009145686876779571,-0.09546939220362724,0.05529914916595095,-0.014139696809458643,0.005230461801289309,0.02048363894713751,-0.014416025836216814,-0.0006696932710405413,-6.153639469205543e-10,1.1048598104348148e-09,0.30560493579402503,0.06077473183772205,0.5256514234955731,0.0381873423172622,2.7303315858207e-12,2.733712995556248e-12
24.1600,-0.32045288404794614,-0.01743439538389786,0.21581697293410268,0.05125641226547257,-0.05279996908831697,-0.009005363256952083,-0.10362437244838363,0.06751319619023108,0.10404111606166858,0.011129266381764556,0.02104449472970791,-0.0023876165362161747,9.665953300178757e-05,-6.153211016450497e-10,1.1049027178047463e-09,0.31002207732929693,-0.0037750827217046946,0.7100417261172199,0.04184033090074969,1.7936845585209138e-12,1.7968319974276392e-12
24.1800,-0.32264851431573305,-0.016117142786995036,0.21941509011064161,0.03834901582303592,-0.06984965422322151,-0.008596499925156523,-0.09601316304447736,0.07436285086383701,0.20807676485317333,0.01708656274222089,0.019960382791957665,0.012544700336160319,0.0009462098200044318,-6.15297537940026e-10,1.1049263409361917e-09,0.2819663872577133,-0.10427811966511488,0.7542950615426983,0.04246588073491836,5.869139809572266e-13,5.897197877594018e-13
24.2000,-0.32474058312906295,-0.014762062305345018,0.22487928622764314,0.025239244091085283,-0.08573729874856663,-0.007901746651566156,-0.07869347452069825,0.07552157317601259,0.3012518323538349,0.02226104300940101,0.01667117694145273,0.023265079980227442,0.0018351701429550004,-6.152998994488822e-10,1.1049240380058373e-09,0.21992144887528522,-0.20545620244498117,0.3599945406330593,0.043631461542891575,-5.100832950466483e-13,-5.070041608767895e-13
24.2200,-0.3266410139076641,-0.013406152748965535,0.23199981352850613,0.012246107855116678,-0.09967956244025102,-0.006965294001065855,-0.05552098553097522,0.07288998018390098,0.37974422741129465,0.02437011394277669,0.01293836334317852,0.029626370362850166,0.0024831109546884656,-6.153072674936416e-10,1.1049167261432417e-09,-0.007818971032031814,-0.1578892438715007,0.31647055429041215,0.019119437053264594,-2.0958286646964586e-13,-2.0755174922476582e-13
24.2400,-0.32818123574952307,-0.012048772420482447,0.24020340376221114,-0.0006802759665150546,-0.11017386418113166,-0.005828604285037829,-0.026139347784553242,0.06837011933811864,0.42428514221391256,0.022710306157666612,0.009708808808403123,0.03456857144781547,0.002719109489826057,-6.153111501178984e-10,1.1049128844075015e-09,-0.1524674099117611,-0.1926630950779632,0.3507590640904216,0.007255062262119208,-1.6336002103996272e-13,-1.6174423454230757e-13
24.2600,-0.3291289204286288,-0.010692960056183707,0.24856018832614934,-0.013571629274977601,-0.11515334347421201,-0.004578596492909654,0.008059895835040206,0.06312277032768132,0.41724138782508735,0.01837132239653861,0.005354680129935067,0.039917312070200286,0.0027201572888314214,-6.153126143877375e-10,1.1049114497485153e-09,-0.26653487231053935,-0.24018747163898008,0.06528155968538028,-0.005592661202511456,3.123680903104357e-15,4.509004558888186e-15
24.2800,-0.32946019185323233,-0.009340361165373814,0.2564013072469737,-0.02647113481030219,-0.11444611818683888,-0.003334344589348915,0.03429533545862764,0.05856817053879313,0.38228852303383043,0.012197436782343864,1.889298809257088e-05,0.03655864216830711,0.0025191510298675844,-6.153111066706178e-10,1.1049129833447275e-09,-0.34165046761802964,-0.2902091546619217,-0.3509414420700089,-0.013553656802619071,1.3506367248575235e-13,1.3628112310523632e-13
24.3000,-0.32934823235373284,-0.007989209698927248,0.26352839345153767,-0.039428748959895586,-0.10964090225786527,-0.00218140008911572,0.04772650545607791,0.05493961888585125,0.3481326127186,0.006349313082268497,-0.004453224699769122,0.024764014074088958,0.0021981205454465356,-6.153058195358199e-10,1.1049183044357077e-09,-0.2821471687348684,-0.20456330837782183,-0.7329586717843862,-0.017075963139902093,2.1141001818082705e-13,2.1248841987168976e-13
24.3200,-0.3289869190035,-0.006636486832097373,0.2696609148353275,-0.05248615144653308,-0.10249825349387169,-0.0011562468186655792,0.05063351770303237,0.053560714742943216,0.28647550892252116,-0.0010470631681558267,-0.010626151969499004,0.01092869549336397,0.0018405665253150667,-6.152995213237594e-10,1.104924630168478e-09,-0.3632544076338146,-0.2971212827261615,-0.7410942314646494,-0.019992823617014852,5.460996238548788e-13,5.482889533017787e-13
24.3400,-0.3285676699794144,-0.005276527487140423,0.2744856360345565,-0.06568983308679584,-0.09476999727198508,-0.00024634020870282374,0.04162517610818603,0.05407965618829409,0.22693863132728637,-0.0074022304208991125,-0.01544442029478572,-0.005032379039172916,0.0014288685534616103,-6.152899228825227e-10,1.10493426348633e-09,-0.3189587409125471,-0.24848645480236717,-0.7652673817378269,-0.019670176782318888,6.444674438207953e-13,6.466399681340218e-13
24.3600,-0.3282375142076928,-0.003904367361397038,0.27764583822142347,-0.07906450930731855,-0.0878241409003856,0.0005932084509419775,0.027211003566983843,0.058728314667624605,0.13416626046187946,-0.014070486750298128,-0.021159856991543158,-0.017361240097566222,0.0010830046907250495,-6.152813352161372e-10,1.1049428787709495e-09,-0.28418775910754324,-0.24395619051065992,-0.5174512426929844,-0.015075956092369178,6.159021860227543e-13,6.180562788990485e-13
24.3800,-0.32803896448474074,-0.002532000766066795,0.2786908404680798,-0.09247973074379941,-0.08207028108724311,0.001387875361289142,0.009933081454791824,0.06587186900933803,0.031734289714677386,-0.01758644653490701,-0.02599841209949668,-0.025309673939957453,0.0009867255297779528,-6.152862461093321e-10,1.1049379958834723e-09,-0.059069389151981934,-0.21552673183209,-0.31417126731470846,0.004878571373591627,-4.575711554447026e-13,-4.553278869397215e-13
24.4000,-0.32806828775692076,-0.0011944461085252626,0.27784699063516793,-0.10555956637851599,-0.0784286277693871,0.002187426668447123,-0.009745336662997673,0.07226041388444646,-0.05498580607250516,-0.016072268100504643,-0.028797552040301967,-0.030251262352883727,0.0012887999251152548,-6.153120231673375e-10,1.1049122555447926e-09,0.14905049550606692,-0.13372327404805812,-0.12863175736351054,0.025103780291878576,-2.285231899545881e-12,-2.2842049432481026e-12
24.4200,-0.32835485468330977,6.287041577202094e-05,0.2753087363876884,-0.117833968014593,-0.07719321250695232,0.0030235656746997364,-0.02860476562597288,0.07799414463585072,-0.1381102760926354,-0.011921276601570122,-0.031217182191961904,-0.030789295404481786,0.0019393958407169691,-6.15363378471895e-10,1.1048609386882124e-09,0.24798470902518988,-0.1148083124814834,0.05555955518142778,0.037809211162587716,-2.88591893438106e-12,-2.883374528722671e-12
24.4400,-0.32888047398653364,0.0011888627198949737,0.27120350078656974,-0.1287924830106548,-0.07820145038746762,0.003897294513253558,-0.04641632276361554,0.08157245284696195,-0.2092888534153535,-0.005842084826441086,-0.03253409872696198,-0.02837878204384932,0.0027844450500024947,-6.154399185664698e-10,1.104784441061403e-09,0.3286656157260749,-0.06525399091205585,0.22261952864949086,0.0475152541919489,-4.122649270577039e-12,-4.119899733867616e-12
24.4600,-0.3295800720796694,0.0021283891193320985,0.2656945888751001,-0.1379117653162453,-0.08084232255894508,0.00476201671026138,-0.0596020632075837,0.08314626616985002,-0.27963925074600343,0.0008280204788640884,-0.033455156938245294,-0.02236795370774171,0.0037473161030695994,-6.155367059622763e-10,1.1046876952538574e-09,0.42993219901692226,0.09882009750759502,0.2870566253979389,0.049972575864944475,-5.227690676179453e-12,-5.2247199622268425e-12
24.4800,-0.3304327123151482,0.002847004410009255,0.25940865021070636,-0.14486052571484867,-0.08491617723888421,0.0055916610268128145,-0.07025797659043752,0.07866594932560682,-0.31227788822743,0.007870316582731598,-0.03102214125076272,-0.016569013604673225,0.004569309275989956,-6.156317847916347e-10,1.104592660918421e-09,0.35471150254939315,0.15202353100689103,0.4446937574531068,0.045233001024506635,-5.2672042075152525e-12,-5.26410078721673e-12
24.5000,-0.3312610032580552,0.003327310619678988,0.25240209036131467,-0.14954173094087386,-0.08875953691587221,0.006247711359681572,-0.07068483288355437,0.07391238961323666,-0.35114451962943705,0.015199261972973608,-0.026002115199213263,-0.0019045724238340121,0.005614788645944701,-6.157737326001769e-10,1.104450770668871e-09,0.23946651248669323,0.2103621170895288,0.7077094560648557,0.039855677818338264,-5.711330713920049e-12,-5.709190932512431e-12
24.5200,-0.33183912502032464,0.003554998594622918,0.24464006528477938,-0.1519148445693427,-0.09027067985423624,0.006542102468343804,-0.06046052600099048,0.06721187163111464,-0.38433282531491575,0.020116049975358083,-0.02014728588650434,0.01133215821531291,0.006330412395968866,-6.158852699836727e-10,1.104339279541777e-09,0.24833808305694363,0.3561928665172605,0.5715464066629963,0.030294307619584893,-5.4796939555346036e-12,-5.477274883647354e-12
24.5400,-0.33213338807131326,0.00353987404446274,0.2368370183529047,-0.15209123704659097,-0.08914352608861599,0.006444599657972298,-0.04553609085593627,0.054579605952909914,-0.3799343723142937,0.0246769442919713,-0.012672222699485647,0.01946735473416686,0.0067593131309556815,-6.15985181625133e-10,1.1042394227392626e-09,0.22526966278924979,0.41839179295889184,0.25033172627917605,0.012752810246451286,-4.954604435059018e-12,-4.950983199802916e-12
24.5600,-0.3322331937089678,0.003300987329584592,0.22990975640132155,-0.1502162282351937,-0.0862090452550738,0.006035987149543473,-0.03156124770408274,0.035030096851412215,-0.3280660192429555,0.028794265984064826,-0.004383377439635482,0.022010824938091412,0.006871183149771044,-6.160844391440038e-10,1.1041402359381289e-09,0.1962928407559161,0.3781099961208069,0.2572791507143965,0.012904770620592322,-4.792796368113805e-12,-4.788829055524246e-12
24.5800,-0.3321397331068331,0.002846404956490044,0.22442811345741953,-0.1463625165241347,-0.08146610079129842,0.005338200241735652,-0.014027966340428896,0.011982642080079996,-0.2537994092405405,0.03203039141617657,0.0025352229718289387,0.02458104154087108,0.00695660579019926,-6.161810432003553e-10,1.104043709328507e-09,0.13256692939053005,0.3026983121989322,0.08881818314776259,0.000514094559023481,-4.945678415413379e-12,-4.942120497564151e-12
24.6000,-0.3318607820426744,0.0021809667168687496,0.22077583722056968,-0.14056660469563514,-0.07496885259895084,0.004386670264614291,0.004334990925394994,-0.012947300007441192,-0.16379565817715744,0.033946918693521566,0.00733696389220994,0.0263879474876481,0.006920018450549611,-6.162776850294435e-10,1.1039471464284697e-09,0.060968744856828946,0.17584773105360504,0.1468287949709574,-0.0011430300401627845,-4.88041464880018e-12,-4.876586114088699e-12
24.6200,-0.3314248652196147,0.0013080525633859432,0.21914863043246477,-0.13283805987877564,-0.06696053907956069,0.003238896191975949,0.018996808506001668,-0.03833651956283949,-0.061495009244668566,0.03408297674566213,0.0098659036586175,0.024363234334443082,0.0065718825200765645,-6.163739123116622e-10,1.1038510035145274e-09,-0.03339565946122463,0.06262090305914297,-0.1367890474472403,-0.022223657923684585,-4.9262174200981335e-12,-4.922209341506889e-12
24.6400,-0.3309313458393873,0.00023214458842399924,0.21966545658434616,-0.12316741935302558,-0.05835763433005825,0.0020007049913403135,0.028462906063524845,-0.062096544701392496,0.04142351577218831,0.03243190761881538,0.009839723874630868,0.0196546683832068,0.005959681371978126,-6.164725154633474e-10,1.103752484667801e-09,-0.12362873811525586,-0.06818209122479632,-0.2169606923190086,-0.03219836473374008,-5.024054956781487e-12,-5.019950601037326e-12
24.6600,-0.33042463092857244,-0.0010501820587161227,0.22208393445004665,-0.11149192616708149,-0.04956874742874461,0.0007327247739630977,0.03192598135552766,-0.08247924544744115,0.13377195705404923,0.029010012531247593,0.007351328953310551,0.012943602876524747,0.005151464047119241,-6.165744429098653e-10,1.103650639537382e-09,-0.21114025664296562,-0.17203445754068344,-0.43626197855699633,-0.047505298349441186,-5.168733496763167e-12,-5.164625671572054e-12
24.6800,-0.33004274236887077,-0.0025374430359701647,0.2261996261116021,-0.09776484102796168,-0.041914629395502674,-0.00046470394371284356,0.026472193530839332,-0.0990908114445341,0.21527774731191682,0.023946552534936848,0.003090772966190087,0.0028325158896136318,0.004070417615936638,-6.16677557757255e-10,1.103547605719793e-09,-0.31347358892958177,-0.2248636425089098,-0.5502290703529248,-0.06280154034316492,-4.781903172046409e-12,-4.777947135159444e-12
24.7000,-0.3299037286497588,-0.00420027993290867,0.23162950455707781,-0.08223305505394558,-0.03655108828155691,-0.001529104953362177,0.014230109948290371,-0.10898714673338417,0.27611965104409025,0.015496504655643777,-0.0002988407796212343,-0.007898350819091106,0.0024992570596184187,-6.167555206286569e-10,1.103469718000949e-09,-0.5041770365484917,-0.114335876864309,-0.48879572374280394,-0.09007660951866248,-3.0646982347726226e-12,-3.061144220051215e-12
24.7200,-0.3300613895040701,-0.005970325057410887,0.23782961043268472,-0.06556478129094877,-0.034024560721777494,-0.0024535806763219337,-0.0006758382561059496,-0.11109645632607286,0.30909552227399384,0.0060459443365837705,-0.001518038425357312,-0.015176245778142083,0.0008585030733125206,-6.167932934619123e-10,1.1034320018257138e-09,-0.5928854669939244,-0.0387035839641629,-0.3743775729224206,-0.1006038021307155,-1.45742337469279e-12,-1.4542943672229969e-12
24.7400,-0.3305332314699987,-0.007772869705256961,0.24418667993126525,-0.04851635708761513,-0.03452253926000976,-0.0032726440024516603,-0.016487022960898223,-0.10659425699933936,0.311566725426275,-0.00822676606622642,-0.001552547238815428,-0.02232825975976348,-0.0014868220918305556,-6.16799696023204e-10,1.1034256643433762e-09,-0.6310774739091678,0.02718128031598465,-0.25555726434700693,-0.10064690434819605,7.552029748086886e-13,7.577569214461954e-13
24.7600,-0.3313192580928396,-0.00955415409589747,0.25011532769417827,-0.03165133810917909,-0.03804592007892407,-0.004045625406449123,-0.03209835254570566,-0.09916690646860131,0.2859159447081265,-0.018520063512528367,-0.0022254994514798445,-0.026078322118203268,-0.003094895411246671,-6.16788712398875e-10,1.1034366954779327e-09,-0.38231019237969077,-0.1035155429109841,-0.12080760652788194,-0.058057816525514394,3.327974289375757e-13,3.35017007625088e-13
24.7800,-0.3324055396092581,-0.011323967833995297,0.2551634607149141,-0.014918939626710738,-0.04443683037306187,-0.004860032834372679,-0.04756469903658889,-0.09323168925334081,0.24035958938284513,-0.024023489754426388,-0.004952997925859961,-0.02799486287369534,-0.003920361631934493,-6.16783980594327e-10,1.1034414702609869e-09,-0.19332248897419707,-0.1466687383492741,-0.11859625777813157,-0.030479135573445018,1.4556463131219777e-13,1.4745323018150458e-13
24.8000,-0.3338196596222414,-0.013095650218182889,0.25911590262532685,0.0017697284565830608,-0.05392061758154501,-0.005801169662386509,-0.06486524205433342,-0.08949088120614404,0.18632172940461084,-0.02643821560260763,-0.007557340782960283,-0.029395627247477487,-0.004357672806860718,-6.16782557415332e-10,1.1034429322002852e-09,-0.07323403505867816,-0.12211711300041063,-0.006348828034159908,-0.01773340035345996,4.537562274704865e-15,6.13648095824839e-15
24.8200,-0.3354940853866563,-0.01488092462789923,0.2616825651809576,0.01848638928667274,-0.06579668836504393,-0.00695317996377339,-0.07840430290914077,-0.08841648387446306,0.11497865440636337,-0.026863214961472485,-0.009532442165377386,-0.02543251625569203,-0.004619007115172484,-6.167839947858126e-10,1.1034415292340604e-09,0.023138206608841187,-0.06437835321196063,0.3988112494491873,-0.008498124912075487,-1.278614258741484e-13,-1.2649286457687425e-13
24.8400,-0.337326598134945,-0.016689811860995468,0.2628955804331628,0.03530697573550935,-0.07904622695070741,-0.008369944085153486,-0.08895413096223685,-0.08985736350857673,0.055564028104330164,-0.02348413206515484,-0.008355200242635684,-0.018396128913396037,-0.0047447690733813195,-6.167895755793437e-10,1.1034359871178426e-09,0.20878889708944717,0.09448842242468278,0.3146875354010933,-0.004919590885016118,-2.621840461750069e-13,-2.609249621920995e-13
24.8600,-0.3392986400289477,-0.01853295916365579,0.26318082256777137,0.05232927118716538,-0.09346031529356631,-0.010095505904092172,-0.09823799134955252,-0.09283742549261402,0.018701035142264115,-0.01820624049136243,-0.005568146136155763,-0.011809995467967578,-0.004870856718876579,-6.167997024517748e-10,1.103425899517274e-09,0.2961406241064518,0.16600546117602843,0.3956410617723433,-0.008459135182694573,-6.792810671590876e-13,-6.771233964156242e-13
24.8800,-0.3412497311579533,-0.020416458894730264,0.2625400395360718,0.06962720353654027,-0.10752324700313688,-0.012119287012012071,-0.09883028075683412,-0.09791393168189895,-0.0292628267324194,-0.013893868103521263,-0.003134699438255808,-0.0013188049263840429,-0.005080958649755458,-6.168093661220512e-10,1.1034162633291914e-09,0.16523770127090898,0.1404220890885754,0.6543443275431536,-0.015668657283461705,-4.999291792714446e-15,-3.9959033396605795e-15
24.9000,-0.3429907244253721,-0.022309281322375623,0.261055058236991,0.08694972728778862,-0.11951066273468404,-0.01433308693103018,-0.09114867765881784,-0.10124065000580496,-0.06572624768602475,-0.010508411002769134,0.002981625696517607,0.010792586141523914,-0.005608547996250637,-6.167956457618625e-10,1.103430013111073e-09,0.11695362307298565,0.39640456057697643,0.607528548636379,-0.03423047098012218,1.2734897771732312e-12,1.2753285840577666e-12
24.9200,-0.34434933584153904,-0.024133187959431816,0.2589376323676065,0.10361876401721219,-0.1279044038314979,-0.016520724093372196,-0.0745241977077836,-0.10058697208049687,-0.09257417361939749,-0.009253989888457374,0.011839201481286971,0.022492376652162506,-0.006351220964664845,-6.16748128467076e-10,1.1034775544927116e-09,0.0364272064993944,0.4761354583900962,0.5344967466857425,-0.03771996041621913,3.3768899135311337e-12,3.3775833692406554e-12
24.9400,-0.3451960945651884,-0.025808418893271675,0.2564623236665199,0.11894610713569308,-0.13159392199113637,-0.01842571255656774,-0.05009315029766459,-0.0954978269624879,-0.11105792156013623,-0.00959195823472792,0.021492357054147395,0.032584392362487724,-0.0070902226106925766,-6.166638482518908e-10,1.1035618555870287e-09,-0.0451073142349624,0.4418533865658233,0.4032982308073677,-0.03163079138413382,4.991948694688109e-12,4.992522888158657e-12
24.9600,-0.3454711186823777,-0.027264473582003478,0.2539627093683048,0.13232292078987945,-0.13008439387312182,-0.019816552536777127,-0.021127490668575118,-0.08500545132272778,-0.11218681238585085,-0.01002757831762728,0.029362868808613867,0.03765379112769424,-0.007582098564117624,-6.165645388682576e-10,1.1036611836666437e-09,-0.11092505725057251,0.2902757749316027,0.26054939504226177,-0.019598883551822606,5.648126064072834e-12,5.6486603589034345e-12
24.9800,-0.345071071502219,-0.028456793088731353,0.2511549714923663,0.143392506066109,-0.12243475068269111,-0.020471442658366115,0.011473623004257655,-0.07598266615693439,-0.13922146336150526,-0.012324700097169005,0.03245480880531037,0.04101952486599492,-0.0076920722202261415,-6.164473328646745e-10,1.103778401316293e-09,-0.07205153660858697,0.053042580515547215,0.01833272511202793,0.00685784898169423,5.526848943782081e-12,5.527432678231747e-12
25.0000,-0.34402107091025325,-0.02938040360179631,0.24795002844620534,0.15215308857224066,-0.10880406962498865,-0.020319233119348717,0.04197574498579543,-0.06667398482309238,-0.16228541731667023,-0.013275693906472312,0.0321446057789816,0.0383079530007197,-0.007382542637876462,-6.163377836425503e-10,1.103887963205368e-09,-0.03686875293765235,-0.07031687627211713,-0.26538365708726697,0.021808767230171437,5.436552250048798e-12,5.437240935268761e-12
25.0200,-0.3424526709266135,-0.030040100371689686,0.2444237330188393,0.15866829292278528,-0.09027563653619082,-0.019424060308741754,0.06702470675798876,-0.057057935215994594,-0.1804119925805175,-0.014079042523754021,0.029938204449712968,0.031074381721979537,-0.006879932851093278,-6.162350588737549e-10,1.103990702557984e-09,-0.05197961746532949,-0.15190286277539725,-0.4782400632750234,0.030086142013739593,5.389003479572274e-12,5.389863902416359e-12
25.0400,-0.3406036918139654,-0.03044915487160127,0.24076356337349572,0.16302579845338844,-0.06892171958870802,-0.01799116375517519,0.07985512181741934,-0.04581664343473861,-0.1820820570267038,-0.015081097465846651,0.02605937734953289,0.01665730139425796,-0.006021574774491288,-6.161304356704247e-10,1.1040953504230106e-09,-0.041107133843835575,-0.2288226416479059,-0.9779789899770917,0.0572113767331028,5.278771343653066e-12,5.2800038646827474e-12
25.0600,-0.33881936556338316,-0.030632849852405646,0.23737381950044795,0.16533583500255422,-0.047920498178862604,-0.016364059076250614,0.07910268641980386,-0.033067112654393174,-0.16862777851517327,-0.016378579906296372,0.021410281897819634,-0.00021067233783606876,-0.0050692521914073975,-6.160266310145814e-10,1.1041991854061572e-09,-0.07758408681381751,-0.22878818479906143,-0.7098821741766652,0.03868284394216042,5.196853364308751e-12,5.198448442544912e-12
25.0800,-0.3372379452261541,-0.030603103359381552,0.23428301529518145,0.1656022333480928,-0.028617999617170892,-0.014737911358606838,0.07038910334979867,-0.019884493301462518,-0.1503004365452826,-0.01748490657883685,0.01706363611898472,-0.01384569607797591,-0.00434019813526031,-6.159182068317553e-10,1.104307646621861e-09,-0.03050163751870869,-0.1862516355552312,-0.6005073422143861,0.03216682230325527,5.13513450511871e-12,5.1370574460918306e-12
25.1000,-0.33604012850452253,-0.030378029490424764,0.2317796584360927,0.1638486804406989,-0.012849910648974854,-0.013342275701114657,0.051909069848783615,-0.0049684706108709085,-0.11743996224595092,-0.017748931721108682,0.013853159963757225,-0.02479238127519857,-0.003719487250505358,-6.158210827035712e-10,1.1044048105619492e-09,-0.001301133529635086,-0.15346298556764373,-0.547762430872877,0.03325840286178555,5.097746010040982e-12,5.099985538048468e-12
25.1200,-0.33537938818251206,-0.029972789423348817,0.2301707335390803,0.1600796883729938,-0.002253815203126114,-0.012360504381451469,0.025245213414062516,0.01164241783933685,-0.07030631601651306,-0.017224709933404463,0.011461229651608054,-0.03362572413906841,-0.0031235136607015595,-6.157198913201737e-10,1.104506048937271e-09,0.15507417372232302,0.002450905435085609,-0.06145796530299395,0.0050114027588168296,4.860075016044352e-12,4.862390004523043e-12
25.1400,-0.3353171643595161,-0.029394145606011158,0.22970433946269572,0.15429382270496333,0.0024365951233613773,-0.011857241254963933,-0.005714179945122446,0.029279359084074075,-0.0134257919225543,-0.016259130872278756,0.009860879962531727,-0.038859915135009346,-0.0025734795082700238,-6.15612723427558e-10,1.104613270320953e-09,0.009190764572159683,-0.09137208890961034,-0.26498998980553984,0.03428244019724429,5.141093280258691e-12,5.143692763387442e-12
25.1600,-0.33593761261522,-0.02864019913543701,0.23042301264549747,0.14644994400301986,0.00031986608442641874,-0.011859746156853507,-0.04009471557100751,0.04651614026195681,0.044250829891354135,-0.015993408620546688,0.008512664382707917,-0.04166981675911494,-0.0019498353415211625,-6.155143800099473e-10,1.1047116632241527e-09,0.01614069555408164,-0.05497399745928218,-0.04370452085331119,0.03178713574700978,5.2135804354258575e-12,5.216174714384181e-12
25.1800,-0.33722591252478035,-0.027698827072538398,0.23225640054007457,0.13651728342435657,-0.008429072099604203,-0.012256690479860237,-0.07244664604834765,0.06269425228333199,0.09724584104891029,-0.015717280739931214,0.00764878943941966,-0.04019922388221552,-0.0012848217845754803,-6.154036706984375e-10,1.1048224257170805e-09,0.013806681186880377,-0.026116138684256066,0.18016767444785492,0.03102999221511173,5.3252411161275326e-12,5.327694882484302e-12
25.2000,-0.3391062974575069,-0.026550076869579057,0.23499396448444032,0.12445938080271397,-0.0229470113448441,-0.012846936817176012,-0.09853468232102706,0.07725122311356829,0.13970324582363705,-0.015360417585183122,0.007511148661049684,-0.035255388279315875,-0.0007874516593202272,-6.153122563006845e-10,1.1049138800021976e-09,0.027613861863276,0.007455198127863605,0.3856929128716735,0.027659957972140038,5.426264472474518e-12,5.42850573520548e-12
25.2200,-0.3414305642906203,-0.02516991514133663,0.23832542265873316,0.11023294230729659,-0.041631968183016115,-0.013364380303581955,-0.11510080071970503,0.08994343546504194,0.16707737871720846,-0.014492252765511169,0.008018672502078186,-0.024308844756150444,-0.00020941708405149245,-6.151926211169805e-10,1.1050335606530039e-09,0.06659313034719018,0.01397066819004285,0.5698249768964777,0.02886180535581195,5.140696028582692e-12,5.142625908449716e-12
25.2400,-0.344021077235849,-0.023561597244136274,0.24189644160114984,0.09402908689424647,-0.06263799943773639,-0.013559769937265369,-0.1222603763927439,0.09905851283371483,0.17784477750593766,-0.011657392003392612,0.00683921929556089,-0.012552537753873338,0.0006001634098049858,-6.151052825977512e-10,1.1051209354296888e-09,0.2081868108459223,-0.11812419467666405,0.6072102330898438,0.04850011954118106,3.640069582561134e-12,3.641766142120639e-12
25.2600,-0.346738753531538,-0.021776339920685655,0.2455257403246146,0.07642379335478745,-0.08456225143467914,-0.013286915721722239,-0.12367240857523758,0.10454289428484516,0.18683333874991445,-0.005744803887172791,0.003913009188149501,-0.0027716444586924605,0.001717425491437741,-6.150512351328969e-10,1.1051750201113007e-09,0.3518349310748995,-0.15818352838750555,0.5823985061263314,0.05440479766158055,1.9881700452639706e-12,1.989556956683014e-12
25.2800,-0.3493707442091248,-0.019879969180194967,0.24903921906134832,0.05806586191871221,-0.10539219702571072,-0.012464494621464225,-0.11100328410965916,0.10529392361277141,0.17541416406740504,0.0018944932820077777,0.0005354412870167544,0.012340892261785258,0.0025944902365050873,-6.150305177544276e-10,1.1051957661682999e-09,0.3970025511261835,-0.17847664442665953,0.9329679999116408,0.031150367070382486,2.3320665602614976e-13,2.3440494337223505e-13
25.3000,-0.3515425938666385,-0.017943371071132096,0.25192200167116935,0.03957986955534226,-0.12173370347744092,-0.01109759578220065,-0.08592396582800162,0.1020761709417353,0.14219070304676845,0.009726815535297473,-0.0029532844449842188,0.028772930360167304,0.0030318509550443244,-6.150386646008789e-10,1.1051876425352267e-09,0.3423256524911161,-0.1261851514937709,0.6927527068557908,0.00989192622652495,-5.05465461153598e-13,-5.043473234531137e-13
25.3200,-0.35307499856312596,-0.016004220141337077,0.2540858793534765,0.021217878867443057,-0.13208057976128254,-0.009334946091162784,-0.05530547983627708,0.09896552556894582,0.10460031325206384,0.014752663312428565,-0.003991202245078712,0.03974159165181762,0.002973193924600365,-6.150473139454116e-10,1.1051790148404765e-09,0.17809454003919425,-0.005927143376275462,0.4196995713951954,-0.011037166046436292,-3.6981512687231377e-13,-3.687555360891437e-13
25.3400,-0.35387160587676136,-0.01406993780195585,0.25553611948466554,0.0029506566750908516,-0.1356664546784364,-0.007358105056986617,-0.022314017646332313,0.09686481706104808,0.06792280839672406,0.01722516703010683,-0.0033287258207810528,0.04496117582223424,0.0026542766607280596,-6.15052364908559e-10,1.1051739881150212e-09,0.13729709015125793,0.11188583725910403,0.0457867325803916,-0.01812704040516763,-1.4115851499837961e-13,-1.4010190577118387e-13
25.3600,-0.35399796459917937,-0.01214401910176469,0.2566729611297145,-0.015271429243514508,-0.13312739158111273,-0.005364330984490082,0.00826834043445853,0.09559676618252963,0.05444772500437185,0.0185510851624922,-0.001539104808589233,0.04347470910602337,0.002311003992305996,-6.15052713861395e-10,1.1051736702603074e-09,0.007358646987017699,0.06581105370595784,-0.17985442055496975,-0.016294098167834847,1.3830882511327303e-13,1.404862825463843e-13
25.3800,-0.3535207266271903,-0.010226972819564419,0.2574957376964056,-0.03351429955627997,-0.12504505065271002,-0.0035237971503656817,0.03460942169596018,0.09479684221632798,0.03823780323146641,0.017365392302463763,-0.0010911395333776351,0.03789527307119563,0.0019874625682524843,-6.150477705869673e-10,1.1051786483056813e-09,-0.04656453930169412,0.06066410681222118,-0.45746579959707945,-0.015870673229805024,4.2459552583931637e-13,4.268709951488203e-13
25.4000,-0.3525912715273689,-0.008316422847707785,0.25806608772422385,-0.05185743032788316,-0.11273570391197746,-0.001962393027607941,0.0539335238538292,0.09481472310514372,0.017562090499619522,0.013734664519085473,-0.002588166820598999,0.028485665284706137,0.001668187821177181,-6.150379661175565e-10,1.1051884897706181e-09,-0.18998999420426105,-0.07192513825067127,-0.5532943679084613,-0.017424980129119257,7.094562567630525e-13,7.118611256018426e-13
25.4200,-0.351313734212178,-0.006415376566118572,0.25795606130865356,-0.07033195649842983,-0.09707346156619641,-0.0007773445814841774,0.06525034418760037,0.09616272897516058,-0.01590627134598589,0.009019927500655703,-0.006153442950321826,0.01723890539453382,0.0013584274591512335,-6.150325665195787e-10,1.1051939239920097e-09,-0.22894539320188678,-0.30611610548689105,-0.5553419356747181,-0.008629683135569884,-4.668964325403591e-13,-4.653704179825857e-13
25.4400,-0.3498024591982455,-0.004572106314411381,0.2566893636941225,-0.08853358168419342,-0.07903428250684882,-6.0789433383495795e-05,0.07073223439210882,0.09797076690800731,-0.07835575526778626,0.005771087396952069,-0.014190610433465242,0.005911691732343853,0.0013725998641263943,-6.150596393945535e-10,1.1051668849709224e-09,-0.08417743712967428,-0.4420046632173874,-0.5993233653323043,0.008813539849393825,-2.184706408836501e-12,-2.1828563262493716e-12
25.4600,-0.34823019396561133,-0.0028577111148900534,0.25412386608954274,-0.10578950238123237,-0.06017656398458269,0.00016815872416702226,0.06853196465514695,0.0983452658853531,-0.13844069778440382,0.005477553693518179,-0.022380151798524334,-0.006265041045205361,0.0016625808763375918,-6.151163842655084e-10,1.105110180276163e-09,0.04642705957100089,-0.39869012796491965,-0.669756411148228,0.02128528444095417,-3.732977035125762e-12,-3.7307583237999875e-12
25.4800,-0.34680726143493884,-0.001329082286210173,0.2505441405711023,-0.12148299185833196,-0.04249703072551111,1.3186959033352905e-05,0.05941608612922146,0.09596543640716196,-0.18249905575875558,0.007596813150104488,-0.029358854035846964,-0.0181717363054395,0.002288016852695445,-6.152063041569197e-10,1.1050203128991687e-09,0.146870972993034,-0.2945407121199888,-0.6280274738121435,0.03484445729166135,-5.0319574895763e-12,-5.028504522497368e-12
25.5000,-0.3456754403141785,-3.0083424054341395e-05,0.24627593017305688,-0.13507621605957718,-0.02742426077847028,-0.00036775244702047256,0.04571938910203455,0.09066685760212381,-0.21202674181291944,0.010782365200817714,-0.03405666053044732,-0.026458117825158455,0.0031865457242465102,-6.153192997316224e-10,1.1049073758722506e-09,0.1333804385377868,-0.14938707689272585,-0.3279084321478767,0.043159401060862836,-5.717418725958989e-12,-5.714307499404825e-12
25.5200,-0.34492167051689276,0.0010359194786310059,0.24162499230394727,-0.1463989026346093,-0.015899764917109406,-0.0007925344361085787,0.028117925212464458,0.08380765232161973,-0.22569134643212138,0.01265433369339734,-0.03475118404150587,-0.03155702107317313,0.003906264670398278,-6.154319433638915e-10,1.104794798183759e-09,0.06722802724188137,0.05521703000783438,-0.19211472597159532,0.030338191005061906,-5.5512018592995815e-12,-5.54772287136851e-12
25.5400,-0.34463263529573884,0.0018913839979089971,0.23701610034303466,-0.1555157540803334,-0.008870152427650083,-0.0010664833612467272,0.005756671185531392,0.07457504584717892,-0.21830664938245778,0.013656979508427168,-0.03235376317877499,-0.034688483229003225,0.004391444814060568,-6.155410470934147e-10,1.1046857682927408e-09,0.03888085205612872,0.16518013231505796,-0.1259138759299198,0.019325434668220072,-5.370182597219664e-12,-5.3663080923360695e-12
25.5600,-0.3448882365723187,0.00255778621441876,0.23288363255165356,-0.16249579454592722,-0.007196202064238126,-0.0010165783645371233,-0.021425438731762152,0.062414779047451296,-0.19053573981223942,0.014340796635624016,-0.02829293322118424,-0.03639820426457174,0.004704030263411246,-6.156519017478634e-10,1.104574998771581e-09,0.028750456702212972,0.210348515857069,-0.0360488669626859,0.011259951590784795,-5.199877854689117e-12,-5.195679823877253e-12
25.5800,-0.3457299049748581,0.00305074546269177,0.2295845046593792,-0.16740555187958522,-0.011307425518184101,-0.0005334991372767145,-0.050913632154340624,0.047401736992545795,-0.14630192674886983,0.015073639224959653,-0.02396246315237215,-0.03541310487134891,0.0049124419928655485,-6.157490898118838e-10,1.1044778921693076e-09,0.051121416677427776,0.24328698188550263,0.14383720968229943,0.011731309162461151,-5.042175878211541e-12,-5.037827793819005e-12
25.6000,-0.347129134394538,0.0033768380437272953,0.2273831437820683,-0.1703150768354614,-0.020874561524004274,0.0003884656629058917,-0.07822191999835472,0.029864428922274318,-0.08996406321302822,0.01646870517412975,-0.01865067604113144,-0.03001874437045625,0.005183392329143799,-6.158533596329598e-10,1.104373714125512e-09,0.07894567282441457,0.2568967710793744,0.3544383577280908,0.013737646458190549,-4.902939165774001e-12,-4.898576336231919e-12
25.6200,-0.348997476516373,0.0035332199101214394,0.22642420808437305,-0.1712855984417689,-0.034931569288857815,0.0016577187105842421,-0.09944952110327251,0.01061678593336221,-0.027486019118549455,0.018140889939734277,-0.013852818156485858,-0.02168983086506162,0.005449927695411125,-6.159456756541067e-10,1.1042814799408121e-09,0.09449996965481065,0.24540967279013334,0.5069714789084525,0.014042926948666153,-4.827992172717899e-12,-4.823755110627825e-12
25.6400,-0.35119279229828976,0.0035086613174093303,0.22672595737311485,-0.17035321760859307,-0.05199098704421625,0.0031018591659747997,-0.1111134713681576,-0.00932329959949173,0.03480647748287495,0.020275249519938487,-0.008945620979416018,-0.009447707637421606,0.005752953278914309,-6.160467268015913e-10,1.1041805148191325e-09,0.11546769933360927,0.2307343159174688,0.6713444935381818,0.016997613269550294,-4.7996459237587e-12,-4.7957011625743284e-12
25.6600,-0.35351174576621824,0.003286033802256417,0.22824467673610427,-0.16752529187882376,-0.07003361408646568,0.004481337112735748,-0.11003430746959783,-0.029582390292456573,0.09524070192124738,0.02268347930783027,-0.00451108229947003,0.003942376342468259,0.006079359439901547,-6.161374397829885e-10,1.1040898752442938e-09,0.13070707071115167,0.23144845502209913,0.695682226374913,0.014868194533665507,-4.81519425027388e-12,-4.8115530656978045e-12
25.6800,-0.3558160755940143,0.0028553850526818847,0.23111849313383567,-0.1628173319799265,-0.08773985427571392,0.005619454119153855,-0.10075858487636905,-0.0511732500909318,0.16509585890286607,0.02490079688797355,-0.00023387463457324683,0.014538289241042493,0.006156573311446733,-6.162263933505907e-10,1.1040009960729102e-09,0.10404699243392865,0.20570780333951624,0.4975761373352984,-0.0015181483428735364,-4.6169405104601324e-12,-4.612907278378486e-12
25.7000,-0.3579629165138433,0.002204956973372109,0.23535934334660288,-0.15620022935090205,-0.10380435804386352,0.006349989478556314,-0.08062476526657011,-0.07143463706245187,0.22761630776593536,0.02666368358035163,0.0030904400883651683,0.025467285531229435,0.006119938185799839,-6.16326627955061e-10,1.1039008371153936e-09,0.05465352034546491,0.12035159173655839,0.43940933547337263,-0.007711086022558682,-4.7650251799868926e-12,-4.761384862772555e-12
25.7200,-0.35968679309255686,0.0013107674815981056,0.2405331122284853,-0.14754584144688104,-0.11583895397107144,0.0064403078855231385,-0.0482356227709992,-0.08754345291176538,0.2623131543067801,0.027346213698754795,0.004032342457629429,0.03781016375708528,0.0061730823416807,-6.164285323410322e-10,1.1037989877748003e-09,0.001106584465490951,-0.008035683377505941,0.668487840392881,0.006013578731518786,-5.202834690853919e-12,-5.2004173536901455e-12
25.7400,-0.36072463987049763,0.00015099051514421208,0.24600242362950833,-0.13671153186378454,-0.12152181932787776,0.005726100289950155,-0.009833843821999306,-0.09912506416428088,0.2670314117304202,0.0263239552794818,0.0030585752826020485,0.046526214719528315,0.00607062834178172,-6.165342305629086e-10,1.1036933353912573e-09,-0.09853955952835249,-0.0855737461643586,0.20679970699367903,-0.01569729667003843,-5.362107459438992e-12,-5.359926912029689e-12
25.7600,-0.36105553647226046,-0.0012764150683001177,0.25142416308583937,-0.1236371786829032,-0.1207173437425343,0.004287372968042861,0.02421528653476951,-0.107861394233283,0.25571148385173226,0.023136366168114337,0.0003126857038599234,0.046009499050034756,0.005546384118130201,-6.166487751962355e-10,1.1035788341754566e-09,-0.19855873604494442,-0.17194893001465678,-0.21364495909173967,-0.03169299869049958,-5.538631185630916e-12,-5.536659672400468e-12
25.7800,-0.36075150422290103,-0.0029566052198871334,0.2564095812764595,-0.1083941225692842,-0.11406542186381892,0.0023138066814191397,0.04989996203993047,-0.1128140735988848,0.22561199920861652,0.017037125143089565,-0.00288838090998551,0.038434714540119055,0.004684152017068657,-6.167453386982217e-10,1.103482307173787e-09,-0.4248182237033199,-0.12420369672273056,-0.5150551004099696,-0.05573802000452644,-4.0197645559403306e-12,-4.018076669998205e-12
25.8000,-0.3600009134132741,-0.0048117334622208435,0.26073575326883275,-0.09161270413944997,-0.10322632243202315,0.00011733366738672429,0.06308123818772812,-0.11328322956119283,0.1934261849852454,0.00739960446422936,-0.0030854652158553353,0.024340842394633345,0.0033124586851901033,-6.168024907751297e-10,1.1034251966879588e-09,-0.4940460813153203,0.11603881801998786,-0.8850330988038143,-0.07929902645776421,-1.7415890778138543e-12,-1.7389783189825092e-12
25.8200,-0.35910647861699674,-0.006738598435087822,0.26456308396975603,-0.07413986203541838,-0.09093528869134714,-0.0019799525560723103,0.062454173239082846,-0.1101144147328299,0.16829653313964532,-0.0034964683155155798,-0.001750620192770987,0.007597743340529767,0.0016745962535470818,-6.168212501532224e-10,1.1034064767137457e-09,-0.6381759732886174,0.019565230215221635,-0.8484340441816233,-0.09009467065180055,-4.345165516999629e-15,-1.92835520771914e-15
25.8400,-0.3582326768120368,-0.008654387211435619,0.26735167655170133,-0.05668910505121904,-0.07870630551796541,-0.003822949030165769,0.05262982624920241,-0.10220793436143127,0.11434035775506354,-0.01689451047357504,-0.001945173969490633,-0.009370666130686914,-0.00019475242113921041,-6.168100462190865e-10,1.103417717980378e-09,-0.5803833927696572,-0.08065064345178435,-0.7096664399969521,-0.07943375639628092,5.06630111127282e-13,5.077555129823219e-13
25.8600,-0.3575181954778252,-0.010525633907143221,0.2688069562826365,-0.039537438627911495,-0.06785858147028384,-0.005368898584026581,0.03701495744103438,-0.09520228167768145,0.051794255388041485,-0.025053711308438347,-0.0037788677462072917,-0.02167876513447713,-0.0014409087844342514,-6.167986595083932e-10,1.103429139718228e-09,-0.3484495854122441,-0.1906766244434668,-0.4400116730384055,-0.04838167499218278,3.603021743806001e-13,3.6141022900088027e-13
25.8800,-0.35704214402152734,-0.01236120429899353,0.2687790841457072,-0.022596577332661485,-0.05918083824329627,-0.006661043318989725,0.01976022809358475,-0.09071171340390283,-0.023621087956434427,-0.028986850197220047,-0.006515314881288282,-0.02874068368011924,-0.0021478621148028434,-6.167921654726965e-10,1.1034356662845163e-09,-0.15392324938187593,-0.16343043519255085,-0.22465409175301462,-0.028665412168182792,1.949393608775135e-13,1.9605825751951855e-13
25.9000,-0.3568110987506155,-0.014173433382387522,0.2671029219922613,-0.005770898502319878,-0.05277749985902202,-0.007770464302105318,0.003052721489511658,-0.08936209597219236,-0.10189846778151532,-0.029909616485058823,-0.008450244943457466,-0.03148045726818181,-0.0025793362972616222,-6.167887017117345e-10,1.103439163878142e-09,0.030347366539047172,-0.0471065618838135,-0.07088744304624225,-0.017482486674934787,8.395383997369943e-14,8.512510358063552e-14
25.9200,-0.35682829300829433,-0.01597239870554139,0.2638076142219652,0.011008098358397299,-0.04871075636511244,-0.00876810318612035,-0.012250352462407523,-0.0912403065331038,-0.18473278923669853,-0.02909736663476887,-0.00969359886256341,-0.031197579664054793,-0.002862438152954191,-6.167884941638299e-10,1.1034394067308364e-09,0.14149765465680786,0.028028819672851302,-0.2215976085016463,-0.010517908562559857,-1.1589904383435545e-13,-1.1282771592013852e-13
25.9400,-0.35718405026909955,-0.017768979480446114,0.2590939251918317,0.027811995274339908,-0.04786786853043621,-0.009738263824919588,-0.0329322474775932,-0.09616812233374575,-0.251315531034813,-0.02730246289295098,-0.01022983619101553,-0.03278541162857437,-0.00309149527039135,-6.167913461795184e-10,1.103436589541605e-09,0.11182890805109463,-0.009104217331874425,0.11863051805045471,-0.01194329613252902,-2.1256607585229403e-13,-2.1104466915375375e-13
25.9600,-0.35783913514932286,-0.01957589487459276,0.25300312510745315,0.044716092777550426,-0.049876436564898784,-0.0107672405732208,-0.0512834309073381,-0.10383110559047706,-0.31265926990982396,-0.023973101030482787,-0.009315389537909252,-0.030047280718319674,-0.0033164271852973697,-6.167976992601774e-10,1.103430272400052e-09,0.2335453188592223,0.10264688036967205,0.22935204728335512,-0.01340228216515557,-4.0577762504268033e-13,-4.040392694894257e-13
25.9800,-0.3587780969722639,-0.021405972262954875,0.24601720912632496,0.06180384681915737,-0.05457448615613669,-0.01193644160256069,-0.06844964021699432,-0.11272984985567762,-0.3471290401588459,-0.018262659090575714,-0.006039726787260149,-0.02442339984823013,-0.0036491636058965052,-6.168059720071873e-10,1.1034220413197721e-09,0.28774307982085784,0.25252544137024474,0.45293849112205387,-0.028414407154800626,1.5106210553283983e-13,1.530014992739276e-13
26.0000,-0.35988305765629247,-0.023226282712348646,0.2385772177073421,0.07874176197308534,-0.06081721199873378,-0.01325581463751142,-0.07738619030351268,-0.11859937017917807,-0.36269380519997096,-0.01386715197262648,0.002143001226409193,-0.012888948332019402,-0.004620094088374942,-6.167810655951306e-10,1.1034469878295823e-09,0.17519978900439725,0.5353547030846368,0.6232488073937629,-0.06311466022789722,2.21761454685665e-12,2.2196619542391716e-12
26.0200,-0.3610228217750759,-0.024952204282478598,0.23130129181203685,0.09473130498087619,-0.06735374956402569,-0.014649346171651393,-0.07879457988226335,-0.11716132680564759,-0.34353426502935697,-0.01063350238798868,0.014673232620255248,0.0004795357841064908,-0.0060703511192499865,-6.167163035569505e-10,1.1035117912508918e-09,0.15417084787154345,0.6818895893955224,0.6956860582084842,-0.07782718942525144,4.129844903555391e-12,4.131929173811777e-12
26.0400,-0.36212284058059596,-0.026503842634496753,0.22502702979701855,0.10903141252167244,-0.07349211891082567,-0.016019366970928872,-0.0744700216850692,-0.10609997837175697,-0.2808492059565282,-0.007433848306774316,0.02834452477759628,0.011520475552419966,-0.007531279236566099,-6.166185437523585e-10,1.103609597736892e-09,0.17879640026520205,0.645590138802326,0.4397949395918444,-0.0654948942315909,5.340494539651797e-12,5.342588350887301e-12
26.0600,-0.3631703492678841,-0.02784187250621504,0.22059476447958493,0.12128221373071561,-0.0791292866556546,-0.0173028667001488,-0.06503248351395782,-0.08723825038891117,-0.1821451258069937,-0.002506385308622319,0.0389449166088794,0.020509245527674424,-0.008584429045820132,-6.165115949787365e-10,1.1037165985652285e-09,0.27108283961274793,0.37746831790198077,0.3737607860184217,-0.03494115330654656,4.934430468395146e-12,4.937048166120395e-12
26.0800,-0.3640552693715799,-0.028966902492355312,0.21836754921056156,0.13152540372131563,-0.08324492514194558,-0.018400817776638503,-0.046753959624675545,-0.06417681652605116,-0.07255756091206214,0.0025564940273060874,0.044399001247453024,0.029477581454319803,-0.009169465668144802,-6.16412790057894e-10,1.1038154496852264e-09,0.22447118326724502,0.1841323563965255,0.4592947896391775,-0.0226543533438319,4.9517993871983634e-12,4.953852432432182e-12
26.1000,-0.36465565748574585,-0.029878166710139716,0.21841038017968362,0.1397970443346869,-0.08471564293870093,-0.019192443687761844,-0.02277218017863569,-0.03839534402451641,0.038873010322847214,0.006022938264611157,0.046255011883178355,0.035342395037720846,-0.009362121545623958,-6.163215483163014e-10,1.1039067343230612e-09,0.14298433949482034,0.02104305348041912,0.10687847721419232,0.0038139390032361814,4.653180618596764e-12,4.655667344699577e-12
26.1200,-0.36498887145291886,-0.030578848741882197,0.22080221024127328,0.14613753443395802,-0.08371709536191063,-0.019652701949147484,-0.0005450487585791126,-0.010753598524678599,0.15262314137701044,0.007467932559940452,0.0451824909703403,0.035213567196656956,-0.009109525259759202,-6.162268106003653e-10,1.1040015166135849e-09,0.010806783097393455,-0.12157234340972713,-0.15143821794565168,0.022953809923894525,4.6464082581465505e-12,4.648790033479067e-12
26.1400,-0.36511558978113356,-0.03107107339112086,0.22540999997401093,0.15055981821871184,-0.08081699641185298,-0.019804547579238847,0.01721665547907892,0.016276819401761254,0.2558854383437393,0.0061947231693021965,0.0414287989854645,0.030296546883859122,-0.008488983936258503,-6.161320229981188e-10,1.1040963474364664e-09,-0.12445838858686452,-0.2474871252954505,-0.3831562593317362,0.04142253250744066,4.700358158249429e-12,4.702613298768199e-12
26.1600,-0.3650973570524979,-0.03135371064832028,0.2318238802737664,0.15303858549290886,-0.0765848884211207,-0.01968749534405963,0.02923443108372638,0.04005595493141807,0.33538302487308036,0.0021671951428178706,0.0355002902646713,0.022883824172191106,-0.0076164513954123025,-6.160345722136976e-10,1.1041938369494564e-09,-0.25566736649380767,-0.34377801585613016,-0.47155474892344235,0.05215730937698279,4.826348522224411e-12,4.8284553438859845e-12
26.1800,-0.3650059320088862,-0.03142293641557344,0.23943997974356873,0.1535141249691403,-0.07168782403813408,-0.019360275162996744,0.03354769864988868,0.05899614638058977,0.38543349226761586,-0.004418290303542415,0.027508255942368227,0.012148136320785523,-0.0064192017108313446,-6.15928344292273e-10,1.1043001016851824e-09,-0.3532979118159381,-0.41255442658708563,-0.6015000571447556,0.06446975127021005,5.0346697297309895e-12,5.0366100179388695e-12
26.2000,-0.3649861438246227,-0.03127766455093239,0.24769518865277823,0.15192465015333004,-0.06749115297204789,-0.01894444738533219,0.02729593172127783,0.07307030398751038,0.4102644364843571,-0.011565778788750678,0.0193091413940461,-0.0010672305894181646,-0.005054808001654023,-6.15828867475732e-10,1.1043996107762542e-09,-0.3977555700197894,-0.4389032754650027,-0.6922331658199327,0.07304583745288225,5.274790153275699e-12,5.276566510115099e-12
26.2200,-0.36511677735966175,-0.030910166405241045,0.2558576624540712,0.1481632108635012,-0.06474951964114273,-0.018504281970896614,0.01822519243767293,0.08025704162071942,0.39154011982561665,-0.020242546185743844,0.010488303883004412,-0.011477173665295364,-0.003750969300237059,-6.157111777054763e-10,1.1045173272812006e-09,-0.4019746220097774,-0.39639387639981943,-0.38606957302887424,0.05528753124601752,5.8512118761289145e-12,5.852120871230326e-12
26.2400,-0.36534821370537773,-0.0303052670714311,0.2630828877369734,0.14209741845732807,-0.06300192644988899,-0.017998099369665708,0.00845077073784874,0.08240723075555806,0.3392673366862523,-0.026775767125484476,0.003771059634612375,-0.01717636557581875,-0.0028074584263331104,-6.155964788430892e-10,1.1046320484018244e-09,-0.13048287334413705,-0.22999980705497394,-0.366244560684236,0.04735227725812241,5.3431278498883295e-12,5.3447688982966035e-12
26.2600,-0.3657665723153276,-0.02946748046415397,0.269239892001616,0.13375198541868333,-0.06306773044555454,-0.01748137336987261,-0.005768222262539423,0.08340963577050506,0.2823985915074795,-0.03055554065116284,-0.0015577945094651905,-0.023119138773802245,-0.001855624069971927,-6.154839155658137e-10,1.1047446329121154e-09,-0.12087094321373021,-0.28152152393361235,-0.27064806051395923,0.051954785441942174,5.4753675551855174e-12,5.476013739680319e-12
26.2800,-0.366437616702496,-0.02842630525699303,0.27413061597736843,0.12341328106177422,-0.06556338550566386,-0.016986330542370084,-0.02309526885150575,0.08212934738064535,0.22168674802470836,-0.030280623068886646,-0.007232329723384884,-0.02777262195163052,-0.000705973650656103,-6.153967014193187e-10,1.1048318718959477e-09,0.06781772847785711,-0.3060500090269902,-0.15482707980058713,0.059780600034053596,3.5190860642186905e-12,3.5206672646670434e-12
26.3000,-0.36738418127186284,-0.027231231081308174,0.2775704587391204,0.11158340574666442,-0.0706824805183613,-0.016508769775725116,-0.04068509168029503,0.07757916562630832,0.14386975184557532,-0.028248247037648867,-0.01309745410884071,-0.029505715808178165,0.0004248843335817108,-6.153354515656056e-10,1.1048931434701333e-09,0.09099494775747596,-0.3298141315021809,-0.0011963360460065962,0.05690835992405351,3.055989922923219e-12,3.056521181987737e-12
26.3200,-0.36853279862961963,-0.02592131237864441,0.27896205737138186,0.0986844337393219,-0.07769756920856985,-0.015978790417937594,-0.05734408996157751,0.07000431031789615,0.03862761753486582,-0.025892897561810103,-0.019907689910107974,-0.028269674568108312,0.0015386233180314382,-6.1529086253804e-10,1.1049377511863087e-09,0.1497351429210316,-0.30124524169951716,0.09033353418907342,0.049043839929619686,1.6984731763397543e-12,1.6990124585003485e-12
26.3400,-0.3698954773038056,-0.02454739064062537,0.27830647314294304,0.08522908983562401,-0.08668610227700148,-0.015387123925302537,-0.07680144787541932,0.06346157518522452,-0.05491381529891791,-0.020788646330478697,-0.02398714321412139,-0.02741080352262263,0.0024168713936198968,-6.152769484961346e-10,1.1049516891905253e-09,0.35695457999395475,-0.13842861375963686,0.04160681626998091,0.04224037239856434,2.1210901009769204e-14,2.2908388917384712e-14
26.3600,-0.37147649176598013,-0.023158739839129826,0.27588094634926075,0.0717098755337583,-0.0976474096269967,-0.014723061131226138,-0.09557294026513916,0.05801205276594449,-0.13789193883285805,-0.013718128217150172,-0.025965575121561633,-0.023776887307931045,0.0030698858169646848,-6.152831052111105e-10,1.1049455581650829e-09,0.34846870989692236,-0.052232145826350475,0.3026458449967068,0.023351965282304692,-3.7192899584800876e-13,-3.71293978635584e-13
26.3800,-0.37313502012346994,-0.021779921024346668,0.27172533374526836,0.058382566120915545,-0.10923918465544595,-0.013924860826567208,-0.10726408464633438,0.05403007350146936,-0.22460335471851836,-0.007569293255370036,-0.02505657845388396,-0.013702115050427281,0.0031827326914309713,-6.152940208603002e-10,1.1049346644156929e-09,0.3253461776184701,0.16543051873442977,0.6300362164787444,-0.008887617435942775,-7.474882258301507e-13,-7.457046048361948e-13
26.4000,-0.37466163676794445,-0.020410387243954494,0.26605743665302944,0.0452402909297783,-0.11952718716061471,-0.012937376706628293,-0.10885397586266618,0.053377335043610065,-0.2926834885488033,-0.00018663861073343543,-0.01941892383045779,0.0011953099580398268,0.0027953302386364348,-6.153051043283193e-10,1.104923605703858e-09,0.3655352722123478,0.33921295272295765,0.7654467005521651,-0.02471951722120107,-6.45245033618902e-13,-6.433983120585074e-13
26.4200,-0.375900663480726,-0.01905213525414752,0.25953240190216903,0.03227474185634792,-0.12711289585114519,-0.011769199539775082,-0.09945175928726384,0.05566327083444299,-0.3253099687425434,0.007764515213600203,-0.011471374521041137,0.014864405186925495,0.0023116938334983217,-6.153148396395094e-10,1.1049138998738058e-09,0.43196542998394105,0.45698959011349716,0.6930087835806485,-0.02534955918062517,-5.132996892115438e-13,-5.113624367697467e-13
26.4400,-0.37670559184613556,-0.01770665368151711,0.2527874780671164,0.019460693675364488,-0.13069642791323963,-0.010466285648074107,-0.07787471992395284,0.059327020231134286,-0.3339112052750255,0.015178587764426304,-0.0029997612488208343,0.028774093212631476,0.0018437698018250101,-6.153221287072963e-10,1.1049066406260785e-09,0.22415033680668361,0.30734781113271803,0.7854930717680136,-0.02235520224912951,-2.4093156940005467e-13,-2.3986899706091025e-13
26.4600,-0.37679765869283904,-0.016373222499036055,0.24556376334846916,0.006734561369582945,-0.12775887394998728,-0.009101585672175418,-0.042523256859403766,0.06306242252954129,-0.3644843753165077,0.0190263687493877,0.002623585442089506,0.042515723986057095,0.0014169399718665576,-6.153255104745882e-10,1.1049032825998052e-09,0.18618269258175496,0.27535202997923464,0.5474772174010649,-0.019843625846337056,-9.796625858628227e-14,-9.665709801553318e-14
26.4800,-0.3760919128057607,-0.015054597462486727,0.23815170395049773,-0.005942163792187681,-0.1174891973589321,-0.00781325946051473,-8.613061892128807e-05,0.06724493979191407,-0.3727657375228797,0.022415822705256046,0.0077849197574521465,0.04991774327942296,0.0010675604061171787,-6.153256489008439e-10,1.1049031734534936e-09,0.14520746154190156,0.23376623427191337,0.20993428511614323,-0.01530271388813563,8.038647601304322e-14,8.199868464352916e-14
26.5000,-0.37471352176990985,-0.013751296490555048,0.23113970243895218,-0.01862113093422302,-0.10091906870487644,-0.0067413791014151025,0.03886499980266267,0.07095602278636196,-0.3454193491280264,0.024536175255967223,0.011751294587859533,0.04649386138182086,0.0008079724561120039,-6.153216332770864e-10,1.1049072341148194e-09,0.06702397463993055,0.1664764321184455,-0.5908633940541581,-0.011260805505963723,3.224802694844209e-13,3.2535020684509863e-13
26.5200,-0.3729955833553096,-0.012459364489859378,0.22533471829760576,-0.03136663315988893,-0.08098077213002712,-0.0059638080729319635,0.06510178186156533,0.07295517012846846,-0.27826648939983445,0.02495893008805597,0.014022752646119949,0.03391776843278968,0.0007024362816619142,-6.153143551705564e-10,1.1049145731524814e-09,-0.035005946377266325,0.059043073036382995,-0.5924856393101848,-0.0023150561746424314,4.992438754070072e-13,5.026481618083944e-13
26.5400,-0.37114479135280715,-0.011182883621211255,0.2210636669088877,-0.04416170192889934,-0.059502214087843966,-0.005511955346714524,0.0797432605739757,0.07203903466097358,-0.19511865626925035,0.024357908093998924,0.01341841214248525,0.021196184179917123,0.0008158667434987265,-6.15316537431171e-10,1.1049124551018124e-09,-0.013460601959940366,-0.13168366998173303,-0.5740594695460506,0.018031597878432896,-6.974615112884108e-13,-6.940859562445945e-13
26.5600,-0.36934182105498453,-0.009962969908212382,0.21845178261496986,-0.05661513475711119,-0.03815098773894982,-0.00539066899349909,0.08284725554273517,0.066426043016836,-0.10875742489231537,0.02407760237442245,0.00904119305074434,0.00811617714168778,0.0013215800455057475,-6.153422104240907e-10,1.1048868569366234e-09,-0.024746572564476467,-0.2798624736637454,-0.7811135678865421,0.029319755811812006,-1.7870715757900557e-12,-1.7830222975162568e-12
26.5800,-0.3678660074298218,-0.008835117012154624,0.21775083981203153,-0.06831181005115232,-0.01965930013093887,-0.005501762215868703,0.0674321349428469,0.05604232586848368,-0.007529941611969115,0.02318948099482753,0.002793420367860952,-0.008929451785809587,0.0019654936918296517,-6.15387779259905e-10,1.104841374377932e-09,-0.054418905390925275,-0.3208937414193227,-0.8412095809592334,0.03526358891751894,-2.69024472837609e-12,-2.685740952551585e-12
26.6000,-0.36693506078932014,-0.007821405423360727,0.21914243946437292,-0.0789090836040598,-0.0062915859850982405,-0.005679935854712665,0.039358640577404416,0.041880083649841485,0.09924529616296471,0.021789139094080295,-0.0037399124288262104,-0.02452566048932524,0.002750786629788096,-6.154527134195167e-10,1.1047765375068167e-09,-0.08285588797976194,-0.301405723346256,-0.6444884021888126,0.0378924297058282,-3.4226723018282446e-12,-3.4179625275909675e-12
26.6200,-0.36664390300683725,-0.006935690111444271,0.22262181012335977,-0.08813965216994107,0.0008523341199905007,-0.005762955905487798,0.006796355847362598,0.02527583014776536,0.20270870632506796,0.02056940002588618,-0.008573135748318106,-0.03248624558546605,0.0035655064489273545,-6.15526119062192e-10,1.1047032252143824e-09,-0.07910626315054908,-0.2268024798613351,-0.26965577081643566,0.037925433371741285,-3.916680348103885e-12,-3.912015676676983e-12
26.6400,-0.36695337127323846,-0.006187387920106351,0.22801387400562087,-0.09583177160252482,0.002055387330362615,-0.005654628031896186,-0.023633027686132176,0.007970664072526619,0.2933170708693419,0.019112953963433564,-0.011959840862912968,-0.034034644809503425,0.00423165540094403,-6.156015137036767e-10,1.104627915393069e-09,-0.11515062893002502,-0.17908984196246422,-0.032487914156837966,0.026876381315264795,-3.994766323289767e-12,-3.9905171181353616e-12
26.6600,-0.3678714629133651,-0.005579414380933301,0.23483749244314103,-0.10188878579485473,-0.002781191368284885,-0.005271537712685428,-0.054058562788680174,-0.007419470875983563,0.3555654430292715,0.01476098412086042,-0.01705963959753901,-0.037500252607480286,0.004406842939130444,-6.156852436745501e-10,1.1045442684608057e-09,-0.28460874663348973,-0.2981770992375111,-0.23989459532176433,-0.00464432470800733,-4.247708088045421e-12,-4.2437772046488575e-12
26.6800,-0.3694114436681672,-0.00511419974176351,0.2423786320700725,-0.10625623447709101,-0.01372510792468407,-0.004564312875498029,-0.079965729199291,-0.0193145023730687,0.3825655836512162,0.009080235343645673,-0.022375743913089857,-0.0385169013521605,0.00425347293560826,-6.157744921850415e-10,1.104455095485378e-09,-0.2557275436229041,-0.21258461986379631,0.11935742692957314,-0.00956649825466634,-4.2349483295178736e-12,-4.231673171595229e-12
26.7000,-0.3714402921245676,-0.0047977685681127175,0.2499031882639676,-0.10895006073960892,-0.029340793206533156,-0.003603008673754412,-0.09722988762182619,-0.02705129629272675,0.3732744957518223,0.004444087420622664,-0.025779320055901982,-0.034184922583893766,0.0040042316617887935,-6.158540461187947e-10,1.1043755977601352e-09,-0.2352022215589615,-0.1513644547179835,0.28613814990626757,-0.017294342574076495,-4.128546463033622e-12,-4.125846365943264e-12
26.7200,-0.3738462957989222,-0.00463352391100824,0.25675469111957266,-0.11002947385115676,-0.04840740166511489,-0.0024805955300404494,-0.1102721316749262,-0.03099281945761374,0.33552231621699213,-0.0002620142399561952,-0.028186470084995623,-0.02882116867617574,0.0034868579582512855,-6.159379112098818e-10,1.1042917859072779e-09,-0.20921605345375793,-0.0734220704850978,0.19025292792759674,-0.03176118771866472,-3.715982816593355e-12,-3.713088864154557e-12
26.7400,-0.37656813014324975,-0.004618297227983693,0.26254409710868154,-0.10960442944216309,-0.07021918801274458,-0.001279333138388563,-0.12081046103452138,-0.032205782559633356,0.2799999208718234,-0.0034096331317717385,-0.02848619890423555,-0.023193204801700656,0.0029354348050278575,-6.160079096179933e-10,1.1042218289273984e-09,-0.08680421953598458,0.0908371817323593,0.4450352373355309,-0.02230121608267282,-3.663165690920289e-12,-3.661489948042496e-12
26.7600,-0.37948154287326935,-0.004743408776591795,0.267259413463268,-0.10785560897059197,-0.09351229829239119,-0.00011654621269417933,-0.12714943152753339,-0.03320098031502378,0.23091790075031318,-0.0040176759975459764,-0.02492318981008554,-0.014529755598172846,0.002504474415123138,-6.160710365127639e-10,1.104158745832661e-09,-0.009439475104227513,0.2038561329883599,0.45759084659564725,-0.019880142016813183,-2.692701530498942e-12,-2.6900703886667543e-12
26.7800,-0.38244715355453435,-0.004999620320907817,0.27089632655054224,-0.10495237739866095,-0.11695484951290663,0.0008917473028848997,-0.1281354643742158,-0.03369983909655504,0.18238650912664212,-0.003252224984665743,-0.019700270215255635,-0.004035090514210351,0.002218054947637121,-6.161249250353145e-10,1.1041048971901023e-09,0.07501606713385806,0.3028671745859113,0.5868209462555752,-0.009006400226615339,-2.2355155920861236e-12,-2.2331216736892756e-12
26.8000,-0.3852782997328565,-0.005375058213036288,0.27357194904672893,-0.10107316313847833,-0.13885894128782672,0.0016275868643544603,-0.1209744045617297,-0.034054481218911636,0.13626095365536597,-0.0013308893191500044,-0.013284033613078082,0.008675060710640168,0.002140551425241188,-6.161690277778228e-10,1.1040608306217828e-09,0.12340125311762919,0.35643205939440903,0.63865452034299,-0.00031146998158692316,-1.7673054859834725e-12,-1.7651275406593836e-12
26.8200,-0.38771683948879265,-0.00586180622765828,0.2751380150132207,-0.0963444063718743,-0.15697170936304333,0.001965941184541023,-0.10428676025858048,-0.03294419296290703,0.07469886962208169,0.00028321183874153365,-0.007859585098485106,0.023064882985959108,0.00223012201922689,-6.162073990160843e-10,1.104022482911793e-09,0.04998854317624407,0.21294985809029846,0.7594377640283431,0.008006203682808504,-1.908915300136149e-12,-1.9083196394625856e-12
26.8400,-0.389519322333687,-0.006448586828835316,0.27545477962371057,-0.09089204785189166,-0.16923592668733334,0.0018298816877075628,-0.0798801145834244,-0.03148534212102515,0.011042229776408697,0.002041466552408368,-0.0022363763812576773,0.0353251387087569,0.002381834509889492,-6.16235366484703e-10,1.103994538444198e-09,0.08889581845178628,0.28575318749949075,0.5253764449868799,0.007591524885666158,-1.4494187100533296e-12,-1.4489689829921826e-12
26.8600,-0.39058695002759775,-0.007110963411143926,0.27484851922459075,-0.08492401212808987,-0.17488620807318764,0.0012526327591457984,-0.050049164415944127,-0.030878036093861933,-0.03621172392391338,0.003930648109623782,0.003985734015495188,0.04333162572933134,0.00249517068281689,-6.162541794563373e-10,1.1039757495631023e-09,0.017963925984051693,0.18430806352983747,0.37828921277656746,0.004966366487310752,-9.561222256634916e-13,-9.55751211680067e-13
26.8800,-0.3908150073897993,-0.007829376551566848,0.2732872077857246,-0.07861178252433206,-0.17304715651944458,0.0002834569885434792,-0.016303396148698402,-0.02941756969931964,-0.08910191323896319,0.004346288001435533,0.007881853713483268,0.04723105412718325,0.002521014168151166,-6.162632489727155e-10,1.1039666996404391e-09,-0.029010769007057846,0.1344103238519319,0.14114114691108723,-0.0011182491677513492,-5.13730767995324e-13,-5.133613803151582e-13
26.9000,-0.3902097494545277,-0.008579493878478702,0.2708519575286371,-0.07216156794831406,-0.16375372667768873,-0.0009687642614602525,0.017856740798006747,-0.02756750265021716,-0.13898898397608,0.003549392477276632,0.010504412815767748,0.04667143968844993,0.0024069207850735243,-6.162640382204584e-10,1.1039659321077275e-09,-0.05105777945889252,0.1269046993985426,-0.17974528051417238,-0.010362260448422542,3.977480779633613e-13,3.9953603576600716e-13
26.9200,-0.3888456272807215,-0.00933707022488337,0.2675316581630205,-0.06577697758301009,-0.14756593762276815,-0.002378260216243174,0.04944879085211955,-0.024948150325413684,-0.19069354107783737,0.0012658045864685434,0.01130796885756765,0.04161799576287523,0.002117640750518188,-6.162571216383199e-10,1.1039728694336367e-09,-0.11713049543836455,0.04022985956684153,-0.4018542773894402,-0.01901774903494915,7.621161731211079e-13,7.639871808101661e-13
26.9400,-0.386895051054114,-0.010077669514169966,0.26341796134790124,-0.05965111089693053,-0.12587116804729762,-0.0038106644316308227,0.07472113099120499,-0.0224266777989277,-0.22880989249119432,-0.001573908113920549,0.011249116721744081,0.03146714287984464,0.0016511681327735339,-6.162428062925362e-10,1.1039872112315142e-09,-0.17120774640322114,-0.06912291231760212,-0.5650084838263917,-0.02580028554077284,5.898642034887769e-13,5.906827761290034e-13
26.9600,-0.38459040568867575,-0.010786700396406855,0.25865719752675276,-0.05387341796973602,-0.1006096583852191,-0.005157625894721104,0.09154459029622339,-0.020268538577294843,-0.25776774225112886,-0.004541397327968854,0.009631191074776184,0.017188880854116715,0.001071409476037702,-6.162268630101433e-10,1.1040031900924354e-09,-0.16961987493995026,-0.15327041526426702,-0.6935702265961129,-0.028181280413981907,5.616390599122445e-13,5.627694490972779e-13
26.9800,-0.3820986865779642,-0.011464314305785286,0.2529526358102091,-0.04840435548947648,-0.07317712595243143,-0.006368596453477686,0.10229222134727353,-0.017297599803702563,-0.3122452915468418,-0.008950284917582785,0.004731373698773423,0.005000240407974501,0.0005534644609015087,-6.162160744747137e-10,1.1040140043554405e-09,-0.24076446106750266,-0.28404781976728893,-0.6504054452790835,-0.026661910154448968,5.470286766964816e-13,5.484887717621678e-13
27.0000,-0.37965322008583796,-0.012108445803330155,0.24619390015439338,-0.04320629269375296,-0.04567998186707641,-0.007393853106410499,0.10100597767736659,-0.015244655966573243,-0.3523623246424906,-0.012749676601120363,0.00023230603461149964,-0.012017222801687717,-3.372815264228951e-05,-6.162044730626085e-10,1.104025646108432e-09,-0.1278312415762309,-0.16301525958409308,-0.8159721375383079,-0.028105741991666693,5.579474599351486e-13,5.600354164789212e-13
27.0200,-0.3775148218916797,-0.012713176928299595,0.23890224565727364,-0.038270881982225634,-0.02064646191394104,-0.008196486439380759,0.0927647254194742,-0.014284069724563812,-0.37204700467637786,-0.014014937649279012,-0.0016944169048643677,-0.023220102297366377,-0.00044733040021905794,-6.161949741136718e-10,1.1040351852217464e-09,-0.031070126972520446,-0.07040797300351281,-0.5903502036451708,-0.022308697494233306,5.567032295220042e-13,5.593073747200972e-13
27.0400,-0.3758774930087967,-0.013275969919405535,0.2316518998325545,-0.03357864945850631,-0.00012457132259036265,-0.008773071494508962,0.0727961898918229,-0.014561064702370832,-0.35823016750284803,-0.013552399407595521,-0.0021123258351783795,-0.036617000299177895,-0.0009391514005468783,-6.161822943721921e-10,1.1040479350562468e-09,0.06415026315569616,0.02592623642306828,-0.5628269743400836,-0.0205488419815413,5.418572491741602e-13,5.452877732681216e-13
27.0600,-0.3749484565087937,-0.013795270520394587,0.2252099386132572,-0.02911054867563838,0.013600183480528601,-0.009133558350687215,0.04027272380432926,-0.01583914382286301,-0.3075786567934413,-0.011427359614773463,-0.0007912697060559096,-0.04600291880508067,-0.0013135111357597175,-6.161717949698463e-10,1.1040585092321131e-09,0.13736721934736373,0.09450405898689619,-0.3751125856271849,-0.016937010892980265,5.048082177966373e-13,5.087995996744255e-13
27.0800,-0.3748573015291529,-0.01427349639698176,0.22025065044838985,-0.024842306721079645,0.019001802459873138,-0.009314673571918524,-0.0021131427771795856,-0.017643134750340062,-0.22655765025820554,-0.008170157927275979,0.0014567473950819895,-0.051548586120460774,-0.0016245299568888407,-6.161620166342615e-10,1.1040683760535034e-09,0.16459590581918018,0.10913320177144432,-0.16421790888420257,-0.012705912280877843,4.1756328212835814e-13,4.2194183260194085e-13
27.1000,-0.3756307777791532,-0.014717261600145073,0.21728073525337022,-0.020743355559646796,0.01570183517167721,-0.009374418259436341,-0.04593845280641778,-0.01963120274881012,-0.12163268391895324,-0.003237427185844558,0.005259795890353801,-0.04775896830603319,-0.0017824862116054452,-6.16153947790437e-10,1.1040765327795573e-09,0.3337233647636255,0.27795102536265903,0.5689748658585789,-0.002710892156201693,3.924154837881e-13,3.9676221292792024e-13
27.1200,-0.3771567230334417,-0.015134907352223571,0.216627384677329,-0.01679390476066706,0.0048824136338064105,-0.009382509361471586,-0.08544410015652901,-0.02131401025274876,-0.004532820703643403,0.0010901223189997873,0.008497335400573038,-0.04016703184375042,-0.0018577058136894605,-6.161474451905462e-10,1.1040831192080087e-09,0.14753772769989568,0.0890695307336722,0.29081176830344874,-0.004607635839582487,3.0469539651772903e-13,3.090961731358477e-13
27.1400,-0.37938951797243153,-0.015533567821003298,0.21824494614684142,-0.012967348466552446,-0.012826837406395798,-0.009391197446671514,-0.11926133684007714,-0.02235659795936948,0.1082843161648688,0.0037558974787892706,0.009995110161610954,-0.03226068371841856,-0.0019185624538803603,-6.16141934244273e-10,1.1040887143019497e-09,0.05769810509783333,-0.0009472463732726119,0.3121657229801689,-0.0033203136853820424,2.3877763915408634e-13,2.428445357131881e-13
27.1600,-0.38224417907581787,-0.01592048647473179,0.22181350419724782,-0.009232991509377947,-0.03634459054214751,-0.009447584552364347,-0.14276020334460068,-0.02271105312811538,0.20463458734462486,0.004910601667810146,0.0100009297292038,-0.02302232843348996,-0.0019522573552697704,-6.161378734183787e-10,1.1040928512062836e-09,0.062439172779508154,0.006528144319230848,0.6096329666039938,-6.371938476568663e-05,1.7052732923655833e-13,1.740668156488545e-13
27.1800,-0.3854618926730718,-0.016303830174351965,0.22689021083435018,-0.005558858076955906,-0.06293957433722383,-0.009593884908010943,-0.14738127282989874,-0.022503010923033043,0.27816628535108495,0.00657286056083379,0.010596272594122338,-0.006985717008690582,-0.0019156573401390498,-6.161351626941149e-10,1.1040956252569399e-09,0.10491754048698385,0.05434181430647932,0.9663522561149,0.0034590595789406224,1.0441680072664772e-13,1.0725117625606795e-13
27.2000,-0.388724659493235,-0.016690505826412325,0.23308597726902902,-0.0019125832853739988,-0.08949641552587764,-0.00985134458227809,-0.13468259963323742,-0.02190358777098387,0.3355466903244254,0.008861291819387706,0.01196214961181877,0.010834406699031546,-0.0018354961828475256,-6.161336909440995e-10,1.1040971515446627e-09,0.11325712040060805,0.07070885779429184,0.8813097591486729,0.004277674820794922,4.264359590271105e-14,4.4844594075492406e-14
27.2200,-0.39178253221568543,-0.01708500370443676,0.24015438909520465,0.0017354514956520201,-0.11373323933646137,-0.010218753261507492,-0.10837721772543171,-0.021006542241337973,0.3762555974039615,0.010794972310920952,0.013124035608362165,0.02666863449964377,-0.001747551853687612,-6.161334203183204e-10,1.104097467358353e-09,0.07443053640632447,0.039482660707708374,0.8090168206055599,0.004483624937419609,-1.1792851783531781e-14,-1.0235354705174886e-14
27.2400,-0.3942574864347103,-0.01749175460021482,0.2474499870106726,0.005408532133926406,-0.1323202499008732,-0.010674436895426282,-0.0664562879978458,-0.01999964185940916,0.3750118855179111,0.011545182305435836,0.013272892408111824,0.04418333836243028,-0.001645111789066708,-6.161341686274769e-10,1.1040967465561985e-09,0.004462218755786182,-0.02136547236023376,0.715664867044618,0.005722843316634054,-5.951029193084281e-14,-5.828281244126335e-14
27.2600,-0.3959158014619665,-0.01791240023655221,0.2544658501229565,0.009119682037748711,-0.1433304379591122,-0.011176198367720843,-0.022523209907574938,-0.01908918970882323,0.35203247744965793,0.010817464128038632,0.01211049356157375,0.05337504178466297,-0.0015187264658421092,-6.161357923335021e-10,1.1040951444701202e-09,-0.07536722734581106,-0.09366377833429747,0.2412048527209709,0.006864546125928802,-9.948647266243282e-14,-9.852879688347638e-14
27.2800,-0.39681620407028534,-0.01834538109841164,0.26139015787661213,0.012874279997331177,-0.14743901953737365,-0.011683478830324084,0.014947846505280558,-0.01800726931843041,0.34945648311978517,0.010603489226967388,0.01162171501202261,0.051499984248657454,-0.001392697652395011,-6.161378591089503e-10,1.104093107601583e-09,-0.04117415237559438,-0.05502820495808922,-0.275003078538838,0.006807158439095959,-1.5721695863571417e-13,-1.5536964076412474e-13
27.3000,-0.39705458978304076,-0.018789047278042644,0.2681026773327123,0.016677338623676312,-0.1455615966221422,-0.01216175180265417,0.04440984346718269,-0.017204420827447574,0.3259325991678571,0.0074080499091796065,0.008178517266067144,0.04402962324802786,-0.0012344659395696143,-6.161407936146704e-10,1.1040901978490935e-09,-0.2814028050040583,-0.2866111941640287,-0.37840422809487595,0.008206447867108332,-1.1245323248976202e-13,-1.1189927294225771e-13
27.3200,-0.39674923455315597,-0.01924215692232246,0.27419002415988786,0.020538486096309552,-0.13875042865573634,-0.012584666481370046,0.06232086239883995,-0.016821863044308126,0.28916304376571444,0.0027110564431696836,0.0032372573306746486,0.03213376459960512,-0.001048095054919811,-6.161446115267484e-10,1.1040864063754343e-09,-0.28110063747369707,-0.2914001558209155,-0.6604749292783517,0.010016809503527882,-2.4183040010609946e-13,-2.401786180963178e-13
27.3400,-0.3960796588497562,-0.019703128993210535,0.27928514712483815,0.024466953287145134,-0.128585822024875,-0.012940812948898992,0.06803254051647811,-0.017132544725088038,0.2353253423097177,-0.0030222435537844003,-0.0027282831705806154,0.017191783719665277,-0.000831454522744404,-6.161489084449437e-10,1.1040821346116508e-09,-0.308637510380936,-0.3185266515079615,-0.7851053413749501,0.011248672768062788,-1.138505658021885e-13,-1.1349108501937377e-13
27.3600,-0.3952436802871363,-0.020170627554050274,0.2830282202859673,0.028471592138084947,-0.11682649281874838,-0.01323416286315245,0.06271038728274168,-0.01842437876503038,0.1624089489663324,-0.00944541471832226,-0.009319649560671632,0.0014616975159876021,-0.0005997279286362262,-6.161535082594236e-10,1.1040775594614145e-09,-0.26957388506015273,-0.28468417824857534,-0.8391661236812241,0.012051550161759223,-2.8881736412189607e-13,-2.8720233656576166e-13
27.3800,-0.3944063910144169,-0.020643519718163774,0.28498640013527,0.03255539683051342,-0.10496736827077278,-0.013478387549524053,0.04899771091996948,-0.021018486451244347,0.06795600755654603,-0.015992692405663582,-0.015938041451563696,-0.01293320650794566,-0.0003729559160345866,-6.161577510516983e-10,1.1040733377891812e-09,-0.268164863829086,-0.277763559264257,-0.7141680151395218,0.011267953214632961,-3.1171761135859177e-13,-3.100696240564138e-13
27.4000,-0.393681462420352,-0.021121154835336713,0.28475581756074564,0.03671700698972786,-0.094065042930828,-0.013691688307178531,0.030786239359298966,-0.02506135251065763,-0.04401810475383481,-0.02116812347192608,-0.02112790415557037,-0.023486863545064157,-0.0001952978231991657,-6.161614215149372e-10,1.1040696849307702e-09,-0.24615093485740486,-0.242423121717799,-0.41359625327290384,0.007452220539575685,-9.941599952122127e-14,-9.899965233445968e-14
27.4200,-0.39315189638084325,-0.021604994578874753,0.2822977527554227,0.040968097369764915,-0.08491591352872142,-0.013897643289083588,0.01112478902969289,-0.030070652049589815,-0.15248931961836792,-0.023552389559883268,-0.023714595896850214,-0.030645237321808946,-7.95674015452558e-05,-6.161667372374224e-10,1.1040643937782987e-09,-0.06683301140912058,-0.0754722335569954,-0.19237979721309112,0.002990820715690251,-1.2916219743058788e-13,-1.2864920717267636e-13
27.4400,-0.3928339625456124,-0.0220972557466614,0.2776373498609451,0.04532326289257726,-0.07770359965480952,-0.014112692822260662,-0.0070496694782868265,-0.03603568645271879,-0.2581219185918674,-0.023466612372533998,-0.02389694409078038,-0.03233546244514917,-6.319315527652366e-05,-6.161727832315588e-10,1.1040583725478286e-09,0.14255520278677408,0.10761004014661509,-0.08299422514498211,-0.00016489979994637515,-4.535051804574475e-13,-4.5168241976506485e-13
27.4600,-0.39279430703869495,-0.022603943250196584,0.27130114263759697,0.049830334593423,-0.07308295917055214,-0.014370395987825368,-0.02597052188871608,-0.04186523812797256,-0.3329551474298692,-0.020237991062322214,-0.02130735428974889,-0.03207059316589161,-0.00011661287816800967,-6.161810323529426e-10,1.1040501544677222e-09,0.18998844624817318,0.1574983090910956,0.10244581403881543,-0.004952918499982874,-5.396056865225596e-13,-5.376583510005584e-13
27.4800,-0.3930081563427525,-0.023129727636718413,0.26358298744794834,0.05452371087368532,-0.07084237239985916,-0.014685560062892108,-0.04158519561671653,-0.04806356500119423,-0.3975008765817247,-0.016280119168311423,-0.017924102818660744,-0.028028090985179218,-0.00026450833999688427,-6.161901461774925e-10,1.1040410705867222e-09,0.17323650726036358,0.15698031574705348,0.3546916235432946,-0.010762764798383275,-3.759125172600464e-13,-3.74847342835688e-13
27.5000,-0.3933593241702635,-0.023677290127379205,0.25456727181799493,0.059424650957819874,-0.06989291922036646,-0.015043577434800648,-0.050246177991839225,-0.055090133366177116,-0.4649248222313587,-0.012050059746875666,-0.014051656712411919,-0.01880716900890421,-0.0005393581970408764,-6.16201103030593e-10,1.104030143799144e-09,0.18369326139419825,0.17775032253329046,0.5413460900146096,-0.015287339748499575,-4.962408522296569e-13,-4.949116203661896e-13
27.5200,-0.3937518474720255,-0.024235549175581315,0.2444563081215069,0.06442881278188091,-0.06933037973212754,-0.015416883949221506,-0.05600296441660224,-0.060306274436804495,-0.5062596153896433,-0.007705419492463504,-0.008040769893020891,-0.011159159437369457,-0.0009554963769895859,-6.161996233851194e-10,1.1040316592482942e-09,0.24837068642082732,0.42211208277169315,0.20422499040957906,-0.026529054462734895,5.620172296300074e-13,5.643610578864866e-13
27.5400,-0.39426571478113404,-0.024764042471594343,0.23440185890787457,0.06914405123934875,-0.06991752876036993,-0.015809278630730908,-0.0606171463205348,-0.059725681264564526,-0.49124865722640576,-0.003014311538698403,0.0011813612323314248,-0.0052385649027970604,-0.001630515788412064,-6.161787384249087e-10,1.1040525842790994e-09,0.27098871466014013,0.5719132013539141,0.38249220306566617,-0.04389576589376109,1.5984334082036478e-12,1.6010190135445912e-12
27.5600,-0.3948071308734923,-0.025214190415578888,0.22523065045928908,0.07311176752435446,-0.07077421100473091,-0.016162499842558693,-0.05798166283898405,-0.05330187761958062,-0.4358381231184606,0.0031955565053993894,0.015074000045517427,0.006143731424071155,-0.002770783246893786,-6.161262412642106e-10,1.1041051384052976e-09,0.2702337416049443,0.6078097865626712,0.45176583198480946,-0.04893981306766818,2.779084688070421e-12,2.781940476592748e-12
27.5800,-0.39533206233577184,-0.025543932969462384,0.21780470342445138,0.07593553194464021,-0.07149179445090219,-0.01643232807942755,-0.04973379933269377,-0.040934658538706405,-0.34075980595639255,0.008027528507325325,0.026070606291219323,0.015348231417978166,-0.00367997163453612,-6.160646103524648e-10,1.1041668212060918e-09,0.23476404886594732,0.5407733326350264,0.517548544024113,-0.04604842312744773,3.6439263065290994e-12,3.646449461824908e-12
27.6000,-0.3957836960617021,-0.025719846115203497,0.21277218561707098,0.07730346859877402,-0.07154044599352077,-0.016572571217267032,-0.03707236917687449,-0.023670971881266743,-0.21452519238343304,0.012267811602687336,0.03546889544899217,0.022946611905893054,-0.004422218882175927,-6.159873768962893e-10,1.1042441145666059e-09,0.1851698882324238,0.3967933898343548,0.2825844279066033,-0.029126173046134234,4.0522264363462845e-12,4.055422664350772e-12
27.6200,-0.396143186976332,-0.02572170848009914,0.21059860131315572,0.07702554939157141,-0.07074633762441386,-0.016560903296424723,-0.021466985858051704,-0.0035702065155594764,-0.07066449697291913,0.015124774946626096,0.0414771121137005,0.02802313300723766,-0.004848465221724016,-6.15903115272569e-10,1.104328437039221e-09,0.10075986410519096,0.20770205926015395,0.24540661916506218,-0.014327542562853039,4.314291111862101e-12,4.317121313213157e-12
27.6400,-0.3963876114688519,-0.0255434145971,0.21141509030481911,0.07504459095462368,-0.06889265800362408,-0.016387524093544468,-0.0056138946638297485,0.01687458515027853,0.07777193079221553,0.016340511193942985,0.043391562513730685,0.029467397351211504,-0.004875312176600037,-6.158194022698934e-10,1.104412212700976e-09,0.02182959510296267,-0.0069751234632838294,-0.0537261830222673,0.009616056198765828,4.0262706363369816e-12,4.029597835963905e-12
27.6600,-0.3965571589363492,-0.025196052726603416,0.21516000926485807,0.07145984054328994,-0.06635434420692705,-0.016082422954132865,0.006936854853166698,0.03520522198765908,0.21977044305522447,0.01588092561782027,0.040961935396151866,0.026625737593728185,-0.004464776541602659,-6.157435771433337e-10,1.104488099616651e-09,-0.06532053946140307,-0.22343591463226337,-0.1828824906578145,0.02908027032548729,3.5418569119261e-12,3.544642877828519e-12
27.6800,-0.39661881917129266,-0.02470370259284584,0.22127402558641932,0.06649975737073134,-0.06280845064259451,-0.015661157785080326,0.019074701328776776,0.048465221354595286,0.3276283819757338,0.013597731256059111,0.03438167627079222,0.023531457658341838,-0.0037571035538012483,-6.156815388786173e-10,1.1045501922176773e-09,-0.1495603713214681,-0.4204153499226192,-0.2406292047926729,0.04345169233176228,2.6619310054820655e-12,2.664572989335978e-12
27.7000,-0.39660111292542793,-0.024104517139486505,0.22906135178556666,0.060520802255376135,-0.05851162293613416,-0.015172154800141894,0.024945679163168474,0.056036194011197936,0.40256530719445005,0.00998539579181691,0.024234655017733153,0.016019036809154844,-0.0027134455136692457,-6.156396678710881e-10,1.1045921144015007e-09,-0.20586897797530906,-0.5781618998427809,-0.48527286975468403,0.05916526571626142,1.5500736545021043e-12,1.5525491049023232e-12
27.7200,-0.39660476980212445,-0.02344703680439682,0.2378009995096503,0.053976035826355157,-0.05441122880333048,-0.014684819400376975,0.0229216961805093,0.05778701109120454,0.4408852977335022,0.005461999922025641,0.011510548798803033,0.004740133943933398,-0.0014264061275231544,-6.156216173261971e-10,1.1046102123013073e-09,-0.2404918039165183,-0.6786049665873168,-0.615398939483843,0.06783707808380285,3.034596770916387e-13,3.057234912277884e-13
27.7400,-0.3967258425789265,-0.022783687931402726,0.24669702097386206,0.047362844993931744,-0.05142175176831021,-0.014252321970876019,0.014583017032337137,0.05432325196551292,0.43943478455694523,0.0006904411390286907,-0.0022832758973099373,-0.007255481828882435,-6.931770863952285e-05,-6.156280545127863e-10,1.1046038174652032e-09,-0.2382210579682127,-0.6672943173321866,-0.5462462541340863,0.06402234404673503,-6.331244122720348e-13,-6.311568021694081e-13
27.7600,-0.39704033750574036,-0.022144855089064365,0.2550553123970254,0.04097631108016507,-0.05027638768595504,-0.013895085069128,0.001226167145814007,0.04867526215908101,0.40702333525698997,-0.0047579373722553345,-0.013644508926551042,-0.018189992685883494,0.0009645191965974267,-6.156392425562251e-10,1.1045926677789945e-09,-0.30160821565439744,-0.4795550009840261,-0.4380409233531159,0.03916831022808213,-4.648090723077813e-13,-4.63187105857743e-13
27.7800,-0.39765272554768294,-0.02152592572871932,0.26241236906734244,0.03478337469613646,-0.051982071627640715,-0.01360830383202351,-0.017336640186866713,0.043077628749914616,0.35319468114761776,-0.011062230267053899,-0.021871726406665185,-0.02901070447439648,0.0016223161806600264,-6.15647709624309e-10,1.1045842407594418e-09,-0.2866879205281423,-0.313755560918904,-0.5982048831307051,0.02549327789651712,-3.2178258538642646e-13,-3.1979106862589646e-13
27.8000,-0.39862530977914923,-0.020918987365489153,0.2685899389761018,0.028725139834262007,-0.05712272922760543,-0.013367956426492163,-0.0364311107942789,0.038428434184078965,0.29539322461487727,-0.014168702397156797,-0.024910874292230014,-0.03259529708742127,0.001902244893883104,-6.156533792447897e-10,1.1045786043070367e-09,-0.12430384235180443,-0.097639064550146,0.03511720989720174,0.00827343774101646,-3.278597011935336e-13,-3.2576897993422116e-13
27.8200,-0.39987866855058884,-0.02031875814444681,0.2733280583584013,0.022767474759129533,-0.06491103365155555,-0.01312885466836024,-0.052308953655163526,0.034350148275331505,0.2168844153310892,-0.01653683419492913,-0.02646595394001636,-0.03113763089101688,0.0020090879316347317,-6.156576684600534e-10,1.1045743448661056e-09,-0.13092822922595793,-0.07921360596536688,0.1070971316298712,0.0030712715123971945,-1.1781954535258765e-13,-1.1694529893080396e-13
27.8400,-0.401345003539214,-0.019719973642337987,0.2760898110659059,0.01687018335303,-0.07466878316482005,-0.01285712793359643,-0.06786051231328073,0.031090951508095915,0.11593715801642532,-0.01890530411155403,-0.02773279001791303,-0.028629574658916065,0.002033890904169894,-6.156604282597802e-10,1.1045716093269204e-09,-0.05130821421813576,-1.693302807647025e-05,0.09124088844617448,4.826490986833246e-05,-1.835884959680567e-13,-1.8165850768081526e-13
27.8600,-0.4030196934725699,-0.01911960411010637,0.276828057801409,0.011013199141946322,-0.08631680935396664,-0.012532225809022114,-0.08530153158804347,0.029210425116998257,0.018734487200889563,-0.019219574589101198,-0.027052150270382536,-0.026190697556886872,0.0020149662808183126,-6.156624700935571e-10,1.1045695915887034e-09,-0.01293383847349494,0.03761481423628978,0.22370125443275904,-0.0021437544848540422,-5.694934541305985e-14,-5.6242459149126456e-14
27.8800,-0.40492416939055914,-0.01851533103819534,0.27598637400462833,0.005183841851867126,-0.10001428112976378,-0.012135624231477248,-0.10388384833912452,0.028778002789551976,-0.0460671327834485,-0.015818011404939613,-0.022811142638181715,-0.022934382136313606,0.0019727157231234542,-6.15664311178479e-10,1.1045677858702527e-09,0.18812240254151522,0.23068350593992137,0.2762279313426766,-0.0021823637598787043,-3.479290152427067e-14,-3.413023715644753e-14
27.9000,-0.4069358297516792,-0.017905713723750757,0.2737264242669286,-0.0006390744076108582,-0.1145840402118616,-0.011646424838190532,-0.11461697052603437,0.029293743886170044,-0.12096415752650211,-0.012147582692842114,-0.018211347397444174,-0.012059360988679218,0.0019061443627080743,-6.156649080732601e-10,1.1045672156683888e-09,0.20855518619822208,0.25219904741914767,0.6632409969643482,-0.003959601924949811,-3.735136623551818e-15,-3.117581418851179e-15
27.9200,-0.40883057401018724,-0.017291012500336607,0.2701448561536133,-0.006481284394781834,-0.12795908450407134,-0.011061264660224902,-0.11573182082527551,0.030702900593530508,-0.181065392748762,-0.006971475705131788,-0.012226599455637888,0.0013234786492094925,0.001830136273920867,-6.156643932837127e-10,1.104567755496725e-09,0.27299859024154044,0.3140988832551665,0.7843699779046431,-0.003995486961886257,3.8819004976632654e-14,3.9442123070214385e-14
27.9400,-0.4103626839158288,-0.016673213780236444,0.26538171818484935,-0.0123648179693365,-0.13793781952348944,-0.010403860755389491,-0.1045691861565187,0.032792184476745576,-0.2370056725610848,-0.0011149999678916856,-0.005568099672552179,0.017119986418686596,0.0017495392795154052,-6.156625156140756e-10,1.1045696569709899e-09,0.341172004274563,0.3822010668176732,0.723531263933212,-0.003803945778599542,1.6595614314197926e-13,1.6782584978843051e-13
27.9600,-0.4113848327905813,-0.01605313615005844,0.26000205481961736,-0.018316475309703657,-0.14324487747414236,-0.009716545385526205,-0.0825269557318942,0.03509045965146354,-0.264790994922725,0.005625889888686738,0.0019861297848438333,0.030478586046782056,0.0016848724658640798,-6.156588293623593e-10,1.1045733709758557e-09,0.30159719801052876,0.33960211566729986,0.6362512088343338,-0.0027127508765943105,1.793588877679192e-13,1.801711178254367e-13
27.9800,-0.41173985337002916,-0.015432582375483044,0.25428999804360947,-0.02435948466401788,-0.14249954372775653,-0.009060711227655099,-0.05005365495858806,0.03743677938989737,-0.28188233951246333,0.01114890556155103,0.008271758392354184,0.0412622111800037,0.0016270113836361682,-6.156530712994417e-10,1.1045791592109273e-09,0.3281063142257293,0.3765757092370928,0.326388187109987,-0.0034287919517143528,3.898545440465806e-13,3.919268880790694e-13
28.0000,-0.4113126033669329,-0.014813994106453378,0.24835350603357045,-0.03051312808170844,-0.1346491328394303,-0.0085129086841213,-0.009656389244277735,0.03998778370320133,-0.3031334372848933,0.01413236569181467,0.011821365380186471,0.04890771917836877,0.0015525331899654267,-6.156464195877625e-10,1.1045858330028712e-09,0.09250605907457028,0.11773243681020513,0.2778700679285982,-0.005198772976854423,3.876693887780447e-13,3.8888841149067876e-13
28.0200,-0.410047522923762,-0.014200392539246666,0.24210008948360393,-0.036795548222941316,-0.11909076066942627,-0.008158331093441737,0.033688559881337975,0.04256888251755564,-0.32012305184305523,0.015477018499801693,0.013707395182824598,0.050665120614432,0.0014063057965908582,-6.156375976283233e-10,1.10459468230204e-09,0.04333276804721486,0.06705134914051313,-0.0816582880262945,-0.008830833703363385,4.599085326982555e-13,4.614206152581124e-13
28.0400,-0.4080927624860687,-0.013591105243758353,0.23584708858008377,-0.04323803109195646,-0.09698613079752297,-0.00805126058136521,0.07191872335112609,0.04453289198505801,-0.3165255572188956,0.015611026588562924,0.01430412350042746,0.04330595452912547,0.0011568720687120597,-6.156273217931276e-10,1.1046049986829273e-09,-0.014575775105233082,-0.013331953324625476,-0.760797097773028,-0.015628230614378017,3.385301479245928e-13,3.4133091318666597e-13
28.0600,-0.40580881226521376,-0.012994759248213967,0.23018953586944166,-0.04974257497716651,-0.0714624018128891,-0.008191955422150005,0.09500601789698598,0.04397460264919323,-0.2801417559358713,0.015516663020843695,0.012575255749685812,0.02819751714200674,0.00099215137956255,-6.156298891029385e-10,1.10460248127894e-09,-0.003385625522189667,-0.1550152748325196,-0.8187606922719617,-0.0029158097858723903,-5.218166393775037e-13,-5.190998455736895e-13
28.0800,-0.403479295386539,-0.012440126104266938,0.2254475968727793,-0.05600872122895322,-0.04505713232335707,-0.008561770179058258,0.10369131315099749,0.040540248662973,-0.22833579428617873,0.015161335732761808,0.008424750460267093,0.011010289864647397,0.00102547439681797,-6.156478928565915e-10,1.1045845402391186e-09,-0.036258557026780644,-0.24688673201192415,-0.8830890096039389,0.00504754807335957,-1.2381337274880444e-12,-1.234729766347309e-12
28.1000,-0.40140270514336984,-0.011947756455073984,0.22192813171264017,-0.06176400195683597,-0.0206246775486572,-0.009076483500728899,0.09419425950781479,0.03428500251766003,-0.15845645837846864,0.0141002271503268,0.0032465727138193956,-0.008280889534187267,0.0011486115645453691,-6.156789560283746e-10,1.1045535525299747e-09,-0.054804762275258156,-0.24931812269574347,-0.9680051590742096,0.00828120354893929,-1.8146478243663555e-12,-1.8105829335812729e-12
28.1200,-0.39986698629965456,-0.011526958970667496,0.22007194202464764,-0.06679056279564267,-0.0011144613251683332,-0.009597198371538227,0.0680943289228944,0.025309951462917972,-0.0685524592611361,0.013011205425098803,-0.001289704918998452,-0.026075684028427124,0.0013636157345731847,-6.15719999694887e-10,1.104512595241199e-09,-0.058283280541257684,-0.2078404414292541,-0.8057263131751029,0.012327687967538716,-2.2426895410210257e-12,-2.23817318845132e-12
28.1400,-0.3989754711642421,-0.011182897664737982,0.2202459728450724,-0.0709330872968843,0.012226696686971203,-0.010014186569345636,0.03559168898413954,0.014027541399482878,0.03693683520285189,0.013448096982748466,-0.0031401019293161446,-0.03445828614123647,0.0017832378931558312,-6.157669417883286e-10,1.1044657447806215e-09,-0.05247624158401022,-0.142047389608326,-0.4831215510275754,0.014345243203385951,-2.5010254284252298e-12,-2.4962783576332193e-12
28.1600,-0.3988508821976879,-0.010914228303366576,0.22251738833014467,-0.07408873175380715,0.017971138299834568,-0.010209063365292738,-0.007141970742802031,0.0022802292831669217,0.13904568739840145,0.011172691338603815,-0.0066002475758514395,-0.044452768047311415,0.0019288585875857907,-6.158177083979945e-10,1.1044150727263953e-09,-0.17527631589204928,-0.20627851330955746,-0.5210713894941776,-5.274227415900052e-05,-2.561881262685972e-12,-2.557171054767826e-12
28.1800,-0.39959359223520424,-0.010715197885251698,0.22666713677718867,-0.0762210171446623,0.015003280943386915,-0.010087099218751883,-0.051609331584179755,-0.008698536059134478,0.22829047200113703,0.007755462640267656,-0.009972184179607019,-0.05064359878487248,0.0019075721100232533,-6.158682427750248e-10,1.1043646299817957e-09,-0.1675856146340587,-0.13742808612586566,-0.11978815540256549,-0.0021817152185902174,-2.473106788802859e-12,-2.4686771724069523e-12
28.2000,-0.40115134805940117,-0.010582133949405098,0.2323107299282444,-0.07737324028188217,0.0038992535913286094,-0.009644907810031718,-0.08963712033773348,-0.017921653470322062,0.29646726464314843,0.004133346653300597,-0.012383915925120254,-0.049483174171375266,0.0018047342737312617,-6.159179316061994e-10,1.104315028814438e-09,-0.1794513683350844,-0.09917601438436,0.1937560837231711,-0.007740830490699163,-2.251408261211285e-12,-2.2474981944964334e-12
28.2200,-0.4034167376493093,-0.010512284204203862,0.23885511777155782,-0.07764129254099723,-0.014085712190670929,-0.008934032356989315,-0.1180483855027001,-0.024398605338677902,0.3343867424981422,0.0005801058619423294,-0.014072507016877085,-0.04375740566440695,0.0016053816435353527,-6.159580406373132e-10,1.1042749880733163e-09,-0.19265302124425226,-0.0805827093985166,0.38772926015171416,-0.012658576169143962,-1.976924266650082e-12,-1.973632195173547e-12
28.2400,-0.4062262248424949,-0.01050378977921732,0.24557460216044383,-0.07715319633908742,-0.03710855299347112,-0.008048301294221169,-0.13534271826292793,-0.02764363698785856,0.3369156330659744,-0.0030757882248539726,-0.015240243363049112,-0.03389401136630753,0.001345401665418243,-6.159940243934357e-10,1.1042390626823995e-09,-0.1642161975461539,-0.02919859976817807,0.5801336137980743,-0.012484207003561797,-1.6277409108089724e-12,-1.6251314530202343e-12
28.2600,-0.4093818263616311,-0.010553467993180113,0.25183720419238476,-0.07605706345488468,-0.06305951967342854,-0.007097584341118005,-0.14357294695397244,-0.028255925906678737,0.31251017588687036,-0.005843751831918137,-0.01507134213207045,-0.02221093620686564,0.001090049816436494,-6.160222884279945e-10,1.1042108465765155e-09,-0.1137208855696722,0.043735865227159346,0.54220270465486,-0.013700574809476309,-1.26224291435717e-12,-1.2602534033706592e-12
28.2800,-0.4127026455375045,-0.010654462576697842,0.25723846491030317,-0.07450835760674636,-0.09011622840443126,-0.0061741022206078895,-0.14373429490340706,-0.02679130935728675,0.2667043420845975,-0.007336528503745551,-0.013500134504727115,-0.008838664032955183,0.0009316228042035743,-6.160432028322091e-10,1.1041899683548378e-09,-0.02580096177126757,0.12028629240475816,0.8478552922314584,0.000192615313964558,-8.840708113494467e-13,-8.825880564583555e-13
28.3000,-0.41588848645743504,-0.010801906685334295,0.26149670604406366,-0.07264804231318879,-0.11548030937336765,-0.005395088468593375,-0.13360013376527394,-0.024588791740004123,0.21655033515476715,-0.005951066952471168,-0.008658107322578107,0.007993760355411453,0.0010105042761567617,-6.16055351927009e-10,1.1041778533615306e-09,0.12915930436811895,0.30274192958038526,0.7453202067709993,0.006326211535340738,-5.098350127491491e-13,-5.087002867554258e-13
28.3200,-0.41875328950312923,-0.010981819576589771,0.26487941632875167,-0.07063980328416702,-0.13755495345133614,-0.004809654392708577,-0.11538775838034114,-0.022285918686610943,0.1712259126559335,-0.003308535143604466,-0.002846922121725253,0.022593431916264766,0.0011863426381359802,-6.160590077922244e-10,1.1041742268157843e-09,0.1853248957420935,0.35694188283895734,0.6179244423865587,0.009353605082585443,1.9936710702467275e-13,2.0145639171610663e-13
28.3400,-0.42112256409207033,-0.011180898629962068,0.26760844379823095,-0.06862140677632969,-0.1549046422192198,-0.004446482701471895,-0.09054777173093823,-0.02068514328071348,0.14564885549947926,2.249185803323898e-05,0.0034766532080558517,0.03318579563684601,0.0013718464326037878,-6.160554928885628e-10,1.1041777695588888e-09,0.11828410589378838,0.24290604015733588,0.5677506458604211,0.010471257101961794,8.989324855237374e-14,9.052822510721703e-14
28.3600,-0.4228233939607982,-0.011388462174191778,0.2697017848104941,-0.06669938528830151,-0.16612252851688475,-0.004324394869077862,-0.059091913057815346,-0.01807575789392188,0.10928583368336649,0.002197575512891757,0.00806403136245977,0.04230444344349062,0.0015486405319032135,-6.160464626527618e-10,1.1041868249877545e-09,0.08919184717321321,0.20179652648601493,0.3540334483743321,0.006910177345017486,3.569585490907634e-13,3.574218828891751e-13
28.3800,-0.423730525825858,-0.011594457177048155,0.27107630358083645,-0.06496743824307857,-0.1702025632542206,-0.004442708930418636,-0.024473212579242693,-0.014607139375224227,0.06469250106393751,0.002916225972847602,0.010615585699798301,0.047834985273823856,0.001638241947400205,-6.160336707418934e-10,1.1041996356906655e-09,-0.02362559623229339,0.03938286702383379,0.21886168531805306,0.002263852181328019,5.484864949376056e-13,5.488538226336437e-13
28.4000,-0.4238490584882859,-0.011788579184783881,0.2718607032760217,-0.0635064639566051,-0.1672380359983825,-0.004765145422209163,0.008881982575255958,-0.011655809788755672,0.033980713747239585,0.0035084389258960213,0.012541373088853242,0.047009398397322065,0.0015937341585101831,-6.160171476689445e-10,1.1042161860482126e-09,0.01695334753930854,0.060688069445334024,-0.1783058167529024,-0.005470864061948661,5.171359217584492e-13,5.174888295655933e-13
28.4200,-0.42320620007656284,-0.0119710519945831,0.27188301260359166,-0.06230954254173272,-0.15744120538550146,-0.005269797784630001,0.03925448350835481,-0.007664592775078508,-0.01825652826159555,0.001906866931922609,0.010838270048631266,0.04339145892505013,0.0014369156013107616,-6.160034564244089e-10,1.1042298968772342e-09,-0.04555173431418059,-0.03498605591871282,-0.3947118110169318,-0.012507276077354008,8.823026944465573e-13,8.840441399760035e-13
28.4400,-0.4219521592089856,-0.012137849356739457,0.27116802313053195,-0.0613947006342798,-0.14206517098893448,-0.005905300651104642,0.062028629410256365,-0.004307656884111874,-0.05575599109184607,2.7773444916372997e-05,0.008832275988984045,0.03385416237554059,0.001117799984091141,-6.159886776426948e-10,1.1042447021300699e-09,-0.11111209669254923,-0.11910093657318994,-0.5776760073383759,-0.019282707318601988,8.581203239307889e-13,8.599523003416376e-13
28.4600,-0.42026468627635605,-0.012285994021250277,0.2696020331457882,-0.06076820546820879,-0.12259215329329705,-0.006623234352038287,0.07666428550716732,-0.00038237539726540564,-0.10233126222896582,-0.003250158485984397,0.005080977062014346,0.02164362528919759,0.0006869359992598869,-6.159753281290347e-10,1.1042580768416728e-09,-0.2705716747002414,-0.3322082084186342,-0.5350897644807596,-0.022041914177946313,4.882985292151143e-13,4.890027185261436e-13
28.4800,-0.41824759874566564,-0.012419782464869219,0.2665487409891831,-0.06038421660421404,-0.09983891226873065,-0.007407787736033532,0.08496463867715169,0.005212130352741375,-0.18080329371095158,-0.00849682751369972,-0.001165318857003069,0.008439937305182455,0.0001827368990885584,-6.15963041634459e-10,1.104270388141385e-09,-0.21599127235982563,-0.24770486584316978,-0.7184645122713166,-0.025516447392152884,4.879271357609294e-13,4.888858415319497e-13
28.5000,-0.41618340810478394,-0.012529824835671301,0.26226677678563226,-0.0602758318567544,-0.07631841722209844,-0.008185051604018216,0.08313031910936738,0.009773933799692441,-0.23347897109510093,-0.011614468192500924,-0.004498859766265329,-0.007312022457195043,-0.0003416254106426986,-6.159491857047091e-10,1.104284281215793e-09,-0.11503036310085558,-0.11545825484987665,-0.7962904063839649,-0.025719527952220454,4.893010909640116e-13,4.905385993236866e-13
28.5200,-0.4142910243251037,-0.012609214280163802,0.2569494580786887,-0.06045462340024457,-0.05407570583934782,-0.008901127772956591,0.07547553249668455,0.014589632813293871,-0.2880928722564059,-0.014821298299995001,-0.00818940840383012,-0.02034057540847679,-0.0007938769771314942,-6.159371892134523e-10,1.1042963137846364e-09,-0.17516536983667516,-0.20622394663847904,-0.6331689320128329,-0.022121123095049027,5.336342262171612e-13,5.352092467131309e-13
28.5400,-0.41270437335525967,-0.012658582457024153,0.2504706937981908,-0.060871554675703245,-0.03445374399540937,-0.009526683249064603,0.06203763923290332,0.019205144796421197,-0.33918927561161666,-0.016660722903468164,-0.010855112189803503,-0.030141889924937486,-0.0010986374479144806,-6.159285190119596e-10,1.1043050236802343e-09,-0.01673083081905722,-0.09446474202264782,-0.2978169892692916,-0.006241112398414982,2.4836637737765677e-13,2.504739037706427e-13
28.5600,-0.4114782476281571,-0.012689677280908017,0.24310757482223255,-0.061385461761587164,-0.018088907447680665,-0.01005329494750023,0.04813079710921718,0.022226112341003308,-0.3763301424083437,-0.01510662067649044,-0.011629663803535068,-0.03458617544917157,-0.0010651663980958848,-6.159284888159594e-10,1.104305104729911e-09,0.1505374768154492,0.015497955459875661,-0.16716500631429476,0.007481269671480255,-2.348031979352433e-13,-2.320899006834354e-13
28.5800,-0.4107274937736825,-0.01271685810658676,0.23549344928715238,-0.061804377533207874,-0.006228536392610069,-0.010446325916669882,0.027487802059620547,0.022321990606897872,-0.3786566670579373,-0.01123978270193821,-0.010620123318270638,-0.03781037708427735,-0.0008552694266812193,-6.159376550664547e-10,1.1042959965149154e-09,0.24188180446986887,0.08047940378409715,-0.17251783549063182,0.013706697389917475,-7.097038885392482e-13,-7.063525112038782e-13
28.6000,-0.4105668790487584,-0.012754855498960686,0.22840467815281948,-0.06192793260794996,-0.00013178787192243504,-0.010664836048715655,0.0003868458443361652,0.019073943658383396,-0.3421157524785588,-0.005069580380547574,-0.007742124813938565,-0.03845008995877594,-0.00046398370266128344,-6.159564733969206e-10,1.1042772505684968e-09,0.41710176275854843,0.2568807374346371,0.2800731201290871,0.02968797699007857,-1.1123415556701932e-12,-1.1085882645894829e-12
28.6200,-0.41093371770661763,-0.012822661099430253,0.2226568054495934,-0.061581163579281194,0.0007438730747436189,-0.010726367703909051,-0.02490181760754941,0.012326544358963378,-0.26658301118667477,0.0034983801744782167,-0.0023386563246717076,-0.031215601974390685,0.00016587960622684868,-6.159837085843333e-10,1.1042500959841428e-09,0.398799087775003,0.2470667362636602,0.3285148251970201,0.028671229767738782,-1.5189310312996307e-12,-1.5147715980851073e-12
28.6400,-0.4118914875658911,-0.012934829521761483,0.21875591235482006,-0.06060217703615264,-0.004240730259933011,-0.010617060471586955,-0.05643347850899727,0.003527550446521072,-0.17004277290050177,0.009270756514519193,0.0006523136738954795,-0.02883255774591306,0.0005352808564949156,-6.160182819493374e-10,1.1042156103818347e-09,0.2128981332421764,0.08969601242439766,0.0165548683044685,0.011160400133261054,-1.8635455591858863e-12,-1.8590396149570365e-12
28.6600,-0.4135109813787171,-0.01310185657408778,0.2169434150414461,-0.0588831067676799,-0.015717016061416747,-0.010336752405237931,-0.08972562987992216,-0.0063027904161290045,-0.06292827521103832,0.012707428340942723,0.002128540323549084,-0.027518080586664002,0.0006699902745884655,-6.160568270203353e-10,1.1041771554407804e-09,0.16091901150884452,0.08901139631151934,0.20254055344743868,0.0051278410362214834,-1.957034360955401e-12,-1.9525626775152016e-12
28.6800,-0.4157117952490452,-0.013333110872713487,0.21730262441233528,-0.056395162044478316,-0.03274566685472083,-0.009948822499958815,-0.11488830124544162,-0.016294896258228782,0.047306048645465955,0.015647825217947508,0.004281388025835355,-0.020259270175403625,0.0007360535166194038,-6.160953321029214e-10,1.1041387374371929e-09,0.12858821143021754,0.11970053312317325,0.4896947151256934,0.0011620939033580723,-1.866469435604645e-12,-1.8622562259623665e-12
28.7000,-0.4183048170719924,-0.013634046756289873,0.2197152551643777,-0.0531840485853197,-0.05332498944930872,-0.009552982287207195,-0.12547165457910392,-0.025328904036721434,0.1499343240130367,0.018000517327748912,0.007167325628326256,-0.007145120012433606,0.0007372728103586609,-6.16129934778247e-10,1.1041042138149505e-09,0.10701807105003591,0.16627473259736442,0.7994847040461145,-0.0006225741551612127,-1.5775291229563893e-12,-1.5738389324421176e-12
28.7200,-0.421003400132631,-0.01400355579658865,0.223906843116754,-0.049367212440282464,-0.07461339501000774,-0.009259522585246685,-0.11799041299485731,-0.03251054416485279,0.2377876659281905,0.019599092331751108,0.010708721994329849,0.009799394914823182,0.0006834389229974814,-6.161566064669761e-10,1.1040776113683599e-09,0.04744389860400998,0.18300761420241576,0.7550720466899697,-0.006882218677670253,-1.0294655752862703e-12,-1.0257543512498524e-12
28.7400,-0.4235984417659023,-0.014426799506823827,0.22969629196404093,-0.04514304926876489,-0.0946451935441198,-0.009125005824828138,-0.09828576496512939,-0.03745082519183839,0.3153821779647048,0.01957319766833187,0.014094969569845272,0.023725961950641035,0.0004867550392088824,-6.161714599886006e-10,1.1040628187790055e-09,-0.049702180949266886,0.14584245420162914,0.7524911712730457,-0.009715710118308333,-4.4932471372077787e-13,-4.468234593088538e-13
28.7600,-0.42588205551625186,-0.014879488217943543,0.23672670922079153,-0.04077426337365623,-0.1115606550213336,-0.009168870296543417,-0.06893872993073362,-0.03939419486699245,0.3725740755964175,0.017404368106367623,0.016556584622886995,0.03416211084437559,0.00020719273781610387,-6.16171343368474e-10,1.1040629875145014e-09,-0.16218856644566393,0.0894730867961967,0.5314703993158902,-0.013488704943265989,4.2842465686199205e-13,4.310670743967737e-13
28.7800,-0.42758473605836483,-0.015335862764184435,0.24430386313271252,-0.03653151836081176,-0.1229928385320315,-0.009388851303738318,-0.029420880354696068,-0.03796770635422082,0.38554367005599477,0.013400516057339749,0.017140714948463608,0.04477080361397864,1.2407528800500765e-05,-6.161607518443427e-10,1.104073612993948e-09,-0.21063469550667233,-0.0423874745893553,0.43435332735437676,-0.005304473601377146,4.968152625406397e-13,4.982807786171883e-13
28.8000,-0.4285379241797742,-0.015789945323217095,0.2517499887152117,-0.032473868988009226,-0.12751738918385633,-0.009760768204026622,0.008873855226575694,-0.035359873897503294,0.3686265876713189,0.008920132910976191,0.014859317477732035,0.048421271707736524,-7.094689398322773e-05,-6.161509387338407e-10,1.1040834525792034e-09,-0.23815552465220766,-0.1752445265705868,-0.0372346785592259,-0.003732078044639901,4.45454925116634e-13,4.466626179165656e-13
28.8200,-0.4287796032497372,-0.01624119682549685,0.25864093582409053,-0.028577003996203557,-0.1255376731731079,-0.010232537502387092,0.038593923822446745,-0.03238327080824022,0.3333772424764917,0.004028309918110688,0.01052972775912156,0.04331999081849171,-0.0001550475022431158,-6.161430313243046e-10,1.104091384187102e-09,-0.24935960694108292,-0.24311698455926678,-0.4365103409912873,-0.0052293327838351346,3.3578191225777654e-13,3.3679596654970223e-13
28.8400,-0.4285172663266578,-0.01668523158045607,0.2649825675697053,-0.024831274251735744,-0.11893419954413083,-0.010738501537809857,0.0553998242404247,-0.029721232465727155,0.304541655878112,-0.0003699675749739389,0.0061083415001442504,0.030604739808992826,-0.0002975683723776939,-6.161356870787586e-10,1.104098759573428e-09,-0.24043264895835198,-0.2532070273914768,-0.7317011079414251,-0.008392811638747328,2.510073312395056e-13,2.518791924165098e-13
28.8600,-0.42797016165540896,-0.01711897520873985,0.2705998132656692,-0.021220284647616567,-0.10967533494782246,-0.011231260717529891,0.059721467481841595,-0.027062390725524337,0.26527579741089313,-0.005805959337979389,0.000229198120897736,0.01389677098369224,-0.000492723929076583,-6.161294758436189e-10,1.1041050044783574e-09,-0.26025011800820247,-0.28568747306043013,-0.850026144655207,-0.009956865778750918,2.974709237615891e-13,2.994422743617109e-13
28.8800,-0.4273191812468481,-0.01754170314878072,0.2750564819333233,-0.017716383984041833,-0.09939638484523,-0.011684494153370483,0.053910670316065154,-0.02431271255433623,0.19880835681017237,-0.012051710393043945,-0.006707657301434868,-0.0007576476812725992,-0.0006715897326608715,-6.161257857501004e-10,1.1041087183973271e-09,-0.379153911978844,-0.4228746884538456,-0.6968123483496447,-0.008682472166610328,1.207764492800259e-13,1.2150001870488841e-13
28.9000,-0.4267061164342364,-0.017954048039728592,0.2778293322133134,-0.014288509780641955,-0.08940292449241764,-0.012087178064271347,0.0396847047524508,-0.021864859116504234,0.11513684065756224,-0.017903267297010462,-0.013304107056177192,-0.01526599986982373,-0.0008317213549990187,-6.161227153931028e-10,1.1041118177793388e-09,-0.21242993919102973,-0.24498683312745292,-0.6993954644386554,-0.007188448488587526,1.6445156868216682e-13,1.6638356274342736e-13
28.9200,-0.4262417984786198,-0.018356492852306085,0.27865306265912826,-0.01091498100139206,-0.08074215115886785,-0.012438368919956746,0.022745199425255345,-0.01988515157201911,0.010424962425383428,-0.02214511740359553,-0.01818769354234699,-0.023626918153592184,-0.0009248902660122364,-6.161212611375365e-10,1.1041132899143144e-09,-0.2296195445908802,-0.26709674307709935,-0.3716161656450181,-0.004138405044113,5.1443638032170474e-14,5.213325160024346e-14
28.9400,-0.4259781440448729,-0.01875033010603257,0.2773986028717601,-0.007578511048656534,-0.07392604734154752,-0.012745980271795099,0.004123380693297511,-0.018719167944706912,-0.089783030257677,-0.024643049770103682,-0.021388795500044577,-0.03022474583364271,-0.000991177776857031,-6.161196586129456e-10,1.1041149222404855e-09,-0.05006115519931224,-0.07838419291312732,-0.14301323283452627,-0.0015702806307698782,7.846068900922015e-14,8.041046398610946e-14
28.9600,-0.425938026364015,-0.01913693917599395,0.2741480827207312,-0.0042671931280668365,-0.06919604785661865,-0.013021186421878073,-0.013657842922842441,-0.018331845013053995,-0.1863213176110195,-0.024257380916507854,-0.021504402046235372,-0.03159503827246086,-0.0010089960444752196,-6.161187769944266e-10,1.1041158316049442e-09,0.06397248114396388,0.04096526341679855,-0.0002284831050556457,-0.00038203709625049434,4.688486605246636e-14,4.8904084178503365e-14
28.9800,-0.4261277825033143,-0.01951790031893931,0.2690576363747849,-0.0009707119585861551,-0.06663174492878528,-0.013276497927224955,-0.030634993628062702,-0.01868617649341476,-0.2744683494327203,-0.02227281266637773,-0.01997290848322772,-0.030183991560064325,-0.0010104639568483858,-6.16118347830494e-10,1.104116290752982e-09,0.09139112067884123,0.07063981328169677,0.15772895729930794,0.00015807929712595892,6.017962414202674e-15,7.0436922082733194e-15
29.0000,-0.42651547429926007,-0.01989542282473057,0.26227916354373837,0.002321978920557134,-0.06594091054333097,-0.013524349912477049,-0.04480895478345013,-0.01970460100543795,-0.35635730667885734,-0.019338376054078607,-0.01741763698780651,-0.026013220072407483,-0.001004641232640207,-6.161184474747983e-10,1.1041162199628571e-09,0.19602022649675777,0.1765466781501569,0.2906253194869063,0.0003548230288281911,-1.500833284691014e-14,-1.3794722674809017e-14
29.0200,-0.4270247729503197,-0.02027223267644952,0.25401024408067097,0.005622845158578861,-0.06640220448320124,-0.013773700531044018,-0.05485580250886659,-0.021302489014427196,-0.42802057709590313,-0.015376553100775615,-0.013834815049750093,-0.019116341785847625,-0.0009963801034574876,-6.161191293203119e-10,1.1041155683522048e-09,0.22967908731632636,0.21055872495545122,0.3268032201281223,0.00035414518777968437,-5.006405853031845e-14,-4.8561374648044275e-14
29.0400,-0.42766448216958963,-0.02065032248426722,0.2448128735484627,0.00894846905258439,-0.06809766624902797,-0.014032483027419712,-0.06501998339671747,-0.023196553196680694,-0.46225072904417697,-0.009546732738562044,-0.008425249786721586,-0.01371505785148808,-0.0009971723240622115,-6.161207933306924e-10,1.104113945648694e-09,0.348460149222825,0.3250404610864271,0.22555720640141522,-0.0004789970590139964,-1.1884837189911346e-13,-1.162716570159844e-13
29.0600,-0.428476884942579,-0.02103234508822129,0.2356767470080697,0.012324554228705422,-0.07142230133313923,-0.014312160188624853,-0.07344822280866184,-0.024947662682233942,-0.4474212820222756,-0.0016071985765040956,-0.00099594922600184,-0.007349619084121385,-0.001033328401633209,-6.16123791901729e-10,1.1041109976801915e-09,0.42421002035170857,0.39895418945534533,0.5942350316161634,-0.003590203809855529,-1.709624737784854e-13,-1.687487768877588e-13
29.0800,-0.42931171489212056,-0.02142312668535618,0.22723987652787192,0.01577905685716606,-0.07494814522243692,-0.01461227321231629,-0.07113552150945766,-0.02633626013705643,-0.4043560666036484,0.007564160797318483,0.007605671637427001,0.00566247325347177,-0.0011220864728337435,-6.161285316170498e-10,1.1041063142394902e-09,0.4347381897217317,0.4078661560148794,0.719860080592262,-0.005325370613129718,-2.566464835790372e-13,-2.5412045514747184e-13
29.1000,-0.4300210962399625,-0.02182724819747268,0.2200875242724245,0.0193429374620095,-0.07728183373312152,-0.014922438796156437,-0.058938513635894176,-0.027067445391676343,-0.33336850248069805,0.015478911072597721,0.014988761342499836,0.018263663976352672,-0.00122309191329816,-6.161344395835486e-10,1.1041004608338395e-09,0.39605149330742623,0.36569103505771244,0.508176403701915,-0.004679421147026483,-3.6956538090188173e-13,-3.6622934502725246e-13
29.1200,-0.43056166187435185,-0.022248550380844948,0.2148880413033227,0.02305279322934182,-0.07802109026285828,-0.015233823001410877,-0.042422594313806114,-0.026755061804790158,-0.2288691026699627,0.022538592700049005,0.021442528440075,0.026880441424061912,-0.001317770341343095,-6.161425320059514e-10,1.1040924314393618e-09,0.3059148071270042,0.2767643203970025,0.3945082990078392,-0.004941650824810614,-4.622682445165616e-13,-4.587686025341042e-13
29.1400,-0.4309011152422344,-0.022683819758219915,0.21210027010098131,0.026881061631251126,-0.07686481431800232,-0.015530462035447284,-0.022183308095210262,-0.024776697141503073,-0.10536776949941526,0.026947707894228855,0.026360473339680328,0.03221894377620293,-0.0014766070387887738,-6.161451651917775e-10,1.1040898644586314e-09,0.1361147587687373,0.2147127720127845,0.1873030251356753,-0.011008981019172194,9.895074126395342e-14,1.0253512719871766e-13
29.1600,-0.4310427957185232,-0.023113580448682162,0.21197973765713485,0.030650035620459773,-0.07384372515122152,-0.01578747367344484,-0.00238046343481133,-0.020519425042451092,0.028923436054743224,0.027986192096943828,0.029555534152357645,0.03319782107543354,-0.001709676008078466,-6.161386642913734e-10,1.104096436483945e-09,-0.023635820735000833,0.08448066767896753,-0.0849972365978322,-0.009754500555182646,4.2918348996251465e-13,4.3279290741493615e-13
29.1800,-0.4310224735004016,-0.023524177844864973,0.21452660793150485,0.03423848823471455,-0.06928728913467516,-0.015990614648702106,0.014478113736931498,-0.014877556771082595,0.15894585756502982,0.026260713716949602,0.02960842062792314,0.030642302710881163,-0.0018497353782080713,-6.161290161552422e-10,1.1041061472138324e-09,-0.14535179644092486,-0.07303208282647057,-0.23735208331437052,-0.003900279833588,5.435847084955814e-13,5.466331597439589e-13
29.2000,-0.4308943798165422,-0.02391207247781501,0.21946251055135071,0.037620242218619794,-0.06369630885092581,-0.016140136456875547,0.025802648149491365,-0.008956493454621213,0.2723216980022754,0.022206768905737116,0.026360320972339365,0.02467716338396974,-0.0018460136525848916,-6.161194508004948e-10,1.1041157746978092e-09,-0.25432464085707895,-0.24263114052211837,-0.278459493133129,0.0032446893172689,4.094662434638019e-13,4.1237120055465093e-13
29.2200,-0.43068165149007126,-0.02428241136439463,0.2261591379569658,0.04084891616820203,-0.05727735459165713,-0.016239997897675756,0.03209474966410949,-0.004045844675779066,0.3522318256326299,0.016270151050020987,0.019936330581440304,0.016932980610409223,-0.0016719068424764683,-6.161141201461332e-10,1.1041211614398864e-09,-0.3304600625265824,-0.38625550252866714,-0.4945049618020423,0.013677601346695484,1.176205807014094e-13,1.2033175020645381e-13
29.2400,-0.43049645898915845,-0.024647325856236666,0.2339943152965551,0.04404497062341285,-0.051091374185170395,-0.01631930172265472,0.029439047091930855,-0.0007585341038940299,0.4012606426251885,0.009114650231405716,0.01109295594233325,0.0052559214900127155,-0.0013055375908053982,-6.161156401327539e-10,1.1041196933749138e-09,-0.37777403577306196,-0.4843462006213668,-0.6443583444966972,0.021936590187607182,-2.5808337671823223e-13,-2.555973553468316e-13
29.2600,-0.43045792300012753,-0.02502264324841618,0.24228240515527794,0.04735917595294218,-0.04628400703915837,-0.016416768969457842,0.01949787101091807,0.0003570904163482879,0.41560418626116113,0.001512492658056948,0.001075030614599508,-0.007498763876056561,-0.0008306627471517199,-6.161246329770921e-10,1.1041107472446193e-09,-0.3725790490522899,-0.49445100150449417,-0.5870085786183361,0.023529487108420555,-5.48590036245078e-13,-5.464049351866507e-13
29.2800,-0.43062824730719185,-0.025418336904761796,0.2503218766752214,0.05088132169798023,-0.043468042692375794,-0.016560606928437863,0.006328346348581528,-0.00044438030065433316,0.39521394964414414,-0.005892066654506494,-0.007991390689486465,-0.017653822950785863,-0.00044027427970731123,-6.161347795811897e-10,1.104100640854394e-09,-0.36575006002082094,-0.41275030619756337,-0.4380496012742533,0.015719731586222033,-4.64023079942838e-13,-4.621690942278878e-13
29.3000,-0.4310789850640468,-0.02583417712150725,0.2575554389455624,0.054598935051850296,-0.04334567298209713,-0.016781492235849172,-0.0120555249454499,-0.002588029008455028,0.35266444526083446,-0.01266208520236229,-0.015400369118267351,-0.02757609682571059,-0.0001296349792969256,-6.16144498575191e-10,1.1040909601926313e-09,-0.3068680376806241,-0.33107644877881315,-0.4657996869303776,0.014098017641620983,-4.558919431199571e-13,-4.5435882703795394e-13
29.3200,-0.43187907831040306,-0.026272146794500118,0.26359582736599385,0.05851675513364169,-0.0465786586985091,-0.017116415414840578,-0.03053329912375761,-0.006459884009983619,0.2860389226939603,-0.018083435708251168,-0.021008970582502857,-0.03303482700065921,4.41689523517832e-05,-6.161543505787356e-10,1.1040811421570322e-09,-0.21342197989501493,-0.2104579085304119,-0.10240635381920148,0.0036932127572849353,-5.22633368874037e-13,-5.207214867630761e-13
29.3400,-0.43302978348460586,-0.02673550260030798,0.2683498281784585,0.06265499560962548,-0.05315592591295845,-0.01758932738886619,-0.04962521904149379,-0.010733282269636907,0.22482186493559272,-0.019382672232208506,-0.022604940860150708,-0.033983895931269416,4.703929209828272e-05,-6.161657679542983e-10,1.1040697600937174e-09,-0.040381933904700226,-0.04373376341517389,0.13561915654444903,-0.005071529111816895,-6.933195337288645e-13,-6.913068208158624e-13
29.3600,-0.43445310775679163,-0.027224892481913558,0.27154277567713525,0.06701521149629239,-0.062292364984482214,-0.018198460144259805,-0.06560141003689902,-0.01661297505180906,0.1452414045529426,-0.02010293177744,-0.023271004818159177,-0.030970679366238024,-6.142640821256255e-05,-6.161764168177084e-10,1.1040591403124587e-09,0.003733720543133462,0.0007408452613189184,0.11766637818953112,-0.005031665064955905,-7.210995038933743e-13,-7.191658293187464e-13
29.3800,-0.43613970219665055,-0.027742191392219145,0.27306838369341035,0.07161118856978625,-0.073853781130716,-0.018962225604092147,-0.08277052987506461,-0.023588909527481505,0.06128260953806812,-0.0201309627041094,-0.023232781589035866,-0.02841179774728125,-0.00016713868778170957,-6.161866430045218e-10,1.10404893978394e-09,-0.014754629701275777,-0.0024067754539369604,0.16607066426438732,-0.006411337910985754,-3.6240037663490265e-13,-3.61580231901526e-13
29.4000,-0.4380311908714715,-0.028286720837274265,0.2727403421313499,0.07643704286022451,-0.08724081548341939,-0.01987954485770401,-0.09899333746351162,-0.03176607893691253,-0.029851962229811957,-0.019552636493489612,-0.022268026268438677,-0.0237264327940052,-0.0003655003014302314,-6.16195904477309e-10,1.1040397026776882e-09,0.062205553996028284,0.11365413246878711,0.3086332708628391,-0.015438454658049133,-8.212082001825965e-14,-8.136053679733135e-14
29.4200,-0.44002841231938383,-0.02884389255454512,0.27063414506271405,0.08136017284636977,-0.10149168603823391,-0.02091758691715535,-0.11148080409146303,-0.039244866515566704,-0.11512166483471278,-0.017745732635607685,-0.018261171419392954,-0.015564739415982912,-0.0008362552802213096,-6.161944778266598e-10,1.1040411525101294e-09,0.16290477602343148,0.30644437294549454,0.49251788102607225,-0.03052744487580943,1.0720723896302797e-13,1.0897150694820501e-13
29.4400,-0.44198519451509305,-0.029386078111327513,0.26712175448481723,0.08613031194808729,-0.11524630499376297,-0.021999294474915568,-0.11639087886185032,-0.043821391485091045,-0.1744943147286816,-0.013425559639490105,-0.010404277775141822,-0.003638750558998627,-0.0015809334524248158,-6.161807254126843e-10,1.1040549297273166e-09,0.27689216828989505,0.46949381664072615,0.652182490318455,-0.041494386552238964,8.169237855626399e-13,8.186053831321649e-13
29.4600,-0.44372482850153616,-0.029881840920477257,0.26272256444937075,0.0904643478050341,-0.12691146724609245,-0.023010744963068992,-0.11031215508824088,-0.044989313744983606,-0.2112814538914511,-0.008027611054971876,-0.000615022170612449,0.010730146037583805,-0.002459326439200483,-6.161528798261705e-10,1.1040827999389886e-09,0.3146480810343832,0.5309459214270688,0.6994186494911678,-0.04395249942661814,1.5451726270016009e-12,1.5467930755685977e-12
29.4800,-0.44505479697542893,-0.030296811923208395,0.25787113577548865,0.09405153262453855,-0.13478870818696617,-0.023808808974766494,-0.09166165852346037,-0.04308086995618189,-0.23637463963839708,-0.0033300659013170146,0.009027616655309937,0.025741038334411017,-0.0033257842281016014,-6.161094231573516e-10,1.104126277596661e-09,0.2199056611487023,0.4657817920591663,0.7171291784916607,-0.04064922052607737,2.7085920312197587e-12,2.7091970160320056e-12
29.5000,-0.44581550462639713,-0.030598563934819564,0.25297460410485656,0.09659757626712971,-0.13748947691053756,-0.02425615492693067,-0.0627982681303829,-0.03683498124595137,-0.23391652240660407,0.001403965961687886,0.018129918390119234,0.03761953188159092,-0.004039414673740219,-6.160541944373165e-10,1.1041815294739532e-09,0.11559642637588227,0.35927254724622787,0.6036654389708389,-0.03273459274326207,3.2814059629238113e-12,3.2820595199933855e-12
29.5200,-0.4458031825486532,-0.03075116926642471,0.24787835513929124,0.09777953167593345,-0.13319419187542597,-0.024196087090461397,-0.023495107797769952,-0.0303556054426656,-0.25551139701442027,0.0024019112144183226,0.023785917410856606,0.04796869317526342,-0.004582624505660627,-6.1598376857209e-10,1.1042519694645992e-09,0.04081985106176255,0.24059523026573437,0.3706540285831277,-0.021209983199633735,3.719029424698039e-12,3.719793136708338e-12
29.5400,-0.44496251998844716,-0.030731649994632064,0.2426693945480393,0.09739656699455942,-0.12135153049112281,-0.023575713696700334,0.019249883527658225,-0.02135732095643075,-0.2637307864336538,0.0031603400405125974,0.02761495225580103,0.051575665168440935,-0.00487206247643738,-6.159063053882192e-10,1.1043294496808525e-09,0.027507754641326213,0.14161022644007157,0.011161587200055964,-0.008694078626442536,4.001027807676305e-12,4.0019688951620225e-12
29.5600,-0.44338222028154545,-0.030530239948426203,0.2375971601381231,0.09536770952917786,-0.1026244030473085,-0.022457997885884543,0.059628685647400995,-0.010475709702563833,-0.258547480914087,0.003241011027223453,0.029132926111804458,0.048110426866805237,-0.00492029534729609,-6.158251451790235e-10,1.1044106320598142e-09,-0.012266889810180268,0.009022697149486603,-0.4490448304821059,0.007496423880896363,3.8914873927431426e-12,3.893416405248429e-12
29.5800,-0.44139998855359175,-0.030153740053306927,0.2332037172900509,0.09173949738927335,-0.0799399738354867,-0.02106543023179093,0.082344002064596,0.00320198182694838,-0.21442847304415308,0.002825132221638671,0.027974646051121488,0.032415301322894864,-0.004497900492856145,-6.157506260429362e-10,1.104485187815914e-09,-0.043203413252719536,-0.11493425256991133,-0.9369394817941015,0.028079853608122016,3.976044320175287e-12,3.977752155437386e-12
29.6000,-0.4393625027761822,-0.029617914484197427,0.22989530984905496,0.08661035547756492,-0.056414459717870916,-0.01963356159588132,0.0913759314929439,0.01668414481390752,-0.16053897694996283,0.001218883054493597,0.024276909856836334,0.014009762411157948,-0.003880727093501673,-6.156717364219719e-10,1.1045641236451413e-09,-0.10845980603607562,-0.2280221962032418,-0.750071084068877,0.02864024919082591,3.6344243586894365e-12,3.636641768972604e-12
29.6200,-0.43743839192659345,-0.028940634362946346,0.22756408519454682,0.08009378012659986,-0.03362219075671637,-0.018304865535424614,0.08835851763033034,0.028312639637004235,-0.1099417581412813,-0.0011786686749697382,0.018745496529141217,-0.00186375052888173,-0.003186439878060804,-6.156041798288398e-10,1.1046317296306215e-09,-0.11474837658585169,-0.3079326587826458,-0.8542062137040741,0.04135068269750336,3.111863197680087e-12,3.114562861089576e-12
29.6400,-0.43588676779597946,-0.028150681203187068,0.22637797729693399,0.07239710712136313,-0.014126602364218017,-0.01723253521405919,0.0699360189892166,0.0384942128524253,-0.04786782408296637,-0.0028837898882272082,0.012442363499687352,-0.01860231287674909,-0.0022500828086591098,-6.155490176172357e-10,1.1046869501900831e-09,-0.05996045718498142,-0.31991257701396425,-0.7978826187611447,0.05151909522980695,2.414772808795318e-12,2.4178705912425436e-12
29.6600,-0.4349079857082195,-0.027280367317213953,0.22651630764464276,0.0637908422736231,-4.727558812526639e-05,-0.016492404404380347,0.04023507549942009,0.046461236602226105,0.02105276756931171,-0.0034859061661678655,0.006098928190766669,-0.03262326217219142,-0.0011345941342425353,-6.155094579906109e-10,1.104726574439928e-09,0.08071513654649562,-0.23289379025542042,-0.3735608247108129,0.052146186591708325,1.4887290619020055e-12,1.4919285425130102e-12
29.6800,-0.4345388930144916,-0.026363221761758718,0.22809615135617692,0.05461317307463444,0.008079861313921667,-0.016051056193200193,0.008566257065109127,0.05176520510522956,0.0936215650443246,-0.0018400870768724936,0.0010954751351882658,-0.03840474755966007,-3.17021443324412e-05,-6.154884104734748e-10,1.1047476894699e-09,-0.01566138785471338,-0.3577660550727507,-0.5028262451549196,0.06678582227810265,6.16408942118174e-13,6.19870691234703e-13
29.7000,-0.43491610759043275,-0.025431578510795277,0.23092796819860853,0.045223853861271764,0.008778031262445047,-0.01586598539477385,-0.030568385428613166,0.05340458911739211,0.15311046973525932,-0.0020038401362353414,-0.0059694430896977315,-0.04637241722597848,0.0013381974524058213,-6.154859806843344e-10,1.1047501879178689e-09,0.01642915528749271,-0.334674667944737,-0.24201539005491088,0.0675953550703016,-3.679257419564319e-13,-3.6454145908512703e-13
29.7200,-0.43603573196767875,-0.024512957523740192,0.2347294297350323,0.03597218974534486,0.002074607298789212,-0.01582725281610666,-0.06646416724792872,0.05223451537064684,0.19789910960837734,-0.0016957498038631103,-0.011738139543758028,-0.04785702449776978,0.0025337809734374485,-6.154970182068471e-10,1.104739215798009e-09,-0.012676980555699918,-0.22219185319160012,0.06330606825437561,0.04757139772906663,-5.022471154247921e-13,-4.99106832252405e-13
29.7400,-0.43782826795912627,-0.023604850212099536,0.23911132771253793,0.026914764821168866,-0.011237927839361674,-0.015812321420741307,-0.09639315627117266,0.05027977056382406,0.22289216987594695,-0.0027094808739837454,-0.014999857444837431,-0.04391953872661376,0.0032431634025368063,-6.155058065992243e-10,1.104730489251614e-09,-0.0732058651009426,-0.10663048708541126,0.2864447682532623,0.02322291070739975,-3.452620134236639e-13,-3.425118804030458e-13
29.7600,-0.44017918557389213,-0.02269491673379519,0.2435855418602926,0.017990748560346614,-0.029859962170421604,-0.015710404394040173,-0.11863124302331744,0.04811680230663337,0.22377454946466885,-0.0042217570836746415,-0.016323481472049546,-0.0367453250706027,0.003540967273460801,-6.155111072973371e-10,1.1047252365654974e-09,-0.07094350530558496,-0.031786911613479164,0.47210394307020065,0.009629158738716805,-2.2384297106853301e-13,-2.2151234297350386e-13
29.7800,-0.442919765610612,-0.021774620715046773,0.24768262412732897,0.00914260378713371,-0.05197584879635957,-0.015434835097057025,-0.13203612189588354,0.04626753112931452,0.20364357861537977,-0.005117756791704673,-0.0160908869983194,-0.025735794152901385,0.003633387685151396,-6.15514430771537e-10,1.104721955654514e-09,-0.019432077120604487,0.04747859453695176,0.6094072791806356,0.0008872963156301551,-1.158888794389884e-13,-1.1394510823162923e-13
29.8000,-0.4459013072913898,-0.02083879867188662,0.25116378834469927,0.0003165636859331754,-0.07603901383267264,-0.014933254923998968,-0.1404645535801566,0.045135557583683844,0.17750809063435982,-0.004833689020981076,-0.014403967275105149,-0.015291146964581592,0.0036154197244828564,-6.155157779090128e-10,1.10472064820005e-09,0.048849175862642515,0.12087790236946795,0.5718509073003502,-0.001978201230441508,-1.9174359365894955e-14,-1.7645908741365304e-14
29.8200,-0.4488821051347598,-0.019886431477204477,0.2538134511728706,-0.008538846851792785,-0.09972660038861704,-0.01418445398505347,-0.13506584168267716,0.044833952881405084,0.13278888369490988,-0.0030156246018620916,-0.011237263072146009,0.000797235265300123,0.003538021607887486,-6.155152720056025e-10,1.1047211806046245e-09,0.1357442227355355,0.20422986350853536,0.9644606820273967,-0.005861958969992901,6.864445806480796e-14,6.989744341049514e-14
29.8400,-0.45151935539206695,-0.018921355611555488,0.25542401051282826,-0.0174680001428628,-0.11992153920876075,-0.0132185528965118,-0.11802734218580233,0.04542165335610857,0.08286035533988223,0.0005331406616918666,-0.006339857284154252,0.019932096270960053,0.003390806210518798,-6.155127116867564e-10,1.104723765306798e-09,0.18966842058449032,0.24992320063456117,0.842159037622368,-0.007687745675950647,1.713570691591615e-13,1.7244522866957657e-13
29.8600,-0.4536129404810438,-0.01794680404287803,0.2562107721950044,-0.026510053220005443,-0.13493501266252775,-0.012105260179309773,-0.09282167737497424,0.04647380226016811,0.04835018509037986,0.0052057860582965946,-0.00043211893329141046,0.03382815929892903,0.003230278441760829,-6.155073860892358e-10,1.104729119154724e-09,0.34542141323173003,0.4206053000226707,0.44408535487327094,-0.00798261712275817,3.985855157213891e-13,4.006632265546317e-13
29.8800,-0.4551042776111581,-0.016961907267574763,0.25684846933538963,-0.035716209662505286,-0.14437326873245596,-0.010921634801397205,-0.06158340444463552,0.047317444853486004,0.03894517925291496,0.009895434350285282,0.005481057735500587,0.04273818217980634,0.003094044704076893,-6.15499458822374e-10,1.1047370755023277e-09,0.18010052134183646,0.2365582423313686,0.3755922389695991,-0.006854618044873868,3.7828182426757895e-13,3.792172196918908e-13
29.9000,-0.45583014552119,-0.01597184630626084,0.2571236941477329,-0.045100926861069604,-0.14685055098989286,-0.009782661784985878,-0.02512270696476937,0.04871579897895209,0.014122382656500196,0.01172912287670941,0.008167055071152599,0.049046572158372374,0.002934635191443835,-6.154900751052093e-10,1.1047464824021747e-09,0.02350881487344443,0.05254460016171416,0.2369474780240851,-0.00936241665157035,4.696181052539494e-13,4.705587048486892e-13
29.9200,-0.4557661416838058,-0.014978996520676184,0.2570487335232922,-0.05468526399796764,-0.1421766934698057,-0.008800156355620991,0.0110501100513684,0.05018587300044462,-0.005994046094092284,0.012335660536634669,0.009610544683536533,0.04933268620121133,0.00268557612755645,-6.154775661722466e-10,1.1047590197858498e-09,-0.02841101207038514,0.00662705490975843,-0.09411112574418813,-0.014638813846185619,5.799054812738458e-13,5.809045735757912e-13
29.9400,-0.45496479104899923,-0.013990908009821458,0.2565463468687035,-0.06443638086240025,-0.13077438414190717,-0.008080363797263212,0.04372344442122835,0.051840609728664167,-0.03488930178157926,0.011347815368895868,0.008178223084238096,0.04491280937065072,0.0023857116135787278,-6.15470734820163e-10,1.1047658796635566e-09,-0.012443591592704896,-0.09752129883319077,-0.3910494042830033,-0.01430694044273583,1.7454294303290152e-13,1.7685402838377162e-13
29.9600,-0.45361138974166876,-0.013035904075905878,0.2557940734962365,-0.07410281623250384,-0.11421295141130186,-0.007699960193958479,0.06780108561786195,0.051155235302914825,-0.04662700972042875,0.011129440888278845,0.004914003535819395,0.034575185574128094,0.002144744206615165,-6.154797522768306e-10,1.1047568982115483e-09,-0.09191601280554115,-0.32044260029111893,-0.507844584548799,-0.009636271049110237,-9.884038032481612e-13,-9.87002146679572e-13
29.9800,-0.45180509390262574,-0.012157688489490767,0.25422988251375117,-0.08330735171008814,-0.09325595860562577,-0.007738952220678638,0.08529201826240985,0.05141048416208469,-0.09595981329578189,0.008478225875773415,-0.00324255413344807,0.02253867101485137,0.0019410910248168606,-6.155100465855585e-10,1.1047266363237177e-09,-0.13025554832684944,-0.40390206591405065,-0.6637913144989451,-0.009893412563007128,-1.859910446141977e-12,-1.858230149615059e-12
30.0000,-0.44975040844590053,-0.011389928083130474,0.2516296142721327,-0.09171948620327738,-0.06965647027921414,-0.00818608384700946,0.0929214661155165,0.05102858683997967,-0.1463139619862847,0.006108223058138533,-0.010780434352124519,0.008415751641825134,0.0017674923537724628,-6.155531431260009e-10,1.1046835755697538e-09,-0.12213107354792485,-0.37931879559691567,-0.9089382687829876,-0.011853031901562193,-2.4565987265245948e-12,-2.4537559484283378e-12
