t,x,y,z,roll,pitch,yaw,vx,vy,vz,left_aileron_joint_pos,right_aileron_joint_pos,elevator_joint_pos,rudder_joint_pos,left_propeller_joint_pos,right_propeller_joint_pos,left_aileron_joint_vel,right_aileron_joint_vel,elevator_joint_vel,rudder_joint_vel,left_propeller_joint_vel,right_propeller_joint_vel
0.0000,-9.795518425671501e-05,1.0876999098203642e-09,0.2892662578159538,-1.7780144466377645e-08,-0.0014893826410656919,-8.98692265028464e-10,-0.007317060691333572,8.139300745827224e-08,-0.052766204040943884,0.005999213271734789,0.005999455373322304,-0.0021096765132441087,-2.3679920519930854e-08,-7.998564701891894e-10,1.4359694218347353e-09,0.5182179765731236,0.5182380604940594,-0.1441808894169121,-1.959009678452656e-06,-8.562308780285348e-16,1.5201835829644489e-15
0.0200,-0.0003685912316159102,4.14998355141537e-09,0.28721592406428365,-6.867370886075154e-08,-0.005611225901454977,-3.139327751112956e-09,-0.0164186999934753,1.8692972257237568e-07,-0.11438834065705465,0.011850533364698608,0.01185097494085623,-0.0025842589549027297,-4.1524135013626763e-08,-7.998564817571702e-10,1.435969442174587e-09,0.25652487317729955,0.2565326753701671,0.02671968186825035,-6.099267261635718e-07,-3.7523543681497744e-16,6.430914481153432e-16
0.0400,-0.0008188920017732746,9.337252178740825e-09,0.28420600668997525,-1.5566542619125956e-07,-0.012424376235426884,-6.297079858148315e-09,-0.026121590169757992,3.0384523849615696e-07,-0.16606472539847528,0.015495655601016558,0.015496203432787218,-0.001903486785171563,-4.876625327992028e-08,-7.998564928323639e-10,1.4359694616192867e-09,0.15668007435843387,0.15668344588651126,0.07983406346632382,-8.87768050303385e-08,-4.2654101652355846e-16,7.290507868224329e-16
0.0600,-0.0014468043475124306,1.6698661459446775e-08,0.2803749634357587,-2.79035438545479e-07,-0.021763321559291022,-9.593117475718963e-09,-0.03789959170974381,4.4877781362242086e-07,-0.19466562355266462,0.019158909498117018,0.019159527818081366,0.0005664674315900482,-4.732014685167048e-08,-7.998565142798148e-10,1.435969499125228e-09,0.19063588280397134,0.19064113012786846,0.05106556257724863,-1.8526919476673603e-07,-5.252621771304551e-16,8.94778818062486e-16
0.0800,-0.002291013905653695,2.6688082781101283e-08,0.27626840612945586,-4.449298408690594e-07,-0.034006833047762225,-1.2128035063561474e-08,-0.05131611792337748,6.159007796913819e-07,-0.20646580387410332,0.021435354233489197,0.021436008990506645,0.0023896336212945856,-4.294514271164314e-08,-7.998565313626045e-10,1.4359695289127124e-09,0.13543917269544367,0.13544009915643884,0.18990692656130845,4.303292599058628e-07,-5.751462767348658e-16,9.792416613100142e-16
0.1000,-0.003342870736759003,3.941356324076356e-08,0.27202460420792524,-6.530987614820254e-07,-0.048768196972817375,-1.2297553085689923e-08,-0.06465196224139838,7.967686588380094e-07,-0.21240575135902465,0.02269786339260571,0.022698505583525985,0.0052097528682664325,-3.173795559734351e-08,-7.998565481674212e-10,1.4359695581594676e-09,0.13670663433285218,0.13670891758757556,0.1444429438579222,4.067032291137696e-07,-1.1542164335978872e-15,2.0285710638405854e-15
0.1200,-0.004612772218458412,5.5303846009668266e-08,0.26808747624929274,-9.0789251973203e-07,-0.06592413404188165,-8.185059473490164e-09,-0.07781241508381702,9.929043827030099e-07,-0.1863313881627788,0.025666746649554484,0.02566742205906149,0.009240341257538861,-1.8702587546715056e-08,-7.998565696686987e-10,1.4359695955658322e-09,0.04738652445097701,0.047383532672773225,0.2492460276954356,1.0897612849869148e-06,-6.696354489790432e-16,1.1306985638173716e-15
0.1400,-0.006047881003691144,7.440113482855887e-08,0.2646300066720227,-1.2084640016489826e-06,-0.08453044124228873,2.539423758307551e-09,-0.08618453325962114,1.175346140059636e-06,-0.1598012772224453,0.027895699183932005,0.02789633629907082,0.016046331343705013,4.658813245975248e-09,-7.99856588532101e-10,1.4359696282350633e-09,0.23907039970912644,0.23907227551000748,0.42531994227944114,1.1213552999570057e-06,-1.1732725573287408e-15,2.047363760324843e-15
0.1600,-0.0075172127073939304,9.654923754856285e-08,0.2618689238505672,-1.5521433154858499e-06,-0.10270850066367312,2.205862882093454e-08,-0.0850278032714605,1.3221250399328549e-06,-0.12219861058647105,0.03141063654855467,0.031411172330259016,0.029206572400243637,4.428867572448039e-08,-7.998566065795774e-10,1.435969658823474e-09,0.11066035542579604,0.11065031130729347,0.7801998147175733,2.4482976853544014e-06,-6.713061155883839e-16,1.0989053939004182e-15
0.1800,-0.008836440636316242,1.213132291235372e-07,0.2599568585591291,-1.934464267436007e-06,-0.11808259348400668,5.1303247016150743e-08,-0.07218923625778821,1.410160030282602e-06,-0.07545571267672042,0.03542912966405169,0.03542957673799954,0.0429876534503233,8.415824524266626e-08,-7.998566238671844e-10,1.4359696880725234e-09,0.19326914543150078,0.19326442004312408,0.6851813578752133,2.0739049615684902e-06,-6.361872825622734e-16,1.0221483270114176e-15
0.2000,-0.009868761632551378,1.4836507255394072e-07,0.25922257448145547,-2.356423136414855e-06,-0.12919827151749208,8.986987157510839e-08,-0.049530864239646734,1.4139984737746813e-06,-0.014538144351228877,0.038886315134351306,0.038886703847455496,0.05406373680745963,1.2055220289597353e-07,-7.99856641414479e-10,1.435969717635924e-09,0.04866865293212491,0.04866194553061561,0.47087095899644404,1.8934599531162835e-06,-5.860173093381643e-16,9.301710309723228e-16
0.2200,-0.010500699206157003,1.769253512009654e-07,0.2596238364970793,-2.816071957876163e-06,-0.13503997713034177,1.35537332051742e-07,-0.021259451971006087,1.3363702249923478e-06,0.0429031880210672,0.03992039254490538,0.03992074009666784,0.05941037272187977,1.4617025903827475e-07,-7.99856658992115e-10,1.4359697475365435e-09,0.04378912745972552,0.04379086291906578,0.07118453779205756,7.567734538406156e-07,-1.0121857372440493e-15,1.7600707251651552e-15
0.2400,-0.010714178451459472,2.0648254337631378e-07,0.2613182459315084,-3.31877272238497e-06,-0.1358937161056663,1.859396553800141e-07,0.00815075369077441,1.168067912262011e-06,0.0984389918479862,0.03833239842156305,0.03833273247664817,0.05803125782973333,1.569706044745525e-07,-7.998566756043069e-10,1.4359697760636458e-09,-0.1529735802979671,-0.15297442557844834,-0.2133810284989467,1.897760256031909e-07,-9.479759811609634e-16,1.666912135801996e-15
0.2600,-0.010502659822584005,2.358217308480478e-07,0.2638576132913813,-3.861435549524103e-06,-0.1320498613480179,2.3728513147521775e-07,0.03335468265096038,9.647804801333048e-07,0.1307757005197812,0.03312721558496605,0.03312750411165495,0.05072784904588176,1.5264062008215732e-07,-7.998566914445862e-10,1.4359698035830235e-09,-0.2794520443052615,-0.2794523666861497,-0.4885209589071866,-7.431656790690777e-07,-8.974102317922499e-16,1.6079698658596478e-15
0.2800,-0.009911685986264376,2.6383890059717145e-07,0.2666007789656291,-4.43922914811477e-06,-0.12416843612480598,2.8561766958259477e-07,0.05058419231951259,8.076091689576325e-07,0.1309373716132425,0.02593801883165364,0.02593823429212428,0.04030456421462675,1.3391881041128862e-07,-7.998567033894674e-10,1.4359698244432315e-09,-0.38586170906932127,-0.3858639341784338,-0.6376634511726005,-1.4377208087824648e-06,-3.827864179023943e-16,6.228580544669245e-16
0.3000,-0.009074470679376966,2.9047012967667135e-07,0.26926879039912655,-5.055692471625337e-06,-0.11381627726273064,3.2954179588719784e-07,0.058940511914074,6.772567748784424e-07,0.12792450966447683,0.018913404948784247,0.018913653317153133,0.025752360552061822,9.523381813110662e-08,-7.998567174722395e-10,1.4359698499206998e-09,-0.3558458961167922,-0.3558435697612241,-0.7703986833185045,-2.162569095453177e-06,-8.738245993759539e-16,1.6266837882798106e-15
0.3200,-0.008138957083522955,3.159312288565506e-07,0.27164240837352904,-5.715445578835002e-06,-0.10276171405595813,3.69834321083945e-07,0.05878694915260972,6.441243740696816e-07,0.10794054663554942,0.011159253421472042,0.011159531878462258,0.00973719628531926,4.834836959469097e-08,-7.998567312928488e-10,1.4359698751850663e-09,-0.4373905844709254,-0.4373945678515032,-0.7061398738026322,-2.0261536648420005e-06,-3.76582272140671e-16,6.37834761644683e-16
0.3400,-0.0072201025715734595,3.405410048675677e-07,0.27329474193682973,-6.417168408261285e-06,-0.09229112263329164,4.079842823898825e-07,0.051562154170888455,7.641753953187933e-07,0.07235260245152406,0.004743284454082501,0.0047435893076146025,-0.003537327192536949,5.853450522252177e-09,-7.998567442876929e-10,1.4359698992476173e-09,-0.32850785288630685,-0.3285078106367391,-0.6436119733385126,-2.0516191649390784e-06,-4.004566898524215e-16,6.825162790079393e-16
0.3600,-0.006456183517571838,3.658394765162416e-07,0.27441887439636803,-7.171371958987349e-06,-0.08410108810453164,4.494798856027854e-07,0.03991128851712339,9.309684196038469e-07,0.048161253501549865,0.0006167697464758773,0.0006171817307553672,-0.014880988775562654,-3.1429974908833486e-08,-7.998567598241451e-10,1.4359699284929388e-09,-0.19429796226257384,-0.19429563482163256,-0.4266095958949105,-1.2276468947211236e-06,-9.018915654788171e-16,1.7286210271083135e-15
0.3800,-0.005857467691999717,3.92131933212736e-07,0.27457562894561105,-7.970194970108927e-06,-0.07820271933984196,4.958580667678747e-07,0.027205439535496194,1.3665401799734474e-06,-0.004930139133555366,-0.003679381686122788,-0.003679044387405865,-0.019963547071439432,-4.207608380001154e-08,-7.998567720073222e-10,1.4359699507130482e-09,-0.22011288492428444,-0.22012125940914543,-0.12338757940184927,3.592661551136752e-08,-4.643129155591471e-16,7.958770276795873e-16
0.4000,-0.005429118337537562,4.2072606298809505e-07,0.27357923100511006,-8.808715857849252e-06,-0.0744501875324131,5.489619950022158e-07,0.01436060221317681,2.023205861992992e-06,-0.06515598346475197,-0.0059473520651522815,-0.005947102034718695,-0.020960301627424224,-3.7388397360363545e-08,-7.998567849623069e-10,1.4359699742848252e-09,-0.006954149533438554,-0.006953894828016255,0.001007116433541581,3.85265679820654e-07,-5.356756001839995e-16,9.242485766051208e-16
0.4200,-0.005212913294532698,4.542404419294303e-07,0.27191252773959435,-9.697347655147597e-06,-0.07324448833848861,6.139201132013922e-07,0.001496947447355725,2.583599809953831e-06,-0.08816360155072742,-0.0041288708759761915,-0.0041285144855542025,-0.020111806845649335,-2.3952163092235903e-08,-7.998568003082917e-10,1.435970002801694e-09,0.006253710543966355,0.006249774533571206,0.15680814545492744,1.426785271047866e-06,-5.776110367322574e-16,1.008736407324593e-15
0.4400,-0.005202833376186936,4.942038339677718e-07,0.2698551253577979,-1.0642568523558738e-05,-0.07443199030916785,6.936646885008633e-07,-0.009940222074312655,3.1380410255192692e-06,-0.09927665540665433,-0.0012664907172762517,-0.001266007223024262,-0.016877297757326527,5.5803608394435585e-09,-7.99856817165547e-10,1.4359700349853432e-09,0.1788295542952256,0.17883793283466543,0.19159602352384858,1.8463187390908508e-06,-1.0467563281950495e-15,2.0793566182591115e-15
0.4600,-0.0053975020570723176,5.419260953778963e-07,0.26791823649505925,-1.1659078685622462e-05,-0.07800029975921664,7.922795056122391e-07,-0.019203416507718583,3.577001071332436e-06,-0.09539961675176949,0.0018922805846141395,0.0018928852387072497,-0.012054320507948642,5.2182029894015565e-08,-7.998568339939993e-10,1.435970067641629e-09,0.14246649232085876,0.14247087658743515,0.27853700310664475,2.6874017435034166e-06,-1.039875667806266e-15,2.1062274679613333e-15
0.4800,-0.0057523754947838525,5.97432487293692e-07,0.2662565770485812,-1.2752931086333965e-05,-0.08335720309856655,9.102795387449683e-07,-0.025850337594680084,3.827634360300889e-06,-0.07491530565267472,0.004894470133473236,0.004895205323894186,-0.00740205624200841,1.0057372099086073e-07,-7.998568492802979e-10,1.4359700983094432e-09,0.22393678714024864,0.22394947082827496,0.25416622428126023,2.9473214661599913e-06,-1.0096556498306007e-15,2.0851198304322298e-15
0.5000,-0.006202042530620946,6.597797290856885e-07,0.2648860216259131,-1.3926801179281289e-05,-0.08966927595307339,1.0454579934917892e-06,-0.028793062523089517,4.106907659880066e-06,-0.06543614668066837,0.00712527103470165,0.007126017889624285,0.0002222964430406437,1.8136379621967128e-07,-7.998568671716387e-10,1.4359701345064367e-09,0.1426048553858923,0.14260931246434236,0.3399937350846365,3.690382919513382e-06,-9.858034137941564e-16,2.104907790629511e-15
0.5200,-0.0066673728864939255,7.280090393044369e-07,0.26381105615683037,-1.5182710546675778e-05,-0.09589630145785111,1.1927247490597988e-06,-0.027537961525496542,4.269041109568273e-06,-0.0523752217716977,0.008996763569831605,0.008997495665641213,0.00763002996941832,2.615916237389479e-07,-7.99856881547612e-10,1.4359701643671568e-09,0.02670138886864356,0.026693612843887344,0.4022151522898314,4.138631867843109e-06,-5.523683961128952e-16,1.1084260442275565e-15
0.5400,-0.0070646211864916555,8.009603016696154e-07,0.2629340488956655,-1.6519057854375162e-05,-0.10093205002878658,1.3440203420677566e-06,-0.022663319152391427,4.308753316355108e-06,-0.03515838188903776,0.011256426052367327,0.01125720274939017,0.014368980676751266,3.4066246158145356e-07,-7.99856897336883e-10,1.435970198789161e-09,0.18446975258051698,0.18448241381412617,0.22796242907468883,3.4210566638464152e-06,-9.197799484127623e-16,2.1055731350095794e-15
0.5600,-0.007386477403004097,8.786440927225314e-07,0.26275778958712837,-1.795833738881252e-05,-0.10481942278348297,1.4999588887119947e-06,-0.014764235159798078,3.946218440316356e-06,-0.00016097355126026158,0.013305088506267144,0.013306005030524166,0.01795338599083743,3.996409655949539e-07,-7.998569106125895e-10,1.4359702291087662e-09,0.07416064180408531,0.0741668566625988,0.16112348076906569,2.9797427070548518e-06,-8.697183954059018e-16,2.070994709003817e-15
0.5800,-0.007561943375627803,9.580819095154129e-07,0.2629470448328536,-1.9494601832065517e-05,-0.106777132924688,1.6508638682620203e-06,-0.005329835258448141,3.7354337898311108e-06,0.013556323802390729,0.012940915439986295,0.012941797548421246,0.020666653113688763,4.504312904622432e-07,-7.998569238599663e-10,1.4359702602489732e-09,-0.019913003599427315,-0.019912134571891674,0.05647442747530121,1.7093907568483116e-06,-8.380045289486352e-16,2.0813357107403712e-15
0.6000,-0.007567360881207276,1.0379402328260162e-06,0.2633029833827852,-2.1126594109205507e-05,-0.10654229782884522,1.7904000114013962e-06,0.00388024911994468,3.5511549901991616e-06,0.021690815170926754,0.01177517255518949,0.011776022953334075,0.02067872272936609,4.7015303181358086e-07,-7.998569354965077e-10,1.4359702884501468e-09,-0.1332307943213695,-0.13324011075014483,-0.027943911204622075,4.297949617158024e-07,-4.44488585884693e-16,1.047916551574551e-15
0.6200,-0.007441893575044469,1.1184613651629843e-06,0.263995700696229,-2.286982145749791e-05,-0.10468753911384067,1.9215697554475574e-06,0.011750962996883833,3.115908747633195e-06,0.04042575422151121,0.01108203029406559,0.011083021927277177,0.01769037582793197,4.63056392164412e-07,-7.998569488386148e-10,1.4359703227714475e-09,-0.02376676441117779,-0.02375505781120496,-0.21551609476451586,-8.598973604477724e-07,-7.734454776539253e-16,2.0694882609071253e-15
0.6400,-0.007228698490356917,1.198906130398503e-06,0.2650930047176195,-2.47387791534467e-05,-0.1019052313849543,2.0496073908512615e-06,0.017541374804167106,2.5811611001935444e-06,0.05804067762086372,0.009399644039179686,0.009400780307314081,0.012710638993630572,4.3462499071458146e-07,-7.998569620969043e-10,1.435970358330279e-09,-0.07029496797161151,-0.07028403856334736,-0.28210707156120557,-1.827234270349646e-06,-7.293041555527804e-16,2.0352270487401097e-15
0.6600,-0.006950092228217927,1.2776699131730256e-06,0.2663315657543201,-2.6733628996696213e-05,-0.09856842407799658,2.176290343954126e-06,0.02064908172272565,2.343478765352008e-06,0.05820889609968555,0.0062101775530227785,0.006211286873417422,0.007575995834742449,3.90610698709811e-07,-7.998569733309539e-10,1.435970389214308e-09,-0.13420145708662148,-0.13419858611236993,-0.28058970431629965,-2.604857958314754e-06,-7.097968808983954e-16,2.0473629132918957e-15
0.6800,-0.006628695255049035,1.354413224572774e-06,0.26735753071441154,-2.8847395346450913e-05,-0.09493447597029972,2.302819907620079e-06,0.020782256995173522,2.4164123964306323e-06,0.0487985994541475,0.0032236784049612275,0.0032247531442483827,0.0025448944757232857,3.370993058443793e-07,-7.998569837465143e-10,1.4359704183843086e-09,-0.10563471354532626,-0.10562927396101503,-0.28632874700658706,-2.860376113374529e-06,-6.998093036590831e-16,2.071463965256596e-15
0.7000,-0.006337011549055711,1.4315134847576538e-06,0.2683539881221894,-3.109961955566436e-05,-0.0919479646930079,2.444040978856503e-06,0.01849360091994781,2.463451266958868e-06,0.044029848823595466,0.0010100576419707799,0.0010112047403657756,-0.002706657597013622,2.849018389776203e-07,-7.998569948769342e-10,1.4359704504781448e-09,-0.18493104401809876,-0.1849417611518036,-0.1941093817099135,-2.406709472153169e-06,-3.6482037263509777e-16,9.258044702501085e-16
0.7200,-0.006083884674769062,1.5092439299239894e-06,0.2689911265886598,-3.348081833235776e-05,-0.08967429411694276,2.6017861144797565e-06,0.014367886126656598,3.010865604001187e-06,0.02643593016713782,-0.0012881362978343456,-0.0012870238934340327,-0.006439850292854807,2.432856080549638e-07,-7.998570056566984e-10,1.4359704820383391e-09,-0.11584010086413679,-0.11584514114925526,-0.14540809197816312,-1.6240763964541276e-06,-3.716046300865719e-16,9.427010834819373e-16
0.7400,-0.005893247401279837,1.590301435695879e-06,0.2692117992989687,-3.599351048895386e-05,-0.08833638591757026,2.7825954559295975e-06,0.0090657406521334,3.819080643796517e-06,0.008270013698700205,-0.002575314760060681,-0.0025741925032484133,-0.00875593698167337,2.2209895173989846e-07,-7.9985701647422e-10,1.4359705145414872e-09,0.01738335307130113,0.017396140868424493,-0.1127661745698378,-2.70445902798945e-07,-3.7664272911728126e-16,9.647055171439463e-16
0.7600,-0.005814729317027785,1.678826321175885e-06,0.2694155645997485,-3.866973516674248e-05,-0.08857743177936606,3.0044052239636927e-06,0.0034448021741048905,4.195648126788107e-06,0.008128226675961997,-0.002195969361948914,-0.0021946213198493856,-0.010019140284198461,2.371751002416888e-07,-7.998570273960471e-10,1.4359705493846923e-09,-0.06421164761141901,-0.06421929775744364,0.026752081927407474,1.5355833734568293e-06,-3.6245879183859357e-16,9.69160910446504e-16
0.7800,-0.005811507760096094,1.7742311158692646e-06,0.2693136252596986,-4.1498198788333465e-05,-0.08986781332724604,3.2605926994135105e-06,-0.0014861408519756775,5.254480123749224e-06,-0.009429864187036865,-0.002644830740579897,-0.002643540665801203,-0.0088356553429554,2.8250223447822347e-07,-7.998570374761622e-10,1.4359705826914545e-09,0.056519616952310156,0.05653008217992161,0.06376898968843348,2.9853326857846578e-06,-6.08874069903348e-16,2.241518958428579e-15
0.8000,-0.005870188129105738,1.8787851638641119e-06,0.2689526020110497,-4.4487052950457146e-05,-0.09195045278675636,3.550413942810308e-06,-0.005454529347078813,6.345279458382578e-06,-0.022696349200770696,-0.0022816191884261097,-0.002280348838110346,-0.0064257467875041205,3.5824663220972004e-07,-7.998570465074811e-10,1.4359706131676247e-09,-0.0951584229175625,-0.09518837817119306,0.21459183562013948,4.1787160255400414e-06,-3.610165064876563e-16,1.077356663964032e-15
0.8200,-0.005968372027278772,1.995029367107078e-06,0.26837579843702225,-4.764384351246602e-05,-0.0944254710400041,3.868997463646635e-06,-0.008176457156307769,7.146000563014544e-06,-0.023684833775244444,-0.0003219602287144026,-0.00032044304809617175,-0.003630035273503266,4.5991680520403955e-07,-7.998570563148807e-10,1.4359706512840182e-09,0.11845025984387698,0.11846761209295006,0.138640123930334,5.944838331523517e-06,-3.2940100173138955e-16,1.076249168385497e-15
0.8400,-0.00610642224799261,2.1251190887457714e-06,0.26794422360934356,-5.100494176221922e-05,-0.09730454335051347,4.221595112552128e-06,-0.009075347997092736,7.433318248314857e-06,-0.013723908605950737,0.002003733031071216,0.002005611729088525,-0.0006519221858556628,5.866980744276142e-07,-7.998570653377944e-10,1.435970691245484e-09,0.21981350539261113,0.2198604980937539,0.08820717217429393,7.136038996440605e-06,-4.707780004081839e-16,2.3619772079235078e-15
0.8600,-0.006279206765053177,2.2684963088475006e-06,0.2679967075783053,-5.46146484199351e-05,-0.10062402058435542,4.6144243172514056e-06,-0.007915891301138796,6.8833453549140136e-06,0.008417411236506257,0.004003141084502415,0.004005429332276359,0.0021018701297844814,7.293689563728877e-07,-7.998570729214924e-10,1.4359707307911756e-09,0.023316689177099576,0.023320093010530826,0.16389789458495882,6.937356085180972e-06,-3.965709262068924e-16,2.3809397345136898e-15
0.8800,-0.006428048805882189,2.4191932964651544e-06,0.2683042980147977,-5.847288885408503e-05,-0.10371676352520791,5.029256248222674e-06,-0.005021937187954224,6.857326819321313e-06,0.012636069558848412,0.004068325954753446,0.004070619634737228,0.00514801436740571,8.596007818725151e-07,-7.998570789246645e-10,1.4359707676731877e-09,-0.09173080372680219,-0.09175723621340408,0.18586455859361656,5.540577985585259e-06,-2.0003381851591787e-16,1.063946226584865e-15
0.9000,-0.006476682039158323,2.572843023234373e-06,0.26830572580003637,-6.253903804192248e-05,-0.10551570292555464,5.428846452445066e-06,-0.0015220025915598306,7.863235804999705e-06,-0.001545694824055943,0.003063817834569301,0.0030657791585663335,0.00799194151528943,9.527668449134581e-07,-7.998570838781114e-10,1.435970800749839e-09,-0.03610805015316412,-0.03612179786904474,0.10803321989367883,4.049553330187128e-06,-1.9351433826979953e-16,1.1286843194688008e-15
0.9200,-0.0064281741750783425,2.7329919541454395e-06,0.2680796560097501,-6.682612857412516e-05,-0.10596108968436187,5.807875701144251e-06,0.0021171958781556195,9.041482119842713e-06,-0.014493418782972122,0.0027650104270005253,0.002766827431644481,0.0093884488012463,1.0189329990517531e-06,-7.998570884669889e-10,1.4359708353304384e-09,0.03190306065704691,0.031911486936771746,0.018034692766812143,2.824183120537644e-06,-2.69276697311148e-16,2.613809420504631e-15
0.9400,-0.006308636131286444,2.903916902565933e-06,0.26785344544143935,-7.136704739709341e-05,-0.10534235530839403,6.1743163813692025e-06,0.005614493233565474,9.497854950836129e-06,-0.012291612854025904,0.0032270020461771234,0.0032290079857753536,0.009158538925441558,1.0650025694939753e-06,-7.998570925786508e-10,1.4359708724585629e-09,-0.035898508278564785,-0.035905283532400877,-0.004424947300487024,1.2881021824511624e-06,-2.2012390477757298e-16,2.6950521621240536e-15
0.9600,-0.006121541879916034,3.0861875590033916e-06,0.2675692934502668,-7.616974627672538e-05,-0.10367930946682738,6.5242514763067505e-06,0.008483114492781729,1.0198834784255045e-05,-0.012753404036542963,0.003550242240568278,0.0035525475770897754,0.007864928431666925,1.0812016705774874e-06,-7.998570963056534e-10,1.4359709166760987e-09,0.13182737392349012,0.13188862106571642,-0.1553017878720176,1.0154198923360421e-06,-1.5783394886943899e-16,2.7335091519952934e-15
0.9800,-0.005931534552197996,3.2841244638449077e-06,0.26771601325464395,-8.131394189031994e-05,-0.10190236552527361,6.896494334330163e-06,0.01071568816282854,9.172723391605355e-06,0.009998978630461746,0.004347120311308825,0.004350122481677315,0.005300660338216493,1.0875581839214727e-06,-7.99857098593775e-10,1.4359709597979217e-09,-0.01518522345958607,-0.015163964835329518,-0.12395079189160785,-3.2374745903490127e-07,-1.0566252943519666e-16,1.2394997341339496e-15
1.0000,-0.005719140198631698,3.4906091141887637e-06,0.2679459199059602,-8.678528338608721e-05,-0.09984781274532062,7.279061953332412e-06,0.011948576681575647,9.609237176543215e-06,0.008359079028490023,0.002766427756642455,0.0027693984982962013,0.0033111283487339506,1.0569644987012302e-06,-7.998571001848519e-10,1.4359710002895786e-09,-0.09580605393281517,-0.09581459701506245,-0.09890946384093863,-2.2202039337730464e-06,-9.24742926208962e-17,1.2754687764808667e-15
1.0200,-0.0054842154293497005,3.705151930669067e-06,0.26800089897833224,-9.257038296463737e-05,-0.09748153970192798,7.667078422853885e-06,0.011838394084731177,1.0766990753491328e-05,0.0001930015541882195,0.001000338569464427,0.0010031528004272885,0.0012828217900069214,1.0029579145544637e-06,-7.998571012235034e-10,1.4359710420576195e-09,0.02185734755110146,0.021894306099840673,-0.1574828302862708,-2.1023364307374154e-06,7.379312986171287e-18,2.8888270424344727e-15
1.0400,-0.005250539864736908,3.931912752294436e-06,0.2678587385665258,-9.868205593502557e-05,-0.09506812156340264,8.073181198597819e-06,0.01055497188720554,1.2576996676408058e-05,-0.011906067831760916,-0.0003509813130273071,-0.00034823328222467233,-0.0008605203880580697,9.488073177136843e-07,-7.99857101908929e-10,1.4359710849763055e-09,0.030218491806508548,0.030255043822437367,-0.1384289658520737,-1.6293667763429314e-06,5.730480967151781e-17,2.9905573934656086e-15
1.0600,-0.005058108674323937,4.177710673060581e-06,0.2677138205298876,-0.00010516730959910597,-0.09311803909896443,8.528696018610938e-06,0.008321031884572831,1.3339725931034921e-05,-0.008654955703450202,-0.0005112464880758272,-0.0005081147927739651,-0.002992905551911579,9.298370927520505e-07,-7.998571014799256e-10,1.4359711307307674e-09,0.011309122456156642,0.011337011260026996,-0.09740649679783248,-1.8564968712518922e-07,1.243165639790107e-16,3.0585084940767168e-15
1.0800,-0.004919597531309118,4.443716298257887e-06,0.267587523949634,-0.0001120538078697509,-0.09183091688527784,9.049438131462428e-06,0.005644435664308232,1.4428725362298763e-05,-0.008671627568180696,-0.0007132645049861906,-0.0007098115997152258,-0.004320198394497082,9.415258418732419e-07,-7.99857099986757e-10,1.4359711760331504e-09,0.02992158595031204,0.029957409295583565,-0.07013438374876396,1.6346857364722765e-06,1.9648583572788602e-16,3.120681135921656e-15
1.1000,-0.004829897263667124,4.731148949674637e-06,0.2673735884870316,-0.00011934689766200791,-0.09112529017022014,9.635813357682355e-06,0.002709466899486329,1.5435170333851838e-05,-0.0060144356890552125,-0.0004986820051074152,-0.0004947816875343434,-0.0050755679877847555,9.913804240778697e-07,-7.998570971976414e-10,1.4359712259235365e-09,0.09949329855423729,0.09956316166215287,-0.06951601422148909,4.931141453084225e-06,2.83113509900139e-16,3.1846664282737195e-15
1.1200,-0.0048055848068059084,5.042294866599765e-06,0.26727437163852685,-0.00012710986362422374,-0.09127416483460629,1.0314020546812242e-05,0.00015159909007362804,1.6733386622697613e-05,-0.007588968682890884,-0.0007687840802386828,-0.0007647188962833021,-0.004851332688255564,1.087190049754187e-06,-7.998570934839352e-10,1.4359712732341447e-09,-0.003363820349560399,-0.003353477736157802,0.02748988166463969,5.5886815808808415e-06,5.682318541422004e-17,1.508765578835461e-15
1.1400,-0.004806743662423983,5.374051598557984e-06,0.26696226048142524,-0.00013530769278248878,-0.09170964862187579,1.1049496081035553e-05,-0.002003255879614908,1.928313131827236e-05,-0.017920683927320068,-0.001211628225052934,-0.0012076959098887919,-0.003683116023692216,1.208774749999632e-06,-7.998570887666906e-10,1.435971320804519e-09,0.05846524536009728,0.058501224864722444,0.033542413369024505,7.851309815894232e-06,4.722305560336067e-16,3.4245889340999737e-15
1.1600,-0.004846360688625473,5.734588792294748e-06,0.2666695856673222,-0.00014400754079693567,-0.092574776037017,1.1862603580295396e-05,-0.0037075591338895054,1.9955094583398044e-05,-0.01037803932460657,-0.00018923221569819559,-0.0001846816279838503,-0.002731142643256809,1.3910202734786836e-06,-7.998570816896372e-10,1.4359713737430165e-09,0.038095994310844504,0.03812045568773567,0.06175090805248802,1.0134163142791882e-05,5.945231083153736e-16,3.534374568459498e-15
1.1800,-0.004921732693577259,6.124079484542071e-06,0.26654343625480864,-0.00015327477573883025,-0.0938773886831735,1.2762793910436677e-05,-0.00449030400891692,2.0308242704930998e-05,-0.002755480156904373,0.0009033855545630996,0.0009086911700187858,-0.0015641035398643909,1.6149037156931823e-06,-7.998570716132201e-10,1.4359714319822136e-09,0.08768569457686792,0.08774935234430144,0.040798703227661576,1.2585958972757024e-05,7.298862789457809e-16,3.616608762143682e-15
1.2000,-0.0049974708940569365,6.53544870969699e-06,0.26641071730076676,-0.00016310941344871172,-0.0951754639833621,1.3716424219009161e-05,-0.004300006326820542,2.2493562648800234e-05,-0.010461191723758142,0.0003709042668539742,0.00037589881260140153,0.000496179700854105,1.8278285694248282e-06,-7.998570624404899e-10,1.4359714804630683e-09,-0.06526733733163992,-0.06531534349065507,0.12558208383148017,9.422863750032362e-06,3.045929948930872e-16,1.7916159261868e-15
1.2200,-0.00504735059994571,6.969667507278362e-06,0.2661271232204778,-0.000173505109643474,-0.09606399423052052,1.4689061110600327e-05,-0.003640923545154723,2.4860956147854752e-05,-0.016422358716198987,0.0006244920495102556,0.0006295920206031505,0.002172142561089387,2.0460967790411527e-06,-7.998570487638394e-10,1.4359715415390194e-09,0.15022306862111112,0.15033221539864305,-0.0006289705109057063,1.2712643035023556e-05,9.972800749547418e-16,3.934025041764811e-15
1.2400,-0.005082597454947681,7.4349835107291536e-06,0.2658978699440331,-0.0001845408393300009,-0.09666502268996864,1.5696549020886896e-05,-0.0025799336989321873,2.486732453744406e-05,-0.005879362139397918,0.001741141897182781,0.0017470802996376604,0.0028371230347172724,2.258335592502771e-06,-7.998570341952067e-10,1.4359715991750659e-09,0.12513792584773306,0.12524353124482532,-0.015010038175050804,1.2798351266238593e-05,1.1441248830642995e-15,4.064903490576862e-15
1.2600,-0.0051157782617633,7.930546378235587e-06,0.2659543880966489,-0.0001963271149656842,-0.09722627118487699,1.6767632465543927e-05,-0.000936368287254046,2.460236065669811e-05,0.002149249014087416,0.0022453339111440447,0.002251988281175248,0.0032554794866085975,2.470087189265799e-06,-7.998570161384764e-10,1.435971662275197e-09,0.03644008688420184,0.03649185669832543,0.0035549784056405362,9.739832470663588e-06,1.3045787577791552e-15,4.203931243374447e-15
1.2800,-0.005133072320652846,8.449000266848853e-06,0.26620865771343594,-0.00020889889535485106,-0.09761945239034961,1.7889502278381557e-05,0.0008253479432956736,2.309174259374776e-05,0.015003891498641814,0.0025187023935422715,0.0025261602141347012,0.003172488065392342,2.6457422109662164e-06,-7.998569949181488e-10,1.4359717292616842e-09,-0.028126335474739212,-0.028118208692791944,0.0023930230656039825,7.149927290969798e-06,6.053262724037734e-16,2.0028191446616866e-15
1.3000,-0.00513116462145701,8.98394807812876e-06,0.26662740167618537,-0.00022230614664559193,-0.09786176545405986,1.9063906010123384e-05,0.002573539551356312,2.2331210435486755e-05,0.02058099543582212,0.002092302293467018,0.002100154915952625,0.0028509026712474797,2.772666626412144e-06,-7.998569713667244e-10,1.4359717977763891e-09,-0.048941741251222845,-0.04894538759478026,-0.010882768537704993,4.359303028680438e-06,1.6157236054588136e-15,4.4488169387551374e-15
1.3200,-0.005095498898494477,9.529475257690844e-06,0.26700497619842994,-0.00023654032946661928,-0.0977663609916567,2.026445876721546e-05,0.003927520507237805,2.3155260438306146e-05,0.018162716926937654,0.0012244300700677301,0.0012322787728786275,0.0023993441123276163,2.837093897896616e-06,-7.998569464600882e-10,1.4359718661376228e-09,-0.0041529074990553855,-0.004114072886302492,-0.050344722215992,3.342343542850005e-06,1.7641481300150006e-15,4.590777119616116e-15
1.3400,-0.005031324716601543,1.008816764492414e-05,0.26729291861017906,-0.0002516338858696948,-0.09738693803197583,2.1495927088443117e-05,0.00477643145261587,2.5568116647794183e-05,0.009701826279077248,0.0001727653084045424,0.00018034047185945903,0.0018287799276883703,2.864133459240841e-06,-7.998569216121878e-10,1.4359719315873717e-09,-0.05361808347946209,-0.053638482645674466,-0.02801578313508226,3.8235212542785435e-07,7.721928218040546e-16,2.1568292162303052e-15
1.3600,-0.004950304256641125,1.0670046577522885e-05,0.26748090102984257,-0.0002676287934322232,-0.09682456504344222,2.277411023072506e-05,0.004961392408668494,2.6814511409665634e-05,0.00973843090960307,1.4382385068466172e-05,2.243968736590268e-05,0.0008836877749462296,2.895538682271937e-06,-7.998568952353654e-10,1.4359719976497648e-09,-0.01209058743993978,-0.012066822067824279,-0.051447123199522014,2.157057707771011e-06,2.063425199070679e-15,4.923568741295806e-15
1.3800,-0.004857184931316039,1.1278290443790864e-05,0.26752300591049893,-0.00028455599776190904,-0.09612629300032509,2.4104724238076274e-05,0.004751141452374569,3.101173003131979e-05,-0.0012203961468915457,-0.0007908360604425456,-0.0007829327812525547,0.00015919729177026013,2.9300213957759246e-06,-7.998568644931096e-10,1.4359720724390352e-09,-0.11950952094602338,-0.11962392888640538,0.017924913570271452,-1.0282261703969053e-06,9.083541092290122e-16,2.3490442853683555e-15
1.4000,-0.0047523271532895015,1.1924094066956105e-05,0.2673144631213013,-0.0003024126477182556,-0.09521518268788556,2.5477219539395076e-05,0.004002572469789416,3.646337226848837e-05,-0.012300970546154272,-0.001153070752527645,-0.001145166611138487,-0.00035058279655558093,2.9777686145918956e-06,-7.9985683141233e-10,1.4359721494478127e-09,0.07457700601162208,0.07468998527321993,-0.06807432289100766,6.829681188300954e-06,2.4396348825936765e-15,5.372752854323603e-15
1.4200,-0.00466988784729051,1.2625169637352537e-05,0.26713906158217665,-0.00032136659884804365,-0.09454124260213667,2.6977143794083173e-05,0.0030722985860863914,3.994701304722067e-05,-0.01437208137285391,-0.0010614016263391058,-0.0010528684095570786,-0.0009288632970026519,3.1093256686611007e-06,-7.998567985959385e-10,1.4359722231473645e-09,-0.13459829051057173,-0.13476089078415554,0.05659955292389229,1.6446234514762031e-06,1.0815507476023617e-15,2.595319538299017e-15
1.4400,-0.004574808556251253,1.3377542406542513e-05,0.26660999571044575,-0.00034128893300410684,-0.09356501757396861,2.8505088955983827e-05,0.0019645870453961823,4.870503093629411e-05,-0.030993886297899342,-0.0017317557556734038,-0.0017239909140382597,-0.0006279495762026175,3.2198857400828727e-06,-7.998567643642447e-10,1.4359722984659376e-09,-0.009266849346822635,-0.009282794213123486,0.012731228432865177,6.858646409163234e-06,2.911982805630037e-15,5.95989576456955e-15
1.4600,-0.004504945248712968,1.4212097617538624e-05,0.2660763017073012,-0.00036238084103867814,-0.0927442868358871,3.0161559713679628e-05,0.0007094318300402099,5.216557538547899e-05,-0.026567118393193423,-0.0005915119903736618,-0.0005819666453938452,-0.0010451988934701334,3.470584000356472e-06,-7.998567214146762e-10,1.4359723873657636e-09,-0.009271974122553407,-0.009275588019102382,0.017343395190389597,1.189507198036469e-05,1.3343725064241148e-15,2.9205844252094045e-15
1.4800,-0.004448620122617376,1.5128693809563348e-05,0.265455820622976,-0.00038467117022442587,-0.09191841114695574,3.1918364868801956e-05,-0.0003192672185810312,5.841699609744729e-05,-0.030258286257279186,-0.0003531535651898442,-0.0003429395152223324,-0.0007628355812340354,3.729890896440899e-06,-7.998566770665898e-10,1.4359724755518016e-09,0.029383569480810126,0.029444297082602187,0.0078011785413464214,1.5244353382399704e-05,1.5098836623258366e-15,3.1313190227062228e-15
1.5000,-0.004420429258673638,1.6139560632592592e-05,0.26493412172146147,-0.00040833196242824225,-0.09129463589863522,3.383252786917121e-05,-0.001185785994439651,6.1537667126189e-05,-0.024437715699496543,0.00045125387813471467,0.00046318248602320467,-0.0007085066974325795,4.079595680837959e-06,-7.998566244049146e-10,1.435972575052932e-09,0.06688045123349944,0.06702080900593611,-0.012015024616476829,2.029385648889113e-05,3.810282422016904e-15,6.8608592995755315e-15
1.5200,-0.004408764869603241,1.7236139924259752e-05,0.26445882690065003,-0.0004334230293392204,-0.0907535489103323,3.588238074972305e-05,-0.0016706789961059491,6.699426347941224e-05,-0.026394290809907923,0.00026465734725447226,0.00027685822842780884,-0.0001576079321707738,4.420672043004427e-06,-7.998565731413948e-10,1.4359726689887968e-09,-0.003670471197572662,-0.0036498516872323543,0.02808844565491784,1.6381422376190292e-05,4.157656986432997e-15,7.244008724035383e-15
1.5400,-0.004426419291794377,1.84298657905586e-05,0.264196292304926,-0.00046014208739666784,-0.09048498083147948,3.813198413669025e-05,-0.0021864980768132912,6.390179716244868e-05,-0.006196604822365785,0.0016754148474876869,0.0016910467129595535,-0.0005107078364696265,4.86833306550573e-06,-7.998565029951218e-10,1.4359727900852316e-09,0.07300764562900292,0.0732079577820636,-0.029123785135735828,2.5527300910452156e-05,2.061221642858397e-15,3.636065532458587e-15
1.5600,-0.0044829988810299445,1.970350726867262e-05,0.2643313374807132,-0.0004887563167576181,-0.09075114038908091,4.066433984608258e-05,-0.0021391529432414555,6.090829892710099e-05,0.007004638640198129,0.0017281020676125707,0.0017454792772597688,-0.0004765974861599992,5.314750612288623e-06,-7.998564320234662e-10,1.435972907595941e-09,-0.047047903532892975,-0.047053098894546404,0.028173381501722567,1.7596636019045887e-05,4.873181292362489e-15,7.840450361976288e-15
1.5800,-0.00452990130876698,2.101665094498209e-05,0.2644186773855371,-0.0005191131699064762,-0.09093977550343811,4.331161955991784e-05,-0.001841879674500452,6.615067188307551e-05,-0.0002329080891814301,0.0004177813254251434,0.0004340348359421485,0.0002373978731743686,5.611510439368907e-06,-7.998563634448017e-10,1.4359730184273813e-09,-0.02966372679963923,-0.02966340648468316,0.02008305509234164,1.427270985976867e-05,5.241222190142166e-15,8.230077047383794e-15
1.6000,-0.004594101160378073,2.2396844973637904e-05,0.26471381420186313,-0.0005515097850813422,-0.09140923032147304,4.620392751632598e-05,-0.0018395033078102724,5.8365058278940614e-05,0.021656753350642717,0.0016653237535671267,0.0016858781099695621,-0.0004935281796758233,6.0719355301869836e-06,-7.998562696301769e-10,1.4359731637574454e-09,0.05054251381897437,0.05075773377867011,-0.040925547499121834,2.6264776983456376e-05,2.5645862183573155e-15,4.00808875563978e-15
1.6200,-0.004655131939261693,2.3810849951531795e-05,0.2650547912056429,-0.0005859821380643672,-0.09196069651240842,4.9282251904166444e-05,-0.001391985217984428,6.151034994652949e-05,0.016914033365823263,0.00043141994024308976,0.0004509467858941196,-3.7248223880662185e-05,6.391675884862243e-06,-7.998561907193311e-10,1.435973283557686e-09,-0.04620032901638876,-0.04622914697538151,0.01823168899723904,1.4961098358241151e-05,6.025211322165276e-15,8.93753590558953e-15
1.6400,-0.004717033087467791,2.5266278460483257e-05,0.2654698733222282,-0.0006226947394115479,-0.09265114237308658,5.258447873388901e-05,-0.0010497824537741072,6.163961945285064e-05,0.018680214205063873,0.00013551593303464854,0.0001561019805632969,-6.949027419020492e-05,6.783989511023717e-06,-7.998560905716642e-10,1.4359734311990392e-09,-0.014165186199098926,-0.014119997144894494,0.0023924651268220154,1.7556914884366923e-05,6.453729525345963e-15,9.335773527938823e-15
1.6600,-0.004766382363333459,2.675724422055334e-05,0.26582000014898943,-0.0006616693690854852,-0.0932947853895343,5.6055881635491654e-05,-0.0007611501052385572,6.414701394554061e-05,0.016967994097492202,-0.00013623772655753792,-0.00011496308105733022,-1.9123226845811707e-05,7.131131208224488e-06,-7.998559968630569e-10,1.4359735665648994e-09,0.00400645893838322,0.004086183759945859,-0.006184625005742632,2.0470433542027103e-05,3.0674413035384606e-15,4.48801338838933e-15
1.6800,-0.004830248220271125,2.8308738769990913e-05,0.26637434069927507,-0.000703308352201719,-0.09427852036053982,5.987190464888368e-05,-0.0004874916463466228,5.7273118284010305e-05,0.030376427814650414,0.0006136084196473077,0.0006387774469553364,-0.0005597677510740329,7.667396477849227e-06,-7.998558788493002e-10,1.435973732364282e-09,-0.024016903414485903,-0.023981605605351817,0.0036381307801695594,2.4122208208593386e-05,3.2263468020257355e-15,4.571128496338658e-15
1.7000,-0.004872679888995037,2.987957218311073e-05,0.26679979264121517,-0.000747461260516705,-0.0951445163513175,6.385257721784844e-05,2.705367836125028e-06,6.55840402754285e-05,0.01812843951579203,-0.0005208419698410667,-0.0004975050166034375,6.362932902692896e-06,8.052549619115197e-06,-7.998557749314654e-10,1.4359738766941661e-09,-0.052471714292314925,-0.05257321188236938,0.02972587284626336,1.8159146138936354e-05,3.3952693121472397e-15,4.7676951972432276e-15
1.7200,-0.004869220746836124,3.148507974126203e-05,0.26681205345623166,-0.0007939257814626018,-0.09545723536674923,6.781095795780866e-05,0.00025986644315952463,8.373688706499223e-05,-0.003178876365485017,-0.0016167816534232067,-0.0015963999787845283,0.0008361139299122315,8.359497613697558e-06,-7.998556632461812e-10,1.4359740301277923e-09,0.1049846915474276,0.10533203334714726,-0.03779077502887631,2.9178817559340923e-05,8.380045924761062e-15,1.1280640795931739e-14
1.7400,-0.004877069797301352,3.3216765174903557e-05,0.2669538089337217,-0.0008434035574726263,-0.09593662804383093,7.210979509371084e-05,0.00035407761020539387,8.09773004020158e-05,0.00835745478999398,-0.00016430498450950223,-0.0001384578278706775,0.0002481890849794236,9.022067291959588e-06,-7.998555382728427e-10,1.4359741978770363e-09,-0.06921944266322706,-0.06941082440400007,0.04452164104750777,2.4023089699923254e-05,3.920311578348764e-15,5.331236381446881e-15
1.7600,-0.004871265997773752,3.5044961527770015e-05,0.2670159876132967,-0.0008958455326999631,-0.09626414502960716,7.660017961664462e-05,0.0006515010448197833,8.950662311418583e-05,0.003873347067340003,-0.0003043342038747101,-0.00027790947575755245,0.0005785655142405003,9.623449040645964e-06,-7.998554008737344e-10,1.4359743796505704e-09,-0.08568469399586995,-0.08595488430709773,0.056149343644722245,2.106516211876542e-05,4.218730603028874e-15,5.65097861354117e-15
1.7800,-0.0048470481711717665,3.698437408785975e-05,0.2669491144667777,-0.0009513448702795222,-0.09634051394223478,8.123819638855358e-05,0.0009593876778298514,0.00010370023451193141,-0.005760589074324813,-0.0005769658378298099,-0.0005507809682163432,0.0009620820381792994,1.0145011844042835e-05,-7.998552678790559e-10,1.4359745531820476e-09,-0.005658549338766827,-0.005647764958314728,0.016557360875630735,2.7614937174201894e-05,1.0244079144531605e-14,1.3170117191371906e-14
1.8000,-0.004802086058485827,3.906407345775117e-05,0.26671239393163526,-0.001009975056854939,-0.09607449171562671,8.597885244367589e-05,0.0011223546264814547,0.00011808630128037883,-0.012046697445676338,-0.00038184994869351683,-0.0003544902794170475,0.0011194356653796654,1.0733828846353146e-05,-7.99855114702762e-10,1.4359747506120944e-09,0.1334716466528657,0.13405623344683942,-0.06098615919108724,4.6437989031336805e-05,1.0950380955731392e-14,1.3879769864911032e-14
1.8200,-0.004754904133548581,4.132779837665168e-05,0.26648118182242814,-0.001072135408640246,-0.09569321259357472,9.096633279785755e-05,0.001263117729766647,0.0001267140719466334,-0.010563712334142102,0.0002077984551886038,0.00023853773996767382,0.0009270364211057819,1.1444506703630928e-05,-7.998549502159111e-10,1.4359749595451478e-09,0.1259243392432267,0.12655046192821431,-0.06439742370479219,4.981472634977279e-05,1.1720925133782735e-14,1.465248414137324e-14
1.8400,-0.004717485194963385,4.3785632250661705e-05,0.2663859485177972,-0.0011382644618180343,-0.09539115806225684,9.63371180870341e-05,0.001480078652686697,0.00013212014230314187,-0.006784350176286069,0.0003951584476995136,0.0004287943483777896,0.00074382130903562,1.2178484081669118e-05,-7.998547810605094e-10,1.4359751713500274e-09,-0.03478241076342302,-0.03483325729494663,0.013613081911005992,2.8316237731554323e-05,5.621244368960755e-15,7.11071538429071e-15
1.8600,-0.00468906956128098,4.642645476198559e-05,0.2664213100732352,-0.0012086471860416788,-0.09519313539129341,0.00010212835566143843,0.0016535391419186356,0.00013316785210169363,0.0002888756163158153,0.0006741397138781075,0.000712058153053593,0.00035388242454645146,1.2938044224697786e-05,-7.998545794521702e-10,1.4359754195950383e-09,-0.0171362899249776,-0.017059887935879467,-0.00459171543977426,3.207532551278489e-05,1.3404526783260956e-14,1.6325563947580668e-14
1.8800,-0.004654241513039476,4.922369881369055e-05,0.26641978655778653,-0.0012832863297826626,-0.09490287280080423,0.00010821095996420857,0.0017353047763571262,0.00014125238973678237,0.0005283415460054161,0.00028421437704434814,0.0003232486608234119,0.00025294246997428245,1.3550230706086189e-05,-7.998543790293453e-10,1.435975663903091e-09,0.000972169630623958,0.0011342762411020344,-0.016067895833941095,3.280406237319518e-05,1.427340640429084e-14,1.7198797317959438e-14
1.9000,-0.004615215863936504,5.21878707561923e-05,0.26637371361096385,-0.0013624211524537887,-0.09454820744007746,0.00011461452571165174,0.0017138864509898704,0.00015705147019725744,-0.005348611070987422,-0.0002997709890438922,-0.00026094436173053424,0.00023472930011227968,1.4119080369789245e-05,-7.998541738366513e-10,1.4359759116759813e-09,0.005101231009707196,0.0052587612413566584,-0.014470853355895978,3.0917038445886945e-05,1.5216536933477035e-14,1.8165698979777378e-14
1.9200,-0.004576310022944881,5.535075649702238e-05,0.2662875711563379,-0.0014463095584972213,-0.09416293150324247,0.00012138754185903869,0.0014749190563113337,0.00016904882907284243,-0.006136470254430848,-0.00027299524104027736,-0.00023137467796148728,-5.672068123517347e-05,1.4813812121775423e-05,-7.998539465908404e-10,1.435976183217754e-09,0.018523431838238746,0.01876399305009767,-0.021189434809540535,3.872905994319098e-05,1.6207406239570482e-14,1.915906872713112e-14
1.9400,-0.004550987926021551,5.8738121094632076e-05,0.2662820349144891,-0.0015354947633410732,-0.09394602149994774,0.00012872610905639877,0.0012107352298026189,0.0001782728755979902,-0.005007077432143562,-0.00020563220475729258,-0.0001604131323243634,-0.0003621030934771093,1.566395283046784e-05,-7.998536956994839e-10,1.4359764795896403e-09,0.04332546254233081,0.043759115752299974,-0.029195357490760916,4.703663325185035e-05,1.7230655921171567e-14,2.016648228075034e-14
1.9600,-0.0045341781355728965,6.234896628837834e-05,0.26629669883660995,-0.0016301926973018345,-0.0938328189107337,0.0001366088632624588,0.0008356039516177139,0.00018117171911445008,0.001189331655403991,0.0001136936971751683,0.00016421707236139084,-0.000708398109393972,1.6602955787110852e-05,-7.9985344659726e-10,1.4359767711880424e-09,-0.034935629248152474,-0.034981581375899407,0.009705025263648016,4.3047816828889076e-05,8.177461054766251e-15,9.645145535659878e-15
1.9800,-0.0045363483797200175,6.619817055085891e-05,0.26644112021475685,-0.0017310330794575593,-0.09399581438865788,0.0001452461246957302,0.0004838405818971373,0.00017711589643156506,0.01090905351593641,0.00048185144791347876,0.0005390054926155866,-0.0010389015798870456,1.775292095089242e-05,-7.998531421957349e-10,1.4359771235177206e-09,0.04842663643438466,0.04900549641953872,-0.03272046722377386,7.007794089388223e-05,1.9374869005168993e-14,2.225258551643433e-14
2.0000,-0.0045527646117356655,7.024121026126098e-05,0.26669644910755597,-0.00183842614660637,-0.09442863714477943,0.00015467456367972553,0.00035804807675219696,0.00018190730609934035,0.01232721683317596,9.93039068911461e-05,0.0001588534232401368,-0.0009640029918614355,1.9003302765427683e-05,-7.998528333643969e-10,1.4359774779565367e-09,-0.06279631341445403,-0.0630343150276411,0.032351905997784695,4.707625303333663e-05,2.0789512282905556e-14,2.3671470735170744e-14
2.0200,-0.004560166588394816,7.444245968680283e-05,0.2668347177818344,-0.001952210904087288,-0.09480648287306222,0.0001645847013835215,0.0002671914196611772,0.00020459125930529157,0.0038368898675511373,-0.0006469346629231095,-0.0005891559263666378,-0.0005097323505115274,2.0060866539724088e-05,-7.998525375339998e-10,1.4359778152582091e-09,-0.09967242445924454,-0.10032041824596859,0.06026367764818588,3.6771418680197775e-05,9.789888219752588e-15,1.1232602169361158e-14
2.0400,-0.0045425250771031316,7.885388979832592e-05,0.26667261805442477,-0.002072156173462977,-0.09482634815541556,0.0001746572097939195,9.36796069531232e-06,0.0002375551239440276,-0.0059452621367206936,-0.0008960292646947108,-0.0008388397030365629,-5.1848101701137545e-05,2.1149288702219917e-05,-7.998522193273759e-10,1.4359781761422763e-09,0.021215350766635367,0.021448047431789564,0.0035871305186338928,7.378968068983168e-05,1.0431615627185496e-14,1.1901094123861408e-14
2.0600,-0.004523024171239197,8.359649692189375e-05,0.26644493358554544,-0.002199188513956095,-0.09476519358716873,0.00018525620390506256,-0.00015366749661554281,0.00026964988083629806,-0.01305217828912523,-0.0007445003339447586,-0.0006850133829225825,0.0002623973598038906,2.2601405344364342e-05,-7.998518792249586e-10,1.4359785592609603e-09,0.05435420330325166,0.05488830935437411,-0.006782868619367131,8.872046402475885e-05,2.5192514903609603e-14,2.8155022801026885e-14
2.0800,-0.004521765889986003,8.876572457850368e-05,0.2663743407686856,-0.002334410408997453,-0.09488928906012183,0.0001968017556973882,-0.00028540942032835896,0.0002616912010675079,0.001044025877646611,0.0007011176201517696,0.000776399559684636,-0.00015282344332747592,2.472673742002546e-05,-7.998514593438557e-10,1.4359790276705614e-09,0.057331448751184455,0.05809597085033506,-0.019876352973444682,0.00011618458826103672,1.1920863872850324e-14,1.3360702992635913e-14
2.1000,-0.004538481981200242,9.429347782519498e-05,0.2665255243902952,-0.0024786885454853792,-0.09527956708483637,0.0002094576000329529,-4.000040287463126e-05,0.00025796861642874206,0.009130053269516518,0.0010102272555834442,0.001094190513321835,-0.00014060543343225737,2.6808231016864507e-05,-7.998510280155412e-10,1.4359795051565148e-09,0.008840464247477304,0.009256092280006145,4.002076347103889e-05,0.00010401670690653018,1.261679122451214e-14,1.4023028547280152e-14
2.1200,-0.004549476267413029,0.00010008626258054169,0.2666926196102082,-0.0026319778369599902,-0.09564429374228273,0.00022284749466227488,0.0003185413815252715,0.00026663906454312155,0.01057210189004829,0.000618750759975793,0.0007048893769071793,0.0001626383890513336,2.855457370494036e-05,-7.998505849556694e-10,1.4359799927362928e-09,0.040923602280624215,0.0416885160674891,-0.020557689971140464,0.00010723506853506072,3.022025175675874e-14,3.308582520369224e-14
2.1400,-0.004578176900556077,0.00010619718299943903,0.2671228690927426,-0.0027958397462688593,-0.09634543502351955,0.00023761872172771352,0.0007669036608822347,0.0002431480431348392,0.023788883386694097,0.0010855770600223546,0.001185392676065631,-0.0002198987214326046,3.088018122596866e-05,-7.998500542517403e-10,1.435980572482341e-09,-0.06386409199256941,-0.064146610376167,0.022806174928212727,8.498838093825859e-05,1.4011923945341648e-14,1.5348975616977928e-14
2.1600,-0.004586413995153163,0.00011245413729019656,0.26745598389187064,-0.0029696440206905734,-0.0968982697420029,0.0002530039018799757,0.001316849938256304,0.00027239200122803313,0.014510063546020543,4.4053253359847906e-05,0.00013908414918899117,0.00021878586837888905,3.224601862095651e-05,-7.998495926627959e-10,1.4359810745438336e-09,-0.0023097597030980336,-0.0019853971288495333,-0.005054388379365007,8.668616382103171e-05,1.4644554218921045e-14,1.5986012155948942e-14
2.1800,-0.004577093473891707,0.00011895751552804279,0.26768175359845897,-0.0031538740646427695,-0.09729070724349541,0.00026903758865461905,0.0016052559433408474,0.0002875673197214375,0.013741643367889137,-0.00018765871575202747,-8.999498671075118e-05,0.00026890217827929937,3.374699077035246e-05,-7.998490842181369e-10,1.435981625223066e-09,0.0994487443759999,0.10104008822277051,-0.05897615338682363,0.0001300093549013454,3.5766989413613115e-14,3.858327909554357e-14
2.2000,-0.004584403475766033,0.00012583113096058065,0.26813858875833935,-0.003350710209860875,-0.09801820074059649,0.00028673637643640787,0.001960556568246453,0.0002649598373299513,0.025005843447542208,0.0006157830424266381,0.0007326213316272812,-0.0003806853590631902,3.6350883942489696e-05,-7.998484358517564e-10,1.4359823232385166e-09,0.03430080728468579,0.03526783161772555,-0.03111261238782581,0.00013289384330018763,3.792671336494066e-14,4.068556066052012e-14
2.2200,-0.004564055753245804,0.00013287417309782736,0.26839749107288813,-0.0035590073572849086,-0.09849157485572103,0.0003049636198713201,0.0023346482474840414,0.0003169447039248043,0.011038648120449895,-0.0006578041488574431,-0.0005516111265759673,0.00022082540148686,3.780013444127969e-05,-7.998478960682369e-10,1.435982902794383e-09,0.03207028810779544,0.03283798054682674,-0.018079617236746427,0.00010777643117791563,4.0428889348711333e-14,4.323973091472505e-14
2.2400,-0.00455021238614056,0.00014033186501888068,0.26876219617448327,-0.0037809087931530367,-0.09914056385124546,0.0003247436528208914,0.002556848943511744,0.00030060190679020483,0.020770488662643537,0.00017044084455781634,0.0002960136596902011,-0.0003271388845244027,4.0357808492420636e-05,-7.998472538720918e-10,1.4359835888411937e-09,-0.051474519221898954,-0.051853512694092864,0.018680042551125632,0.00011018389072090163,1.768095218845911e-14,1.8950339480136927e-14
2.2600,-0.00452512730344825,0.00014810609089176922,0.2690715985086433,-0.004016471836028285,-0.09974390875782152,0.0003456461773257128,0.0028417635595891963,0.00032892527645728115,0.016359114286837017,-0.0003387600605714932,-0.0002130812569681417,-8.990117365365251e-05,4.269379758947172e-05,-7.998465606713462e-10,1.4359843269115041e-09,-0.04766890799896673,-0.04809435514224485,0.024954294332242364,0.00010339445759721702,1.8660864276346875e-14,1.9936201127446207e-14
2.2800,-0.004490049015128012,0.00015626631809184644,0.26932770519121296,-0.004266507476984847,-0.1002986986148259,0.00036774877836980946,0.0030815613892535413,0.00036285698672826685,0.011797684158230527,-0.0005350861163562134,-0.0004056666112469358,4.882040612555957e-05,4.5168965279158964e-05,-7.998458459480792e-10,1.4359850851622052e-09,-0.024146023380094476,-0.024244994337704117,0.016474673779897368,0.0001191508524994859,1.9622941238497255e-14,2.08954049538395e-14
2.3000,-0.004444790200643314,0.00016489168191358237,0.26952081085411395,-0.004531781609627606,-0.10077671855318864,0.0003910709397010275,0.003259495319886048,0.00039162031806344946,0.010349508829757641,-0.0005087394636075554,-0.000372839161264247,0.00012862403730841515,4.777296623016582e-05,-7.998451083426477e-10,1.4359858651248811e-09,0.04493544543694757,0.046105729970145254,-0.01839573079328596,0.00016675879812920702,5.093776962727947e-14,5.371793504807543e-14
2.3200,-0.004396425870741172,0.00017404648782903484,0.2697296986584062,-0.0048137195464076936,-0.10127890199713864,0.00041597008598302175,0.0035357847285835834,0.000433918842486793,0.005577729057633678,-0.0006541068722839431,-0.0005130019006036056,0.00030522679017430546,5.112209796348287e-05,-7.998442324000526e-10,1.4359867884236894e-09,0.010906376066831636,0.01145410908714669,0.004524835027863289,0.00014886125311857796,5.4518259210486336e-14,5.730993072683779e-14
2.3400,-0.004326309207494114,0.0001837252229422471,0.2697644483193369,-0.005111963770563895,-0.1015142073913174,0.00044168530829550163,0.003715494080969142,0.0005066436231116173,-0.003784113656957333,-0.0011031852013351463,-0.0009662123757550457,0.000730859955993908,5.387795689846203e-05,-7.998434428536256e-10,1.4359876188423259e-09,-0.010409659749774123,-0.010485347534743793,0.020715026039353712,0.0001313856290253951,5.808516916148282e-14,6.092249914182307e-14
2.3600,-0.004220536783541301,0.00019409030595199842,0.2694515570806713,-0.005425784815142956,-0.10119113156012527,0.00046734373429385483,0.003632905875491396,0.0006119046011190057,-0.015157945879864432,-0.0011054737210535865,-0.0009694024240902022,0.0010574647218746587,5.648025688700094e-05,-7.998426576613105e-10,1.4359884435316549e-09,0.06247930610742543,0.06382527699354411,-0.02082288821436619,0.00019891410144050716,6.162189085823916e-14,6.450380865292288e-14
2.3800,-0.004107742309979252,0.00020550364255526857,0.2690546412756827,-0.005757697809207374,-0.10064455276884295,0.0004940305555594463,0.003608669044925105,0.0007212130529276464,-0.025059932725444285,-0.0011045495113062216,-0.0009686464119891472,0.0013059645617111665,5.983432912916294e-05,-7.998418331403002e-10,1.4359893079308713e-09,-0.0438967263291037,-0.04502501635628899,0.0420000393429695,0.00011891147804302884,6.60996729356586e-14,6.905547910839721e-14
2.4000,-0.004003284136924937,0.00021823143418323151,0.26871294719772626,-0.006109751792554737,-0.10004589480505464,0.0005224492754885001,0.003478005953663867,0.0007381576418084931,-0.014458813968718176,0.0003763514912994956,0.0005518816138287398,0.0006742968949040405,6.454291165378426e-05,-7.998407115138641e-10,1.4359904788736188e-09,0.06195667529502672,0.06397106965304461,-0.032651369688337074,0.0002536598360784772,7.015301696760429e-14,7.305427421853972e-14
2.4200,-0.0038884447787946278,0.00023207077089729865,0.2682663148934772,-0.0064818532103977046,-0.09917307906212816,0.0005517305604766806,0.0034732947114987354,0.0008736508455701132,-0.026800464275916973,-0.00035414827360173885,-0.00019012361534272826,0.0011228731657108965,6.765513137277795e-05,-7.99839801038559e-10,1.435991428723295e-09,-0.03276655227239838,-0.03339192806473744,0.020886921171593784,0.00013743725664647005,3.198421481007477e-14,3.346282262785619e-14
2.4400,-0.003762952526334126,0.00024727469857793743,0.2676631516605549,-0.00687433628826127,-0.0979471687653535,0.0005816006657814256,0.003196534321741746,0.000979356169354044,-0.029787303415488332,-0.00014922278783054848,2.492881132631342e-05,0.0010196168605400078,7.106883948038303e-05,-7.998387338266681e-10,1.4359925395561089e-09,0.007491783147146887,0.007996302065869935,-0.009529274379488936,0.00018445608868382992,3.471685151813439e-14,3.623730276351017e-14
2.4600,-0.0036637691051426154,0.00026415414340606513,0.2672591465060978,-0.0072918473355627475,-0.09689722491314125,0.0006142706280333023,0.0029318636601208745,0.001014735633279945,-0.021979810126503345,0.00045634592281018063,0.0006616744919415341,0.00043210349320288417,7.582024352459525e-05,-7.99837415922888e-10,1.4359939068339209e-09,0.017627110603666625,0.01896323872237259,-0.02128046111108994,0.00020363901932616817,8.562914917062403e-14,8.862814724740903e-14
2.4800,-0.0035720828573529407,0.00028248162150455014,0.26686408917839416,-0.007734234596928549,-0.0957987545526784,0.0006488207585507124,0.0025592915578913898,0.0010754105612624733,-0.018581042253111225,0.0005225691853087315,0.0007463223579454583,9.053441946977184e-05,7.954076572695961e-05,-7.998362307955132e-10,1.4359951342017034e-09,-0.04498812362399685,-0.045503680287828696,0.0035909433270632854,0.00015972427627298304,4.041425261938278e-14,4.194581016076296e-14
2.5000,-0.0034734351416526132,0.00030221331537231064,0.26629833244176887,-0.008200895174722415,-0.0944362512310252,0.0006842320311216718,0.002041448420650542,0.0012292810592188371,-0.02736821798686176,-0.00017704829102008603,3.7927443761507295e-05,0.0001732806614544139,8.224959764183129e-05,-7.998350215837188e-10,1.435996385334771e-09,-0.023650622799729883,-0.023838203738995103,-0.004917232449561625,0.00016162716706063165,4.373550268688478e-14,4.533355570275621e-14
2.5200,-0.003401916243156938,0.00032382888003976287,0.26586036112570466,-0.008696543648077162,-0.09326541735597849,0.0007228429978742819,0.0013293136178723192,0.001277731962059985,-0.02056618536100451,0.00037191905957843004,0.0006236882627873665,-0.00048171333953536937,8.69466494653825e-05,-7.998335086852291e-10,1.435997946129247e-09,0.034279986890367355,0.036604668247673194,-0.03755756555929403,0.0002642007811182286,4.7042190563957587e-14,4.8622327138928695e-14
2.5400,-0.003377721998985931,0.0003473200500919286,0.2657653808913474,-0.009226224823240118,-0.09264721990263243,0.000766746016152539,0.000622846868241152,0.0012137158968138818,-0.0024515857649585237,0.0011012916284362277,0.0014103289537749756,-0.0013539165989719514,9.3307248097735e-05,-7.998317896333264e-10,1.4359997149779592e-09,-0.0079461167465602,-0.006458800191152751,-0.018739501321339173,0.0002772013195090104,1.0946396512747508e-13,1.1245255486340422e-13
2.5600,-0.003364115325674672,0.00037201243805751915,0.2656631409906021,-0.009788199218179711,-0.09214771061287473,0.0008137069336620241,5.925396708420035e-05,0.0013110986469115546,-0.006481796979686295,9.672584242809311e-05,0.0004000533654686781,-0.001206136546942514,9.77629298956134e-05,-7.998301472449863e-10,1.4360014029279845e-09,-0.04237502552800881,-0.04267762033478241,0.00775266827611528,0.00021331025095678067,5.340680290588998e-14,5.4957943849010676e-14
2.5800,-0.0033903245891415902,0.0003983013368478054,0.26582804004646005,-0.010388435821120081,-0.09218742221896405,0.0008665757851782304,-0.0007308914066034698,0.0011803289975687384,0.015307024860073192,0.001041331504799411,0.0014165453609517639,-0.002039225159201547,0.00010527734678865014,-7.99828206713016e-10,1.4360033923346912e-09,-0.03858357835580572,-0.03822863941825228,-0.00043961300353344247,0.000349079675229423,5.540198562501569e-14,5.686523842952929e-14
2.6000,-0.0034420459003746237,0.0004255680257917309,0.26616421460023787,-0.01102881031313959,-0.0926748142547056,0.0009250792953903489,-0.0011254218202916416,0.001184039025735617,0.01763322243556368,0.0003132769822148937,0.000696987351510821,-0.0019152352261750346,0.00011204673331968605,-7.998262370406999e-10,1.4360054085434107e-09,-0.007004916989139805,-0.005370753393939929,-0.003355879825017256,0.000372503799679544,1.295661982651103e-13,1.3246741485846425e-13
2.6200,-0.0035099456218898695,0.00045362016702755917,0.2665946832749617,-0.011711184053566004,-0.09351541553071893,0.0009890728027102664,-0.0014342669106298975,0.0011703113841431542,0.020959691860624744,-0.00014342204559274302,0.0002547102032884022,-0.0017654074561101866,0.000119334767731226,-7.998243022158342e-10,1.4360073863021472e-09,-0.05964299292457141,-0.06081292978875593,0.03311133244365276,0.000332275851354517,1.3698848370762018e-13,1.3987595803843789e-13
2.6400,-0.00357062841814262,0.00048220907577555016,0.26690672140660293,-0.012434833958817539,-0.09439039961458087,0.0010567048335879436,-0.0015819532465210222,0.0012949556058055615,0.01161421371551391,-0.001080120479886852,-0.0006994650747663538,-0.001076447745828155,0.00012687793100144628,-7.998221260773195e-10,1.4360096082266141e-09,0.012706080201427526,0.014375986720497138,0.011897858341773598,0.00043252260210745327,1.4550668070607842e-13,1.484032352300907e-13
2.6600,-0.0036193126661856747,0.0005117155811335533,0.2670597040785583,-0.013201095834139186,-0.09518092271567428,0.0011274795905519904,-0.0017237803378091104,0.001407969534742092,0.006541755596951984,-0.0013262366624107276,-0.0009443418506098725,-0.00046805984636300686,0.0001361729166982715,-7.998199803928373e-10,1.4360117971230307e-09,-0.09744435535117472,-0.10249741048623986,0.08082774460394028,0.00032409580441274864,6.891842240126789e-14,7.037106357701828e-14
2.6800,-0.00362935852560942,0.0005423050063662387,0.266805105558184,-0.014006960980298872,-0.0954423260244591,0.0011980097117719679,-0.0017257406070777877,0.0018101716845579836,-0.0189176780799393,-0.0020457601995090596,-0.001710734565034722,0.0007264064516217638,0.0001437912337755005,-7.998178213339763e-10,1.4360139980945054e-09,0.1475370134985321,0.15550078584443572,-0.033870218025231436,0.0007091440435019711,1.6574754264399305e-13,1.6874189220396352e-13
2.7000,-0.0036421861351009837,0.0005754886917198183,0.26656235016205754,-0.014861740316827469,-0.09565515954479475,0.0012726765517805793,-0.0017568373442913502,0.0018609194054282296,-0.011557138484054605,-0.0007893948220266128,-0.00038600535427970315,0.0007729768804025432,0.00015695129228707013,-7.998156099973124e-10,1.4360162499973532e-09,-0.07683876059839335,-0.08180261339883807,0.07890904430235673,0.0004672054920887378,8.029907576541373e-14,8.184056730919931e-14
2.7200,-0.0036314920770912453,0.0006110116171579902,0.26612802171586325,-0.015763804313864243,-0.09544569493084755,0.001348211984414204,-0.0014639186095156828,0.0021835747569039807,-0.024123062913698916,-0.0008198387467821147,-0.0004234491206623823,0.0015853699047389009,0.00016824382577250294,-7.998131382997696e-10,1.436018764872055e-09,0.031014858170666498,0.03274785786136956,0.020356461013379443,0.0006227552630621001,8.65230196517297e-14,8.810716099847543e-14
2.7400,-0.0036140939840100354,0.0006496863683591365,0.2656868200741911,-0.016719305019034344,-0.09500260290613291,0.0014265189138342668,-0.0011186379557672837,0.0023461489054037296,-0.022778037084466185,-0.00014750712849194488,0.0002951661377572051,0.0017924573103864246,0.00018151649834630712,-7.998104908105945e-10,1.4360214560569492e-09,-0.047866466594325835,-0.050989174165143245,0.04843439954331575,0.0004905419627994032,9.435586535190554e-14,9.597907863444222e-14
2.7600,-0.003590761334186554,0.0006917894479444744,0.26526351193863307,-0.01773181421719627,-0.09432411048270802,0.0015076833627921473,-0.0007875070103343411,0.002416388047391932,-0.014449928511217455,0.0010047330979830777,0.0015451838625907216,0.0014907045034016667,0.00019611025052064648,-7.99807092667662e-10,1.436024905949285e-09,0.07234748307136712,0.07928054977964039,-0.04146092987847888,0.0008420022003211409,1.0041968612987257e-13,1.0200613140623482e-13
2.7800,-0.003584157632805006,0.0007373903922507588,0.26511279177466496,-0.01881178300396546,-0.09379090589704603,0.0015957627703261752,-0.00024168429940751328,0.0024157234313405044,-0.005306052414280214,0.0011838160256885557,0.0017808674683621427,0.0012235440133749808,0.00020864331083777734,-7.998040486617646e-10,1.4360279933729669e-09,-0.040873200215989315,-0.04139328690065951,0.006723461996977775,0.000493587403653308,1.0743306472302955e-13,1.0902281681601789e-13
2.8000,-0.0035698100634342853,0.0007855683111691996,0.26498713280003877,-0.01995790205392861,-0.09311375950627801,0.0016875550284797577,0.0002566734348274118,0.002616342661698972,-0.009360661866190546,0.0004905287244116319,0.0010875351245251616,0.0011868747533484414,0.00021714848527887415,-7.998007035286611e-10,1.436031383678676e-09,0.00789694356105679,0.011331491378829306,-0.02867170924317558,0.0004597823753321463,1.1373126290563362e-13,1.1533145044453214e-13
2.8200,-0.0035562715288440204,0.000836720624531672,0.2649155227643578,-0.021175060615297267,-0.09240025276640552,0.0017845249879025833,0.00034214148060169686,0.002584093236148885,0.0009597221555451748,0.000742180590497219,0.001420502072243641,0.0004270292362024145,0.00022682033504067145,-7.997968934738912e-10,1.4360352419417232e-09,0.04294451002989688,0.05034109051295176,-0.06195578795893791,0.0006243649252924532,2.5592088127510126e-13,2.589655920259837e-13
2.8400,-0.003565335375101951,0.0008909247968811696,0.2650858569410163,-0.022474086121311493,-0.09201023639274379,0.0018914376607216227,0.00030458816091667994,0.002477963024012918,0.012235073371264994,0.0009746343472682217,0.0017565343937697483,-0.0005248668823929754,0.00023780264624866223,-7.99792598645333e-10,1.4360395871153712e-09,0.09870009332222367,0.11293987864971393,-0.09911956218365489,0.0008590819465090019,2.6855080659249353e-13,2.7153214572639417e-13
2.8600,-0.003599671790652142,0.0009474134587047668,0.2655068466607026,-0.023862186442813037,-0.09206781352289428,0.0020104588827452984,0.0002217692365175006,0.0023356475126774983,0.021563252156829055,0.00047953201003762835,0.0013178497565203356,-0.0012067870292294754,0.00024854491210207953,-7.997885574166098e-10,1.4360436730483251e-09,-0.13663904325274778,-0.14521939366740017,0.029646805581432595,0.00016269440393582976,1.3108793022430232e-13,1.3259185416281127e-13
2.8800,-0.0036214429913723587,0.001004998126660284,0.2657537361081972,-0.025331632143726853,-0.09206105703583913,0.0021347625964592705,-5.1268452317320376e-05,0.0026051867993971884,0.012128256684230374,-0.000840933685969092,-4.962696499714487e-05,-0.0011971138121373325,0.00025461348053657624,-7.997841378906666e-10,1.4360481392570866e-09,-0.038271280670793384,-0.03875118349763038,-0.008345206408839843,0.0004072019295856764,1.3696072813200455e-13,1.384747080456633e-13
2.9000,-0.0036472210909244095,0.0010648644221714855,0.2659321880344928,-0.02689025296215298,-0.09217706265287703,0.002267760705162058,-0.0006239254967248704,0.0027688651572455323,0.010108691121100225,-0.0010714380412114367,-0.000244919205399058,-0.0014661414581636743,0.0002649349739575955,-7.997797618214167e-10,1.4360525591139554e-09,0.009153310233671665,0.013236546223574732,-0.021702868727073263,0.0007411431905797126,1.430901566939341e-13,1.4459736034401482e-13
2.9200,-0.0036942190372723444,0.001127762221395403,0.26620544837903287,-0.028549712178229714,-0.09266021090254965,0.002414282076566723,-0.0012077126761081548,0.002769963709016553,0.014814089741096293,-0.0008896409871212363,2.4059374472164948e-05,-0.001769231043474327,0.0002824745360854724,-7.997746568802617e-10,1.43605771182186e-09,0.019297682750921696,0.025117183182592102,-0.013288698529425736,0.0010001385722006077,3.3639139650903926e-13,3.393684530443586e-13
2.9400,-0.003765246273755307,0.0011935574629729653,0.26663107817320436,-0.030319755774464382,-0.0935904792469781,0.0025769256737024258,-0.0016219437262333897,0.002662712825579041,0.02220081208960407,-0.0005907520677412534,0.0004382642501936834,-0.0019271907090373738,0.0003056049683125876,-7.997690962976958e-10,1.4360633208236484e-09,-0.01337735050363207,-0.011083227144486228,0.01282382318655987,0.0011407929395767385,1.559825402522308e-13,1.5740867268486392e-13
2.9600,-0.0038476994049243167,0.001261451383456006,0.2671321195698627,-0.03220547877971696,-0.09484010795634389,0.0027546657386717014,-0.0017272790153882891,0.002684243741092663,0.0230662995526487,-0.0008250200419996369,0.0002550001054635633,-0.0015959470557958392,0.00033046059083362094,-7.9976344461656e-10,1.4360690186912817e-09,-0.06757818469660254,-0.07334050212179995,0.05374949868553092,0.0010372093799930824,1.6357152177876033e-13,1.649745336000652e-13
2.9800,-0.003904241523864214,0.0013306299535188401,0.2673676884360118,-0.03419840571883375,-0.0958699480721431,0.0029380619879289015,-0.0016693680037209746,0.0032117126563494204,0.008360781069027554,-0.0019734974878492908,-0.0010143276766570054,-0.00038862151338703337,0.0003517840794362387,-7.997581306072364e-10,1.4360743749346984e-09,-0.11032050744897665,-0.12641637064723746,0.09722171999895979,0.0007309804126213633,1.7636272216930982e-13,1.7783737264916166e-13
3.0000,-0.003932476299440636,0.0014028434012273894,0.2673206453753639,-0.03630137043728339,-0.09655424144920174,0.0031252337534867216,-0.0015848285870932396,0.003928275377187773,-0.007600174421083424,-0.002222286397685655,-0.0013085167008780704,0.0005177335082869992,0.00037480480137664534,-7.997525882003438e-10,1.4360799592225318e-09,0.03040426727825452,0.033905669194952776,0.02940621083343981,0.001405303806415704,4.2806963486061167e-13,4.3111044248367314e-13
3.0200,-0.00393086015369876,0.0014803192672463044,0.26698521104070616,-0.03851695405286431,-0.09675982829938709,0.0033138563705964017,-0.0015302258630486452,0.004524987155871279,-0.014150187250986958,-0.001476708544255913,-0.0004843106167178586,0.0010669006972714127,0.00040510797239703874,-7.997464298059383e-10,1.4360861623858674e-09,0.08226134823393703,0.09442316599876655,-0.0050771681028267,0.002007249079196733,2.0104591277360362e-13,2.0258613037983653e-13
3.0400,-0.0039457729801139554,0.0015660391684993412,0.26687158509025055,-0.04087806441383872,-0.09711214034609471,0.003519169712631217,-0.0011622285493796945,0.004417677230335728,-0.0005245944527072535,0.0001109550456991402,0.0013862644379874108,0.0008741009452550032,0.0004485827660979429,-7.997388354327284e-10,1.4360938072642231e-09,0.06921326564786229,0.08425260387304694,-0.01310582088251558,0.0023059291099874345,4.847625122497701e-13,4.877981699125122e-13
3.0600,-0.003965142597649858,0.0016580266550701597,0.26695230680051735,-0.043394959603287306,-0.09753962783059393,0.003740012397681776,-0.00032407038460887733,0.004580302403182317,0.0016689666296250418,0.00015634755707794246,0.0015196079330418743,0.0012361044785817769,0.00048641537437283083,-7.997313340385016e-10,1.4361013554090038e-09,0.005374968929288998,0.010936774994283253,0.012685093122515338,0.0017243228078313315,5.158067983151993e-13,5.188451664833726e-13
3.0800,-0.003975340467253824,0.0017555305661796923,0.26711373733342547,-0.046071994097031256,-0.09787322263352416,0.003972937296395725,0.0005170076565830347,0.00447805483837464,0.010458907064542746,0.00038991789066722047,0.0019068361119964254,0.0011949142059226269,0.0005214243343807957,-7.997230921386091e-10,1.4361096454732498e-09,-0.033429644937608034,-0.03417235044890011,0.013283917858679403,0.001503598945014905,2.3993868415554676e-13,2.414095128227406e-13
3.1000,-0.00397323063836711,0.0018579188347019584,0.26733009959432896,-0.04891852723329131,-0.09810111907913358,0.0042179117751489715,0.001382143590519527,0.004555315656395423,0.01331412010702782,0.00011765997199288274,0.0017190461022487968,0.001120291972807901,0.0005520102061083261,-7.99713791802419e-10,1.436118996801962e-09,0.030760051425192305,0.04525162201843874,-0.03607322490369048,0.0016820707021456911,5.77478494710737e-13,5.804815178880873e-13
3.1200,-0.003960280501572455,0.001964954612268369,0.2675955988230254,-0.051945657455712696,-0.09826439570568828,0.004476500090326504,0.0021552797967910138,0.004779743095194763,0.012102188188217174,-0.0004132428501987075,0.0012150709451230854,0.0009855637409341377,0.0005754135574035999,-7.997058759900449e-10,1.4361269541994528e-09,-0.12608828719673054,-0.14864708133911442,0.049318820603839436,0.00040044842933869906,2.660029856972612e-13,2.6748026536738134e-13
3.1400,-0.003915326393998724,0.0020763095099306343,0.2676418859635716,-0.05514394869363356,-0.09803034314041603,0.004738518884122048,0.0025482570739087523,0.005470258795722898,0.0035572331981893746,-0.001050169800813999,0.0005439160057724876,0.0009173666139768474,0.0005916879255665788,-7.996964765823604e-10,1.4361364007672219e-09,0.03716278647855637,0.05253942961975196,-0.0478615673886696,0.0013902538292561207,6.457425739958556e-13,6.488012167446544e-13
3.1600,-0.0038372048286213077,0.0021937233309923896,0.26738067070955196,-0.05851289114361024,-0.09730851887778397,0.005000336194444888,0.002609903034574382,0.006917427937777346,-0.016411979938368897,-0.002049681788637046,-0.0006492644859309913,0.0011398029770490119,0.0006016701628173893,-7.996883542758221e-10,1.436144563760886e-09,0.018836647110239475,0.02575239827352082,-0.025774018201353607,0.0009539451980482824,6.902477721337785e-13,6.934164614030847e-13
3.1800,-0.0037683874016208613,0.0023226291600866662,0.26715345137211755,-0.06208695479750092,-0.0966065537192929,0.005280565861011009,0.002266078681237915,0.00711864453733001,-0.008417485004738443,-0.0010746616750999538,0.0006694374886180971,0.0001597067641763466,0.000633821704454717,-7.996773761629804e-10,1.4361555924410252e-09,0.03536368766036335,0.05121943283347049,-0.04383204324734291,0.001809470673377874,7.299162359600264e-13,7.330714811223937e-13
3.2000,-0.0037267995374476153,0.0024631439712221115,0.2671384326948569,-0.06589627915193626,-0.09623005846304625,0.005591471012125841,0.001978973241936673,0.007163407551029621,-0.0003762850960304261,-0.0006671473170850625,0.0013704755057416462,-0.0005979995678336267,0.0006731182937197906,-7.996657916701209e-10,1.4361672269615206e-09,-0.04465410658213802,-0.048451687733119565,0.003257596053881558,0.0014021098849182894,3.346870849040007e-13,3.3624974549520403e-13
3.2200,-0.0036913142921699517,0.0026119732038437293,0.26711797468453186,-0.06992482797244602,-0.0959217404613746,0.005923120668303251,0.001614638442545066,0.0074731283372603385,0.0009538601691033774,-0.0009042739778143726,0.0009361685413578901,-0.0007738649664879068,0.0007205388628029711,-7.996559657934769e-10,1.436177101715733e-09,0.002675232659676802,-0.03774840478941852,-0.002625273926725472,0.003974162766855252,5.389417211121295e-13,5.421195176796845e-13
3.2400,-0.003660391725721769,0.002761130639694797,0.2670700194102709,-0.07406619541063637,-0.0956630441557936,0.006266082664014574,0.0012572782106807115,0.0075872571119153884,-0.002415727397080785,-0.00036429908174681125,7.568395471563341e-06,-0.0007937898733908862,0.0008379357594232544,-7.996533658373479e-10,1.4361797514246631e-09,0.08696084250943098,0.005187148322917476,-0.026466552812217783,0.007691825050608846,1.6898627137364175e-13,1.722010121302242e-13
3.2600,-0.003642161502471664,0.0029006504024164602,0.26708325104961816,-0.07817551092903807,-0.09556941945354036,0.006613122771642591,0.0009636111523231913,0.006776953595511591,-2.0075545915021997e-06,0.000782432180632816,-0.0010203635343945694,-0.0008308451985813803,0.0009984093648922523,-7.996587729563108e-10,1.4361743930210891e-09,0.007666062573886563,-0.1301679848096314,0.03550766096347611,0.007640003099761046,-6.990905250525703e-13,-6.974239978932428e-13
3.2800,-0.0036257711065797904,0.0030195618907002683,0.26706852070038595,-0.08209626545435478,-0.09550009891952294,0.006945628566135526,0.000745938872987115,0.005730276280824635,-0.001157434782591605,0.0018374137875211557,-0.002588452314947005,-0.0005561772043045774,0.001164722995410395,-7.996723064462322e-10,1.4361609108210322e-09,-0.013413164332215226,-0.1647039422660692,0.056191326456977615,0.006781669841782176,-1.0680035415072675e-12,-1.0662844305425745e-12
3.3000,-0.0035944551648070294,0.00310919038974679,0.2668583714508602,-0.08566757542661113,-0.09518396580022256,0.007238809003245074,0.00048735441067030165,0.004700138413465577,-0.006280164408135,0.002892225892375779,-0.003849005268733068,-0.00021225594715374932,0.001298030192792332,-7.996907332235888e-10,1.4361425318817113e-09,0.08318449474885758,-0.021343500191642384,-0.0037860552597829755,0.007168717186012949,-8.091681621621993e-13,-8.057970523472902e-13
3.3200,-0.003590876681382627,0.003166798965011872,0.2668971552165309,-0.08881518603038054,-0.09522036137064098,0.007513870037515427,0.0003889190579336157,0.0021049993376913555,0.0033390565661350047,0.004687530718032484,-0.0037778007800995427,-0.0005332619177074882,0.0014333285470268695,-7.997137070884781e-10,1.4361196137623772e-09,0.1068713814097328,0.04388092998451163,-0.031476616399759294,0.006228169195182214,-1.0575409905427824e-12,-1.0542018646919615e-12
3.3400,-0.0035970887608795547,0.003182723609825991,0.26705542800128174,-0.09142839565672115,-0.09542678928936622,0.007752552159987787,0.0004943969619803638,-0.000528039956342901,0.00826550206293378,0.0054654548168170435,-0.004535572018719827,-0.0004491051737610374,0.0015193683345630662,-7.997428343498449e-10,1.4360905373104101e-09,-0.011003020658376422,-0.09556182236716419,0.030790788080072646,0.00256641342488994,-1.845276102058202e-12,-1.8435376922948388e-12
3.3600,-0.003579609305502865,0.0031501349315922033,0.267006171642341,-0.09339055733468558,-0.09533734884016772,0.007922386863193782,0.0006252260179904774,-0.0017635298723971964,-0.004964599770323187,0.005217436044141454,-0.006254429408886511,0.0002216571150399103,0.0015438027538573799,-7.997763573181006e-10,1.4360570629417343e-09,0.049048137897330014,0.01604162065883875,-0.010517059161151197,0.0013010943932351157,-1.993159543661749e-12,-1.9913714774388858e-12
3.3800,-0.0035730545469119432,0.0030737221404723075,0.26706993226095455,-0.09468468838845637,-0.09538836224274257,0.008045020734340491,0.0006152601490015644,-0.004827875666705743,0.004440802835809236,0.006156174025379862,-0.005618288722984422,-0.0001559958257087178,0.0015540747035182611,-7.998096141173247e-10,1.4360238611753114e-09,0.06282112178736275,0.07424580648660536,-0.037102866440659965,-8.511796766666211e-05,-1.4395711185610782e-12,-1.4361914435490064e-12
3.4000,-0.00355454817323506,0.002950312176945097,0.26703352491902316,-0.09525675929914561,-0.09528300257310457,0.00810053017933767,0.0006703587791052711,-0.006625238556657644,-0.000982044833999233,0.005886772492928535,-0.006130414127293987,0.00010307467660046142,0.0015061491034098322,-7.998454814941016e-10,1.4359880444082242e-09,0.10150529994484943,0.16114609951909087,-0.06881120643734626,-0.0013950758628380007,-1.4513089081208408e-12,-1.4479138374379197e-12
3.4200,-0.003557958009235007,0.0027861536049004244,0.2672264626072135,-0.09514938445634877,-0.09549460333571667,0.008116873614966979,0.0007007493015836017,-0.009866124706036627,0.011611416271051656,0.006309073661570741,-0.0048434556791239975,-0.0004816220065863696,0.0014313918716874516,-7.998810464842905e-10,1.4359525356818392e-09,-0.0389656942944536,-0.007399276751319799,0.0007981005875336805,-0.005409445989072752,-2.018950111259965e-12,-2.017225796124844e-12
3.4400,-0.0035626804554495487,0.002579829845447338,0.267469055219401,-0.09437410079038913,-0.09580543853597713,0.00808155458536007,0.0008906922811625304,-0.011663702926185788,0.00800003739627569,0.0051422714703342086,-0.00532733850423882,-0.0002205488115965284,0.001300952006163798,-7.999124906445002e-10,1.435921138828623e-09,-0.059619944087846585,-0.01244487455465323,0.014172753461875671,-0.007739114541667915,-1.2588662751111812e-12,-1.2555085009829936e-12
3.4600,-0.0035634480372625853,0.002337313362336442,0.2676821959378661,-0.09297395592341016,-0.09612462822831097,0.007993826240916024,0.000879171214552703,-0.013564074600721612,0.01063541992126468,0.0043964687595889895,-0.004657652763029315,-0.00035284594395837724,0.001141254722523223,-7.999416981669684e-10,1.4358919832524492e-09,-0.056522308112040266,0.015906510423142655,0.0027753068951441484,-0.00882371966189696,-1.0892239801080228e-12,-1.0859004667684857e-12
3.4800,-0.0035498804461401444,0.0020646592851084754,0.2677491731723458,-0.09100759960302619,-0.09630066562336102,0.007851075762715605,0.0008821430884290542,-0.013772467565932487,-0.0030262514780637056,0.0027333754504893144,-0.004959581891824372,8.799030993160519e-05,0.0009469337213381888,-7.999693894630562e-10,1.4358643372854453e-09,-0.13191655519677073,-0.08328646636975946,0.05965416473175214,-0.010722163802808752,-1.4921057011479943e-12,-1.490373796597666e-12
3.5000,-0.003509289366649303,0.0017720247461513825,0.26749411622928704,-0.08853289909073639,-0.09606367959794465,0.007648504145492114,0.000601936227032075,-0.013267466057610802,-0.017997203924699414,0.0015275730306066654,-0.004472313604360229,0.0004386620375124108,0.0007533861885032622,-7.999913177325861e-10,1.4358424585348976e-09,0.04759577175169611,0.18364556931214288,-0.04858094600680077,-0.008109000697599083,-6.595878357384954e-13,-6.562248574398799e-13
3.5200,-0.003453917284774105,0.0014722311898394123,0.26700379002167507,-0.08564753984534795,-0.09549243134966737,0.007402530963526989,0.00018551320334174844,-0.012584635982106901,-0.028861905350895844,0.0006652254996052221,-0.0034103473633274014,0.0006797475042936209,0.0005691852075069555,-8.000101281537972e-10,1.4358236935148151e-09,0.002216812022202566,0.11910256296126114,-0.014504078768318343,-0.008456052632849348,-9.929656923091112e-13,-9.911702535114753e-13
3.5400,-0.003413794183001489,0.0011773906709138056,0.26657562951159014,-0.082484379828766,-0.09496814336007517,0.007144080597173948,-0.0001958413709769561,-0.012615534223572731,-0.025799458864001912,0.00035452830237600363,-0.0014147359850054649,0.00048185071072383875,0.00039372302963488494,-8.000224853040935e-10,1.435811384728799e-09,-0.1212493791344462,-0.048978324404570533,0.05986406708072454,-0.010267053663850716,-7.031259255385613e-13,-7.013151994902933e-13
3.5600,-0.0033716905919771406,0.0008931121193254227,0.2660528254378952,-0.07913160785262045,-0.09424382398589698,0.0068700202996233905,-0.0005675927337455477,-0.011992628159372692,-0.025857534885649618,-0.00025336821251985015,0.00017028659643898857,0.0005106969024766243,0.00021301072311372566,-8.00028247837675e-10,1.435805674076641e-09,0.020802603939573026,0.15124446207398748,-0.03359877945725238,-0.0083834963358304,1.0372009241060853e-13,1.0708792251394594e-13
3.5800,-0.003360626864462563,0.000628613636255219,0.2657855645669245,-0.075741226029161,-0.09380908659520802,0.0066131594248454535,-0.000821509252396434,-0.011982170846634905,-0.013658641049133924,-0.0005328729964683035,0.002293456514991213,7.096050225066047e-05,3.4356728093147094e-05,-8.000278776052387e-10,1.4358060965746288e-09,-0.02959436577106849,0.08475745602751227,-0.014084612240067015,-0.009275890243267396,3.805101307825798e-13,3.8381331533138274e-13
3.6000,-0.003375731840236505,0.00038745148149232943,0.26575810290943847,-0.07243164758724549,-0.09366982901498191,0.006379677117012676,-0.0009987591535716195,-0.011980705132170847,0.0032199932426512077,-0.0009304998868895686,0.004377694819379219,-0.0005309044186218833,-0.000157716157344905,-8.000201461811224e-10,1.4358138852475506e-09,-0.013979597526956019,0.10647069048301507,-0.03986956802087329,-0.009114193246803693,6.69944134890077e-13,6.731349418837018e-13
3.6200,-0.003408327178227004,0.00017211799272651696,0.26591558059701476,-0.0693220662349688,-0.09380342220194796,0.006174119076353802,-0.0009286169547669899,-0.010915609840781961,0.006502070297558447,-0.002630420073753841,0.004408916784907826,-0.00042347804212667566,-0.0003430827035777271,-8.000098861696132e-10,1.4358241883225672e-09,-0.1856899112275629,-0.13253269449949523,0.06730732847944454,-0.010392590941852535,4.747509893890389e-13,4.763727389986427e-13
3.6400,-0.0034242779703854663,-1.3813416416140385e-05,0.26588947276184743,-0.06648809519327609,-0.09372457883423829,0.005983969346683673,-0.0010324871193349685,-0.008777068097669665,-0.0013245416216525025,-0.0043006438473109625,0.004260529716536143,-0.00016461236537459526,-0.0005143197544068916,-7.999933310294334e-10,1.4358407913880613e-09,-0.03303927011985469,0.050120268527996156,-0.015558599789582201,-0.007265865780473615,1.1551560489403423e-12,1.1583173656348755e-12
3.6600,-0.0034508886210179645,-0.00016284814217205795,0.2659251557483844,-0.06403898614084948,-0.09379276797805006,0.005831731841899148,-0.0012487669949986313,-0.0070748694651142086,0.0011423531972934542,-0.004829427669834907,0.005040822242818393,-0.0004208268167587488,-0.0006342345794631057,-7.999732751829101e-10,1.4358608960601122e-09,-0.0004367937119955105,0.0421616436303211,-0.01729189628772323,-0.004109219505646582,7.534131738623495e-13,7.549852670124535e-13
3.6800,-0.0034811389169678505,-0.0002774749952227969,0.2659695031313584,-0.06198191588842538,-0.09393427397127888,0.005714053281832972,-0.0013239385489203473,-0.005236256610246666,-0.0020362901063200505,-0.005380330775980051,0.0045487937418525045,-0.0001974353700966243,-0.0006879684453163122,-7.999553280095404e-10,1.4358788871235036e-09,-0.10577316834016896,-0.15064482312442887,0.07238638390831995,-0.002093634997768013,7.133134144118869e-13,7.149284419680213e-13
3.7000,-0.003507117253125343,-0.00036049020367024396,0.2659377855251528,-0.06028647865136586,-0.09400506749246994,0.005623893902235049,-0.0015238123114461196,-0.0038545599196880094,0.001985970229365087,-0.0047254920462238064,0.004819760107407516,-0.00028948049397869394,-0.0006871894042767599,-7.999367281735677e-10,1.4358975374118482e-09,0.01996243278139918,-0.011206920115451107,0.0019689118596681854,0.000608091109653283,6.691475715539519e-13,6.707241099329631e-13
3.7200,-0.003531267294923567,-0.0004149564526931751,0.2658787426287459,-0.0589391864324674,-0.09405389374744774,0.005561277557174705,-0.001473977091212298,-0.0019789665706968387,-0.007237082076664672,-0.0048196589820695915,0.003849411423269153,0.00016875370692677816,-0.0006717263196997266,-7.999201632444518e-10,1.4359141481321345e-09,0.06673880004613232,0.0382262690626483,-0.012438587493785135,0.001642746512299779,1.022535788680612e-12,1.0256849623108133e-12
3.7400,-0.0035546255290082097,-0.000442734796528898,0.2658061856172491,-0.057923481531786225,-0.0940731435204295,0.005524895863300566,-0.00147864363770166,-0.0007027837567100319,-0.006713562693502953,-0.00422442772550449,0.003623151430707765,0.00028782583161371953,-0.0006369754133757213,-7.999033546141178e-10,1.4359310057973548e-09,0.03454901066355539,-0.003474370033261685,0.0047303307307093026,0.0018587473456247602,9.839184588605887e-13,9.870769566294735e-13
3.7600,-0.003579084111176008,-0.0004457911899095411,0.2657499413149738,-0.05722691644444582,-0.09408148614859015,0.005514360457265299,-0.0014677324304404624,0.0002125989572761243,-0.0010025870204819908,-0.003365190545630103,0.003807810109730057,0.00018681598898943273,-0.000594814854194322,-7.998874408584531e-10,1.4359469685561386e-09,0.04484490181604344,0.013777795449471648,-0.008111783732586721,0.002192462141094269,9.509637001470228e-13,9.541009475533269e-13
3.7800,-0.003598265706112102,-0.000427083797534046,0.2656654990755255,-0.056834546076307085,-0.09400496896160347,0.005525800275966077,-0.0013200295595873393,0.0014582777606222518,-0.004383417801042447,-0.0031465694394796615,0.0032940848615747,0.00039211785529486525,-0.0005568403364484431,-7.998737269573448e-10,1.4359607253675837e-09,-0.02183162025549985,-0.06764275145306824,0.027342970327506468,0.0018458231242283324,5.551083681262781e-13,5.567292503741439e-13
3.8000,-0.003612929650221628,-0.00038779119309460727,0.26555336342204733,-0.05673497545632549,-0.0938314914817584,0.00555832421716163,-0.0012520797883958546,0.002364288294057383,-0.001984384049950799,-0.0025927536076656836,0.003231164386585308,0.0003557228142370177,-0.0005116466003056088,-7.998587604573e-10,1.4359757413104999e-09,0.08092010315194638,0.06723464143704543,-0.03835738193166886,0.0027576642024822115,9.040556931544375e-13,9.071984699918212e-13
3.8200,-0.003645370432479987,-0.00032877216403579603,0.26564811074003436,-0.05693955551966548,-0.09389969654697908,0.005622623371923628,-0.0011306459309330563,0.0026664724044808703,0.009481389719045795,-0.001677307884422443,0.0037596688418616068,-0.00010753236197951708,-0.0004610098008903651,-7.998438394513542e-10,1.4359907125749624e-09,0.02533868456231861,0.004266126034484893,-0.017975315284747433,0.002434016960355393,5.129675980861115e-13,5.145281986931871e-13
3.8400,-0.0036950492987708142,-0.0002534814836551014,0.2659695128214645,-0.057447165676014836,-0.09427206860545546,0.005719256416029511,-0.0008934660556135992,0.002757119180670875,0.021415865687307675,-0.0011536281808957357,0.0039034638071762605,-0.0005435958996750013,-0.0004103938298748589,-7.998280318594649e-10,1.4360065740575539e-09,0.01574528435660418,-0.0013146829640944423,-0.022041251210322736,0.0024039139160307783,8.700392836735737e-13,8.730840486345648e-13
3.8600,-0.003753431357974368,-0.0001661119078518647,0.26645513799143866,-0.05825287283883242,-0.09491369523141231,0.005845457682467341,-0.0004680000788883082,0.003187232170147954,0.022506030152241046,-0.001708124729694878,0.002829182774892271,-0.00046404156656821676,-0.0003721860914196857,-7.998146497779977e-10,1.43602000135963e-09,-0.0054243779685842755,-0.026011352425466202,-0.005455458711079391,0.0020899124537859413,8.604358545105661e-13,8.634679343061391e-13
3.8800,-0.0037971752567098854,-6.932802866139873e-05,0.26684984680453183,-0.059333755491995925,-0.09549904509124281,0.005989479704002431,-0.0002111640573461025,0.0038440226573826022,0.01915844956730394,-0.00216635565728021,0.0018450033953428867,-0.0003682812165344993,-0.00032862646699724285,-7.998005359958601e-10,1.436034163358027e-09,-0.03556754439871866,-0.06409837987729608,0.014101625342403095,0.0020683242221903753,4.612432397826938e-13,4.627213326044433e-13
3.9000,-0.003837900802360498,3.731452276637852e-05,0.2672462411295586,-0.06069500066874308,-0.09617603057372906,0.006156911999393632,-4.381937903886339e-05,0.004303266222531009,0.01913030507327065,-0.002187166628377265,0.0014734925601820196,-0.00046603385731429906,-0.0002789484404013341,-7.997866656540276e-10,1.4360480816913643e-09,-0.020109291426223627,-0.042323382961072256,0.010157143072249675,0.002402638827612514,4.4868975071846173e-13,4.501469726483909e-13
3.9200,-0.00387864005790882,0.00015353646119732628,0.26766683529045276,-0.06233843391155218,-0.09698305072884535,0.006349633425755443,6.143036183835832e-05,0.004495211041369537,0.023742437553675867,-0.0017138818238047714,0.0017985731095702467,-0.0007591373775677238,-0.00022324354562876394,-7.997724852784581e-10,1.4360623114477349e-09,0.09161744237885219,0.1058516355799425,-0.05742975212596276,0.0037182108597542687,8.524695706280117e-13,8.554440792882256e-13
3.9400,-0.00392118632478333,0.00027813787418857035,0.2681476406921361,-0.06427007878766251,-0.09797470153836328,0.006570010910405506,0.00034306317028680446,0.004826733767012894,0.023659848998093834,-0.0020148700639403667,0.0011647191853234103,-0.0005571936503947776,-0.00016190573549483463,-7.997587014242458e-10,1.4360761421413241e-09,-0.06844092154946847,-0.10081666671479693,0.04983570493733384,0.002388167176486603,8.671173588187253e-13,8.701275377304141e-13
3.9600,-0.00397587219831637,0.00041145224993391176,0.26879979562632,-0.0665045314740166,-0.09930300784963784,0.006825439643742155,0.000622281350731595,0.004202516742376839,0.03980053253407613,-0.0008987838206822994,0.0024662104349193643,-0.0011760591627315692,-8.92456697502426e-05,-7.997427090202302e-10,1.4360921888804567e-09,0.08072588626141772,0.10170609959339945,-0.05360429474008378,0.004409918468662351,8.658292182175953e-13,8.68712870735755e-13
3.9800,-0.004016571081116237,0.0005484575770240443,0.26942572650677904,-0.0690323439426265,-0.10069377106373524,0.007104793918478282,0.0013054681431635853,0.005294016415103289,0.022796506036406722,-0.002330600399078415,0.0004600570360426249,-0.0001957952531181125,-3.268703931298594e-05,-7.997302855706995e-10,1.436104652892918e-09,-0.08164684096543968,-0.11997929068199308,0.06900757917613232,0.0024552101828141217,3.864403371953151e-13,3.8778230843430905e-13
4.0000,-0.003996246362004075,0.0006867450005615546,0.2695229374038789,-0.0717737435676933,-0.1013741487572775,0.007374676057211268,0.0016115756440192885,0.0070903540767845875,-0.002301185050784825,-0.003095701874664269,-0.0014208413672319176,0.000996893946821142,4.4978709746179934e-05,-7.997213775192247e-10,1.4361136019504776e-09,0.016088599061906347,-0.05151322757670164,0.04221105043718018,0.005425244788086655,1.2201279212236543e-13,1.23464145808036e-13
4.0200,-0.003928638124183275,0.0008260308290347933,0.2691818468197532,-0.07462561886372862,-0.10135411815995146,0.007627677561297038,0.001710785043751,0.008446155505000783,-0.019959018788297454,-0.0019564372176965775,-0.0019711553692162128,0.001655001616825302,0.00018747648925758083,-7.997176541489305e-10,1.4361173719527173e-09,0.11566063608525365,0.03990375090410776,-0.002182232311775445,0.008251210072147137,-1.916583753681922e-13,-1.9010552680664983e-13
4.0400,-0.0038496145105374768,0.0009645741357605103,0.2687594156270183,-0.07749626714272378,-0.10103005907969495,0.007871745287926949,0.001914346499722143,0.008327029183159904,-0.01865629647568756,0.00019741637312148202,-0.001415256122714917,0.0016441291055629172,0.0003519238876393703,-7.997189115286017e-10,1.436116161108494e-09,0.11621650389321322,0.03086962143566821,-0.007350261513719419,0.008984883389801194,-4.750108726497837e-13,-4.73410752873521e-13
4.0600,-0.003762547412294992,0.0010948425247265952,0.2683336454050505,-0.08027232868496953,-0.10044604039468635,0.008098169271431241,0.002350495416497694,0.007913350218296391,-0.019347193434956184,0.0018423554403662055,-0.0017077635186275191,0.0018417591314331396,0.0005188992759780629,-7.997265015046634e-10,1.436108618613525e-09,0.03798760168582923,-0.07323774363285025,0.0309750131490159,0.0075351672846739985,-7.506350142155727e-13,-7.489619818432103e-13
4.0800,-0.003674878590381716,0.001209961676791149,0.2680029414480241,-0.08285346197302006,-0.09971959485937687,0.008302863859146213,0.002909702355353955,0.00694640250050872,-0.017974508713349997,0.003206338749832858,-0.0021447358386066846,0.0018147608783741598,0.0006664146773445769,-7.997387022943313e-10,1.4360964675462084e-09,-0.0161037111987282,-0.13348042276980054,0.044821493778588586,0.005644762112525118,-9.967358969437123e-13,-9.950204722664058e-13
4.1000,-0.0035416804917147455,0.0013007450598564606,0.26729953503610887,-0.08508188901561048,-0.09818679126521973,0.008443502553925463,0.003220983753911452,0.007262060670704356,-0.03547758883686071,0.0033900989910927437,-0.004044738327835078,0.0023736968009793625,0.0007657318253498836,-7.997576407568916e-10,1.436077574786998e-09,0.08302465728533981,0.01560280222899136,-0.029598508947900313,0.005441094218685817,-6.548635331921071e-13,-6.514120839962168e-13
4.1200,-0.0034252835694806583,0.0013710044764113799,0.2667715989432574,-0.08692325233789559,-0.09664297380523128,0.008555291354651754,0.0032607125235271763,0.004950486816815076,-0.019988047244710913,0.005375570276895118,-0.0029787537138692604,0.0012384161376396941,0.0008705829540370314,-7.997779033937294e-10,1.4360573665508719e-09,0.03503666104238525,-0.02205467415441442,-0.0322976875000497,0.0038795025670960398,-1.408516749415445e-12,-1.4066898687548068e-12
4.1400,-0.0033295777142607124,0.001413885679124808,0.2664584313898184,-0.08831716335853122,-0.09523219550700067,0.008639362100418678,0.0032468708193905196,0.002848739821668477,-0.012361502423651945,0.006176856001906752,-0.002970870137034335,0.00032354482501207265,0.0009280606842449127,-7.998019703204575e-10,1.4360333574139624e-09,0.06526708286700827,0.057648277203901595,-0.07669640171316577,0.0022645640832166607,-1.5380691512079103e-12,-1.5362663398355014e-12
4.1600,-0.0032526126060699336,0.0014243393090608912,0.2663078783641489,-0.08921828789346328,-0.09399991438943557,0.008693991616109797,0.003073626387215293,0.0009000569984457422,-0.009804041670113655,0.005734085469848907,-0.004014529527208179,-0.0002171109875297815,0.0009247623393378795,-7.998279962948017e-10,1.4360073823733756e-09,0.023604734996115147,0.027422762495232195,-0.05875197587791223,-0.0006237126653343019,-1.0010891855066761e-12,-9.976607213968425e-13
4.1800,-0.0031869803384375903,0.0014005318559291186,0.2661784969330761,-0.08959061619172523,-0.09286489628485582,0.008713193407442974,0.0024901719700389374,-0.0009923767107126794,-0.007301219830969071,0.005310764508845266,-0.004515955006547269,-0.0008755977071898105,0.0008854175543749438,-7.998530319009854e-10,1.4359823960400608e-09,0.021658703959155125,0.048782502114986616,-0.0649340714350382,-0.0021551301496935404,-1.0081772656295174e-12,-1.0047505362431597e-12
4.2000,-0.0031482931079246253,0.0013447099033595017,0.2661648784406814,-0.08944700533450035,-0.09206564540479441,0.00870984297427083,0.0016350151513953761,-0.0031461664899781923,-0.0010672832620621459,0.0047414874148772185,-0.004668836656731058,-0.0016536649679015096,0.0008103431178407706,-7.998808636629456e-10,1.435954616810298e-09,-0.12405237421975546,-0.1370360282391865,0.028156154454992775,-0.005722755798280094,-1.5459213770219193e-12,-1.5440840880204254e-12
4.2200,-0.003139780994904647,0.0012588735198075128,0.26625819486374347,-0.08880983632779714,-0.09167677445806216,0.008688588027756988,0.0005140418511709241,-0.005468378749817626,0.009421495743202021,0.004713437947087962,-0.00380250518506257,-0.00246846509916877,0.0007339465305073857,-7.998995586900258e-10,1.4359359714471582e-09,-0.004569493881397278,0.057907722257584865,-0.05041946977909629,-0.004846830663280621,-1.4774876200968068e-12,-1.4757361999073737e-12
4.2400,-0.0031753358852996964,0.0011457184552509801,0.26659850224950943,-0.08774428335300402,-0.09196593268649375,0.00866424080028438,-0.0005292096400738236,-0.0077567676178786,0.02015579635493934,0.003967901806125787,-0.0030806504232907908,-0.003103331657083137,0.0005959248088821187,-7.999234393199212e-10,1.4359121527013549e-09,-0.07665572675397313,-0.020814164190258194,0.0030202112493151532,-0.007155716928849089,-1.3092283333848709e-12,-1.3075489042196908e-12
4.2600,-0.003251031042043923,0.0010074232630816787,0.267167744779862,-0.08631744226304339,-0.09295248412150908,0.008638609143111922,-0.0013989644161792286,-0.009854108976423175,0.03043200029464548,0.003132270885921444,-0.0024018815541053673,-0.003341087417601057,0.00045970196842887894,-7.999384910480143e-10,1.4358971543239238e-09,-0.02021482550481743,0.07740462508051682,-0.022214865489372185,-0.007228088897011191,-5.557613830947661e-13,-5.525772981546107e-13
4.2800,-0.003342475259816352,0.0008456563940550997,0.2677642044342345,-0.08459095616176031,-0.0943622855713301,0.008599168499201315,-0.001947066562018048,-0.010618483282679655,0.026423388028006534,0.0013407085826476108,-0.0027571726985630264,-0.0027450230188974145,0.0002936542608654489,-7.999530965601808e-10,1.4358825960661666e-09,-0.14172251187505464,-0.09196769741026169,0.07554520218405654,-0.00901239927802897,-9.111482185061859e-13,-9.095872926384585e-13
4.3000,-0.0034234688951541733,0.0006668670998534297,0.26814513829824704,-0.08262192363177231,-0.09579587485470262,0.008531343304166843,-0.00239729420463666,-0.01034402344731256,0.014951907758478128,-0.0002729759871734976,-0.002903811627314667,-0.0017586997717331072,0.0001363612248896452,-7.999633959909228e-10,1.4358723437479123e-09,-0.09817684533074171,-0.03572949429774014,0.07220747660025605,-0.007653253175127422,-6.926478704830097e-13,-6.91092907727231e-13
4.3200,-0.0035059645506805752,0.00048197180470830307,0.2684691216053899,-0.08051247473277408,-0.09736921767610485,0.00844910859995395,-0.002637179487808532,-0.01039936822252211,0.013571266857523759,-0.0008489668463491421,-0.0016754279870620445,-0.0010899103609687535,1.0548599614797062e-05,-7.999683188292693e-10,1.4358674706242513e-09,-0.0740255765960538,-0.005186701990669081,0.07151044016052034,-0.006477297232305825,7.815421216011281e-14,8.12977750440716e-14
4.3400,-0.0035593071876963895,0.0002965407992658351,0.2685016663495881,-0.07831950140108654,-0.09861676227123312,0.008337732054087608,-0.0025457414041617486,-0.009018702941150866,-0.002577054955067605,-0.001996014441991899,-0.0013592109745020446,0.00036479089572385087,-0.00010797065107278828,-7.999708971519832e-10,1.4358649390357327e-09,-0.0429454241367393,0.02393117644721481,0.07007738945545884,-0.004900181284570133,2.8243629223573263e-13,2.8561381775274453e-13
4.3600,-0.0035963726789532526,0.00012135355326934859,0.2684178489895439,-0.07613520371607711,-0.09962932035605276,0.008212353566443543,-0.0022233773603612113,-0.008162770196090347,-0.005701889210457331,-0.0017951004931107172,0.0004912808126959581,0.0010736784256459824,-0.0001827998274922222,-7.999676326946617e-10,1.4358682536352766e-09,0.048478684453668236,0.14148766768832927,0.008692045705584763,-0.0029074302505594342,4.556632848817799e-13,4.588017249104737e-13
4.3800,-0.003612985288732397,-3.799440946140318e-05,0.26825513661183015,-0.07403428320321606,-0.10032590103030241,0.008078036411856823,-0.0015101640224470206,-0.0070772776542942,-0.009006049611661673,-0.002084355015067648,0.0014790740375132416,0.0020060223577721466,-0.00024870159417345354,-7.999628583250687e-10,1.4358730716771033e-09,-0.08714389635997705,-0.05518858006896017,0.0895954474260812,-0.0038006488147985865,1.2009161297777543e-13,1.2165312160417052e-13
4.4000,-0.003592332402022345,-0.000177087122112952,0.26788978963436816,-0.0720654963548865,-0.10041947831002203,0.00793100562219446,-0.0006480901214250057,-0.005425023784166007,-0.016871011910165178,-0.0023450301094159374,0.002184344950993099,0.002795796978002809,-0.00030022181047049425,-7.99954713999279e-10,1.4358812604816638e-09,0.010869667586541445,0.06539227093927993,0.018691000710916398,-0.0021932423887947683,7.484697540569019e-13,7.516604526303095e-13
4.4200,-0.003571031502361955,-0.0002891401757150116,0.26771126882808866,-0.07032270065163788,-0.10040119444936987,0.007801032338272185,0.0004046560369079905,-0.004851217266747905,-0.006106574708438954,-0.001632277873673655,0.0040669456964453725,0.002551303637757345,-0.0003346942745193635,-7.999427332283571e-10,1.4358932899294682e-09,-0.004877762719806682,0.04024885845052093,0.0024018731515442412,-0.0022806211314487673,8.649530744420098e-13,8.680933576143968e-13
4.4400,-0.003548862986456529,-0.0003745790253078088,0.2677612984884973,-0.06886645518000774,-0.10034776474414922,0.007695314871574894,0.0016521595184501633,-0.004035263556318177,0.0002974406031187031,-0.0018785680135443832,0.004690669843081306,0.002378834155706515,-0.0003860860112269038,-7.999274772324006e-10,1.435908596653293e-09,-0.09334836189659836,-0.08311530819847361,0.03598466059097996,-0.0033686523218181747,5.194426703006294e-13,5.209540481290742e-13
4.4600,-0.00349008474988696,-0.000435174387939117,0.26765907369793585,-0.06770707434150733,-0.09977246554726152,0.007597462290179617,0.0025958942820772657,-0.002352543784913606,-0.005171345529923592,-0.0027371290633108826,0.0042158431628601155,0.002362468653309325,-0.0004398377510679982,-7.999115359269417e-10,1.4359245843993591e-09,-0.029189070267254934,-0.011980384714353106,-0.0176967934881412,-0.002270092579203024,6.033303197316986e-13,6.048540574649097e-13
4.4800,-0.003424442843607942,-0.00046714557307792596,0.2676230093794684,-0.06689666397356807,-0.09906138176845584,0.00752756292233386,0.003209088805694698,-0.0012092027079643388,-0.0008617332657317286,-0.0028336968908025794,0.004500284184412679,0.0015746042256184736,-0.0004753625010716639,-7.998938738025746e-10,1.435942294331838e-09,-0.072870332209208,-0.08186146597616677,-0.0029115798654503065,-0.002123835568959232,6.52442076060078e-13,6.539634285485096e-13
4.5000,-0.0033608638233175144,-0.00047170462201657777,0.267684627332223,-0.06645328850299882,-0.09836695814720743,0.00749191840805564,0.003527564639796308,-0.00011231737476764326,0.002606677594811788,-0.002994911057781509,0.004327703346475902,0.0007280673971126441,-0.0004953578829754344,-7.9987537428501e-10,1.4359608445332518e-09,0.03618516193185184,0.03870744877187947,-0.06720853792132223,-0.00013520354778715925,1.064637527442569e-12,1.0677186131763383e-12
4.5200,-0.0032949913646904347,-0.000452295637185458,0.2677342030557074,-0.06635898276088757,-0.0976458183936937,0.007486566102059142,0.0034927412589851833,0.0011687699824579555,0.000922543351098672,-0.0033146473388004547,0.003568574685668104,4.4229150632684385e-05,-0.0004990009530812778,-7.998588323402211e-10,1.4359774323792576e-09,-0.039801490723504404,-0.07519955861362194,-0.016747025619394937,-7.337385954054568e-05,5.916090100449578e-13,5.931208215542716e-13
4.5400,-0.0032182078070786863,-0.0004115607163023986,0.26760777495042526,-0.06658797031567154,-0.09676218122391242,0.007504109802441796,0.0031187484254630833,0.003174687610593449,-0.014184658279413792,-0.004263963823140605,0.0017867778844589907,-6.846154307191382e-05,-0.0004969180087052568,-7.99844090148921e-10,1.4359922163597213e-09,-0.10981449691293431,-0.17650934457843057,0.04495247589009676,-0.0003185072557067388,5.757064746800267e-13,5.77307949709005e-13
4.5600,-0.0031235829046472917,-0.00034819883245238944,0.26711895967955207,-0.06710721762566074,-0.09549229870426257,0.0075355732397728884,0.0020678655831857734,0.0048338863655228125,-0.019466674477673612,-0.003856515531400028,0.0016640129914325143,-0.0005645829933496404,-0.00047366257531308154,-7.998288782398229e-10,1.4360074751407221e-09,0.10522928850322018,0.1046610661527749,-0.07976842693467677,0.0025601250504779325,9.911793608097241e-13,9.943790582611634e-13
4.5800,-0.003053989466427923,-0.0002608418688378579,0.26665774032434025,-0.06792967941965429,-0.09441271766848114,0.0076022137918342085,0.0010612293515337694,0.006360886975703093,-0.026040981341351344,-0.003422660955135663,0.0013219080342621536,-0.0009251073345631659,-0.0004211315881327838,-7.998151399176027e-10,1.4360212607791514e-09,0.0030038170103067613,-0.05085172831155198,0.009021705403379767,0.002908257693647962,8.725025910094608e-13,8.757762310490635e-13
4.6000,-0.003018031678147321,-0.00015309816585813493,0.2663046156798119,-0.06901268838808569,-0.09363897724098494,0.007704162920744462,-0.00010826308644050793,0.006519833499553545,-0.012959276763221372,-0.001731826001734668,0.002334469915453869,-0.001688164663436884,-0.00033154551325925285,-7.998023812585646e-10,1.4360340733404926e-09,0.054767711815368304,0.008047555096001127,-0.02086231712361699,0.00483155983528188,2.769218773561455e-13,2.7857989352841894e-13
4.6200,-0.0029959086987024885,-3.331960001343365e-05,0.2659070718602245,-0.07028648374634108,-0.09295359046172993,0.007825888788428497,-0.0008888140719446623,0.007742476955930963,-0.023638358990264126,-0.001981566839086471,0.0006058993381679648,-0.0010575230758041486,-0.00024527529219977673,-7.997955696003123e-10,1.4360409285139038e-09,-0.03383640883545746,-0.12113708532490547,0.05661086420929041,0.004182313275990598,1.3026011476055532e-13,1.3201828410851213e-13
4.6400,-0.002967175518601885,9.431534675021282e-05,0.2652486393479111,-0.07166020534512767,-0.09199999631010568,0.007947563830551238,-0.00181737918549119,0.008721772887475871,-0.030821918743057376,-0.0012261315801958528,-5.137550754438528e-05,-0.0006240150283811403,-0.00014062174027295565,-7.997906586727243e-10,1.4360458895972066e-09,0.1827985215351689,0.15886845964219806,-0.06556247943650091,0.007163830230049069,4.1184579618186445e-13,4.1519641457571366e-13
4.6600,-0.003004181768283756,0.00023016099105860438,0.2651002618533267,-0.07313797655518078,-0.09181693223097255,0.008108828610268888,-0.002606603433474336,0.0069065421998940005,-0.0008109178339752619,0.001375524443825726,0.001861115742968823,-0.0015321737178345073,-5.558730642290002e-07,-7.997868495263801e-10,1.436049755478495e-09,0.049799127432465944,-0.004475108833518423,-0.003398315765413213,0.00612923432231793,-2.088156579073408e-13,-2.0709871534699276e-13
4.6800,-0.0030475084069989835,0.0003599318046632646,0.2649729401921313,-0.07461804089993855,-0.09171225691769347,0.008271858724294246,-0.0027046888112732047,0.007123049549601057,-0.00986405105858029,0.000809204701517085,-0.0002791666370097394,-0.0005424204804000055,9.275652773111253e-05,-7.997890583969447e-10,1.4360475926281658e-09,0.020922954030854715,-0.039716723288328454,0.02418314983359683,0.004731238173708959,1.3588566036282224e-13,1.3922359359125336e-13
4.7000,-0.003119803865304361,0.0004823714460797893,0.2651080289975052,-0.07606900402579947,-0.09199970979201476,0.008447195849124458,-0.0029522984035326673,0.005018708612708111,0.013606677101309337,0.002301515366659044,0.0005393776617118476,-0.000968989175457925,0.00019963946001800244,-7.997906692161769e-10,1.4360460381372246e-09,0.022425418654376937,-0.02161594841625569,0.003115124265285052,0.004494433705005127,1.6445754534664264e-14,1.9705777672606936e-14
4.7200,-0.003193546387898076,0.0005885449230373672,0.26529890889419666,-0.07742809303253485,-0.09239401452019301,0.00861618961466987,-0.0026631668642170766,0.004567984237567697,0.006823213424788875,0.0017589236480378533,-0.001144246404110261,-0.0002931382455408385,0.0002654852505226479,-7.997973308446536e-10,1.4360394231791475e-09,-0.05489266997695672,-0.11995234384721164,0.05304381416832069,0.0024185106659476803,-5.816694782084797e-13,-5.799380073390203e-13
4.7400,-0.003270554797012078,0.0006771567150648493,0.2655632466064053,-0.0786571506865488,-0.092908643318653,0.008776849749302623,-0.0025205303763702544,0.002946776327628965,0.01663867678221433,0.0022773304995349977,-0.0012017349997814715,-0.0003416524442747887,0.00032738055835473446,-7.998039401890864e-10,1.4360328666133782e-09,-0.01952906495091635,-0.05967224960127158,0.021333024767578986,0.002255583989588105,-1.5976963133566835e-13,-1.5650528832969468e-13
4.7600,-0.003344137371362518,0.0007450748733168866,0.26585764450342775,-0.07972041309628082,-0.0934800528199047,0.008922949207393768,-0.002209370751777262,0.0017424149735012474,0.018390532673912892,0.0024576189011318995,-0.0015025346461933129,-0.00027046760788561715,0.0003696923893914351,-7.998125473142715e-10,1.43602431043263e-09,-0.016595227810136292,-0.04488105631939875,0.013402874679985095,0.001572161929470295,-7.478179317108036e-13,-7.461545487377763e-13
4.7800,-0.003403161217265612,0.0007904261249033638,0.26607738675113624,-0.08058190373456707,-0.09395558291510069,0.009044892985398994,-0.0018189735133674356,0.0011779747773389211,0.010640869522990398,0.00199562546586169,-0.002517724593836687,0.00017955051145795216,0.0003879581128577952,-7.998233011371254e-10,1.4360136045505668e-09,0.013848104403477281,0.003776771739407102,-0.001107399391732245,0.0010699717154466495,-8.027708272434486e-13,-8.010908559771823e-13
4.8000,-0.0034489143880376146,0.0008145350357958669,0.2662217073417563,-0.08122003972413205,-0.0943170282517485,0.009140967599122495,-0.0015315263580145421,0.0003805384999420743,0.00744944878990784,0.0020310028912085866,-0.002709316385469285,0.0003190259877192622,0.0004001835733770792,-7.998343979085765e-10,1.4360025575295761e-09,0.06031243913474643,0.07648019561205682,-0.03096352306765777,0.0011010224876011328,-3.0463316331302837e-13,-3.013630469304862e-13
4.8200,-0.003477020934903444,0.0008178858785693832,0.2662457289111806,-0.08161515736922569,-0.09448448081203437,0.009206502277781196,-0.0012025507011677599,0.00020181869814292686,-0.0036927702257350315,0.001638749687122966,-0.003351101103801125,0.0007138486724130365,0.0003960499816656043,-7.998475944805039e-10,1.4359894062722574e-09,-0.010930871083489554,-0.018730016868739714,0.017431991622681556,-0.0003899085617426513,-8.576578032840065e-13,-8.55924055589985e-13
4.8400,-0.003485793777194728,0.0008031717940616843,0.26610992211003537,-0.0817505950334343,-0.09437432260086712,0.009238160518381597,-0.0010112750961196186,-7.396657494759965e-05,-0.011112637248717767,0.001516542254854523,-0.003525296304391308,0.0009630100595427154,0.0003864733529979778,-7.998610417301656e-10,1.4359760050857922e-09,-0.06155833465340632,-0.08512301258938125,0.050174548685389966,-0.001427617964710388,-8.594572536296807e-13,-8.576688621461659e-13
4.8600,-0.003482251712334159,0.0007743591346885004,0.26585981257161645,-0.08162264858506531,-0.09401866871061465,0.009239165187406157,-0.0010527616327562351,-0.0009499393429139695,-0.007074302276869858,0.002344760801154197,-0.0022854048793714554,0.0006402144914286329,0.0003815246183969629,-7.998723602100101e-10,1.4359647398409788e-09,0.061283805147774345,0.0968378107787021,-0.04063249053442733,4.147887182564627e-05,-8.582355746217241e-13,-8.564775407990388e-13
4.8800,-0.0034987749315108555,0.0007345090508072965,0.2658382758755876,-0.08127581547294367,-0.0939000931086223,0.00923391988984127,-0.0009170559796236628,-0.0023660487728813734,0.003011198508222306,0.002893353654438271,-0.001155794785703888,0.00017977473308796962,0.000365578187939976,-7.998823726852341e-10,1.4359547780403882e-09,0.044945657420412836,0.09039683750781248,-0.04111885828846704,-0.0010606231887285056,-2.8169339690714557e-13,-2.7839162182116683e-13
4.9000,-0.003534825157021878,0.000682564226608774,0.266066850942252,-0.08073750413245001,-0.09408530715054868,0.00922562790162688,-0.00069442063419925,-0.003968907456146276,0.015278920964662063,0.002911349921139965,-0.00036992400186994164,-0.00025770968376817403,0.00031974998478691063,-7.998917716333254e-10,1.435945435310131e-09,0.02751304835071168,0.08349347072580202,-0.045088640237208426,-0.0023766261796130702,-2.0710982841926073e-13,-2.0387275309792507e-13
4.9200,-0.0035777348806970825,0.0006168869695701318,0.2664369578631551,-0.08003574196543081,-0.09448056352051361,0.009210065734646512,-0.00031360381617829305,-0.004727796401407837,0.015404658055359502,0.0017589123236862129,-0.0009387249138545296,-0.00020608929185211706,0.00024121235926693273,-7.999006805068149e-10,1.4359365734098361e-09,-0.13090052346101375,-0.12869552903875817,0.05203276341380217,-0.005293221974005098,-6.330038489904544e-13,-6.313493564752415e-13
4.9400,-0.0036036985394275424,0.0005395933222798891,0.2666673533949315,-0.07917964743720723,-0.09472670646409448,0.009173138798971907,-0.0002763486367542799,-0.005166956946996258,0.015956008864358513,0.001271142924924099,-0.0005028147431785802,-0.00048518355771350237,0.0001563448989733839,-7.999055236085562e-10,1.4359317870634304e-09,0.08471660590012858,0.17479241387586897,-0.08841285869737855,-0.002633571955087254,-9.904618832458183e-15,-6.735766085793227e-15
4.9600,-0.0036457353414837833,0.00045646198272930794,0.2670758561270094,-0.07825000995092901,-0.0953087266777649,0.00914139322471883,-0.00016456425246772012,-0.005799653313439119,0.019909470829387814,0.0005921250104806071,-0.0003109354901591809,-0.0007122500048037274,7.630549081289094e-05,-7.999092503080783e-10,1.435928106238734e-09,-0.029708953820421807,0.019362674582338684,-0.011112218895152924,-0.004283861892400524,1.0414898923751664e-13,1.0730766318925444e-13
4.9800,-0.003671541435704807,0.00036814641213381614,0.2673250841775,-0.07725851472198217,-0.09577310205431959,0.009096290471244202,-0.00017750434592043462,-0.005516637139524587,0.014433181475870142,-0.0003720191815888055,-0.0005112330933035138,-0.00056303729963509,-1.0698317405874934e-05,-7.999117548150154e-10,1.435925647639682e-09,-0.09508366639384648,-0.07661725726557621,0.03728506685707533,-0.004586368495541333,-3.046003661973107e-13,-3.03024478339603e-13
5.0000,-0.0037128815986801136,0.0002816151514005986,0.2677167081668942,-0.07628324967697107,-0.09654910553820793,0.009062298057209223,-0.00022136022536430673,-0.0059536963773152395,0.021848599370818473,-0.00023408533364877504,0.000772216791782647,-0.0010331386419954616,-7.614487423005156e-05,-7.99909029948188e-10,1.4359284270080787e-09,0.004222175333615112,0.061383953370602186,-0.024085432888841088,-0.003084442938185272,-1.9815675792941856e-13,-1.9667961378457e-13
5.0200,-0.003718790439246655,0.00019467150982537625,0.2677670058512863,-0.07532034181187178,-0.09694747051402373,0.00900993347680457,-6.974783308788852e-05,-0.0037380391876904754,-0.008491454055426806,-0.002649233817144488,-0.0015839058492995827,0.00037489753586489717,-0.00016309609751889685,-7.999102112747361e-10,1.4359272814461755e-09,-0.15145852605606125,-0.1713130919278538,0.1084277194302322,-0.004358736963612577,-9.0735849823248e-14,-8.910602290745917e-14
5.0400,-0.0036883048893485092,0.0001163816532085947,0.267389384701366,-0.07438223440133133,-0.09676559687417009,0.008937477512801682,-0.0004546148576491809,-0.002405495235971525,-0.017636590216396717,-0.0022832274398048636,-0.0005626163290218329,0.0005723821431145237,-0.00019730378346172257,-7.99906023939084e-10,1.4359315209098823e-09,0.08380410831620348,0.13382654252746776,-0.03374846806936407,-0.00017326786938047978,4.610082389618075e-13,4.642405708986386e-13
5.0600,-0.0036646914054774,5.3205916986421464e-05,0.2670338981550261,-0.07353260651606723,-0.09656717652580407,0.008874376719957621,-0.0005588936107132217,-0.0013110855182177418,-0.02358981424948872,-0.0021076600186558797,7.411173683797637e-06,0.0008749148328176645,-0.0002111844329683939,-7.999026931928277e-10,1.4359348958273454e-09,-0.0509197716956632,-0.05841172931967053,0.05982758880631381,-0.0011602426647673,1.826817980199978e-14,1.996694164716796e-14
5.0800,-0.0036279324389756388,5.3854931419955415e-06,0.26651961177330175,-0.07276465335558582,-0.09602889564097312,0.008808536221087607,-0.0006980147821035114,-0.0004250752375195512,-0.02393214434492081,-0.0013667194144733916,0.0011258147680937446,0.0009620939247499728,-0.00020876267470859442,-7.99896700965985e-10,1.435940939590034e-09,0.11282207079921923,0.1565623752220354,-0.047716939459060144,0.0011784575578389486,5.263306067024298e-13,5.295993678322564e-13
5.1000,-0.003619674742171391,-2.414076036765544e-05,0.26629825366380105,-0.0721343368381106,-0.09575239979609723,0.0087679493637915,-0.0006131656540604815,-0.0007467691803207438,-0.007382451966451692,-0.00026956484739311355,0.0027237040835862273,0.000508317065690067,-0.00019620613992809758,-7.998896941363729e-10,1.4359479986952398e-09,0.03476144637790796,0.05470097643866108,-0.016634370617007045,0.000283780507300165,5.579931048466102e-13,5.612175221075821e-13
5.1200,-0.0036185051895319073,-4.03665790119181e-05,0.2662140259027022,-0.07164391484885256,-0.0955306860268654,0.008742422912137013,-0.0002553480815487636,-0.0003544731493028307,-0.00444971763106927,-0.0004958374345349915,0.002573563338685071,0.0006275855114584917,-0.00020262584115283185,-7.998835345226736e-10,1.435954203735072e-09,-0.05210490932625397,-0.06291812297408267,0.027281119106789178,-0.0008515746298185217,1.1414208066131554e-13,1.157937678034071e-13
5.1400,-0.003611967450050737,-4.465863084584754e-05,0.26613443210324605,-0.07129236680671304,-0.09519820623540648,0.008725423859547707,-2.0574306958136765e-05,-2.7084305392735335e-05,-2.6858455842733138e-05,-0.0005527956363920481,0.0025873244233657433,0.0005089469666330891,-0.00020910060869934067,-7.998758776557256e-10,1.4359619109580612e-09,0.0022386101335455755,0.0071698295107757316,-0.018003777675869595,-0.00013328499393639196,1.3061136915938631e-13,1.322417652813157e-13
5.1600,-0.0036330284662545956,-3.61558438507478e-05,0.26638691780088664,-0.07112390433331402,-0.09526666385398447,0.008739055865477142,0.0002184596953040035,-0.0006449479591608876,0.017159380605387044,-1.2876224601341682e-05,0.0034500670454147967,-0.0003290284854770183,-0.000207932287356279,-7.998658631449934e-10,1.4359719823309688e-09,-0.00751582832731386,-0.0010602736338456717,-0.027678189373156605,-0.00030984082114954607,1.5119876921668163e-13,1.5273985418465252e-13
5.1800,-0.0036525385837766406,-2.044985766406473e-05,0.2666920747991213,-0.07112722674468708,-0.09541745003932464,0.008767972703390923,0.0005639630234447998,-0.00011653454394795777,0.013729751187279631,-0.001123737616225057,0.0020962872471626806,-0.0001983296479846379,-0.0002262011460597554,-7.998585437460545e-10,1.4359793454285672e-09,-0.05909628155456593,-0.07508646794314391,0.011896069934030544,-0.001016878111966087,6.392338915139906e-13,6.423758009896363e-13
5.2000,-0.0036578265812586466,2.1350124464142266e-06,0.26686847643990497,-0.07128910726372137,-0.09544358668246228,0.008803811983826897,0.0005398490307920643,0.000480996572651292,0.011127504710055885,-0.0014957029664512155,0.0015581952963639783,-0.0003659208491491317,-0.00023286424190484725,-7.998496710148371e-10,1.4359882685322512e-09,0.09944354173290025,0.12843084675468763,-0.08216758082575237,0.0012705844108786284,6.20690348077102e-13,6.238039598760459e-13
5.2200,-0.003698540686068629,3.4205557696468164e-05,0.2673922071607934,-0.07165627526058521,-0.09606501244897092,0.008877342151590866,0.0005150938534594445,-0.00035849686900482245,0.02857616304258746,-0.0008793057799825814,0.0023146107672413633,-0.0012858703005470483,-0.00021459627304791073,-7.99840038953277e-10,1.435997953933251e-09,-0.09151213152016666,-0.12659771000121833,0.033194601949916025,-0.0002799607494887071,1.3856166105989665e-13,1.4003463102638114e-13
5.2400,-0.0037039827500330662,6.755884559569712e-05,0.26756604646938587,-0.07215932523703639,-0.09633646694979683,0.008945302521359012,0.0005266505741962342,0.0013785490080085211,0.004853128408000673,-0.002546257921070269,-0.00016131153639203677,-0.00035567408728433676,-0.00021925443523065642,-7.998343294350511e-10,1.43600370362915e-09,0.00654190014483244,-0.011583005423234519,0.00191709048542725,0.0010048008657343357,5.82302110176125e-13,5.854469469976364e-13
5.2600,-0.0036915714812488704,0.00010636133517516585,0.2674964284794434,-0.07278511173356504,-0.09638126665166981,0.009013806188259782,0.00023229714212330042,0.002631188733991702,-0.008892539194003157,-0.00262069981587947,-0.0008189923574158569,-7.031138542736487e-05,-0.00018963846655264643,-7.998291519146954e-10,1.4360089253292906e-09,-0.013503907627595124,-0.05386148204422496,0.030888144374188194,0.0017754328222314136,2.997703471628414e-14,3.158707155429333e-14
5.2800,-0.003651645647545007,0.00015077328468096583,0.26706245061111156,-0.07348400043384799,-0.0959673566550635,0.009071441564892624,-0.00018790467330805587,0.0041821835978575,-0.025763420703231822,-0.0025577541583056643,-0.0016188735935879473,0.0005534180882773184,-0.00014158458560632327,-7.998265725824099e-10,1.4360115474479716e-09,0.00512387206832112,-0.04526340113890844,0.03975627536478,0.0028063774621386057,-6.547307184259776e-14,-6.37577691380356e-14
5.3000,-0.0036273781805348324,0.00020433673019180096,0.26668823419533105,-0.07425103403387039,-0.09561681839238964,0.009139948327477285,-0.0006296718727356675,0.003974794532430466,-0.01633663973374771,-0.0005719426635640214,2.267198368369968e-05,9.188591854650457e-05,-5.513102104371473e-05,-7.998231664136844e-10,1.4360150064339316e-09,0.030701542234340247,-0.009939205006331995,0.016793126177741157,0.0038092020349219566,-1.6996804354588169e-13,-1.6827433001707914e-13
5.3200,-0.003622339926200376,0.0002629492173989294,0.26646992353336424,-0.07505480208870689,-0.09541932017634204,0.009219433344808388,-0.0008266713550623856,0.0031469715641179543,-0.0013443170805908654,0.0010909221894978562,0.0012879392261187527,-0.0002533771127651961,3.153077357282174e-05,-7.998212010758525e-10,1.436017026137184e-09,0.05977136183837376,0.03761418826636457,-0.016553230964121347,0.004200171367607217,-2.6718931971439486e-13,-2.655431213458015e-13
5.3400,-0.00364319088725528,0.0003207772889917688,0.26655304129794055,-0.07588152062891095,-0.09557912298037609,0.009314610323432317,-0.0005177389954877509,0.0026039920025167107,0.0027719836635954082,0.0012501305189551435,0.0007325291436695666,-2.508914551652394e-06,9.611469505218894e-05,-7.998215846845249e-10,1.436016695893838e-09,0.03799302567390751,0.019055808020789308,-0.007458533128350591,0.002865023642971463,1.6266843557918853e-13,1.6588651025745138e-13
5.3600,-0.0036748687233765748,0.00037301988946355526,0.26681343265917307,-0.07669544578007546,-0.09593422969199795,0.009415226885260601,-0.00022412545054372474,0.001245181878959876,0.017138576825766482,0.0018826654452823962,0.0010744373157504717,-0.00029130798638992605,0.00014562436480228364,-7.998220855711156e-10,1.4360162461166048e-09,0.027777039844352223,0.01631090479087402,-0.021995039102860527,0.0023513160036357705,-4.006285320851122e-13,-3.9906370308956385e-13
5.3800,-0.003718600332996968,0.00041550383844190413,0.2672967016104306,-0.07748775679933038,-0.09658880209061174,0.00952306215872267,0.0003177714869136481,8.814934533640033e-05,0.02435930070699658,0.0015019447620200912,0.00023941987462900889,-0.00026718040742567973,0.00017349271977893296,-7.998247656500933e-10,1.4360136175498347e-09,-0.0918466951206839,-0.13793932093718164,0.04778879247886262,-5.582072827045847e-05,-4.3790432434701043e-13,-4.363564089053529e-13
5.4000,-0.0037459971705467287,0.00044418405368731325,0.26771333805040565,-0.07821803283581158,-0.09717264478635788,0.009618908658749398,0.0007648487673132546,-0.0002746667250832005,0.019920909189738736,0.0009434308794007124,-0.000713574574002224,-0.00010726349350833918,0.00018039275400141865,-7.998277418658706e-10,1.4360106881083555e-09,-0.04729416126370691,-0.07438232677290778,0.018400558910558834,3.290478128151906e-05,-4.758312884337035e-13,-4.742986060325693e-13
5.4200,-0.0037695033311454652,0.00046065040169605007,0.26815655075516165,-0.07888455704697807,-0.09783994340009035,0.009709563387710904,0.0010692063490755385,-0.0011686507176251783,0.023582839582627572,0.0010255794678933857,-0.0007302315238400937,-0.0003827781453560977,0.00019018475510994938,-7.998302200856892e-10,1.4360082626633925e-09,0.05580543792109761,0.0740682085947825,-0.047463352823980905,0.0009940712953964532,2.16705586851898e-14,2.476335719055374e-14
5.4400,-0.0037765322155441524,0.0004630283160257341,0.26849946890520177,-0.07946666559305544,-0.09843269674458738,0.009786056026947345,0.001419046253924783,-0.0009409440312039856,0.01051846005290726,-1.0992782438022446e-05,-0.0022325272155187753,0.00010952771073287186,0.00018143049163947284,-7.998368504032506e-10,1.4360016736511312e-09,-0.14575860695531942,-0.20962347788582902,0.0957115060644291,-0.001793932077380868,-5.26114742049888e-13,-5.245563098471573e-13
5.4600,-0.0037483312395972315,0.0004532922618237269,0.26850008797352676,-0.07992178643839422,-0.09858616505488808,0.009831592769582561,0.0013779351864908777,-0.00046321596634198636,-0.0017341930314506819,-2.8209897328979663e-05,-0.002482390434344399,0.00032578215556307885,0.00018266851728427933,-7.998419423726422e-10,1.4359966340558906e-09,0.07422545750455617,0.09159849266978018,-0.03701971847463107,0.001227739787506726,-2.974424634545614e-14,-2.6558301320948538e-14
5.4800,-0.003727551901508795,0.0004371593922566615,0.2685622652591867,-0.08027685681762897,-0.09883960461430831,0.009872824224890208,0.0013353215868029584,-0.0012632627172171314,0.004495537461584051,0.0008607696108869596,-0.0014306237301612318,-6.170162946672039e-05,0.0002025233008525725,-7.998471429197273e-10,1.43599148410248e-09,0.023419988533596402,0.02661095255737301,-0.006985369270545144,0.0007189530219121714,-4.91292119833564e-14,-4.595554216032041e-14
5.5000,-0.003699827680352883,0.0004126437462159341,0.2685674215096778,-0.08050996760041776,-0.0990052282335107,0.009899448875702445,0.0013915773152220923,-0.0014435223336947633,0.0016419899103534276,0.0010129642252101802,-0.0013254037792136805,7.21042372918483e-05,0.0002090936351675845,-7.998525891517004e-10,1.4359860855208466e-09,0.08684042400533869,0.11885807142155999,-0.04625743798963762,0.0012443276606533102,-6.537318971745754e-14,-6.220581504328554e-14
5.5200,-0.0036719689729838483,0.00038033350094297927,0.26859788298916587,-0.08062604743306817,-0.09918412384866149,0.00991611361752122,0.0015864554444847468,-0.0014972372940321534,-0.003725616513705429,0.0006333525000196329,-0.001846459228875971,0.00045426124021657246,0.00020510781930032629,-7.998603895906723e-10,1.4359783291914006e-09,-0.09192981351828708,-0.12886610731632936,0.07280134551794455,-0.0014214154105684222,-6.056622217642804e-13,-6.040611804161711e-13
5.5400,-0.003620716124982512,0.00034003460169117764,0.26841139756371485,-0.0805935762699467,-0.09900710535756321,0.009905416877228096,0.0016275591097455046,-0.0010631852000990217,-0.013444575791759391,0.00047605053999123564,-0.0020668422195651167,0.0008029200974106562,0.00019667039270547122,-7.998670890594448e-10,1.4359716780550198e-09,-0.004334183449791336,-0.006605015526970689,0.015923296543100155,-0.0004216845034539192,-6.098847555452425e-13,-6.082609459515109e-13
5.5600,-0.003561988372294679,0.0002957743736391342,0.2681445930904022,-0.08042147608781271,-0.09863563381581529,0.009876952654483248,0.0015757808267568656,-0.0012819059315301615,-0.012244700900645273,0.0009150503933394756,-0.001437673272455397,0.0007202807566001432,0.00019499157344781518,-7.998737810242372e-10,1.435965035004842e-09,-0.020217292936102912,-0.02523726500267091,0.01891264780007041,-0.0006283950164240327,-6.022074115416554e-13,-6.005628936864293e-13
5.5800,-0.003497434861750554,0.00024872935042049134,0.26781269102110095,-0.08011022066665532,-0.0980730395193465,0.009831781358859768,0.001536035952570215,-0.0011832921207596734,-0.014963277272997271,0.0011082135903625302,-0.0010761625811772238,0.0007266716400567487,0.00018519525632605078,-7.99880841460342e-10,1.435958025705309e-09,-0.01861254322773442,-0.018792771446764243,0.012138216274295503,-0.0008724326291507941,-5.847376619363964e-13,-5.8306636428751e-13
5.6000,-0.0034214937869804308,0.00019938063377445504,0.2673545610995729,-0.07965580970922398,-0.09722602709406028,0.009766453699916269,0.001509431720495664,-0.0003165364092228939,-0.028083395393551654,0.000532998817785378,-0.0017312363559971948,0.0011402806468573056,0.00016093934462457887,-7.998879142938786e-10,1.4359509966098163e-09,0.025211848602796093,0.042249686782629005,-0.010270512657324895,-0.0008097736375524403,-2.5724197484601127e-14,-2.2378749379861965e-14
5.6200,-0.0033625207925248443,0.00015242802898475397,0.2670223380804524,-0.07908980778814176,-0.09644974830589226,0.00970042757148871,0.001249925893322595,-0.00134205726969255,-0.012445079721053836,0.001715595127216948,0.0001551518948329391,0.0002692495716428082,0.00015317126980660256,-7.998919508352114e-10,1.4359470151376642e-09,0.0563715284257219,0.09696203151147403,-0.0533928355346794,-0.0005290980177413674,-5.301618519193418e-13,-5.284853501000275e-13
5.6400,-0.003335254205552171,0.00010663745946141087,0.2669953535355481,-0.07845224774867322,-0.09604417308957336,0.0096474194703888,0.0012041189408142764,-0.0023639870441301432,0.0004472064601652179,0.0017938057279316515,0.0007884241707115719,-0.00026811859939821495,0.00012080315023722991,-7.998960772571007e-10,1.4359429394670992e-09,-0.09003291553647778,-0.09345511379447666,0.027703423383863033,-0.003135699263058181,-4.60898951382821e-13,-4.592406099498958e-13
5.6600,-0.003298532140270138,5.7808260769683095e-05,0.26686180370752727,-0.07772673681194422,-0.0954851730900788,0.009582520703593536,0.0011056821617773725,-0.001858077119051086,-0.007797598442129498,0.0005502598120246177,-0.0003009068158355516,1.1920675993718013e-05,5.7675199356579875e-05,-7.998998977919045e-10,1.435939166791541e-09,-0.014472011019996818,0.011001033373865477,-0.014967995231695059,-0.002696059301715582,1.2292873967020834e-13,1.262062557325777e-13
5.6800,-0.0032955004424528554,1.1955089143510732e-05,0.2670107329127826,-0.07698199092157998,-0.09536861354456022,0.009536456409748742,0.0007760469258766409,-0.003169280872442004,0.011612826122401564,0.001112407701750301,0.0012041666804686456,-0.0010162420022142976,1.3983395538669082e-05,-7.998998735598229e-10,1.4359392457486724e-09,-0.06937741060051766,-0.05446211246812559,0.003953336652074612,-0.003412097509025653,-3.1763318104199856e-13,-3.1603560914084117e-13
5.7000,-0.0032893177905537474,-3.509545187241219e-05,0.2670883289700331,-0.07621790951523114,-0.0952563548207331,0.009488498055295932,0.0005611822244831958,-0.0024915115399097064,0.0019131917308305372,-0.00017322157377321225,0.0002632493476276489,-0.0008238459439161648,-6.032474453265221e-05,-7.998999594236477e-10,1.4359392112973355e-09,0.03458169747332615,0.08501871375095964,-0.04813837633567708,-0.0023110059709428054,2.715041191002354e-13,2.7469205295810317e-13
5.7200,-0.0032954516348970217,-7.909948445608557e-05,0.26721348229021596,-0.07547848886871494,-0.0953453136148746,0.009450497339459182,0.00019962643514511414,-0.002456060727826688,0.003432698067393541,-0.0007926715605514252,0.00012322759949908146,-0.0009178875812000005,-0.00011546227576715038,-7.998991161586011e-10,1.4359400990949026e-09,-0.06961511830879694,-0.06076391777173448,0.026440177332327543,-0.0032444479410357486,-1.6072470502941083e-13,-1.5912076344049009e-13
5.7400,-0.0032858626775835063,-0.00011973941512781724,0.2670882296421942,-0.07475979645488551,-0.09521659186037618,0.009405400464655342,-0.0002864352535060364,-0.0014257369811172716,-0.006827374168372096,-0.0016096766597062785,-0.0004307143057712112,-0.000553009786851903,-0.0001669046293710216,-7.998976690762653e-10,1.4359415915119726e-09,-0.0575200063681806,-0.055714949266434964,0.03387526078087065,-0.002308595462684704,-1.0146455886855116e-13,-9.981387461346913e-14
5.7600,-0.003296466432593085,-0.00015073146185237408,0.26705415959159556,-0.07411548111114954,-0.09532401965023497,0.009376879595031029,-0.0008199045718149569,-0.0015477762914788253,0.0017748571680251536,-0.0008770028951514351,0.0009898624702980212,-0.0010051502271690327,-0.00018472077508538073,-7.998927912445928e-10,1.4359465223076331e-09,-0.02128231323825274,-0.0078118574464281845,0.01256389242265104,-0.0012404413513073653,-5.25798141462995e-14,-5.098348230137689e-14
5.7800,-0.0033183232675047486,-0.00017353340765354806,0.2670708830141872,-0.07356419811389199,-0.095592541297081,0.009361698919961307,-0.0010751043952297278,-0.0010852347428994941,0.0006838232094979077,-0.0011094784228935775,0.0010627834249793552,-0.0007300662791532534,-0.0002058081091541587,-7.998874191386277e-10,1.435951947005107e-09,0.04638297412629053,0.07930217830281926,-0.018540429642270415,-0.00022546645810823693,4.85428375014002e-13,4.885964679721133e-13
5.8000,-0.003351586718924728,-0.00018753888206492816,0.26716852452854767,-0.07312770462540884,-0.09603584746323351,0.009361595989800157,-0.0012173884959513226,-0.0010863783323247372,0.007059842542300902,-0.0009117613530084966,0.0016040216359084567,-0.0006743994252405278,-0.0002123559913608211,-7.998817468039956e-10,1.4359576666789737e-09,-0.00017616901384634538,0.013139873531856198,0.008315492038239685,-0.00025882308649464585,3.1361510068571297e-14,3.291264423542842e-14
5.8200,-0.0033824135588771524,-0.00019427755789080874,0.26725259560767406,-0.0728137594104451,-0.09649353613015656,0.009369952371885976,-0.0010848929445528698,-0.0002644116198747394,-6.834850802987018e-05,-0.0016424732574506404,0.0008298750196601507,3.2949724466894176e-05,-0.00022296281466319888,-7.998762743823396e-10,1.4359631862086787e-09,-0.08074977354211274,-0.10461754741870141,0.068038119239127,-0.0008202473067997471,6.512306427626513e-14,6.671671949707442e-14
5.8400,-0.0034019156578968712,-0.00019255777302077274,0.2672370600995798,-0.07262020935367589,-0.09679683936522916,0.00938115534554152,-0.0010272168792908789,0.0001400610807666299,0.0013210883241856833,-0.0012445560169753636,0.001375334832113536,0.00014161593744446075,-0.00021224617992590865,-7.998691921879572e-10,1.4359703175140585e-09,0.044043684168292525,0.05810774762751969,-0.013288645778743922,0.001143512995822529,6.589038125878743e-14,6.744459862557256e-14
5.8600,-0.0034249205988451446,-0.00018161867980484787,0.2673017422549552,-0.07256831128086765,-0.09716500165405688,0.009405415658833382,-0.0007511108996265134,0.00037158541831833897,0.004029280954704213,-0.00107202804765802,0.0015401051109977726,0.0003189807044855154,-0.00019457041946684044,-7.998629434242437e-10,1.435976613374986e-09,-0.0642181121420828,-0.09241132230817178,0.05267267864140708,0.0002503775351308238,7.155970152376845e-14,7.312874535526231e-14
5.8800,-0.003421071604832977,-0.00016415149326861014,0.26716175840711975,-0.07262732656752342,-0.09716363439755271,0.009423645670582504,-0.0004069263565086933,0.0017100829307692788,-0.010329293872412663,-0.0016826866648902677,0.0004878217338588585,0.0010798783426593343,-0.0001819163066482745,-7.998577991028599e-10,1.4359818024290671e-09,-0.015623641838644111,-0.0380527675344479,0.030204575611405847,0.0009846015144829236,5.029067033689508e-14,5.19152253196202e-14
5.9000,-0.0034248678861898397,-0.00013673964690392675,0.26714926397545785,-0.07281868097268553,-0.09723153763722732,0.009456021630837622,-0.00013420689460848876,0.001426627689313529,0.0005271551304865238,-0.0007170364813480556,0.0014587742251441931,0.0007158962423936233,-0.00014376394440367436,-7.998513135978084e-10,1.4359883387719114e-09,-0.05677107456223896,-0.09393649530726729,0.043525508179707295,0.0008457227562814554,2.35394487918799e-14,2.513888755365304e-14
5.9200,-0.0034177480551100103,-0.0001030139704629832,0.2670994254062313,-0.07311469628171972,-0.09713150239835706,0.009490613398637666,0.0001691327474934958,0.0015947835545262142,0.0032389951167856148,-0.00025985144880627704,0.0016806700913622721,0.0006230746749579295,-0.00011128853363911515,-7.998449554786246e-10,1.4359947496465689e-09,0.1198525016907729,0.1434010740826874,-0.07442879398165161,0.002812104793507542,4.660389912522489e-13,4.691886527734279e-13
5.9400,-0.0034271693038995747,-6.34844477833885e-05,0.26729820434338064,-0.07353352699998823,-0.09729076177211116,0.009544886818953494,0.0006404314034614297,0.0012712106767432392,0.009942107402120778,5.208862075520833e-05,0.0017788616796598805,0.00030270522350438336,-7.946323954408302e-05,-7.998402690926206e-10,1.4359994845637868e-09,-0.04110632220028041,-0.07103410166529017,0.01650723051475094,0.0008168055363277248,-4.944172648331177e-14,-4.7892577761683014e-14
5.9600,-0.00342957581408831,-2.29813964905461e-05,0.26751590913004514,-0.07404401056583201,-0.0974273638278744,0.009604208003411325,0.0010802040857912963,0.0013800358928665645,0.008337435411540643,-0.0005058657615330763,0.0007223067153046752,0.000427133886210404,-6.323294471465308e-05,-7.998366948601239e-10,1.4360031055663055e-09,-0.08584381860038781,-0.13355269463335517,0.04664148242924558,-3.536494446250745e-05,4.1462140795353597e-13,4.1779465087196654e-13
5.9800,-0.0034217404683326903,1.780575702693245e-05,0.26768081952352674,-0.07462392254896748,-0.09747185371896686,0.009664614186140291,0.0012429170068514468,0.001198526140823648,0.011785242197469643,-0.00019585141305214815,0.0007547212057181507,2.6302893126804992e-05,-3.8336964841383004e-05,-7.998326266198043e-10,1.43600722712453e-09,-0.03720110538273017,-0.06909147085714674,0.008291469469017276,0.0007922564600308785,-1.3782090703060024e-13,-1.3628158389115963e-13
6.0000,-0.003411824281953333,5.812803366617494e-05,0.26785085008901927,-0.07526190296486368,-0.09753889150594125,0.009729708275050599,0.001329446597472189,0.0011246637710986926,0.012294397631742232,4.896136487316306e-05,0.0006911188131004104,-0.0003236725404744557,-1.3306813578631862e-05,-7.998293954312942e-10,1.4360105100259605e-09,0.061798318438904806,0.06601930915028552,-0.05331079220711561,0.0019555665643397027,3.135289879281633e-13,3.166419492058037e-13
6.0200,-0.0034149114322768897,9.665848686146603e-05,0.268172402746431,-0.07595866769160074,-0.0978766620964706,0.009808706480126219,0.0014839248187317796,0.0008555036942146125,0.012965045290139102,-0.0001984589728167135,4.010453768531483e-05,-0.00043310074114532253,6.461980293209564e-06,-7.998283523930258e-10,1.4360115976433428e-09,-0.05662015490151697,-0.0949586875362107,0.02876564107438956,0.0003440404098382702,2.823055916638395e-13,2.8544061645568997e-13
6.0400,-0.003390006810622479,0.0001292071080634788,0.2682141366445299,-0.0766510095446145,-0.09789409156854757,0.009872572361198711,0.0014355240790078242,0.0017590864341242604,-0.0028420591145745127,-0.0010119295300142022,-0.0015087239296057184,8.140352540329969e-05,1.7398061599342433e-05,-7.998294764531263e-10,1.4360105174231466e-09,-0.05247440776882182,-0.09889198587792761,0.04095736174397489,0.0005006338556592288,-2.917250317181763e-13,-2.901380849983093e-13
6.0600,-0.0033240296200410077,0.00015723698275030718,0.2677837390182151,-0.07728452087276305,-0.09728745929703247,0.009906685762106765,0.0010872434122728974,0.003496579584319042,-0.02788565117552188,-0.0015300997203098715,-0.00290918679730884,0.000795556944187531,3.738221302951761e-05,-7.998329839696421e-10,1.436007052579148e-09,0.039997787887566465,0.013726740613410589,0.0031528710847976717,0.0020353728365465214,-3.746899708903517e-13,-3.729931944904119e-13
6.0800,-0.003272739019080978,0.000188007636679176,0.26738535631726923,-0.07786857223193355,-0.09671126774952157,0.009941750856078057,0.0005169913668239323,0.0027431857785606825,-0.01508636921705491,0.0004750805834111208,-0.0009555745407117146,1.1807041899534924e-05,0.00010135289737805511,-7.998351548638847e-10,1.4360049346958324e-09,0.03850571070607955,0.01644113712103787,-0.006203473884349041,0.002732549288033617,-4.556240909732445e-13,-4.539451496990421e-13
6.1000,-0.003253836334891498,0.00021866358509198532,0.267252386837196,-0.07839900698210352,-0.09647951905241661,0.009989033679054363,0.00024059011456281244,0.0014133799684085146,0.0017703234019626267,0.0019827197017537918,0.0005155197166397531,-0.0006221214795906658,0.00016020785990476696,-7.998376244629103e-10,1.4360025206882166e-09,0.04672870098082838,0.042485796834975255,-0.024478107405369907,0.0024934725751294675,1.1625213798874788e-14,1.4846959517931038e-14
6.1200,-0.0032352693489914697,0.00024204804428828988,0.267118234656991,-0.07883003613532578,-0.09622369187037527,0.01002739788187546,0.0002546643702405743,0.001552646894819952,-0.005811033403650396,0.00144096728064865,-0.0006406273938019427,-6.345965057891843e-05,0.00018054731607144417,-7.998435162025816e-10,1.4359966766587554e-09,0.06693941847794806,0.07549888310169939,-0.0333710001301463,0.0018345855287943955,-2.79661886638978e-14,-2.47127452778894e-14
6.1400,-0.003223169531494016,0.0002580354971312111,0.2670413628155915,-0.07915222418017286,-0.0960283206858257,0.01005979852700956,0.0002609755929674629,0.0011956901099453028,-0.006888251687107641,0.001270102744491096,-0.0011350329348410546,0.00010749126294495089,0.00019489433314201054,-7.998500993333031e-10,1.4359901411373197e-09,-0.01816736068792263,-0.036054908555722895,0.01744541052284219,0.00021460823289232262,-4.827125569921431e-14,-4.498722764754645e-14
6.1600,-0.0032167491666146224,0.00026640983126895753,0.2670077486026446,-0.07935252091107155,-0.09587660735767263,0.010084742011462361,0.00013947599860036493,0.0001741750560976436,0.0021332344358969612,0.0018016838425469715,-0.000536722742395049,-0.00023457255661125638,0.00020798327777032932,-7.998561598771275e-10,1.4359841347320195e-09,-0.05069344204486661,-0.07165442829763904,0.02392585830064127,-0.0004107749510632173,-5.930876449677935e-13,-5.914308756280184e-13
6.1800,-0.0032400764097301124,0.00026690984337585615,0.2672850575659835,-0.07946175238405649,-0.09617629325120004,0.010120399035455611,0.00022669059397035252,-0.0013375983537722957,0.01528533112932943,0.0019970539025074016,-0.00011524618503043698,-0.0006337892845689624,0.0002068374040303009,-7.998605090178582e-10,1.4359798367254076e-09,-0.06675974981653446,-0.07956309827189606,0.027992335479110945,-0.0014764319984247637,-4.7420068902386675e-14,-4.421887389669671e-14
6.2000,-0.003277006173924932,0.0002561960806074793,0.2677346119786541,-0.07947924786555634,-0.09677724019075744,0.010158283953454937,0.00034995211580499466,-0.0027379839697718278,0.026391814899313665,0.0020711139503908527,0.00037135951066221746,-0.0010565310759449228,0.00018774300208562947,-7.998633769625364e-10,1.4359770254036585e-09,0.06411036141169743,0.11498821324621085,-0.06661244011817082,-0.0004312045103856491,-2.297582290438152e-14,-1.988193342058152e-14
6.2200,-0.003293431022463713,0.0002311290942090462,0.26802346368002256,-0.07938752345809169,-0.0972447511329605,0.010177121267084649,0.0006107120189287081,-0.0021100130852964387,0.008406581293400417,0.00011838506211285674,-0.0018565598752549105,-0.00017062725053489965,0.00013357772033114086,-7.998707396722113e-10,1.4359697031557952e-09,-0.08391620012836809,-0.09615532980170036,0.04757732281181927,-0.0027701334744800765,2.5457402435006757e-14,2.8653078174012414e-14
6.2400,-0.003285372393071574,0.00019668491677469113,0.2680515857211727,-0.07918438587948098,-0.09742387822410596,0.010172617072785363,0.0004931719320988324,-0.0016621429851924943,-0.002102150874524494,-0.00038769481499364734,-0.0022077434185836984,9.353701865292965e-05,9.755724147871006e-05,-7.998753819077242e-10,1.4359651086874448e-09,0.012670075284187038,0.03249467897993079,-0.0042485379528378,-0.0011982864846939475,4.7473777567506176e-14,5.0685855252502465e-14
6.2600,-0.0032830203224797137,0.00015906375359296402,0.2680978202863433,-0.07890693446367418,-0.09767848237179555,0.010164817063316444,0.0002876131358064072,-0.0022289585821045296,0.004035916310372099,0.0003673554749534421,-0.0008516216614418123,-0.0003359446547972233,8.51697400098917e-05,-7.998779432984939e-10,1.4359625998454066e-09,0.05362873050772496,0.09229021288422408,-0.03352299319447993,-0.0002977068120661038,7.346108042618343e-14,7.662852286299121e-14
6.2800,-0.0032764110627649563,0.00011783222609485647,0.2680926994320685,-0.07856092525804746,-0.09788860693307096,0.010148493460545277,0.00027474531946681234,-0.00200349715011269,-0.0012906602824305545,-2.364915711953914e-05,-0.0010555587634317857,2.6716428611645853e-05,6.094930556477552e-05,-7.998819124600141e-10,1.4359586767661649e-09,-0.010438516169310718,0.0016208619072523847,0.016645371723194607,-0.0011402786805422775,1.1161724485213992e-13,1.148223497619144e-13
6.3000,-0.0032546344392799667,7.433804250676169e-05,0.2679309034647303,-0.07814632128267601,-0.09787111808358853,0.010116754831380519,0.0002790152507301423,-0.0011832063345699826,-0.013475737846727509,-0.0005201535911648718,-0.0014544356443134939,0.0005744305706896784,3.649972410658147e-05,-7.998857075267188e-10,1.435954926690665e-09,-0.04654544544020889,-0.05351143158033576,0.046470742321189494,-0.0014252171760877868,-3.8568898508978267e-13,-3.840484245724862e-13
6.3200,-0.0032065282975122246,3.1529729642441114e-05,0.267481562334813,-0.0776525952484792,-0.09738509223854348,0.010061125421038217,0.00014773210449072833,-0.00012976921812816233,-0.025723572953870726,-0.0006572300219490345,-0.0015113417868660261,0.0010672698961173605,2.1273007644924303e-05,-7.998889855012631e-10,1.4359516951085348e-09,0.03274481084345972,0.04899633463747275,0.00031248769862510977,-9.568277686062347e-05,-3.664589790473849e-13,-3.647643168416814e-13
6.3400,-0.003160139332921425,-5.379957939976315e-06,0.26701521660883015,-0.07710915299053955,-0.09675997574700293,0.009999947060558423,8.466231989874432e-06,-1.3353039017144577e-06,-0.023199271718038723,4.695984671943999e-05,-0.000461656336343203,0.0009639338381190032,2.2581940444498107e-05,-7.998908788269287e-10,1.4359498519281141e-09,0.06798273210887433,0.09858088775482511,-0.0278267138864737,0.0004144498192113868,1.7214501308801533e-13,1.7545120629784694e-13
6.3600,-0.0031245591902702833,-3.587078984412344e-05,0.26664804655977353,-0.07653475136513935,-0.09613804270443478,0.009940641700440067,4.254493266205625e-06,-0.00012053111412758798,-0.017753533572941464,0.0005763990907838481,0.0004256666444027303,0.0007815825998994511,1.9363975283461142e-05,-7.998926029598364e-10,1.4359481796480698e-09,-0.010101437573443686,-0.004076496903972889,0.008850935849035131,-0.0007494865020359344,-3.0843686979475926e-13,-3.067203067051716e-13
6.3800,-0.003083873734961863,-6.174464988981244e-05,0.26623561931103,-0.07592465039157173,-0.0953172719333577,0.00987433182190442,4.0543074234457605e-05,0.00030358910640567404,-0.020296308707381246,0.00033098133762878316,0.0002783019833403134,0.0009320079265689741,1.448727314880559e-06,-7.998945815389482e-10,1.4359462451971795e-09,-0.07340680000106574,-0.09053076521992261,0.041472752129943495,-0.0017129793042152165,-2.723270285491519e-13,-2.705615137314765e-13
6.4000,-0.0030564488370613254,-8.095666217810895e-05,0.26594782098235153,-0.07530779108900679,-0.09455510792592056,0.009814284665151538,-1.2709014382127657e-05,7.260505330697454e-05,-0.012915140742125932,0.0006639677853879362,0.0010119093751234185,0.000483456587880407,-1.6601806331964444e-05,-7.998939539486832e-10,1.4359469281823971e-09,-0.0029401173305758353,0.011862988941178057,-0.015342324754499178,-0.0012506764785281648,2.629008664413457e-13,2.662099056818801e-13
6.4200,-0.0030328566458597095,-9.549069111187154e-05,0.2656926545436666,-0.07469194112738606,-0.09376661914397288,0.009756625617533916,-3.072089894009642e-05,0.0004894902553266551,-0.016050542055153865,-4.72136758154579e-05,0.0003873964274441671,0.0005180435813179752,-5.277811090974642e-05,-7.998946792248593e-10,1.435946248696633e-09,-0.09677100684579124,-0.11635733607088238,0.04115470326475492,-0.0026144654386260776,-1.860143441188844e-13,-1.8423457204264082e-13
6.4400,-0.003001993873229364,-0.00010491758868723923,0.2653169511133151,-0.07407467197891036,-0.09277322103722412,0.009694730604019632,-0.00027664393998436994,0.001138665845186053,-0.021027971725820285,-0.0006184788421295297,-0.00010005313691334344,0.0004762799959524048,-8.901697775329307e-05,-7.998946533377705e-10,1.4359463211183295e-09,-0.10397011547557104,-0.12973687997353517,0.04717368712517971,-0.0026002189803201676,-1.4928620947936289e-13,-1.4745851566709545e-13
6.4600,-0.0029961109033682094,-0.00010534142874898395,0.2651027873344139,-0.07349521711790255,-0.09200701888005675,0.009649508720803451,-0.000833606542863446,0.00046723998609530723,-0.0048532243806470865,0.0004075500310709544,0.0015527331079495095,-0.0005827887406375155,-0.00010284997400584462,-7.998905856319084e-10,1.435950444211635e-09,0.0631935870519771,0.10310416537968091,-0.06715158225427346,-0.0006198408237750962,3.5544652074101513e-13,3.5873105701245134e-13
6.4800,-0.0030242649128863863,-9.91626085089712e-05,0.2651651907283724,-0.07298684044393544,-0.0916973614616235,0.009629578156692891,-0.0011765442135765396,7.575807046229343e-05,0.0038598193716937934,-2.0994866874121378e-05,0.0014150440843587865,-0.000981182470040127,-0.0001378568284816984,-7.998882635737267e-10,1.4359528161841674e-09,-0.15591797505167865,-0.1894028076459208,0.06771488892708394,-0.00332220145378214,-6.296582721367072e-14,-6.12280544190838e-14
6.5000,-0.003037148053436507,-9.038895631651399e-05,0.26498964693747307,-0.07251778755405978,-0.09116904602228945,0.009604946392657538,-0.001589946966691148,0.0012076097973014628,-0.009268429911244169,-0.0010864532219061333,0.0002943340411588241,-0.0006751783268405205,-0.00018016085804956714,-7.998849808472597e-10,1.4359561479734866e-09,0.051065099530716446,0.08107813434323827,-0.04441564765306757,-0.0007013591092841808,4.3200658978934103e-13,4.353042449070643e-13
6.5200,-0.0030631375697144237,-7.433006824659308e-05,0.2648188406530577,-0.0721207965727159,-0.09077220527086333,0.009592849950461044,-0.0022111068396140935,0.0015800170287018542,-0.009362698289889,-0.0011614228789089045,0.00037585372334795136,-0.0008343846834605018,-0.00019843607231804377,-7.998817039334718e-10,1.435959470700808e-09,0.027636310863645187,0.04421362194735605,-0.02197377107523542,-0.0004042660878518555,4.5104105996993105e-13,4.5435015342057405e-13
6.5400,-0.0031176327584719545,-5.0313860157948724e-05,0.2648199573795717,-0.07182194249107549,-0.0907478779000927,0.009603543390853408,-0.002801264424969272,0.0012651104938251763,0.00033964667733738364,-0.0008356733752706508,0.0009740181415165332,-0.0011705023028556318,-0.00020348287649034886,-7.998771511460669e-10,1.4359640734945819e-09,-0.06903657568947978,-0.08593429702635166,0.040268697382333025,-0.0010789267540772048,8.04594733124376e-15,9.786608508180819e-15
6.5600,-0.003188997753140405,-2.0536129718532405e-05,0.2649055384572507,-0.07162355918700274,-0.09097483977874067,0.00963092611676142,-0.0032551713589647016,0.0011095579101414862,0.006886254739350342,-0.0006455885438380627,0.0013510526636047258,-0.001271827900611717,-0.00020463205758173108,-7.998712998355503e-10,1.435969977519594e-09,0.007654831267469991,0.01601280053419599,-0.002890402501767002,9.458967166250647e-05,4.865847308410665e-13,4.898231343100634e-13
6.5800,-0.003280376933509761,1.3635850780955486e-05,0.26514892554255626,-0.07154463470712819,-0.09155396482322592,0.009678611068017188,-0.003413039969843314,0.001067941180480279,0.009512084283524899,-0.0009573371623710715,0.001064435732325954,-0.001053402123826764,-0.00020504588511139165,-7.998660186149635e-10,1.4359753073997266e-09,-0.06590188694195794,-0.08428302264114695,0.04922185998379133,-0.0005592717050060707,5.074381670064354e-13,5.106682221187042e-13
6.6000,-0.003354746204452021,4.9717461636244854e-05,0.2651951581954996,-0.07155582780284211,-0.09195818385405129,0.009723960622224465,-0.0034916607382963457,0.001796682929070621,0.0012381363024834492,-0.0015993116422331269,0.0001788377902188727,-0.00036348369528254096,-0.00020343471038834622,-7.998615044465323e-10,1.4359798677064758e-09,-0.03187928427625946,-0.04877119062630271,0.04031480000234205,0.00033698969062993106,5.038296169157519e-13,5.070902465292848e-13
6.6200,-0.00343926097460676,9.092899459605616e-05,0.2653298058631472,-0.07168180245860324,-0.09254027262346576,0.009783179138258262,-0.0035420085319388733,0.0016413240081360324,0.007015041954730223,-0.0008703785815354408,0.001013824657540786,-0.00042684770681787745,-0.00017528657719755774,-7.998553575932626e-10,1.435986066518925e-09,0.0008240591109064055,-0.007205414860691744,0.017092688814120238,0.0012850581147416766,2.1972752935715822e-14,2.362597828963961e-14
6.6400,-0.00351366140320677,0.0001344249295174572,0.26539729024940445,-0.07190351892733157,-0.09303886952053189,0.009844141879811875,-0.0032868799271645057,0.002198661992633113,0.0002719229066162865,-0.001209121016007182,0.00033406280230093916,0.00023469568628466925,-0.00015240645680708557,-7.99850864077172e-10,1.435990607435885e-09,0.05671202382016523,0.06162323479094789,-0.0060766303753111,0.0019483904565349378,4.689408041567977e-13,4.721709134791752e-13
6.6600,-0.003595626968958797,0.000182118958167604,0.26558872413940054,-0.0722289574944601,-0.0936726005107322,0.009916814858665792,-0.0031331448006983605,0.0011787084351331468,0.018818946541337273,0.00018921828956277906,0.001901976106483912,-0.0001762219395731811,-0.00010443296028745453,-7.998446367984452e-10,1.4359968895491533e-09,0.10107874483641409,0.12406502512831186,-0.05118080596307461,0.002959511580445868,4.398540451137911e-13,4.4300218875192865e-13
6.6800,-0.003696914509588387,0.00023079080701010743,0.2660981556867426,-0.07267577076609202,-0.09470940234354222,0.010010871303428032,-0.0024460385113742036,0.000351819933399794,0.02922469803696538,0.0003631492989166037,0.0019599429142746387,-0.00014388298664348232,-6.792403129952487e-05,-7.998397480569817e-10,1.4360018299172307e-09,-0.07282392075584888,-0.10458329682220278,0.047748247068369075,0.0006619424401442181,-4.451527444186351e-14,-4.296606473386255e-14
6.7000,-0.0037706214528952673,0.0002748708792193348,0.2664849502056111,-0.07319913767344585,-0.09553131830564629,0.010097991065746771,-0.0016528177302070706,0.0007489664018157136,0.020200485187228914,-0.000379319576943672,0.0007770428793401547,0.00046599542380754106,-5.315170525316345e-05,-7.998360281736733e-10,1.4360055952996592e-09,0.025593193218719404,0.02332276835676616,-0.011538187220133812,0.0015571541337277312,-7.63626358327163e-14,-7.482103586871347e-14
6.7200,-0.003825129442156672,0.0003158514221496671,0.26681442304548475,-0.07379462739246548,-0.09621943147731703,0.010182081472371887,-0.0009578950363449074,0.0008274043198748243,0.016597172542818263,-0.0006145056080551478,0.00018641021845670837,0.0007065157531426681,-2.9795851584902918e-05,-7.998334939903338e-10,1.4360081748429007e-09,-0.06968225239501882,-0.11073293554563549,0.04720850086086934,0.0006244636013330368,-1.0963593314455844e-13,-1.0806497840673557e-13
6.7400,-0.0038575222469906375,0.00035377986030200783,0.2670414751493968,-0.0744417279197254,-0.0966991462154829,0.010259453157086748,-0.0003722370575436379,0.0009517312635933513,0.012826002017466767,-0.0004969831114554706,-2.771388999355401e-05,0.0007668667432973437,-1.1316190117879936e-06,-7.99830819864534e-10,1.4360108977840358e-09,-0.006487288195877383,-0.028930726693917476,0.008139515579910777,0.001428548719420797,-1.6204103488702548e-13,-1.604783200857135e-13
6.7600,-0.0038881203347365684,0.0003897447098052789,0.26735838483992636,-0.07514201975047119,-0.09724050600395263,0.010341521893716099,0.00015819361354190768,0.00034530591458379966,0.01941763000090104,0.00020686957411916187,0.0005370751206714487,0.00037589203411806386,3.657960217887216e-05,-7.998281263667383e-10,1.4360136429061177e-09,0.016974110915948054,0.005298343379236324,-0.014232931429396824,0.00175064935863076,-2.1437612427420427e-13,-2.1285905438435393e-13
6.7800,-0.003915466452439425,0.00042093668602862086,0.26776656594600107,-0.07588263259826952,-0.09786834904163338,0.010427389708865217,0.0008111384266551686,7.866945872540372e-05,0.018368210328879732,0.00016589066077608974,0.0001455018963212653,0.00031530232727861073,6.422580720733665e-05,-7.998265097816718e-10,1.4360153119793633e-09,0.045944662274152163,0.04770436549625761,-0.031949882293254184,0.0016281408322581193,2.490538157651212e-13,2.521523571538675e-13
6.8000,-0.003938347473919498,0.00044599905972458436,0.2682426486107916,-0.07664852751750512,-0.09857623974344315,0.010515531279565641,0.0013433595875348473,-0.0007364025832066611,0.02511817618877763,0.00048225043615747075,0.0003150937509749683,-2.708631001301668e-05,8.874476315835333e-05,-7.998251983102597e-10,1.436016672446224e-09,0.05918647792017033,0.06959241137765937,-0.04812704220693236,0.0017123945862870511,2.1347233334322036e-13,2.165305153060959e-13
6.8200,-0.003963286078124288,0.0004636706003167251,0.26884879378165877,-0.07743637530732063,-0.09948707564614494,0.010610184644461547,0.0019049069527280044,-0.0017297547855623819,0.032717559605465255,0.0007338176666002225,0.00046782089500276583,-0.00044284960795035254,0.00011040091114821733,-7.998243515189813e-10,1.4360175704691995e-09,0.019099336096370108,0.019833043349803233,-0.028658145342491687,0.0010849428304392672,1.8598591091691097e-13,1.8900262214668895e-13
6.8400,-0.003959943242988779,0.00046985891899971565,0.26928144809558074,-0.07820570441057008,-0.1002030320353133,0.010690817434696558,0.00243042130256013,-0.0011009070597495173,0.015951812628146246,-0.0005539513779698188,-0.001496931691442826,0.0002242744771391541,0.00010746580725474276,-7.99826709793283e-10,1.4360152554203308e-09,-0.0018548634669008218,-0.01577624305579367,0.0032381250350498976,0.000388750432312247,1.5604333688905292e-13,1.591261573462982e-13
6.8600,-0.00394248514143224,0.0004680251003433569,0.26962699536275725,-0.07894848945283625,-0.10084478217223958,0.010763500719914249,0.002666577304895587,-0.0013463615547079726,0.014237889635508743,-0.000297766354344662,-0.0014218373243349992,5.731736591468954e-05,0.0001240501571600117,-7.998278196238264e-10,1.4360141954990964e-09,0.05382968369372727,0.059738504058591324,-0.030630923096241172,0.0013588660402879718,1.1297266019807267e-13,1.1604091168862518e-13
6.8800,-0.003907886546073048,0.00045810850902052667,0.26984363197730593,-0.07964180002983119,-0.10134219714911329,0.01082379648217021,0.0028543841703792677,-0.001167509429239288,0.006611572932984015,-0.0003693139007665595,-0.001814279658195082,0.00021024340422298596,0.00013842399234732997,-7.998310179964368e-10,1.4360110378281672e-09,-0.0244025074668957,-0.05247760062856534,0.02798228120889884,0.0005308698770514695,-4.715854985161416e-13,-4.701258371313244e-13
6.9000,-0.003853862602970334,0.00044078152487671973,0.26989265785823885,-0.08026009504556987,-0.10161437119582753,0.01086702133522109,0.002954234953328149,-0.0008572831776471116,-0.0019334987392145907,-0.0003690045731891137,-0.0022394475709379205,0.0005174726428766325,0.00015897209167625923,-7.99835947661464e-10,1.4360061585278073e-09,-0.06056289225953277,-0.10716646086257911,0.06043358392327979,0.00018812624818482582,-5.236679145870227e-13,-5.221575125405331e-13
6.9200,-0.0037888834964039486,0.00041813221772440615,0.26983927458742557,-0.0807863366637244,-0.1017153911004413,0.010895453366792499,0.0029676717390271327,-0.0009048979186226192,-0.004218423438575541,0.0002796428212675956,-0.0017668387542372434,0.0004898900367560126,0.00018740049641528654,-7.99839787121685e-10,1.4360023704644096e-09,0.06466083598105768,0.0699717695623759,-0.02154758812252955,0.001790613568874646,-1.882621866017807e-14,-1.567709585195351e-14
6.9400,-0.003708735287969356,0.0003893210188633428,0.2696533864858485,-0.08119608894997926,-0.10157136070606766,0.010904089809073769,0.003045276564157718,-0.0002537216583382723,-0.01683179377535362,0.0001237860576639646,-0.0024068538363824278,0.0010096942493786748,0.00020534215863442497,-7.998472851212072e-10,1.4359949193974615e-09,0.011973482199146039,-0.005436904843970639,0.018867703849992395,0.0008757279348761511,-5.6790218415456867e-14,-5.356597056107443e-14
6.9600,-0.0036066103653025644,0.000355995496333754,0.2692371204987166,-0.08145228555871073,-0.10099634290206697,0.010884021362932527,0.0029297647048435412,-5.391121159486023e-05,-0.02066812231805744,0.0006536922211785733,-0.0020718151990193954,0.0010863152095065953,0.00022683845904861448,-7.998543240685808e-10,1.4359879223418711e-09,-0.0353669278453116,-0.07173219176116871,0.04175038276120884,0.0004879640081974719,-6.540362869345007e-13,-6.524111762981621e-13
6.9800,-0.0034801069371451624,0.00031937301667036167,0.26854698769873653,-0.08152343840604555,-0.09988525992186774,0.010830085766724909,0.002738920479849815,0.0010211171708394934,-0.035641847019356854,0.000791712337992815,-0.0023702093063817406,0.0015080024919866708,0.00024298580186196588,-7.998634940284976e-10,1.435978802450641e-09,0.11720810719241193,0.14256574020704518,-0.054836868080802945,0.002110599035618862,-1.432739289621704e-13,-1.3994691907062706e-13
7.0000,-0.0033934234131377007,0.00028556239905851204,0.26820618855457684,-0.08145961387799269,-0.09910466225047053,0.010785843935656268,0.002590275817053988,-0.0008719847377236147,-0.010370609046859831,0.0028375860948566477,0.0002627361465794298,0.00026816435989125643,0.0002798690930829592,-7.998699259498451e-10,1.435972426509362e-09,0.008327614637448376,0.010703795044054762,-0.01696525512085678,0.0003944381037389954,-7.08090704126807e-13,-7.064602808998233e-13
7.0200,-0.003324582916837411,0.0002469059900593657,0.26806351317804394,-0.08124929832406386,-0.09849251248815852,0.01073986056026136,0.0027487271786805537,-0.0012176068372909987,-0.011034718815421665,0.0022043284723376375,-0.00047279690513489357,0.00037197011477588937,0.0002616509065232025,-7.998783085040444e-10,1.435964092822865e-09,-0.04218217240021402,-0.04720472450365223,0.012759968051133773,-0.001745162403618084,-1.3106773695883978e-13,-1.2779230798565244e-13
7.0400,-0.0032260025411675964,0.00019993729405205104,0.2676107726180984,-0.0808417469531791,-0.0973716172085147,0.010659115397564358,0.0026021977168182724,-0.00015817641820622933,-0.0287652240005594,0.0008379094942699777,-0.0021579656252793417,0.00096059722438154,0.0002142213684079441,-7.998883540371077e-10,1.4359540910400835e-09,-0.014893926893563279,-0.011337347288207678,-0.002229560196561616,-0.0018635550369396397,-6.580161762692605e-13,-6.562732128567728e-13
7.0600,-0.003137833020455349,0.00015261062666196987,0.26716332913073215,-0.08027233904328335,-0.0962072241177977,0.010570043549283701,0.002068173557699309,-0.0007909088328658141,-0.019931455297586005,0.0015454917586174108,-0.0009025771507257563,0.00012380304347492792,0.00019035805477509866,-7.998952863983684e-10,1.4359472110725544e-09,-0.003774702536223957,0.012882982471442775,-0.023970345410523102,-0.0017151159464201123,-6.25629105813208e-13,-6.238988275661383e-13
7.0800,-0.003067634627687953,0.00010477132347190595,0.2667927936832504,-0.07956324768550943,-0.0951487220580798,0.010480061364424675,0.0015541401970414685,-0.0009540415126725323,-0.01855954693733922,0.0013753861565550512,-0.0006887393035699793,-0.00027230854461562085,0.00014792196059935732,-7.999019011350333e-10,1.4359406470814435e-09,0.019543159167897724,0.05303526621366171,-0.03776377322666521,-0.0020059663442957053,-4.2077926971743895e-14,-3.8744703246499507e-14
7.1000,-0.003012597001653043,5.6953746809467885e-05,0.266447574987794,-0.0787283964064702,-0.09416840162660954,0.010388850490044507,0.0009080257664833292,-0.0010905939959982144,-0.016651817200066203,0.0011147223066035395,-0.00048481170973869385,-0.0006164527491997537,9.670000967236429e-05,-7.999079389865516e-10,1.4359346585417677e-09,-0.023699238548246817,-0.002065255169870833,-0.012214085072501995,-0.002764364309935668,-5.07341130911998e-13,-5.055918791269098e-13
7.1200,-0.0029677796414125943,9.526440234581475e-06,0.2660638089754855,-0.07778582461869624,-0.0932166324478317,0.010295170946052196,0.0002711746908404271,-0.00046891945734254875,-0.025225342208113538,0.00010347210297407473,-0.0012348911718030144,-0.0004566673414563213,3.1998493848470365e-05,-7.999136397229401e-10,1.4359290042138745e-09,-0.041258458666889125,-0.026654223720396872,0.012348795138655232,-0.0032584981700620225,8.259507715355913e-14,8.5982138292931e-14
7.1400,-0.0029378599441028195,-3.4330585046979e-05,0.2656568866197747,-0.0767608540164079,-0.09233120031071232,0.010203218529956294,-0.0006026911196679557,-0.00045615398828060546,-0.022388629505598456,9.221941290290774e-05,-0.0006140847259604791,-0.0007785283376361984,-1.9596960607620666e-05,-7.999169609284738e-10,1.435925732941299e-09,-0.05902293715206284,-0.04955898704471558,0.022949894481959054,-0.0031865053772347804,-3.5674403969093715e-13,-3.5493358469321223e-13
7.1600,-0.002936998537424629,-7.17459412644004e-05,0.2653657157737986,-0.07569447950481699,-0.09171370709739483,0.010124075956431531,-0.001582448511144077,-0.001170102871565224,-0.007297643936120863,0.000953207157654496,0.0012537491595475776,-0.0015583722811746351,-6.058521833826079e-05,-7.999161781842702e-10,1.4359265766157132e-09,0.12770604064603566,0.2132123409462459,-0.09872713436762276,-0.0008666889535831681,2.132886694952013e-13,2.1655927376872108e-13
7.1800,-0.00299851562423046,-0.00010231467683191106,0.2655863405111274,-0.07466918586004825,-0.09195492665410752,0.01008395713427481,-0.002153562439926988,-0.0024319198782781102,0.012511192934794501,0.0009730891404628303,0.002145543897693017,-0.002034955835566193,-0.00010933906512954124,-7.999145266737178e-10,1.4359282786622304e-09,-0.017082585952201124,0.02614355082873955,-0.011220243719817866,-0.00310449468617807,3.15899433347977e-13,3.191054191720166e-13
7.2000,-0.003082570000587301,-0.00013110812801448463,0.2659747259101202,-0.07370164021802672,-0.09261342602547257,0.010061770198368146,-0.002470397511749169,-0.0029373122643373086,0.02103510874105654,2.2050003379991647e-05,0.001869319954516812,-0.0018900507675755779,-0.000178797697688183,-7.999114516525639e-10,1.435931403142397e-09,-0.12585947962203203,-0.12006172430579679,0.05656238108104268,-0.0042817185906989675,-5.813319931772393e-14,-5.653065363910026e-14
7.2200,-0.00318953829584659,-0.000156715972573997,0.2665573320027754,-0.07284511888886025,-0.09374522059350053,0.010061759180660306,-0.0026534244502872334,-0.003573502193331926,0.032734566137204935,-0.0003701889668131695,0.002355909398104752,-0.0020245531176835653,-0.00023833326512828252,-7.999043067179735e-10,1.4359386023957825e-09,-0.06653020996150662,-0.03865781579405025,0.020618014296897184,-0.00325073282172828,4.739860169937146e-14,4.889217828339676e-14
7.2400,-0.003291877893824933,-0.00018019271493093064,0.26709832873040507,-0.07212603508703691,-0.09501991711700958,0.010071095162507409,-0.002536191527535127,-0.002929775119960679,0.02553111749023662,-0.0018872778175710453,0.001230627266539369,-0.0012625123370699318,-0.0003010929359521227,-7.998969929683242e-10,1.4359459634287087e-09,-0.008824121247503184,0.028515452339805656,0.0063481218029004475,-0.002091425795740227,6.219481310174024e-13,6.250126284579327e-13
7.2600,-0.003387119602301785,-0.0001977596560436519,0.26757977340577555,-0.07157971655020028,-0.09637102368898233,0.010090855336391879,-0.002400954116956135,-0.0024087052108052796,0.023136898712253988,-0.0023664017079703505,0.0012919303445252958,-0.0008322496538238355,-0.0003350471704174942,-7.99886937284608e-10,1.435956070576927e-09,0.04769361651863118,0.09201858265361314,-0.016437734287933197,-0.0003889204663869626,6.913949664524854e-13,6.944262873065377e-13
7.2800,-0.003465015105630391,-0.00020744910070822744,0.2679305354597489,-0.07122589499166981,-0.09763284528837868,0.010117100570122484,-0.002110507821936504,-0.0015219302961809295,0.01680125399825617,-0.002755021070500027,0.001144334215052816,-0.00019838754809797256,-0.00034556127849078814,-7.998776323532168e-10,1.4359654191916099e-09,0.04371859107133823,0.0721997943021742,-0.000943737242268022,0.0005704212622503811,7.31686629687478e-13,7.347299851856448e-13
7.3000,-0.003522739338558083,-0.000206996296113138,0.26815344326515683,-0.0710788084964683,-0.09872538162273471,0.010149421395213614,-0.0016540747068579814,-0.00048116558766759566,0.009270387545048206,-0.0029613448838097887,0.0009763315687712144,0.0005511127644973032,-0.00033449999189437836,-7.99868039298459e-10,1.4359750558534122e-09,-0.053247079708662694,-0.07371312741660585,0.07017728575774103,0.0005240649828870821,2.6955775936018944e-13,2.7103899636823914e-13
7.3200,-0.0035667300914086143,-0.00019449224017239702,0.2683469658152446,-0.07115090630386675,-0.09970229967606509,0.010192350908703114,-0.0010462508345031928,8.704209574235831e-05,0.009905018975488653,-0.0024570222474297855,0.0015040239298258567,0.0009454725940306583,-0.00029894407450440134,-7.998569993643015e-10,1.4359861441565936e-09,-0.037333071725423224,-0.06299664944429748,0.060280824532731946,0.001419505293765356,7.436815920025541e-13,7.467647377204512e-13
7.3400,-0.00358042434884211,-0.00017150074990082817,0.2683897390904545,-0.07142430618409384,-0.10031870708312664,0.010235916782781782,-0.0002539848154941576,0.0013959082980809015,-0.0017734967506380522,-0.0025448359451928637,0.0010067508249055465,0.001739344650543771,-0.0002589633776188094,-7.998477942758415e-10,1.4359953932186133e-09,-0.07263058250461095,-0.12415444890084236,0.08444991651554597,0.00150980891739168,2.2647899181049702e-13,2.2799831141985527e-13
7.3600,-0.003553673676212262,-0.00013786106993611997,0.2681779462648573,-0.07186714821454003,-0.10035372742284807,0.010271168108604978,0.0004709632792633613,0.0028385722349396564,-0.014541726783424006,-0.002317221756406603,0.0006461365235831742,0.002355186638305133,-0.00020699981748218714,-7.998395877518397e-10,1.4360036449145702e-09,-0.01427171088361099,-0.05926016269074021,0.04543630984050384,0.002549284074928763,1.5944987300994806e-13,1.6102174931961755e-13
7.3800,-0.0034917585351065218,-9.270576535922439e-05,0.2677407461012484,-0.072446227486882,-0.099786362717482,0.010296764228241828,0.001049859851363761,0.00390783995028378,-0.020644681745326635,-0.0014692601192890862,0.0008073913510905305,0.0025453851990776635,-0.0001380145052316724,-7.998324095052358e-10,1.4360108730289038e-09,0.09246969528259953,0.07478986425701771,-0.03130032142027044,0.004024912798660082,5.497823333741603e-13,5.530057748531769e-13
7.4000,-0.003420421374435182,-3.595225605567032e-05,0.2673192727462833,-0.0731434269765322,-0.09893476189766827,0.010324527354336565,0.0016163641468072676,0.004338804526528023,-0.018959551869124985,-0.0004048784028462848,0.0012666668937652212,0.0022509960688252245,-6.888534892593715e-05,-7.9982776010072e-10,1.4360155680714556e-09,0.05006831765308888,0.01639823798796182,-0.020795416891785386,0.003556817129033393,-3.2793646270734556e-14,-3.1145184630106126e-14
7.4200,-0.0033340541431789825,2.826767958782258e-05,0.26684428151253203,-0.07390937407993123,-0.09772142562348067,0.010347312472388334,0.0021024282254345286,0.005140831985208426,-0.02573398991039081,-7.225872852437053e-05,0.0006754982592030468,0.002167463802347353,-1.0179391836780354e-05,-7.998254996825221e-10,1.4360178750823273e-09,0.04781118806109422,0.012458581658331136,-0.029565229988010325,0.003088675627235742,-1.3577902907915829e-13,-1.340691338329314e-13
7.4400,-0.00325206816960227,9.847219509336253e-05,0.26646053164432376,-0.07471448178987077,-0.09640220362277882,0.010373258856775092,0.002292456798228178,0.004786722073023131,-0.01671625708060822,0.0010615408948443951,0.0011785123317044417,0.0012301230833607847,5.296177921841557e-05,-7.99823593768158e-10,1.4360198360880123e-09,0.08855765115750719,0.07576669469844056,-0.07734810738212367,0.0032156741425803507,2.5305820806897916e-13,2.563432864415016e-13
7.4600,-0.003201901518461262,0.00017137799302336857,0.26641683395272947,-0.07554919615488043,-0.09542877527057743,0.010418430410707948,0.0023163112911499936,0.00335325571580026,0.003852863082501065,0.0020537841036912616,0.0018155283430306892,-1.8196229659307786e-05,0.00010084622378402511,-7.99823027844792e-10,1.4360204529046955e-09,-0.013182797742204943,-0.04850391001803539,-0.03643841687931896,0.0015369273530353455,-3.17803942884165e-13,-3.1614879984764865e-13
7.4800,-0.003151222327368203,0.00023798101555415232,0.26637142105170214,-0.07635499744680088,-0.09445148835508216,0.0104616691743707,0.0023308101947804114,0.003832583518165325,-0.008770359173118825,0.0006244092809199447,-0.0006745885189350137,3.184818184140118e-05,0.00010540442864921608,-7.998270079544367e-10,1.4360165159183517e-09,-0.13428294515314407,-0.21230110962192694,0.04960590435974753,-0.0009910191704506017,-3.79651767922623e-13,-3.7790625663502997e-13
7.5000,-0.0030962255329533206,0.000298225431037608,0.2661755441499991,-0.07708502215494913,-0.09335129068471473,0.010495864341241133,0.0016613328872349948,0.003614955840712467,-0.00874877071853318,0.0006906768687233033,-0.0011410480375444064,-0.0006741266166106843,0.0001172608023773814,-7.998299488375897e-10,1.4360136271164558e-09,0.024471215172009748,0.007191169363282817,-0.048790473079322355,0.0009310113180619945,-4.624609072426122e-13,-4.607293279529356e-13
7.5200,-0.003058549061634729,0.0003522634496329359,0.2659874072991757,-0.0777263158627884,-0.09242628960120235,0.010532289128743202,0.0008094786273007987,0.003480119524853692,-0.011464845685266789,0.000746943090227764,-0.001546947940593681,-0.0012719876043505976,0.00012961752919812963,-7.998347337643023e-10,1.436008892908439e-09,0.08306619476887094,0.09203801546399905,-0.07320013631902417,0.0014974245316379973,-1.6717957042593906e-14,-1.3400747322250307e-14
7.5400,-0.003036011496767414,0.00039888411553483795,0.2657436641906599,-0.07824520683722902,-0.0916326904235616,0.010566644581404543,-0.0002775423972486679,0.0030056527230334874,-0.009355956727110119,0.0009433949005576819,-0.0017278363437566353,-0.0017119301154839806,0.00014409936738860344,-7.998417943862798e-10,1.436001883718718e-09,0.03626109677636682,0.03136281153783597,-0.03310828151141406,0.0010592612871560463,-6.958829671353806e-14,-6.624437326810395e-14
7.5600,-0.0030363793190361613,0.0004373507417410082,0.2655145065004229,-0.0786275348179416,-0.09108991281487054,0.010602330392183628,-0.0012888585143919459,0.002917215730910537,-0.014228412896164402,0.0009223461413766572,-0.0020814322348695,-0.0017569699742589564,0.0001547889847919061,-7.998492277168015e-10,1.435994500264437e-09,0.06397254467200922,0.07391652088228179,-0.035119890055570445,0.0012676328446885531,-1.098506864898735e-13,-1.0649467419021619e-13
7.5800,-0.003082119391389881,0.0004684714993632843,0.26554140633666057,-0.07888488584548331,-0.09113488618159396,0.010653715993034319,-0.0023487566019006812,0.0011714945638329932,0.0035107102063714575,0.001859967666014719,-0.0009170224476584602,-0.0023163376441718403,0.00017647613677627784,-7.998551117735523e-10,1.435988668185856e-09,0.001712772048996998,0.0014835397669694047,0.001102503160679117,0.00042005714391573837,-6.388201599649701e-13,-6.370953027287629e-13
7.6000,-0.0031487542402926,0.00048710481649051537,0.2656427643634196,-0.07899804127516745,-0.0915076106786583,0.010705620514870758,-0.0029789507150649657,0.0004286820878630679,0.004577570013130463,0.0014065478450026468,-0.0014703377059285703,-0.0018899022058089215,0.00017321269433885606,-7.998631749192978e-10,1.4359806535997635e-09,-0.08493657165676478,-0.11151695939957179,0.06526193320654618,-0.001135100714669821,-6.292311506908566e-13,-6.274958851137935e-13
7.6200,-0.003229683023411044,0.0004934499360661927,0.26578485576478383,-0.07896693407890717,-0.09212341244128663,0.010753754893610558,-0.003489338413977725,-0.0005304005925283884,0.009580581825053823,0.0014345482936481914,-0.001243600357505337,-0.0015868164951065855,0.00016899057841707492,-7.998694663239781e-10,1.4359744152208503e-09,0.002876960307264742,0.017077197603603076,0.01437203749694247,-0.00024215385385123345,-9.639981684000237e-14,-9.313573133204467e-14
7.6400,-0.003335991351487287,0.0004883885545320302,0.26614188950682366,-0.07882305369036036,-0.0931835194644316,0.010807467344853126,-0.0036331839922248074,-0.0018954415518326558,0.019275127729111677,0.0015686007753496953,-0.0006721078278600582,-0.0013882528420149324,0.00016202398992965967,-7.998751781964003e-10,1.4359687551550237e-09,-0.07240867603845103,-0.07686999151021298,0.06002715839014916,-0.001529460317995747,-5.728550229663898e-13,-5.712199376700644e-13
7.6600,-0.00343094435063294,0.0004692128958251214,0.2664111052175118,-0.07855448779097696,-0.09421323779550939,0.010844163428278044,-0.0034192918637670397,-0.002015615052910481,0.011982057455842028,0.000668859656278605,-0.0014343444932452046,-0.00042445438161697776,0.00013350488724415673,-7.998809324616871e-10,1.4359630493906911e-09,-0.00038856872545533025,0.023415862865100914,0.024875605603937936,-0.0010157726758413198,-5.699825309543431e-15,-2.4816176471078623e-15
7.6800,-0.00351317034984746,0.00043961063560547597,0.2666054495747408,-0.07818027889135179,-0.0951574987701274,0.010863923114702995,-0.003097647019572458,-0.002300617383908637,0.009577599518661183,0.0004143099566733758,-0.0012806207536006484,0.00022537798367439456,0.00011099133878309292,-7.998861918960398e-10,1.4359578400043935e-09,-0.03798394604239316,-0.028699374321581653,0.047844859599991824,-0.0013627137861707658,-4.711088290310084e-13,-4.694769421310918e-13
7.7000,-0.003569103074146416,0.00040245258222503915,0.26661351028332303,-0.07770411383720242,-0.09577634603323634,0.010858469610313861,-0.002715550566857395,-0.0022721902580016833,0.005975892419733319,0.0005578043074655233,-0.0006979811955705993,0.0006900635388677652,9.57368271062989e-05,-7.998890279779952e-10,1.4359550529112458e-09,0.13981213430558928,0.21553483849453503,-0.06726517430231384,0.0009560607155236132,8.268017347157208e-14,8.587210532495088e-14
7.7200,-0.0036452735372889716,0.00036297738472900614,0.26695329869238743,-0.07720446947610832,-0.09674974478997823,0.010862261903100518,-0.001948542460373931,-0.003273921001954209,0.015987727149619827,0.0009440656850447486,0.0004099294681303942,0.0006608699577167992,8.286657125437951e-05,-7.998907146574508e-10,1.4359534168381603e-09,0.014969306770763515,0.05230861714032399,0.00027003500879323037,-0.001070581876559187,1.5486055363403417e-13,1.5801531090542387e-13
7.7400,-0.0037060114464274384,0.0003179190719913266,0.26732722354853145,-0.07668317235861405,-0.0976452824739345,0.01085598546862373,-0.0009610689617635386,-0.0034557776890493373,0.014519017476840645,0.00030429515010238565,0.00021585381459953969,0.0010916335715614018,4.674398157203095e-05,-7.99891970064362e-10,1.4359522081696333e-09,-0.09156348762862226,-0.09280451596776916,0.05854805037359019,-0.002707944904610592,-2.8352119913963025e-13,-2.819656942827653e-13
7.7600,-0.003698322566907031,0.00026735768982918745,0.26718251194195897,-0.07610499850292744,-0.09765201134293879,0.010805877928355875,-0.00021472038703054165,-0.001631345034477345,-0.011693942753226886,-0.0011537361998495074,-0.0012835921940536862,0.0021945830409405096,-3.9130875670086755e-06,-7.998942188167343e-10,1.4359500031574466e-09,-0.0038783158368591707,0.01204119685185102,0.00911483222253279,-0.001310672535816707,-2.3443036791317984e-13,-2.3277923642470166e-13
7.7800,-0.00366461138155534,0.00022160989069945158,0.2668659592857892,-0.07551359059582326,-0.09721335712287087,0.010738748509809517,0.0002016459164052668,-0.0010530708623122567,-0.015190968593323306,-0.0006670252877186886,-0.0003497442904067306,0.001995289039570633,-1.924312614140872e-05,-7.99893985984643e-10,1.4359502838518598e-09,0.03138606179821635,0.05500109414291694,-0.020440494444196496,-0.0004865450312665704,-2.0134171023131198e-13,-1.996664823495503e-13
7.8000,-0.003640563764209385,0.0001848558105798337,0.2667219394168037,-0.07495551115931273,-0.0968121022543113,0.01067920907977491,0.0005606903656749504,-0.001646430146422889,-0.0008097970253473176,0.0005440154734110453,0.0015812504685684843,0.001074902883935226,-2.3295027456119927e-05,-7.998911335459257e-10,1.4359531900905317e-09,0.04089948423663982,0.07394414942612285,-0.04603442020885274,-0.0004869276624418794,-1.638883527586149e-13,-1.622722138952537e-13
7.8200,-0.0036351487525490256,0.00015515227224750474,0.2668656387031262,-0.07446517883723099,-0.09666681817897407,0.010636830352272872,0.0010774213340878902,-0.0021129850621326913,0.009098276554979141,0.0006397154950210155,0.0021259442986339867,0.0005105405533897499,-4.6544645501603104e-05,-7.998877515183708e-10,1.4359566215725859e-09,0.015380321725705895,0.04575785940049127,-0.041370838362008874,-0.0014087434595532065,3.836060158760035e-13,3.867683625626006e-13
7.8400,-0.0036261304319499745,0.00012923876514681632,0.2670651109111996,-0.07404547020961233,-0.0965307245879601,0.010600437934621837,0.0014739171309110792,-0.0020222125131116046,0.010438144586722741,-0.0001538172694756962,0.001542051137749521,0.0002961775971458725,-9.021554522969076e-05,-7.998844792404549e-10,1.4359599412404361e-09,-0.05777851476989498,-0.05462144622783088,-0.001168640453615653,-0.0024692371938306815,4.3541461668822334e-13,4.3858373963839847e-13
7.8600,-0.003633948775118873,0.000109374549501782,0.26747433036505,-0.07373548816687275,-0.09670209097214763,0.010584840913047117,0.001600655698452884,-0.0028841683228148798,0.026975733146175303,0.00016378037077716167,0.002475556465932039,-0.000762376259800237,-0.00012205138674111477,-7.998778715497843e-10,1.435966603265883e-09,-0.05232431415350668,-0.04306976667029756,-0.018059065731408256,-0.002259013501487777,-1.513214704094209e-14,-1.3653158058334405e-14
7.8800,-0.003625087616926301,9.154764248493164e-05,0.2677426646809522,-0.07352555353445368,-0.09677257106989517,0.010571351703716973,0.0016976141310884954,-0.0016468782977540942,0.010893830170853075,-0.0014696027057382352,0.0006914414337177362,-0.00045676500599761244,-0.0001740776340533132,-7.998732673771683e-10,1.4359712506480095e-09,0.026489623360416787,0.053834401081147655,-0.04669366127149309,-0.0013729964900600741,5.118558571784448e-13,5.14964373227178e-13
7.9000,-0.0036044798088672642,7.931116611340496e-05,0.26784015341276346,-0.07342310649469362,-0.09673717110028279,0.01056200201444595,0.001399531279141487,-0.000699944267216367,0.0021208713294677928,-0.0021956207538215648,-6.325369671273142e-05,-0.0004973323640012652,-0.0002066043889766678,-7.998682165639934e-10,1.4359763481291657e-09,-0.03083601319554274,-0.03757866190079956,0.005219972615949719,-0.0011075495241727492,3.1700885677349994e-14,3.325527922698815e-14
7.9200,-0.003565968871182053,7.446641247326545e-05,0.2676549497047109,-0.07341501233087348,-0.09643653811923315,0.010550867566764809,0.00086222941541153,0.0007070388186926089,-0.011456241688950406,-0.002609722087634977,-0.0006509575957960134,-0.00030837302880643485,-0.00021727984278983436,-7.998648325977972e-10,1.4359797638889603e-09,0.042451260022828945,0.05056709575424589,-0.023042274449506798,0.000288843936869212,5.164551512143456e-13,5.196509455379639e-13
7.9400,-0.003525653783866636,8.009827933219203e-05,0.26731601620710954,-0.07350020418780921,-0.09601751039481539,0.010545181553145737,0.00021552677582054757,0.0017318026834749838,-0.01804516371882547,-0.0020688827951214563,-0.0003197789398477549,-0.00033210472241745025,-0.0001965906830969142,-7.998593078437162e-10,1.435985348560311e-09,-0.0015908651002751186,-0.024388070164955252,0.02024173425019103,0.0011628026153173243,-1.7723879818225957e-14,-1.606523684157153e-14
7.9600,-0.0035021649948936955,9.733116815590765e-05,0.2670187618629196,-0.07367902240805345,-0.09571021140216399,0.010554460961112634,-0.0003833453081255946,0.0018608299339917737,-0.011612685512480233,-0.0009564532422918564,0.000696595577849446,-0.0005697409423088772,-0.00015438125011688758,-7.998547559392931e-10,1.435989951043511e-09,-0.012743287501465816,-0.04236438728436633,0.02842040629354238,0.0016891983685254715,-6.057973540125536e-14,-5.892371145047384e-14
7.9800,-0.003487790674271003,0.00012286179509351649,0.2667333658563648,-0.07393023379122089,-0.09543556268586777,0.010572891437039818,-0.0007331938674500425,0.0022730181092562897,-0.011894978943959515,-0.000528817237987044,0.0007430006235091782,-0.0003139189834547186,-0.00011331764097061639,-7.998515481631126e-10,1.4359932080542337e-09,0.006941668858243133,-0.01786864354509429,0.01924577898351023,0.002063617527773719,-1.0773183018418508e-13,-1.0606215883855741e-13
8.0000,-0.003510937677443076,0.0001562150324524409,0.2667868565403373,-0.07427076069269685,-0.09563087586336419,0.010618223266937359,-0.000879093581576365,0.0012323250951320952,0.006817425002509293,0.0006943899495749432,0.0019577069127903455,-0.0007472405362978921,-6.044774347671894e-05,-7.99846773651692e-10,1.4359980387015365e-09,0.046242156811234426,0.04529446478046836,-0.01782687157331753,0.002340272951723605,3.479515937529487e-13,3.5112293931757743e-13
8.0200,-0.00354053276090227,0.00019033297790314554,0.26693523822601506,-0.07466826742589769,-0.09595526389844715,0.010672002016040334,-0.0007228348639098051,0.0009773541077785159,0.010346716863700051,0.0005765755555593877,0.0014660932611646243,-0.0004555372938076208,-3.0312279325839965e-05,-7.998440277464903e-10,1.4360008355598484e-09,0.08789910226088417,0.10546647561099864,-0.048279183681437444,0.002427143888097745,3.1730824565090465e-13,3.2045270300165574e-13
8.0400,-0.0035633406209191116,0.000222230683481769,0.2670677190213126,-0.07510255306776101,-0.09625382228490588,0.010725681779367563,-0.0003994263824029738,0.0013790137850276814,0.002112131623522892,-0.0003142263695986557,-4.8398465101629403e-05,0.00023033229250154117,-1.3223104610340095e-05,-7.998440246043913e-10,1.4360008847167888e-09,-0.042658625157469376,-0.07536908105310813,0.03863805963801045,0.0006046490671555314,-2.078616413107165e-13,-2.06247562431483e-13
8.0600,-0.0035585256982624282,0.000251301380236627,0.26695190866157353,-0.07553224650317839,-0.09617676868590146,0.010763141541318263,-0.000264163363545423,0.0021179515499631586,-0.009277703790811161,-0.0006631658562949895,-0.0009147178282006389,0.000701988562150076,5.220391265281804e-06,-7.998443793851035e-10,1.4360005738009181e-09,0.012971260075095527,-0.005710692589977029,0.00891266740885038,0.0013514564209786636,2.5160689504089007e-13,2.548617783829088e-13
8.0800,-0.003556886208226389,0.00028104697780912254,0.26687217519472484,-0.07596323264686271,-0.09609668795787239,0.010801397927174891,-0.00027857127994177806,0.0014462514537570397,0.0009995270999943896,0.0004201453916646184,0.00010546157880577177,0.0002563382443914037,4.60747009911013e-05,-7.998444636163367e-10,1.4360005399886905e-09,-0.05705345764023307,-0.09872439361203147,0.040482636075903904,0.0009050170808721051,-2.9796765098691336e-13,-2.9631885053310603e-13
8.1000,-0.003540800704014506,0.000307875151179862,0.2666743873182527,-0.07636097763325354,-0.09578819942775128,0.010827927308356794,-0.00011800092909128377,0.0021634810763489984,-0.011160430529536181,9.982886583521648e-05,-0.000770130879591651,0.0006941824791156813,6.737828972202254e-05,-7.998468631056897e-10,1.4359981867524323e-09,-0.029409558542081018,-0.06327804172587886,0.029151770672163804,0.0009023339189922819,-3.4463745876220364e-13,-3.429385681680275e-13
8.1200,-0.0035133346049940795,0.0003330246797082063,0.2663588580549793,-0.07670093151335268,-0.0952310138342532,0.010841524571162822,-0.00015804249266944566,0.002320122881159849,-0.013734075697042044,0.0005570582713081829,-0.0006283364569050621,0.0006707972306793517,9.576683713555263e-05,-7.998492313568876e-10,1.4359958688479783e-09,0.0850956730307611,0.09438688765058086,-0.04670451041595957,0.002238198848620732,-3.9945851531067444e-13,-3.977538242348755e-13
8.1400,-0.0035043629785320497,0.00035753396292103267,0.26622709267914607,-0.07699508718497972,-0.09485192404466347,0.010860724432119894,-0.00017344148242425824,0.001442057616046389,-0.0029763478319386276,0.0014292177881924687,0.00021148356672423923,0.00015499636912183322,0.00012753628220815345,-7.998519536727227e-10,1.4359931980543927e-09,0.02043402736730062,0.01520929177933159,-0.01839508633206775,0.0011592005329215318,-4.3044159816346683e-13,-4.2875430853253627e-13
8.1600,-0.003500947554974892,0.000377224086073289,0.26617139693777075,-0.07722326301568894,-0.09452996576145854,0.010877553680728543,-5.0245940112811726e-05,0.0012115350382585553,-0.004132182913944606,0.0010576720757100712,-0.0004774476277812186,0.00024392068109533582,0.0001336906667410851,-7.998566429812888e-10,1.4359885553396451e-09,-0.0925893117108103,-0.13489021553093142,0.05099084594526942,-0.0008774236316314575,-4.431755526793091e-13,-4.4144749704669306e-13
8.1800,-0.003493345556505857,0.0003909717008292193,0.26607261169915586,-0.07736523097340507,-0.09412486453635684,0.010884792478262502,-8.969074915196093e-05,0.0010574629090405962,-0.005808337204406548,0.0009345997395540993,-0.000746565343680503,0.00014606456034610155,0.0001322038633212112,-7.998606358645018e-10,1.4359846125289059e-09,-0.04004569207629771,-0.058731808204460494,0.013902459552851507,-0.0005719645765967967,-4.59476911813389e-13,-4.577511330053352e-13
8.2000,-0.0034834718183117752,0.0003993064874795304,0.2659226843479917,-0.0774133124208539,-0.09364786070710746,0.01088279241151303,-0.00026266393540823037,0.0009758497277039854,-0.007991004787927658,0.0008129118471766995,-0.0009613099730316074,3.643236360701379e-05,0.00012526700745006398,-7.998648333425263e-10,1.4359804655205532e-09,0.05936646888675272,0.08104996115648944,-0.04637740746533026,0.00033401035948372006,3.86151072055696e-14,4.1918515371070636e-14
8.2200,-0.003494634393136712,0.0004039810896546986,0.26594106919404153,-0.07738883202891798,-0.09343472123273115,0.01088706637014974,-0.0005078628277770317,1.1392527002063655e-05,0.001999051690000599,0.0012882487122006002,-0.00022019925448915135,-0.0005629156355410509,0.00012235203846729656,-7.998685885166085e-10,1.4359767617956785e-09,-0.02157164891377673,-0.02128659621734277,-0.0035847094317069286,-0.0008596940138855718,-4.617516221813722e-13,-4.600557131431704e-13
8.2400,-0.0034953761178346788,0.0004017523229460154,0.2658104848322313,-0.07726219861633511,-0.09306560990496254,0.010877144233382641,-0.0007541519197942634,0.00023837748331300302,-0.004827697514518614,0.000697945384397619,-0.0008918777635850513,-0.00038238216686774457,9.896225493650914e-05,-7.998736112108778e-10,1.4359717863887853e-09,-0.009098465590482892,-0.00464093739931994,-0.005790822881334238,-0.0008522689158682492,-4.50811805420559e-13,-4.4908304505653085e-13
8.2600,-0.003528151534101051,0.0003972189393878256,0.2659389253997624,-0.07708184545876581,-0.0931310144204476,0.010881500943560534,-0.0010996116055441566,-0.0010386851476761427,0.010086900687281526,0.001264004786876352,0.00014723862086359264,-0.0010219743689917496,8.914252901422538e-05,-7.998758289292708e-10,1.4359696229245402e-09,-0.002993588440081824,0.014073297759385475,-0.013780457616541196,-0.0010542819729532657,8.293235889689221e-14,8.617321537330441e-14
8.2800,-0.00356251957565983,0.00038599563303736773,0.2660531294996261,-0.076836044079545,-0.09327641443850142,0.010882291957089249,-0.0012335964920288,-0.0009567178929733263,0.0043651579104043645,0.00041970122092771923,-0.0006316793720903045,-0.0007239029936321818,5.473867769977413e-05,-7.998793465530038e-10,1.4359661529671727e-09,-0.015065866441375378,-0.0020617155360297726,0.001928054023045908,-0.0014748665796002992,-3.8952814498255384e-13,-3.8785511261019145e-13
8.3000,-0.003616545199887353,0.00037146335768083123,0.2663216152724159,-0.07655771008286945,-0.09374468920224602,0.010892222240600222,-0.0014995621096661152,-0.002082837622613816,0.01770541901256236,0.0008507536083825491,0.0003905193167864469,-0.0011955422429022469,3.519849267710935e-05,-7.99879659612844e-10,1.435965894725855e-09,0.044866338288667706,0.08703254162890221,-0.04035123870791111,-0.0007281777560615083,1.56294302586929e-13,1.594664884082414e-13
8.3200,-0.0036904556885978147,0.0003523544398914062,0.26678996050076587,-0.07627741143095264,-0.09461890895430117,0.010914698672741762,-0.0014593240375166134,-0.0028549532862910294,0.0242891900506795,0.0004181025946654358,0.0004023095704291036,-0.0011994575963523585,1.9022179365826422e-06,-7.998802422657208e-10,1.4359653639428368e-09,-0.07508766744452283,-0.07298142797669828,0.03750425477945938,-0.0023545599704339953,2.2189108189740736e-13,2.2503957790125095e-13
8.3400,-0.0037403036375735473,0.0003265531797436587,0.2670296652476072,-0.07597468209623733,-0.09528986147273276,0.010922601894293288,-0.0013870762734670408,-0.002274469545790375,0.013197375534705916,-0.0006393024815930518,-0.0005744566502079427,-0.0005273438280575039,-3.749366089247227e-05,-7.998811921159724e-10,1.4359644568607829e-09,-0.0778407618429753,-0.08507951233170072,0.050146045823174876,-0.0020009103189413337,-2.434063692789701e-13,-2.4181874493274524e-13
8.3600,-0.0037859674060661107,0.0002996789437905591,0.26722549055595335,-0.07568380152954159,-0.09597728311373228,0.010929190286292316,-0.0013432073323446279,-0.0021049399587309303,0.01041562362399141,-0.0006397181678722587,-0.00019542623541588146,-0.00037084272359864744,-5.614614736113867e-05,-7.998796438650514e-10,1.435966055703233e-09,0.015351901770139505,0.038676712414812055,-0.0011595620195769824,-0.0004961861777849956,-2.1093047555993671e-13,-2.0937770831355729e-13
8.3800,-0.0038331605386832694,0.0002737189455112363,0.26746099897158165,-0.07542871359964183,-0.09675757120773774,0.010939579455716742,-0.0011861703259973427,-0.002316201430684798,0.014224428584356314,-0.00038906330547340497,0.0004648832838967718,-0.00029370773149002137,-6.369481699442749e-05,-7.998774076154815e-10,1.435968342134965e-09,0.016286119984697502,0.03822800587409274,-0.0007472296053343181,-0.0001465016216704579,-1.769892826047892e-13,-1.7546798432646615e-13
8.4000,-0.0038978463928176312,0.00024955707531124907,0.2679473330432238,-0.07525134254143095,-0.09790523228202151,0.010967095809168837,-0.0007161730376923018,-0.0030659396507985437,0.024786985872841488,-0.000106680981142601,0.001228189371156114,-0.00036238467156949055,-6.696813934383995e-05,-7.998734110831011e-10,1.435972390629198e-09,-0.02084654030147154,-0.008772827882563576,0.018754306981512956,-0.0006456314285631197,3.746573364049599e-13,3.7772421909026965e-13
8.4200,-0.003948915016198775,0.000224113646128097,0.2684232606671016,-0.07514718694039034,-0.09903776384491365,0.010994727140289932,-3.0077771860845635e-05,-0.002883697026443306,0.02122587107713219,-0.0008779413436406848,0.0005572213059559562,0.00024025856868696308,-8.404036531441307e-05,-7.998696735024218e-10,1.4359761778787923e-09,-0.029781838395576993,-0.025657565857148516,0.028835816137301466,-0.0007733283368839674,4.1431924080806426e-13,4.1738493087098427e-13
8.4400,-0.0039773053360472035,0.00019875760957664362,0.26880079842576055,-0.0751217927000896,-0.10000383999856013,0.01101777874323958,0.0006149997006341339,-0.002491093783656092,0.01642541872762584,-0.0011615137680392165,0.0003946429959354274,0.0005819287608732327,-9.155217325240542e-05,-7.998651727428616e-10,1.435980725375801e-09,0.058716899374364924,0.08900485974703845,-0.027108012102481233,0.0005404257287411365,4.309743751110262e-13,4.340190316518e-13
8.4600,-0.003970886093742403,0.0001742331366418286,0.268961718542088,-0.07517017061936701,-0.10060366229323436,0.011028874161609564,0.0012676831751182972,-0.0011388713240099216,-0.001830370667531666,-0.0020040612373353884,-0.0006755325872141011,0.0013262681296999541,-9.900504843642899e-05,-7.998629511402124e-10,1.4359829858698255e-09,-0.05634725093394675,-0.08053288081618988,0.05670585972887735,-0.0004644037956622757,-7.22777686226056e-14,-7.077991621626256e-14
8.4800,-0.0038998192201155934,0.00015333612126134806,0.26854739459440546,-0.0752414350826389,-0.10025603587500398,0.011004497851211631,0.001462671016521181,0.0006715751863971846,-0.021301513146326116,-0.0021569127137755946,-0.0012214665712986443,0.0020478500540045716,-8.828378054003138e-05,-7.998607106779887e-10,1.4359852723903404e-09,0.10214679538416574,0.11674037686613833,-0.03700101974030543,0.0022660344277416976,4.005616368110698e-13,4.0377228470445115e-13
8.5000,-0.003834469990263671,0.0001441740593716756,0.26822094540055347,-0.0753809864598052,-0.0998408466575052,0.010986839605865432,0.0016786751502746763,0.0007332516072732201,-0.014434684822988339,-0.0005189698412948971,0.0005361938688704477,0.0014501221206481177,-4.161797887845504e-05,-7.998572385868438e-10,1.4359887957492052e-09,0.10369382465682922,0.11894276541875021,-0.05057828235235017,0.0026894747423055294,3.584140905073252e-13,3.616077164265985e-13
8.5200,-0.0037926115233182125,0.00014438010196666604,0.26820295108287595,-0.07559924487658133,-0.09967313476723547,0.010988233310882568,0.002123536777556695,-3.0829088054725104e-05,0.0011219788181905254,0.0006861544530360033,0.001822259290667577,0.0007780142848052052,-3.8146114610958653e-07,-7.998534305860271e-10,1.4359926574025797e-09,0.07927096528269754,0.09497753262139047,-0.05319588068247584,0.0019867387488351103,3.3109008156645414e-13,3.3422700371210645e-13
8.5400,-0.0037425276919267683,0.00014682036414572316,0.26821375899684696,-0.07586284286943924,-0.09940272857591285,0.010989695762843999,0.0026906950721338843,0.0005067437172624786,-0.006128620752393571,-0.00012479230105360038,0.00048072765323816454,0.0011104028260337975,6.072044313004615e-06,-7.998530683794246e-10,1.4359930633277916e-09,-0.07291908774115236,-0.11370388090468625,0.04198880361021972,-0.0004738525333354066,3.18656938943368e-13,3.218626537168645e-13
8.5600,-0.0036851377530006534,0.0001519692138610603,0.2682048487506295,-0.07615494290491726,-0.09899937751130317,0.01098982503761578,0.00285585927593787,4.770843040704955e-05,0.003190384458527343,0.00041887296787491046,0.0009484912334412109,0.0004680465078966501,2.114796415030516e-05,-7.998504696521744e-10,1.435995717419093e-09,0.013877214467399247,0.008309843909480622,-0.03121128062019613,0.0005861761941144984,2.8318086807768705e-13,2.863406126790702e-13
8.5800,-0.003625049446580601,0.000157894857886393,0.26820258856237905,-0.07646952218825338,-0.09856085490258015,0.010991374311265314,0.003005648037970568,0.0005643091971538981,-0.0043618424660450544,-0.0001811535638976731,-8.363787059268992e-05,0.0004177057896827695,1.8807279957684952e-05,-7.998507260888105e-10,1.435995506686973e-09,-0.0493369562846013,-0.08016101207461264,0.013177977542946164,-0.0004751793497652817,-2.593859372082563e-13,-2.578003457411049e-13
8.6000,-0.003547998809748071,0.00016397853684013258,0.26800046667976823,-0.07676979894306098,-0.09783636841038809,0.01098217589890526,0.0027641467170859977,0.0011376259613661561,-0.010989480914195134,-0.0003203783055494498,-0.0005634017748838174,0.0002248320996688661,1.969610490482441e-05,-7.99850846062747e-10,1.4359954334187854e-09,0.06824260649071304,0.07785700972282437,-0.057429624459883706,0.0010101331995287384,2.1869214338748888e-13,2.2190910675852493e-13
8.6200,-0.003465448241116447,0.00017158035713671534,0.26765698905309476,-0.07704163345201757,-0.09693583447560386,0.010966680518720235,0.002305685389499103,0.0017888690897475679,-0.018396146936210896,-0.00039251798947877994,-0.0010400329925064305,7.490249305710554e-05,2.574970698453604e-05,-7.998530789289284e-10,1.4359932464710324e-09,0.03804104137069315,0.03210804556881824,-0.029855776157930634,0.0008610348185497488,1.7752173429169682e-13,1.8079765115586177e-13
8.6400,-0.0033877713613153296,0.00018133424885317923,0.2672386209033668,-0.0772702504435267,-0.09597002354257383,0.010948962377603897,0.001723917079371332,0.0023861523389814335,-0.025282213039821887,-0.00035356055719906623,-0.0013971403066141879,-3.752002873464054e-05,3.7204478685351365e-05,-7.998566984374299e-10,1.4359896720027289e-09,-0.07341738458449941,-0.12375873935098794,0.04824487582591415,-0.0002946923972327367,-3.785746672743673e-13,-3.7683024018894673e-13
8.6600,-0.0033249730507726063,0.00019400789162685853,0.2668163277470313,-0.0774401931707437,-0.09504220621283034,0.010932874271918447,0.000916022342881816,0.0019834413314353894,-0.01692878864080974,0.0007192072683645983,-0.0003658469140845221,-0.0006664765991501213,6.405659993692735e-05,-7.998585607045657e-10,1.4359878667654948e-09,0.0621169721586669,0.06836149155952531,-0.040952001410974326,0.0015080229684471924,8.857125373840785e-14,9.187521078125871e-14
8.6800,-0.0032938746887699382,0.0002078793095898744,0.26658336452144044,-0.07755833588070261,-0.09444413386724847,0.010929604757427698,0.00031004713894134897,0.001523374124640632,-0.01110929211979921,0.0010330067965663382,-0.00018518155568692752,-0.0009177477308458025,7.984822329135207e-05,-7.998621647465842e-10,1.4359843127970149e-09,-0.017947721217159783,-0.03433800910573315,0.00915398247636591,0.00021392195371432946,-4.4611092164109634e-13,-4.443964185356364e-13
8.7000,-0.003269877697586778,0.0002190825524289244,0.2663063613549645,-0.07759135065062715,-0.09385967330075151,0.010922408408675734,-0.0002638645406458172,0.0015578911946780211,-0.013118270167718262,0.0008509434306695395,-0.0006033184003916591,-0.0007742096847250979,8.250617700151533e-05,-7.998666090031857e-10,1.4359799174616752e-09,-0.01367986344494508,-0.025691704823565788,0.008734043197886694,7.648873677777052e-05,-4.602466411457451e-13,-4.585091529542284e-13
8.7200,-0.003254128675456638,0.00022793155399848411,0.26599106321665245,-0.07753083813985642,-0.09329073245441313,0.010910952768975836,-0.0008436890464626186,0.0015995705134355415,-0.015119548651984283,0.0008711935843255373,-0.0006935724946582309,-0.0006888096999992733,8.466103419231317e-05,-7.998703188060226e-10,1.4359762568719401e-09,0.11967890823261969,0.16122840432618007,-0.06958071428715606,0.0014752756606786926,3.701228370013923e-14,4.0320530117834985e-14
8.7400,-0.003266117499556117,0.00023555060181702133,0.26584748394893637,-0.07739539339225618,-0.09302602717432418,0.0109082548407939,-0.0014075052012348843,0.0005910676866909908,-0.002551533384581336,0.0014791108423880216,0.00014583437896658285,-0.001028150388108115,9.217265560040643e-05,-7.998740699302508e-10,1.4359725578421556e-09,0.061189008713335526,0.08971217682158344,-0.04028071266094931,0.000631324404493925,4.432283533251091e-14,4.7602960256357824e-14
8.7600,-0.003297023274564593,0.0002390336951701034,0.26583149308109527,-0.0771876561406092,-0.09301009008829735,0.010910204199061854,-0.0016566489062845632,0.0002618737982932755,-0.002060914794363704,0.001100515580804709,-0.00018900586329720346,-0.0008265990235418115,8.028375577182772e-05,-7.998784887319333e-10,1.4359681874492055e-09,-0.0333815798859904,-0.03435321699132036,0.020874879736529055,-0.0010082655979192995,-4.376900859977273e-13,-4.3597737182585194e-13
8.7800,-0.0033309448657259134,0.00023742800482209203,0.26579687480115033,-0.07690206097256058,-0.09303240513576727,0.010907091720709458,-0.0019084595197275476,5.644195897829121e-06,-0.0015600462038572451,0.0007833574767756887,-0.00037370865704484756,-0.0005957117127990915,6.190540271486651e-05,-7.998818894200979e-10,1.4359648368231681e-09,0.006977206363086139,0.02367705373796519,-0.003694616797128903,-0.0006780542980354378,-4.1119641329065426e-13,-4.0949318588778816e-13
8.8000,-0.003392892916546184,0.00023288451062233878,0.2660191619673345,-0.07658285791899064,-0.09347851701084953,0.010917318563684652,-0.0020366257549459194,-0.0011623910270514514,0.011505410178100823,0.0009406721354028691,0.0002664976420222776,-0.0008064798124681045,4.54684573663093e-05,-7.998834634545526e-10,1.4359633180507156e-09,-0.02388774240765417,-0.009538568939203384,0.011572593473561734,-0.0014257277279647526,1.4266132762966177e-13,1.458865038321544e-13
8.8200,-0.0034589380414384347,0.0002230043990009022,0.26629308878563074,-0.07623106701526748,-0.09406355126119893,0.01092760373248184,-0.00200827291836454,-0.0017800826825405459,0.016824223951457086,0.0007590773435302564,0.00048262608683886867,-0.0007710359676052819,2.0319938348667627e-05,-7.998838514537828e-10,1.4359629799460086e-09,0.040526956928039655,0.08252592250557032,-0.03153432046018673,-0.0007954686044643096,1.8608308253661998e-13,1.8925453652146595e-13
8.8400,-0.00354463612988408,0.00020925578631880885,0.2668044451531185,-0.07589329324718894,-0.09505621499271304,0.010951227491646197,-0.0017750174112122884,-0.0027999715708110764,0.027420016875635334,0.0006431769591847787,0.0009378363130813593,-0.0009161552219599145,-7.364677863128016e-06,-7.998829888997498e-10,1.4359638941615705e-09,-0.027870719404219757,-0.004997039227318059,0.006938038338178431,-0.0018048134989432077,2.519327520038306e-13,2.550491285183143e-13
8.8600,-0.0036089270806003264,0.00018898985690492826,0.26716857180126763,-0.0755591257401074,-0.0959161909719585,0.010964231463420408,-0.0014094412775212685,-0.002292355658613562,0.016719980822024187,-0.000585457371902648,-0.00026054577226793704,-0.00021989415164319452,-4.585599762753794e-05,-7.998830704662852e-10,1.4359638485170656e-09,-0.013721059473228072,0.008293083977115584,0.010014020996680357,-0.0016710053781383981,2.968114035800662e-13,2.999545598882103e-13
8.8800,-0.0036637435304826904,0.0001667804862802451,0.2674928004117633,-0.07526088982286341,-0.09676925896168713,0.0109755570915891,-0.001078247167121,-0.002067922508561364,0.012367874032832274,-0.0010068469222633354,-0.0002456337809724926,5.99345436069261e-05,-7.887999129896306e-05,-7.998807869090983e-10,1.435966189546888e-09,-0.029402183527106836,-0.01956615465827709,0.02453359347175061,-0.0013155251200192856,-1.5310373953879297e-13,-1.515700542506493e-13
8.9000,-0.003720885974764009,0.00014588667958250802,0.2679023815726686,-0.0750301202549661,-0.09776278051726578,0.010994323626386197,-0.0007707967609107489,-0.0028104053298482388,0.024433405051656792,-0.00027743573069132106,0.0011471494064143565,-0.0003207209083949958,-8.506876875387423e-05,-7.998759083192974e-10,1.4359711220593482e-09,0.02791108854088219,0.05929754443966907,-0.02020363265794465,-0.00015346044511138025,-1.17251748674857e-13,-1.1580742875078043e-13
8.9200,-0.0037643018369303803,0.0001249975400796067,0.2682777403503559,-0.07487475943296065,-0.09870960124703483,0.011012882233370151,-0.00020811780569533408,-0.0024839759793134886,0.019887994546656695,-0.0008225857032787938,0.0007519549477124324,0.00012035415351233023,-0.00010104377230534613,-7.998722251207351e-10,1.4359748523610055e-09,0.019155894926652754,0.04168301042876476,-0.007089032150229437,-0.00015642350618766572,4.261237088014347e-13,4.291849536354475e-13
8.9400,-0.0037742044054120357,0.00010430616205490556,0.2684284647362835,-0.0747884301895279,-0.09931109746149265,0.01101952575077738,0.0003749494126364186,-0.0010516008250790348,-6.146082640257465e-05,-0.002094707079227966,-0.0007889254842705044,0.0011384683052366644,-0.00011986627452313333,-7.998705078257413e-10,1.435976609038919e-09,-0.1155356773268079,-0.15669109981098545,0.09412388274682006,-0.0013760642927399896,-5.858542004386763e-14,-5.703614934949447e-14
8.9600,-0.00375620540188602,8.879023565257992e-05,0.2683656331386476,-0.07476901380152882,-0.09952407120307132,0.011015650320063082,0.0006419268461858771,-0.0005569090863272268,-0.0014958885594136234,-0.001364993090984596,0.0001087125244329793,0.0010978086629046962,-0.00010451835448969211,-7.998653583844299e-10,1.4359818116996089e-09,0.03762638398792509,0.04382392085952594,-0.00836634539937705,0.0011625772013967516,4.341063641367937e-13,4.3725320673232426e-13
8.9800,-0.0037371592409207732,8.061078696462342e-05,0.26837144829155496,-0.07484093682757632,-0.09971429069663354,0.01101854774132744,0.0010910617797772692,-0.0002418790281430732,-0.0016279702430315555,-0.0008424496239523281,0.0006667442033153076,0.0010237181782965456,-8.327097932355241e-05,-7.9986128683251e-10,1.4359859299341028e-09,0.027520922619903597,0.02792862926265788,-0.005211890907852218,0.001152244057736193,-8.754570690345381e-14,-8.6026251768824e-14
9.0000,-0.003707269245167909,7.81023533016018e-05,0.2683609212560985,-0.07499007493804363,-0.09974826488090428,0.011021846418458247,0.0015515241402025378,2.098301926638876e-05,-0.001394407081125864,-0.000605207091343456,0.000772345011806236,0.0010556691232024044,-6.339639269447072e-05,-7.998575947185668e-10,1.4359896703928108e-09,0.020104980401615954,0.015452466915698826,-0.005821256888692928,0.0010558709588152828,4.0474703666762424e-13,4.0789642713826013e-13
9.0200,-0.0036488233766881575,7.950094181901741e-05,0.26814742274571557,-0.07518660118748072,-0.09935677532904431,0.011012930242392657,0.0019280307093764153,0.0012884617708776463,-0.01623089130528156,-0.0011067085998184734,-0.00023531230738376766,0.0015357301070880347,-5.275448658831451e-05,-7.998558845691022e-10,1.4359914249334833e-09,0.039064196340297994,0.03302112870132355,-0.014060293703125726,0.0012231079509082768,3.722575633163805e-13,3.754722227578e-13
9.0400,-0.0035797722235257137,8.768782682069867e-05,0.26785644259481006,-0.07542289258546551,-0.09870853255001083,0.01100012053803437,0.0020072159088992346,0.00142564689873584,-0.012351175234427374,-5.3800924906575515e-05,0.0007259555830140995,0.0009830179080623535,-2.027435137464555e-05,-7.998526820584443e-10,1.4359946822950675e-09,0.155833473561341,0.19220287998707425,-0.10297616282487675,0.0028985669524909698,3.191752960020333e-13,3.223592725219715e-13
9.0600,-0.0035442346487179993,0.00010337323747916708,0.26792935415403585,-0.07573021687402756,-0.09846185559298525,0.01101189967193117,0.0021964420165693542,0.0001736455521916204,0.00862931955486532,0.0010335557680465747,0.001912018657470639,3.0340719680990384e-05,1.2110812021747355e-05,-7.998498931404219e-10,1.4359975217590018e-09,0.04715698530964984,0.05439648675345606,-0.04999921341102984,0.001321967503411781,2.9762797044627365e-13,3.007633747088845e-13
9.0800,-0.0034938899349519497,0.00011777488765762595,0.26790955336399896,-0.07605693851102677,-0.09803968544084414,0.011018197146285184,0.002455872715858491,0.001173410609820743,-0.007010670848293714,-0.0003627798337675269,-0.0002143956055407908,0.0005587611211487132,4.741705374661766e-06,-7.998512428606978e-10,1.4359962130682698e-09,-0.1144217237575255,-0.17164041686987236,0.061205221996222366,-0.0011257391423956952,-2.3350413399722547e-13,-2.31878074683986e-13
9.1000,-0.0034316674354345606,0.0001333884206701716,0.2677366328950132,-0.07637842263920559,-0.09738566469731119,0.011017007598761942,0.0021536560067218586,0.001061971508861862,-0.002737334936343475,0.00035159813827652673,0.0004036613630712917,-0.00013596555879917194,1.9785545645904854e-05,-7.998495859377536e-10,1.4359979265053066e-09,0.07137849545948617,0.08339915480375974,-0.06737905910603102,0.0014776636670946783,-2.872341578995241e-13,-2.856572942598612e-13
9.1200,-0.003398721912290957,0.00015106476381988626,0.2678105307672625,-0.07672421252704996,-0.09711637814197847,0.01103500267672149,0.001958780783834486,0.0005398772577266401,0.004007002967297948,0.0005121377455132426,0.00040657572131987905,-0.0006642495537110072,3.1203679703514304e-05,-7.998498744497522e-10,1.4359976871819343e-09,-0.046603573474610346,-0.07308555225321656,0.009673356476275216,-0.00021059029122728423,-3.088730985388588e-13,-3.0729439175550266e-13
9.1400,-0.0033438020494707364,0.0001648448073961807,0.26760489623496486,-0.07702842013279419,-0.09652886596937117,0.011037256806120289,0.001630045039990647,0.0017606608874132547,-0.014676264983534793,-0.000555778499822047,-0.0013297991972136788,-0.00014875793866892277,2.2195898016974472e-05,-7.998522202763015e-10,1.4359953869065668e-09,0.07155579834596465,0.08183902465759468,-0.04595704974820195,0.0010327022062623743,1.6980178114273103e-13,1.7305186689013652e-13
9.1600,-0.0032906245771553663,0.00017867046703857767,0.2672963508597735,-0.07728891307349706,-0.09587397688776146,0.01103576260688948,0.0010369007467544162,0.002144790162292079,-0.019520100071316545,-0.0005187030196429944,-0.0016161313253891447,-0.0001866166580870874,3.1806756187939306e-05,-7.998555206373712e-10,1.4359921294990399e-09,-0.022905257475249373,-0.051895425209934135,0.021097807090681497,0.00028357036969420366,-3.8167201604072387e-13,-3.799630965764522e-13
9.1800,-0.00324227364272689,0.00019288036345935965,0.2668996068027773,-0.07748587908958492,-0.09516018617820425,0.011029941876240306,0.0003749495713396655,0.0023976175531595194,-0.02226396557664858,-0.00013158373808251978,-0.0015011567333856543,-0.00025904301402927696,5.160006787541621e-05,-7.9985936927273e-10,1.4359883311943112e-09,-0.04813844606871422,-0.08743492830678126,0.04285231913868417,0.00024889066614135186,-4.209439871324938e-13,-4.191898564376295e-13
9.2000,-0.0032044402784209636,0.000207888234121398,0.2664679916810647,-0.07760361848098601,-0.09443852328593907,0.011021266920160411,-0.00033802524674840875,0.0021917061472497804,-0.018170864831563265,0.0007978688595990157,-0.0006019762934013395,-0.0005577885660984354,7.869983939589291e-05,-7.998616203367772e-10,1.4359861324412838e-09,0.1358926446682843,0.17113416917469093,-0.07428977814063585,0.0025355009334113356,5.138414921421891e-14,5.468587009008902e-14
9.2200,-0.003180906268939023,0.00022190028012434175,0.2660728374159865,-0.07763545952219855,-0.09379516549993228,0.011011897716176895,-0.0007727608347370456,0.0024296466496862472,-0.023108875379542017,0.0005449233831224099,-0.0012290097469070092,-0.00016602140989669788,9.142089818030252e-05,-7.998678760777787e-10,1.4359799213851932e-09,-0.01519158522393723,-0.03473606960051731,0.0278944302186233,0.0003354410360663797,3.76559677536803e-14,4.1034592444897516e-14
9.2400,-0.003177693527466008,0.00023515360226802475,0.2657841521021997,-0.07757770471731974,-0.09330967346238478,0.011005003532047176,-0.0012859269498143493,0.0016387651938757943,-0.012799092103275619,0.0014566575252448017,-0.00015501169859847202,-0.0005030518773524188,0.00011213114561351956,-7.998709483298397e-10,1.4359769049815855e-09,0.11969357353307342,0.16101518781055008,-0.06774197623311765,0.0017759254333721993,1.709088193234745e-14,2.0398877628290818e-14
9.2600,-0.0032054042799694086,0.00024582618559607333,0.26575598031737774,-0.07744739705873635,-0.09320390559261602,0.011009283365526758,-0.0015367138821773246,0.000519566451887313,-0.0005925267902470764,0.0017442377471725337,0.00030148702087976566,-0.0006935666155860533,0.00011761099709956864,-7.998749959620268e-10,1.4359729091530697e-09,0.039173147742532964,0.06225994283185023,-0.025768479783731937,0.00015423696604185627,3.328140849934505e-14,3.656047632607379e-14
9.2800,-0.003253305840345678,0.00025082293248348685,0.2659195410823571,-0.07724919008842517,-0.0934028117019997,0.011019872600908103,-0.0016173610558642276,-0.0005988936955086349,0.010120389297094063,0.0016320408380659458,0.00043542552594035976,-0.0008029329748721591,0.00010505432581456749,-7.998785753776537e-10,1.4359693806431475e-09,-0.06114493481405734,-0.06540244036605493,0.027331977437440848,-0.0016253401108555345,7.032652997278344e-14,7.357894675485976e-14
9.3000,-0.0033071306241458597,0.0002481384637379904,0.2661537023065527,-0.0769893282896232,-0.09376161332355086,0.011029639444385748,-0.0015521038799714874,-0.0009940073532908307,0.009924502632982345,0.0008944296902023959,-0.0001385714074281286,-0.000584447498652038,7.304065685941203e-05,-7.998813458971042e-10,1.4359666604862974e-09,-0.023953882858288353,-0.009696353135984435,0.005384187217479333,-0.0016841952750950846,1.111051490610207e-13,1.1433252077291262e-13
9.3200,-0.0033622403397904417,0.00023898790690904414,0.2664059198580121,-0.07668125503470151,-0.09421637403713663,0.011036855336237373,-0.0015741247021954015,-0.001677342880998648,0.015648776103464494,0.000653170520293145,1.2839625901299793e-05,-0.0006530368902918455,4.24681666376559e-05,-7.998832588288314e-10,1.435964797552147e-09,-0.05631690112667705,-0.051631339557321035,0.02192261046777263,-0.0020082816253325485,-3.508479314365265e-13,-3.492306812659385e-13
9.3400,-0.003443398127278706,0.0002256934547814187,0.266943793806593,-0.07637868890749161,-0.09516123710192491,0.011060684017780254,-0.0014408399774808209,-0.00296385159603995,0.0295809036721287,0.000866288734011061,0.0009230784407203096,-0.0011189377771096986,1.5789040150781748e-05,-7.998821109587563e-10,1.4359660001971183e-09,-0.043114017979197276,-0.024730766152764462,0.00867967273315994,-0.0020771939175179017,2.179090512633569e-13,2.21020250712467e-13
9.3600,-0.0035125892386818356,0.00020480097789484444,0.2674211200966219,-0.07607726478625568,-0.09612749444286767,0.011079594970118619,-0.001096672152129999,-0.002799681826048243,0.02234108083387798,-0.0005789048513793452,-0.0003706030435732501,-0.0004648907428582316,-3.588484710949936e-05,-7.998829230625043e-10,1.4359652343419653e-09,-0.16041080537779115,-0.19115106409685867,0.09572886107779062,-0.003451300308822636,-2.2389457909194332e-13,-2.2234349235893125e-13
9.3800,-0.0035590338018514724,0.00017943313373478922,0.26770848560883154,-0.07578560601760596,-0.09691257488775426,0.011087327208145755,-0.0008865577067312044,-0.0021892646956686813,0.011899642197517747,-0.0011584074334430186,-0.0006704661974310125,-7.799833255081252e-05,-7.026260913852793e-05,-7.998809153310123e-10,1.4359672918632467e-09,0.013196214887107115,0.03894949839763592,-0.001935305692951967,-0.0009880749097814744,3.229631189219373e-13,3.2609326480401157e-13
9.4000,-0.003589978500677693,0.00015397509401919845,0.26786680467035306,-0.0755240304289221,-0.09755790517268009,0.011088872419640721,-0.0007721853840081068,-0.0019780423241701076,0.010321076940892978,-0.0009982604473519933,-0.00013493228900391372,3.5420243308767126e-05,-8.37795006852814e-05,-7.998787262698511e-10,1.435969529310914e-09,0.024332528942953957,0.047086920021104935,-0.00592086768490975,-0.00012053616467571192,-1.5887215588233916e-13,-1.5735736281705104e-13
9.4200,-0.0036087268725890124,0.00013018343819485494,0.2679524122216491,-0.07531040370171564,-0.09809899174270076,0.011087559237636073,-0.0004314849006582581,-0.0010472529097165528,-0.002185149794775125,-0.0016174023786284068,-0.0007711588115025783,0.0006937793046665523,-9.604770591430022e-05,-7.998778485968895e-10,1.4359704473611093e-09,-0.0913259248317118,-0.11990254186990837,0.0815090849525349,-0.0012378284387940502,-1.2952196281647288e-13,-1.279382687031233e-13
9.4400,-0.00359252162549815,0.00010963287033990966,0.26772648289457196,-0.07512090960704236,-0.098131928197497,0.011067416144203786,-0.0002661100473974667,9.458694296044408e-05,-0.014190565559410423,-0.0016224258439417546,-0.0008048316802845962,0.001235459046505743,-9.36357812988155e-05,-7.998759012432882e-10,1.4359724411589775e-09,0.0021794127478827244,-0.0034061945964665693,0.026549610174437518,0.00046881710892112446,-1.3238878309590474e-13,-1.307665455953233e-13
9.4600,-0.0035607781493918883,9.643171262482704e-05,0.267374681606836,-0.07496649980308032,-0.09785074070587989,0.011039497937535912,-0.0001005776877836827,0.0007868166907188133,-0.018148744384973495,-0.001028056064747362,-0.00019428257816512075,0.0014061147487544703,-7.324957846663464e-05,-7.998741182066251e-10,1.435974271439832e-09,0.00538389653092692,-0.00507166108132417,0.021425213151548512,0.0009272364165163762,-1.431361539711018e-13,-1.4147708070171017e-13
9.4800,-0.003520090297526707,9.150721906288612e-05,0.26697209217663614,-0.07484436290414016,-0.09731395631918831,0.011007131803026433,0.00011620653747528407,0.001244674873699233,-0.018608098919343643,-0.0004061087311209608,0.00036962068697494094,0.001461897833103653,-4.8079669774687926e-05,-7.998726516401463e-10,1.435975785909832e-09,-0.009562004848831568,-0.02768681443261775,0.022594155076282506,0.000850207979640129,-1.589897105028909e-13,-1.5729784011778158e-13
9.5000,-0.003473870752322004,9.424900620313776e-05,0.26656212075249147,-0.0747485922896199,-0.09656483335680213,0.010972074857418494,0.0003813663779098258,0.0017116156360971878,-0.020116102336390163,-6.839220850649513e-05,0.000536648567761347,0.001497450764160913,-2.7594274358237657e-05,-7.998715463313764e-10,1.4359769396072224e-09,0.0018257951071888366,-0.012159495274168779,0.006666403324996049,0.0007433384023389699,-1.7767693783268812e-13,-1.759571492416373e-13
9.5200,-0.0034487007181744113,0.0001052551366440578,0.26640829395318827,-0.07469850116127826,-0.09599260824261889,0.010951497842609847,0.0005786448132038735,0.0008513858388653773,-0.0029478289083227586,0.0011425121200704872,0.001985877359049644,0.0006401633542090276,-2.07678412832334e-06,-7.998683451310853e-10,1.435980196627907e-09,0.05824033622318052,0.07486547359835106,-0.05365787123927483,0.0010614057385169608,3.0493435467654484e-13,3.0816511452022577e-13
9.5400,-0.0034343488010458658,0.00011945251457535799,0.2664314068872222,-0.07468911490401962,-0.0955523415607028,0.010940977346392933,0.0008988075394242801,0.0005777472890331303,0.0019381846027309482,0.0008883155529124431,0.0016246403945949792,0.00034225508889480495,-4.8525041070425264e-06,-7.998666334829282e-10,1.4359819586635467e-09,0.03969339741786463,0.05609916877120184,-0.051173245760751974,9.841934251955197e-05,3.070110897278322e-13,3.10223255504255e-13
9.5600,-0.0034031523596305653,0.0001337289442259223,0.26631521802506475,-0.07468960358032527,-0.094865736345091,0.010922703098974225,0.0009792039138689307,0.0011904433231769563,-0.0060380865168254295,6.394690452541875e-05,0.0004924732927376022,0.00035594848465002614,-2.4283383788921204e-05,-7.998663932737626e-10,1.4359822450894594e-09,0.03713742974815622,0.04920958567681735,-0.050986073211214754,-6.388338745303654e-05,-1.938844050586308e-13,-1.9221749842854297e-13
9.5800,-0.0033816604177707467,0.00015061172599963306,0.2662654987047354,-0.07471829742609269,-0.0942834810047465,0.0109128045237992,0.0008013596884633888,0.0011292452659920115,-0.003897991968094697,-0.00015942057846506723,0.00018173632391047044,-0.00010206078223688578,-3.620504958101423e-05,-7.998658096731849e-10,1.4359828763584764e-09,-0.04195423625918306,-0.058159259704964064,0.0003160097876222256,-0.001031249893671096,3.007404438329364e-13,3.040137586118874e-13
9.6000,-0.003355157996378847,0.00016866247262459601,0.2660914987456996,-0.0747520019994826,-0.09358898043700291,0.010900805502193576,0.0003930623952707992,0.001621180704872363,-0.009353459773899984,-0.00041923122715272035,-0.0002446614086990984,-0.0003871590717979067,-4.9008064296577417e-05,-7.998651188533065e-10,1.4359836187810386e-09,0.03986579274567415,0.04964271290216119,-0.042963445756402555,0.0001001904686055771,2.821536949394743e-13,2.8543432808308955e-13
9.6200,-0.003345310360562061,0.00018977148614995358,0.26597067801949464,-0.0748020378836922,-0.09306773728879573,0.010899326318844814,-0.00022083544033932485,0.0013931848823359808,-0.003929769591758897,-1.6488508065962516e-05,0.00021177285495254026,-0.0009563467553413605,-4.791592421631866e-05,-7.998643268966368e-10,1.4359844588951494e-09,0.020568620559729918,0.024318364993299244,-0.029701949480583106,0.00018452825185421624,-2.2389761485802628e-13,-2.2220701841046964e-13
9.6400,-0.0033436296948508117,0.00021175874031024013,0.2658152281563014,-0.07485536014100772,-0.09262560502965189,0.010902572301947017,-0.0007650361438433578,0.0018490591065437993,-0.010019594026029862,-0.0004761952189073629,-0.0005100812610732727,-0.0008649328968433379,-5.4069447179726733e-05,-7.998649262959646e-10,1.4359839064091416e-09,1.3327879607594962e-05,-0.0066232949057301845,-0.0022832802544850346,-1.4568181287353608e-05,2.5818903221994094e-13,2.6149302992037327e-13
9.6600,-0.0033489458696573616,0.00023496940642208302,0.2655954435528488,-0.07490055963908258,-0.0922207820619079,0.010908263263176324,-0.0014167755208056938,0.002067062461880405,-0.011897599937455396,-0.00045749602972915203,-0.0006444518854964546,-0.0008565121057087795,-4.984422859416736e-05,-7.998658606416645e-10,1.4359830194163242e-09,-0.056242971584451074,-0.08607173649099308,0.039726758954214916,-0.00027050946033457395,-2.4857557418683784e-13,-2.468098967388366e-13
9.6800,-0.0033482358074142654,0.00025879946591171745,0.26517787013197563,-0.0749119503161995,-0.09164050378300093,0.010906249790519547,-0.00203402086041616,0.002890233978902027,-0.02221449023456479,-0.0006653460902228213,-0.0012041684632980857,-0.00041415437473356364,-4.1969672369364155e-05,-7.998674635347758e-10,1.4359814667679336e-09,0.059230775509669105,0.06499368436380741,-0.015301636988249481,0.001335145896603397,2.1012060364214435e-13,2.1349190319243372e-13
9.7000,-0.0033566303877216163,0.0002853924534976295,0.2647167828622924,-0.07488879892551302,-0.09105430409774763,0.0109042233249817,-0.0026320022328255996,0.0031789870774163293,-0.0243253279282317,-0.0002722332475077079,-0.0009748070204055146,-0.00025224570611835715,-2.0540955456817437e-05,-7.998700414398147e-10,1.4359789329536298e-09,-0.043803693300720016,-0.07667701561207374,0.05098786568099352,0.0004885821672424597,-2.9726351588599265e-13,-2.9539857972910033e-13
9.7200,-0.0033757033331399742,0.00031479085218664293,0.26425119919330514,-0.07481911257814922,-0.09046539292681179,0.01090177233448544,-0.0032021270499855937,0.0029222821078770263,-0.018133560727288375,0.0006932081165939851,-3.809116340713393e-07,-0.00031931365047533776,1.0960278142461345e-05,-7.998710150664844e-10,1.4359780136337249e-09,0.12609407634921002,0.15825992405323303,-0.056253800502419134,0.0025249123774979377,1.542297648100821e-13,1.5760388328601993e-13
9.7400,-0.0034318487339518432,0.000346367814779945,0.2641074006105374,-0.07472991147137084,-0.09030778880168838,0.010916837403380527,-0.0034604520451419494,0.0019585074224253395,-0.004836545548733377,0.001413282220406551,0.0008369999587495332,-0.0004915278912096224,3.73217382220034e-05,-7.998727312992446e-10,1.435976349192706e-09,0.02007164687727468,0.025174875049421615,-0.002312989204679263,0.000825847228874442,1.5618604500000632e-13,1.5953319394690357e-13
9.7600,-0.0035029374442184383,0.00037501147929827855,0.26412330382538135,-0.07461042405816966,-0.09035872490196867,0.010937269019146075,-0.003394270140803099,0.0014700031910297403,-0.001156647091094845,0.0010732943905068049,0.00043858768011441405,-0.0002062915875837616,3.8788047698630184e-05,-7.998747357519738e-10,1.4359743943560775e-09,-0.028420224398058882,-0.033447639949917944,0.02211770373383441,-0.0004315336531363836,1.7216097796500518e-13,1.7550075433712953e-13
9.7800,-0.0035778177733222167,0.00039922105970856546,0.26420437338937297,-0.07445945097769663,-0.09049236163355129,0.01095715008592689,-0.003286024891607249,0.0009464624860926396,0.00298542785027302,0.0007012729578803026,0.00010832992472040164,-2.648042321196465e-05,2.967012687109523e-05,-7.998763874301171e-10,1.4359727919597747e-09,-0.06179889764667083,-0.07432976314909649,0.03668125872530952,-0.0011991601902478285,1.945947743220433e-13,1.9792780153564393e-13
9.8000,-0.0036297083771367022,0.0004176267831236047,0.2640793382639608,-0.07425718980229547,-0.09032835936397089,0.01095989193376112,-0.003083495933527213,0.0017140312287017053,-0.011305710161336264,-0.00038415206758258955,-0.0011997847309848536,0.0006379035668741145,6.120781479257481e-06,-7.99879511510186e-10,1.4359697116691677e-09,-0.09047203049923391,-0.11863870537492885,0.0605733561549945,-0.0015881313589655279,-2.672702011964623e-13,-2.654136676064067e-13
9.8200,-0.0036793518408219524,0.0004353708488960448,0.2639183956699712,-0.07402030581187591,-0.09008248878759137,0.010957602175325095,-0.0032314157597179336,0.0012973001444185654,-0.004722540113828839,0.0003703867200463301,-9.604074289647801e-05,0.0002445531409276357,6.424971587738024e-06,-7.998791592792462e-10,1.4359701189405254e-09,0.12064304695712633,0.16965363940990832,-0.07448682271123318,0.0010478863189026146,2.087888781136804e-13,2.1211797509440578e-13
9.8400,-0.0037541696034845717,0.00045335317991768994,0.2640265465168034,-0.07378794338748686,-0.09019071163027938,0.01096946971451489,-0.0031893836937909995,0.00037891449672304025,0.00713835968555661,0.000845549664482414,0.0007686730739661239,-0.00021433543946089821,3.953386276596505e-06,-7.998793934487009e-10,1.4359699355946198e-09,-0.010495625311432772,0.00014829956289766407,-0.00287195665020906,-0.0007718376528548673,2.413179248442199e-13,2.4461888677856924e-13
9.8600,-0.0038269820574777665,0.0004683770737112477,0.2641473944039633,-0.07354912527742966,-0.09031643769904774,0.010980032504119979,-0.0030888329578843943,2.0340558603553497e-05,0.010692103426138393,0.0006699563273718577,0.0008174615757173399,-0.0002829665302143035,-1.388394974257566e-05,-7.998790243742197e-10,1.4359703553230535e-09,0.015732991701861817,0.03779866422981624,-0.024542248034359292,-0.000594172262636102,-2.057274164392331e-13,-2.0399917107123688e-13
9.8800,-0.0038905364214531623,0.0004802845252413566,0.26420493872790557,-0.07331038149029773,-0.09037171798789352,0.01098601590742411,-0.002854318657049771,0.0005981360012666762,-0.00015636235691806182,-0.0003908348710278724,-0.0003170169222639595,0.00016381024083843512,-4.403511043634586e-05,-7.998794220060711e-10,1.4359700037143372e-09,0.03943324034680214,0.0657660168459103,-0.027321012267451775,-0.0005633334097202014,2.9529075582304665e-13,2.985955124649997e-13
9.9000,-0.003943095139770106,0.0004916169274172795,0.26414782632334816,-0.07307379355654363,-0.09028091935909477,0.010985984019173887,-0.002907532891437856,0.0007219689493767786,-0.0011954962409218561,-0.0004021009264797151,-0.00014227760443089635,9.828346149069593e-05,-5.913055492696083e-05,-7.998789598676599e-10,1.4359705138511105e-09,0.02964586522045145,0.048397604418830835,-0.02259551008755126,-0.00021655918880713292,3.1229912319380437e-13,3.1561569763943753e-13
9.9200,-0.003990084544225238,0.0005039428741633482,0.2640228421364092,-0.07284904570942251,-0.09010249770702622,0.010983506764986203,-0.002895867416265126,0.00127604735060587,-0.008572756796488789,-0.0006806451972804186,-0.00039520600260954935,0.00025857936026723303,-7.164443538473545e-05,-7.998786454354504e-10,1.4359708750411111e-09,0.026812020933699277,0.039863893630839274,-0.013058369099867531,-8.260998359711473e-05,-1.4550857805988027e-13,-1.4370416748926695e-13
9.9400,-0.004067736518083921,0.0005205825162588398,0.26419496439237194,-0.07267787245426435,-0.09034654141206565,0.011001793146687694,-0.0031080001725960777,-0.00014667459175242073,0.014731633719179394,0.0007124092997869691,0.0016312906465819456,-0.0006881634696343866,-6.0768258724713154e-05,-7.998748763723179e-10,1.4359747005904446e-09,0.030155187200791578,0.05287163246345844,-0.03157016860333591,0.00013292895154721473,-1.2723245308883524e-13,-1.2553334565422458e-13
9.9600,-0.00415794666176075,0.0005363214819363531,0.264541054700557,-0.07256669907306144,-0.09087665048014537,0.0110328493209333,-0.0028245966356568457,-0.00035755757335824043,0.01564792568906622,-0.0002207799846382858,0.0006908314293889392,-0.00039745014556918175,-8.081867572347874e-05,-7.998733538851304e-10,1.4359762708581643e-09,-0.15345853636532011,-0.19337461960163613,0.08575319643113119,-0.00235757640709244,-8.601661592201604e-14,-8.429261249501968e-14
9.9800,-0.0042135800576601785,0.000549124060872105,0.2645648234556492,-0.0724771884542916,-0.09100182443968685,0.011047372137729805,-0.002644474875760282,0.0007473668766900772,-0.0009206279462621343,-0.0012149532200877854,-0.0005043455813845523,0.00021532780964552323,-0.00010297949924057698,-7.998711955307841e-10,1.4359784746285605e-09,0.059113855000293265,0.08281397341264525,-0.031052034329348707,0.000256267963902107,3.8295218775588613e-13,3.8623477246341187e-13
10.0000,-0.004265264274705377,0.0005643340250126787,0.2645410658806465,-0.0724355297459516,-0.09108396800899449,0.011063330486580283,-0.002662367329873509,0.001002239441406102,-0.002632601135240396,-0.001076006682311473,-0.00030534048230157474,0.00020267381015462007,-0.00010187821829985575,-7.998691096414753e-10,1.4359806077865634e-09,0.020003974963521423,0.024668798949265533,-0.003650600993828052,0.0003398696179046015,3.8434527912731276e-13,3.8764813841546397e-13
10.0200,-0.004338089665588511,0.0005839255748102416,0.2647320560951448,-0.07246756747552949,-0.09147684345470744,0.011096494649677019,-0.002747975828530978,-3.35864021749323e-05,0.015363823773367712,0.00026183647171781346,0.001488843175001407,-0.0005658725588292961,-7.960778051862109e-05,-7.998643927103518e-10,1.435985382157146e-09,0.008151358980833318,0.014140174280982132,-0.0099414856381442,0.000565018756363676,-8.416977238887707e-14,-8.250526455609586e-14
10.0400,-0.004424648473451434,0.0006038966181881798,0.2651200589168704,-0.0725813892005584,-0.09217389777775067,0.011144812056035068,-0.0024157104881391994,-0.0003677215413418444,0.01897994611198584,-5.1728834303296435e-05,0.0011661766313087745,-0.00046033795453041826,-7.761478680544297e-05,-7.998611571982197e-10,1.4359886644463141e-09,-0.04427922515996432,-0.05432080840505597,0.024543271985094137,-0.0003510223542992963,4.009087983466997e-13,4.0410838737792165e-13
10.0600,-0.004514913233627113,0.0006227601816456041,0.2656161017511511,-0.0727775822016963,-0.09306521013147971,0.01120337144029643,-0.002124898588377743,-0.001112248023701965,0.0291201638285478,0.0001671472900444936,0.0015783030589510709,-0.000690982716390782,-7.220520267378157e-05,-7.998559472010183e-10,1.4359939283332563e-09,0.04410034629736446,0.06709690450610171,-0.0377425797011916,0.0007452378488451376,4.0639491554958496e-13,4.095122136359153e-13
10.0800,-0.004610007320538656,0.0006390675469270953,0.2662580173100816,-0.07307120824046162,-0.094225659832132,0.011275030063702262,-0.0015627987529648443,-0.001489700537399539,0.031279365453556814,-0.00046129998448553555,0.0009019076956485296,-0.0005223011639662711,-7.478832206262436e-05,-7.998524006604479e-10,1.435997521269528e-09,-0.11718043199160388,-0.15119460622478356,0.0662706635448701,-0.0011794445957202773,-5.487626276784105e-14,-5.332946540967387e-14
10.1000,-0.00467837393917907,0.0006510388606465279,0.2667240549646274,-0.07343658332846793,-0.0952055249990903,0.011340384780051919,-0.0010896680220097272,-0.0010294974546251876,0.02232144242503604,-0.0010584637562713977,0.0001422593248015673,-0.00014136675147218762,-7.715807164539179e-05,-7.998478786685359e-10,1.4360020945508433e-09,0.01309459560876128,0.016498898914540462,-0.006843806450131062,0.0006350645638896856,-7.095768471496872e-14,-6.94375519539811e-14
10.1200,-0.0047271447642522404,0.0006605725453242761,0.2670758967662477,-0.07387710193715406,-0.09607247468567888,0.01140322885860851,-0.0005969766752068884,-0.0003296678042579538,0.010084804683822193,-0.0017672482602753652,-0.000903972700460434,0.000409394631523547,-7.23312612576463e-05,-7.99845902257368e-10,1.4360041111725218e-09,-0.0980213514644201,-0.14408758604168467,0.07759374368537388,-0.0003396057860717963,-8.515181561166013e-14,-8.35700188521124e-14
10.1400,-0.004765231709724228,0.0006708494903645581,0.26737555085411097,-0.07438608803393824,-0.09687067583090259,0.011466796066566755,-0.00039871473311904615,-0.0010897669530487955,0.023048973390161494,-0.00031874709861494556,0.0007661382421072533,-0.0001623082050382443,-3.212499007052945e-05,-7.998403765561066e-10,1.4360096946662042e-09,0.04186919444331596,0.04474724534183191,-0.020665521659681618,0.002085665586956682,-1.3241084661011482e-13,-1.3092589620962436e-13
10.1600,-0.004791870414734325,0.000679635715191408,0.2676598312671787,-0.07495712161686699,-0.09762978813928831,0.011530849720923487,0.00016992704764804504,-0.0005973277738607253,0.013930808890955725,-0.0006358649465660876,4.686821537940253e-05,0.00033040704730569073,-8.760589049405543e-06,-7.998381422378261e-10,1.4360119739127655e-09,0.09379599753623977,0.11142415418685353,-0.04180622564821597,0.002454879251836183,3.335350116755176e-13,3.36635558838283e-13
10.1800,-0.004808499104919265,0.0006868699377810792,0.2679483247981124,-0.07557839835286906,-0.09835231207377072,0.011595084360530347,0.0007447615564468395,-0.0006005470512137217,0.012132475136464996,-0.0005648523689280397,-0.00020229250742481974,0.0005625009867545236,2.26028556716554e-05,-7.998373523979801e-10,1.436012808297952e-09,-0.0949335488920385,-0.1494257702643568,0.07563978103781561,0.00043323932977431916,-2.0462700544426893e-13,-2.0309104333156303e-13
10.2000,-0.004798963546492934,0.0006910113668411606,0.2680824974766143,-0.07621591069255394,-0.098788391049736,0.011647176088383102,0.0012809215710223216,-4.9849973919304216e-05,0.00241239423148853,-0.0006828408584485943,-0.0007936900898569343,0.0009781540128853147,5.060416911814356e-05,-7.998369276853877e-10,1.4360132796981608e-09,-0.06122818695470774,-0.10865970227927112,0.05710438552999123,0.0007999941204884153,-2.5785070693201684e-13,-2.562898352743981e-13
10.2200,-0.004761516853428328,0.0006933020300994369,0.268016095031207,-0.07683809725252348,-0.09883443472306677,0.011682094888631816,0.001589739003965799,3.3971397388839544e-05,0.001600771559426391,1.9946251952378467e-05,-0.00042384100005802807,0.0009580177575615683,9.130968333312079e-05,-7.998369443923739e-10,1.4360133154520038e-09,0.048688804092976906,0.039556959759934084,-0.019161295034688334,0.0023537210604894485,1.9177644498477586e-13,1.9495237130358334e-13
10.2400,-0.0047312360227592535,0.000694952507417178,0.2681067950926487,-0.07745946609789292,-0.09898747269624682,0.011721439556591669,0.002085451977316536,-0.00018572069815378013,0.0023564898171517983,0.0004496721550854215,-0.0003096506498662157,0.0008452073806442503,0.00012830359973755893,-7.998383051275747e-10,1.436012003470827e-09,-0.009984042557256828,-0.03663244746553609,0.01392903056428669,0.0012392777112574355,-3.789963134992469e-13,-3.774348997405419e-13
10.2600,-0.0046884878344816555,0.0006929664090172511,0.26815490223024463,-0.07803846647680615,-0.09896998310046326,0.01175049420294042,0.002427460616426631,-0.0006895278580314493,0.007441691669765797,0.0010985707784725762,0.00016671060857330398,0.0005273186716607751,0.0001585963324801918,-7.998391743445451e-10,1.4360111850186419e-09,0.11603864531622583,0.14293455864061685,-0.07922275332301688,0.0025456656542268024,9.612840037864778e-14,9.926404858674742e-14
10.2800,-0.0046508589620023015,0.0006862579520194019,0.268340466892623,-0.07858018568990806,-0.09906911001070963,0.0117808382303521,0.0029062768314431706,-0.0008995584007567614,0.005202018249319414,0.0008249063013821114,-0.0004957115458906423,0.0005120489706903495,0.0001731233682713019,-7.998432238854806e-10,1.4360071838523e-09,-0.04156280888677039,-0.07002187477151386,0.01919115194343406,-3.84585957287992e-05,-4.623305861414795e-13,-4.60780502295477e-13
10.3000,-0.004588815369018968,0.0006720271552148575,0.2683385392437625,-0.07903567696552227,-0.09885361422014897,0.011790745805249392,0.0030994925456301666,-0.0006100665183571303,-0.0028090175864760626,0.0004694272951166201,-0.0012467106169950309,0.0006040064409630181,0.00017445204952237187,-7.998474952540042e-10,1.436002960097091e-09,0.011353215810387817,0.0025983712706467623,-0.015127543495613353,0.00036792268267008655,-5.011320134903907e-13,-4.995562340529003e-13
10.3200,-0.00449901417881856,0.0006519086451058898,0.26805407319718105,-0.07937358048051739,-0.09819656255919029,0.01177415979007293,0.002984481698908351,0.00010057284839795459,-0.01472293435999735,0.00025386575819984485,-0.0018670836271951524,0.0007221904851705665,0.00017490800511548184,-7.998530519710542e-10,1.4359974474469435e-09,0.08291819665248953,0.09827214157662484,-0.05545745819241987,0.0012711949549874067,-4.261949612129577e-15,-1.0084666273308925e-15
10.3400,-0.004440978588863323,0.0006318193956048905,0.26803626118788343,-0.07963473292904841,-0.09788715967893995,0.011769319352719555,0.0027362716289456544,-0.0015442303249938727,0.006493393974052325,0.0018432222309186807,0.00012076482794369698,-0.0004981866957161823,0.0002007589636669589,-7.998566898286932e-10,1.43599386434595e-09,0.0049438394425688524,0.0039275945381217,-0.023476929421027207,0.0003364152678935278,-5.647174351405826e-13,-5.631478356554753e-13
10.3600,-0.004396340865050319,0.0006053879676413361,0.26814664193978566,-0.07980466584585962,-0.0977851762981289,0.01176610025127762,0.002741140752893331,-0.001748200985512334,0.0034381088905154817,0.0012632823758724923,-0.0006423419648809343,-0.0004810229965791537,0.00018865466536534974,-7.998625639855095e-10,1.4359880377861684e-09,-0.08861234015514526,-0.1192526457855839,0.04155611558606863,-0.0016908339147511204,-5.606588327281004e-13,-5.590686334017159e-13
10.3800,-0.004351218334812206,0.0005719639682621303,0.26821644722374643,-0.07986529500435677,-0.09768599993173993,0.011754452691616072,0.0025029198188790064,-0.00222354565711201,0.005835033637118713,0.001068857577490457,-0.0007964815175964196,-0.0006427688090867692,0.0001710588577958923,-7.998673320351292e-10,1.4359833207633772e-09,-0.024699915409556683,-0.025698773517369714,-6.487885768422966e-06,-0.0011398380817266135,-1.6423833321989323e-14,-1.3229592456796314e-14
10.4000,-0.004312135337645355,0.0005321044220255907,0.2683007942264675,-0.07982764991292285,-0.09769600482794843,0.011739315597680452,0.002273331844819138,-0.0022304510795982694,0.0013412028318745542,0.0006145067142846347,-0.0011999116494672405,-0.0006349866604606767,0.0001448127716894042,-7.998729345084716e-10,1.435977769019381e-09,-0.05264029586535363,-0.06230684612721961,0.023338011487328086,-0.0016792751785191112,-5.413082091940136e-13,-5.397278761073987e-13
10.4200,-0.004251529815788909,0.0004853784979797595,0.2681008073402036,-0.07966194512173468,-0.0973923658946752,0.011700867141381912,0.0019003557188212981,-0.00124597723784254,-0.014985899230890398,-0.0003082212728871065,-0.002331427559013488,-6.052186495693931e-05,0.0001131913108867047,-7.998792731902952e-10,1.435971472447828e-09,-0.020843710992986195,-0.024514208841546536,0.01970672131496674,-0.00121507708891485,-5.295732385598995e-13,-5.279227575927248e-13
10.4400,-0.004189333992859498,0.00043762279798677353,0.2677721550181589,-0.07938116667649923,-0.0969591592506426,0.011650510634647795,0.0013459235271472087,-0.0010259417468422498,-0.017680113865096443,1.708249311545397e-05,-0.0017999461613763936,-8.873753199992102e-05,0.00010226458489729573,-7.99884917875144e-10,1.4359658788036075e-09,-0.0029619858032651257,-0.000525939301876664,0.013738852761118683,-0.0006234281857045459,1.949429387446827e-14,2.279069538342962e-14
10.4600,-0.004137136217635999,0.0003908727431826133,0.26744214960456136,-0.07899973176138134,-0.09654242340630435,0.011596069533745765,0.0008647157825549519,-0.0010640159344722229,-0.016276543035194747,0.0005122501061074176,-0.0010140516765312338,-0.0001737574129826312,9.802228766173106e-05,-7.998892639065863e-10,1.4359615807545253e-09,0.011510396586796104,0.022734461380334758,0.0036052067143908465,-0.0003620317601412991,-4.999383068984842e-13,-4.982579019513489e-13
10.4800,-0.004074950365357456,0.0003441647813822373,0.2669310652655119,-0.07850123697448799,-0.0958523345828115,0.011524234899203923,0.0005032967054975448,-0.00017046270289685603,-0.02762191252383355,0.00013319832011756438,-0.001433511745453676,0.00039680224616610245,8.161246617612544e-05,-7.998952632965024e-10,1.4359556271469362e-09,0.02070854435878043,0.032819670040810676,0.005124048248661392,-0.0003119740698659795,-4.766752314047662e-13,-4.749264133005471e-13
10.5000,-0.004032623035897313,0.0003023515480171693,0.2665320095316564,-0.0779190717587341,-0.09526114022525085,0.011454938529091132,7.705225561028739e-05,-0.0008709466376962417,-0.014772740326549755,0.0012645992528641512,0.0002871529388807594,-6.417391113210124e-05,8.394525809716511e-05,-7.998982071536423e-10,1.4359527405080715e-09,0.08537838604875267,0.13137900576669106,-0.049898332168111154,0.00037025453766938404,7.149150520711911e-14,7.478487772626108e-14
10.5200,-0.004038082990667684,0.0002646174890076201,0.26659314511256144,-0.07731037984996449,-0.09527156653747951,0.011410850972541192,4.42182445306019e-05,-0.002188145792843788,0.0033307809151660616,0.0017169112737657867,0.0013501658967341888,-0.0005128028702096958,7.042869254244799e-05,-7.998999022934527e-10,1.4359510958472912e-09,-0.050572274756056745,-0.04149083695892783,0.02090471834063515,-0.0020810457707317767,-3.830611500742209e-13,-3.814150601258448e-13
10.5400,-0.004045719442267659,0.00022485297902057345,0.2667053650140484,-0.07666321318150451,-0.09534368273956001,0.011365583511238567,0.0001618007118214941,-0.002393822136697193,0.004928436024629,0.0008444119157885023,0.0007746442041759121,-0.0002551712609969143,2.3838655403060248e-05,-7.99901185106989e-10,1.4359498631764248e-09,-0.020317484932064544,0.004441195099099009,-0.002449771247067578,-0.002294460491614553,1.9736179379149787e-13,2.005789468979141e-13
10.5600,-0.004073287503289626,0.00018554089269062153,0.2670420383909396,-0.07602817602058015,-0.09575689865737884,0.01133388416832845,0.00027944749153427124,-0.003320573682050096,0.017442225393971614,0.0006508774266046264,0.001253175770929914,-0.0006396388542303688,-2.055870854608894e-05,-7.999005548946354e-10,1.435950543882757e-09,-0.16278436355817577,-0.18434942274042157,0.07527749096540147,-0.004134501776528729,-2.28152945754706e-13,-2.265705255789091e-13
10.5800,-0.00406347439517417,0.00014323196512994527,0.267026923987105,-0.0753776703958316,-0.0957247811403726,0.01128081180422791,0.00039057201549377727,-0.0017076665505582644,-0.005562502472265004,-0.0014675881669491614,-0.0009717334718974344,0.0003891518092743955,-9.284733986095809e-05,-7.999015701459679e-10,1.435949572173987e-09,-0.1363263012699998,-0.16193242005243158,0.08012070792383413,-0.0035872118518361722,-1.611044739453782e-13,-1.594280534412268e-13
10.6000,-0.0040368244673697476,0.00010602267842251056,0.2667885826760391,-0.07473961409498188,-0.09540311985591987,0.011218730136634186,6.496607880903014e-05,-0.0010443610033281402,-0.009252356846913704,-0.0011946148829920008,-0.00023604939231817854,0.0001907829392958138,-0.000120379555408871,-7.998993463085885e-10,1.4359518435734185e-09,-0.02741243248663116,-0.020648767857637196,0.012305974435067542,-0.0014448234923475365,-1.2612350400176275e-13,-1.2445421212689545e-13
10.6200,-0.004010437827385294,7.754629504782526e-05,0.26648795047951784,-0.07414192180914998,-0.09499227789826763,0.011159123741353914,-0.00023528174876669226,-0.0003969883397942074,-0.011861081098717181,-0.0009027528102153418,0.0004189964167359957,8.920529085598017e-05,-0.00013726804818100036,-7.998961862777169e-10,1.4359550565153348e-09,0.09141132079225069,0.13567593986303023,-0.053397140764757975,0.0002797910960087064,3.966069551768203e-13,3.99854628574392e-13
10.6400,-0.003994538615456388,5.863494337234222e-05,0.2662462600753189,-0.07360934669100426,-0.09464905778651346,0.011109867888124805,-0.00037243856169809553,0.0002857783083256643,-0.01592339067354697,-0.001120117871553003,0.00032207805125729507,0.00027462503987924717,-0.00015112113485656948,-7.998946532743174e-10,1.435956631001271e-09,-0.10406523088969492,-0.1342016306480173,0.07273652989383358,-0.0017241542690219912,-5.5844489189188495e-14,-5.411238812721639e-14
10.6600,-0.0039704865107387044,4.8987567634611065e-05,0.26587259636203625,-0.0731293106382687,-0.09408188431085655,0.0110591092842215,-0.0006422248212037178,0.0009697970790722191,-0.017951785997881557,-0.0008935908997471274,0.0006886270480963665,0.00034572535234000246,-0.00015653905367659594,-7.998903578992741e-10,1.4359609783418123e-09,0.10898225914362807,0.1490241207145907,-0.05936284073785996,0.0010089973543188297,4.3306764424544397e-13,4.3635093368438183e-13
10.6800,-0.003971608118678521,5.0836613503357036e-05,0.2657142632916574,-0.07274216148682816,-0.0937710448113956,0.011028712243934428,-0.0008303772913951438,0.0005977274042265957,-0.005150891789819273,-0.0001202791203747644,0.0017963497782492181,-0.00011481586766287939,-0.00014928458661663462,-7.998858032655042e-10,1.4359655842733337e-09,0.027836863463513665,0.042254090308070175,-0.01973720416787827,0.0002109988144710087,4.523377115581151e-13,4.555923780596993e-13
10.7000,-0.003979213639881466,6.057230989644546e-05,0.26561494585035217,-0.07244214956768033,-0.09351072268085844,0.011008577550675375,-0.0008625163533263699,0.0007927973721192126,-0.0025699574197394466,-0.0003030685268302821,0.0016269942414281365,-6.280574612745436e-05,-0.00015416302338691086,-7.998818193603102e-10,1.4359696162001276e-09,-0.03924111888925813,-0.04940400208297275,0.01800724426749328,-0.0005366372593907329,-6.580266930303336e-15,-4.883965715846931e-15
10.7200,-0.004000462504589506,7.764219389446358e-05,0.2656534756079456,-0.07224607562342793,-0.09343402625991552,0.011004353714244403,-0.0008530856543087614,0.0007990245236898765,0.001806778108814465,-0.00038506778092854574,0.0016074451525872747,-0.00019272329091524868,-0.00015796280072619291,-7.998765881669698e-10,1.4359748980043987e-09,-0.029759727616663397,-0.03609527779493633,0.00921121586689671,-0.0004999122009149422,4.832305345800481e-13,4.86469371729914e-13
10.7400,-0.0040293417563776876,0.00010051803366109132,0.2657718076321961,-0.07215632672792127,-0.09348592043963125,0.01101325833505038,-0.0008644433149380673,0.0007225987284785461,0.006917920814186908,-0.00040074603873059886,0.0016588065719234679,-0.0004055514583310774,-0.00016035619576739482,-7.998711336952314e-10,1.435980402708803e-09,-0.0482279143484276,-0.061601133668110895,0.016017559772207444,-0.0005376592760263322,1.8127514734515154e-14,1.977182252557025e-14
10.7600,-0.004060706321917965,0.0001275531423966798,0.2659221296505255,-0.07217535893936747,-0.09362816620058041,0.011033073805458864,-0.0008017711586768815,0.001079010171871829,0.0041032497324947,-0.0011058150391346315,0.0007550698816309412,-0.00020922936885070563,-0.00016795504076319194,-7.99865956500848e-10,1.4359856299034803e-09,-0.03973177908740449,-0.0547285544629281,0.02071273996120459,-0.0004593377514085729,4.969719297545638e-13,5.00196455435753e-13
10.7800,-0.004091972728242067,0.00015896041471475904,0.26605779782671585,-0.0722990895011219,-0.09380681318828522,0.011061713533705535,-0.0009440846134916821,0.0009443202751838832,0.010095330354764911,-0.0007187172765679531,0.001209977329826692,-0.0005432318862564496,-0.00015881359918373827,-7.998599968329218e-10,1.4359916394034896e-09,0.04265562895626007,0.05362973713858956,-0.03352544683963022,0.0009566252139499018,4.840385904592015e-13,4.872145438830633e-13
10.8000,-0.00413137094820028,0.0001939481470429365,0.26627281641233613,-0.07253623061199949,-0.09416745244517996,0.011104714787930656,-0.000912404011624239,0.0010977415363653473,0.009479751872651206,-0.0010142987766640344,0.0007050164156237023,-0.0004593504914458593,-0.00014923615441978785,-7.998551600312008e-10,1.4359965256179733e-09,-0.04068340255582292,-0.06260362568210265,0.026359598634956818,0.00020831862935412736,-4.609212791713106e-15,-2.995075467206263e-15
10.8200,-0.0041608565421380455,0.00023065704713784072,0.26638535408759934,-0.07286372314549026,-0.09445294081340523,0.011150197077234178,-0.0009162715216385963,0.0016212772665276382,0.0034243313531675075,-0.0012693053386033067,0.000154939059004583,-0.0002110875759858334,-0.00013637482505047082,-7.998506939391691e-10,1.4360010381559252e-09,0.05406512650583051,0.05882957756437231,-0.023028562736089296,0.001528467574911195,4.473178554995072e-13,4.5050871670324066e-13
10.8400,-0.004198779159595708,0.0002707992446459521,0.26657106320941615,-0.07328646862677973,-0.0948915970958211,0.011208146828546517,-0.0010098403551588866,0.0010275238341701561,0.01467083722971164,-0.00033755521175538896,0.0011019040170537587,-0.0006281052008441302,-0.00010046293537521335,-7.998459753071084e-10,1.4360058077013272e-09,-0.019685134382981282,-0.041234954938724214,0.014709465244848523,0.0013652424079652111,-6.849383527799541e-14,-6.691718847876699e-14
10.8600,-0.0042157451179667136,0.00031001165073851576,0.2665671710206827,-0.0737657619639835,-0.09509750648206876,0.011259512353766392,-0.0008176581330767608,0.0022693241515116115,-0.004209773447163329,-0.0013334269437905713,-0.0006347245634810507,0.0002955261995616032,-8.28455290234999e-05,-7.998443175219526e-10,1.4360075090769396e-09,0.01763695657464796,-0.0005808225268347574,0.012854141210043793,0.0016363490144093186,3.7573161812756717e-13,3.789654679474397e-13
10.8800,-0.00423461647051564,0.0003513312861273486,0.26658195724490624,-0.07429989269804642,-0.09532400190779337,0.01131573956012133,-0.000826151841908326,0.0019582972667350875,0.0018788558302087785,-0.00037792144320307437,0.00013041244450754278,9.954916154225634e-05,-3.477988595376686e-05,-7.998414876815055e-10,1.4360103921580836e-09,0.017533718622401804,-0.0014701398522448603,0.006370528187419234,0.0021209066580637377,3.2253561800532626e-13,3.257505484972889e-13
10.9000,-0.0042514498976894645,0.00039221141714543533,0.26660922245471647,-0.074867969785759,-0.09553811175875562,0.011373299867991637,-0.0006303165053700547,0.00198119383855459,0.0007113202648941855,-0.0001289983535803761,-3.5443602289947875e-05,0.00029881100277517913,5.5671425963888165e-06,-7.998405166316319e-10,1.4360114116684328e-09,0.00512240876301566,-0.018645883989237392,0.014439418474362793,0.001899034568293397,-2.2511408969555502e-13,-2.234784622981434e-13
10.9200,-0.00425102913809728,0.00043055921710326316,0.2665043175863992,-0.07543207427984946,-0.09550919665206263,0.011420255366699559,-0.00041342143576599943,0.002346596210977526,-0.005932098010008604,-0.00020946481592494368,-0.0006646518703734473,0.0007114963203485514,3.860596329127264e-05,-7.998418245584077e-10,1.4360101464221429e-09,-0.06271871381140881,-0.11470218966921085,0.05767371884593042,0.0010982062827703603,-2.7629607586218685e-13,-2.746012510261575e-13
10.9400,-0.004233353509537073,0.0004665743742567377,0.2662546163170303,-0.07596253562111685,-0.09518726108478019,0.011453339865620598,-0.000262962403956393,0.002715580044162404,-0.012263574461105434,-1.1257142542125738e-05,-0.0009989125020405188,0.000983512534446699,7.57247427537239e-05,-7.998440604066331e-10,1.4360079573678392e-09,-0.054645533893019335,-0.10610580311927498,0.05191445204652704,0.0011551349560104318,-3.3890392662355717e-13,-3.371623726738937e-13
10.9600,-0.004232205622349991,0.0005019548436409465,0.266197882729801,-0.07646818288639223,-0.09503427635605903,0.011492536961425114,-0.00012764878752314756,0.0017727005118969926,-0.0005996340708327952,0.0011843358017781275,0.00012084959553114926,0.0004260790989042741,0.00012354710187752836,-7.998449847290868e-10,1.4360070874007495e-09,-0.006914453093072789,-0.030667804334228787,0.0079524990740216,0.0014245813500181478,1.1322822020265466e-13,1.1649921749946196e-13
10.9800,-0.004210188252101455,0.0005305445553178047,0.26598409834434733,-0.07689440186269947,-0.09456976464231355,0.01151276966405214,0.00016420182196821446,0.0025347964891725846,-0.01590411871404298,0.0004045240062666599,-0.0013699725762459332,0.001034563375312992,0.0001366963400109052,-7.998497235970492e-10,1.4360023941164684e-09,0.05054219701000606,0.047298657954269775,-0.02096018903471566,0.0013692367685601752,6.710295296849522e-14,7.043192797647618e-14
11.0000,-0.00419744959512252,0.0005559249606049622,0.2658705374043268,-0.07724586872526709,-0.09415978119658887,0.011531158111953084,0.00011855579156113956,0.001425858639070987,-0.002635531541988271,0.0015720008414405195,-0.00013929067316758673,0.0002706495013048658,0.00016846169164157635,-7.998533704702647e-10,1.4359988024838753e-09,0.008016564869334004,-0.0012031459858635916,-0.016275691206480168,0.0008708172831694901,-4.78933841370488e-13,-4.77221072988504e-13
11.0200,-0.004203045270224998,0.0005756604099741143,0.26596486366051514,-0.07752472729281806,-0.09399717277422195,0.011554449256328883,0.0001904367805896856,0.00032448959251137413,0.0075532761780221945,0.0019829331599437953,0.00030849732032906863,-0.00028066431120945444,0.0001804923380147768,-7.998570339186918e-10,1.4359951918056109e-09,-0.014592985917749572,-0.019981078791999132,-0.01341847462506385,-5.9977805889544197e-05,-4.939372478737769e-13,-4.922693112516252e-13
11.0400,-0.004233100430111705,0.0005876299532170776,0.26633333008141047,-0.07774025011123713,-0.0942378491868852,0.011588265255773266,0.0002388182996700677,-0.0013990048053622694,0.02491979244119612,0.0023163362459177423,0.0008961427942316893,-0.0009814106057834317,0.00017851470642554814,-7.9985924955748e-10,1.4359930293100867e-09,0.027222073590483935,0.05187949804831248,-0.05162468616625586,-0.00023675206281139412,2.3624402808357717e-14,2.6786451339357378e-14
11.0600,-0.004289374881995105,0.0005885834301897362,0.2670128292273868,-0.07791335713004709,-0.09501946205678755,0.011637143667611623,0.00047194012757048847,-0.002858188731157893,0.03546230044537228,0.001821264895289942,0.0006495684858143653,-0.0014257961399418585,0.00015206947237152247,-7.998620175285605e-10,1.435990312742031e-09,-0.09001482418952877,-0.0978249380039196,0.01701719474435431,-0.0024283860947188116,-4.563509401096788e-13,-4.548366891454769e-13
11.0800,-0.004309893285884869,0.0005738323692157099,0.26735987310672843,-0.07799294617896275,-0.09549148542084611,0.0116606417074035,0.0005975947168836113,-0.0019644591909047156,0.014020469446037478,-0.0002544596969525035,-0.001786684421817881,-0.0005977399817968394,9.410724792391431e-05,-7.998666555946284e-10,1.4359857187686224e-09,0.01136783389226753,0.03332003595134608,-0.021712215877938628,-0.001504361989337501,8.667059311993214e-14,8.98373308253278e-14
11.1000,-0.004319673628028654,0.0005507011965808756,0.26755377919736334,-0.07800320805337288,-0.09590418688772276,0.011673535725232291,0.00036320934476507133,-0.0017201640640908782,0.005987037513139341,-0.0005153466774967357,-0.0018559256390860157,-0.0006162311565250119,6.485800042983781e-05,-7.998694164582286e-10,1.435983007074838e-09,0.10432418077606725,0.15658346303945175,-0.06776689592701599,0.00015410931848387508,9.88322244139736e-14,1.0199313453269215e-13
11.1200,-0.00435426341884648,0.0005239949355335486,0.2679468402303903,-0.07798936390887892,-0.09674026769244005,0.01169985155990781,0.00013518389751097042,-0.003106501891182379,0.02204911997974164,0.00030843500144867974,-0.0004093125217967071,-0.0012394880959553133,5.9698996740753834e-05,-7.998708187931418e-10,1.4359816560880914e-09,-0.03834092780108451,-0.03506665476958163,0.021655643900091743,-0.0011568030308271623,1.3259678728269608e-13,1.357185577029879e-13
11.1400,-0.00435708423480528,0.0004883355926216521,0.26802170585849666,-0.07790993361003468,-0.09725063935738927,0.01170331587217161,0.0002111839983303027,-0.001402946909728469,-0.006781397046838488,-0.0015753139629347181,-0.0027414945266026718,0.0002044717128359021,2.1319912631909423e-05,-7.998761280099396e-10,1.435976387594144e-09,-0.11899601139372153,-0.16115343096164797,0.1045517822828613,-0.0020724196518498933,-3.6894884933649785e-13,-3.673114330055016e-13
11.1600,-0.00434293072683301,0.00045129124160856604,0.26787934133853286,-0.07777177731271404,-0.09749688205152181,0.01169071729673444,-3.281604506783484e-05,-0.0011541731868352115,-0.009297824515389342,-0.000852773203262681,-0.0017159118145689102,0.00026371695149037986,2.6503921436855033e-05,-7.998774551167127e-10,1.4359751086546244e-09,-0.02336846433103474,-0.03315257201775721,0.0437035133427182,-0.00013310249425061346,-3.693951611608015e-13,-3.6777156840750447e-13
11.1800,-0.004327867675586323,0.00041597684781346546,0.2677074554525613,-0.07759147288183149,-0.09766682869704864,0.011672256441501537,-0.00011888441241957523,-0.0013026986256762323,-0.005359256006653637,4.250962646934688e-05,-0.0005161699853756848,0.00030645233350453836,4.3057235651467345e-05,-7.998785735873988e-10,1.4359740419002191e-09,0.05765294304092872,0.07954840338232275,-0.0101498758018443,0.0011106366385916437,1.5588122155921202e-13,1.590942004872642e-13
11.2000,-0.004304573181322231,0.00038149468240009457,0.26748431402394374,-0.07736793049591137,-0.09767216249648371,0.011643946994945916,0.0001051999908110032,-0.0005922164977990611,-0.01493594376535937,-6.790184010911232e-05,-0.0006778127219923489,0.0009316896583252386,4.806480389152966e-05,-7.99881051448875e-10,1.4359716111482223e-09,0.07611574203644335,0.1035301858828858,-0.019167546324960184,0.0010953773484652797,1.6232588190279174e-13,1.655694624371623e-13
11.2200,-0.004249545784220959,0.00034795869171231703,0.26698077445849666,-0.0770726184479374,-0.09712689842165298,0.011589238319548605,0.00030794913111977857,0.000612645374241279,-0.029739146884674033,-0.0005284624295421733,-0.0014142094152955094,0.0017944892420391776,4.7723579559480245e-05,-7.998854840750161e-10,1.4359672205899932e-09,0.013661281489418697,0.01002890467093963,0.02185840844319274,0.0004067146101319667,1.643508463003429e-13,1.6769861866348934e-13
11.2400,-0.004180005411385761,0.0003201050502601013,0.2663411988007309,-0.07670901891605607,-0.09617284574398968,0.011517544419546841,0.0003736294971104649,0.001044724227983915,-0.030915716574092887,0.00023422689530968306,-0.000563566743005582,0.001801717917874952,6.382037923392415e-05,-7.998879960219382e-10,1.4359647584100379e-09,0.10283660719242768,0.13281509734129116,-0.04625186694898498,0.0015214652280790715,1.4917356087364164e-13,1.5253296130508798e-13
11.2600,-0.004147353525344084,0.00030090289551165775,0.26610039436549476,-0.07633104063879823,-0.09555818531576586,0.011464049709147885,0.000521632343346657,-0.00045202975711863206,-0.005775365007835898,0.0020170700339536547,0.0018776752679413248,0.0006850505572501726,8.786341580574728e-05,-7.998879915194905e-10,1.4359648196238213e-09,0.051627615173480704,0.07919231047215165,-0.04693009275938712,0.00040326504278528197,1.627480973338119e-13,1.660178884557023e-13
11.2800,-0.004115450997843825,0.0002826633457701637,0.2659485334511758,-0.07592101889754256,-0.09490370480355802,0.011408778851514671,0.0009539688357262574,-0.0001702424876348238,-0.010325137591736613,0.0010430461685728596,0.0007843275197854842,0.0009253101283842772,6.0558920893178735e-05,-7.998903633197023e-10,1.4359624947324566e-09,0.00798542288849915,0.024473008187244776,-0.023483452768013127,-0.0012215293536283305,1.9517999954969667e-13,1.9847928097067868e-13
11.3000,-0.004075155618589834,0.00026556837199117147,0.2657443332548257,-0.0754761408977246,-0.09406750966632935,0.01134647132978826,0.0010425860391651534,9.569001282750669e-08,-0.011320425222443583,0.0005172753266853252,0.00034758115849883875,0.0007345146470460775,2.614852227333328e-05,-7.998916275979351e-10,1.435961279361066e-09,0.04737523459846899,0.07941353190177121,-0.0573248288803395,-0.0010461424622862496,2.2097650315480721e-13,2.242815308473034e-13
11.3200,-0.004055436141285278,0.00025227742567490686,0.26573304717852725,-0.07503531528703378,-0.09346479717716809,0.01129712050691779,0.0008947328678237778,-0.0007660043255727595,0.0015709958860998005,0.000787238760369005,0.0010924703655574284,-0.00019453043421630866,-3.0407391689290306e-06,-7.998912792900996e-10,1.4359616790598405e-09,-0.04678188264352165,-0.04197389922376966,-0.012034202832961288,-0.002331438184752501,-2.322128221047409e-13,-2.305144194015424e-13
11.3400,-0.004049178375762298,0.00024098203800113156,0.2658202517338075,-0.07460941763024545,-0.09304860079116758,0.011258134093451631,0.0006023484876534352,-0.0011745883010465018,0.008981023780118986,0.0006472357420486497,0.0013583527623843065,-0.0009083640418686465,-4.34481121981106e-05,-7.998895973176943e-10,1.4359634135634134e-09,-0.010840547755171464,0.010896867600475648,-0.039223538838906113,-0.0020165279065982164,-1.897631086555246e-13,-1.8811449793709745e-13
11.3600,-0.004065222995705141,0.00023161667689793004,0.26607031921325364,-0.07422898201184833,-0.09299359534684658,0.011237267813944163,0.0002502818177175059,-0.001498449980769966,0.014318704092663993,0.00015655624349592746,0.0012518901338374718,-0.0014735306863301264,-9.140354191438302e-05,-7.998871062597703e-10,1.4359659578555286e-09,-0.04322699688560725,-0.03100541743593092,-0.015079292024886639,-0.0024240154393332927,-1.3610222974677622e-13,-1.3449086137297395e-13
11.3800,-0.004091870578053327,0.00022299350087159894,0.26634690534353217,-0.07390530104347413,-0.09317553474313134,0.011228854026898551,-0.00015977640762058104,-0.0013796487788947178,0.013139885004039379,-0.0007753104407959334,0.0004868445019149078,-0.0015365587452099894,-0.00013820881993249992,-7.998848182487758e-10,1.4359682906014093e-09,-0.10204274535019241,-0.11483851614901275,0.03534208090012159,-0.0028645340499343207,-8.888450685109323e-14,-8.726549485197493e-14
11.4000,-0.004118615007775225,0.00021575771424011281,0.26651899701626297,-0.07364454379942748,-0.09343871328476216,0.011226850116606088,-0.0006390884194445734,-0.000688361258945771,0.004579242397039962,-0.001785720324806906,-0.00046840473309277443,-0.0012710953842059532,-0.00018000328125747416,-7.998814275105649e-10,1.435971730913484e-09,-0.04296934316981196,-0.04436429029359464,0.02376580956257406,-0.001681058903025362,4.325267899916996e-13,4.357405820713811e-13
11.4200,-0.004138691766178251,0.00021214931124531068,0.2664952242525075,-0.07344627578178646,-0.09363336550707523,0.011226196473030019,-0.001269664798419218,4.5837129661402724e-05,-0.0019219553382722437,-0.0019531313305267022,-0.0005426484276764819,-0.0010770907622437724,-0.0001944584379222838,-7.998779938333943e-10,1.435975209910753e-09,0.0032626812895768824,0.0077092494196030256,0.011257817570644727,-0.000214413864214909,4.416880815087676e-13,4.4491558874593107e-13
11.4400,-0.004144872757576794,0.00021422548692736002,0.26620040324204736,-0.07330037061367027,-0.09358885250890113,0.01122070917384544,-0.0018681018199951539,0.001279218910081851,-0.014102032777396228,-0.0020356551597562286,-0.0007503461952161367,-0.0005229021950731222,-0.00019141714579253873,-7.998750151528395e-10,1.435978233415865e-09,0.13037106002335214,0.16667454516116798,-0.047769644310035705,0.002094019194684,4.2543822197788073e-13,4.2869467741304956e-13
11.4600,-0.0041791041190753575,0.00022607472060331998,0.26608813926633323,-0.07324495266044974,-0.09386708406890724,0.011236013863328903,-0.002292910146486172,0.0009747200887851353,-0.0036406762299720486,-0.0008287252800521485,0.0006602717978299524,-0.0006061800574384866,-0.00015312099598880778,-7.99871058573743e-10,1.4359822440777577e-09,-0.03361035312895057,-0.05614681752442241,0.052226760966260145,0.0009630425734576342,-6.321020638334895e-14,-6.153026222213698e-14
11.4800,-0.0041989204580082625,0.00024266975981189422,0.2658034034373469,-0.07323872097768779,-0.09389915833965745,0.011245535973100892,-0.0023285983992269756,0.0020684242742179115,-0.015723786669803723,-0.0011581540856874153,-6.859232055187966e-05,0.0003363424952215832,-0.00013097039626518955,-7.998690568073961e-10,1.4359842893908006e-09,0.018412657989287384,0.006552777592685028,0.03061835220893031,0.0016673566509247256,3.983012379117634e-13,4.01604476670675e-13
11.5000,-0.00425282602946099,0.00026816589828771077,0.2658627379999038,-0.07332236905588721,-0.09434322406704897,0.011279119923386547,-0.0023749519748301117,0.00042965813816949166,0.013795173463453153,0.001046020875835614,0.0026197327251481113,-0.00044020183140211554,-7.288064977166678e-05,-7.998633511368276e-10,1.4359900534325919e-09,0.017455316612925417,0.015965571972400883,0.0008635489053031258,0.0020214909776542374,-1.0193338144046105e-13,-1.0032736631488542e-13
11.5200,-0.00431292845287866,0.0002948018446603288,0.266095377551814,-0.07348308411310638,-0.09494982231423071,0.011322596733962178,-0.0017240937607598,0.0004525129726855212,0.0123531857131759,0.0004040931232084201,0.0016409156370069285,0.00024041667999783606,-5.403221653876109e-05,-7.998605244690946e-10,1.4359929281301292e-09,-0.013073071412486167,-0.02225430421020081,0.020559201685353263,0.0008424399203958189,3.8169500112678056e-13,3.8487805607487213e-13
11.5400,-0.004360278265386566,0.000320639547573406,0.2663250951001278,-0.07370373029538049,-0.09546183476072855,0.011364521336637056,-0.0011074660412050564,0.0003140050768961105,0.01381587562144487,0.00015350093004309757,0.0011994842864681446,0.0005560908525933433,-3.920589151689202e-05,-7.998573484064373e-10,1.4359961536398462e-09,0.019488542377602582,0.021806823485747667,-0.008828438336323737,0.0010163957956287129,3.7292163714702786e-13,3.7608891695350977e-13
11.5600,-0.0044022293821620925,0.0003455703670073071,0.26663295154772143,-0.07399181953503639,-0.09599890825887324,0.011410159858409128,-0.0004164638325594962,0.00017064030368838459,0.01426720567378564,-7.463997871983704e-05,0.0008160241305505746,0.0006533464031577784,-2.71160201139006e-05,-7.998548433659643e-10,1.4359987059853881e-09,-0.07588478898728344,-0.10744308150309882,0.044100488810548746,-0.0002370916133695532,-1.2234543890141114e-13,-1.2075789587034924e-13
11.5800,-0.004429401586182478,0.000368450738968917,0.2669178905316657,-0.07433512406697948,-0.09643343835178379,0.011453628450206303,0.00018792247496867624,4.614592558966503e-05,0.014583725932212691,-0.0003298263232470866,0.000375811067949284,0.0006898900921523848,-1.865170340004816e-05,-7.998525885939388e-10,1.436001007923894e-09,-0.13425206869212133,-0.18880554563754082,0.07733637653088146,-0.0009648121589312348,-1.3585936846013946e-13,-1.3426374812289255e-13
11.6000,-0.004450450936988493,0.0003896782327965212,0.2672493446777585,-0.0747369101548988,-0.09688607349607127,0.01150024135199472,0.0007117914794092632,-0.00015251035812511882,0.015761292010698997,-0.000276247266301787,0.000342594553137851,0.0004669915075625015,-8.162839625163088e-06,-7.998491862332702e-10,1.4360044618884387e-09,-0.03166808627879096,-0.04896627043745877,0.011051903204728862,6.524200901093905e-05,3.3980273022454766e-13,3.429497354504041e-13
11.6200,-0.004451002234986981,0.00040792368540018857,0.26746179646110274,-0.07517336407151239,-0.09714436708638248,0.011539906652052435,0.001078732889981534,-6.26365727928134e-05,0.013123055186219788,-0.00041068458927679335,-1.0300032154184486e-05,0.00039938655448815944,-3.88658551941005e-07,-7.998477088341482e-10,1.436005986329792e-09,-0.06543088263941414,-0.09928463295587364,0.03135481777596377,-0.00012145934237766955,-1.888585045729113e-13,-1.8729687397377182e-13
11.6400,-0.004435380018909619,0.00042394503823614006,0.26756539838712634,-0.0756336079440429,-0.0972363633069078,0.011573621122812187,0.0013330320164424807,0.0005167744541883255,0.0033321987068290733,-0.0007159951638530303,-0.0006633517058848871,0.0005126763252813699,6.855854491917751e-06,-7.998465947770323e-10,1.4360071462322616e-09,0.042992160730873294,0.04406962272432268,-0.02734240713724562,0.0010690489918903665,2.805386673833399e-13,2.8371478343752754e-13
11.6600,-0.004410328061283293,0.00043839327312729896,0.267600035678659,-0.07610637560859171,-0.09722648776483683,0.011603741472803849,0.001459259209703553,0.0008680495553241123,-0.0028452669612532436,-0.0007636574403450993,-0.0010748848441143126,0.0005084346235532504,2.28717455640564e-05,-7.998469661298022e-10,1.4360068256538454e-09,-0.01331003733397847,-0.03738045366307809,0.01404605036306804,0.0005692995922974787,2.4237120014973523e-13,2.4559163296772324e-13
11.6800,-0.004379573555344476,0.0004523437548166777,0.2675676623153532,-0.07657135958574789,-0.0971121261136959,0.011629768401709104,0.0013360503387106156,0.0004520065461559088,0.0037073270712887083,0.0002635947038041281,-4.797692824838846e-05,-6.116817225702689e-05,5.2290764948562686e-05,-7.998464775694923e-10,1.4360073639192685e-09,0.024178669587283666,0.015398691204536201,-0.019753268841402064,0.0014957255192594168,-3.18440369559414e-13,-3.168622048771441e-13
11.7000,-0.004358725864349102,0.00046492973318119457,0.26763503381537046,-0.07703024538351787,-0.09714002651023178,0.011661254325405492,0.0013724080593444205,0.00023424141959910781,0.004639022253807917,0.00043574178315150313,-0.00013659163150208872,-0.0001800495063107592,7.437039596125443e-05,-7.998475432279589e-10,1.4360063476396517e-09,0.0069076941663073965,-0.0048903602081450635,-0.004706690961343783,0.0009597784302868835,1.6398262413751252e-13,1.6717096457119496e-13
11.7200,-0.004367945669733257,0.000475625822984176,0.26801371281009306,-0.0774964720471999,-0.09763396539049332,0.011711794218148159,0.001412641944448326,-0.0015100923069349607,0.02625267470017692,0.001559141602443712,0.0012409317362986761,-0.0010510868714565347,0.00010384040332793578,-7.99846668326164e-10,1.4360072787284623e-09,-0.010427650265721818,-0.015964255049041004,-0.011264793502079614,0.0006430501401085994,-3.8009629081334206e-13,-3.786220469093049e-13
11.7400,-0.004385758092492364,0.00047801173282119503,0.2685409135948074,-0.07795715996073119,-0.09841526752012225,0.011769976070200899,0.0017984391696117198,-0.001829167160639122,0.02295141444192081,0.0005468978248949514,-0.00010365147564327653,-0.0007200753779593986,9.809039920054384e-05,-7.998484991271641e-10,1.4360054949060775e-09,-0.10383048472001685,-0.14105195140587273,0.05757139687045053,-0.001313979679506006,-3.8231516476944227e-13,-3.8083718036791003e-13
11.7600,-0.004395031938557837,0.00047104900212005535,0.2690278563967795,-0.07839414051927411,-0.09924239221560767,0.011824204963486308,0.00200377921429878,-0.0021545453266542483,0.0212424641270292,0.00015374335663588269,-0.0005750053063180883,-0.0006645034275994896,9.124625739346555e-05,-7.998487123875089e-10,1.436005336325924e-09,0.042770830376199546,0.06270641765254296,-0.033208990162518215,0.00034394850890984364,1.3765822249461879e-13,1.407105226607086e-13
11.7800,-0.0043760516536194465,0.00045402815331662777,0.2692675799752453,-0.07878302659914051,-0.09982141499601226,0.01186030123902084,0.00216886585910885,-0.0011971962322250224,0.0018646536406262675,-0.0012963519920381928,-0.002596002589368992,0.0002849474453886487,7.268751878159813e-05,-7.998534713179277e-10,1.436000616461234e-09,-0.10129556155233191,-0.1490915327308081,0.08327047535550955,-0.0013470637308501724,-4.069905762231485e-13,-4.0545588804799526e-13
11.8000,-0.004320855526531658,0.0004314571548753232,0.2691178480256755,-0.07909090228164889,-0.09989400378495364,0.01186792379123469,0.0019196280072640165,-0.0005887193026355875,-0.007165639695576721,-0.0008913133151801094,-0.0022954688533236714,0.00043823293981906143,8.333184400705838e-05,-7.99856223869763e-10,1.4359979095488623e-09,-0.002701955111678261,-0.020532907346851467,0.024055925666955913,0.0007100213207889237,-4.4525629927863464e-13,-4.436979212860126e-13
11.8200,-0.004274932420361044,0.0004088415630502362,0.26902789446576836,-0.07934778404312458,-0.10003828581353261,0.011875431896990226,0.001815059305293638,-0.0008994851905114717,-0.0034135661923480063,0.00019200727144314921,-0.0010921364487515273,0.00018979549554129973,0.00011431689716558178,-7.998584440098371e-10,1.435995741477327e-09,0.05048690862732217,0.057152750988196874,-0.009965890955713977,0.0015259432647647053,6.759087105116801e-14,7.076175582987343e-14
11.8400,-0.004221218326144381,0.0003833953796329353,0.26887087101415946,-0.07952835126018243,-0.10003477232367167,0.011870866264051913,0.0018918951470101354,-0.0005169801550305029,-0.010538173536582799,0.00030026816912171307,-0.0012078865656475124,0.0006097734748358092,0.00013286867012303667,-7.998632190878413e-10,1.4359910154560631e-09,0.00405930825529237,-0.0072485831979964815,0.02087138324243122,0.0007902596425721589,-4.980583003313943e-13,-4.964832798354246e-13
11.8600,-0.004158925135808623,0.00035600090700573894,0.26864147949249817,-0.07961859410726319,-0.09983296913093029,0.01185202225981095,0.001958188899958445,-0.0005340943608432445,-0.011082373756335093,0.000695386666468601,-0.0008965966234092444,0.0007712028867108646,0.00015116388919828887,-7.998679457417919e-10,1.435986336875217e-09,-0.03306105246061088,-0.05659471045550871,0.03712484795350653,0.00025136033432174,-5.138035179610978e-13,-5.121994408469055e-13
11.8800,-0.004097009218975375,0.00032720345092585246,0.2684422595770041,-0.07962060684721725,-0.09955413936650777,0.011824615383912171,0.002118234667305903,-0.000705523685365101,-0.010052498822010104,0.0010209525476892768,-0.0005794818207195318,0.0007944906729383451,0.0001630847576844655,-7.998718632072175e-10,1.4359824676466406e-09,0.014131582695999609,0.015160254844753236,-0.000154704668410582,0.00037498824748368457,2.0157124260749074e-14,2.3386342504466e-14
11.9000,-0.0040369997554224,0.0002965350611265252,0.268298115348073,-0.07953393257270668,-0.09923191749516377,0.011790050184964635,0.0023018998421113794,-0.0010245706191284454,-0.007294170616498552,0.0012097546061067103,-0.0003352444115740385,0.0007222365621334948,0.0001649646058709313,-7.998763427791839e-10,1.4359780379250873e-09,-0.0003991600161251861,0.001543738638566753,-0.0017411057580526185,-0.0002740227371178929,2.2982013021160055e-14,2.6210130122045552e-14
11.9200,-0.003971801083933099,0.00026336285422400214,0.26813149328598834,-0.07935061135443347,-0.09876914470564555,0.011743797238316773,0.002407942196255155,-0.001260629794416207,-0.005335862576010528,0.0012926357138514414,-0.00014048685484664328,0.0005647817320231859,0.00015573646211416344,-7.998806756644308e-10,1.4359737551442887e-09,0.015096727655797601,0.02855888281105334,-0.02274757693637595,-0.0004479149405237792,-5.083326337987359e-13,-5.067348450571441e-13
11.9400,-0.0039164994899317995,0.00022835676259409094,0.2680866740782389,-0.07909397961926574,-0.09840564360842328,0.011697594009099942,0.0025515268766471678,-0.0014816354444900518,-0.004747202851793596,0.0009599966417132017,-0.00035478113323942305,0.0004135933231691018,0.00013294525429419213,-7.998851475258835e-10,1.4359693313124094e-09,-0.07229259715766859,-0.08673607531948987,0.030034200428526128,-0.00216640030603271,6.173203224643653e-14,6.497221109649093e-14
11.9600,-0.0038369913364002953,0.00018959081540937875,0.2677930881060346,-0.07873203918497575,-0.09764932716924402,0.011628473187827353,0.002456252732413786,-0.0004812024766911522,-0.01957792628571727,-5.9552634755978995e-06,-0.0014543434140220017,0.0007458440916499028,9.314014770936918e-05,-7.998906632273046e-10,1.4359638598453798e-09,-0.08440995905619612,-0.1080633278532336,0.04198842574934975,-0.0023976550702955687,-4.4962173090593027e-13,-4.479279360619648e-13
11.9800,-0.003737190472323085,0.00015177874379745845,0.2672108187642843,-0.07825858521875903,-0.09644459985832475,0.011536903429761023,0.0019769752711853487,0.0003501212067897246,-0.028250941798340944,-8.307945832270478e-05,-0.0014532663229710444,0.0006544412024773465,6.596113533301422e-05,-7.998957753554056e-10,1.435958796921911e-09,-0.02810255835443145,-0.0346406730804253,0.008649953601684314,-0.0013367472714488503,-4.3561600724176253e-13,-4.3385922025157564e-13
12.0000,-0.003639004005308157,0.00011883326652217983,0.2665181515802948,-0.07769066690423382,-0.09504434076361688,0.011436838195778808,0.001410155698884114,0.001254376633517838,-0.03723649470082508,-8.694645483328286e-05,-0.0013926924844496055,0.0005658528344837279,4.675082842132488e-05,-7.999002585165354e-10,1.4359543588643097e-09,0.014822280473518669,0.02323138179293528,-0.010957782657083857,-0.0008290536862539769,9.727200327765834e-14,1.0067837676822761e-13
12.0200,-0.0035536372425418513,9.292284452124421e-05,0.2658008365331326,-0.07703637082667855,-0.09357130043632393,0.0113353158459538,0.0006654797098482541,0.0014682537512556112,-0.03500281391264044,0.0005536343512672202,-0.0004425332356049883,0.00010557532184400878,3.5539000365457664e-05,-7.999038741111757e-10,1.4359507941408016e-09,0.05384694355002999,0.07970931523490568,-0.041232286239841084,-0.00023924921258960976,-4.023974079295223e-13,-4.0056933464649447e-13
12.0400,-0.003512785419663838,7.556686379651438e-05,0.26538446862296333,-0.07633684738853752,-0.09250656630373505,0.011254680420903003,-0.00010165379714007782,0.0003458704150330913,-0.014679369868229717,0.0016025545250069756,0.001226583026570924,-0.0008148476413708744,2.6850119841714195e-05,-7.999055087656235e-10,1.4359492145170679e-09,0.024942492965620445,0.05234020169069429,-0.03731645961768234,-0.000946090388942738,-3.6284988685561514e-13,-3.6107320475556315e-13
12.0600,-0.003522360303614462,6.298239871272594e-05,0.26537859241888734,-0.07562797297333375,-0.0920682081485299,0.011202589692008397,-0.0006209837429237998,-0.0008787561366224155,0.003607902536158083,0.0016754889436634273,0.0018570519661206262,-0.001431320752320727,-5.6319331219847076e-06,-7.99906115019061e-10,1.4359486617305998e-09,-0.08174448531134162,-0.07951058574393245,0.019399250181224265,-0.0030350872735337886,2.0418782224924936e-13,2.074779963719825e-13
12.0800,-0.0035414857175935627,5.002661120682306e-05,0.2653879992097724,-0.07490108015503177,-0.09176625460867971,0.011155442102894295,-0.001071078415517828,-0.0008672533744588033,0.0036561667997152777,0.0006737213461644853,0.001137657450494157,-0.0013552823884066976,-6.36208593953242e-05,-7.999063099414815e-10,1.4359485169061803e-09,-0.04824105544805303,-0.032044089363007004,-0.0004545444748903588,-0.0028382280502106637,-2.226627085835653e-13,-2.2095834276841808e-13
12.1000,-0.0035889127267772205,3.918392223377331e-05,0.26558806487231124,-0.07420579174729823,-0.0918921908273203,0.011127620544344125,-0.001564450117906286,-0.0013777766673061457,0.011783726273846811,0.0001461822531706404,0.0011331376885067492,-0.0016046653100458802,-0.00011615193041900141,-7.999046178950218e-10,1.4359502596187625e-09,-0.0980877053613639,-0.09707488624849515,0.03347461916449627,-0.0033967204496403425,-1.4442028302419363e-13,-1.4275063878362027e-13
12.1200,-0.0036508397425419952,2.967016978075589e-05,0.265849926865461,-0.07356357658202771,-0.09229783039095221,0.01111291932236327,-0.001990321839084715,-0.001494984358416982,0.014655345632579909,-0.0005312232795410468,0.0009261006040068577,-0.0016142698411504368,-0.00016802458162608322,-7.99901449758221e-10,1.4359534777410644e-09,-0.10244548176742374,-0.10464486407788234,0.04520912915124368,-0.0031579974062264093,-7.063192261971829e-14,-6.899385576741857e-14
12.1400,-0.0037407934669904446,2.341376069962277e-05,0.26632544860102686,-0.0730241985231371,-0.09321130474204223,0.011122645724154098,-0.0023316888207985716,-0.0021476902767111946,0.02606345011912776,-0.0006371255801959563,0.0014855029852299836,-0.0018648800484808994,-0.00020590232077609638,-7.998954331784073e-10,1.4359595476912805e-09,-0.07566263096789105,-0.06759861860198293,0.03464627750423204,-0.0025048334385580555,4.840831511684907e-13,4.872131886303477e-13
12.1600,-0.00383336816256649,1.849209592370835e-05,0.26680122630090897,-0.07260173730049581,-0.0943326307712589,0.011144119158088413,-0.002382619164431808,-0.001751462134662107,0.02146639824402866,-0.0015842405377725158,0.0008395661558663975,-0.0013637549381140918,-0.0002454177659169397,-7.998889573476088e-10,1.435966073044279e-09,0.010545436340613959,0.041463775490259015,-0.001050419641977495,-0.00111844025757611,5.427635337701409e-13,5.45860665696063e-13
12.1800,-0.003915832442453957,1.6405826786107926e-05,0.2671675982058707,-0.0723108805391451,-0.09546811620354731,0.011171190301373694,-0.002325716774267593,-0.0010208448785167588,0.013389805888939108,-0.0023957551338303165,0.00019784280173764884,-0.0006369271433156405,-0.00026894323793712855,-7.998822839880172e-10,1.435972794056318e-09,-0.028180848575971085,-0.02386238228575876,0.04043762714191393,-0.0006542677513319441,5.901495655005751e-13,5.932717424966816e-13
12.2000,-0.003973100567157908,1.952220680353168e-05,0.2672839205526282,-0.07214911013083111,-0.09633944754792487,0.011194578926352531,-0.0022793808139114193,-0.00012179060018300232,0.005794240912482042,-0.0024349849000596547,0.0002577815303720823,-4.93057036325324e-05,-0.00026502714975407127,-7.998757871092173e-10,1.4359793345855309e-09,-0.024826792368708894,-0.03344198744757903,0.04738253640612239,0.0005166011191425866,1.1796865025635872e-13,1.1951904581048584e-13
12.2200,-0.004007483695087153,3.0899804561584934e-05,0.2671932920716136,-0.07211838735193446,-0.09690362263138144,0.011214856612816583,-0.0021294360442934497,0.0008400005699580094,-0.0010053469474200609,-0.0019351091103762496,0.0007398925892177983,0.0005316130017763514,-0.00023457770874032514,-7.998681486783682e-10,1.43598702375154e-09,0.08300722269288165,0.0987304076631353,-0.01311254244836384,0.0026315133224490373,9.899040951093924e-14,1.0054523674144639e-13
12.2400,-0.004042249753357914,5.225752753015698e-05,0.26718155256064713,-0.07223992687960425,-0.09747670753215214,0.011246576159810812,-0.0016176811296999538,0.0014296580423319577,-0.003808816307289116,-0.0016871119734852595,0.0007814511061822218,0.0011058167221427127,-0.00019578097693326071,-7.998625092125724e-10,1.4359927057295134e-09,-0.043425254635051376,-0.07815202000981318,0.06950518247073825,0.0014553560883293275,8.46201364188004e-14,8.622056790318772e-14
12.2600,-0.004071059210364801,8.199136784667935e-05,0.2672343826641972,-0.07250273512696846,-0.097975232077028,0.011285866541736557,-0.0009461941123487056,0.0014823389857585268,0.0010469058307300849,-0.0008974082642732186,0.001452433826084018,0.0012716813581548788,-0.00014593031126203257,-7.998554047125126e-10,1.4359998605343587e-09,-0.041782504933677404,-0.07773356636549524,0.05487325053075397,0.0016306872235218484,5.2400846248940036e-14,5.3976327530833035e-14
12.2800,-0.004044192038394715,0.00011567060465282483,0.2668765499871717,-0.07284151517096793,-0.09767384820418956,0.011300087476937969,-0.00026247672469197146,0.0033327225401490316,-0.021484959282226275,-0.0015643915225875473,-3.9036257501710246e-05,0.0023929029604123396,-0.00011376487402044969,-7.998514773268162e-10,1.4360038320308772e-09,0.13374808321764833,0.14554886958062638,-0.05045461048865003,0.0035299211472935364,4.753208460508973e-13,4.785669473553189e-13
12.3000,-0.00403172885074987,0.00015978283733092524,0.26677124400477553,-0.07329299490445258,-0.09747076514523145,0.011329674394218992,0.0003028253807321391,0.0023511653315628745,-0.0006234892209836288,0.00036071067414039583,0.0019091032217558317,0.0014988727567163314,-4.610637157698459e-05,-7.998459906039017e-10,1.4360093720081577e-09,0.05780209528674383,0.049483988951220526,-0.0321051645004701,0.0028798307078947336,4.2132768628133643e-13,4.2452489006777894e-13
12.3200,-0.004020218085171167,0.00020793042055086488,0.26682822333221135,-0.07383083601092748,-0.09727183182031861,0.011366960812037058,0.0010367213699793865,0.0019280850243259106,0.007312605777318499,0.0008641542583116579,0.0020659291303295295,0.0011280980944288225,-2.779196741655483e-06,-7.99841982533144e-10,1.4360134313017083e-09,0.04734899176541597,0.041681565463079696,-0.043673036714742035,0.002192858951086018,3.729759556758694e-13,3.7614534967658764e-13
12.3400,-0.004019806970687373,0.00025703795721096636,0.26714271481791424,-0.0744517821043922,-0.09728345113535887,0.011418762262619234,0.0017455939641709277,0.0011012167710185135,0.017992156018863326,0.0010784047495945902,0.0019847197988033375,0.0004906004418131949,2.699416661509227e-05,-7.998385337270026e-10,1.436016933471576e-09,-0.04515080380914065,-0.07538688231093943,-0.004937269559095753,0.0005277046950373299,-1.6115559407781088e-13,-1.5961732803548845e-13
12.3600,-0.004014503799777402,0.00030254048920153883,0.2675281028544508,-0.07512775143308802,-0.09733626374918002,0.011475037397030942,0.0022495732710475476,0.0005323902331858673,0.02301853432470761,0.0008135632935923597,0.0013864516335915932,1.6544464817311685e-05,3.658379390662474e-05,-7.998354784672898e-10,1.4360200386077332e-09,0.060790703484455096,0.0733840616247167,-0.07793825803889384,0.0012114051692524409,2.995253784582319e-13,3.0261389097688274e-13
12.3800,-0.004001940830794808,0.0003417499572468927,0.2679188180651935,-0.0758438640029537,-0.09743686556376062,0.011533946257740294,0.0026367356212058032,0.0009083634544005279,0.01172860396805869,-0.0004386263915909152,-0.0004997710373291792,2.3507846745142542e-05,2.8969768870377718e-05,-7.998357812168687e-10,1.436019778745045e-09,-0.10183980082916745,-0.15189473300126385,0.03587228955988262,-0.0011209257550719688,-2.3627806525552963e-13,-2.347318032221851e-13
12.4000,-0.003947621807556938,0.0003737915847331769,0.26787204399469344,-0.07653342643534461,-0.09700953342913708,0.011568487556579151,0.0024064755199689277,0.0019859472025999985,-0.006000959066619005,-0.001226316525580258,-0.0019710207614134037,0.0001467495427337407,2.3987099896096873e-05,-7.998370623921213e-10,1.4360185421614286e-09,-0.008856959952908782,-0.03717800987348926,-0.006652323965489557,0.0004022303560704827,-3.0272339539630377e-13,-3.0111102413549196e-13
12.4200,-0.0038726624304261438,0.0004031175005423591,0.2675055360683188,-0.07717365960039899,-0.09622393437919266,0.011586190772392943,0.0018090000888421874,0.0031050469671400653,-0.021930792302484542,-0.0012786888446521462,-0.0026664248682586227,0.00016106073732834143,3.9633791872373065e-05,-7.998402673090304e-10,1.4360153817985335e-09,0.035077569727882243,0.012403781033390265,-0.013724092588488937,0.001512812393818576,1.3846527548676268e-13,1.417727968442556e-13
12.4400,-0.003789036362693072,0.0004320173222957029,0.2668872218994669,-0.07773017578109585,-0.09515019663421198,0.011589102208004715,0.0010174696206115303,0.004090096892249817,-0.03458413124511174,-0.0007523080256998305,-0.002732835041885294,0.00015452192251497082,7.41707011605977e-05,-7.998451102174602e-10,1.4360105850403008e-09,0.07054811352350261,0.05479652416184846,-0.021507643295881545,0.002505045494116198,-4.669380116936739e-13,-4.651591069791683e-13
12.4600,-0.003743234670324351,0.00046384702108818684,0.2664718831770036,-0.07821102263568047,-0.09439760766754644,0.01160429865136291,0.00012542691115671859,0.0027346487687747397,-0.014321166156273721,0.0014542047900105448,-0.0004325793725051864,-0.0008827905317633827,0.00013887472207382186,-7.998485391560895e-10,1.436007211840146e-09,0.046333421578767645,0.03386259736982284,-0.020167817616686068,0.002606394594644378,-5.3699037404209e-13,-5.352607463163239e-13
12.4800,-0.003709894685006907,0.0004917695930132863,0.26606538889605846,-0.07856976858794675,-0.09368627388793468,0.011614430542171534,-0.00041862269528115687,0.002690698460888193,-0.016645028449078537,0.001671245804747016,-0.0006943111458324661,-0.0006640364292410522,0.0001728981996413791,-7.998545943059811e-10,1.4360012080812578e-09,0.15508942763268868,0.19169080402327623,-0.08377775055019149,0.003293414248095274,-7.494239874939607e-14,-7.162338484887482e-14
12.5000,-0.0037284616556405694,0.0005165229270238736,0.26609327627580037,-0.0788355048094103,-0.09361751679587697,0.011646134208356645,-0.0008759455781455376,0.0005426678190414824,0.008189398547480294,0.0029084380579571818,0.0007618643063488304,-0.0013853580594154107,0.0002114399078203931,-7.998593876046465e-10,1.4359964711527978e-09,0.07745410744355181,0.10525252623654546,-0.05409261731168689,0.0016988435307166933,-9.097964623425853e-14,-8.774248959775993e-14
12.5200,-0.0037746274418446924,0.0005303887934342262,0.26638902843404,-0.07899575933828734,-0.0939978133892345,0.01168639046454555,-0.0009024789955778696,-0.0007022710002417497,0.015823286237953767,0.0025370111968413224,0.0003290348669716765,-0.0013089381757727305,0.00021145509567810082,-7.998648749831695e-10,1.4359910228001457e-09,-0.09329528083590477,-0.11975678625816692,0.047420223884916596,-0.0012718472148336758,-5.961071480181657e-13,-5.94457968093598e-13
12.5400,-0.003812386469826076,0.0005296132309793748,0.2666047951608297,-0.07902316336817868,-0.09436296609537313,0.011712076140251384,-0.0008485910430123689,-0.0007457736382542803,0.006651623592564675,0.001016463744370924,-0.001450628075024278,-0.0005634824199260035,0.00017654599849682543,-7.998726187898842e-10,1.4359833374081162e-09,-0.005392831416855438,0.006525995499591605,0.002489632899321036,-0.0011671594501358143,-4.99357703082591e-14,-4.669419554790763e-14
12.5600,-0.003833075931268608,0.0005169024805248678,0.26662351209729307,-0.0789099076888651,-0.09453449392185218,0.011716344898279146,-0.0009893823256366663,-0.0006637042815325957,-0.0010523423398495775,0.0005120626094256135,-0.0018919977860586152,-0.0002387898975508387,0.00015033259891798198,-7.998791636385249e-10,1.4359768402502226e-09,0.025015043244351293,0.047216254437300584,-0.012076056639170963,-0.0006595601034758211,-3.099132278930328e-14,-2.7729412461954123e-14
12.5800,-0.0038569600486652146,0.0004970906306519633,0.2666357771782243,-0.07868098230464941,-0.09474923460305831,0.011712441833252027,-0.001202916220503633,-0.0013753902010026583,0.004504304511992264,0.000909747723907503,-0.0010572584032065068,-0.00039609770538119734,0.00013707286725059856,-7.998847911356717e-10,1.435971265313147e-09,-0.014532904809059779,-0.0035808230456869073,0.010967405347178744,-0.0009714622233807273,-5.261809868026268e-13,-5.245257353458932e-13
12.6000,-0.003879653218727341,0.000470370725063212,0.266628262899982,-0.07834720789311987,-0.09496493302409463,0.011698854801662353,-0.0011851032323994914,-0.0013031476019856078,-0.0012924471613473356,0.00047687123160711204,-0.001307848422593342,9.875694324005167e-06,0.00011241018983660663,-7.998902039583731e-10,1.4359659001489962e-09,-0.014117098850215924,-0.002080564639157068,0.018805910038787586,-0.0012306043131431804,3.385106187329609e-14,3.712092075782228e-14
12.6200,-0.0039111642147458886,0.000439642082549365,0.266711304434045,-0.07793436924298333,-0.09530839622322508,0.011683355252781401,-0.0011681049991266622,-0.0020859569628054577,0.006654932264035266,0.0009112258366398851,-0.00029295477086257283,-0.00016597489179998972,9.666485032404087e-05,-7.998933055569205e-10,1.4359628505311798e-09,-0.024725418219143112,-0.01030682775276191,0.01747534044880796,-0.0014376125269720313,7.83625416075559e-14,8.159116015194617e-14
12.6400,-0.003929292853370893,0.00040363501253440207,0.2666952777145695,-0.07744196878665796,-0.09549355681183427,0.011653286443825612,-0.0009639774957259765,-0.0017301581478706355,-0.001319696108772533,0.0002549872255867465,-0.0007660944923276208,0.0003520968548650169,6.45229538264876e-05,-7.998970581599394e-10,1.435959142093692e-09,-0.028930155583507505,-0.017789219611318303,0.024223896161663393,-0.0016511289901540202,-3.934358264526261e-13,-3.917753166153559e-13
12.6600,-0.003921408298945297,0.00036493897921852173,0.26643951150702117,-0.07686930097023069,-0.09528581863093072,0.01160067647394079,-0.0008371272664834426,-0.0007742717939839584,-0.015111620683892546,-0.0003413321338731365,-0.0012223808454939087,0.0009349604896046422,3.2262923651238925e-05,-7.999008477176369e-10,1.435955397688136e-09,-0.0046438448612990055,0.00917325268923804,0.013148142783990355,-0.00114927050998962,-3.5092805397707316e-13,-3.492094851134664e-13
12.6800,-0.003926435407033075,0.0003301426733476296,0.26631764435732475,-0.07626711851993191,-0.09517665874489874,0.011551824460322,-0.0008324818995703278,-0.0015381284255438987,-0.0018062657530837224,0.0007104648030531,0.0005518132822860416,0.00036957699219853236,2.5210602446291022e-05,-7.999005536739032e-10,1.4359557445134334e-09,0.10209948748309672,0.16182035420149418,-0.06676344317299784,0.0001347555766280305,1.9352206469258615e-13,1.9675339374240763e-13
12.7000,-0.003935876246446668,0.00029693758648000615,0.2662929739804466,-0.07565521173161754,-0.0951231749331474,0.011504730234116446,-0.000516335737601741,-0.0013748939320561864,-0.003985166516851026,0.00011325430893415618,0.00023533689264478388,0.000612364077245224,-8.331273067839435e-06,-7.999022852193658e-10,1.4359540605985715e-09,-0.06229354604667156,-0.062146371127246684,0.03587647655445703,-0.002250679905518036,2.583475425775583e-13,2.616228631305284e-13
12.7200,-0.003938300713173261,0.0002661914469709907,0.26623656155974035,-0.07504113381719431,-0.09495108358991503,0.011453486770001612,-0.0003791394681199592,-0.0014162859010313123,-0.0007693703944458977,0.00016648277413709663,0.0007630736581572631,0.00042164896167482636,-3.771300690021459e-05,-7.999011879652424e-10,1.4359552087094206e-09,-0.020009922647010993,-0.00383945993921593,-0.002243986357162364,-0.0016469949788477957,-1.9381788925534882e-13,-1.9215586153503716e-13
12.7400,-0.003946013095693385,0.00023970570162930446,0.26626541411523147,-0.07445882631315752,-0.09484604591546117,0.011408239268362331,-0.00023790875090542123,-0.0015277180985904747,0.003663966490821668,9.954310591089665e-05,0.0011457119540056037,0.00015310103972726574,-6.867562172562167e-05,-7.998990645123803e-10,1.4359573826274755e-09,-0.01341127839893713,0.006382751652628737,-0.011514765355442365,-0.0016605226451914905,-1.403688634511041e-13,-1.387323686919545e-13
12.7600,-0.003948823522032386,0.00021665191208254634,0.26627677427495383,-0.07392215561444768,-0.09469781631686978,0.011364923000759697,-3.2656692321892896e-05,-0.0007210328637546107,-0.006000759032666062,-0.001032196918128705,0.00010219551640261283,0.0004731027988197253,-0.00011460565031309765,-7.99897405757663e-10,1.4359590886305708e-09,-0.056105792496348894,-0.05739033360356368,0.02476969368559862,-0.002256957404315026,4.058273899223974e-13,4.0909360317711863e-13
12.7800,-0.003925929307393029,0.00019872167800234072,0.26600817752714995,-0.07341740220966722,-0.09414243153082519,0.011309936724075011,-0.0002030377995666569,0.0002201096821743036,-0.013724471196980332,-0.001244863170119166,5.6099979140421255e-05,0.00047142895973289973,-0.00014185051915434864,-7.998943788003296e-10,1.4359621622483472e-09,0.09852111817103389,0.14335095406031825,-0.06799860308283599,6.475363904495245e-05,4.2015403742962087e-13,4.234207385753197e-13
12.8000,-0.0038989714867414637,0.00019008250028205163,0.26563631515807995,-0.07296674063538837,-0.09342241368605132,0.011256407614256428,-0.0005360363637652349,0.0008552821510216921,-0.015293136564330439,-0.0010020573394933527,0.0004774220806580965,0.0002608644554735954,-0.00015362037890789455,-7.998915581851351e-10,1.435965030301988e-09,0.08780846177136224,0.12163709065232713,-0.05921893029690373,0.0005381096580830428,4.3114421538134606e-13,4.3443872631276914e-13
12.8200,-0.003894186967268157,0.00019261896671814383,0.2654205121233418,-0.07260023735760628,-0.09290829167484585,0.011221141897317419,-0.0008587799313492123,0.0008376216940383541,-0.0078035840440850695,-0.00028272866962592,0.0015044865009362443,-0.0002935693669862225,-0.00015225205086101803,-7.998870803503857e-10,1.4359695599603208e-09,0.0840570004471123,0.11743367964931029,-0.06067726620790538,0.0006757516214867644,4.4170358559983414e-13,4.449651909953223e-13
12.8400,-0.003908827710094432,0.00020376212563245682,0.26535783990231826,-0.07232655239462511,-0.09262252340722403,0.011203886065065572,-0.0010622931233776394,0.0008002620585557341,-0.0019702508483524406,-0.00035790755905209257,0.0014951893404032606,-0.0004473632247754533,-0.0001582878065041007,-7.998832294532928e-10,1.4359734590455244e-09,-0.025775325763102347,-0.03030730094072973,0.006856631112453968,-0.0005906570255027496,4.61597123371793e-13,4.648678360655301e-13
12.8600,-0.0039324963007398555,0.00022166093817796586,0.26534557095526534,-0.07214324793123021,-0.09244550000893746,0.011198869429895952,-0.00131308828924484,0.0007743259347911094,0.0035198999722388102,-0.00023796115883665235,0.0017199070136341842,-0.0006874567538659428,-0.0001620155769920517,-7.998777214230071e-10,1.4359790197977457e-09,0.07857256065703139,0.10980066177723341,-0.059777115299664806,0.0007075903124147928,4.650949764206658e-13,4.683142437213184e-13
12.8800,-0.004000160952310871,0.0002466342814466359,0.26575682675705764,-0.07209884472268492,-0.09294209334999164,0.011229803835365265,-0.001431478721986928,-0.0003417232860263296,0.022887238351148524,0.0001572582602999015,0.0024271177427123416,-0.0013262635429635164,-0.0001595094028965273,-7.998714700253227e-10,1.4359853236371543e-09,-0.0674835615715296,-0.07954990054393545,0.02209102381342926,-0.0009752767137144752,4.942976366759111e-13,4.974565681256649e-13
12.9000,-0.004066614141013696,0.0002722532626665017,0.2661701703205618,-0.07216902611817223,-0.09356721507083271,0.011271164486893151,-0.001358138234719079,-0.0001298885048127776,0.02020524604720072,-0.0007394689768243587,0.001422036456132433,-0.0010859901500104906,-0.00017504706446536868,-7.99865178406448e-10,1.435991667188223e-09,-0.016134577144848835,-0.014336681021085661,-0.002491162901905721,-0.0003179835459731901,3.1980914769712265e-14,3.353818145510751e-14
12.9200,-0.004125133658329137,0.0002990325810478911,0.2664986525027327,-0.07235190230551923,-0.09420815065147885,0.011318778535042998,-0.0013810706990640355,0.0001676441315587986,0.017241856053659674,-0.0012578210857594953,0.0007765462060109372,-0.0008692295326113356,-0.00017930461609478096,-7.998597710660505e-10,1.43599712013983e-09,0.016386745971471713,0.0219767074877504,-0.01232872838669074,0.0005213426813975505,5.082167325864972e-13,5.113489926628079e-13
12.9400,-0.0041852014440198,0.00032835856874499945,0.2668338382838565,-0.072656374543704,-0.09498124394255335,0.01137821298513497,-0.0014152083621168593,0.00013435678502905977,0.019699439367718584,-0.0010970866951668197,0.000917276536588062,-0.0008976044128808011,-0.00016494132609810934,-7.998535573631463e-10,1.4360033838350692e-09,0.037973510764802744,0.0456138239972804,-0.01965671036623789,0.0013941910199248924,1.1194856687165612e-14,1.2713088706219587e-14
12.9600,-0.004270947496650719,0.00036055389909829565,0.26745301064918986,-0.07311081615774025,-0.09626795856223824,0.01146572717390627,-0.001209290034980021,-0.0007559006008140037,0.03301703794765221,-0.0005023746972955733,0.0016399665222233308,-0.00119948139497732,-0.00013405929392572684,-7.998456813993559e-10,1.4360113160771762e-09,0.04232690910815945,0.054412555663290875,-0.02116032413805283,0.0016624872607590934,4.864552771016717e-13,4.89477056976606e-13
12.9800,-0.0043668939709600035,0.00039109478337878386,0.26826788666580176,-0.07371294919471802,-0.09794721729072936,0.011574504986107507,-0.0006066688432566069,-0.0013277289958011458,0.038186396066507804,-0.0008567307053650175,0.001138110233060735,-0.0009390673807384849,-0.00011278083424532647,-7.99840401329216e-10,1.4360166400281207e-09,-0.18069877726239442,-0.24890739486614205,0.1224000424908293,-0.0007247492203163042,-6.737603300255822e-15,-5.323513982066763e-15
13.0000,-0.004424159715152525,0.00041653754019568064,0.26880507780303015,-0.07441207281049715,-0.09932025160731209,0.01167336637092455,-7.784320684208885e-05,-0.0008325127596433412,0.028906595094033267,-0.0014000522955963297,0.00018622339639550443,-0.00021370835265516647,-9.230800559334806e-05,-7.998345030598875e-10,1.4360225874325457e-09,0.013485260494344547,0.0034433756340604867,0.009592276090403095,0.0018877625445288223,-5.5548149630393895e-14,-5.4165974819591484e-14
13.0200,-0.004442105961985726,0.000438690449107017,0.2690541726061094,-0.07518878226014965,-0.1003073341510547,0.011759082646927346,0.0004733232811541733,0.0005457366557485827,0.007141542104834769,-0.0020901017427856377,-0.0012122204626250164,0.0008300823515879066,-6.25073060629513e-05,-7.998315017274013e-10,1.4360256320890385e-09,0.08099163142758403,0.08072163026025138,-0.012134096098445209,0.002939661884309255,3.981149177684218e-13,4.0118873934763544e-13
13.0400,-0.0044412524105911545,0.00046131148270006894,0.2692063156070152,-0.07603273802873027,-0.10109596020651866,0.011840579558494647,0.0009655506689732791,0.0006062890614040031,0.006840420524025173,-0.0011759095414842545,-0.0006706329649365945,0.0010132560940013006,4.395567785893381e-07,-7.998290880660624e-10,1.436028094153879e-09,-0.0297066684105777,-0.07776517829804613,0.05659383668870233,0.0023759791710646874,-1.916412178688126e-13,-1.9016705527993838e-13
13.0600,-0.0044220254066423,0.00048317897853237255,0.2692984569830712,-0.07691663380503243,-0.10167411785626614,0.011915495158346412,0.0016097716898503239,0.0008034776288395658,0.0032623072634697554,-0.0004994471602463644,-0.00045633126979708586,0.0012647084647151028,6.004569648490073e-05,-7.998277692999753e-10,1.4360294586849254e-09,-0.03202496776623646,-0.08323217341776437,0.05453067479531086,0.0023966161116613753,-2.6815718699377267e-13,-2.666737273712694e-13
13.0800,-0.0043676558435007465,0.0005025335430330607,0.26916944127088577,-0.07778652484271371,-0.10175403269211357,0.011968567753454147,0.002192108292882011,0.0012913181305272661,-0.004187708243687903,-2.330008480417224e-05,-0.000656159391083048,0.0016915302163358777,0.00011773820757253864,-7.998282564066682e-10,1.436029019960917e-09,0.08907680618277351,0.08056678058141797,-0.02833668243475835,0.003712673501825499,1.715096164048302e-13,1.7465618794981763e-13
13.1000,-0.004305944537787019,0.0005203117121606995,0.2690962729828869,-0.07863488774981602,-0.1016980167382592,0.012014852613613654,0.0028724602316759083,0.0013080523128995835,-0.006662040413838405,0.0006650564002899161,-0.000507969716074375,0.0016986220879733076,0.0001757050895549281,-7.998304289779272e-10,1.4360268958286391e-09,0.05878057879474542,0.04286853293664751,-0.020626709752760725,0.002962097120160931,-4.4580989290790574e-13,-4.442863720151291e-13
13.1200,-0.004258526662490046,0.0005355480476929534,0.26929892991586735,-0.0794561232830715,-0.10182943275455289,0.012067439566501173,0.0036030938813885445,-0.0004178120581990236,0.013629307426779948,0.0019838081287716176,0.0007358449940816552,0.0008900170863711127,0.00023092979018845284,-7.998314283090519e-10,1.436025949289704e-09,0.06437741797248081,0.06629295413873987,-0.04964854184078788,0.002481278012987578,3.695574255684411e-14,4.00478464951913e-14
13.1400,-0.004208439298691314,0.000541559590025183,0.2696384002990426,-0.08022037273787852,-0.10201544131097919,0.012116090628551332,0.004410203611859423,-0.0011468081057745224,0.01574620416837801,0.001806020364316189,0.00013748831068609112,0.000657124892331306,0.0002526130735866565,-7.998354530917781e-10,1.436021976184176e-09,-0.025140466553448523,-0.04747358323930389,-0.00566186055051785,0.0003123192797501234,-5.547415825313262e-13,-5.533059904347382e-13
13.1600,-0.004138034752559088,0.000535518757048032,0.269899288626361,-0.08089090810537015,-0.10201862404728369,0.012147449355777327,0.004936149952878189,-0.0013048715637897544,0.009789340034515025,0.0011233535752897383,-0.0010168473311427657,0.0006148897791147051,0.00024829173485072984,-7.998407944431197e-10,1.4360166818879393e-09,-0.048120698850441776,-0.07657949053887661,0.00615499002142455,-0.0006728024292174507,-5.916933609739772e-13,-5.902364100945912e-13
13.1800,-0.0040379616775069295,0.0005178265444273339,0.2699130380745428,-0.0814321450255915,-0.101651431116166,0.012151671330010575,0.005026157589436445,-0.0007947709652104156,-0.0034690743280657416,0.0004170105773137738,-0.0022320431295898228,0.0006465900688986787,0.00023324931316265137,-7.998474638133216e-10,1.4360100620360355e-09,0.06693508421248784,0.08259253681436748,-0.060401756781557826,0.0004220954835681223,-7.303130268501018e-14,-6.987951341706766e-14
13.2000,-0.003928957078075245,0.0004926789768391342,0.2697999817555853,-0.08183651881821663,-0.10111525893860261,0.012139021063550007,0.004750576179042917,-0.0009247924648289462,-0.005689047509982286,0.0006866259621642204,-0.002078244103736453,0.00016156528649708722,0.00023120864812157054,-7.998542332852944e-10,1.4360033380962848e-09,0.0353218480758602,0.03956427485630844,-0.03859200839173502,0.00018046201239335768,-1.0373167982132697e-13,-1.0055027828154844e-13
13.2200,-0.0038305174280038904,0.0004615278813571261,0.269719880294084,-0.08210765151619558,-0.10067130043854779,0.012121531786397728,0.004378306883694413,-0.0013034861845245594,-0.004968718928389096,0.0010175498069624083,-0.0017426594624175983,-0.0003675931171554785,0.00022921912321123404,-7.998616495194523e-10,1.4359959705471275e-09,-0.05575470287713027,-0.08294866493992498,0.022158970286103488,-0.0010788680759317559,-6.884762942041545e-13,-6.869311976881454e-13
13.2400,-0.003724690490915674,0.0004228975289200902,0.26946938412307314,-0.08221209136968564,-0.10005316225433371,0.012084969455335154,0.0038280287150359213,-0.0008526514379089599,-0.014773811972205503,0.0007377950309576792,-0.002225554367140141,-0.0003077449933578932,0.000214414528739696,-7.998699294668181e-10,1.4359877385105879e-09,-0.0014388327488748683,-0.005993225706790526,-0.0042722718805283865,-0.0005136167433096106,-7.054559844274499e-13,-7.038725071545349e-13
13.2600,-0.003632480929386064,0.0003799815388657079,0.2692267857990044,-0.0821609293654054,-0.09951756349628176,0.012042517373143349,0.0031987249763835547,-0.0011640812613740539,-0.013449736826968517,0.0010316594173820596,-0.0018206323574096249,-0.0005725548576042404,0.00020698675325501634,-7.998772828453577e-10,1.4359804365519083e-09,0.060630584670346835,0.08793640066889184,-0.03991397132833623,7.710596032463827e-05,-1.4388197664555458e-13,-1.4065820990588618e-13
13.2800,-0.0035232651068528857,0.0003307184370886906,0.2686843571174932,-0.08191424940633647,-0.09861855864674877,0.011971582780219878,0.0025443182365013596,0.0002487658812365636,-0.03499320344646064,-8.104612872569838e-06,-0.0032816384804943257,0.0002443182572686977,0.0001792883820554935,-7.99888453376492e-10,1.4359693073235099e-09,0.001261982054644131,-0.0018314285640293533,0.01848484534396329,-0.0008043080762061234,-1.385932655532246e-13,-1.3524449030306862e-13
13.3000,-0.003429323907614308,0.0002820871826272516,0.2681198468821984,-0.08149329877616127,-0.09770672111785716,0.011892284487140324,0.0016984867128500007,-0.0002429742408878991,-0.027404836508182828,0.001120271117567728,-0.001696037428670724,-0.0002409924412765103,0.00018274264923909804,-7.998962945767019e-10,1.4359615180028622e-09,-0.012752326633142179,-0.014146086553081262,0.016950257246662742,-0.0006451656856713705,-6.871367624200486e-13,-6.85424807189694e-13
13.3200,-0.003349228302791208,0.00023339789696995048,0.26755364377198676,-0.08090194354078083,-0.09678616941665753,0.011804669311574657,0.001053733832661523,-0.00020897556112881108,-0.027982899101145375,0.001313646203229807,-0.0012841456737354218,-0.00015160671854014656,0.00017108156353751213,-7.999048175147946e-10,1.4359530441696414e-09,-0.036511356659175584,-0.04091214214154439,0.03196130008540125,-0.0012846578227368862,-6.5537646923991e-13,-6.536301448006876e-13
13.3400,-0.003285447930185828,0.00018540479365815833,0.2670292629436007,-0.08015310567947234,-0.09589809776709514,0.011711656780463708,0.0004894497826691492,-0.0003785420940445271,-0.02545027173248359,0.001530972631986303,-0.0006991344509048494,-0.0001433094226561611,0.00015243801464158782,-7.999121100393298e-10,1.4359458026825007e-09,-0.013491969668149688,-0.0008342779894565013,0.0107096550693348,-0.001365192320341624,-6.113374780361558e-13,-6.095850820647675e-13
13.3600,-0.003214784580071465,0.00013714479987568122,0.2663281975238278,-0.0792352240829604,-0.09471508051058271,0.011598676132789618,5.112427230213724e-06,0.0004949136263824982,-0.036618012981554836,0.000845685955029736,-0.0013075572920753695,0.00044491170157031707,0.00011493074054967959,-7.999200205685561e-10,1.4359379395093885e-09,0.08410111320888468,0.13495960240568394,-0.04518622660550417,-0.0005238573331071384,-3.508792648793113e-14,-3.1683958570932064e-14
13.3800,-0.0031606508034416046,9.321659285171195e-05,0.2656743383008138,-0.0781863641091454,-0.09353182192023488,0.011482960623607378,-0.0005139963507368092,0.000487209877842519,-0.03417269588587289,0.0010359313871095832,-0.0006107333486399364,0.0003402073373883326,8.517503623224343e-05,-7.99926353739732e-10,1.4359316556689987e-09,0.04120153389906634,0.08108682410910246,-0.025092730727314456,-0.0013395633234219151,2.089581830591776e-14,2.431649310076847e-14
13.4000,-0.0031144613437285636,5.3955378205988406e-05,0.2649903920196601,-0.0770181666559413,-0.09223316351493306,0.011360896175013149,-0.0010518409883293002,0.0005281712937146831,-0.031137723254116546,0.0010858649468595998,-3.537751069609191e-05,0.00025953989064968447,4.713012276774127e-05,-7.999313993665377e-10,1.4359266600643336e-09,0.06041053358178393,0.11161493644080112,-0.04458196272591769,-0.0013545523408050127,8.0488838250653e-14,8.391604197546115e-14
13.4200,-0.0031033239271220175,2.1817183414508965e-05,0.26456304831185123,-0.07578898427775528,-0.09123931601730109,0.011253725937816447,-0.0015051981586110652,-1.1565535761248736e-05,-0.020406557437854092,0.0012053394544948779,0.000854569081594388,-0.00015888390938891293,-2.4154377853956245e-07,-7.999347290244848e-10,1.435923383285109e-09,-0.06884612214894965,-0.05605628227403734,0.023001102088661355,-0.0034506907875860617,-3.212487242366946e-13,-3.193865527953421e-13
13.4400,-0.003121438697580885,-4.252787743744847e-06,0.26435189628699723,-0.07453220039249321,-0.09053464237628511,0.011161196632674597,-0.002028721235440271,-0.0009502110076038608,-0.0029454774834061976,0.0015646945519626142,0.0021396779971528156,-0.0008426586201526804,-5.0909361081924285e-05,-7.999336548585551e-10,1.43592451222805e-09,0.05736066454444014,0.12595665183080906,-0.06956054713626245,-0.0024197223313634324,2.5201580189024297e-13,2.553280937372948e-13
13.4600,-0.0031936005463506206,-2.459738032119891e-05,0.26464506144733174,-0.07332936475566842,-0.09060148268399122,0.011104533510142336,-0.002308157218616002,-0.0022076119395996628,0.016822406363438437,0.0012665454462941874,0.0028495248154588293,-0.0015310432101224044,-0.00012338375560190062,-7.999311412037977e-10,1.4359270786557112e-09,-0.12307792339236617,-0.10684687951628315,0.02810255947681065,-0.0051427180682133465,-9.51882886748856e-14,-9.34960117139616e-14
13.4800,-0.003268932389980984,-4.377087906176256e-05,0.2649417585004922,-0.0721886608294912,-0.09081734721010767,0.01105605661547921,-0.002507007473399096,-0.0020998030037112196,0.017199094394979717,-0.0003275459225580025,0.001801346675392029,-0.0013291769374892913,-0.00021498855905367162,-7.999270637073626e-10,1.4359312035961255e-09,-0.032702028704536784,0.012363290422349777,-0.01784126260561039,-0.004157666669145776,4.88284000906003e-13,4.914933477567773e-13
13.5000,-0.0033593538109418604,-5.799710951221904e-05,0.2653374369782669,-0.07117212029430352,-0.09136474024900064,0.011026751395157493,-0.002763802173972273,-0.0019738845836820827,0.01910269328678078,-0.0013960729814719132,0.0015637153542383522,-0.0014629824685164815,-0.00030333337840490266,-7.999195699606709e-10,1.4359387517536524e-09,-0.05137402469645053,-0.01847570225353389,0.003782481439612579,-0.0037653464758266825,6.092926727388481e-13,6.124640725135855e-13
13.5200,-0.003452679186316316,-6.557036374976536e-05,0.2657011290386611,-0.07031394433970142,-0.0920800709999718,0.011012166518108057,-0.0030645768033899868,-0.0015170569486664543,0.018404931879359054,-0.0019771746179179793,0.001682186705493761,-0.001506644690908906,-0.0003641651316053211,-7.999101480660914e-10,1.4359482242998806e-09,0.030226923419170826,0.08084435489620091,-0.0336502537173162,-0.0019158746261452567,6.943850876239832e-13,6.97507373040307e-13
13.5400,-0.0035547498821398536,-6.401694916137794e-05,0.26610587612003694,-0.06966100087235236,-0.09305946759348031,0.011018916565676773,-0.003193240094598962,-0.0008827108731520393,0.015451797835361946,-0.0028279494650914976,0.0012274824616957008,-0.0011521959070075302,-0.00040623632690049407,-7.999007591477649e-10,1.4359576568260387e-09,-0.03394345892580234,-0.016420080718038785,0.026705642154886997,-0.0017940077811436168,7.671359207594985e-13,7.702683976762437e-13
13.5600,-0.003637330705530876,-5.2684814857034156e-05,0.26627958150751513,-0.06921457232508246,-0.09387510102282474,0.011031679457622212,-0.003321570222607988,0.0003132603863479841,0.006454798721142943,-0.003316953973166181,0.000962236844187673,-0.0005667714998900914,-0.00042554296902038325,-7.998895505885646e-10,1.4359689125417451e-09,0.06153798479787075,0.09284512895945407,-0.014283525937864142,0.0005152568205520218,8.014750972271112e-13,8.046098509684185e-13
13.5800,-0.0037238439440770645,-2.7388492743311613e-05,0.26647734608747137,-0.06901116903585316,-0.09481123375317493,0.011065236969376713,-0.003328541633749592,0.0007980330622554294,0.009800170305440807,-0.002712436932997366,0.00185709830551652,-0.0004304475531813155,-0.00040770025991044743,-7.998774328141157e-10,1.435981078697198e-09,-0.003990818383088776,-0.006099621515302344,0.02985212486585207,0.0010801481600899035,3.606815909308614e-13,3.622278800692602e-13
13.6000,-0.003794918885470952,1.0047308514643425e-05,0.26656581249373523,-0.06904331529093016,-0.09560579517768054,0.01110927226999118,-0.0029861940677709036,0.0020333182979407984,-4.779150789816335e-06,-0.003097841332989475,0.0011699817586352176,0.0005414507883841358,-0.0003800153241488214,-7.998657834051935e-10,1.4359927750966893e-09,0.0033027698882532107,-0.01232110040303628,0.04185041775470495,0.0018439027306539786,8.075904311607984e-13,8.107564099246733e-13
13.6200,-0.0038516746552995948,6.0441920137113576e-05,0.26658426447614925,-0.06930567051061522,-0.09622884641777424,0.011163672827387795,-0.002567735786353903,0.002795701053277984,-0.0015623481812009022,-0.00254208046913481,0.0014911437071894042,0.0009652416272698337,-0.0003308384071656773,-7.998549295780248e-10,1.436003674620052e-09,0.027617344525041197,0.009223949132395291,0.024943699486787298,0.0028407846737730767,7.709334472888463e-13,7.741015944570662e-13
13.6400,-0.0039033319341500936,0.00012298611398731512,0.26667090807349525,-0.06979454005847606,-0.09680870275099232,0.011233356087242243,-0.0019062554768845305,0.0030776056160820133,0.002547224323574991,-0.0018537481922005176,0.001811955226971347,0.00122537314234033,-0.00026638024594764976,-7.998446777477158e-10,1.4360139734885271e-09,-0.08298442863817017,-0.1445138792274617,0.08566486276683272,0.002096067582492026,2.5979934349662503e-13,2.6139919222234465e-13
13.6600,-0.0039085447568207215,0.0001931028064026521,0.2664369433951189,-0.0704465845763724,-0.09674138073481865,0.011291275639525667,-0.0011966901268643775,0.004654580350189423,-0.014558199954077634,-0.0020064764150531295,0.0007331504746634404,0.0021109470787185115,-0.00020543937618647156,-7.998360037306719e-10,1.4360226960673387e-09,0.10351958844939277,0.09047458524926393,-0.028243771106582858,0.0042193993901330626,6.308781622110793e-13,6.341047478763961e-13
13.6800,-0.003914772155596258,0.0002736295575868906,0.26633900457299975,-0.07126694917245972,-0.09663059272300263,0.011362125678834573,-0.0005248172767598766,0.004518057045495859,-0.005948318327833496,-0.0008485542299420662,0.0013812538975121903,0.0018105669008072313,-0.00012863792937640702,-7.998295441170254e-10,1.4360292008610992e-09,-0.054637764587236466,-0.12192032049438106,0.05327106962946426,0.002723208398933369,8.07047842183578e-14,8.237165019086418e-14
13.7000,-0.003910053131467448,0.0003593603949642637,0.2662759860112036,-0.07220964424750166,-0.09634144947325586,0.01143645540031859,0.00015863317124407893,0.004531004464095504,-0.0027882059701460644,-0.00013353337444978446,0.0013827401807185676,0.0015968079266539534,-5.77552303307715e-05,-7.998233559176279e-10,1.4360354408972772e-09,0.06284104716641184,0.03731017336060721,-0.03344912831470395,0.003665405411078997,4.5384160839156973e-13,4.570617430539603e-13
13.7200,-0.003917262423013304,0.00044789805155671193,0.26646682318053144,-0.07326089161515731,-0.09622791739935627,0.011526356444676056,0.0007600018890718131,0.0034488249601770946,0.013727492834098548,0.0010845371547938993,0.0021292883827453454,0.0006583538903334184,1.594082018891208e-05,-7.998182319527971e-10,1.4360406207015693e-09,0.0002465474477556093,-0.03761468053392986,-0.022102511644663113,0.0027650227056819176,-1.2128282590468525e-13,-1.1970371254551443e-13
13.7400,-0.003925201364391974,0.0005325977301586128,0.26680045609444286,-0.074381982609259,-0.09621980530952717,0.011624315979242876,0.0014201517066241018,0.0029806732158065893,0.01567140260070666,0.0007074812513225162,0.0009693679955270505,0.0004202029754104812,5.556531625140063e-05,-7.998164123786565e-10,1.4360424859784636e-09,-0.06421180833575131,-0.11985644548291001,0.015127934445337743,0.0011790356432531829,-1.9839181296041342e-13,-1.9680971804526826e-13
13.7600,-0.003915167383846161,0.000609263311005862,0.2670362726986647,-0.07551952967576793,-0.09606261803464133,0.011715724955419178,0.001749381905333372,0.0030797901065838197,0.008298960225154658,4.410611874880819e-05,-0.0005859530804410358,0.00032822763029638204,8.129755261100222e-05,-7.998163270421876e-10,1.4360426189420362e-09,-0.003882709050809947,-0.03906549620465213,-0.01853125958919647,0.001373568319624078,2.1499696554322378e-13,2.1819378985890592e-13
13.7800,-0.003907913847657029,0.0006787945087914415,0.2673046308036616,-0.07665245363590169,-0.09600566156279555,0.011809839655053769,0.0016359953847537533,0.002013214845929377,0.018501989016014613,0.0009210376770151038,-3.5412980131232386e-05,-0.0006986485291493788,0.00012186841534384145,-7.998160090035152e-10,1.4360429909230465e-09,0.05603623608077348,0.04823536532657965,-0.0658910999220125,0.0023694823277867942,-3.8403638992837164e-13,-3.8250045492072005e-13
13.8000,-0.00392573424628988,0.0007385400999540259,0.2678202814416619,-0.07777861410036074,-0.0964328865189966,0.0119207051371858,0.0016595952911464102,0.001013059616568769,0.022797884271165154,0.0007327802933058732,-0.000747516098216475,-0.001179419897281688,0.00014989759232056745,-7.99818681960884e-10,1.4360403658276066e-09,-0.122159467491604,-0.18956658568223184,0.05651586272112685,-0.00033150626651870036,-4.447483505608252e-13,-4.4320921715676476e-13
13.8200,-0.003922220686472743,0.0007833332859085307,0.2680836532538006,-0.0788207767096561,-0.09668685107452256,0.012014754015831009,0.001358974653042124,0.0009380287947808749,0.015093800693197818,0.0003540260643739662,-0.0017682672672695646,-0.0011564921068166112,0.00016601704359959775,-7.998226432327616e-10,1.4360364563856987e-09,-0.0003476215837877636,-0.02425062069453096,-0.008720466187353443,0.0011942625722620131,-5.298589258323494e-13,-5.283240208167617e-13
13.8400,-0.003914134115454384,0.0008149563180437824,0.2682261396483856,-0.07976327729808415,-0.09695863681520221,0.012099286917124542,0.001020270741077061,0.0012773269321948685,0.0012514214662973566,-4.307361836375739e-05,-0.0028150140479536005,-0.000854305512299138,0.00018396907540181202,-7.998285587394564e-10,1.4360305882666997e-09,0.07315283494923731,0.07532207021737433,-0.03266933105241106,0.0019737927528406247,-6.261996672064785e-14,-5.943313061747973e-14
13.8600,-0.003906344354768242,0.0008349568169002283,0.26827524329351193,-0.0805777727798508,-0.09725558278605803,0.01217343533142136,0.000530648275684305,0.0006919945923101385,0.0020095716752511596,0.0005499333960863275,-0.0024863899800075737,-0.0009242138410184093,0.00021677065208875233,-7.998351956374917e-10,1.4360239975477896e-09,0.016056632636809984,-0.002579337498669515,0.009631207726734663,0.001644863284751184,-6.643469411746206e-13,-6.627674754497437e-13
13.8800,-0.003885039822040651,0.0008421736361360359,0.2681105383990207,-0.08122146348208491,-0.09735456400770238,0.012224342747992637,0.00016336433921946232,0.0010890376899955344,-0.010887761178825417,0.0004949918336881224,-0.0030906844515563056,-0.00028699758953217556,0.00024335483541526788,-7.998441301629201e-10,1.4360151100873742e-09,0.08214308147245909,0.08872899705387459,-0.016442593297340824,0.0023634864267207322,-1.7573773382698055e-13,-1.7248613019653358e-13
13.9000,-0.0038635772646698134,0.0008394618983760119,0.2678724818627119,-0.08167969080017198,-0.09737725327832178,0.012257492099287741,-0.00016942893454988854,0.0006029764096913342,-0.010380885371423504,0.0012685672390069936,-0.0025053208452405647,-5.3565600670167644e-05,0.000281580007222327,-7.998536345442513e-10,1.4360056550149342e-09,0.07351018144379011,0.08184057659543367,-0.011359689083484866,0.0023070160363246103,-2.2199587003737808e-13,-2.1872488629309794e-13
13.9200,-0.0038602275829330707,0.0008273569141971721,0.2677966678295766,-0.08196014549999683,-0.09759755319112608,0.012285050731108537,-0.0001863183113478668,-0.00044378661870884224,-0.003937440681646753,0.002136180072769388,-0.0015641555104695002,-2.4916738706701637e-05,0.00031630008527053953,-7.998627423152666e-10,1.4359965993695134e-09,0.042223141332576736,0.051594135007242345,-0.000837552141473625,0.0013781561699325734,-2.4182617171762677e-13,-2.385794741020103e-13
13.9400,-0.0038503335423631124,0.0008023595908706195,0.2676935382419194,-0.08203463579950285,-0.09770732021633513,0.01229027011288529,4.042160619322508e-05,-0.000802295595046712,-0.007772998778267362,0.0018995292536870163,-0.0019562331113574674,0.0005830810962105464,0.0003220841416559434,-7.998736515627031e-10,1.435985737556762e-09,-0.005210704038132219,-0.007204665045646715,0.02567294349132233,-4.005956137404204e-05,-2.397668381112078e-13,-2.364869910141676e-13
13.9600,-0.003827957760539073,0.0007654349323726286,0.26751578385816405,-0.08189489312165114,-0.09760203907849015,0.012268698166751225,0.0003102117112749886,-0.0009771103957908968,-0.013017477977085298,0.0016758295762060867,-0.002181153504072709,0.0010468767932396495,0.00031427925400234806,-7.9988442103466e-10,1.4359750159566404e-09,-0.00748765887216886,-0.0037747931133910698,0.02092937595283074,-0.0007180131756240414,-2.265050668727453e-13,-2.2319770814557827e-13
13.9800,-0.003797485448352312,0.0007192139363944784,0.26730323502155307,-0.08154711841774878,-0.09730993471856396,0.012223465328076735,0.0005086741771212427,-0.0016500633439007098,-0.00950227517537089,0.0019577859719180145,-0.0015441500342030685,0.0010199141672516054,0.00030064460159063736,-7.998949993253445e-10,1.4359644892226692e-09,-0.062202657362894764,-0.07149310008478128,0.03949166553045559,-0.0018189317109906671,-7.447309912853028e-13,-7.430265170499384e-13
14.0000,-0.0037676282706231457,0.0006655912367804161,0.26714664542876565,-0.08101275888595712,-0.09695714516137705,0.012162345894638495,0.0007395401348291248,-0.002326633534913465,-0.00543287016351714,0.002214539182296554,-0.0007515785982838928,0.0007521413895001972,0.000274650791832898,-7.99902925979659e-10,1.4359566155779263e-09,0.01545381209532289,0.0492746641750008,-0.024398442276909495,-0.0015377508283443964,-6.98889730810226e-13,-6.972248299541572e-13
14.0200,-0.003749900251813025,0.0006061473342432013,0.26716246779542063,-0.08032727353595948,-0.09673576205754793,0.01209626482521763,0.000959099532405453,-0.003517776328828901,0.006167787052126979,0.002428518433028392,0.00018215873734380933,0.00022863588105092778,0.00023645830837861037,-7.999090489316986e-10,1.435950543332938e-09,0.015433317653622212,0.0622304769370752,-0.04065821443213811,-0.0022707623216294505,-9.034373455504147e-14,-8.712033373360628e-14
14.0400,-0.00374859081395905,0.0005403584396931995,0.2674079987985551,-0.07953498378031876,-0.09679192250654159,0.012032985023580772,0.0013241114218866135,-0.0041953918815810474,0.00934415456017247,0.0015550116661399254,-7.838154680418256e-05,3.645853444594153e-05,0.00016629419264925144,-7.999152165905777e-10,1.435944423588209e-09,-0.14110432238614054,-0.14636094775981173,0.0544685167267588,-0.005192298701814113,-5.246573574896329e-13,-5.230428720345848e-13
14.0600,-0.003728218848271845,0.00046770534585405076,0.26749297588316223,-0.07863317443250234,-0.09663216868587184,0.011951105024962914,0.001372402328584294,-0.0040264764310234905,0.004320650985741128,0.0004832413949250543,-0.0005852349855882822,3.9445805380081e-05,8.17138434126905e-05,-7.999194567048086e-10,1.4359402317266428e-09,-0.09181645023361795,-0.07873253058266637,0.02238645349635483,-0.0046138221001149286,-4.3023175083298226e-13,-4.2861536802413225e-13
14.0800,-0.0036934662527292415,0.0003933039657485433,0.2674033071439497,-0.0776553814745871,-0.09626926909137344,0.011855690540741742,0.0011695667323565586,-0.0033349339769996344,-0.004854612562611119,-0.000365038542344935,-0.0008558569785836037,1.3081690590367266e-05,2.4995103689011976e-06,-7.99921874487566e-10,1.435937862667172e-09,0.036567910414752575,0.09396082691132157,-0.04816261530254635,-0.00286590729090929,1.7789155565273163e-13,1.8111919841516666e-13
14.1000,-0.0036877334761167046,0.0003242634706997878,0.26753452417720414,-0.07667930314904832,-0.09628843560202334,0.011778075970110345,0.0007779727348881133,-0.004318017257209658,0.012407364494715413,0.0004212827849948922,0.0011848065395033284,-0.00109747857168761,-5.3421329737862485e-05,-7.999202538261702e-10,1.435939540638953e-09,0.006262337539367795,0.05811869775044716,-0.03895485667187637,-0.0029364146202512233,-2.4274839408554294e-13,-2.412150069529967e-13
14.1200,-0.003704411732435299,0.00025888314087155835,0.26785706167826034,-0.07574939682744916,-0.09669838831045353,0.011718803955910228,0.0006642886094169182,-0.004374721043930421,0.014738937318105962,-0.0004367663373406409,0.0010174568528022027,-0.001164786919166402,-0.00012592198421436558,-7.999182824788225e-10,1.4359415600372463e-09,-0.09996069197297389,-0.08816423566375758,0.03750094306139438,-0.004244447856400652,-1.3204376285956554e-13,-1.3052197669026488e-13
14.1400,-0.003707902139118269,0.00019652193560514708,0.26800815639683245,-0.07487104560706849,-0.09700928861128623,0.011657551073545405,0.0004563336847106262,-0.0033979608805855396,0.004460387650269554,-0.0016790915356157037,0.00014973051518316066,-0.0007007795958311149,-0.00019487444468727557,-7.999153419634988e-10,1.4359445440493385e-09,-0.07156152157879873,-0.05976271419866577,0.035364812192390536,-0.003350221421245852,-4.7648076619260377e-14,-4.6104152396850284e-14
14.1600,-0.0037027288510661795,0.00014206563776910652,0.26800261054714986,-0.07407652820162759,-0.09722137009259386,0.011598506056288331,0.00011965024347262243,-0.0024038861938814873,-0.002922851162674469,-0.002200745819499107,7.834542218219755e-05,-0.00042986936719500345,-0.00024213145819697112,-7.999105232238703e-10,1.4359494097508222e-09,-0.03433484718738489,-0.020946239792181003,0.026415310145341014,-0.002021329521680319,2.01689623932199e-14,2.1728871821410575e-14
14.1800,-0.003718410690166746,0.00010043727573213182,0.2681389130750201,-0.07342119946297926,-0.09772252957185304,0.011562097038010607,-0.00019023713126634236,-0.0026811397140402856,0.01051344373775185,-0.0013333437234383117,0.0017357689313983325,-0.0009004992154365187,-0.0002563346890759643,-7.999020915400251e-10,1.4359578957887168e-09,0.03318138973568096,0.06830456174886837,-0.017584247606534393,-0.0005334196303327708,5.729019689204584e-13,5.759907524896524e-13
14.2000,-0.003731325863705957,6.898268879090991e-05,0.26823971590984735,-0.07291323079277409,-0.09823715080498333,0.011536455536672947,-0.00017005912097010472,-0.0016708355470485298,0.0031643113117781085,-0.0019159737073731892,0.0013146114888096057,-0.00033180388632425095,-0.00027626103291580493,-7.998950463172893e-10,1.435964987058522e-09,-0.0046477837753846046,0.0070033987599575085,0.01753256941177178,-0.0004500685975694389,1.2214965909411457e-13,1.236468067690455e-13
14.2200,-0.0037291685178045516,4.867959703931939e-05,0.2681927136338296,-0.07255564904356251,-0.09855780193749626,0.011514623691810276,-0.00012567083530087332,-0.00047707585712908877,-0.005505110952385697,-0.0023605948929302407,0.0008516021947796521,0.0003337993960861541,-0.0002819076348701669,-7.998873537451781e-10,1.435972726118891e-09,0.05842814451785531,0.07955353283088923,-0.011239225291473375,0.0008637331359625563,6.347607986109671e-13,6.378959860331435e-13
14.2400,-0.0037198386314333132,4.184864197118556e-05,0.26808354598432366,-0.07235976570216508,-0.09874562623389394,0.011501316465640095,-4.623827632852877e-05,0.00015650055605946573,-0.004467376459750193,-0.0019408771528220804,0.001330078865081553,0.0005283765499249692,-0.00026312509025751854,-7.998795309046041e-10,1.4359805957175003e-09,-0.02058580726565316,-0.03630350798144127,0.03665800168880803,0.0007666004653279442,6.380111283038614e-13,6.411707102749187e-13
14.2600,-0.003703131574582373,4.824491381306126e-05,0.2679356301938515,-0.07232460811121656,-0.09878461669947286,0.011496324781353076,0.0001633903595725659,0.0009414795172952512,-0.00632030790121971,-0.0015572413861769635,0.00158857308135394,0.0007664454509897124,-0.00023483899526270885,-7.998713982058794e-10,1.435988777124902e-09,0.016078294279069368,0.005894432965081587,0.011492200550405281,0.0015774749939761737,6.185037291356332e-13,6.216653710908182e-13
14.2800,-0.00367376137880381,6.668733892617043e-05,0.26771367186400397,-0.07243672997935516,-0.0985877601594617,0.011495640630841296,0.0004289264156457365,0.0019106886942838505,-0.011602813913498692,-0.0013292917918269623,0.0014849170444310958,0.0010805122897701443,-0.00020234333807077996,-7.998637573004469e-10,1.4359964672809097e-09,0.13866600269657223,0.16404097108849586,-0.06799022634304162,0.0031388426570877876,5.779931654820158e-13,5.811541569158973e-13
14.3000,-0.003661314035291432,9.767263070068498e-05,0.26772553101411173,-0.07271329816951051,-0.09857872187260992,0.011517168317209718,0.0008148032996834739,0.0015696553808495872,0.0010761986418301296,-0.00041510338807944277,0.0022870611520074977,0.0006677038679876453,-0.00015681513529237112,-7.998563924714176e-10,1.4360038822587957e-09,0.016082974297503803,0.0007428217567568763,-0.0065208803518231155,0.0018756936595379736,5.773232911697457e-14,5.926901628988332e-14
14.3200,-0.003671548778421693,0.0001376028241523195,0.2680595333929742,-0.07315491125087792,-0.09891355620006027,0.0115655954882795,0.0012906860138005428,0.0002470704651758638,0.02578649033437542,0.0007981326629880756,0.003578993093637753,-0.0002382473527786281,-0.00011100689131930768,-7.998472838574215e-10,1.4360130478872736e-09,0.0439142649920119,0.04798577451401883,-0.04889266829399404,0.0020613121492934704,5.177457854804723e-13,5.207766726536556e-13
14.3400,-0.0036580129636430703,0.00017792589037153635,0.2682860697512749,-0.07371462411561569,-0.09904565020270326,0.011613361167655364,0.0019263413642445083,0.001394681760610583,0.008464491057848942,-0.0009781308266451757,0.0008724274656311277,0.0006067705163813477,-0.00010689586919374069,-7.998440721273766e-10,1.4360162989206683e-09,-0.13554309101950837,-0.20418159500107158,0.07646072209030723,-0.00044248319118067185,-7.193659391584693e-15,-5.664343946415896e-15
14.3600,-0.0036180228648396554,0.00022008070460549973,0.26829624706823146,-0.07436077694870535,-0.09884403058817769,0.011654725313605467,0.0020897641261553622,0.00221490243454443,-0.0012324747054881533,-0.0013014506278981898,-6.50136423152561e-05,0.00067711146628001,-8.729988719814524e-05,-7.998394328677105e-10,1.4360209865205217e-09,0.02010370716700335,-0.0015587408302785823,-0.01658059959918218,0.0015275624560269997,4.2786797325652937e-13,4.3102690470628313e-13
14.3800,-0.003570840133899719,0.0002653116811449734,0.2682325981262,-0.07507925610203807,-0.098526579923344,0.011698178229410739,0.0020486028739719413,0.0026267250455529597,-0.004895038932862252,-0.0008907304325063432,-0.00010043613459575929,0.00033915377892312763,-5.3376077469428955e-05,-7.99836529070418e-10,1.436023935889623e-09,0.0020359667750304154,-0.03054645756734328,-0.004022653664670468,0.0017197451210476371,-1.4727116553168995e-13,-1.4571070044988588e-13
14.4000,-0.003507021564743306,0.0003119339053937905,0.2679652938319451,-0.07582256340590071,-0.09791616750304927,0.011733405395432873,0.0018105771086546203,0.0033269367381430145,-0.012903141764021478,-0.0008032107080581423,-0.0008204702066540157,0.0003887541585052125,-1.3042918635941403e-05,-7.99836221834275e-10,1.4360242930009633e-09,-0.016507943471596752,-0.06363183440760109,0.01741264226217468,0.0017932165865651099,-2.400999863337583e-13,-2.3846387104536904e-13
14.4200,-0.003453262223145338,0.00036089587209114265,0.26773085517028195,-0.0765773972047068,-0.0973492000029852,0.011773627549463738,0.0014913494342260005,0.003334185240683759,-0.011910226903198443,-5.1390832456294016e-05,-0.0005503620530721805,3.658929947682983e-05,3.4811597582169244e-05,-7.99835998053754e-10,1.4360245653969743e-09,0.04409668675643884,0.021355978901218455,-0.019328028045572127,0.002531595031583986,1.9225655681180676e-13,1.9550100470791532e-13
14.4400,-0.0034018151809048604,0.00040866085480891656,0.2674546036591295,-0.07730110308876338,-0.09672833153459866,0.011810973772376825,0.0011644370443191087,0.0034985573618990006,-0.015058972573916595,0.000233915291281293,-0.0009651658326026247,3.0953395820407944e-05,8.02064092951852e-05,-7.998390626641547e-10,1.4360215499923031e-09,-0.031107298661842222,-0.08153584442838414,0.029349903485988243,0.0015980001420285899,-4.0640966069913076e-13,-4.0472177475700533e-13
14.4600,-0.0033534062413232836,0.0004539304857790272,0.2671273359842622,-0.07795650989488927,-0.09603843070949365,0.01184231121830564,0.0007552716983404018,0.0034631059695806278,-0.016075471452044507,0.0007349866935000948,-0.0009805497061923366,-8.50519356852746e-05,0.00012166878993453201,-7.998423746842195e-10,1.4360182861465324e-09,0.036286123819803784,0.01484386432692967,-0.014137872050912416,0.0022797726646259964,-4.836368935542956e-13,-4.819414181969628e-13
14.4800,-0.0033316674890036682,0.0004963062989349134,0.26698929705188307,-0.07853880531495554,-0.09562542508913816,0.011881435314806803,0.0003428002894704456,0.0022933954178925684,-0.0027592514808051213,0.0018605408662493552,-1.54643517873322e-05,-0.0007021221742444852,0.00016910554822410241,-7.998454087351711e-10,1.4360153080488736e-09,0.12639932260651351,0.15251565290234098,-0.08170395293517102,0.0030633526728851682,-2.473843409311373e-14,-2.1508365428317758e-14
14.5000,-0.0033306286885912474,0.0005308732533790818,0.26701977295085044,-0.07902898774729399,-0.09549029354818551,0.011924865789333789,0.00018649693358446768,0.0016449552613631729,-0.0008525708905165487,0.0016554753948230011,-0.0006293583213553106,-0.0006520513147107941,0.00018972972227843538,-7.998513915099326e-10,1.436009374242557e-09,0.04280144611709968,0.046657899986022475,-0.028176520718074187,0.0012110960282920925,-5.393987123278321e-14,-5.069718516520494e-14
14.5200,-0.0033286633496217915,0.0005541724533699681,0.2670069190409511,-0.07939265215440913,-0.09535682805703809,0.011957425954405545,3.927361559342336e-05,0.0015485164802098998,-0.007432239206488835,0.0009245624745261847,-0.0018329087147227442,-0.0002608500165061954,0.00019043775346434236,-7.998590535862487e-10,1.4360017613473387e-09,0.008017224393006546,0.002066348868961645,-2.5837983706412717e-05,0.00016473081219864162,-7.497179418079758e-14,-7.168782711550192e-14
14.5400,-0.003329355093733604,0.0005680406312820506,0.26695740082425734,-0.07961718521383358,-0.09523061036687086,0.011979441230660772,-0.00035928930289902015,0.0005386526518906665,0.0009983688522460226,0.001609746449695222,-0.0010055011174062952,-0.0006787146205194388,0.00020163053757349798,-7.998645126414942e-10,1.4359963565131795e-09,0.10089130055532039,0.13961689110558156,-0.0673220185570586,0.001333029824965666,-9.671320547795931e-14,-9.348362470414096e-14
14.5600,-0.0033470798629290925,0.0005724352251800617,0.267037873679207,-0.07971761834021221,-0.09535304581313077,0.012001344830064941,-0.0005314419968342248,-0.0002554178905962654,0.004334225054045628,0.0015138689746517081,-0.00107296357097389,-0.0006933607164314567,0.00019838344524259068,-7.99871545933764e-10,1.4359893688358291e-09,-0.033256202353010016,-0.03950742665359342,0.018767849965274374,-0.0007768028829991242,-6.184936460554291e-13,-6.168502124023756e-13
14.5800,-0.0033668197350094986,0.0005661855746584226,0.2671088743038745,-0.07968213510045012,-0.09552798515508287,0.012013278760597875,-0.0006981739796835981,-0.0008220690729241091,0.005215576437403768,0.0014188238431176367,-0.0010110458608168457,-0.0006396401549260597,0.0001849694079857914,-7.998780077740094e-10,1.4359829606743253e-09,0.014530772678690216,0.03316949653748522,-0.012195127292630786,-0.0004872322121290445,-7.093593290888323e-14,-6.771178669845446e-14
14.6000,-0.003376381389010092,0.0005492378659796579,0.26705767624685095,-0.07950480008498696,-0.09558512183527033,0.012007355294750551,-0.0007500778963773719,-0.0004978241746165223,-0.006060895546418795,0.0005204267018736354,-0.0020178684050332217,-2.174137154861072e-05,0.00015784069738988227,-7.998860014052113e-10,1.4359750081132506e-09,-0.09446838896251265,-0.1201814133705404,0.06748488328420718,-0.002078684808020923,-5.754552650366618e-13,-5.737603317804152e-13
14.6200,-0.003367241920357134,0.0005247987549077725,0.2667746506042874,-0.07917574885528668,-0.09532945235039647,0.011976493759038451,-0.0009746035076719695,-1.4721485844313137e-05,-0.016008762335484213,0.0004617688918744543,-0.001905637150473657,0.0003000284746926756,0.000138163249175331,-7.998921010900285e-10,1.435968961945988e-09,0.12888410050814766,0.18890816970274654,-0.06816840425070587,0.0007802952958902376,-3.5905367492140156e-14,-3.261880511789411e-14
14.6400,-0.003382855877104228,0.0004987487905859989,0.26670001464977067,-0.07874815811478694,-0.09534464187230608,0.011950706011798599,-0.0011824908664112683,-0.001403457155662364,0.0012611977803780694,0.001545957110866555,-0.0001241150552172339,-0.0002728972675526268,0.00013737360107657451,-7.998966409965128e-10,1.435964471494088e-09,-0.006000962213599357,0.0120083236619232,0.0019238583734609417,-0.0008784340547896965,-5.218803904652458e-13,-5.20223729545688e-13
14.6600,-0.0033867293498839987,0.00046664456192677475,0.26652375370028886,-0.07820726540852517,-0.09518549432054804,0.0119081809306006,-0.0010172272850069958,-0.0005689858569314467,-0.014471981730837793,0.00027024246370210164,-0.0014550890513263036,0.0006302748210051571,9.643593202935844e-05,-7.999038056895105e-10,1.4359573519932324e-09,-0.08448547659141115,-0.09888020176830928,0.06271554094477914,-0.0023730443740861027,-4.654520584061739e-13,-4.637068723792326e-13
14.6800,-0.0033724764869478593,0.0004321817767088251,0.26615249327222734,-0.07755439256916939,-0.09468693303228437,0.011844503930422589,-0.001076970792408948,-5.9981272639168193e-05,-0.02178027263332692,2.5979601130844405e-05,-0.0014613571091266825,0.0009423478869487649,6.85419414469839e-05,-7.999081489567519e-10,1.4359530546456255e-09,0.009077524883889977,0.02842749678736469,0.004168733274240612,-0.0011889189385342264,8.678016530198895e-14,9.013779035237784e-14
14.7000,-0.0033884044249891496,0.0004016936257476013,0.26606477945943974,-0.0768542311296414,-0.0945033242187598,0.01179320572235627,-0.0012437210902635032,-0.0017263174904093392,0.0036169055415472334,0.0016752698704448374,0.0012456378001603696,-0.00015014646645795802,6.30383440104834e-05,-7.999085838003328e-10,1.4359526777483682e-09,0.02661652291898254,0.06644190963211924,-0.033061480875591284,-0.0010702061876710172,1.3634175711173258e-13,1.395863405331127e-13
14.7200,-0.0034188042413784946,0.00037088384395180473,0.26616595034876583,-0.07612876086889858,-0.094535440725007,0.011748629108130229,-0.0010147288291268133,-0.0020827367815992527,0.007328076236089366,0.001221916809074043,0.0012846548146054502,-0.00018727861450566074,2.061881766785994e-05,-7.999096350680211e-10,1.435951677145312e-09,0.003528541873167621,0.04140069095881049,-0.02406827934408707,-0.0020503937247879672,-2.9613426511324037e-13,-2.9450449240756016e-13
14.7400,-0.0034660551255521047,0.0003402112337329217,0.26648430213681307,-0.07541702601118065,-0.09486748173075041,0.011715901892927974,-0.0008258015530601785,-0.00300495923638035,0.02003318591140597,0.0009502815233635865,0.0017050882315221964,-0.0005427718616658996,-2.8866173801183878e-05,-7.999081308588018e-10,1.435953234058331e-09,0.0022715557692067094,0.046055939805288215,-0.033535850693634434,-0.002432522975903493,2.8977194992466093e-13,2.929212861851882e-13
14.7600,-0.0035365283641231203,0.0003095635254369196,0.2670994603897195,-0.07477119998344169,-0.09567559556536083,0.011703828560481893,-0.0005062592963599927,-0.0040224096249857,0.03344679091671017,0.0005122050452373399,0.002049646885187474,-0.0010249558376173298,-8.613696079236363e-05,-7.999048503807669e-10,1.4359565654082295e-09,-0.14554448458541933,-0.14963295505251625,0.05053048586923061,-0.004346474427354658,-1.0978822289221118e-13,-1.0828898812809823e-13
14.7800,-0.0035772697321400228,0.0002755594007836093,0.2674799078151437,-0.07418084854015562,-0.09626374754984596,0.011682152801686982,-0.00015810758496315978,-0.0026636390483045576,0.012632137526311468,-0.0018157467252218088,-0.0002530023456468649,-0.00013938776042407788,-0.00016691924111313997,-7.999026719673894e-10,1.4359587852473623e-09,-0.17259576324992323,-0.19986549590769304,0.09125616310649368,-0.004423979860977295,-2.733117483960483e-14,-2.576528197067475e-14
14.8000,-0.003579065886655288,0.00024391315964721259,0.2674562161500887,-0.07365232517582355,-0.09638151134323147,0.011644716831872329,-0.0002507822523474152,-0.0009407581747366073,-0.00810674672274756,-0.002914839922356203,-0.00122942310560902,0.0004112945637205951,-0.00021831493825975884,-7.998987978079246e-10,1.435962703651585e-09,-0.04902515354353948,-0.050678644104520706,0.03535147393717799,-0.0019501510533173928,1.3846908374689354e-14,1.546432456373502e-14
14.8200,-0.0035601911665772384,0.00022195991209690978,0.2671501033567055,-0.07320341018521238,-0.09614396812882116,0.011601292867398421,-0.000667195890537582,0.00010229662314194775,-0.013878278048243564,-0.002222547556108542,-0.00015614370294194884,0.0002560506621772239,-0.00022546538088860725,-7.998929517081701e-10,1.4359686016972546e-09,0.0953386567239867,0.1309340017311461,-0.04615327623286936,0.00098471422865175,5.145245124058007e-13,5.177411234111307e-13
14.8400,-0.0035486032186964004,0.00021300987367264473,0.26685348708465684,-0.07286464438708154,-0.09591134971042835,0.011569380321791632,-0.0008995801371206884,0.0008466922672519868,-0.01580852727980003,-0.0017324229100966655,0.00046736280589958483,0.0002903682366324462,-0.00021539455203769566,-7.99888454552257e-10,1.4359731429007957e-09,0.010458516195448653,0.008788371452070625,0.01438255320582315,0.0005895728907340277,3.3295462470005893e-14,3.495628401540066e-14
14.8600,-0.0035412487783857633,0.00021630787521384186,0.26656543343565015,-0.07263481285075793,-0.09564041050266661,0.01154710584119703,-0.0010092217652516006,0.0014107640273320092,-0.015457713295120887,-0.001329916639161454,0.0008555202316957139,0.00044732681791692744,-0.00019723332096628816,-7.998834585889378e-10,1.435978186413793e-09,-0.03770143158025384,-0.061389071403500646,0.04507951597910503,0.0003915117335200405,3.1946938584132e-14,3.3636240765345243e-14
14.8800,-0.003545929177809756,0.000231199821827012,0.26639375317389696,-0.07252174973047718,-0.09545658776027824,0.011539617947964646,-0.0010266695656715656,0.0013735942427992426,-0.0067960668406756184,-0.0006105462087840599,0.0016214074358568626,0.0003175803082687082,-0.00017113794015433334,-7.9987719705357e-10,1.4359845000854517e-09,0.014083559476855526,0.008595442048577349,0.0037752760349597458,0.0010947540009318944,5.020498990496169e-13,5.052878688377449e-13
14.9000,-0.0035738535878726122,0.0002558794884201542,0.2664889756531327,-0.07254009451380304,-0.09557388407711291,0.0115551150309118,-0.0008537988510403084,0.000747902572648064,0.00824637212592597,0.00022401581084118618,0.002598423634066372,-0.00013610394954202345,-0.00014340747388903486,-7.998701596521025e-10,1.4359915918438761e-09,0.025868558739392963,0.030412863713999323,-0.019787742094409533,0.0011153167952246844,4.954339889728931e-13,4.985969319706851e-13
14.9200,-0.003593634824256407,0.000284691224934806,0.2665724384216509,-0.07266531880044388,-0.09562531442385942,0.011575599114281179,-0.0004878137577351774,0.0013431243726049174,0.0020030777630256702,-0.0006416990679986373,0.0013094054744489756,0.0003433109038510518,-0.00013950969485443957,-7.998655587168472e-10,1.4359962391310513e-09,0.018625555421003255,0.016824984198618956,-0.01198641266445855,0.0007364892557717471,4.868992036811959e-13,4.900900648849293e-13
14.9400,-0.0036060152315353752,0.0003177292030350769,0.26662651148162825,-0.07289069378543157,-0.09560142214713152,0.011600716938157772,-0.0002680626298537335,0.001670023279509307,0.00016913351198961224,-0.0009470945984724375,0.0006997887237249025,0.0004286535093320454,-0.00012881761229998587,-7.998613121410209e-10,1.4360005321274538e-09,-0.04669812186893736,-0.07591897757351797,0.02762569557106503,0.00016750783907579117,4.703029415561999e-13,4.735238351601112e-13
14.9600,-0.0036140903576945826,0.0003547628211562419,0.26666165605105874,-0.07320767230846863,-0.09553205796903472,0.011631282881057522,-0.00017666055942499565,0.0018617131668875035,0.00036396980580350174,-0.0008267965144055282,0.0005814516207177554,0.0002693080574551449,-0.00011068588662200432,-7.998566502070047e-10,1.4360052438016607e-09,0.0022537124442103228,-0.012960191417613141,-0.0036829140265820185,0.0009161598681748586,4.3749774853232837e-13,4.407084506358183e-13
14.9800,-0.0035977630715936333,0.0003937486373379072,0.2664555346238525,-0.07357806851831494,-0.09510985719252758,0.01165261793099897,-0.0001509442932999405,0.003042522765985667,-0.014664155708834059,-0.0014121697295793345,-0.0006274347841170992,0.0006813089029782554,-9.691633216972942e-05,-7.998551500033842e-10,1.4360067868109922e-09,-0.05334748293825044,-0.09860093102041197,0.04114271315805326,0.0005654249129459572,-9.425695900872055e-14,-9.254389247113914e-14
15.0000,-0.003578223030899158,0.0004372616300413821,0.26617594864699073,-0.0739930142081078,-0.09455976305974974,0.011674469409220928,-0.00035737084479954887,0.003387223572104433,-0.016047524591978085,-0.000871554333433547,-0.0004517761426847134,0.00048796709139444557,-6.310399703236143e-05,-7.998533223748002e-10,1.4360086627168358e-09,-0.04751421602272712,-0.09482228692663724,0.03823676593613482,0.0010223488086010953,-1.530325616661693e-13,-1.51291631132755e-13
15.0200,-0.003562390127229069,0.00048431158438925245,0.2658871514921326,-0.07443259738955631,-0.0939680002899176,0.01169881737528124,-0.0005716843112788042,0.0035946993769554922,-0.01669355913015154,-0.0003153882241592727,-0.0003234678827130779,0.00031670487540906626,-2.316323735129764e-05,-7.998524117995827e-10,1.4360096253458467e-09,-0.013508009248787176,-0.04904799485247187,0.017898970722528707,0.001465296567355484,-2.182886575489984e-13,-2.165336052822875e-13
15.0400,-0.0035566658288895612,0.0005333383225721057,0.26565463106772064,-0.07487820167582598,-0.09343021905510059,0.011727816938842226,-0.0008123898925273924,0.003328777303239299,-0.011747711580030887,0.0002484349668097991,-0.00012022010607486155,8.049953290433842e-05,1.5469826936941822e-05,-7.998525070036195e-10,1.4360095806236457e-09,-0.007053738243677504,-0.036806059213764813,0.010663346304537658,0.001414826052485033,2.1769448765342203e-13,2.210235846341474e-13
15.0600,-0.0035696081448242873,0.0005827242482012651,0.2655682652784977,-0.07531698297869588,-0.09308572449700489,0.011765626006989532,-0.0011022225313891646,0.0023647758913766742,0.0019693508756875103,0.001295461967288389,0.0008534187210563202,-0.000538437566919843,5.4709843266306264e-05,-7.998518691461225e-10,1.43601027173756e-09,0.09140797756948625,0.10638281202998207,-0.06330067137400601,0.002443672850247367,1.67957363511953e-13,1.712112710720165e-13
15.0800,-0.003613063501570195,0.0006289161050535057,0.26578293008910225,-0.07575439483062764,-0.09319449219384095,0.011820979335834581,-0.0011297652320655706,0.0012913929903982982,0.012698875162939865,0.0014502489322234572,0.0008298244209827746,-0.0008753777847928635,7.845476057369707e-05,-7.998531664694553e-10,1.4360090250245133e-09,-0.04635437619628974,-0.07045966978481795,0.015688091313491845,0.0001918820338786339,1.5219523232835874e-13,1.5542954293415456e-13
15.1000,-0.0036713353523115905,0.000667703680691733,0.26615510586851165,-0.07617347542868037,-0.09360387962361393,0.011884710034778433,-0.0011456357297059665,0.00023535520654086313,0.02163616536089178,0.0013838510004328935,0.0006791082448265353,-0.0011358261009546359,8.661923908870682e-05,-7.998538172082768e-10,1.4360084272953174e-09,-0.017931646436001047,-0.023364190428675102,-0.00845374793845587,0.00010095671808383457,-3.6385125598212276e-13,-3.6225606932574483e-13
15.1200,-0.0037381240429009335,0.0006963312411708637,0.26663486648342716,-0.07657260085457261,-0.09429087866509901,0.011954071396882787,-0.0009891712203325992,-0.0002616374049470471,0.020147526697779278,0.00043677230417136343,-0.0005179430968806607,-0.0009255529880353943,7.657852391097218e-05,-7.998560426464267e-10,1.4360062491528046e-09,-0.104438040631969,-0.13877879975628515,0.05529609157654506,-0.0014993938489898091,1.4690532861363903e-13,1.5009407562313615e-13
15.1400,-0.0037859174477298655,0.0007141135412321785,0.26691809713167025,-0.07691884416500665,-0.0948369463068262,0.012009853937312265,-0.001067918883397238,-0.00041647755621273993,0.016340054317989815,5.290548871016982e-05,-0.0010113800153114293,-0.0007783442698918609,6.83748753077122e-05,-7.998578838797559e-10,1.4360044572864803e-09,-0.02349591775337952,-0.03099827575577416,0.011069869618003972,-0.00026433532671145757,1.3535534997520526e-13,1.3853501679150781e-13
15.1600,-0.0038287683898630288,0.0007239933080224325,0.2671312212328785,-0.07722023034310722,-0.09540206276251256,0.012059992758990284,-0.0011653053562957736,-0.0005251439849817664,0.01286640536165345,7.441482385017627e-05,-0.0010029871785509055,-0.0006892158661313077,6.992332133393784e-05,-7.998594233598471e-10,1.4360029688459248e-09,0.10648047987778264,0.14619984475870276,-0.06054446053322416,0.0014865203710841773,1.1848268405886125e-13,1.2163428359142359e-13
15.1800,-0.0038993744187347315,0.0007279561683315764,0.2676339052660456,-0.07751639495361913,-0.09648044952858413,0.012127181279115011,-0.0010023391188284207,-0.001653663065720084,0.022175707900073748,0.0004036414083917148,-0.0004424112797498601,-0.0008785085713407156,8.0354092080099e-05,-7.99861061566697e-10,1.4360013800896578e-09,-0.07694670450981796,-0.0995836672052431,0.056450605550279614,-0.0008273836720564646,-3.8623249563884965e-13,-3.8470908316629027e-13
15.2000,-0.003946363853586696,0.0007214847780470046,0.26794764928589654,-0.07776157018351046,-0.09737455293490518,0.012177960675679273,-0.0007697880508930052,-0.0015421897749362502,0.014729179624603897,-9.782188259103847e-05,-0.0010485679631727694,-0.00029270643733530545,7.535167184571469e-05,-7.998630678628135e-10,1.4359994219940528e-09,-0.010492249611346099,-0.011707028343559755,0.021358186772505994,4.225701023264225e-05,-3.903947477790215e-13,-3.888755094848262e-13
15.2200,-0.003971915452617075,0.0007076488008408308,0.2680901654402157,-0.07795418206454402,-0.09805507153697045,0.012212369766823692,-0.0005421950890491382,-0.0012722749213071375,0.006952380681247025,-0.00021969359160185645,-0.0012304881974080034,0.00020900416581807996,7.857367974209511e-05,-7.998651257987208e-10,1.435997412702828e-09,0.09134074139557122,0.12473090323517129,-0.03610616832396484,0.0014518139313396908,1.2660900973460176e-13,1.2974728713296968e-13
15.2400,-0.0039958440754676045,0.0006894257507062207,0.2682795670463679,-0.07811461515943009,-0.09877773739294368,0.012243364811840247,-0.00014978665910377615,-0.0015613964995398627,0.007265771608529326,-6.573321845798133e-05,-0.0010255013708646212,0.000485804268716597,9.02081459665921e-05,-7.998683404971666e-10,1.435994243008449e-09,-0.1104215749389187,-0.154555584589932,0.09249696086606636,-0.0008824111543562847,-3.933847063201934e-13,-3.918239972929005e-13
15.2600,-0.00397065493407498,0.0006644207694312437,0.2680586128013857,-0.07818823452957688,-0.09883667715320064,0.012237900738960304,0.00022042827664646466,1.6576196522277013e-05,-0.01721299093152855,-0.0009353044240810762,-0.002365160624103456,0.0016366712080519805,8.679940713193287e-05,-7.998726563788979e-10,1.4359899704327474e-09,-0.0011920715278332908,-0.014268562763276193,0.03631739104897874,0.00039595786038135086,1.198816572270736e-13,1.2314845324046253e-13
15.2800,-0.003935252332109818,0.0006406939023494334,0.267771153272749,-0.07819400524640115,-0.09863991211255828,0.012218447577523021,0.0003728045856330954,-0.00048020807749618404,-0.008226947334664432,0.0006174389336652531,-0.0004822241767040193,0.0012149452994232627,0.00011922416882381443,-7.998748452398205e-10,1.4359878337510467e-09,0.03448859274800748,0.0380732698166674,-0.00693208789078445,0.0013457736901412057,-4.330661263624025e-13,-4.3144481043366767e-13
15.3000,-0.00391253064457153,0.0006180117131462951,0.2676937064826279,-0.07815681403775346,-0.09855814774261593,0.012201780796378448,0.0008565161435295538,-0.000954895335998511,-0.0026313123879550837,0.0013691142634309481,0.0004691804146812164,0.0009550977873182761,0.0001392225728163254,-7.998770931523428e-10,1.4359856405913303e-09,0.03824275897836258,0.053611741692031215,-0.02311146728688355,0.0007037356726688926,-4.3395598529546997e-13,-4.3236990593734093e-13
15.3200,-0.003879494381787362,0.0005926526935902723,0.26762196190103493,-0.07805783706219885,-0.09831618590174426,0.012174007532029588,0.001411493961174035,-0.0008000883109526519,-0.007162489430421676,0.0008671935553900624,-0.00016836736422928017,0.001231181766353736,0.0001305000304715385,-7.998809435302178e-10,1.4359818337033522e-09,-0.043752023077491514,-0.05700371700716938,0.023054189417638118,-0.0009571792383969009,-4.1949001780908213e-13,-4.178600282629674e-13
15.3400,-0.0038161160914551204,0.0005648862367505903,0.26731161212484145,-0.07786908235702364,-0.0975791601531596,0.012120644087939413,0.0016337009962149914,-0.00036638650328329797,-0.012895341042951031,0.0006376977585911655,-0.0004661888794994244,0.001279472318243049,0.00011517149262172897,-7.99884474894221e-10,1.435978353520766e-09,0.08011117353745578,0.1132917538971718,-0.06300705109056697,0.00033442963109442994,1.0318135235110049e-13,1.0644223946264936e-13
15.3600,-0.0037602928708501747,0.0005390962144789791,0.2670958442346676,-0.07762482842513509,-0.09684515109089539,0.01206673463575996,0.0017067039553272042,-0.0006906425906290048,-0.007484571908142203,0.001108835027953574,0.0002675214101687986,0.0006636106457568628,0.00010679468803717951,-7.998870930043225e-10,1.4359757832066604e-09,0.036804373597100974,0.05898320440917867,-0.04846917081696425,-0.00037017671386023574,-4.0728461185232656e-13,-4.056351066671071e-13
15.3800,-0.003714830502214606,0.0005143504350282902,0.2669868504461712,-0.07733321407861556,-0.09618722336152874,0.012015395357599155,0.001691741454251015,-0.0010554269843165535,-0.0022748856971752636,0.0011901552485634067,0.0006096111184535644,5.6966635644980183e-05,8.430397608533061e-05,-7.998891235722022e-10,1.4359738067137704e-09,0.05539840778079159,0.0918756062206027,-0.06688275615344001,-0.0006858425135637359,1.346039707646185e-13,1.3783036669455517e-13
15.4000,-0.0036665943717326815,0.0004885721512391038,0.2668313747140228,-0.0769903265951849,-0.09545749202082715,0.011959337768679251,0.0015946377317915775,-0.00044689549104129855,-0.011673555496079216,5.883544328995118e-05,-0.0006454938985985428,0.0001854394509714134,3.989608828589911e-05,-7.998927277781656e-10,1.4359702471596707e-09,0.0036112436115315508,0.018303683714881783,-0.02508366424615884,-0.0016921043814187627,1.6374079284293963e-13,1.6702896119165367e-13
15.4200,-0.003641787526870352,0.00046583454491030507,0.2668288494865503,-0.076626278241232,-0.09498837359783505,0.011915636144267227,0.001085619181719174,-0.0015118881527456818,0.005470023125359467,0.001028899469479441,0.0010208267353558286,-0.0010393065901125823,1.9860704192594755e-05,-7.998918011637759e-10,1.4359712306864344e-09,0.07278364858018999,0.12241233481035521,-0.08288120769481326,-0.000742375235634103,1.894801860986145e-13,1.9266839100702537e-13
15.4400,-0.0036368503262906456,0.0004429258822521714,0.26696221934568637,-0.07626128853982007,-0.09483134180486216,0.01188505180560074,0.0008043987237183695,-0.0014074678791265022,0.0025500056799406035,-4.41838858288585e-05,1.0999085278489952e-05,-0.001020557969591217,-2.618412567103472e-05,-7.998937673904636e-10,1.435969306210583e-09,-0.13822547997337584,-0.16718638180163034,0.0609640920658734,-0.0035214197999674664,-2.66776509737221e-13,-2.6512814296428266e-13
15.4600,-0.0036203290837269887,0.0004195390522785233,0.26686951907430595,-0.07587274092924731,-0.0945083877878321,0.01184666546615721,0.0001913318742516091,-0.0007880948170222712,-0.004487727314976921,-0.0005466564146383193,-0.00030536992865636643,-0.0010449981533404865,-6.849163279864433e-05,-7.998930079812722e-10,1.435970119454776e-09,0.07692970461229975,0.12168172977391423,-0.0626897614408601,-0.0005176814819793848,2.627099926488796e-13,2.65926549444101e-13
15.4800,-0.0036302408796143586,0.0004003109729515984,0.26691316503435153,-0.0755104943404057,-0.09453891351680277,0.011825694618679867,-0.00042919673694632413,-0.0011348159963191792,0.002691516871728207,-0.0004812804753257292,0.00010185302823242656,-0.0013345742406332924,-8.971017965892216e-05,-7.99892695591293e-10,1.4359704769773543e-09,-0.09322127044759926,-0.11140993567203336,0.050652623970231445,-0.0021210747417104185,-2.0175877570201284e-13,-2.0011984148797513e-13
15.5000,-0.003636794252993222,0.00038296989838845194,0.26681180458133835,-0.07515920263689504,-0.09452035363887491,0.011803591574407335,-0.0009712029424242862,-0.00040045782851997616,-0.005329168362133301,-0.0009825876892743492,-0.0003288936783576059,-0.0009490268496195966,-0.0001146063053619092,-7.998911432919883e-10,1.4359720813298288e-09,0.05765908776261042,0.08785860256208225,-0.026390026060862305,-1.597102539295915e-06,3.199181913306204e-13,3.231445059453941e-13
15.5200,-0.0036442770295099978,0.0003701914928190808,0.2666056213679812,-0.07482813067494315,-0.09446617088507041,0.011782539369220817,-0.0014870184301930072,0.00025011790414949454,-0.010777033835789901,-0.001024939067559401,-0.000292658368428898,-0.0006298660829924639,-0.00012136788166900102,-7.998903666533336e-10,1.4359729024204474e-09,0.030649041322848784,0.04430110880625566,-0.0005554198384099788,0.0002979763533678702,-1.6464477350930373e-13,-1.6297550873949074e-13
15.5400,-0.003667323337017595,0.0003638323154114002,0.26647065837910333,-0.07453915647544986,-0.09457371578261893,0.011772187502726053,-0.0018535456804471939,0.00029531715529868945,-0.007240409461929782,-0.0005266605727218325,0.0004313247857256449,-0.0005275155670657654,-0.00011238948443748536,-7.998881808154514e-10,1.4359751406072154e-09,-0.0009149655835069517,0.00015300174733941387,0.020524124688421522,0.00032296372997399824,-1.4796939173077062e-13,-1.4630671348915547e-13
15.5600,-0.0036812654071861593,0.0003617062026957868,0.2662046807575544,-0.07427484542136184,-0.09450533062384579,0.011757222418680765,-0.0019771310338788637,0.0011099482857291768,-0.015510056556855547,-0.0009721303307939127,-0.00020631626439747164,0.00023370544852825966,-0.00011011501478554398,-7.998874203515752e-10,1.4359759443349593e-09,0.005538119592707329,0.0026565781370640603,0.027201466784517566,0.0004934385425396614,3.5157635266611087e-13,3.5487308621198754e-13
15.5800,-0.003693633186699002,0.0003662636032182072,0.26589230015192444,-0.0740392357133972,-0.0943135333219392,0.011741495811993616,-0.002135788612371704,0.0011437120494309436,-0.010356828532967561,-0.0002378421693078633,0.0006437880443912953,0.00034282798899264085,-8.828943842119339e-05,-7.998853974583294e-10,1.4359780174612161e-09,0.028165574855572896,0.03164229251595533,0.004283767656363135,0.0011792848177741258,3.4484828187464345e-13,3.4813748021542135e-13
15.6000,-0.003731071233049643,0.000377959064014618,0.26585319525381496,-0.07386537064835282,-0.09441485249831079,0.011743310521409867,-0.001986598849673292,0.0005589057662185146,0.0015719981893406974,0.0006630496852487805,0.0018070309304174057,0.00010129824224336696,-6.269969532613364e-05,-7.998815492110063e-10,1.4359819230196014e-09,0.08488180199437986,0.11640897513998102,-0.043891840320488186,0.001483194683138772,3.477300912491099e-13,3.509424738659672e-13
15.6200,-0.003810363155513354,0.00039419123228428014,0.2663249958046059,-0.07379070804305016,-0.09516177718099637,0.011776846933965237,-0.0015437355852324088,-0.0012447357050288834,0.028475519696264613,0.0014666717960978043,0.0030760673666963057,-0.0005331254527196257,-4.722869454208615e-05,-7.998766165612045e-10,1.4359869091426199e-09,0.003292452367160542,0.020112385396512247,-0.01679701713472219,-4.82306853362217e-06,3.7933816244423157e-13,3.824436427268818e-13
15.6400,-0.00387645962698599,0.0004068147620348661,0.2668126628042618,-0.07378828523670065,-0.09590680489828789,0.011811304998412242,-0.0007842526544193228,-0.0010864719009172521,0.02312840013670767,0.00010549372630733176,0.0015488599687541553,5.881645109071546e-06,-7.024483525821676e-05,-7.998735024709064e-10,1.4359900697320452e-09,-0.04965299163393157,-0.0525332488630271,0.014917792682093216,-0.001112987759148676,-7.802299659218775e-14,-7.649923175392231e-14
15.6600,-0.003920672764783798,0.00041712131819556577,0.2671910451172528,-0.0738582533455843,-0.09649842124872494,0.011841682104197105,-0.0002701750566658571,-0.0008573941024207245,0.018933225848964938,-0.0007198322677779837,0.0006655124986318923,0.00021930902955487455,-9.019961639703061e-05,-7.998695244202974e-10,1.4359940974215362e-09,-0.027311160553309715,-0.02869107376717406,0.002252463619987759,-0.0006470060831745478,-6.443559878374638e-14,-6.291367708917417e-14
15.6800,-0.003958304715766883,0.00042768562508893837,0.26758401600116505,-0.07402012064492937,-0.09712882789863896,0.011877938661811615,0.00013213874791001692,-0.0009066451700375439,0.01968669907029762,-0.0008146339567754331,0.000666659380458466,1.3709536679729192e-05,-9.525502008402554e-05,-7.998652519850339e-10,1.435998416005628e-09,-0.06182002565576845,-0.07920245663257841,0.025092076074339296,-0.0007183931666447299,-5.870857185813483e-14,-5.720357726998054e-14
15.7000,-0.003997419599143688,0.0004391181581535236,0.268063257800895,-0.0742868415735161,-0.09791940778774602,0.011925905818219387,0.0004920366078673704,-0.0013029053817148527,0.025636264649517404,-0.0005931785362440512,0.0010483779495982556,-0.00036603723915520204,-9.155235552279291e-05,-7.998595167973929e-10,1.4360042030051762e-09,-0.018821244263096826,-0.021916155941465787,-0.0015699956894503892,1.858365854396141e-05,-6.382211653697262e-14,-6.237938225857331e-14
15.7200,-0.004023124362252411,0.0004497762841656038,0.2684798851637543,-0.07464639172037749,-0.09867514296186893,0.0119765940165596,0.000832089959101527,-0.001216600086878012,0.024199494523103892,-0.0008875475565774606,0.0006408564210750289,-0.0003023869927493848,-8.920556329793722e-05,-7.998548380821936e-10,1.4360089301467744e-09,0.008375881777952163,0.009427309732138775,-0.011304605578921207,0.0005817147846498772,4.305241601589016e-13,4.335726656173877e-13
15.7400,-0.004055675771918367,0.0004606495360061787,0.2690378095592573,-0.07512067091037017,-0.09969769415594025,0.012043614654477295,0.0012789298669649198,-0.001410235565718523,0.02555005321004484,-0.0009613767590439825,0.0005091359598472663,-0.0003941706041660851,-7.732735499896877e-05,-7.998504122700194e-10,1.4360134032931013e-09,-0.13042261822004908,-0.182627482276767,0.08111301437402876,-0.0007683781029175583,-8.66312094760166e-14,-8.521155515136408e-14
15.7600,-0.004046326667711492,0.00046851723063167343,0.26924083546605515,-0.07565118853443481,-0.10027051917883412,0.01209402303720365,0.0015175460607320733,-0.00036111122836669427,0.01030603901589036,-0.0016291463360906498,-0.0006510010104410035,0.00024433167400504197,-6.940450924175543e-05,-7.998469163396539e-10,1.4360169460459303e-09,0.04337544801818105,0.042265462765990254,-0.01309588021117583,0.0015456455218115313,3.862053363744289e-13,3.8927856164244767e-13
15.7800,-0.004012550627428124,0.00047697450863143034,0.269228799105573,-0.07623121759525193,-0.10054727471784927,0.012135390195354473,0.0016425771912155658,0.0007447794092479052,-0.004370604469887745,-0.0017179930857293374,-0.001244449805856248,0.0007167125818506628,-4.295372457430577e-05,-7.998454015291331e-10,1.4360185051624542e-09,0.042711223435917656,0.029595054332981104,0.00025980197765970237,0.0020666825694629727,3.342856590496379e-13,3.374231775064851e-13
15.8000,-0.003974575869748309,0.0004887023875696571,0.2691864511211758,-0.07685160674301504,-0.10073599307757482,0.012177110777654031,0.0017140773460702907,0.0006099716462485358,0.00011703052708538167,-0.0004908363691389269,-0.000177663624051973,0.00043618404958455174,9.696254443321034e-06,-7.998436130434865e-10,1.4360203432219978e-09,-0.002896191706484492,-0.03500519769840827,0.022383462401163946,0.0021732270116564044,-2.5417141264957865e-13,-2.526726657764433e-13
15.8200,-0.003903297125279257,0.0004998526668797186,0.2688466704483228,-0.0774542362542253,-0.10041282214797793,0.012197049492169345,0.0018450807503351014,0.0021744519234063973,-0.021261263239116944,-0.0008473354277489849,-0.0013978584197066853,0.0013064329130997555,4.5597559188363166e-05,-7.998451710908516e-10,1.4360188295869142e-09,0.09881130897162685,0.09619739920936475,-0.029485223998695465,0.003204472821626055,1.9799933177397366e-13,2.0121437068615355e-13
15.8400,-0.0038426061657900355,0.0005145968665897194,0.26862265219723636,-0.07804703653071862,-0.10011830811950932,0.012220072215024028,0.0019686527691340537,0.0016652818309292772,-0.01257155858768893,0.000470006041796381,-0.0003200400868562512,0.0009283355401632356,0.00010562142625559711,-7.998461812609893e-10,1.436017870460771e-09,0.06333691190077281,0.053290959917481937,-0.01970606636154105,0.002795894486733346,1.312837100315989e-13,1.3449026506177908e-13
15.8600,-0.003773469710728595,0.0005283228821202715,0.2683527643139644,-0.07858373277222061,-0.09961122302511818,0.012231772729800756,0.0021439887999375245,0.001597299728418088,-0.012110011104508147,0.0008972962163029452,-0.00039172536357132197,0.000987345345041175,0.00014817122375587386,-7.998495246496656e-10,1.4360145754397498e-09,0.04208702235225585,0.027992560939814996,-0.014894339934168829,0.0021503082873440323,7.048818451670102e-14,7.372226472953519e-14
15.8800,-0.0037128009881839744,0.0005401060101638671,0.2682074496455517,-0.07905853756333998,-0.09914623097858825,0.012242190836759563,0.002382093490430199,0.00124204614448452,-0.009883807067204903,0.0011460934970447354,-0.000564056276804393,0.0008657059663217133,0.00018056197180592648,-7.998544873532873e-10,1.4360096625631389e-09,-0.09637282353444833,-0.15660058031439908,0.06220220203019212,-0.0001482551196622483,-5.089725299209369e-13,-5.073280120657109e-13
15.9000,-0.003625883847858019,0.0005461185862221871,0.2678172285397595,-0.07940814635126886,-0.09821795038551069,0.012225327369992177,0.002376818059477779,0.001716572764386452,-0.0186554170969375,0.0009313026667951198,-0.0013031051554066595,0.0010272341540108205,0.00019186254991677558,-7.998604021377168e-10,1.4360037924572899e-09,-0.04588531147822406,-0.08621038543782647,0.02514585884106282,0.00014677329195352136,-5.567293587943611e-13,-5.550325823944213e-13
15.9200,-0.003549629552922446,0.0005494351066168375,0.26750680932254806,-0.07964596544704979,-0.09731225638340729,0.012204054446298407,0.002269628344244958,0.0015115420719342967,-0.018635362043359374,0.0012587045354943574,-0.001166813951434896,0.0006282212909261974,0.0002050316040984059,-7.998660159898227e-10,1.4359982265926296e-09,-0.03161253819296274,-0.058272405130978824,0.010902812391865881,-0.00021603334830983206,-5.198734509288122e-14,-4.866775520995584e-14
15.9400,-0.003466858607086443,0.0005481691643214834,0.26707071293876283,-0.07973199771226372,-0.0961702312737594,0.012164804097474623,0.0019040831442199758,0.001449178566944555,-0.019743865972562107,0.001352163811990623,-0.0013032313906829263,0.00038013143505333935,0.00020590865784797088,-7.998733243505398e-10,1.4359909673322099e-09,0.008136065082638042,0.0013505445600438205,-0.01936428809943082,5.74703808836252e-06,-6.182273660018667e-13,-6.164906909619794e-13
15.9600,-0.0034130441741974903,0.0005441829867618477,0.266840691329889,-0.07969311099232293,-0.09530743036444134,0.012131694883089952,0.0014788211549198224,0.0004991672202742279,-0.00993519507673897,0.00183292799550856,-0.0006818651645986375,-0.0003603011380381802,0.00020447359798342953,-7.998805464099569e-10,1.435983798867739e-09,-0.08848864411364035,-0.12026921588667092,0.03266164044316228,-0.00173462213108066,-6.169426948476886e-13,-6.152082966323635e-13
15.9800,-0.003365459345684273,0.0005338148323166749,0.2665818434759039,-0.07950466393254639,-0.09444801048301989,0.012089903808520817,0.0010135166933687993,0.0005188050383518316,-0.014473158088514432,0.0012943871275914165,-0.0012981092560218033,-0.00044350629272255093,0.00017752640396953665,-7.998880586337103e-10,1.4359763356335123e-09,-0.06719560523889857,-0.0850363700910579,0.022708414211828128,-0.0020396372085748895,-6.055384058761826e-13,-6.037816730961043e-13
16.0000,-0.003330627090323284,0.0005186972575938645,0.26632203583244796,-0.07917238008481854,-0.0936681175111349,0.012043615223471903,0.0003304783929073239,0.00011128110954947995,-0.01174630109531338,0.0012808182778580016,-0.0010868900540575638,-0.0008176528240010886,0.0001505940099807152,-7.99894747071139e-10,1.4359696980309086e-09,-0.05168421998950937,-0.057248303732785284,0.011959234659489124,-0.0020104184135530884,-5.828733763008076e-13,-5.811181614037708e-13
16.0200,-0.0033107441552027357,0.0004995483815749594,0.2660688556596532,-0.07870557781866201,-0.09300597492727604,0.011994904971452149,-0.0004247731449615339,-0.00025162323217360697,-0.009041876992945905,0.0012817519790476047,-0.0007566892198013917,-0.0011193450449107217,0.000119505220514602,-7.999003568355959e-10,1.4359641408321577e-09,0.046457017083860935,0.08460516907509712,-0.0463490046622955,-0.0009849950118729386,-3.208350062402013e-14,-2.8769189450422034e-14
16.0400,-0.0033190717458169887,0.0004774405540045934,0.26596297870713403,-0.07813583245580827,-0.09268265235273233,0.011954403107175661,-0.0010619048965237567,-0.0006781867013208448,-0.006299091286225697,0.0009708487203976897,-0.0006982513052293176,-0.001243435437302025,8.149958281447925e-05,-7.999061382909147e-10,1.4359584082097353e-09,-0.0572173440529634,-0.05275475749749677,0.024105218395083654,-0.002567568923014796,-4.937936995061398e-13,-4.920530129182143e-13
16.0600,-0.003338311760530589,0.00045183471073868733,0.26583851332456493,-0.07746653630595413,-0.09247211655708465,0.011911918657820049,-0.0017060859442078855,-0.0008657521114938463,-0.005544596002348033,0.000677181377444787,-0.0005584555175831684,-0.0012122616914074826,3.964265491537612e-05,-7.9991030832764e-10,1.4359542886555028e-09,-0.030694816528777355,-0.01355165507964902,0.011617715380906252,-0.0022184682491128843,-4.3506740094248486e-13,-4.3333777321671874e-13
16.0800,-0.003376484775930137,0.0004246501583144917,0.26579359009608733,-0.07673284747560738,-0.09250565031814491,0.01187477694317337,-0.002219386861571731,-0.001090241620562064,-0.003863442784491809,0.00033530297345116386,-0.00041440912151489626,-0.0010904541393940757,-2.2738707594581045e-06,-7.999132237635852e-10,1.4359514232841237e-09,-0.031875506691239106,-0.012616904313567611,0.019753529090692442,-0.0023095002950150774,-3.6581886608474945e-13,-3.6410154405364104e-13
16.1000,-0.0034197310435708497,0.0003961814170993079,0.2657149967075146,-0.07595043128502975,-0.09260437104204908,0.011835936129145824,-0.0025983489751376905,-0.0009257079300746231,-0.006653710621858218,-7.898963883598314e-05,-0.00044689474558110573,-0.0008120334745215607,-3.8748430349054395e-05,-7.999153700711308e-10,1.435949317058421e-09,-0.10509449894465518,-0.11380069479307342,0.06957660952554764,-0.002999665887415452,-3.0051118928356435e-13,-2.9877446003356845e-13
16.1200,-0.0034679455874063693,0.00036952843173430384,0.26561216548984623,-0.07514431964737991,-0.09273852120591156,0.011796671786052093,-0.002978703253652656,-0.0010772900961841185,-0.002260616275324487,-5.864480457452806e-05,0.00022408776587733923,-0.0006015709572925694,-7.580853941777647e-05,-7.999155183063959e-10,1.4359492273064035e-09,-0.028731459876582526,-0.01080755183210225,0.02419294673106849,-0.0016955297091054329,-2.270128800652832e-13,-2.25302524033133e-13
16.1400,-0.0035387647365147834,0.0003468705900761274,0.265709725364314,-0.07436617888490867,-0.09319055359255511,0.011771358014203329,-0.003103877288729737,-0.001763276295120491,0.009805899879232974,0.0002836213756505498,0.0012960319207624446,-0.0006973163576309839,-9.956909467910423e-05,-7.999134461965511e-10,1.4359513517123334e-09,-0.0587828239214028,-0.047398512810500996,0.03829614739011242,-0.002039265450957156,-1.5132179905820442e-13,-1.496654091891897e-13
16.1600,-0.003598460007725448,0.00032557896257899647,0.2657234622110359,-0.07361981599368196,-0.09353759708847476,0.011741848977525187,-0.002861559733446045,-0.0008507834136639832,-0.0022614117548969866,-0.0009300994232491806,0.00024504726824436886,0.0002078796441841019,-0.00014199680717808089,-7.999122846525591e-10,1.4359525576781344e-09,-0.0957125914972632,-0.1042350228079674,0.07147911956630418,-0.002419131000765341,-7.845692140667077e-14,-7.675331453304429e-14
16.1800,-0.0036352127951689,0.0003090661211111737,0.26552132583573457,-0.07291223708062969,-0.09354089040302681,0.01170145754687444,-0.002787274287574102,-1.412211981986062e-05,-0.009150219904874348,-0.0011065187679061513,0.00039426558200208377,0.0006490484376393236,-0.0001655715463628342,-7.999085767759767e-10,1.4359563155909454e-09,0.10272630384269558,0.15549977299549858,-0.0494699439361515,0.00037263715785818387,4.4059580203009707e-13,4.4385485955047987e-13
16.2000,-0.0037047130015544372,0.0003027861550150137,0.26568810872884663,-0.0723220041344256,-0.09399212365752509,0.011687591507908103,-0.0025748653820503583,-0.000960095163534067,0.010472868420935732,-5.777960133860363e-05,0.002215303156064288,5.159876247016639e-05,-0.00016648657063067092,-7.999025363556028e-10,1.4359624092580172e-09,-0.0005855100881920774,0.021552276505815995,-0.0014000228577014519,-0.0007152992614067756,2.0717111294706048e-14,2.2336268983491267e-14
16.2200,-0.0037684821852637957,0.00030147527328645683,0.2659005249422021,-0.0718458084636726,-0.09444597713740498,0.011680233177457262,-0.002043305037335841,-0.0007008557961959502,0.010134863177193008,-0.0007258446126242858,0.0017506361712600548,0.00039524163384337433,-0.00018981843110698607,-7.99897238378902e-10,1.4359677536274276e-09,-0.10456926238418096,-0.12156002863789382,0.05977813243594007,-0.0018971036709755644,7.815949764570368e-14,7.979013771312188e-14
16.2400,-0.0037974729147410118,0.0003049503805899533,0.26585130602351165,-0.07147120098454224,-0.09446315610539505,0.011662572360066674,-0.0015669887866551502,0.0007159438775816619,-0.00635832713724621,-0.001898901692619236,0.0004277881730512557,0.001132847448190589,-0.0002157366188879113,-7.99892058676586e-10,1.435972977425899e-09,-0.039036574273861535,-0.0461869095572634,0.029403262220686836,-0.0009003536703417295,5.759675505631612e-13,5.792248191499594e-13
16.2600,-0.00381223469189667,0.00031779196493036325,0.2657045234637818,-0.07121873434418151,-0.09425506482995176,0.011646717432070615,-0.0013415062904291216,0.0014036360403999167,-0.009086922056340138,-0.001869832164317396,0.0004994678096689051,0.0011590302085068953,-0.00021721811152778265,-7.998860449301323e-10,1.435979039051154e-09,-0.09675301540466924,-0.13354866683533007,0.0640852196131358,-0.0008857319800942803,1.1434019150328295e-13,1.1607023935739091e-13
16.2800,-0.003808413275638909,0.00034034015833276103,0.2654003968017342,-0.07108045309488446,-0.09372578569508823,0.011629416356620133,-0.0011824191013972156,0.002514945327966403,-0.017842318477959373,-0.0018318531968845502,0.00038567728692813475,0.0012455671527436237,-0.00020966538378540845,-7.998802133951163e-10,1.4359849176273305e-09,-0.03416618710100917,-0.05925475057641166,0.02800831861503407,0.00022254546791121454,9.856492792087446e-14,1.0032925011616012e-13
16.3000,-0.003813108923350396,0.00037515065468146,0.26518319933153695,-0.07106969239961752,-0.09321185524433469,0.011625783763402349,-0.0012463649481987344,0.002272880604202476,-0.004896465034037536,-0.0004439602565568102,0.0019701162126641546,0.00042779188976120765,-0.00017945513210164597,-7.99873095266032e-10,1.4359920873445297e-09,0.02150360052962923,0.015982570013449608,-0.021770069810782312,0.0012645669117172177,7.348630167922088e-14,7.51937168129782e-14
16.3200,-0.0038197400359018274,0.0004184913642391087,0.26500615691003404,-0.07117499550022224,-0.09267488834519333,0.011632123425014473,-0.0011289500355502265,0.002782150031728402,-0.00688920784161628,-0.000626427204592481,0.0014316783155241108,0.0004423158515987505,-0.0001637733332216521,-7.99868136702111e-10,1.4359970930502658e-09,-0.006123506027446163,-0.023966782602528776,-0.0024023561290330807,0.0008013680222283482,5.133480446284366e-13,5.166435855519236e-13
16.3400,-0.0038285560041091127,0.0004687210925607288,0.2648546040332103,-0.07138461043476338,-0.09212716894742635,0.011647705740503153,-0.0010868973875871883,0.0032781193509540283,-0.009938809816323342,-0.0008519780462961316,0.0007811167325698125,0.00040261859864027774,-0.00014760279658905298,-7.998637508534252e-10,1.4360015279063535e-09,-0.061623557526587026,-0.10197376156230761,0.03142699684270539,0.0002102098151076958,1.69310976371774e-14,1.8708518349959402e-14
16.3600,-0.0038400200687417592,0.0005250781188182231,0.2646992684029895,-0.07167959807623855,-0.09155476903159707,0.011670898293108536,-0.0013435912766130269,0.003113894241333951,-0.002300153314679288,-0.00013038614326959147,0.0013551302630216706,-0.00017557557176881537,-0.00012100741916198739,-7.998588319852765e-10,1.4360064972854137e-09,0.03461556567946121,0.027108376227099516,-0.03586750108287237,0.0015829806843701392,-2.9387269392033497e-14,-2.7651017868619843e-14
16.3800,-0.0038589993870060254,0.0005850522647979051,0.26458657448239925,-0.07204958679709322,-0.09106291554019436,0.011703895371857845,-0.001470661443778246,0.003526747948418537,-0.006741064624474549,-0.0004182725815873833,0.0005522284962749345,-0.00021795981141747774,-0.00010139050142543652,-7.998556772020248e-10,1.436009702950151e-09,0.06718533963477033,0.06942125696896728,-0.046748530042123405,0.0017268963889240606,3.9070482960035235e-13,3.940070383672001e-13
16.4000,-0.0038929752595782746,0.0006479028617647024,0.26456685647686357,-0.07248205298296444,-0.09075267838562671,0.011749600925356514,-0.0018473328204224346,0.003032385138170709,0.0024934945070165257,0.00018092935904737953,0.0009670466940314589,-0.000747592902189303,-7.296410550219697e-05,-7.998528560462672e-10,1.4360125729057535e-09,0.03966784654622853,0.03460543349767564,-0.0364348002814674,0.00170119003004119,-1.1888370333740933e-13,-1.171540756116432e-13
16.4200,-0.003947499824951533,0.0007105609024441253,0.26471019724902434,-0.07297137226449765,-0.0907633179326149,0.011811400370225397,-0.0020533639744705562,0.002719392491758058,0.005393040036851972,3.01411468463785e-05,0.0004283476379243167,-0.0008981722243028281,-5.033496186229383e-05,-7.998510301438822e-10,1.436014450399438e-09,-0.021950063340782158,-0.04541053610937943,0.007102382404624274,0.0007549137124846751,3.174593292236405e-13,3.207373602820418e-13
16.4400,-0.0039995272748971,0.0007697400766058047,0.26477670223449246,-0.07348014709264727,-0.090781016015724,0.01187367911474817,-0.0023200267484785662,0.0027210202507236625,0.003156344755499725,-0.00023945757803010246,-0.00025677716812157127,-0.0007926138361929868,-3.351749426177874e-05,-7.998501301368439e-10,1.4360153972702204e-09,0.041244315380512514,0.038236606537019456,-0.02306046594864602,0.0014793801669726124,2.7677155272493037e-13,2.800489874721368e-13
16.4600,-0.004078195426021014,0.0008266304313650567,0.2650582159722845,-0.07402306156298469,-0.09122418049521168,0.011953778919036926,-0.002655465464523412,0.0015609323690837624,0.01732934229179705,0.00047464220637727063,0.00040869849228073975,-0.0012855283291774635,1.7642992628906042e-07,-7.998490345939167e-10,1.4360165468580507e-09,-0.0709156439715512,-0.107788504109975,0.04032208486131396,0.00044138300640495583,-2.3334817151471343e-13,-2.31665842108722e-13
16.4800,-0.004173848553603019,0.00087719655100892,0.2654988134937428,-0.07458857842564255,-0.09203070555725146,0.01204651194211428,-0.002710577930256297,0.0007220331180278731,0.023682820449000237,0.00048735817091864454,0.0002680439247917862,-0.0013209429361717036,2.1214837475736048e-05,-7.998479878616087e-10,1.436017643362936e-09,-0.03910927948107358,-0.059758653742892166,0.025132335274667066,0.0005395283604584487,2.279533170296971e-13,2.3114545217098326e-13
16.5000,-0.004246825093068157,0.0009173007084436626,0.26571938728878947,-0.0751314290671283,-0.09266127973327651,0.012126107685603005,-0.0025629766788744742,0.001472608122140386,0.005895370104540138,-0.0007610729507406065,-0.0016219490556940931,-0.00035223807143614655,2.4639368124784706e-05,-7.998500376996912e-10,1.436015637559589e-09,-0.013315258407127996,-0.03249964094947619,0.029473570817156427,0.0006770245767478987,2.0023696242765787e-13,2.034898128906032e-13
16.5200,-0.0042967395648806535,0.0009503075150345008,0.26568619728936055,-0.07562766965409845,-0.09300870645748048,0.012188579660323643,-0.0026637575817393825,0.0017561207456090158,-0.0014516779639785348,-0.00041448875222611177,-0.0015459701646778298,-2.1336546768754303e-05,5.2807582978023086e-05,-7.998517961185141e-10,1.4360139305839906e-09,0.0955378764958213,0.10987678241843561,-0.03230059571432568,0.0025746064860305918,1.4947678511623153e-13,1.5273698104889544e-13
16.5400,-0.004346077391098637,0.0009788548167195992,0.2656429539095336,-0.07607996598310775,-0.09334841222848764,0.01224615258208865,-0.002610530238587079,0.0016142763845410578,-0.002987376987685158,4.837193806378734e-05,-0.0013079092332782367,0.00023801845215185445,8.814014855743138e-05,-7.998547592375627e-10,1.436011012526377e-09,0.04147878269851704,0.03619899242168058,0.006045423592228557,0.0020218976849429395,1.1402519011459444e-13,1.173126130743149e-13
16.5600,-0.004407982307922913,0.00100291449404045,0.2657655062840486,-0.07649055927315214,-0.09387804445713276,0.012306818854569275,-0.0024084158483191733,0.0005268910049541467,0.008304991628914437,0.0010969467625092488,-0.000194565542564806,8.091637907022003e-05,0.0001312104244163513,-7.998568404633661e-10,1.4360089838042023e-09,0.011309665915400995,0.0034370113648208786,0.012790669115189134,0.0015384298217685512,-4.166891983369003e-13,-4.150223459169211e-13
16.5800,-0.004474972831857802,0.0010194181575060811,0.2660363378055983,-0.07685123070525958,-0.09455117115683749,0.012366728601818634,-0.0019254031664827493,-0.0005060461933992127,0.016679550752503377,0.0015285328240598715,0.00025042224611703315,0.00011452714164354941,0.00015809889835494563,-7.998587994852456e-10,1.4360070781735336e-09,0.07262399206626549,0.09737583652738918,-0.03620509811830569,0.001662405303168235,7.167594154918605e-14,7.486052793284625e-14
16.6000,-0.004553693823930407,0.0010268165042404032,0.26656480986258313,-0.077176366125277,-0.09552714104226616,0.012432216889153677,-0.0011909232110596257,-0.0018413051327964163,0.027158601515267278,0.0016015895248488836,0.00043451657917530426,4.947648299851538e-05,0.00016925817288894793,-7.998613230766209e-10,1.4360046050520813e-09,-0.05010816651832813,-0.06037514932995556,0.026994680857691102,-0.0004971099112203666,8.674881830667697e-14,8.990095994032554e-14
16.6200,-0.00458884259836598,0.00101998065095172,0.266814404652036,-0.07741603277930613,-0.09606132052015257,0.012467747901389614,-0.00038217406159313244,-0.0009367970221694198,0.005612368032713072,-7.409673372426866e-05,-0.0017399797246543803,0.0010987111437136396,0.00014384094304734793,-7.998661501597848e-10,1.4359998210356506e-09,-0.006261000247442066,-0.006201920124950574,0.010985624749699772,-0.0006002571976642846,9.100111343727374e-14,9.422141072999018e-14
16.6400,-0.004630804536457356,0.0010072211972358344,0.26723070353188183,-0.07761511687486876,-0.09677185869685895,0.012505122563108454,5.5185529566137206e-05,-0.002690689583460912,0.025793570276463017,0.0011983257827215413,0.00014445921712232375,0.00016136819754070572,0.00015370128739274213,-7.998669752317699e-10,1.4359990511201205e-09,-0.01651111469810009,-0.010801019388358103,-0.004891404121922774,-0.00047320052484379837,9.947439736073677e-14,1.0260589849552665e-13
16.6600,-0.004647230707796123,0.0009839297256861983,0.26752374077671476,-0.07775275710096495,-0.09727439930782296,0.012524988695337845,0.0007284740235608772,-0.0020916483112184275,0.010254496743168725,8.000462084462312e-05,-0.0011731838101617282,0.0006924287704085056,0.0001274558952369134,-7.99870510763026e-10,1.435995561078667e-09,0.01040158536333936,0.023565055462918354,-0.010620646227354003,-0.0007130982544348984,1.1319456927772614e-13,1.1636160513871924e-13
16.6800,-0.004639037839439893,0.0009539208660812707,0.26764655016653055,-0.07782483498201723,-0.09749952441326637,0.012526322935860952,0.0010444028471598696,-0.0019894731544548186,0.005599425254947771,1.6659277306918345e-05,-0.0011297603274039226,0.0006640723245364611,0.00011221585976016594,-7.99872883724554e-10,1.4359932373936667e-09,0.11022290805917652,0.15861510583522945,-0.0746217020170142,0.0006783291710630978,1.1325422750226716e-13,1.1641527314625727e-13
16.7000,-0.004646108312944748,0.0009213004886926122,0.26798460314100336,-0.0778768420790743,-0.09800274629424542,0.01253632246293202,0.0013861028554304356,-0.0030856901434483885,0.01775177108851831,0.0005846191031424726,-0.0001154637980362532,3.053615561575965e-05,0.00010734757337437088,-7.998744469181796e-10,1.4359917271477724e-09,-0.02125116368665441,-0.01574348234588745,0.001741062108082539,-0.0010359397478291457,1.39366410122424e-13,1.4249910387960363e-13
16.7200,-0.004633696105165616,0.0008826306574282116,0.26819924590044214,-0.077883107023852,-0.09832836680947246,0.012533051094685882,0.0016905063956155074,-0.002876571581978616,0.011609806228457534,0.00017293876101862288,-0.0004610186872297351,0.00013523595632883333,8.567038706486582e-05,-7.998758587410407e-10,1.435990362209174e-09,0.06638193180043593,0.10389865749791938,-0.051949525584046266,-8.29510559805118e-05,1.5078701633662595e-13,1.5390922043778676e-13
16.7400,-0.004612458706674555,0.0008405576075475847,0.26836954435027727,-0.07785885351206998,-0.09859813050063104,0.01252361937285577,0.0019207103735406853,-0.002580710517481115,0.005063774190280377,-0.0003243654127590635,-0.000937580930343346,0.0002825504209733771,6.423405444716156e-05,-7.998780250665366e-10,1.4359882394520449e-09,0.013721387278238696,0.028333140928764534,-0.011226273399610756,-0.000766405477522066,1.6996126728230365e-13,1.7311708165081152e-13
16.7600,-0.00459253460862152,0.0007972844054594866,0.2685774671863446,-0.0778194360795139,-0.0989344952915771,0.012514928514633483,0.002035920251111076,-0.0029714482632893172,0.00971441036034771,-8.691685164110271e-06,-0.00028155328980806186,-8.238652177813645e-05,5.267916492960749e-05,-7.998785252409555e-10,1.4359877920617915e-09,-0.015231092437812616,-0.010118635923161774,0.0029016551722309434,-0.0009108968662324845,1.8939830172953753e-13,1.925311310119887e-13
16.7800,-0.004580760422575585,0.0007531004748728923,0.2688984933621123,-0.07778396731511855,-0.0994603104454327,0.012512983819444042,0.0022009237973095587,-0.0035250719071593965,0.016400212216551503,0.00022035812416412455,0.00029687759862633494,-0.0004192973063059597,4.0997008885816976e-05,-7.998777346070394e-10,1.4359886349100443e-09,0.011836246363575428,0.030909421972941466,-0.01787403489507579,-0.0006114910228970852,2.1069165292639247e-13,2.1377319944608508e-13
16.8000,-0.004550387269799384,0.0007057162338637729,0.26907491878497264,-0.07773680587569777,-0.09982246380873391,0.01250112660853953,0.002393706409247337,-0.0027969246546781833,0.004577641313023686,-0.0007765638780337311,-0.0008367726993867335,0.00010566675673471691,1.3894755655508396e-05,-7.998796238775449e-10,1.4359867881615143e-09,-0.12661066127042522,-0.1675014914509111,0.08220396545493656,-0.0021997157864463894,-2.9566231190755743e-13,-2.9414247730216725e-13
16.8200,-0.0045041020562671475,0.0006590549314986296,0.26908662719592885,-0.07767686145603316,-0.09996974050236067,0.012479332341154212,0.002300585052885912,-0.002635550413126885,0.004561865413865643,-0.000372673262737961,-0.0002029159013889123,-4.9237424367043035e-05,8.492431642404814e-06,-7.998787046064568e-10,1.435987758831456e-09,0.0005956953583940534,0.004631420065929996,-0.0018344697821605818,-9.999247454171509e-05,-2.9769025786108294e-13,-2.962013772277172e-13
16.8400,-0.004451782526331444,0.000614450242310627,0.2690376720538687,-0.07761659842158108,-0.10003119873590162,0.012454254929015612,0.0023182998411761862,-0.0018214907764515522,-0.005485234422839117,-0.0006711780673096577,-0.0005876158139065282,0.0002822167008939855,1.5917922019922058e-06,-7.998792405777889e-10,1.4359872695097654e-09,0.017749775967731363,0.023462711609363127,-0.0016192853327505745,0.0001380216630622428,-2.9484476925939473e-13,-2.933231999305286e-13
16.8600,-0.004409680922919014,0.0005742862583298355,0.26908386598700895,-0.07757194811222573,-0.10020646950930016,0.012436254102507888,0.002318157691185016,-0.002378964580427324,0.005145734358599284,0.00013283832412965332,0.0005272756413669432,-0.0001188326675072915,1.2423906655417916e-05,-7.998782111269046e-10,1.4359883502085006e-09,-0.03187768525414306,-0.04199875107756237,0.021327193328751028,-0.00021050772487474838,-2.8885926853586263e-13,-2.8736708108587083e-13
16.8800,-0.004344149107095293,0.0005349279865294655,0.26891501415214575,-0.07751112668192445,-0.10004366868224038,0.01240336988637143,0.0023720970538745017,-0.0011691796566884124,-0.010212776871492206,-0.0005970462358223692,-0.0005284901427036011,0.0005713099738964783,3.7551950380648464e-06,-7.998794601154475e-10,1.43598714825441e-09,-0.00824891175157228,-0.016913699618035814,0.015812386757122234,4.5381537890396135e-05,-2.9148282095284306e-13,-2.8992585242304525e-13
16.9000,-0.004283374813625927,0.0005009623950785074,0.26877957721369117,-0.07745406966095679,-0.09986827859060293,0.012372665488540602,0.0023122666896735334,-0.0013561339912686959,-0.003734904788976657,0.00026088013277058447,0.0005503711519968612,0.0001870949487937338,1.8210283569982468e-05,-7.998779759543732e-10,1.4359886861921287e-09,0.10936829998203007,0.14870889749047678,-0.0683234564833269,0.0015579409804951465,2.2732141689851826e-13,2.304589082503111e-13
16.9200,-0.004228396370816594,0.000470507171961621,0.2687184014053052,-0.07740569491173051,-0.09974117773063877,0.01234601124289098,0.0024361749960094266,-0.0010728538042840542,-0.006214846994813746,3.594483777790178e-05,0.00020981461388703494,0.0003556572296535824,1.835234217941159e-05,-7.998788161262724e-10,1.4359878898615168e-09,0.004254249820745931,0.003737678627637526,-0.00024278942212714846,5.868619725061483e-05,-2.963998404353907e-13,-2.948567496934007e-13
16.9400,-0.004153091611171043,0.00044190795439896953,0.2684584203522958,-0.07733361877774327,-0.09927127974928542,0.012305160670209592,0.0024205156081157433,-0.0002087641606392325,-0.015967219019796187,-0.00043969544858820617,-0.0005440209318634355,0.0007459655997411334,1.266884969396565e-05,-7.998805196268131e-10,1.4359862310231944e-09,-0.03419469673046321,-0.054766138150890105,0.026858752862736212,-0.00034796207467792167,-2.998609932407248e-13,-2.982482425091526e-13
16.9600,-0.004080498652249069,0.0004183584953766416,0.26819776206968515,-0.07725101607201544,-0.09873183745406323,0.012263955141171722,0.0022923243938495898,-9.723004925341084e-05,-0.01402108136240838,-6.97335742498915e-05,-0.00016982739811017633,0.0005373929336084823,1.926269662338942e-05,-7.998808733960732e-10,1.4359859271621995e-09,-0.0043953412105209345,-0.012662561290846728,0.00455582752603704,-7.417714029144868e-08,2.1623563942023416e-13,2.1947621129357608e-13
16.9800,-0.00399444630528325,0.0003982963576507041,0.2677661484042659,-0.07713208270150218,-0.09788175372640849,0.012210733425610472,0.00209503948232978,0.0008450096272257819,-0.023973914779944833,-0.0002381563246325348,-0.0005811208401734488,0.0007132357668462746,1.8359965611977945e-05,-7.998829859763121e-10,1.4359838606076165e-09,-0.01198253709145495,-0.026912097825475448,0.010446177144082252,-3.17959574185727e-05,-3.2090611635018917e-13,-3.1922625350414013e-13
17.0000,-0.003939584218456363,0.000385512249343591,0.2675864282136312,-0.0770139754578189,-0.09732791313962631,0.012174333358060117,0.0018058598138669534,-0.0002057663491279618,-0.005227723826322187,0.0009688890987726272,0.0009723130880984658,-0.0001801392380107485,3.4997245918826797e-05,-7.998822747812934e-10,1.435984627034469e-09,0.009465618793340472,0.012787420228285312,-0.01856013871984291,8.951125216209495e-05,1.938444251035204e-13,1.970708752435657e-13
17.0200,-0.003910509679692588,0.00037522219741688745,0.26764749760136625,-0.0769026078248516,-0.09710655177474009,0.012153850323026221,0.0017247675115884269,-0.0008276464877891273,0.0037631359888189914,0.0009315480042250429,0.0010280757048848617,-0.0005172055799867178,2.8198618586436882e-05,-7.998824235749227e-10,1.435984529281934e-09,-0.056553069240306716,-0.06978819855229727,0.01694533783343378,-0.0012700323005590392,2.1062475765235011e-13,2.1382589167166788e-13
17.0400,-0.003880480216152103,0.0003636990102253426,0.2676809866993628,-0.07677951354614136,-0.09688895108111842,0.012132887491076692,0.0016260559732472156,-0.0004639961740933906,-0.002331607135905367,8.711949265718357e-06,-5.6980043872434e-05,-0.00031022694208331477,1.5751997100860217e-06,-7.998832318872427e-10,1.4359837687729825e-09,-0.039935056251155086,-0.04733373973796371,0.012023204750625986,-0.0014202396404971473,2.2601270356116532e-13,2.2922915193616944e-13
17.0600,-0.003841321371653034,0.00035148476883914697,0.2675691067352107,-0.0766371144614149,-0.09653504958283661,0.012105570892200091,0.0013419628198885654,0.00025584544184642695,-0.012229051384795483,-0.0008638626218131472,-0.0011262434660954455,-2.007053678622266e-05,-2.5107716108665956e-05,-7.998848008470484e-10,1.4359822449071777e-09,-0.06353034180898055,-0.08561745181785356,0.0380141281167116,-0.0015768631428276605,2.3679642231419495e-13,2.4006770421407253e-13
17.0800,-0.00379130820785252,0.0003411796464397524,0.26724630124815435,-0.0764646983571266,-0.09594515385554005,0.012068711227252827,0.000806855086747668,0.000921693744950826,-0.018748581913062137,-0.000873710567987032,-0.0011636023192402427,-2.4597006554641482e-05,-3.530024848365607e-05,-7.99885841691271e-10,1.4359812518293248e-09,-0.01874496458217601,-0.030042011872644315,0.016217088705798334,-0.0004975597288573438,-2.8415231322423407e-13,-2.8245597050516325e-13
17.1000,-0.0037599729923592186,0.00033650340695515316,0.2669893999814151,-0.07628503687812065,-0.09549241062337109,0.012040419476505398,0.0001646699195559094,0.00044579143106963286,-0.007672954367315415,0.000306683231883282,0.00037682616297668583,-0.0006764888657576572,-2.2962143780735078e-05,-7.998844882462186e-10,1.4359826611854905e-09,0.1346447349282938,0.18433776112861705,-0.08510693692227195,0.001653414509705137,2.154791644594367e-13,2.1870257883339905e-13
17.1200,-0.003774876440824076,0.0003362286190588453,0.26713019113035974,-0.07613950568902476,-0.09566024006075563,0.012041146691110848,-8.781262786787207e-05,-0.0006076862300591134,0.00755006613197623,0.0007743934778940773,0.0011484589250925071,-0.0011197347687009484,-1.7618949676289065e-05,-7.998839764884819e-10,1.4359832240282322e-09,-0.052594073412135886,-0.06212265474097122,0.02850196475466676,-0.0009520959975660841,2.444030221260274e-13,2.475976238272559e-13
17.1400,-0.003783406532807504,0.00033387655819249487,0.26718154014890383,-0.075990120766507,-0.09577925250315418,0.012038334018554914,-0.00021918589298563912,-0.00016432232196046057,0.00039713977493655885,-0.00011510924366246264,0.00010569714858360957,-0.0005773515528685297,-3.7272413248264796e-05,-7.998839915462071e-10,1.4359832570588308e-09,0.003498353514284569,0.012086564427709397,-0.0003324682395172999,-0.00043281918918562596,2.596547651369241e-13,2.6285874518694463e-13
17.1600,-0.003809533173825557,0.0003325065233612396,0.2673776634436068,-0.07586927321557714,-0.09617604217680555,0.012048069370312612,-0.0003566337155481723,-0.0007847723076236333,0.009226199350894419,6.0332724701389574e-05,0.0005503177796579844,-0.0007521372140530493,-4.238271780944193e-05,-7.998823981745321e-10,1.4359849041623182e-09,-0.03316553952447513,-0.03505548998143148,0.019363116362256832,-0.0007467157541489993,-2.2683786272958972e-13,-2.2527406372610526e-13
17.1800,-0.003819751892166012,0.00032920550984761465,0.2674058581193536,-0.07575382316203869,-0.09640084315140288,0.01204944374601541,-0.00039407596226004847,-6.452876098402197e-05,-0.0013999618301601137,-0.0007388667780032403,-0.0004133067037565021,-0.0001452465250762896,-5.81823641064572e-05,-7.998819566551527e-10,1.4359853903206866e-09,0.04795729960044118,0.06962977055998144,-0.01916624191441296,0.00026277021240435567,2.9153307372353776e-13,2.947231759857505e-13
17.2000,-0.0038299503939226037,0.00032754512146616243,0.26741228729715816,-0.07566059714556783,-0.09662734916212921,0.012052105728880807,-0.0004872251368395919,-5.2242712886179795e-05,-9.211840821210984e-05,-0.0005133551590397796,-5.6492403240362366e-05,-9.584528017014585e-05,-5.569441939876244e-05,-7.998806009787309e-10,1.4359867954617455e-09,0.05737748281044857,0.08011685775252639,-0.024106762961665685,0.0007312463269246865,2.9725858276610784e-13,3.004418003445253e-13
17.2200,-0.0038372291195271557,0.00032733702952063423,0.2673916719408553,-0.07559129771738943,-0.09681954115350405,0.012054589588807443,-0.0004348527893430989,0.000250824069990616,-0.0034544380811513944,-0.00060127421546921,-0.00016566618135295291,0.00018921363784437907,-5.237008125207314e-05,-7.998801360615637e-10,1.4359873066438525e-09,-0.03490759005275977,-0.0494167412443856,0.036917655081592574,-0.0001495808127899159,-2.0264890568562344e-13,-2.0103615495405125e-13
17.2400,-0.003819461562010715,0.00032807025354565455,0.26712612415362097,-0.0755200334248609,-0.09662909877160893,0.01204163188257629,-0.00039451906426389105,0.0013324059803545055,-0.016970367714758253,-0.0010679641005195712,-0.0009245005882040122,0.0008723953981020341,-5.0673370142926455e-05,-7.998806979234273e-10,1.4359867889086378e-09,-0.038416445789546394,-0.06324274046616947,0.04673064892294045,8.577253455964277e-05,-2.1009802513190234e-13,-2.0841152154754683e-13
17.2600,-0.003789805406389341,0.00033356658664733443,0.2667227870024544,-0.07544426581322972,-0.09614987048057291,0.012019291184311378,-0.0004911805383304616,0.0016754637658085794,-0.017372744193624067,-0.0002997875572763427,-0.0001510553294362846,0.0008516139887823063,-2.7490949076324274e-05,-7.998801397403975e-10,1.4359873970179578e-09,0.0352819114583627,0.034633285428059074,-0.005429844712373223,0.0013484747680896675,-2.336870660087781e-13,-2.3199140091606507e-13
17.2800,-0.0037666343019192795,0.0003444123863891027,0.2663877174656908,-0.07537491910812552,-0.09564349911204126,0.011999198570231708,-0.0004218342445737527,0.0018848246556384192,-0.017346931366075645,0.0001729991501723578,0.00024121390306835016,0.0008617181585285417,-5.3927331502979864e-06,-7.998799375462333e-10,1.4359876492635561e-09,0.07597146835210364,0.09224817143893652,-0.034357920208168816,0.0015686949569655277,2.502025821769782e-13,2.5349183472786474e-13
17.3000,-0.0037490105788262514,0.00035932281276616223,0.26612533433457636,-0.07530473687917721,-0.09510918637372506,0.011980660121762616,-0.00035177419211978456,0.0015637661816065088,-0.010104886934668444,0.0007225425706197563,0.0007933809060405944,0.0006457804550010606,1.3419269028932815e-05,-7.998800374052922e-10,1.435987599531284e-09,0.0367398041314332,0.04313688355966297,-0.023438900653182156,0.0009172951103583621,2.3909167831334677e-13,2.423771632616839e-13
17.3200,-0.0037483240286567687,0.0003770969430143296,0.2660637532393236,-0.07524514059252486,-0.09475160799990628,0.011971990655315904,-0.00020736309459088695,0.0009588273258828434,-0.00066986862994815,0.0011318193994469415,0.0012917928955921566,0.0002368255039014656,2.322887762230847e-05,-7.998792634871177e-10,1.4359884262063838e-09,0.053131388934010065,0.07383695082149108,-0.0470212697023919,0.0005923377879381768,2.3687518960202603e-13,2.4011597831580245e-13
17.3400,-0.003744694797403652,0.0003939265445609001,0.2660098936686469,-0.07518033089489355,-0.09434533865304379,0.011961596371722914,-3.524265961940715e-05,0.0011316593788054895,-0.0041263661220337445,0.00043582688864305096,0.0003872517414624306,0.00035215958886880447,9.884347971791e-06,-7.998803456830285e-10,1.4359873904150034e-09,-0.015627641317615085,-0.01910487615924124,-0.0064928706391469745,-0.0006354244913184516,-2.52059224187251e-13,-2.503633693591578e-13
17.3600,-0.0037443704754292696,0.00041069135391770713,0.2659886953534486,-0.07511457285209927,-0.09396717617701066,0.011953305343453846,-9.699346604258516e-05,0.0008346603881687952,0.00015994546799147808,0.00042158208562601934,0.00043845046144733895,-3.388237155767392e-05,-3.708859253670475e-07,-7.998798862019154e-10,1.435987900994809e-09,0.027975258568392496,0.04308508247757671,-0.03854486033342583,-0.00026502262170079107,2.4741477313086624e-13,2.506663496562589e-13
17.3800,-0.0037466271664574583,0.0004268255682887641,0.26597089000632135,-0.07504828379421932,-0.09362091343822523,0.011946935873261408,-0.00023582682034798517,0.0008325122947164391,-0.00030271894523855485,9.14623618512174e-05,8.731504719585034e-05,-0.0002450963730170539,-1.6359283651079144e-05,-7.998802835160685e-10,1.4359875516004675e-09,-0.019724902013070072,-0.021916606930121207,-0.006774736228282251,-0.0008788459774142856,2.5608345739086547e-13,2.5935097168819365e-13
17.4000,-0.0037830231155142283,0.00044454555147898804,0.2662508045049785,-0.07501727505627132,-0.09376613382435615,0.011963353125425225,-0.0005747219954092173,-0.0007447070858635713,0.02258402062822542,0.0011519482307564834,0.0017118755282813762,-0.001391818379403921,-1.617999166582749e-05,-7.998771173260207e-10,1.4359907756317527e-09,0.035374413461405255,0.06377639402839685,-0.054367304314535084,-0.0001999267530291852,2.6813566558064883e-13,2.712829418570484e-13
17.4200,-0.0038336202492060736,0.0004586426007828289,0.2666631353311001,-0.07502227592701835,-0.09423612658337177,0.011992742386201391,-0.0006181947347495174,-0.0010296789249308158,0.02312247460513736,0.0004043097989830164,0.001003556760260844,-0.0014274433852635468,-4.086671463753079e-05,-7.998761649542672e-10,1.43599177376684e-09,-0.057256769459503094,-0.060800326119880926,0.009269902129311024,-0.0015054652792344408,-2.000072470923625e-13,-1.9845103750408544e-13
17.4400,-0.003889470347031115,0.00046876244683800996,0.26710383515737696,-0.07506776968778164,-0.09492190009497561,0.012030374955486447,-0.0007319120999020654,-0.0012427296249153375,0.02323830914637557,-0.0003082430238953805,0.00037082682733715033,-0.001385734985401417,-6.722826666941569e-05,-7.998741219513205e-10,1.4359938682591167e-09,-0.06276538495093302,-0.07054416022492786,0.02301353297959813,-0.0014192551888776534,-1.7677986895517361e-13,-1.7524756602479985e-13
17.4600,-0.003922892091563137,0.0004742017900969261,0.2672835025478208,-0.07513288021931487,-0.09541541094373358,0.012058305373761258,-0.0008870668257684293,-0.0003145879891660147,0.00802457535614447,-0.0014174451019360668,-0.0009669715815975898,-0.0007145400829701581,-9.160411540878576e-05,-7.99873192585822e-10,1.4359948448930103e-09,-0.008947580750376508,-0.009411633213937058,0.012788952717510772,-0.0003050346906477714,-1.7257218874397462e-13,-1.709977916642541e-13
17.4800,-0.003945988078868823,0.00047965099658848554,0.26729343733453265,-0.07522290465503097,-0.09579602221898381,0.012082174609247626,-0.0011989396072677216,0.00015740242839165877,0.002473828129776691,-0.0011733728862422309,-0.0006883735044394478,-0.0005546047070224961,-8.558050674547724e-05,-7.998715305448744e-10,1.4359965532254598e-09,0.0534083739156809,0.06775414777338805,-0.015809934791553026,0.00121154118931615,-1.8573613784142462e-13,-1.8415908446638152e-13
17.5000,-0.003966328021854268,0.00048669448956373983,0.2672319003639544,-0.07534072023486399,-0.09614068914477009,0.012105857297133097,-0.0013459396974674746,0.0006661840263829499,-0.003580384855534728,-0.0010191306159090512,-0.0006549655429337343,-0.00013301744403473062,-6.758176403196849e-05,-7.998708049041084e-10,1.4359973254021345e-09,0.024290771419925188,0.021634171098190415,0.014396574624462217,0.0013179859546936141,-2.0096828389805366e-13,-1.993564818433824e-13
17.5200,-0.0039865572759090785,0.0004959808596069622,0.2671572723507276,-0.07548261860044074,-0.09646461974124321,0.012130136422578382,-0.0013559416892189717,0.0007551970650722473,-0.003235331748109959,-0.00041238853770639766,-8.161408544787911e-05,0.00010968076953546545,-3.68791341378507e-05,-7.998694789096182e-10,1.4359987012633108e-09,0.049512728669192735,0.05441620220040138,-0.0015140323349829255,0.0019035787299887547,-2.2349293639714607e-13,-2.2188834428692183e-13
17.5400,-0.003991998866091287,0.0005060628257990894,0.2669625421349744,-0.07562620109300316,-0.09655279157588167,0.012144736939669528,-0.0011602275785403385,0.0013614688614695498,-0.011029625699567999,-0.0004891111439626005,-0.0005009173123600559,0.0008088096204228329,-1.11876421845286e-05,-7.998700856850716e-10,1.4359981401427161e-09,0.029194205090119593,0.022260048547619104,0.015604551009315463,0.0016521007966767112,2.591299570753325e-13,2.6238597882963233e-13
17.5600,-0.004007284519577425,0.0005193573869494748,0.26691117552273824,-0.07578514152454932,-0.09672186864914571,0.012164554652128696,-0.0009283507119421131,0.0005018486285278464,0.0030548914593138484,0.0007849835762145645,0.0009318798369900836,0.000509892844109515,3.132400913640974e-05,-7.998687601010603e-10,1.4359995191499217e-09,0.0380169682484059,0.040796669611276565,-0.009266701463015125,0.0018181598220054817,2.3567112887937225e-13,2.388748920889583e-13
17.5800,-0.00402508809014624,0.0005320627295929876,0.26699002846328007,-0.07595438533575279,-0.09694318541241277,0.0121864568256188,-0.000365633966973654,0.00029551369848053704,0.004355718303932771,0.0008747455453626178,0.0008904992349476862,0.0006801615229115834,5.256993451442771e-05,-7.998681838563064e-10,1.4360001466841332e-09,0.09301711042612004,0.12193846666347462,-0.05233900326158517,0.0017999781392018315,2.221537840838006e-13,2.2532648490114493e-13
17.6000,-0.004024090806817744,0.0005419102161234892,0.26699033817461676,-0.0761079705689213,-0.09692218827465188,0.012196498582858447,0.00016064144530083792,0.0004071384085373884,0.001076176865478138,0.0005612246428070675,0.0003317396073064915,0.0009518701906113895,5.972503941076931e-05,-7.998693338812059e-10,1.435999043450879e-09,0.05388184361135931,0.0684633648582814,-0.035573668405457684,0.0010355888571417454,2.1302477468641834e-13,2.162269929079086e-13
17.6200,-0.004010721697190028,0.0005497679659181683,0.266955252143364,-0.07624434848662638,-0.0967298889836399,0.012198218399067961,0.0005966709354836399,0.000568218467222474,-0.0027588974444514532,0.0003000342542829722,-0.0001367519904901258,0.001031681174486394,6.214261619975271e-05,-7.998707309694343e-10,1.4359976933654166e-09,0.0280608135810689,0.033188559609837125,-0.022744266744519535,0.00041907680074981796,2.0276889976106327e-13,2.0599960539463558e-13
17.6400,-0.004008568891028102,0.0005573533450994199,0.26709724964029496,-0.07638187660660106,-0.09669490372427963,0.012206902064667836,0.0008769225485320394,-0.00038733997706944727,0.009827525923369827,0.0010534104694284547,0.0008633978720186635,0.0002727286203432289,7.186242609501283e-05,-7.99869834662751e-10,1.4359986441130896e-09,0.08094828943744066,0.11412600647323061,-0.07204038628477508,0.0008201455108346043,1.9457216870674698e-13,1.9773161515253268e-13
17.6600,-0.004027490191728306,0.0005626034756713415,0.26752498068170644,-0.07653872744819903,-0.0970350753038832,0.012231190155833686,0.0012097134221568686,-0.0018126960328393987,0.026916617071305122,0.0014011414820804032,0.0015043130583667433,-0.000518493854224176,6.935352158863244e-05,-7.99869374550063e-10,1.435999155721776e-09,-0.07620685806186256,-0.09140932754331353,0.011334944815443641,-0.0013733427303909873,-3.0011475075919503e-13,-2.9860635448672457e-13
17.6800,-0.0040448983628762125,0.0005614736454342897,0.26801105986324425,-0.07670486223903031,-0.09750657630076008,0.01225848515440286,0.0015338229733887388,-0.002243933543578802,0.02818612638375309,0.0006927785410213681,0.0008181883338608255,-0.0007080830908488889,4.3509275315245895e-05,-7.998685306594861e-10,1.436000050438043e-09,-0.024130840306016418,-0.016932707074662764,-0.020016788864698293,-0.001205959986613614,2.3198351334526024e-13,2.3506188857359833e-13
17.7000,-0.004040029315553894,0.0005529810550225827,0.2683101074861042,-0.07686447191341572,-0.09781637670176266,0.012275378978177603,0.001689493113539179,-0.0014017784648381573,0.011750416483992516,-0.0007129720968032118,-0.0008703053025621665,-0.00030931215779062373,6.197066277826386e-06,-7.998694119129167e-10,1.4359992137451053e-09,-0.0066611995380991725,-0.000950167543007172,-0.01296945310546456,-0.0010513557781749697,2.430664718978959e-13,2.4619233518138883e-13
17.7200,-0.004018958999104274,0.0005410432888526455,0.26841637121256656,-0.07701615730508281,-0.0979666324502189,0.012283710331717667,0.0014969088069068186,-0.000852368898679385,0.002803509967676712,-0.0011348688171135123,-0.0013797280237599625,-0.0002540469121030452,-1.250470393333986e-05,-7.998700721897899e-10,1.4359986017586782e-09,-0.003451127339764384,-0.005602879021520008,-0.00028097589520177175,-0.0004228972805527174,2.3903378191733604e-13,2.4219932700034197e-13
17.7400,-0.003991662552652027,0.0005288111402324832,0.2683942529068547,-0.0771594630050277,-0.09803102139165455,0.012287890027857792,0.0011478349205031218,-0.0006428019061814803,0.0006439272636015802,-0.0007385493852441136,-0.000914477162328501,-0.00044469212788851743,-9.082079900889641e-06,-7.998704204573201e-10,1.4359982991698052e-09,-0.031039960702429467,-0.048341329406003324,0.023770957907430983,-8.535247933636965e-05,-2.9852552721476577e-13,-2.9696834184453347e-13
17.7600,-0.003952677957221105,0.000516721482676724,0.2681872273342743,-0.07727828692829423,-0.0978965898000673,0.012282568746553622,0.0008219885136678432,0.00019866302158239756,-0.010195903560314159,-0.0008409391401084284,-0.0012585194274961616,-6.704843485815816e-05,-2.8359230942232545e-06,-7.998719039908854e-10,1.4359968620493905e-09,0.009677611264036861,0.0008200617807289555,0.013655133443312992,0.0006909299559990754,2.0339770991605055e-13,2.0662302164381474e-13
17.7800,-0.003912047313638904,0.0005070074104619428,0.26789079810788474,-0.07736778607582476,-0.09764802984527302,0.012272114093842238,0.00047579405123769945,0.0005886806377434989,-0.013401075621922286,-0.00024563710356306984,-0.0007400860209626309,3.020336917941519e-05,1.9350396747851697e-05,-7.998733944667866e-10,1.4359954202506157e-09,0.0212844371428772,0.014121176261541453,0.00720194611749584,0.0012655421327990085,-3.48733845620397e-13,-3.4710683763025663e-13
17.8000,-0.0038899124283312838,0.0005006667471611489,0.26773364989951987,-0.07744004282872193,-0.09756807890706602,0.012269233115870665,0.00030350152838718055,0.00015296436532317192,-0.0058558993135819585,0.0006070874957117327,0.00017880642543599497,-0.00011045423680562181,4.8530851296693076e-05,-7.998737953984619e-10,1.4359950726396239e-09,0.10132015786415986,0.1304943876993575,-0.04744127031976267,0.002046495795648726,1.5202224787173868e-13,1.5522153874736322e-13
17.8200,-0.003901461538400162,0.0004957914879918197,0.2679269413123564,-0.07751688779489818,-0.09794937183602227,0.012285939559162,0.00042693752407088864,-0.0012883598771728341,0.013301262198460473,0.001502883835026328,0.0013725642506803265,-0.0005678843731933399,7.345216337806471e-05,-7.998738513395264e-10,1.4359950702456507e-09,-0.01300863390965735,-0.014099360167347403,0.007092503875328608,0.0002854365196028355,1.6094992092569038e-13,1.640888488453618e-13
17.8400,-0.003900363142638132,0.00048553483667023226,0.2680619874250946,-0.07756288305337995,-0.09822853317772233,0.012293731734271864,0.0007968751768143769,-0.000772841963082255,0.002036142422705095,0.0002521704011123523,-0.00026518301899748875,0.0002534979172354859,5.948000334778683e-05,-7.998762416356853e-10,1.435992725398407e-09,-0.022879502164555483,-0.028708172040872955,0.02083679161798059,-0.0005421970193344064,1.718112956593243e-13,1.7499231772834245e-13
17.8600,-0.0038832702924230097,0.00047180508262577845,0.26807671415547674,-0.07757187731154472,-0.09830916594251762,0.012289438637708153,0.0009514563881960044,-0.0006572643234747176,-0.0009659929777776369,2.2120511206442457e-05,-0.0005398606954688572,0.00044571486961728036,5.302960414519786e-05,-7.998780454407562e-10,1.435990969040056e-09,-0.041446734104995886,-0.056494390527484006,0.02753117692086588,-0.0006060164396689903,-3.5090100313286965e-13,-3.493200195249513e-13
17.8800,-0.0038564858666998475,0.00045680441956132676,0.2680136817332585,-0.0775457048497495,-0.09823754137421405,0.01227632383341794,0.0010227278620824384,-0.0006011100435171675,-0.0019617889500031594,0.00020279466255498354,-0.00029355017229236696,0.0003839419574189855,5.2572228710271856e-05,-7.998793305358606e-10,1.4359897334052244e-09,-0.008993680316379687,-0.011894473528341712,0.003801139806162062,-0.00010836319613187035,-3.531800503095428e-13,-3.516108302951959e-13
17.9000,-0.003813228202314225,0.00044062814619446206,0.26779860866244787,-0.07747381448525008,-0.09789887577516415,0.012249360113752678,0.001082761005108165,0.000230324408431353,-0.013819898724023514,-0.0002670293337218403,-0.0009790383472664942,0.0007725024612154138,4.4337510436729084e-05,-7.998821653104306e-10,1.4359869439194325e-09,-0.008265362519854857,-0.015604753269976956,0.01082864098301675,-0.00017328525038710744,-3.545283641312458e-13,-3.5288823729481833e-13
17.9200,-0.0037898125252299945,0.00042747709698696745,0.26777253336983936,-0.0773887922768297,-0.09776892871571333,0.012232045441561569,0.0010448240452001667,-0.000853282115055414,0.0027035740168310906,0.0008232825327228756,0.0005269910447354357,2.7704445330431112e-05,5.666960972479448e-05,-7.998819881595206e-10,1.4359871755570582e-09,0.011551330930433512,0.020479654124804993,-0.014810578455669474,-1.3205507853710513e-05,1.7163462491531778e-13,1.7482510664829087e-13
17.9400,-0.0037539474277530852,0.0004124114155913042,0.26764368791174886,-0.07726487242913589,-0.09745574615398662,0.012204489567243909,0.0011623106882254,-4.76069913865941e-05,-0.009846431625431046,-8.078297333472449e-05,-0.0006444614116398436,0.0005151060507807121,3.855152413741928e-05,-7.998851949348878e-10,1.435984012292974e-09,-0.08615254080505928,-0.11742925718169986,0.053907025884218515,-0.0014998395778251892,-3.3715646377205366e-13,-3.3550365177020813e-13
17.9600,-0.003706040316166844,0.0003979629032920001,0.26736979480149037,-0.07709468493481338,-0.09689693425146907,0.01216537935264387,0.000999614625069808,0.00034533478320177816,-0.013771521030814379,-2.689678318187425e-05,-0.000577122104343903,0.0004733625405185938,3.060222393179901e-05,-7.998868098148026e-10,1.4359824466129342e-09,-0.01022854985667705,-0.014885336923614,0.002975108062547931,-0.0004066869042823479,-3.3945524342826605e-13,-3.3778887889926446e-13
17.9800,-0.003665968480899827,0.00038665358640788795,0.26712806110417653,-0.07689371171491557,-0.09634380939652738,0.012127245905573975,0.0007370482332303206,0.00012555288992379687,-0.008239632375880993,0.000616952230832249,0.0002980303591614805,1.4381208658467508e-05,3.1801040871266044e-05,-7.998874116854066e-10,1.4359818973567098e-09,0.07099381143535918,0.10027596217080263,-0.05520010919410698,0.0006163461027792664,-3.4045032418217325e-13,-3.3881437152410987e-13
18.0000,-0.0036439150490283822,0.0003775052264074739,0.2670371202785072,-0.07667917775133093,-0.09598909027597252,0.012098210712808023,0.0006370752108716632,-4.643053323948861e-05,-0.005708785337806345,0.00042487242481930074,0.00015303160583795416,-9.769470805757761e-05,2.1041915081487934e-05,-7.99889329912865e-10,1.4359800263877268e-09,-0.06533896989732253,-0.08320644282228655,0.03218409969490799,-0.0014142865498844046,-3.1642500035108934e-13,-3.1475972002426023e-13
18.0200,-0.0036090111054528826,0.0003680019634545947,0.26677746292274446,-0.07642254193625979,-0.09540151853264855,0.012058093122447239,0.00042536255744719863,0.0006956626216456334,-0.015463005210222255,-0.00027008975976028213,-0.0007010816977829759,0.00021768654360501574,-1.3598959573096748e-06,-7.99891441019185e-10,1.4359779617289804e-09,-0.032453666366036665,-0.0419577032379671,0.0173115819680241,-0.0010622436315778233,-3.0519093112066353e-13,-3.034789758903089e-13
18.0400,-0.0036008073298895854,0.000362526354433735,0.2667182333826339,-0.07616525359972241,-0.09511378216251497,0.012032724876224941,7.731714997132783e-05,-0.00010442450977540768,-0.0022076896883412135,0.0005225029748269803,0.0005254818843326528,-0.0005020439090920306,-3.795806437017823e-06,-7.998908424430105e-10,1.43597861416428e-09,-0.03106450570440878,-0.03290867784845729,0.006655111343779664,-0.001016528766209518,-2.874627619275927e-13,-2.858071310000987e-13
18.0600,-0.0035713078329548185,0.0003560923766200637,0.2663918747151961,-0.07586581949669942,-0.09448373595725795,0.01199151109980442,-0.00017613862992655908,0.001230890208548796,-0.020442991536866878,-0.0006068111340632589,-0.0009124824688821057,0.000152683676543416,-3.231526078261602e-05,-7.998928383840478e-10,1.435976663591574e-09,0.07210384048976604,0.10062361238081097,-0.041813255775021055,0.00012453611660406927,2.254664282965585e-13,2.2877267571649873e-13
18.0800,-0.0035674793183848386,0.00035515320632375943,0.2662276735342047,-0.07556823385267539,-0.09410788554519538,0.011963952478122139,-0.0006897293158601342,0.00036355443474173977,-0.004568335341454645,0.00046011892797735775,0.0006274980563256204,-0.0005948817772258566,-2.8655095020486873e-05,-7.998922419798827e-10,1.4359773130069368e-09,0.026217970362729544,0.04316110193796184,-0.024811255327843527,-7.098997673023152e-05,-2.6221743960191946e-13,-2.6053963673999814e-13
18.1000,-0.0035965347916773836,0.000357033183026718,0.266348517361867,-0.0752983118225313,-0.09418665547377539,0.011957428240765856,-0.0008696137897873642,-0.00028483022943052256,0.004626633049816869,0.0002771740575452988,0.0006474906148169255,-0.0007438159868630877,-4.222807283871768e-05,-7.998918708575064e-10,1.4359777360237017e-09,-0.10319032487121992,-0.12711769102907744,0.05827865193975169,-0.0020658550275758896,2.770007530641938e-13,2.802530885311072e-13
18.1200,-0.0036155966051620177,0.00035767243111152074,0.2663369953031896,-0.0750275629125854,-0.09415055502173536,0.011945463537072296,-0.0010525491802700945,0.00017078670290796586,-0.0016484427143433652,-0.00036727296404760024,-2.4571014695138016e-06,-0.00042287857390483464,-6.573508248592847e-05,-7.998909339232467e-10,1.4359787203400357e-09,0.026373287266033916,0.04638118903790598,-0.017202150186917148,-0.000514617833942737,2.924813169435936e-13,2.9572107566530614e-13
18.1400,-0.003642285449363703,0.0003600802159943348,0.266356182315234,-0.07478128718517604,-0.09422470986072704,0.011939646617224412,-0.0012620001529775207,0.0001406364838889876,-9.882125709563617e-05,-0.00041996199686946924,0.000132472482373654,-0.00046553288956377193,-7.79463039385937e-05,-7.998902987247287e-10,1.435979402740732e-09,-0.10570613019030001,-0.1350532405042482,0.06465813720834294,-0.0016892529480371488,-1.7539000308521013e-13,-1.7371428731247085e-13
18.1600,-0.0036486961325608606,0.00036335452536657054,0.2661235998274789,-0.07453569787662401,-0.09399086955189825,0.01192178490547214,-0.0015121019309669544,0.0010775467181057092,-0.01111770621134551,-0.0007762697772294375,-0.0002874886491703258,-3.870342684811965e-05,-9.021031539512415e-05,-7.998890004839442e-10,1.4359807525296648e-09,0.08200759946664647,0.11223702551010895,-0.041734224138607244,0.0008709535810507565,3.176812654083483e-13,3.20945960780028e-13
18.1800,-0.0036657216010693053,0.0003716962112846507,0.26594278285389084,-0.07432063478454527,-0.09384155487326096,0.011911063354835293,-0.001733637635443388,0.0011428143174557375,-0.008924800344221205,-0.000513997641194472,6.481311559184057e-05,-6.429329079708303e-06,-8.482411204541202e-05,-7.998884356522071e-10,1.4359813640206114e-09,-0.04652189018050092,-0.06461316245815861,0.03994958797651692,-0.00030160605986277744,-1.6252317959312979e-13,-1.6080084312697362e-13
18.2000,-0.0036930027907343217,0.0003845388077840849,0.2658366899736223,-0.07414004885441082,-0.09378592705286971,0.011907719009584813,-0.0018786373767835606,0.0008755071747044386,-0.001973503002552531,3.434133836293882e-06,0.0007553163365064125,-0.00013337814203176636,-7.429934872927303e-05,-7.998861600462339e-10,1.4359836891800718e-09,0.0017111388462949188,0.0029035548834209753,0.006283115835757813,0.00029683411686489124,3.2994131515459713e-13,3.3320465527356125e-13
18.2200,-0.0037222306333246115,0.000400021110565614,0.2657542014247698,-0.07399261463382296,-0.09374061390057402,0.011907472121669519,-0.0018232383202095852,0.0011076049155574637,-0.003791396238455767,-0.00016925586725476233,0.0005286439490505291,0.00012658097636168665,-7.206437681859544e-05,-7.998848562118333e-10,1.435985041046634e-09,-0.02396559836015904,-0.032868166185149345,0.021989495822579613,-7.124963071054891e-05,-1.5076939805132306e-13,-1.490671464304122e-13
18.2400,-0.003771030575045561,0.00041921037609808117,0.2658842185383204,-0.07390134745144791,-0.09396693393349408,0.011922256388847544,-0.0017896880722439459,0.00017538205346065888,0.011728152532067238,0.0006261878653845574,0.0016582948945550644,-0.00035404478720583164,-5.917360799273265e-05,-7.998815189911697e-10,1.4359884318275354e-09,-0.04794271640347826,-0.059196705831189037,0.02110107143777983,-0.00029028237194180423,-1.394717945735896e-13,-1.3783516428916842e-13
18.2600,-0.0038364981733785856,0.00043883064358285576,0.2662451966071192,-0.07388136597280763,-0.09451885266242113,0.01195307857938497,-0.0014432924612962506,-0.0003712919334692269,0.01834093125936815,0.0002934290850699088,0.0014016754451074533,-0.0003568742907355222,-6.391103724742844e-05,-7.998782719499702e-10,1.4359917296496747e-09,-0.07026022263341612,-0.08474052839510493,0.033572793218938905,-0.0010506146360615936,-1.1806443951829781e-13,-1.1647129929352046e-13
18.2800,-0.0038872484395541707,0.00045584583469988053,0.266528662799134,-0.0739141360836218,-0.0949865097504192,0.011981460632716264,-0.0010842369170358543,-3.2434521941316335e-06,0.011376026091360032,-0.0006113838793272607,0.0003577919804188515,2.8124541014731892e-05,-8.047976439221553e-05,-7.99875589154036e-10,1.4359944599875089e-09,-0.032213280939066835,-0.0374061639694148,0.015003036488468128,-0.0006929213624004644,3.851251999600902e-13,3.8830554440275056e-13
18.3000,-0.0039356432516973105,0.0004727396633179387,0.26683369353081543,-0.07401519563767152,-0.09551640563172335,0.012015236057815527,-0.0008847953074491302,-0.00029444596376743327,0.015713276839579765,-0.0005054634265713197,0.0006106605091196688,-0.00018622086174237276,-8.19568423549259e-05,-7.99871791869514e-10,1.4359983076537941e-09,-0.02347755327948381,-0.02740095595519074,0.006675217645579088,-0.00024769687028970916,-1.0228254875011e-13,-1.0072392681199915e-13
18.3200,-0.003973625845839053,0.0004884826345195533,0.26708661415297047,-0.07418242506487877,-0.09601378836833428,0.012050050760044406,-0.0005896286312181843,0.0002076592766502525,0.0074099276026102666,-0.0011905786164328914,-0.0002648941155169365,0.00015880150811960867,-8.844358479015279e-05,-7.998689614846481e-10,1.4360011866494606e-09,-0.026915221987860165,-0.03869707428580922,0.02091069353071884,-0.0002001382541526375,3.9287746233379606e-13,3.9605346996776647e-13
18.3400,-0.003997140191277621,0.0005045989544205066,0.2672201785257989,-0.07440528218008877,-0.09636849452484188,0.012081973539841192,-0.0004990596853521542,0.00031804136217201875,0.00715398115355346,-0.0009379242534739288,-1.9837974377688113e-05,9.517034382767926e-05,-7.848975876431215e-05,-7.998656502474858e-10,1.436004545321037e-09,0.040543702841325975,0.04804555336772661,-0.02008057880298683,0.001058181552859878,3.7537095827488987e-13,3.7853102813692474e-13
18.3600,-0.004027059004597035,0.000522321599163349,0.26745201049919,-0.07470116879500444,-0.09687740804798636,0.012124216515279904,-0.0002867694358193981,0.00015471959119874813,0.009743295595151535,-0.0005977193342557153,0.0003108098859434955,-4.322458587500562e-05,-5.9719381264582834e-05,-7.998622761336451e-10,1.4360079694805388e-09,0.027942750304850973,0.030528173547689212,-0.010332574486936561,0.0010428363329697279,3.611862870421534e-13,3.643258654831283e-13
18.3800,-0.004053915112018481,0.0005398996647810545,0.26770378825262964,-0.07505761027582405,-0.09742374533079427,0.012170759809202368,-3.002391161217205e-05,-8.90019180761116e-05,0.013009407465610176,-0.00047050457587473213,0.00032208344542404804,-1.798824102770566e-05,-4.118096402296993e-05,-7.998597612321637e-10,1.4360105325846732e-09,-0.03920894611638667,-0.06261394119856048,0.031133421810728555,0.0004380028022379906,3.4691840329267865e-13,3.500614511806055e-13
18.4000,-0.0040857471981628505,0.0005568930483604271,0.2680706431177505,-0.07547977519223166,-0.0981404437865935,0.012227014793403204,0.00033025122132018185,-0.0006203384920363853,0.01930312415799587,-0.0001611351406281428,0.0005967966720634871,-0.00016618100234005531,-1.8957521111907466e-05,-7.998566437087262e-10,1.4360137008284981e-09,-0.06512385049484098,-0.09619131364523241,0.04399086511363677,0.00014749269600512684,3.3172585772039964e-13,3.3483659638358643e-13
18.4200,-0.0040817587429043505,0.0005695478257061851,0.26815281568116456,-0.07591844575337521,-0.09845260395108482,0.012265716157362296,0.000662708020310723,0.0005068936052755031,0.001339731058179317,-0.00102742038229725,-0.0008588468794448658,0.0006223147696355024,-1.158743870054634e-05,-7.998561872410174e-10,1.436014204007133e-09,-0.006693408572228921,-0.02686052561630652,0.018733438448603583,0.0008977499218373601,-2.195622427359628e-13,-2.180110746877878e-13
18.4400,-0.004053610553725485,0.0005815379454000043,0.2680218260482754,-0.0763595016968932,-0.09842063319947214,0.012290519164207332,0.0007797967916518906,0.0011565980621699868,-0.007229874549456605,-0.0008863874390648196,-0.0010857214880399839,0.0008770661967034135,1.2023223390863464e-05,-7.998561711815978e-10,1.4360142646441752e-09,0.05531766564665817,0.05135617544814165,-0.01523172416783152,0.0019404327550199,2.484819533292437e-13,2.5168615021969876e-13
18.4600,-0.0040296791925998636,0.0005951224693389167,0.26795583130481665,-0.07680949556997892,-0.09840781962684464,0.01231767776111147,0.0009357358501364373,0.000950796735316632,-0.003933986504203051,-0.0001007878297828871,-0.0004722229021494801,0.0006662242740839344,5.054276026860036e-05,-7.998563511087429e-10,1.4360141340487702e-09,0.01208876311954984,-0.006167580642061626,0.008610425051040304,0.0014914500298383892,2.0553930736230686e-13,2.0874786816650615e-13
18.4800,-0.0039944940911356775,0.0006074192611073883,0.26781541266661657,-0.07723408240794598,-0.09820327973863706,0.01233559086712888,0.0011147098266920577,0.0011750574122922743,-0.007758600160217626,0.00011481384794474133,-0.0006314377349828542,0.0008015693254582897,7.941158482963459e-05,-7.998579305564703e-10,1.4360126028080326e-09,0.025758542648589344,0.012814245625674665,-0.0025844866100140566,0.0014865833760047,1.6016116384520718e-13,1.6339097501198718e-13
18.5000,-0.00397308571306911,0.0006196734418413531,0.2678431811098115,-0.077639990110106,-0.09814781878523601,0.012359343287194844,0.0012524138737395982,5.6592030920424874e-05,0.007206959208766137,0.0013469850138139602,0.000694779601487517,9.960489645682416e-05,0.00011761934678301547,-7.998583333560087e-10,1.43601225427902e-09,0.02366474063537165,0.019932823596671857,-0.021562196819674823,0.0013981835580768407,1.2419430176109636e-13,1.2736380418203186e-13
18.5200,-0.003928273661802492,0.0006259495381886445,0.2676901307970827,-0.07797816759956555,-0.09776868689305143,0.012364092745635205,0.001512275680057563,0.0011190223481517656,-0.01155153205358455,0.0002698237395465619,-0.0011005870130569632,0.0008143321876162909,0.00011852238332781612,-7.998628143208294e-10,1.4360078202406243e-09,0.0743080742777305,0.0868042363063612,-0.04273176413019205,0.0012882302221304306,8.859822326744843e-14,9.183731791533034e-14
18.5400,-0.0038927966245817917,0.0006306770683608707,0.26762826705384546,-0.07825998874639495,-0.09745648102546606,0.012368962903728046,0.0014587461422375585,0.0001116544403310522,0.0013107087880052382,0.0012194957314810423,-4.408985794097095e-05,0.00010684232562263517,0.000140307707465252,-7.998655562492041e-10,1.4360051300050713e-09,0.00807932681477217,0.003161934081991688,-0.017155653330944143,0.000546954066372777,6.521970734741506e-14,6.843500375761091e-14
18.5600,-0.0038672315494818546,0.0006309251813711093,0.26768131184096083,-0.07848222415880184,-0.09728391247320152,0.012375241832566837,0.001558035142229988,-0.0001524361894749255,0.0006106128450737145,0.0009640658511707618,-0.00047489145516411166,4.1651544841917505e-06,0.00013960951010176168,-7.998696502872194e-10,1.4360010840254557e-09,-0.07125336895918379,-0.10112775899561574,0.03271169743165629,-0.0009932720990567722,-4.712436495711569e-13,-4.696256404590482e-13
18.5800,-0.0038382533056776154,0.0006250760671082655,0.2676971949696478,-0.0786252679130909,-0.0970716103367848,0.012373623281797223,0.0015154996934284477,-0.00028813129737050296,-0.001581164150929431,0.0005821219888636471,-0.0010044575692470725,-1.3150199486073603e-05,0.0001291743803190307,-7.9987342033806e-10,1.4359973605658114e-09,-0.03973375360482414,-0.05480580758716423,0.015689676045939634,-0.0010008607129801464,5.255387460932279e-14,5.579203413283093e-14
18.6000,-0.003820865043716042,0.0006148621174021767,0.26779767667733806,-0.07870043776429025,-0.0970201902078434,0.012373746206696673,0.00129911460422919,-0.001152025097353751,0.007402872372742704,0.0010871144169616051,-0.00023280467143322925,-0.0006170170762126792,0.00012497550039918876,-7.998756425989012e-10,1.4359951926809018e-09,0.048077466077899936,0.07436069562550587,-0.04806238619206405,5.655115439682016e-06,4.934166139905494e-14,5.251447063661652e-14
18.6200,-0.003805750375950115,0.0005983765702965744,0.26789479297683827,-0.07870326138034812,-0.09703805833520603,0.01237025472057692,0.0011651845255007832,-0.0012067967976823394,0.003713862181231208,0.0004950754569974476,-0.0008765387222642995,-0.0005261441679272166,0.00010315462424975852,-7.998797618500178e-10,1.4359911211425477e-09,0.020515526763870542,0.037765164468425434,-0.021832960677797737,-0.0006704259286365602,6.34272501057534e-14,6.66183145973942e-14
18.6400,-0.0038059687242205232,0.0005776297023310463,0.2681014926018466,-0.07865237211185147,-0.09730325844632678,0.012372162101154287,0.0009258836641623036,-0.0020793054336108036,0.01260911592729306,0.0009018089862800297,-6.882536836657623e-05,-0.001031139269177933,9.126283207565798e-05,-7.998820438926284e-10,1.4359888910994795e-09,-0.02878976863447522,-0.0246438331326737,0.0022126028775058767,-0.0011162089656473761,-4.4799217504068456e-13,-4.464623657753075e-13
18.6600,-0.0037928846786656504,0.0005498962878141804,0.2681467732790269,-0.07852937731230171,-0.09744445848517919,0.012361241029300116,0.0008112913598439566,-0.0011937237200154193,-0.003936982799919967,-0.0003892664952635161,-0.001582685712587069,-0.0002979504713182283,5.5222404764039025e-05,-7.998863263118962e-10,1.4359846561298185e-09,0.01669596395119378,0.0326197290169479,-0.004928294309581651,-0.0008054879748045902,1.0614184769823509e-13,1.0934425565510553e-13
18.6800,-0.0037608999761413325,0.0005188947077630254,0.2679338028047283,-0.07832438377408744,-0.0972905231903699,0.012331716570343735,0.00043454657417864464,-0.0005960152298277315,-0.012468060748885882,-0.000588921109202797,-0.0017570859993503872,2.0181841410651537e-05,3.94452332922156e-05,-7.998900390382706e-10,1.4359809870949213e-09,0.02493586382359749,0.037432346576997455,-0.0018308354640177086,-0.00018160078942169343,1.1424162397327686e-13,1.1748977170929903e-13
18.7000,-0.003743422087799259,0.0004901782398920143,0.2677852414637025,-0.07806998297593898,-0.09724965946242708,0.012304961868231457,2.278175649219747e-05,-0.0013467995143760037,-7.02107385777511e-05,0.0006691713636063875,4.531645931584881e-05,-0.0005001988999040616,4.9296193352098266e-05,-7.998909063639455e-10,1.4359801748088782e-09,0.12114830960415769,0.1756680642029178,-0.07069046710018184,0.001342548946457186,1.184709746753984e-13,1.216500451805061e-13
18.7200,-0.0037605403667342586,0.00046225487798710765,0.2679790414316162,-0.0778103468901656,-0.09771020147990167,0.012297980690921853,0.00014652509885275015,-0.0019239223192620155,0.00554502593155974,0.0005409334132198821,0.00018411467113478076,-0.00039607902467662926,4.039854343410919e-05,-7.998931480216107e-10,1.4359779833233052e-09,-0.09337426351472419,-0.11335178558084998,0.06633100444386615,-0.0018437008309284113,-3.595811257257886e-13,-3.5801027940818297e-13
18.7400,-0.003760703848377719,0.0004307646580501219,0.2680304072949396,-0.07750987386817648,-0.09797741411858794,0.012277920102841634,0.0002641868638831201,-0.001642712715125794,0.0002971165243328265,-0.0001061977472624521,-0.00041705094644573784,0.00012521736511957127,1.8052527349330656e-05,-7.998949686733672e-10,1.4359762068479353e-09,-0.12264084079204746,-0.1561954790322463,0.08507777739655183,-0.0021928734151103707,-3.251804207848874e-13,-3.235834994050335e-13
18.7600,-0.0037416877611647107,0.0003985806882389485,0.2679007184017333,-0.07717279220676634,-0.09796415835492342,0.012243117727802202,0.0002862864206367186,-0.0011282504970273632,-0.005889652564071303,-0.00034590421363744895,-0.0005409443591265964,0.00048324460590984413,1.3077414170964129e-06,-7.998955445320366e-10,1.4359756806672736e-09,0.027851390398484242,0.0474172518051624,-0.007946886645156548,-0.00024208600389163146,2.155615367194913e-13,2.1877115462080876e-13
18.7800,-0.0037178193813567533,0.00036908903466090746,0.267726517356757,-0.07681907887096531,-0.09782976990203457,0.01220313840041337,0.00032371866348902877,-0.000785186766219767,-0.008534868730876225,-0.0001327443297425207,-9.851465701896317e-05,0.0005377349494985822,-5.4079707508116885e-06,-7.998962282896662e-10,1.435975045242265e-09,0.011889553383128564,0.02364780558249526,-0.0011826382367512759,-0.0002122375319015007,-2.843783693771973e-13,-2.8277044334529267e-13
18.8000,-0.0036919250312591988,0.0003432172364703987,0.2675457216247426,-0.0764593552348751,-0.09760698029052797,0.012160604100194436,0.00041034876204192874,-0.000572902845998539,-0.008971237335050456,-0.000107805216773315,7.432073745369703e-05,0.0006448644958869089,-1.286058455075226e-05,-7.998970013206383e-10,1.4359743190926556e-09,-0.0667938848063412,-0.08556945046386774,0.04602472654162428,-0.001121986409095168,-2.573754469097078e-13,-2.557328806183923e-13
18.8200,-0.0036624443343364773,0.00032152011755425235,0.2673435478731132,-0.0760982617355704,-0.09726361316849137,0.01211507418419171,0.0004805605834858616,-0.000363361370423401,-0.008754476141815706,2.6429592830856973e-05,0.00037893858632944327,0.0006289588472749214,-2.0023956651469675e-05,-7.998963559198318e-10,1.4359750148690454e-09,0.006308598401393519,0.015028463483398874,-0.00471800275318533,-0.000345485791079645,-2.4079176152991266e-13,-2.391583296419003e-13
18.8400,-0.003652509803116015,0.00030548394563033944,0.2673571814042597,-0.07576991236632491,-0.09714573036115,0.012083146803772888,0.0005878402913918123,-0.0010967888961901542,0.0046721803958663785,0.0006074905495470538,0.0013871272703323502,8.13271643551861e-05,-2.3971968066413166e-05,-7.99894498432794e-10,1.4359769267811075e-09,-0.06265205158207383,-0.07269058609812307,0.024305455995694083,-0.0013381594161140692,-2.0808349618026134e-13,-2.0648980030187059e-13
18.8600,-0.0036322917897428897,0.00029127779502368404,0.2673036942975033,-0.07545881949474118,-0.09688432158455788,0.012047340836765265,0.0007547384637781282,-0.00048062845850995844,-0.0026124720968925866,-9.913804438811247e-05,0.0006477702313144634,0.00030597651309636765,-4.890262698286918e-05,-7.998933152321212e-10,1.4359781582074451e-09,0.0020336594954626142,0.013441200190066657,-0.014192657102036118,-0.0008298366873624824,-1.8523821799371065e-13,-1.836347100856589e-13
18.8800,-0.003624502745486048,0.0002814122736343104,0.26738467724674736,-0.07519722497784685,-0.09679459544886025,0.012023270495649259,0.0008070551203734719,-0.0007289223529901524,0.003251985890313344,-0.00014664574720388746,0.000821059221411607,-1.489697976020656e-05,-6.507395230209369e-05,-7.998915087359794e-10,1.4359800107451269e-09,-0.10764310458805934,-0.13512146930964206,0.04982976717512575,-0.0020864926381106183,-1.53727318418298e-13,-1.5212269920301946e-13
18.9000,-0.0035960393765566635,0.00027339859969606397,0.2672535469817242,-0.07495916175812606,-0.09641441983077702,0.011990042818782107,0.0007362129084286105,0.00026279721801186794,-0.00834330988955156,-0.0009312575274374848,-9.141420982870247e-05,0.0002543692572837773,-9.142668398119251e-05,-7.998899201442808e-10,1.4359816461383364e-09,-0.024610515691516347,-0.029333190490981504,0.0063589829933252805,-0.0009657842919256249,-1.4252788944728312e-13,-1.4089147600329643e-13
18.9200,-0.003572994713297533,0.00027177965865430437,0.26711941446950704,-0.07476626072602995,-0.09604332201003744,0.011963169219915923,0.00040349530958200134,0.00015751606534434155,-0.0016288336038119927,-0.00023648526821491554,0.0008911713195344048,-0.00033422457726495225,-9.269973328883684e-05,-7.998867612822745e-10,1.4359848568327965e-09,0.012707085062154448,0.020426706515464018,-0.022937978728921154,-1.8674625819254263e-06,-1.3940311036596265e-13,-1.3779597038063307e-13
18.9400,-0.0035638778730017616,0.00027538054249055783,0.2670843726255904,-0.07463448552614019,-0.0958494953394727,0.01194933346174422,0.00025673518955111635,0.0004994289653929739,-0.004014464482957477,-0.0006442164296585945,0.00040188626004561786,-0.0002848667768696481,-0.00010216741752420369,-7.998849038424808e-10,1.4359867608795684e-09,-0.07053787719099743,-0.09488771124195772,0.03961703298469235,-0.0010803228652747838,-1.262388631129152e-13,-1.2460001021404044e-13
18.9600,-0.0035448232420509274,0.00028300693401479485,0.266889201939201,-0.07453689156282613,-0.09547019251544993,0.011932291972972657,-9.248137864213549e-05,0.001011722917990616,-0.007119735706331666,-0.0006740978409980663,0.00029974382511171213,-0.0002504147676909964,-0.00010517027260057144,-7.99882051824868e-10,1.4359896634880336e-09,0.0841046701204474,0.11047812321813785,-0.05269786866159222,0.0010335386299559525,3.589268639248022e-13,3.621490585713205e-13
18.9800,-0.0035580974064540675,0.0002975094351206204,0.266957155498618,-0.0745154130576486,-0.09550726570398016,0.011939203619846081,-0.000387413009836754,0.0002456476137917676,0.007512583168208485,0.00016890247448913756,0.0014104032868508083,-0.0008739638917684451,-9.057070463700416e-05,-7.998788445294632e-10,1.4359929220299342e-09,-0.055724714518647536,-0.07533599863256506,0.025777261261427892,-0.00028372016966933105,-1.3269897333745284e-13,-1.3110102196553508e-13
19.0000,-0.003585268467877937,0.0003144243732028116,0.26714464066952154,-0.07456154617919648,-0.09578034501833574,0.01195999287001735,-0.0004695269457175934,-8.993401152707691e-06,0.01211778939826932,6.721179369952687e-06,0.0012214434564417473,-0.0008848340050810302,-8.872321589436986e-05,-7.998755333219269e-10,1.4359962838594392e-09,-0.05507106414963147,-0.07265538536127715,0.02816113116242895,-0.0004364291548513632,-1.2946203354138874e-13,-1.2789419588481177e-13
19.0200,-0.003624022739104094,0.00033235718432899204,0.26744356742565806,-0.07468065737186759,-0.09629444733174945,0.011994238557043381,-0.00048460828346730527,-0.00034985838866026964,0.017177958164322726,-8.881550433486422e-05,0.001148274791893294,-0.0009295308467014713,-8.658684364274066e-05,-7.99871639238141e-10,1.4360002294964962e-09,-0.020101873478079974,-0.023967276067269467,0.006792607456663207,-1.9497853575163787e-05,3.7358999357625655e-13,3.7671287530377517e-13
19.0400,-0.0036510211716902726,0.0003484095229327598,0.2676402494238174,-0.07485627704121867,-0.09675541382865831,0.012027866316917676,-0.0003416910688791127,0.0005680855817136531,0.0023125035949558377,-0.0013156355487808956,-0.0005002722292931058,-0.0001634902557356377,-9.63553230856619e-05,-7.998701383740108e-10,1.4360017738624905e-09,-0.07412544574126406,-0.10593939492857875,0.05813652538624258,-0.0006472233907571869,-1.2912351851808446e-13,-1.2754532673076024e-13
19.0600,-0.0036516587529092158,0.0003648356689958507,0.26754659819810517,-0.07505899894170236,-0.09685577777521322,0.012048498700254966,-0.0005445975616036866,0.0010740779674509,-0.0022278741526237833,-0.001115454176877294,-0.0004598832906965433,5.444936944959478e-05,-8.271635830209043e-05,-7.998675194417044e-10,1.4360044423634632e-09,0.08254454222994602,0.09853585418724754,-0.03586170476299896,0.0019205854948586027,3.409652117938866e-13,3.4414750780045744e-13
19.0800,-0.0036681358536331025,0.0003850399699760142,0.2675974941764054,-0.0753213892027741,-0.09717145951406578,0.012082340555594592,-0.0005415666615230391,0.0008320275596613941,0.0026929158696754004,-0.0004207054364399873,0.0002211227310081792,-8.963052781529152e-05,-5.1191662483543614e-05,-7.998654700864714e-10,1.4360065407360458e-09,-0.017340308641431545,-0.0373419908119095,0.027103966991970704,0.0010321628089783766,-1.859377723404526e-13,-1.843624807939398e-13
19.1000,-0.003686393845177419,0.0004059573597392357,0.26769402884907384,-0.07562544866372396,-0.09753989195666872,0.012120523763988495,-0.0003674130279773697,0.0007221690558989257,0.004260438819684946,-0.00019610445911567956,0.0002731772543074486,7.151554246098808e-05,-2.444365280313023e-05,-7.998638878120939e-10,1.4360081718221807e-09,-0.061246680151298534,-0.09722368107351904,0.05339195234642095,0.0005166968060030681,-2.0922613684984381e-13,-2.0765165845496036e-13
19.1200,-0.003696604929970607,0.0004260169785869906,0.2677573951703358,-0.07595340376208652,-0.09782706734188053,0.012156120955077824,-0.00012558934896635636,0.0007735024190628234,0.0030021821918201543,-0.00023588113518130646,-2.537854621478774e-05,0.0003688631694871681,-4.4131412427846156e-06,-7.998628293239983e-10,1.4360092745301666e-09,-0.010251234825997376,-0.028624384965277645,0.021994048184019264,0.0009934175057645408,2.757662804706018e-13,2.789503112006486e-13
19.1400,-0.0036971022883929136,0.0004447092152457928,0.2677795227253242,-0.07629259940522602,-0.09800072220730698,0.012187072598413734,0.00016897745444204715,0.0009464287881116062,-0.0005191835745990345,-0.00018532086227189602,-0.0002874647871832349,0.0006287814361682315,2.1474431922152332e-05,-7.998625431850202e-10,1.4360096160498665e-09,-0.012214881565020404,-0.032502523051136614,0.021279501719758225,0.0008905934842584988,2.437992570412245e-13,2.469983852865232e-13
19.1600,-0.0036743634868592954,0.000461596751222527,0.26761363494589924,-0.07661101251161584,-0.09782692005378003,0.012202302534357787,0.0003508553656776183,0.0013833536594689746,-0.006791089511069633,-5.496783091235505e-05,-0.0004845932827753415,0.0008517813785391447,4.375077907852008e-05,-7.998637618485639e-10,1.4360084441801632e-09,-0.01591289893713985,-0.04138302049320097,0.01991451110906462,0.001025523426291841,-3.109555256515517e-13,-3.0932992712423557e-13
19.1800,-0.003658208709497103,0.00047899723603641263,0.26754908393699917,-0.07692162533498137,-0.09770018943932955,0.012219809642174817,0.000558251702020887,0.0009921235867929067,-0.0018079327853989882,0.0005747748188907203,4.5254903100732195e-05,0.0005873737619868372,7.28301031144763e-05,-7.998641833529479e-10,1.4360080741152905e-09,0.015094862444194945,0.006381017715969938,-0.005905012339507319,0.0011196073574480728,1.7301828372784378e-13,1.7623194028225375e-13
19.2000,-0.003653627332981931,0.0004948665899832029,0.2676554565386801,-0.07722265659587038,-0.09773594215696618,0.01224330311374312,0.0008389149968977098,0.00021561279200159583,0.0068919172196243925,0.0010847602257232922,0.0005728728606976219,0.00021096953288782429,9.237030927990226e-05,-7.998645479371517e-10,1.4360077540284248e-09,-0.004645780077051519,-0.01338095061390604,-0.004763726103893877,0.0005676709564526909,1.5719034147237965e-13,1.6036916803199852e-13
19.2200,-0.003640873691072669,0.0005056424534991419,0.2677416921487522,-0.07748945377627775,-0.09769603683701798,0.012260081164968177,0.0011210295048364354,0.00027758585058866277,0.0023055969482208495,0.0006224552371570185,-0.00018895141149949176,0.0003187322221639745,9.34183091699113e-05,-7.998668525221683e-10,1.4360055050499688e-09,0.0003570411609067926,-0.004116680272192149,-0.010474022499045558,0.00011688156882053822,-3.8320637895522536e-13,-3.8163065372784355e-13
19.2400,-0.0036229637895587355,0.0005121350087273065,0.2678036663711781,-0.0777145413362664,-0.09759825846637374,0.01227097508409633,0.0012088120894886189,-6.386264863813846e-05,0.0044126790414518915,0.0007533905123060063,-8.894197016515503e-05,2.141570396548944e-05,9.52506666628413e-05,-7.998683871911263e-10,1.4360040213654553e-09,0.050432356619850995,0.06824999337148216,-0.04699517656457826,0.0005800722874633455,1.2514888756386122e-13,1.2831741420284148e-13
19.2600,-0.003617398742412918,0.0005145983553428359,0.26800939901350046,-0.077914649241165,-0.09771806907091332,0.012288149243738864,0.0013241830254733262,-0.0006421929829156148,0.008478243941163133,0.0005318235360892278,-0.00035259480726019767,-0.00018808306247390796,8.94322019538403e-05,-7.998705798993806e-10,1.436001877343299e-09,-0.022444336375115705,-0.02789950257755376,0.0015557066186226314,-0.0007112787405263259,1.2850313803498825e-13,1.316742938642368e-13
19.2800,-0.0036125035249341578,0.0005116703408433197,0.268227884507083,-0.07807761921167139,-0.09790533878958609,0.012303956273136003,0.0012987249779436909,-0.001150803830712,0.01212927309971328,0.0006392550521408566,-0.00011998269851439005,-0.0005331455122110121,8.211281468052965e-05,-7.998713382531011e-10,1.4360011692076003e-09,0.06634456409913327,0.0985449901396362,-0.05848841340665342,0.00030644470306763,1.251101815463035e-13,1.282321417019755e-13
19.3000,-0.003605450001353961,0.0005026509322965134,0.26842559903735785,-0.07820393425797334,-0.09814237047898401,0.012317030951108953,0.0013113317643103672,-0.0010074818427064135,0.005654098388406865,-6.268997623616062e-05,-0.0009491210530178205,-0.00036278250091699785,6.313145864618787e-05,-7.998744838237108e-10,1.4359980686490812e-09,-0.05914335268086315,-0.07684678510811156,0.030615224861334646,-0.0013102625633741212,-3.933970120148511e-13,-3.9185267444036276e-13
19.3200,-0.0035931246415758004,0.000488809688952742,0.2685454917453472,-0.07828882633759435,-0.09835512575210563,0.012324472970387006,0.0011663193621529737,-0.001021949942501985,0.003118070853201345,-0.0002482218406631944,-0.0011037859167086954,-0.00035758567602134345,5.0845388136204755e-05,-7.998765082428899e-10,1.4359960926413992e-09,-0.05973342080937195,-0.0795469705968173,0.03686630334942657,-0.0011191187849460423,-3.907817537444902e-13,-3.8923226620968254e-13
19.3400,-0.0035731696199974203,0.0004716889718960981,0.2685466947195984,-0.0783258946766949,-0.09847078833270204,0.012323523847359852,0.000920693984251066,-0.0009720956889112655,0.001282104993232039,-7.725008871209361e-05,-0.0008412119907143996,-0.000382343031575022,4.683665572841453e-05,-7.998780021136451e-10,1.4359946492625356e-09,0.030573991350972576,0.04378440318356574,-0.016098014070213214,0.0002735554083909755,-3.9739576646741215e-13,-3.958617288135624e-13
19.3600,-0.0035528265735433303,0.0004528782886102655,0.26850336970926675,-0.07832068824038904,-0.09856953269777821,0.012318415774799436,0.0007206232169611887,-0.000941581672106453,0.00011980250743529859,0.00011098042209644548,-0.0005823358212692387,-0.00031870480504947105,4.8031782128086276e-05,-7.998800480490879e-10,1.435992652344632e-09,0.035678106807410064,0.05016821385198512,-0.015070860650198003,0.0005126650526142963,1.367241281129139e-13,1.3989222107102517e-13
19.3800,-0.0035321042428610797,0.00043278121809349463,0.2684307853477877,-0.0782737739353421,-0.09864539169048565,0.01230900753559467,0.000633584169593709,-0.0006557530396830866,-0.0048517535540228435,3.2922106956677355e-05,-0.0006907210549183995,-2.5968321178138406e-05,4.8057274531018934e-05,-7.998825891374129e-10,1.4359901587853988e-09,0.013628017518692399,0.018521621566988673,0.004272314751070541,0.00024362157211305665,-3.942657290055551e-13,-3.927009000100068e-13
19.4000,-0.003500040215506998,0.000411551924637618,0.26822714005325365,-0.0781714930718585,-0.09851832429892461,0.012287265696437991,0.0005383040777544875,-0.00025925419075733874,-0.010221266931395677,-5.707225617056069e-05,-0.0008513416768335251,0.0003293705293546015,4.819938291241126e-05,-7.998848514117924e-10,1.4359879397987127e-09,0.06616655286482144,0.08901979236161746,-0.025737729558942074,0.0009055084183254445,1.359679784127682e-13,1.3917884314658402e-13
19.4200,-0.0034766952767775697,0.00039203508037473535,0.26809556766991127,-0.07803216944440754,-0.098440466994121,0.01226614473431512,0.0004968522012155903,-0.0006538826056682677,-0.0038746832583871635,0.0006235461749410272,5.773902964729773e-05,0.00018390511006833465,6.010018177221348e-05,-7.998865938797515e-10,1.435986253506087e-09,0.07200155365444125,0.10142082500586226,-0.03724611736345218,0.0009600576284623139,1.380300496296727e-13,1.4122017899693973e-13
19.4400,-0.003468708973033482,0.00037289930005836416,0.2681460593267587,-0.0778738810716949,-0.09856424572597175,0.012252118702033632,0.0007102985317873092,-0.0010486362900606289,0.00035198880807976214,0.0006799489789476761,0.00026246315187828534,0.00018655321713438927,5.950982762962482e-05,-7.99888351486751e-10,1.4359845448688676e-09,-0.0351060019443191,-0.040731564870197814,0.02499750086162116,-0.0007728566727822001,-3.6782756744971334e-13,-3.662600279487338e-13
19.4600,-0.0034598846487433168,0.00035226722311923177,0.26823349752131687,-0.07769093241155574,-0.09869168837056913,0.012235790206577777,0.0009202494428830277,-0.0013888055256314402,0.004137896870602454,0.0006532565297143265,0.0004284152579162883,0.00015072836207492078,4.941476659336098e-05,-7.998886332773737e-10,1.4359843150945516e-09,0.04009813057762519,0.06758471759568896,-0.030987623568127665,-0.00018289977135216057,1.7987957586125536e-13,1.8302828870553345e-13
19.4800,-0.0034407253074223636,0.0003298961061257952,0.2682595854126688,-0.07748249029377985,-0.09869269507153823,0.012211741864015961,0.0010847356373107548,-0.0013671218557481954,0.003379073209678114,0.0003020536192834391,0.00016149598983789936,0.0002642890013265012,3.0947388056154044e-05,-7.998900199241662e-10,1.435982975733394e-09,-0.008766715309093148,-0.0008714699693191862,-0.003796130187885915,-0.0007844975902720707,-3.23217526961711e-13,-3.2167183413450706e-13
19.5000,-0.003442467618038896,0.000308747046896466,0.26852844332275927,-0.0772931524380523,-0.09901803035958445,0.0122022261873906,0.0012898873387951462,-0.0023370447543029408,0.016526638406046727,0.0007439067629631978,0.0010830878028545497,-0.0003271254462613671,2.0659881970351637e-05,-7.99888829750799e-10,1.4359842186196945e-09,-0.05911506385201159,-0.06287469711694121,0.017331921866132482,-0.001547677879198455,-2.894835521467798e-13,-2.87998140960366e-13
19.5200,-0.0034429320040547454,0.00028513596510575925,0.2688457193666345,-0.0771229869739323,-0.09943498690173123,0.012195581098627041,0.0016176008263120648,-0.0021731675673299683,0.011830545229049777,-0.00022840051025920525,0.00014928244788885983,-8.884921336985605e-05,-1.2600559059878576e-05,-7.998884248375e-10,1.435984670745797e-09,-0.09301269240376424,-0.11025158112109634,0.04676886146895185,-0.0023517394558207525,2.77894406704865e-13,2.8101734264249223e-13
19.5400,-0.003429774102475003,0.00026028045770399867,0.2690528952443413,-0.07696887924966155,-0.09973645458175129,0.012183825487356291,0.0016760337746272616,-0.002118764033124874,0.011567598157329897,-0.00034541855839670995,0.0002991485839630142,-0.00025012609563597037,-3.632824513275183e-05,-7.998858598092048e-10,1.4359872880851117e-09,0.06741406611384029,0.1082695669852829,-0.05701933930158465,-0.00015019172027668287,2.9472648280237657e-13,2.977977565064849e-13
19.5600,-0.0034199784880280188,0.0002362911516807097,0.2693109052855482,-0.07686084219035041,-0.10016557120831031,0.012179379085904858,0.0017882158418486296,-0.0020160591657701604,0.010246815911931544,-0.0007474257463186715,3.4347684583345356e-05,-0.00024086109406380192,-5.717077053450664e-05,-7.998843537692288e-10,1.4359888410026824e-09,-0.015633477777922306,-0.009451256892212542,0.00439238747200633,-0.0009967582291476099,3.2460102314391115e-13,3.2768948145245336e-13
19.5800,-0.0034149673627299156,0.00021416347723844713,0.2696257596455077,-0.07681075601792,-0.10073777802144566,0.012183894302804706,0.0018400319229076438,-0.002472502929404724,0.018157646099485957,-0.0003614535715857314,0.0007995886746980424,-0.0006400843934040444,-6.437068179508324e-05,-7.998803495419676e-10,1.4359928981901026e-09,0.042387097184720425,0.07093035653517628,-0.03570336228257205,2.558545646256792e-05,3.4146860686257163e-13,3.444944524956528e-13
19.6000,-0.00338922640093018,0.00019180343113032758,0.26975626920478435,-0.07680257684313865,-0.1011100560895332,0.012181443838871837,0.00191914450534912,-0.0014144614644829628,0.003870433153149009,-0.0012687243912314994,-0.00031407781907572517,-3.610375678140919e-05,-8.224355886720522e-05,-7.998791297575487e-10,1.435994161410859e-09,-0.017153262906086965,-0.02152846400465097,0.017223127728678116,-0.0003677116790975583,-1.7742114743514448e-13,-1.7597850802443527e-13
19.6200,-0.003359438409744474,0.00017327884353504383,0.2698379491547609,-0.07684971944399324,-0.10144551746978814,0.012181576688689667,0.0018797904216481566,-0.0012994700423884142,0.0055019278550322605,-0.0009056554632416323,0.0001606249918066431,-9.583285269347843e-05,-7.512555462894616e-05,-7.998760078452875e-10,1.4359973349483825e-09,-0.011952481825646472,-0.019312516616399815,0.01592643891457146,0.00027031173041124193,3.51575756354916e-13,3.546613415277011e-13
19.6400,-0.003321749782914308,0.00015800017565300673,0.26985230168540114,-0.07694861152670958,-0.1016927558120601,0.012181773211139684,0.0019503934575528128,-0.0005794989595016367,-0.0023943816564881513,-0.0011592713717543982,-0.0002909053173258926,0.0003099416889487622,-6.896161754604644e-05,-7.998742037160943e-10,1.4359991830347094e-09,-0.016685183150241655,-0.032102340500635325,0.028826926745529377,0.00036090929909741857,3.4272346245700636e-13,3.4584200737583504e-13
19.6600,-0.0032636671775282257,0.0001461936684359409,0.26966842705947436,-0.07707582192473082,-0.1016249246455279,0.012171934831919633,0.001948604173939758,0.0004566613547249346,-0.013657641408325812,-0.0012737473645226703,-0.0007117023735302779,0.0007900780325059088,-5.5224810071353514e-05,-7.998729333683893e-10,1.4360004996422586e-09,0.02778734772208141,0.020954808745646585,0.007118386906992801,0.0011813425879761866,3.1619254740530844e-13,3.1935315936842956e-13
19.6800,-0.0031936615057389264,0.00013999785153411297,0.2693551652866642,-0.07722116844090086,-0.10129039191157986,0.012154946248536818,0.001870044094565837,0.0009781055433182733,-0.01604335953909328,-0.0004917767162606726,-6.284929952770297e-05,0.0007844723499834338,-2.298592124786348e-05,-7.998715167136996e-10,1.4360019682205022e-09,0.0787680220237822,0.08760951198862593,-0.03242523397795682,0.002246879695994922,-2.581159569935154e-13,-2.565909182176973e-13
19.7000,-0.0031511490952970027,0.00014107489689164565,0.2693251584400568,-0.07741474420816347,-0.1012550942214343,0.012156609690200939,0.0020309873931412792,9.138783761844864e-05,-0.00038595013253783404,0.0006083342780840831,0.0011514020764642368,0.00025483047539746575,1.4446882383845152e-05,-7.9986972415785e-10,1.4360038104940144e-09,-0.010789400778495632,-0.02768520317697132,0.011447625005648398,0.0010182719027685208,-2.7753526473522916e-13,-2.760451914794737e-13
19.7200,-0.003117279681535867,0.00014409740817981825,0.2694376949163458,-0.07763731772314987,-0.10133693608675598,0.012165929489181087,0.0023287931500995058,-0.000600360851802995,0.00996470061845169,0.0009627384300841392,0.0014520353369013147,2.7662804865731572e-05,3.5665914118875916e-05,-7.99868011157503e-10,1.4360055758759087e-09,-0.001547776668630298,-0.007754314256289202,-0.007474345638145453,0.0006947007268406029,2.4099420918057e-13,2.440843751075339e-13
19.7400,-0.0030804819599038725,0.00014566392203429744,0.26959328818381756,-0.07787733126097394,-0.10142883324078092,0.01217628956189205,0.0026943164150561,-0.0004822857582597854,0.00645973944449226,0.0002557487534536369,0.0003878887064570436,0.00029104915294279405,3.533586096597951e-05,-7.998683897308694e-10,1.4360052458791097e-09,-0.09069284949209556,-0.13056329077956821,0.04939280162695108,-0.0008635039818497517,-3.027683897864619e-13,-3.0129148958710217e-13
19.7600,-0.0030362099141907238,0.00014574849515335746,0.26971423799043376,-0.07812163031659587,-0.10144581025094898,0.01218364248633514,0.002851012665891667,-0.0006310240943876115,0.007820919082473411,0.0003404064896698131,0.00041576784530102876,3.765647465509232e-05,3.868342139098619e-05,-7.998673794168039e-10,1.436006305255004e-09,-0.013112207489309852,-0.021579100310698218,-0.00687480408172298,2.572163169438339e-05,-3.223805228845522e-13,-3.209379376839516e-13
19.7800,-0.0029872127568661803,0.00014370469102595865,0.2698150275566939,-0.07836832200760958,-0.10144016411516975,0.012189687696942519,0.0029655385796526035,-0.0002506664536557988,0.0006683694326888278,-0.0002914209859332835,-0.0005298675597008139,0.0001983192127054427,3.202645947832005e-05,-7.998685174790504e-10,1.436005212719816e-09,-0.07958575677344912,-0.11654803635054621,0.04410011596812264,-0.0009684566759788922,-3.3288915244136796e-13,-3.3140298231343346e-13
19.8000,-0.0029228742692196026,0.00013966822360793414,0.26975131896244686,-0.07859322660774627,-0.10122000985752791,0.012185303973661528,0.0028384558743341747,0.00024150935551892012,-0.006516783682235845,-0.0006000030380804317,-0.0011112369559375555,0.0002921528799198544,2.9172185070465807e-05,-7.998700226033364e-10,1.436003753774167e-09,-0.09417370814310898,-0.14197891534982485,0.05984769202320083,-0.0009554356933905756,-3.5389659952533847e-13,-3.523663023689838e-13
19.8200,-0.0028529055319107856,0.0001360767227533847,0.26957642016658456,-0.07878734002240856,-0.10085500223551393,0.012174200610684183,0.002513427989521353,0.00031982506914046607,-0.006241931919633475,-6.307062612328538e-05,-0.0006187933751125693,-1.5296317809963446e-05,4.1055875066172856e-05,-7.998704576743149e-10,1.4360033705291089e-09,0.03641983585718574,0.03884400095722557,-0.023984528729475197,0.0008968462543949374,1.55616107022985e-13,1.5877476742219565e-13
19.8400,-0.0027798098400006036,0.0001327442576632899,0.26930892896572994,-0.07893887631621027,-0.10036654982546002,0.012156528302393253,0.002185863562602919,0.0008263475673284803,-0.012618307378075838,1.6139991416601578e-05,-0.0007810068683124576,4.565366757564135e-05,5.071050440699632e-05,-7.998730413632745e-10,1.4360008342458325e-09,0.02928396562894282,0.026985165110658852,-0.014031043648947058,0.0008936616866528167,-4.161903027072311e-13,-4.146400020207941e-13
19.8600,-0.0027092231763348024,0.00013005311080743024,0.2689964148168978,-0.0790391415184637,-0.09981286278387112,0.012134483955584792,0.0018705613326269938,0.0015011474238219203,-0.02183025094797716,-0.00013456918858499443,-0.0012602755426103732,0.00029819385090577237,5.856404560199764e-05,-7.998761247636853e-10,1.4359977987724842e-09,0.08684007982746711,0.10600913110240619,-0.0414215150094096,0.001370551290358657,9.989241150833855e-14,1.0311861770289504e-13
19.8800,-0.0026537354240045194,0.00012885513261313698,0.2687601677488425,-0.07908875674469229,-0.09935642826919557,0.012115372971643081,0.0015283194222859401,0.0010455391886397681,-0.014892016267784932,0.0004975126825102599,-0.0006007581525986081,-2.688440159764616e-06,7.59365244247984e-05,-7.998791593365899e-10,1.4359948137880182e-09,-0.0054959975488396,-0.017398982489537883,0.010290789660113087,0.00028971729550612135,-4.555950343550219e-13,-4.5399578194049717e-13
19.9000,-0.0025968049460962195,0.00012652779001459032,0.2684502909515281,-0.07906316713589814,-0.09878234308159456,0.012087611233229396,0.0012287478823821542,0.001270885168676425,-0.018350919801607645,0.00038862892954155546,-0.0009152417001799926,0.00018298553150479827,7.972319140631801e-05,-7.998829798325386e-10,1.4359910417896388e-09,0.016273565732221468,0.014506045241873712,-0.0016957120566921677,0.000296715949155611,7.203409418433948e-14,7.529186421464246e-14
19.9200,-0.0025313603046066262,0.0001237217115621136,0.2679751419455057,-0.0789407132604364,-0.09794328381724397,0.012044484561455973,0.0007895083121869416,0.0016232298173656204,-0.022103976490293338,0.0006993357226535769,-0.000687201894756644,0.0001941975475333627,8.607307751818243e-05,-7.998870360337414e-10,1.435987038461771e-09,0.12144540852734284,0.16151607789273478,-0.07291872780726251,0.0016600523323910248,4.9203838974141295e-14,5.2466528571801924e-14
19.9400,-0.002505771166557334,0.00012383372557365978,0.2678235951155449,-0.07876914644941285,-0.09753150579860234,0.012019081322731174,0.00048005260409695396,0.0003463893307618513,-0.004533251916532711,0.0016407700006878581,0.0006096006225906335,-0.00047932582966948433,9.91327550186778e-05,-7.998897584707359e-10,1.4359843663356729e-09,0.009483369718141432,0.018570429540064114,-0.015119340170906622,-4.0508255624751976e-05,-4.736343695715961e-13,-4.720264435396915e-13
19.9600,-0.002479476010014746,0.0001203840413184337,0.26763386131356687,-0.0785166429924196,-0.09706230007891785,0.011986062443828029,0.00032191395431193065,0.0005765393613515893,-0.010073566828785662,0.0008860926050987316,-0.00029772602682140485,-0.00011733460320752002,7.921397296331673e-05,-7.99894185393255e-10,1.4359799866908735e-09,-0.0068455197813178026,-0.0016667320454728887,-0.0015164311638324686,-0.0008111954285438919,-4.534617039503308e-13,-4.518184871377118e-13
19.9800,-0.0024664347459263844,0.00011595294767780814,0.267520473311283,-0.07820063557360836,-0.09670904580293103,0.011954817826766365,1.4452161788135459e-05,-9.188793706720384e-05,-0.0014892104584753772,0.001182383230838886,0.0003136800677020783,-0.00048183146912810366,6.67353408207203e-05,-7.998966996359618e-10,1.4359775245042643e-09,-0.001582744520533746,0.011878549025508132,-0.01475620915718283,-0.0008316857550584756,-4.2924333792243585e-13,-4.276286356269532e-13
20.0000,-0.0024800624892707323,0.00011037927434827485,0.26763633010103616,-0.07785229181662186,-0.09671847515615395,0.011936631960407274,-0.00018390603096383922,-0.0011055606843020072,0.010797582086321748,0.0014590672107355018,0.0010676422919794566,-0.0009902757477043675,4.825823486308225e-05,-7.998975393421553e-10,1.4359767391103385e-09,0.01995092950877421,0.05146329853166607,-0.03662030662326851,-0.0009469644395761857,-3.9060497458026644e-13,-3.890608538462126e-13
20.0200,-0.002501425093229594,0.00010071566848721247,0.2678160531118285,-0.07747667068148639,-0.09689592459055403,0.011921660581999073,-0.00021910800335682578,-0.0012028859508149078,0.008686897557452536,0.00041439957222694267,0.0001285926195084591,-0.0007218146200663358,6.6709509911836655e-06,-7.999000211814066e-10,1.4359743029485518e-09,-0.11764720967564343,-0.13760833180069015,0.058312970706860805,-0.0029681233955113806,-3.327950436927962e-13,-3.3121742111161256e-13
20.0400,-0.0025422164334788734,8.929516066907789e-05,0.26816450319288476,-0.07710785905319645,-0.09741427718951932,0.01191938551021361,-0.00037366007077773187,-0.0022252732608395312,0.021643764303087325,0.0007532466000403915,0.0011432161266643958,-0.0012911264219073139,-2.122937297694178e-05,-7.998973910061405e-10,1.435976990836902e-09,0.06475611219893537,0.12074532101661627,-0.06399728407836486,-0.000790612471904391,2.333965269316063e-13,2.364638161927307e-13
20.0600,-0.0025989640379929335,7.435104541345425e-05,0.2686881804378886,-0.07677855595494208,-0.09831886094210596,0.0119315966621148,-0.00021385369503495647,-0.002500506072702738,0.02170927873744415,-0.00024896094401691515,0.00043604263563539006,-0.0010839317178500394,-6.56181558381132e-05,-7.998966338328178e-10,1.4359777946202654e-09,-0.09077695655719581,-0.09341099753850858,0.045125666533505235,-0.0028118714253484362,-2.1902323162591164e-13,-2.1757414121227614e-13
20.0800,-0.0026315863161985253,5.493878078968534e-05,0.2689811701097113,-0.07647188051243844,-0.09903639734802405,0.011933276377102885,-0.00017496717162404377,-0.0017553199151710114,0.009679539553345521,-0.0015174911172343903,-0.00077355159893918,-0.0003939755663263572,-0.00011067373171006304,-7.998957871682283e-10,1.435978684978609e-09,-0.13827446069391336,-0.17006263509421146,0.09175382626991523,-0.0028309205531409894,-1.6843644534692004e-13,-1.6693954161747793e-13
20.1000,-0.002641185336512987,3.600599197764063e-05,0.26902158334904497,-0.07619753791265121,-0.0994890988619775,0.011924380605796567,-0.000340445943578292,-0.0009795053388624321,0.0012800773044062009,-0.001495968815866243,-0.00046497620584835407,-0.0001384675642099778,-0.0001277647320402136,-7.998918215604926e-10,1.4359827046939963e-09,0.11924817455534102,0.17340880404292036,-0.06174237862814662,0.0010313384014051126,3.6737805722900085e-13,3.7046711184873793e-13
20.1200,-0.00267259308801561,2.307519676592937e-05,0.2692712710919273,-0.07601308016531967,-0.10028142010654155,0.011935063406016567,-0.00027735117644386826,-0.0017513404877761384,0.015507074109651756,-0.0006295946754772889,0.000917415486505154,-0.00048122096067420634,-0.00011771750064412507,-7.99888209670788e-10,1.4359863634743336e-09,-0.06843470560448665,-0.08371871879884495,0.05440022610579365,-0.0006087979084091149,-1.2299021393338827e-13,-1.2155410684076828e-13
20.1400,-0.0026844204549400234,1.1756367044455085e-05,0.2693796499580897,-0.07589432098261485,-0.10087990775778548,0.011940361962745725,8.728897547800814e-08,-0.0008483607405316634,0.00446317807046518,-0.0012529715770418825,0.00018377892903433257,0.000329109612892465,-0.00012179795903359208,-7.998848672826679e-10,1.4359897542833024e-09,-0.03695239289243969,-0.049525959132214234,0.04502535388620632,-4.9505049298257365e-05,-1.0933292574240305e-13,-1.0786984912074249e-13
20.1600,-0.002676690934694869,4.526267520600328e-06,0.2693450483610978,-0.07584178110873123,-0.10122369307442919,0.011939564151131196,0.0002764704074886406,-2.047925491722746e-05,-0.0038591463859569985,-0.001286873807118267,8.197261844452723e-05,0.0008045577493154978,-0.00011192898868891687,-7.99881734904888e-10,1.4359929310156578e-09,-0.02198845295621719,-0.036811984251976064,0.037800270128169465,0.0005144978152193971,-1.114048225414957e-13,-1.0991637558899897e-13
20.1800,-0.002645055717630285,2.7885660302658765e-06,0.26912520856965416,-0.07584374367859742,-0.10119176577407216,0.011928474444058895,0.0005048687248209328,0.0007930245594110459,-0.010284111006601163,-0.001075826304311429,0.0001301763810519018,0.0012250402990952238,-9.17290890587174e-05,-7.998784051053986e-10,1.4359963091949584e-09,0.09964157317987504,0.12224547489471757,-0.0395959350910264,0.0022335520489949775,3.866733864522909e-13,3.8981583802902287e-13
20.2000,-0.002623739377069844,9.299728348225758e-06,0.2690711736681602,-0.07592724493269505,-0.1012435140189548,0.011928878223546489,0.0009091374266148725,0.0004977043970303849,-0.0014660885237807305,-1.944353241561444e-05,0.001305467411784617,0.0008803130730923098,-5.462193105047745e-05,-7.998741077259433e-10,1.4360006609036492e-09,0.08173959486736848,0.10128173828152015,-0.04196934730481557,0.0020061206652699924,3.6831123003885913e-13,3.7141806557422496e-13
20.2200,-0.0025898514824874573,1.9488532579960795e-05,0.2689947297954855,-0.07606804550665482,-0.10111135518191433,0.011926837222238019,0.0014332901413279613,0.0011068721219526954,-0.008073971363329092,-0.0005296657387621904,0.00036795771613311204,0.0013577521038219357,-4.175752372309146e-05,-7.998725531758348e-10,1.4360022603007506e-09,0.020735010041180092,0.014174716974583905,-0.0025096821490542334,0.0009046803672255159,3.5260374264475813e-13,3.557661977515725e-13
20.2400,-0.002506081113036717,3.178961619827141e-05,0.26848253400156763,-0.07620613392573283,-0.10019399889194548,0.011894870153296253,0.0016054948804333745,0.0028626675819872845,-0.02900724410203694,-0.001190078790671383,-0.0009576171138985863,0.0020391660071022617,-3.4861033680824274e-05,-7.998729573073429e-10,1.4360018965701121e-09,0.0906740618393789,0.09777652728468897,-0.0438899953349821,0.001895737906269413,3.077646102377096e-13,3.110233967075493e-13
20.2600,-0.0024107542439949837,5.18109134765329e-05,0.26784058068561967,-0.07634428378737439,-0.09890492724272311,0.011853349826073173,0.0015444951482173686,0.0036395531310434563,-0.03405398845342658,-0.0004745941419256231,-0.0005591222406335362,0.0017509915893208147,-4.665806291876512e-06,-7.998735468681596e-10,1.4360013534887987e-09,0.05250374249844629,0.041801951839375774,-0.02714489560452795,0.00174416275120505,2.5478664317235555e-13,2.5810424761005257e-13
20.2800,-0.0023330670984861505,8.038395200659288e-05,0.26733720153767315,-0.07648463252276318,-0.09763888347666459,0.011819269891575673,0.0013855572629445376,0.003178274609216191,-0.022231201564875964,0.0008540636441439128,0.0007247754534699812,0.0008438059554049883,3.352262132153048e-05,-7.998736662936251e-10,1.4360012856609488e-09,-0.011668918641138124,-0.0389026888106696,-0.004904224710364364,0.0009193915287757317,-3.0618785501826395e-13,-3.044871754905032e-13
20.3000,-0.0022686861795911746,0.00011287939252227873,0.26693716539149187,-0.07660751730200989,-0.09640403937224565,0.011789897281311605,0.0012504080893991057,0.003192089100307349,-0.020699416122578827,0.0008675545657592503,0.00036495636998292016,0.0005230980652581581,4.7227764457746136e-05,-7.998755384262556e-10,1.4359994620194782e-09,-0.0671067806896249,-0.10922593390573104,0.024285713504002236,-0.00038043915310078996,-3.363131171121858e-13,-3.345777431149055e-13
20.3200,-0.002213114524038054,0.00014698393739893492,0.26656015083585055,-0.07669039288383124,-0.09515178732001182,0.011761210927917515,0.0008991848292207357,0.003195400547713771,-0.019842730140340666,0.0008555253293018612,6.657975030279896e-05,9.759209727846946e-05,5.0528394657007596e-05,-7.998775173042817e-10,1.4359975336495793e-09,-0.023913966569048484,-0.044962456276651935,-0.008845361866054608,-0.00027980360389956536,-3.6588099086923287e-13,-3.6413705167478994e-13
20.3400,-0.0021586605532765367,0.0001810548960269561,0.2660829422317502,-0.07670636825124315,-0.09376859902122676,0.011726596331990838,0.0003164819508628226,0.0035114898723878664,-0.02369019466190133,0.0004991626738294787,-0.0006655658277425579,-0.00011465103928185987,4.379996073460714e-05,-7.998810290790693e-10,1.4359940700668871e-09,0.01805935937590851,0.013535232350422106,-0.03056396802696351,-3.887220845954023e-05,1.1544542719791467e-13,1.1881701135127432e-13
20.3600,-0.0021300812148457673,0.00021645227413018167,0.2657103008708054,-0.07666487155704876,-0.09259746066358926,0.011701086685546019,-0.0004959898867648669,0.0030631312722535138,-0.016835367036354392,0.0009554993543810192,-0.00019745400554564094,-0.0008538914306469827,4.4533789218287946e-05,-7.998840056845631e-10,1.4359911448793559e-09,-0.010722834484528404,-0.01960649364976461,-0.01744017667880223,-0.00039194190208071046,-4.0642483952954556e-13,-4.0463921276157055e-13
20.3800,-0.0021228131764455794,0.0002507230185162265,0.265386801951967,-0.07655504661362092,-0.09161448061848092,0.011681634123115918,-0.0012903774356332431,0.0030590106237721416,-0.018182149003761704,0.0006337379578126969,-0.0006811334293419568,-0.001067985410867295,3.211803155597684e-05,-7.998876487129336e-10,1.4359875518319329e-09,0.02247177845067583,0.030010042587113525,-0.02765537819396633,-0.00037114091126821654,8.998468745309574e-14,9.335278860697627e-14
20.4000,-0.0021300935170791807,0.0002831100456561342,0.2650230602564763,-0.07636370635360168,-0.09072467687131656,0.0116630365675409,-0.002243165929690671,0.0029521275770436417,-0.017380708114346038,0.0005329664260891113,-0.0008250305085588235,-0.0012407355074141137,1.9953414416891086e-05,-7.998918588853325e-10,1.4359833905512109e-09,-0.004744513099520806,-0.00577830981333784,-0.006332222823639019,-0.0005454142852682904,-4.095285850887198e-13,-4.0770268021003697e-13
20.4200,-0.002162457600654571,0.0003145688036377207,0.264718972562196,-0.07609908882610184,-0.09007713796139125,0.01165173066212943,-0.0032323096860174907,0.0024570876307970827,-0.011003252827569945,0.0008817059687064474,-0.00030021590265398476,-0.0015568442325021002,1.4477909794223601e-05,-7.998950398441384e-10,1.4359802616876287e-09,0.01840874318820481,0.030775066254446697,-0.017506146252172942,-0.00018132750082074293,-4.017188057897636e-13,-3.999099770952974e-13
20.4400,-0.002230691410545381,0.0003445098389316457,0.26461535532482566,-0.07578229753623053,-0.08987587569901682,0.011655851707945065,-0.0040418893511496735,0.001718501903833948,-0.0026880970044296814,0.0010563323819499507,0.00013007314144333445,-0.00172963731892819,5.726715543500162e-06,-7.998974018671912e-10,1.4359779526562852e-09,0.03873285967542247,0.0660507080757396,-0.025614174288222765,-0.00019282994616324714,1.1362327636925407e-13,1.1694561063892855e-13
20.4600,-0.002338565062350916,0.00037141393053936097,0.26479962099202,-0.07543869786670564,-0.09025003823961564,0.011679978703256157,-0.004645289078649061,0.0004159614040857916,0.012340901111297087,0.0011694758266390254,0.0006863445954979811,-0.0018993808969688384,-8.995076247723716e-06,-7.998989421141793e-10,1.4359764673848255e-09,-0.06191048755516763,-0.0613908997562653,0.03343414159666967,-0.0016417801083737937,-3.269442008790868e-13,-3.252283967310199e-13
20.4800,-0.002454719432753639,0.0003916606030569148,0.26500684595092117,-0.07506452260641548,-0.09082677448165484,0.011706243786387502,-0.004897951759129357,0.0001999351763933577,0.010740657789421005,0.0003919182402874349,5.543212780009282e-05,-0.0014103274645650874,-3.725197120252281e-05,-7.999000051423713e-10,1.4359754490715707e-09,-0.0273634486399181,-0.013450815365666835,0.02104605694595845,-0.0014139191943521152,2.0586825430143896e-13,2.0912476394671642e-13
20.5000,-0.0025748416133995794,0.00040699806550032787,0.26521354507248024,-0.07467787578041242,-0.09154113667388188,0.01173319012821126,-0.005084292379396628,-0.00012181604156816373,0.012476412361215267,7.049045005258119e-05,9.594877758426986e-05,-0.0010370777317831171,-6.196227249768109e-05,-7.998995459114651e-10,1.4359759625241593e-09,0.08377612661080448,0.1369805772210713,-0.04133245834566472,7.11947047692687e-05,2.4929667705175795e-13,2.525066744238358e-13
20.5200,-0.002726861664665334,0.00041998887969960807,0.265755251518283,-0.07433847169847198,-0.09283513635309859,0.011781702404072843,-0.004975893527740625,-0.0014557181512736743,0.0283282261897095,0.000534033875682833,0.0012265716647236428,-0.001273723590822356,-7.047823979626941e-05,-7.998974354887883e-10,1.4359781204393091e-09,-0.046544119705128534,-0.032977412125759595,0.031764810684394386,-0.0013883277771185214,3.108261803323742e-13,3.1397210135605813e-13
20.5400,-0.0028545495029458174,0.00042623889036147065,0.2661281806183622,-0.07402470993238928,-0.09397135516621069,0.011819035547701785,-0.00451026517700438,-0.0008737763479068839,0.016224839330251886,-0.0008386955845681564,-3.48906547738386e-05,-0.00014929202294029778,-0.00010671026110235801,-7.998958506837471e-10,1.4359797575626348e-09,-0.04659715641344578,-0.04177909599355899,0.04379544277450378,-0.0011721643946137638,-1.1791013044409882e-13,-1.163159602272576e-13
20.5600,-0.002955667065237964,0.0004301583149141303,0.2663080685231614,-0.07374988637058186,-0.09484662718677633,0.011844275994538469,-0.004097169496020984,-0.0004437229852689285,0.009785112335946809,-0.0011584015334880334,-0.0001636531489356316,0.00045742990638828737,-0.00011846897078814019,-7.998933732138577e-10,1.4359822798113477e-09,0.00940729478699345,0.025420434313462584,0.01524775830253611,4.6317689885689664e-06,-8.90548350123907e-14,-8.745468813107365e-14
20.5800,-0.0030642859595942187,0.00043631800455119904,0.2666687704515553,-0.07356576787324948,-0.09592907758323768,0.011880794757531262,-0.003487037072060195,-0.0009765600753479313,0.018098339049962994,-0.0006386535996825083,0.0008165232889629986,0.0004567180409636552,-0.00011117821036833772,-7.998889658155158e-10,1.4359867373035166e-09,-0.06306615682715837,-0.0726780718774823,0.055569802360737976,-0.000599048539631644,-5.377411704940091e-14,-5.22138484792406e-14
20.6000,-0.0031636702992925213,0.0004431151215349901,0.2670949640368212,-0.07347774628877761,-0.09702315411336572,0.011920712358450616,-0.0026699595696702805,-0.0012995205154608257,0.023276219100783258,-0.00038874666821057973,0.00140224905603169,0.0005648703375541787,-0.00010610910037672836,-7.998829587386538e-10,1.4359927970495106e-09,0.04142895627527741,0.06861070191414136,-0.017392856319127965,0.0006066791360329688,4.59596228262471e-13,4.626764466345024e-13
20.6200,-0.003247115142567894,0.00044959755536823397,0.2675593041368278,-0.07349987147706163,-0.09807762460769825,0.011962678639008191,-0.0015993088933336057,-0.0009865461715164896,0.017551524871035687,-0.0011218483072203118,0.0006492054813126277,0.0011043347400739127,-0.00011132650822697533,-7.998788269540553e-10,1.4359969727381915e-09,-0.11692277650809796,-0.1512651656103954,0.08222240881124654,-0.001243189618664168,-2.387959096547586e-15,-8.721033225480147e-16
20.6400,-0.003283825192655605,0.00045610861066796915,0.2677296580961443,-0.07360342899646191,-0.0985961054897516,0.011986824179310875,-0.0007981820846112292,-0.0001968371927782403,0.008010349396178944,-0.001450439351360629,0.00021824800926490182,0.0015177400399974336,-0.00011062473989616596,-7.998735220927554e-10,1.4360023256764943e-09,0.047622516376128604,0.06123929299124836,-0.02149347801495312,0.0009610828892104178,4.830970150825065e-13,4.862175657753542e-13
20.6600,-0.0032845390552185376,0.00046571171509050607,0.2676816824028709,-0.07378948382582046,-0.0986577835930455,0.01199849199626654,-0.00011395530564607219,0.0010053911539123499,-0.006564905182561613,-0.0018113073801576415,-0.0004629205729757759,0.0019472417343490485,-0.00010180444650322493,-7.998704531124557e-10,1.4360054370611663e-09,-0.009327037709232289,-0.028516440968836536,0.01923563720155461,0.0006856866989112657,-3.4519018502973675e-14,-3.292615610500302e-14
20.6800,-0.0032793222859715736,0.00048222918411928593,0.2676760591001802,-0.0740700192078606,-0.09861378859038789,0.012014569965347499,0.0003781964850290063,0.0008165666380464132,0.0011447499894071472,-0.0006501339202120356,0.0007841435731404589,0.0013218305056223573,-6.83109053668923e-05,-7.99865087403839e-10,1.436010854921181e-09,0.047244171707170976,0.04772502531314777,-0.029529329971973987,0.0016352484808316115,4.2819269180718877e-13,4.313542253421565e-13
20.7000,-0.0032665529099046705,0.0005031810441821317,0.2677032171264497,-0.07443244232990916,-0.09847040949694545,0.012033825398250883,0.0009025732889986146,0.0009678591006270492,0.0016239462278303109,-0.00029240058209827464,0.0009341118106441515,0.001031726704960182,-4.33356229849021e-05,-7.998613619734201e-10,1.4360146292041237e-09,0.02171974812401711,0.012686125716006781,-0.02087530637416238,0.0012379450586821907,3.9530022050843217e-13,3.9846348876687587e-13
20.7200,-0.0032659322004444115,0.0005284130173633682,0.26793811639236365,-0.07488297268024398,-0.09851616663293915,0.012068248887449258,0.001289224920188822,-7.903064236527357e-05,0.019020460647407044,0.0008106230681570238,0.0021314129408252836,2.1588055049101654e-05,-1.1134204160282254e-05,-7.998560155945219e-10,1.4360200333009034e-09,0.05017241319884327,0.05926104556433682,-0.05957427493177881,0.0015172994178239275,3.60606184669765e-13,3.6368418042734274e-13
20.7400,-0.0032436591671824357,0.0005514440625215719,0.2680495169247194,-0.07538078815176356,-0.0983490801297069,0.01209669879096912,0.001731606513431238,0.0010258597261657298,0.0010239942692190438,-0.0007003846508534262,-0.00018810449786316546,0.0006141019724890423,-1.7020085557415146e-05,-7.998555897069523e-10,1.4360205012009276e-09,0.013593709884621141,0.0018664318226252225,-0.020483775695848565,0.0005322242994762275,3.2970219436545545e-13,3.3286941996182873e-13
20.7600,-0.0032034549646228518,0.0005746462212399664,0.2679839489232264,-0.07589972775109617,-0.09792314384766122,0.012117370130371561,0.0016432910622399062,0.0012538426796857972,-0.0007721219615835432,-0.0004981143835506332,-0.00030426255007018354,0.00026554737511218387,-3.081774677263179e-06,-7.998544105975164e-10,1.4360217264290175e-09,0.05429262335665704,0.053035211972466134,-0.047565655330876366,0.0014259361795587934,2.7961227083705964e-13,2.8279342843134936e-13
20.7800,-0.003174968024368403,0.0005989322971962425,0.2680075156813683,-0.07644732942770166,-0.09765234729753491,0.012147628327399459,0.0015247966012698645,0.00126690677959826,-0.0014185049153813687,-0.0002840226851026739,-0.00040984193000385207,-0.00015034065015440793,1.703644065504994e-05,-7.99853907045428e-10,1.4360222790028462e-09,0.02638456037196445,0.015910254781582645,-0.023744219681323536,0.0010302329538907546,2.348521225582767e-13,2.3804032746668757e-13
20.8000,-0.0031348101308911725,0.0006212902790530668,0.26785983012958176,-0.07697515207720317,-0.09719416072476963,0.012169622931860942,0.0011965019499601732,0.001758872084023988,-0.008725899056988496,-0.00038594243945143234,-0.0010107008648374944,-0.00015969333728406548,3.272517807805222e-05,-7.99855434434727e-10,1.4360207982521843e-09,0.019660457679850536,0.0023182824313731807,-0.013088143640224915,0.0011779752548719319,-3.3858213541876347e-13,-3.3696434314708923e-13
20.8200,-0.003112423084257876,0.0006435783022373783,0.2678068485530512,-0.07748767562447291,-0.09693670361845891,0.012200165429514442,0.0007818802764525295,0.0012778417916142501,-0.0026456305023553144,0.00029705688866713513,-0.0005152038718875498,-0.0006409141934169186,6.212939838709946e-05,-7.998565090661046e-10,1.4360197749708434e-09,0.014358075695957642,-0.0008599889401711417,-0.009643666820612575,0.001221195088443629,1.343060591126738e-13,1.3752142328550543e-13
20.8400,-0.0030938992205877024,0.0006624946371825124,0.26771828569712547,-0.07795208144913009,-0.09670688999479882,0.012228689085826678,0.00041087218855351347,0.001297624850432848,-0.0052621563455555785,0.00039169609095545115,-0.000782750834095587,-0.0006461958076663945,8.307379948022586e-05,-7.998589932968485e-10,1.436017340728162e-09,0.0614020056552243,0.06615892075657014,-0.03347420081221832,0.0016495291674396197,8.877791622501074e-14,9.199376828882e-14
20.8600,-0.003082114087865735,0.0006773317380676794,0.26762259745372563,-0.07835319046305302,-0.09654291015608701,0.01225543087376538,6.079671507964008e-05,0.0012114276407028538,-0.007119604492396833,0.00035792765086952675,-0.001177352528953583,-0.0005116578326086419,0.00010149928086332363,-7.998633415180742e-10,1.4360130394184804e-09,-0.028318139525914943,-0.056418654689604476,0.028658531893488128,0.0004826136173715821,5.76045084571021e-14,6.086081481447222e-14
20.8800,-0.003074949613643398,0.0006876213028143322,0.267499704008395,-0.07867170632414315,-0.09640112461825115,0.012277190895277642,-0.00031525262090589015,0.0008996740334935975,-0.005593088720016888,0.0007001211138948916,-0.0010323718637953302,-0.0004962710222630182,0.00012285020486073773,-7.998673370901596e-10,1.4360090975656817e-09,0.04331674805729368,0.046551907600668165,-0.01565403911031607,0.0012875831773398387,2.0143578509856583e-14,2.338558695107705e-14
20.9000,-0.0030952201870247807,0.0006937696978322444,0.2676041367681106,-0.0789249548323191,-0.09663221446125224,0.01230934985264124,-0.0005045266272064757,-0.0001505949897373596,0.004445639931437969,0.0012664445025405877,-0.00038102013441944116,-0.000761860873545203,0.00014323678100438888,-7.998708122000673e-10,1.4360056720796349e-09,-0.018302476031107438,-0.028746646838756565,0.017671051402688036,0.00022532542359178623,1.1579936499712257e-14,1.4788168655128012e-14
20.9200,-0.003118525160822544,0.000691327405061005,0.2677379302200283,-0.07909172923757102,-0.09695913699100396,0.012336682183978572,-0.00047734470905474915,-0.0004201770611242248,0.001784560182189552,0.0007617800108401001,-0.0010645945408639245,-0.0003641258130802004,0.00014146452171414189,-7.998759091994035e-10,1.4360006227768044e-09,-0.07976470661560561,-0.11003516040261395,0.05990914967087571,-0.0010330932084712276,-5.183625880963993e-13,-5.167520057691721e-13
20.9400,-0.0031226112883156916,0.0006802814292304189,0.2676690597592788,-0.07914302215577006,-0.09702879622864102,0.012342779481204946,-0.0005773513543118261,-0.0003622395612297169,-0.003139506951394356,0.0005234084641375478,-0.0014052973342565376,2.4082857900607586e-05,0.00013655960582948122,-7.998810351765137e-10,1.43599554532558e-09,-0.013028044874390394,-0.018477782010728305,0.018327588624175453,-0.00015494325344788854,-5.245281205906727e-13,-5.229024678532479e-13
20.9600,-0.0031337118387099387,0.0006642854464968839,0.26766155386008983,-0.0791048443003651,-0.09718482133029704,0.012345009978785414,-0.0005944953366496446,-0.0007957541687561517,-0.0009270150860359686,0.0008405094682112054,-0.0009107552976840456,4.559888007011384e-06,0.0001386482075267975,-7.998850849381986e-10,1.4359915471157418e-09,0.04179069893285049,0.06294477947707768,-0.017986761015642214,0.00031786435800790555,1.3670937279897273e-14,1.688469378419502e-14
20.9800,-0.003157267345787192,0.000643130950099809,0.26780333562628617,-0.07899332326330204,-0.09754062854607298,0.012348567239870871,-0.00041641364833439043,-0.00147539801038459,0.0037337258680037637,0.0009182146979489316,-0.0005932147737625077,-1.2393546379793285e-06,0.0001330101270813416,-7.998893605576876e-10,1.4359873207157401e-09,-0.06358368293000642,-0.07640443445866557,0.044426730822725545,-0.0013600083336859918,-4.923679736493214e-13,-4.907761480196782e-13
21.0000,-0.0031677953708614016,0.0006154395481422835,0.2678521038396018,-0.07879142255579298,-0.09774227465464728,0.012336982157765403,-0.00028154239275317685,-0.0017927971015346603,0.004872285284181767,0.0008487179676658083,-0.0004415334499387074,0.00012499152748557697,0.00011759984704114854,-7.998926030491816e-10,1.4359841293490612e-09,0.028846202851104456,0.054628038576841835,-0.019361450602115342,-0.0003809359582609454,6.204685745227201e-14,6.522942450938596e-14
21.0200,-0.0031941753365660026,0.000584109156363703,0.26810976947119225,-0.07854604226027073,-0.09821741425673447,0.012331755399788227,3.304897217151069e-05,-0.0026773330605905864,0.013137456499914704,0.0008728319769834281,-1.07891614884689e-05,-4.438931711096276e-05,0.00010046847619697415,-7.998957375377e-10,1.4359810432952286e-09,-0.15086919543565921,-0.18765665031091983,0.08862571771765128,-0.002907436616322205,-4.21078861882751e-13,-4.1951934547784786e-13
21.0400,-0.0031960597689705775,0.0005461834766863952,0.2681881275006656,-0.07823390352628706,-0.09842379164983549,0.0123075207445173,0.000333923920367497,-0.0020293000853625256,0.0007316032452583842,-0.00018091312007204697,-0.0010594376638668815,0.0005509316103145376,6.194980036242502e-05,-7.998990366402413e-10,1.4359777898033652e-09,-0.12989849421088287,-0.16273805636876854,0.08216736252572746,-0.00282857548860073,-3.8192582776930273e-13,-3.803290148096661e-13
21.0600,-0.0031678721668534932,0.0005056700141527836,0.2679850102774305,-0.07785215566541907,-0.09819297197842142,0.01225959585648091,0.0003672222986472256,-0.0011860360710511646,-0.0106628094312991,-0.0005505292829128633,-0.0013003048125056847,0.0008723930090798825,3.312266726559364e-05,-7.999015435095736e-10,1.4359753329054805e-09,-0.0020652677897119664,0.007218265537230036,0.005470671919013378,-0.0009525679605147771,-3.595732652600381e-13,-3.579486967247858e-13
21.0800,-0.0031323409378064683,0.0004672469421636307,0.2677039444318882,-0.07742812150488225,-0.09778860538328578,0.012203064430517243,0.0003937494748459568,-0.0003538921684824007,-0.020937487376784296,-0.0007350929970588756,-0.0013657174308524657,0.001049244079287072,1.5115960133651502e-05,-7.999044146524313e-10,1.4359725040535e-09,-0.08951433405158402,-0.11754707841652365,0.06626896344954943,-0.0018721934458046773,-3.294122244944242e-13,-3.277210859457813e-13
21.1000,-0.003080184268351322,0.0004332306803508655,0.26722062933520035,-0.07694861182799499,-0.09700216382635733,0.012130524205043892,0.0001442735581150306,-6.918121112973867e-05,-0.01972126949212645,-3.935203749765907e-05,-0.0003522960381640561,0.0008206371688964059,1.0361153003832514e-05,-7.999052586592891e-10,1.4359717117120746e-09,0.0673347627874155,0.09669499038301566,-0.04070826474461095,0.0003965513899659261,-3.224676385291114e-13,-3.2078593253936916e-13
21.1200,-0.0030674369116531703,0.0004074229576162085,0.2671110572950831,-0.07648208821641271,-0.09665187521527133,0.012080909940146047,0.00011411077805278136,-0.0010076087826912511,-0.003249218419953437,0.0009317795936222979,0.0011948893418145385,5.653843665845034e-05,1.0806175957675364e-05,-7.999046753031445e-10,1.435972348743409e-09,0.002436859854703383,0.01859809669740635,-0.012015107399054866,-0.0008578671532249293,2.276210090638303e-13,2.3085201285300005e-13
21.1400,-0.003041517353583384,0.0003832326791518534,0.2668810117795941,-0.07599321350354347,-0.09607213246665862,0.012022074200059813,0.00013485563821571587,-0.00024421308603361287,-0.012097319741220292,0.00017181414384773592,0.0004243597142034487,0.0003712529668367019,-2.021418373818994e-05,-7.99905366859413e-10,1.4359717049235317e-09,0.06077209125647899,0.09640100863536827,-0.04927520429700904,-0.00043180809911194076,2.5466223097306284e-13,2.5791353644791237e-13
21.1600,-0.003047957590327784,0.0003654243157911638,0.2669564671900275,-0.07554022949393936,-0.0958951269765653,0.011984886441686441,2.3975180018974672e-05,-0.0014099799724645152,0.007634771461983679,0.00082637392737691,0.001677012220504716,-0.0004741724110192604,-3.536843505207303e-05,-7.999034120726303e-10,1.4359737127999008e-09,-0.035213231119952365,-0.026259324180780894,-0.005029129964018047,-0.0016934120849139193,2.991053043265024e-13,3.023002312883827e-13
21.1800,-0.003057629908550424,0.00034905358196633774,0.26707221442915446,-0.07512005538257004,-0.09580654917122446,0.011953669036918276,6.485332832502413e-05,-0.001107326445453382,0.003907860189847689,-0.0001848231200910715,0.0007499948007733164,-0.0003511852851320368,-7.704054601408915e-05,-7.999024768658572e-10,1.4359746942509326e-09,-0.12892229484850803,-0.15531436598297466,0.05806272524939311,-0.003021054992278462,-1.5433612504320293e-13,-1.5271236965958002e-13
21.2000,-0.003039658401871208,0.00033412152991625096,0.26687089678526316,-0.0747102333776453,-0.09532632856013444,0.01190833593614682,-0.0001673445531115123,0.0002665483723511371,-0.012832099459536783,-0.0012737431981952097,-0.0004483428913936895,7.938603672500395e-05,-0.00011842149093829792,-7.999012929988609e-10,1.4359759239513016e-09,-0.009608253055188795,-0.0038448496299270927,-0.0035144029568026226,-0.0012169507269904993,-1.3207688523593497e-13,-1.304065633690038e-13
21.2200,-0.0030337025582756793,0.00032702717579862617,0.26669591561317957,-0.07435009035049023,-0.09493526617002893,0.011873303279915544,-0.0006731954045871549,9.742164355813432e-05,-0.004291160934096517,-0.0006237433169005672,0.0005892512622855601,-0.0004979681745536512,-0.0001274073156887682,-7.998979361756187e-10,1.4359793347241726e-09,0.016082768292039088,0.02932323423984519,-0.018599248567789075,-0.00037178473987198725,3.817044336856812e-13,3.849407771705504e-13
21.2400,-0.0030311818743333093,0.00032626362778521013,0.2664756623516733,-0.07403938472510728,-0.09453726036967142,0.011843823445673042,-0.0010262790696431048,0.0009072238987351558,-0.01151939964928679,-0.0009266652160757263,0.000257308520784478,-0.0003334218170534089,-0.00013979064680579546,-7.998959750666771e-10,1.4359813403841878e-09,0.010709435464362796,0.016390597891169256,-0.005199215288908781,-0.00018241447678391646,-1.0098458256679183e-13,-9.93039743317492e-14
21.2600,-0.0030467062443274547,0.00033325826034355575,0.26635505716312297,-0.07379631112576335,-0.09433073573972985,0.011829183380285227,-0.0014104246023770993,0.0008441757183695784,-0.0055554626636569295,-0.0005999760068319422,0.0007397109771553846,-0.000528720944658516,-0.00013858471173459658,-7.998924910359727e-10,1.4359848751471103e-09,0.015904490109837813,0.023080556402566118,-0.006172067747685635,7.523362643012734e-05,3.9904364534937287e-13,4.022902887548807e-13
21.2800,-0.0030804472347695797,0.00034653436391667643,0.2663635839883236,-0.07363000114897364,-0.09435917812535952,0.011830527678781568,-0.001679691904217144,0.000626309277392752,0.0016349660830786126,-0.0002732704380335275,0.0012293673314341404,-0.0007185431364041317,-0.00013433485346621204,-7.998883332832581e-10,1.4359890847226152e-09,0.025646279130197805,0.03764146224409187,-0.014843064093999188,0.0003266806001390507,4.076526984898854e-13,4.1086101534859587e-13
21.3000,-0.003133126206287875,0.0003647085939765624,0.2665356304516559,-0.07355140888073325,-0.09467594582236315,0.011849547106823259,-0.0018352729415725504,3.539473608114497e-05,0.013318979842342695,9.771290400212046e-05,0.0018028028571258653,-0.000971840149127924,-0.00012772349691147906,-7.998834909299874e-10,1.4359939797746304e-09,0.027176460576353048,0.04259577131264772,-0.021715537539361507,0.00047049830446856285,4.187166563994482e-13,4.218695705271447e-13
21.3200,-0.003197715408213424,0.00038494139526700763,0.2668418958219316,-0.0735691127839724,-0.0952548080523872,0.011883957794807646,-0.0016958624484592999,2.9080100989540277e-05,0.01361391295009142,-0.0004850402749916603,0.0011419268728347638,-0.0007009020579688383,-0.00013156249628389026,-7.998797925198858e-10,1.435997725235847e-09,-0.09187579692256072,-0.11971638485589509,0.05672148552304826,-0.0009369141118555703,-5.1065658049787716e-14,-4.9491532020610324e-14
21.3400,-0.0032352994989707736,0.00040486310456549823,0.2668919408092212,-0.07364809168459763,-0.0955347083143652,0.011909032198962657,-0.0016119804140093334,0.0010688439179898583,-0.00045321524776669315,-0.0014831646918046185,-0.0002302819768474889,7.070922031361006e-05,-0.00013876195682254532,-7.99876941300327e-10,1.436000621105616e-09,-0.04900821081815788,-0.07308409453737358,0.042994213781189554,-9.457437030561041e-05,-5.850855688610199e-14,-5.688502511917715e-14
21.3600,-0.0032677809076579654,0.0004286409154538059,0.26688012743400014,-0.07379982282152854,-0.09574944406223998,0.011936734035702544,-0.0016698529563987773,0.0012130041702447896,0.0008765581624892398,-0.0009963426126285305,0.00023469537799243872,5.1056628439936504e-05,-0.00011828537168121454,-7.998724815172796e-10,1.4360051321902102e-09,0.07199754184958541,0.08635656858575441,-0.029734478720373794,0.001769746666014337,4.0776274501039267e-13,4.1094872730434995e-13
21.3800,-0.0033082027658772697,0.0004564171097011118,0.26696302738734573,-0.07403227947541083,-0.09609085957312316,0.011975111920457707,-0.0015493297131692174,0.0010590306705763489,0.005207191819284663,-0.0004970300181200527,0.0006777716939964872,9.035912091899716e-07,-8.959947827840753e-05,-7.998689444725585e-10,1.436008718569559e-09,0.014425592467198826,0.007833047475480122,0.005363083075424301,0.001308790101251381,3.9025813830528833e-13,3.9343772380642794e-13
21.4000,-0.00334109637023204,0.00048552518688266125,0.26701562858906197,-0.074325295145208,-0.09636244745179517,0.01201426853953621,-0.0012999644102985616,0.0013202104606786923,0.0022526600410007584,-0.0005555053235012553,0.0003303933155550044,0.0003229294300266561,-6.637779776482492e-05,-7.998663392462482e-10,1.436011371612749e-09,0.010515418340692943,-0.0004571389308353723,0.00934124421946854,0.0012815718099163844,3.65517674721233e-13,3.6871102958996316e-13
21.4200,-0.0033395676031665157,0.0005140442260354859,0.26676907306174225,-0.07463673738445825,-0.09615324739169126,0.012035186207014588,-0.0010295659036815257,0.0028747310096179763,-0.019783959190180143,-0.0014776863959500759,-0.0013001521657977767,0.001277247369070342,-5.350791905069001e-05,-7.998671480146108e-10,1.436010600603489e-09,-0.07701675718915131,-0.1314320274805732,0.07576671816761102,0.00039182886604208087,-1.6602282157558712e-13,-1.6430254509355868e-13
21.4400,-0.0033397094652847107,0.0005474389001197921,0.2665396714367981,-0.07497190332935307,-0.09585982033607686,0.01205691762714324,-0.001112143425644474,0.002082674639231644,-0.003799446924788933,0.0004685932736240285,0.0007764646984662171,0.000511757247319628,1.047117325247324e-06,-7.998634780428948e-10,1.4360143313791605e-09,0.17643841281025613,0.21769477745639992,-0.10281849599694214,0.0038316907636726317,2.6407044953491443e-13,2.6727838692286454e-13
21.4600,-0.003396452649983901,0.0005846410218639462,0.26694504823193405,-0.07538431617948892,-0.09637469800185712,0.01211708478124092,-0.0006999563234505853,-2.6968727747884145e-05,0.024897079202278658,0.0019068504303860353,0.002497537584479708,-0.0005310929262075741,4.9467631869136155e-05,-7.99860839262262e-10,1.4360170252037884e-09,-0.04264260039481462,-0.06179986297504064,0.011513874346166119,0.000659911711257427,-2.4571962303418515e-13,-2.441937711067377e-13
21.4800,-0.0034302663868676815,0.0006135798881772631,0.2672510446047819,-0.07580316643345988,-0.09672209646998081,0.012167306019947534,-5.7651121924336805e-05,0.0005025467147672187,0.011254146621712641,0.00022571876940204015,0.00013223132122207294,0.0003033876618889851,4.117758034345087e-05,-7.998617949799718e-10,1.4360161133066572e-09,-0.08285303651447432,-0.11916453442711762,0.0436334817188717,-0.0006894856577883442,-2.591143987741573e-13,-2.575366135626478e-13
21.5000,-0.003439862412723033,0.0006368014829912306,0.2673747818148029,-0.0762096829441325,-0.09680142845473078,0.012204004576072578,0.00017469202875756558,0.0006120878708324614,0.006852577739116556,-0.0001245598847551686,-0.0005161351266635946,0.00036828140633497384,4.286296780897465e-05,-7.998622309404571e-10,1.4360157250254532e-09,-0.041237477095141285,-0.06637728594460823,0.016290531358123563,-4.877541832024386e-05,-2.8970592201235656e-13,-2.8811382533217023e-13
21.5200,-0.0034554068185521833,0.000656862738692902,0.2675904425788131,-0.07662219816229349,-0.09702003817421401,0.012245725104982756,0.00033148260933467855,0.000145970253377862,0.010453160205224788,0.00021491235252928446,-0.00020297511906652545,-6.851776803860204e-05,5.528309403844992e-05,-7.99862199715028e-10,1.4360158066691022e-09,-0.06424869965799303,-0.09535306088870067,0.028935632519662118,-0.0003021503172527172,-3.1428093634489063e-13,-3.1271269211249897e-13
21.5400,-0.0034639922065217857,0.0006716550444578662,0.267763563761054,-0.07701944589099888,-0.09721154294578309,0.012283514068643175,0.0004597380084809949,0.0001491986092913287,0.006606626578399287,-0.00010089987565390964,-0.000772303570785117,-3.283871748322844e-05,5.826267599091387e-05,-7.998636133002872e-10,1.4360144403182495e-09,-0.09566554194819712,-0.13979982712645841,0.05581361067061861,-0.0008105470422825172,-3.3671405507557095e-13,-3.351268915152694e-13
21.5600,-0.0034658013366465853,0.0006817968991653463,0.2678699772694432,-0.07738870166332003,-0.09734965204958958,0.012315868750011623,0.00040820889291267627,-9.001122050930633e-05,0.007459393922267283,0.00018478346046865742,-0.000550052267630838,-0.0002509932797523245,6.783979887162738e-05,-7.998639707359937e-10,1.436014135175457e-09,0.04398214791425492,0.053064486614448694,-0.03177902725429175,0.0009571178250907995,1.5212397314057213e-13,1.5528474773401912e-13
21.5800,-0.0034607940846847506,0.0006870372163036853,0.2679039669343864,-0.07771918014399397,-0.0974275562121467,0.012341653620568143,0.00042413890234665964,0.000314759294544213,-0.00189275190794662,-0.00024564136391173804,-0.001314053614098106,3.4563035089476525e-05,7.102783179415387e-05,-7.998673799835687e-10,1.4360107703204585e-09,-0.06357557366076844,-0.09842385556378279,0.0473592626080089,-0.00039354178634801965,-3.898221806117319e-13,-3.882143087899359e-13
21.6000,-0.003457289156480766,0.0006889617691766748,0.2679310591578839,-0.07800612904998312,-0.09752609690075974,0.012364651755479019,0.0002819747790754569,-0.0001764604596807338,0.003105134713868564,0.0003421042325010057,-0.0006932649412376883,-0.00022473763596462954,8.715597344496858e-05,-7.998692263269594e-10,1.4360089749530953e-09,-0.04931092935496166,-0.07663341239253404,0.03403598125344096,1.5107444491921676e-05,-4.1494178969550544e-13,-4.1335386719368317e-13
21.6200,-0.0034621613215256035,0.0006869863089191626,0.2680389502332791,-0.07825204893067082,-0.09776507027453506,0.012389445564583249,0.00030780990678662775,-0.0005233508654670308,0.00436395995698341,0.0004309148143448237,-0.0006770199556545525,-0.0002141120988372841,9.720056901737489e-05,-7.998713994847858e-10,1.4360068524133078e-09,-0.01585273041437595,-0.026088035739934484,0.0173083115488593,5.323417493742919e-05,9.975118062284516e-14,1.0293900606049566e-13
21.6400,-0.003472513613437667,0.0006803011205620111,0.26821130944708177,-0.07845215477751374,-0.09811856754976342,0.012414155645726095,0.00033511140486091614,-0.001295433181861899,0.011831596189714109,0.0009001749486623774,-5.961301118995386e-05,-0.0004499458773794812,0.0001074700742340929,-7.998732510183336e-10,1.436005052768118e-09,-0.023268673801064666,-0.030872019213978988,0.01269772336254386,-2.5656590198553163e-05,-4.3829989550964177e-13,-4.367726883294787e-13
21.6600,-0.0035020566113820087,0.0006689284112993363,0.2686077546695312,-0.07862683624571862,-0.09881947629129388,0.012449252546255214,0.000521631614949488,-0.002631956166860443,0.025997717155982775,0.0014409520973044734,0.0008048399101672022,-0.0008700652355019045,0.00011450643885325718,-7.998734785156082e-10,1.43600488102346e-09,0.05745125370693891,0.09167498179168772,-0.047703995688962435,0.0005930057955229293,1.0015962668627476e-13,1.0321585708523984e-13
21.6800,-0.003526886276735238,0.0006483059499702137,0.2690385582960126,-0.0787693690514112,-0.09962445201087032,0.01248156126318824,0.0009948185642851743,-0.0024538646495047044,0.016073209817292766,6.520176174989344e-05,-0.000826086585150605,-0.00016396144446305508,8.990506058632062e-05,-7.998775489563022e-10,1.4360008524752942e-09,-0.16714727699018425,-0.2217394312332408,0.10776750730974698,-0.0026705291948805106,-4.050991313231389e-13,-4.036026612745658e-13
21.7000,-0.0035282423708118114,0.0006204488122169926,0.2692772801288074,-0.07885910490677324,-0.10019718683006607,0.012496948421514683,0.0011364903506786176,-0.002635179141087915,0.015539256347401623,0.00013964436206776593,-0.0005634884895438204,-0.00015591313388341868,7.93258533001106e-05,-7.998781823342281e-10,1.4360002714042412e-09,0.003557090548068049,0.013556652011514778,-0.0050916846060249325,-0.00024158723230644738,-4.0743244281854496e-13,-4.0598828552479427e-13
21.7200,-0.0035147914698559135,0.0005872436802854552,0.26941464414030675,-0.07890990809895349,-0.10064824311724063,0.012501491928316375,0.0013769897711036574,-0.0018990782314821913,0.0018201562071110393,-0.0005486156050579813,-0.001386364573228208,0.00038858148297939637,6.36439680249424e-05,-7.998807310052734e-10,1.4359977685333924e-09,0.028749007600529314,0.04331134267568728,-0.006539131195653822,-3.6879035742141035e-05,1.4447503523390415e-13,1.4759959747479012e-13
21.7400,-0.0034840319225223036,0.0005512746592685488,0.2694063524823802,-0.07891551122766365,-0.10087821479886211,0.01249208713054724,0.0015075718092295376,-0.001525761201334893,-0.004428215866471361,-0.000649940342145411,-0.0014947745006382252,0.0006951080110384691,5.927600540297527e-05,-7.99883619548031e-10,1.4359949277920785e-09,-0.031563997350984245,-0.04559165964976908,0.03807621046420109,-0.0004943342479201405,1.5027578790724472e-13,1.5344968134697878e-13
21.7600,-0.0034242680541229035,0.000514189927048252,0.269120400148411,-0.07885451002555688,-0.10065086610485474,0.012458843357879614,0.0015004526581752777,-0.0006552646521696726,-0.015268355638701245,-0.0005736530981686896,-0.0015075870982922445,0.0010593894669009736,6.148653805439757e-05,-7.998867375504152e-10,1.4359918557310538e-09,-0.0066302272823165285,-0.017608041692091434,0.024399953034192304,0.0001949240761053335,-4.0439510464243544e-13,-4.028121694706066e-13
21.7800,-0.0033683257169966566,0.0004808016775819997,0.26886840464596506,-0.07875078577555616,-0.10036261311800485,0.012422396823084504,0.001515326778418993,-0.0008939616036480665,-0.009502299938717467,0.00048294579087937016,-0.00017412894034950127,0.0006857938273373168,8.06871771897359e-05,-7.998880665907815e-10,1.4359905761571675e-09,0.017359901377443403,0.020026328625585267,-0.00211304554443306,0.0005948886380966481,-4.1162266737476694e-13,-4.100618499272568e-13
21.8000,-0.0033170189985482464,0.00044965939386557404,0.2686901307848975,-0.07860706757154906,-0.10005922298435835,0.012384294678860245,0.0016847754821624386,-0.0009765275457133789,-0.007442652967871903,0.0007727778270060208,0.00018789296714214043,0.0006437695775987005,8.712879027362961e-05,-7.998903314023565e-10,1.4359883606741616e-09,-0.016343404203372727,-0.022154750271443376,0.012133063295821112,-0.00019236955589059288,-4.056035563838878e-13,-4.04035041100953e-13
21.8200,-0.003252094993167548,0.00041873734670030396,0.26840929227863,-0.07840490746744654,-0.09949440781562464,0.012332656197543028,0.001843298329278389,-0.00027113362703096134,-0.016840499929390552,7.100352264745269e-05,-0.0007790790206621063,0.001128986456683728,7.359696601992317e-05,-7.998944351546339e-10,1.435984303562825e-09,-0.07050339440966019,-0.09938100147368578,0.048832562722361694,-0.0012660266596226358,-3.943581030306509e-13,-3.9271109151042816e-13
21.8400,-0.0031806380422762983,0.00039070262533140795,0.2680530314168125,-0.07814298099373806,-0.0987054024323875,0.012270901188970125,0.00173521718953,-0.000298432254055172,-0.013395900560611938,0.0006589022224229578,8.914563800621372e-06,0.0007315493726618412,7.281161456941831e-05,-7.998956146822465e-10,1.4359831746601895e-09,0.07568315305030954,0.10647799506368257,-0.05737353935161829,0.0004995974308010697,1.3267444326330036e-13,1.3591225042110244e-13
21.8600,-0.0031278030106957552,0.00036640268247114014,0.26787167487069197,-0.07785140842539998,-0.09807754915302706,0.012217181471896432,0.0017142344463295933,-0.000513516984787702,-0.00920846427566238,0.0008598524706954334,0.0004110211735310307,0.0002866963304539469,6.242075456912626e-05,-7.998978894977821e-10,1.4359809516145219e-09,-0.027178814029545154,-0.029214457844171655,-0.0007818875155311565,-0.0011529234644241334,-3.738324211820243e-13,-3.7220812369731515e-13
21.8800,-0.003054879310130467,0.00034208026858909143,0.2674645017423506,-0.07749308998126397,-0.09708126888532717,0.012146110586756298,0.0015762605528892143,0.0008107292692251831,-0.02685197571637603,-0.00031670761604816767,-0.0010951504883610036,0.0007800028923986432,2.78376390513048e-05,-7.999019753233998e-10,1.4359769090071272e-09,-0.03187156414933545,-0.04183124465583656,0.011824789089078889,-0.001426098243072137,-3.5669937056143075e-13,-3.549784164530445e-13
21.9000,-0.002975567505934078,0.0003223298172623021,0.2668919598994643,-0.07707017365223295,-0.09581142853492262,0.012064666057552294,0.0010371498120549743,0.001268261881537311,-0.028695076465200857,-2.7028458571367927e-05,-0.0006842634442043864,0.00041610149293588004,1.3643158987192548e-05,-7.999044034897379e-10,1.43597453005007e-09,0.020816032022400285,0.029307442720054453,-0.0242660154475409,-0.0004966193584750613,-3.512019776559516e-13,-3.4945126219793066e-13
21.9200,-0.002902938193268209,0.00030859495638197435,0.26625907575956215,-0.07659133073908948,-0.09443330107144737,0.011981135474682826,0.0004581218216842334,0.001984581792615638,-0.034603761818983975,-0.00016233272986883126,-0.0008612794641765397,0.00032353614720046463,-3.0203522385004267e-06,-7.999076900352528e-10,1.435971290323766e-09,0.010340615781346409,0.013510172826101136,-0.010689173834087613,-0.0006830790247242097,1.6918416537517467e-13,1.7258568706102206e-13
21.9400,-0.0028349669381411945,0.00030170459931745013,0.26551297424171894,-0.07604684328802601,-0.092880782450418,0.011893175664979569,-0.00031809625861117785,0.0025079249866908223,-0.0363619758877086,0.00012446759642401696,-0.0005024339148764598,7.197202221130942e-05,-1.2773033442877097e-05,-7.999105356694627e-10,1.4359684908019759e-09,0.015986273823206252,0.020583789484086155,-0.01621555335850593,-0.00038394160054935564,-3.313389601751482e-13,-3.2947960765944417e-13
21.9600,-0.002798637918456317,0.00030325227214135606,0.26491825677582004,-0.07546367002729973,-0.09154347421507966,0.011818707037994373,-0.0011023002593731164,0.0023651566813461125,-0.029539464877968553,0.0006258049226051553,0.0002290168534236543,-0.00041988787302947025,-1.981769358586333e-05,-7.999125300509294e-10,1.43596654757596e-09,-0.008679621746347671,-0.0072403274685546555,-0.00397660584134824,-0.0008729433814809451,-3.11381400264904e-13,-3.095153799058392e-13
21.9800,-0.0027940574586416715,0.0003112054031777673,0.26449217440208633,-0.07485117930393956,-0.09047807827066186,0.011759060135877086,-0.0018970179790608187,0.0018408251612569006,-0.018174586991066263,0.000956990518630289,0.0008545904403397292,-0.0008839489681161922,-3.423440729826632e-05,-7.99913591056976e-10,1.4359655390955245e-09,-0.013878177652943361,-0.006714298956315047,-0.007037833409167792,-0.0012202773080672118,2.056307327105017e-13,2.0902897468477732e-13
22.0000,-0.0028259053994476304,0.00032379890284738136,0.26430176256859306,-0.07423197892598796,-0.08982182968849177,0.011719179810466853,-0.002590427054387578,0.0012567389668703573,-0.007708140505366799,0.0010695868492072232,0.0013441483636544632,-0.0013247918831359325,-5.820089546568204e-05,-7.999129678565642e-10,1.4359662172219975e-09,0.06579584546178148,0.11012359193198087,-0.059420730340783164,-0.0007442795084760319,2.409731756584238e-13,2.4430094449148787e-13
22.0200,-0.002870246867934558,0.00033780274782014934,0.26411983156455554,-0.07360403450743666,-0.08929636622119347,0.0116856704837979,-0.003174737191269575,0.0014314806280095029,-0.00908363708194977,0.00024154127206316639,0.0006347507698804322,-0.0011565584810659022,-9.863543087252588e-05,-7.999132905116069e-10,1.4359659432522941e-09,0.0716227666908049,0.11768088723107072,-0.05650896202436167,-0.0007976024830071832,2.8501647656581364e-13,2.8835121139783593e-13
22.0400,-0.002965061822623713,0.00035644100516347754,0.2643308548073646,-0.07302835832381817,-0.08946901685992582,0.011684245386490242,-0.003927970941400963,-0.0002004082335968727,0.016895095692619565,0.0010433241333561488,0.0022661414748954218,-0.0020862306285585517,-0.00012121050762132656,-7.99909489226962e-10,1.435969804175079e-09,0.0370100153861339,0.08181051350432592,-0.04765919320641711,-0.0011793476047591395,3.469591150842555e-13,3.501780029141477e-13
22.0600,-0.00308069433119681,0.0003741975993817156,0.2646959089230765,-0.07251668738838839,-0.09005130967171712,0.01170018082532567,-0.004153420283670339,-0.00028381232809737814,0.016513403358829375,-0.0001764345987285927,0.0012436040559708897,-0.0017311518559682828,-0.00016756505462342132,-7.999068488765874e-10,1.435972490346263e-09,-0.00817172748436308,0.020551549671661378,-0.007620921730068105,-0.0018962813028604833,4.135245206156324e-13,4.167346806180361e-13
22.0800,-0.003180520897688725,0.0003904583135584762,0.2648405844111448,-0.07205937411413078,-0.09051766996755894,0.011711981414571665,-0.004371338251500338,0.0005720869073641737,0.0042218816818559365,-0.0015082265296256833,-3.497511686431634e-05,-0.0009993631817528143,-0.00021210859973106542,-7.999040625260631e-10,1.435975321476942e-09,-0.007053827961247121,0.010699775002810056,0.008759272347117007,-0.0012307580951648224,-5.7459454064884806e-15,-4.04703617758748e-15
22.1000,-0.0032745377593251432,0.0004099373650891863,0.26485324554197925,-0.07167960370890358,-0.09094329382503541,0.011725894649777385,-0.004681057858085348,0.001087216487588057,2.490137012617035e-05,-0.0017359672407948272,-5.143811846745186e-05,-0.0006271871268055465,-0.00022791979530104148,-7.999000781538088e-10,1.4359793525147803e-09,-0.02049308529001722,-0.01766302530902947,0.029584768469458424,-0.00045517395182802093,2.635224530993588e-14,2.807310116250024e-14
22.1200,-0.0033817918559172497,0.00043559970968608085,0.2649571203684997,-0.07140953299033409,-0.09158146520502511,0.011754419739453797,-0.004880572884628465,0.0008511681319295936,0.008120164010013578,-0.0010000149704103283,0.001092761460236717,-0.0006797368376150272,-0.00021783939268206774,-7.998937872465131e-10,1.4359856958257207e-09,0.02532038029892208,0.04092616839780477,0.003590614794792626,0.0006780477430659251,4.602176658426854e-14,4.7686620006492236e-14
22.1400,-0.003498836652791756,0.00046646974507416806,0.2651807297057721,-0.07126305829943073,-0.09242090627318636,0.01179721647645034,-0.00476019722086843,0.0004738661642921278,0.017376567959135364,-0.0005236192658272621,0.0018352967002142995,-0.0005470464956569722,-0.00020161404227443878,-7.998875671611331e-10,1.4359919660724532e-09,-0.044024964952233,-0.053451147650688535,0.04222437079944116,0.00032782995005021956,6.708130958262698e-14,6.871269503903876e-14
22.1600,-0.0036359915606272155,0.0005016551623600506,0.2656972717000947,-0.07127118691540539,-0.09367413930110348,0.011863391665636108,-0.004252559520922921,-0.00024910230956437057,0.029768538317692723,-0.00012786602327498285,0.002507575527605759,-0.0005095893473255009,-0.00018271579661213082,-7.998790901095259e-10,1.4360004980563975e-09,0.0498512868342464,0.07589305036831742,-0.020487096806213044,0.0012224629242267838,5.501837050184144e-13,5.532723801673911e-13
22.1800,-0.0037452679604949224,0.0005361679577627808,0.26608200210965854,-0.07140623843797038,-0.09472167705421168,0.011926044157193266,-0.0034355963908503755,0.00048609256754606416,0.018565116847228193,-0.0012727751211184008,0.0010502828880455365,0.0004869055402345723,-0.00018128665695163153,-7.998734731382412e-10,1.4360061589203735e-09,0.012849285132132291,0.01673622602412128,0.008731488823333387,0.0009119839270186618,5.616287599916059e-13,5.647617790094372e-13
22.2000,-0.003854996560519895,0.0005737824760955711,0.26661771298236253,-0.07169886047196751,-0.09592926791904605,0.012002968306698641,-0.0026717510520376454,-0.00015545926740290057,0.02972366913259091,-0.0006878913573434426,0.001812143214470554,0.0003141853231114227,-0.00015422964555592816,-7.998651146981484e-10,1.4360145697876044e-09,0.03863199304181723,0.05075659676611583,-0.01751092337181593,0.001517860122934138,5.594140602138697e-13,5.624790997554863e-13
22.2200,-0.003952413913599397,0.0006113807006291574,0.26722455572656656,-0.07214736410471519,-0.09718291036062116,0.012088688291936378,-0.0016252516726221807,-5.072472925364492e-05,0.026965847379004444,-0.0011118883614945334,0.001202355004759312,0.0006433061617332543,-0.00013611772172706174,-7.998582190840229e-10,1.4360215121797676e-09,-0.03702047664025141,-0.055261351404976115,0.029403221334602977,0.0006743790826633439,5.580189088583154e-13,5.610865504851459e-13
22.2400,-0.004012554148145516,0.0006478334543975081,0.2676421008495228,-0.07272184899509282,-0.09810175675597023,0.012167204365960157,-0.0007132739470154858,0.0004167735714861462,0.019876219172465306,-0.0015311444968008775,0.00042431629622825167,0.0010473660964465167,-0.00011603984969684818,-7.998522084986828e-10,1.4360275682860946e-09,-0.04138950610684282,-0.07120133524180211,0.03454481895354026,0.0009279312830991997,5.307875449930832e-13,5.338818579933569e-13
22.2600,-0.004046122799111636,0.0006848956960993478,0.2679523408972596,-0.07341553772118782,-0.09878364169277963,0.012243219440788733,7.647649232443764e-05,0.0008754284497869226,0.013579319137099824,-0.0014396261452488093,0.0001557725672521915,0.0011684726810173049,-8.385937484111923e-05,-7.998465476952085e-10,1.4360332764371563e-09,-0.005158039367221515,-0.030550119964942085,0.012999181176700923,0.0016509256529969553,-1.4156583620205526e-14,-1.2664167471317968e-14
22.2800,-0.0040570903609200275,0.0007228749806947709,0.26817394187514465,-0.0742080975527431,-0.0992404538168043,0.012316664487286284,0.0007167500284473387,0.0009186140161252558,0.014046369928140161,-0.0008020217855881191,0.0004792217175954648,0.0009613899024480208,-3.9835827486386243e-05,-7.998415484484169e-10,1.4360383248903177e-09,0.022571578671158152,0.002231218384163892,-0.010322788927480269,0.002352036301667046,-8.273304188000791e-14,-8.125351249037988e-14
22.3000,-0.004038961115576837,0.000760069251684205,0.2682300827603999,-0.07506451325803383,-0.09935795854002491,0.012380565964718425,0.0013400738248691873,0.001864181171657018,-0.0004763687013735375,-0.0011500322525013049,-0.0006461940146487255,0.0013727304904706296,-3.625269818975461e-06,-7.998398809830973e-10,1.436040035702569e-09,-0.017592108473216135,-0.06066731892818999,0.025034726925009625,0.001750224532813781,3.5305780651459506e-13,3.562303447016135e-13
22.3200,-0.004006179083968665,0.000797835425276,0.26821871772984174,-0.07595969023147087,-0.0992659502363691,0.012439616507989368,0.0016789056488284572,0.0018008206495758062,0.0012430093603010045,-0.0002010064872745898,-0.00011928394506685541,0.0009797334739409832,4.898569632197983e-05,-7.998378696891882e-10,1.436042097396321e-09,0.03544177490375179,0.01032924165202545,-0.018895101720161966,0.0026816174062066155,-2.488573041213582e-13,-2.473153517916493e-13
22.3400,-0.003960756869092206,0.0008339862750669102,0.2681488176796762,-0.07685941675865891,-0.09898691938503794,0.012491918222698462,0.001982919145280601,0.002037603283969817,-0.0034191918250073942,0.00019956691044461145,-0.0003835796719813797,0.000847949520916543,9.735923502026752e-05,-7.998383575304282e-10,1.436041660311789e-09,0.056554541155508634,0.03951973794391775,-0.034388184594080606,0.0027342984086869194,-3.4206491805743866e-13,-3.405009564236283e-13
22.3600,-0.0039281457783062555,0.0008683818763018938,0.26825192616703447,-0.07775492611398671,-0.09887400679281982,0.012551458996405378,0.0022192789037679015,0.0010853234174717189,0.007298680678249653,0.0010735731391661892,0.00017817875839862453,0.00020049388088066276,0.00014512249458473875,-7.998393060005583e-10,1.4360407606562628e-09,-0.012250891366184322,-0.04687242606972438,-0.0019007549393037734,0.0016808076470606341,-4.126149834131343e-13,-4.1107379002494615e-13
22.3800,-0.0038677806390010694,0.0008946156547311766,0.2681167887013486,-0.07857333436100103,-0.09838162450556166,0.012588890944628499,0.0023530231441556545,0.0019606096622032916,-0.009834023152595767,0.0002316820939409266,-0.0016243885517338188,0.0006924985487169178,0.0001634558081178223,-7.998445798498815e-10,1.4360355301124818e-09,-0.02845195124957704,-0.07318539558969026,0.018582856846704316,0.0009199694867299705,-4.871240672117694e-13,-4.854920718916356e-13
22.4000,-0.0038217773685285303,0.0009163946798560339,0.2681042835257328,-0.07932085536879376,-0.09804443487805921,0.012628526485697638,0.002242387553708913,0.0010387453072683462,-0.001080335656913294,0.0010272824489906836,-0.001088257107480998,2.5360372841692844e-05,0.0001991030674395347,-7.998487234727263e-10,1.4360314377559933e-09,-0.06840072179876584,-0.12060503494925351,0.03611831074081609,0.00028691708308371534,-5.524725642247486e-13,-5.508546093227484e-13
22.4200,-0.003759700777368438,0.0009291176194768574,0.2678977654773955,-0.07993630333127118,-0.09744321589524803,0.012647308614141541,0.001995882616562768,0.0013019831971435168,-0.009589530727949502,0.0008879768975747881,-0.0017913371708700328,6.156466767421437e-05,0.00021463475905016436,-7.99855624455448e-10,1.436024584134861e-09,-0.04572015380390056,-0.08839203575361089,0.024348259845353434,0.00033961248064003844,-6.14089183149924e-13,-6.124262338577657e-13
22.4400,-0.003711989313021602,0.0009353507244178465,0.2677633361755902,-0.080422726115406,-0.09697137446815574,0.012663163291703942,0.0016495858462499812,0.0006989992732310652,-0.006505666960808877,0.0013737523086384939,-0.0015096428491217931,-0.00035490109868997657,0.00023518339463128482,-7.998620014246453e-10,1.4360182594258348e-09,0.01930157177758416,0.011300074735389189,-0.016255166614280406,0.0007328219845981127,-1.2050218678796853e-13,-1.172405136298446e-13
22.4600,-0.0036677110382294983,0.0009323823281843301,0.26759272130250006,-0.08075144470991139,-0.09649856031906005,0.012667564133887449,0.001298990171049183,0.0006394848707092137,-0.011939544961989167,0.001117291336323781,-0.0021162112788422486,-0.0002716926025061509,0.0002383066137144412,-7.99871232979104e-10,1.4360090739660823e-09,-0.08402070791000892,-0.12905743260344932,0.053620391663039696,-0.0009386725597956628,-6.883305774321724e-13,-6.866287052820219e-13
22.4800,-0.0036329918484409277,0.0009214240880227276,0.2674233018074201,-0.0809118578733134,-0.09608229250143567,0.01266289879243985,0.0007795140114977646,-0.00020006630593934872,-0.005469548610434109,0.0016663020148234178,-0.0014934480033270577,-0.0006443092994679456,0.0002450759035564036,-7.998788137393692e-10,1.436001546058857e-09,-0.022293481349592553,-0.033723410078639555,0.009173089568787885,-0.0003269008701728994,-7.092813749526306e-13,-7.076072583780957e-13
22.5000,-0.003602453604561603,0.0009013518879394542,0.26721012784870696,-0.080892712681428,-0.09566426802580436,0.01264524784832765,0.00036365917405779304,-0.0002560322378481842,-0.01063075300472564,0.0014749251847165884,-0.00175427787404135,-0.0005159819589205314,0.0002347988650066852,-7.998877540173304e-10,1.4359926589951097e-09,0.07990098725897815,0.1157218939569488,-0.049100651157968626,0.00042226535775320636,-1.713691580133847e-13,-1.6808592278455547e-13
22.5200,-0.003610627868883376,0.0008750410461231952,0.26730756219646234,-0.08073631570095405,-0.09575153393090101,0.012639428805728058,2.016394356177645e-06,-0.001887084105676761,0.0052798567666359295,0.0021097013072635526,-0.0006170828703175491,-0.0010824061531171888,0.00022977906602120827,-7.998945577112776e-10,1.4359859056156246e-09,-0.04748582759727252,-0.04740107969162064,0.02102698892656328,-0.0016255366364360143,-6.81984416855963e-13,-6.803545357300655e-13
22.5400,-0.003618954073051033,0.0008377867300408515,0.2673678235988657,-0.08042012444124715,-0.09586886520236382,0.012620962724433964,-0.00021675846178287987,-0.002275229433934295,0.0038406608842209526,0.001552182197627331,-0.0009653841737995695,-0.0008378946076772748,0.00019522385065188678,-7.999018276693506e-10,1.4359786860122774e-09,-0.0011111251112678221,0.02317356975461977,-0.006804678836321983,-0.0015174842157586433,-6.4196781571213e-13,-6.403530049964301e-13
22.5600,-0.003650273217151937,0.0007931229458554173,0.2676234855464088,-0.07998983744128267,-0.09634737578871622,0.012607363215279626,-0.000387636159694498,-0.003598070564347699,0.016085403473803116,0.0016849553761941552,-0.00014461896923466294,-0.0011381131877705047,0.00016138873639722133,-7.999070964652211e-10,1.435973472990016e-09,-0.02375326737785103,0.002698789325634365,0.001508276703179227,-0.0021684579750315103,-3.7238150117722274e-14,-3.407308614943039e-14
22.5800,-0.0036893004417236724,0.0007395513144177025,0.267961282899225,-0.07946460636399966,-0.09703895055676763,0.01259162248438722,-0.0003315407502478244,-0.004125949730918926,0.017038324966872985,0.0009901633261459892,-0.0003844115475457343,-0.0009045522164852626,0.00011253189452866197,-7.99911407531781e-10,1.4359692089391584e-09,-0.04792987198437275,-0.026939115239169142,0.02052006454667964,-0.00281971943624421,-5.039065952699984e-13,-5.02378845988749e-13
22.6000,-0.003718405411905731,0.0006777093991216389,0.26822027165259194,-0.0788605416663855,-0.09771241166134947,0.012564479474496478,-0.00017565259136469196,-0.003734390534422362,0.006429880529923017,-0.00031666075603016823,-0.001398307280866277,-0.00021022491191605917,5.075160863252219e-05,-7.999157746618314e-10,1.435964886842942e-09,-0.09651157335016618,-0.0980624216493946,0.06575326068843378,-0.003533251249391505,1.1523876471131178e-13,1.184239338536397e-13
22.6200,-0.0037250824002824853,0.0006120512465856266,0.26825053875258686,-0.07818642876089754,-0.09811341337291636,0.012517962984372685,-0.00024399382196656577,-0.003361690157371798,0.0010627918231865298,-0.0004943845942423041,-0.0010064892167503767,5.18637245719794e-05,7.600504852461085e-06,-7.999171763820426e-10,1.435963535751801e-09,0.06867843252379664,0.12561777780383626,-0.03641586438270263,-0.000939878168144646,1.6890278780636037e-13,1.7206085189437614e-13
22.6400,-0.0037582718847893625,0.0005494133097630251,0.2685572181112424,-0.077524005159651,-0.09891981530609541,0.012487592220568909,-0.0001235280881937883,-0.004605361557904443,0.01960262548401392,0.0005463726177078776,0.0011097363418226236,-0.0005866634419869715,-1.2169054453023179e-05,-7.99915174509037e-10,1.43596559342628e-09,0.08025136876996061,0.1491993568231645,-0.055610940190505144,-0.0006749340410264257,2.404508883668832e-13,2.4350635982432756e-13
22.6600,-0.003797431571539097,0.0004863904764754675,0.2690163910751693,-0.07690088331494227,-0.09995717173247654,0.012465212202508074,0.0004469846444663659,-0.00468612954612143,0.019362762920437794,-0.00032258975724970887,0.0007188882709521301,-0.00014875240058919505,-5.754433361211024e-05,-7.999146203408078e-10,1.4359661923008545e-09,-0.15276517700098272,-0.17288765117083815,0.09673616975424384,-0.003639449638061527,-1.9092293392954096e-13,-1.8947229852780967e-13
22.6800,-0.003789782724956813,0.0004222478835052471,0.2691001065046777,-0.07629227559767443,-0.10045017005253558,0.01241785576057167,0.0008424328774020408,-0.003104955764040691,-0.0012905908003900401,-0.0017656174112939515,-0.0006614500084181919,0.000919993254406285,-0.00010868024646268192,-7.999130671661183e-10,1.4359677896048492e-09,-0.03500814515139896,-0.025067187587414375,0.035402198413804986,-0.001843276497693983,3.9207439378463604e-13,3.952087138450744e-13
22.7000,-0.0037393597931906736,0.00036373006353555175,0.2687974690623356,-0.0757098553554143,-0.10031736713867263,0.012347422230444983,0.000984810530347016,-0.0013474226681147385,-0.01998613064211972,-0.0022689822217029035,-0.0010723673832740204,0.0016061922632788653,-0.00013373282735666548,-7.999116663784973e-10,1.4359692327262155e-09,-0.027135960636600044,-0.03077622733284546,0.03977880091581849,-0.000858593402251224,-9.764290884086563e-14,-9.605478305113602e-14
22.7200,-0.003671028973809968,0.0003171386568299458,0.2683245139775474,-0.07517840543356573,-0.09979628068821753,0.012269139497228819,0.001030418109411972,-0.0001868702006240136,-0.027137759352816017,-0.0017589494134497973,-0.0003443879873937513,0.0017265106083480231,-0.0001317761329118379,-7.9990882786717e-10,1.435972117913869e-09,0.004221681169839727,0.002593702828906334,0.019554971739975013,0.0001357737582149808,-8.280178029774349e-14,-8.116673565899957e-14
22.7400,-0.0035849532876913526,0.0002839602750587595,0.2676795876576135,-0.07469466271157431,-0.09883304376235968,0.012182535012668244,0.001072643490012924,0.001033629824581952,-0.03431685542847946,-0.001343868864596501,8.152471922315304e-05,0.001891961144275107,-0.0001222453209754458,-7.999063644884528e-10,1.4359746275236315e-09,0.01885628520359857,0.015124897560596508,0.007714043762750612,0.0005912972877082646,-8.050157762617971e-14,-7.88041507049364e-14
22.7600,-0.003497295961030853,0.0002664247752836033,0.2670056841400516,-0.07426429844799112,-0.09759775483815482,0.012096864797133037,0.0010256248804436448,0.001488333905657857,-0.02927074240459319,-0.0002035647036007247,0.001377616702037617,0.0014658237424786745,-0.00010002942360531244,-7.999025832873517e-10,1.4359784607029292e-09,0.1178841598368955,0.1495435618238537,-0.0707695191245663,0.0018417275722235208,4.0528902933364974e-13,4.085797455574691e-13
22.7800,-0.003446902631912102,0.00026447892867636314,0.26671186702982225,-0.07392719759387799,-0.09669515075708357,0.012038393707232146,0.0011153621027196329,0.0007376375067225456,-0.009445987079743349,0.0009834865222723538,0.002872188188994403,0.0005276714881488611,-8.002610929249816e-05,-7.9989841933708e-10,1.4359826772913108e-09,-0.022960816558156245,-0.031788301170006285,-0.007433762120910332,-0.0001732376379690836,-8.110988280757986e-14,-7.94506333553352e-14
22.8000,-0.0033999241677805715,0.00027087260356422395,0.2664847041313389,-0.0736592969854238,-0.0957570113959581,0.011987906024355491,0.0012661430406927538,0.001272414221454275,-0.01203754791632653,0.0002338385472326464,0.0018617450837669,0.0005384170042271429,-9.534263348393327e-05,-7.998954820428732e-10,1.435985662417414e-09,-0.029216938108130284,-0.03916291378374125,-0.008674587885738756,-0.0008697461474589193,-7.10629471933899e-14,-6.937891016897679e-14
22.8200,-0.0033702486618842134,0.00028562864037287697,0.2664175317826752,-0.07347491723283005,-0.09499468370590552,0.011954539966441887,0.0011353049136061527,0.0009850024673313273,-0.002466794901984267,0.0002588307975173974,0.0019524134656201389,-0.00015962525035836104,-0.0001079079467777079,-7.998909751250308e-10,1.4359902215181168e-09,-0.0064005010347447195,-0.004324419223220715,-0.03392629835018765,-0.0008123409227007759,4.24799301637635e-13,4.280310372632712e-13
22.8400,-0.0033558870822696283,0.0003064040014627407,0.26646112507803,-0.0733765595499729,-0.0944303563651824,0.011937915769906928,0.0008345029454662886,0.0007564397112303972,0.004962226352121196,7.349400085319265e-05,0.0018045613782674422,-0.0008205776573383077,-0.00012617900380169057,-7.998863003590922e-10,1.4359949480303757e-09,0.021213260717933537,0.03509158290031952,-0.05379656333986817,-0.0005736177940099821,4.3069822881769415e-13,4.3389255946837957e-13
22.8600,-0.0033731819682948534,0.0003324466760150429,0.26675094919820014,-0.07338729234869101,-0.09434682895700913,0.011949355092169843,0.00041279076249781403,3.526279943308056e-05,0.018160518653206812,8.508884146825618e-05,0.0019888498041056644,-0.0016632001353996681,-0.00014153578727983755,-7.998809677164938e-10,1.4360003329055183e-09,-0.03821844904262459,-0.041344217129393394,-0.01793614043569405,-0.001178577860773081,4.46050802630632e-13,4.4919466367018823e-13
22.8800,-0.003373105789050278,0.00035850223221936425,0.26677350022408197,-0.073463359112066,-0.0940890796405565,0.011958180599121768,-5.93739325867522e-05,0.0013944140710743316,-0.00044052232801595993,-0.00147998714607733,-6.466902432538051e-05,-0.0011803643940873532,-0.00017367261993633812,-7.998778572976906e-10,1.4360034883635702e-09,0.06141336821277079,0.08123975821322577,-0.05364233970919744,0.0002221514908304182,4.375424718719434e-13,4.407358267406736e-13
22.9000,-0.003400043945918375,0.0003900608003946921,0.2669166633217503,-0.07363897938775935,-0.09421968483721672,0.011990373817824916,-0.0008274478553201084,0.0009989970618310994,0.008909974046808275,-0.0009107050331262045,0.0006362012102608674,-0.0017988559097636902,-0.00016662619568452911,-7.998731297655973e-10,1.436008266810631e-09,0.0015087305788704297,-0.0022387257729547558,-0.010767500446495722,0.00040565976227686115,-6.352462501336975e-14,-6.194763940096243e-14
22.9200,-0.003449740011682851,0.0004245702654745216,0.26716742847250596,-0.07391175315759158,-0.09472916176097779,0.012043676801606052,-0.0014120333400038602,0.0007316843104483191,0.01435743297419429,-0.0006747800793045506,0.0008528712135016799,-0.001974576278251529,-0.00015277888101019146,-7.998681688719497e-10,1.4360132795800597e-09,0.028094157338705746,0.03264502677580808,-0.015773705422302445,0.0011351711715897827,-8.158885622232964e-14,-8.005901985189828e-14
22.9400,-0.0035093872641367946,0.0004594007609327516,0.267434390538621,-0.07427037393338912,-0.09547447915150731,0.012110263655039392,-0.001774678979763273,0.0007897896133464288,0.013432935531023918,-0.0010048896056200321,0.0002528093649433062,-0.0015553437268881463,-0.0001371854373028868,-7.998644865251232e-10,1.436017010220625e-09,0.019509731733529302,0.016367997519738626,0.005868671282440207,0.001352737584125479,3.964496916517013e-13,3.99576747557584e-13
22.9600,-0.0035522074120072755,0.0004925533784275053,0.26747704829407337,-0.07468082223695655,-0.09606403786326435,0.012171845874363695,-0.0019429316740104715,0.001953508755361927,-0.00420717710313756,-0.0019232655786834989,-0.0013028594103478212,-0.0004330192370278311,-0.00011976131508522968,-7.99863793511836e-10,1.4360177441010296e-09,-0.104242313491682,-0.1650825063263651,0.10596916923434482,0.00041448509353935874,-1.3126896488205309e-13,-1.2964043900887123e-13
22.9800,-0.0035711171165911074,0.0005266824359735375,0.26721690262217274,-0.07510902537080476,-0.09628163258711551,0.012219508238598796,-0.0022527793944320386,0.002592144601391143,-0.010525915540761353,-0.0012342509948012302,-0.0009588040146881154,9.600953814925358e-05,-7.204100580366763e-05,-7.998621434424319e-10,1.4360194428904947e-09,0.008279105613121703,-0.021574999285863743,0.040679269241232746,0.002624213392701047,-1.963131534502699e-13,-1.946660064047756e-13
23.0000,-0.00359263741216815,0.0005639017608702362,0.2669633515113751,-0.07555717483060256,-0.09646004207694196,0.012267635599804112,-0.0022588703131003933,0.002789159647695269,-0.011581154247476463,-0.00032494117862621384,-0.0004012498947012587,0.0005243996257698594,-9.67351845892493e-06,-7.998611994684207e-10,1.4360204375511474e-09,0.11014972874534308,0.11670934263542479,-0.01969744697653772,0.00389968355651521,2.4255705950715356e-13,2.457976313804955e-13
23.0200,-0.0036212812329214903,0.0006017761824417174,0.2668384604536204,-0.07601463484925727,-0.09669977669493189,0.01231865950465035,-0.0018327201366222835,0.0028430232100415476,-0.013795540090431224,-2.721513978172755e-05,-0.0005881193765761348,0.0011304209729796919,4.6094424374514163e-05,-7.998628452951246e-10,1.436018837257871e-09,-0.05608648264944533,-0.10781770570288028,0.08187510587613628,0.0015194001081168314,2.0351298771204007e-13,2.0680741732830021e-13
23.0400,-0.00363080746042242,0.0006374802098732408,0.2666103324962095,-0.07643282691620351,-0.0966122558005453,0.012353512180547635,-0.0014170837839966046,0.0026472717744949557,-0.011607490021715777,0.0006447553115191601,-0.00026448993494103,0.0014318301586878786,9.694942750774601e-05,-7.998640183878891e-10,1.4360177153341913e-09,0.045833342922610106,0.0348842542517008,0.0013487260518031904,0.00251381377825929,1.4616031909081562e-13,1.494398951373127e-13
23.0600,-0.0036494361356901005,0.0006719000618945592,0.26658331424943044,-0.07682187558822726,-0.09659858170288588,0.012389713662226012,-0.0008920445014233061,0.0013351664167043492,0.005164857902804833,0.0019432926678697704,0.0010625723824904873,0.0009466401302066379,0.00014845437705959864,-7.998651436161633e-10,1.4360166440116631e-09,0.01950559243974778,0.011268341149110142,-0.010744875644352092,0.0018326568209413906,-4.0294867052412253e-13,-4.013194941296372e-13
23.0800,-0.003659553216069203,0.0006997459282682443,0.266621871558507,-0.07715847952828776,-0.09649179925567061,0.01241692614825921,-0.00011934093317231753,0.0012569054578105306,0.0004487891498844351,0.0013763230998224772,4.9995702009486625e-05,0.001265534944482751,0.00016146646120412597,-7.998687822559e-10,1.4360130526515844e-09,-0.011679435265937536,-0.02536130845760043,0.002409102231402981,0.00035445304620126917,8.990314189719767e-14,9.315313277691306e-14
23.1000,-0.003661140049544905,0.0007208843488529328,0.26669303627936086,-0.07743061062618004,-0.09628144346869213,0.012434397652712955,0.00040068384359194027,0.0005474999962315672,0.0056483431390005265,0.001412844285120248,-1.8992424284863967e-05,0.0009567660424273747,0.00016685988775968667,-7.99872342103114e-10,1.4360095416586147e-09,-0.08332974848699326,-0.11774111078910796,0.030485810157326744,-0.0009467023234861446,-4.380629973349537e-13,-4.364049269525716e-13
23.1200,-0.003658668846055421,0.000734641840941968,0.2668143930195147,-0.077637221809406,-0.09605176877681575,0.01244532580827188,0.0008071922518631383,0.0002027529406748596,0.004800408448385894,0.001111697887813411,-0.00041355883025378446,0.0006493038814785155,0.00015613438563325712,-7.99875046491165e-10,1.4360068891179795e-09,0.045152570338856446,0.06565034335127087,-0.053842793753684615,-0.00015598244593727055,6.673244042857546e-14,6.995233114547722e-14
23.1400,-0.0036616409425054355,0.0007415705449819826,0.267038101560553,-0.07778478614230883,-0.09594423405129412,0.012456152044745684,0.0009612519577884826,-0.0007591627116001838,0.013161226337272361,0.0013249996085011176,2.5789084805602407e-05,-0.00013723408911357207,0.00014290085385361572,-7.998778014017903e-10,1.436004185529758e-09,-0.010871063298724297,-0.003823618782897074,-0.03046221808927991,-0.001059824509166229,-4.4593278722415697e-13,-4.443461657649417e-13
23.1600,-0.003675855505343813,0.0007409668286617541,0.2673967607349125,-0.07788538741335187,-0.09608410676071963,0.012472019177087993,0.0010247240707947068,-0.0016609296800816846,0.019709896505940128,0.0009752387064898316,-0.00014158109867923503,-0.0007094038793708791,0.00011407862350967065,-7.998807301728127e-10,1.436001308862822e-09,-0.09671896016104022,-0.11599485811964765,0.023690336910723083,-0.002501785132878862,-4.2402463918539413e-13,-4.224589428281078e-13
23.1800,-0.0036812561904922894,0.0007311919705373307,0.2676572270519768,-0.07792562457963842,-0.09620896811229247,0.012480218284363983,0.0009203028721226131,-0.0016207802442666087,0.013519001987565634,8.426948700266293e-05,-0.001038711236313241,-0.000748282420211845,7.383219281389444e-05,-7.998838272690004e-10,1.4359982591086609e-09,-0.09127594078731137,-0.11073757508914045,0.03157515572473232,-0.002496455566123623,-4.059260523200936e-13,-4.0434805026814957e-13
23.2000,-0.0037042195092471513,0.0007163708167452271,0.2680373960586301,-0.07793814178629756,-0.09666480919730831,0.012498252045777019,0.0005923816809419089,-0.0026356528323893307,0.024060578604849385,0.0005706052006288596,-3.51519224805063e-05,-0.0015198229581260762,5.4574762996037204e-05,-7.998835791221333e-10,1.4359985603751734e-09,0.01733892530229927,0.04475655699884433,-0.03734815196662387,-0.000969866678675678,1.3668634366720278e-13,1.39783746643668e-13
23.2200,-0.003742694027745088,0.0006953094719191644,0.26853373092848254,-0.07794013584973944,-0.09748282710720298,0.012526896357271368,0.00041926473354123364,-0.0031721698817735143,0.026630128158738935,0.0002961235047803627,1.6823288009661e-05,-0.0017229472436728038,2.6520534204891196e-05,-7.998836334540793e-10,1.4359985581348053e-09,0.06438408781770431,0.1123122644595416,-0.05703486201592004,-0.0004311304341764081,1.6779600712363285e-13,1.7083963367234278e-13
23.2400,-0.003801831297045503,0.0006681072543773469,0.2692205080714066,-0.07796181281883913,-0.09878942570072853,0.012572142267487003,0.0004368684731638222,-0.003936698175540588,0.0316835782083209,-0.0001387120577315673,-6.754350490245436e-05,-0.0017425534016838997,-6.610642342807524e-07,-7.998834602735718e-10,1.4359987803067227e-09,-0.06310578524990995,-0.062271462275460106,0.03369221531699487,-0.0018770378822240705,-3.1731160667763936e-13,-3.159271889235926e-13
23.2600,-0.003836891632430936,0.0006323263112457105,0.26967254669207635,-0.07797744617518719,-0.09996908821168354,0.012605429037535053,0.000483860626296266,-0.0032302073874160885,0.017311128947490127,-0.0013907929046148321,-0.0013898797219261826,-0.0008629498092380524,-3.4679400082831574e-05,-7.998840889866095e-10,1.4359981958309498e-09,-0.07762210442128359,-0.09339916230293259,0.06549033254927572,-0.0016398397620059194,-2.871807067324206e-13,-2.8576121503809393e-13
23.2800,-0.003844576879480175,0.0005923765144131462,0.26984345463247317,-0.0779881094021224,-0.10088590770511092,0.01262317464683776,0.00046733057678274647,-0.0021205448310801372,0.0003761816397807942,-0.00208212905846721,-0.0021799802201223554,5.212116464822764e-05,-4.8508454064187424e-05,-7.998848698963975e-10,1.4359974581872249e-09,-0.0912605284692755,-0.1262322854189195,0.09703874995288406,-0.0010795536382073416,-2.7483316187085216e-13,-2.7335208749312834e-13
23.3000,-0.003806960739169065,0.0005525109581212687,0.26953672687262525,-0.0779623882382834,-0.1011404424268097,0.012609595940758493,0.00022918875389690607,-0.0008541176860669804,-0.013360521641390968,-0.001571894212101977,-0.001682033392361677,0.0007165037208330259,-3.203482626305927e-05,-7.998847026907928e-10,1.4359976739489323e-09,0.13044403984495057,0.16671775595429117,-0.03807648706129871,0.002712628413746323,2.3585671718624746e-13,2.390044542485703e-13
23.3200,-0.0037716026476569456,0.0005189935649271551,0.269253192842608,-0.07793946991888592,-0.10132733367781693,0.012594793460155271,0.0003481237132823705,-0.0004577984757897763,-0.01515935779359621,-0.0007185618835984375,-0.0008110333218700643,0.0011123555731302368,5.934875541174632e-06,-7.998854728588204e-10,1.4359969508736058e-09,0.07722427349842903,0.090428883819016,-0.0001349556676507455,0.0022986875705587606,2.1957877681909321e-13,2.2276161492675028e-13
23.3400,-0.0037374426123110973,0.000490992782561941,0.26904371860888215,-0.07791502855823632,-0.10143641192423274,0.012578132913631702,0.0007359593897289671,-0.0005899793687733646,-0.009988099049278115,0.0003970753942680449,0.0004307767160317927,0.0012339707201433352,4.891304416591867e-05,-7.998853174729708e-10,1.4359971598277704e-09,0.06934167934301744,0.08395373671439921,-0.012558210087957402,0.002122590895048063,2.0403882576569554e-13,2.072028800707143e-13
23.3600,-0.003691692300055773,0.00046614783447068323,0.26883064076980207,-0.07787392869216272,-0.10130894759117437,0.012551657268249212,0.00132821921127421,-0.0004470874948829518,-0.00999724422913235,0.0006219262205200388,0.0005268830605258814,0.0015939157405661852,7.209471518678728e-05,-7.998863069053024e-10,1.4359962162417679e-09,0.05442062050732548,0.06595201126954046,-0.015437473295983117,0.0014901982532247316,1.946103868333271e-13,1.9779054154060727e-13
23.3800,-0.0036449001503891117,0.00044441364256586174,0.26873564812581213,-0.07782557085352548,-0.10110639998743474,0.012523144431760336,0.002016278221254959,-0.0007400502808841277,-0.00475315267314743,0.0009214841676868715,0.0008269321032137929,0.0015456450810387933,8.802655410738958e-05,-7.998872274088303e-10,1.4359953445269586e-09,-0.032766165323060086,-0.04854792512245832,0.021494578564630603,-0.00010241696628273795,1.9677025308618978e-13,1.999569943216678e-13
23.4000,-0.0035465754515321165,0.0004217171267653969,0.2682407222661804,-0.07770875334720023,-0.10009965143451979,0.012458110203917072,0.0024524618192220396,0.0010663145587651137,-0.028518823447032243,-0.00020549224893025091,-0.0009074536260625598,0.002364126522154228,7.424381401356234e-05,-7.998908348891386e-10,1.4359917795123017e-09,0.04489105017000306,0.04995872032715517,-0.027839118133773176,0.000483328835363955,-3.5253587158876054e-13,-3.5087687963453185e-13
23.4200,-0.0034501754270640965,0.000405199493814458,0.26779546387333786,-0.07755787389480774,-0.09893883143732951,0.012389748426377984,0.002624056138664967,0.0010943633255934343,-0.025115795677067048,0.00043875906991219983,-0.00020352970520219,0.0017369456722861202,8.106117136914191e-05,-7.998927194963007e-10,1.4359899443283064e-09,0.02231164154083089,0.02271138578844532,-0.028071615926378593,2.0898125805454916e-05,1.6330982247937664e-13,1.6660902258519572e-13
23.4400,-0.003351752280552948,0.000392994508043344,0.26733440312069073,-0.07735921368882562,-0.09758366004618933,0.012315379355373218,0.0026321453464907933,0.0013563054425338285,-0.025901928240898618,0.0004247644097225304,-0.0003300159568429964,0.0013164075288839155,7.280926745489841e-05,-7.99895817524401e-10,1.4359868930448236e-09,-0.06003344354386527,-0.08807382880746344,0.016910409127652928,-0.0013723348498354507,-3.6315178295054373e-13,-3.6141467422978746e-13
23.4600,-0.0032449942517415154,0.0003847534261628269,0.266731362236879,-0.07709144596905851,-0.09591466192542665,0.012229530169163555,0.0022848461146445466,0.001916662234036759,-0.0299351806391917,0.0004576013296567098,-0.00039716737511084915,0.0007967534751986334,5.724944548669673e-05,-7.998989286931128e-10,1.4359838331748126e-09,-0.006277697656640492,-0.013104595470251989,-0.024145060722551234,-0.0008469150996375434,-3.7264175035620073e-13,-3.7086463457527974e-13
23.4800,-0.0031666349380972438,0.0003829682855638119,0.26629738509883616,-0.0767821156947557,-0.09444270443337595,0.012156059579117992,0.001680618700235871,0.0014060613628584454,-0.019093215177304463,0.0010658124525586162,0.0004402247146049876,-0.00022424967700947839,4.743916432820296e-05,-7.999009053696122e-10,1.4359819058007263e-09,-0.05816050539529501,-0.0763192017165694,-0.002280046886948095,-0.0016651727604197722,-3.655320404000184e-13,-3.637620803534358e-13
23.5000,-0.003128890322527401,0.0003852983503447387,0.2661434318506512,-0.0764499182392351,-0.09342269210722692,0.012104699534489758,0.0010151401945506751,0.0006632688056380013,-0.007514001724915699,0.0011858577149082075,0.000816648691537168,-0.0011453976194419231,2.2875701644665302e-05,-7.999019798588242e-10,1.4359808847573697e-09,-0.0699279081179069,-0.08154644471476727,0.0014175347076173098,-0.0023920074844003313,-3.4205087763930497e-13,-3.4032276779658033e-13
23.5200,-0.0031129413536113634,0.0003881135544504817,0.2660593475219029,-0.07608642079026702,-0.09265269581018536,0.012064383467562128,0.00015662460762175598,0.00013127082819115133,0.0007095032676008512,0.0008672227426248973,0.0007085484199071216,-0.0017384838416384723,-1.5424381529286314e-05,-7.999030183947808e-10,1.435979897850173e-09,-0.0697510268186405,-0.0763965007019851,0.0010793624087712282,-0.002492404748840435,-3.106913597922256e-13,-3.089872108175129e-13
23.5400,-0.0031217557931696224,0.0003911286145184515,0.266048430617702,-0.07570753190715601,-0.09220814539061392,0.012037977673798808,-0.0007554547980424927,-7.117550368078291e-05,0.0035722467360574718,0.00038527802965926584,0.0004426711955355128,-0.0021104691207665177,-5.668655737614043e-05,-7.999033856713294e-10,1.4359795818298782e-09,-0.03950380487980229,-0.03285979819247913,-0.007550507374549623,-0.0021206194753888743,-2.752410387281412e-13,-2.7356160956296116e-13
23.5600,-0.0031385231860396306,0.0003933261636002304,0.2659270149164223,-0.07530971969139306,-0.09186727746044847,0.012015052285481716,-0.0016334330186823162,0.0007079876221683882,-0.007709416699791849,-0.0007560439839013141,-0.0007568631536225485,-0.0017701667072694781,-0.00010178495610675244,-7.99905001602514e-10,1.4359780111219862e-09,-0.07745058948829983,-0.09118435991393509,0.039018454576767066,-0.0022444929256752355,-2.385788506857611e-13,-2.368438561592412e-13
23.5800,-0.003157155343999313,0.00039701207591757455,0.26561035265209154,-0.07489164802631156,-0.09149223001481255,0.011990646669281438,-0.002625228969161655,0.001605101893110851,-0.018254320352435273,-0.0013408021682338007,-0.0013594891022424172,-0.0013268940384088537,-0.0001290779615645091,-7.999056126411861e-10,1.4359774477623787e-09,0.03789013011660289,0.05692267960818565,-0.007373262365857312,-0.00028140066236723713,2.6969328463175013e-13,2.7303170575115887e-13
23.6000,-0.0031945302439998604,0.0004059654163912795,0.26527446172634905,-0.07447244893161406,-0.09127124658162995,0.011974592330407562,-0.0036416578740798566,0.0015592578110129721,-0.013196189921877433,-0.0006267992827133161,-0.00032498947556383097,-0.0013706177479683404,-0.00012566280388845867,-7.999054920999408e-10,1.43597761785581e-09,-0.02024940526852523,-0.02487383280519183,0.033596008360359156,-9.455344240256944e-05,-2.03452543440924e-13,-2.016735845163098e-13
23.6200,-0.0032541342481702995,0.00042009374238817607,0.2650150299552279,-0.07406607469643837,-0.0912742148293688,0.011969706455599614,-0.004318119723964494,0.001470022559447114,-0.008526722704147782,-8.274841863327583e-05,0.0004597760682676641,-0.0011545414287735852,-0.00011497459344434583,-7.999045754441652e-10,1.435978585520641e-09,-0.021056368392618444,-0.025185797253729433,0.03850258755684861,0.00018866080147118472,-1.8478016968088984e-13,-1.8301508854408344e-13
23.6400,-0.003341516565538552,0.0004386936248279203,0.26496272184354003,-0.0736945406756347,-0.09162564150538888,0.011981055890568894,-0.004640502807398321,0.0009515953785559601,0.0011344892283451928,0.0003978950924211417,0.0012184524353189678,-0.0009153521134006852,-0.00010235566509377548,-7.999022832603343e-10,1.4359809311557203e-09,0.03617491794327779,0.05697811310786221,0.0017298592697269008,0.000732671573713825,3.1855919811751843e-13,3.218260618935431e-13
23.6600,-0.0034457646639168356,0.00045901237852947086,0.2650909325738057,-0.07337042883739497,-0.09224588937011506,0.012004323357187544,-0.004534853013456177,0.0005247076065368237,0.0075231519061202,0.00036673360305511697,0.0013866961532229558,-0.0004952685538948259,-9.811151813420862e-05,-7.999003321708706e-10,1.4359829316488618e-09,-0.06839634356874799,-0.08095846293204957,0.058883616981883595,-0.0005973506326865633,-1.2245494332083218e-13,-1.2076334398626598e-13
23.6800,-0.0035466239405546342,0.0004796138509007871,0.26524284763413497,-0.07309275414069862,-0.09287334315014914,0.012028532449172248,-0.004265795339449855,0.00015373563397458556,0.01371712816008761,0.00037530458954487247,0.0016067637124597045,-0.0001332846121952583,-9.682249392705105e-05,-7.998967971196855e-10,1.4359865190316262e-09,0.03772251489358123,0.06332715297987869,-0.014027161686015345,0.0005920732036605159,-9.79343830424112e-14,-9.629931129861297e-14
23.7000,-0.003639649590034722,0.000499984952306793,0.265418531877623,-0.07287681434510987,-0.09347957299104638,0.012053184875505399,-0.003650670028933796,0.0005923539095949188,0.006340111452354939,-0.0004204483710525244,0.0007588349764671478,0.0005793008828884589,-0.00010541137920037612,-7.998940401226755e-10,1.4359893232403413e-09,0.06333814354223923,0.09485450110283647,-0.024901471356386328,0.000585537155950155,4.0765551741553385e-13,4.1086345480348396e-13
23.7200,-0.0037339806026195563,0.0005215986745878273,0.2657274501913504,-0.07274688583981317,-0.09419972346335516,0.012085684116256237,-0.003016729835335738,0.00021852216985281656,0.011867604075318236,-0.00046267979851624083,0.0009264479440751829,0.000664890609587816,-0.00010523576183472808,-7.998903174791782e-10,1.4359930938358375e-09,-0.06116900875780672,-0.07292709432616978,0.04343172717636011,-0.0007931273850153183,4.4113101843254454e-13,4.4433516111289095e-13
23.7400,-0.0037926228876644483,0.0005427991256268198,0.2657998472808918,-0.07267444278460183,-0.09449497108634451,0.012103509632382093,-0.0024592275122116806,0.0006851852840885389,0.006592771809899459,-0.0007938817347275529,0.0005652340402719529,0.0010182438787985474,-0.00010870159981514097,-7.99886745416746e-10,1.4359967147058899e-09,-0.0461601459619282,-0.06082228731415751,0.029991308018518778,-0.00022943422099928627,-3.075588151128447e-14,-2.9100962091466176e-14
23.7600,-0.0038391300160294196,0.0005668197333439876,0.2658570736589648,-0.07268281802076709,-0.09466301823613438,0.012121388339952502,-0.0018796587229428763,0.0011928140232434175,0.0006711632910594677,-0.0009625153468031368,0.0003292881958447107,0.0011658578891177221,-0.0001052564952657969,-7.998830470714255e-10,1.4360004585545385e-09,0.001774097150561362,-0.0007094870056349669,0.0034713398144169618,0.00028132957393244484,4.453203214169199e-13,4.485556349097253e-13
23.7800,-0.003871066887391595,0.0005937896595272282,0.2658637254100483,-0.0727669407385368,-0.09465309790261038,0.012137619881516992,-0.0014136079476485546,0.0015600579315836745,-0.002413768226053748,-0.0009717481042119186,0.0002207900614821581,0.0011784714653109997,-9.74467563227743e-05,-7.998795092442222e-10,1.436004043716647e-09,-0.003689044502937256,-0.012844034353195208,0.00452150170849648,0.00035936781390110296,4.350967286112506e-13,4.383497145994675e-13
23.8000,-0.0038835293500322395,0.0006238822460637489,0.2657446682633117,-0.0729115009501219,-0.0943610963240063,0.01214797148006845,-0.0010910338880504515,0.0020843981094810144,-0.007186916895392076,-0.000840676193197885,0.00018372870015308826,0.0011051595931666884,-8.54166301785346e-05,-7.998763291463135e-10,1.4360072717522906e-09,0.03227361742448266,0.030479128855748997,-0.020700576507364735,0.0009860793213138108,-7.080162736476658e-14,-6.910654503072128e-14
23.8200,-0.0038892631012735664,0.0006582641175706515,0.26559701147704523,-0.0731133717422622,-0.09393193142823758,0.012158833120847158,-0.0009371669200971981,0.0022675755671616093,-0.006480058021139155,-0.0002458575046979229,0.0006723766985006264,0.0006941043986303661,-6.390557734366332e-05,-7.998728803755984e-10,1.4360107736846092e-09,0.09977176430485274,0.12015299335909801,-0.06906814221628331,0.0019300962525598364,3.731276355598001e-13,3.7637959155595313e-13
23.8400,-0.003909611168300016,0.000696746641212797,0.26562629690959233,-0.07338217047964309,-0.0936858623137622,0.012183162230844589,-0.0008104836285847475,0.0017819291822710546,0.0024095652879558968,0.0001979413781096817,0.0010297281118895015,0.0001965390743999604,-4.399250235404977e-05,-7.99870301678184e-10,1.4360134000681625e-09,0.039050442527442754,0.04177166190907755,-0.03730298209085198,0.001080033768545511,3.5166899774174976e-13,3.549078348916157e-13
23.8600,-0.003939252035169615,0.0007359022818578007,0.2657818198668172,-0.07370752561949072,-0.09360517433429832,0.012218107516470098,-0.0006717590601981523,0.0014444396939763396,0.006773049841866269,0.00015952508390828897,0.0008061366177789359,-0.0001417404673325866,-3.3168994903625194e-05,-7.998682811808889e-10,1.4360154693749923e-09,-0.05494756321072625,-0.0824691140405104,0.016287683311220113,-0.00020751407293033544,-1.4872077094135738e-13,-1.4705551771958258e-13
23.8800,-0.003951745289508804,0.0007729023562274359,0.2657670590088658,-0.07405079296039373,-0.09331370698241295,0.012245751662818903,-0.000718929727644075,0.0017877198421798965,0.0012911440003112646,-0.0003129951328389155,-5.887198594082514e-05,-0.00010378543858252266,-3.1139914361447934e-05,-7.998677172322612e-10,1.4360160796507109e-09,-0.07025837445529441,-0.10804356129697236,0.0291633216978878,-0.0002468950824046236,-1.7932533171068077e-13,-1.7762188746738017e-13
23.9000,-0.003969787969854977,0.0008098801988441271,0.26576735278896113,-0.07441621228986425,-0.09309595980167591,0.012278452165580203,-0.0009523558607601645,0.0016421211029065946,0.003259940956456097,-3.7547535267028595e-05,4.353440578771382e-05,-0.0004717582395833045,-1.6799036854017816e-05,-7.998663964317231e-10,1.4360174515775618e-09,0.0036411745512732467,-0.007741348054699069,-0.012864985389721114,0.0007161703185369854,2.7143429648032735e-13,2.746893966627806e-13
23.9200,-0.004014219312400482,0.000846349724349437,0.2659941134331967,-0.07481593998565553,-0.09328174897558293,0.012329364789752554,-0.0011747297372653662,0.0007761103592577416,0.01397571219119722,0.000517901107975359,0.0006115546584274308,-0.0010599299527934488,3.0846960618808794e-06,-7.998651951424381e-10,1.4360187046353048e-09,-0.06950619143898025,-0.10135565049489513,0.028878385003993975,-0.00010200223373384619,-2.409394569708595e-13,-2.392988151384001e-13
23.9400,-0.004050448557470794,0.0008772625635495293,0.2661137977926993,-0.07521066061096235,-0.09342996071583565,0.012376376121377123,-0.0012556192298675138,0.0012992974950964509,0.0025218996103748806,-0.0004104611918273212,-0.0008153247766916231,-0.0005776667703024929,2.0510944857742855e-06,-7.998658331371407e-10,1.4360181139082934e-09,0.01619877106386902,0.011494997334889866,-0.006466433347675343,0.0005888492667958283,2.2553638644173812e-13,2.287775546262749e-13
23.9600,-0.00408623069948391,0.0009044140324739394,0.26617773816440776,-0.0755929323551547,-0.09360523636107458,0.012422393831547333,-0.0015215075947296241,0.001117136518625169,0.0028699616360748394,-0.0002604673137917669,-0.0008359181843515448,-0.0006057352611912349,1.6875867058951994e-05,-7.998670927463382e-10,1.4360169016861845e-09,-0.07281822315635442,-0.1120105673202305,0.05112308646999015,-2.4053620864065232e-05,-2.9743861453684906e-13,-2.957553364539567e-13
23.9800,-0.004111898258278823,0.0009274555375998297,0.26608761457788704,-0.07593741157692782,-0.09364243285738236,0.012459190453836038,-0.001766920987615557,0.0014172305054620262,-0.003424095315147801,-0.0002519725441432869,-0.0011274421727965576,-0.0003204297495614294,3.37412074042476e-05,-7.998689779548258e-10,1.4360150645729591e-09,-0.0183413625009136,-0.0414505356094525,0.026703724106913625,0.000844559924970096,-3.35702494448642e-13,-3.3399791179306026e-13
24.0000,-0.004141733409564629,0.0009478168406079005,0.26599586694231736,-0.07624325241738862,-0.09371757600440715,0.012494329828443763,-0.001920381165608543,0.0014039609644999986,-0.0055407883386802605,4.8585869838545406e-05,-0.0010459446542878206,-0.0001247809050285135,5.9955899618599116e-05,-7.998714195412553e-10,1.4360126744877313e-09,-0.003406484510505309,-0.020277098456731778,0.0240912618513132,0.0009970703101737299,1.3350583659421655e-13,1.3680164856824661e-13
24.0200,-0.004184204931715055,0.000965777719587037,0.2660104432909658,-0.07650785399284184,-0.09394569079154184,0.012532385902759511,-0.0020738395678580107,0.00032597393194483935,0.008007781974608396,0.0012107726960682516,0.0002873774773280754,-0.000492595606953557,9.534612826916144e-05,-7.998726354284824e-10,1.4360115128510674e-09,0.020166080907871885,0.020295977642300272,-0.0032881151273487213,0.001342076865125079,1.0940478124138453e-13,1.1263896987443595e-13
24.0400,-0.004243128215176169,0.0009783520158085962,0.2662339373477275,-0.07674008038883774,-0.09446489865599056,0.012577642309685643,-0.0017760012047794483,-0.00023757453472614712,0.010173550939818766,0.0010143620788348783,-2.902392602857764e-05,-0.00023455130880761896,0.00010765130738912634,-7.998756366797615e-10,1.4360085569007636e-09,-0.11831718525908957,-0.1632987647056443,0.0813585438179545,-0.000908356401999114,-3.9360273937708024e-13,-3.9194195848926694e-13
24.0600,-0.004291559336155552,0.0009832903236697797,0.26641024219235415,-0.07691277174452323,-0.09490351415482859,0.01261249912935633,-0.0015273718813424565,-0.0007679734364437203,0.013012285006802288,0.0009852268940469507,-7.173140135061525e-05,-5.430444539472952e-05,0.00011245808053538477,-7.998775713680108e-10,1.4360066740476509e-09,-0.0072444361833472045,-0.007309581079084377,0.0060202892741191,0.00016212201516334362,1.0806144119714783e-13,1.112698258184941e-13
24.0800,-0.004337842430173681,0.0009811451043758108,0.26663841641774444,-0.07703863870247205,-0.09539616680553692,0.012643181546272128,-0.001123420907540152,-0.0009851424766999855,0.010439651943883325,0.000707280628640701,-0.00036011899689528955,0.00015179221504090643,0.00010928436318264911,-7.998799316152219e-10,1.4360043635696295e-09,0.027997584250774837,0.04444015816993113,-0.016170057900422585,0.00016016285879407932,1.140338095218657e-13,1.1722674426225405e-13
24.1000,-0.004339067529000995,0.0009699781870432024,0.2664802253297566,-0.07707097504126677,-0.09530719060353368,0.012640530051689226,-0.0007545997736774182,0.0005411208825999533,-0.01562573491545014,-0.0008008300971734338,-0.0024206260827524732,0.001279043152012424,8.63988546352677e-05,-7.998862445273154e-10,1.4359980890068102e-09,-0.06855429071020365,-0.10022877513202698,0.0602851354741205,-0.001031697097478621,-3.958580967362846e-13,-3.9411529595412276e-13
24.1200,-0.004330792993822326,0.0009579651566037065,0.26622651939536546,-0.07702709608671222,-0.09499745194537262,0.012624655619882099,-0.0008226486616510282,9.528472279694653e-05,-0.008500418743291323,0.0004546474147465156,-0.0008246862269204165,0.0007646922820269701,0.0001020789389312276,-7.99888297888486e-10,1.43599608914668e-09,0.06191491585753607,0.08123006049264254,-0.03428763510298238,0.0010270078971733841,-4.1413942587775754e-13,-4.1243777056804154e-13
24.1400,-0.004353370224037997,0.0009464167307833626,0.26631884439087167,-0.07695357899044498,-0.09508917459539187,0.012623876591276378,-0.0005968413799824561,-0.0010645975557630187,0.0056768118842069355,0.001303909611987029,0.00041747946001907357,0.00016391743811828332,0.0001133976474327739,-7.998903461094677e-10,1.4359940931504838e-09,-0.04985157305728552,-0.060033121636377036,0.024924140536780787,-0.0008814203132345234,-3.9644465011159924e-13,-3.947850618461757e-13
24.1600,-0.004363165003696872,0.0009299460535923583,0.26634544154674905,-0.07681641224148522,-0.0950259822551043,0.012611112686105272,-0.0003532321472576247,-0.0012020478823444862,0.0050604982056748045,0.0010571099826608935,0.00025687190617645753,0.00021536282598091247,9.80877259096297e-05,-7.998925131324306e-10,1.435991976940418e-09,0.03857838822836657,0.06470078991327342,-0.03780707732514522,-0.0001973103484160794,-3.8311996804207826e-13,-3.8148417801434076e-13
24.1800,-0.00437894910511465,0.0009106963567142018,0.2664780826136946,-0.07664310849262337,-0.09507554008575364,0.012599731733515048,-0.00013129546352151758,-0.0016180960934761319,0.008304498313014153,0.0008811107108851588,0.00030763651657730347,9.123846652294465e-06,7.738535341127924e-05,-7.998945941175816e-10,1.4359899478862197e-09,-0.007903093370257472,0.005536536643865409,-0.014229138317467459,-0.0011025981708533185,-3.5243943180551796e-13,-3.508158390522209e-13
24.2000,-0.004401947055077301,0.0008881849818525899,0.2667288593043214,-0.07645107798967724,-0.09529641384336007,0.01259253323878508,0.00011814086054447322,-0.0019202594780160585,0.009250698011349137,0.00032490906495885895,-7.903404424301252e-05,-6.309414675934542e-05,4.814594036056802e-05,-7.998958266287452e-10,1.4359887617239401e-09,-0.043103350930109016,-0.03951000830213569,0.010703707764735617,-0.0019852737517106517,1.9406278342105898e-13,1.9727091054438928e-13
24.2200,-0.0044118765676881685,0.0008621063863872451,0.26686801959747986,-0.07623122340758352,-0.09539483943165653,0.01257691928044726,0.0001435792591415062,-0.0018537828415262213,0.007109600576609273,-4.176621373408811e-06,-0.0001721882989913566,-0.0001746784727028338,1.6255763929109152e-05,-7.998962415683124e-10,1.4359883966050893e-09,0.02393877491613017,0.05037061500729438,-0.032647266339998586,-0.0009827234170796694,-2.890637490655934e-13,-2.8746829135867236e-13
24.2400,-0.004412992222168512,0.0008346068581051023,0.2669110850288477,-0.07599659573016426,-0.09540739171044209,0.01255604115612184,0.00010597387049097781,-0.0014460202130308752,0.0008703348191188223,-0.0005449007340063743,-0.0006067170037501406,-8.765240876479552e-05,-1.3901615296727795e-05,-7.998970854383167e-10,1.4359875994927677e-09,0.016963535804672043,0.03649681339978731,-0.017672625922717768,-0.0009489699499942486,2.469962168821782e-13,2.5021336998859445e-13
24.2600,-0.004396997999183471,0.0008078444618728939,0.26673879947567125,-0.07573993619757476,-0.0951564249083921,0.012523576082925616,-0.00014997476784789436,-0.0007615647576081915,-0.006588243738527559,-0.0004947659538322208,-0.0003804895045349721,-0.00011194490860350087,-3.2032549264862245e-05,-7.998973051785043e-10,1.4359874306437292e-09,0.0842945550681249,0.12192336114076929,-0.0560154006594854,0.0004683074391549923,-2.4953623152176863e-13,-2.479008209647915e-13
24.2800,-0.0043984460886192685,0.0007857114216713506,0.2666907344815871,-0.07550041530337188,-0.0951086350244599,0.012502128496831237,-0.0003606234366946323,-0.0009739172070684218,-0.0011640525367321581,-0.0001366867289075744,0.00024033826272710165,-0.00036244332473155084,-3.604056713345132e-05,-7.998972781292863e-10,1.4359875032685783e-09,-0.047446253620618786,-0.05744305683748403,0.027795624829604498,-0.0008941020670058482,-2.2559601756122483e-13,-2.2394575343448464e-13
24.3000,-0.004413886679302959,0.0007672423899637708,0.2667535405259921,-0.07528519279761893,-0.09524367302495912,0.012490542198833325,-0.0005386507234215104,-0.0015222229905772174,0.009233256685511672,0.000456464786814219,0.0012064745025157006,-0.000724557167099498,-3.718812957464129e-05,-7.998946478061081e-10,1.4359901884032446e-09,0.0729489314769654,0.11114414444530667,-0.052253028906375176,0.0005164780787071232,2.898884474480945e-13,2.9305317937947106e-13
24.3200,-0.004427884760184552,0.0007497110894553397,0.26680687506478407,-0.07509436361014539,-0.09539928948482121,0.012480756335878706,-0.0004525371489411521,-0.0009181490940131468,0.0007564071429045477,-0.00047819744147457194,0.00013622038509517327,-0.00015989074196048363,-5.727563754651484e-05,-7.998946811127175e-10,1.43599020174625e-09,-0.03024263362055181,-0.03411485799676453,0.022008638837896433,-0.0007986581862036694,-1.8376297120266394e-13,-1.8213477059013383e-13
24.3400,-0.00442740876274136,0.0007340545002710106,0.26670256388458,-0.07491757712412739,-0.09534936174700485,0.012463860412321868,-0.0005070489004154701,-0.00019983515750427914,-0.007264410722026854,-0.0008074884862694638,-0.00024093696146964996,0.00017167151051506764,-6.724448391497406e-05,-7.998935653318824e-10,1.4359913631296579e-09,0.051456205538479655,0.07135315560917184,-0.023526427108464202,0.0004092816555434641,3.2115510337910047e-13,3.2438998319103685e-13
24.3600,-0.004452980960928077,0.0007246623628543557,0.2668405690137018,-0.07479777203522807,-0.09563876276491746,0.01246588592321718,-0.000638724535526657,-0.0014422555755503694,0.014537401684792553,0.0005998004187758126,0.001740887117968102,-0.0006699134482665481,-5.039244555529263e-05,-7.998895876825093e-10,1.4359953967564707e-09,0.059443161829163926,0.08943533207163867,-0.04503425339724764,0.0008126425749933383,3.3133727966178084e-13,3.3447756283416785e-13
24.3800,-0.0044883802469201095,0.0007164809903787822,0.2671255180187532,-0.0747396986986652,-0.09615343210983576,0.012479707182979274,-0.0003299940091396267,-0.0014221558393617377,0.013677032453261934,-3.3209039861260153e-06,0.0011159428761192195,-0.0004029668640402605,-5.956495403113862e-05,-7.99887623986756e-10,1.4359974074744789e-09,-0.05781573743007848,-0.06929013172909651,0.03210120101010136,-0.000902264449271133,-1.4098837657246233e-13,-1.3943354934195518e-13
24.4000,-0.00450170930632442,0.0007080601427105074,0.26722820260983793,-0.07471727762158921,-0.09642686725464379,0.012484943409113953,-0.00017268237839580537,-0.0009368852623105658,0.007904444382998239,-0.0005471896964225491,0.0004683362808540528,-2.1659323656829938e-05,-7.023143192375823e-05,-7.998853681920027e-10,1.4359997108259448e-09,-0.0021497743940063103,4.614343729071023e-05,-0.0002242765414690417,6.842730911418241e-06,-1.3665763941468623e-13,-1.350928104191379e-13
24.4200,-0.004504714033512777,0.0007017398249622625,0.2672519344386752,-0.07474188984097938,-0.0965900925587956,0.012488683836107827,-8.227177314478598e-06,-0.00018392665273358485,-0.0015045000208992626,-0.000977126841673731,-0.00012879105810211034,0.0003386152286077026,-7.316778161353229e-05,-7.998831957010014e-10,1.436001932669612e-09,0.04508976168432151,0.05776587194175975,-0.019532290145501053,0.000682920691198604,3.6055181193081487e-13,3.6374093841107236e-13
24.4400,-0.0044886605172992965,0.0006982083876107206,0.26709495305183906,-0.07479753272873181,-0.09647327788903613,0.012483994639487432,4.8292737238588155e-05,0.0006336379786962454,-0.010403833117516257,-0.001208108454068115,-0.0005947240615440578,0.0006926275936281132,-6.813597496353881e-05,-7.998824396253525e-10,1.436002730837811e-09,-0.004272253952286991,-0.017636893274781896,0.018008792408129852,0.0004804400923616719,3.4813796810639897e-13,3.513885688498364e-13
24.4600,-0.004449689922199299,0.0006988421717660398,0.266696980947784,-0.07486376755965905,-0.09595193159231495,0.012465976542518067,1.5767693199510407e-05,0.0018505324283276847,-0.02388373653627157,-0.0012402304783158261,-0.0009707747951141325,0.001085661001587864,-5.374447316753474e-05,-7.998822974991057e-10,1.4360029179149446e-09,0.013685413225781144,-0.0022996500081607085,0.012848322765340262,0.001081575390505861,-1.8451090807135306e-13,-1.8278805660916497e-13
24.4800,-0.004394606763869637,0.000705806298896477,0.26610021638055964,-0.07492205706486364,-0.0950379326095356,0.01243576392086115,-0.0001390909961492939,0.002725402465519492,-0.03089307274936128,-0.000788129418535745,-0.0008489336749130698,0.0012554536730439813,-2.6131143412354486e-05,-7.998829396777175e-10,1.4360023220905023e-09,0.03611421759041884,0.022384945773958376,0.00010527339484555588,0.0016560888428905913,-2.2748849245329827e-13,-2.256993420282627e-13
24.5000,-0.004369279120420875,0.00072184396224201,0.2657661208808704,-0.07499845686037948,-0.09435991700426616,0.012421346139492629,-0.00033082511400430977,0.0017474915671425377,-0.011500569818138833,0.00106202868914135,0.0012280247226584325,0.00032768973681981055,2.133323728789545e-05,-7.998815100242841e-10,1.4360038072587733e-09,0.03306073842887617,0.02869587728878745,-0.020646031572409324,0.0016291546918254564,-2.6143399511208143e-13,-2.597057226390309e-13
24.5200,-0.004391537540188426,0.0007423183682902604,0.26593959277894963,-0.07511548653523113,-0.09430800109908617,0.012436949799549344,-0.0002127381041797901,4.0934405568164804e-05,0.013183718261620774,0.002019647124738607,0.00241049062124024,-0.0005238869318979342,4.878246718574394e-05,-7.998799356610858e-10,1.4360054368855182e-09,-0.08448156585383351,-0.11382723724030426,0.029404279276822595,-0.0005457955413853321,-2.6102980454217883e-13,-2.593850698465183e-13
24.5400,-0.0044338020967302095,0.0007600508245331788,0.26638095807007256,-0.07525951569148548,-0.0946258256322373,0.012467973629394521,2.4219435849467252e-05,-0.0012645787571730054,0.028825331121661458,0.001997572744858009,0.002539524318930417,-0.0010861413453783493,4.5131409672070226e-05,-7.998769491175375e-10,1.4360084837225797e-09,0.05941745474532127,0.0963123228752881,-0.07638521477390442,0.00024039063022549548,2.429939387725566e-13,2.460902575468493e-13
24.5600,-0.0044658243422426806,0.0007700618265451768,0.26678781546552216,-0.07541483766652886,-0.09497162091304974,0.012497269855784943,0.00040857863948964596,-0.0007272185919674213,0.014841048810750263,-6.80119971555207e-05,-1.1747525663197427e-05,-0.00042384111630848183,5.8379045630911934e-06,-7.998784609347389e-10,1.4360070111930974e-09,-0.06906138054380713,-0.08336602956662208,0.01907870888114951,-0.0018642760748313614,2.687059559233762e-13,2.718829935494105e-13
24.5800,-0.00447035785044719,0.0007744831211213126,0.2669071493012532,-0.07555776325252972,-0.09502015814333056,0.012511693369318145,0.00028340001998182046,-0.00012428961712285296,0.004289910797189429,-0.0009029843788343168,-0.001042414594365992,-0.0002563951599712548,-2.0776314844359204e-05,-7.998786411793654e-10,1.436006877454347e-09,0.010851419047756944,0.016433587917204503,-0.019668996108211816,-0.0004490909855260983,2.6354640041484356e-13,2.6675276570964357e-13
24.6000,-0.004486352201860095,0.000778708273778098,0.2670827938356478,-0.07571982058626124,-0.09526179810037921,0.012534912300706033,-4.0885386277256796e-05,-0.0006799519769697985,0.012125206743582476,-0.0001992534383359194,-6.0592486765784817e-05,-0.0009131173547382092,-1.794668716388154e-05,-7.998770051936663e-10,1.4360085660082118e-09,0.045286720147894574,0.0642311554252295,-0.038704440931735716,0.00047221258055266986,2.564792453939313e-13,2.596373094819471e-13
24.6200,-0.004512073209744082,0.0007810919946345614,0.2673196416426512,-0.07590383013923217,-0.0957149479096421,0.01256659205274597,-0.00017862438580020336,-0.0007358506263743579,0.010889402532532965,-0.00038778887320448736,-0.0002750594178925639,-0.0008966452948831775,-2.008928236424045e-05,-7.998769006383587e-10,1.436008717817766e-09,-0.055579582467159536,-0.07508355822466785,0.035178292658871055,-0.0005871985358040101,-2.479885871306542e-13,-2.4641568082892085e-13
24.6400,-0.004541166202386243,0.0007814495042933903,0.26755802288254577,-0.07610383465086193,-0.09628585973105912,0.012602331962974849,-0.00034882032055015734,-0.0010838095804113635,0.014740260633111646,-0.00017794725705363423,1.1120825350595948e-05,-0.0009343376481676068,-1.4459812343982082e-05,-7.998753604482371e-10,1.4360103099173194e-09,0.03171227519046814,0.04396997251881351,-0.015261106516306784,0.0006929310515279297,2.5323634248591853e-13,2.5636925308353264e-13
24.6600,-0.004574844819340659,0.000779301773169829,0.26783795816750094,-0.07632521966797184,-0.09701398423434433,0.012643462124202205,-0.0003219363910077815,-0.0011703619858000336,0.013736184173202012,-0.000276868905587032,-0.00012154846279478524,-0.0007018887450153022,-8.251240749805423e-06,-7.998743758732938e-10,1.4360113443137922e-09,0.061606261444996174,0.08422626669557805,-0.02644187084333373,0.0010880465795813326,2.499634071777279e-13,2.5307832001927877e-13
24.6800,-0.00462088237577723,0.0007747533027956413,0.2682693114494844,-0.07658248422652586,-0.09803388120564936,0.012695997264743093,-9.856118977412188e-05,-0.0017703537389153403,0.0192985153023293,-0.00015521138555228993,8.93123505397355e-05,-0.0006201512125196589,3.585921890873391e-06,-7.998734313572896e-10,1.4360123376789045e-09,-0.06154227964615003,-0.08288001119907548,0.05152674061116382,-0.0002781591246026204,-2.600125518538443e-13,-2.585288211807979e-13
24.7000,-0.004656494063584746,0.0007655707731526284,0.2686601256727365,-0.07685920026790102,-0.09904841375408296,0.012745829935618489,0.00025257569137699455,-0.001986327548037307,0.01932682669250941,-0.00045382410406957194,-0.00029411118992940944,-0.00016419835770001143,1.0487602946680402e-05,-7.998727155065169e-10,1.4360131036066444e-09,-0.10002904318150277,-0.13850200717460395,0.08023618840320099,-0.0006546893314539974,-2.6161581581640725e-13,-2.601353919599869e-13
24.7200,-0.004643714450618555,0.0007507460626885907,0.2686347278486327,-0.077110076253998,-0.09947117498850289,0.01276629055704784,0.0005343323220553751,-0.0005589174999525652,-0.0023820609489021726,-0.001237522186535481,-0.0015356286866936575,0.0008538226645723357,1.2058435253251501e-05,-7.998742375887549e-10,1.4360116218887655e-09,-0.06485712468616225,-0.10345752304308616,0.06988542668002957,0.00014386458938184666,-2.838837563461094e-13,-2.8232396889066314e-13
24.7400,-0.004626582908776763,0.0007375338951351231,0.268604111995279,-0.07736184201894436,-0.09980978192032167,0.01278333962559372,0.0007621792201508217,-0.000706833708914836,0.0009138959701279123,-0.00019159155382074793,-0.0003952344373963986,0.0007420818754867493,4.600663649811321e-05,-7.998734957879284e-10,1.4360124155662535e-09,0.025143239021506954,0.020425107860857567,0.006469506207739271,0.001577736257620157,-3.178532198729045e-13,-3.1632633795339316e-13
24.7600,-0.0045986419989978745,0.0007241349775651206,0.26854699508615226,-0.07760093588558813,-0.0999903037823692,0.012792533787201512,0.001209931981498907,-0.00041128474443296063,-0.003727882372966685,-1.7205328117104947e-05,-0.00043809957555207194,0.0010852263090424617,7.117172057492587e-05,-7.998748005009123e-10,1.436011157938137e-09,-0.008884612688512709,-0.026760207888815172,0.028132003518458466,0.0009221278067094928,1.895328783241973e-13,1.9271921298386063e-13
24.7800,-0.004561648041102007,0.0007107714462528483,0.26848746501206766,-0.07781785773920633,-0.1000162142149723,0.012793997117487299,0.0016615510615509178,-0.0005400886125943089,-0.0020011737893707643,0.0003943151268286938,-0.0001521823237479237,0.0011582550549774212,9.627754391585275e-05,-7.998764491459185e-10,1.4360095597842636e-09,-0.06678649475544926,-0.1048149765820832,0.05382016140208985,6.899098646599911e-05,-3.6288387659372257e-13,-3.613093981988391e-13
24.8000,-0.004500597597922432,0.0006959873753477605,0.26827571383441406,-0.07798442934383526,-0.09966099676047616,0.012776600914070744,0.0020412867498820785,-3.8263504136970894e-05,-0.00903566524769008,0.0004388807162887791,-0.0003668316427289594,0.0013563604443922856,0.00010945733888536475,-7.998787321152237e-10,1.4360073249318236e-09,-0.005930233267145125,-0.02141532564759414,0.007013136215492106,0.0005921198993873997,-3.914925566887717e-13,-3.898929248034866e-13
24.8200,-0.004408995364441892,0.0006802755602163438,0.2678142508850838,-0.07807362749249663,-0.09877712134066331,0.012733642906508377,0.002294142770638096,0.001249843046938708,-0.026747297859269926,-0.00018148982166541188,-0.0015340239930122228,0.0018954488803063746,0.00011049650663011585,-7.998837437948938e-10,1.4360023529298602e-09,-0.04840185574689622,-0.08621636726117357,0.0388888110242072,-0.00018127856895301764,-4.161022654908253e-13,-4.143887381673206e-13
24.8400,-0.004313054144334906,0.0006676037354878665,0.26730686023306033,-0.07808686235344288,-0.09765024834507009,0.012679699232327354,0.0022834816070321238,0.001480509853332732,-0.027649768983763718,0.0005352541054471416,-0.000886140671065486,0.0014635406936061458,0.00012636011286309902,-7.998866674974605e-10,1.43599948109211e-09,0.0920095489861232,0.11191984563251259,-0.059959316236450524,0.0013074551807741776,7.348834811082144e-14,7.680774148210306e-14
24.8600,-0.004250108729255714,0.0006592333826710969,0.26711373580520975,-0.07805136760368551,-0.09682746852592786,0.012639811282827667,0.0021888612305137342,-5.7059221951223734e-05,-0.004780460718560242,0.0019354039532212693,0.0009031706434979208,0.00019931015370759877,0.00014540589689734202,-7.99889487175762e-10,1.4359967174481822e-09,-0.06035921884999056,-0.08273408094668022,0.009840336305017572,-0.0009258879253178479,-4.5350718623146657e-13,-4.5183713541507853e-13
24.8800,-0.0041887578993278695,0.0006483680731701349,0.26693662142567354,-0.0779384822073818,-0.09596675039472688,0.012595014313098092,0.002159507491289973,0.00016857945718829365,-0.010061713504091511,0.0012397376381567838,8.963232211289072e-06,0.00014025363024000034,0.00012285701011593582,-7.99892836720511e-10,1.4359934158602028e-09,0.054375035802458734,0.08111721467583279,-0.061435484282882535,-0.0004317522380265523,6.868474972804295e-14,7.195237244558839e-14
24.9000,-0.0041456678712207895,0.0006363527503897455,0.2668915009056674,-0.07776464271207055,-0.09530522493155444,0.012556630572419823,0.0018451603914418943,-0.000549995170191785,-0.001393637184269624,0.0012005638962225907,0.00015669291812361066,-0.0005241578562254535,9.882644549740243e-05,-7.998964683783244e-10,1.4359898334505517e-09,-0.07851800706664634,-0.09533706043909791,0.012238147193118127,-0.002265076790017375,-4.283235550094078e-13,-4.266513899987834e-13
24.9200,-0.004098659812195668,0.0006208857230499117,0.2667224932626604,-0.07751073861325174,-0.09455077837542111,0.01251031818911719,0.0013769926017923526,-7.049488637491505e-05,-0.009606273911088103,0.00036034256973925543,-0.0007539438364790543,-0.000583449230364379,5.767336617550235e-05,-7.99899662672722e-10,1.4359866889348162e-09,0.0707614752768504,0.11001602956746273,-0.07002659979486607,-0.0007592494454340257,1.0138152253466592e-13,1.0465216746576717e-13
24.9400,-0.00410330368274071,0.0006070414291188912,0.26694846964517904,-0.07724284252883326,-0.09449312433511654,0.012493789885651382,0.0006920847874162925,-0.0019441271974454076,0.01598989710977798,0.0012657476277863882,0.0009166956228191408,-0.001899217617485703,3.726329765690793e-05,-7.999002433814887e-10,1.4359861660225089e-09,-0.059077453172548804,-0.05515678411961898,0.0005463068159842744,-0.0023554703096556016,1.4656239546648187e-13,1.4974902828174264e-13
24.9600,-0.004117174429823462,0.000588427538643816,0.2671736620483238,-0.07694334513827701,-0.094641045520044,0.012481816805095868,0.0002076905862818936,-0.0019461641357584804,0.012957413489068051,0.0003159385984302413,9.872713301687612e-05,-0.0018155259434926155,-8.946701263271433e-06,-7.999016864594592e-10,1.4359847691902334e-09,-0.06417753195671477,-0.0623981070758177,0.015477224980259621,-0.0025077902541384596,-3.2616986368749767e-13,-3.24585898523605e-13
24.9800,-0.0041327817751696866,0.0005663213766153777,0.267301469852354,-0.07662133849836883,-0.09487873611150235,0.012470061554697905,-0.0003461990947949268,-0.0015491181106111614,0.005686349327354206,-0.0007083705024245586,-0.000823883630953164,-0.0014552716187236723,-5.584733560843433e-05,-7.999029031159549e-10,1.4359836019750645e-09,-0.04377939010713375,-0.040356618844053886,0.02323450845799306,-0.0019530309237474766,2.307860391508043e-13,2.339912931383775e-13
25.0000,-0.004140843867642045,0.0005431117612982077,0.26722324466449066,-0.07627753415815267,-0.09502603106627497,0.012451959353138123,-0.0009471738157676853,-0.0006200161383959554,-0.006923562239622682,-0.0012924613193666368,-0.0013431887748133783,-0.0009594746014922619,-8.428468951861731e-05,-7.99903383342843e-10,1.435983167036385e-09,0.0681551339883529,0.10424822792328427,-0.026094297465668315,-6.856494296543874e-05,2.502032326982817e-13,2.5342596944588625e-13
25.0200,-0.004159282931510682,0.0005233679189734539,0.2671211606899779,-0.07593649310073891,-0.09527720131520397,0.012438567296507988,-0.0015721952707826565,-0.0007636059677789983,-0.0016330331743180295,-0.0005213241920341476,-0.00012298149175921785,-0.0010502475172102657,-8.32183231167558e-05,-7.999027369215582e-10,1.4359838636342477e-09,0.023862768150795965,0.04086683715870608,0.002867904574317416,0.0002845719451388022,-2.3670751773605114e-13,-2.350963933077377e-13
25.0400,-0.004183176181164297,0.0005067065849458577,0.2670045327920709,-0.07560748083743556,-0.0955820863570907,0.012427779745297438,-0.001804132248356765,-0.00022999407004202716,-0.007428501486796561,-0.0007385188469892661,-0.00029067624338064845,-0.00035760783577718435,-8.456229705596581e-05,-7.999028256442615e-10,1.4359838235663908e-09,-0.02994888838348476,-0.03728884125028822,0.049681559898939506,-0.00015401416088136943,-2.1005322047712438e-13,-2.0840309187565575e-13
25.0600,-0.004213204993479299,0.0004942976256021079,0.26692163881694075,-0.07530150793987593,-0.09593753965387249,0.01242056288819539,-0.0019019817991991657,-0.0003362136671794425,-0.002755603617021373,-0.00022824123190124068,0.00047296311692686366,-0.00010411087955440213,-7.290164800580651e-05,-7.999006362741298e-10,1.4359860630641766e-09,0.08115611006911942,0.11497215860025563,-0.022298288513986436,0.0012872961470821167,3.059255865127397e-13,3.091270186876549e-13
25.0800,-0.004256297088338115,0.000485667122687834,0.26701035110414545,-0.07504313782093427,-0.09648776749429097,0.012423608752327878,-0.0016026128897947307,-0.0005463099097105389,0.0015720183352030356,-6.0775123476068413e-05,0.0008395836531492069,0.00021306600956128393,-6.343825460922507e-05,-7.998992165767622e-10,1.4359875305038987e-09,-0.0807861879158163,-0.10384176268935537,0.0719164981524155,-0.000661431092498747,-1.6367267784145323e-13,-1.6206046921096728e-13
25.1000,-0.004261072522312958,0.00047754160882215,0.2667884412143123,-0.07478932612165146,-0.09650000831770193,0.01240437361764138,-0.0012359530473333847,0.0006697753311940952,-0.013756302690017397,-0.0008786333359071534,-0.0002557495269473121,0.001257346925840941,-6.851903172862506e-05,-7.998983712065202e-10,1.4359884216618417e-09,0.0525943138721793,0.06892853171578014,-0.006015174766934742,0.0008902933721362373,3.4064390848007053e-13,3.438971113087219e-13
25.1200,-0.004276698471470609,0.00047627424829776283,0.26673770568231264,-0.07458826131541121,-0.096604481274896,0.012394100907891482,-0.0009104304503864434,-6.291277143741468e-06,0.00030590805380148174,0.0003174377158619726,0.0013510857008335899,0.0008143317822064004,-4.543552056546243e-05,-7.99895014775068e-10,1.4359918314407573e-09,0.05639569934756362,0.07871061080544972,-0.028633885647030632,0.0010787636981165658,3.4684272598103916e-13,3.500386829349833e-13
25.1400,-0.004280564134453265,0.00047805271508427236,0.26667652086670485,-0.07442729951357432,-0.09653865716006314,0.012380214585302165,-0.000369070435462153,0.00032455570940628325,-0.0024175024568660153,8.729283915785028e-05,0.0010570929255593613,0.0010770464133476414,-4.325199806977213e-05,-7.99893026860461e-10,1.4359938695823044e-09,0.05022749640138351,0.06962311524951303,-0.03091295488282266,0.0006738521860174653,3.554507491294878e-13,3.586599333499363e-13
25.1600,-0.004287186765265196,0.000483987451959965,0.2667423618305134,-0.07432477716309216,-0.09650838832218556,0.012372784234002634,0.00012100502233540026,-9.59063036182526e-06,0.0046711852359709975,0.00031618414922806627,0.001418269563379046,0.0008007906444943417,-3.998537706694381e-05,-7.998901287722246e-10,1.435996815807084e-09,0.035994184869437555,0.053404038794523254,-0.03419780768661827,0.00026968612945081,3.6475542638386704e-13,3.6793896922293623e-13
25.1800,-0.004314590685355273,0.0004936571116835767,0.26712002679830266,-0.07430952751956334,-0.09682265266941129,0.012385405117580994,0.0005954991031693962,-0.0013071007068879918,0.02486946012362918,0.0010580142736409692,0.0025987811159161505,-0.00011881246433983625,-3.642751040082834e-05,-7.998851621622292e-10,1.4360018372394372e-09,-0.004317440224395392,0.008110768400838408,-0.031720549615754996,-0.00040984167069545966,-1.129381012538247e-13,-1.1144241725182663e-13
25.2000,-0.004313998628656396,0.0005006371829500756,0.2673306296583444,-0.07434773798262119,-0.09687546121683516,0.012389359434564621,0.00114138566160569,-0.0001556871610580334,0.006450752668669549,-0.0008591250151123663,0.00019374560870342295,0.000575915860078777,-7.213281430373082e-05,-7.998836499401597e-10,1.436003391698459e-09,-0.020560358592367337,-0.02252716428974237,-0.005500834413523483,-0.001066343709454159,4.004532708039299e-13,4.036230442754085e-13
25.2200,-0.004302982539524325,0.0005092717254831548,0.26746664497742895,-0.07445016683832859,-0.09683377057867873,0.012394227634131727,0.001239309833535438,9.578803807994582e-05,0.004521705078933532,-0.0009794695789310354,8.932013711371688e-05,0.0002227512395069638,-8.422972041906858e-05,-7.998801697226488e-10,1.4360069207298823e-09,0.008666293738450391,0.012058631865569597,-0.023550527909003912,-0.0003114535424016691,3.967378183790393e-13,3.9990423082378324e-13
25.2400,-0.00430265440348572,0.0005211953582787229,0.2677069591260389,-0.0746349672764211,-0.09698838564724693,0.012413211071895022,0.0011902663337584815,-0.00035420685863539816,0.013035146099693907,-0.000519017580071637,0.0007229000651465772,-0.00047788396083328513,-8.239202373399203e-05,-7.99875838402163e-10,1.4360113035760057e-09,0.0002276941024208069,0.0008016798308978858,-0.019239820150588418,-8.348301244008176e-05,3.9141335572007163e-13,3.945403574158457e-13
25.2600,-0.004298518796668225,0.0005340645027378911,0.26789805253809895,-0.07488657908226211,-0.09715829480412488,0.012437095006435875,0.0010930662109329052,-0.00013719567094566164,0.010948511396392593,-0.0006713510281408856,0.00046459985728919536,-0.0006420690433095968,-8.406869697192154e-05,-7.998721547362827e-10,1.4360150371578633e-09,0.06855533195216136,0.09010229353557274,-0.054758815300323,0.0009330892447139121,3.755318538772867e-13,3.7864199622927863e-13
25.2800,-0.004302443930365092,0.0005484081625701774,0.26814351846511886,-0.07521227359540196,-0.09751072098226427,0.01247301629876169,0.0009780160385689577,-0.00014129564295995253,0.011456471201646947,-0.0006709635080544752,0.00036125276683277854,-0.0008186994561850561,-7.688722591649791e-05,-7.998689340318448e-10,1.4360183088566936e-09,0.013874982493782172,0.012684528335730165,-0.014026268822498078,0.0006436034818066613,-1.4848864325622824e-13,-1.4699463976759752e-13
25.3000,-0.004295887122086097,0.0005620101771204615,0.2682594002740855,-0.07558723060143954,-0.09779068593209748,0.012508311890192041,0.0008722719443242667,0.0006321037129705401,3.525415111841051e-05,-0.001418598137976153,-0.0008571765722780715,-0.00029549267548006095,-7.342028102136124e-05,-7.998680132534445e-10,1.4360192729778107e-09,-0.066396826041358,-0.1065110873391719,0.05392069024327719,-5.2579981405545e-06,-1.725886957220507e-13,-1.7102552013481542e-13
25.3200,-0.004274134542560002,0.0005764530494527533,0.26816778257330987,-0.07598567580464516,-0.09785240937605715,0.012536608617795257,0.0005596920027242665,0.001102226351223722,-0.004558295758803138,-0.001093280036779595,-0.0007872655417998275,-0.00016672040782329152,-5.0217697397303776e-05,-7.998661276204646e-10,1.4360212061322666e-09,0.06922669517994005,0.07269940717591035,-0.024076675906188078,0.0021123559703486484,2.9321640601653876e-13,2.9639344364257303e-13
25.3400,-0.004265717974661698,0.0005936559552422859,0.2681651015022051,-0.07641874943074477,-0.09807584447750352,0.012574621679516158,0.0003823287087554836,0.0007680419120572201,0.001518381077314152,-0.00021430145993161194,-1.4810096129748745e-05,-0.00034635086919873587,-9.275952519712846e-06,-7.998648219850686e-10,1.4360225622092737e-09,0.028567874022819788,0.018288688077713434,0.001131178890366434,0.0019514908696340004,2.5377931093389927e-13,2.569442054956017e-13
25.3600,-0.004253840711664877,0.0006102972320625223,0.26812293041473895,-0.07685616107794761,-0.09824703142361448,0.012610481408424126,0.00040576829938321574,0.0010863106084028076,-0.003706640360360803,-0.00019728426394497698,-0.00042456824735335796,8.17279279630624e-05,2.252260920085509e-05,-7.998653458576533e-10,1.4360220857897782e-09,0.015656255932263587,-0.0008402618640427305,0.014577283468691745,0.0016939286409980731,2.1376983841935038e-13,2.1696200066569082e-13
25.3800,-0.0042397864368290804,0.0006261388752688697,0.268066143189049,-0.0772809756413259,-0.09836302130468583,0.012643155381805448,0.00044161959863887564,0.0008208232028710261,-0.0003044223789630125,0.0003991319765393915,-4.8626286064786935e-05,0.00014373871293078976,6.060503140555865e-05,-7.998662444841228e-10,1.4360212364433065e-09,-0.026585366125625048,-0.05756780911668677,0.03283486547522433,0.001351887911237454,-3.5004638077040795e-13,-3.484691918700933e-13
25.4000,-0.004239965904820425,0.0006408231319749792,0.26818712272591044,-0.0776982317393809,-0.09867546763715199,0.012683071405935921,0.0006478853848668082,-0.00014833159306672732,0.011434835124704307,0.0012451731936214633,0.0007780880955785699,-0.0001288005884564424,9.926776043009985e-05,-7.998663411924628e-10,1.4360211933123617e-09,-0.004011084229546929,-0.01775869556470773,0.005600345761373159,0.0013685922400248536,-3.8568269671718225e-13,-3.8416367526342143e-13
25.4200,-0.0042444468798979885,0.0006502309079019757,0.2684344711571459,-0.07809674334950896,-0.09912063252286511,0.012724971293268115,0.0011255574435842957,-0.0005612116522465511,0.011992919858085645,0.0008604636196591067,8.546970307885348e-05,0.00015587652573303582,0.00011447654193392187,-7.998684241244612e-10,1.4360191583815169e-09,-0.07690478769141045,-0.11301990726368001,0.05219455221435563,-0.0002874330364226548,1.315255684312261e-13,1.3467728993653283e-13
25.4400,-0.00422112701181244,0.0006517371245513685,0.26848178866574385,-0.07843418676497688,-0.09923808702685538,0.012746388856066685,0.0014655193471991392,6.584820412624538e-05,-0.0012710440762484696,0.00011083171724696695,-0.0011177644317198142,0.0007379003508811567,0.00011387549851847123,-7.998713771826151e-10,1.4360162524234767e-09,0.025318994320251215,0.025112207051786337,-0.009508370724418963,0.0006174080803091901,1.0554747451475138e-13,1.0872670765018494e-13
25.4600,-0.004185937836761674,0.0006488875927361483,0.2684461658918788,-0.0787089759271862,-0.09917937631789045,0.012755407067963744,0.0015867541411866012,-0.000194062367472147,0.0002461919737267145,0.0006829973064176014,-0.0005417272062430319,0.00045845599213386565,0.00012887100744529595,-7.998737314406658e-10,1.4360139521066662e-09,0.10414673358610603,0.13692078384748405,-0.06863564358577819,0.0016980149322610878,7.628697207360396e-14,7.94420275005911e-14
25.4800,-0.004148731886609473,0.0006420998331282327,0.2684230088269375,-0.07892151773505351,-0.09908106990313853,0.012757965951954643,0.0017633728304103607,-0.00030367380606266813,-0.001397281824932718,0.0006300530912172156,-0.000749645924324453,0.0004774171785042643,0.00013409144368589998,-7.998776963852629e-10,1.4360100315267277e-09,0.024657565279997254,0.028583546935302056,-0.016470449481949527,0.0004438651501960294,6.599300099441319e-14,6.918323878189747e-14
25.5000,-0.004100928442146133,0.0006303936155573513,0.26831929075508254,-0.0790550800737269,-0.09882071921232756,0.012747647563245737,0.00188613332581221,0.00015963047640173231,-0.011140889769483284,0.00020036989901645649,-0.0014405198537591917,0.0007252783134899836,0.0001291701433912128,-7.998823638866473e-10,1.4360054102957513e-09,0.011748585753701718,0.010156070758076662,-0.003857740285562365,-4.684449660494228e-05,5.506224409800378e-14,5.829652759874529e-14
25.5200,-0.004057947750923731,0.0006163603456622728,0.2682561202360209,-0.0791146681233314,-0.09857338088266729,0.012733483117029867,0.0018149959806436507,-0.0006101178988362191,-0.0019048967358369494,0.0009899125898350056,-0.0004035495102537642,0.00013698271294322785,0.00013655154557378008,-7.998851734656599e-10,1.4360026535557449e-09,0.03901527715342898,0.05500779974783296,-0.03386918333136516,0.00029614940761782583,4.583612406728471e-14,4.903006847094618e-14
25.5400,-0.004005958976346833,0.0005978112204563138,0.26810031536636225,-0.07908415510574598,-0.09816919191518879,0.012706407177361047,0.0017892435087137053,-0.00016381553743060275,-0.010871964912211736,0.0004664772244255086,-0.0011138976561460452,0.00035556801529961147,0.0001225142788197436,-7.998906382037377e-10,1.4359972339169747e-09,-0.04206994994973889,-0.05811935603212274,0.022239989343693083,-0.0009814704246924816,-4.871943777226551e-13,-4.855642255462145e-13
25.5600,-0.003963671756009656,0.0005777597486291475,0.26800475930043344,-0.07897770533289236,-0.09783486393220919,0.012678242909759102,0.0015767442406985385,-0.0007901172214040675,-0.00321424067069686,0.0010109126844234913,-0.00029592025138798207,-0.00013774153870573636,0.00011838836525903442,-7.998934404455949e-10,1.43599448492917e-09,0.03617931091051814,0.0570060768929115,-0.035854247489230245,-0.0001143718451618637,-4.853783932938505e-13,-4.837910671032231e-13
25.5800,-0.003937289775933459,0.0005551149351781131,0.2680468088995387,-0.07881115544748202,-0.09771130007640853,0.01265489227436282,0.001491742437805024,-0.0012097120031311775,-0.000256843055147896,0.0008684893228123348,-0.00026748470205233295,-0.00034236018222166185,0.00010093326669168385,-7.998969848053403e-10,1.4359909899363075e-09,-0.03681959081867304,-0.03817370367602058,0.010155158914762754,-0.0014475606837258907,-4.589511821799508e-13,-4.573661328138856e-13
25.6000,-0.0038959997767616266,0.00052822666071257,0.26790116231278016,-0.07855655387440474,-0.09735542118498194,0.012615521689138006,0.0012285688201147632,-0.0008827548943221551,-0.006026303590455521,0.0004091090270490563,-0.0006810961486965923,-0.00020457430670360577,7.239595960130583e-05,-7.999005209988136e-10,1.4359875054807852e-09,0.0710864809050897,0.11003519712585419,-0.05442910341592544,-0.00015808464152141825,8.954782174021986e-14,9.275826634569384e-14
25.6200,-0.003882361556076406,0.0005017879385669682,0.26797585579915845,-0.0782667561522248,-0.09735731671232181,0.012589533423688733,0.0009827239569531847,-0.001707942396363287,0.004399227868939097,0.0007578724321521977,9.802758752616584e-05,-0.0006844249622988644,5.7409985698274995e-05,-7.999022100892908e-10,1.4359858657098657e-09,0.022388481146198826,0.04946811405100651,-0.026512398750651353,-0.0009134789602396895,1.21545744931513e-13,1.247209529663812e-13
25.6400,-0.003867585427028205,0.0004721573334796975,0.2680099471325255,-0.07793126309083445,-0.09737197927121825,0.012559775215483297,0.0008542808871577195,-0.0012910809822021827,-0.00357940973213159,-0.00018086729512826517,-0.0008176898385545655,-0.00029908443204426855,2.0893000701343424e-05,-7.999051275783218e-10,1.4359829941882416e-09,-0.02524956627570842,-0.018320843234793858,0.014820787579071366,-0.0017202095620911858,1.6106078059782702e-13,1.6427362400060763e-13
25.6600,-0.003854351475542253,0.0004421807165669865,0.26800446099013386,-0.0775622199356522,-0.0973962183561228,0.012528027016542277,0.000542661943376909,-0.0015560503596951424,0.0008307651478232757,-9.457089864507269e-06,-0.0002340411603583245,-0.0004945127392588402,-1.8002794062018151e-06,-7.999061648550047e-10,1.4359820094332395e-09,-0.0439898192011313,-0.04427567196874064,0.022818663277511166,-0.0015212195284102289,-3.3011310698882745e-13,-3.285319607505832e-13
25.6800,-0.0038596835636186015,0.00041381078207818387,0.2681417577360213,-0.07719432617508223,-0.0976848578708987,0.012507162236816643,0.00033950142040056877,-0.0022509100080190555,0.011326576718238127,0.0004167049180886993,0.0007070580283904596,-0.0008622969098857921,-1.59154634340248e-05,-7.999053135991442e-10,1.4359829110249204e-09,-0.04145919772898581,-0.03616300710492894,0.017292877575499917,-0.0014129034335881225,-2.9179816115471047e-13,-2.9027225501715437e-13
25.7000,-0.003859137503831759,0.00038434479029902084,0.26821386402912123,-0.07682607623291123,-0.09794648703717627,0.012483418588619141,0.0003507098360475962,-0.0014390611490005616,-0.0008700766358485379,-0.0007019235288365209,-0.0004261293680398944,-0.00017441158048231886,-5.145866295766826e-05,-7.999062065481888e-10,1.4359820649769436e-09,-0.09552934578468417,-0.11656776840785937,0.06546756197734831,-0.0020781557469235997,-2.453977234091742e-13,-2.4382053450885954e-13
25.7200,-0.0038359349670749766,0.000356174722751397,0.26802590594530734,-0.07644582752790355,-0.09786889576318651,0.012444907379495856,0.00014905893401275484,-0.0006214129580402134,-0.009503545839157418,-0.0009329309248288338,-0.0005556192115925843,0.0001942107213767205,-6.887565118239084e-05,-7.999054979492919e-10,1.4359828199926497e-09,0.04853601215257423,0.07403991787543814,-0.019094104081773686,8.711999933378871e-05,2.891687540459986e-13,2.9237116200286906e-13
25.7400,-0.003801965123648694,0.00033317264044782966,0.2676847904896777,-0.076066695319884,-0.09755178831324458,0.012398684289381606,-5.728909977943574e-05,0.00023381997565501985,-0.017085873989352414,-0.0008465706051252299,-0.000389057180057146,0.000493371386730954,-7.294317644267674e-05,-7.999052348713211e-10,1.4359831302462086e-09,0.08699838015769519,0.1198391324187007,-0.03744211832034161,0.0009741455322257977,2.965773785411352e-13,2.9981220414296295e-13
25.7600,-0.003796935097242312,0.00031873781002116026,0.26760925133143026,-0.07573672533667125,-0.09755496464115941,0.012371600554515087,-9.526592847297528e-05,-0.0003899759100658625,-0.003818184164920948,0.00017671788601404263,0.001097913871413556,2.994781728890847e-05,-5.97291016713929e-05,-7.999026915671581e-10,1.4359857263383325e-09,0.03643748398720996,0.0565127981334389,-0.015989829317861717,0.00036527042881283567,3.165314690044274e-13,3.1971842708033993e-13
25.7800,-0.0038021539153250293,0.0003091068402950143,0.26766445132730066,-0.07545379498384386,-0.09768639488386693,0.01235384772959757,3.992732747454533e-05,-0.0009445268584981374,0.007248424153375713,0.0004903392769681511,0.0016979502538761015,-0.00011898520664521933,-5.920058298676552e-05,-7.998998522448478e-10,1.435988619492013e-09,-0.0050228651685943196,0.004167531603018968,-0.0017689992304456663,-0.00027586590401510364,3.434100334827328e-13,3.465614297273878e-13
25.8000,-0.003807260133363042,0.0003019451839273297,0.26777713088570565,-0.07522522114182789,-0.09785807089266556,0.01234111992689694,0.00037690043019827625,-0.0005848413964912126,0.0029983392776521916,-0.00022825943702826863,0.0009296574675059077,0.0002349146734716386,-7.501061632740078e-05,-7.998981257285655e-10,1.4359903898574429e-09,-0.08470364145278253,-0.10629698840218159,0.04906193668210035,-0.0014427047089252325,-1.3643095984547382e-13,-1.3486445033655814e-13
25.8200,-0.0037792927970816334,0.00029663715047350273,0.2675893255476022,-0.07501951734476887,-0.09755858609875175,0.012311538287404193,0.00045351246568603313,0.00044183378779852334,-0.008292890323286827,-0.0008883063159054365,8.745127545845944e-05,0.0007008739609515745,-9.100073588098045e-05,-7.998962259060082e-10,1.4359923362787928e-09,0.029190503654292963,0.039756410724391754,-0.018755554793307327,0.00017725927791244686,-1.343572063501608e-13,-1.3275443027857547e-13
25.8400,-0.0037591548728806937,0.00029799270408248997,0.2674805359243964,-0.07487532682524221,-0.09731863485471721,0.012290955052270453,0.0005088480601531953,0.0007375534139156444,-0.00873514165163015,-0.0006999340960080116,0.00034041466019194656,0.0005237658249656568,-8.942315628676371e-05,-7.998937901988547e-10,1.435994820024803e-09,-0.025503737091311356,-0.03679927946392931,0.015813354523311153,-0.0003181458870490833,-1.2792097567847216e-13,-1.2630185525913662e-13
25.8600,-0.003750629797503853,0.00030553532674004226,0.26749035328386844,-0.07479820806600568,-0.0972053629568107,0.012282197371475212,0.0004944339924420854,0.0002617482478437394,0.0023322968682025456,-2.475282148155529e-05,0.0012458679352367256,-1.1283717124162441e-05,-8.066649545669332e-05,-7.998898531363732e-10,1.43599880964263e-09,-0.011702034715262061,-0.015261865483287581,-0.002991747530186029,-2.7286558032158594e-05,-1.272388227765986e-13,-1.2566548279399625e-13
25.8800,-0.003730543693026246,0.0003154523601346839,0.26740348465159397,-0.07476976815492531,-0.09693997082899906,0.012271411286396867,0.0006168200789166949,0.0012762008925934507,-0.010815490370117056,-0.0011334521093342349,-0.0002829698369900709,0.000551260838575775,-9.341912506421419e-05,-7.998888038208045e-10,1.4359999021210056e-09,-0.07398062738753329,-0.10696236982092903,0.0501742808506916,-0.0009784566071845812,3.786718659991306e-13,3.8192702039169246e-13
25.9000,-0.0037192020068243193,0.00033072258850166166,0.2673815600283872,-0.07480222772772357,-0.09675880823142513,0.012270280919597809,0.00048463746146458313,0.0009377743328170382,-0.002178135702231722,-0.0004732006067572999,0.0005231220801088265,1.0693678006247446e-05,-8.259412764926533e-05,-7.998854943935549e-10,1.4360032626557298e-09,-0.10725885882677616,-0.15157449059234113,0.06114861314550518,-0.0009694109046632444,-1.3260212697839557e-13,-1.3097628450559062e-13
25.9200,-0.003700380323623742,0.00034903408053132387,0.2672612748399625,-0.07487448971870339,-0.09644458844458592,0.012268020069107271,0.00030977074783314145,0.0013047412088849847,-0.004337598053516297,-0.00039488651039294893,0.0004718038039257493,-6.86151135173024e-05,-7.692526238592886e-05,-7.998823969954303e-10,1.4360064116820174e-09,0.060308267622886685,0.07409900434823778,-0.04200290098352747,0.001081534524162807,3.4470554665863573e-13,3.4790659936279056e-13
25.9400,-0.003694633182772123,0.0003711991618717259,0.2672416429921996,-0.07500104868152692,-0.0962917544370765,0.01227742969611043,0.00020071405003528102,0.0013200190965166343,-0.0028852213348655605,-0.00044524912138628014,0.00025425888536283057,-0.00015110274042587178,-6.802590713742059e-05,-7.9988112735617e-10,1.4360077277837045e-09,-0.08306957645176317,-0.12205575861227153,0.05141679120480591,-0.0005506649579814453,-1.6574366662122642e-13,-1.6410825606424928e-13
25.9600,-0.0036808777974947494,0.0003949422330891582,0.2671049602188874,-0.07515201882233749,-0.0959998211028698,0.012283956883243187,-2.4636124822104658e-05,0.001666030085380794,-0.005785468442478929,-0.0004499369390078024,3.070763992635846e-05,-0.00011449756311258309,-5.882995345735507e-05,-7.998797317259764e-10,1.4360091720398778e-09,-0.051299195707983546,-0.08240091489492245,0.03222960542048913,8.852708799385278e-05,-1.9066988114248284e-13,-1.8902064700780652e-13
25.9800,-0.003659716413514301,0.00042091913434620876,0.2668353933172262,-0.0753114148154965,-0.09553485648253375,0.012285856469757201,-0.0003392434411288238,0.002125090613949659,-0.009825510811414095,-0.0003205675781271673,-0.00011335798045932136,-3.602326711439142e-05,-4.3610044504893366e-05,-7.998788991816834e-10,1.436010054023437e-09,0.05688267178919331,0.061293624838851576,-0.030453013731261455,0.0015659825071151518,2.747598155938835e-13,2.780155120875316e-13
26.0000,-0.003653756177608221,0.0004499885301427745,0.26666286794782473,-0.07548917367845771,-0.09521438960090836,0.01229668553551176,-0.0005536196757480299,0.0022291078682667312,-0.010257549765859394,-1.9156935734162875e-06,2.0839863895440903e-05,-0.00012790659338734493,-2.17797524647678e-05,-7.998786825120653e-10,1.4360103199550817e-09,0.029028677751451612,0.02477645705861661,-0.0112318502546271,0.0011980095751947348,-2.549709575416781e-13,-2.5330047304442105e-13
26.0200,-0.0036712577099599413,0.00048103474565872934,0.2666865664877567,-0.07568584742583122,-0.09518131476025615,0.012321581559067622,-0.0007638548937224279,0.0012638146542268281,0.003998632579494304,0.0008094881923948305,0.000899603062928101,-0.0006122140725178409,5.677525268376307e-06,-7.998777661746926e-10,1.4360112914146751e-09,-0.027442831895721175,-0.04467694377211678,0.013244801870173975,0.00048162427892476316,-2.733540390570388e-13,-2.717260010748346e-13
26.0400,-0.0036916513902242342,0.0005094062839007262,0.2667363532389851,-0.07588106315772518,-0.09521424422444877,0.012348171223738531,-0.0007542278338778456,0.001299331924718074,0.0010265521301017519,0.00025675527575125175,3.0669113638698915e-05,-0.0002901898523776531,9.690673941105542e-06,-7.998785350379372e-10,1.4360105678662836e-09,-0.041447562944006144,-0.06293812675249814,0.0275385711042612,-9.563029914251252e-05,-2.8521819238000456e-13,-2.835735118944527e-13
26.0600,-0.0036814777704807893,0.0005333550770617818,0.26645722012002415,-0.0760284470020862,-0.09480364416542794,0.012352845579518684,-0.0008586046405116825,0.0025147133281549954,-0.017648768126591892,-0.000668588010547756,-0.0014583667940727702,0.0004729168280624863,6.270783210707564e-06,-7.998809143339163e-10,1.4360082336648213e-09,0.07406864878244133,0.0863660691954553,-0.031042110473366878,0.0012804655559663842,1.8987451042874748e-13,1.9317509289233648e-13
26.0800,-0.003667647753290927,0.000557872892121398,0.26607613944929703,-0.07613185155972811,-0.09423211186121441,0.012349841479154312,-0.0011523315270699477,0.002773664748653932,-0.0204121589767537,-0.00022614490794707054,-0.0011859149831626539,0.0004576660341199574,2.597681284831731e-05,-7.998839664097609e-10,1.4360052275225026e-09,-0.029918471478839512,-0.05865864481484668,0.032959981361426374,0.0004938363700192396,-3.407519492265587e-13,-3.3897711027019994e-13
26.1000,-0.0036688605841569727,0.0005840703257213918,0.2657881934089536,-0.07619554622413173,-0.0937505297073902,0.012350124419846387,-0.0014733365196732558,0.0021316608484531104,-0.010200740571578437,0.0009523006387701558,0.00012427611928288559,-3.354978102771503e-05,5.6304072435823055e-05,-7.998846257602648e-10,1.4360046237254067e-09,0.11664432357851905,0.14926017972101543,-0.06690164318225855,0.0021688624160274505,1.2882869684233134e-13,1.3211868122968429e-13
26.1200,-0.0036851091735322595,0.0006091598934203891,0.2656326325545423,-0.07621699737135115,-0.09341759744219302,0.01235448468571107,-0.001530544539397347,0.0018005700096677367,-0.007480943271941942,0.0010372181800818135,0.00010271637257302659,-2.876990151912992e-05,6.85715724430236e-05,-7.998876911436883e-10,1.436001603915636e-09,-0.0030142669365847198,-0.008764569340907967,0.0035998434495267038,0.0003141364856172794,-3.7574045437527293e-13,-3.7400405038592877e-13
26.1400,-0.0037186694267939443,0.000632083364438223,0.26564353329142437,-0.07619835197002567,-0.09329513637685131,0.012364945883409074,-0.0016335058938094758,0.0007107822642656739,0.005890515984571879,0.0015402734736988948,0.000783295574574532,-0.0004208251054265774,7.747616120354609e-05,-7.998891076939015e-10,1.4360002438318512e-09,0.03334291686134345,0.05111662262025308,-0.03191971747384619,0.00033032513810215213,1.2585822683520986e-13,1.2911048098696032e-13
26.1600,-0.0037582492187135754,0.0006497312073691601,0.2657319939494398,-0.07613754361536595,-0.09329067723986195,0.012375882079975727,-0.0015325401135063905,0.000519454150261428,0.004114190699780683,0.0009275032745033764,0.00010285141262254466,-0.0002705135859020213,6.284065720182722e-05,-7.998918789086913e-10,1.435997520591571e-09,-0.025914475517031615,-0.026008701049455216,0.00457137917055011,-0.000900592111035264,1.445703094998113e-13,1.4783497776643673e-13
26.1800,-0.003777498526851641,0.000661230048693924,0.26560987444375184,-0.07600887120797048,-0.09301230269698443,0.01236978623227062,-0.0015619070334845241,0.0010692519709507987,-0.006746784385415093,8.63813571576198e-05,-0.0009156558604357037,0.00013224575901350896,3.922541416805166e-05,-7.998953643957368e-10,1.435994080702952e-09,-0.014238092812243211,-0.014406199219899959,0.0033299245580577183,-0.0007635729745871435,-3.4642070028539917e-13,-3.446815857906238e-13
26.2000,-0.003798622264948251,0.0006709534650342474,0.2654635060591814,-0.07583089153687508,-0.09271612194853249,0.012360127931307892,-0.0017922133204987475,0.0009032531897681833,-0.005263640413092073,0.00035367369818994974,-0.0004523264749115916,-0.00010818577523754759,3.1171639621662354e-05,-7.998975802554212e-10,1.4359919171766766e-09,-0.0015779210354276044,0.003820676876359903,-0.005174961171058861,-0.0004385925251014145,-3.3669800888341817e-13,-3.349600328009239e-13
26.2200,-0.0038384284971584044,0.0006798656008078984,0.2654722222718316,-0.07562762811842917,-0.09266168219408229,0.012358758371425766,-0.0019735363671177443,0.00024618275177866174,0.002749422747337147,0.000669697716820788,0.00014989657553165557,-0.0004351757548112692,2.5086608610448724e-05,-7.998988531800038e-10,1.4359906925504008e-09,-0.05234657098085726,-0.060343458252666085,0.023385950838221408,-0.00116616434498661,-3.1495400905356963e-13,-3.132368496527871e-13
26.2400,-0.003878906343546307,0.0006854747473872736,0.26547641702101804,-0.07539425148655701,-0.09264057363956181,0.012355539813882103,-0.001970731445903311,0.000504466110659479,-0.0037043027518168076,-0.00014699895382997,-0.0007035260818018216,-6.133946144461374e-05,-4.519313141019156e-08,-7.9990071430809e-10,1.4359888814895506e-09,-0.020349265925644143,-0.017245320178586633,0.014866689495703923,-0.0011830263250201787,2.0541451569225377e-13,2.087193807544241e-13
26.2600,-0.003927327633193578,0.0006905122485180586,0.26552683404400834,-0.07514326454122307,-0.09271926796585091,0.012355021524566735,-0.0022714379862171217,-0.00044768882987165784,0.010614981566324974,0.0008596368625418687,0.0008740741250594868,-0.0007245802331053779,-2.4163278760033025e-06,-7.998991840683423e-10,1.4359904661130423e-09,0.12780667185027234,0.19002363285476087,-0.0911962103855976,0.0008927625224324215,2.176993394581439e-13,2.209018829402859e-13
26.2800,-0.003996250067776572,0.000693604481560668,0.26579790843885365,-0.07491098452223967,-0.09316607685178405,0.01236842631634765,-0.0020948700248392934,-0.0005920776483152562,0.009110733000958701,0.0001513535788082889,0.0002968459154259126,-0.0005416025772564081,-2.6220582370781376e-05,-7.999001528667346e-10,1.435989542685475e-09,-0.09357654100527786,-0.10892366604075436,0.05174030129986427,-0.002097619046677263,-2.2416075072528852e-13,-2.2249785564323887e-13
26.3000,-0.004044324388205923,0.000692484798555798,0.26587361477176624,-0.07467162210656877,-0.09340154679360262,0.012370162225286988,-0.0019701850664284523,0.0001977765992399217,-0.004372006084104052,-0.0011061711933203636,-0.001087492126134786,0.000174307784668778,-6.009681802583598e-05,-7.999008648585607e-10,1.4359888749740375e-09,-0.091655649679781,-0.11413460717483906,0.06439070455261017,-0.002002689504791236,-1.9341014792333133e-13,-1.9169488587635064e-13
26.3200,-0.004075802467818913,0.0006915392378879108,0.26575892647636745,-0.07443014645914715,-0.09339953094825514,0.012361838081776511,-0.002125457716692619,0.00047949640341656875,-0.006479304519528393,-0.0009791777003220377,-0.0007739311543568537,0.00025490123975664843,-7.021451219062286e-05,-7.998997580435357e-10,1.4359900315899924e-09,0.02925683192542869,0.04418259463947314,-0.006843211593528033,-2.4563742190799065e-05,3.054186677869941e-13,3.0870119828441123e-13
26.3400,-0.004120283601842713,0.0006945899792635928,0.26575388555306284,-0.07421972086403592,-0.0935493245065791,0.012362401538588195,-0.002265217847961434,-9.415642648910157e-05,0.004687369845161046,0.00016781662589056512,0.0008705383548632454,-0.0002859333031496439,-5.9386559547200603e-05,-7.998970094401616e-10,1.4359928343904101e-09,0.07974495038497446,0.11569864228291882,-0.047574201015458055,0.0009418636962793067,3.1435178895686255e-13,3.1756612313763033e-13
26.3600,-0.004187801109514123,0.000700112906196281,0.2660135724797727,-0.07406839048521946,-0.09406953834764019,0.01238079415220976,-0.0020856409866065353,-0.0008645718175347749,0.016149417722212074,0.0005066811778954504,0.0015357470350717015,-0.0005087341036312842,-5.722694280365433e-05,-7.998943188985515e-10,1.4359955763249918e-09,-0.0001156292022422395,0.012976380286663019,-0.004414187431930992,-0.00019682169865580182,3.4395142983756344e-13,3.471236969740388e-13
26.3800,-0.004253769325021702,0.000704705520989138,0.2663270078074,-0.07397124986986345,-0.09467548619775508,0.012403751079802983,-0.0017242902081620868,-0.0009966710614190042,0.0170972513201584,-4.7389393589806095e-05,0.001041808343756167,-0.00023545396558367234,-7.01578827146267e-05,-7.998920204228648e-10,1.4359979224752435e-09,-0.06777488828623714,-0.0795909069761075,0.03638249504452364,-0.0010765553480670776,-1.1613336702888388e-13,-1.1454192087000103e-13
26.4000,-0.004300190381859466,0.0007075769384559759,0.2665165991424142,-0.07392283927287718,-0.09511957993325218,0.012420970578538212,-0.0012972758221336273,-6.770264982897227e-05,0.002403866075206218,-0.001160623912417127,-0.0002702712479988647,0.0004345107253417408,-9.016196696125734e-05,-7.998897182373369e-10,1.4360002708419838e-09,0.01224043633498026,0.02143656124711495,-0.0006461067348963087,-0.0002468491373301882,3.8817175385466585e-13,3.913708007848016e-13
26.4200,-0.0043267054069036845,0.0007118367459831199,0.26654259615962084,-0.07391979141111611,-0.09532025618943461,0.012430977808455791,-0.0011562577113377894,0.00017553075085878465,0.0013130632349823436,-0.0010839613858827362,-0.0001542808656029677,0.0005047329571164195,-8.954811456330779e-05,-7.99887351865319e-10,1.4360026839829865e-09,-0.019567803705394016,-0.029024306165825776,0.01848515838479482,2.898023048063968e-05,-1.0317568739474925e-13,-1.0153939592350697e-13
26.4400,-0.004339366783933082,0.0007191896715163442,0.2664569874821597,-0.07396293861351261,-0.09532347234727503,0.01243673530511106,-0.0010249238663645114,0.0006552055753400243,-0.002696873168630233,-0.000795040678613685,0.00010703128065947826,0.0005406775830621742,-7.790526525491411e-05,-7.998847629227495e-10,1.436005323397525e-09,-0.0008703258797280572,-0.009434032115758226,0.007795232807498624,0.000670895802650056,-1.1728874707399306e-13,-1.156377646633136e-13
26.4600,-0.004341250650776283,0.0007302519386362897,0.2662887497225449,-0.07404708067327326,-0.09514595171982947,0.012439231057414776,-0.0008624264540746109,0.001311859332870521,-0.009487678884251319,-0.0007809313574369544,-8.276001863497689e-05,0.0007574784630667359,-6.48650429180363e-05,-7.998832341119259e-10,1.4360068966819421e-09,0.010845706728889248,0.001423401794492627,0.004534809553514117,0.0009303433781597904,-1.3719423817490362e-13,-1.3550955062918701e-13
26.4800,-0.00436772368249152,0.0007471403948642812,0.26639601800572166,-0.07420070100892488,-0.09528532389206994,0.012460675269402121,-0.0007306536128695766,0.00022491133999650312,0.009142757599302418,0.00043497829062998854,0.0013851962979759256,4.1036394008261115e-05,-3.3820156178574005e-05,-7.998793350532783e-10,1.4360108504962148e-09,0.016436474144889746,0.01685203182793549,-0.013009049461477669,0.0009274605227172906,3.398324915741824e-13,3.4302535855193494e-13
26.5000,-0.004399811524727898,0.0007646695495504935,0.26663149443461004,-0.07441054963414476,-0.09556342173051692,0.012490861493843335,-0.00039032588210850973,-0.0001713750879504355,0.014543868743560192,0.0005173235501865519,0.0014271606561321738,-0.00012995215102726667,-2.2011732414439325e-05,-7.998765480646481e-10,1.4360136883973801e-09,-0.0042788671246937636,-0.007194956784218191,-0.009107351486094404,0.0004115338162822985,-1.606898208245111e-13,-1.5911883898163393e-13
26.5200,-0.004418498497601615,0.000780051847290996,0.2668039736585836,-0.07465790974756878,-0.09574099975811123,0.01251812934161064,-1.702209702500564e-05,0.00030107246718414737,0.0058961372998275864,-0.00043610294831263237,7.844387029726732e-05,0.00028321890844931904,-2.7271767741673194e-05,-7.998758362360218e-10,1.436014444777554e-09,-0.07466733688033447,-0.10704205375894962,0.041175582661645026,-0.0006516981256735661,-1.6810568236914902e-13,-1.664868330003566e-13
26.5400,-0.004404154495884088,0.0007939860239950237,0.2666628774335691,-0.07490633201784445,-0.0954635743387826,0.01252721889964506,1.156071903719313e-05,0.0012284446068709523,-0.006500783552580465,-0.0007119552703419896,-0.0005345302680990144,0.0005029515610428592,-2.4796059592645862e-05,-7.99874568576325e-10,1.4360157615022236e-09,0.13946747395642076,0.1762189350475953,-0.08642379506382013,0.0021264909045205314,2.8904000503801597e-13,2.922573207747581e-13
26.5600,-0.004395905896797675,0.0008101807736325073,0.2665716689570354,-0.07517785278901214,-0.09524060731512744,0.012541338517863982,3.3465277713893676e-07,0.0014046697078375723,-0.008289024459276187,-0.0005624025315802699,-0.0005963991952999815,0.00038748640969088694,-9.313040357211522e-06,-7.99875217143571e-10,1.4360151554864978e-09,-0.02981304799625046,-0.05657754083786514,0.023140599992867456,0.00033410904667080754,-2.3065967538760113e-13,-2.289744728458526e-13
26.5800,-0.004393029070054113,0.0008275296466117273,0.26652043631924366,-0.07545865041656898,-0.0950634282561155,0.012558970252123778,-7.626053723332809e-05,0.001187178027442027,-0.004636908782145175,-8.374184989536673e-05,-0.00025386700020282096,0.00010457327517141043,1.2813612712597157e-05,-7.99874738141181e-10,1.4360156900267649e-09,-0.008626964017712548,-0.025802733665326975,0.008317256198796386,0.0005793684446849605,2.36558927828312e-13,2.398208313793976e-13
26.6000,-0.004394072219615476,0.0008443818489747006,0.26649915990742506,-0.07573695763194221,-0.0949296729701477,0.01257860349999562,-0.0001294399615034593,0.0010588428420703502,-0.003452179690909313,0.00010674479982508445,-0.0002225093772800668,-2.5989359770560936e-05,2.80024136114984e-05,-7.998750347258508e-10,1.4360154407602014e-09,-0.01141015754279914,-0.027611981440922147,0.00833797649495667,0.0004564018725105476,-2.9100246518032336e-13,-2.8933496223904065e-13
26.6200,-0.004397574239618437,0.0008601646521736769,0.2664828825164468,-0.07599861684196929,-0.0948102484520691,0.012598107409560086,-0.0002992448162484838,0.0005139868332773324,0.004089482896607584,0.0007067445046656639,0.0003642226451182127,-0.00039139140847198046,4.687533414701759e-05,-7.998751409409364e-10,1.43601538684814e-09,0.03515390550978221,0.03969513185219379,-0.028927166911608987,0.0011153591487330441,-3.1998042453532105e-13,-3.18348754475839e-13
26.6400,-0.004403602571463523,0.0008729146563366995,0.26648732061899333,-0.07623847705211347,-0.09474396531619157,0.01261764974068167,-0.0002538395102190066,0.0008312058455996814,-0.003574846257282776,2.6108403730422234e-05,-0.0007146161224248616,-3.229661818348344e-05,4.855737465726591e-05,-7.998775964814274e-10,1.4360129770980061e-09,-0.016402501830987612,-0.030940557257503293,0.015087469077641589,9.42799591826403e-06,1.7213441501177928e-13,1.754010890524238e-13
26.6600,-0.004403796442885026,0.0008830031763921197,0.26640221403936465,-0.07643432896453169,-0.09457166513819328,0.012629923324589117,-0.00046824919009114916,0.0006222514994812259,-0.0014278663766577498,0.0003905353115894931,-0.0004072172046809775,-0.00019055250373604677,5.964761375655942e-05,-7.998789980659777e-10,1.436011626618192e-09,0.059698211891093186,0.0740887406977987,-0.036980952360460194,0.001127438520180636,1.4630644243861235e-13,1.4955449530694442e-13
26.6800,-0.004408243211541457,0.0008903704062094292,0.26633657385558734,-0.07658979230399372,-0.09444818315780334,0.012641187544925847,-0.0005500706914329191,0.000755174367476625,-0.005712630300748424,0.000264465309465656,-0.0007201594823008512,-7.697110658401533e-05,6.540259777538493e-05,-7.998821049112981e-10,1.4360085693069245e-09,-0.007669989484122281,-0.017529300073276344,0.008356904193551729,0.00020844793842005301,-3.733819893894652e-13,-3.716896582184326e-13
26.7000,-0.004417273618853402,0.0008951952091195446,0.26628929722280636,-0.07669763764449025,-0.09436666248289456,0.012650841208337508,-0.0006894323569126398,0.0003890107188687225,-0.002420528917200057,0.0004548853863794349,-0.0005528765735450037,-0.00015725538911365945,7.2836963909278e-05,-7.998847512636192e-10,1.4360059691644383e-09,-0.07419574697553881,-0.10611209087345662,0.04806104526288581,-0.0006193516042903997,-3.796258554907006e-13,-3.7792224861707413e-13
26.7200,-0.004409605563772143,0.0008959640754681901,0.2660467797759372,-0.07672868706332285,-0.09401471296680097,0.01264397969486095,-0.00082301371756614,0.0010199471007602797,-0.01295866586998691,0.00014156417751477816,-0.0011091910377761958,0.00022168417481594496,7.113911556691073e-05,-7.998879491181301e-10,1.4360028201168067e-09,0.06883585262536891,0.08748509787365297,-0.03446120105126028,0.001006585806770547,-3.99734011082703e-13,-3.9801229803279603e-13
26.7400,-0.0044177242259387335,0.0008962760795533842,0.2659254347666013,-0.07670836807752271,-0.09382099563016254,0.01264108439126888,-0.0009915399300265595,0.00046464733794104136,-0.006258007461134899,0.0006880246268110084,-0.0004315881453591447,-3.799971614886915e-05,8.183628605432547e-05,-7.998908849725974e-10,1.4359999343910363e-09,0.006694625627838549,0.007744949458848129,-0.0003313410154846525,0.00016616776817668735,-4.0026131280929134e-13,-3.9854317762655356e-13
26.7600,-0.004426777912807736,0.0008939991122239075,0.26579585095593344,-0.07662193277920049,-0.09359967008668013,0.012632748112010409,-0.0011032207848681928,0.0001778646496212661,-0.0037118783457526505,0.0007986283722613928,-0.00028134736261659597,-3.466562638078474e-05,8.228374510526666e-05,-7.998938079770736e-10,1.435997061686873e-09,0.037450777479965135,0.05372571964119321,-0.02186992744399223,0.00029143720340543623,1.0664227476347293e-13,1.0993281480443928e-13
26.7800,-0.004439135104489213,0.0008894590937400785,0.26568489226151487,-0.07647294495301782,-0.09338613443617252,0.01262073316122914,-0.0012032383159689445,-0.00012446173560900264,-0.0008347529305188188,0.0010612681146603855,0.00014246262279142557,-0.0001732351980885898,8.001445806713529e-05,-7.998966210871294e-10,1.4359942988960498e-09,0.022756359848556375,0.03763906920885968,-0.021240208235569484,5.892539975757747e-05,-3.880857224122791e-13,-3.8638260342963027e-13
26.8000,-0.004460288103030251,0.0008825576282795563,0.2656602274978312,-0.07627447957571647,-0.09328421008562551,0.012609714202237193,-0.0011559020000110312,-0.00019360400689228223,-0.0025791032050400636,0.0006666009903289525,-0.0002226594317807244,-3.440683550883027e-05,6.555591846860258e-05,-7.998996008446833e-10,1.435991367588428e-09,0.0017008473147184402,0.012416170757218918,-0.004248650910765877,-0.0007114251394199291,1.3597822412329819e-13,1.392672056236416e-13
26.8200,-0.004456970796085215,0.000871601592183463,0.2653788536949753,-0.07599648371137172,-0.09281167972413498,0.0125779805863752,-0.001184618009930162,0.0007355271346634643,-0.017114153666490092,-0.0002511951677756429,-0.0013353617681986377,0.0005600732572160413,3.8810724079012714e-05,-7.999040227600184e-10,1.4359869921924403e-09,0.0088890270368826,0.015888305688391814,-0.0009778216813419657,-0.0005877619642406059,-3.494455159264165e-13,-3.476547391981222e-13
26.8400,-0.004434986740151538,0.0008610272728993628,0.2648501929774177,-0.0756354203070425,-0.09195172857286639,0.012527443412902831,-0.0014441420428463864,0.0015882335244374723,-0.027426344488777447,-0.0002569079776558691,-0.001345685796259898,0.0007329351793715067,2.8461438058797895e-05,-7.999071178400103e-10,1.4359839430229353e-09,0.14304946541097888,0.1943049534806955,-0.07856607624419945,0.0012520159984996228,1.423730924821065e-13,1.4575992322851672e-13
26.8600,-0.004443656761162747,0.0008556248466500831,0.264566950964511,-0.07524074908345989,-0.09138166300603036,0.01249024590498133,-0.0017625856190050134,0.0007683342754137635,-0.013545388330984023,0.0007920740689159133,0.00016195325609156066,7.342510268149029e-05,3.459419732238555e-05,-7.999094569916422e-10,1.4359816542044678e-09,-0.027704828427805812,-0.030596943492281557,0.014107397208557962,-0.000795161509520404,-3.2330691943083245e-13,-3.214818819138876e-13
26.8800,-0.00449371500942305,0.0008531901542354578,0.26468275754516357,-0.07484214463908521,-0.09134648406275045,0.012476007054747664,-0.0019967815444123745,-0.0010009402645552248,0.012436993543846697,0.0018931677908456596,0.001967872363322705,-0.0008653428668924196,3.246073876809723e-05,-7.999083400498437e-10,1.4359828294134326e-09,-0.0024081450179070743,0.01976904943684778,-0.022235045494323705,-0.001039595924438995,-2.8519265941884253e-13,-2.8349019095749717e-13
26.9000,-0.004564705537618515,0.0008480587484962282,0.26504447705811446,-0.07445319302441678,-0.09169703031068702,0.012475847540048738,-0.0018274960201095022,-0.0015828056117922363,0.017344698825195508,0.0010418253822794335,0.0013777799095321217,-0.0008664157107983854,-6.977751605643196e-06,-7.999080388151393e-10,1.4359831813046652e-09,-0.04151641024986274,-0.025920286332985234,-0.0005318492046290862,-0.002285480264211733,-2.2389371173020534e-13,-2.222332832080981e-13
26.9200,-0.004627698627421672,0.0008384596999484304,0.2653491503028618,-0.07407196312125268,-0.09205800644390258,0.012473541835258442,-0.0017177871516644802,-0.001415824315575151,0.012334832811800986,-0.00022330113488412193,0.0002869324391438461,-0.000599361820255798,-6.10692341523207e-05,-7.999071884657529e-10,1.4359840821347212e-09,-0.006978494999266132,0.01817072475939424,-0.01570945552837985,-0.0019545642822428578,3.1861644399222566e-13,3.218333260480988e-13
26.9400,-0.0046920786574168845,0.0008275741301399331,0.2656615694506721,-0.07372850987922284,-0.09254438999929487,0.012476361774978769,-0.0017428858034870675,-0.0014902867134477123,0.012657308734190792,-0.0008048652496725163,1.5487696143384592e-05,-0.0006334125758417117,-9.917380725160671e-05,-7.999054755712781e-10,1.4359858401714443e-09,-0.06924367853686847,-0.06938207100131671,0.029928028608606723,-0.0023887351866319706,3.695085687080435e-13,3.727283238996737e-13
26.9600,-0.004749321375402077,0.0008170841486580587,0.26587813363856716,-0.0734312969508889,-0.09301147734272668,0.012479681334659272,-0.0019102614656921295,-0.001488980055461629,0.0143868674300008,-0.0008485076532646044,0.0003428996810512683,-0.0007508917960924927,-0.00012448097592161408,-7.999020504822761e-10,1.4359893136910928e-09,0.023405950168325883,0.050976567012145216,-0.021988312679584756,-0.0007321898255190148,3.9921576244425494e-13,4.0239946791365e-13
26.9800,-0.004815612781147371,0.000808864956544873,0.26617751733599165,-0.0732166690468996,-0.09370562476233903,0.012495491869555769,-0.0018876105464598226,-0.0012939039298966665,0.012569010842615483,-0.0010839286924711152,0.00041653576694002136,-0.0006767850274201886,-0.00014454786053458938,-7.998976111032154e-10,1.4359938071268745e-09,0.02000744621302507,0.041966025160687946,-0.009155604943496855,-0.00041337086451214783,4.3721450071476653e-13,4.403787989652741e-13
27.0000,-0.0048925985876154075,0.0008036953255113106,0.26659540398376824,-0.07310456861413214,-0.09466219278090912,0.012526328501289097,-0.0018168388752796073,-0.0018333810907208078,0.022451874669329675,-0.0008210668314197002,0.0010524463808075817,-0.0008216337899976505,-0.00014822480698717483,-7.998924133276731e-10,1.4359990533243927e-09,-0.020145003792107447,-0.013150684552700423,0.01656925934110285,-0.00048416331673923105,4.680989211698627e-13,4.712203934345571e-13
27.0200,-0.004973194406877089,0.0008005372402745499,0.2671006272730946,-0.07310881650974255,-0.09582341409023333,0.01257000181393299,-0.0015253243020254407,-0.0021410743282614083,0.02825198564869986,-0.0008123016199945035,0.0013155181489751977,-0.0007380622680210248,-0.00014928630765666473,-7.998867087790757e-10,1.4360048070481174e-09,-0.09902860720439258,-0.12268574038381007,0.06495721708471525,-0.0009185996289742599,8.507563346838408e-15,1.000993043879031e-14
27.0400,-0.005044143434590347,0.0007981890652907862,0.26759672118538463,-0.07323418708235509,-0.09703395149282691,0.012620216154568677,-0.001005709428892832,-0.001770507231452459,0.023085984977473453,-0.0014800181581705932,0.0005921715957818845,-0.00014242074113794928,-0.0001516817157066014,-7.998805355589423e-10,1.4360110303712117e-09,-0.06416205519265344,-0.08293111966956693,0.0547022960384049,-0.0003361463056766289,5.132375644270604e-13,5.163274321984268e-13
27.0600,-0.005102504671407164,0.0007980139259290152,0.26806115767002825,-0.0734838264805783,-0.09822370737009954,0.012675452620690008,-0.0005117120539230656,-0.0018451585123537308,0.026283920210009925,-0.0011063424238775383,0.0011101860596169522,-9.70675330645762e-05,-0.00013517433866837435,-7.998733403108322e-10,1.436018275736786e-09,0.06959474058391968,0.09386807655404679,-0.031366545185979845,0.0016682183500231027,5.061148982549168e-13,5.091390633746307e-13
27.0800,-0.0051467296748439716,0.0007996043523138155,0.26851159886676074,-0.07386151887042317,-0.09938409434098026,0.01273571160761719,0.00018682831919338756,-0.0014935305754896898,0.02202549728008467,-0.0012450507107750228,0.000836588168791868,0.0003001218194276836,-0.00011573752079496409,-7.998672088113967e-10,1.4360244551839865e-09,0.08347937708527137,0.10640185237607891,-0.03579902328502494,0.0020776858305409877,4.956944143347242e-13,4.987125079222721e-13
27.1000,-0.0051977816724073905,0.0008041182723176888,0.2691811594885035,-0.07439028640177843,-0.10082155912069803,0.012815258594550311,0.0010631873151055711,-0.0022668830417874896,0.033741768102369896,-0.0005365607641082188,0.0016816911361296069,2.9623686706279423e-05,-7.992425779084374e-05,-7.998599164830667e-10,1.4360317990294245e-09,0.007235523641870147,0.004353911686231306,0.002197273143046366,0.001488490676932405,4.873145073233665e-13,4.902756802968589e-13
27.1200,-0.005209963053971024,0.0008067014209821121,0.2696476080619874,-0.07502373906477733,-0.1019209180365454,0.012885542631735934,0.0019441793337910782,-0.0017664990261596562,0.026089450836842876,-0.0010139889043249606,0.0007937750683476862,0.000615748068386432,-5.831703348267722e-05,-7.998545100377522e-10,1.4360372524359397e-09,0.07636727511970674,0.09010788748369229,-0.03887618096069681,0.0023936615794722905,4.551182564496714e-13,4.580878862001092e-13
27.1400,-0.00518535639197645,0.0008083649744399195,0.269917487814583,-0.07574766787976046,-0.10266268644212889,0.012945814330088384,0.0027941257894176057,-0.00044580947340781683,0.006040989077880465,-0.0019256672885049114,-0.0008276310397553656,0.001475194691986152,-3.793904906167353e-05,-7.998529109197653e-10,1.4360388875662981e-09,-0.12860540245740648,-0.20376095110126055,0.10688294267137805,0.0001341412597400293,-1.0137359430627962e-13,-9.992843412551938e-14
27.1600,-0.005089540117554667,0.0008096132189666927,0.2695894202597993,-0.07648660434024061,-0.1024149937142194,0.01296716832473249,0.0031391864280334173,0.0018071071475330238,-0.023144570737046975,-0.0023390936245154545,-0.002204364972566081,0.002437728723186703,-5.4754910542960925e-06,-7.998518670531121e-10,1.4360399761212714e-09,0.058073184374563935,0.031741663426996046,-0.0007290648860411624,0.0027993830274106605,-2.0218153323411925e-13,-2.0063285885094095e-13
27.1800,-0.004947778676577399,0.0008159928786475674,0.26883453008959163,-0.07720481426671251,-0.10133952299480946,0.012957034412288208,0.0032245233515582443,0.003731474546093943,-0.04464650694513415,-0.0018690910820649102,-0.0026762342710012544,0.002929854373471223,4.928493326940986e-05,-7.998543473338228e-10,1.4360375366118204e-09,0.049318846299476284,0.005198479814868538,0.013546994069857867,0.003179905001543166,2.182471326057922e-13,2.2158330400569304e-13
27.2000,-0.004793679876054593,0.0008308002684112507,0.2679394985285066,-0.07787305081095101,-0.09978213259498839,0.012929971099622036,0.0031798503445255736,0.0043769027132177455,-0.04683941338912229,-0.00015408191615402206,-0.0015645357965137433,0.002543405996408853,0.00012661057167725052,-7.998570787038442e-10,1.4360348543030318e-09,0.10352714120585732,0.08080493737760637,-0.03405521416248502,0.00403487867217063,9.89779276334285e-14,1.0235605765740452e-13
27.2200,-0.004646114850309766,0.0008525878799138861,0.2670849281846114,-0.07845629657895391,-0.09798497712760242,0.012894011660184732,0.0031336215232909124,0.004357910825500713,-0.042038531458006394,0.001495708247761259,-0.0004416725501071583,0.0018865887732123679,0.00020081208792184193,-7.998620336965237e-10,1.436029949421243e-09,0.046404747737706614,0.01156813169340167,-0.021116064403661348,0.0030827158314967818,-5.310276957742888e-13,-5.292286791094836e-13
27.2400,-0.004524331336707826,0.0008779061643239713,0.2664661189993132,-0.07893373744902968,-0.09626882903788904,0.012860411074557624,0.0030659570713375242,0.0034213935480225353,-0.028157520080620335,0.002630268353010778,0.00022845167009905243,0.0010470368358207157,0.0002571523310776549,-7.998683532397755e-10,1.436023685126418e-09,0.009873741380092782,-0.02050379942785692,-0.022393585985506368,0.0015724573924023634,-8.374927812880573e-14,-8.035100904947579e-14
27.2600,-0.004410616799436203,0.000900439189662891,0.26589161031515146,-0.07925558966568742,-0.09444894099551496,0.012816491881910258,0.0028441516342430384,0.003143126725952116,-0.026484706920353002,0.0027746074728820205,-0.00011359512917810833,0.0005353163008288473,0.0002752873026769278,-7.998757554848795e-10,1.4360163319073509e-09,0.06004608386133362,0.06182900538087775,-0.07103970765406484,0.0012403875628232532,-6.642505556014866e-13,-6.624383116701771e-13
27.2800,-0.004330833313325444,0.0009195268439162765,0.26556910821358826,-0.0794242858602911,-0.09292316717912279,0.012779238136920792,0.0023039110170326054,0.0016374407850025725,-0.009459256651364462,0.003333020289745593,0.00040913675410591833,-0.0006420429748081676,0.00028187833414005547,-7.998835923055901e-10,1.436008548747925e-09,-0.006392797785763548,-0.011196877911170328,-0.049778466766938305,-0.0004615031720955075,-6.875407361495167e-13,-6.857539709692606e-13
27.3000,-0.004262140621665416,0.0009293898449043676,0.2652386369000749,-0.07940687818769145,-0.09145030207380357,0.012734094057524676,0.0017196297547843937,0.0017783876843505534,-0.018172102598690794,0.002039459795892043,-0.001346008535099094,-0.0007856677650103272,0.00024410060909865725,-7.998936688952719e-10,1.4359985198085222e-09,0.020798789025854768,0.03436732964202237,-0.055212552816886716,-0.0013273610153774111,-1.7134598319194783e-13,-1.6793885075985782e-13
27.3200,-0.004220393073217926,0.0009321532785388713,0.2649798783220396,-0.07920948891129478,-0.0902364806540836,0.01269099947184581,0.0006132671142333468,0.0007955358787527757,-0.009427344119244287,0.0020771107268274837,-0.0011066845370546299,-0.0016587337959406347,0.00021321470118137607,-7.999020342606926e-10,1.4359902034900766e-09,-0.02143872537972096,-0.014314486729639461,-0.03256735929869424,-0.0020429232567510253,-6.764717909099605e-13,-6.746426334247602e-13
27.3400,-0.004230342577165715,0.000928628683090004,0.2650177804144607,-0.07886681004393342,-0.08968438513318999,0.012668043573329596,-0.0006885878572356901,-0.001058030230375136,0.010813962143341502,0.002610969496334159,0.00010745897449343095,-0.002896803347737701,0.00017701013647927752,-7.999087044353863e-10,1.435983592829544e-09,-0.022771865128931038,0.0007753939306576496,-0.035554152865738625,-0.002406569731487674,-6.35277637786591e-13,-6.335390111827932e-13
27.3600,-0.00428191138009055,0.0009150177099587664,0.26527500890034605,-0.07839883965866379,-0.08976869007950014,0.012661552295480733,-0.001706966190385284,-0.0020207048455743552,0.01600003084141408,0.0017994693125887478,-0.000387507879379854,-0.0030750210921720303,0.00012359867726835166,-7.999143650827115e-10,1.4359779756644316e-09,-0.0617178766388222,-0.04487888108724846,0.002329883261062823,-0.0034788222518707394,-5.760937516960385e-13,-5.743824469869874e-13
27.3800,-0.004374007617251396,0.0008915898370801979,0.2657504513515896,-0.07784121818857229,-0.0905325814483257,0.01267319981274755,-0.0026864179233790212,-0.0033271720923952293,0.02670714289483194,0.0011519641065325804,-0.00023474921149214367,-0.0033413744418776836,5.010899576120971e-05,-7.99918863205513e-10,1.435973539219647e-09,-0.05961183779614632,-0.03261928417840203,0.014632902270989963,-0.00364093010087926,3.249023229276449e-14,3.5685830104739e-14
27.4000,-0.004471396278806947,0.0008568009608561283,0.26612209713661134,-0.07720023311422766,-0.09152506558446596,0.012682001385104698,-0.003370808478162435,-0.003150108995854199,0.017636844841078476,-0.0002655545664990031,-0.0012051653877701973,-0.002597932660615197,-2.6401114947809755e-05,-7.999222526904813e-10,1.4359702013193649e-09,0.04152837807128041,0.10173292745504275,-0.020293054369585867,-0.0021119023103985065,1.1886505506004258e-13,1.2204289228517906e-13
27.4200,-0.004587156254115983,0.0008163000152283717,0.2665450056194954,-0.07652764636431146,-0.09290397823873167,0.012698271357754976,-0.003966553153446315,-0.0037894178887395583,0.023230453177239867,-0.0003730614228171436,-0.0006149104806725118,-0.0023545937689656627,-6.530443519416877e-05,-7.999230945840121e-10,1.4359694022491367e-09,0.003626379617008226,0.04814157802977994,0.0141161244049992,-0.0019383061844183102,1.9461629573516714e-13,1.9776354490651238e-13
27.4400,-0.004697482808222518,0.0007705897879970206,0.2668588965955956,-0.07584446229387445,-0.09435786130310934,0.012709422720571392,-0.004053940602401529,-0.003135475833043841,0.011038198801381504,-0.0014104863467312566,-0.0011655755140030574,-0.0011001856800712413,-0.00011392573955534915,-7.999237568924637e-10,1.4359687902909529e-09,-0.01837691436814665,0.008521944402366075,0.053197405964439906,-0.0015908578745163601,2.8712145508369424e-13,2.902924753876712e-13
27.4600,-0.004795128053955666,0.0007245600863702281,0.2670382166253629,-0.07517548685140682,-0.0957200777930136,0.012712163007481377,-0.0040162919792493205,-0.003003088309935659,0.010743790842340619,-0.0011018166344827097,-0.000171029425572615,-0.0003729636572301924,-0.00012760451592777315,-7.999213898849947e-10,1.4359712078751787e-09,0.07413208667046986,0.12772805069299673,-0.0011567428645154975,0.0004266421640530276,3.4777351354611796e-13,3.509080504469908e-13
27.4800,-0.004879190188709626,0.0006808325030000183,0.2671631177311441,-0.07455472976910542,-0.09697374179124404,0.01270897870736512,-0.0034373194441703696,-0.002244134033523257,0.0013601123103292344,-0.0014716952898545033,-0.00019517334229429405,0.0008809909954445593,-0.00013578203154529349,-7.999192975800956e-10,1.4359733473257151e-09,0.01989797761044082,0.044885694105407145,0.042222309021528584,0.00015544187587725105,4.1208226067568354e-13,4.152545278121589e-13
27.5000,-0.004941190100475602,0.0006423208743408382,0.2672064921245434,-0.07399810852575181,-0.09795304681761513,0.01269637021087479,-0.002683374316350043,-0.0020453247035417546,0.003271919160179547,-0.0009313512428929211,0.000818108071126031,0.0014713528389519396,-0.0001253453576936,-7.99915050940204e-10,1.4359776413512114e-09,0.07041882207756134,0.10908300465892196,-0.00021524113749651403,0.0011314046042233007,4.5064895825425166e-13,4.537968308418461e-13
27.5200,-0.004997167121118713,0.0006112774148157445,0.26739905654095514,-0.07354792220154903,-0.09889640720452868,0.012687920047698824,-0.0015490821428111184,-0.002253708537411504,0.011022017070503137,-0.0002626981478447403,0.0019975732307302967,0.0017156866665030788,-0.00011017197798569462,-7.999095298994459e-10,1.4359832122056898e-09,-0.002008607664114341,0.011233921221088024,0.024415161368468448,0.0003334497384159341,5.760380965492062e-16,2.0892931617633517e-15
27.5400,-0.00501179355863447,0.000585409957328227,0.2674353758029813,-0.07319029330613508,-0.09932185768488394,0.012664140200634331,-0.0002678175707962627,-0.0013980236912025227,0.0030549934662237677,-0.0007618473686087895,0.0014869083840005244,0.00242259873341852,-0.00011228025684672542,-7.999057703936828e-10,1.4359870092689252e-09,-0.028881539653650746,-0.031727189426619735,0.0331855358604638,-6.527449036164934e-05,2.889954443287268e-14,3.045169165113472e-14
27.5600,-0.005006223626580868,0.0005682930757222432,0.2675094395685595,-0.0729540049907626,-0.09948352989157716,0.01263958719924655,0.0009237673647457297,-0.0011481841038364089,0.005610158754271169,-0.0004470981159996324,0.002030184048465342,0.0023667418129459847,-0.00010519928386281205,-7.99897970830394e-10,1.4359948668654364e-09,0.07866144745830977,0.11132279864852221,-0.05519123108575341,0.0009452565825731742,5.374061655752382e-13,5.405269331085205e-13
27.5800,-0.00499546906026618,0.0005598711872096582,0.2677696110949739,-0.07286516093828872,-0.09962831831590835,0.01262610780085719,0.002123725552499318,-0.0013011813369607386,0.012929063210855189,-0.0002784399953398964,0.002383848030842011,0.0018920452721093478,-0.00010407658962554694,-7.998909147713219e-10,1.4360019722238659e-09,0.004706518234146143,0.012832995277192383,-0.02694564056846365,-0.00024482933798643616,5.575721091430341e-13,5.606715178935184e-13
27.6000,-0.0049729287265101434,0.0005579000645752425,0.2681269637625591,-0.07292724602343884,-0.09971021224495331,0.012621702727937419,0.003150970281954931,-0.0013022547089175337,0.01696677596717942,-0.0005878275549137302,0.0021060999036449815,0.001391808292609531,-0.00011515806885323229,-7.998840638253098e-10,1.4360088702180184e-09,-0.1255338397425849,-0.16470314950543696,0.04076679888142623,-0.0018627720104396404,8.016025722975412e-14,8.164999167233067e-14
27.6200,-0.004921382157046102,0.0005607680885623498,0.26834388210230414,-0.07312232477744668,-0.0994820266563647,0.012615678119236147,0.003767005916956829,-0.00048230870666864914,0.00911311565359986,-0.0012721470975798773,0.0012078862321717337,0.0010720314332046687,-0.00013399800354242446,-7.998766553899538e-10,1.4360163276785846e-09,0.02534957538822753,0.03224726455554956,-0.054031318179808434,-0.00022356209307773352,5.610785273890695e-13,5.641709972456499e-13
27.6400,-0.00487687665649115,0.0005714590061125235,0.2686922166491499,-0.07347549011414915,-0.0994180934044106,0.012629557743134307,0.004011075631100473,-0.000859482464556123,0.019774764676883834,-0.0008383952661315472,0.0017323201254222328,-6.677500411078483e-05,-0.0001341245727169338,-7.998686135063072e-10,1.4360244212253525e-09,0.016902919473411455,0.01985834021094768,-0.054553125175497395,1.3810795018430464e-05,5.444881741659136e-13,5.475343485897288e-13
27.6600,-0.004830775385570739,0.0005864439400823046,0.26905109773465186,-0.07397388614352055,-0.09944925120268891,0.01265824047250282,0.004083308747618292,-0.0003938119404278217,0.015469254817132813,-0.0014635988614728733,0.0007743918761520439,-0.00048025913575888056,-0.00014232443292100112,-7.998624416649318e-10,1.4360306394478561e-09,-0.04961395015047746,-0.07688153697213157,-0.0011594549255558976,-0.0005506273575799202,5.242552269038581e-13,5.273244948339473e-13
27.6800,-0.0047831221248532205,0.000605342240488868,0.2693531152972648,-0.07460087264902399,-0.09955041617843258,0.012699696883319329,0.003798680706442533,-0.00015834343313673362,0.015181400856197569,-0.0015354089157979204,0.00041728909018177095,-0.00100221425754761,-0.00013686168417880476,-7.998559870190306e-10,1.4360371437679769e-09,0.00038120543893685287,-0.015717540828123145,-0.02247570698168008,0.0005841533097374689,4.813075936069278e-13,4.843622248076884e-13
27.7000,-0.004740832001438489,0.0006275347509947071,0.26962845726955903,-0.0753434560170052,-0.09980801597040657,0.01275621477016256,0.0033734566705421543,0.00011049002045443981,0.013448420736482464,-0.0014644600195777896,9.89935850482724e-05,-0.0013628154265273385,-0.00011652873882489698,-7.998506032933524e-10,1.4360425784773338e-09,-0.01798580642476982,-0.04768505532590194,0.003994048386751919,0.001036756878213238,4.278939398985604e-13,4.30952040546273e-13
27.7200,-0.004692994059231515,0.0006510544152593644,0.2697491511514589,-0.07616547637374473,-0.10004934281162957,0.012817857653673924,0.0028600554933054492,0.0008303594017081918,0.004450385645745367,-0.001678112361612171,-0.0007271842577981516,-0.0011576650963377687,-9.045155178019471e-05,-7.998478054409215e-10,1.4360454200107115e-09,-0.0254571224219503,-0.06742818998379371,0.029262640107326987,0.0014744645389303565,3.657296904560625e-13,3.688289907863296e-13
27.7400,-0.004646978085715554,0.0006763675265413901,0.2697722300750584,-0.07704099965709282,-0.10032382803856585,0.012885275327483334,0.002276338511785959,0.0011796584866559994,0.0012056488477076286,-0.0011238998866481276,-0.0006960189543114473,-0.0010845523367640159,-4.215594549897399e-05,-7.998450743423713e-10,1.4360482016493184e-09,0.08594843244503587,0.07998180074909399,-0.02943211637420408,0.0034154332219475093,2.8085373653466417e-13,2.8394327904537886e-13
27.7600,-0.004630147792599522,0.0007034183275600608,0.2700024403459944,-0.07797072572230933,-0.10102282953428345,0.012974343168352923,0.001967184209536237,0.00020962827034499116,0.014472314973558728,0.0001596167408091634,0.00032134874207213654,-0.0013933125121321974,2.9632778261360895e-05,-7.998426911389277e-10,1.4360506409419281e-09,0.06420107803834461,0.056288334117146586,-0.0155708735645999,0.0034821444422773362,2.06753559585382e-13,2.097886209369293e-13
27.7800,-0.004596676858235187,0.0007248320590362597,0.27005222656063654,-0.0788854369405286,-0.10155236415240176,0.01305317175940504,0.0018956370657037314,0.00098914788235754,3.386199658923124e-05,-0.00040885142534219333,-0.0011997789382639501,-0.00030396679908466933,7.471018990561187e-05,-7.998451860557985e-10,1.436048189796793e-09,0.02835798126927801,0.0001961893592629222,0.0228524316332989,0.00289701249929638,1.3597659782003946e-13,1.3908874594605047e-13
27.8000,-0.0045464715302280904,0.000741446125314768,0.26992347203133815,-0.07974756930582906,-0.10183602778896267,0.013116740686226137,0.0018507044332482763,0.001525545048302069,-0.010095305680652438,-0.00034330365647480365,-0.001894264511562417,0.00047478644159261495,0.00012587670295166714,-7.998488408403561e-10,1.4360445781381462e-09,0.022698544193308585,-0.011960373563294713,0.03438353326223614,0.0028469816219897637,6.085418762869291e-14,6.402614983330723e-14
27.8200,-0.004509308097612301,0.0007555176580290352,0.2699324622339196,-0.08055420572250817,-0.10224700643837416,0.013181697888582932,0.001964918841588967,0.00022236773671895286,0.0054084490653189925,0.0014406457530172622,-0.00018339626045379208,9.49448971657604e-05,0.00020198620132323022,-7.998507289581515e-10,1.43604274604408e-09,0.09109139836241502,0.09508920597160071,-0.030558786775592706,0.0038297476690873186,-1.5231810631581924e-14,-1.2135784930688946e-14
27.8400,-0.004477755348333835,0.0007620944573971185,0.27008490759018794,-0.0812820814308726,-0.10275978053273599,0.013243253352283284,0.002481816673845941,-0.0006521761414851554,0.01076613616943917,0.0018990266434393871,-8.766446198001604e-05,0.00030992615976906557,0.0002530450905374285,-7.998554385264819e-10,1.4360380869800144e-09,0.0401056046252708,0.034749388479359225,-0.008080152897038893,0.0024303940979175744,-6.200975063291869e-14,-5.892544617394982e-14
27.8600,-0.004440877119316037,0.0007574623817161005,0.27031693927873124,-0.08190898477453239,-0.10327530507206488,0.013294096101767409,0.0032086402629649,-0.0009624134660976268,0.005818426212804178,0.0014484720476628703,-0.0010371348924233005,0.00084509805780039,0.00027630917598365346,-7.998620726999847e-10,1.4360314995100919e-09,-0.051928033695377254,-0.08748908276224913,0.04807040380715515,0.00021711288588942366,-6.598021825079958e-13,-6.583542305066414e-13
27.8800,-0.00434146185301188,0.0007383334743126384,0.27003692398536416,-0.08234719229819766,-0.10292652979449597,0.01329031126390105,0.003536778678310136,0.00047715675291553776,-0.019782160129635178,0.00029157153369143427,-0.003057964503875635,0.0019873390783279286,0.00027322206575266833,-7.998716655036005e-10,1.4360219488419198e-09,0.04592414238144182,0.04194716461280469,-0.00889377645816701,0.001027464275999945,-1.3376425618202847e-13,-1.305414652243153e-13
27.9000,-0.0042483370851158055,0.0007149209186588989,0.26985017758497254,-0.08263779338044774,-0.10254133534460046,0.013275531863903886,0.0037277831610917364,-0.0007905700818503413,-0.005959087231581502,0.0018429021396971716,-0.001217209971440499,0.0011173245225022561,0.0003048876369923431,-7.998782337634796e-10,1.4360154345672313e-09,0.0628673370563092,0.07845950719831463,-0.04294375946554366,0.0012506730786783294,-1.6875506526035922e-13,-1.655765910664464e-13
27.9200,-0.004178769944521987,0.0006850617306095735,0.2699654802130076,-0.0827990568334615,-0.1024497169040599,0.013264142041163067,0.004145555815437234,-0.002291242314048565,0.007528532571933241,0.0025775986667828073,-0.00017872023605928448,0.0003704588081296515,0.0003146628493565247,-7.998851006211209e-10,1.436008620580601e-09,-0.04093810689690005,-0.05019954850473762,0.006285392385011924,-0.0009860316949690988,-7.404080603831686e-13,-7.389354969924988e-13
27.9400,-0.004088160392313378,0.000643320612688307,0.26993984216442596,-0.08278391114659014,-0.10207253181271207,0.013225597318834372,0.004374935418144787,-0.002277872833623101,0.0005642687061692389,0.0017750011272214578,-0.001135771170495908,0.0005437372572226425,0.0002838524285762702,-7.998934527952435e-10,1.4360003168109826e-09,0.02607734303341088,0.049542562533634156,-0.03953420548658806,-0.000982772016176069,-1.5586812981797926e-13,-1.527154325307173e-13
27.9600,-0.004011398372863678,0.0005943661709275928,0.27006620705377665,-0.08263205167120961,-0.10187664322458985,0.01318487412208979,0.004440881873247912,-0.0033942914384039137,0.00989822519300802,0.0019560680170912104,-0.000497698403883895,-0.00019242913804754216,0.00025389147418771206,-7.999004517561975e-10,1.4359933721167463e-09,-0.028138896226974908,-0.015429905036183958,-0.01658831101376755,-0.0021552673782735616,-1.2244309841209777e-13,-1.193222360111254e-13
27.9800,-0.003929578564637115,0.0005358498223039677,0.2701465524760271,-0.08233819337990947,-0.10164581928695911,0.013130736393618747,0.004409549235510801,-0.003125394656707138,4.28766847904907e-05,0.0008628892549382333,-0.0015465100360010434,-7.151911905466228e-05,0.00019942473053973967,-7.999080910274796e-10,1.4359857757942894e-09,-0.09960569540911467,-0.115427084844588,0.0386738821500255,-0.00357729942379002,-6.51839693333045e-13,-6.503348207176352e-13
28.0000,-0.0038406365043929234,0.0004711853565248716,0.27009421359225505,-0.08190620733028735,-0.10129157252113757,0.013061178499723958,0.004005745644983597,-0.003187687209070271,-0.0016427270586794305,0.0007218853209807891,-0.0012431759177539078,-0.0004508395455438097,0.00015138583872108342,-7.999133336932984e-10,1.4359805846770934e-09,0.01297031626356222,0.04533688199354657,-0.0346766934671827,-0.0020125765306256795,-6.133750191789078e-13,-6.118948663730306e-13
28.0200,-0.0037546261217784914,0.00040317066520611063,0.269981534007593,-0.0813617725588106,-0.10094237327969205,0.012984290013949195,0.0035271510464314573,-0.002762734387425711,-0.00911540164836605,0.00010458323112161586,-0.0015784218974418142,-0.0004267140804135564,9.910266126576861e-05,-7.999193021072853e-10,1.4359746629771924e-09,-0.011898590435010592,0.008646707379180366,-0.005490396171697071,-0.002329838897809979,-5.590259158361199e-13,-5.575068401722505e-13
28.0400,-0.0036716917588155624,0.00033462984362739827,0.2697818166656646,-0.08071877620787599,-0.10056361888935465,0.01290051362224934,0.00292071332663267,-0.002490345798213298,-0.012302270707081196,-9.932081035798977e-05,-0.001359136013569732,-0.0004918163742239887,5.5438447692079765e-05,-7.999237116833291e-10,1.435970302116663e-09,0.003541912489042773,0.029200463837792883,-0.0069339963438202375,-0.0019252992697625809,5.538641377131337e-14,5.857675320275132e-14
28.0600,-0.003567206412626553,0.00026684625401309636,0.2692283712573152,-0.07996027082515733,-0.09975048879209131,0.012792448844391782,0.002169121409803131,-0.0009580941811671128,-0.030221947255046688,-0.0007948840839565592,-0.001960367339052103,0.00011002283503046734,1.033753193237457e-05,-7.999292664397047e-10,1.435964794308586e-09,0.06794740574227065,0.10904482696184582,-0.03091429040023451,-0.0006295326372361467,9.181658254878156e-14,9.508351408744203e-14
28.0800,-0.0034618007394040416,0.00020579580097188202,0.26849926130311236,-0.07911271707312896,-0.09870347675234696,0.012673629790791775,0.0014167853985240799,0.0004968625266412515,-0.04517701982919167,-0.001044253363057868,-0.0020826246590106966,0.000567827402672302,-1.515926844328175e-05,-7.999342072333285e-10,1.4359598950986822e-09,0.02518846225500478,0.042214918345900555,0.009805827967995923,-0.0007772123719083704,1.248987079125602e-13,1.2825176576129749e-13
28.1000,-0.0033573990436676477,0.00015519696969037712,0.26760112852646084,-0.07817828819694055,-0.09736414132227135,0.012544409327390241,0.0005699391760419662,0.001051542891076069,-0.04437603713353079,-0.00021114541002578772,-0.000824324425203951,0.0005112610337324691,-1.9669441226770456e-05,-7.99937400760775e-10,1.4359567511738914e-09,0.06721813708638637,0.09859601947871073,-0.0215377074888941,0.00024077023640180122,1.441118004010672e-13,1.4748667781852576e-13
28.1200,-0.003265227987077731,0.00011680408622791896,0.26667012337599566,-0.07717561817745451,-0.09587314704555733,0.012413293886646103,-0.00010535318823502821,0.001602771892637676,-0.04370295181606042,0.0004098475605553914,0.00013865212860145787,0.0005496280126078589,-2.3740268125547572e-05,-7.999408337056486e-10,1.4359533689810908e-09,0.020671407555537227,0.03572886602905987,0.0009496563457803579,-0.0003003520882056306,-3.4111250065901877e-13,-3.3929467308652095e-13
28.1400,-0.0031963731935827286,9.128687269467876e-05,0.26584576057968823,-0.07612835307998608,-0.09439976367756898,0.012289330562623916,-0.000667910680343604,0.0016242585400139107,-0.03576469191352511,0.0010793300969936023,0.0012281911325438602,0.00034661487819216403,-3.0015854548930383e-05,-7.999418180059092e-10,1.435952435413902e-09,0.10867690415553995,0.16265709507841553,-0.06649974478186457,0.0003806105445576271,2.0265473327230055e-13,2.0603885351327955e-13
28.1600,-0.0031868255649100817,7.885506776094799e-05,0.26553783291956146,-0.07510053418840135,-0.09354300995985267,0.012199648783260157,-0.0010498180342199573,0.00016655076192988194,-0.0088147005895382,0.002130705953947548,0.0031462375998305802,-0.0005998878538670814,-4.5050246096384764e-05,-7.999403293915018e-10,1.435953983144975e-09,0.00775929090558544,0.04241803551930786,-0.031372863554374165,-0.0017099956488381106,2.73786852564295e-13,2.770793035115904e-13
28.1800,-0.003205967679920542,7.20078915428082e-05,0.2655076280123476,-0.07410730587950623,-0.09304482711349157,0.012129758801573614,-0.0010890966119689286,-0.00012458924083467863,-0.0025667088970951117,0.0009954100732491762,0.002304944546279195,-0.0005145707177683609,-0.00010161951783285841,-7.999396508649312e-10,1.4359547066902763e-09,-0.1616674481352502,-0.18157711222371975,0.06661280461172363,-0.004461188400339126,-1.2427965557712528e-13,-1.225447423657683e-13
28.2000,-0.003204504278410866,6.825448078290891e-05,0.2652267262226485,-0.07312952504614975,-0.09221860233553168,0.012050364757659717,-0.0013238363073944095,0.0010461174739254898,-0.015609872199862073,-0.0006455051317330252,0.0007475140591283424,-3.881483712986551e-05,-0.00017357518888083838,-7.999375216118583e-10,1.435956883662041e-09,0.020231141748941427,0.057372334211913095,-0.03713873208661136,-0.0023073648597941535,4.2209573510032516e-13,4.254158332030189e-13
28.2200,-0.0032405160273107072,7.518317592519282e-05,0.2652241956047072,-0.07224710361205236,-0.0918459212401815,0.011999413201583762,-0.0019587335865938653,-1.9645407028250354e-05,0.007564211863998809,0.0002090191167524073,0.002527467318366114,-0.0011974976558871563,-0.00020962602589104858,-7.999312886531826e-10,1.4359631727537022e-09,0.03252715312697469,0.07882172213221142,-0.05786851920252168,-0.0018390168334762686,4.881458735492283e-13,4.913666045228138e-13
28.2400,-0.003290665183687808,8.861148172117285e-05,0.2652969263025889,-0.07147677851204183,-0.09170463064697551,0.011966032925165845,-0.0022459064965604306,0.0006208790994474305,0.0021803240286472204,-0.0010345559097264944,0.0015469769169087918,-0.0010676112117247298,-0.00026995096481321026,-7.99925761664143e-10,1.4359687491086994e-09,-0.008373423441003324,0.018385812191807675,-0.017965389346487115,-0.0022079042303592895,5.615863676866617e-13,5.648204343469687e-13
28.2600,-0.0033436802579775355,0.00010953857109752746,0.26530433936106884,-0.07083264877740195,-0.09162494531877954,0.011944517097254791,-0.002702878410732782,0.0012948536839679152,-0.0016844872879800145,-0.0017219016979577268,0.001103451839152016,-0.000987242141595551,-0.00031104013504493975,-7.999192135798839e-10,1.4359753432534988e-09,0.04627683435257097,0.08281563272084264,-0.03895555915844048,-0.0009993667712457754,6.064713618456063e-13,6.097016337983097e-13
28.2800,-0.003419046150447508,0.0001406594294272969,0.2654363402711723,-0.07035426955363146,-0.09187900758296412,0.011947901998149343,-0.003219637912866848,0.0012277113877535838,0.0067863551155559155,-0.0015078979474417678,0.0017584899292888082,-0.0013227475827883909,-0.0003293329200005238,-7.999103203131999e-10,1.435984288297586e-09,0.06380889587212626,0.10153771530246329,-0.04350827348629074,-0.00011909130494667462,6.449256276588877e-13,6.481070020936119e-13
28.3000,-0.0035061536478364266,0.00018016458066083072,0.2656225988591018,-0.07005529732800383,-0.09236872005621759,0.01197176638347307,-0.0034779444411952667,0.001679258566176269,0.005838791634910552,-0.0020456706092616427,0.0013069465167984838,-0.001040098895071632,-0.00034299767776411067,-7.99902512599848e-10,1.4359921409432305e-09,-0.11367049017174714,-0.14382262819343147,0.07586951765881937,-0.0013136726042854506,2.2328566404682115e-13,2.2494102392377202e-13
28.3200,-0.0035805780561616943,0.00022769505388203212,0.2656221879857257,-0.0699209511083925,-0.09271851901655943,0.012001311417379269,-0.003768253657546778,0.0024450790123079235,0.0018712294173375645,-0.002111543264274982,0.0012218524211489792,-0.0006693845003493925,-0.0003377527468263273,-7.998930426643785e-10,1.4360016611425295e-09,0.05909654216789579,0.07427569472464385,-0.018990701966723304,0.0014638404804262239,2.1681650073414327e-13,2.1844692396112697e-13
28.3400,-0.003655360871291112,0.00028489310729437546,0.26558814443929424,-0.06996321943213027,-0.09308597490683047,0.01204397698248391,-0.003876552044137723,0.003086861151705763,-0.000673375762294546,-0.002017364740366284,0.0011413290715966186,-0.00025095504010873553,-0.0003121385699772161,-7.998851217168436e-10,1.4360096277270885e-09,-0.029355799105623057,-0.054054443052081444,0.044266319156113565,0.001311410256290839,2.0450617111214542e-13,2.0617462273032905e-13
28.3600,-0.0037371751348197974,0.0003516365867861681,0.2656254091315845,-0.07018374996857445,-0.09356034024690514,0.012103364831264575,-0.0038484526114596386,0.0031292922160342574,0.005628263141360594,-0.001254578974288914,0.0017991821175385556,-0.0001464283033506047,-0.00026685699838753594,-7.998758915966218e-10,1.436018909545024e-09,0.0374358247261681,0.030430551979940743,0.002275856883416888,0.002551909981195311,1.6978654810220761e-13,1.7141320372664193e-13
28.3800,-0.00384271122861528,0.00042648626665404017,0.26596223563479704,-0.07059602829465969,-0.09442598182485586,0.012190347113450555,-0.003538651492320637,0.0021997568887106495,0.02436086254153495,-1.2251901799554114e-06,0.003104235889166262,-0.0005012845750757322,-0.0002085753714425142,-7.998659310712162e-10,1.4360289252378625e-09,0.04253886691872421,0.041588996076682316,-0.016144093931457985,0.002854576888224252,1.3646066698499992e-13,1.3798760311461988e-13
28.4000,-0.003951776467806466,0.0005033553670377565,0.26647461610833456,-0.07118552223023764,-0.09550648660942393,0.012295056597722388,-0.0027522751920497734,0.001994161361050262,0.027018927589743086,-0.00045110347492405024,0.002185946254655022,-3.965930016313835e-06,-0.00016761496132380863,-7.998577250206309e-10,1.4360371821879858e-09,-0.0015733466282760909,-0.017614425630948286,0.011298722628045843,0.001987425639685404,5.769983015685431e-13,5.800827483290472e-13
28.4200,-0.004033423416966683,0.0005785622017103002,0.26686890809057384,-0.07191470414808204,-0.0963813676402824,0.01239850764084425,-0.0019375367245753697,0.0025555005675918802,0.01719407748444971,-0.001111502328112124,0.000926476873217627,0.0006303782461300717,-0.00013688003747658106,-7.99851384093187e-10,1.4360435679235807e-09,0.08062905912028111,0.08544141733601765,-0.03690082587533429,0.002862488431790039,5.320021766869187e-13,5.350949718041509e-13
28.4400,-0.00408250447392649,0.0006523310780550411,0.2670713000046809,-0.07275389974869174,-0.09692139958751662,0.012494734854953775,-0.0012738231405206332,0.0031022448463392674,0.008514780257056622,-0.001339746351362682,4.614911440143175e-05,0.0010587119978057045,-9.547228988268239e-05,-7.998470789144749e-10,1.4360479167774318e-09,0.0012714116700492126,-0.03158804336108115,0.014297200416366106,0.002382945216392904,-1.4587223640919085e-14,-1.3026772111642167e-14
28.4600,-0.004097536995131093,0.0007251609611098957,0.2670368963567335,-0.07366469706154335,-0.09702809090943916,0.012578384513639278,-0.000768299287947767,0.0038276498624752672,-0.0020880612118411948,-0.0011911561415650007,-0.000535007013907839,0.001368524095088242,-4.458179740284602e-05,-7.998443692374521e-10,1.4360506711819653e-09,-0.004987094875360076,-0.04989955643859811,0.021841419668221482,0.002649632371079751,-1.0431087417439588e-13,-1.0269088639332236e-13
28.4800,-0.004096357430930937,0.0007978793338006738,0.2669222304821308,-0.07462216319099554,-0.09689355233666551,0.012656116543087043,-0.00035058150243156216,0.004117086936715637,-0.006539968045031238,-0.000569382055135244,-0.0005891066947211545,0.0013636266596195221,1.7000199121500704e-05,-7.998430589396347e-10,1.4360520284062624e-09,-0.023018746847828255,-0.07817886572945322,0.03206073053582646,0.0025476536985432627,-2.0212030291642813e-13,-2.0046141938241668e-13
28.5000,-0.004101557515266599,0.0008701489556146673,0.2669448616240214,-0.0756082111139292,-0.09681810119584071,0.012738922010590006,-1.0148001586236291e-05,0.003157524560577024,0.006094543556517896,0.0008789028242366932,0.000508886593092626,0.0006797033115073169,8.871699317735933e-05,-7.998412089649796e-10,1.4360539331720227e-09,0.06608189686135983,0.05118818297824859,-0.03883817273189062,0.003453004213258489,2.0289163144698863e-13,2.060838479034377e-13
28.5200,-0.004098312047761114,0.0009359160961546317,0.2669818256407645,-0.07657858608901995,-0.09665993266771333,0.012816030732478865,0.0005044439123943325,0.0033670734761454954,-0.002781012813798137,0.0005636186338366105,-0.0006939605493463909,0.000904174666079858,0.00013312060547859947,-7.998438520189951e-10,1.4360513385369036e-09,0.013311182474515454,-0.018457420187512546,-0.005720751959175493,0.002060626692124712,-3.8837119284429455e-13,-3.867301986461291e-13
28.5400,-0.004086405707442639,0.0009942553877358212,0.26698785345727166,-0.07749412198352067,-0.0963807347719662,0.012883591657219385,0.0007156830892576499,0.0028019543568333027,0.00010158938808686687,0.0010431658715145255,-0.0007200651603671813,0.0005328119225485363,0.00017492393754444272,-7.99846824473079e-10,1.4360484164539654e-09,0.028808164354261055,0.008062060998107504,-0.025675850941028484,0.0020096797329271572,-4.706778586674454e-13,-4.690422312700337e-13
28.5600,-0.004084625457698155,0.0010442315960471048,0.26713129684546777,-0.07834369482302908,-0.09626106399598255,0.012952062260920254,0.000851372964728918,0.0017788687429836178,0.0074896607423568075,0.0015656026201789736,-0.0005014251126490385,-3.207562375148408e-05,0.00020875046774908,-7.998501578156621e-10,1.436045133075513e-09,0.04837364120004437,0.04499209285739247,-0.04591307305017563,0.00178090973392874,-1.0367110680120292e-14,-7.164240243260657e-15
28.5800,-0.004079767401822896,0.001082088884266981,0.2672674403696558,-0.07909042207533672,-0.09614892819776265,0.013011370983728858,0.0009231995806325367,0.0012331739020120512,0.006385539850977036,0.0013079359276759414,-0.001234713170463924,-0.00017601116046594634,0.00022348166628534177,-7.998560864309622e-10,1.4360392528287312e-09,0.01636367364450232,0.006503866860261715,-0.024287498026958728,0.0007980676005369747,-5.605172765819552e-14,-5.283137615537045e-14
28.6000,-0.004083008581499726,0.0011079990913106436,0.2674747265761205,-0.07972478067290553,-0.09619884499011784,0.013067383558211952,0.0008314150775410135,0.00025951398373357074,0.011009083886678168,0.0015332965165974816,-0.0011596525534023796,-0.0006489578253557032,0.00023537346575830498,-7.998618673593443e-10,1.4360335231930187e-09,0.003835990709351784,-0.0024921983654917694,-0.019900764909255513,0.00033150598864629597,-6.267165605922109e-13,-6.251300475532129e-13
28.6200,-0.004076364175863535,0.001119547741752916,0.2675572860652981,-0.08021272128225806,-0.09616881464040355,0.01310661176851229,0.0006668989109181419,0.00022799130552483534,0.0023030329365358536,0.0009950060401173575,-0.0020523828367856522,-0.0005198800982465026,0.00022901132170652703,-7.99869283109853e-10,1.4360261558556877e-09,0.06543652042538688,0.08535721409130628,-0.048481524698495995,0.000691417224214665,-1.1909418763667023e-13,-1.1587893188405585e-13
28.6400,-0.004094501169138949,0.0011207837067664765,0.267830757206598,-0.0805782075088118,-0.0965183826282836,0.013151369134030295,0.0003353899360990711,-0.0016590272281252825,0.020256521994241876,0.0020066773635856816,-0.0006532590758191644,-0.0013795094470340204,0.00024020345857999,-7.998750608691189e-10,1.4360204322118795e-09,-0.0034107375265677317,0.001998001299406778,-0.015529296573081493,-9.589672151116042e-05,-6.698714933445205e-13,-6.683360462278465e-13
28.6600,-0.004114128841462869,0.0011075125980911404,0.268096925290939,-0.08080236689179283,-0.09699028096343368,0.01318697188655724,0.00024242924196137233,-0.002044622816535912,0.015501266737834498,0.0013054153116844641,-0.0014649564140123124,-0.0010772321185962626,0.0002215059879050782,-7.998829113706042e-10,1.4360126290353312e-09,-0.055903258285928584,-0.06762458315601608,0.02941020651586378,-0.0012863322986934875,-6.61526606063334e-13,-6.599743538129865e-13
28.6800,-0.004135503609869568,0.001081191449055464,0.26835467240594646,-0.08088981511143732,-0.09757920743073932,0.01321350370018845,0.00014292635308888206,-0.0024910518141400334,0.012719311101376057,0.0008642974528899397,-0.0018111580089162737,-0.0008215691387165522,0.00019979070017435283,-7.998900808321212e-10,1.4360055114002502e-09,-0.03133227396111682,-0.029860240108245926,0.023401083215685507,-0.0012637394447785018,-9.492611503705145e-14,-9.17557045967965e-14
28.7000,-0.00413231916731255,0.0010421478504569657,0.2683401347149991,-0.08081517816886838,-0.09787890779045075,0.01321191338035761,3.1593155851544413e-06,-0.00182045350355396,-0.00310161360595487,0.00022857232308308518,-0.002490147731089974,-0.00015211508065613377,0.00017424259841315,-7.998978528185447e-10,1.4359977856949886e-09,0.032103380408974404,0.05416474198114536,-0.004434705804386183,-0.00032768154180573756,-6.324865761339615e-13,-6.309049420047397e-13
28.7200,-0.004140814296693396,0.000997002750169777,0.2684099413356281,-0.08062105595863509,-0.09834077234131833,0.013206662033105445,-0.00011259137308054559,-0.002662641319029638,0.003912711978150262,0.0008776730833222772,-0.0013414554721100367,-0.000312434055799778,0.00017051524791316844,-7.999030370329304e-10,1.4359926506645872e-09,0.018716434354399285,0.04169810086465421,0.0015232129950940709,-0.00043535954526877237,-5.614791671968572e-14,-5.296806694426656e-14
28.7400,-0.0041581928213474855,0.000945540594800389,0.26858735421293223,-0.08032397083810709,-0.09896254323356199,0.013197892421821332,3.112713000128562e-05,-0.003484637586120555,0.010375824175814003,0.0011492372225425803,-0.0005534827415257499,-0.0002535439182181323,0.0001571782045168047,-7.999081586798384e-10,1.4359875823412895e-09,-0.030812015654189652,-0.02009053559042883,0.027986861858240553,-0.0013164518417022645,-5.588290247215966e-13,-5.573105995790306e-13
28.7600,-0.004182619913984461,0.000887794659854139,0.26890066798289647,-0.07994925188952264,-0.09976326858184882,0.013187283603270414,0.00042379885598584565,-0.004254496410822883,0.015907226751497642,0.001167573276680061,-9.951069361211294e-06,-0.0001823720639963571,0.0001355053518794586,-7.99911153974388e-10,1.4359846364675085e-09,-0.027967896537683494,-0.0087168213967819,0.019110862764913167,-0.0016784634953452805,-5.047645244490861e-13,-5.03298357851234e-13
28.7800,-0.0041894907131199465,0.000822426221894018,0.269142158988649,-0.07950155785460522,-0.10043626682439437,0.013161120849209883,0.0009682496626629326,-0.0038803104658965094,0.005851019986376691,-0.00011605678802891566,-0.001180516126241284,0.0006654909986967948,8.937456913231968e-05,-7.999161441012233e-10,1.4359796888541246e-09,-0.17308979910717123,-0.2145180028123042,0.12036582313212345,-0.0037869691272641873,-4.3286256740451834e-13,-4.313296681629497e-13
28.8000,-0.004150022400761604,0.0007523989150133881,0.2689912889756865,-0.07896258906884751,-0.10048350080013757,0.013099467269942894,0.0012006980888857024,-0.0026701366032843045,-0.01088654504434498,-0.0007663647259003666,-0.0016566561269122009,0.0013377040367126393,5.051552122815813e-05,-7.999189807509076e-10,1.4359768994361224e-09,0.015652202054258692,0.038968489513753146,0.002111592225115942,-0.0010690668000600725,-3.962989333396172e-13,-3.947409348177555e-13
28.8200,-0.004108925004867267,0.0006860990892123791,0.26886075155854366,-0.07838847963844033,-0.10044421263489776,0.013032827116586041,0.0014078608749207538,-0.0027785934890658826,-0.006653382783142985,-7.567591815046455e-05,-0.0003388933057588882,0.0010313401227177931,3.699819524777167e-05,-7.999199678771682e-10,1.435975962848699e-09,0.022908905627137092,0.0502186755606395,-0.010794318897378728,-0.0007763048909426483,1.8709903418234752e-13,1.9027864678854145e-13
28.8400,-0.004079651878388178,0.0006247501400528878,0.2689090391652761,-0.07781576586237415,-0.10053607983573049,0.01297300474278694,0.0017701718617449188,-0.003375835876441485,0.004171844964957957,0.0005211486001047094,0.0009295841003669886,0.0005662295386423815,2.1444045248466307e-05,-7.999194896311175e-10,1.435976492567031e-09,-0.04460638911547435,-0.0370431802084441,0.01904375655716403,-0.001804625454353326,-2.9413223159163726e-13,-2.926267626650325e-13
28.8600,-0.0040381026835179905,0.00056604905417251,0.26891485961297895,-0.07724482228225076,-0.10046326195772813,0.012906868636692692,0.0021292451227739803,-0.0029756693427097115,0.0009622509494597179,0.00011500692852192381,0.0008416888386535202,0.0006483630547060585,-1.301474628510328e-05,-7.999184311857398e-10,1.4359776008705845e-09,0.03419705923136367,0.07133835708763797,-0.03650343692008696,-0.0011047405880810883,2.864848657781194e-13,2.8960964485943985e-13
28.8800,-0.004004300349320391,0.0005128998170958982,0.2690569726042733,-0.07671742553714535,-0.10050678261493248,0.012849905135264135,0.002431120825862728,-0.0033219385712956176,0.009294038213868499,0.00021727364555877308,0.0014821722555351197,0.00019596045663552428,-4.2843219562499146e-05,-7.999158392975288e-10,1.4359802436112926e-09,-0.001176587966681917,0.025013986937093228,-0.02506335853118043,-0.0015768948956946353,-1.8793826087395993e-13,-1.8648448128592843e-13
28.9000,-0.003970504107945912,0.00046393265901542845,0.2692626742837098,-0.07625327804373759,-0.10061393908863621,0.012800283673471786,0.002770154393743905,-0.0027814921872431333,0.003703068789164039,-0.0007473275017097282,0.0006955700406590433,0.0002912596099448634,-8.790707405808343e-05,-7.99913151072127e-10,1.4359829788333354e-09,-0.028516993887689128,-0.015304713408031023,-0.0003537387237317747,-0.0022029001367841793,3.94649102893746e-13,3.977516016204219e-13
28.9200,-0.003923132111725949,0.00042036358394936384,0.26934887537145435,-0.0758524200775423,-0.10055695703297017,0.012749661855025777,0.0027464824063555835,-0.0026377990900659258,0.007284543543768081,-0.0008668512751093271,0.0009267743083550914,-3.4752323898044685e-05,-0.00012060709168412895,-7.999090915763048e-10,1.4359870872954682e-09,-0.024884550347066724,-0.015941234908042987,-0.007284884442156354,-0.0015718390926934452,4.307769418954166e-13,4.3387179699677647e-13
28.9400,-0.003874124290467496,0.000384369636587362,0.26940340567009446,-0.07553870650394268,-0.1004867127530429,0.012706621273961573,0.0026295077404886007,-0.0021606959842621386,0.006390238290421952,-0.0008863832417971526,0.0011820308096073167,-0.00035560631169548985,-0.0001440748235045374,-7.999038740753268e-10,1.4359923553720108e-09,0.05334004780912591,0.0863526714411463,-0.054118289163113655,-0.00026671798480588325,4.5233586841442186e-13,4.554036184614696e-13
28.9600,-0.0038111784473268467,0.0003553056775257123,0.269289263091608,-0.07530846741567562,-0.1002275663924407,0.01266368636647677,0.0024766404919709024,-0.00044576381903279033,-0.013184654098479864,-0.0020774069416927454,-0.00030357838767448804,0.0002240863178083705,-0.00017251868088131544,-7.999012843270123e-10,1.4359949863383926e-09,-0.03229738876269096,-0.044481106020119766,0.022750334648159003,-0.0009341739477291117,-4.973720545663196e-14,-4.8208290658047215e-14
28.9800,-0.003725493180761433,0.00033601260013996654,0.26885580497057743,-0.07513993428541811,-0.09954055011272316,0.012612059044340618,0.0019487233550914643,0.0009140805226256059,-0.02356015702846685,-0.002099661942713891,-0.000503476867040884,0.00041361143570401283,-0.0001744843802065531,-7.998977651956218e-10,1.4359985515594683e-09,0.04944211177726742,0.053658575865793146,-0.018579075861070972,0.0008839997866526276,4.479283697428338e-13,4.5114536021892415e-13
29.0000,-0.003653299401135583,0.000330066274068421,0.2684463350202843,-0.07505623318640822,-0.09888367553125667,0.012573234263016252,0.0014459234341866734,0.0015307348426776145,-0.0231775136599962,-0.0015837731467609163,-4.128629043851486e-05,0.0002647834249061867,-0.00015836907204563156,-7.998948612270522e-10,1.4360014939441802e-09,0.022732778459253648,0.012962228937862133,0.003101986105896778,0.000974728827904436,4.2893179242817214e-13,4.3217030431738634e-13
29.0200,-0.0036101320628419147,0.00033679973693204293,0.2682372592114645,-0.07506428495180899,-0.0984924753251442,0.012556635147252668,0.0010462031764717846,0.000880752684876747,-0.005552381228462729,-5.359585383379688e-05,0.0016516312768299836,-0.0004689600247622201,-0.00011697772928033538,-7.998891330207179e-10,1.4360072859939358e-09,-0.006344532590154274,-0.022278569823291617,0.008295807800362615,0.0010046688706417423,4.0005965120520903e-13,4.0324617560025255e-13
29.0400,-0.0035773594148167925,0.00035071488702024254,0.2680937033840022,-0.07514538212660547,-0.09818758560318541,0.012551313695323633,0.000884294675879677,0.00129430918738155,-0.007127009912250034,-0.0002056782841487302,0.0011781819537866388,-0.00025982988218048426,-0.00010043463042683424,-7.998859289946569e-10,1.4360105392372185e-09,0.006250644670400239,-0.005124525726326515,0.001100610923553781,0.0009355773757227852,3.789534875134337e-13,3.821435355655378e-13
29.0600,-0.0035606700792179275,0.0003706893408107513,0.26807896174682483,-0.07529910758493757,-0.09806781565339225,0.012560667008134388,0.000743004668720189,0.001027552472459213,0.00026205565043307293,9.84295143979181e-05,0.0013557315349810885,-0.00043930274175763457,-7.97309576549955e-05,-7.998821421074574e-10,1.4360143782102487e-09,0.037944946587079684,0.04132159189417448,-0.025223125934848087,0.001231177212645863,3.5769916759478826e-13,3.6085235277302785e-13
29.0800,-0.0035501144773016084,0.0003936085400034582,0.2681123375408582,-0.07551198495296714,-0.09803610649773903,0.012578546173045059,0.00069932959258824,0.0011095526006832774,0.000532321221830538,-0.0002328973459173247,0.0006988768266013348,-0.00027948545709631213,-6.801031975824803e-05,-7.998802384372291e-10,1.4360163289314896e-09,-0.052032544233080076,-0.08237104093631364,0.033345390071396024,8.960828656259634e-05,-1.6863127647731568e-13,-1.670688056214925e-13
29.1000,-0.003543445747249362,0.00041851679787087903,0.26816561225701885,-0.07577335249396978,-0.09806200373486683,0.012602733555559754,0.0005868940408824487,0.0009603246289010073,0.004093638682486766,-6.843505724140383e-05,0.0006999762565834161,-0.00039891677146513486,-5.1527886347405956e-05,-7.998772612639255e-10,1.4360193579898035e-09,0.034368929339775506,0.03660378385807034,-0.02317093367970384,0.0011368947006272884,3.166426539372158e-13,3.1978700286774964e-13
29.1200,-0.003540609249088934,0.0004439767206731637,0.2682456207906075,-0.0760762688069796,-0.09816497959225834,0.012632875328060999,0.0005264947555085641,0.0008999591757684773,0.005090653242131588,-9.64665869344648e-05,0.00044650266773408275,-0.00039971595980812396,-3.64225913075699e-05,-7.998757658214024e-10,1.4360209018851052e-09,-0.017832657944788846,-0.035433928181754594,0.010413077907471039,0.0006107907700918765,-2.2039645499252747e-13,-2.1886398943182783e-13
29.1400,-0.003530246919847034,0.0004686153361662257,0.2682349545906845,-0.07639802438359285,-0.09817738930182798,0.012660346484863902,0.00044258401434675213,0.001336825461675488,-0.0014118252367022644,-0.00031049062424555056,-0.00011242929030629255,-0.00016778383840447927,-2.325350490222836e-05,-7.998747842401039e-10,1.4360219323084374e-09,0.057410072126544365,0.06457681657727532,-0.030849097147521046,0.0015327859740931742,2.6413409220243933e-13,2.6729334891284484e-13
29.1600,-0.0035141197460123214,0.0004927017239584941,0.2681420683188374,-0.07672476365776182,-0.09809645412978814,0.01268443732813806,0.00033737796075733256,0.0017704509210450994,-0.007848543836812402,-0.0004373678249796396,-0.0006120647753513235,9.28191224480333e-05,-5.857309720750249e-06,-7.998749715015785e-10,1.4360217926655828e-09,0.08716310280821078,0.10221360195849649,-0.04145057619418684,0.0019209674821315306,2.288565387545405e-13,2.3204184342213996e-13
29.1800,-0.0034795841614418724,0.0005156870001650882,0.2678308910528945,-0.07702262212104406,-0.09770069658540292,0.012694184977466577,0.00016144200229097847,0.0026087738423394855,-0.019364135643033343,-0.0007014273844663431,-0.001404000014442134,0.000595284011617046,1.2684329583586432e-05,-7.998780093387316e-10,1.4360187970273397e-09,-0.046389676470177194,-0.08918711059143888,0.05028786924478605,0.0006607221591685475,-3.2786387537189765e-13,-3.2619078878942664e-13
29.2000,-0.003448311724568205,0.0005404049816638633,0.26749890824079464,-0.07728774090721985,-0.09722982791147508,0.012700729047061083,-8.479049603939499e-05,0.002515483309563409,-0.01666601852073818,0.00019088649955872574,-0.000662465744291492,0.00040813767539365,4.923028326416645e-05,-7.998789009507925e-10,1.4360179578999607e-09,0.07721765434617225,0.08360400778326421,-0.030896349895992055,0.002197053103811385,1.4127262727703371e-13,1.445356421353461e-13
29.2200,-0.0034194828050331397,0.0005652226865948098,0.2671587372409866,-0.07750114050812722,-0.09667952855985182,0.012702230390097274,-0.00023734819370660001,0.002499102844406128,-0.016324683124642147,0.0006992085191555639,-0.00040093512049498394,0.0004098827978936214,7.998908373118496e-05,-7.998816479511737e-10,1.4360152605871691e-09,0.08906885275339824,0.10333694552440563,-0.04313544341912999,0.0021815348399904155,1.0129160151698541e-13,1.0456487563835493e-13
29.2400,-0.003398915635917226,0.0005890410764026725,0.2668834876086215,-0.07765444926605464,-0.0961459332671278,0.012701802351929326,-0.0002799392930256417,0.002331355977932206,-0.015505734348525374,0.000863539220099146,-0.0004993270835883326,0.00046103999385605816,0.00010176816342388732,-7.998860803510012e-10,1.4360108747503552e-09,-0.060400691749150706,-0.09807688175992438,0.04527973784233899,3.522057898008681e-05,-4.37815799239627e-13,-4.36095387232327e-13
29.2600,-0.0033768881969110888,0.0006102791481616764,0.26657494475444865,-0.07772404785169613,-0.09549152826855108,0.012692018867357935,-0.0004021238851230653,0.0020845563595596095,-0.013416706975940901,0.0010552119831753668,-0.0004859757873145074,0.00042792751216072283,0.00011510363559179629,-7.998899634834167e-10,1.4360070419291214e-09,-0.011539227701172428,-0.02586099150660175,0.007455844624087103,0.00027694881767214414,5.693073101701099e-14,6.025257061944428e-14
29.2800,-0.00335923679900309,0.0006287635842433249,0.2662854297544569,-0.07770571858786977,-0.09480135859685469,0.012676250313736844,-0.0005300003094381633,0.0019231391290725403,-0.01324698031924235,0.0011370097883753778,-0.0005229195142977099,0.00032676493146568107,0.00011987195478301955,-7.998946380260504e-10,1.4360024196992833e-09,0.007968965216376163,0.006666459696028977,-0.010310467635516856,8.283604605776918e-05,4.268375204067448e-14,4.6011514097474976e-14
29.3000,-0.0033685428339310943,0.0006450862904597145,0.266240830489908,-0.07762152695498582,-0.09442415086946652,0.012670217197855787,-0.0006634271763238803,0.0009178463583665791,-0.00229448673743158,0.0016408899342785182,0.00023401479756037609,-0.0002807631343797396,0.00012111316649489657,-7.998978876492839e-10,1.4359992230566657e-09,-0.037803995849312565,-0.04435678222462103,0.005020739185930482,-0.0009730435679587112,-4.626053771820959e-13,-4.609093055135682e-13
29.3200,-0.0033827382965836974,0.0006552745441694622,0.2662329216961101,-0.07745775019170639,-0.09411531832990404,0.01266094908424653,-0.0007561591801926543,0.0005896834081427859,-0.0021301953486533042,0.0010618729832331452,-0.00035092751188512306,-0.0002790318310302771,9.790177499812994e-05,-7.999018596545106e-10,1.4359952974315616e-09,-0.055953197758358705,-0.06473728870967488,0.01639178187907365,-0.0017190584345577872,-4.4138520963188377e-13,-4.3968257854021253e-13
29.3400,-0.0034056492495533153,0.000660505751340477,0.2662726725036681,-0.07722457949138621,-0.09392652415292763,0.012651449547814336,-0.0010239371831017945,-0.0001032644474320461,0.004388741464566764,0.0010550921490294295,-6.12954282598029e-05,-0.0006636574785871816,7.41470593913241e-05,-7.99904322742038e-10,1.435992886993529e-09,0.01089670166276037,0.03296821378358374,-0.02937298145062684,-0.0010954602269124588,-4.17602692877328e-13,-4.1594445986462003e-13
29.3600,-0.0034409889571388012,0.0006607544271876806,0.2663964287202629,-0.07694114273511783,-0.09394728772373853,0.012645829006003742,-0.001222462104918892,-0.0004362189510019163,0.005033452683297483,0.000583063784005843,-0.00029884768879313525,-0.0007918015278127838,4.1023327534852556e-05,-7.999071243985005e-10,1.4359901342474454e-09,-0.046123443616230275,-0.04209473842413176,0.01079431472349862,-0.002026347249476866,-3.7611629305836503e-13,-3.7446093318141416e-13
29.3800,-0.003472631592264865,0.0006561545214369278,0.2664258849409639,-0.0766038662478042,-0.09394461917572312,0.012634085053449646,-0.0015346998047817844,-0.00041497702064653534,0.0023639865803321155,9.019677763155794e-05,-0.0005815900435720263,-0.0007254871242700496,5.918825433703382e-06,-7.99909180917437e-10,1.4359881268898403e-09,0.006324979712605857,0.028224562804463456,-0.014220232300041732,-0.0012769819413962962,1.6707037771464261e-13,1.7031127484863628e-13
29.4000,-0.0035448566910304597,0.0006513469074642115,0.26680474110861957,-0.07627721787387587,-0.09455462245111111,0.012646914925134707,-0.0018849332584903033,-0.0022404540310720054,0.026913915520147397,0.0011964788563561483,0.0014564936033092171,-0.0017379103283093147,-7.796512887644313e-06,-7.999072548612259e-10,1.4359901132038122e-09,-0.00012953545971500547,0.031232639637700725,-0.02260909111125454,-0.001251533526671259,-2.904266454065163e-13,-2.8890556396862777e-13
29.4200,-0.0036141887132273907,0.0006400602173004675,0.26716344475145104,-0.07595379228735903,-0.0952857550258674,0.012659983615061933,-0.0017230788747519866,-0.0015991149755267367,0.012627239519323449,-0.0006441395969965407,-0.0004920998682526524,-0.0008160645738338039,-5.7652888645484505e-05,-7.999090507644147e-10,1.4359883563063423e-09,-0.16373745155738662,-0.19899110006121876,0.1018713545149224,-0.003443837431743186,-2.2729463710485787e-13,-2.256982578260902e-13
29.4400,-0.003646096787455092,0.0006246244433774484,0.26711731823641965,-0.07560898665680603,-0.09556018218893203,0.012649953395853364,-0.001862365779552736,-0.00031848361713346195,-0.005841302112197774,-0.0016705558084316203,-0.0015471405378129181,2.8122414736304628e-05,-9.394410262215363e-05,-7.999092726976179e-10,1.435988179445917e-09,-0.039493726549946984,-0.043083570488515105,0.04179177499973363,-0.001247441001534503,-2.0106494052173074e-13,-1.994212358181341e-13
29.4600,-0.0036635584401748635,0.0006120225227188757,0.2668694470496066,-0.075265956098022,-0.09558878763706047,0.012630245200844764,-0.0021201602548241378,0.00041833185957154293,-0.012876638557575362,-0.0013022202172201707,-0.0009398500997360483,0.0002943095839557597,-9.652830930437688e-05,-7.999083185159789e-10,1.4359891844514576e-09,0.05112688792759018,0.07158470549257714,-0.005852080692723412,0.000645622575298299,3.1332673001288613e-13,3.165830770278377e-13
29.4800,-0.003685046821819388,0.0006051986561217332,0.2666327610910092,-0.07494784204732369,-0.09560190628781051,0.012612870730718139,-0.0022039656158136913,0.0006730887674552674,-0.012536103485484795,-0.0007278307404343917,-0.00014873383211504922,0.0004630488816129999,-8.430074163145758e-05,-7.999074523084011e-10,1.4359900983636053e-09,-0.016779801116636055,-0.024115289593824668,0.03687541826198335,0.00024599649876472387,-1.746634792094276e-13,-1.7297675878463759e-13
29.5000,-0.003709343597789722,0.0006039457890598144,0.26643811452134,-0.07466033777907947,-0.09558925667127316,0.01259781602673561,-0.0020788014491445535,0.0008558949114140964,-0.011582606435042673,-0.0003038956453131462,0.0004156369362979996,0.0006591856975470375,-7.130960953873119e-05,-7.999052224830816e-10,1.435992377441546e-09,0.0962253806909564,0.13028777292973517,-0.035951448417115506,0.0014353617555549524,3.265089479169425e-13,3.297549950112555e-13
29.5200,-0.0037344668574284716,0.0006072867626619938,0.2663063113966085,-0.07441012301260977,-0.09554886719648013,0.012585127835196344,-0.0017743166974674937,0.0009057660596131641,-0.009492385959360066,-0.00022468021892525905,0.0005377898889555085,0.000915763861456922,-6.292943146853284e-05,-7.999039248049166e-10,1.4359937226847447e-09,0.015246557461656122,0.02039154507071334,0.0071047626376902874,0.0003557850435698066,3.41290797706284e-13,3.445558725487241e-13
29.5400,-0.0037386462613715732,0.0006142240932424768,0.26602262916978503,-0.074175675903282,-0.09515186565424999,0.012560823153023894,-0.001497717520472361,0.0014528784723269407,-0.013815539646514979,-0.00025412104481117517,0.00043690436878565826,0.0011973114689876536,-5.856960614116343e-05,-7.99902984764906e-10,1.4359947095628588e-09,0.002632378730609149,-0.0005784118082732796,0.0057029583601575775,0.00034775239228197334,-1.493536739595458e-13,-1.4763599956273132e-13
29.5600,-0.003752454330365625,0.0006273738082602272,0.26588770739350176,-0.07398658214494926,-0.09481686152310619,0.012544651719039837,-0.0012538708248856696,0.0010459295453934922,-0.004116835984918608,0.00048566753622919864,0.0014013291083454368,0.0007460820564964222,-4.564458113067447e-05,-7.999000918284188e-10,1.4359976553582945e-09,0.042971859186132055,0.058956867569962365,-0.03467249465879339,0.00064210533650567,-1.4698000303826897e-13,-1.4530664540525484e-13
29.5800,-0.003776730679643969,0.0006445463208560676,0.2659269791187077,-0.0738512512221072,-0.0946131905109177,0.012538836963820207,-0.000929607268644558,0.00063590882766917,0.003688836924513445,0.0006439894025604241,0.0016859459124219653,0.00036270741272243965,-4.5585356197597254e-05,-7.998971575564257e-10,1.4360006435374155e-09,0.031180614931428673,0.0485162337641222,-0.03889779380615475,5.345052744268981e-05,3.536163874738596e-13,3.568321311174516e-13
29.6000,-0.0037988594102400216,0.0006628775074186911,0.26601243514914513,-0.07376637310433004,-0.09441626611331132,0.012537004770264872,-0.0005997906186796439,0.0008452116678866114,0.0008366910087299041,-0.00014586527602681443,0.00074510247125566,0.00043545271340790384,-6.345361087646655e-05,-7.998955942344574e-10,1.4360022508610922e-09,-0.027616017384026303,-0.0321897007122776,-0.0021671552852528734,-0.0009614857040806863,-1.1893703253176846e-13,-1.1727211812317256e-13
29.6200,-0.0038176780940268264,0.0006824667569732977,0.26609365349102837,-0.07373299904752895,-0.09420650779444398,0.012538617101006773,-0.0004885250170964788,0.0009850237940937946,-0.0003355013715568763,-0.0006742267580165229,0.00014785728436755947,0.0002596784540487226,-8.165069141572238e-05,-7.998936058694993e-10,1.4360042880452881e-09,-0.11349380070673001,-0.151523356426592,0.050773927951052684,-0.0018562322687840657,-1.0705317383431778e-13,-1.0535944675298808e-13
29.6400,-0.0038281018604032382,0.0007039594175629701,0.2660701877178228,-0.07374116566787864,-0.09387858617753957,0.012539497988539514,-0.0006847784602706244,0.0010286558718394182,0.0016661040993229143,-0.0004423144112734196,0.00046650455279951744,-0.00021524588327909603,-8.77298466856481e-05,-7.99889960891544e-10,1.436007983702092e-09,0.06927559197124444,0.09422208863854536,-0.061916874308400004,0.0004923470567722392,3.6607479200756465e-13,3.692948724598466e-13
29.6600,-0.0038541755155096537,0.0007289116851397153,0.2661585975815065,-0.07381162019125005,-0.09377171605839392,0.012554585127923778,-0.0009731107876885141,0.0005780276050398152,0.010489920531836542,4.243735927602301e-05,0.0011091547472611653,-0.0008554508372919988,-8.528267762367768e-05,-7.998865594575159e-10,1.436011437079501e-09,0.07490670354747062,0.10317033578692163,-0.06670107333666939,0.0008236233476316197,3.604933192236093e-13,3.636743141875731e-13
29.6800,-0.003921219100807082,0.0007561487612946482,0.26663488484232234,-0.07398003724535412,-0.09432906742048665,0.012601957696419587,-0.0010676300419423658,-0.00044068511439111487,0.024324055138338036,0.00029329541136146925,0.0015802633394639942,-0.001490967315136783,-8.335322141744727e-05,-7.998821292482917e-10,1.4360159205902587e-09,0.014938765538115389,0.029536210282802074,-0.029503808977748153,-9.893409746902567e-05,3.745237626973097e-13,3.7763515188179997e-13
29.7000,-0.004005509234847643,0.000780682681069511,0.26729054588900275,-0.07424040072469577,-0.0953150909805981,0.012669230331818312,-0.0010501115793806258,-0.0013291041278278722,0.03441572692430217,-0.00022632852206114722,0.0011141937631196322,-0.0016372016076095272,-9.348751427207947e-05,-7.998779955890835e-10,1.436020106138136e-09,-0.10645813352135008,-0.1335482159732481,0.04934069703383406,-0.0014501550564013782,3.9881086714294023e-13,4.018940670709459e-13
29.7200,-0.004096716518606965,0.000801044206388256,0.2680277222826632,-0.07459584923939261,-0.09662456053056218,0.012751435489127995,-0.0009746073031958468,-0.0019944444758697812,0.04079042659035202,-0.0003500309947714,0.0011534316644160225,-0.0018359366103422369,-9.724208731263943e-05,-7.998729148446646e-10,1.4360252364428326e-09,-0.10047948782046794,-0.1260909492859456,0.0472847869620177,-0.0009562717966142313,-9.378240371782365e-14,-9.237256142283212e-14
29.7400,-0.00416308226609945,0.0008152219581385393,0.268537027502394,-0.07502160937416567,-0.09781634042482078,0.01282868317467421,-0.000816274934978731,-0.0011396731234472423,0.024791708376700278,-0.0015385650484525657,-0.0003936551098951542,-0.001034223224818107,-0.0001069551678334405,-7.998693036630662e-10,1.4360288940489383e-09,0.01865112218060487,0.02418539676123631,-0.0016474735494364204,0.0007154699093116422,4.0122066910161513e-13,4.042563809744659e-13
29.7600,-0.004227178686527459,0.0008276918828451992,0.2690313020704663,-0.07553456408116728,-0.09914224289545286,0.01291397793133523,-0.0007203062832617117,-0.0014188809681669827,0.027714375016816728,-0.0011111874330071094,7.640900527518522e-05,-0.0009737974975369745,-8.350916886587426e-05,-7.998645445723211e-10,1.4360337040664619e-09,0.07639127807696715,0.09763640688555242,-0.029774500462500287,0.0021503384531706663,3.80139442059807e-13,3.8313509266238444e-13
29.7800,-0.0042823080927997925,0.0008374667374046185,0.2694919669713414,-0.0761266262473586,-0.10051944700878117,0.013003078283773704,-0.00034226122511320624,-0.001249072528520852,0.022891957206841895,-0.0011563870228372794,-0.00020083595674523687,-0.0004255314692157939,-5.3932978019864644e-05,-7.998617897030988e-10,1.4360365045812187e-09,-0.029170541004793802,-0.05390886098796532,0.04888771397456575,0.0013812453310164973,-1.6397793496311652e-13,-1.6259441167586208e-13
29.8000,-0.004292918364450886,0.0008430335716234628,0.269590293773056,-0.07674720015421196,-0.10139666749406619,0.013070433665703401,4.5895966209604465e-05,8.815517102368715e-05,0.00249081715684774,-0.0017108095293044195,-0.0014087409700144118,0.0007880590342136946,-2.39684369975237e-05,-7.99861347251956e-10,1.4360369888773074e-09,-0.03986043023396299,-0.08398861066552211,0.07208918935305132,0.00169949268678735,-2.1533962763983783e-13,-2.1387047948601134e-13
29.8200,-0.0042587607782408575,0.0008480224729466463,0.26930837398417573,-0.07736073817732782,-0.10162867892480293,0.013110136995179827,0.00032647532797167803,0.00148784419859186,-0.015682417765116426,-0.0012394432675401387,-0.0015494195378364098,0.001664826089855561,3.054781227845687e-05,-7.998614388357334e-10,1.4360369456941043e-09,0.1066738842578493,0.10552083154197371,-0.016011954264027104,0.003974318155156963,-3.0202999389689067e-13,-3.005050635412898e-13
29.8400,-0.004218579965828806,0.0008563006143883145,0.26904705663172107,-0.07797196471831337,-0.10168240575008405,0.013143685102243573,0.0008313754361050025,0.0016099789392992037,-0.015929244927433917,-0.0001432460801126533,-0.0008153648932301619,0.0018597553428786173,9.721943983393626e-05,-7.998630279242134e-10,1.4360354006397098e-09,-0.012723285214812082,-0.05889406484650433,0.05374009223184718,0.0025899323660006765,-3.6649524561005453e-13,-3.6492049616462796e-13
29.8600,-0.004164728776181438,0.0008656861055661089,0.2687633936487829,-0.07854197975768949,-0.10143302664116584,0.013163265601334054,0.001386484789264722,0.0011375674490932213,-0.007965903972534666,0.0013822894829632597,0.0004625935072453003,0.0016787268310505994,0.00016860040527831097,-7.998641572488613e-10,1.436034327313034e-09,0.09268235653936173,0.09479901220449088,-0.040544373928588895,0.0036473213090059773,-4.483878004134245e-13,-4.468487212194727e-13
29.8800,-0.004117010853408815,0.0008740265199386374,0.2686941392139984,-0.07907137859394098,-0.10121169114084695,0.013182020382103988,0.0022416918993067563,0.0006186927842196237,-0.0037900994660334504,0.001704543182351226,0.00038378475180755146,0.00167766094089465,0.00021048992935817967,-7.998676923223335e-10,1.4360308380266052e-09,-0.018321410914516157,-0.0489003527540563,0.016226122076000212,0.0012551828815956898,5.166860320669764e-14,5.48654817324884e-14
29.9000,-0.0040428647416985205,0.000876401608409199,0.2685100709681503,-0.07950491813422346,-0.10058005442652955,0.013176767061294552,0.0029112364254262105,0.0008504182050034579,-0.010701894761731338,0.0012844816747045857,-0.0006300491395089998,0.001910180187402244,0.00022506095138513348,-7.998730797990515e-10,1.4360254970017874e-09,-0.016151648229734458,-0.042293265564839075,0.0029576928689665086,0.000400326204320671,9.277409569741213e-15,1.2521313670697636e-14
29.9200,-0.0039559417639737525,0.0008741566320646649,0.26828514090853334,-0.07982993890948965,-0.09968673795197006,0.013154263219274953,0.0032727639185340064,0.0007065304543563185,-0.011660097977882807,0.0015206309370287712,-0.0006459888099697797,0.0014175286413994964,0.00023420326356435181,-7.998782534581434e-10,1.4360203768515541e-09,0.0725860307375057,0.08897825830080905,-0.06991352464343256,0.0008765198472249162,-3.391429796500631e-14,-3.0679025129782406e-14
29.9400,-0.0038736551953966053,0.0008672657080650827,0.26814723312542427,-0.08004754353028722,-0.09878788979924805,0.013125724177064025,0.0034570844844560925,0.00039747470878130127,-0.011606707816421298,0.0013462561851257553,-0.0010180425042592837,0.0009213405519158569,0.00022689080228790497,-7.998849998469438e-10,1.4360136741431447e-09,-0.09391598572405896,-0.13638368573642445,0.029614604754706165,-0.001817772374396685,-5.874351569415404e-13,-5.857764360378548e-13
29.9600,-0.003790535492460146,0.0008550138748025996,0.2679762972686415,-0.08013566931509222,-0.09779420167461185,0.013086169357241282,0.003207874954107965,-0.00022073747810760031,-0.005928846362241265,0.0016352174224856539,-0.0006496620149401702,5.371682251169302e-05,0.00021249300365275354,-7.998899503507839e-10,1.4360087775448066e-09,0.0451477587751032,0.06633867405067864,-0.06971455256312462,-0.00045318725391645966,-6.342383486891007e-14,-6.018421844873265e-14
29.9800,-0.003716409652225666,0.0008372760420390225,0.2678208180032833,-0.080097394971435,-0.09686137823217869,0.013042286501719057,0.002775566678009232,-0.00038745292470699646,-0.00743950952609343,0.0013187632551861477,-0.00096245476730969,-0.0005454180832656604,0.00018127400329482273,-7.998966230481312e-10,1.4360021571747083e-09,0.05831532233770164,0.09096839393064418,-0.07478545665092756,-0.0007717738799368503,-6.154846326610758e-14,-5.830473365393829e-14
30.0000,-0.003677926083513194,0.0008155822345076894,0.26790507012224585,-0.07996333643225778,-0.09639187391994045,0.013013086171218775,0.0021804295891676047,-0.0014782888396255918,0.0031829908317760136,0.0012823661528828416,-0.0006809144904895724,-0.0013717201209297143,0.0001487581653100971,-7.999024439350623e-10,1.43599638607077e-09,-0.10926776482282825,-0.1329138806638421,0.031547714331757536,-0.0031939391281623902,-5.695533020905197e-13,-5.679318777415676e-13
