t,x,y,z,roll,pitch,yaw,vx,vy,vz,left_aileron_joint_pos,right_aileron_joint_pos,elevator_joint_pos,rudder_joint_pos,left_propeller_joint_pos,right_propeller_joint_pos,left_aileron_joint_vel,right_aileron_joint_vel,elevator_joint_vel,rudder_joint_vel,left_propeller_joint_vel,right_propeller_joint_vel
0.0000,-0.008885280261241763,7.510626417914376e-07,0.2452800247579599,-8.909536004777656e-06,-0.027859344860536865,3.750328539370811e-07,-0.027859975138593823,2.9300844757221073e-06,0.019878435667591336,nan,nan,nan,nan,nan,nan,nan,nan,nan,nan,nan,nan
0.0200,-0.009704559425067394,8.161178557182024e-07,0.245263494903997,-9.861007897475696e-06,-0.032044118025378286,4.32326849038868e-07,-0.04513942439459796,3.385048345959069e-06,-0.005805321457791578,-0.005351419221294342,-0.005350886028991784,-0.024759354984079922,-2.1778120895721126e-08,-6.159282707284857e-10,1.1042434775324937e-09,0.055077102663221356,0.05507754898617107,0.2148701563673613,2.018123143073871e-06,-7.698365879030299e-16,1.477698951429015e-15
0.0400,-0.010808318595194386,8.861376792583737e-07,0.24477920419508095,-1.0873743092693514e-05,-0.039043648213847176,5.072042128904952e-07,-0.05935827750133536,3.887401564793212e-06,-0.02730281203110087,-0.0038372591578670363,-0.0038367180158714632,-0.019629984573432544,2.3627106299975237e-08,-6.159282852007463e-10,1.1042435055130574e-09,0.09975121875916927,0.09975163904389525,0.3145926395005649,2.7102477902483817e-06,-7.537465617952241e-16,1.4677545728700126e-15
0.0600,-0.012118717297555067,9.61863268547135e-07,0.24392512607772002,-1.1950723654352452e-05,-0.04806447682395456,6.003224648600621e-07,-0.06963006110212955,4.410066316296585e-06,-0.04348742607475296,-0.0012139371197599819,-0.0012133852499222055,-0.011782358024335655,9.11329296860947e-08,-6.159283015280872e-10,1.1042435376535179e-09,0.1339098843457637,0.1339104605096596,0.387457430282937,3.364471567591934e-06,-7.310126210073923e-16,1.4546552083407249e-15
0.0800,-0.013545233863273057,1.043901542931271e-06,0.242815602140563,-1.3095592084218182e-05,-0.05818989341640065,7.10548015349034e-07,-0.07530650536508021,4.923903015658849e-06,-0.053794421228938925,0.0016365412233612122,0.0016371072203470343,-0.003718909028402611,1.629309470508005e-07,-6.159283159109658e-10,1.1042435666288849e-09,0.14772317665888246,0.14772401484549613,0.41092843186784295,3.7590845352917982e-06,-7.082238348362258e-16,1.4437992105722402e-15
0.1000,-0.014985428145765294,1.132660592082317e-06,0.24157626480196148,-1.4312455211118065e-05,-0.06840311539589337,8.345870429784768e-07,-0.07539735609203826,5.392472195184596e-06,-0.05784116240432757,0.004639882514255549,0.004640463589305326,0.00462601594578832,2.412124172756587e-07,-6.159283290242259e-10,1.1042435937594333e-09,0.16895352197044772,0.1689542086029364,0.47229466735211395,4.514521551720222e-06,-6.732153278514951e-16,1.412992834038838e-15
0.1200,-0.01641024047824029,1.229345935107226e-06,0.24057593420962098,-1.5615100544441237e-05,-0.0784163852634371,9.727066084439296e-07,-0.07370317123549014,5.615063031278998e-06,-0.040341277602432,0.00810771642534134,0.00810844589860959,0.010168893324223556,3.0486149577886206e-07,-6.159283445601791e-10,1.1042436272763357e-09,0.1685757205799126,0.16858546947122682,0.21619354976411978,2.871022199619141e-06,-8.222496102505868e-16,1.8109217128788567e-15
0.1400,-0.017743241848230056,1.333829561036551e-06,0.24002594981311298,-1.7013483042868543e-05,-0.08754461703573609,1.1212200660532611e-06,-0.06693610715866244,5.63194259073016e-06,-0.014199456271100058,0.011114255962517654,0.011115123082899338,0.015640959440559356,3.76685743898772e-07,-6.159283592977333e-10,1.1042436604062545e-09,0.13291093294344997,0.13292011357846248,0.1771538861255868,2.932814046536939e-06,-7.571753511657095e-16,1.7387665759922887e-15
0.1600,-0.018913583930852004,1.445314232362521e-06,0.24005094560728468,-1.8516626336282162e-05,-0.09520023976177097,1.2753159380523088e-06,-0.05425752420775108,5.494593842319845e-06,0.011832681071429384,0.013181410515295762,0.013182337546699811,0.02157613066232181,4.615531221119328e-07,-6.159283722341138e-10,1.104243690892934e-09,0.07323914252735832,0.07323065046412534,0.5528572629454068,6.788196528995714e-06,-4.814596682082119e-16,1.1729060038208165e-15
0.1800,-0.01965104945789728,1.5599325794782998e-06,0.24021146242314884,-2.0108690173580587e-05,-0.09891973092464194,1.4096082686563317e-06,-0.02999173896663589,5.564351986194392e-06,0.012403403101371873,0.014131676162039787,0.014132426302308928,0.031367825171928564,5.806219796063498e-07,-6.15928382351707e-10,1.1042437160757273e-09,0.025946680833604522,0.025942920415352476,0.26428419101206674,3.5641855017008596e-06,-4.645959304426484e-16,1.1838460696093163e-15
0.2000,-0.019953490926046275,1.6776810456308663e-06,0.24053624391372533,-2.179586381780696e-05,-0.09868592928717686,1.5173520087791594e-06,-0.007994987622465251,5.530705964331592e-06,0.01913925704531594,0.01406554991989186,0.014066281117726986,0.033050509997214816,6.13784904019084e-07,-6.159283928246007e-10,1.104243743172498e-09,-0.03151797169989909,-0.03151865480698696,-0.014475869288345503,5.659581141915374e-07,-4.551687713770633e-16,1.2124145850960725e-15
0.2200,-0.01986978658478285,1.798616695637068e-06,0.24101453274587187,-2.358532607289976e-05,-0.09493311495367263,1.5955128080866467e-06,0.010312389921802865,5.473485587149733e-06,0.02655630964982405,0.012852060974127654,0.012852846715313494,0.029404911452735764,5.855505531671147e-07,-6.159284034606545e-10,1.1042437716421452e-09,-0.0885399897824626,-0.08853957958204522,-0.2118445811823351,-1.7419938379395948e-06,-4.579795972729675e-16,1.2604381768318391e-15
0.2400,-0.01946747870815481,1.922597491218605e-06,0.24154822631495548,-2.5482214325113197e-05,-0.08824853297805743,1.6428785695061234e-06,0.025713926676626447,5.5823212887406524e-06,0.024820862286309756,0.010583314913902051,0.01058411444634623,0.024124626446995066,5.32386564009167e-07,-6.159284138631143e-10,1.1042438004432357e-09,-0.12906417450353874,-0.12905352068855472,-0.5320776922875908,-6.188574802524944e-06,-6.797920092913327e-16,1.867815857154744e-15
0.2600,-0.018966440426431676,2.052148455296036e-06,0.24230235115348042,-2.750848122890909e-05,-0.08064770831663733,1.678978236992962e-06,0.028254733073974525,5.4608300444045e-06,0.03907249345726975,0.00767022654133888,0.007671285304297302,0.011680933365307735,3.8510634305590873e-07,-6.159284263894262e-10,1.104243835483046e-09,-0.15750259375695266,-0.1574865386227444,-0.6995322815939726,-8.461776385034297e-06,-6.719812008473456e-16,1.8926512866847137e-15
0.2800,-0.018556357741719293,2.1888001306412086e-06,0.24335227921680158,-2.9682719137622473e-05,-0.07393532633283775,1.7259814304246685e-06,0.02264638819420154,5.302822893244003e-06,0.054499748767606625,0.0043635628059332954,0.004364890022437336,-0.0008975357721153001,2.3301105091685426e-07,-6.159284392776347e-10,1.1042438723688564e-09,-0.17022481140825954,-0.17021797321002713,-0.47380944995747304,-5.481025799125518e-06,-4.647995889269039e-16,1.3790587883476995e-15
0.3000,-0.018261086200134898,2.3312073048068036e-06,0.2444235583276454,-3.200292219151445e-05,-0.06837568143215678,1.7879777540571077e-06,0.016928434153505256,5.562158770577254e-06,0.05089615505577435,0.0010602344792247306,0.001061577758795557,-0.006984479130001606,1.66453909965414e-07,-6.159284508423859e-10,1.1042439065784335e-09,-0.1516842202635074,-0.1516773600410612,-0.3866792482189879,-4.850374478588611e-06,-6.490713948438401e-16,1.925131823838364e-15
0.3200,-0.01812026376933419,2.479769964798564e-06,0.24534849421836022,-3.4470835443181514e-05,-0.06435399304000998,1.873501267565718e-06,0.00843979457844815,6.08334675929201e-06,0.0412217413757716,-0.001684183391898033,-0.0016828525283960915,-0.011206048690076565,1.230203916445075e-07,-6.159284617440863e-10,1.1042439396894258e-09,-0.12002378395160475,-0.12002655883280026,-0.11905755961671419,-9.155057264505462e-07,-6.433634515705302e-16,1.9614589493637327e-15
0.3400,-0.018111265275574724,2.6347729405159268e-06,0.2459052895386626,-3.7081944674451416e-05,-0.061646408948299064,1.9824138671181694e-06,-0.0002197462014512465,6.989558673754262e-06,0.023789919463435973,-0.0036002700690411613,-0.003598980408485061,-0.013047260683888062,1.1189686129154666e-07,-6.159284722774143e-10,1.1042439726377175e-09,-0.07156574266364057,-0.07156156194911771,-0.15380106179017303,-1.679340390644163e-06,-6.348676052304512e-16,2.003159228390009e-15
0.3600,-0.01832029606073991,2.8001910967697363e-06,0.24622865614953762,-3.9853535889889355e-05,-0.06106205022958522,2.1354184534925965e-06,-0.012769910594873774,7.857864691575718e-06,0.01522146792194629,-0.004490254614934596,-0.004488800202171056,-0.016351395571367285,7.770182646546916e-08,-6.159284835045475e-10,1.1042440090957265e-09,-0.022051791650859607,-0.022041278676555223,-0.14553110050931398,-1.166144340706912e-06,-6.062331270529275e-16,2.006915819511082e-15
0.3800,-0.018764669456466748,2.9782387486713707e-06,0.2463828015674276,-4.279865577040747e-05,-0.06277342543435564,2.343629437745645e-06,-0.02388218762090042,8.88668082920565e-06,0.005107838078643368,-0.0045784238364648166,-0.0045768792750512455,-0.01593368384927421,1.2158005119212918e-07,-6.159284936119682e-10,1.1042440440225616e-09,0.010400013924800083,0.010396808028484538,0.2044467010872593,5.80305883485571e-06,-4.115852204716853e-16,1.4932441235934995e-15
0.4000,-0.019324801509977774,3.1683244310544147e-06,0.24617878186957742,-4.5911713364010165e-05,-0.06562839475312578,2.589806183858363e-06,-0.029995961249367643,1.0314483669777213e-05,-0.012642338723649654,-0.0038807757550453057,-0.0038792587215294035,-0.01119880753504475,2.543900768105934e-07,-6.159285030848557e-10,1.1042440794762895e-09,0.05459713078971552,0.05460143031936686,0.1712115761607895,5.410528838004002e-06,-3.820077299260716e-16,1.51660550403701e-15
0.4200,-0.01999708584584135,3.3739627645117013e-06,0.2457760553985233,-4.9211741211987275e-05,-0.06956567894654299,2.8793562140845505e-06,-0.03625232379030104,1.1527409718012911e-05,-0.019361273984730247,-0.0025602736133995625,-0.002558619343296315,-0.008106930692583393,3.6046511858887e-07,-6.159285115018452e-10,1.1042441138960747e-09,0.08126818576655778,0.08127992458108221,0.1329977755083303,5.198207618548713e-06,-4.942286898880705e-16,2.080797421302391e-15
0.4400,-0.020779624949440145,3.598086687825941e-06,0.24537422552167967,-5.272424090663936e-05,-0.0745576277088475,3.2186281966286037e-06,-0.041553922826564796,1.2418719341862486e-05,-0.016346332405568594,-0.0007871713496347907,-0.0007852464814285514,-0.005400052072158121,4.7526780022209115e-07,-6.159285197915842e-10,1.1042441520873522e-09,0.09091376285096689,0.09092064599502625,0.2552325149144274,8.896129359143806e-06,-4.2954205425568045e-16,2.0859766042583775e-15
0.4600,-0.02161402755083153,3.841055769654971e-06,0.24505282397128542,-5.646820386335439e-05,-0.08005760792984595,3.5992856845458506e-06,-0.042849856657071646,1.3174393778659412e-05,-0.011712083565220282,0.0010706554101334042,0.0010727927925634274,-0.000953983649643644,6.455935302550271e-07,-6.159285267503853e-10,1.1042441902282437e-09,0.08852522927969103,0.08852140906729174,0.4187195467271726,1.3680517126672682e-05,-2.1696574243373532e-16,1.5045299905827158e-15
0.4800,-0.02230701937746378,4.098629576101271e-06,0.24457683875395728,-6.0432891294796384e-05,-0.08424231223608694,3.9702175996073155e-06,-0.03425337577476976,1.457403496160332e-05,-0.023314944990277135,0.0028699657609687537,0.0028719286308701727,0.00875140889238337,9.54611996942063e-07,-6.159285314473742e-10,1.1042442248525962e-09,0.0828804441271789,0.08287393894455855,0.3965552719003163,1.3118145435018014e-05,-1.7918698772522986e-16,1.5617868767182647e-15
0.5000,-0.022786198190079,4.371718303580461e-06,0.24395808478916653,-6.462677526894114e-05,-0.08640055425348167,4.306070904270747e-06,-0.023986770879256526,1.5855295466519896e-05,-0.02977761426445826,0.004308390370802653,0.004310335171333324,0.014072507130660586,1.1462681036353803e-06,-6.1592853520776e-10,1.1042442582251718e-09,0.06874937797061575,0.06876141793597212,0.08712847747092813,4.827781484255922e-06,-2.767016293081016e-16,2.2372558416050483e-15
0.5200,-0.02306507532097846,4.663175470464654e-06,0.24333817076231573,-6.90737654177988e-05,-0.08663511579153062,4.603811971546827e-06,-0.013959383307282946,1.688514522280509e-05,-0.029787959913227767,0.005390347681631165,0.005392464137374481,0.015667899187497298,1.2441456972931538e-06,-6.159285387904971e-10,1.1042442975298474e-09,0.03843170159357024,0.03845385567188613,-0.11375862932729736,-9.931971068485328e-07,-2.317983481313422e-16,2.320629294603289e-15
0.5400,-0.023167897067954864,4.974902786633195e-06,0.24280483349408255,-7.37974992776518e-05,-0.08515972130478532,4.863589750843466e-06,-0.0051982067582413815,1.7683712076549692e-05,-0.02511574445988628,0.005755165402712571,0.0057575090556902485,0.014766717870507026,1.263149710615344e-06,-6.15928541313831e-10,1.1042443344265276e-09,0.0044772508452829,0.004492148738631012,-0.10887776418087217,-1.0241661819900129e-06,-8.254831055871709e-17,1.7814411546661444e-15
0.5600,-0.023154420487451702,5.3091789907366215e-06,0.242455114158014,-7.882805992904245e-05,-0.08253223278230587,5.099637523736519e-06,-8.251527332856886e-05,1.80538949604943e-05,-0.013176273430583802,0.005527225173836936,0.005529981100898985,0.01078853390314894,1.180749520448772e-06,-6.159285438312705e-10,1.104244378347032e-09,-0.023399078689443555,-0.0233621747990401,-0.3853277395488807,-1.0344355621707844e-05,-1.4209755901711178e-16,2.465872151651352e-15
0.5800,-0.02319454068722091,5.671221514230343e-06,0.24258250142912638,-8.422688624501076e-05,-0.08038668814271412,5.3755821933878385e-06,-0.002079994851276236,1.7393975907597905e-05,0.012782762759840532,0.004744006531503232,0.004747481780565351,0.003205281801220695,9.794305167851382e-07,-6.159285459471261e-10,1.1042444278342085e-09,-0.05269052858676685,-0.05266062415305728,-0.3099616334830841,-7.7036184334669e-06,-7.221607031921112e-17,2.4812610462370682e-15
0.6000,-0.02330081368180801,6.057065150988434e-06,0.24309183417709343,-9.001490804311638e-05,-0.07891097143940093,5.700037159959424e-06,-0.003160037746717962,1.7071625300963206e-05,0.028000189335867502,0.003479185186735881,0.0034829671642800115,8.69672585489553e-06,9.3053330756598e-07,-6.159285463599753e-10,1.1042444751391035e-09,-0.06947915639792296,-0.06947597323344756,-0.03679376783729092,1.7481757328900579e-06,-7.639152750450732e-18,2.511079570595735e-15
0.6200,-0.02342775283232934,6.461697145094717e-06,0.24375324971470286,-9.619388343088242e-05,-0.07771385274598133,6.05663504519846e-06,-0.004208213832855074,1.715467978331401e-05,0.03547751577303186,0.00211025210842233,0.002114151057328242,-0.0013300069893781908,9.361594573379412e-07,-6.159285455415988e-10,1.1042445224008987e-09,-0.06707614024236228,-0.06707106650092474,-0.06617230173264568,1.887296724031293e-07,5.1795144899759307e-17,2.5384933684171468e-15
0.6400,-0.023594521578318334,6.88478072170782e-06,0.24449842007655984,-0.00010278399776429041,-0.0769947605852597,6.457275201310771e-06,-0.005592053080507169,1.762970007478121e-05,0.037332346228520503,0.0008412698554468671,0.0008452546724738881,-0.002479482255260384,9.458905710194254e-07,-6.159285435796449e-10,1.104244570132539e-09,-0.057943826320933124,-0.057932716263358275,-0.10253909329082517,-1.6641523143646266e-06,1.1151211249915525e-16,2.565733100967898e-15
0.6600,-0.023803887454129345,7.326279736888787e-06,0.2452413779668386,-0.00010980179652118872,-0.07678871876246841,6.907614399712154e-06,-0.007772743114767336,1.8426175075950247e-05,0.036275786621459916,-0.00021552220319228196,-0.00021146095938794402,-0.003309074706370896,9.694577901591626e-07,-6.159285404237819e-10,1.1042446177046958e-09,-0.04664261478403789,-0.04663990725143542,-0.016447307245480536,2.1621781480613342e-06,1.7278863319056888e-16,2.603879653263969e-15
0.6800,-0.024065820591387687,7.788160420577139e-06,0.24593959178470998,-0.00011726924893258469,-0.07718817395306232,7.4188591195142005e-06,-0.011563138012634777,1.9296756751435397e-05,0.03637842193732188,-0.0009622139574506568,-0.0009578952446064328,-0.004972346852577002,9.537207232832707e-07,-6.159285361736625e-10,1.1042446679574704e-09,-0.031013253730800116,-0.03100240566360168,-0.056733333737391,8.822682963128989e-07,2.422854101117385e-16,2.630030101444551e-15
0.7000,-0.02434380320457632,8.269611782415317e-06,0.24647396809552127,-0.00012519410939062397,-0.07784738380373579,7.97428625654952e-06,-0.011193434595682871,2.1547217741319863e-05,0.022832732562491694,-0.0014728945025297437,-0.0014688129286035349,-0.0024359289737976185,1.1557563548677883e-06,-6.159285304839246e-10,1.1042447126883484e-09,-0.01947920817242933,-0.019512925427823753,0.2897437403197924,1.834163258906872e-05,3.1124209764991505e-16,1.9892373948689375e-15
0.7200,-0.024536103148934046,8.76939564667498e-06,0.24660658019238993,-0.00013355565842268206,-0.07776561414658797,8.510786190417021e-06,-0.008786334003386902,2.4921826769278596e-05,0.0035045880580128323,-0.0016083187451992897,-0.0016045212042540488,0.0005926465059950862,1.3752082341150957e-06,-6.159285238467886e-10,1.1042447577819127e-09,0.0005321888927783118,0.0005142436546811274,0.15847891354498242,1.1797605176247015e-05,3.5245183872061286e-16,2.0804446320798597e-15
0.7400,-0.024640570850862176,9.295054495229742e-06,0.2463493769267881,-0.00014237085294733703,-0.07686599869938386,9.020076027488812e-06,-0.0054001178423658085,2.9137607203874755e-05,-0.01742191263180231,-0.0014520347107938904,-0.0014484140844212236,0.002639575686641093,1.5499390495113488e-06,-6.159285162609533e-10,1.1042448037124176e-09,0.014685906205161947,0.014695452933152994,-0.012572483777833566,2.2161876763965324e-06,3.9747391626822467e-16,2.2030983909740714e-15
0.7600,-0.024789494773033237,9.86482158531774e-06,0.24602992656266745,-0.00015172460122506862,-0.07635455616885026,9.595418949952968e-06,-0.010385923988457516,3.115146679105558e-05,-0.012638529629410852,-0.0010464104968203225,-0.0010417703520687546,-0.0023322423235680872,1.3280220277732545e-06,-6.159285069321663e-10,1.104244861493424e-09,0.019454483306091307,0.019508989305939962,-0.2441799439156305,-9.843503017544437e-06,5.211959954671609e-16,3.0407572246011084e-15
0.7800,-0.02505323040445936,1.048616206372826e-05,0.24583723919849698,-0.0001616911641103289,-0.07691412262431092,1.0298758279921731e-05,-0.014956653886866941,3.301114085879155e-05,-0.007348462592337758,-0.0006875090476626818,-0.000682016890074086,-0.004693301599406097,1.3064876437110529e-06,-6.159284948979089e-10,1.1042449232848977e-09,0.017542455037957438,0.017584034313127286,-0.07441194491808129,1.6688885271401475e-06,6.414455572197096e-16,3.1347677173509687e-15
0.8000,-0.025374189739208113,1.1155784359707939e-05,0.2456786870393331,-0.0001722922636593603,-0.07802042899603326,1.1097115068533673e-05,-0.016966479284136093,3.5394798527036114e-05,-0.0067391674116294275,-0.0003564819075280995,-0.0003506280299474869,-0.0034009775812270113,1.52379519376807e-06,-6.159284821023721e-10,1.104244978344427e-09,0.019973462564324765,0.01999415887531739,0.06997136350653169,1.1804457133965261e-05,6.695719215079991e-16,2.4232655473715135e-15
0.8200,-0.025716596187471595,1.1873741293033093e-05,0.245527181368259,-0.0001835625284484795,-0.07934252993664406,1.1969383091498152e-05,-0.017374336553070663,3.796636790299996e-05,-0.00722756914800987,6.592882080161287e-05,7.203638177424061e-05,-0.0010668965129496627,1.8372265099787204e-06,-6.159284665604606e-10,1.104245036890438e-09,0.020153385994680962,0.02013738288188814,0.26016980365948755,2.6541587853607927e-05,7.740808582434844e-16,2.5289180844649106e-15
0.8400,-0.025958904837797194,1.2633275840444528e-05,0.24516409938531963,-0.00019548355400513727,-0.07972191736256735,1.2804470208246488e-05,-0.012178033833428309,4.2568629369580624e-05,-0.020312144154621025,0.0005139223137831725,0.0005196663707639344,0.004054059590383408,2.357916167896539e-06,-6.159284494645881e-10,1.1042450933664096e-09,0.027107206545092962,0.027126134807864896,0.06806430908044461,1.1037280458801813e-05,1.0001254703828058e-15,3.5413541199448735e-15
0.8600,-0.026200828741722516,1.345255422186207e-05,0.24486987715050984,-0.0002081648870126291,-0.08007509780428092,1.369821156431879e-05,-0.01336354285774197,4.4361299516254346e-05,-0.011939360994657628,0.0010423087926239858,0.001049111857899284,0.0019350432153203575,2.3228795112484336e-06,-6.15928428720274e-10,1.104245160886887e-09,0.019737279063719065,0.019767957052384676,-0.004550357045378473,7.426959109166791e-06,1.1458282663212279e-15,3.666546013065533e-15
0.8800,-0.026450342233163254,1.4333179267308387e-05,0.24469440397570935,-0.00022167109677490143,-0.08049470189544167,1.4662464316400149e-05,-0.01265077799055648,4.653254717781263e-05,-0.007438094700532384,0.0013532164763901302,0.0013607137568105135,0.0018313046665495414,2.488108316312338e-06,-6.159284041242952e-10,1.1042452330551844e-09,0.010724047937778064,0.010756712514484474,0.009272416671668095,8.895020568215109e-06,1.3042352859190436e-15,3.813158522389306e-15
0.9000,-0.026701875796792188,1.5275851900993784e-05,0.24464211995887186,-0.00023606095922297344,-0.08094190539664337,1.569757028296679e-05,-0.012601334556016749,4.811945810033443e-05,-0.00010407798558016881,0.0015000940804446832,0.0015083806806123177,0.001204786839964457,2.590899254217907e-06,-6.15928378642367e-10,1.104245302988994e-09,0.00560116181400971,0.005660050894746988,-0.09783064053074764,-6.9304663880522e-07,1.4536118755079444e-15,3.93271129366362e-15
0.9200,-0.02693943786207484,1.6278432351552643e-05,0.24468259728170683,-0.00025138599045558557,-0.08128366833233669,1.6788493989547885e-05,-0.010797364140391213,5.0382418416612054e-05,0.0023425766260627,0.0014822597780910194,0.0014908743757012326,0.002321606665259667,2.8817112248083476e-06,-6.159283501367072e-10,1.104245373699489e-09,-0.0065089439440324795,-0.006542560186681588,0.23096865742792635,3.1954958269525565e-05,1.3759342955635152e-15,3.1323358857594016e-15
0.9400,-0.027079517440288407,1.7333325269068846e-05,0.2446200835816772,-0.00026763800113452883,-0.08072643291222852,1.782685029023866e-05,-0.00685098311140925,5.419529259398703e-05,-0.0019095121085467444,0.0013821095514651885,0.0013908563077745387,0.003805211946068777,3.187246387807232e-06,-6.159283169745876e-10,1.104245452159055e-09,-0.003659842390250966,-0.0036093410205649047,-0.11349171771079448,-4.64093745680711e-06,1.5031762201747666e-15,3.2736646035582025e-15
0.9600,-0.02724185497368618,1.846129555586897e-05,0.2447109087325016,-0.0002849672889329127,-0.08039264832491777,1.896975949269906e-05,-0.00808980155672943,5.53620598389072e-05,0.007593842170102533,0.001242295366047918,0.0012522487199219587,0.0008709692465540606,3.0243654163611e-06,-6.159282824060266e-10,1.1042455318250834e-09,-0.011066104166256963,-0.010996901976483538,-0.16028611812569504,-8.996343144315884e-06,1.944638569097157e-15,4.418335611115244e-15
0.9800,-0.027424780710392862,1.965960555289243e-05,0.24492021966799585,-0.0003034382376381067,-0.08029079177826713,2.0222074913479426e-05,-0.008022030255048919,5.75207560436849e-05,0.011263059862648066,0.0009073244666755162,0.0009179867633742322,9.699142907387324e-05,3.138316016625593e-06,-6.159282414108434e-10,1.1042456202235734e-09,-0.015892424466888416,-0.0158383859424928,-0.08769502315379213,-1.3101996038995461e-06,2.1332867824943192e-15,4.590179961388302e-15
1.0000,-0.027602485692002666,2.092471312672535e-05,0.24515723120211244,-0.00032309335499267923,-0.08018819723540709,2.1551817681171932e-05,-0.007201033060506121,6.067823826996753e-05,0.010863638234723744,0.0005592420695045947,0.0005701313885834207,0.0007016391555047742,3.4037229308189264e-06,-6.15928202412906e-10,1.1042456992618886e-09,-0.019984873144484352,-0.020018298419304772,0.16259914022942656,3.036538752569213e-05,1.928421276289026e-15,3.661834392296431e-15
1.0200,-0.027707976742403866,2.2250676208824163e-05,0.24524035726426935,-0.0003439259928635657,-0.07944110953306782,2.2847757384155006e-05,-0.004582845756536774,6.61233213423871e-05,0.003532704270885859,0.00024301678389195027,0.00025389390150700727,0.0018741818155334014,3.722099986971807e-06,-6.159281578539053e-10,1.1042457869000119e-09,-0.009428313708242589,-0.009337583607122177,-0.20283847695316065,-1.982624160881831e-05,2.4915846837982036e-15,4.972863517727164e-15
1.0400,-0.027841242960998897,2.366280617172371e-05,0.24537174382988036,-0.0003660972648145666,-0.0789785269570763,2.4280518445309156e-05,-0.006696985825485463,6.894164207596773e-05,0.008278227319499757,1.6093311776763213e-05,2.82973503095078e-05,-0.0008604109659726161,3.5291333823491313e-06,-6.159281080331103e-10,1.104245882607474e-09,-0.01130034422816145,-0.01121873281846331,-0.15987258671003088,-1.2557333394362627e-05,2.701037720445826e-15,5.167790362845849e-15
1.0600,-0.02802312323110991,2.5166342163670223e-05,0.24557264278712737,-0.00038970803377776824,-0.07900998290260042,2.5901329765597812e-05,-0.008852119466429302,7.213036498822034e-05,0.011598974960153628,-0.00022928154561915762,-0.00021595148933206324,-0.002412819570707276,3.5339349536522304e-06,-6.159280546421126e-10,1.10424598074293e-09,-0.014803533993966788,-0.014823256421255551,0.11430139609444165,3.083969016898078e-05,2.4156502976592237e-15,4.137491673057714e-15
1.0800,-0.02815253660321519,2.6745089979758723e-05,0.24559481976429237,-0.00041472066976804396,-0.0785816747001473,2.751756876668724e-05,-0.005474243468420329,8.079404370100278e-05,-0.0019179744636855258,-0.00046270650811637104,-0.0004501502031775444,0.0009774602640346877,4.3030333252185775e-06,-6.159280005769482e-10,1.1042460749362895e-09,-0.0042794584882914835,-0.004245559921793458,-0.00024781294049094606,9.735294627355694e-06,3.159379953699337e-15,5.658824679731587e-15
1.1000,-0.028296281943975782,2.842781654713612e-05,0.2455862836342538,-0.00044129284988021235,-0.07829940120726167,2.927070870699421e-05,-0.007500174683145934,8.569513037120726e-05,2.281418279469747e-05,-0.00047982606513675703,-0.00046567182091857126,-0.0011517126545393047,4.1844702838277615e-06,-6.159279343305573e-10,1.1042461898264639e-09,0.0014101360882304555,0.001527853159401423,-0.17504278709199197,-1.7801766098431967e-05,3.423410711270343e-15,5.904886903876014e-15
1.1200,-0.028496570071957553,3.0229989084447362e-05,0.24564238042447006,-0.0004695788030917071,-0.07856698640702305,3.126943539197179e-05,-0.010925399210102637,8.937303205925874e-05,0.005957324057441018,-0.00046262226040818784,-0.0004466822789412232,-0.0031879008185236946,4.0907867710451175e-06,-6.159278691588845e-10,1.1042462990927122e-09,0.0003894428151036363,0.00046326435151461344,-0.05376776777272906,6.682833730026738e-06,3.0204538448554228e-15,4.744870200413566e-15
1.1400,-0.028697223180157362,3.2140352983671075e-05,0.24564011424962115,-0.0004996156691590713,-0.07886784059603649,3.339591600948883e-05,-0.008828334407901187,9.858666015163439e-05,-0.00355345607547261,-0.0004881172358626395,-0.0004727107720238863,8.975678303750894e-05,5.062066445457423e-06,-6.159278019262138e-10,1.104246405503753e-09,-0.0007398176254110596,-0.0008526968770230086,0.3326750907367769,8.085873254635851e-05,3.2762171373447533e-15,5.047549800818365e-15
1.1600,-0.028837335725015723,3.4162480033476906e-05,0.24545646062746726,-0.0005314192322503771,-0.07859924792894965,3.5502115463765576e-05,-0.00842127594393192,0.00010701379526922912,-0.007021034051072021,-0.0003153721783368548,-0.000298970015567206,0.00037453703239965217,5.383145016202374e-06,-6.159277239678783e-10,1.1042465285847554e-09,0.0121114302814215,0.012240453562491925,-0.14494188463630364,-1.4712978860917357e-05,4.31235993095247e-15,6.816555241269395e-15
1.1800,-0.029042473590537708,3.6341504365821e-05,0.24539707491181204,-0.0005653043919999031,-0.07894378066981346,3.792835387040903e-05,-0.011148289316635097,0.0001115788548276535,-0.00043583692520078935,-0.00011399631193974294,-9.510060626865908e-05,-0.0019368625114960904,5.247263166141121e-06,-6.159276373654649e-10,1.104246662094293e-09,0.007902339492808287,0.0080104862437557,-0.06667542491389279,5.496581275588366e-06,4.667026178495001e-15,7.145533520620546e-15
1.2000,-0.02927557751726377,3.8667833377985145e-05,0.245391501674238,-0.0006013646709141681,-0.07957228094232334,4.059631854786816e-05,-0.01094389899904779,0.00011906499852493786,-0.0013893513829462435,-8.67889454254244e-06,1.0793773500973755e-05,-0.0001923573802417557,6.111464854421588e-06,-6.159275449958819e-10,1.104246798363766e-09,0.0018160336253957863,0.00169985916412382,0.31957831140739945,9.683494364552972e-05,4.14083999429821e-15,5.9035833201701894e-15
1.2200,-0.029447529741751414,4.112774897120195e-05,0.2452550803406017,-0.0006395889545494811,-0.07963499208923387,4.324705954114918e-05,-0.009043887501473403,0.00012917848571452248,-0.00600562342986605,0.0001473732559109632,0.00016747011319547632,0.0012814671144670703,6.820699478552914e-06,-6.1592745179722e-10,1.1042469339382908e-09,0.012087782440961349,0.012239761633533505,-0.11441841355356142,-9.94076212622904e-06,5.4312845250447696e-15,7.926029488769179e-15
1.2400,-0.029634363008737813,4.375851402514828e-05,0.2451804971526282,-0.0006802643502874814,-0.07984455660076097,4.612359780235224e-05,-0.008615178219961968,0.00013715631870340954,-0.005332950350082057,0.0002997803440905606,0.0003212533880102611,0.001385156351629645,7.3029622923870324e-06,-6.159273493017729e-10,1.1042470788809727e-09,0.00260729464973777,0.0025295842746044803,0.22178441263504944,8.151582126763769e-05,4.785563357265557e-15,6.563361846742034e-15
1.2600,-0.02980959211030375,4.656246389345425e-05,0.24511742084202878,-0.0007235042347007265,-0.07994994925192743,4.915241751003118e-05,-0.009468434720704636,0.0001434320295700099,-0.0003883370543423148,0.00043715068922686533,0.00046112326042064124,0.00017689659335419668,7.402272229016512e-06,-6.159272321166979e-10,1.1042472430239284e-09,0.004250357550320604,0.004350132662208963,-0.03318215899800202,1.5240310222198924e-05,5.125861384923814e-15,6.875966132189812e-15
1.2800,-0.029978776778266058,4.954576905109741e-05,0.24508427306780053,-0.0007694908354882015,-0.08001314864196649,5.235766066906458e-05,-0.007719820525836923,0.00015358965393926012,-0.0027467373270183876,0.00045957537744870206,0.0004844136177607884,0.001218314262136678,8.208679735049414e-06,-6.159271120534945e-10,1.1042474062621743e-09,0.001626543418152681,0.0017069494831655182,0.006658476694788415,2.5510051032194585e-05,5.5060817694520606e-15,7.265403082217133e-15
1.3000,-0.03015585771232717,5.272615287020722e-05,0.24511394986867086,-0.0008184362872508232,-0.08016486620058061,5.581195181750765e-05,-0.008880661890739116,0.0001593338427046444,0.0033758150763093077,0.0004815274534902427,0.000508933483782038,8.191217654599156e-05,8.365656215148049e-06,-6.159269795308034e-10,1.1042475839941954e-09,-0.0039369755912723025,-0.003953689181438104,0.11402055231098361,6.474568670623058e-05,5.9109914703268755e-15,7.657808035691632e-15
1.3200,-0.030285910112932822,5.6087478106606585e-05,0.24507772005144665,-0.0008703918330929223,-0.07989045581135641,5.929061184260424e-05,-0.006561777990107602,0.00017185127715706996,-0.0008734642159958931,0.00042175611005065784,0.0004496178199192254,0.0015112370244192825,9.337759265847552e-06,-6.159268412610589e-10,1.1042477655785914e-09,-3.040981778638869e-05,0.00014260606397330315,-0.10219917672827894,-1.0512878291437266e-05,7.779020144509617e-15,1.0271760181247876e-14
1.3400,-0.030399192888201552,5.9659016638582926e-05,0.24503834285651194,-0.0009256081546175042,-0.07946664560169932,6.292030774102478e-05,-0.0054042497109356566,0.00018349382839770635,-0.0022039049593759233,0.00035611259509079414,0.0003853568744814786,0.0015503257538647514,9.883653475704902e-06,-6.159266965329759e-10,1.1042479522954355e-09,-0.0069256088228123935,-0.006998685659200712,0.14432838722738583,8.008096430213957e-05,6.784638192783906e-15,8.571487229301795e-15
1.3600,-0.030508641818774492,6.3460775948151e-05,0.24501347203680143,-0.0009843099664998609,-0.07901191454678659,6.67682721508441e-05,-0.005786195439064058,0.00019346774339889454,0.0001180698076746534,0.00027272542760317707,0.0003049131482128614,0.00014090690654952406,9.923427200521641e-06,-6.159265230109345e-10,1.104248174863039e-09,-0.0033745102115205782,-0.0031270400330049826,-0.16570483158006163,-3.5413355797091206e-05,8.93245201384011e-15,1.1432137720745854e-14
1.3800,-0.03067425785906079,6.75276137751734e-05,0.24512600326776804,-0.0010468883143917333,-0.07910477682800858,7.115930305451028e-05,-0.007828162034841192,0.00020027516893803056,0.006336782646647383,0.0001487331859629245,0.0001841850823970749,-0.0014271167645937566,9.940787588684113e-06,-6.159263563015064e-10,1.104248385107451e-09,-0.008957645350496835,-0.008878791149950433,0.02566654368576843,4.4639472331597903e-05,9.530181141860841e-15,1.2012799134879411e-14
1.4000,-0.03088970298047743,7.185800232544648e-05,0.24534859777660986,-0.0011135868825056681,-0.0797042368680465,7.611859999703981e-05,-0.010637890267755846,0.0002053890884905438,0.014103090394631226,9.694439234829734e-06,4.9200639410556556e-05,-0.002853409801030478,1.0091626207128746e-05,-6.159261549844247e-10,1.1042486357671314e-09,-0.009148725805233853,-0.0091358258172256,0.09073607215624081,8.03729665068693e-05,8.241357832175326e-15,9.945803268419581e-15
1.4200,-0.03105334477199487,7.639707752244232e-05,0.24544402711002258,-0.0011843372130668343,-0.07986271358277262,8.10931433892573e-05,-0.006160326227327438,0.00022878576963238686,0.0005959687838497411,-0.00014566521387195523,-0.00010886837220032144,0.001173961336965955,1.2514204396231488e-05,-6.159260131784022e-10,1.1042488073557493e-09,-0.00864023168479091,-0.008946992398725737,0.3589456182877783,0.0001982882388773178,8.715448949017136e-15,1.0468068537103532e-14
1.4400,-0.031124555034244626,8.116601385335035e-05,0.24532135733237953,-0.001259207524554436,-0.07916163887360442,8.581351197792825e-05,-0.0028610476119995403,0.00025315171520179743,-0.009315482659557712,-0.0001639913812683878,-0.00012793166588964347,0.00359295423339342,1.4341728698707665e-05,-6.159257836688585e-10,1.10424908493166e-09,0.0048535589463133645,0.005091951322454928,-0.11761635047838973,-3.1296500200240236e-05,1.1589269108725105e-14,1.4113845725818863e-14
1.4600,-0.03120996579940208,8.627241212140696e-05,0.24522287792677153,-0.0013388035275328058,-0.07858353381836858,9.093458395887817e-05,-0.005037438276378755,0.00026497888314185947,-0.003624901611664963,-8.849343042362348e-05,-4.6094125641803056e-05,1.977981684016559e-06,1.3242090648936441e-05,-6.159255430078413e-10,1.104249374772402e-09,0.001663838293990587,0.002020584065044104,-0.1899511109157885,-6.0299410615505654e-05,1.2406899848314314e-14,1.491587073038786e-14
1.4800,-0.031310751647442195,9.172518502816145e-05,0.2451418945569068,-0.0014234160091601434,-0.0781487001329639,9.648355426437905e-05,-0.005464699670545344,0.00028261546670035247,-0.0036258363063693573,-0.00013410795256395608,-8.888908002071549e-05,-0.0004469844112144729,1.385472932874231e-05,-6.159253101926637e-10,1.1042496507047993e-09,-0.0036823413836603322,-0.003631310130566524,0.04803346012764227,7.090532210493291e-05,1.074516181327062e-14,1.254363807105547e-14
1.5000,-0.031442212701825505,9.755492778634034e-05,0.24510655528439695,-0.001513424006425398,-0.07800492238238371,0.00010261442612928038,-0.007232037897951913,0.00029730776172712687,-8.521353461610963e-05,-0.00015810795684818925,-0.00010784173347669862,-0.0019142272408268607,1.3908772641662682e-05,-6.159250457775243e-10,1.1042499625564482e-09,0.0003702964125263167,0.0007718471906630823,-0.15596248124017,-4.461324804484756e-05,1.4160224167812825e-14,1.6662449279494437e-14
1.5200,-0.03163216452135211,0.00010379142298433915,0.24517915647155733,-0.0016093173636550124,-0.07843003287214728,0.00010960433774079872,-0.009726591637493192,0.00030915961902609355,0.005540698258463537,-0.00018882343528950983,-0.00013415509882828717,-0.0025927822989900698,1.4511649114261877e-05,-6.159247843733449e-10,1.1042502669598879e-09,-0.002975986709319383,-0.002905045025233389,0.07525925202793778,0.00010375659876120396,1.5107293400203753e-14,1.759683504053318e-14
1.5400,-0.03185215678977747,0.00011042099686402956,0.2452992800964781,-0.001711384334352405,-0.07917050317660619,0.00011730447807673597,-0.010617960861803562,0.0003257988737414101,0.0069773839583171,-0.00019406037654385132,-0.00013579476129623664,-0.0019963360514761576,1.6091018619835778e-05,-6.159244710002263e-10,1.1042506286221614e-09,0.0029711493847529922,0.003294987104036003,-0.048145645439383086,2.4262205993322893e-05,1.6134283579299913e-14,1.8593016937271806e-14
1.5600,-0.03207263216039907,0.0001174338713956262,0.24541224895891248,-0.0018199147643113258,-0.07995641901275917,0.00012551344801446166,-0.009064701663556975,0.00035099810194354013,0.0022400610449777154,-0.00017857472009514223,-0.00012080250071862333,0.0006794170557854072,1.9153010314700663e-05,-6.159241931374444e-10,1.1042509443440445e-09,-0.0011067885473965697,-0.0015754060349576573,0.38060395153245824,0.0003285072165729065,1.3904035664783973e-14,1.5655533781248204e-14
1.5800,-0.03216220466366167,0.0001247664932186927,0.2452345083056952,-0.0019345965331284477,-0.07952273080789267,0.0001329982188686478,-0.004144805039956651,0.0003934012671853346,-0.01120034979024527,-6.702430379464133e-05,-1.2177909443061754e-05,0.004308515982657146,2.2785222261047636e-05,-6.159238883681902e-10,1.1042512883273262e-09,0.00693549321952423,0.006745825896486095,0.16843033769250912,0.00017549361174276566,1.486082544727759e-14,1.6669147616041324e-14
1.6000,-0.03225201292685037,0.00013262588181430334,0.24507845824840777,-0.0020564968210930712,-0.07907262121830218,0.00014098253863860632,-0.006099857317526989,0.00041017696703478536,-0.004158870879840169,0.00015373931958436343,0.0002192302626044372,0.0005163543297461225,2.084375384421671e-05,-6.159235156409861e-10,1.1042517101225106e-09,0.008487008977234976,0.009198170534157644,-0.2663208916289977,-0.0001496930878887343,1.956931388854069e-14,2.2075863950450983e-14
1.6200,-0.03242796939993574,0.00014109495818871436,0.245139129806902,-0.0021866279758864667,-0.07944156911035093,0.00015042163408383286,-0.008749389827248297,0.0004214351433934085,0.004609880536698872,0.00018728736090346479,0.0002620000102190704,-0.001737357002869713,2.0603872957137206e-05,-6.159231092893607e-10,1.1042521650327464e-09,-0.003622141327331787,-0.0035326681932472703,0.08023355530525836,0.00014802414363623725,2.100730478243537e-14,2.349173712002696e-14
1.6400,-0.032605065060041856,0.00015008085815365553,0.2452185768484764,-0.002325037096252241,-0.07984717861785194,0.0001604950095198219,-0.008862589905896414,0.0004443246306259997,0.005953212343994126,0.00014812184196101678,0.0002267180580964408,-0.0010632765909418607,2.262716530349138e-05,-6.159227227348164e-10,1.104252594277626e-09,-0.0017333785501582612,-0.0015569733384710543,0.039140313517558194,0.00011419793489781333,1.7942875104540873e-14,1.9677280096129512e-14
1.6600,-0.032724086948476824,0.0001595444463032236,0.24518477773595512,-0.0024718409693871833,-0.07972894827882201,0.00017050611293725957,-0.004949137813722821,0.0004897006257546185,-0.0041234982240181,9.40921261029474e-05,0.00016962221219009007,0.0023496592586578252,2.7302642630363468e-05,-6.159223187660744e-10,1.1042530385912249e-09,0.002002015397183581,0.0022495244839954593,0.006402353124256169,6.884062397345e-05,2.3794080448351698e-14,2.6303937326888072e-14
1.6800,-0.03279574724039494,0.0001695776890749982,0.24506470970041191,-0.002627580533911689,-0.07916266790992714,0.00018055297134311426,-0.004000418155337152,0.0005247570553955248,-0.005502433307623388,0.00013457185024965405,0.00021486373242003614,0.0020529908531206425,2.8357223831814804e-05,-6.159218791908182e-10,1.10425352051969e-09,-0.0015661596261230502,-0.0017039354942626325,0.11029697554232366,0.00018974959583210798,2.049953563561073e-14,2.2303834397875005e-14
1.7000,-0.03288664521514168,0.0001803130888392924,0.24500559025181814,-0.0027932826602743537,-0.07877192609188452,0.00019151570399942311,-0.0052645229926412615,0.0005497720453495134,-0.0009535236989938236,0.0001431571105382257,0.00023442771583872691,-0.0003572117279154563,2.744710344032961e-05,-6.159213483259019e-10,1.1042541014237214e-09,-0.0011719542268109992,-0.0005169152452191959,-0.14682666619393106,-7.400055699178265e-05,2.7071057797766612e-14,2.958218522572387e-14
1.7200,-0.033043772008856914,0.00019182419001404302,0.24510449138993318,-0.002969986995550383,-0.0790175734669499,0.00020416825883261676,-0.008292794814244005,0.0005637540632247044,0.00802994260185767,8.184027133525188e-05,0.0001850536828435532,-0.002620633231079116,2.6711675420273458e-05,-6.159208340801073e-10,1.1042546608544108e-09,-0.005820954007477268,-0.005415072296415559,-0.03289499073892041,6.791125359248179e-05,2.311751118766643e-14,2.486102347750395e-14
1.7400,-0.03325660036823106,0.00020408168624652963,0.24532955624848796,-0.00315839033805168,-0.07982739148274373,0.0002185262970368788,-0.0099349660126011,0.0005843849789279945,0.0126714580840631,-4.158606120453396e-05,6.863559743333914e-05,-0.0024932756789773185,2.908154640627255e-05,-6.159202702474524e-10,1.1042552701682255e-09,-0.007488237066826118,-0.0075432935979856475,0.14488770803331386,0.0002907405784081789,3.0581114897343387e-14,3.303402066863817e-14
1.7600,-0.033355173391077735,0.00021684950993608728,0.24529303242143766,-0.003357663976477625,-0.07959658487295312,0.00023189283318668502,-0.003354620248781888,0.0006663131788189743,-0.0063156730087360734,-0.000160157416872954,-6.24603988516791e-05,0.0035516265857472853,3.865988721449485e-05,-6.159197477080498e-10,1.1042558293632935e-09,0.0006197748907428422,0.0003894125550263126,0.15601313602981087,0.000280608707072339,2.624961202178297e-14,2.8039904247231448e-14
1.7800,-0.03339971497557852,0.00023039695820039743,0.2451382986361668,-0.003568916246031472,-0.07884540817556486,0.0002451821768879349,-0.003889932716180935,0.0007075373314780874,-0.00438252884357771,-4.4254927361091266e-05,6.684050087943572e-05,0.0011052664786388169,3.693818226004805e-05,-6.159190785553316e-10,1.1042565472992648e-09,0.005154983826335667,0.006234846462476666,-0.24623167598443696,-0.0002425566098308864,3.47299906932122e-14,3.724827385550786e-14
1.8000,-0.03352520498249055,0.00024499674215335953,0.24516925053273209,-0.0037942702558173844,-0.07885584247498548,0.00026085247975395185,-0.007082600346137918,0.0007275951609841188,0.0046985724351764156,-3.058591044940818e-05,9.785955305341808e-05,-0.002127027116893513,3.453427348683449e-05,-6.15918418471453e-10,1.104257252780799e-09,-0.002453466699975793,-0.001660172376427898,-0.1114967880354905,-3.3817458449000406e-05,3.6855243791718284e-14,3.934427382414757e-14
1.8200,-0.033714112556895694,0.0002605980496368101,0.2453365160033832,-0.004034544563461267,-0.07949082022191443,0.00027881559069297703,-0.00943549271387863,0.0007521031385365276,0.010898604337390674,-0.00010973217065766176,3.2534223197407765e-05,-0.0031852056154150136,3.5797308974512706e-05,-6.159176398864926e-10,1.104258081081491e-09,-0.0028160021474094615,-0.0019486561636259637,-0.08278836397640225,1.2225918941975566e-05,3.9259428227887e-14,4.1707021408536604e-14
1.8400,-0.033902885762062046,0.0002770697336654887,0.24549504803886843,-0.004290048143738536,-0.08017033128910549,0.00029794193363768103,-0.007317014472476296,0.0008148289110885707,0.004354525644292259,-0.0002159989248452733,-7.87551993153462e-05,0.000372163891662837,4.446553998035138e-05,-6.159169732402229e-10,1.1042587847926822e-09,-0.005586447959315336,-0.006697548088536242,0.3788756364973505,0.0007667030707311317,3.3625134469340845e-14,3.537217719250252e-14
1.8600,-0.03393859195146016,0.00029422788052360914,0.24530414646293,-0.0045597193839727245,-0.07942041681446892,0.0003148290196668737,-0.0012807542830129538,0.0009270849723418608,-0.012911749909928919,-0.00019416721623207096,-6.871185912135499e-05,0.004893866702709617,5.4385151425721634e-05,-6.159162521066277e-10,1.1042595438467026e-09,0.004444482020243096,0.004020370789524203,0.14953635607856994,0.0003657713896059682,3.5901816730025266e-14,3.772441479208202e-14
1.8800,-0.0339580385321094,0.000312590128329571,0.24508282261337908,-0.004846021167338907,-0.07848944389117632,0.0003324132330979715,-0.0022514105923929304,0.0009820559835226205,-0.009681679129082788,-4.413604856509774e-05,0.00010156619459450698,0.001673076078975831,5.0714934534300026e-05,-6.15915386288807e-10,1.1042604562765363e-09,0.002937095068158058,0.003556723132389356,-0.08149531908515996,-1.3680316490445699e-05,3.8194389328800177e-14,4.0016953509539044e-14
1.9000,-0.03403458268389862,0.0003323720187887345,0.2449910501617944,-0.005150994738383002,-0.07807902471499813,0.0003525590095241073,-0.004925364271086389,0.0010201672349549507,-0.0022101514745480532,-2.7897089124268123e-05,0.00014133895558093715,-0.0014788135652591399,4.785183023705728e-05,-6.159144037835517e-10,1.1042614884961615e-09,-0.0041250149704958935,-0.0036674240340378575,-0.0015478721144026588,0.00017236504493939824,5.0740227991452613e-14,5.32801274345622e-14
1.9200,-0.034112067941721606,0.00035344447787892514,0.24488981857245973,-0.005475005439711163,-0.07767308689273067,0.0003739674354575116,-0.004904844187365396,0.001091067957953929,-0.0030916128788550396,-9.999824781731566e-05,7.750713453216388e-05,-0.0011309539698368524,5.162737168627482e-05,-6.159134886452388e-10,1.1042624463001674e-09,-0.0013948145364388416,-0.00028288928418658776,-0.10502797160623513,-5.662503207250708e-05,5.381604856842179e-14,5.6360711724826734e-14
1.9400,-0.034252116760095874,0.00037604049674363804,0.2449164503584824,-0.005820274890513792,-0.07786129986608822,0.000398535958558368,-0.007734397627414883,0.0011292665437764846,0.004096793197667721,-0.00014249343329653124,5.602757533959315e-05,-0.0027261436068043497,5.1789802177906066e-05,-6.159124305886152e-10,1.104263551346825e-09,-0.003635288473592628,-0.0030218559475189933,0.003811636043927496,0.0002125249989992145,4.614673443717465e-14,4.7935464733868394e-14
1.9600,-0.0344179770452192,0.0004000661176787669,0.2449868811108454,-0.006187675503962554,-0.07831454100882418,0.00042545271655790247,-0.008323438892406127,0.0011935329305319878,0.004920857192034346,-0.00019767680625869147,1.2133555333304707e-05,-0.002000804077661612,5.7687213256655063e-05,-6.159112652404086e-10,1.104264764444413e-09,-9.561051370679234e-05,0.0008499336188891793,-0.026683138553338554,0.00013987845491604292,6.111253267760547e-14,6.361790705778497e-14
1.9800,-0.03461730103620369,0.000425619304098165,0.24512592546746106,-0.006578902867309092,-0.0791126447208474,0.00045522350601319347,-0.010019495483078353,0.001241504291419835,0.009507373590089834,-0.0001829547718809974,4.3757095729123265e-05,-0.0021864384322913557,6.122862037029256e-05,-6.159101162711152e-10,1.1042659578938116e-09,0.003112886044941132,0.004715634753126546,-0.10973806818224215,-5.891707370831241e-05,6.4660733364863e-14,6.71331615515261e-14
2.0000,-0.03484986402521439,0.00045272628726003426,0.24534468287795394,-0.006995706827739609,-0.08027018909577015,0.00048812205277263903,-0.010203934628068085,0.0013041099901011349,0.010516809627066493,-0.00016714001030038178,6.852191391296083e-05,-0.0008613287238148787,6.976820299210129e-05,-6.159088989364852e-10,1.1042672177828005e-09,-0.0020692484101605844,-0.003551472096583196,0.34204552690676665,0.0011825830579499938,5.545757131514631e-14,5.719104118236118e-14
2.0200,-0.03497929028199993,0.0004810592986526391,0.24534634617269305,-0.007436996256492375,-0.08048965442948539,0.0005193954277897439,-0.006151559340326917,0.0014395186843060089,0.00019230299169252388,-9.395033138908671e-05,0.00013515893608786892,0.0024360924841892186,8.282013596095327e-05,-6.15907685664435e-10,1.1042684710128777e-09,0.008734668713636736,0.009838650605127106,-0.0496846503663025,5.809268429304142e-05,5.852331558817495e-14,6.027186941811452e-14
2.0400,-0.03503727771156991,0.000510966898812184,0.24521745569727743,-0.007904777309979967,-0.08004334501563447,0.0005498997718101123,-0.0018825984672433001,0.0015918792180725308,-0.010054668733352064,2.096846385447237e-05,0.0002468320543096832,0.004525545278851234,9.361676044337673e-05,-6.159063339669878e-10,1.1042698637385951e-09,0.0039829144640199715,0.003172105211532941,0.16939518499606254,0.0007226859596378931,6.298565456090005e-14,6.480070386533088e-14
2.0600,-0.035035715962932194,0.0005427723968404438,0.244986186146415,-0.00840069733260395,-0.0790119958874114,0.0005799018205650195,-0.0010600830226424442,0.0017058872708168402,-0.010395651027241283,0.00013768578004211903,0.0003883624626035951,0.0026953559638879564,9.170430332881344e-05,-6.159048438532913e-10,1.1042713991834623e-09,0.002715679115896246,0.003985554972272846,-0.10521269285085406,-0.00011052041917885983,6.698686202087634e-14,6.881691397286893e-14
2.0800,-0.03507205814148127,0.000576990615456585,0.24486454829308316,-0.008928708886281167,-0.07831505908678911,0.0006134775340776748,-0.0028013711834653883,0.0017802840541007406,-0.004202282431626896,0.00011932139319352654,0.0004068102526790227,-0.00022616303371866342,8.729953132659332e-05,-6.159031531830502e-10,1.1042731385025867e-09,-0.006601212683252557,-0.006279980207953987,0.033048455195874196,0.0004075818806198794,7.171750714997371e-14,7.354972750631128e-14
2.1000,-0.035153705113196376,0.0006136586916865354,0.24485205909659574,-0.009491057384714374,-0.07804109167157716,0.0006512937569554801,-0.004545805219841867,0.0018581868775504953,0.0009151645467497697,2.3478572902527977e-07,0.0003180159524718463,-0.0017915278814297979,8.725848961092483e-05,-6.159014837630633e-10,1.1042748534745693e-09,-0.007229596602044371,-0.005637021714267476,-0.0696833481857978,4.985439897895964e-05,9.41738684647267e-14,9.671779978466521e-14
2.1200,-0.03531033398535576,0.0006529138132476492,0.2450037672139452,-0.0100909021459592,-0.07849290182890895,0.0006952913421179398,-0.007653918346759105,0.0019057443974772267,0.009289977681153,-0.00015158061488643773,0.00020139428317206723,-0.003189291000701491,8.869600811812876e-05,-6.158995989425707e-10,1.104276786479595e-09,-0.007873455776526055,-0.006354550651006181,-0.02377238993192935,0.000253159887875756,9.991088360285227e-14,1.024154177263481e-13
2.1400,-0.03550615801301182,0.0006945538173559301,0.2452325537468541,-0.010729886344498358,-0.07935634129179607,0.0007442363738936998,-0.00871887055711503,0.0019923909550048345,0.011631324962434828,-0.00029635505160203817,7.103246938698766e-05,-0.002057806600646886,0.00010072678727490142,-6.158977004542325e-10,1.1042787288556783e-09,-0.008600834994384122,-0.01067703330034388,0.3146359404449457,0.0016933894050027711,8.551110665909467e-14,8.727040086680543e-14
2.1600,-0.03564562088020089,0.0007382104548890525,0.2453248133870145,-0.011407607982079938,-0.07972929395872431,0.0007931665980906359,-0.005634923973267911,0.0021850861842935714,0.0024058702382891996,-0.00035672330610837376,-2.1210633051898185e-06,0.0014641430789683278,0.00012276204785454279,-6.15895767908814e-10,1.1042807025349008e-09,-0.001674958763709099,-0.003940623852648536,0.29627410084104894,0.0016448883140509683,9.087671479050818e-14,9.266182656245125e-14
2.1800,-0.035683838685553186,0.0007840501679403771,0.2451876573874944,-0.012124637809456891,-0.079154622651749,0.0008391612188289338,-0.0023628761750043087,0.0024127980158600293,-0.006805314255088292,-0.0002770988983853136,8.094117237781414e-05,0.002937413909982274,0.00013527588113327916,-6.158935865602741e-10,1.104282928555023e-09,0.005360526910335753,0.006585248416034548,-0.04488509843721669,9.987287327406171e-05,9.680022625482843e-14,9.861988341849232e-14
2.2000,-0.03569989976484555,0.0008329256894919612,0.24500476261792442,-0.012885740468277876,-0.07835332254494905,0.0008866394417652672,-0.0017802111374744787,0.0025932176625914024,-0.00822606042430167,-0.0002034857667747668,0.00018397718835592598,0.0017190676592346416,0.00013550815474055037,-6.158914413962633e-10,1.1042851160114297e-09,0.0025050512604717842,0.004681033718374556,-0.10827017465642082,-0.00018628904077919094,1.279034116032779e-13,1.3048489697596588e-13
2.2200,-0.03575931177726223,0.0008854318974902915,0.24491876968626092,-0.013696002918939824,-0.07794579079319852,0.0009400406890980547,-0.003640932885342254,0.0027154719724994626,-0.0031299067886184097,-0.00020088944845282744,0.00023789981166844529,-0.0007558205244013677,0.0001304128793364819,-6.158890913656248e-10,1.104287510484586e-09,-0.0036798557322860717,-0.0028758092063856586,0.020561862309628445,0.0005573453224315021,1.0933375244655957e-13,1.1117215275528031e-13
2.2400,-0.0358541833690721,0.0009415875775162227,0.24490260764449173,-0.014558338003074479,-0.07787124178144046,0.0009993589862049698,-0.005709741172472923,0.002835749746642479,0.002041164669839424,-0.0002656349548871804,0.00022264060201855786,-0.002171646779184842,0.00013187785476078776,-6.158862794818424e-10,1.1042903726210036e-09,-0.0032662667599317927,-0.0003636064180209101,-0.09619357037627957,-6.084787088863667e-05,1.446102623498674e-13,1.471638566216682e-13
2.2600,-0.036022630239019165,0.0010016861796941282,0.24503988830947576,-0.015477998978718438,-0.07851092341851873,0.0010681203868384097,-0.008109733708876193,0.0029355099598975284,0.008045884688215139,-0.00035145776423549347,0.00018198240113126175,-0.002825907505142118,0.00013877335144395962,-6.158834412198007e-10,1.1042932578762975e-09,-0.004917376013082307,-0.004166389638199981,0.08258181982482954,0.00104338773926299,1.5383175419256268e-13,1.5636073707504805e-13
2.2800,-0.03624405108128805,0.0010656114775400517,0.24528656985442937,-0.01645835387442378,-0.07969070835252058,0.0011457672925584146,-0.010546331696889871,0.003020931449117893,0.014544768421559866,-0.0003985180212984505,0.00018368718087882302,-0.003077903136137416,0.00014850255183277846,-6.158803359128006e-10,1.1042964116910991e-09,-0.0010783911549254353,0.0016291549541015261,-0.016135739755964686,0.00048319215727481813,1.6283610744516341e-13,1.653139701952161e-13
2.3000,-0.03641111993432527,0.001132558767656206,0.24540959178344723,-0.01749855267652722,-0.08040867554631985,0.0012237412928746713,-0.006124091687001284,0.0033490888529207835,0.002049118520043004,-0.0004123654648268493,0.00012494701023931334,0.0023367031055135227,0.0001965777311485908,-6.158773234393647e-10,1.1042994647686111e-09,0.003586104941372414,0.0015453160644429338,0.24129689348731706,0.002120219393482729,1.7452583974363056e-13,1.7705945759040331e-13
2.3200,-0.03644175376651764,0.0012025508564618994,0.24523835275793282,-0.018597665850077365,-0.07985011621033626,0.0012942170222693195,-0.0012112999976645177,0.003748053536124652,-0.010845024349062786,-0.0002783034619771918,0.00024339929607454194,0.004884786406454068,0.00022261984173972064,-6.158744030608262e-10,1.1043024233831652e-09,0.008353446772277852,0.008406701683955109,0.05408040536546676,0.0008306720842433175,1.4845519561920706e-13,1.5029638774852194e-13
2.3400,-0.03644970906998738,0.0012773823524501757,0.24504071267416921,-0.019764651678389023,-0.07905152721605024,0.001367068183226851,-0.0019525247100853165,0.003957628153117803,-0.007123178714868067,-0.00012866062794564237,0.00047651519747823494,0.0016503694729887541,0.00020783705215301766,-6.158708120298163e-10,1.104306061747217e-09,0.0030396756432961697,0.0066418716704139255,-0.1326887543428222,-0.0004217185179873987,1.577322257181879e-13,1.5957452915472958e-13
2.3600,-0.036485517945628765,0.0013576450876293387,0.24492394372258167,-0.021006456499330174,-0.07849946503754728,0.0014473606996600779,-0.0020516530704363816,0.004202401099143322,-0.005971353286801495,-0.0001538802943323357,0.0005019250276275473,0.0005561897747346301,0.00021216507373130524,-6.158671080914829e-10,1.1043098108357672e-09,-0.00410218572232661,-0.003127838062940994,0.03953852603526589,0.0009633682915854032,2.096157720055808e-13,2.12222546393942e-13
2.3800,-0.03654299697304569,0.0014434996211636804,0.2448617018571253,-0.022327414444990423,-0.078141430352703,0.0015351373613528005,-0.003931493010526976,0.004387366464815998,-0.00038411216255608175,-0.000232698851059026,0.0005043726474460047,-0.0013692176415318054,0.00020877777251929167,-6.158629527362507e-10,1.1043140151815418e-09,-0.0046594373521782915,0.0014609858042259932,-0.17658447168437785,-0.00083698905731774,2.2235772251244512e-13,2.2494094260860908e-13
2.4000,-0.03670457857884559,0.0015358659269159361,0.24503356535664736,-0.023738399307778935,-0.07877954093788417,0.001640867572623704,-0.008368736136120668,0.004430219283453936,0.012060487288373736,-0.0003673794803204888,0.00048305755538414704,-0.0040541985302648825,0.00020097858695427933,-6.158584584730263e-10,1.1043185590395347e-09,-0.009168825281755544,-0.008188804700082835,0.0794108770507171,0.0016483396254963526,1.898410627917263e-13,1.9163376397887677e-13
2.4200,-0.03691139803796093,0.0016338611214897728,0.24530042574633878,-0.025242168891845343,-0.07988987588658647,0.0017592046772630656,-0.00970841144124968,0.004605741778276763,0.015501315802130478,-0.0005113163558117882,0.0003826208557723914,-0.0030121327111633824,0.000228610927325139,-6.158537794977202e-10,1.104323285450719e-09,-0.005184099638534175,-0.002960299887768687,0.05642750585831583,0.001444980154904164,2.503769760964225e-13,2.5288310941812275e-13
2.4400,-0.03705785385361076,0.0017363695853892893,0.2454286428758319,-0.026837306813205387,-0.08048166900361318,0.0018772032641551416,-0.0050630827492033435,0.005121378151932933,0.0022396044212673683,-0.0005635634803700356,0.00025698740236479895,0.002464177670426044,0.00030231910718415625,-6.158491564619605e-10,1.1043279495620205e-09,0.0018635194611497773,-0.0023504135405416405,0.2701985437898016,0.0035377114344190665,2.145803066483376e-13,2.163889185023693e-13
2.4600,-0.03709213189523742,0.0018437729757258378,0.2453128554273959,-0.028524616894032427,-0.08002859106751525,0.0019870538766614603,-0.00091749080167213,0.0056866619856132455,-0.008807141419267538,-0.00047173030376445555,0.0003341337557424783,0.004534963714530504,0.00033779772010419733,-6.158446370617256e-10,1.1043325081911298e-09,0.00537782959940801,0.002494581585831048,0.15582544354479505,0.002424629680198653,2.275220485105367e-13,2.2938262075368476e-13
2.4800,-0.0370609558220298,0.0019578219633576205,0.24506429489649983,-0.03031217953527303,-0.07893347436566006,0.0020940746759013666,0.0004636193596230617,0.006157344867543098,-0.011767211055046585,-0.00037252384525477756,0.0005101809651620892,0.0029591236032399117,0.0003330720872723086,-6.158392424364679e-10,1.1043379493916261e-09,0.002874308525257058,0.011464131802860622,-0.23636770953024547,-0.0020263982542015613,3.009907319044547e-13,3.036240421409875e-13
2.5000,-0.03707823806924747,0.0020807361746434322,0.24493409783856035,-0.03221552073610686,-0.07826728383923988,0.0022155503478333703,-0.0019424053787459358,0.006408349102220478,-0.004541535409397949,-0.00040520116585596893,0.0006261982821616402,-0.0006624409148317409,0.000307378870861792,-6.158333290392272e-10,1.1043439116846228e-09,-0.005193058272879249,0.002696658072740304,-0.1680365381832238,-0.0010946480199457206,3.1989645307706205e-13,3.225229328399082e-13
2.5200,-0.03714296590441826,0.0022124412281527197,0.24490448947082644,-0.03424198899035351,-0.0780420179265756,0.002352592407277031,-0.0036688075477607045,0.006711924935510249,-0.0002300616456630216,-0.000549079769825857,0.0005750769854293594,-0.0017121066188004774,0.0003158993587694611,-6.158272382246881e-10,1.104350049037022e-09,-0.008137194910529501,-0.009305950647344118,0.12534242944035032,0.002835338931928856,2.74171364864767e-13,2.760559250809813e-13
2.5400,-0.03719672974873618,0.0023521542080149824,0.24483185402742627,-0.03639357135459118,-0.077715186524221,0.0024960221182480417,-0.002451594092997541,0.007266560557830463,-0.004888341648209841,-0.0006807656908336615,0.0004607887192644233,-0.0001788810513961641,0.00035864760039521946,-6.158208133901196e-10,1.1043565200167524e-09,-0.00457083624514375,0.0028219128884944965,-0.09626419229478943,-0.00038558172787364674,3.619462585549571e-13,3.645961028746203e-13
2.5600,-0.03727145260530567,0.002501178644596251,0.24478687005092228,-0.038681240930711396,-0.07758291621382278,0.0026524160248250503,-0.004105374360183626,0.007635794644518872,-0.0013325106161130708,-0.0007624581588511498,0.0004829962030782214,-0.0010855577504665583,0.0003678699945520383,-6.15813920189591e-10,1.104363460236744e-09,-0.0039078130355683,-0.001251477136192312,0.024301684388453888,0.0015787050311114829,3.0985446413528406e-13,3.1175772683897374e-13
2.5800,-0.03737908193217356,0.0026601498606858313,0.24479615900510796,-0.041115258289192956,-0.07776543307159556,0.0028253243108130564,-0.006183880226162454,0.007974327245518508,0.003424062029146591,-0.0008390010657546866,0.000540949592415217,-0.002198020201257427,0.00037651514783129826,-6.158059357346967e-10,1.1043714965453958e-09,-0.0038861711484677775,0.005029132101826859,-0.09601356169638942,-0.00021107032787083866,4.111378121632314e-13,4.137719897615022e-13
2.6000,-0.03755137035802675,0.002829936370587976,0.24493528180507348,-0.043710187737303584,-0.0785800764957507,0.0030233319123480376,-0.008490905796573913,0.008262386914299232,0.009098485135559869,-0.0009124942149459765,0.0006056596461150327,-0.0028565482051026857,0.00039484380188124535,-6.157977784123315e-10,1.104379703246719e-09,-0.003199036170591338,0.005225393919912504,-0.05053537759178288,0.0006471879593003692,4.363310385745167e-13,4.38935129562501e-13
2.6200,-0.037781245041111244,0.003010494232288581,0.24519661650047733,-0.04647747157365886,-0.07998104933997927,0.0032477492106387103,-0.01065446084542287,0.008509158848632202,0.01507025867338348,-0.0009560386841797259,0.0006815918259538629,-0.0027531041269708003,0.0004282397453056235,-6.157895985463674e-10,1.1043879291384205e-09,-0.000730375455475158,3.835847157472729e-05,0.13188712344128964,0.0041120735036744285,4.622132754664166e-13,4.647889061473731e-13
2.6400,-0.037935155314328686,0.0031990504981732584,0.24529085624544755,-0.049410994893288575,-0.0807151559487225,0.0034681805303984604,-0.0056162043519565556,0.00948168871916184,0.0012669520875203955,-0.000882068372891079,0.0006226859986954616,0.0026335716050716745,0.0005613372238001453,-6.157815559229423e-10,1.104396012244491e-09,0.009463330010565074,-0.001250847707192927,0.2634765405678553,0.006682176818874715,3.502536802257872e-13,3.521179116512674e-13
2.6600,-0.03795129038860781,0.0033921207970443747,0.2451002809265525,-0.052471498026473676,-0.08015697595568141,0.0036642092380818245,-0.0003174878572078393,0.010284402820463277,-0.011789802297070042,-0.00035069781480734705,0.00046247277463910174,0.005502083128756229,0.0006862692639947506,-6.157769607130415e-10,1.1044006502944583e-09,0.03955570258992135,-0.011043548171549412,-0.055422441329165954,0.00391290217941738,1.6476227391974685e-13,1.6748082955209131e-13
2.6800,-0.0379301956955544,0.0035823953581150415,0.24487349856167662,-0.055564610026158104,-0.07921619427428184,0.0038511862049277956,-0.0006901575605398474,0.009876654203999163,-0.007516559345686085,0.0005610832739733345,9.716410877953503e-05,0.002198183852355878,0.0007432497962749749,-6.157772814205242e-10,1.104400379870824e-09,0.04602689731085853,-0.02214098218010287,-0.301356945529854,0.0007934750016310533,-1.1728381395410825e-13,-1.1453887155139092e-13
2.7000,-0.037939293227430435,0.003759564894548744,0.2447645393983492,-0.05858747638594252,-0.07854021532061181,0.004038664667791363,-0.0008418471974404543,0.008874698359465433,-0.004235509938923521,0.0014745981552769828,-0.0006908221500381735,0.0006441632720219727,0.0008618181509105112,-6.157834694693226e-10,1.1043942395319357e-09,0.044991404030514937,-0.05040514914579753,0.07496377493463757,0.009326206081694065,-4.878763408891484e-13,-4.85849967028773e-13
2.7200,-0.03797704593408947,0.0039128074882185246,0.24476026378266633,-0.061436052527515106,-0.07812739537361922,0.0042198433995824566,-0.00265784911725082,0.0071513353443207126,0.0031803511379074876,0.0022731990195735403,-0.001547239651215018,-0.001280008836806514,0.0009604787259374415,-6.157939218080244e-10,1.1043838399707867e-09,0.03586941308289585,-0.042956233717023395,-0.10186755087567345,0.0043681883187584244,-6.063710731446514e-13,-6.035809872739772e-13
2.7400,-0.03809048470401156,0.004033793477694309,0.2449580949617808,-0.06402771484757229,-0.07844813633777346,0.0044041014969977525,-0.005393819172291778,0.004823531928613995,0.012540796778955463,0.0028878959344394964,-0.0023904140521936314,-0.0028761370950027092,0.0010439588990507325,-6.158085081564294e-10,1.1043693068425048e-09,0.02620859440449995,-0.039743495656070445,-0.0646734564185399,0.003734818639973807,-7.9803156270708e-13,-7.95265979805504e-13
2.7600,-0.038233822349657914,0.004113151547011517,0.24524431081320622,-0.06628038586586994,-0.07909638158791062,0.004572415016291542,-0.006174660252887818,0.002405842931735724,0.015792178650594683,0.0033897829543973156,-0.0032349730085442273,-0.00189612773405811,0.0011613464083668667,-6.158281244843058e-10,1.1043497423549965e-09,0.023016834588131398,-0.04203434346684961,0.17958566155989308,0.008184310338805784,-1.0882245625454257e-12,-1.0862344010376113e-12
2.7800,-0.03830838814425502,0.004142653866973713,0.24539004406391163,-0.06811457724278383,-0.07914132157637774,0.0046869058669765425,-0.002302832915110705,0.0004778626897201686,0.0054482461190742066,0.0037896730859026976,-0.0038973465601556067,0.0016824635491417682,0.0013041576157331112,-6.158480112197932e-10,1.104329896548141e-09,0.019735156924459228,-0.02613736732590675,0.09421398250357627,0.00452753193612793,-1.0656579785273124e-12,-1.062849027538837e-12
2.8000,-0.038285432053278716,0.004119597875463788,0.2453279041193249,-0.0694741241034602,-0.07828181621422158,0.004733749528124714,0.0024016552249288485,-0.001335377449154714,-0.007468835279650844,0.00416713064086313,-0.004392389146002436,0.004421562772121778,0.0014051652345689572,-6.158737640968377e-10,1.1043041901356653e-09,0.014324355269944019,-0.016001007534289943,0.06894315378045007,0.002539902451684064,-1.1559750552614378e-12,-1.1530919448443644e-12
2.8200,-0.03823389088321692,0.004046717888892365,0.24520602905889174,-0.07033481230921809,-0.07713308806604263,0.004736134024527779,0.0012764162273768483,-0.003935949707740425,-0.004281849411822687,0.004273168940248873,-0.004422677938920331,0.0010960375239643173,0.0013110596781139496,-6.158983363776798e-10,1.1042796709102567e-09,-0.0038336205335720336,0.006803524621070788,-0.3054225305027236,-0.009410229617972323,-1.2070210282655314e-12,-1.2041459409445343e-12
2.8400,-0.03828897918574881,0.003928229272511101,0.24531438001179617,-0.0707065622643411,-0.07698759776530534,0.00474182345619556,-0.0030577933166123887,-0.006996850878189112,0.006737990484599808,0.00404002835202174,-0.004359610484795099,-0.003096654374503937,0.0011526999408680231,-6.159229054265152e-10,1.1042551565739494e-09,-0.017852423569313644,0.002194280544328521,-0.13021374409015055,-0.006712563709799986,-1.19994595856876e-12,-1.1971116372494484e-12
2.8600,-0.0384332414159816,0.003763791835922186,0.24559172459181666,-0.07059263669331424,-0.07771550766636366,0.0047439712991339845,-0.007060417548486306,-0.00987916919786962,0.015687010472795804,0.003572636843918503,-0.004257391362753178,-0.004616415494611953,0.0010217639314347177,-6.159480973553534e-10,1.1042300204064965e-09,-0.022979534024159722,0.0009444455521071835,0.10429663130874998,-0.002253071210222048,-1.2791256769062453e-12,-1.2771225049723611e-12
2.8800,-0.03854101252813654,0.0035521905117460377,0.24574231695055576,-0.0699930517058326,-0.07814430184164962,0.004697738671984959,-0.004252340453875542,-0.011479658797388692,0.004802615417109199,0.0031798427662126844,-0.004209907829122603,-0.00021227044761187337,0.0010405363382986988,-6.159708411029939e-10,1.1042073189436082e-09,-0.019466043765432192,0.010034073126156586,0.22000928285353266,0.0003647154946245143,-1.1903765733539684e-12,-1.1883473805679445e-12
2.9000,-0.03855484657137792,0.003298966273389192,0.24563978959207827,-0.06893196800263554,-0.07769951093905975,0.00458757278519144,-0.0003226456450635973,-0.012540928241970265,-0.008846851415111165,0.0027715997671039438,-0.0037848195309754117,0.0028858707136975793,0.001002132810987326,-6.159937051395043e-10,1.1041845026940677e-09,-0.02267940524991212,0.036686706213249376,-0.07353555888956666,-0.008127533701249851,-9.322638147568618e-13,-9.294204945595186e-13
2.9200,-0.038589193793678846,0.003016557214186074,0.24555154039737445,-0.06747741538046798,-0.07743220677748489,0.004460125498458297,-0.003075058194491688,-0.014230875866261098,-0.002973691319433712,0.0022480889275460977,-0.0029643359308991705,-0.0006407029833483743,0.0007751607332249654,-6.160106715307952e-10,1.1041675868651953e-09,-0.032466220612732716,0.04596466742314717,-0.23606473092595362,-0.014045689955773138,-7.981235030513067e-13,-7.95321816217387e-13
2.9400,-0.03868093918012633,0.0027125842882874014,0.245559780957402,-0.06569651905129097,-0.07770624292968031,0.004330769710221878,-0.004823604907383989,-0.0154423795780125,-0.00019343133766411483,0.001568796117612288,-0.0022077852528630164,-0.001879602169756515,0.0005769378416118109,-6.160257726439721e-10,1.104152536095645e-09,-0.03637539282302345,0.04001753067714327,-0.06197838314596757,-0.01020121712274495,-6.260829528426104e-13,-6.233109731482167e-13
2.9600,-0.03880767149437379,0.0023935628828962463,0.2456135323162522,-0.06365662943365129,-0.07832433187053978,0.004194937271568931,-0.005692139043415983,-0.016155991976717122,0.0002679070409081252,0.0008437799145858426,-0.0014695817115866182,-0.0011594802924991127,0.00041678211558620427,-6.160375696829037e-10,1.104140786290523e-09,-0.032471874120656476,0.02510147363485405,0.31537190439348134,-0.0006767052683162879,-5.575567134721848e-13,-5.555739245391433e-13
2.9800,-0.0388443881959665,0.002064524461116241,0.24543482734452696,-0.061412228949939474,-0.07809498962080944,0.004018173761952388,-0.0016412903525921021,-0.015745053389237547,-0.012807585905196834,0.00022084790817978003,-0.000756150336389099,0.0025273190238687794,0.0003470762082922488,-6.160459152154477e-10,1.1041324853270908e-09,-0.030370629672264376,0.0454525398814693,0.030512419967333743,-0.0069859017317353165,-3.620708875946843e-13,-3.600653304160206e-13
3.0000,-0.03890976225369011,0.0017393137332850413,0.2453077754510728,-0.05906204647733396,-0.07811355222241094,0.00384682167077217,-0.0047474910650246605,-0.015886960972049176,-0.0044939731955139185,-0.00048183165520163237,0.00034387254182949057,-0.0007006915566706895,9.601632673762953e-05,-6.160493139919812e-10,1.1041291403949546e-09,-0.03397299505620892,0.04201677579054696,-0.003931732766917321,-0.008652740232067215,-3.285282338056153e-14,-3.012075926677425e-14
3.0200,-0.03905341632841475,0.0014264893144590473,0.24535046965537513,-0.05669623358604559,-0.07886966093278004,0.0036989363891404437,-0.008112712674949858,-0.015702579008527118,0.004763467742286619,-0.0011773533891305922,0.00122173241026413,-0.002998703810293182,-0.00012302531415132246,-6.160482928928112e-10,1.1041302110624596e-09,-0.03568388810347558,0.03623497543648908,0.04517314500370109,-0.007734356136660953,4.4530365180851794e-14,4.6422894283033866e-14
3.0400,-0.03917026764572623,0.0011298220414737146,0.24532839699181141,-0.05438075072773719,-0.07939138725748122,0.0035473089669778362,-0.004758960049193342,-0.014350452551938148,-0.004884381583611276,-0.001812187154471221,0.0018089655991854541,0.0011554333588443323,-0.00018727731576027168,-6.160446029320258e-10,1.104133943583141e-09,-0.027378352679630184,0.028624633623634557,0.25228746423660886,-0.0012735211931599482,2.4352533336234605e-13,2.4543556206499395e-13
3.0600,-0.039194732892281446,0.000856250191030699,0.24510465238808793,-0.052181072430303684,-0.07903038206375725,0.0033826168533778937,-0.0020765436445311343,-0.012703896735823252,-0.011689809279292977,-0.0022904865658973125,0.002529260625221853,0.0027092662908683686,-0.00027306952186198757,-6.160369735432058e-10,1.1041416183467975e-09,-0.022407125980541613,0.040962046543881046,-0.09269308183007115,-0.0076524587497947515,4.120792249096006e-13,4.1399761223359643e-13
3.0800,-0.03926333337726176,0.0006162119577446724,0.24500082281144572,-0.05018485350420075,-0.0790636146380024,0.0032483605011943244,-0.004293823659505975,-0.01135874553949057,-0.003954709906672965,-0.0027580422848003877,0.0032830356275426677,-0.00023296303287822012,-0.0004477157222636125,-6.160254711188129e-10,1.1041531709337556e-09,-0.02379171281161477,0.03169536509744051,-0.12231280366893287,-0.007966132776543127,6.646367484153259e-13,6.672793827905421e-13
3.1000,-0.039395130951759165,0.0004140072096574709,0.24505942227138391,-0.04845596429373276,-0.07969516606967063,0.0031511798959776246,-0.006761606106968012,-0.00982788781160852,0.0043799580406475285,-0.003221757151176639,0.0037940836950150917,-0.0019382208299175373,-0.0005847279748813965,-6.16011049134373e-10,1.104167642876497e-09,-0.021983769893672175,0.021211750297921207,-0.058324270803501076,-0.005800061093443086,7.967581672554958e-13,7.993466999423049e-13
3.1200,-0.03950836401551161,0.00024936195644829277,0.24509589699754725,-0.047023956922393174,-0.08017316947086353,0.0030719500134266517,-0.004180781141731515,-0.007726218759954076,-0.0015957844757029083,-0.0034391587219889737,0.0038829399771729816,0.001255721559804681,-0.0005817844270948799,-6.159965856079679e-10,1.1041821491383573e-09,0.00043723645858284805,-0.0015067885595995527,0.16434517424461773,0.002106215747098969,7.612726638309142e-13,7.638870005294285e-13
3.1400,-0.03950212372239725,0.00011869964296960153,0.24489056709950316,-0.04586728989025997,-0.07951958274265507,0.002987901945467868,0.0001540330209822358,-0.005555143949722619,-0.01192945132870162,-0.0032383713089609955,0.003785088532814115,0.003892712858168214,-0.0005246703786580445,-6.159829369505684e-10,1.104195840813972e-09,0.014218245175659984,0.003357082318319024,-0.15767719642328687,-0.0019129360230613884,7.249274965037689e-13,7.275823823635341e-13
3.1600,-0.039549086349564756,2.4141914511738606e-05,0.24484356196393256,-0.04499423175479541,-0.07934658774806577,0.002940048611512461,-0.0031657503829520253,-0.004294153626647852,-1.7398589044335988e-05,-0.0029806279094307573,0.0037577222751361537,-0.000311229485944156,-0.000582735524454332,-6.159690631010169e-10,1.1042097650162582e-09,0.011278162019194321,-0.012477870428565777,-0.07352727816954528,-0.0002714323233907774,6.929462429208777e-13,6.955697953378581e-13
3.1800,-0.03959439590034365,-3.929361249498557e-05,0.24482103272855207,-0.04438579688959107,-0.07916005010882513,0.0029128869137812147,-0.0018428035101210262,-0.0027123592282811597,-0.0021887193987082374,-0.0027460060230747488,0.0033516413559479706,0.0006289495692518222,-0.0005362982234084191,-6.159557045981281e-10,1.1042231711498834e-09,0.011300859807981687,-0.017836628418780757,0.004948147344696264,0.0017688427182115892,6.650003898239776e-13,6.676376031883313e-13
3.2000,-0.0396628664805758,-7.333959680417071e-05,0.2448721204625569,-0.04403420599481457,-0.07919399299478593,0.0029111062490450915,-0.003953574423120013,-0.0015532664588414177,0.005158448412448308,-0.002553088692056325,0.0030808830581850973,-0.0012609097621846513,-0.0005385770442025235,-6.159435748312106e-10,1.1042353484320693e-09,0.008585059026939594,-0.014475364907862717,-0.11716739975670498,-0.0004605176048390928,6.416031985215231e-13,6.442071268791816e-13
3.2200,-0.03976101577584537,-8.065793319992694e-05,0.245004238363591,-0.04393189723365722,-0.07952934258333186,0.0029344014412807013,-0.0038562393262652345,-0.0003035317681135356,0.005622572581905451,-0.0023923228345446947,0.0026746462735080146,-0.000699357228112266,-0.0004932184421019259,-6.1593155261845e-10,1.1042474173131202e-09,0.00803565658592072,-0.01565456948884693,-0.04032449415016932,0.0011996759675636233,6.221953291127291e-13,6.247908006934422e-13
3.2400,-0.039851246675731505,-6.411908077337725e-05,0.245126408793028,-0.04406685274467846,-0.0798169521047879,0.002973437671349845,-0.0030796528393274053,0.0009273863642067272,0.003918992610402723,-0.0022100204177420107,0.002260961444984428,0.001020657054324196,-0.0004199670589330807,-6.159197126626765e-10,1.1042593025822563e-09,0.010530016344355983,-0.02760930616957768,0.32167216396304515,0.008010205184630368,5.205588564372032e-13,5.224189136843194e-13
3.2600,-0.03984759218426588,-2.6551609497233988e-05,0.24503994944336893,-0.04442101448242487,-0.07922518061007316,0.003008706600432155,-0.0003745119935688665,0.002333608914509461,-0.0034989615755812503,-0.0019927199611397876,0.0020013446331854446,0.002085761541216619,-0.00035671552608187393,-6.159089909413144e-10,1.1042700683573548e-09,0.010341985950058544,-0.001962867213396323,-0.2110252606523329,-0.0015508247042618933,5.948398240987474e-13,5.974725922341939e-13
3.2800,-0.03992628886095181,3.5091010269449665e-05,0.24514380428763446,-0.045011646354629925,-0.07940973569839521,0.003079864461781916,-0.0043749894480833345,0.003022017955499145,0.008107153788352145,-0.0018622543301144495,0.0019184586271224658,-0.002117550881830803,-0.0003903378510338777,-6.158972870037989e-10,1.1042818237034002e-09,0.0033010886039758686,-0.007797438438859911,-0.1544709754637926,-0.0007453915836519905,5.856551138147537e-13,5.882427791398248e-13
3.3000,-0.039993231801530874,0.00011635112069937578,0.2452127577671671,-0.045824246255083675,-0.07950867784338893,0.0031640730191417727,-0.001583868454649827,0.00429596277271122,-0.0005163933513404105,-0.0017758069159711002,0.0015253051589812145,0.0010461653536534697,-0.00028782433722864887,-6.158868587597017e-10,1.1042922933820187e-09,0.006508445140535574,-0.019555237938484057,0.2348776760027156,0.006684267555463391,5.836348114865442e-13,5.862733258935049e-13
3.3200,-0.04002788720932725,0.00021664616527744052,0.24519727141207734,-0.046853100001427825,-0.07930557848718144,0.0032568903845351764,-0.0028121432763053155,0.005190135152623672,0.0024748128214352456,-0.0016426018675812799,0.0014350329591732033,-0.0004118861340965314,-0.0002690612174226981,-6.158756091874644e-10,1.1043035925287501e-09,0.005291087143248622,-0.0018868512616385222,-0.1476218214593338,-0.0004847977394585526,5.795251431517379e-13,5.821416482545971e-13
3.3400,-0.04008244032661429,0.0003361694524264679,0.2452151171544859,-0.04810433933858989,-0.07929825037672912,0.0033699779678169183,-0.0020462982241573006,0.006225566991386766,-0.0005141899122049271,-0.0015491082402213333,0.001260633075954915,-3.416883776278296e-05,-0.0002147070418465901,-6.158648315117289e-10,1.1043144158416989e-09,0.004592146777287162,-0.006190748836587382,-0.0070346263548424996,0.0022341333124514954,4.866656123231339e-13,4.885318495226332e-13
3.3600,-0.04015799917539535,0.000474208975566469,0.24526629172066974,-0.04957706941774574,-0.0794958905650956,0.00350384711140543,-0.004193863164041708,0.006918910023296296,0.0048770179849887225,-0.0014517122400855512,0.0011879179850062262,-0.0014352332017895707,-0.0001917989444752987,-6.15853875657829e-10,1.1043254211443249e-09,0.007739598381285082,-0.005119596076289731,-0.10406030064185755,0.0009842969383504557,5.189051228635111e-13,5.215213027057186e-13
3.3800,-0.04022490311483833,0.0006256793253030458,0.2452869227211604,-0.05123640815368357,-0.07962786734931317,0.0036483119960166515,-0.0025419018628603874,0.0077213158004844655,-0.0003999682041227634,-0.0010855674832502375,0.0007792085406389555,0.0006481016253113365,-6.25886651389057e-05,-6.158458924580074e-10,1.1043334505573426e-09,0.025271733017623376,-0.023732331712939904,0.12483349884220069,0.00747997671870253,3.599480197409577e-13,3.626130971011443e-13
3.4000,-0.04021274973065653,0.0007824313606117996,0.2451255806552271,-0.05300922173984913,-0.07901260458705489,0.0037798622976448278,0.0012307144139617455,0.00844152819086957,-0.011164758534697573,-0.0004900519702475797,0.0002704591374204207,0.0032968635166002428,9.544390228099547e-05,-6.158420655128177e-10,1.104337317997497e-09,0.03552518745648544,-0.02731510749668444,0.11765776343699527,0.008192733555109894,2.0189037074069827e-13,2.0462752044030086e-13
3.4200,-0.040196904268967666,0.0009402898668614324,0.24496297910859344,-0.05483670753523263,-0.07833445601496984,0.003913270690691848,-0.0008320953963024756,0.008162809691504076,-0.004658990260164145,0.00022483412242452148,-9.338281101396053e-05,-0.00034224864529882595,0.0001399076274462274,-6.158401766413259e-10,1.104339261997678e-09,0.03099081224119221,-0.016700817695064634,-0.2694344826624591,5.680813762957161e-05,2.0361472653340068e-14,2.3084436245142045e-14
3.4400,-0.04030173649630472,0.0010946766395946556,0.2450835413325454,-0.0566715263853417,-0.07879266801610325,0.004078455008674336,-0.005934542391274901,0.007075217502310725,0.010406521134291986,0.0007391421667451475,-0.0005152676303764113,-0.004053763361935385,0.00016799980101740375,-6.158412504890956e-10,1.1043382394840934e-09,0.023940939636184343,-0.026277856760488518,-0.11728600270721296,0.0029420950220521024,-1.2249213145534843e-13,-1.1981137382124224e-13
3.4600,-0.040446828009001255,0.0012353726837046304,0.2453015770416748,-0.058443701010675086,-0.07967071267979221,0.004248550820574951,-0.005117874346962774,0.0063120204394474955,0.008410434826740209,0.0012346262455486482,-0.0012368547814172368,-0.0012082686125359165,0.00033843978268530644,-6.158463577114933e-10,1.1043331773809317e-09,0.028349138837241317,-0.0441702947849163,0.4006329580042836,0.014183695281114662,-3.69704429830503e-13,-3.6776728580892315e-13
3.4800,-0.0404730684970028,0.001353100341441808,0.24526245981983424,-0.06007115920841359,-0.0794520978118795,0.0043723560927265955,-0.0006015388768850518,0.0058212202028191775,-0.003582646265068356,0.0018294575460086739,-0.0018343756098944339,0.0029342653654425258,0.0005258233481005222,-6.158543939148692e-10,1.104325185918839e-09,0.029530996500945927,-0.019320489305980564,0.04375881777459603,0.005255237870587909,-5.074730783163894e-13,-5.054875788779167e-13
3.5000,-0.04043894705128484,0.0014464833196404783,0.24511073072549777,-0.06150787468856482,-0.07865344496647807,0.004463184851802308,0.001213493152670598,0.0048114593834896555,-0.007278473999747461,0.002374176507196932,-0.0021611194573528483,0.0027937669551190494,0.0005999161697912981,-6.158647540995303e-10,1.104314872977908e-09,0.023134069167120602,-0.012218928047460798,-0.097037437527325,0.0011735409619086747,-5.068473852426481e-13,-5.04046457350249e-13
3.5200,-0.0404211984610606,0.0015142667293475153,0.24501871339237677,-0.06271871267327161,-0.07799076235002857,0.004541693058441164,0.00024162108566638162,0.00326512620898577,-0.003348417829789876,0.0027173846583136664,-0.0023914985685160456,0.00032541624703592907,0.0005998638177770056,-6.158766604434969e-10,1.1043030180807441e-09,0.01073949376369835,-0.0065227091246416995,-0.22087675518198843,-0.0029766410549343356,-6.016760440569202e-13,-5.988772845688661e-13
3.5400,-0.04042695692392207,0.0015532987332512178,0.2449905824726265,-0.06366772051904382,-0.07754139526520618,0.00460784092324063,-0.0008485812960334366,0.0015864706078846426,9.52845537744954e-05,0.0028756666867776055,-0.0026716277123546494,-0.0010472549336981868,0.0006056946957550495,-6.158911829160226e-10,1.1042885477015307e-09,0.003727676784402934,-0.013896340903752946,-0.025352872714520264,0.0006756965859805866,-7.926875301988989e-13,-7.906490132741917e-13
3.5600,-0.04047430808447782,0.0015619880501867264,0.24505527743317856,-0.0643333625962356,-0.07748973154223383,0.0046660135145836145,-0.0024710493618680923,-0.00022204367371411043,0.004323427039315363,0.0028690967509729156,-0.002868833715860666,-0.0017939142335473405,0.0005996457229119289,-6.159049846325198e-10,1.1042747945990334e-09,-0.0033062351452199023,-0.00799075113349167,-0.02994875421835804,-0.0006481080240852003,-6.994596958923016e-13,-6.966640805905477e-13
3.5800,-0.0405896665162077,0.0015401778369309436,0.2452644883385747,-0.06470922392012035,-0.07810375783565382,0.004723943375996304,-0.005566354772449438,-0.002251465883609665,0.012344283275870668,0.002726784946579842,-0.002927401699140782,-0.0030211721690098785,0.0005557515909595848,-6.159195771858139e-10,1.1042602543246673e-09,-0.008487965984147026,-0.0051878601226481285,0.051712452145596194,0.00011595741636063349,-7.017069217352123e-13,-6.989513134936232e-13
3.6000,-0.04072075160086798,0.0014863638962169328,0.24549542055935436,-0.06478778491897437,-0.07890873653636946,0.0047636092939603355,-0.005416980606401158,-0.0037836849612970626,0.0109616196904776,0.0025431488269211213,-0.0029616590601006187,-0.0013254992470314582,0.0005646627532248245,-6.159344176767377e-10,1.1042454624952309e-09,-0.009212712726751844,0.0018398560762466502,0.11273192183498831,0.0007980207115554758,-6.766815840303364e-13,-6.739406125180758e-13
3.6200,-0.04077671905373717,0.0014003764641363503,0.2455451021416573,-0.06456284318998612,-0.07903784601293559,0.004756047147676057,-0.001576949225181214,-0.004642133245453617,-0.0006866622995563814,0.0024104259567639097,-0.002907236207837416,0.0021666377393003127,0.0006113457536047714,-6.159486923168014e-10,1.104231229388784e-09,-0.005928547387742565,0.007072863649141977,0.17431185702210591,0.0020931714065723617,-7.654301454815271e-13,-7.634305514148121e-13
3.6400,-0.04076642900612553,0.001287298324320739,0.2454406803124189,-0.06405129456815815,-0.0785416939452008,0.004707537015737682,0.000519088330526243,-0.005527388684205872,-0.00691159507377304,0.0022327506964109917,-0.002553634292849051,0.002687968646398138,0.00056896270087854,-6.159628819106371e-10,1.1042170897928227e-09,-0.012117127124160295,0.02522946465988254,-0.12152380270631867,-0.006076899651189798,-5.802891804226884e-13,-5.77497251408321e-13
3.6600,-0.040760387577722865,0.001153767522738015,0.2453424829035032,-0.0632880928706327,-0.0780690950922613,0.004644333257136964,-0.0005629941995153058,-0.006642176777675278,-0.0041568024400508025,0.0019244351832550348,-0.002070451215765198,0.00035625444544314734,0.00044101380628181266,-6.159746191381465e-10,1.1042054029708484e-09,-0.020088963358842065,0.027031734783157207,-0.184686504844321,-0.008594930968441435,-5.055885181001751e-13,-5.028095995118775e-13
3.6800,-0.04082826803565704,0.0010053683632366152,0.2454017861458599,-0.0623180320907368,-0.0782918446527876,0.004590574351123925,-0.0037696330351886915,-0.007853354582720276,0.004172597078380173,0.001426287357163343,-0.001583404031798391,-0.0021666217510353425,0.00028188872459499744,-6.159847522790548e-10,1.1041953237776714e-09,-0.025169363243523864,0.016717996187829664,0.021170291125179385,-0.004377603156397459,-4.004527829129523e-13,-3.977122992916693e-13
3.7000,-0.04090628078696358,0.0008437807529935114,0.24546549435326173,-0.06117133266876359,-0.07862656635291765,0.00452715469021936,-0.003547490687575156,-0.008362911959965344,0.002309407596173906,0.000998968546230204,-0.001288713563921029,-0.0012838712271636085,0.00021877244130036612,-6.159916899493824e-10,1.104188426353741e-09,-0.022964743564404283,0.01193703512015476,0.1929016602387726,-0.0002607252682308952,-4.2567273490778934e-13,-4.2371293106080454e-13
3.7200,-0.04093612752073002,0.0006729328789400745,0.24540148740624268,-0.05988295050326871,-0.07851283401924661,0.004439881451663138,-0.0015982119693385064,-0.008352732204839852,-0.0043275541391482614,0.000514368146576893,-0.0008450992326639263,0.0008176287911310113,0.00016592052199331759,-6.159982574621378e-10,1.1041819106591813e-09,-0.02261360165919162,0.03177246362433028,-0.10579003725976625,-0.007281544832646514,-1.7912291116507773e-13,-1.7638847197090635e-13
3.7400,-0.04099623894596894,0.0005010983141963036,0.24539361704135548,-0.05851298114709059,-0.0786800755541331,0.004357298011669428,-0.003540626447069205,-0.008600300916481647,0.0005253625457155691,5.1055492301587495e-05,-0.00024123367681347423,-0.0010356879292265728,2.326975323134375e-05,-6.160011832555817e-10,1.1041790354220438e-09,-0.025031300244010155,0.032731053918224076,-0.15897865046660256,-0.00886577068938525,-5.999716646892458e-14,-5.729919712533019e-14
3.7600,-0.04105155852640457,0.0003318586398496464,0.24536245128613976,-0.05710491894420022,-0.07880582063248451,0.004271504351051479,-0.0030279588076053145,-0.008291916766544689,-0.0016699811422688515,-0.0004184664074826716,0.0002574623330114011,-0.0004517773298773068,-6.458511459956258e-05,-6.160020495977663e-10,1.1041782189839608e-09,-0.02332369615094282,0.033878552352505295,-0.17558642675700692,-0.008808552655962927,6.594979553783964e-14,6.863665180916606e-14
3.7800,-0.041135142274502004,0.00017105408585931227,0.2453873025210233,-0.05571375353632803,-0.07920544450756116,0.0041955480152805055,-0.0031227740537291917,-0.007856567580410888,-0.0018072788952868367,-0.0008245356238123364,0.0006772558574139067,0.0002703654974986767,-0.00013872689276358928,-6.160008546397949e-10,1.1041794563145459e-09,-0.017448747865053408,0.008964917790237897,0.31839589497504944,0.0029425423592198147,7.158946287340318e-14,7.351634763192588e-14
3.8000,-0.0411556756147562,2.1146335798571753e-05,0.24526404186082984,-0.054371197850753464,-0.07900517945662244,0.00410734613441371,-0.002224474659382784,-0.007035830564768461,-0.004461110816987025,-0.0011551046051085786,0.001151049037695846,0.0007393278759542132,-0.00020256949696918856,-6.159969183013437e-10,1.1041834412216494e-09,-0.016475025585290896,0.030122088436065942,-0.15423250084672513,-0.007113045666372754,2.8249174917685527e-13,2.8517260167865155e-13
3.8200,-0.04121756492163729,-0.00011089492417926897,0.24523740159921184,-0.05313612323018936,-0.07918978928875492,0.00403964459706211,-0.0027832719780132957,-0.006249440178003666,-0.002642088786670798,-0.001493419701238649,0.0015933288745965325,0.00010731693195395245,-0.00029247078608953583,-6.159906929103455e-10,1.1041897164927508e-09,-0.015251018783210321,0.018074064267430197,0.0057139510876856835,-0.0030874548089861297,3.840656091769201e-13,3.8673366809308107e-13
3.8400,-0.04127178926879069,-0.00022340172413933159,0.24519645092276177,-0.05203972886633183,-0.07930222308212763,0.003981117694612543,-0.002410512148388931,-0.005198332763423467,-0.00339613051556211,-0.0017479741294977084,0.0018857604343817597,0.0005717020175322211,-0.00033810864247917224,-6.159834304597762e-10,1.1041970233438924e-09,-0.01178684551409633,0.014750321566607025,0.017253408401276503,-0.002123409185124633,4.615058877589784e-13,4.641688509249287e-13
3.8600,-0.04133330288693866,-0.0003132922033024478,0.24517916381286783,-0.051116995862672196,-0.07948289449711128,0.003938211945094731,-0.0030053725540602383,-0.004146657307577167,-0.0011112511264259818,-0.00195586839948392,0.0021659347597527776,0.00014035892689600568,-0.0003920938053637421,-6.159743080176626e-10,1.1042061925910143e-09,-0.0075209270047556,0.001996222602594434,0.19302658469461442,0.0021710619022552355,4.269402214575335e-13,4.28828793221786e-13
3.8800,-0.04137378306989409,-0.0003794370705020621,0.24512358387291613,-0.050389602975167445,-0.07946291532772548,0.0039053921233193583,-0.002882877010003097,-0.002925289880902187,-0.0007473140613576989,-0.0020807018424376326,0.0023670976965590195,-5.9779768328715766e-05,-0.00042307330280430414,-6.159637617164174e-10,1.1042167880835965e-09,-0.00590918755777668,0.016103458409156925,-0.19799237049391502,-0.005196797333896844,5.715414036142064e-13,5.741716780846562e-13
3.9000,-0.041426551036035555,-0.0004201977160904831,0.24510842645932895,-0.049881164792367295,-0.0795619889971836,0.0038923784372013165,-0.0016027883014284872,-0.0015732402477935978,-0.0036194076067063603,-0.0021514358817099773,0.0024114921676568896,0.0008969279731443043,-0.0004185684120106986,-6.159523391240533e-10,1.1042282583771702e-09,-0.001617702025111756,0.006223736631471995,-0.06329239290685537,-0.0014565513303863794,6.023789323253426e-13,6.050199403973e-13
3.9200,-0.041469727159490176,-0.0004358902429473562,0.24508467981782364,-0.04959935709159597,-0.07957152622475604,0.003894342552033563,-0.0014186108325335792,-0.00033563790158776567,-0.0032121176980689794,-0.0021399547885125616,0.0024087823527249677,0.001150123463408356,-0.00041101917114265147,-6.15941662227078e-10,1.1042389784746148e-09,0.002982873933178165,-0.005806634575403247,0.10740516713953083,0.002750207844304196,6.114493677003563e-13,6.141031693579491e-13
3.9400,-0.04151584255372259,-0.00042678496015668087,0.24508200015052425,-0.04954833583329862,-0.0796069446884978,0.00391465190478514,-0.0028014010543040467,0.0006966947288695111,0.0017472522763288523,-0.0020668271091778254,0.0024054749493001714,-0.00035843754096937457,-0.0004239889245574609,-6.159299491780359e-10,1.1042507412029927e-09,0.004254591073955149,-0.002633683031506926,-0.08339545322707385,-0.0005671229877018386,5.988797782338628e-13,6.015068000977952e-13
3.9600,-0.04156037090709232,-0.0003948848054233321,0.2450892665042011,-0.04972303680396156,-0.07963534750858352,0.0039511631715704355,-0.0012492970740401199,0.0019391880150030876,-0.0018805059877289906,-0.0019395356571734197,0.0021784934423739496,0.0009600535919891012,-0.0003676083206502352,-6.159192890576802e-10,1.1042614455666578e-09,0.009338446871712765,-0.016697981351656233,0.16978118357931998,0.005346228620229984,4.741112558971639e-13,4.759989060895697e-13
3.9800,-0.04159475841968611,-0.00034223843693958176,0.24508620746220447,-0.05010967132715922,-0.0795686031243469,0.00400101181314965,-0.002133714696350898,0.0028277142187843004,0.0015442334711068095,-0.0017283796743756922,0.0020025284103427033,-0.00017715691158760123,-0.00034439680674831324,-6.159083066300391e-10,1.1042724796845045e-09,0.01095745448395184,-0.010854178180393751,-0.05548412243726422,0.001299846593812265,4.2230026984016455e-13,4.241706812180279e-13
4.0000,-0.04163264163367187,-0.0002716244579236934,0.2451030711053635,-0.050691200684914,-0.07954253995271429,0.00406569234015883,-0.0008205862938872692,0.0037866549689435846,-0.0015185885179703983,-0.0014834507339567913,0.0016494951748530096,0.0010332094590634385,-0.0002656947086244026,-6.158994581185974e-10,1.1042813734300539e-09,0.013975406539746573,-0.017414725555140256,0.054854050112035556,0.004104102716808356,4.620530303853232e-13,4.647158851310562e-13
4.0200,-0.041660059180519765,-0.00018639590197928573,0.24510588734112793,-0.05144007842452086,-0.07941819598215612,0.004139907742197736,-0.00188070085632942,0.004344456905924904,0.002197346541097231,-0.0011902273652333044,0.001391612989831194,-0.0004984813245223201,-0.0002342662718120062,-6.158914168419683e-10,1.1042894648040332e-09,0.013916408705050764,-0.009705410829516517,-0.1874811131556332,-0.0006409268270072919,3.854804930120137e-13,3.8812421158940236e-13
4.0400,-0.0417004947873222,-9.009113701417221e-05,0.24514649489016518,-0.05232993358606368,-0.0794271004918328,0.004226948901766603,-0.0007873614582473455,0.004925003179993459,-0.0005022140237302471,-0.000896165769986111,0.0009636896160102265,0.0007466825743515624,-0.00014329025877777828,-6.158860485194014e-10,1.1042948743793815e-09,0.01834506483705778,-0.03181382703557125,0.27691328978528085,0.009426376601465019,2.0792701870171737e-13,2.0984643601777708e-13
4.0600,-0.04170452661315982,1.2517355640860174e-05,0.24510934737486748,-0.053318886420759645,-0.07909165667746008,0.004311392148689811,-0.001004857928698256,0.005206891968738706,0.0004989336604870515,-0.0005346932758108046,0.0006184661507939357,0.000146671415060672,-8.306212013234472e-05,-6.158814577660595e-10,1.1042995142841885e-09,0.018340725408019717,-0.018594766941880392,-0.037059609664944294,0.0029130797715170233,1.112367847572876e-13,1.131547248478873e-13
4.0800,-0.04176219103874375,0.00011950347766185595,0.24519873834145303,-0.05438348972392557,-0.0792669889155329,0.004414664631961564,-0.003054213497212333,0.005040107966727496,0.006592747957084704,-0.0002002549410145544,0.000268238042266505,-0.0018649566242104384,-5.0086176231905304e-05,-6.158782897790957e-10,1.1043027361108156e-09,0.014020168696835946,-0.015011069936730553,-0.13773015538255942,0.0005473786633882406,1.2086386308018254e-13,1.2352125615747167e-13
4.1000,-0.04181026412461735,0.00022449522710160888,0.24526630257715848,-0.05547828004512954,-0.07937201119081472,0.004516221947085118,-0.0013181495487165997,0.0051081545939526095,0.0015540610326853302,0.00011603728989886418,-0.00022015158198162085,0.00036710031049184646,6.675360888393993e-05,-6.158780075726846e-10,1.1043030607873541e-09,0.01716969493638199,-0.019051355353426048,0.024576218519298428,0.004053879824873002,3.6065050143356536e-14,3.875755781850704e-14
4.1200,-0.041765946737259675,0.0003221552511145776,0.2451237494597405,-0.05655157091193525,-0.07860612013922766,0.004589907844300794,0.002879458010930172,0.005349211992434278,-0.010462001845091592,0.0005293015984610029,-0.0006912057943687447,0.0033775006096620265,0.00020481355605872666,-6.158799198106713e-10,1.1043011917004004e-09,0.020248208533714132,-0.010943728022711798,-0.08114174716888688,0.0016430120267161617,-6.023463384975322e-14,-5.747498695507156e-14
4.1400,-0.04172950238466941,0.0004126860602915181,0.24500069909565975,-0.0575781715552639,-0.07788917411234032,0.0046620690682581895,0.0007679171535834293,0.004679963976119246,-0.00433357710110869,0.0008808263509434505,-0.0008749839816916898,0.00020096098293520838,0.00019829845113838586,-6.158827933813155e-10,1.1042983687158515e-09,0.014588313678353624,-0.01206366492749901,-0.1342006511873879,5.480277429019422e-06,-1.518623822614057e-13,-1.491017866898231e-13
4.1600,-0.041736418116806916,0.0004929330656920285,0.244970115523093,-0.05852743737948946,-0.07757039924851439,0.00474011137692259,-0.0006880002025659148,0.003906650245473723,-0.0007584996073822694,0.0011159197395500845,-0.0011760742461075922,-0.0012841091932702577,0.00022000207859158285,-6.158874568293015e-10,1.104293755105089e-09,0.009930772644814866,-0.016082101666977596,-0.036771964866967606,0.0016772185329822491,-3.4372884313155216e-13,-3.4173461586559095e-13
4.1800,-0.041799856698521314,0.0005598581765829199,0.2450544335497524,-0.05937165322420007,-0.07778966342492205,0.004825949593290083,-0.003557901476824663,0.0028051824016549695,0.006499660715607617,0.0012621723296401808,-0.0014246134835623292,-0.0028150176064380447,0.0002271778434903275,-6.158931734876767e-10,1.1042880903180901e-09,0.005694542178741941,-0.011573136337845537,-0.05773013149200145,0.00044326388881965194,-2.9006056454297657e-13,-2.8732696560548887e-13
4.2000,-0.041951491129412544,0.000611371522709838,0.24532466060981434,-0.06009470542288369,-0.0788715989730468,0.0049272953874177836,-0.007260551860579395,0.0014336499176174885,0.016191209147204212,0.0013308807842044874,-0.0015955232083046163,-0.004094142590654598,0.00022394919094188528,-6.158996829611384e-10,1.1042816333565513e-09,0.0030165925524602358,-0.01078889285011349,0.04031727192276397,0.0019555178648077843,-3.304709479158563e-13,-3.277886859512358e-13
4.2200,-0.04206976905635331,0.0006418360545140531,0.24550871421465215,-0.06066227247086861,-0.07968848842979073,0.0050050334908202316,-0.003932871556881386,0.0008823274401970335,0.006110920216752848,0.0014640376457639257,-0.0018999648199603224,0.0006305338932664703,0.0003542137462500533,-6.159082487214896e-10,1.1042731106792496e-09,0.010097280105597795,-0.013480382058737113,0.304143333043587,0.008101986528745813,-4.775879127935645e-13,-4.756448598701446e-13
4.2400,-0.042071380058001956,0.0006498401125704105,0.2454312604501451,-0.06104698762458157,-0.07942371565300113,0.005033442302354363,0.000998431132640453,0.000581826962858588,-0.0076395712830659036,0.0016912307681183458,-0.001985336784272662,0.004375951796895692,0.0004584177064995193,-6.159174863384544e-10,1.1042639162945755e-09,0.011713141445661159,0.0017503341673865873,0.1064619995344212,0.0032106158619633536,-3.8265788107616494e-13,-3.7988297403590554e-13
4.2600,-0.041995040141380904,0.0006384008250774545,0.24519128972440551,-0.06124218941253246,-0.0783991084010073,0.005025402502669208,0.0026820995280218965,-8.148214659984288e-05,-0.011524708217288954,0.0018659955878027532,-0.0018065662578886097,0.003331124361181951,0.00044121223340083703,-6.1592659269464e-10,1.1042548580918742e-09,0.003760529083560213,0.015352253199922278,-0.21967323405894484,-0.005287865348980397,-4.0307264904254625e-13,-4.0027454007579566e-13
4.2800,-0.04196518761750026,0.0006117464916395531,0.2450693089593023,-0.061261822666004974,-0.07778134427621011,0.00502003666802612,7.468751520644275e-05,-0.0012963585968312349,-0.0035227206894095906,0.0018275333995275672,-0.0015708333160890848,-0.0007140680349729774,0.00033372627232396824,-6.159352720002324e-10,1.1042462307776246e-09,-0.006762558784601594,0.007853986813303428,-0.1650248240063134,-0.004979008264322888,-5.214036667700039e-13,-5.193940980433021e-13
4.3000,-0.042015859813400364,0.0005704008583396244,0.24512973763451062,-0.061114809288886275,-0.07791816679787422,0.0050273003965124125,-0.0031957023913769195,-0.002571399505246239,0.005507412238661806,0.0016037752257185,-0.001456464296764697,-0.0030985203911826358,0.00024650054798744137,-6.159434021982446e-10,1.104238153507652e-09,-0.014928457878259391,0.008151328419829526,-0.14769721804459632,-0.005519610591214514,-3.747316584638838e-13,-3.7199486112998725e-13
4.3200,-0.042167334626669294,0.0005151187754522033,0.24540972812236708,-0.0608188568429952,-0.07903489767036204,0.005052822269089469,-0.007176756979591514,-0.003899940999978423,0.016206682971995796,0.0012699381039376837,-0.0013399925198788435,-0.004343726781988711,0.00016783850821863473,-6.159507708564456e-10,1.1042308365573835e-09,-0.015500855805477503,-0.0027807654919196614,0.16207309527958902,0.0012439182352404002,-4.447237933816184e-13,-4.4281478440641453e-13
4.3400,-0.04228201651756494,0.00044331010868858454,0.2455952157144771,-0.060372474736856946,-0.07985296694893512,0.005053866013242382,-0.0040919627440015195,-0.004184097524558894,0.0067582986182872385,0.0010226838847913367,-0.0013573668764762167,0.00036314750376515424,0.00023032914244890438,-6.15958075718998e-10,1.1042235761589917e-09,-0.009783912329470469,0.006560176026674622,0.18482964209456954,0.002062298594138091,-2.653397250182432e-13,-2.626417963322303e-13
4.3600,-0.042297210650198355,0.00035756792042323783,0.24555475083927325,-0.059787346622331365,-0.0797540307203749,0.005014560259513178,0.0005845499989674244,-0.004072131312072122,-0.006514066574244695,0.0008860629650705668,-0.0011657230153621846,0.0038796728773054946,0.0002698679385765849,-6.15964578701775e-10,1.1042171158201903e-09,-0.004593201735043706,0.012062687423085826,0.15902923083997295,0.001767997786309742,-3.2761082258483953e-13,-3.2564527246634056e-13
4.3800,-0.04220707301354283,0.00026272370580073055,0.24528301691872928,-0.05908241486585121,-0.07863885720259269,0.004937769177669102,0.0040092050644790905,-0.003908836711495873,-0.0157712889109424,0.0007788272828841765,-0.0008150028388253308,0.004547699732835134,0.0002466934612844692,-6.159697284475578e-10,1.1042120113703954e-09,-0.00805575191223796,0.02440236547762598,-0.14097410936433136,-0.005353733919904638,-1.560035466693227e-13,-1.5322064363804122e-13
4.4000,-0.04215218832891596,0.00016653263781126327,0.24509699454095915,-0.05830161917010124,-0.077813759133936,0.004869416977314895,0.0011214390728831042,-0.004387968257137787,-0.007279612562115981,0.0005199380262885658,-0.0003223727414090189,-0.00010368060555985921,8.766156697259058e-05,-6.159727132601909e-10,1.1042090788667089e-09,-0.017284383564541567,0.021425258588938522,-0.23966915867613572,-0.008499803239255064,-9.635196286661429e-14,-9.359734395950753e-14
4.4200,-0.04220028768262714,7.225346702100324e-05,0.24513688777851672,-0.05748232160218782,-0.0779462462531801,0.004829681731088326,-0.003256659016291433,-0.004936515896799675,0.004489845216620823,0.00010704668145680738,-3.090394376419399e-06,-0.003551531950139787,-5.820925591290492e-05,-6.159741057141258e-10,1.1042077394159926e-09,-0.02270497539871205,0.012619001364987111,-0.11612813021191977,-0.006197898120517666,-2.1918688516758475e-14,-1.921702610951405e-14
4.4400,-0.04233112652391778,-1.9394883978069964e-05,0.24534522550086182,-0.05665373883723672,-0.07888161494637412,0.004811980483712762,-0.006279764285105611,-0.005197932738721264,0.011882220888257241,-0.00033465130942078705,0.000176515432259506,-0.003861513992569185,-0.00013713784732535082,-6.159741295986311e-10,1.1042077659277982e-09,-0.02049101677431094,0.006734801533628908,0.075823107093085,-0.001752735726079002,6.119886227558963e-14,6.385399208084369e-14
4.4600,-0.04243016923024519,-0.00010904764396675785,0.2454619275024343,-0.05583198630357486,-0.0795539603725376,0.0047841474977277035,-0.003336774711146455,-0.004586238873649929,0.0023989477658415475,-0.0006366302250403254,0.00024430677760695833,0.0005204774062205533,-9.842562364452717e-05,-6.159735136420826e-10,1.104208425058476e-09,-0.010321759688865643,0.006260368995640036,0.23439364346429076,0.0028138892839377865,1.3901301442430236e-13,1.4169007221849494e-13
4.4800,-0.042392674832985124,-0.00019495835810395007,0.24526026185676844,-0.05502873408956059,-0.07894072558177372,0.00472076285221321,0.0022904234560189433,-0.003461206848680251,-0.013979083009433318,-0.0007336778089084604,0.0004251794770754141,0.004777207295662467,-4.015593049602867e-05,-6.159720858964722e-10,1.1042098931686216e-09,-0.001260080470499954,0.011520360981666325,0.16158637812105892,0.0021896651473330346,8.69976698103167e-14,8.897440076371943e-14
4.5000,-0.042348882205208924,-0.0002694585085838742,0.24504741620942025,-0.05428505768540523,-0.07823146532870041,0.004663050851144867,0.000732985200430831,-0.003064316704220117,-0.009169693224588217,-0.000827802422890614,0.0009029051034767469,0.0011758948677695737,-0.0001503668799268669,-6.159682587218381e-10,1.1042137710831447e-09,-0.00594188365115858,0.014843471936381756,-0.08896898139332599,-0.003625131405859007,1.3365640517092048e-13,1.3561615480779665e-13
4.5200,-0.04233952853136075,-0.00033039082640033045,0.24491233639710272,-0.05362594444669607,-0.07781922794004571,0.004622915220932112,-0.0009705145460435468,-0.0026165980234463837,-0.004404545193610455,-0.0009846716816806077,0.0011675751954516077,-0.0011351845559725994,-0.00023262043649397904,-6.159635205232623e-10,1.1042185599310927e-09,-0.010085560302767069,0.01588806628773307,-0.22844251899969442,-0.006613795926306402,2.8252785310919903e-13,2.8523071491509677e-13
4.5400,-0.04242549736166761,-0.0003758846639456727,0.24498789035927515,-0.05307935848653009,-0.0783029423998422,0.0046167847607576215,-0.004736355655448031,-0.002388569244172166,0.005952544628716677,-0.0011989041003941778,0.0013337664339448292,-0.0034302108550180537,-0.00031582200863030274,-6.159577220833277e-10,1.1042244096596174e-09,-0.010782887522007015,0.004681684374113808,-0.05306510955596042,-0.002730670385723973,3.2595318588332645e-13,3.2861067382830567e-13
4.5600,-0.04258608300365461,-0.0004066655667691784,0.2452254143524096,-0.05266156931008963,-0.07951856802453104,0.004638242873047439,-0.007878685611014038,-0.0020870729027894675,0.014635514000975663,-0.001392392935502205,0.0014059139420557175,-0.003739702490416712,-0.0003516749916168709,-6.159508434445557e-10,1.1042313403988299e-09,-0.005940856718119454,-0.005620641172164492,0.1928213348690523,0.0029740076195617204,2.629433129563985e-13,2.64783691934084e-13
4.5800,-0.04271697287978417,-0.0004251706239907588,0.24539587684646696,-0.05237432010742576,-0.0804999229493216,0.004659349899083341,-0.0047143249913426406,-0.0010725634929665039,0.005836392776616211,-0.0014239223306832928,0.001313101491588188,0.0007266694004322691,-0.00026831414955759533,-6.159448422886576e-10,1.1042373819131782e-09,0.004051298919872793,-0.008420621646212743,0.35992007314131474,0.007589387979750905,2.8773869138049024e-13,2.895985859972805e-13
4.6000,-0.042736168629200925,-0.00043165855744292783,0.24532957063143562,-0.05221349078629817,-0.08044338229205374,0.004660534590217708,-0.0008557352841350278,6.848387030535941e-05,-0.003873759262130446,-0.001263493269416928,0.001387184051321189,0.0032290823726633493,-0.00020487908373830504,-6.159377373149844e-10,1.1042445340386413e-09,0.009064616819847639,0.01014359133917222,-0.06555422764032011,-0.0006277248877429593,3.9091565271279216e-13,3.9356885805919006e-13
4.6200,-0.04267817809767892,-0.0004244673897259767,0.2451176043297835,-0.05218272194926797,-0.07964442116772408,0.004652294462949604,0.0033237164311212633,0.0012258668480264068,-0.0139691476731847,-0.0010585362400659197,0.0013921561087616137,0.00473599696333571,-0.00015256864801134264,-6.159319744057915e-10,1.1042503364462952e-09,0.011586907829217478,-0.0024399042704528404,0.08009279598742233,0.0030611933214449326,2.729042577857832e-13,2.748537617121294e-13
4.6400,-0.04258744454376377,-0.0004026673455030964,0.24485922356645942,-0.05227893634921555,-0.0784937913701232,0.004646899142701381,0.0029014538973398257,0.0018538286442117756,-0.011017142392867812,-0.0008802306526282151,0.0014599075088069652,0.0017890710356665395,-0.0001858809855433025,-6.159255047722602e-10,1.1042568551920164e-09,0.006797322923397232,-0.003199186114022743,-0.12226717658219209,-0.001165911576283397,2.421631688578896e-13,2.4412427374748136e-13
4.6600,-0.04256901900005513,-0.0003659063220845656,0.2447817486917485,-0.052505210384490165,-0.07799408720860443,0.00467084563464819,-0.0003433024231297535,0.002064451136590291,-0.0009333215743600014,-0.0008250098320161972,0.0013689376154185009,-0.001832079599418801,-0.00023535475935470863,-6.1591924981225e-10,1.104263162109461e-09,6.30489836613247e-05,-0.00890420034155218,-0.15101139579859577,-0.001892875807702701,3.1357669282375267e-13,3.1627478414009147e-13
4.6800,-0.04263573957633205,-0.00031716896779211424,0.24489811250958124,-0.052852310550779324,-0.07830070704769818,0.004725435359347381,-0.0034148998593790613,0.0021729491080635026,0.00767728041605766,-0.0008405592166870497,0.001099257971135614,-0.003306631987925122,-0.00024042996039004376,-6.159137030688198e-10,1.1042687593776883e-09,-0.0002876771272630456,-0.017855306145467802,0.02779157052603164,0.001971741842759248,2.842369894139052e-13,2.8690569885136963e-13
4.7000,-0.042752184885475754,-0.0002602150214175954,0.24511924460130843,-0.053304446082615205,-0.0791060561835532,0.004799504448498291,-0.0050654568957650215,0.002321615703659407,0.01190511476980485,-0.000813496873637597,0.0007592500179774951,-0.0026289653554686225,-0.00019497246028569055,-6.159086368086372e-10,1.1042738774211828e-09,0.0034408658614135355,-0.014707283950900677,0.05182331198637009,0.002716910413184328,2.4929158130154727e-13,2.5192977044785625e-13
4.7200,-0.042853408568516826,-0.00019886921906262607,0.24529984845419966,-0.05383957205261609,-0.07980770294330014,0.004874127545078923,-0.0033125335528524508,0.002749146144674285,0.006651453977860665,-0.0006742128594922945,0.00043398945462315956,0.0002590613459625238,-9.872780862386179e-05,-6.159054273084941e-10,1.1042771286133997e-09,0.011810184589664516,-0.021055133717292906,0.2895310177030897,0.00828930005616998,1.0539714988353627e-13,1.0728726663588456e-13
4.7400,-0.042844523102080236,-0.0001365980691023773,0.24523294621163133,-0.05442479751530654,-0.07948667870735461,0.004922419947699357,0.0010658973884543443,0.0034309453663933834,-0.005568378733661425,-0.0003698687092999972,0.0001754930695645956,0.0034491101090849204,1.581532125814485e-05,-6.159032646311354e-10,1.104279334256606e-09,0.01786130791711478,-0.01092184954371832,0.11809238001302012,0.005011946922491394,4.778799290961963e-14,4.9730429193053927e-14
4.7600,-0.04280857915759223,-7.218686878117385e-05,0.24511569990190607,-0.055047814766112736,-0.07889317282777696,0.004966405425452424,0.0005768741699328681,0.003455418817389229,-0.00340236539018367,-5.789721934968689e-05,0.00013523828087476738,0.0012136415349202003,1.5098180054979317e-05,-6.159014890096412e-10,1.1042811596001494e-09,0.013020272454727222,-0.002697840482241089,-0.16424931418303398,-0.0012904596667190809,9.186149562377677e-14,9.457294973189145e-14
4.7800,-0.04280644145424066,-6.980325038724056e-06,0.24508314995435032,-0.05569315205858355,-0.07860798241343292,0.005020885715856251,-0.00018468516642402693,0.003300164594316698,-0.0008898556945040348,0.0001597900732024731,-5.1105727773050455e-05,-0.00014309242035528527,2.996009144222236e-05,-6.159011267472563e-10,1.1042815700128538e-09,0.009601650802959296,-0.01402684241258363,0.01179584204246825,0.002439942529972232,3.559326634426305e-14,3.831500682048919e-14
4.8000,-0.04282349024213823,5.5763033249794e-05,0.2450940660703923,-0.05633545329996865,-0.07850248423552103,0.0050799057980044715,-0.001132306527570228,0.0030093550765872253,0.0017213042235628955,0.0003214337205866572,-0.00028609226446056185,-0.0008509350122511273,5.500158966510369e-05,-6.159017741707053e-10,1.1042809715379436e-09,0.008061570486443346,-0.015832438877164307,0.051610906926086,0.0031156029337379237,-1.2931241364158574e-13,-1.273614189372524e-13
4.8200,-0.04288733256997326,0.0001142358931125588,0.24520743757108518,-0.0569584824251692,-0.07884843625453974,0.005149751737817505,-0.003221412574306591,0.00245593385949783,0.007409687084106267,0.00043737500613836916,-0.0004799297882475677,-0.002034630813346003,6.29234718594093e-05,-6.159031007257751e-10,1.1042796958999688e-09,0.0055191238909973305,-0.01275436241149581,0.020962208386544317,0.0020610336399053937,-6.426451168092817e-14,-6.157227505632079e-14
4.8400,-0.04296718588916868,0.0001650832717505467,0.24535203134160602,-0.057540552455798956,-0.07937283984724956,0.005219673492413525,-0.00244623197622718,0.0021358356131466055,0.004843794518137672,0.0005554202723600637,-0.0007576308506291859,-0.0003113397667341263,0.00013132410293717486,-6.159059278777399e-10,1.1042769147129314e-09,0.009144767223983087,-0.021296461665005827,0.29513371695731533,0.008241437235583175,-2.1526105008738694e-13,-2.1332778208857373e-13
4.8600,-0.04294359226225263,0.00020423313614035583,0.24525916132585862,-0.05804500744246649,-0.07893214085005179,0.005253761258984603,0.00163257850701736,0.0022155686111475664,-0.0069077734017591475,0.0007753517758731076,-0.0010053116397974531,0.0032003289977633716,0.00024214498394793324,-6.159101220675757e-10,1.1042727635837158e-09,0.013236731081761984,-0.011668568167742043,0.18707852000388558,0.005857671400242395,-2.585534325701133e-13,-2.565616447590402e-13
4.8800,-0.04291774288517106,0.00023465273801691404,0.245165390122796,-0.05846946009695237,-0.07845141409778926,0.0052817837473450695,7.94215961376484e-06,0.001552940469491366,-0.0019684284234335147,0.0009418799895901474,-0.0009271449386771131,0.0002092787169419561,0.00019738250575093962,-6.15913919553637e-10,1.1042690180240265e-09,0.005497387875186249,0.0006874351575004268,-0.12991068306912518,-0.0020793765949841986,-2.9870100533638255e-13,-2.967300884171298e-13
4.9000,-0.04297731580065545,0.00025694425087470615,0.2452669280363637,-0.05881528150804543,-0.07877594169776397,0.005328362253562643,-0.0036015262751067693,0.0005429465951889152,0.008269978070574238,0.0009549137042006817,-0.000907532402162493,-0.002955746996797469,0.0001348257408291814,-6.159182601719966e-10,1.104264732917008e-09,-0.002214833185218156,-0.002788057011939685,-0.07610203376161263,-0.0015878702776876467,-2.031865886480133e-13,-2.0049185835840921e-13
4.9200,-0.04304793350632831,0.00026718769085572815,0.2453880854001083,-0.05906461933252202,-0.07923119970369483,0.005369638361757984,-0.002007064988939678,0.00013942579492332697,0.0032560923393825324,0.0009446697764033658,-0.0011182571953344753,-0.00022782795765110425,0.00020094207241910868,-6.159235689880733e-10,1.1042594661575945e-09,0.002420778330041886,-0.015259266177838989,0.29535963849861785,0.007098678240528166,-3.2483689132653537e-13,-3.2288706213953744e-13
4.9400,-0.043003282233092396,0.0002628288373370332,0.24524304864101149,-0.059191074622910546,-0.07860214369723961,0.0053681768266686455,0.0021405286484489625,0.00014683089485762103,-0.008801353893170407,0.0010316241383151506,-0.0012203127626313737,0.0029888408188762728,0.00028153124684567325,-6.159294827508254e-10,1.1042535966926055e-09,0.0044580813823095426,0.004276524087487669,-0.008655075185128702,-3.934873264957885e-05,-3.368179758538037e-13,-3.3481941177915253e-13
4.9600,-0.04298585419879005,0.0002494523153394021,0.24516178565724886,-0.05921314935139694,-0.07820812427872852,0.005368126126758401,-0.0003629512930321065,-0.0006710049664897208,-0.0015406931359115254,0.0010310790812104692,-0.0010071156630141402,-0.0004110354148853156,0.00019715319890151943,-6.159343983294306e-10,1.1042487331806684e-09,-0.0036736183524989077,0.008551823444555599,-0.16361555110698134,-0.004432279903334197,-2.210676032423503e-13,-2.183232978084093e-13
4.9800,-0.04302146394215579,0.0002272584858796675,0.245196927592397,-0.059136584985173095,-0.07831234808410432,0.005376455457749576,-0.001950242862673482,-0.001371247900933023,0.002561603950902676,0.0009165091883184417,-0.0009351053292594675,-0.0017165933707548587,0.00014958015455770844,-6.159393780006199e-10,1.1042438036277547e-09,-0.007538470156797944,0.003829167227075204,-0.05524926138298662,-0.002374355253260931,-2.059956209516517e-13,-2.0326950300915414e-13
5.0000,-0.043067359816697966,0.00019533434965841542,0.2452458337557133,-0.058961293075681265,-0.07852465722672868,0.00538011705222051,-0.0019368355355991475,-0.001821240680732681,0.001869274987714763,0.0007784346308029779,-0.0009248220169687834,-0.0007480084098933773,0.00014893423361134265,-6.159442920911303e-10,1.1042389371361857e-09,-0.006563118410820435,0.0033278185088720835,0.033566314979895616,-0.00045196871708643837,-2.984778223191764e-13,-2.9652322264261954e-13
5.0200,-0.043146926380043256,0.0001557425575397777,0.2453636732145604,-0.058701776513950435,-0.0790680108711867,0.005386921526381538,-0.004147553225075479,-0.002496393800319502,0.007796684676126141,0.0006109455692793106,-0.000744942334001328,-0.0017826804610828876,9.313098419174614e-05,-6.159483451697765e-10,1.1042349369746555e-09,-0.007695946177429219,0.0038921818872497274,0.06105339147292032,-0.0002361848349844111,-1.4672030951290438e-13,-1.4402796446807975e-13
5.0400,-0.043182503522425246,0.00010753668633761194,0.2453766084159227,-0.05835931177280294,-0.07921697048767139,0.005373965863793696,-0.0005684800408124359,-0.00236733648786009,-0.002756073297989495,0.000513918061885557,-0.0007388695492706816,0.0017277197249193298,0.00014694809280971287,-6.159523993966878e-10,1.1042309234045395e-09,-0.0024195318934267097,0.00026945620420906513,0.23236152268793617,0.004155954023725322,-2.275232140278721e-13,-2.2556397938702788e-13
5.0600,-0.04313547825228276,5.29227381873089e-05,0.24520272577875615,-0.05793955085270141,-0.07857504187191602,0.005332668695619435,0.0014542579120732275,-0.002282650474112476,-0.008363754466154687,0.0004606909889608591,-0.0004978522886525945,0.00215973577253065,0.00013269098060433344,-6.159555674033027e-10,1.1042278054202076e-09,-0.004962470194633779,0.020681836743736613,-0.1956244351483903,-0.005875472452555309,-8.163688637857075e-14,-7.889258094462975e-14
5.0800,-0.0431273182933802,-2.5717940941394755e-06,0.24512142722658645,-0.057474904085104396,-0.07827922563362359,0.0053007665207638055,-0.00021466248025798026,-0.0025935973136972006,-0.003402423581214327,0.00031695046180953693,-0.00021460557127212258,-0.00018711767261408063,4.6815938345684294e-05,-6.159575997814342e-10,1.1042258224189536e-09,-0.008944104486195988,0.009379295306402842,-0.05146001542564883,-0.0029003158782011317,-4.251128935634993e-14,-3.977553556704441e-14
5.1000,-0.04317067160215957,-5.767772576309474e-05,0.24515507549529442,-0.056983445183858714,-0.07846381696126448,0.005282194066455829,-0.00306128439192662,-0.00297325973932088,0.00453931373281673,0.00011405837985794677,-1.7074977976846742e-06,-0.0022747930889724746,-3.510012105442822e-05,-6.159583504529905e-10,1.10422511833983e-09,-0.012232198333978669,0.00867172521971294,-0.06970433081116315,-0.0036747986978458466,-1.1609043262285346e-13,-1.141621112964522e-13
5.1200,-0.04326506901079306,-0.00011162146520900426,0.2452989109971626,-0.056485231099437316,-0.0791482129090993,0.005276731864088348,-0.004234945886048657,-0.003095933736925802,0.007515599174713512,-0.00015588747878871913,0.00011393002798946802,-0.0018746416435194786,-7.238271162287212e-05,-6.159586733737005e-10,1.1042248482080185e-09,-0.009504580619248585,-0.0033624777550603263,0.22627220823255476,0.0031771586657643965,-5.803906346409787e-14,-5.613099638953137e-14
5.1400,-0.043304733195147306,-0.00016541627855430675,0.24531372414886124,-0.05598377597300978,-0.07933627712575803,0.005255034873007039,-0.001434112080324946,-0.0026235099421983267,-0.0006861405769126726,-0.00029107309278369347,0.00016603209371603947,0.0010776003805193785,-3.6382972848098004e-05,-6.159584542285164e-10,1.1042251099541131e-09,-0.004561296507492319,0.00547480337616594,0.1234737347975733,0.0013792749464518438,-1.636455118007689e-14,-1.4439887341941883e-14
5.1600,-0.043258164988647256,-0.00021681996380984797,0.24513537204635302,-0.055489737018682435,-0.07870206452818825,0.005211104511043252,0.0017770891481051015,-0.001977156501741315,-0.00959294697189498,-0.0003337018822904744,0.0003181586012839717,0.0028655264055053296,-1.682055099652644e-05,-6.159575237133762e-10,1.1042260857575767e-09,-0.0034168012982643296,0.020932623782913978,-0.20733105917168096,-0.005593606949975201,1.253672187763455e-13,1.280930114581913e-13
5.1800,-0.04325604664779649,-0.000260309056165088,0.24506494085949299,-0.05503616202172624,-0.07846484005667499,0.005184016858818357,-0.00048781672599912856,-0.0019346645815698092,-0.0026910433380013536,-0.00043856175843840455,0.000613404195897921,-0.0003454012342536949,-0.00011133505273210037,-6.159552283724706e-10,1.1042284315421507e-09,-0.007504371306968701,0.011720537801142825,-0.14941259715091879,-0.004547861913151654,1.5723837162862075e-13,1.5994180264065905e-13
5.2000,-0.04330836075651833,-0.0002955320531173284,0.24511902185048742,-0.05463833635481809,-0.07873903541859639,0.0051762085601383505,-0.003238294448859192,-0.0019141947544050544,0.0051733019781883514,-0.0006058661452857471,0.0007650739748177432,-0.0022786919106662865,-0.00017940900699042877,-6.159521723122302e-10,1.104231538299461e-09,-0.009189064893996896,0.005923168672020934,-0.08268189560294878,-0.003123033306203102,1.9011357700778053e-13,1.9278198828964754e-13
5.2200,-0.0433842724758771,-0.00032313309490914876,0.24522393110042573,-0.05430600786161143,-0.07925296829560777,0.0051789152261891526,-0.0034100487263871633,-0.0015683111354335235,0.005508489200036974,-0.000751014907089559,0.0007686433825549774,-0.0012751731124586857,-0.00017939847008601834,-6.159488912493494e-10,1.1042348665256109e-09,-0.005632992015617897,0.0006278571878940092,0.06147536159112416,0.0004486719482852417,2.2096547139770217e-13,2.2362623905425316e-13
5.2400,-0.04339872266950903,-0.0003443872276849464,0.24518862960898027,-0.05403782614745109,-0.0792021274365836,0.005169395671426418,0.0006145810891768525,-0.0006846750914649773,-0.005972601195704794,-0.0007784150449989831,0.0006780677392708266,0.002651757318690385,-0.00010376692566240314,-6.159459509269796e-10,1.104237848154227e-09,0.0030588375546235285,-0.0072902928928635325,0.28469609907336735,0.006169377247276931,1.337263362110458e-13,1.3567356331282976e-13
5.2600,-0.04336120254445285,-0.00035717323099195534,0.24504095899586953,-0.05383979571238553,-0.07864363771596865,0.005152395549927483,0.0006961115393518658,-0.0001923981104806628,-0.00568281079379346,-0.0007300198675911629,0.0008360086166733704,0.0014275532431503911,-0.00012842015914018518,-6.15941776069417e-10,1.1042420726793083e-09,0.001069748520920706,0.011229564877098192,-0.1927625688289063,-0.004122474563174915,2.4137389678137444e-13,2.440787643612913e-13
5.2800,-0.04339590879200561,-0.0003585824468885664,0.245064555611482,-0.05373302851355946,-0.07875529152420992,0.005161944588507417,-0.0022467262286808413,-9.666165472501359e-05,0.003109895442134885,-0.000756735273706392,0.0009636377572229773,-0.0018638682768927534,-0.00020051147449540838,-6.159369799580467e-10,1.1042469228800077e-09,-0.0032559723421080582,0.0036974532425994282,-0.1494445089094436,-0.0033113797198124897,2.4545697505790054e-13,2.481219439978699e-13
5.3000,-0.043456320657728434,-0.00035109782369260374,0.2451473440317506,-0.05371303948186283,-0.07911976085597155,0.005184233022941077,-0.0032072478334265646,0.00019493853468483988,0.005892309595250997,-0.0007881131279468997,0.0008986461703630718,-0.0019060666483709594,-0.00019904925621160453,-6.159326783753564e-10,1.1042512732359118e-09,-0.002014110363124777,0.0027293388912645387,-0.12821122357655226,-0.0026121946083123918,2.456534324915549e-13,2.483001326249179e-13
5.3200,-0.04352498154423436,-0.00033601720304696203,0.24525023905530716,-0.0537786218906898,-0.07958518967400506,0.005213991857536663,-0.001563652271468745,0.0007346236183558607,0.0012964292589436764,-0.0007677602457488847,0.0007228525276030125,0.0006186334322051379,-0.0001373634648481915,-6.159292779160258e-10,1.1042547148658677e-09,0.004584063582251396,-0.012604076624499886,0.24595638007402032,0.006046754737431148,1.3692359420759692e-13,1.3882989267736956e-13
5.3400,-0.04349290175367699,-0.00031588180646713955,0.24512915635589116,-0.05390885942331195,-0.07910135722195104,0.005221819045123191,0.0014897187157221663,0.0014652001942869642,-0.006987835742461731,-0.0006163298947782638,0.000626400083422721,0.0026696639649713867,-7.219355057670152e-05,-6.159257973263896e-10,1.1042582410013196e-09,0.0076941518765653765,0.006246063326907284,-0.14704047575130333,-0.0020336970876540573,2.1992439336662728e-13,2.2262820384942594e-13
5.3600,-0.04348078441042794,-0.00028782773548464356,0.24506417338833217,-0.05411238809557109,-0.07878909667661299,0.005240971146491655,9.229943211501424e-05,0.0016173525975475465,-0.0023122881694554783,-0.0004801104821032103,0.0006629108766936728,0.00010870891651602787,-0.00010403954046538624,-6.159221118039891e-10,1.1042619786476073e-09,0.004168189907009144,0.0016630634308529475,-0.17049775699623773,-0.002616575533397771,1.9269893840323515e-13,1.953919881794719e-13
5.3800,-0.04352319797571024,-0.0002530142058296856,0.24512909421691356,-0.054385012395226334,-0.0789908129886708,0.005279589080604087,-0.0021219077396389336,0.0015824118267755416,0.0043134438118948275,-0.0004228977109839489,0.0005862783951978732,-0.0015662436506745912,-0.00012074577620646108,-6.159192084429115e-10,1.1042649291030524e-09,0.002869710955850529,-0.009354688321667413,0.009877542197670954,0.0012671637596539632,6.300111799438513e-14,6.490803988040694e-14
5.4000,-0.043583871084195806,-0.00021442767842188554,0.24523675532375963,-0.05471239757187654,-0.07938136522328168,0.005326294088242664,-0.0025223964148498113,0.00167401867940386,0.005531589608762252,-0.0003591928247976547,0.00038898917877469406,-0.0009209160293682366,-8.484884160400564e-05,-6.159169160690673e-10,1.1042672686809923e-09,0.005360916161772866,-0.016404611369219474,0.18772663040600987,0.0053198287584211995,3.8230249315655135e-14,4.013575496258914e-14
5.4200,-0.04357247063704149,-0.00017543281399694892,0.24518186430950753,-0.05506918820927864,-0.07910041995823786,0.005355207623559897,0.0003595689416457479,0.002124512143743166,-0.0025942283633240636,-0.00020036905980592025,0.00016599528193425692,0.0015294297805590875,-2.655790738257479e-06,-6.159155320125912e-10,1.1042686982957558e-09,0.00812203308365875,-0.0006498483309893071,-0.08921391748582269,-0.0005128473593920001,1.1055753209622543e-13,1.1326036679706886e-13
5.4400,-0.043588635140101764,-0.00013423749552307979,0.24519544836913892,-0.05545654986985765,-0.07907611383769848,0.0053937866261488335,-0.0007065155940466851,0.002024268079886247,0.0008212002442802114,-6.077363554737787e-05,0.00011058784282011226,-7.706208518151992e-05,-1.0730407222875404e-05,-6.159143410372217e-10,1.1042699385463944e-09,0.005858532151622646,-0.00439888499977664,-0.06191824637407863,-4.256385440708882e-05,7.646282966598111e-14,7.915612338770667e-14
5.4600,-0.043618846722727186,-9.311364346680463e-05,0.2452440324050381,-0.05585888566550601,-0.07918933553018347,0.005436848464712319,-0.001697129602470249,0.0018543134001895577,0.0038196008009715116,4.839882441500421e-05,-5.587713010869515e-06,-0.0008456253325773073,-2.147462910719241e-06,-6.159139313232246e-10,1.1042703966881312e-09,0.0057276181317349375,-0.010657197662173516,0.05383576529993109,0.0024395203146650897,-6.627944720838386e-14,-6.436126317229535e-14
5.4800,-0.0436263707022092,-5.455832193017789e-05,0.2452420532492364,-0.056257093438120465,-0.0790954639207343,0.005472793939671991,-0.00035552463660764276,0.0019020885466353148,9.527236899874165e-06,0.00017554550894960838,-0.0002090852610194326,0.0005310415030007781,5.4274727029296184e-05,-6.159144945785777e-10,1.1042698797858684e-09,0.0063581354490993185,-0.007275355747708779,0.023623280426586846,0.0017981971234164904,1.1489571636767379e-14,1.4198369449559475e-14
5.5000,-0.04361925282045068,-1.9288390722032544e-05,0.24520785050235686,-0.056638470529793115,-0.07886233137475579,0.005503232681254308,0.00031059371391802746,0.0018248177941341023,-0.0018557125699349027,0.00030421047854138465,-0.0003315924339498591,0.0006317119906017485,8.11323004988877e-05,-6.159155106639417e-10,1.1042689118448666e-09,0.004998675863596588,0.0006900536809400781,-0.13111491295806835,-0.0018252918613642058,-2.270741171592379e-14,-1.9993992491371473e-14
5.5200,-0.0436804123903486,1.3609053996156174e-05,0.24532996856052508,-0.05700392357436398,-0.07927753582943162,0.005551221061381646,-0.003236555280684399,0.0011458035144832875,0.008353735095919574,0.0003539301424067853,-0.00033485381483331657,-0.002195455725566807,3.441237067586282e-05,-6.159166968857983e-10,1.104267776272863e-09,0.0032956758615882453,-0.01609765842681812,0.17253097625267072,0.004686220909678584,-1.5793348074645552e-13,-1.5602016206761604e-13
5.5400,-0.04368529342824997,3.9041259261524644e-05,0.24532094320552242,-0.057324160568648204,-0.07917938860801853,0.005579028252708608,0.0007334467908084166,0.0013525317413506967,-0.0032940727592515083,0.0004507037991315538,-0.0006151504624363282,0.0017131923521077456,0.00014073098291036675,-6.159192998529429e-10,1.1042652174186048e-09,0.005750858362645861,-0.0046056907905109076,0.057368266226122705,0.002230094877367092,-6.887353643132699e-14,-6.614854334858339e-14
5.5600,-0.04364836362875003,5.803257400405442e-05,0.2452169082402622,-0.05758974450120253,-0.07867502928225101,0.0055914203798811775,0.000586368119178535,0.0010710830970152175,-0.0027873539230648943,0.0005688974951723393,-0.0005973345247377395,0.000653251141394481,0.00013354858696841153,-6.159218823641605e-10,1.1042626834773408e-09,0.004406553728579236,0.0016014445140503535,-0.10099821802453264,-0.001670553703811283,-2.0921949611153734e-13,-2.0725974647466117e-13
5.5800,-0.04363133293056784,7.150376257244997e-05,0.24515738993393277,-0.05780067842281426,-0.07834696968578636,0.005605688650194723,0.0005557722348313516,0.0007582737071547528,-0.002883382725892595,0.0006229794225860211,-0.0006428635221453206,2.834502861726859e-05,0.00012965512289650748,-6.159248749192574e-10,1.1042597395318654e-09,0.00022095767657241542,0.002583190325833108,-0.12702419537471185,-0.002562309870536951,-1.1256224901820544e-13,-1.0982691535724176e-13
5.6000,-0.04367391373327107,7.964945066672716e-05,0.24522774781144807,-0.057957504845204975,-0.07858096775071828,0.005632885362611868,-0.002139240330513169,7.82991540381939e-05,0.004402621788955994,0.0005876444969425224,-0.0006355516930613444,-0.0018643692589063567,8.735718472330317e-05,-6.159278993825465e-10,1.1042567647547294e-09,-0.0006126637504885647,-0.012886353395457373,0.179956930556282,0.004125078069985754,-2.315483688033332e-13,-2.295991359275301e-13
5.6200,-0.04373422913738172,8.053637790697086e-05,0.24532910499240165,-0.05805195003612672,-0.07899698305227999,0.005659822917791148,-0.003112249850556281,-0.0003982351117082086,0.006607373465009876,0.0005377370820493274,-0.0006695917037977286,-0.0018306507535688025,8.426969874546985e-05,-6.15930732878124e-10,1.1042539822551164e-09,-0.003588239520800665,0.004354371382350528,-0.09149534461864235,-0.0024990174794618423,-1.1845960410511447e-13,-1.1577465874011705e-13
5.6400,-0.04377269460522304,7.373529704675296e-05,0.24537633215489751,-0.05807931809610528,-0.07923329466787855,0.00567448183798606,-0.0006188466088931212,-0.00039793991989104104,-0.0006668885682073726,0.0005334514910062571,-0.000768764097382624,0.0010946924736315103,0.0001457631044269182,-6.159346182800932e-10,1.104250143579035e-09,0.0006815212910892164,0.0026530280854505602,0.04837985615257786,0.0009045344310814509,-1.1192389788410029e-13,-1.0920806630971419e-13
5.6600,-0.04373294583781349,5.74170589727839e-05,0.24523995261767362,-0.05802929284562973,-0.07871654122955551,0.0056613784272232775,0.002551169543997812,-0.00032809693046044995,-0.010027185452528516,0.0005923870110891742,-0.0007594298065892531,0.0031691854423069273,0.00019134974790411437,-6.159382050761821e-10,1.104246598817193e-09,0.0025449452951679043,0.00869036604821423,-0.04180533042880732,-0.001054611421442606,-1.1008216365369916e-13,-1.0732415661480338e-13
5.6800,-0.043636960507148756,3.568294551421416e-05,0.2449797805542687,-0.057905182287641396,-0.07764319031949561,0.005628356231677269,0.003991585528628203,-0.0003589793960245144,-0.014019640270944437,0.0006400194913706324,-0.0006244056155611845,0.002508988485695921,0.000173539348788143,-6.159416511264173e-10,1.104243199935987e-09,-0.0008737778485660978,0.01426900449738519,-0.2172679334758882,-0.005311918239371502,-1.096505969789413e-13,-1.0686441423608806e-13
5.7000,-0.0435831236404292,1.1317903111245354e-05,0.24481276163684354,-0.057722302290141386,-0.07692906578458912,0.005605136959288557,0.0012947588652743617,-0.0008742167491008826,-0.006605813803029136,0.0005659614853496442,-0.0004440754308158407,-0.0008468073953055161,8.441181990466836e-05,-6.159444339607506e-10,1.1042404682046557e-09,-0.007379632351991632,0.008715649933560561,-0.1975072999180033,-0.005429358938692608,-9.970714846211509e-14,-9.69333798341368e-14
5.7200,-0.04362083477202326,-1.489709319708874e-05,0.244840773045445,-0.057494169773140015,-0.07706606657601826,0.005605448597690234,-0.002692884360737458,-0.0015434204110840117,0.003785811382017072,0.0003695943204810414,-0.00034357795323165905,-0.0035850606863586376,-2.4555672675173667e-06,-6.159465412819721e-10,1.1042384136491146e-09,-0.011903245300827066,0.005293001100642194,-0.13346405643220496,-0.004512003994836635,-7.667134884880439e-14,-7.394235777054975e-14
5.7400,-0.04375228099830663,-4.342730968775534e-05,0.24506266707708196,-0.057233576464218346,-0.07811016191208163,0.00562877778239306,-0.006037530173816049,-0.0021386573067428563,0.012133343213644524,0.0001329822891007259,-0.00031385506152057936,-0.004013594602211925,-4.5235129153717414e-05,-6.159481570491233e-10,1.1042368488067698e-09,-0.010767179718182923,7.1676374046826835e-06,0.06911149978480548,-7.543867491570284e-05,-4.036202117972329e-14,-3.767933908676094e-14
5.7600,-0.043927696380289954,-7.512788035859276e-05,0.24536989917485458,-0.05694975321844196,-0.07961577251640893,0.005660214561196892,-0.007732431151285797,-0.0025106036077313064,0.01633631255009272,-4.7430071500127886e-05,-0.00023080762962438114,-0.0029555503016870407,-5.4855223911503795e-05,-6.159491193712046e-10,1.1042359356724613e-09,-0.005436569285825591,-0.0006165599342639386,0.20949294792518097,0.003179945625358483,-1.1267539906743146e-13,-1.1080870108200885e-13
5.7800,-0.04402709999182926,-0.00011149058574269501,0.24550512491275284,-0.05664094387773674,-0.08045252542296367,0.005665837429957738,-0.00303695566679454,-0.0020428835994829976,0.0032057040108195746,-6.412114174029324e-05,-0.00021790285122318665,0.002405101343197587,4.311523859685944e-05,-6.159504104001348e-10,1.1042346861073092e-09,0.003949969545609465,0.000827304003777744,0.32480146317229147,0.006580499006331452,-7.677970130341716e-14,-7.487657412499904e-14
5.8000,-0.04399659493734198,-0.00015046091147757069,0.24536574002769312,-0.056310269030085354,-0.08007199728347698,0.005633412589911334,0.002218196430248154,-0.0013927093178314764,-0.010367061374809309,4.422085382910822e-05,-1.9969752084907953e-05,0.005333287985134227,9.92827455041734e-05,-6.159510327222952e-10,1.1042341069430433e-09,0.005756627701348716,0.014905108567083113,0.02067667030638075,0.00016134026568099773,5.699786346027857e-14,5.972233477072666e-14
5.8200,-0.04389174008304058,-0.00018766696733987472,0.24508801609087166,-0.05597249889582595,-0.07895563031575799,0.0055819955677515725,0.00410642977713266,-0.0010539243488297358,-0.013841111926764026,0.00012385619577587412,0.000295473054043757,0.0038040546782022043,5.958639867289635e-05,-6.159508733993216e-10,1.104234313452793e-09,0.00033058902402469006,0.0188975779647843,-0.23565646283812217,-0.005714310402703392,-4.192008746422074e-14,-3.9943207433019295e-14
5.8400,-0.043831686701126825,-0.0002191459436910203,0.24493671621813104,-0.055651449075276194,-0.07822168825269256,0.005546633374341507,0.0017238398373785324,-0.0011957969426925521,-0.005686306775436459,3.8679679971257e-05,0.000534423626341693,-0.0001862084184140802,-4.3354992470189845e-05,-6.159498527494584e-10,1.104235385101754e-09,-0.008321475626293555,0.007549830678621437,-0.18688683314385698,-0.005075798119515352,8.789263804612202e-14,9.062394660652034e-14
5.8600,-0.04382615835151218,-0.0002453005837713521,0.24491681713226993,-0.05535682293774233,-0.07798731160287976,0.005529343101537946,-5.963958935954814e-06,-0.0012270816938816723,-0.0005420445261615921,-0.00016215047683666728,0.000528831898340425,-0.0014779994018929055,-9.227075569716729e-05,-6.159485995647034e-10,1.1042366874003947e-09,-0.010539820741696987,-0.004165715411970722,0.008297421078571047,-0.0008047353918022004,1.1270488936652306e-13,1.1542738878426995e-13
5.8800,-0.04386064603902931,-0.00026650538706217544,0.24498193812577207,-0.05509619160247943,-0.07813154550179198,0.0055258759338271965,-0.002101007813919101,-0.0012529894797450526,0.00497835789062172,-0.00038949671475052556,0.0005071997873754453,-0.002475949392491302,-0.0001356634733670158,-6.159465163366404e-10,1.1042388236149497e-09,-0.010254093311568915,-0.0019844253239867833,-0.02092817145163311,-0.0015007311788561403,2.856150374801886e-14,3.048454975322461e-14
5.9000,-0.04391999180852119,-0.00028301624041876284,0.24509162287711903,-0.054877819118042244,-0.07852611706256224,0.005531815189665952,-0.002647749997190066,-0.0010693948032926778,0.005776284106626593,-0.0005497549374473363,0.0004417446559680115,-0.0016686573585898362,-0.00013469261156593093,-6.15944440061579e-10,1.1042409455761051e-09,-0.007248672162422301,0.0004335414849440277,-0.007725390975978738,-0.000957295504476962,1.5855060862303427e-13,1.6122758510206392e-13
5.9200,-0.04400726548256266,-0.00029421380062523585,0.2452536324865565,-0.05471212947022506,-0.07920660708510016,0.005548367445330038,-0.004164282432325376,-0.0009813174252929265,0.009537295478421042,-0.0006622649806198509,0.0004715408816030655,-0.001802733911631611,-0.00015141025594134775,-6.159416088451912e-10,1.1042438262098043e-09,-0.0046922971347743096,0.004341196940719169,-0.048484409502667254,-0.0016900948532473628,1.7711331533332153e-13,1.797586060038603e-13
5.9400,-0.044034289765471135,-0.0003019578649264427,0.2452718198988105,-0.05459339579951227,-0.0793430509340111,0.0055510904733640475,0.0001298535235565377,-0.00019200215219145105,-0.0031100165434376076,-0.0006507921752019499,0.00034635844293284,0.002435081541688831,-6.256748741004453e-05,-6.159396325681389e-10,1.1042458436381697e-09,0.004035440401866735,-0.0023175324720307753,0.17563456644041248,0.004050090693512911,1.8873940496426378e-13,1.914408844123916e-13
5.9600,-0.04401213762898317,-0.00030422009613172824,0.24517974132112536,-0.05452461479041541,-0.07900630327517771,0.005544957429490027,5.267496643028464e-05,0.0001377082275545321,-0.0025909310308929213,-0.0005625586342517404,0.0005089055895208428,0.0011521824155858943,-8.444758330042268e-05,-6.159365777886192e-10,1.1042489478592327e-09,0.0026962917042299994,0.012920518868235713,-0.2200773741128264,-0.004590153211671212,1.824759148037064e-13,1.8516446514092733e-13
5.9800,-0.04406095412569907,-0.00029843800925961016,0.2452546546116005,-0.054524289492722394,-0.07933802222318116,0.005562995165538232,-0.0022757986843505618,0.00013452217643085068,0.004386846813692574,-0.0005472980508660013,0.0006076744303531752,-0.0011825065034192803,-0.00013309515976846084,-6.159334646485157e-10,1.1042521105491775e-09,0.0003331066774786951,-0.003743946699000105,0.03972459365644318,0.0010469001687987132,1.836101258013978e-13,1.8627756130130957e-13
6.0000,-0.04403932168562862,-0.00028914661040353224,0.2451703609628158,-0.054569835653853045,-0.07901109783122262,0.005565137889751495,0.0016212313610102984,0.0008678741332844334,-0.006734616742381763,-0.00047300769218534843,0.0004420626966502367,0.002038756916680011,-5.201233406243839e-05,-6.1593126477771e-10,1.1042543543893143e-09,0.004106387771087723,0.005209439744347393,-0.10214972321450955,-0.001531493755886325,1.7233350163570194e-13,1.750399955188775e-13
6.0200,-0.044032084553797216,-0.00027378402159596694,0.2451234319253428,-0.05466895544115564,-0.07880654185024516,0.005575736144626206,1.9109704036327717e-05,0.0009337680793829077,-0.0017910629762031567,-0.00039631827993441153,0.0004946803382235785,7.428837994492051e-05,-8.172600799246473e-05,-6.159286215511298e-10,1.1042570470433504e-09,0.0023938838350533813,0.002263132267084803,-0.124643459375885,-0.0020935817829848638,1.573400697923999e-13,1.6003642638526272e-13
6.0400,-0.04407816131541926,-0.0002527640592406358,0.2452002672298552,-0.05482253860753532,-0.07910541581988204,0.005604594398244896,-0.0026423614861480317,0.0008079539886749786,0.005953593256846555,-0.0003744702151887374,0.0004934428144774345,-0.0020495773180048533,-0.00011699607749427046,-6.159259422321305e-10,1.1042597776608268e-09,-0.0004348833239192168,0.0010169836904112405,-0.14375053384418557,-0.0026689225787080583,1.4373986484579604e-13,1.4639933145974005e-13
6.0600,-0.044131862800653315,-0.00022888951206532701,0.2452942109708956,-0.055019572163481835,-0.07949539683908584,0.0056377349672279585,-0.0017352950533682178,0.0010350689544827323,0.0033262581473545673,-0.00034005276827737426,0.0003189795732700788,-0.00044592736425524553,-6.990781777165914e-05,-6.159243873901785e-10,1.10426137546617e-09,0.004033784562837339,-0.010808836786320344,0.1500279615701682,0.004083681344316671,2.3519147106200108e-14,2.542402256062136e-14
6.0800,-0.044094494481223524,-0.00020496836745774444,0.24518289679604455,-0.0552375141774111,-0.07903136519801535,0.005647370702192685,0.0028273842803641334,0.0016955764107087,-0.009574358034051694,-0.00018449678966830717,9.576075527302657e-05,0.0033659135415754233,3.613315699672306e-05,-6.159234816383541e-10,1.1042623264977466e-09,0.008469144700115463,0.0004043038995356976,-0.020175647023867403,0.0007936449271395069,1.0658577427775928e-13,1.0931635100169118e-13
6.1000,-0.044043741769466994,-0.0001786591284851095,0.24504770295057635,-0.055476094327290684,-0.07841573759916184,0.005655838468836591,0.001279575224885984,0.0016179512555801671,-0.004662306912482262,-3.7300094354742266e-05,0.00017409814400297315,0.0004908358804346283,-4.296727597020249e-06,-6.159222334854779e-10,1.104263625436903e-09,0.004105657874603075,0.00752116592586704,-0.2777505759549064,-0.005187377010877333,7.508036347584485e-14,7.77967642563715e-14
6.1200,-0.044061274175059874,-0.0001497214446596076,0.24507037617208796,-0.055737053865893636,-0.07843369798867887,0.005684769220973227,-0.001371149260694293,0.0013086929834366782,0.0029402284792459277,8.827101450446822e-06,0.00011673487219009624,-0.0018304163294895982,-3.827543784026338e-05,-6.15921560788879e-10,1.1042643504312275e-09,0.0007188819422402455,-0.0077421257086677285,-0.019314792649532595,0.0003154670229644067,5.343237652463348e-14,5.613482497845296e-14
6.1400,-0.04414141235446437,-0.00012038918783433118,0.24523076614868197,-0.05601228015731434,-0.07905644768955544,0.005731185084016106,-0.0038633151007978358,0.0009374344593874852,0.009749780525653794,-5.959859374069157e-07,1.5574269718366985e-05,-0.0027773327957898285,-4.844835896744649e-05,-6.159210871559051e-10,1.1042648699861667e-09,-0.0003747749947903866,-0.008178356369358517,0.020141127154832367,0.0010029717517791247,3.8817344792056035e-14,4.148539015568983e-14
6.1600,-0.04417742766363636,-9.485119543781955e-05,0.24528541079033842,-0.05627927058838702,-0.0792896379933706,0.005763446793428192,-0.00027910558920744816,0.0012537604657886147,-0.000835669014282335,7.339588451758354e-05,-0.0002758533691563897,0.0014321988898668904,6.112673317772472e-05,-6.159221023183225e-10,1.1042638996521e-09,0.007495375772095888,-0.012986099400336036,0.24970522995114805,0.00655971456929952,-8.986640099607757e-14,-8.792356491309217e-14
6.1800,-0.04414176932022016,-7.305744086343323e-05,0.24517865127774544,-0.0565237481514774,-0.07884100884960034,0.0057743471438483265,0.0007945720113066667,0.0012919653959962572,-0.0036525101282019736,0.00023742288166511127,-0.00027201099382748173,0.0013574687453897735,7.999490874791147e-05,-6.159228732114876e-10,1.1042631798513904e-09,0.005683653981134919,0.008490324987420637,-0.20435439169780104,-0.0037911506916251825,-8.043202944494655e-15,-5.326744565727591e-15
6.2000,-0.04416202740338661,-5.231212658297351e-05,0.24520527338184922,-0.0567563445082654,-0.07891311707942651,0.005800018265409144,-0.0010760178415323248,0.0008931537634043901,0.0020157514045181873,0.00030479498997969403,-0.00023417850822063537,-0.0007701805118531849,4.4075754184836186e-05,-6.159237540734773e-10,1.104262346568697e-09,0.001470880688672597,0.0002883628311490212,-0.08979422134045593,-0.0015167781748422786,-2.4274913947453652e-14,-2.1575006592475937e-14
6.2200,-0.04419349700787141,-3.533103266387202e-05,0.2452590272382098,-0.05696379174370582,-0.07910118590765433,0.005826301800653214,-0.0007053096703334829,0.0007196754643259554,0.0009875049039890164,0.0003387043633008246,-0.0003584020474411377,0.00016534845797896953,7.42325157830499e-05,-6.159255950811738e-10,1.1042605510461248e-09,0.004296796771951947,-0.016663691042038197,0.2871533953630939,0.007080932984065569,-1.4699534449900964e-13,-1.450443768997306e-13
6.2400,-0.04419989238625875,-2.3187755788324184e-05,0.2452569254178135,-0.057134426008904546,-0.07905562595150431,0.005842671609711238,-0.0008008812785982863,0.0004994196707690725,0.0013822480259684392,0.0003861574229520877,-0.00037402802351191544,-7.652375257240894e-05,7.757957219636997e-05,-6.159271455745094e-10,1.1042590501721148e-09,0.002446774319450214,-0.0021139204288779336,0.004927573656395849,0.0004340572243052776,-1.624301008366219e-13,-1.6049385128183435e-13
6.2600,-0.04420972294998103,-1.550147225252698e-05,0.24526541635999183,-0.05726825930644305,-0.07904726861460168,0.005856965483858315,0.0003040946228032788,0.0003939066680850072,-0.0016862068987595566,0.0004187585574411594,-0.0004454913724223005,0.0007517481748580779,0.00010150036789867307,-6.159293379452518e-10,1.104256904260411e-09,0.002536397190072546,-0.006296845409442027,0.11592560163795201,0.0029399200084036232,-1.698046271734338e-13,-1.678526295820909e-13
6.2800,-0.044205401855560704,-1.258054810042253e-05,0.24524340223042218,-0.0573584613909029,-0.07890235662820379,0.0058642147849777195,-0.00028393633191280425,0.00010119887129957785,0.00011721939161765484,0.0004389933909013863,-0.00041624393831175317,5.026934954948737e-06,8.788521229009034e-05,-6.159312424839395e-10,1.10425504948392e-09,-0.0006463354159729603,0.0046889054593628994,-0.11274483806925699,-0.0025692213187104166,-6.41995950758506e-14,-6.148902188200106e-14
6.3000,-0.04423778171000281,-1.343389116003184e-05,0.24530590680685388,-0.05741188276503224,-0.07910939987329764,0.005878848687685797,-0.0007198334599770419,-0.00020339126445849404,0.0013407726164110067,0.00040681325160613833,-0.0004340431376893473,-0.00019412733110392598,8.01548416565763e-05,-6.159334140623339e-10,1.1042529257325498e-09,-0.001429970322869331,-0.004670578517049872,0.09024982487015949,0.001931471229674586,-6.115218737206413e-14,-5.844207496413789e-14
6.3200,-0.044220707379542916,-2.0183987319814812e-05,0.24525378550123145,-0.05741439065877917,-0.07885240334617792,0.005875688603464881,0.00067700302278696,-0.00023173837360017862,-0.0027905922764806016,0.0004041234705023008,-0.0004648438767256397,0.0009476449626187028,0.00010441181890430766,-6.159358378240664e-10,1.104250551428983e-09,-0.0009542667902518821,0.006328860944528869,-0.09338602196598861,-0.002300853128223476,-6.182549047370478e-14,-5.910330276408249e-14
6.3400,-0.044231547523087035,-3.0045309387135378e-05,0.2452646443394213,-0.057378819837670555,-0.07885462417119665,0.005877953711980209,-0.0005110188507471341,-0.0005730386861696713,0.0005464429495796518,0.00036503092260586434,-0.0003879442370500223,-0.0003060301270742642,6.925088007537112e-05,-6.159376433804695e-10,1.1042487927891794e-09,-0.003184447025975388,0.00349883048058482,-0.0546210126649714,-0.0016743167061182582,-5.583494821007062e-14,-5.312462573797347e-14
6.3600,-0.044248879256013854,-4.357182585571618e-05,0.2452867442613954,-0.05730443639000786,-0.07892071708685745,0.005879162560752348,-0.0009481419165472107,-0.0007995572400623203,0.0015431755989063294,0.0003020216395727638,-0.0003523496379735606,-0.0005781430283134687,5.325945413254859e-05,-6.159394542470237e-10,1.1042470307124618e-09,-0.00424559009319894,0.005482829959781748,-0.0792904500836929,-0.0023963837704305477,-4.623640473310278e-14,-4.353535218958038e-14
6.3800,-0.044259380710422284,-6.07726919035384e-05,0.24528878151727937,-0.05719369044979985,-0.07892962312123614,0.005875507599660168,0.0005436172262808706,-0.0007676891306320245,-0.003053830024525274,0.0002486136704653452,-0.0003944722484356646,0.0011319044758988607,8.086347239765404e-05,-6.159416898674987e-10,1.1042448392015866e-09,0.00041347455116982847,-0.00988045810937754,0.2764274207617016,0.005958666595709578,-1.4407759382252527e-13,-1.421125044899496e-13
6.4000,-0.04424532959913589,-8.08203532513354e-05,0.2452310978705431,-0.05704753146117338,-0.07869967054036253,0.005862912292438801,3.3244773958804145e-06,-0.0009142257358011174,-0.0016752339559595905,0.00020854777005396328,-0.00025798919581295334,8.283127514136787e-05,4.691879285605135e-05,-6.159428330731022e-10,1.1042437493319061e-09,-0.0036487971166001575,0.011070091548867135,-0.16139723241081014,-0.00432528103667632,-2.2370648356754425e-14,-1.9659790559834606e-14
6.4200,-0.044295476628507274,-0.00010096066247710537,0.24531696410190307,-0.056885923866422494,-0.07907615481197709,0.005867313773812162,-0.0027455175274980056,-0.0013400671807818944,0.006011156835126897,0.00010383357423419362,-0.00011765593725548875,-0.001966283889837564,-1.682096431778037e-05,-6.159436532801119e-10,1.1042429790980606e-09,-0.004825975196866486,-0.002926670673867876,0.09337392917929725,0.001199641694415936,-1.1474577798348262e-13,-1.128325948299147e-13
6.4400,-0.04431042912345642,-0.0001237916929693727,0.24531736346884417,-0.056701063991409846,-0.07913400604493309,0.005859522330226387,-0.00020010621138320128,-0.001078014398015788,-0.0016350489257583832,4.7856576542251485e-05,-0.00018207703234971926,0.0008574146629225425,3.383468743881462e-05,-6.1594473912758e-10,1.1042419360769316e-09,-0.002175300460710956,0.00427243360547759,0.02826047517442934,6.26171858626211e-05,1.4864596437958767e-14,1.7571969541333582e-14
6.4600,-0.04427053174075841,-0.0001479696236346341,0.24519133451473596,-0.05649519949826239,-0.07866464083750048,0.005835581451195174,0.0011640946957763223,-0.0008806313201093886,-0.005551980895280724,4.412523417692614e-05,-8.423913762087537e-05,0.001308507399473381,3.5581041716748556e-05,-6.159454359671419e-10,1.1042412860952625e-09,-0.001401751544325732,0.012230141759746911,-0.14809683138822513,-0.0038588412211281896,2.5770462424180157e-14,2.8493839368060395e-14
6.4800,-0.0443058230652673,-0.00016922063904339455,0.24523766321192428,-0.05629446979000366,-0.0788937455260022,0.005833679076300667,-0.00274998771606058,-0.0013246967605546002,0.005732623761586201,-4.4521678950169174e-05,0.00015287281684148534,-0.0024616355979672506,-6.487569722699499e-05,-6.159449854071153e-10,1.1042417891049989e-09,-0.006159847129381263,0.004232130797962618,-0.07363508066471647,-0.0026537691440420012,-6.788306353665285e-14,-6.597688703962462e-14
6.5000,-0.044366452762636725,-0.00018959685921614302,0.2453386625648237,-0.05610040802719196,-0.07938019596015282,0.005838373113182102,-0.0018994576500423177,-0.0011986975434886908,0.003046921565364305,-0.00015264663880312546,8.518757196822605e-05,-0.0002819753636565009,-3.443971752695443e-05,-6.159450016648081e-10,1.104241820568282e-09,-0.00262381259498241,-0.005950128903433372,0.20781883118360936,0.004045105240519476,6.910295361102492e-14,7.179411958598697e-14
6.5200,-0.044331951207951026,-0.00021091521158204108,0.24522175344807717,-0.05590120046128754,-0.07897303982434048,0.005816379460678126,0.002142560330643647,-0.0005991489913470929,-0.008532251887889628,-0.00014177428324570874,5.273469527950323e-05,0.0027498079167636302,2.7546433704939394e-05,-6.159449090773038e-10,1.104241955503029e-09,0.0005923286214597821,0.01201319297620118,-0.10720430592302654,-0.002590694263619445,7.75392933454605e-14,8.026222644407638e-14
6.5400,-0.04432213076567672,-0.00022829619323639407,0.24516637680171804,-0.05571921245636571,-0.07877916842101729,0.005803666302705198,-0.0008122399721208536,-0.0008100157074066536,0.0003484553964106899,-0.00015871240277022717,0.0003042712384681125,-0.0007648905038191909,-5.798487981617508e-05,-6.159437178338463e-10,1.1042431979212154e-09,-0.0028600157864969145,0.007704159644742761,-0.13756640551075242,-0.0036354953636568194,-2.3177931741859975e-14,-2.1252541149456225e-14
6.5600,-0.04437051858600651,-0.00024159969746256112,0.24524580296404358,-0.05556565900135804,-0.07913846096564105,0.005808850607026292,-0.002053419384002832,-0.0008470963330394299,0.003952193180842206,-0.0002498872600977206,0.00033163399773863825,-0.0013102591949466697,-8.319149118419135e-05,-6.159424607853401e-10,1.104244505904154e-09,-0.0038865003580661364,-0.003790105514618261,0.08891686190530622,0.0014543372774824999,1.0527360504598154e-13,1.079558534580749e-13
6.5800,-0.04438011021358897,-0.00025324127327194763,0.24523593781987932,-0.055431488068458275,-0.07914106902037399,0.005804487091385214,-0.0002709610615398608,-0.000480009701086159,-0.0011893345756719335,-0.00028117614923642054,0.0002807246533285039,0.0005464425010122448,-4.760134599490748e-05,-6.159413493307044e-10,1.1042456616183029e-09,-0.0014682365752530068,0.007194002470561531,-0.09090295029199598,-0.0022490571381568497,1.1309629990331749e-13,1.157861241780911e-13
6.6000,-0.04440250717752747,-0.00026101617849380604,0.24525845748603128,-0.05532852666580315,-0.0792645131837737,0.005806086623649097,-0.0014031976882177516,-0.0004521386716003245,0.0023273692708513454,-0.0003003292408484325,0.0003678464134462192,-0.00047613787111248565,-7.461965018585872e-05,-6.159397722676732e-10,1.1042472870249547e-09,-0.0005917762001198053,0.00032640287122432933,0.010797453251826475,1.5033772058497066e-05,1.132079693389517e-14,1.3231437294555434e-14
6.6200,-0.044389034994950095,-0.0002661815857080865,0.2452026205150028,-0.055251847950026696,-0.07905060179898869,0.00579984100560802,0.0007018143523736875,-2.5855647522579673e-05,-0.003520416733096419,-0.0002841114968722419,0.00032417495453042035,0.0010337307282731409,-4.112458393255666e-05,-6.159383775596578e-10,1.1042487299783435e-09,0.0006656838191165656,0.004653630345941388,-0.0690813539537021,-0.0014510626285126076,1.2344614805197274e-13,1.2614865749216442e-13
6.6400,-0.044399563061822744,-0.00026674288109172496,0.24520574401213394,-0.055211386948692466,-0.07905607409617409,0.005803266720311092,-0.0009832378165548553,-4.942490256165962e-05,0.0016101065737998115,-0.00028926546678173347,0.0004113034415621057,-0.000826680696983723,-8.177886003168553e-05,-6.159364718020272e-10,1.1042506838391325e-09,-0.0021084342428626863,0.0070261455835475065,-0.175008866317119,-0.003941569540220141,1.232006304700134e-13,1.2587695642773955e-13
6.6600,-0.04443544522842733,-0.00026352665566629674,0.2452687759559122,-0.05520889936112549,-0.07930998014176485,0.0058159484809581306,-0.0007249732913643602,0.00011978545559608198,0.0009485626556520563,-0.00031183983986799065,0.0003294082303557567,1.4830355177939813e-05,-6.36392076603792e-05,-6.159351521776279e-10,1.1042520485079306e-09,0.0015815242425000209,-0.01457641997819709,0.27778311605446354,0.006351337086572587,1.8881472313393363e-14,2.080883818663011e-14
6.6800,-0.04441435249462198,-0.0002584577726576311,0.24520294520647754,-0.05523083027778482,-0.0790259441207585,0.005815036834670014,0.00047207767028770614,0.0004382752185602068,-0.0023588470896106425,-0.00026791002670569636,0.0002867128640428298,0.0009186339032420261,-3.648510391183848e-05,-6.159336692014359e-10,1.1042535786421599e-09,0.0032777138061922196,-0.0025180624709725892,0.03531431304751486,0.0011699874637971911,1.0385542117052546e-14,1.2323192664334855e-14
6.7000,-0.04440023864356403,-0.00024981359009788705,0.24515592899334648,-0.05528388925573613,-0.07879877728047209,0.005818734112276644,0.00030825999778440384,0.0005727170227728002,-0.0017351422104854824,-0.00022668800510004344,0.00028821286601062246,0.00018666608437450764,-4.483214300009561e-05,-6.159321373214463e-10,1.1042551592698686e-09,0.0011285445141001444,0.0011195416473335179,-0.07785709283690348,-0.0013487802181865209,1.1033691050665179e-13,1.1304078875208623e-13
6.7200,-0.04443975294260613,-0.00023713428650023406,0.24523134414113937,-0.05537229721379184,-0.0790757445197249,0.005839734551156126,-0.0028115305669397022,0.00031651525132583684,0.007219465202224327,-0.00023870891552963888,0.0003381612442108439,-0.0024150792844399864,-9.717121200508854e-05,-6.159302423056269e-10,1.104257106465228e-09,-0.0025882800468259503,0.0030222833831014618,-0.16424786794124405,-0.0035368053011239657,1.0271762552940128e-13,1.0537649583215042e-13
6.7400,-0.04450896544735065,-0.00022261103018668746,0.24537198245173372,-0.05549192209184422,-0.07965724819020213,0.005869934427964566,-0.001841444364844525,0.0004779125025542034,0.004244267374160038,-0.0002515229229093678,0.00015415716374194826,-0.00028767295403224545,-4.6082868434985975e-05,-6.159293864654845e-10,1.1042580069964692e-09,0.002358219084727394,-0.013367034776457848,0.24820924015906962,0.005960677975805663,1.0232727208972503e-13,1.0500645763068112e-13
6.7600,-0.04447305076062495,-0.0002094305167921951,0.2452730571567616,-0.05561818580246249,-0.07925458198623166,0.005871548378586697,0.0021203517056815717,0.0010390834410229743,-0.007023957038858876,-0.0001350748139326059,1.347465209460756e-05,0.0029430961232412567,3.986803206511422e-05,-6.159290491358479e-10,1.104258387605344e-09,0.008186138686197955,-0.003963949850798973,0.1064901725348163,0.0032376483977850194,-2.480569189725751e-14,-2.2850529790823665e-14
6.7800,-0.04438427716262018,-0.000195336611926114,0.24505933707000013,-0.05575005153656802,-0.07832557116199812,0.005860227291833374,0.0031260106329068114,0.0012594001633786025,-0.009519023149119576,1.3421457946763873e-05,5.382268560449661e-05,0.002048875174227387,3.834625440132798e-05,-6.159285876759711e-10,1.1042588970392221e-09,0.004919901868985083,0.0069778270678049915,-0.19986143207950574,-0.00365119740195977,6.077745321993525e-14,6.352139951190661e-14
6.8000,-0.04438176178572841,-0.00017764374273024545,0.24504417088274755,-0.05590027699110605,-0.07818530046516017,0.005874920190684896,-0.0013206892186228812,0.0007605056042479303,0.0032333258818056524,2.848444823040401e-05,0.00016219460023239092,-0.002647393163380972,-5.5869649969289616e-05,-6.159276776978508e-10,1.1042598607074748e-09,-0.0028951357759842483,0.0017915283385873937,-0.20942821573338188,-0.004420664420179369,4.4634340169193154e-14,4.733065610447451e-14
6.8200,-0.04448046232477964,-0.00015848721009566232,0.24525184371767408,-0.056068049549176345,-0.07901591952492672,0.005917903202887806,-0.004531809745164704,0.0003123747136138599,0.011846597276396689,-5.363175458848475e-05,5.614200570915948e-05,-0.003828993819515501,-8.010711783228632e-05,-6.159271576419624e-10,1.1042604319080864e-09,-0.004341601625778574,-0.006304802034308002,-0.0017320841352523953,1.0154202682359e-05,4.113330905270232e-14,4.3786954856232796e-14
6.8400,-0.04455981211134952,-0.00014229191789317448,0.24540574350472555,-0.05623420453447469,-0.079700581424999,0.005953676337615629,-0.0023467315110427657,0.000482878722747377,0.005062336931577281,-4.9752925289652055e-05,-0.00018674524189081688,3.557404239124359e-05,1.169949090893289e-05,-6.159276505899368e-10,1.104259985633735e-09,0.003596040310585898,-0.005828745835486634,0.14230137036499999,0.0036234703262183186,-7.574687676138031e-14,-7.384688021673524e-14
6.8600,-0.04452093785230996,-0.00013075126844483545,0.2452906019007272,-0.056378925164782843,-0.07928126443738262,0.00595453014166036,0.0031412272634792375,0.0010857311477379902,-0.010537202547737162,0.00010733632358497798,-0.0003368022532663948,0.00437862177169398,0.00012297849426040085,-6.159289809817983e-10,1.1042586936372708e-09,0.010829464571340897,-0.0032459228872019595,0.15991996691940835,0.004546523706163187,-9.049012895338132e-14,-8.851502430323732e-14
6.8800,-0.04439814014142116,-0.00012138943251013563,0.24499277848925957,-0.056497110241615696,-0.07803297567218391,0.0059316603674863504,0.004503828916035139,0.0012380034753770425,-0.013816742109880351,0.00030035041240850037,-0.00021744717931888183,0.00307509850821415,0.00011289805139085296,-6.159298455479793e-10,1.1042578775513106e-09,0.005544394002715094,0.01553061335285214,-0.3301945545148469,-0.006693460438901792,-6.447631735158679e-15,-3.6815503546931954e-15
6.9000,-0.04436886535414194,-0.00011034269050640785,0.24491332597705778,-0.056607264944383784,-0.07763166267760577,0.005935605646036651,0.000541153913242091,0.00067190955875313,-0.0023224293135496238,0.00031496753272826654,-9.351143683674904e-05,-0.0017158865502262244,1.2819681312483597e-05,-6.159305880447865e-10,1.1042571897100043e-09,-0.0028084093070275566,-0.001999507946425816,-0.11018006631110694,-0.0023286250878190966,-1.890398983726317e-14,-1.6164346472663862e-14
6.9200,-0.044387003014634496,-0.00010097761607414968,0.24493326474791619,-0.05669803071395801,-0.0776741331861077,0.005951279917761716,-0.0007414084502103495,0.00038813475344618564,0.0006440097725895957,0.0002474358760028454,-0.00024273063632366032,-0.0015393021124352497,1.7701738275061858e-05,-6.159320096739345e-10,1.1042558158555648e-09,-0.002012140819041876,-0.013394806844587801,0.16420109326661964,0.0038000858902179748,-1.3333683658058038e-13,-1.31359007872478e-13
6.9400,-0.04438187762939914,-9.559862058784378e-05,0.24488585087468598,-0.05675580701985369,-0.07749711286895415,0.005957899453758789,0.00013472737526083587,0.00038225529336588054,-0.0027437175440423755,0.000229116144953778,-0.0003766741552113094,-3.2376666614860456e-05,5.3780956550252876e-05,-6.159337380771656e-10,1.104254133997502e-09,0.0014630345384126706,-0.009299005428114451,0.1553525106114961,0.0036596607868598953,-1.3826019864583705e-13,-1.3626374876542224e-13
6.9600,-0.04438265108413775,-9.302525359012264e-05,0.2448398816293613,-0.05678249321385043,-0.07736688149982487,0.00596421769268423,-0.001067599519631106,0.00012643229079625155,7.405949610485448e-06,0.00022725256364981427,-0.0003335247584158523,-0.0011767559515747283,2.842558042228474e-05,-6.159348813705181e-10,1.104253039184151e-09,-0.0010250980161453057,0.004417758113600053,-0.11204903691217995,-0.002695239554932178,-1.4388886132934986e-13,-1.419164265270556e-13
6.9800,-0.044444043007354744,-9.230652906584497e-05,0.2449220091429409,-0.056786913377250565,-0.07781321090730446,0.005985473674029215,-0.003252580590823077,-0.00029493019052046333,0.005635440047534554,0.00018481513111916285,-0.00029987341061467934,-0.002158801901372677,-6.018307696090053e-08,-6.159361812531946e-10,1.1042517919259748e-09,-0.002771814800504782,0.0015804924408011017,-0.0253188099649046,-0.0009734232630987679,-2.700553132896702e-14,-2.4295097048520828e-14
7.0000,-0.044565358586605014,-9.398432636596545e-05,0.24513331460232385,-0.05677309418746933,-0.07884905759124713,0.006020840383337173,-0.006115515214764335,-0.0008309298162799107,0.013508035734023816,0.00012339284042666717,-0.00021743160429222577,-0.00321080208878474,-3.406175885039779e-05,-6.159368268582853e-10,1.1042511958069176e-09,-0.003999593445856812,0.007242803305261428,-0.09327581004139118,-0.0028058310080116347,-1.6652264555336652e-14,-1.3996928074043458e-14
7.0200,-0.0446846881557675,-0.00010003301941242362,0.2453414805701996,-0.05673877184464543,-0.07991133925438512,0.006051706239009632,-0.0034960957381088,-0.0007370936561326824,0.006229343147725797,0.0001214991436569456,-0.00031491584614586657,0.0010738602450165642,5.197629694220637e-05,-6.159385181613121e-10,1.1042495495408236e-09,0.003875725311254767,-0.00501177795363828,0.29586730475177014,0.006531048453389711,2.3850630909009237e-15,5.06962093832497e-15
7.0400,-0.04465346176327357,-0.00011233496568848184,0.24522197491311856,-0.05666399241764419,-0.079567958859145,0.006036818999661799,0.0021958779395369723,-0.0001678922538706671,-0.008954978838763342,0.00026383260190949916,-0.0002770381857982725,0.004732486811176987,0.0001374436045853911,-6.159400342057823e-10,1.10424807429129e-09,0.007565606411806932,0.014309014704628326,-0.06235008299866723,-0.0011873040794193996,-1.1107046814402832e-13,-1.0911357809038208e-13
7.0600,-0.044580153183207974,-0.00012570319540500222,0.245034230166436,-0.056564580600209774,-0.07880011196063852,0.0060097981645315934,0.0024896867253395715,-0.00021301232312565186,-0.008035648880375197,0.0003771859726748594,-1.1242199853193316e-05,0.0024686779335297733,8.939138093546099e-05,-6.15940913433813e-10,1.1042472437818058e-09,0.001212065285794772,0.016545226901983005,-0.26030594907266147,-0.005960841648151784,4.8907880897810314e-18,2.7409981937984423e-15
7.0800,-0.0445459294362149,-0.00013813300128735483,0.24495789792877137,-0.05645338106153951,-0.07837741134211683,0.005994027504089359,0.001123595369595262,-0.00046199425895823915,-0.0029298687410970643,0.00034130969813615444,0.00011173063785506635,8.49473783873857e-06,2.8563670980844153e-05,-6.159416173640662e-10,1.1042465892069473e-09,-0.0050910297408180314,0.003577698031274736,-0.11310372021897455,-0.0029643823078157783,7.535036539217752e-15,1.0266762686859075e-14
7.1000,-0.04455399729582282,-0.00015007441220383263,0.24498746302829494,-0.056334072862346055,-0.07834635205288626,0.005990020640315757,-0.0011191196940738449,-0.0007930704527275543,0.003916132274931833,0.00019346776745188097,0.0001423296459539431,-0.001973355479097798,-2.817092105454481e-05,-6.159418832860787e-10,1.104246376576168e-09,-0.008710323964155095,-0.00037550321681320396,-0.07326307372566715,-0.002401659111853554,2.1071587806868394e-14,2.3774947668139118e-14
7.1200,-0.04461039435314241,-0.00016176058452734119,0.24512711940492465,-0.05621419875723239,-0.07878428367813994,0.005999044911281938,-0.0027746552211124673,-0.0010415273985397739,0.008547188269240147,1.6466024253749956e-05,0.00010081728127085392,-0.0023812205815415444,-5.330280363206942e-05,-6.159418263732776e-10,1.1042464834786074e-09,-0.009153162501850396,0.00016980406282969106,-0.045939191346392454,-0.0019049628841807372,3.942461998139232e-14,4.209755103106588e-14
7.1400,-0.044692893674781936,-0.00017376465136350203,0.2453222770382016,-0.05609938687887071,-0.07949875375134981,0.00601449107606088,-0.002707472534440707,-0.001069610274121986,0.008109428641147333,-0.0001274215190693131,4.2372186852944115e-06,-0.0005672768263314321,-2.9049870334138793e-05,-6.159419097456869e-10,1.1042464456708244e-09,-0.0034443844647657697,-0.011482977306107603,0.27995919849939715,0.005706811657335423,-4.916100621206454e-14,-4.725463997965612e-14
7.1600,-0.04466698270326825,-0.0001883485798656151,0.24526805503896804,-0.0559753857026824,-0.07920828942745282,0.005998780897069072,0.0024408683608981583,-0.0003923038884688984,-0.006767621912089246,-0.00012782014159560054,-9.830019871293684e-05,0.003435162996337058,5.592316477912668e-05,-6.159421784745127e-10,1.1042462174996234e-09,0.0021347751227467925,0.0033047654209815243,0.060860727216347485,0.001345540552408554,-4.116968403558921e-14,-3.921706980426071e-14
7.1800,-0.044606077976828314,-0.00020130108974535454,0.24513712478051722,-0.05585504940292322,-0.07856684144629687,0.005975132831126175,0.0017999616675743815,-0.00033968610331241853,-0.004673903229465625,-0.0001036106039173138,9.772294514200302e-05,0.00120196662156654,5.136860784077356e-06,-6.159414386424346e-10,1.1042470072998084e-09,-0.0019069180085569968,0.015139524185555373,-0.28211923125124166,-0.006553041295664175,7.049932469402331e-14,7.32134622025149e-14
7.2000,-0.04463589883939278,-0.00020964174376895023,0.2452119409919745,-0.05576049361440645,-0.07877212563807438,0.005979021869571964,-0.002116984160835886,-0.0007098187433493288,0.006369616056087639,-0.00020558329108165486,0.00025194087096476437,-0.002676814024897681,-9.167906806136228e-05,-6.159401736830723e-10,1.104248326490794e-09,-0.00636462062878055,-0.0011681068761410212,-0.04239820105601665,-0.0015744698347600486,-2.783142911012143e-14,-2.592779371193496e-14
7.2200,-0.04471601204737604,-0.00021564412413849657,0.24539168626421262,-0.05569183825167783,-0.07947521722492897,0.0059976292589182315,-0.002854185276848099,-0.0007228456865184884,0.007835230452921008,-0.00032341162633590226,0.0001624767623982558,-0.0017303642357265224,-8.238878719171872e-05,-6.159393335563186e-10,1.1042492109390655e-09,-0.0025220044610603128,-0.01590215381008446,0.32118445110042826,0.006771371172876986,-1.1607222819075107e-14,-9.708324029129682e-15
7.2400,-0.044730299382421644,-0.00022179491695564727,0.24541241979467984,-0.0556361443476966,-0.07957757791215929,0.005998366485876246,-0.00010493087083093978,-0.0002661318126143081,-0.0005073434820313074,-0.00032633678982164476,6.195324925291396e-05,0.0014388415722339579,-1.4548043705680187e-05,-6.159385189393849e-10,1.1042500706342834e-09,0.0024813110545347716,-0.001125404272957532,0.10798986166849338,0.002465506882154132,1.0352087026141432e-13,1.0621265965262555e-13
7.2600,-0.04467262171129483,-0.00022686108849708056,0.24526776805239492,-0.055592774158500294,-0.07899457784422505,0.005980743260786738,0.003051720922748395,0.00027841672901569164,-0.009589179789316407,-0.00023705901370995748,6.168119097162165e-05,0.0031540323687370216,2.875942448931824e-05,-6.159379153744309e-10,1.104250718426432e-09,0.0052356269457228925,0.0033074693377279675,0.008077811157214941,0.0005895161623051222,9.908016789829388e-14,1.0181445801466654e-13
7.2800,-0.04463726930698103,-0.00022774757196233826,0.24517558513870424,-0.05557363917659764,-0.07859983122412426,0.00597219095571952,0.00048757869333975823,0.00013216078771607822,-0.002067594811300813,-0.00019675918833845818,0.0002606591649793221,-0.0006999090511100531,-5.242427384825059e-05,-6.159362791467516e-10,1.104252409410358e-09,-0.001118483281091131,0.00739024021839072,-0.20316383918651765,-0.0045059566779644695,9.124965323278889e-14,9.394953348271229e-14
7.3000,-0.044669798354676125,-0.0002243649781158623,0.245232416239447,-0.05558431288528597,-0.0788342370399509,0.0059848313147233476,-0.002022336515140845,-3.826973662047082e-05,0.004680417233565557,-0.00023838386332827928,0.0002728035310888338,-0.002334481898584518,-8.973744976714096e-05,-6.159349770031813e-10,1.1042537596093602e-09,-0.0037029203996141245,0.002134328638803994,-0.12059034714845025,-0.0028155615943389785,9.141412670235494e-14,9.40871187384007e-14
7.3200,-0.044737447176451964,-0.0002188917285935118,0.24536169664892674,-0.055621901122372495,-0.07942071642633235,0.006008060562164625,-0.002692297079334315,-4.284212489528965e-05,0.0061206333457385865,-0.000282616584119774,0.00018145982596041099,-0.0016249940791076061,-7.570558721921975e-05,-6.159339867614894e-10,1.1042547970169686e-09,8.637326963033492e-06,-0.009397322716676596,0.16877438291571528,0.0037968564044632584,-1.526126027309206e-14,-1.3364111453215664e-14
7.3400,-0.0447250884646283,-0.0002142437653103468,0.24530377086735503,-0.05566829262853938,-0.07926627810570483,0.006009292022181786,0.0016580919052495376,0.0005693038986341411,-0.00658584041005011,-0.00020391486855628687,-1.1641850355380589e-06,0.0027219215016031305,2.7946302207918195e-05,-6.159338853603921e-10,1.104254939975315e-09,0.00789359633279656,-0.009561530178189321,0.26432572640865026,0.006537303204055904,-2.064008211848274e-14,-1.8681762273221533e-14
7.3600,-0.04463761770552886,-0.00020885186194937236,0.2450775066118577,-0.05571818661491515,-0.07837719741792816,0.0059913389694577854,0.002694171558132356,0.0008297978257583522,-0.009243071030230334,-5.559186561500547e-05,8.36661073656144e-05,0.0020984193000637237,2.8659681194367414e-05,-6.159333023726494e-10,1.1042555709314176e-09,0.006027141901468972,0.005652648120950417,-0.1200130839213818,-0.0020580740599507267,7.043981554728102e-14,7.31856659693178e-14
7.3800,-0.044587072145134195,-0.00020025161066539765,0.2449383093392458,-0.05578177890733733,-0.07780530929428468,0.005985723359729089,0.0013957905680988482,0.0007634435184585113,-0.005447115680689818,6.333117258103555e-06,0.00015329944852256926,-0.0005672639818497744,-2.0444731421693366e-05,-6.159326560268047e-10,1.1042562703243605e-09,-0.00030364801859857234,0.004991519115067176,-0.20360461781744282,-0.004222336592030494,5.494735254903821e-14,5.768096503905307e-14
7.4000,-0.044590781385380814,-0.00018946907398834564,0.24491751172195242,-0.05585688996814086,-0.07773186699862247,0.0059962531585765295,-0.00047155803649474783,0.0005795238011364271,-0.000539244825758588,-1.2672668466560085e-05,9.926298289851055e-05,-0.0017246204395672102,-4.1722216005389354e-05,-6.159323340296082e-10,1.1042566396223228e-09,-0.0025022255308948032,0.0003182775110890205,-0.11914285193308441,-0.0024988518117743746,4.7435722071251935e-14,5.015687301254679e-14
7.4200,-0.044666629223245366,-0.00017733997696775278,0.24505137801377122,-0.055944553607636595,-0.07834687103403369,0.006027055056565267,-0.0038328540510074427,0.0001599824117002458,0.008495446109271032,-7.351447413790482e-05,6.755696730953603e-05,-0.00323696409283582,-7.538389530685759e-05,-6.159318556614018e-10,1.104257168873445e-09,-0.002255418303741876,-0.007520789696533374,0.06483944152627322,0.0014035605702999057,-6.402505207860759e-14,-6.210838592556056e-14
7.4400,-0.04475219989157599,-0.00016643781184029827,0.24519898692602038,-0.056035578565525046,-0.07907855735836476,0.006059453077791703,-0.004238447178960646,5.807150252131988e-05,0.00925841970180168,-8.49497905025518e-05,-1.8582948681519978e-05,-0.0020421212283411538,-4.7648929258603275e-05,-6.159315604754814e-10,1.1042575157576005e-09,-0.0006061694143767958,0.0047507775984476355,-0.08827718880509443,-0.001996957783825315,4.411754165115078e-14,4.6774229997027794e-14
7.4600,-0.044819926181294614,-0.00015761203686506307,0.24530711842600764,-0.05612656751827781,-0.07967157706258388,0.006085381690628706,-0.0018401954276704008,0.00025545929290381566,0.002585158543910125,-2.0541267977292444e-05,-0.00013027378665445195,0.00115677440790261,2.7331672901814455e-05,-6.159321387188196e-10,1.104256978259325e-09,0.006048699135175731,-0.005579131896471735,0.21181797597103963,0.005146649626972399,4.4911272509100264e-14,4.760331939832746e-14
7.4800,-0.04479334571175475,-0.00015188597366929944,0.2452125401461786,-0.05620293150616557,-0.07938100036003756,0.006083790065880721,0.0020096494245721032,0.0006625750708320971,-0.0075714620566041555,0.0001384212511089135,-0.0001414390917978533,0.0036544989076816594,9.449388640514493e-05,-6.159328070080352e-10,1.104256354142708e-09,0.00842119925947042,0.004388438391647275,0.021834642018268003,0.0011640244056005233,3.305595543384027e-14,3.5786437290082074e-14
7.5000,-0.044717235323561984,-0.00014709404080631906,0.2450245082900467,-0.05626514779986314,-0.0785987029848247,0.0060684556057147895,0.002822433686829408,0.0007224750548980262,-0.008675114082993348,0.00026074788401933866,-4.7344027146482056e-05,0.002932853036508865,8.906274718756243e-05,-6.159331695192883e-10,1.1042560301316362e-09,0.004711905139560817,0.013381421723603694,-0.2395978228091952,-0.004823791559387094,1.901320626548214e-14,2.1753137621283516e-14
7.5200,-0.04470301106622994,-0.00014088250130893265,0.2449930415660502,-0.05632511149765679,-0.07837774750458662,0.006071067323665348,-0.00019747533460310923,0.00027995421064687094,0.0008003321816866055,0.0002812879829698812,9.859041405000915e-05,-0.0013264315076392857,2.36999971184718e-07,-6.15933409950832e-10,1.1042558514185908e-09,-0.0036977659669169003,0.0038714691882252997,-0.1905733737953819,-0.004290845086798828,9.398713158117501e-15,1.2109247388451469e-14
7.5400,-0.044742702652130255,-0.0001350455499454065,0.24508905305651824,-0.056380345396554794,-0.07867008700914657,0.006088043161126746,-0.0019334038579120302,-4.4664210372017717e-05,0.005905753800505097,0.00019126763340775223,2.3382931254968458e-05,-0.0021475499366927463,-2.0496088595687578e-05,-6.159338657820817e-10,1.1042554450286543e-09,-0.005094740036558389,-0.005245459473012199,0.003330749308674971,-0.00011469475956827362,1.1902632335693622e-14,1.4595001097440774e-14
7.5600,-0.04482679305275587,-0.00013055784461323564,0.24528535882432248,-0.05643153305661987,-0.07940451736704954,0.0061161041350839334,-0.0037518033880624157,-0.00039775892274597697,0.011074093487154333,8.70242074656349e-05,-4.7402950612855513e-05,-0.0022516491074606247,-2.8662838834276607e-05,-6.159342475076944e-10,1.1042551121116668e-09,-0.002681739237054483,-0.013755787013776033,0.22933006338404513,0.0049019074798951545,-9.232554770612772e-14,-9.042761114561038e-14
7.5800,-0.04483886857316656,-0.0001303881271054473,0.24531735622693468,-0.05646273035739354,-0.07948473590622235,0.006121611402993866,0.0003057274347288925,-5.0704049172612425e-06,-0.0005653141460043326,8.538139998365606e-05,-0.00022159862581426238,0.0015562256188815474,5.6643689618789204e-05,-6.159352314556166e-10,1.1042541646065714e-09,0.0024948415671489387,-0.00703957102276241,0.19862810561894234,0.004611745846227845,-9.081583683852312e-14,-8.888349041155652e-14
7.6000,-0.04476875855438312,-0.00013311219883509136,0.24516737822965706,-0.056470434232345344,-0.07878120620739991,0.006103130311661583,0.0031302082741658916,0.00030448584899153664,-0.008299059703013326,0.00017110286402031516,-0.00020822352980730117,0.0028589186075585584,9.243493174131709e-05,-6.159362774380021e-10,1.104253171334548e-09,0.003048593234832329,0.008181209711183083,-0.12234601500967177,-0.0024956370395655177,-9.916686341451125e-14,-9.71997954129708e-14
7.6200,-0.04472710657734366,-0.00013514113471518443,0.2450870815347377,-0.05646849550689592,-0.07832103110376738,0.006093199734826431,0.000761255172011314,-7.871957860462637e-06,-0.0012741598819809375,0.00017353571600126522,-4.706558012038499e-05,-0.0006629527986612264,1.4690173917018909e-05,-6.159365295044872e-10,1.1042529708674254e-09,-0.003782689466281904,0.00896084983744378,-0.2499618344933389,-0.005832971829691602,8.074448295852972e-15,1.078729323206705e-14
7.6400,-0.04477163595060022,-0.00013618129302847448,0.24519882198206197,-0.056466471760084375,-0.07867418259491883,0.006107312112506907,-0.0024105014301728867,-0.0004565660700266134,0.00738776043261639,6.209385890071152e-05,-3.0408092506628698e-05,-0.0028253471988332543,-4.160589543648609e-05,-6.15936744056398e-10,1.1042528071814777e-09,-0.006780224897938006,-0.0023126296891927797,-0.039902555423205345,-0.0013932025308414783,1.559205035591739e-14,1.8272852035736836e-14
7.6600,-0.044843919851785145,-0.00013877880121242615,0.24536250683474514,-0.056459744134116245,-0.07931623480279554,0.006127583244300878,-0.0018433768614494537,-0.0004699805138364436,0.005033164173515896,-4.237462011180926e-05,-0.000200420583296794,-0.00034240344531892575,4.4786742616192214e-06,-6.15937499031006e-10,1.1042520998193405e-09,-0.0011529599718651789,-0.012424195533191231,0.2816111497139694,0.006166453597225164,2.902552533718371e-14,3.1719432310763074e-14
7.6800,-0.04482234257104131,-0.00014512737818096248,0.2453037578994834,-0.05643172769506494,-0.07908536514874515,0.006119740904888582,0.001774818862066653,-3.914987219304754e-05,-0.005768590712938011,-9.637318463166444e-06,-0.00027062868652559595,0.0025517082153202627,6.977122229006462e-05,-6.159382926496185e-10,1.1042513483842255e-09,0.0038650332910418503,0.0017238836587402295,0.06497709210218118,0.0016140943357431936,-8.384357661275765e-14,-8.189030508386208e-14
7.7000,-0.04479245409792634,-0.0001513631946201278,0.24522527881564757,-0.05639470843758815,-0.07875944016315094,0.006109883778307506,9.461034453323906e-05,-0.00022060583849232247,-0.0009061305419020797,3.235092765300758e-05,-5.908055505084593e-05,-0.000316294408904209,6.021545382296712e-06,-6.159382059913615e-10,1.1042514890827572e-09,-0.0013176980585606914,0.013507489921000903,-0.2617641347172142,-0.006128382976498493,2.4455548805653315e-14,2.7151441224461045e-14
7.7200,-0.044834237230026656,-0.0001561673186014854,0.24530843648867556,-0.056362787742793456,-0.07911195793361422,0.0061201533453668295,-0.001416292406531324,-0.0004393394968357823,0.003225224854761893,-1.3044494090946883e-05,-3.423041898199484e-05,-0.00114547437920176,-1.94434481475035e-05,-6.159385400977478e-10,1.1042511998233169e-09,-0.0008487916275046197,-0.011176260125253959,0.2226348728026809,0.004772257364338622,-7.709851095223652e-14,-7.517192434931125e-14
7.7400,-0.044813036143678465,-0.00016307487972856487,0.2452425130175081,-0.056316482278434755,-0.07887304252608168,0.0061117572252675076,0.0007141564022963142,-0.0001627763092324034,-0.0031933262231153897,-2.301625778530979e-06,-8.979515819586028e-05,0.0007925916269154863,2.3358002500837613e-05,-6.159388469201187e-10,1.1042509403615534e-09,-0.0004856354850870017,0.011201166614031454,-0.18037033619934342,-0.004151319329771017,3.315320159244864e-14,3.5858340222908597e-14
7.7600,-0.04484575062308456,-0.00016850764303936026,0.24529853539298296,-0.05627568215074108,-0.0791422087451735,0.006118804878591403,-0.0010356475303674015,-0.00038765172736237436,0.001792092534127944,-2.621688929699031e-05,-1.3296518832079842e-05,-0.0005246019919075839,-1.1621689731032624e-05,-6.15939003931499e-10,1.1042508309586764e-09,0.0007445203843136507,-0.011233613712980187,0.242962651098809,0.005310253202244887,-6.949356454871713e-14,-6.75599306316707e-14
7.7800,-0.0448214595032359,-0.00017540026375521456,0.24522240885714378,-0.05622428252606528,-0.07887330016789955,0.00610925822207778,0.0007026552185429862,-0.00014682233064617291,-0.0033068312347189093,-4.401433683818428e-06,-3.466253591390302e-05,0.0008523934784918509,1.9145622764576267e-05,-6.159391748679519e-10,1.1042507073996633e-09,0.0009665412901812822,0.005836875251452642,-0.07616054978869956,-0.0017503263741385868,-7.087821269572553e-14,-6.893633884216821e-14
7.8000,-0.044820991635468044,-0.00018102921213909693,0.2452015676064895,-0.05617533101342535,-0.0788202538405575,0.0061069490172610775,-0.0004816326728587771,-0.0002681870029042617,0.00016273249067432112,-4.887517270870955e-06,5.1274297881012145e-05,-0.0004885063367189692,-1.3169452657293681e-05,-6.159390047022785e-10,1.1042509271282363e-09,-0.0016710235287951537,0.005964034573967,-0.11768040832813087,-0.0028476078134102847,4.2871976314081545e-14,4.557092143963118e-14
7.8200,-0.044874038568152565,-0.00018515883141586234,0.24530259078923897,-0.05613589454604772,-0.07927810066630697,0.006119842252104855,-0.0025160002794212925,-0.0005223160189938409,0.0059911359425101176,-5.773927055508067e-05,9.403211851532417e-05,-0.001597819543563799,-4.47439375271298e-05,-6.15938737015947e-10,1.1042512438110328e-09,-0.0017216032697089775,-0.007313879999063056,0.14330401416815797,0.0029153672368969646,5.2533640686278776e-14,5.521559771903828e-14
7.8400,-0.04484632192812663,-0.0001914278155315723,0.24521864984442676,-0.05608747076915426,-0.07898401194024658,0.006109195015803593,0.002447480091473971,0.00010063075000717113,-0.00831970430978783,-2.4133173670079254e-05,-8.111928058301916e-05,0.002880556617385548,5.5891720935364064e-05,-6.159394201759507e-10,1.1042506025219616e-09,0.004384585775862655,-0.003564493099987588,0.15816953374927897,0.0038346101036646073,-5.70851281826365e-14,-5.511533612313768e-14
7.8600,-0.044818865241306204,-0.00019615137938188202,0.24513975185903913,-0.05604158310460235,-0.07867298564254593,0.006099887910511126,0.0003106600090215316,-9.70464696171668e-05,-0.0018069092748815216,7.406196920774926e-06,0.00010587037305406878,-5.215570477082521e-06,-6.938240133338155e-06,-6.159387435955564e-10,1.104251331235708e-09,-0.00096589612969028,0.009821247154927198,-0.20375878077811674,-0.004676143850578624,4.976843725546312e-14,5.247481594215786e-14
7.8800,-0.0448743518080325,-0.00019809232031520868,0.24525292522256123,-0.056012524593148566,-0.07914553658055345,0.006114627327697468,-0.00283374104533339,-0.0004726211236128257,0.007319215153530347,-5.899164837256246e-05,0.00018703347146489113,-0.0024428844571908388,-6.78286608249268e-05,-6.159380123987828e-10,1.104252113782593e-09,-0.004710860454588244,0.00010101404210045896,-0.04588845316044219,-0.001429604323191883,5.747021646551262e-14,6.013692690522154e-14
7.9000,-0.04487988518760918,-0.0002014443759100558,0.24525080982316122,-0.05598273745911259,-0.07916396678338035,0.0061146499217988775,0.0011042387298745963,2.739304636148308e-06,-0.004203698210993626,-6.9115151764949e-05,-1.2579807453523219e-05,0.0016673429445376942,2.2081587145823952e-05,-6.159383810799764e-10,1.1042517854967803e-09,0.0009256955067307903,-0.0002206890249211664,0.06344373948539407,0.0015551518878261176,6.226989139167943e-14,6.498211799384201e-14
7.9200,-0.04487050061620368,-0.00020393631706039088,0.24521802322774588,-0.05595765904947234,-0.07903457286285347,0.00611141201580852,-0.00014901272875522453,-8.210154092904108e-05,-0.0001821483440528578,-4.373078392546861e-05,0.00010124033790854198,0.0002192941645542778,-8.667183906122803e-06,-6.159377759894611e-10,1.1042524428088757e-09,-0.0002256022690047184,0.007626974341071305,-0.14252981283134977,-0.003223377939664519,5.994880427576815e-14,6.264417153414858e-14
7.9400,-0.044900100430724656,-0.00020462821119701617,0.24527845140535132,-0.05594668585170666,-0.07927647125711332,0.006119783688179726,-0.0008841374311767868,-0.00015655218974330905,0.002141397886507217,-6.57963836547333e-05,0.00012102550427544935,-0.0004478361060587455,-2.6143555257045418e-05,-6.159374157601316e-10,1.1042528505678397e-09,9.430501122241433e-05,-0.008428500586714528,0.16218124743126178,0.0035910430255523705,-4.561442505180216e-14,-4.369121302813875e-14
7.9600,-0.04487256054843732,-0.00020598064193937113,0.24521052112274858,-0.05593518935483396,-0.07898167566996604,0.006112330391463406,0.000819121536774941,0.00010194540716264434,-0.002610211435569165,-4.1971593173095e-05,8.139376491722136e-05,0.0007298820147216081,3.128651323158954e-06,-6.159370748180338e-10,1.104253241511377e-09,-0.00019662079605415843,0.009373789158935289,-0.183303647531215,-0.004033845661274797,6.058833447973588e-14,6.328886525096278e-14
7.9800,-0.04487532377256497,-0.0002054108131573265,0.24521484780702293,-0.055935357749141386,-0.07896458552601858,0.0061145139029277215,-0.00015293502773362137,2.1567543843552544e-05,0.0003455168558458118,-4.51397419099322e-05,0.00011261330672528847,-0.00023550959438808856,-1.8023436557894726e-05,-6.15936795548906e-10,1.104253565938325e-09,8.144483182346078e-05,-0.0046576421482050516,0.06493089784260335,0.0014846877407616163,-4.886814965274905e-14,-4.69378225523287e-14
8.0000,-0.04489840077489123,-0.000203618826973728,0.2452657217974879,-0.055947120055055755,-0.07914095476391647,0.006123059517401633,-0.0007445629086464318,-2.5666660255032415e-05,0.002030224036903576,-7.472496978599622e-05,8.570226310965535e-05,-0.0004045925004888862,-2.297239701231343e-05,-6.15936441990083e-10,1.1042539671062001e-09,0.00046165539570526895,-0.014161526936147426,0.2528572549685363,0.005692249842069441,-4.610619205218727e-14,-4.418102168834981e-14
8.0200,-0.04488781849726923,-0.00020216927236185018,0.24523835684734327,-0.05596117611148334,-0.07900460782196142,0.00612235898011193,0.00024679083112986,0.00013813457533236968,-0.000897930486130226,-6.570801671018703e-05,3.412194906606436e-05,0.0005461087920361677,7.377207245478481e-07,-6.159360912734148e-10,1.1042543657593362e-09,0.0006131845827868916,0.0008776068787813021,-0.020647124284308833,-0.000327776797694094,6.020654623722227e-14,6.29117255252637e-14
8.0400,-0.044907942887295195,-0.00019924926127664396,0.24528105568897562,-0.05598718943739499,-0.07915888894557635,0.006131016827377287,-0.0007674234564105803,3.851438049987726e-05,0.0020128686353941606,-7.350097065843023e-05,5.784512194907839e-05,-0.00035622913058315286,-1.8944597001072323e-05,-6.159356831548954e-10,1.1042548222858151e-09,0.0004254657707510007,-0.007222384101073527,0.1238269185301595,0.0028452287351360354,6.063614101927892e-14,6.333459147758735e-14
8.0600,-0.04490638003296267,-0.00019647142016057702,0.24527284263318674,-0.05601628869445145,-0.07911113569946977,0.006133819462032273,-0.00045364214037239836,0.0001118717381414799,0.0010276832579868586,-6.269049624898977e-05,4.935810564389611e-05,-0.00025677788610792263,-1.3897520911206598e-05,-6.159351940546529e-10,1.1042553607649953e-09,-0.0008856733192164509,0.009055763854175261,-0.19467057275103997,-0.004321786722382219,5.4584700474868963e-14,5.72676332895837e-14
8.0800,-0.04490127486826558,-0.000193315846110008,0.24525613064780596,-0.05604986485492049,-0.07902892537035,0.006136011789470538,-0.00012288902428010418,0.00017461225373026175,4.30111738446569e-05,-4.089674266117587e-05,2.7189126121345074e-05,-4.486064303751744e-05,-6.027544300407104e-06,-6.159352768697824e-10,1.1042553262050752e-09,0.0015984245697283981,-0.004212156381135243,0.06416545194279333,0.0015818808211277913,-5.831903834635152e-14,-5.638953795008769e-14
8.1000,-0.044909473091077325,-0.0001894921511810612,0.24526883463750715,-0.056089146320880766,-0.07907137051821152,0.0061423478448717475,-0.0006736523405976709,0.00012135419243296705,0.0015671468587467705,-3.5190484417737274e-05,3.478435277178544e-05,-0.0005673598180236371,-1.5538598439201804e-05,-6.15934875632308e-10,1.1042557748588234e-09,-0.0011164494874409193,0.005701119233661416,-0.1391396737312577,-0.003081710294454758,4.8034743771550176e-14,5.0720400644223285e-14
8.1200,-0.044914437494471604,-0.00018576115035443067,0.24527262039057754,-0.05613034378974914,-0.07908566285097095,0.006147786322967063,-0.0004972247166427128,0.00014756490174839266,0.0009580646159720468,-2.5064020197816373e-05,7.535264183043721e-06,-0.0003489099851971826,-8.143203517413047e-06,-6.159348140720201e-10,1.1042558842199315e-09,-0.0008129093691817893,0.006866384518493222,-0.15334586906878944,-0.003380809091658729,4.457813106281336e-14,4.726429615525482e-14
8.1400,-0.04491285630500676,-0.00018222861239660157,0.24526039898277668,-0.05617134906947513,-0.07903783655041463,0.006151398647892525,-0.0003851918408878741,0.0001636206795669299,0.0005816112559294666,-3.188610469150445e-06,-5.2082002132584725e-05,0.0007292874541673949,1.8392676287995493e-05,-6.159351174036528e-10,1.1042556099040358e-09,0.0008881279783729228,0.0019385104426076982,-0.0349533536382133,-0.0005652887493140785,4.277039334678323e-14,4.5478852346396426e-14
8.1600,-0.04491858913742562,-0.0001787907539252082,0.2452644238748361,-0.05621306478628145,-0.07906130303039033,0.006156917946092845,0.0002645233185054722,0.00022109047317155008,-0.001325710590439943,1.6374887106864105e-05,-6.724878412522865e-05,0.0006733051105689107,2.0418545921532904e-05,-6.159353137728731e-10,1.1042554798317591e-09,0.0022085842755187953,-0.006275930625318364,0.1303179001339981,0.0031688885769960086,3.9845575027386976e-14,4.256173186242482e-14
8.1800,-0.04491816587731776,-0.0001756161439095277,0.24525404155830105,-0.05625135443717584,-0.07902172482970707,0.0061607433780509,-0.001096678158844322,5.479912196056754e-05,0.0026186531217306324,3.2111526031663586e-05,1.2468421453411598e-05,-0.0009311112274690373,-1.2440126221465606e-05,-6.159349812432353e-10,1.1042558614631173e-09,-0.001353969193718594,0.00919122877871726,-0.2135823656359113,-0.004840351005628548,3.251517571899523e-14,3.519704466032822e-14
8.2000,-0.04492295431765211,-0.0001730763510256042,0.24525597755010756,-0.056285352782224435,-0.07903646756785677,0.0061653678553450116,1.4114843531585572e-06,0.00013724265304403078,-0.0005410917929842008,4.277106961693589e-05,-6.45622156486354e-05,0.00022248670677646367,1.4906416870997433e-05,-6.159355313306904e-10,1.1042553569011286e-09,0.00048562964098505356,-0.0006725353863684527,0.01085732542195253,0.0003658864501239378,3.228348171473508e-14,3.4988769422993754e-14
8.2200,-0.044932354372918454,-0.00017079554731127975,0.2452672455224419,-0.056318987188811266,-0.07909298760272974,0.006171263396457847,-0.00017391783966125775,9.411325448207904e-05,-7.570987015489248e-05,5.073121106220728e-05,-7.108570017887938e-05,0.0002041999497819094,1.5699748879613114e-05,-6.159359159003857e-10,1.1042550193516281e-09,0.002176580872009124,-0.009487611617063508,0.189298676828376,0.004401980896190345,-8.002555866234995e-14,-7.808392875428144e-14
8.2400,-0.04493641243668628,-0.00016931473987516195,0.2452674023978834,-0.05634452536983334,-0.0790989079119333,0.006175130989160893,-0.0011436068937296486,-3.8470796625901064e-05,0.0027232200954911885,6.102831878674092e-05,-1.6239306028985056e-05,-0.0008291014481383343,-5.77566978168573e-06,-6.159358863331049e-10,1.1042551018305027e-09,-0.0006169248382873234,0.002664927426520233,-0.07225923699385008,-0.0016911229418739382,2.7318062769581333e-14,3.000623363604189e-14
8.2600,-0.04493200093895594,-0.00016897937919157683,0.2452491830643963,-0.05636281470264919,-0.07902965733492856,0.006175791558951629,0.0012752074844949535,0.00019499362506782543,-0.004180857867177212,7.851566144347188e-05,-0.00012842877520697837,0.0013581968739087872,4.44261159894463e-05,-6.159366835434691e-10,1.1042543467444218e-09,0.0015930272635022098,-0.002244134905704299,0.07266532167055015,0.0018429861752805028,2.743670159230556e-14,3.015840479908202e-14
8.2800,-0.04491004535015562,-0.0001694519867204418,0.24519211475941138,-0.05637078041832465,-0.07878635869714919,0.006171275953939376,0.0008577114169836567,0.00012609227186304625,-0.002860224352871989,0.00010145548141226365,-7.6490341584749e-05,0.0005610045164678602,2.8983194362249453e-05,-6.159369753439579e-10,1.104254103884314e-09,0.0002452479355480962,0.0034113381713538828,-0.07059842212554521,-0.0015210241514210954,2.299102883985063e-14,2.5707185674888472e-14
8.3000,-0.04493347042397866,-0.00016930046766577936,0.2452393996594643,-0.05637759986977971,-0.07896702109447672,0.006179481037815289,-0.0015624458285263872,-0.00020750131648188163,0.00411091715587586,7.137841305750112e-05,2.7727962956344164e-06,-0.0015315671805345666,-2.008557461608095e-05,-6.159369703861014e-10,1.104254159762129e-09,-0.0029401362589718087,0.001423756743198339,-0.06784230015881088,-0.0017573470227761744,2.408010314584874e-14,2.6765976858956347e-14
8.3200,-0.04494431250594136,-0.0001708057896216648,0.2452556963754529,-0.056375667989263675,-0.07904071027789872,0.0061829074792042055,0.0008329918992293093,2.815754466029333e-05,-0.0029802096680315374,5.193067399787515e-05,-0.00014013055510383378,0.001058123212915143,3.584602551239075e-05,-6.159377598626721e-10,1.1042534149734448e-09,0.00010639409733734737,-0.0013355836846732647,0.06052094933307477,0.0014329295925167916,2.7792760362013377e-14,3.050688431797781e-14
8.3400,-0.044954451920153904,-0.0001728256524932275,0.24527009587235307,-0.05636703821633911,-0.07910598522978193,0.0061858565599928195,-0.0009961622214750493,-0.00021668694609518904,0.0023629310847020136,4.916666297450221e-05,-3.961390527042261e-05,-0.0004965061658170214,-1.2286350217154585e-08,-6.159377857845877e-10,1.1042534392154804e-09,-0.0007952977251497153,0.002731802857004188,-0.05031575647687124,-0.0012833207906031182,2.7999067094778424e-14,3.0690578659182954e-14
8.3600,-0.04495185625425041,-0.0001756704592217698,0.24525653934685387,-0.056351297377575174,-0.07905443591664746,0.006184583644534028,-0.000318741907361436,-0.00016190285830326026,0.0004296041699331784,5.2414117075955806e-05,-5.754550724292132e-05,0.00014688135363169567,1.3296198169249745e-05,-6.159383202750726e-10,1.1042529510898782e-09,0.00027992733983727715,-0.0023042621536109222,0.055794546773557566,0.0011887702799551604,3.038060186993756e-14,3.308794617419217e-14
8.3800,-0.04496024007409984,-0.00017895228876761785,0.2452682398459921,-0.056330071701090875,-0.07910358235120903,0.006186070110489193,-0.00045236039773081244,-0.00021956386323963113,0.0008294127999376365,4.195402605755882e-05,-2.180524968394593e-05,-0.0003244890062249744,6.84440484759485e-07,-6.159383785314576e-10,1.1042529422142199e-09,-0.0015292084151220153,0.004751585981361519,-0.08802862421832121,-0.0021460344013893096,3.144634211230471e-14,3.413775203275557e-14
8.4000,-0.04496020711459741,-0.00018262959929789895,0.2452617477516423,-0.05630392848666412,-0.07907456910435452,0.006184862225033784,-0.0006486984975400576,-0.0002418184587653205,0.0014788044471047337,3.4286954214890713e-05,-8.360683301750678e-07,-0.00046376892914295776,-4.127620512020689e-06,-6.159386130648722e-10,1.10425275558348e-09,-0.001206039710963292,0.004380319567096048,-0.08628359221063922,-0.0021270944213155393,-7.845835797454931e-14,-7.653845276751198e-14
8.4200,-0.04496651422816396,-0.00018640094687855146,0.24527031484437684,-0.0562754044178142,-0.07910663174841835,0.0061852104737156405,-0.0006460614399941163,-0.00025508384384294715,0.0014877492766641946,1.826459218652476e-05,8.156345570558764e-06,-0.00048784870254607983,-7.225939022311178e-06,-6.159386779461662e-10,1.1042527392947853e-09,-0.0025070876084390256,0.00921024243897029,-0.18015236526475434,-0.004275418560913256,3.5798770089794096e-14,3.848240085965737e-14
8.4400,-0.044972094074806054,-0.00019042290361825985,0.2452775314330411,-0.056244867155140474,-0.07913539153570147,0.006185065108188279,0.00023052138672304866,-0.0001644602640443287,-0.0010231159580603162,5.9255378813258484e-06,-2.9004480907509302e-05,0.0004032014154431694,9.914259190026906e-06,-6.159391116146007e-10,1.1042523510754482e-09,0.0001114545426717261,-0.003172169951959529,0.08456211648531702,0.001844627875436433,4.183334451415832e-14,4.454023142062141e-14
8.4600,-0.04491953874355076,-0.0001956245844657421,0.24515209634421198,-0.05620314825099711,-0.0786071032763901,0.006168452727247218,0.0021841949225069254,0.00010675864677414349,-0.006620721482406224,4.067284184317939e-05,-4.557463807173681e-05,0.0014657398650628184,3.60052232370598e-05,-6.159394830973661e-10,1.104252028417884e-09,0.0006316982017384606,0.007383585225835275,-0.12822787961918805,-0.0028123186892697683,3.8178573529609044e-14,4.090751039775506e-14
8.4800,-0.04493259857225283,-0.00019835651286759085,0.24517666408035102,-0.05616901940615357,-0.07868316057543329,0.00617137636152446,-0.0018365886972958254,-0.0003573003843906703,0.004928562964079624,-1.0022756087949533e-06,0.00011907609377327428,-0.0023079180877630914,-5.203649972414836e-05,-6.159388726821781e-10,1.1042526894963694e-09,-0.0049774716000484595,0.006689901416869188,-0.1965493807170709,-0.004837909170636578,3.999373125425712e-14,4.267379093321477e-14
8.5000,-0.04499539904906542,-0.00020047932057440016,0.24530989756636434,-0.05614364953744123,-0.07924655853286466,0.006187757304227496,-0.0016499516471665694,-0.00036468068698448827,0.004006481929750306,-8.380949966268404e-05,6.839216143071489e-06,-0.0009946719315783632,-3.098045307906857e-05,-6.159390428603874e-10,1.104252565093189e-09,-0.001341020551360366,-0.012159400196087586,0.25087307068051895,0.005433803471771119,-5.888728225747833e-14,-5.696880684205596e-14
8.5200,-0.04495079127513508,-0.00020537258022204714,0.24519342998827778,-0.05610409269420459,-0.0788016252607345,0.006173199611846127,0.0023225506811136542,0.00016289146127829412,-0.007601501976641728,-3.7314506321760765e-05,-0.00010408510499905062,0.002504917442302521,5.00434783242241e-05,-6.159394422874947e-10,1.1042522100689518e-09,0.0028159362273105994,0.008772780404843762,-0.1001856313558853,-0.0020465775929236125,4.906754798479629e-14,5.179546163714202e-14
8.5400,-0.044968037884061,-0.0002074822686015261,0.245220395004923,-0.05607621622984924,-0.07892682198925463,0.0061773558222073645,-0.0016629425797892092,-0.00028692055949120106,0.004051809904264142,-4.1362597124926465e-05,0.00011836285033844866,-0.0016216820735970772,-4.422093670645631e-05,-6.159387019206746e-10,1.1042530029029303e-09,-0.001811200749854521,0.002171141639236508,-0.07043802769608094,-0.0018531229437745104,-6.054691795674694e-14,-5.863356539658957e-14
8.5600,-0.04500325434321861,-0.00020913772775662878,0.24528753157948496,-0.05605531350230219,-0.07923220430374751,0.006186361813575172,-0.0013057182248765228,-0.0002453880439092251,0.00291882431066904,-7.276044957216845e-05,5.303634233756861e-05,-0.0005704705976010256,-2.493503703271355e-05,-6.159387254295454e-10,1.1042530254026396e-09,0.0003849202080368749,-0.010384249345143736,0.21875495780938065,0.004819727998831241,-5.322201419811698e-14,-5.129678962417089e-14
8.5800,-0.04498651242184479,-0.00021177761445618444,0.24523578540362023,-0.056031760394256884,-0.07905208326491593,0.006180623603068809,0.0010894967588847948,7.748647021735996e-05,-0.003940103800262823,-4.379020730383816e-05,-1.0996720125116443e-05,0.001514834751715906,2.3106936009851128e-05,-6.159386839208044e-10,1.1042531133395879e-09,0.001517354077152031,0.005524785681162561,-0.05988602226959586,-0.00120583053179207,5.5934810006420116e-14,5.864631154837985e-14
8.6000,-0.04498978050027332,-0.00021286787392740431,0.245233449242563,-0.05601642566152461,-0.0790537220734235,0.006181408602816504,-0.0004756209469500566,-7.91372832630695e-05,0.0008290757872653638,-3.195797234516026e-05,0.0001012854283524778,-0.00035762630607124733,-1.8471745673231617e-05,-6.159381332613785e-10,1.104253714170421e-09,-0.001005481604773742,0.006125381239136281,-0.12497869552965842,-0.002873537207135014,5.53687887097469e-14,5.805883660121858e-14
8.6200,-0.045015495262441564,-0.00021297086438111965,0.24528497165946586,-0.05601073566893288,-0.07927293086489809,0.00618877547038991,-0.0006325936378094508,-9.353632054717247e-05,0.0014030939370952961,-4.9728123513848274e-05,7.394037844379766e-05,-7.630526959303017e-05,-1.4283809073749434e-05,-6.159380864593185e-10,1.1042538069791366e-09,0.0010175979158943925,-0.012695565406058013,0.2513021469549927,0.0056526323045029605,-5.014210753421025e-14,-4.821738440376894e-14
8.6400,-0.04499033032523336,-0.00021386830482075323,0.24522217120546905,-0.05600354610225625,-0.07901429092238352,0.006181911233627571,0.0017495444614258563,0.00022834540339057395,-0.005322368367385925,-2.0452971854443323e-05,1.672777351757077e-06,0.0018094829689971155,3.0626607379222974e-05,-6.159380106299409e-10,1.1042539292826033e-09,0.0019468543717136562,0.0022723402893094647,-0.012111358767234808,-2.910507425060332e-05,5.717342289705829e-14,5.989414015748415e-14
8.6600,-0.04498381521624592,-0.00021318273635748282,0.24520577462565596,-0.056004373491214565,-0.07892168358328987,0.006181328877853171,0.00028603504081641093,8.7812062467636e-05,-0.0008673767400000848,-1.3723690050829783e-05,9.943516964001819e-05,-0.00023369120242400495,-1.339620077376503e-05,-6.159374091594751e-10,1.104254583728617e-09,-0.0011840772578617436,0.005244776621691177,-0.127457920259213,-0.002851015911542125,5.417828729051277e-14,5.688083738828592e-14
8.6800,-0.04499307673309153,-0.0002115336653109148,0.24522642113839746,-0.05601235896927806,-0.07897642662006887,0.006185679422747932,-0.0006396732508257501,-7.309081168570096e-08,0.001809375544355665,-3.328520534076526e-05,0.00010325684626919578,-0.0008890931478044135,-2.8120737930683585e-05,-6.159370365575217e-10,1.1042550030087743e-09,-0.0026632717658377626,0.005289367169868948,-0.14288384850722102,-0.0032923968323865676,5.38102751918533e-14,5.649516634674209e-14
8.7000,-0.04501701861760072,-0.00020943717090637624,0.24527931474371273,-0.05602823568119066,-0.07917861053617108,0.006194238860597488,-0.00010607435906426206,6.431829663877064e-05,0.00016378734179928536,-5.936212821437109e-05,1.006181774353662e-05,0.00030310301870865245,-2.8428788026829206e-06,-6.15937127713425e-10,1.1042549571109658e-09,0.000520799342923223,-0.009722872413623249,0.1919894016275994,0.004404941717594477,5.83304292454262e-14,6.103760075495956e-14
8.7200,-0.045010825634802944,-0.00020766958812760148,0.2452623490155553,-0.05604447204701609,-0.07909626746756462,0.0061946131779650904,-0.0006355898647162971,3.741757838800952e-05,0.0016964400153107683,-4.622802128141864e-05,5.559731083075024e-05,-0.00039774768765433424,-1.5843961108311417e-05,-6.159366504565869e-10,1.1042554865016926e-09,0.00012983312241415608,0.0032428390710875065,-0.07913453283073503,-0.0017670977551109929,-5.831495903567754e-14,-5.639750005979188e-14
8.7400,-0.04500105338022874,-0.00020569188892509782,0.24523777580146341,-0.05606449422848734,-0.07898140028037166,0.006194163181605729,0.0011175781406370503,0.0002598053848154104,-0.003367219805690669,-2.5130358442839234e-05,-2.5737991529428327e-05,0.0010856241508077897,1.9410623379756498e-05,-6.159369657069761e-10,1.1042552133641754e-09,0.0028132031693970344,-0.007881006177302427,0.16620569211676622,0.003983216672551155,-5.840571353377816e-14,-5.645305186860461e-14
8.7600,-0.04500167342287763,-0.00020287518392757175,0.24523675240929946,-0.05608888804122388,-0.07895808745993463,0.00619728084870696,-0.0006732722312645863,6.852213776327024e-05,0.001810904106926959,-2.038074995645997e-05,5.343099131645357e-05,-0.0007087314011923096,-1.8605718886089494e-05,-6.159364361967568e-10,1.1042557938645313e-09,-0.0004725326223948046,0.00023076964612368212,-0.03847708372853342,-0.000856495321043314,4.825647666835062e-14,5.0951579652451506e-14
8.7800,-0.04501792588649303,-0.00019973302877385004,0.24526998801216857,-0.05611808563541536,-0.0790867238516039,0.0062048009762168095,-0.0004814041177686591,8.786755119350672e-05,0.0011223542055345274,-3.1621747492380867e-05,8.106509930628037e-06,-0.0003786677896572407,-1.0960484549293987e-05,-6.159364752049008e-10,1.1042558017955036e-09,0.0009302683487069025,-0.008202676830945244,0.14674660411808513,0.0033725610560777384,-6.26514492412314e-14,-6.072070201246921e-14
8.8000,-0.04499981314471629,-0.00019745496906250733,0.24522263603437522,-0.056143097138308645,-0.07889029505754093,0.006202550909883776,0.0005363736355871818,0.00022846132351866147,-0.0019115302196875158,-5.1467179736975326e-06,-2.2562283026994428e-05,0.00030166241890424003,8.01715559240429e-06,-6.15936407224435e-10,1.1042559205459523e-09,-3.6087107007438936e-05,0.00831094445193606,-0.16883387573156922,-0.0036869965997047695,4.194353333620074e-14,4.4646096986501044e-14
8.8200,-0.04503138816332377,-0.00019394874441937282,0.24528835522459075,-0.05617634135499167,-0.07916411870846939,0.006214569608108314,-0.0011897529257139437,-7.693755239828137e-07,0.0030280990249805283,-1.614890521139932e-05,-1.388479024284349e-05,-0.00041958892990509925,-8.760687869449286e-06,-6.159365554695324e-10,1.1042558191050698e-09,0.0017667576287939636,-0.015204564786772259,0.28989570693029054,0.006611673031850726,-6.599298744188603e-14,-6.405669722951701e-14
8.8400,-0.04497632338305953,-0.0001929014317567079,0.24515414237111188,-0.056194873618236246,-0.07861825987585944,0.0062015546300996805,0.0025138892743807365,0.0004706586443392356,-0.007754198089845327,4.2357218815856535e-05,-0.00010839193809867994,0.0019870856800756455,5.150296215262134e-05,-6.159368882995687e-10,1.1042555304595377e-09,0.0018551402093901592,0.01150123563529417,-0.20449348301549525,-0.004292267059090837,3.4688316672207287e-14,3.741557302698595e-14
8.8600,-0.04495871281243395,-0.0001903335843746121,0.24510585272412466,-0.0562145922320721,-0.07840597443224516,0.006199941011662015,-0.00028301827373714765,0.00014495846457800756,0.0003163279594802418,5.689842453148375e-05,3.030637663200572e-05,-0.001233882824557168,-1.7883081081577475e-05,-6.159367775215948e-10,1.1042556945719614e-09,-0.001890052602401548,0.004659536490294098,-0.15451848181332795,-0.003542936902435133,3.000569492308744e-14,3.2710948750028224e-14
8.8800,-0.04501727850083147,-0.00018653945143566516,0.24522746103607546,-0.056241583492207994,-0.07891752966152299,0.006219619383976761,-0.002895729118912148,-0.00021462334802220155,0.007504316807325185,-4.7597487703150675e-06,4.2072246747516435e-05,-0.0027133639588096388,-5.4907479485042845e-05,-6.159365436376037e-10,1.1042559745230586e-09,-0.004552797951616506,0.0006637512776072377,-0.07258397883872257,-0.0019309103111856808,3.3261872531449577e-14,3.593220149590917e-14
8.9000,-0.0450591525804301,-0.00018471085409376756,0.24530513026443926,-0.0562636988557229,-0.07929390744681243,0.0062331618297965675,-0.0008306886129030008,-1.8688393446103254e-05,0.001238373509147167,-2.6700489053302346e-05,-0.00012097766956791998,0.0003785440534772378,1.1998468262758758e-05,-6.159372100680834e-10,1.1042553544080827e-09,0.0020372137149620786,-0.007343322962162304,0.19456694220361725,0.00446586584606673,-7.308825040411998e-14,-7.1160647361658e-14
8.9200,-0.04500867157746758,-0.00018561885361048207,0.2451723001256643,-0.05626799145952245,-0.07879648912316528,0.006219919825891866,0.0021332715912909836,0.00034510123755731,-0.007146463182577408,6.347391631244368e-05,-0.0001418298296660011,0.00235975361555713,6.281380512373886e-05,-6.159377288569321e-10,1.1042548816681936e-09,0.0032369750372659508,0.013557317676707559,-0.20452272568092553,-0.0043228300413148905,2.977377391399742e-14,3.249759809127381e-14
8.9400,-0.04499717739998567,-0.00018510317701383923,0.24513401970628884,-0.05627214950715675,-0.07864827587674542,0.006218342558439686,-0.0005047657896620508,1.4106882770628334e-05,0.0007876380031913941,9.421293821597572e-05,4.304613694400039e-05,-0.0010910988620432822,-1.2589183501296428e-05,-6.159377078136012e-10,1.1042549559439573e-09,-0.0009710194481227074,0.0038752811148770037,-0.11497580640316593,-0.0026995548532300455,-8.447231900510915e-14,-8.254062309944604e-14
8.9600,-0.04503516797742023,-0.0001841157786987188,0.24521003107232445,-0.05627825578023728,-0.07897177247153656,0.006230264908960778,-0.0015104062022763107,-0.00016514894277860825,0.0036715455171042093,5.30690274751687e-05,1.216499742439729e-05,-0.001259107029161442,-1.9888496008433263e-05,-6.15937927977224e-10,1.1042547815568445e-09,-0.0017619183371803218,-0.005871351877337509,0.09343702560758654,0.0019530341302382757,3.211217099521879e-14,3.4807185887893166e-14
8.9800,-0.04507540768010237,-0.0001840520889314357,0.24529178679561292,-0.056281506599060914,-0.07933244519173198,0.006241915351959192,-0.0012005305361304389,-0.00017637897053836304,0.0029257479944700742,2.3438208848383806e-05,-4.908909877949147e-05,-0.00011462583006673267,2.5485617435385396e-06,-6.159382558404489e-10,1.104254500443848e-09,0.0009808769060926602,-0.009916489104061791,0.22441055854451555,0.00502203663002217,-7.461128340591899e-14,-7.268507627375409e-14
9.0000,-0.045039634886652906,-0.00018686418165789832,0.24520060294234874,-0.056268592681824964,-0.0789767120941695,0.006231132616513782,0.0020797228028171973,0.00019684031931784595,-0.006431619757280675,7.737447830529128e-05,-0.00010187194790721404,0.0021409609079107235,5.660698432901423e-05,-6.159387343162688e-10,1.1042540705411797e-09,0.0017580585948500484,0.011195967674787744,-0.16500102540935344,-0.003534367519662308,3.191862735490297e-14,3.4636918712967896e-14
9.0200,-0.04506590967356569,-0.0001876600541836775,0.24525906812895126,-0.05626189087800753,-0.07919863171126136,0.0062385618778704275,-0.001964790746413502,-0.00032195656227252973,0.005658873401256034,6.034085807195489e-05,9.400568195243077e-05,-0.0017235461457743508,-3.2329898803937196e-05,-6.159383515508825e-10,1.1042545029147985e-09,-0.002331344754595887,0.0006189278206651414,-0.047506384597719095,-0.001352011058648254,-7.691007661465854e-14,-7.500478103189545e-14
9.0400,-0.045047510541123596,-0.00019033842372553482,0.24521825763946173,-0.05624538023730493,-0.07900693409996301,0.006232418376703513,0.0015510183889196876,7.605574294202714e-05,-0.004389984110196696,6.332874912949848e-05,-5.8684683405411386e-05,0.0014081803898134233,3.774100948494607e-05,-6.159391185307868e-10,1.1042537820134464e-09,0.0008381226723309438,0.0011222441739077418,0.004326567497421701,0.00019455908497381883,-7.518374215299134e-14,-7.323597295012113e-14
9.0600,-0.045044734210594364,-0.00019242946432179454,0.24521616464341042,-0.056228348360039024,-0.07895557820559856,0.006231066725263186,-5.765499695617603e-05,-0.00012593483092213203,0.0004612428033515778,4.981062541737701e-05,2.3413991277963936e-05,-0.00024635954427507936,-4.921063916608311e-07,-6.159391012075807e-10,1.1042538460962865e-09,-0.00019415293323658123,-0.005008891228010277,0.07950287370924382,0.0016943481708550038,-7.334081530020048e-14,-7.140733046095277e-14
9.0800,-0.04507469070707437,-0.00019394842911267873,0.24528961719236791,-0.0562147721372979,-0.07921717405488378,0.006238899234437162,-0.0016156972450573708,-0.00033529152766013394,0.004950250603540431,-1.7656711025878276e-06,5.218822252062987e-05,-0.0013101119809732246,-2.85783352282199e-05,-6.159387622652258e-10,1.1042542357329057e-09,-0.003433356301724997,0.0013402063766765272,-0.0519889676036623,-0.0014485916002021663,4.1774072536641255e-14,4.445071697875558e-14
9.1000,-0.045055852168764655,-0.00019715169769498329,0.2452503225875566,-0.05619348231736387,-0.07902637998638697,0.0062322955063406895,0.0014370082468386895,3.2254297128368316e-05,-0.003942698321855223,-8.986770173149795e-07,-8.325160416710042e-05,0.0015978507832283015,3.602238906644436e-05,-6.159394285607288e-10,1.1042536127380585e-09,0.001464617425387804,-0.0024998746096710255,0.08660472310832283,0.0020682763348259595,4.4720141218618226e-14,4.744228827065905e-14
9.1200,-0.04504824523505484,-0.00019945141153375148,0.24523691485912846,-0.05617347434932454,-0.07893153930133252,0.006229565740997818,-0.0005690444107286769,-0.00018145452064078694,0.0018900301496520091,-8.961898868930557e-06,5.9020857238543484e-05,-0.0010082284235943353,-2.2832364104912915e-05,-6.159388742985129e-10,1.1042542215377308e-09,-0.0029055134028530623,0.009295563012398887,-0.21328861708432942,-0.0050312857778685395,4.232820149073502e-14,4.501071417710792e-14
9.1400,-0.045083948745705184,-0.00020082103449626734,0.24532083347626063,-0.05616156650815548,-0.07925386076863115,0.0062389886552239445,-0.0008026989999388437,-0.00022663648349840196,0.0023849207534199536,-5.5254577048239795e-05,-1.030409602540187e-05,-0.00022762580595415228,-1.0317684070343365e-05,-6.159391536293926e-10,1.104253987354025e-09,4.201440823962606e-05,-0.014228254760575114,0.2818306240153141,0.006262454892430642,-6.006832401275752e-14,-5.814449534910851e-14
9.1600,-0.0450377292647739,-0.00020412803169708645,0.24521398328481625,-0.056138562424758065,-0.07880279270392136,0.006225028861856128,0.0017685622273332779,0.00013292062025049752,-0.005198201918569408,-2.3179508314016783e-05,-5.204358583050223e-05,0.0013597266305429923,2.8226067518679674e-05,-6.159391767645121e-10,1.1042540117138929e-09,0.00046994910374457244,0.011483762594717822,-0.20265233397075022,-0.00446748439054076,4.51901089790728e-14,4.790313518033759e-14
9.1800,-0.04506016745092506,-0.0002048831984609234,0.24526342959901695,-0.05612757666408334,-0.0789908692535495,0.006231443385823271,-0.0013315067174186144,-0.00022343667162818396,0.003686384040651689,-4.8722464295813146e-05,7.280112165600291e-05,-0.0014736816340353454,-3.7980543708493334e-05,-6.159387435776529e-10,1.1042544929921382e-09,-0.002124618204917793,-0.0018793387442399177,0.0027417400567172445,-0.00015058918348229939,4.9085871001511294e-14,5.17732558213968e-14
9.2000,-0.04506798937055484,-0.00020615240817785068,0.2452751330719888,-0.05611694112645401,-0.07904920565231278,0.006233379089741059,-5.0765562345107125e-05,-5.691593345921312e-05,-0.00029914667794142,-6.564994081698399e-05,-2.7857220639968672e-05,0.00029979625122117067,-2.3241799314151299e-07,-6.159390613408095e-10,1.1042542198856766e-09,0.001828580990159101,-0.013112069740816783,0.2726468805212093,0.0061785304062201086,-5.80610524394086e-14,-5.611568881010859e-14
9.2200,-0.04505744886001481,-0.00020741858814969167,0.24524185916069213,-0.05610607203872363,-0.07893133010070552,0.006230432032708666,-0.0001493221176167699,-2.7943911434868035e-05,-0.00014071316770861508,-4.9866815220771016e-05,1.2032287880688766e-05,-3.676060386892362e-05,-6.522064070938372e-06,-6.159387268192756e-10,1.1042546039583188e-09,0.0008814467297291914,0.0021385501357930334,-0.03379967506718652,-0.0007559169831577665,-6.182263089047485e-14,-5.989184978039477e-14
9.2400,-0.04506077528541841,-0.0002078740240634751,0.24523911704574228,-0.056099831429362514,-0.07894183790173737,0.006231726088377516,-0.0001879115105275676,-1.0380103954515442e-05,-0.00011916382056229065,-4.1769962054838096e-05,1.9890821108800752e-05,-0.0001288565199018291,-8.650440598788641e-06,-6.159386811454702e-10,1.1042546994578413e-09,0.000905866111377768,-0.00366479566323814,0.07346048530903827,0.0016656340397506427,-6.088031690104981e-14,-5.894850579890587e-14
9.2600,-0.045084649727299725,-0.000207463956672167,0.24528178781748156,-0.056099517288437935,-0.0791464138020837,0.006239121394114215,-0.0018805014166247784,-0.00019853602295958443,0.004687234504171538,-5.734983273063029e-05,8.265435156621796e-05,-0.0014749227279750674,-4.0176688787887454e-05,-6.159381363744481e-10,1.1042552949904232e-09,-0.0016771729919067455,0.002129524759052807,-0.06092152215026223,-0.0015514848664763955,5.070272137254819e-14,5.337859332061462e-14
9.2800,-0.04507781815570559,-0.0002079099151301588,0.2452532890902923,-0.056097920697366556,-0.07906879338896639,0.006237476257899773,0.0009445533578345461,0.00015117751173077633,-0.0035292267743293527,-3.208984965249074e-05,-3.1271281165799565e-05,0.001148631296725234,1.9913982481033138e-05,-6.159384244970623e-10,1.1042550516817673e-09,0.0009461839975420075,0.0066324330732173776,-0.09343409849692787,-0.00195596515203349,4.960703343329792e-14,5.231240923298311e-14
9.3000,-0.04508838688597914,-0.0002073002092653845,0.24526655668540423,-0.05610192181510841,-0.079150594089492,0.0062413324026705675,-0.0010602173206833176,-6.453149091974256e-05,0.0023100598252020293,-1.9235398368378918e-05,7.064440758841333e-05,-0.0006130347463326574,-1.8848608121052314e-05,-6.159381633248206e-10,1.1042553594660157e-09,0.0010250239375632516,-0.002890129544260346,0.05054930870028065,0.0011153063079069104,-6.140121505855689e-14,-5.947817244148293e-14
9.3200,-0.04508298879596911,-0.00020699508610973536,0.24524554433826068,-0.056106262040404024,-0.07908469590802386,0.00624056249260477,0.0006933798100393761,0.00013870540556938895,-0.002506878479816992,1.5998760251019513e-07,1.0462038419109954e-05,0.000722261627601515,1.2507643405035175e-05,-6.159382272822321e-10,1.1042553445405565e-09,0.001121501236414619,0.0018074146596948,-0.019881764238661198,-0.00031990878869108357,-6.326025586613632e-14,-6.132495498824969e-14
9.3400,-0.0450879674487526,-0.0002060452328231193,0.24525147869774358,-0.05611391341065402,-0.07911393719701966,0.006243074798310175,-0.0005344776611134761,-1.110541710213356e-05,0.0012812810538310056,7.777739488203328e-06,5.495393635524627e-05,-0.00019416378666777825,-7.211052152112374e-06,-6.159381066457466e-10,1.1042555110581879e-09,0.0007238549118892403,-0.005498472670623706,0.0972046169178055,0.002222013930046364,4.8648314109750457e-14,5.135240241935582e-14
9.3600,-0.045103186820095634,-0.0002046847973845184,0.24528270581377143,-0.056126136876672526,-0.07924086385880043,0.006248654791869096,-0.0008909344787463493,-5.537869105942202e-05,0.002410125142858835,-2.084695765602318e-06,5.8762687726694045e-05,-0.0005086442828761114,-1.4389039642470581e-05,-6.159379391707919e-10,1.104255726996458e-09,0.0005654913234169652,-0.006664801250690345,0.11891327768316781,0.0026714200030823836,-6.277900562682431e-14,-6.08549601227408e-14
9.3800,-0.045057373178271194,-0.00020496346227303093,0.2451764785945633,-0.05613002741702473,-0.07879405890289959,0.0062366057630743425,0.0032889171412938444,0.00045923308996884674,-0.009555709930707167,4.161526582803847e-05,-9.4676578064381e-05,0.002822782614674292,6.43473247818115e-05,-6.159385355509287e-10,1.1042551741934222e-09,0.0032095621372841884,0.0009195653718290614,0.022904631072458968,0.0009164852263069273,4.4331244675611253e-14,4.7074323605844626e-14
9.4000,-0.045012253690167765,-0.00020418049128001001,0.2450743805682597,-0.05613210410037004,-0.07833001672058706,0.006225835604833692,0.0011993200420732516,0.00024868150267843517,-0.0033534130599050293,6.787580226732772e-05,4.86966894246279e-05,-0.00013835581553885216,2.4882880977319583e-06,-6.159381984475027e-10,1.1042555628786677e-09,-0.0015421842324826718,0.008878756555279109,-0.23025871473532689,-0.005153768199031209,3.597743983155613e-14,3.8694653763712145e-14
9.4200,-0.045011617979003146,-0.00020216524822920122,0.24507140974749053,-0.05613766798075725,-0.07827721249609353,0.006227928411970417,-7.428670858913205e-05,9.822341318740074e-05,2.1941519419014177e-05,2.690327661907665e-05,2.672253943104674e-05,-0.0011083452540705317,-2.0364010587963944e-05,-6.159383472784151e-10,1.1042554622621577e-09,-0.0023107023209367307,-0.0041987041329988916,0.01718502988346469,0.00031265150755261506,-7.374191589391149e-14,-7.179271012316274e-14
9.4400,-0.045049144427375565,-0.00019966408312659708,0.24514761931468693,-0.056146216691900605,-0.07858789825626236,0.006240642525326864,-0.002069953808446501,-0.00014920469910272921,0.005253966307849189,-3.823280293003482e-05,1.627423302458412e-05,-0.0020640587867907477,-4.515929330376803e-05,-6.159380396471143e-10,1.1042558208645335e-09,-0.004190448416326101,0.0028566412920755144,-0.10585061671573985,-0.002647419538100737,3.86022729623528e-14,4.128566656299085e-14
9.4600,-0.045133696101284114,-0.00019708795305988132,0.24532355537380401,-0.0561621570834231,-0.07936391613836648,0.006265847992997911,-0.003688804648585141,-0.0003899995219812872,0.009492260225852504,-0.0001038654609219372,-1.22565376643577e-05,-0.002039992509202172,-5.089214872168544e-05,-6.159379616202485e-10,1.104255946865746e-09,-0.0006376424619927682,-0.010576642132040228,0.21765424390042123,0.0046524322794002535,-6.350803672013072e-14,-6.161103528398715e-14
9.4800,-0.04513179658339011,-0.0001977314967577321,0.24529917760069708,-0.0561669948124501,-0.07934525891436546,0.006265258935009035,0.0012195843912143922,0.00018454928638242808,-0.004721054233279393,-4.4368158318451996e-05,-0.00017525945343815262,0.0027010321228691674,5.736056060282106e-05,-6.15938648449748e-10,1.1042553023684863e-09,0.005531204688318184,-0.0004914765499550996,0.1262896468554775,0.0031717083547143643,4.7849751775869837e-14,5.056893760072706e-14
9.5000,-0.04505375536480127,-0.00019948325120139446,0.24510726916587275,-0.056159411253000883,-0.0785900892598429,0.006243575121039126,0.003146391060596672,0.0004541774111705574,-0.009752838720518233,8.186927805650398e-05,-7.894116147521882e-05,0.0027609638516513176,6.737108919226007e-05,-6.159390268201585e-10,1.1042549703004947e-09,0.005341276353882763,0.00695011146523847,-0.08459497790567146,-0.0015155663669269561,-7.381657676601427e-14,-7.183957476206843e-14
9.5200,-0.04500027375725628,-0.00019944119692115366,0.24497834559957862,-0.056150681165368234,-0.07803582886807274,0.006229979254945262,0.0011729053452134704,0.00024399510544430406,-0.003721873152586228,0.00012259059895031288,8.047511562946883e-05,-0.0005692734656643551,-2.744200474042619e-06,-6.159388975075652e-10,1.1042551533990197e-09,-0.001964671553340136,0.007731159410726121,-0.22131646653962742,-0.005003538986058579,2.952102267066853e-14,3.2247574294035075e-14
9.5400,-0.04500872551024901,-0.00019795803116737538,0.24499013474720868,-0.05614584299157374,-0.07805972822511108,0.006234001453723516,-0.0002710990345511369,4.4785885813510975e-05,0.00026098683428702873,6.597541208188014e-05,4.135921028709227e-05,-0.0014048092670535634,-2.41565617825779e-05,-6.159391892248449e-10,1.1042549072588886e-09,-0.0025521558218317784,-0.009883632265807584,0.1207811662750828,0.0025936200915258538,-7.755214114120446e-14,-7.559481740668922e-14
9.5600,-0.045069972174105556,-0.00019584316153161777,0.24511393558046474,-0.056143579303707995,-0.07858319150970133,0.006252687983755133,-0.003401246364734596,-0.0003513490433367291,0.008732868340967299,-2.5532030801897107e-05,4.856143399573792e-05,-0.0028357135643992705,-6.20914378075471e-05,-6.159387346769196e-10,1.1042554142289374e-09,-0.005105041867494332,-0.0001375792886274163,-0.05055807982824386,-0.0015458475969147662,3.7202696706682e-14,3.987911075583467e-14
9.5800,-0.04517305711140123,-0.00019431991290904242,0.24532757092776092,-0.05614844924998923,-0.07953565476041434,0.0062818120737757836,-0.003891729211201467,-0.0004837442479169513,0.009826798589289257,-0.00010083164477067852,-3.061482796533951e-05,-0.0015772329029705595,-4.2210180536042175e-05,-6.1593875708191e-10,1.1042554388564948e-09,-0.0005151566637236798,-0.010783679535336696,0.2556650879469947,0.005494340792468047,-6.196974357275398e-14,-6.007571691632116e-14
9.6000,-0.04517057290405961,-0.00019650536629731323,0.24530112711473132,-0.05614008528350072,-0.079515471023835,0.006279644131316569,0.0012378036990400056,0.00011051634395588803,-0.004740872021099055,-2.734890675288784e-05,-0.0001625422433691347,0.0032028004902265876,6.696679736029449e-05,-6.159394069053126e-10,1.1042548313228589e-09,0.0060410731995290045,0.0022480550468319924,0.09806738592916439,0.002532688992284973,4.9956966460731195e-14,5.2673021651815366e-14
9.6200,-0.04510075927690909,-0.0001994451901526827,0.24513276818270666,-0.056122283730848495,-0.07884405084039517,0.006258995736365716,0.0031604115809816353,0.0003668793952182298,-0.009442815137388077,9.881635849961087e-05,-3.767483478832474e-05,0.002991926477920989,7.006899185242295e-05,-6.159396086655655e-10,1.1042546764829866e-09,0.004428175479593421,0.01178043389662244,-0.16740491114658906,-0.0034202136606120543,4.100580010095445e-14,4.3741655534213636e-14
9.6400,-0.04509398093773938,-0.0001996605061611327,0.24512051264700374,-0.05611277250363558,-0.07874623235644275,0.0062573903512558905,-0.0006592493591268053,-9.66714947758592e-05,0.0022246957612495665,0.00010184585676699769,0.0001692802742188989,-0.0013536342017813614,-2.6722002669823553e-05,-6.159391650389371e-10,1.104255172069177e-09,-0.0019530102958612717,-0.0010869014145550207,-0.04371451464330038,-0.0011427299374430248,-7.077808662509649e-14,-6.884591638098292e-14
9.6600,-0.045137127765761204,-0.0001989241297832426,0.24522581430505774,-0.05611078706462355,-0.07912636486365934,0.006269782896750986,-0.0021219539738597326,-0.0003083272835983471,0.006528100519829846,1.5580942425423036e-05,0.00014251784215089125,-0.0021879885693104934,-5.0695891694749514e-05,-6.1593870832153e-10,1.10425568212927e-09,-0.005600297207378026,0.0029239413620539435,-0.11642160620505619,-0.0029677574681449418,4.5150935399328185e-14,4.781605341709627e-14
9.6800,-0.04514435747935785,-0.0001999019850964784,0.24524905857839277,-0.056105671830086155,-0.07918628511560508,0.006271161667092843,0.001542462682242091,0.0001036084699366224,-0.0040532579412446024,-4.498087662590887e-06,-8.07069522152755e-05,0.0020211175530992272,4.181324649774379e-05,-6.159395272091512e-10,1.1042549020639063e-09,0.002219497257093429,-0.009752311765099674,0.24156801120922186,0.0056448413429857494,-6.000237063935251e-14,-5.804796069817583e-14
9.7000,-0.04513257345965471,-0.0002007912565554018,0.24523168540207146,-0.05609968591995366,-0.07906052808884752,0.006267780678343612,-0.0001817881919512696,-7.960624100403534e-05,0.0011886489353697615,2.6478080189532656e-06,4.9192939747608736e-05,-5.955210284602926e-05,-3.2694266788651793e-06,-6.159389076415082e-10,1.1042555734402992e-09,-0.0013676416651752026,0.00829018793868052,-0.17556921989475976,-0.004029028905390487,4.706878739850137e-14,4.97582322025146e-14
9.7200,-0.045144607462205326,-0.00020098880582526349,0.2452712026131409,-0.05610023268022832,-0.0791641788269559,0.006271255139397636,0.0003912182348364283,-2.104283309008253e-05,-0.0004013065536409415,-1.930758116820494e-05,-2.531598075578811e-06,0.0005394776409919969,8.140006411335879e-06,-6.159390785215892e-10,1.1042554506051666e-09,0.00019256173676761217,-0.007247213781782978,0.14647348737124427,0.003345950616181144,5.222636423806923e-14,5.4936124280289406e-14
9.7400,-0.04510905249217286,-0.00020202388637390978,0.24520141702063966,-0.05609570034454854,-0.0788150733811359,0.0062615002451888585,0.00146234446917171,0.00014602929050704937,-0.0035132405207300085,-7.149825629290889e-06,-1.5093698655559908e-05,0.0009475686206767931,1.9634495194298028e-05,-6.159390227949528e-10,1.104255551774958e-09,-2.563824469968395e-05,0.0044985497220113,-0.09333586250072701,-0.002006851148790697,4.77270133136809e-14,5.04411779272268e-14
9.7600,-0.04509939579390687,-0.00020173119651527212,0.2451894237501664,-0.056096412209850344,-0.07870086148807652,0.006259832572322391,-9.695107895723491e-07,1.4064674028977305e-06,0.0005687172974814759,-2.3392669293460456e-05,3.838990491685174e-05,-0.0006539002112712059,-1.6124858345501575e-05,-6.159387528160487e-10,1.1042558713478512e-09,-0.002136474281585634,0.002911634834629109,-0.10066559212631825,-0.0023419781292865153,4.64081694622788e-14,4.911187152486021e-14
9.7800,-0.04514099563013641,-0.0002001498901402144,0.24528910655339836,-0.05610713967125547,-0.0790755725259887,0.0062728567478115725,-0.002058752721270776,-0.00024358232543088466,0.006113212578543918,-8.587988632603818e-05,4.284096853082126e-05,-0.0017872549224210743,-4.559258066422471e-05,-6.159384569815789e-10,1.1042562162575669e-09,-0.0020254460221232227,-0.00877573703782525,0.13286786655366606,0.002789122237348967,-5.976521496664847e-14,-5.78526010192211e-14
9.8000,-0.045132863083213494,-0.00020024521239388508,0.24526798569847513,-0.056113456556778366,-0.07899317405961241,0.006271219094097153,0.001171646748365456,0.00016468410431190613,-0.0036210804705539635,-7.53177078467525e-05,-0.00012112998301991929,0.0016541592868243348,3.228634795752109e-05,-6.159389121272315e-10,1.1042558070621165e-09,0.0032218121189806544,-0.005383936766405375,0.152738213260208,0.0036751002423819974,-5.991237508277264e-14,-5.795880539827963e-14
9.8200,-0.04508747117455177,-0.00020056579191229856,0.24515847600496085,-0.0561153928478095,-0.07854736408818092,0.00625958886608,0.0019148985518932713,0.0003081544465790579,-0.005889404069551866,-2.1128668187247484e-05,-8.027414257874156e-05,0.001492983600160078,3.3198372963458595e-05,-6.159388985479924e-10,1.1042558662766176e-09,0.002170109972133542,0.004719052152477561,-0.07524690599107181,-0.0014571015968702077,4.4450967700507965e-14,4.7181917118936656e-14
9.8400,-0.04510048053048329,-0.00019872517472805423,0.24517972529474993,-0.056126019981965675,-0.0786406952643307,0.006265286999186603,-0.0012646193427619003,-4.97270382678022e-05,0.0030660939099103864,-3.224105945006787e-05,5.2566000475877995e-05,-0.0016467754464726204,-3.735413224978365e-05,-6.159383874470652e-10,1.1042564292141177e-09,-0.002085320213662745,0.0008608327830218539,-0.06632116176005291,-0.00163112857154874,4.296054885531003e-14,4.565492677920807e-14
9.8600,-0.04512992615390061,-0.0001968652462488637,0.24523217585901322,-0.05613934509201818,-0.07889641717558019,0.006275251881333942,-0.0014547693742164992,-7.359371155734581e-05,0.003186690805912678,-6.0501093579614715e-05,-1.3521699419943096e-07,-0.0011717716561517636,-2.85361080137163e-05,-6.159382807262805e-10,1.1042565844735153e-09,-0.0021297683115394633,0.004390961352748091,-0.09917145331349916,-0.002349466793277198,4.3764789698069045e-14,4.64484272441959e-14
9.8800,-0.045171257656824046,-0.00019522819198350492,0.24530729820868455,-0.05615602099098547,-0.07927689885202627,0.006288100193981916,-0.0014175315561337455,-8.892076410634997e-05,0.002872156865476499,-6.783864155834284e-05,-3.278027672441414e-05,-0.0004301632567008098,-1.36650045048723e-05,-6.159383612633659e-10,1.1042565506653336e-09,0.0010897980802168552,-0.003718856797418778,0.10420227506098986,0.002340058969836513,-6.415310990770529e-14,-6.223727045881478e-14
9.9000,-0.0451533235346471,-0.00019533591812951316,0.24524731377138573,-0.05616493217712071,-0.07910366640691825,0.006283647180342996,0.0012252911969740702,0.00023190308721207013,-0.004641891015583851,-1.3856192886944353e-06,-9.11771383661011e-05,0.0018825087992165063,4.187584602495246e-05,-6.159388785868478e-10,1.1042560774460104e-09,0.0053999704520143995,-0.004045406607229902,0.14801472588642203,0.003642719501751513,-6.64755116187507e-14,-6.452093904724815e-14
9.9200,-0.04509388745013393,-0.00019575907097308057,0.2450977741803229,-0.05616570345866733,-0.07852054852893603,0.00626792929582107,0.002041465124266313,0.00035932091497808244,-0.006617240310718249,8.839402955150035e-05,-7.4303680085413346e-06,0.0012440834904374777,3.4749903877584205e-05,-6.159389420850388e-10,1.1042560652332521e-09,0.0016111575266330401,0.010990309602967456,-0.21233690689519633,-0.004564833343909668,3.418998347241506e-14,3.6917361799938125e-14
9.9400,-0.04509726295319307,-0.00019409553311323978,0.24509605866542516,-0.05617216604396887,-0.07851453930969864,0.006270659408526279,-0.0007776985484314662,1.0552362066663663e-05,0.0016857916749376187,7.686008373640582e-05,9.80982881783289e-05,-0.0015757055502917516,-2.8374991731099582e-05,-6.159387533363706e-10,1.1042563024883666e-09,-0.002475120479495505,0.0016479652355460544,-0.09545836646091801,-0.0022790260055453016,3.3568315499239026e-14,3.627009987922786e-14
9.9600,-0.04514532228385206,-0.00019196465048315267,0.2451950965256367,-0.056182200444036025,-0.07893660441408021,0.006285620818326991,-0.0026359519535140365,-0.0002534929335320062,0.0069007021747646054,1.4443658775451701e-05,7.596256144579837e-05,-0.002250760559073962,-4.738234087831951e-05,-6.159386018182496e-10,1.1042565040170949e-09,-0.003932513212272859,0.0002746846700664222,-0.05182395340812374,-0.0014494472900370748,3.7308853651895485e-14,3.9983986987231906e-14
9.9800,-0.04521004443867587,-0.00019068928836478798,0.24533061231719916,-0.056194624871736924,-0.07953933865012043,0.006304218183478438,-0.0020466350611613284,-0.00024835486208599553,0.005149441077339005,-2.9092535131454837e-05,-2.8327603946755577e-05,-0.00043682342240055857,-1.1349902939216824e-05,-6.159388801236505e-10,1.1042562714208039e-09,0.0007092065164697345,-0.009795023998563834,0.23031552522893947,0.0051219211731372925,-6.618689700043506e-14,-6.427548922792459e-14
10.0000,-0.04520123691453659,-0.00019195696138036121,0.24530197090810116,-0.0561968423156613,-0.07946174107947727,0.006301121105800976,0.001181055387422187,0.00011593440489689789,-0.0038145812114602122,2.975308848298986e-05,-9.914757004224938e-05,0.002469648969387219,5.655102628150755e-05,-6.159393804096473e-10,1.1042558177305974e-09,0.0050208689209821945,-0.0014713674209925003,0.1170817914709123,0.002924734542050016,-6.758935316812653e-14,-6.564415894541598e-14
10.0200,-0.04512665456309669,-0.00019422845582301023,0.2451330637726541,-0.05618752380875917,-0.07874739255615094,0.006279784967725563,0.0031762989577902175,0.0003758281362896454,-0.008905064221840548,0.00012399798364173077,-2.3926944155961876e-05,0.002337619953694782,6.087532260185789e-05,-6.1593958831568e-10,1.1042556575772535e-09,0.0020315721493775613,0.013476918010454678,-0.24331931862930092,-0.0052079446104840435,3.4299765718642794e-14,3.703049829663699e-14
10.0400,-0.045104340539217594,-0.00019432675434944514,0.24509124870216686,-0.05618231763787465,-0.07850533751221296,0.00627426084220418,0.00023088671989478492,2.1496773002303804e-05,-7.725456368101109e-05,0.00011189141732659341,0.00010974868614163379,-0.0010988156539211743,-1.562170434909889e-05,-6.159394826352686e-10,1.1042558138250439e-09,-0.002696548938805797,-0.0010877096331143256,-0.058454212123433075,-0.0014438071424154578,3.376414274038064e-14,3.6476884338575155e-14
10.0600,-0.045130700109979514,-0.00019351480038617063,0.24516079420213477,-0.056180345560056605,-0.07871928428984427,0.006282543982216359,-0.001596241273669591,-0.00022381256947365743,0.005063009502523396,3.162249007883893e-05,8.344213289427866e-05,-0.002091791734363708,-4.203402899810772e-05,-6.159392610447005e-10,1.1042560836607384e-09,-0.005681824743219971,0.001998989534185991,-0.11560149134384716,-0.0029230708786243645,3.64000550621274e-14,3.9083001429369296e-14
10.0800,-0.045175620875214303,-0.0001932364450366032,0.2452667463934278,-0.05618018968426546,-0.07912638062288052,0.006295317354872566,-0.0016498390404399287,-0.0002657027185743409,0.0048698848375160475,-4.2185946125530735e-05,-2.163859258175151e-05,-0.0009360405780208229,-2.1571822003763255e-05,-6.159395533824556e-10,1.1042558372970924e-09,-0.0009415984589193592,-0.011444448843248151,0.21812138826477281,0.004750015480891732,-6.642703422911345e-14,-6.450471667224233e-14
10.1000,-0.045170238965892597,-0.0001947325387750446,0.24525398358672135,-0.05617238509035607,-0.07906759091388604,0.006293296343676794,-2.2129105403385626e-05,-6.432186774610374e-05,1.9139754595975553e-05,-3.38340828191537e-05,-6.972902094828813e-05,0.0006593228666396496,1.4352842155348784e-05,-6.159396178966725e-10,1.1042558226148603e-09,0.00025141070886103897,0.007342054596030291,-0.10852313312875524,-0.0024428201121545626,4.3401778481930164e-14,4.6103217272476515e-14
10.1200,-0.045167160099436665,-0.00019599927816926492,0.2452469322578035,-0.05616531841564159,-0.079029188026204,0.006292103464976136,0.00038092137233465285,-1.1394342897466299e-05,-0.0010991167592413402,-1.650948769529153e-05,-3.652824118233918e-05,0.0004991502498731509,1.090066865041366e-05,-6.159396651911842e-10,1.1042558205047116e-09,-0.00012552109639105797,0.005998970270378511,-0.09690958618867344,-0.002182008877836086,4.3749658301499295e-14,4.6451822152248495e-14
10.1400,-0.04519173125768419,-0.00019638139352081736,0.24530364827073367,-0.056163734663885787,-0.07925316189791125,0.006298950916379129,-0.0014234288257837487,-0.00022808520800319574,0.004146115345346488,-3.233517889379791e-05,3.516282372965797e-05,-0.000901386937056032,-2.274991170438498e-05,-6.159395498886277e-10,1.1042559841751194e-09,0.0003239249448466487,-0.008816037871735145,0.1675453364283903,0.0036506832149450033,-6.329836557249918e-14,-6.137848747051616e-14
10.1600,-0.04513497827189035,-0.00019901366875707608,0.2451738443589435,-0.05614980924340165,-0.07871024545945914,0.006282295514323941,0.003128023685200049,0.0003422641260227905,-0.009035329908537509,1.724331000760027e-05,-0.00010987178298084028,0.0026517235047460236,6.070577668342713e-05,-6.159401610651491e-10,1.1042554166992368e-09,0.002759797269017966,0.005217839630019667,-0.0562212900747668,-0.0009539622936552906,4.3178066916164937e-14,4.591697844429782e-14
10.1800,-0.045112857770134705,-0.00019964796987247062,0.24512400107323393,-0.05614035319733835,-0.07847511091284914,0.006276595656560778,0.000379668360109794,4.719835615162838e-05,-0.0010586568506048659,2.3080010526444912e-05,5.598072096450397e-05,-0.0007718921147044221,-1.4588596623934837e-05,-6.159396929917541e-10,1.1042559368923718e-09,-0.0023672379062087043,0.008129889267480627,-0.2081233194317355,-0.0047904384075479894,3.892344075089732e-14,4.1627827216100116e-14
10.2000,-0.04514174236915373,-0.00019898804769317424,0.24518663757791434,-0.056136607943180386,-0.07871704402052727,0.006285536882666537,-0.0019565179871428155,-0.00023259268195466288,0.005330969607269256,-3.791943036745815e-05,6.725467416040838e-05,-0.002181303928164223,-5.023622519150611e-05,-6.15939497956773e-10,1.1042561839971177e-09,-0.0037606556155833455,-0.0016896853712736347,-0.021814127280222823,-0.0007738189858309515,4.3398220943551696e-14,4.6083200189867e-14
10.2200,-0.045196816921688455,-0.00019839308439561403,0.24530212790598332,-0.05613849319935637,-0.07922447085609881,0.006301246257470767,-0.0022380998948873863,-0.0002861316682502773,0.005721519366572716,-9.081248886483972e-05,-3.603968337857407e-06,-0.001269257953726555,-3.452650844928089e-05,-6.159395013994739e-10,1.104256225296242e-09,-0.00044971287341761694,-0.008184953442564822,0.16799235477741897,0.0036110673952704318,-6.149155620457925e-14,-5.958027040481317e-14
10.2400,-0.04516753651690973,-0.0002002911500897944,0.24522142482333023,-0.05612948619727578,-0.07894506528696095,0.0062923647256071125,0.0021318455987303646,0.00025879740565669916,-0.007001915836530559,-3.412408988734096e-05,-0.0001364442472345058,0.0025518097997330445,5.4072819445657e-05,-6.159400542225673e-10,1.104255715922523e-09,0.004071400141409065,0.004494694917467825,-0.006673202672128365,0.00014944747024268513,-6.449897040072816e-14,-6.254296126134706e-14
10.2600,-0.045154248849847846,-0.00020079309229455449,0.24518020127932202,-0.05612329286146578,-0.0788004212874875,0.00628895762068747,-0.00047842167448489993,-2.501840115955672e-05,0.0007778138155154605,7.3779179510236e-06,6.112428150709188e-05,-0.0006144464858619543,-1.4266462716271503e-05,-6.159395171862096e-10,1.1042563049404451e-09,-0.0008919628384257446,0.01107173438103931,-0.2321250703390752,-0.0053075075172255215,4.202943602957948e-14,4.472154390517888e-14
10.2800,-0.04520355323534999,-0.00019981953783808706,0.24528363454926674,-0.05612810390510322,-0.07925307283595397,0.00630321877261277,-0.0018765680403325254,-0.0002243890643420099,0.004835833203891637,-2.95089563180376e-05,5.99119305396425e-05,-0.0011798078978635972,-3.1076484340021206e-05,-6.159394469885506e-10,1.104256425274391e-09,-0.0006847668444362997,-0.008333374806480944,0.1586883688495877,0.003450482756598772,-6.22173346913682e-14,-6.030223385520769e-14
10.3000,-0.04517382255440406,-0.00020121801077280772,0.24520666031226368,-0.056122690847720876,-0.07896874990447769,0.006294394178504766,0.0024183125122978055,0.00029873554924539586,-0.007499442630708383,1.321544013707505e-05,-9.823759078517995e-05,0.0026613243256276274,5.788199817238807e-05,-6.159400632703498e-10,1.104255849741274e-09,0.0038074686041720276,-0.00033856791629158873,0.07381847422765472,0.002006792343474603,4.711651262288147e-14,4.9851778521209367e-14
10.3200,-0.04513692130893135,-0.0002017800206076227,0.24511788466376747,-0.056115728211810226,-0.0785973868034683,0.006284491125380242,0.0006842475614542674,0.0001256941516814446,-0.002157733594201844,5.567721670253197e-05,6.02782599972208e-05,5.741121529110631e-05,3.772575371410339e-06,-6.159396630013052e-10,1.104256301455543e-09,-0.0007187931989162814,0.011020323119279607,-0.24219693688137342,-0.005437911517888029,3.944135057616649e-14,4.2149640169190233e-14
10.3400,-0.04514420277877038,-0.0002009986094418024,0.24513214379084095,-0.056114393318897796,-0.07863746263369943,0.006287369253245704,-0.0001483990345086584,1.7190557798745886e-05,0.00025732870202600387,2.8724089983755695e-05,5.5729567064906894e-05,-0.0007516397780041595,-1.5802678481136483e-05,-6.159396828657796e-10,1.1042563323203732e-09,-0.002175685655705807,0.000368867496213049,-0.04218321764190346,-0.0010161219802101566,4.168377204820037e-14,4.43946569501745e-14
10.3600,-0.04519119300105078,-0.0001994640763499527,0.24523488489179526,-0.056119062822112736,-0.0790576342740399,0.0063014460283423975,-0.002776926640212948,-0.0003140473419600533,0.007690173449262728,-3.0267242044210287e-05,9.132222357266496e-05,-0.0022259232917087395,-5.2531713908410296e-05,-6.159392025694824e-10,1.1042568613808448e-09,-0.004182869280449296,0.0029328944766086845,-0.1008712602778626,-0.002585661761153721,4.483647611172592e-14,4.7503457601977966e-14
10.3800,-0.04523547621232433,-0.00019885075624444286,0.2453297894582672,-0.05612599024599702,-0.07947368275028477,0.006313901659969056,-0.0011138353499748383,-0.00014932270869259665,0.00283357482158303,-5.633654297210021e-05,-4.254816632405307e-05,0.00040765394883598885,3.061535244251877e-06,-6.159396057530115e-10,1.1042565043893832e-09,0.0022188181609498338,-0.010317157359995088,0.25147956329768895,0.005704222153511488,-5.900353583542309e-14,-5.70788669150904e-14
10.4000,-0.04517969241224043,-0.00020075393175614977,0.24519791771428864,-0.056119959278444646,-0.07894650148556162,0.006297719588867706,0.0027684818468361036,0.0003429560250981914,-0.008147400366180457,2.365303496405727e-05,-9.24356152884108e-05,0.0028577794330545444,6.3726827696871e-05,-6.159398852837774e-10,1.1042562681086137e-09,0.0032024228343486227,0.012443884413739073,-0.17869954613289793,-0.0036950592561578125,4.453562356138835e-14,4.726002033293708e-14
10.4200,-0.04514637507848462,-0.00020091015295245644,0.24512427002915985,-0.05611695643114878,-0.07861002818876356,0.006289057385319174,0.0008690377227084205,0.0001388785904043453,-0.002277595025580065,6.0833673242471685e-05,6.64440509414726e-05,-8.005776980131993e-05,1.2798811818211375e-06,-6.159396682996998e-10,1.1042565376385027e-09,-0.0010514996724368003,0.006729700542461683,-0.16920365648057828,-0.003800110538518277,4.019161170326288e-14,4.290280153709802e-14
10.4400,-0.045151959064730844,-0.00019983967663799641,0.2451405529824775,-0.056118609663595345,-0.07863405690544513,0.006291745267507652,-0.000660479884973444,-4.6915803393163126e-05,0.0020874410307994843,2.5420846852851628e-05,7.338050365570217e-05,-0.0012245105781856743,-2.5788952006833373e-05,-6.159396687064518e-10,1.1042565833117863e-09,-0.001984023053613862,-0.005819482033431552,0.05706263296676388,0.0011696399527034082,-6.881118125388191e-14,-6.687369841912316e-14
10.4600,-0.04517223942321568,-0.00019874983921407385,0.24518637401241503,-0.05612200152044462,-0.07880209429861598,0.006298382051764129,-0.0009807486065804923,-8.666749327443865e-05,0.0027180234312940833,-2.2038152903023774e-05,1.9842488703335016e-05,-0.0009726733272455471,-2.2401594756719756e-05,-6.159394741224382e-10,1.1042568273036584e-09,-0.0030799959694187934,0.004341287913673497,-0.11373578312582631,-0.002708302267038011,4.2923618218809745e-14,4.5612378620201594e-14
10.4800,-0.04522518883814723,-0.00019744753077889464,0.24530312380738514,-0.05613212977705816,-0.07929372547628459,0.006313842861560946,-0.0013313375343644866,-0.00016587632328081317,0.003531040362079946,-6.668438455899999e-05,-3.544191981630358e-05,-0.0003382712479472046,-1.2629008254894534e-05,-6.159396500867364e-10,1.1042566971525536e-09,0.0013860906037731452,-0.016120029623168924,0.34005138754092223,0.0076340266691663815,-5.975737482968868e-14,-5.78290331744967e-14
10.5000,-0.04520076112180636,-0.00019836944030676693,0.24524180740516346,-0.056132522866732426,-0.07906245137575622,0.006306889296714925,0.0016289051294483179,0.00020734461307478396,-0.004999116605001685,-1.8872196359468973e-05,-0.0001013838477282736,0.0020632766823345068,4.433689969905402e-05,-6.159398882731333e-10,1.1042565046571135e-09,0.003896767950224595,0.0003976343097628551,0.05499759695789944,0.0014938776471242997,-6.412168159723036e-14,-6.21709986010216e-14
10.5200,-0.04517521678638613,-0.00019848579355847206,0.24518163879741564,-0.056132974882144644,-0.0788058546728952,0.006300403356605518,-2.6959592192414572e-05,3.774047829051561e-05,3.620706801482393e-05,2.3830264898237484e-05,4.963887279073345e-05,-0.0002901178827723379,-4.862810002050372e-06,-6.159394665178174e-10,1.104256977689188e-09,-0.0008982196019142857,0.011793607406998039,-0.25171841996268246,-0.005702108800446138,4.076994547085738e-14,4.3464899377159555e-14
10.5400,-0.045212166285261715,-0.00019698488042500824,0.24526586987712876,-0.05614346032641764,-0.07914043335757452,0.006311799146776187,-0.00195113425142752,-0.00021731125013273815,0.005598052029257107,-1.4654773789792709e-05,8.306399670395381e-05,-0.001731205353223603,-4.026012240419652e-05,-6.159392697743373e-10,1.1042572235531182e-09,-0.0025578908101500913,-0.0029225239543515065,0.019910201655230345,0.00025033779001095607,4.5677186805061915e-14,4.835660951524323e-14
10.5600,-0.04519365052850475,-0.00019738061902578537,0.24522164142091263,-0.056146396033049585,-0.0789607360172673,0.006306825095372571,0.0017003646602100203,0.00022278813971520094,-0.005040227015574937,1.2441151627028745e-06,-7.316768293220125e-05,0.001567549270476835,3.5365030693062e-05,-6.159397331128316e-10,1.1042568070624367e-09,0.0007303940228178922,0.007313218666820918,-0.10995432824140226,-0.002294441949972921,4.3408636060671135e-14,4.612143186897427e-14
10.5800,-0.04518906617074633,-0.00019692937434214236,0.24521063038116012,-0.056151415086117686,-0.0789036663971468,0.006306388823176484,-0.00011737947590830043,1.6226631348253245e-05,0.00033840824472884326,1.1997477133098267e-05,2.867983694175778e-05,-0.0003276876072958496,-5.8934933615933774e-06,-6.159394851457048e-10,1.104257102611138e-09,-0.0012328741256681496,0.006951412512658996,-0.15350684689403762,-0.003495899259746359,4.142273004638375e-14,4.4117426454669956e-14
10.6000,-0.04521526481506459,-0.00019589984827918084,0.24527020522776782,-0.05616158759632858,-0.07914202994798314,0.006314559730583577,-0.0008116799574667824,-8.773742655488227e-05,0.0023038306608956305,-1.3983453799499161e-05,1.5100098770693126e-05,-0.0005618290097101422,-1.334605261813382e-05,-6.159396158133036e-10,1.104257018785024e-09,0.0005876290170221466,-0.010931755571591218,0.20707742254636227,0.004636871440223635,-6.510871215000685e-14,-6.317861544254816e-14
10.6200,-0.04520107663286769,-0.00019600775759021278,0.24523655196924724,-0.0561656689065171,-0.07900038579930699,0.006311093112573079,-5.443567911715556e-06,2.18074967088732e-05,-4.0240112872973535e-05,1.106016293857694e-06,-4.275111179092519e-06,0.00012118612856342164,3.920673836962991e-06,-6.159395160523585e-10,1.1042571673378862e-09,-0.0005009979503364745,0.008889284439815718,-0.17111672548689583,-0.003844189810221341,4.151057075114581e-14,4.420429137747678e-14
10.6400,-0.045206747627899245,-0.00019570770760024304,0.24524926748399534,-0.05617326469060159,-0.079049113028987,0.006313212647989153,0.0011608238422599726,0.00014325193429079355,-0.0033774706993123923,4.807522359404322e-06,-6.674405549893735e-05,0.0012110934360871713,2.782304327921685e-05,-6.159399705222824e-10,1.1042567575302406e-09,0.002070944764885469,-0.009134131281095241,0.2067025620577713,0.004844398249332619,4.551093795443842e-14,4.8235870050809815e-14
10.6600,-0.045166469719969154,-0.00019625275012371028,0.24515707127256187,-0.05617247030832028,-0.0786544287143724,0.006302521415559267,0.0012965991151352063,0.00019107726811694016,-0.003715584393644426,3.816806241537712e-05,-2.6356482339957468e-05,0.0008129229779272922,2.278781769653943e-05,-6.159399307885292e-10,1.1042568463548387e-09,0.0005037765643796089,0.006037921717648957,-0.12379900157106337,-0.002673531106270993,3.8177638405235276e-14,4.089689199272828e-14
10.6800,-0.04514795497354329,-0.00019593339629941822,0.2451142720010007,-0.05617216416785397,-0.07845394572372977,0.006298373136860189,0.0007680365572918081,0.00013724796573105676,-0.002282245047607168,3.6301515043662664e-05,-6.4842006375282625e-06,-0.00010451808665782693,2.9874713728969195e-06,-6.159400691396247e-10,1.1042567562422561e-09,-0.0009265506626896581,-0.0002566672515702506,-0.02769108718015378,-0.000604449247651748,3.689338737939904e-14,3.961453832069389e-14
10.7000,-0.04516679546761531,-0.00019473537810522063,0.24515247022654696,-0.05617429362796721,-0.07860153836850473,0.0063049558409675336,-0.0016277345992267503,-0.0001485822459014644,0.004315348998126254,-6.182877868091035e-06,4.134938816663602e-05,-0.0018915755126120673,-3.9057904097818016e-05,-6.159397908586591e-10,1.104257085608978e-09,-0.003467319879972445,0.002214847912803615,-0.09786195671810359,-0.0024442007853025826,3.7058945051137576e-14,3.974831531625145e-14
10.7200,-0.04523666759650412,-0.00019313016238537483,0.24530116304144442,-0.056183344686968846,-0.07924643661041934,0.006325372156057061,-0.0032250846778540615,-0.0003808948384698523,0.008539791404689936,-7.349218434922796e-05,1.1808388950296195e-05,-0.0020740028772995613,-4.9146992734509743e-05,-6.159397574545665e-10,1.1042571671311425e-09,-0.0010389474042514929,-0.011552541178010259,0.2183666421279882,0.004663670637917464,-6.588139593328296e-14,-6.397656113644318e-14
10.7400,-0.04525346624782315,-0.00019379802012790308,0.24532502695785816,-0.0561854877072244,-0.07940918641963439,0.006329681657148609,-0.0007236428775478098,-9.65564083260291e-05,0.0012066206241379798,-5.4181436491330725e-05,-8.166279948396062e-05,0.000714200875847488,1.3081322750787678e-05,-6.159400550796364e-10,1.1042569148017148e-09,0.0032088029646380623,-0.0022271850670010805,0.11145593902337844,0.0025768063342631775,-6.499309554083843e-14,-6.307023588288108e-14
10.7600,-0.04520167317634766,-0.00019600317084298525,0.24519618749523225,-0.05617750588825786,-0.07892104095364758,0.0063144371917401325,0.0029733133529454615,0.00036376626711156536,-0.00913183165565752,4.240465147075813e-05,-0.00010899907353168514,0.0029213551121145894,6.824998647008188e-05,-6.159404915620092e-10,1.1042565234947666e-09,0.0035698410947144705,0.012784689836703661,-0.17667540740410598,-0.0036367501116453794,3.978036026671197e-14,4.2508206156421924e-14
10.7800,-0.04519214491032311,-0.00019622347798054117,0.24517103454530936,-0.05617429090106647,-0.07881324492346777,0.006312139785015866,-0.00019321858144497175,-1.3076103315824705e-05,0.00043656213659954806,6.591322573883601e-05,8.58521884951191e-05,-0.0007508727438751047,-1.2558054503926035e-05,-6.159401410929862e-10,1.1042569278287155e-09,-0.0014228880216262114,0.005324584515349062,-0.13579731500963396,-0.0031332014770376455,3.773763528232277e-14,4.043600442546827e-14
10.8000,-0.045237370831844745,-0.000195314990481376,0.24527345620549337,-0.05617847797054637,-0.07922643869183406,0.006325254128595197,-0.002258555025668993,-0.0002985095421447397,0.006461954976222555,1.1333751632813337e-05,9.902540996238458e-05,-0.0019010501058264067,-4.248074443018754e-05,-6.159400507901055e-10,1.104257064488042e-09,-0.0016505761050515698,-0.011285207970683176,0.18305924694474957,0.0039041688079122635,-6.7336612089193e-14,-6.54235780134238e-14
10.8200,-0.045256798872969975,-0.0001957912005937058,0.2453169307391398,-0.05617984409404932,-0.07941219895114626,0.006330277942623366,-8.461361818236287e-05,-5.826433223220195e-05,0.00020203722125318674,-6.69333190512351e-06,-1.9892574309485275e-05,0.0005321346804828259,1.0503464278009539e-05,-6.159402052298598e-10,1.104256958770287e-09,0.0008182126908927268,-0.0009822016229496116,0.05281235541113206,0.0012195740399871251,-6.567657659037329e-14,-6.375595309939669e-14
10.8400,-0.04519992588483498,-0.0001981907273320121,0.24518975054541586,-0.05616975068308936,-0.07887570759694656,0.006313479072122484,0.0032886641749529043,0.00035646561460174855,-0.00924333882607161,5.688250438779427e-05,-0.00010155775158723593,0.0030594230021443233,7.16811839278284e-05,-6.159409019339271e-10,1.1042563029932121e-09,0.004163529746870762,0.00022357810792708678,0.04983875176841391,0.0014990016143559281,4.264163078627342e-14,4.538682391074314e-14
10.8600,-0.04515674594618854,-0.00019907133893240384,0.24509864078403626,-0.056159291308993116,-0.07844332252035621,0.006301758842117755,0.0008735353972655173,0.00010135925057610513,-0.0020004399092475706,7.543271014308116e-05,7.865367978202143e-05,-0.0005812235781011098,-6.71868497687691e-06,-6.159404497267877e-10,1.10425681020659e-09,-0.002444061266193757,0.008998284231430221,-0.23774443160792091,-0.005434983886478254,3.526781595713721e-14,3.797960210216722e-14
10.8800,-0.045184698296334605,-0.00019809580106426635,0.2451686950943566,-0.05615703453532637,-0.07867760539779761,0.006310499740984628,-0.0018988199033029504,-0.0002422460757024199,0.005758127978179188,3.6656053048469413e-06,0.00010133255104214893,-0.0025033593206032377,-5.397841799386854e-05,-6.159401819742587e-10,1.104257126188511e-09,-0.005613794138245363,0.0011347774380285316,-0.10536335854121585,-0.00271993411000094,3.932736704652037e-14,4.2008111128099407e-14
10.9000,-0.04525522221933669,-0.00019704810820471847,0.24532889710006608,-0.05616182987191819,-0.07933418217589036,0.006330564654013234,-0.002606759689154783,-0.0003675033288142628,0.0073494295623318055,-8.59982947319773e-05,-1.5658665321285456e-06,-0.001573181290747203,-4.0307363212918006e-05,-6.159401820479438e-10,1.1042571733661386e-09,-0.0024429673973779694,-0.00918847794819891,0.175467022773329,0.0037089275315529495,4.9480629012513266e-14,5.215599274081134e-14
10.9200,-0.04523841228197333,-0.00019888196711528443,0.24528495437389686,-0.05615546075503166,-0.07918182636631137,0.0063249752212716755,0.001392750728917843,0.00012501598272336687,-0.004369636627625775,-5.113823082556411e-05,-0.00014112224704016248,0.002258175785636229,4.7126754561216883e-05,-6.159407392616225e-10,1.1042566593864647e-09,0.0038484704724723556,0.00045822287342480264,0.07219360080158913,0.0018624489125958774,4.878467963799482e-14,5.150349276835525e-14
10.9400,-0.04521560151233325,-0.00020000770602247175,0.24523000815641172,-0.05614920508191,-0.07896039428819432,0.006318450102100855,-4.3482644724418494e-05,-1.5646448419728686e-05,2.5761109600405713e-05,-1.2659653037168248e-06,2.143338292132033e-05,2.925642005533713e-05,2.1272944488622704e-07,-6.159403990479053e-10,1.1042570499941836e-09,0.0006155218544343478,0.006566208569420695,-0.12680577640403506,-0.002865766755208442,4.386815482268838e-14,4.656998663652226e-14
10.9600,-0.045194667711186486,-0.00020082501134708778,0.245180903110422,-0.056143060217462085,-0.07875067037557747,0.0063126179664455264,0.0012038592124405778,0.0001431963388117949,-0.0035580696975026417,1.656549152493817e-05,-1.2954428579230251e-05,0.0006722079332702947,1.562588923077555e-05,-6.159407330235094e-10,1.1042567618040848e-09,0.0011358670880731035,-0.002568858482150214,0.051547358365941716,0.0012726059632826015,-6.763451018861055e-14,-6.568127931729645e-14
10.9800,-0.04519180118600509,-0.00020077924336230372,0.24517214790917577,-0.05613907637914841,-0.07870401849510632,0.006312332977400601,-0.0003281415824278072,-2.2918566599528326e-05,0.0007866257258548649,4.342336645927113e-06,4.632066539878556e-05,-0.00082749408327905,-1.7949364397330595e-05,-6.159404496764265e-10,1.1042570955249425e-09,-0.0012938162308329057,0.0018923160205325206,-0.06952128412227697,-0.001651592143080793,-6.944306783253362e-14,-6.751173784510373e-14
11.0000,-0.045225065513869,-0.00020003703803957995,0.24524313506701093,-0.05614081890814891,-0.07900368946767541,0.006322160394124459,-0.0013627536207736868,-0.00016063461405870476,0.003558929144290606,-3.67936006531342e-05,2.19074489118777e-05,-0.0010220100486873767,-2.5623240971340147e-05,-6.159403494391306e-10,1.1042572441895784e-09,-0.0016179531215280679,-0.004051627237053533,0.06511977376543414,0.001337375271350863,4.625274230458942e-14,4.894464689228148e-14
11.0200,-0.0452316873991175,-0.00020027022137473121,0.24525001284051662,-0.05613950814761376,-0.0790590866605805,0.00632406074060512,-0.0004322497009804787,-4.323164890179675e-05,0.000725453938613479,-3.7748221848254175e-05,-9.049065226768373e-06,-0.00014154510022630761,-6.072179734809508e-06,-6.159402669416927e-10,1.1042573772167058e-09,-0.0008701421564298895,0.00824087428624306,-0.14717415192493555,-0.00336797932626796,4.502247099441581e-14,4.7708934242454704e-14
11.0400,-0.045223258493818634,-0.00020091722893534844,0.24522282266367543,-0.05613731211367222,-0.07897584745408669,0.006321538294325133,0.0015167791545814412,0.00019105370825025022,-0.004860287765060923,-8.446955698584026e-06,-6.889741358911516e-05,0.0015180319010630835,3.2174529031221087e-05,-6.159407047740057e-10,1.1042569815099298e-09,0.0023999440161695707,0.00022119457246684316,0.041164478116304894,0.0011232618659590028,-6.54846592533162e-14,-6.353598203112654e-14
11.0600,-0.04520427310479635,-0.000201235831351675,0.24517361630697151,-0.05613340792892982,-0.07878196697377884,0.006316536854092404,0.00014624018305498164,5.127844772594867e-05,-0.0007281576869405713,2.217589432763498e-05,3.8467916560807594e-05,-0.00013446816594911974,-2.2077633818390788e-06,-6.159403979457395e-10,1.1042573388167519e-09,-0.0006468203682532931,0.010178682329634361,-0.20924994667028532,-0.004720467567751317,4.10063083207228e-14,4.3705361866489684e-14
11.0800,-0.045255852320375,-0.00019984648697175534,0.24528726299696907,-0.05614122908739723,-0.07925898300460228,0.006331604418970702,-0.001954041399256891,-0.00023637503262555795,0.005372092402557085,-2.2216663004673476e-05,6.63247796251749e-05,-0.0014264582740378669,-3.543448649443944e-05,-6.159402967639e-10,1.1042574881832662e-09,-0.0005307373821141969,-0.013531522929414614,0.24876988228060617,0.005464235358221759,-6.260104739273797e-14,-6.068281592280442e-14
11.1000,-0.04519116282848574,-0.00020175270461587165,0.24513442546748784,-0.056131703341132565,-0.07864320460049488,0.0063129637857107035,0.0036644940467760395,0.0004660107385608915,-0.010850731793171727,4.2026870462980844e-05,-0.00012631984018193846,0.0032700028480395233,7.541449553869845e-05,-6.159410844518553e-10,1.1042567455040534e-09,0.0038164317631269404,0.006430058274101328,-0.06781277873707316,-0.001111531502370746,4.166214899112286e-14,4.441050663068352e-14
11.1200,-0.04515646740221754,-0.00020164397201155492,0.24505336828616817,-0.056124178368607634,-0.0782831783431241,0.006304179958291056,0.00032181096529107424,0.00010196416302083952,-0.0009896907247071785,6.283260717073803e-05,7.897986778082051e-05,-0.0008381971956006888,-1.3658883360821428e-05,-6.159406004881156e-10,1.1042572798335245e-09,-0.002142759986099717,0.009614167901668497,-0.24866585481316877,-0.005683123577697518,3.546691613358702e-14,3.817690656876885e-14
11.1400,-0.04519657440852834,-0.0001997740547413606,0.24514099649873505,-0.05612559488311457,-0.07862809315868942,0.006316672565679405,-0.0023741436062161884,-0.00023896621052587304,0.0064961363264177275,-8.93157854022376e-06,9.877480967142233e-05,-0.0026931659141942784,-5.9752701026150154e-05,-6.159402846949409e-10,1.1042576465465656e-09,-0.005492991479141941,0.002803692734113947,-0.12842376583144363,-0.0032443540306188604,3.9654728339975215e-14,4.2331901330648625e-14
11.1600,-0.045270886435348864,-0.0001981709333267471,0.24530040295417438,-0.056133041614558093,-0.07931873068568626,0.006337926335954683,-0.0028050089467645868,-0.00033836579760731714,0.007368782730986935,-8.333125865121883e-05,-1.8218058110921136e-05,-0.0011520061150173963,-3.1936507361718394e-05,-6.159404426230075e-10,1.1042575370206992e-09,-0.0004233852904593249,-0.011652069673618709,0.249123004262926,0.005450212429169016,-6.115664615349847e-14,-5.924643777964131e-14
11.1800,-0.04525669399526408,-0.00019954729755865705,0.24525562116253802,-0.05612948595563071,-0.0791911299572773,0.006333096705997852,0.0018645436041731626,0.00021837300805021127,-0.006101002389746364,-3.0160249152341746e-05,-0.00016093688282682397,0.003000060622702019,6.332028336267669e-05,-6.159411474788115e-10,1.1042568719358975e-09,0.0065494147492072,-0.0076429721296606265,0.25807225101874787,0.006183907560645908,-6.114829779677033e-14,-5.918388609055247e-14
11.2000,-0.04518019380101622,-0.00020140053446012827,0.24507440737481315,-0.05611588748412536,-0.07845337985154245,0.0063114311442754485,0.00242478202290344,0.0003373081367978289,-0.007243417633632043,7.372300769730736e-05,-2.0823412548205908e-05,0.0018258532283660076,4.4945720926831176e-05,-6.159410598017604e-10,1.1042570090694948e-09,0.0025349172235341363,0.012368393866627731,-0.22479825046562577,-0.0048234889297778406,3.835285902883609e-14,4.1086410532478745e-14
11.2200,-0.04516466695412224,-0.00020088828929400605,0.24503747870389592,-0.056109066683064965,-0.07827270688714533,0.006307924132772347,0.00012118603002202817,6.333938022417624e-05,-0.0004234146952033231,7.083864260155064e-05,8.43128508793522e-05,-0.0009587239998867238,-1.69436979266611e-05,-6.159409793749586e-10,1.1042571393865911e-09,-0.0018459807899630035,-0.00210400552601696,-0.02207722508536028,-0.0005726570898429634,3.781871327603395e-14,4.054034533204284e-14
11.2400,-0.045173481755277134,-0.00019992490593520988,0.2450525782381431,-0.056102361913452976,-0.07831698015562448,0.006311256339891292,-0.0002645154245599198,1.7504491413720958e-05,0.0003655444213534792,1.5063025418778908e-05,2.2893380764605713e-05,-0.000973336945339885,-1.9792561652567163e-05,-6.159409442367796e-10,1.1042572261710795e-09,-0.0033679085901304013,0.0025808435385812145,-0.09354620558586249,-0.00224022245584582,3.853139324532656e-14,4.123919494737269e-14
11.2600,-0.04523561137088383,-0.00019816746800380516,0.245184091860076,-0.05610289524388815,-0.07887466972116806,0.006329428162009104,-0.003318593381757012,-0.0003728424783740492,0.008848568229966231,-5.53997617923757e-05,6.136125578749223e-05,-0.0025554036317526506,-6.0486402100150265e-05,-6.159405011795472e-10,1.1042577179913615e-09,-0.004426570150738921,0.0017337172389782361,-0.06992164132316113,-0.0019464916996123078,4.3960806674590847e-14,4.662854710636363e-14
11.2800,-0.045297046839018675,-0.00019768848443711464,0.24531002661449477,-0.05610603137237397,-0.07945443189048233,0.006346154097026152,-0.0010957705147476241,-0.00015655579445939636,0.0022423559705650265,-8.483702302669228e-05,-8.72673944425394e-05,0.0005731109762276511,4.70983134334487e-06,-6.159409473470911e-10,1.1042573152235425e-09,0.0027023584854562023,-0.012179359810345142,0.3174571028995479,0.0071884808693329595,-5.753375071282027e-14,-5.560763167208188e-14
11.3000,-0.04523577345679926,-0.00020023480530042417,0.2451585436424966,-0.056092686010823865,-0.07887736306649766,0.006327771443390492,0.0030141902031481536,0.0003709072231616933,-0.009273962742120858,2.8085188138486032e-05,-0.00010573141912343936,0.003251356559326468,7.199085692908151e-05,-6.159413360796416e-10,1.104256973734634e-09,0.005336920828910911,0.011106403887092444,-0.13010627827547286,-0.0025501134646375304,-6.6366644168106e-14,-6.440285587813732e-14
11.3200,-0.04521376693285296,-0.000200509133102459,0.24510613174088142,-0.05608527960970536,-0.07864863938865657,0.006321769908604455,0.00031573722704504543,6.216298915416533e-05,-0.0009238813229035956,6.685507014946833e-05,9.819478297549125e-05,-0.0003576225346474333,-6.288076981324331e-06,-6.159408658172491e-10,1.1042574933641866e-09,-0.0012360476417791171,0.00978280012157508,-0.22110070755904385,-0.005018030313441646,4.097393810961053e-14,4.3677186162532217e-14
11.3400,-0.045254005000286514,-0.000199237139031255,0.24519970928236828,-0.056087861204665995,-0.07901007596203077,0.006333483263601799,-0.0017001695871580208,-0.0002106681339393332,0.005002540404075981,1.222817808558243e-05,0.00010773265664141228,-0.001572901966930171,-3.749435676315691e-05,-6.159406525787038e-10,1.104257755781411e-09,-0.0031426652772500296,-0.003964760641271288,0.03718021047296233,0.0006362201038442822,4.691504075417935e-14,4.9601531107272556e-14
11.3600,-0.0452709565573234,-0.00019919592384798845,0.24524003212309783,-0.0560892455410316,-0.07916744060816011,0.006337926161638011,0.0004797738768071927,2.581038029634172e-05,-0.001278970168063981,-1.2413395889457543e-05,-3.806658210396908e-05,0.0010762260856678734,1.9848049325865346e-05,-6.159411038529011e-10,1.1042573482950292e-09,0.0025189822547670047,-0.014167272144591429,0.3141413819257328,0.0072103621146056476,-5.906428503840017e-14,-5.711465913930958e-14
11.3800,-0.04524836714764953,-0.00019978308119669862,0.2451923918112133,-0.05608633779216045,-0.07894791067964411,0.006331478683048652,0.0002331737485664261,2.0631111183078873e-05,-0.00036245596504963447,1.4250245001318818e-05,2.3072374530371904e-05,0.0005056204418564337,9.939852685210416e-06,-6.15940812125003e-10,1.1042576896629476e-09,0.000783632557109234,0.0030043824025837505,-0.05686925587762627,-0.001235008392675363,4.705882629104166e-14,4.9765706421241174e-14
11.4000,-0.045278809532310435,-0.00019872645168390803,0.24527037171495814,-0.05609400583713687,-0.079228404511333,0.006340496235796766,-0.001621658216282552,-0.00021673098569188615,0.00519961249371612,-1.8412895070975887e-05,9.649634511718271e-05,-0.0014039091130476553,-3.523526936484338e-05,-6.15940371190259e-10,1.1042581831793421e-09,-0.0016418508399684655,-0.004128103287725107,0.049132750547731516,0.0009266818004268636,-6.127505458326105e-14,-5.936679099705078e-14
11.4200,-0.045238726037757436,-0.0001997380629496692,0.24518736830974622,-0.05609332298218526,-0.07885149453674313,0.006329002171632476,0.003239076950896552,0.0003761453013840071,-0.008821784245018645,1.263049751144482e-05,-0.0001097255127242813,0.0029281908790802394,6.446041926104205e-05,-6.159411689507576e-10,1.1042574246834424e-09,0.003405055955417641,-0.003208541160396899,0.11224553594649868,0.0029015683230365907,-6.242406494060687e-14,-6.045091863063692e-14
11.4400,-0.04517198560391441,-0.0002002787927553353,0.24504488692498774,-0.05608805251532543,-0.0781997105077119,0.006311067071422201,0.002753529409910879,0.0003752758276376871,-0.007291895028416066,5.42700462443795e-05,-1.5592257905147894e-05,0.001261382496967162,3.256257480321246e-05,-6.159410715893888e-10,1.1042575714669068e-09,0.0006173976671091485,0.005241877651969768,-0.13202727611807843,-0.002780726174454183,4.026762105181769e-14,4.3009012692420134e-14
11.4600,-0.04514380523082256,-0.0001990633757537684,0.24498741444570435,-0.05608539904391208,-0.07789090940630877,0.0063049546116346975,0.0003923459436846904,0.00013229345966958605,-0.0008094973219818025,2.580441929896031e-05,4.883875191815126e-05,-0.0013017085981962733,-2.419159339597002e-05,-6.159408656584677e-10,1.1042578282705187e-09,-0.003799607688039345,0.003290020527589617,-0.1571121949622836,-0.003660641535040839,3.6655323687375535e-14,3.937627134076305e-14
11.4800,-0.04519434081819996,-0.00019617816825357487,0.24509889083802167,-0.0560920889662417,-0.07832677346723121,0.0063211825837921586,-0.0027983444393829522,-0.00025046985266506065,0.00759722298411627,-7.494219800576387e-05,4.832138048211631e-05,-0.0031847851212324692,-7.215665745688298e-05,-6.159404240802092e-10,1.1042583215829886e-09,-0.006225941953312262,0.001445247274368206,-0.11176141167145076,-0.0029214213405343867,4.088833357182922e-14,4.356675339500099e-14
11.5000,-0.045308796924557894,-0.0001930537037352507,0.2453431062663915,-0.056110169238857574,-0.07939517403886333,0.006354484402214474,-0.0051641429711091775,-0.0005805289905031331,0.013665013219463215,-0.00017734430918179086,-2.7152839790502465e-06,-0.0031180899244497486,-7.985202208879773e-05,-6.159401576446473e-10,1.104258636544912e-09,-0.0018320646098559787,-0.012928366115507715,0.25708507972007877,0.005393854330207055,-5.780427270738256e-14,-5.5922748257251215e-14
11.5200,-0.04531779643887746,-0.0001938662582031089,0.2453398624205228,-0.05611684658254475,-0.07949875504162057,0.006356289801696547,0.0008506556351638691,0.00013148074553096263,-0.003913949368838823,-0.00011059052423067464,-0.00021329314162510398,0.0029728939670366807,5.80974741355711e-05,-6.159409344663423e-10,1.104257900354635e-09,0.007294856420262422,-0.0029930799187449014,0.21011331832452493,0.005092601961176388,-5.69984733240006e-14,-5.5055203560146204e-14
11.5400,-0.04522291250113134,-0.00019619316456483186,0.24510590987190065,-0.05610916917563588,-0.07860288779433028,0.006329275053265377,0.003684282074534799,0.0005319017943849794,-0.011496089133495103,5.925320256184036e-05,-0.00010165258060704208,0.0035631123098274096,8.249841518307879e-05,-6.159411983765606e-10,1.1042576828587392e-09,0.006054037351785965,0.017021780512260436,-0.25299627304461914,-0.005211549794748695,4.036795041035407e-14,4.3112608210001124e-14
11.5600,-0.045174439065247644,-0.00019584844826384923,0.24498738176846616,-0.056105753294486894,-0.0781125715506862,0.006316800923453664,0.0015772098405915258,0.0003017296824511624,-0.0049275412628731015,0.00011689741212353863,7.86223936430356e-05,2.985376153645455e-05,8.025542592764061e-06,-6.159412372852695e-10,1.104257693361792e-09,0.0011428357582780166,-0.0025025949770743285,0.00028010574305225043,0.00013316337033669835,-7.51814111183205e-14,-7.320533068622126e-14
11.5800,-0.04517521835583042,-0.00019400194659033703,0.2449816747745866,-0.05610494595870273,-0.0780732203740372,0.0063186619769220916,-0.00092184106982678,3.1008540599003127e-06,0.0021499307761301645,6.623892461083874e-05,0.00011944858978772517,-0.0023223056172086533,-4.579427432376354e-05,-6.159408692839316e-10,1.1042581163080226e-09,-0.005021126149340457,0.003980371982429511,-0.1722177050398834,-0.00412367252060139,3.300188085048755e-14,3.5703590691577025e-14
11.6000,-0.04525155294596248,-0.00019115623265454816,0.24514308320619063,-0.05611278731093892,-0.07875934755739646,0.006341383289348634,-0.003531091547592719,-0.00035872559375350465,0.009264874086100877,-3.0992138129184595e-05,7.332643900674683e-05,-0.0029485585265320697,-6.656828552647402e-05,-6.159407162994679e-10,1.1042583164823382e-09,-0.004341305283619657,-0.006012973147046638,0.06705826562010796,0.0011371498666083886,-6.983026353338251e-14,-6.792475111018492e-14
11.6200,-0.04532662099616348,-0.00018988487399528045,0.24529660652549154,-0.05612161118193026,-0.0794639107237725,0.006362330098305818,-0.002291978227754899,-0.0002730614961740971,0.00548953312835105,-7.545292275791041e-05,-6.0687214620776104e-05,-0.000270497095828752,-1.1961792819598454e-05,-6.159409052648343e-10,1.1042581732103068e-09,0.0007508173087260894,-0.007217546771721632,0.20487619980444458,0.004533499449909258,5.020085773943181e-14,5.2882835100982045e-14
11.6400,-0.04532859007705065,-0.00019106230664581476,0.24528695243526003,-0.056122235667912794,-0.07949479329369849,0.0063617547716907944,0.0005840078160057617,5.075738646048147e-05,-0.0024113636629364867,-7.6167680018743675e-06,-9.987914023063512e-05,0.00240772212838675,5.0332813915820956e-05,-6.159413529896113e-10,1.1042577693133047e-09,0.006352138470853372,-0.00497909248853325,0.20848062465696007,0.004971675729994787,-6.120187093661827e-14,-5.92576389433358e-14
11.6600,-0.04526293298088394,-0.00019328832886009157,0.24513481503211398,-0.056113660826502425,-0.07887678083649004,0.00634233786719081,0.0035232647187554054,0.00041528052449850514,-0.010090805610452535,0.00010890771250548853,-4.424154060800973e-05,0.0032083003343152208,7.584135585181313e-05,-6.159416085987235e-10,1.1042575625198396e-09,0.004157935723966956,0.009118993730667583,-0.11963644805988521,-0.0022943749022680837,4.1362516168229335e-14,4.41030675521481e-14
11.6800,-0.045204287089391545,-0.00019411697993274433,0.2450102736787876,-0.05610376298271325,-0.07829775016684361,0.0063260618464324805,0.0021308464029328174,0.00026801632428864004,-0.005427909141761473,0.0001443701569922414,9.098727669444333e-05,0.00046194180975070085,1.871908724459342e-05,-6.159415176083911e-10,1.1042577036561424e-09,-0.0013438397397297342,0.006912242926512485,-0.18969823662046006,-0.004193315497394355,3.506813979828327e-14,3.7798974020231135e-14
11.7000,-0.04518745462239789,-0.00019353873452976654,0.2449843271901045,-0.0560961211909364,-0.07809912383760118,0.006322150292624623,0.000879207023378872,0.00011505169051910455,-0.0018003373152818518,9.412142581878137e-05,7.750702653094013e-05,-0.0008183050127512387,-1.1115485998583148e-05,-6.159416153141364e-10,1.1042576523927328e-09,-0.0036521412907037976,-0.003034162883916547,-0.024523235869503907,-0.0006441986830524062,3.6063742324485976e-14,3.879095802168317e-14
11.7200,-0.04522033313843776,-0.00019205691296722956,0.24506654488820018,-0.05609258256238113,-0.07837010713706638,0.006332336711752209,-0.0019847055245987787,-0.00023932228889900916,0.006032515780953474,-4.764401827440078e-06,6.716678761039966e-05,-0.002383453909159082,-5.119810407885851e-05,-6.159414295989848e-10,1.104257888411504e-09,-0.003992056929388858,-0.009651826479335086,0.10861857577208164,0.002126296883969212,-6.985208310210378e-14,-6.79196689125014e-14
11.7400,-0.045273818622932664,-0.00019106417605491653,0.24518702242119117,-0.056091589305903224,-0.07885320890154192,0.006347601816124782,-0.0023513067381243664,-0.00030595969908823187,0.006539176446791353,-8.473175814308439e-05,-1.548655265913541e-05,-0.0016033949821247116,-3.954587514336145e-05,-6.159412215416925e-10,1.1042581456462892e-09,-0.003318940550888588,-0.0001568682309041396,-0.009567653953074927,-0.0005063398781161586,4.635801155927419e-14,4.903618066069357e-14
11.7600,-0.0453251547673195,-0.00019096519494151407,0.24529740718558685,-0.056093351990548795,-0.07933843088787934,0.006361481060609501,-0.0011852253859484013,-0.00019190018914717527,0.002977788215702167,-0.0001054049863270592,-0.00010237257960620026,0.0005140161192437331,3.684442297999827e-06,-6.159415435108624e-10,1.1042578679661547e-09,0.002833850009068727,-0.013385912925730412,0.33173726235461237,0.0074807704589554234,-5.641240106339998e-14,-5.4485997419591314e-14
11.7800,-0.04529823199215044,-0.00019306975472410147,0.24522889822450253,-0.056086287143217194,-0.0790935542045011,0.006352717820063868,0.001889933236192604,0.00019143926286946383,-0.005783842950242059,-2.625881298100538e-05,-0.0001252167226470207,0.0028542994924781965,5.99387602198866e-05,-6.159417702655872e-10,1.1042576888536318e-09,0.005169205537952726,0.0024166945944526425,0.04695370133375731,0.0013839501577949272,5.082815001137761e-14,5.355759509929198e-14
11.8000,-0.0452782950279773,-0.00019387901012431604,0.24518332318713293,-0.05608245813173773,-0.07889970124362401,0.006346922926853128,3.207469907470679e-05,-7.6725809312663e-06,1.7957948290667214e-05,1.785726440184926e-05,5.901456646467832e-05,1.0050459292520134e-05,-1.1386181189442722e-06,-6.159414341205283e-10,1.1042580726614244e-09,0.0021578586597222863,-0.0037426241929988066,0.0691877923127259,0.0015890554468085357,-6.318297935629241e-14,-6.124065826933894e-14
11.8200,-0.045278876430044704,-0.00019375278710702338,0.24518836138317407,-0.05608299210507554,-0.07889466523177663,0.00634729501325169,-0.0008170712658765057,-0.00010437222512652853,0.0026151884362530147,1.0406593107989471e-05,9.609813714484873e-05,-0.0010248112109208878,-2.4383162899813962e-05,-6.159410627672506e-10,1.1042584942913458e-09,-0.002306115542982656,0.00352451489475464,-0.10582907631597602,-0.002506029804707659,4.6193680391243275e-14,4.888396545194018e-14
11.8400,-0.045305484874473605,-0.0001931238943896884,0.2452532310884849,-0.05608983567877611,-0.07914309383577894,0.0063549477329487725,-0.0008980523981794713,-0.0001315807138473053,0.0028279869336977044,-2.4906701169507782e-05,2.3694177178495834e-05,-0.0002269425530708704,-9.118819937564811e-06,-6.159412608097337e-10,1.1042583442425764e-09,0.0006552147920408528,-0.01456154620684864,0.2788971496515848,0.006267019600883226,-5.913841736194386e-14,-5.720968268346435e-14
11.8600,-0.045294062101872326,-0.0001934049138261861,0.24523087530165655,-0.05609323053046986,-0.07903535922034166,0.006351804839006013,-0.00019857098375194,-2.7125921809167984e-05,0.000831473528466008,-1.7109811065200436e-05,2.7522205904187233e-05,6.044907969234573e-06,-2.1597760960213145e-06,-6.159408829530927e-10,1.1042587696892553e-09,-0.0009942114615130897,0.010812391609608616,-0.21317553571824113,-0.004816421080050482,4.670891359239912e-14,4.939654235777344e-14
11.8800,-0.045296278568049096,-0.00019325894010951608,0.24524146178588319,-0.05610148563664705,-0.07906031267782096,0.006352595084816097,0.0012557589492880243,0.00013609691959562398,-0.003292613517828929,-1.3818942640304791e-05,-4.1526654251805254e-05,0.0012130075748200144,2.445645144187272e-05,-6.159413334900528e-10,1.1042583630216897e-09,0.0027669042700508234,-0.011952213936864593,0.25904460552507586,0.006025998084726816,-6.01091442245516e-14,-5.815425994492446e-14
11.9000,-0.045256348831464926,-0.00019361395008533026,0.24515634250403004,-0.056104242792710514,-0.07867765016094526,0.006341903203933456,0.001273990012891057,0.00017928441090439795,-0.0032622052394081615,1.784322801344883e-05,1.3285545104975653e-05,0.00045767579861511235,1.1713638707370555e-05,-6.15941031320197e-10,1.104258717743794e-09,-0.0003872233761217095,0.00873966944718668,-0.18961746654966327,-0.004193453110039191,4.283272819543757e-14,4.5542976128635365e-14
11.9200,-0.045248749069149004,-0.0001927648505675987,0.2451449048066984,-0.05611183882768338,-0.07859280283219233,0.0063408245638247865,0.0007619856198393481,0.0001276225677678558,-0.00188775112542474,4.878038351499449e-06,6.693444206295509e-06,-0.0001246901645065358,-1.2298390873946027e-06,-6.159410479870542e-10,1.104258749147615e-09,-0.001715665204690572,0.0024186879856682637,-0.07956928906107211,-0.001776264585859234,4.246833462152877e-14,4.517963965184474e-14
11.9400,-0.045270627221196694,-0.00019120933071308202,0.24519653082797604,-0.056123726420989055,-0.07878647025395624,0.006348227771594653,-0.001082036292894293,-8.933702219861953e-05,0.0031431804840971085,-3.4073756848049114e-05,2.6467665471158287e-05,-0.0012793298691920864,-2.8861735254594984e-05,-6.159407885654872e-10,1.1042590560078173e-09,-0.00259842722975895,0.001095834621359795,-0.05922807762460224,-0.001473896332236998,4.3612554160524925e-14,4.630277145858605e-14
11.9600,-0.04533542121686746,-0.00018924109198948294,0.2453411962376669,-0.05614411507852534,-0.0794017512405816,0.006367330731373102,-0.002307215065144683,-0.0002696816968646487,0.006383645053345049,-8.756771129630821e-05,-1.7640719711073203e-05,-0.0010064720947522469,-2.755341207449687e-05,-6.159406970981937e-10,1.1042591974056227e-09,6.531487122674795e-05,-0.01121758660397285,0.2344773517055496,0.0051860387955806235,-6.055346382736332e-14,-5.864350617525854e-14
11.9800,-0.045291775469148025,-0.00019051089992553084,0.2452356467518801,-0.05614999356825002,-0.07900417780478348,0.006354856970668366,0.0028521809273646496,0.0003698365090868331,-0.00856590853433662,-1.528102354359706e-05,-0.00016902227367018318,0.0032581456161387547,7.287792203912718e-05,-6.159414202353743e-10,1.1042585142895496e-09,0.005683393758061912,0.000444460122000316,0.08080587496327102,0.0022569642747590508,4.643511866252864e-14,4.9174084400770146e-14
12.0000,-0.045221700550969496,-0.00019124197703705733,0.24507350990660998,-0.05615018402321024,-0.07833091140201769,0.006335963766307955,0.002266300497206044,0.00035057400889668654,-0.0065749837952032665,6.941510805114153e-05,-1.4858782305221236e-05,0.0011340809035521528,3.253871668061891e-05,-6.159414008379742e-10,1.1042585831137274e-09,0.002427704240587269,0.006187515004596035,-0.1333879015556261,-0.00278682249038241,-7.524669364163128e-14,-7.32784330177011e-14
12.0200,-0.045213563833587135,-0.00018980543086011183,0.24505345131845035,-0.05615555950862766,-0.07822355039014603,0.006335365607427858,-0.00035510814290015235,4.4732464256724906e-05,0.0008824049947530012,4.943965436957016e-05,6.973016109684703e-05,-0.0016882268404844174,-3.064866302293589e-05,-6.159412453571349e-10,1.104258791948135e-09,-0.0025707464961880052,-0.002417008425327143,-0.03057297838952471,-0.0008153878533593203,3.426062602021607e-14,3.6974241756412146e-14
12.0400,-0.04524757379528926,-0.00018792881602244804,0.24512297192587623,-0.056163506205680766,-0.07851820490402245,0.006346315495110857,-0.00154267580242411,-0.00011759982592541074,0.003811044330539374,-1.6267639399997824e-05,1.6791287930160677e-06,-0.001663145576500209,-3.3886059253704937e-05,-6.159413086941931e-10,1.1042587772856356e-09,-0.002232196633053592,-0.00660925534555827,0.08933933127634862,0.0018402742486707923,-7.33656435299504e-14,-7.143317513023939e-14
12.0600,-0.04532352772115795,-0.00018599926373783976,0.2452810383817517,-0.05617649451352217,-0.0792254362988429,0.006368450992342302,-0.0037177423109412957,-0.00041904129280478307,0.009698509954992964,-7.667960901316378e-05,1.117668227730711e-05,-0.002308056059061522,-5.360951539919539e-05,-6.159408939066922e-10,1.1042592406038152e-09,-0.0028452877338020414,-7.955158892262858e-05,-0.002739549503581419,-0.0003831131398707902,4.277645810268557e-14,4.543678530210399e-14
12.0800,-0.04533451892717424,-0.0001869733617491936,0.24528836870745752,-0.05618069641553534,-0.07934393430213067,0.0063706946891405715,0.0013052481221421351,0.00014876688568423395,-0.004846708158997417,-3.334950251344559e-05,-0.00018711431195283837,0.002807152515471088,6.129624095415252e-05,-6.159418503937043e-10,1.1042583247998359e-09,0.005522501183326251,-0.004443404833719709,0.2099857315121463,0.005069708786764936,4.674591199153519e-14,4.947033586813823e-14
12.1000,-0.045268813936734736,-0.0001891793834556017,0.24512700056796818,-0.05617182060890746,-0.07872233925285728,0.0063516211570680305,0.002023348926662272,0.0002697664020157733,-0.006355220258368491,8.045882415442778e-05,-3.738229373965306e-05,0.0019145524874920887,4.9241835105904125e-05,-6.159418222944366e-10,1.1042584021908507e-09,0.002827807337931461,0.017237286035935613,-0.29652171254854254,-0.006455207988601905,3.483437903363182e-14,3.7554547416707856e-14
12.1200,-0.04527222583600272,-0.00018901163982732426,0.24513218594231784,-0.05617050856732085,-0.07873767918414142,0.006352865309627473,-0.0005569504425282806,-6.147834868800899e-05,0.0015126795862420263,8.488349560745686e-05,0.00010529589452437829,-0.0011966082099266354,-2.0665754116789566e-05,-6.159416779500341e-10,1.1042585968820711e-09,-0.0017704842593415787,0.0012600746715220694,-0.0698610613857985,-0.0017023536043931971,-7.559886961230888e-14,-7.366888132506744e-14
12.1400,-0.04532807594453044,-0.00018812183571981559,0.24525939266986135,-0.0561756316208513,-0.07925734654275986,0.006368593249250487,-0.00256140797316931,-0.00035395323779711994,0.0073681048826117175,1.6025740361956105e-05,0.0001028073863145381,-0.002108361084872796,-4.618199210629268e-05,-6.159413553869383e-10,1.1042589699886058e-09,-0.004237748424760756,0.000498495528693908,-0.0458555624869284,-0.0013426459205782622,4.125084334446333e-14,4.391663898858922e-14
12.1600,-0.04533316805469435,-0.00018949213332212624,0.24527193410770615,-0.056173496932876064,-0.07931628293552073,0.006368865278339268,0.0009816003007982565,2.7898093954624913e-05,-0.0027409004683998745,1.5344548364305042e-05,-7.153850164008321e-05,0.0016375581091873244,3.6928777213531444e-05,-6.159421231562027e-10,1.1042582444878511e-09,0.0029771708322268763,-0.00702355013861506,0.19620977817829846,0.004589413011924258,-6.580426850123777e-14,-6.386047018882429e-14
12.1800,-0.045298454194574386,-0.00019142234770576797,0.24519884098820993,-0.05616509575272973,-0.07899160067933136,0.006358226576821866,0.0009432892993865355,5.1818133291349133e-05,-0.002254817454245649,5.97186302712431e-05,1.2675540643795994e-05,0.0009168955834475891,2.4392556309782514e-05,-6.159419452179045e-10,1.1042584721253263e-09,7.301230697420057e-05,0.011523323806110715,-0.21728225158696288,-0.004844522983528958,3.95534841858558e-14,4.2256332439226385e-14
12.2000,-0.045315597096419385,-0.00019183380097522208,0.24525060056895318,-0.05616425841479564,-0.07915298417269732,0.006362668104400259,-0.0004979737858403863,-0.00014472024744654788,0.0021711519808828425,3.309583717542325e-05,7.033585747094671e-05,-0.0007127379489712848,-1.4470823139741388e-05,-6.159418928312884e-10,1.1042585729548673e-09,-0.001102475731023182,-0.006259712289951891,0.09554574201575361,0.0020414005027399097,-6.723399235356725e-14,-6.530930310444383e-14
12.2200,-0.04530440335169498,-0.00019319340023575053,0.2452396505727571,-0.05615896441676627,-0.07905019445357343,0.006358837238542898,0.00010508509700495321,-8.003295268595685e-05,0.0005635547485533808,1.7711717475583685e-05,2.1644740885502777e-05,5.597437435823505e-05,2.617376725512451e-06,-6.159419016789405e-10,1.104258612032692e-09,-0.0015656786815115196,0.004225099519169462,-0.09618912552739098,-0.002217719143574651,4.3233950761892986e-14,4.593289588744262e-14
12.2400,-0.04531964253940639,-0.00019382372747356742,0.2452890432593926,-0.056158892540784246,-0.07919959770366039,0.006362698627695095,-0.00040448536726752005,-0.00015254112762980214,0.002045571205846962,-1.605067552645885e-05,2.4054312336974068e-05,-0.000436765920898996,-1.0841442302721753e-05,-6.159418913055856e-10,1.1042586700354347e-09,-0.000595363027709344,-0.0067365026337027,0.11771472213737261,0.00256674798186116,-6.405353949068965e-14,-6.212937879012531e-14
12.2600,-0.045304401582142,-0.0001951959572178092,0.24526752178058128,-0.056155299486602264,-0.0790627640584789,0.006357908465642687,0.00019562089048519126,-6.013245167511129e-05,0.00023612514982172583,-2.0187779978094236e-05,4.980799350831691e-06,1.2318906374016517e-05,-2.238790096820073e-07,-6.159417392115704e-10,1.104258870825997e-09,-0.0017083163202716103,0.009193638209712128,-0.1896369599581211,-0.004333774804191212,4.4697115474980065e-14,4.73858487713176e-14
12.2800,-0.045303788233717085,-0.00019600058669706503,0.2452782336251249,-0.05615541252699522,-0.07906389433455878,0.006357516931813331,0.00020036057217413713,-5.02183839843948e-05,0.0001152733213915543,-3.200271074790911e-05,-7.080910767801036e-06,1.2173765084903546e-05,-1.1193106863915046e-06,-6.159418068576135e-10,1.1042588501908514e-09,-0.001030408514220964,0.0015102455384507598,-0.038664263073859034,-0.000902864859914927,4.672554254321962e-14,4.942315274484438e-14
12.3000,-0.045288694222363424,-0.00019703868734601858,0.24525293403691817,-0.056154664277440904,-0.0789284455232869,0.0063531019651394014,0.0013410231373751679,0.00010617013341884178,-0.0033628798269431555,-3.1751078528647074e-05,-5.287344211426409e-05,0.000823791703354647,1.7349142455915512e-05,-6.159419748932021e-10,1.1042587285287646e-09,0.00040780392948114086,-0.0003130720863507582,0.01425872261258428,0.0004183644972076614,4.666798496038779e-14,4.938192595723562e-14
12.3200,-0.045285230145222635,-0.0001972890952327149,0.24525089118481183,-0.05615628994883132,-0.07889537393886198,0.006352524485213004,-0.0007111503821230202,-0.00010938535145950028,0.0024022487334234926,-4.0075513866275145e-05,3.668287301716721e-05,-0.001095585707283104,-2.5395291304064824e-05,-6.159415293714428e-10,1.1042592250786415e-09,-0.0023973806580777812,0.00699119952218176,-0.17263768903781132,-0.004035807737802372,4.388975077471158e-14,4.6574519956855964e-14
12.3400,-0.045313674339416576,-0.00019695289207554,0.2453170689491218,-0.05616449641225557,-0.07917153919075597,0.0063608181407358655,-0.0005963764913267259,-0.00010064014900710188,0.0016971463983373389,-7.072124851105362e-05,-3.337319822758541e-05,-0.00029876203462855545,-1.0597834763836063e-05,-6.159418118020702e-10,1.1042589878586615e-09,0.000972217776771688,-0.014897110216101118,0.29311430312671205,0.006595735615615305,-6.100409213156618e-14,-5.907754618622238e-14
12.3600,-0.0452657579604561,-0.00019843745003156747,0.245203841751212,-0.056161715533747894,-0.07872476218475874,0.006347308199074314,0.0017868095801374124,0.00023500234395970972,-0.005409003782367027,-2.0448749219617107e-05,-7.830562674148573e-05,0.0013564733483521383,3.1047090849694984e-05,-6.159419486146554e-10,1.1042589005192237e-09,0.001943400177610633,0.007936079496792117,-0.13200879188635395,-0.002783793634780757,4.2267953731262714e-14,4.49884473749905e-14
12.3800,-0.04525339178311016,-0.00019829446793989393,0.2451702281918996,-0.05616338912083047,-0.07859916640850476,0.0063446333858498275,0.00024514195090502783,7.703941084961802e-05,-0.0010808033295338405,-6.525260667397089e-06,1.2221541861569812e-05,-0.000547258477686752,-1.0404444207487543e-05,-6.159417276084926e-10,1.1042591692601044e-09,-0.0013317888219047287,0.00760069645127321,-0.17551794056441022,-0.0039848963037650825,3.921250260260911e-14,4.191539828982474e-14
12.4000,-0.04530760827886582,-0.00019664749209261602,0.24528452097850129,-0.05617489006547344,-0.07910612773343892,0.006360823596016794,-0.0026221880444547542,-0.00028432749507320033,0.006889866290561883,-5.816066832961802e-05,6.074262978093563e-05,-0.002343756130253516,-5.489847366020459e-05,-6.15941347622377e-10,1.1042595998216158e-09,-0.0029495111850392605,-0.001553965260651339,-0.0031112393337536666,-0.0003358896196483883,4.412531402547479e-14,4.679579884399668e-14
12.4200,-0.04529943409851364,-0.0001973169986878037,0.245251536335046,-0.056177384040350546,-0.07903746021331319,0.006358335144073994,0.0009494520924690723,0.0001454134263123823,-0.003654819636500298,-3.0326066181978515e-05,-0.00010709692975958689,0.001499099387120519,3.2541718360513556e-05,-6.159419852526318e-10,1.1042590054706179e-09,0.0024581901247428396,0.0029952477183380916,0.0009216598570837006,0.00022163227206936336,4.370620212317336e-14,4.641996016090458e-14
12.4400,-0.04530807137814441,-0.00019718646464465122,0.24525853385142005,-0.05618244648321064,-0.07912162267121832,0.006361015322447575,-0.0009243632944805508,-7.408021888264791e-05,0.0018645962989735337,-1.4821830111534117e-06,3.1009759081371986e-05,-0.0005667222996529433,-1.249283162724292e-05,-6.159415977086579e-10,1.1042594439243415e-09,-0.00031891669863530904,0.00792832395950503,-0.14949631382882164,-0.003429875547876579,4.1053457562698764e-14,4.373746102705883e-14
12.4600,-0.04529634823302401,-0.00019766133563348985,0.24522194187978752,-0.0561837888417961,-0.07901384337418443,0.006357638184554492,0.00037363556876889633,7.191237689428133e-05,-0.0016353490138352827,3.221997233532472e-05,1.1419822975519503e-06,0.0004433693032974048,1.2012568391490493e-05,-6.159418725082503e-10,1.104259215571096e-09,0.0002018590625685157,0.00870818523414022,-0.15308850891495168,-0.0033812248778643393,3.9321126107765003e-14,4.20234458125765e-14
12.4800,-0.04530964650381745,-0.00019750177395139483,0.24524644543622828,-0.05618837664514171,-0.07914194418227793,0.006361404706205761,-0.000162515975341468,-1.796315934799426e-05,0.0001560173666547719,3.531001238769974e-05,2.1355335896277326e-05,4.016047732784902e-05,2.5769129107346387e-06,-6.159419087155544e-10,1.1042592298016764e-09,-0.00037900899647648744,0.002367460227035674,-0.03728302420663007,-0.000822623629330283,4.087223994583139e-14,4.357443767789848e-14
12.5000,-0.045310742830358054,-0.00019777698303482204,0.24524667559555613,-0.05619032816741678,-0.07915571840342113,0.006361557223706079,-0.0005040584200853326,-6.989916890141442e-05,0.001380732794825934,4.097738563072692e-05,4.9257254554967735e-05,-0.00031954835438603507,-4.711338835210433e-06,-6.159418064216149e-10,1.1042593787934913e-09,-0.0013164526157551201,0.00949212028184325,-0.19018333502736928,-0.004343585723647804,3.903930130555455e-14,4.172375877957435e-14
12.5200,-0.04533378895053153,-0.00019777933043918259,0.24530170104910745,-0.056195725204025666,-0.07938277456409751,0.0063677255624548165,-0.0003844367687543273,-9.578477242542835e-05,0.0013069588266928925,2.9008532790856238e-05,2.1961109515415994e-05,5.507658889726023e-05,1.995010022472851e-06,-6.159419671056555e-10,1.1042592648920085e-09,-0.00045204182358833683,-0.000991127907080415,0.03305453204960499,0.0007440578177930356,4.341072314985317e-14,4.610767605391086e-14
12.5400,-0.04529197913724053,-0.00019954092450418903,0.24521284640298743,-0.05619077032539559,-0.07899793328039649,0.006355198117584029,0.0023605246737477105,0.00023618885832181287,-0.006323998099495647,6.74392223424012e-05,-5.228839345276883e-05,0.002089644667077436,5.09245866603176e-05,-6.159425561199187e-10,1.1042587201260952e-09,0.003048025539644431,-0.0015452585233072433,0.06256454829900973,0.0016709694444360331,-7.050924514390156e-14,-6.854933287669951e-14
12.5600,-0.045222496045586896,-0.0002012406390863973,0.2450656110765022,-0.0561784346923482,-0.07833104624007581,0.006335516861981684,0.0031211596520320287,0.00035579314239390263,-0.008232766055688899,0.00010958460846146975,-2.6461318064009032e-05,0.0016785247944044513,4.646514399743255e-05,-6.159429184982454e-10,1.1042584048241727e-09,0.0016441687118441083,-0.0011967989425381055,0.004119131914009154,0.0003289384894406407,-7.614343725849404e-14,-7.416072964061549e-14
12.5800,-0.04518993483170846,-0.00020137889538841946,0.2450018339453224,-0.05616656594746626,-0.07799185094961816,0.006327116206625917,0.000598433297087366,7.95698527372969e-05,-0.0011630199556995897,7.191683753693589e-05,6.429501018509667e-05,-0.0014192003680635339,-2.2746194967635585e-05,-6.159426974103811e-10,1.10425868027163e-09,-0.0036807746472834585,0.0008373407419686842,-0.11376847265376105,-0.002737651067356518,-7.960915726547974e-14,-7.765550626582379e-14
12.6000,-0.045210985504989566,-0.0002004551065352483,0.24505269429359647,-0.056156269619659624,-0.07815168918638536,0.006333961822199348,-0.0015197946330588225,-0.00017527323627130955,0.004327751350206715,-1.3283241441004738e-05,2.505005647110742e-05,-0.002365048141637089,-4.86129827903655e-05,-6.159426242641935e-10,1.104258801164421e-09,-0.005582894914551224,0.0002283374002032096,-0.08664897165288851,-0.002293862257172567,3.4513915976499415e-14,3.721216992316409e-14
12.6200,-0.045282183511351416,-0.00019932060667898928,0.24520496941683248,-0.05615148631562511,-0.07880182318472931,0.006354292803059529,-0.0037551073206510193,-0.0004645636993763495,0.009989481103810682,-0.00010947391912881208,-7.212657254259918e-07,-0.002903487202902587,-6.818924461060658e-05,-6.159422980405939e-10,1.1042591780416887e-09,-0.0052793697248439695,0.004054837767024813,-0.11022594166866409,-0.0029527930269670952,4.1606658168682337e-14,4.426688372414708e-14
12.6400,-0.04537461659588279,-0.00019918158348581098,0.24539658771284634,-0.056152561101973815,-0.07968691689144292,0.006379219644421925,-0.0025732749246697635,-0.00038056407856987696,0.00613284472247751,-0.00015345688271974723,-0.00012104759780175532,-0.00017333867619611628,-1.4587290364290325e-05,-6.159426502127969e-10,1.1042588697295835e-09,0.002665557289550821,-0.014239627647249575,0.37486127648388584,0.008363005362104438,-5.63897209092043e-14,-5.4481233706295956e-14
12.6600,-0.04537126804766171,-0.00020190779608144735,0.24537025961777995,-0.056143642649623356,-0.07968531451551819,0.0063761588700782384,0.0005940662978424114,3.313781500825627e-06,-0.002738964977288618,-5.5243223684498224e-05,-0.00012748883138785142,0.002736509882487759,5.38048578371292e-05,-6.159428542606489e-10,1.1042587129132039e-09,0.006581579294593046,0.0028868265122340554,0.08175820743637487,0.0021296110198797034,5.3320344558897836e-14,5.6027827776555794e-14
12.6800,-0.045301240098055265,-0.0002053625707185723,0.24520324426450532,-0.05612746156698936,-0.07904278116730629,0.006354648125457938,0.004036324678602496,0.0004401815317244736,-0.011880913324607868,7.414564017333981e-05,-7.975303698811714e-05,0.0039329051030127645,8.770749702227618e-05,-6.159433479470599e-10,1.1042582609432535e-09,0.0071445118034211145,0.0005835054920076369,0.08381751663016034,0.0024070691628837355,4.747118225855579e-14,5.0224933803924565e-14
12.7000,-0.0452326077129954,-0.0002070586878896793,0.24505118008712173,-0.056110215578065226,-0.07837969303138671,0.006335050982497182,0.0019010728958449327,0.00023097461144167475,-0.00503283582976935,0.0001336724727336458,0.00013129940769301293,0.0001975360684997842,1.017594284331763e-05,-6.159428748792199e-10,1.1042587865291076e-09,-0.0011458170127361365,0.011469914630732046,-0.28051636287137766,-0.0062627311106793135,3.662082572949976e-14,3.934364363163481e-14
12.7200,-0.04524288087343711,-0.00020623668487456239,0.24508312543283217,-0.056102448940501155,-0.07844827830425093,0.006338483094658498,-0.00112971876182929,-0.00014080904186422084,0.003737940476027304,6.438249356916845e-05,0.00016240920274778592,-0.002273382917425923,-4.8346891666879615e-05,-6.159426699088681e-10,1.104259041894484e-09,-0.005086917538003133,-0.00442514891754122,-0.015615644002416376,-0.0006160883099299989,4.02358742569546e-14,4.293724528486517e-14
12.7400,-0.04530575764567128,-0.0002047649467562829,0.24523004665626655,-0.0561025016848433,-0.07902640275753979,0.006356427441068367,-0.0031532057586601526,-0.0004112411128244355,0.00919018956068302,-5.314468703399811e-05,0.00010103910353074793,-0.0027753670320680786,-6.687702664106093e-05,-6.159422016278079e-10,1.1042595634179078e-09,-0.005690278154236494,-0.0010959843070006317,-0.03506668750354258,-0.0012017912145464045,4.7257689298266237e-14,4.9919351421609526e-14
12.7600,-0.04535976562153748,-0.00020463028139820492,0.24535167911940697,-0.05610494293521595,-0.07954853198608033,0.006370806553838793,-0.0011363185316074168,-0.00020538574869057626,0.0031235254577904633,-9.296828868803796e-05,-6.174695582663166e-05,0.00044878055907615676,9.215784927321737e-07,-6.159424812358097e-10,1.1042593279869902e-09,0.000836070220074006,-0.004912307565292146,0.15546651315748036,0.0034867876126161547,-5.6542152958392183e-14,-5.4629654207445644e-14
12.7800,-0.0453256213812687,-0.0002067309381319744,0.24527358308635233,-0.05609835766691795,-0.07924650930077382,0.006359906356773258,0.002426323015285929,0.00024131495094413934,-0.006923307783312303,-2.1474866101699106e-05,-0.00011970289768587428,0.003158438425876902,6.541046628048826e-05,-6.159430023600438e-10,1.1042588474741237e-09,0.0064200304003264935,-0.004568989976301976,0.18433644231010474,0.004533175997629638,-5.795206979228307e-14,-5.5988938799881455e-14
12.8000,-0.04523609921868455,-0.0002088389395197569,0.24507582601123964,-0.05608438954509574,-0.07839719893409534,0.006334392579121476,0.00355785765583623,0.0004407693158209514,-0.009727761566115703,7.423810243676983e-05,-1.3063400548074733e-05,0.0022433132759281447,5.289376741108724e-05,-6.159430564623961e-10,1.1042588413163296e-09,0.003556276159953978,0.0054305715700273685,-0.10137753805417217,-0.001960796257593237,-6.825128569948324e-14,-6.627081424858544e-14
12.8200,-0.04519546154667972,-0.00020847058267781985,0.24499257137682007,-0.05607568105857378,-0.07798249078299724,0.006323996891477504,0.0014791721997070078,0.00022703562317360728,-0.003703500309888588,6.574212077076272e-05,6.840772489507455e-05,-0.0005162878154727927,-7.251657268544595e-06,-6.159428839972452e-10,1.1042590666396158e-09,-0.002455316893760361,-0.0011280665896682472,-0.05965050542956611,-0.0013476130945171238,3.890645265810719e-14,4.164235552521142e-14
12.8400,-0.0452077408552385,-0.00020664193747646194,0.24502304157231103,-0.05607206309781805,-0.07805954644882766,0.006328930727781983,-0.00111024996454936,-6.46706317531498e-05,0.0031824715504542287,-1.3117424399715827e-05,6.142189913728299e-05,-0.0021753362280466943,-4.7689448578339645e-05,-6.159426995870189e-10,1.1042592988583876e-09,-0.0036464208004285416,-0.008118000320064373,0.06888859240688269,0.0013217778049988106,-6.949903976968819e-14,-6.755198885075725e-14
12.8600,-0.04524092373543013,-0.0002049668701568875,0.24508889045497953,-0.05607015875890375,-0.07834328154902755,0.006339269869155512,-0.0012338596127767474,-7.572982558945613e-05,0.0027460503767508483,-8.247913212066895e-05,-4.605221754038243e-05,-0.0012022705709363272,-3.0127081207841207e-05,-6.159426144592253e-10,1.104259432746392e-09,-0.0030911124442114467,0.0009184980464207257,-0.039717858237537186,-0.0010685515516263898,4.381059723985656e-14,4.651113478734703e-14
12.8800,-0.045326675335717,-0.00020264315602284058,0.24526483471924027,-0.05607769599114918,-0.07913964623676221,0.006364065804807296,-0.004360595173638744,-0.0004706094574952408,0.011242453851606644,-0.00014287541627305364,1.3930608316291415e-05,-0.0026356306749230935,-6.83280133869624e-05,-6.159420183911626e-10,1.1042600800091257e-09,-0.0028719908368226533,0.00090528269565982,-0.014996653229358189,-0.0007117364257871205,5.064519767103426e-14,5.330048333035062e-14
12.9000,-0.045358875301934616,-0.00020281275580202383,0.24531419857490624,-0.05608185902040584,-0.07945998572886562,0.006372272054952077,0.0002557010910555819,5.607106860201969e-05,-0.0022289589194214605,-0.00010371960255214514,-0.00016305787997837221,0.002247524560887009,3.999200527126746e-05,-6.159426869596414e-10,1.1042594527035858e-09,0.005403786059930846,-0.0038217999577818346,0.20890095499957487,0.004968568766300745,5.6254392149287374e-14,5.896452488600434e-14
12.9200,-0.04527609656885321,-0.00020504022506019338,0.24510709475335507,-0.05607088030231597,-0.07868264336521709,0.006348235673639677,0.0032397445256349563,0.0004677455636511956,-0.010262121386205981,4.892132800302103e-05,-8.356017742607727e-05,0.003382983640865447,7.541662301441199e-05,-6.15943011569318e-10,1.1042591736299259e-09,0.006662484255826431,0.012186898909851933,-0.15285938677324884,-0.002981565750079784,-6.697668407298213e-14,-6.500278559775502e-14
12.9400,-0.0452315227280293,-0.00020480600692232253,0.24499792689858363,-0.05606438047029486,-0.07823628896164404,0.006336375414825954,0.0012758884094028718,0.00025311538312772447,-0.004001471382505106,0.00011006497343907652,9.683773620858766e-05,8.571006494650544e-05,6.248250971002635e-06,-6.159428693184151e-10,1.1042593660005072e-09,0.0006077460795206435,0.0018078589411603583,-0.0747918438679034,-0.0015814824153890744,3.87614880513823e-14,4.149591369302652e-14
12.9600,-0.045261709067105145,-0.00020246327079397476,0.24506257723704067,-0.05606702377349875,-0.07848816291990045,0.006346075702170677,-0.001964004557624008,-0.00015566515601480801,0.005384606660043821,4.945977774488778e-05,0.0001511636069018995,-0.002453383973475795,-5.356950632345027e-05,-6.159424357472133e-10,1.1042598514232306e-09,-0.004292773285470475,-0.003723027853904863,-0.008382960312093842,-0.0004492439503541044,4.084815032881148e-14,4.35429348285242e-14
12.9800,-0.045315769622358365,-0.00020041104313775186,0.24517909923427114,-0.056073184243487,-0.07898128495117755,0.006361807804179087,-0.0023643841091858945,-0.00024334567213743133,0.006350122520136193,-2.2986300420165768e-05,6.1009748732514714e-05,-0.001672503069350994,-4.077921478149424e-05,-6.159423365819018e-10,1.1042599989762683e-09,-0.0027257012988026945,-0.003333744046275815,0.04452433318670897,0.0007753658241241498,-6.490202255834965e-14,-6.299221398404359e-14
13.0000,-0.04535599340974867,-0.0001996059701899154,0.24526383347920214,-0.056079910395907734,-0.0793650232338215,0.006372765925248259,-0.0008710688758955226,-0.00010717493640554035,0.0021135038970309227,-3.696309949290672e-05,-4.458965161105647e-05,0.0006873174128944742,9.49439104566723e-06,-6.159426768976835e-10,1.1042597030324164e-09,0.002917464311774484,-0.01274719176052648,0.3077532425860141,0.006997903637274067,-5.827934977057497e-14,-5.635000522837344e-14
13.0200,-0.045307842758082986,-0.00020084835470103165,0.24515216209397567,-0.05607509879341453,-0.07891339260449429,0.0063586167063728345,0.0016481130503543974,0.00021633032598613878,-0.004710282862966903,4.230941388577605e-05,-3.469117801202733e-05,0.0020740452749638994,4.6336073460549274e-05,-6.15942808239283e-10,1.1042596184428135e-09,0.003529706155193417,0.008011912652159954,-0.10785434316584595,-0.002186000072939265,-6.604042128693227e-14,-6.408984671094076e-14
13.0400,-0.04530872768244864,-0.0002001246678875124,0.24516103879254197,-0.056078440121964335,-0.0789134368505784,0.0063591984679356875,-0.0005142740041046057,-5.2885234628250964e-05,0.0020212371503026843,5.17844502072176e-05,0.00010337937841039642,-0.0006773940070260106,-1.4689993148783237e-05,-6.159424819356151e-10,1.1042599949996043e-09,-0.0006856883175813753,-0.0016845119094336114,0.0008194542254902405,-4.812087639052406e-05,-6.594249072570252e-14,-6.401251599098823e-14
13.0600,-0.045309055957391535,-0.00019938568160228772,0.24517324536565524,-0.05608272381065297,-0.07890868173696577,0.006359626849662255,-0.000336061699891311,-4.22967306661741e-05,0.0017407445689820104,3.0106386680423886e-05,7.032242973776399e-05,-0.0005280820956641999,-1.1683929935993481e-05,-6.15942350993293e-10,1.1042601746672727e-09,-0.002710796724387209,0.005347471926140319,-0.13663793338583913,-0.003164031555188014,4.453304180496512e-14,4.7224776986067724e-14
13.0800,-0.045340708734082705,-0.00019816631724016917,0.24525794268144022,-0.05609368605435817,-0.07920914420053397,0.006368835921134193,-0.000780388360134546,-0.0001268383196188265,0.003013944454489357,-1.4925410355799749e-05,2.2357460054015577e-05,-0.00028957348331922525,-9.515625425743004e-06,-6.159425106107767e-10,1.104260061025951e-09,0.00044599722661950566,-0.01572807563443726,0.30133335399697764,0.0067585107977599715,-5.95593453028842e-14,-5.762990589299258e-14
13.1000,-0.04530065349188998,-0.00019878228861580071,0.2451789934276264,-0.05609534268033384,-0.07883428215293573,0.00635759043967026,0.0016669814716431957,0.00019338467345595886,-0.004004438919946102,1.0943186832538606e-05,-4.256425783103541e-05,0.0014513984797091123,3.2941150510781134e-05,-6.159426475377456e-10,1.1042599707614784e-09,0.0016940190797078624,0.002907834513563282,-0.043432749830984205,-0.0008068894480708312,-6.530544063420435e-14,-6.335555723709779e-14
13.1200,-0.04530904460552589,-0.00019759910317938186,0.24521243253950617,-0.056105385707977955,-0.07890849148794697,0.006360864314647316,-0.000923042201787975,-0.00011061986066758568,0.003621327515145318,-8.85973609225857e-06,6.967015003773441e-05,-0.0012214313162378207,-2.744813674488609e-05,-6.159420878552708e-10,1.1042605821594412e-09,-0.0031791458653195204,0.005380810612235145,-0.154251384017492,-0.003638288687002691,4.484495321746204e-14,4.7528489119635225e-14
13.1400,-0.045349262441123604,-0.0001960590852637612,0.24531612447427367,-0.05612275106432019,-0.07929588719480088,0.006372870705438742,-0.001204289022241989,-0.00016769954829369153,0.004134770011386296,-6.163758777683436e-05,-2.9475425756043107e-06,-0.0006008874390728074,-1.737696634688019e-05,-6.159420699303594e-10,1.1042606494139114e-09,-0.0014385307904498325,-0.005238693394333243,0.0983179879235019,0.002136171432735223,5.10417852732023e-14,5.372744892213899e-14
13.1600,-0.045316967294628425,-0.00019658293214624184,0.24525117086272624,-0.05613158899527324,-0.07900593308910561,0.006363951482154184,0.002073796413283248,0.0002493090428193402,-0.005457302956065391,-2.8559450694875418e-05,-0.00010936993721006416,0.00207824164477784,4.570231871675831e-05,-6.159424470915184e-10,1.104260314482488e-09,0.0022007207141481566,0.004538837154743943,-0.04541655934663243,-0.000764780560797842,4.728784367118849e-14,5.00070023909914e-14
13.1800,-0.045304929911123275,-0.0001957916338008108,0.245232943454781,-0.05614436891706702,-0.07889398201759851,0.006361683101244151,-0.0003980845979990043,-1.8415374520676657e-05,0.001727074160535953,-1.2524381092291065e-05,4.176204064793485e-05,-0.0007985424193593798,-1.663940890009247e-05,-6.159420101736418e-10,1.1042608024866494e-09,-0.0011049250953469583,0.005095211186846907,-0.13631389160613527,-0.0031362394250631326,4.332956384097905e-14,4.602163105899698e-14
13.2000,-0.04533634414262953,-0.0001940966567542293,0.2453116544190574,-0.05616505991736644,-0.07919816974870632,0.006371667292271753,-0.0011063506444053237,-0.00011987170198449152,0.003549091899165767,-4.77523298358634e-05,4.998961316576662e-06,-0.0008731570194037688,-2.0920643265355607e-05,-6.159419955886697e-10,1.1042608645987757e-09,-0.0009808254712406024,-0.007303809138490929,0.126433854426332,0.002790798587270485,4.7577827094746894e-14,5.026927767277922e-14
13.2200,-0.045292285554435624,-0.0001946366540071939,0.24521368643942212,-0.05617498979889389,-0.07879503152200606,0.006359726989558496,0.003236374230083279,0.0004251592657086574,-0.00921177136520017,-5.585382014898363e-06,-0.00016274742571413008,0.002869465182916884,6.679247830515853e-05,-6.159427292872938e-10,1.1042601736574124e-09,0.004165987441617665,-0.002048935554418382,0.09487140865687921,0.002553121250409683,4.365141603214495e-14,4.6396670142986873e-14
13.2400,-0.04522570906633055,-0.0001947833816511528,0.24506297543031305,-0.0561785918357179,-0.0781547187915493,0.006342317736329049,0.0027060274715453195,0.00041632401455212153,-0.0077144002073211496,5.181153662841614e-05,-6.4088064827821e-05,0.0012254170606836826,3.604155838714489e-05,-6.159427537687346e-10,1.1042601986227395e-09,0.001154502596968504,0.006271599950215863,-0.14331959985173837,-0.002998847067981327,3.349545033698442e-14,3.6238149796457425e-14
13.2600,-0.045213605164747546,-0.00019304392296411402,0.24503200364376468,-0.056184775207111654,-0.07800835634928294,0.00634105354514113,-0.0005741848480250855,4.954859700429208e-05,0.0013322465960912831,2.2318822457236825e-05,4.6974256139403925e-05,-0.002232314127678369,-4.136902018783611e-05,-6.159424402989714e-10,1.1042605670848428e-09,-0.004321396987404305,0.00573938147578479,-0.205161272132492,-0.004840770186521322,2.96164494025062e-14,3.2319931236521326e-14
13.2800,-0.045268860598490814,-0.00019041529950912202,0.24514396226219795,-0.056196266550040556,-0.07850387080293542,0.006358403943114245,-0.002719237419463719,-0.00023171580756372684,0.006754653502207117,-5.9978106903980426e-05,3.1070746385188276e-06,-0.0028757404487574985,-6.138596381449085e-05,-6.159423370951761e-10,1.1042607203704842e-09,-0.004939153038900257,0.002002618536697737,-0.09109950680208627,-0.002407097316212354,3.4653154640500866e-14,3.732842350110885e-14
13.3000,-0.045389689304314154,-0.000187770579331782,0.2453950639185645,-0.05621718049553664,-0.07964854137181708,0.006393087003913093,-0.0050366065896591695,-0.0005834269566752047,0.012895132407930745,-0.0001368966042503966,-4.628826279610049e-05,-0.00230724646779692,-5.731814356135739e-05,-6.159423060383336e-10,1.1042607990305583e-09,0.0001388999837887765,-0.01496048876348985,0.3364186194087839,0.0073056781543753896,-6.39249124554514e-14,-6.203995921594957e-14
13.3200,-0.04541625960520468,-0.00018902492145767336,0.24542883262136794,-0.05622637847621109,-0.07993570642394095,0.006399216922768028,-9.299969871037089e-05,-2.725515763427887e-05,-0.0013011056986679673,-6.124372378908693e-05,-0.00016332424209147782,0.002387560833156926,4.965686130207959e-05,-6.159426700720402e-10,1.1042604792702335e-09,0.004946618788911975,0.01015801512800433,-0.04663278877853537,-0.0008155368884229787,4.6655293018706134e-14,4.933843589759179e-14
13.3400,-0.04536836094189781,-0.00019182296745253838,0.24530505035894767,-0.05622594055620769,-0.07951751012278845,0.00638414851339133,0.0031397978964332455,0.0003525044176098495,-0.009704264388016057,8.327135490987525e-05,-0.00010893259661185632,0.003979539285878995,9.255867578638379e-05,-6.159433725608616e-10,1.1042598174134264e-09,0.008446564368574279,0.0022706378028655686,0.08280722090022956,0.0023941071250653824,-6.956632806701807e-14,-6.760347490142316e-14
13.3600,-0.04528731151223786,-0.00019414585817204217,0.24512248498364606,-0.05621784082881005,-0.07875709024123476,0.006360685565315745,0.0029358242508011607,0.00034592395654884625,-0.008063988882600761,0.00019049405264814825,6.965859753653761e-05,0.0017385357808254796,5.0717999828959814e-05,-6.159433230956216e-10,1.1042599169941978e-09,0.0015878686645161432,0.013178405436529443,-0.2648869070032666,-0.005718333856483009,3.061885190920946e-14,3.334795140768135e-14
13.3800,-0.04528026482158868,-0.00019393073943793944,0.24512003841920005,-0.05621603396979943,-0.0786745515718211,0.0063590863652851215,-0.00030494608644699074,-6.929390892497565e-05,0.0017895185183181193,0.0001531679728133042,0.00018158672672171855,-0.0018248020461083647,-2.9836596500862935e-05,-6.159430562847663e-10,1.104260235775447e-09,-0.005129098748317694,0.0035720536013593438,-0.1719770956058256,-0.0040946139887843465,3.022424975226978e-14,3.2919339183843516e-14
13.4000,-0.04534318079292867,-0.00019280701988543686,0.24527826999388208,-0.05622179067100842,-0.07926340836570575,0.006376894513975007,-0.002642559589663143,-0.0004141763952931734,0.008464272182256318,2.7173785461300265e-05,0.00011405854490738561,-0.0025654065842761827,-5.4166008269448375e-05,-6.159428795505424e-10,1.1042604648520662e-09,-0.005736061877133426,-0.005663007026427628,0.043388014587595176,0.0005957266726447137,3.9674725093793994e-14,4.234005995199658e-14
13.4200,-0.045346347814239185,-0.0001944911262996128,0.2452976710658771,-0.05621795251320184,-0.07931025517723586,0.006376474626838123,0.0012893230712257646,2.3816290581232223e-05,-0.002999032301523739,7.891573374365286e-06,-0.00012536872275159552,0.002138269337994437,4.9929028244145184e-05,-6.159437902514056e-10,1.1042595956645249e-09,0.002548198021509275,-0.008046665269641219,0.21472852544794174,0.005037815403348507,-6.75361459465118e-14,-6.558567979073754e-14
13.4400,-0.04527966873266484,-0.00019744432528059655,0.2451596257751129,-0.0562013918113466,-0.07868417478056572,0.006356665518888553,0.0020713956405596498,0.00015799310913179067,-0.005026632782423097,5.7633160228015286e-05,-4.0746423705230324e-05,0.0013934239203572032,3.8074077671160304e-05,-6.159438196208704e-10,1.1042596127958543e-09,0.001221786554751375,0.008842610353860525,-0.1722288886806332,-0.0037769434200948197,-7.510282001334245e-14,-7.315095794727111e-14
13.4600,-0.045221096057477574,-0.00019942834331894413,0.24504124063417018,-0.05618156353761427,-0.07811212513166971,0.006339939086363276,0.0018788083676270651,0.0001683548947975547,-0.004510258619325911,6.944080959551881e-05,-4.1608235635353605e-06,0.00021313229298870984,1.3727377492963379e-05,-6.159441165805723e-10,1.1042593637013813e-09,-0.0015306646667833368,0.003497959605054756,-0.12388741219524071,-0.002794154522879829,3.3046339915823036e-14,3.578082654383946e-14
13.4800,-0.04522444469506884,-0.00019971010022739558,0.24505759017066067,-0.056166177185918674,-0.07811407618145218,0.006341205230518089,-0.00013661398700096105,-6.279377704960975e-05,0.0007501722305206839,-5.576786621318802e-06,-4.517240236147816e-06,-0.0014381332846973818,-2.7423230436286018e-05,-6.159440671969049e-10,1.104259465571086e-09,-0.004237701870186061,-0.0027166488162148348,-0.01585087042368262,-0.0005753529495565464,3.576315404842795e-14,3.8481675799454523e-14
13.5000,-0.045267938628099566,-0.00019959295892468077,0.2451527566433993,-0.0561536253760732,-0.07850140346350928,0.006353506002305734,-0.002303456756562159,-0.00031811177688234984,0.006165890291324886,-8.983031182980587e-05,-1.6321740540415975e-05,-0.0022905051921686998,-5.2447661684121714e-05,-6.159437897750206e-10,1.104259791204046e-09,-0.004638275647026606,0.0012983888291907514,-0.06672827644309877,-0.001878350063682644,4.050411942695467e-14,4.318735717353042e-14
13.5200,-0.0453367844577651,-0.00019986853065880064,0.24529386050711846,-0.056145388854114964,-0.07914950280906925,0.006372074801918205,-0.0027243850095471024,-0.0003880161224978896,0.006704150851211619,-0.0001463602529094457,-6.830001115427825e-05,-0.0013648683859120172,-3.844474312234578e-05,-6.159437699192129e-10,1.1042598584321704e-09,-0.0007079487261114345,-0.004100133893358279,0.11611804585264048,0.00236215604249282,-6.206078945018845e-14,-6.015654418827995e-14
13.5400,-0.04532499123642577,-0.0002026732394827374,0.2452450949749877,-0.05612700032840029,-0.07904973319567243,0.006366920602407742,0.0008706551062164832,6.252538350698439e-05,-0.0038654414081330185,-7.709979484607179e-05,-0.00014448322005702002,0.002047342828674198,3.983057726147614e-05,-6.159442641507876e-10,1.104259410234573e-09,0.004593221947578242,0.005587737186413371,-0.004666034519339684,9.385223994560941e-05,-6.290444781818089e-14,-6.096033779764282e-14
13.5600,-0.04532396806657735,-0.0002044235030452914,0.245224443567598,-0.056112101462936693,-0.07904313963217852,0.006365420231278487,-0.00042128656394999927,-7.410031463589637e-05,0.00017432142794934422,-2.0947310957997915e-05,2.7756551570223858e-05,-1.8845413794102255e-06,-4.472786370473038e-06,-6.159438170643955e-10,1.1042599056356494e-09,0.0006288410281092211,0.011985215591630235,-0.20024877264610255,-0.004546456109693499,4.589791003858923e-14,4.858711767337723e-14
13.5800,-0.04532624677952196,-0.0002059277860273266,0.24521640299875053,-0.05609996745877077,-0.07907049835355859,0.0063647286118154135,0.0011224743603005494,9.56192589040271e-05,-0.004082463905160476,1.1998567099284273e-05,-4.038242809034029e-06,0.0012427167277366698,2.348822000868057e-05,-6.159441237471279e-10,1.104259646400443e-09,0.0021441195081243584,0.00015466160174567724,0.045589242997377884,0.001184260709134395,-6.287743763155884e-14,-6.093242636796489e-14
13.6000,-0.0453233367732966,-0.0002069455907657992,0.2452026906311093,-0.05608989011506086,-0.0790438779613747,0.0063630196794498325,6.662479620771466e-06,-2.6517303525884707e-05,-0.0004132420147068867,3.183318386814294e-05,7.477556313889977e-05,0.00015104803049688023,2.813926125512392e-08,-6.159438909824876e-10,1.1042599259282003e-09,0.0008027324141743109,0.00033039152786769213,0.002201228520063432,7.449777098576887e-05,4.797537015007944e-14,5.0680644305810957e-14
13.6200,-0.04533574492316315,-0.00020755084855444747,0.24522922910947698,-0.056082646247983106,-0.07916393308186943,0.00636555449223281,0.0001059525184240953,-3.22345646671766e-05,-0.0003137159931698992,2.664787782310995e-05,5.640218919228584e-05,0.00041645639785880205,4.906705130967624e-06,-6.159439142094523e-10,1.104259949657611e-09,0.0009654295787799719,-0.00868468271730532,0.18147226788405416,0.004145564272385747,5.133072515216969e-14,5.4043243133666125e-14
13.6400,-0.04529865614783548,-0.00020894422330806876,0.24514805970298517,-0.05607058148416425,-0.0788126503633028,0.006354306701506732,0.0014587645838411675,0.00015215148266038437,-0.003898251752910982,5.134190505809342e-05,3.872935865686899e-05,0.0011145728999702343,2.3539300315202254e-05,-6.159439402262049e-10,1.1042599710859456e-09,0.001071915869655886,0.002544856484526983,-0.046795399003335944,-0.0009191205640388407,4.6880651216520824e-14,4.960164630375338e-14
13.6600,-0.04528920388703937,-0.00020896543358415765,0.24513477050732158,-0.05606366492757773,-0.0787122419883426,0.006351589292327141,0.0003294318549905256,2.4254982881078605e-05,-0.00040127936938616206,3.778034782120892e-05,8.342595780306965e-05,-0.0003209516222272964,-8.512835504195193e-06,-6.159437520087552e-10,1.1042602108615454e-09,-0.0013593180383204154,-0.0022980613103554637,0.0057053522493537,9.098686819701116e-05,4.67509670841644e-14,4.946286842567524e-14
13.6800,-0.045309771997602506,-0.00020806700814480806,0.24519030024954383,-0.05606256562765461,-0.07889498613793167,0.006357646956116267,-0.0017342649386443622,-0.00021993164017491905,0.005505527866448105,-1.3464460899020465e-05,0.00011829415439724406,-0.0018480328119601125,-4.500186224337945e-05,-6.159432016773816e-10,1.1042608101669273e-09,-0.004510267437991398,0.005643336951079205,-0.16935834740631917,-0.004082859124261279,4.716110721348851e-14,4.983608469476264e-14
13.7000,-0.04534979266867578,-0.00020723980921238825,0.2452879012703205,-0.05606819540314479,-0.07927887900842359,0.006368734523450669,-0.0002637867416333834,-6.855235428618835e-05,0.0010663863969126988,-6.267107483520723e-05,-2.8847678505585433e-05,0.00043510787519895216,1.9617035628710868e-06,-6.159434264723092e-10,1.1042606323992824e-09,-6.3851454190538135e-06,-0.005954137881043624,0.14418171081291836,0.0032707861249368026,-5.659552958659636e-14,-5.466961383376531e-14
13.7200,-0.04529069878222402,-0.00020874462727942395,0.24515887129210215,-0.056062097252865206,-0.07872876684768045,0.006351623024221309,0.0031776769758974843,0.00038592649925056415,-0.00877823293790035,-1.8124528627945011e-06,-0.00010737708252486976,0.0029938613053118574,6.436710721997426e-05,-6.159438593368281e-10,1.1042602413052853e-09,0.0037862676671372186,0.004650689760858934,-0.03734574203151646,-0.00047059078525638304,4.932228128522176e-14,5.206306306210218e-14
13.7400,-0.045227600470444176,-0.00020894026135177186,0.24502270684641125,-0.05605518928855034,-0.07811356431320121,0.00633471441761151,0.002063728734937151,0.0003131831674220521,-0.005435506178493651,4.3045230599885004e-05,2.3411485443796645e-05,0.0005499952742521982,1.481663191735167e-05,-6.159436308051638e-10,1.1042605200546734e-09,-0.0007331406364241111,0.009974307583575539,-0.23948813040041356,-0.005286351206773287,4.071480023785934e-14,4.3445390514318394e-14
13.7600,-0.04524104998428343,-0.0002066691568863479,0.2450577873601109,-0.05605850645179713,-0.07820896877582235,0.006340217099142192,-0.0010699105677998623,-4.5323976683584966e-05,0.0032168692885826454,-2.1028630552882704e-05,8.235011280634254e-05,-0.00229480094441106,-5.165653053632443e-05,-6.15943207142438e-10,1.104260997639049e-09,-0.005020075285022049,0.0013010116816583874,-0.11431338276936233,-0.0028280047315501957,4.219949314033383e-14,4.48964528206551e-14
13.7800,-0.04531023450624629,-0.00020366714000573255,0.24520979048316746,-0.056070861926794925,-0.07884411788601706,0.006361092772701288,-0.00338028145215682,-0.0003361800071767774,0.009199710984056378,-0.00011074516450402509,4.414074897754658e-05,-0.002849239056797245,-7.009418984268607e-05,-6.159427855277838e-10,1.1042614671624833e-09,-0.005029683472276829,0.0010926641514667742,-0.06635312232789317,-0.0018651113301937808,4.8104071724217046e-14,5.0767441465982e-14
13.8000,-0.04537892548832432,-0.0002018353710046926,0.2453519907366987,-0.05608738919664571,-0.07950348590826305,0.006380729584764444,-0.0021710488074245427,-0.00022254871144048648,0.005281688412408866,-0.00013987711441277705,-8.525723695749082e-05,-5.6685302346278795e-05,-1.1967672897651376e-05,-6.159429989879875e-10,1.1042613004935446e-09,0.002260244048221509,-0.007942373406038549,0.2266708918596029,0.005096637742859231,-5.5047133030224765e-14,-5.313685011746824e-14
13.8200,-0.04536379765094486,-0.00020234647109081927,0.2453029402122876,-0.05609614611621145,-0.07938419736977508,0.00637607268056395,0.0013024282604198103,0.00020384265226639948,-0.004557529975484816,-5.239776922757744e-05,-0.00012720359604454523,0.0026942404417485675,5.3752399824572975e-05,-6.159433982058096e-10,1.1042609425212801e-09,0.007340823977623884,-0.004126625452623031,0.1939622072330373,0.004744524677198596,-5.745524769926874e-14,-5.5504334310098324e-14
13.8400,-0.045285096181828965,-0.00020322565251814143,0.24511701896966756,-0.056096631485976066,-0.07864333042128555,0.006354261571351477,0.00235854291781839,0.00038229585397023307,-0.007005632818591822,7.231713383676855e-05,7.582976839324713e-06,0.0017987093888866628,4.304748475212636e-05,-6.159433493168975e-10,1.1042610400178821e-09,0.0037264398335050105,0.011786655466897574,-0.2112752673667601,-0.004456389742631498,-7.007284021694898e-14,-6.811341584072456e-14
13.8600,-0.045256663070410784,-0.00020183730310622424,0.24505312245771482,-0.05610309425534477,-0.07835515515414034,0.006347675832226681,0.0009319598376411484,0.00021856229425488803,-0.0025754997562285474,9.141060690993601e-05,8.798315738539323e-05,-0.00040572461360671285,-3.726761838373757e-06,-6.159433391051295e-10,1.1042610993744002e-09,-0.0007875984689594338,-0.0011107472023620703,-0.03635543257413561,-0.0007621439431899962,3.822215845694296e-14,4.094825607064978e-14
13.8800,-0.045280752644901924,-0.00019918003160433498,0.24510850814331503,-0.056115114666994946,-0.07855888872974563,0.00635613791697249,-0.001387671043882609,-7.487438649189939e-05,0.003969054481348017,3.069143142197522e-05,9.396787828815763e-05,-0.001989215030900687,-4.1483169934026434e-05,-6.159430268580412e-10,1.1042614626735126e-09,-0.004058001680222891,-0.0013024004016409696,-0.04716415717432304,-0.0012621842050654743,3.902220479254717e-14,4.171590509008741e-14
13.9000,-0.04535695412227304,-0.00019615902993686657,0.24527865159599313,-0.05613498194009102,-0.07927182869871421,0.006378748232347515,-0.0034577550444560208,-0.00037382751143877173,0.009676667315141869,-5.3431515675484746e-05,5.433525968496298e-05,-0.002351399031610408,-5.553916551336667e-05,-6.159428540490016e-10,1.1042616843263344e-09,-0.0018544078939358038,-0.012657952653825565,0.2232905994429846,0.004761884507274187,-6.41262352463548e-14,-6.2225479760189e-14
13.9200,-0.045331465079125645,-0.00019669559371150277,0.24521426060464943,-0.05614041316811696,-0.07904246257816001,0.006371319833677876,0.002124761536207641,0.00029034591299211346,-0.00648580230211581,-4.3970241972742515e-06,-0.00015756302661722564,0.0028723773563238348,6.465473274483514e-05,-6.159435643369363e-10,1.1042610166651435e-09,0.0033284582506774387,0.007549127060332791,-0.06101575596995851,-0.0010444962060336782,4.371950392857704e-14,4.64417322957808e-14
13.9400,-0.04530395566567258,-0.00019663224865980233,0.24515055276237163,-0.05614443946495295,-0.07878004344584959,0.006364017798208529,0.0007727264887063379,0.00013537398593814048,-0.002183457963948491,5.2453893224361704e-05,5.459694867334086e-07,0.0006497770956093028,1.891025421263917e-05,-6.159434161778567e-10,1.1042612145637801e-09,0.0007722322729291728,0.008615543914503414,-0.16461267527991566,-0.003617853344283493,3.857601494098792e-14,4.1286113796387e-14
13.9600,-0.04533909471614325,-0.00019481857170195154,0.24523453392454347,-0.05615785533433332,-0.07910588125922562,0.006374819300249148,-0.002061112505371234,-0.00023089588007274195,0.006192744060875257,2.1112026010939646e-05,9.952638449656989e-05,-0.0018886750741377867,-4.0322234886224136e-05,-6.159430767728998e-10,1.1042616047026899e-09,-0.002397859796580423,-0.0026486629643161243,0.007721641485709013,-4.463843846143783e-05,-6.979144909560753e-14,-6.78836056377391e-14
13.9800,-0.04532268705780508,-0.00019513905492914976,0.24520093391960288,-0.05616273284152004,-0.07895759887228518,0.006370075255512758,0.0020049255990762507,0.0002368601988299868,-0.005551414215053765,2.9062861107479596e-05,-9.518934633425343e-05,0.001967495320790074,4.687771628480755e-05,-6.159438638157076e-10,1.1042608602083256e-09,0.0027429466551604255,-0.00471597215316543,0.13468153964148577,0.0032898505012668388,-6.86909025753718e-14,-6.673124780618572e-14
14.0000,-0.045306819337805025,-0.00019502672904590177,0.2451711297897308,-0.05616615907904416,-0.07880364619047812,0.006366046868498625,2.7716778219931988e-05,8.65094847973039e-06,0.0003732548021204399,4.32582186289267e-05,2.443842334354258e-05,-0.00017175242391590504,1.004206051883594e-06,-6.159435270789316e-10,1.1042612481387157e-09,-0.0008480009943896398,0.005550244278322106,-0.1301225713737654,-0.002957753051893945,3.817320672885524e-14,4.0878121742617124e-14
14.0200,-0.04532223975547957,-0.00019430286302126227,0.2452137770846222,-0.0561728054830151,-0.07894550629915331,0.0063708593868630784,-0.0009589025143672493,-0.0001309020695600454,0.003204350698700192,1.3197460213121613e-05,3.136857110636109e-05,-0.0009501802067926365,-1.835915969325828e-05,-6.159435194794197e-10,1.1042613043111827e-09,-0.0019853141327161364,-0.001916768981864953,0.007764941595832016,5.2640202701894404e-05,4.0765324059097163e-14,4.345951224761502e-14
14.0400,-0.04533923154819463,-0.0001940173097643031,0.24525778733718914,-0.0561787803845163,-0.07910966700481652,0.00637574090816322,-0.0006418925187263216,-0.00010427154370983556,0.0021141105751110874,-1.3401995167046227e-05,-1.7345042121490026e-05,-0.0002828507416700808,-5.225264055310382e-06,-6.159436821554176e-10,1.1042611885668411e-09,0.00021878190477167878,-0.006373802948347193,0.126440427924136,0.0028089053195400103,-6.782942263416913e-14,-6.590135880578385e-14
14.0600,-0.04533829866402111,-0.00019453456903983004,0.2452610580267811,-0.05618266652756197,-0.07911078847410269,0.006375272764965641,0.00015330968321022713,-2.019646035690364e-05,-0.00013791852932166045,-9.718009677103365e-06,-2.9595380318496257e-05,0.00023698928359207244,6.703075603381647e-06,-6.159436008580829e-10,1.1042613184701515e-09,-0.0007741128816975605,0.0075691884397401125,-0.1350879019965729,-0.003058724936846184,4.174896648008464e-14,4.4439902062085035e-14
14.0800,-0.045333146003929126,-0.00019513492695952183,0.24525508106743982,-0.05618542396506463,-0.07907147501842117,0.006373626683192766,0.00041464296979182183,6.414229055946567e-06,-0.0008299061247602338,1.7943649870154192e-06,-3.034797395193341e-05,0.0004559376968631105,1.1965493287130664e-05,-6.159438588742865e-10,1.104261106759884e-09,0.0007789722814467148,-0.0017983423938774659,0.04566756635085985,0.0010754248177815553,-6.868376039356056e-14,-6.674824267523943e-14
14.1000,-0.04534049954184111,-0.0001954623917345384,0.24527841001188203,-0.05619025307845471,-0.07915181445405602,0.006375556532057923,0.00010432630855790594,-4.011114823537194e-05,0.00010228328612345086,-3.620173435457015e-06,-1.8247966644071e-05,0.00019159119940980943,5.291635692482982e-06,-6.159438932479539e-10,1.1042611200996094e-09,0.0008964641118768585,-0.007618162416255185,0.1534760717799894,0.003483032779255976,-6.699413972795915e-14,-6.505845937931215e-14
14.1200,-0.04530515648811284,-0.00019675663831648175,0.24520409524376335,-0.05618767730198156,-0.07882460633002455,0.00636537956605444,0.001094639725065833,0.0001031796114026686,-0.0027516433740309085,2.2308350931864203e-05,-2.3795420756435862e-05,0.0006575405857191377,1.8598702035100945e-05,-6.159439438794366e-10,1.1042611176587113e-09,4.172391979327426e-05,0.007802007491314207,-0.1544991837418517,-0.0034135651346461015,3.9113616588214856e-14,4.182279387176732e-14
14.1400,-0.0453416361082355,-0.00019608137620219293,0.24529403281964005,-0.05619551947200229,-0.07917319688303313,0.006375986979158088,-0.001884670866403928,-0.0002743980897712819,0.005810271131079317,-2.0258650419335166e-05,6.591030198549157e-05,-0.001831852686392351,-4.0660850466057686e-05,-6.159436982790623e-10,1.1042614131088108e-09,-0.0011084718847322555,-0.011025622994900293,0.1774833247341115,0.0038000503142053793,-6.707357108962086e-14,-6.515855834488687e-14
14.1600,-0.04530991787776915,-0.00019767658239223243,0.2452248935552578,-0.056192610387428975,-0.07888600907516329,0.006366492065764077,0.0023393263178119123,0.00024271266850970017,-0.006586090408765748,4.857543061225374e-07,-0.00011570390728627692,0.0020010767862792007,4.71118213441256e-05,-6.159442525258896e-10,1.1042609030895785e-09,0.0013703546815158675,0.004358974372945032,-0.04435522532202779,-0.000770389378673604,4.148816842375683e-14,4.4211921450265645e-14
14.1800,-0.045288829423563846,-0.00019836961776140393,0.24517950486602172,-0.05618956940592407,-0.0786848037062275,0.006360733711841876,0.0003255642078901245,2.8254639076685124e-05,-0.0007690026719399521,1.678241218174366e-05,6.42673843858523e-06,-0.0002472561125057469,-1.4088756412140065e-06,-6.159440292419401e-10,1.1042611768576403e-09,-0.0011133744531383678,0.007516352760600929,-0.17037589477497936,-0.0038753483617809128,3.7535140197820366e-14,4.024170184363171e-14
14.2000,-0.0453237682105531,-0.0001978009918526174,0.2452597474889783,-0.0561938167838372,-0.07901420871512643,0.006370870938996173,-0.0014286940588780096,-0.00020036034149766005,0.004072514042970975,-3.005758290621349e-05,2.3229888744405043e-05,-0.0014016346043716815,-3.117017833365015e-05,-6.159438604958126e-10,1.1042613974632719e-09,-0.0027394191985318866,-0.0013429978243407496,0.001243505912566653,-0.0001589953199366695,4.2150426215765285e-14,4.483468040187774e-14
14.2200,-0.04533279137056748,-0.00019855238226110445,0.24527633577791946,-0.056194158954570986,-0.07911107839774913,0.006372930823574954,0.00041601520919472854,1.2754064807786928e-05,-0.0014999296457216317,-3.4858169773969145e-05,-8.314035197417028e-05,0.0008016296023593616,1.7195989384050548e-05,-6.15944357262198e-10,1.1042609426423845e-09,0.0026008391996797642,-0.009114415674529811,0.21749857386692023,0.005010012493826618,-6.614148248193508e-14,-6.419738601392416e-14
14.2400,-0.045295134908831754,-0.00020020135743693273,0.2451855238728469,-0.056186268999756026,-0.0787597411430909,0.006361878098097873,0.0011456484766616938,0.00013062912494147185,-0.003566367612502179,1.5187484254951573e-05,-4.470001787891984e-05,0.0009145440837012405,2.3461364319407292e-05,-6.159444144797344e-10,1.1042609336898563e-09,0.0018829088094442948,0.005355638514972508,-0.08653983481524098,-0.0018349677288632394,-7.229071128603964e-14,-7.034372812974449e-14
14.2600,-0.04534038023158121,-0.00019946020685636701,0.24528534627032209,-0.056190117454528836,-0.07918618494589458,0.0063748532816792144,-0.0029965231853957604,-0.0003840355254698611,0.008421501312542209,-2.346673720150654e-05,0.00011836633041932898,-0.002797916469493265,-6.348400990557845e-05,-6.159437062788958e-10,1.1042616975075698e-09,-0.003614268804194346,0.0006874569417067979,-0.061176641523354267,-0.0017404947195556989,4.2468998695359417e-14,4.5129942534763434e-14
14.2800,-0.04536233850816537,-0.00020029192578890635,0.24533052139569744,-0.0561916416951046,-0.07941318622878889,0.006380093438808143,0.00027110735041637303,-2.7640831920564734e-05,-0.0011119377838877081,-2.864868658813528e-05,-7.679727678170548e-05,0.0011261905752966354,2.2462311929770282e-05,-6.159444889119619e-10,1.104260954291656e-09,0.003334057774237828,-0.013508332857597042,0.3244117939596549,0.007464346946901895,-6.28850405992934e-14,-6.094354621649645e-14
14.3000,-0.04531210180869629,-0.00020261563488350898,0.24521342806845955,-0.05618233952689516,-0.07895256152271482,0.0063649654350092875,0.0020666486394321664,0.0002177141278437898,-0.006006721513750698,4.197058602363855e-05,-5.268254897879596e-05,0.001979282562760022,4.6895812985804515e-05,-6.159446053468048e-10,1.1042608853350693e-09,0.0033193179083698615,0.006066321944278093,-0.07649720278945661,-0.001481699515301458,-7.059205108482514e-14,-6.863914547416278e-14
14.3200,-0.04528648411004933,-0.0002035178701030913,0.24515808939764724,-0.05617509943100082,-0.07870729644612476,0.00635759666613805,0.0007620162220612618,7.441584706968113e-05,-0.001953207333210698,6.432754222788212e-05,5.967545936409233e-05,-0.00020186421796273906,1.9353509182226428e-08,-6.15944382990824e-10,1.1042611582028234e-09,-0.0015467130849248195,0.008605239373590146,-0.20018535633664114,-0.00453630099231867,3.7008529650117e-14,3.971620937941872e-14
14.3400,-0.045294147970017816,-0.00020349260493803312,0.24517947228103837,-0.05617074663438872,-0.07877114805536836,0.006359830369228099,-0.0007578663590584931,-0.00011682028275573377,0.002413622840686229,2.8533462774711285e-05,7.16053268217347e-05,-0.0013016796679255638,-2.650199941085647e-05,-6.159443914597712e-10,1.104261198456167e-09,-0.002431461822340899,-0.001737850898960855,-0.014912457431106472,-0.0004981083547985552,-7.177002319270348e-14,-6.984271830583894e-14
14.3600,-0.04533502273588391,-0.00020317043961350987,0.24527387768817852,-0.056171078235119264,-0.07915865282364747,0.0063711078422245436,-0.0014812682085714483,-0.00023043655022089038,0.004279215878578819,-2.9441505412959122e-05,1.8563111434404684e-05,-0.0010512777215937901,-2.541139905056279e-05,-6.159444371268276e-10,1.1042612003116846e-09,-0.0004949144135409009,-0.012013665823601144,0.2258205314589909,0.004950740043914301,-6.520749652044744e-14,-6.328452844227284e-14
14.3800,-0.04530802314596171,-0.00020486123225997544,0.2452108608271503,-0.0561609500397037,-0.07890985865907012,0.006362666039734933,0.0007696576960719453,5.845094997569492e-05,-0.0022957520136768724,-3.844677183320131e-06,-5.545424139981339e-05,0.0010493692534164702,2.377578790177174e-05,-6.159446523529053e-10,1.104261031659876e-09,0.0009413451835878296,0.007134995378013631,-0.11140366294503488,-0.002428072029077533,4.2332240143827526e-14,4.5041139600573293e-14
14.4000,-0.045303721925008686,-0.00020561728940664444,0.24520106532719682,-0.056153998714035876,-0.07886928048495909,0.006361061097739458,0.0001233805283902267,-1.6027641573430112e-05,-0.0003495428106006527,5.508550658059044e-06,3.2860321411587793e-06,3.7064332300892664e-05,1.1244503077350156e-06,-6.159445801154285e-10,1.1042611526269615e-09,-0.0006698054245493031,0.004843350147735059,-0.09516113433448967,-0.0021650122004853727,4.21112119784392e-14,4.4816296398790534e-14
14.4200,-0.04534160714792249,-0.00020544333680110706,0.24528786284234202,-0.05615428361834707,-0.07923235938718012,0.0063713750654647945,-0.0012645722272945296,-0.0002071746354202862,0.003653041521927252,-2.7554538741102782e-05,2.3377882681838913e-05,-0.0007358373472814844,-1.979971485789585e-05,-6.15944585166489e-10,1.1042611950738494e-09,0.0008474116389336654,-0.01521465200255195,0.30059761625007436,0.006699947268411345,-6.23168237932209e-14,-6.038760122376377e-14
14.4400,-0.04530967806704293,-0.00020710499772750118,0.2452145956916588,-0.05614451886588545,-0.07893800307768727,0.006361588983514895,0.0006806045964260351,5.39486809631081e-05,-0.0019494884553083504,3.4791005756276674e-06,-1.599398781553792e-05,0.0007649375693632558,1.674382008185629e-05,-6.159445508498502e-10,1.1042612775453953e-09,0.00014681412630496643,0.01181964250592784,-0.2130358971341878,-0.004745633564530701,4.27238810735836e-14,4.542726465177685e-14
14.4600,-0.045346991598417534,-0.0002067010707528044,0.24530211610677097,-0.0561469778111788,-0.07929656007255259,0.0063719052579059125,-0.001328795045237243,-0.00020601674414573836,0.003979605241677348,-2.1589284240822136e-05,5.7540300386737485e-05,-0.0010102425545663507,-2.6256141802345562e-05,-6.159444283568243e-10,1.104261448280166e-09,0.0002495412354829612,-0.012213068262677068,0.23072761128507355,0.005088211529638866,-6.190622287797348e-14,-5.998505050964706e-14
14.4800,-0.04530273296340206,-0.00020851704783288123,0.24520370398690608,-0.05613772768806187,-0.07888825908153474,0.006358644182592206,0.0015780054111017914,0.00016810390803045095,-0.004366262903010418,1.590215833741241e-05,-2.8906738727622108e-05,0.001353280224556179,3.0345899332612485e-05,-6.159445911485674e-10,1.1042613321680292e-09,0.00041341530909172155,0.01277303611366073,-0.2300684320326925,-0.005051252561904701,4.2822604457651986e-14,4.5531327731544724e-14
14.5000,-0.045344684955872024,-0.0002075662428577091,0.24530507506471896,-0.056143141074507324,-0.07928789212467507,0.006370655354471153,-0.0023741826245904343,-0.0003241522288618633,0.007205611407713683,-2.1506860617656936e-05,0.00011796635212279522,-0.002111861102410807,-5.068590242202475e-05,-6.159441552081128e-10,1.104261818659139e-09,-0.0013033815574160417,-0.010612566343331978,0.16527852498098536,0.0034822541942237705,-6.249844120963938e-14,-6.059101110384921e-14
14.5200,-0.04531273637693458,-0.00020899799034077753,0.24523661238932332,-0.05613921019090087,-0.07900150111378457,0.006360904875716541,0.0026397080697124274,0.00028293057786170887,-0.007352912612486098,2.6119992276344823e-07,-0.00010563031581856251,0.002527415199048514,5.4889391085458664e-05,-6.159449357358887e-10,1.104261079947957e-09,0.004041427573336823,-0.007444331448761316,0.20043232704978337,0.0048487030093745205,-6.285858606628475e-14,-6.089036609993603e-14
14.5400,-0.04527621990145104,-0.00020954961862235685,0.24515939722042968,-0.056134475850429646,-0.07865353952184892,0.006350875505001851,0.0007349682258590372,9.65765468118909e-05,-0.0016891750478078918,2.9073463024844992e-05,3.98405008815687e-05,-3.0439511882497582e-05,1.165497233183052e-06,-6.159445203502198e-10,1.1042615467092573e-09,7.45526574594269e-05,0.0034927491992234076,-0.09938235470920809,-0.00221999215804485,-6.959767506233006e-14,-6.765450016616575e-14
14.5600,-0.04531643669271864,-0.00020801982255503403,0.2452568118826899,-0.05614159431109739,-0.07902882104072774,0.00636293624640193,-0.0021275542700149664,-0.0002601842912604489,0.0064141954292787785,-3.004918331309798e-05,9.565232706353363e-05,-0.002272615551964009,-5.3095299446527096e-05,-6.159440019255139e-10,1.1042621165873599e-09,-0.004163864225552762,-0.001445298784631255,-0.0293419020668156,-0.0009435113041204083,4.5368324711175106e-14,4.804265844740932e-14
14.5800,-0.045346630324648314,-0.0002074768741527052,0.2453265812981695,-0.05614913095663182,-0.07932606792853021,0.0063714249646697925,-0.0007780681660151839,-0.0001115490091169874,0.0022339509234239187,-6.426756841932086e-05,-3.312360394472748e-05,-6.322185868594914e-05,-6.360813916141985e-06,-6.159442550351744e-10,1.104261908654297e-09,0.0006318728750508271,-0.00679096526649475,0.15574090105189006,0.0035011218411065133,-6.137112844827042e-14,-5.945000351378904e-14
14.6000,-0.04529835633413569,-0.00020883793113552637,0.24521577281468315,-0.05614658588202287,-0.07888355345852743,0.006357511933647996,0.002212833384541,0.00028096285055917105,-0.006387631647605663,-8.123176970647609e-07,-7.353404493995964e-05,0.001826265283622937,4.096778926593269e-05,-6.159444735075094e-10,1.10426173880618e-09,0.0017731806518539153,0.012609146791458583,-0.2102261737390364,-0.004520002819274023,4.288725678845001e-14,4.5602099028353715e-14
14.6200,-0.045294638706602296,-0.00020828124118915984,0.2452091089681157,-0.05615072213204641,-0.07884755302912612,0.0063570946280216865,2.6707410901165368e-05,2.9105882573251237e-05,4.8286855232562135e-05,8.634814440241052e-06,4.1652416427305365e-05,-0.0005592845524633117,-1.1910114347028541e-05,-6.159442232889012e-10,1.1042620365794939e-09,-0.0013774492965524388,0.004292527430466833,-0.11000528796823655,-0.002522113240558327,4.220208844928422e-14,4.4899929043870634e-14
14.6400,-0.04529665334883114,-0.00020759235333229215,0.24521403077322176,-0.05615531280307785,-0.07886465151090206,0.006358271205119042,-0.0005947981486841547,-3.824942890144655e-05,0.0017008290045789777,-6.41076020139529e-06,3.42921523645975e-05,-0.0008625819701391,-1.9055739181526792e-05,-6.159442183814769e-10,1.1042620921205963e-09,-0.0013920105521865811,0.0013835431867948332,-0.053867185747790536,-0.0012951422051867183,4.2441595485449846e-14,4.5136522286697706e-14
14.6600,-0.04532190707483077,-0.00020656314781533793,0.24526978178915415,-0.05616350232514158,-0.07910584272291907,0.0063658882337353515,-0.001077301171520721,-0.00011197664389599247,0.0029601320913255156,-3.0037430025510735e-05,7.312653024257651e-07,-0.0006029130550776548,-1.5205727749513683e-05,-6.159443446679297e-10,1.1042620127210898e-09,0.0007751575767378517,-0.010066737033486005,0.1958215105559494,0.004379736746131487,-6.521686131671228e-14,-6.328740157802992e-14
14.6800,-0.04531706627091074,-0.00020651113252983586,0.24525463213527438,-0.05616802923726764,-0.07906803641596333,0.006364680119036706,-0.00012327309347473896,1.0770119649750948e-05,0.00011992468598277629,-1.4989927661530988e-05,-2.005698538588352e-05,0.0001886330538591113,3.819214620805159e-06,-6.159442774924369e-10,1.1042621258806193e-09,0.0004541905133108721,0.005565435834385679,-0.0924203963256959,-0.002053511113799534,4.304777969635007e-14,4.5743309585056374e-14
14.7000,-0.045321071598508726,-0.00020619392688820253,0.24526118107525854,-0.056173796411984625,-0.07911279241609277,0.006366028877841934,-3.6962743820544535e-05,1.4857348570558915e-05,-4.603576568990553e-05,-1.4463836394775554e-06,2.6245983560522236e-06,-2.3508748636056588e-05,-4.953448986928295e-07,-6.159442981974119e-10,1.104262152973463e-09,0.0003549073294634815,0.002394212785800562,-0.038584269130086356,-0.0008591410435828449,-6.863793929924589e-14,-6.671409030680614e-14
14.7200,-0.0453006389960323,-0.00020645589160454665,0.24521320517380552,-0.05617546746948251,-0.07892475065315795,0.006360378892520606,0.0007850742349669833,0.00011404358342296419,-0.002307752555780587,2.624497411855548e-05,-2.999051037357847e-06,0.00040379103587780184,1.1331173832498875e-05,-6.159444096397683e-10,1.1042620915217312e-09,-0.0002695693884811865,0.008787102607728635,-0.16831863029204377,-0.0037379472704643776,3.9701816595578976e-14,4.240583714254856e-14
14.7400,-0.04532127667913783,-0.00020542502831717122,0.24526108905008653,-0.05618343100083253,-0.0791205585209341,0.006366775753990522,-0.0013410511520824358,-0.00014928007075211568,0.003931793242156878,1.0420024028755248e-05,6.758664589607191e-05,-0.0012897963211403677,-2.779033534844462e-05,-6.15944199020418e-10,1.1042623494777885e-09,-0.0020087421071441867,0.001628099312430615,-0.06169465068752656,-0.0015463957596663115,4.1497546772548827e-14,4.417951058157191e-14
14.7600,-0.04530993363610804,-0.00020573146150557362,0.24523600205575152,-0.056185785537282006,-0.07902170107037541,0.0063634715479024525,0.001273774910054771,0.00015400680274306504,-0.003632983005772787,1.8978132658844915e-05,-5.834627633097335e-05,0.0012308042227085854,2.9351737633532614e-05,-6.159447779253839e-10,1.1042618146185769e-09,0.0019807299019283203,-0.0028454431524893836,0.08313394123243753,0.0020402467942968235,-6.91560524124224e-14,-6.720824255197072e-14
14.7800,-0.04526967242189365,-0.00020638860971775174,0.24514627524388766,-0.05618180508183999,-0.07863841866067363,0.006352302945617534,0.0015928511615205042,0.0002119591923639987,-0.004417914193002232,5.3757443925477216e-05,-2.7458197670446306e-05,0.0009527955906613484,2.65644725893093e-05,-6.159448756932472e-10,1.1042617651642059e-09,0.000414887694686523,0.006006229798300044,-0.12115969920556109,-0.002607246183541267,3.693734500122975e-14,3.965912613503736e-14
14.8000,-0.04529112644938054,-0.00020522776045301059,0.24519812931699744,-0.056184743872085746,-0.07882924322090071,0.006359133980489746,-0.0017656938307423222,-0.0001982082718837428,0.005239873345070996,1.5789410947452453e-05,9.280731462441305e-05,-0.0021635327770258114,-4.533462451586147e-05,-6.159443698502057e-10,1.1042623234931563e-09,-0.0043700853344372055,0.005545215068930854,-0.17206962653476424,-0.004168485178023331,3.741408902526236e-14,4.0090340444089156e-14
14.8200,-0.045349081775467766,-0.00020408702408122623,0.2453301660214387,-0.05619330919743636,-0.07938251245657835,0.006375542409414484,-0.0013894669651517903,-0.0002008277041331641,0.003925448624413792,-4.6040685130910385e-05,-2.7092594153469907e-05,-0.0006280873150396893,-1.6623912072078338e-05,-6.159447376350421e-10,1.1042620006779768e-09,0.00039846781428456594,-0.016037223366474188,0.33055814357743674,0.0073777992401093985,-6.388578630955183e-14,-6.196336033246347e-14
14.8400,-0.04528270587300969,-0.00020651804913919856,0.2451760962762697,-0.05618248185635542,-0.07876693633373834,0.00635593797810029,0.0033281243461098066,0.00039504265335197464,-0.00970211276675344,2.7792168177591432e-05,-0.00015244748585798522,0.003215048466141498,7.534374272304367e-05,-6.159453969659762e-10,1.1042613851173349e-09,0.004460825340641345,0.006996474941098165,-0.06652850232155537,-0.0011205357532273477,-7.157086880614505e-14,-6.960048043545136e-14
14.8600,-0.04525095614450157,-0.00020697452724481732,0.24510486683286806,-0.0561742855695996,-0.07845387165029956,0.006347330215810524,0.0006082030071640922,9.024569838370754e-05,-0.0016374854508300705,5.913840688815213e-05,3.4150299683617904e-05,-0.0002977599462245853,-7.918453724496788e-07,-6.159451155853108e-10,1.1042617179398836e-09,-0.0011082923398583922,0.005529094065889956,-0.14672449140079016,-0.003337140340064173,3.5270831394429436e-14,3.798622251168296e-14
14.8800,-0.045264468760305515,-0.0002063325366570934,0.24513529901077133,-0.05616924219220693,-0.07856241055041108,0.0063516487576985164,-0.0006968061921157535,-7.149412479605708e-05,0.0018887819226938575,1.3974597682652057e-05,3.577552781407826e-05,-0.0013433923341344641,-2.69191884455755e-05,-6.159450505847006e-10,1.1042618324875372e-09,-0.0032405533154919687,0.0013612763068745815,-0.07306561435392603,-0.001824380124274542,3.7321958945655404e-14,4.002121577932963e-14
14.9000,-0.045304009647514236,-0.00020566371781444626,0.24521953439328328,-0.056166681680534784,-0.0789260059428262,0.006362879826818409,-0.0019328323904628999,-0.00023873678967651856,0.0051112009957102345,-4.09748000048132e-05,1.4187923906758245e-05,-0.0015689455423851869,-3.615345241826789e-05,-6.159449217556989e-10,1.1042620105463715e-09,-0.002946382349447885,0.0015274293996917897,-0.04772539823682507,-0.0013211875131307145,4.166617409168821e-14,4.43462540994366e-14
14.9200,-0.04534275681087459,-0.00020584284668274055,0.24529815857461104,-0.05616481750931823,-0.07929942583092783,0.006373084776028976,-0.00071495182485832,-0.00012395604617327212,0.001422653252964128,-5.5655865683504056e-05,-7.835424609448396e-05,0.0005374714296696977,7.816525419818072e-06,-6.159453006326687e-10,1.1042616787663103e-09,0.0021410247974504707,-0.00832301114196912,0.2195589579612894,0.004979343903233207,-6.324041496637983e-14,-6.131377415334593e-14
14.9400,-0.04531064748561713,-0.00020792935772479435,0.2452161367237213,-0.05615321653493191,-0.0790078093547548,0.006362809855068795,0.0023695649681786486,0.0002583478600786098,-0.007301112460800693,1.3607279763468841e-05,-0.00011156712810520908,0.002671158371957911,5.9350724861347695e-05,-6.159455881031216e-10,1.1042614370927406e-09,0.0034177971443025003,0.007983943722118008,-0.07757992567517476,-0.0014519610099214709,4.368218026878923e-14,4.6408000055689347e-14
14.9600,-0.045297458790241156,-0.00020871826380166342,0.2451833861801233,-0.056144249952645324,-0.07888049690417517,0.0063586834073193306,0.00019103599088528053,9.136168238970014e-06,-0.0006198814436748757,4.229286324141242e-05,6.191479753371567e-05,-0.00023465364346915007,-4.191111770143576e-06,-6.159451999209255e-10,1.10426187639597e-09,-0.000863015114472123,0.007693601114091018,-0.1613775326656216,-0.003679712374704437,4.1082900427945324e-14,4.378108661197422e-14
14.9800,-0.04534404209397551,-0.00020806541802606226,0.24529086664286562,-0.05614514938315877,-0.07932168374288313,0.0063715325800222785,-0.002186708469447328,-0.0003105154194107922,0.006398183307643778,-3.7659358415935635e-06,0.00010405337085540452,-0.0017018377402687225,-4.1288008295597636e-05,-6.159450398332977e-10,1.1042620827606533e-09,-0.0008795616511933357,-0.012470080306216262,0.21969668980365406,0.004749671443814009,-6.305527389290078e-14,-6.114238889493029e-14
15.0000,-0.04529270104046507,-0.00021023568339038621,0.24517564281709886,-0.05613191845671439,-0.07884474188996482,0.00635593357315332,0.0028622574475976213,0.00031248745394705087,-0.008094229844730436,3.984843308531193e-05,-7.09944921116073e-05,0.0024649440635489024,5.601679720627647e-05,-6.159455952315884e-10,1.1042615737261743e-09,0.001758879023668002,0.009883265449198176,-0.15058422172302086,-0.0031241435001050605,4.275464531022788e-14,4.54817593634714e-14
15.0200,-0.04528501600151245,-0.0002103697549397307,0.24516449227057974,-0.056124949574562405,-0.07876329981244905,0.006353792640484513,-0.00026310046803792547,-4.958857552820969e-05,0.00120008506146122,3.53917389473247e-05,8.892276380642212e-05,-0.0009141979038904671,-1.9513566398087873e-05,-6.159452093484904e-10,1.104262010717031e-09,-0.0018176527967263907,0.0015586864690798309,-0.0752857119538794,-0.0018182187471357607,4.253611758609985e-14,4.523597073096894e-14
15.0400,-0.04532850274717073,-0.00020944429291475512,0.24527024030048147,-0.05612660250312195,-0.07917170332372409,0.006366060860357378,-0.0018789837192444377,-0.00026925129275341377,0.00577436314847103,-2.7150518693004014e-05,7.85623021737244e-05,-0.0016764028709626896,-4.1225345062034575e-05,-6.159450252452086e-10,1.1042622411643991e-09,-0.0019197119600730277,-0.010239722809312804,0.16677134171575136,0.0035402394536171557,-6.25394647093408e-14,-6.062573945468663e-14
15.0600,-0.045308727969612404,-0.00021057822833325777,0.24522905940430137,-0.05612049948483199,-0.07899381548122508,0.006359773143672719,0.0017771960803252512,0.0001793119133790065,-0.004902139669343388,-1.6394375746639822e-05,-7.357303119672354e-05,0.00168071875056804,3.5174493651375764e-05,-6.159453185562043e-10,1.104261995451823e-09,0.0005766620655663862,0.008347897783043104,-0.12480338209862597,-0.0026554813468713523,4.646273193660913e-14,4.917337966935803e-14
15.0800,-0.045301335368514106,-0.00021073068022209456,0.2452174985848156,-0.05611749393977529,-0.0789234188652738,0.0063577202395021385,-0.0003769615273765304,-5.635443977899105e-05,0.0014405671090993578,-9.105294227258216e-06,5.45348340058487e-05,-0.0006652140335678186,-1.6634192120434806e-05,-6.159449633045011e-10,1.104262400962185e-09,-0.0014563628704910702,0.006237685168696906,-0.14609428079227776,-0.003395657383410715,4.531615425788782e-14,4.80061072816694e-14
15.1000,-0.04532769923955833,-0.00021015320384229561,0.24528297695994725,-0.056121902371543866,-0.07917881056598944,0.006365144163598952,-0.00013110741334693276,-4.590999603653268e-05,0.0006630109690535557,-3.617076130641905e-05,-6.128156486860841e-06,3.0546974277616864e-05,-3.896394939874252e-06,-6.159451540282264e-10,1.104262253553258e-09,0.000682127512112609,-0.011688895120726416,0.2379190744123561,0.0053822864086021435,-6.009482597961122e-14,-5.815958608809679e-14
15.1200,-0.04528900236601573,-0.00021101704357309744,0.24519835310343846,-0.056117840368112744,-0.07881768382315374,0.006354138161730756,0.001297693575191282,0.0001637398156200673,-0.003490901898705241,-2.2999832611519354e-06,-3.2725004007149616e-05,0.0011023575944191235,2.3677240145308936e-05,-6.15945254894082e-10,1.104262202069322e-09,0.001727759256034673,0.0017994359653776507,-0.023656551071661428,-0.00038358791324944917,4.6062498704636107e-14,4.8783351490333526e-14
15.1400,-0.04528206101814943,-0.00021050273568357463,0.24518639846484394,-0.05611902816546947,-0.07874671514539833,0.0063527665707485,-0.00011008542033111167,1.2995039696313124e-05,0.0005591309969006426,-5.413744692537916e-06,3.055683497815865e-05,-0.0004728261046414123,-1.1341337638438906e-05,-6.159450315687563e-10,1.1042624749435884e-09,-0.0010709007231329286,-0.0013439833230736793,-0.00600790114315319,-0.00017661249971137827,4.495624657046768e-14,4.766355360527261e-14
15.1600,-0.045300243363476364,-0.00020925876102830977,0.24522911762701552,-0.05612489906332766,-0.07891306349492962,0.006358669813983048,-0.0011864095659086262,-0.0001104199361815141,0.003427163995702265,-3.690502587465682e-05,4.4945556387529966e-05,-0.0013169499030612204,-3.187282820291583e-05,-6.159447357826691e-10,1.104262818147664e-09,-0.0022964027564094875,0.0012652090844443209,-0.0576844243338454,-0.0014551430735658176,4.557030479964558e-14,4.8256456339559883e-14
15.1800,-0.04532895670212481,-0.00020821235130134903,0.24529187522925566,-0.05613426844952668,-0.07919062657311166,0.00636713813792791,-0.0005288493842621059,-4.551115101773807e-05,0.001297770749890625,-5.830858698589812e-05,-4.2168789311072096e-05,0.00015192080739702087,-1.1721367106979955e-06,-6.159448370711398e-10,1.104262765591831e-09,6.286123647028566e-05,-0.001611690156903571,0.058791076170620155,0.0013552161028126959,4.9278100046692974e-14,5.197896963109877e-14
15.2000,-0.04527983207121878,-0.00020907615305847495,0.24517513867230717,-0.056132923362719016,-0.07873275250414966,0.006353329311330162,0.0027170443894362754,0.0003782196826115801,-0.008096117538253112,4.305753296691289e-06,-0.0001157983989219431,0.002537506243942858,5.7055723736158794e-05,-6.159453750555239e-10,1.1042622693350953e-09,0.003818278481717847,0.0036225478396862748,-0.018073441023978853,-6.003274355104315e-05,4.416132309012846e-14,4.6899292717624e-14
15.2200,-0.04524381916015902,-0.0002086091341171309,0.2450899174214734,-0.056131944518872816,-0.07837691405717509,0.006344220645441086,0.0008275319143513659,0.0001879644785999997,-0.0025420217398384095,4.008953019998473e-05,2.9556954516732154e-05,-0.0001898744362676939,-3.945263285582807e-07,-6.159451336237647e-10,1.104262561500239e-09,-0.00028333007280291006,0.0051911652831413396,-0.1381619367829383,-0.003079615962065189,3.788331139672335e-14,4.060240913015406e-14
15.2400,-0.04525140511049422,-0.0002069058913950074,0.24510179235967786,-0.056134869354348596,-0.07842492744645504,0.006347699252653035,-0.0009315570603014046,-1.7784940918487033e-05,0.002269619522458786,9.281121881835451e-06,5.510912081583026e-05,-0.0016518494720129853,-3.426920544859811e-05,-6.159449324089604e-10,1.1042628131651727e-09,-0.0035879050262150724,0.005611492882018932,-0.16748127286617287,-0.003948102325194632,3.708813719463175e-14,3.9783633202020163e-14
15.2600,-0.04533179158490122,-0.00020414791173896084,0.2452741960564657,-0.05614841427920786,-0.07917460628483991,0.006371333613998889,-0.0033481298033264627,-0.0003544823516814266,0.00886930915673871,-7.105019129951328e-05,3.619550705344073e-05,-0.002389983604542815,-5.749275185642684e-05,-6.159447740229744e-10,1.1042630203909565e-09,-0.0019830336591469266,-0.01175130343995584,0.21208737842622472,0.004504025073653142,-6.47152145240304e-14,-6.281187050517778e-14
15.2800,-0.045335941270376566,-0.00020437377684081535,0.24526838087025904,-0.05615173195767836,-0.07922505343130984,0.0063720928581343424,0.0006312020058227479,0.00010947659131544007,-0.0027511180367443024,-4.015854973083543e-05,-0.0001293875354804635,0.0018481591670595403,3.832766506514655e-05,-6.159453732075625e-10,1.1042624643427953e-09,0.004440442359126232,-0.003585993040405773,0.1587818323098828,0.0038088872935888073,-6.42393310854722e-14,-6.229531593262422e-14
15.3000,-0.04529033485186843,-0.00020527275895748504,0.24515350296532243,-0.056147097250766366,-0.078793786096872,0.0063591341062080335,0.0010838316317992706,0.00019000415422621933,-0.0036530773763756496,4.747518705233122e-05,-1.608635761291248e-05,0.001160427666302528,2.8862494932943878e-05,-6.159452985785591e-10,1.1042625880894705e-09,0.0019052140934995195,0.013427139910098628,-0.23465404146374014,-0.005142473640394899,3.8565816664302977e-14,4.1276816762757934e-14
15.3200,-0.04530519190057026,-0.00020421417745993618,0.24518319066464292,-0.05615039125175613,-0.07892399654352207,0.006363832705360338,-0.001247138522005281,-0.00011096960028928967,0.0033957523183933925,4.552460630029474e-05,9.946971574755239e-05,-0.001374878994348165,-2.8704592864679203e-05,-6.159450366319937e-10,1.104262902919088e-09,-0.002447937047348121,0.003330507755988365,-0.10067405560212914,-0.002428556773098255,3.975024655137119e-14,4.2436465853921274e-14
15.3400,-0.04535526991565136,-0.00020293624627076967,0.2452956870068681,-0.056159493245629175,-0.0794002670833697,0.006377973709468395,-0.0015536504582499837,-0.00020116554911618354,0.004390697890123149,2.216526125361913e-06,4.0667630682893275e-05,-0.0007642779160634751,-1.8930236878094515e-05,-6.159451060228838e-10,1.104262878223578e-09,-0.0009253697211592166,-0.00783973285524605,0.15887951354927646,0.0034844046944830587,4.6677288770280434e-14,4.936350129656694e-14
15.3600,-0.04531742059553689,-0.00020430844243371225,0.24521024971291508,-0.05615579508091531,-0.07905393539928786,0.006366536398060574,0.0022718133984860256,0.0002588832372552606,-0.006407517019552883,4.796791343685753e-05,-7.921688423579661e-05,0.0025056076270014104,5.8001333981909934e-05,-6.15945634709943e-10,1.1042623937705039e-09,0.0026876896032123026,0.006218305228450226,-0.06475661529976577,-0.0011731055877201035,4.245960679404026e-14,4.51832920579133e-14
15.3800,-0.04529149611076368,-0.0002046223207726039,0.24515909570183564,-0.056152824997589695,-0.0788044166241781,0.0063593030003286635,0.0006940060969383864,7.654155832262806e-05,-0.00140842523208612,7.399060143093751e-05,5.723477418745174e-05,7.320275520541878e-05,6.129584541828913e-06,-6.15945391876744e-10,1.104262687080585e-09,-0.00124914418236263,0.008059262411092017,-0.18464916202313889,-0.004166448040451801,3.837956428359712e-14,4.108381522352836e-14
15.4000,-0.045279317931765935,-0.00020452265795197337,0.24514220673612344,-0.05615013264234752,-0.07867964412671809,0.006356088439974291,0.0007267577163881876,7.538898958051679e-05,-0.0014379311554601724,5.364891693560695e-05,3.4788305888296856e-05,-0.00016509127017660263,5.339989713794086e-07,-6.159454861871271e-10,1.104262640864265e-09,-0.0026316674940241864,0.006250812793613454,-0.158190672697714,-0.0036073535432000724,3.8173260938963866e-14,4.0880913563211274e-14
15.4200,-0.04533329518238388,-0.00020298016340534347,0.24527527612740327,-0.056156957358894755,-0.07918360016245067,0.006371764619986742,-0.002810848266638067,-0.0003779486167601542,0.008658687669207583,-2.619260659082165e-05,9.992997120537446e-05,-0.0025690917095195533,-5.855321985659967e-05,-6.159450089148189e-10,1.1042631694507443e-09,-0.004358766446285593,-0.0021571495007281813,-0.014850240104390271,-0.0006991805303551979,-6.732684071711348e-14,-6.543401345933397e-14
15.4400,-0.04534266916715341,-0.00020355999308174574,0.24530316459380594,-0.056158665232245886,-0.07928696608625119,0.006373736327883623,0.0007272915787705176,1.8422227748466205e-05,-0.0017099025187468585,-4.083716081984921e-05,-9.83259916758113e-05,0.0013630708123107216,2.776861953534116e-05,-6.159457101035733e-10,1.104262510462716e-09,0.0027625823369682887,-0.009704918086524503,0.24205418036471202,0.005596417360121875,-6.192869296799824e-14,-5.998638543357193e-14
15.4600,-0.045275110237452273,-0.00020558858653165615,0.24515595313387015,-0.056148811793952966,-0.07865407438171347,0.006354209189372413,0.0027855578387475607,0.00031694304564951187,-0.007543354236939734,3.339518858087169e-05,-8.818534235970308e-05,0.0023254281124220474,5.5355860276485994e-05,-6.159460935538434e-10,1.1042621751160497e-09,0.004291088617776621,-0.0004105070079036744,0.037314502467919695,0.001141296105034913,-6.893678607556436e-14,-6.696093603642678e-14
15.4800,-0.04520847730224034,-0.00020651068626580696,0.24501196600562206,-0.05613602303803112,-0.07800356081314876,0.00633598011221803,0.0025429839052776926,0.0003377235819851279,-0.006839166396518832,6.49484493692775e-05,-1.2825909927250181e-05,0.0006863561314082975,2.2601916553433657e-05,-6.15946035595492e-10,1.1042622806193836e-09,-0.00106208774996686,0.00889426139726397,-0.21936811004249474,-0.00484129044753568,3.4259223333655414e-14,3.6997308157631775e-14
15.5000,-0.045199651168912856,-0.0002054685558993129,0.2449941709673454,-0.056126943005866944,-0.0778803442086652,0.00633485566191302,-0.0005656655137341929,-5.852683603608345e-06,0.0016204055292688105,1.1832682239293887e-05,5.490987821970054e-05,-0.002179552530131194,-4.3288344842058964e-05,-6.159458042798744e-10,1.1042625634746186e-09,-0.0052192245010968885,0.004592813999436274,-0.18881396593754843,-0.004518973378910442,3.340285947145416e-14,3.611150143018396e-14
15.5200,-0.04522788136956838,-0.00020416581177293478,0.2450478908075998,-0.05611936167602516,-0.07811162543938574,0.006343755013740487,-0.0010684475607032715,-6.546589843399343e-05,0.0021793403867404145,-6.727201643069535e-05,-5.636455901879608e-05,-0.0014959064797840421,-3.315042682608136e-05,-6.159461281255677e-10,1.1042622889167151e-09,-0.002061782702406245,-0.007502913893049262,0.11315043956182051,0.002363316408276874,-7.114994086520471e-14,-6.920210389969872e-14
15.5400,-0.04523432009525959,-0.00020399704468917232,0.24503816365536488,-0.05610509430815854,-0.07814097495856462,0.00634590925820253,-0.000817401910573387,-1.167960340333982e-05,0.0006984739236570987,-7.825420053976597e-05,-9.379838271824723e-05,-0.0006894428482212349,-1.6186690226685903e-05,-6.159461542490127e-10,1.1042623091613512e-09,-0.001353930238305909,0.00885333116171407,-0.16475859994987493,-0.0038430591674471076,3.8039023157483004e-14,4.0744880071882233e-14
15.5600,-0.045293811498719784,-0.0002028971348100861,0.24514145645733745,-0.05609732221267193,-0.07867768415774111,0.006362806745077468,-0.0032858975607335827,-0.0003206008808050271,0.0073689935054147785,-9.93753202047776e-05,-6.334365498307776e-06,-0.0021995514489384846,-5.4350485855676003e-05,-6.159458961490545e-10,1.1042626173322593e-09,-0.0013466097657640662,0.0023879792862846493,-0.03584837797419691,-0.0011187775427088861,-6.773366047728435e-14,-6.582604741237758e-14
15.5800,-0.04536661262253146,-0.00020246487222257037,0.2452714282402425,-0.056093341322666086,-0.07936317686767694,0.006382360262435275,-0.0029418969851362454,-0.00032588925787738806,0.006258615090318896,-9.876915909935563e-05,-3.692368129279265e-05,-0.0006999306042551785,-2.527032412420894e-05,-6.159460535654388e-10,1.1042625057227734e-09,0.0029339448407178607,-0.009128451764983747,0.26024869011713403,0.005758671243608558,-5.922028817849367e-14,-5.73073354178874e-14
15.6000,-0.045356861508514965,-0.0002045068558613289,0.2452178191931577,-0.05607994566515854,-0.07928281003198034,0.006377672055150687,0.0010297172392009816,0.0001385881046160979,-0.004731810978681571,1.0844745146992164e-06,-8.693882088470999e-05,0.0026991399031326578,5.439057057540271e-05,-6.159464651333947e-10,1.104262138208039e-09,0.006327036743276659,0.0036978720309512186,0.05822351798372094,0.0016285961686110263,5.0077936318126265e-14,5.2797887860767806e-14
15.6200,-0.045351336575673015,-0.00020551662311104016,0.24518846068034483,-0.05606934247062707,-0.07923117461836263,0.006374884865928604,-0.0006743500371466973,-7.419555349049839e-05,0.0010750535074649566,7.805891195668431e-05,0.00012588917354925533,0.0001309673195982144,4.326718811260695e-07,-6.159459792116195e-10,1.1042626751837897e-09,0.0011699449435827636,0.009000460613019918,-0.1497337657652708,-0.00336321032102293,4.59373749976677e-14,4.862844610493966e-14
15.6400,-0.04536665142288012,-0.00020592570652052135,0.24522142058317511,-0.05606477905846851,-0.07938146740149202,0.006377899535210588,0.0004438055344905585,5.888964451191758e-06,-0.0012204975679720414,8.962619286562027e-05,9.077003632507285e-05,0.0009959346491957468,1.903007008374304e-05,-6.159462253892164e-10,1.1042624743198466e-09,0.0017208763518289027,-0.00856085118411843,0.1982562932825131,0.004594664358669337,5.120853556733057e-14,5.392229360506179e-14
15.6600,-0.04532448889471536,-0.00020731568524674717,0.24513569537742969,-0.05605323654233829,-0.07898323781955716,0.00636490357625857,0.0014940796972610624,0.0001352720004239242,-0.003452182508492916,0.0001209312693063982,0.00010516508793467385,0.0012186707022474681,2.8042219910851407e-05,-6.159461564173903e-10,1.1042625915125333e-09,0.0004079574362050392,0.005622523933688857,-0.11527865490778208,-0.0024663061031105445,4.562842481235438e-14,4.834361264170056e-14
15.6800,-0.045311882769191195,-0.00020727994706008047,0.24512860608469547,-0.05604718316746849,-0.07885366850923932,0.006361051020872582,0.0002609124467695545,-2.286680478486619e-05,0.0006908403135434196,9.568366597091101e-05,0.00015764504834013494,-0.0005634361048651186,-1.1744175119133324e-05,-6.159459149845061e-10,1.1042628825301502e-09,-0.002731671686414472,0.0006844538408074812,-0.0761322341178833,-0.0018114929056664637,-6.546698675790469e-14,-6.35354399300403e-14
15.7000,-0.045339371672458856,-0.00020626872487385014,0.24521735251938123,-0.05604933251796715,-0.07910744242824613,0.006368753557032512,-0.001152910602698791,-0.00021637798162856505,0.0049255044708015235,1.5667953868315156e-05,0.00013040781441314123,-0.0013990005608414027,-3.4395167930101484e-05,-6.159455096144733e-10,1.1042633378422552e-09,-0.005062099845963094,0.0009626207205522029,-0.08152691368192584,-0.0020816424568173672,4.989426569384364e-14,5.2571228620346133e-14
15.7200,-0.04534670875197509,-0.0002062339707206252,0.24525983677552868,-0.05605255860726613,-0.07918654857551452,0.006370366770294187,0.0012469416544084047,5.654733496185953e-05,-0.0020479493136306413,-2.8906906480205637e-05,-4.154152932027013e-05,0.00133657852277812,2.438535397963382e-05,-6.159459825552854e-10,1.1042629078860066e-09,0.0013318070298535135,-0.013333890427877972,0.27905895097017747,0.006408775627977567,-5.4866864090258316e-14,-5.2918132657960026e-14
15.7400,-0.0452990647091409,-0.00020696695260524913,0.24517646714821792,-0.05605060898067922,-0.078739808272437,0.006357010348938469,0.00182861368167985,0.00017817166392901357,-0.0036943719549816607,-1.0628725984503676e-05,-2.1680071946988022e-05,0.001251145336012624,2.604534583248526e-05,-6.159457131474375e-10,1.1042632263194981e-09,-0.0003527374098799141,0.008013098798705473,-0.1679757605747915,-0.003668876039242058,4.9346255705760844e-14,5.206115893203675e-14
15.7600,-0.04531897681383882,-0.00020526718606410152,0.24524600093454152,-0.05606180636393269,-0.07892336916341315,0.00636376996312872,-0.0016601264082326944,-0.00021864560362040865,0.0061880208958135135,-6.906137981543597e-05,0.00010536572045101818,-0.0023584537143045603,-5.7496452669215994e-05,-6.159449012742452e-10,1.1042640932151444e-09,-0.005288270867949503,0.0042074333678458085,-0.16220722988977676,-0.003969933884235402,5.0779699726794664e-14,5.344696582011699e-14
15.7800,-0.04536603508649034,-0.00020348679802335417,0.24537015788736344,-0.05608249853432631,-0.07938397087199177,0.006377749575598944,-0.0006976821825841781,-0.00011613603022765,0.0028908259638679187,-0.00013036313461505834,-5.212523868781617e-05,-0.00019567568654974937,-1.3772084401016955e-05,-6.159451708488299e-10,1.1042638651140302e-09,0.0005308163018841116,-0.016905143526527385,0.3412786755939549,0.007679388417525245,-5.157238026388955e-14,-4.965166868148643e-14
15.8000,-0.045288775682042086,-0.00020459458854218553,0.2452035194010704,-0.05608833501574726,-0.07867103218366879,0.00635644135201733,0.00395638233056724,0.0005196573907377269,-0.010848204250030847,-5.480055321276037e-05,-0.00017198417588899797,0.003332653037604887,7.230232683062761e-05,-6.159455006492124e-10,1.1042635798813299e-09,0.003561288124565696,0.012059439971273197,-0.1805102511434898,-0.003630162423948955,4.877778817793596e-14,5.151531734829892e-14
15.8200,-0.04524044813491871,-0.0002034589693965483,0.24510048613785806,-0.05609903813608724,-0.07820351004354877,0.006344857395869958,0.0015582690063996305,0.0003004054272615652,-0.004097113803441849,-1.4739536442391532e-05,-1.0409813193535047e-05,3.130744812131359e-05,2.848014235818625e-06,-6.159452706336212e-10,1.1042638599178288e-09,9.883095403357524e-05,0.0031715087834406387,-0.11088794053595956,-0.002386447205236327,4.2300046115568285e-14,4.502901686503219e-14
15.8400,-0.0452522626776428,-0.00020045097360437032,0.24512607780349968,-0.05611760419503967,-0.07829427669311413,0.006350812262517872,-0.0009267028887396273,3.22761873452648e-05,0.002399755114484472,-5.928882740809788e-05,2.27724111874716e-05,-0.0020516869168618916,-4.5187501359708116e-05,-6.159448920776497e-10,1.1042642896414819e-09,-0.003633678780482928,0.0009852509857697469,-0.09380572824407914,-0.002271689300211604,4.094576918191664e-14,4.364432806044233e-14
15.8600,-0.04530647234501098,-0.000196984200425188,0.2452353295700426,-0.056142170887238385,-0.07879498641495582,0.006368379381478321,-0.0028988308323304192,-0.00020368446575090002,0.007269693434766617,-0.00011844977927300057,-1.0452135383538203e-05,-0.0024448883034392252,-5.7741246920453175e-05,-6.159447080417506e-10,1.1042645228611077e-09,-0.0019481207065315934,-0.004339483124718699,0.053648996818228274,0.0009872245163473057,-6.677896625430224e-14,-6.487060780040188e-14
15.8800,-0.04534790398536567,-0.00019492372889357587,0.24530519845569565,-0.056166337604528604,-0.07919669637384269,0.0063812192334055376,-0.0005582476115824235,5.588597580788476e-05,-1.2360025548833467e-05,-0.00011021950022425993,-0.00015560910662389298,0.0007775059314273497,1.305568875791912e-05,-6.159452118130445e-10,1.1042640627322511e-09,0.004623842225806791,-0.011662672912407974,0.30864982227490284,0.0071470772245640565,-6.277992719867093e-14,-6.084030306462151e-14
15.9000,-0.04530431812373306,-0.00019496382133689214,0.24517919458042156,-0.056177382130187435,-0.07879274349669414,0.00636967309806002,0.001725861179465092,0.00036216931599751214,-0.006526760771277085,7.535787539063138e-06,-0.0001162011980163815,0.0020309021832610125,4.873361340996504e-05,-6.159454164946057e-10,1.1042639075533759e-09,0.005082378230285952,0.010272761426137691,-0.129798029982937,-0.002590752186586988,3.799329693085843e-14,4.071810027822184e-14
15.9200,-0.04529839285270005,-0.00019339553278620793,0.24514463475142176,-0.056191387902077485,-0.07872722930786304,0.006369436936310219,-0.0007209232487127669,6.469898462122944e-05,0.00087784310503808,5.98110441204249e-05,5.536103262125488e-05,-0.0008521028901393756,-1.283403288397922e-05,-6.159451986297698e-10,1.1042641739284592e-09,0.0004068058405346181,0.006096271797779025,-0.13505699047103928,-0.0030473295937468764,3.3631924285446035e-14,3.63318790742688e-14
15.9400,-0.045358362698638785,-0.0001907057459752535,0.24526417652462404,-0.05621300724555238,-0.07928972005314533,0.00638751705049425,-0.00309957354789972,-0.0002833529057037029,0.00791526825865715,2.8428972152619953e-05,0.00010076482122734963,-0.0023261347550790133,-4.90563613759022e-05,-6.159450561130475e-10,1.1042643662147846e-09,-0.0010162279281553219,-0.007872041368002061,0.13060716716585238,0.002739596759568243,-7.309120485504e-14,-7.118876885550685e-14
15.9600,-0.045349214811642294,-0.00019088120695761568,0.24522925598445713,-0.056222384107429524,-0.0792152825010277,0.006384685890512807,0.001349685041908992,0.00020810890125465658,-0.004665598631018837,7.296666725955508e-05,-8.351584729502582e-05,0.0021032290173916323,5.2918431480472076e-05,-6.159458975341915e-10,1.1042635700017475e-09,0.0040270954028299825,-0.00022976589878124154,0.0748044457614483,0.0019779536288474352,-7.457740208802882e-14,-7.26276000060852e-14
15.9800,-0.045321505989637134,-0.00019121911422752212,0.24516150194637368,-0.05622536382350705,-0.07895294401588764,0.0063769208159407545,0.0003390347320145996,7.114470305305559e-05,-0.0010699407249160555,0.0001250939995004185,4.7388074195917945e-05,0.0003304709196739915,1.725888853430466e-05,-6.159458220528833e-10,1.1042636932740774e-09,0.0007594755617832696,0.007930611227504119,-0.1573634918842954,-0.003495079669417987,3.142007731467625e-14,3.412461285767776e-14
16.0000,-0.04535305429721816,-0.00019041630843229357,0.24523840993255108,-0.05623412512964523,-0.07925124387650344,0.006385847096966097,-0.0009217905503941771,-0.00015105512138643187,0.0030500487318525942,9.64474249263453e-05,6.711723987751331e-05,-0.000700920378678978,-8.620149083632335e-06,-6.159460459539947e-10,1.1042635169532124e-09,0.00011754075831437413,-0.015111622241847214,0.27590746301654295,0.0061580984574144924,-7.387445960949784e-14,-7.19460434154065e-14
16.0200,-0.045335097686557906,-0.0001914505566712775,0.2452066951693054,-0.0562320784215623,-0.07908611620745809,0.0063801579324237415,0.0003681978864021497,-1.36688852617994e-05,-0.0004326287024438278,9.502694167820839e-05,1.9036146809181977e-05,0.0003661915936529023,1.6605221782873714e-05,-6.159461131162739e-10,1.1042634985823282e-09,-0.0013239544734236707,0.008355064930226988,-0.1679816614393612,-0.0038081727655661897,3.365477384623117e-14,3.6350324063728207e-14
16.0400,-0.04534218605862537,-0.0001920885477047373,0.2452395522795811,-0.05623080750449957,-0.0791559291558486,0.006381606035907174,-0.0006042205536029192,-0.0001829839502766278,0.0028828691013378428,6.808796716682581e-05,6.251065180461428e-05,-0.0008483656888042788,-1.2211948694185117e-05,-6.159461546970262e-10,1.1042635082486543e-09,-0.002369115498410855,0.0015967327383657871,-0.06431511516105332,-0.0016289939727978278,-7.543510087415495e-14,-7.352160601246244e-14
16.0600,-0.045330478479603996,-0.0001936937237185333,0.24523159248876333,-0.05622441354526075,-0.0790532702942682,0.00637730960778987,0.0009983384607560335,-7.4464204648368695e-06,-0.0017191430763471155,5.4129551205316175e-05,-3.8376427692472624e-05,0.0009035327448758119,2.6311950462389273e-05,-6.159466455834377e-10,1.10426306025013e-09,-0.0006145806583651533,-0.000365947919815958,0.01107400888900238,0.0002830570561195743,3.851364621101569e-14,4.122478183474221e-14
16.0800,-0.04533376207995007,-0.00019495744818838327,0.24525923082363765,-0.05621851384790641,-0.07909033684784555,0.006377478095367267,-0.00026097768205591914,-0.00016826606739319834,0.0019868036653392456,2.221305091017945e-05,1.764522445497215e-05,-0.0004764493623921263,-6.324416164822822e-06,-6.159464343453266e-10,1.104263321597362e-09,-0.002576503872124965,0.0039020770093219047,-0.10179702477860486,-0.0024519702101100205,3.9275474420039785e-14,4.19641535062687e-14
16.1000,-0.045327251240465896,-0.0001968723167982364,0.2452635260022149,-0.05621038995332952,-0.07904131899197044,0.006374522720985596,0.0015095494504754514,3.2723024647861875e-05,-0.00323563440673747,7.648433678043822e-07,-8.474133084494967e-05,0.0012473586907950185,3.042167742070675e-05,-6.159470336554451e-10,1.1042627662152868e-09,0.0017477746268840177,-0.011338777399239375,0.24147649415095718,0.005555640744119872,-6.71699024526462e-14,-6.521465225478584e-14
16.1200,-0.045287002194378,-0.00019930888720909822,0.24518831751440898,-0.05619557118257355,-0.07866484583853327,0.006362334124292963,0.0016887059824233243,9.06086517505485e-05,-0.0038771089247031073,8.919828518842971e-06,-5.918241366256677e-05,0.0009213213642305311,2.475721813421083e-05,-6.159469884476568e-10,1.1042628604363115e-09,-0.00017701530653290725,0.003386485694583956,-0.0734783776161082,-0.0016036197443551811,3.990272603440412e-14,4.262423611766861e-14
16.1400,-0.04526138055951362,-0.00020095488187041706,0.24514223006157979,-0.056180553901163124,-0.0784148624259964,0.0063547810525302634,0.0010219971852513323,4.360650775910517e-05,-0.002290339735812292,-8.073025697589105e-06,-3.2726277938653515e-05,-0.00012575590852859236,8.186308689795041e-07,-6.159470896586886e-10,1.10426280747021e-09,-0.000877969898113416,-0.002424030215295005,0.012273215828582576,0.00023551441768950745,-7.16344030534527e-14,-6.968003376985749e-14
16.1600,-0.045261474902541766,-0.00020188862653653845,0.24514601408862594,-0.056166997690522136,-0.07840286446743425,0.006354697333150028,-9.583459976027869e-05,-7.004747287881869e-05,0.0003487000470048373,-5.168934790183968e-05,-3.589770160044738e-05,-0.0008988971935730958,-1.9190856621667603e-05,-6.15947074074353e-10,1.104262871915824e-09,-0.0013593206255415847,-0.005693323859321584,0.0753442202061057,0.0015652493558529048,-6.987764316832012e-14,-6.793510524093216e-14
16.1800,-0.045247491845063444,-0.00020322444460718213,0.2451060954186001,-0.0561486391610761,-0.0782540736146525,0.006350538371707091,-0.00011902881610713559,-2.3168074563698924e-05,-0.0003096593648935616,-6.66226067691609e-05,-5.8464344594366836e-05,-0.0007011801366312679,-1.545268010566918e-05,-6.159470413544392e-10,1.1042629537320375e-09,-0.0020542249516502516,0.008654415901473743,-0.1870346622450215,-0.004346233750151628,3.8731096509234814e-14,4.1437597168673956e-14
16.2000,-0.045312175948640294,-0.00020279153102888107,0.24523581071390854,-0.05614156327241548,-0.07885353359736988,0.006368659925811864,-0.0031760493299401024,-0.00039471858883055133,0.007880528658998597,-0.0001225618729727375,6.072237407897022e-06,-0.002508567765278068,-6.213778096737614e-05,-6.159466453843714e-10,1.1042634003406964e-09,-0.003063579316639299,-0.00022246234367829227,-0.008941536256610014,-0.0005576402771366182,4.5818736174943475e-14,4.8490704995188955e-14
16.2200,-0.04535471324056657,-0.0002039389326539505,0.24530649641019459,-0.05613366845735234,-0.07926843135962768,0.006379259524875774,-0.00024695192132283446,-6.062921062710914e-05,-0.0010024468442270964,-0.00011846038400683124,-0.00014211129570925233,0.0011709837406731274,1.6971516426356435e-05,-6.159470774602144e-10,1.1042630118642478e-09,0.002959338472211917,-0.003012305784127207,0.1626362519940476,0.003777707538389469,5.2329620942471317e-14,5.5033451754060714e-14
16.2400,-0.045297022192483855,-0.0002071700669149375,0.24514877830877446,-0.05611204658321863,-0.07873190220004928,0.006361374755475229,0.002576602881400143,0.0003274213756994204,-0.008923516970102501,1.9040573850954183e-06,-0.00011171466133083787,0.002937709826246325,6.336442793781969e-05,-6.159474300973978e-10,1.1042627045698965e-09,0.005411817448677654,0.011911260072158394,-0.13714462115315212,-0.0027239780476086763,4.424101194980615e-14,4.697654212241359e-14
16.2600,-0.04524747208972732,-0.00020890373473482995,0.24501672504389896,-0.056090350868444765,-0.07824724915492112,0.006346789968178571,0.0020263242004584596,0.0002938212490549226,-0.006897709107785585,8.003997362114265e-05,3.036055859923874e-05,0.0009804512841025028,2.420161102760583e-05,-6.159475994516068e-10,1.10426258304177e-09,0.0032966448562130627,-0.0011843584211168275,0.027584831013803483,0.0008187651307690191,-7.084057732781313e-14,-6.886083771338175e-14
16.2800,-0.04521153562164687,-0.0002094756324268653,0.24491863097608385,-0.05606659760242559,-0.07786879416999933,0.006336713897611179,0.000473986405658204,0.00013631932381965507,-0.002324171216160477,9.044132776725248e-05,9.994974849326639e-05,-0.00086432707927037,-1.5001676780988157e-05,-6.159474225620777e-10,1.1042628109805591e-09,-0.002408186333958846,0.007406196149948436,-0.20571511139966459,-0.004706325094523647,3.419972773944027e-14,3.692610995621737e-14
16.3000,-0.04526209072892337,-0.00020797811931985805,0.24501609987072784,-0.05605255593589927,-0.07830471186537251,0.006351221672904742,-0.002735926825093083,-0.0002737280837010705,0.006692713456813023,9.370458299461512e-06,0.00012715689888118936,-0.0029267004105176485,-6.686628792501721e-05,-6.159471273032991e-10,1.1042631573031251e-09,-0.004795699796017161,-0.0033009886411347277,-0.0038307473672386646,-0.0004627432514332176,4.0603466227272234e-14,4.329501844925823e-14
16.3200,-0.045354366942578536,-0.00020655764516259209,0.24520400961418418,-0.05604525199030916,-0.079157316845767,0.0063765581357824895,-0.0046047037070314056,-0.0005482548112869523,0.011828209177326578,-7.605724328663553e-05,8.987162785546038e-05,-0.0028211555406036266,-7.217120182847529e-05,-6.159466709275716e-10,1.1042636641275455e-09,-0.004398704605446944,0.002707296952956815,-0.05777758083809997,-0.0017502410120291121,4.91112277798203e-14,5.176215630165598e-14
16.3400,-0.045418817028645905,-0.0002071139170420123,0.24532958715973915,-0.056039021031701684,-0.07978157183747087,0.006392585306290071,-0.0014750799345520948,-0.00023413093497391492,0.0030136544354567923,-7.480670923120873e-05,-4.577496320735708e-05,0.0010203790772971033,9.838020705646825e-06,-6.159469988801886e-10,1.1042633794746963e-09,0.0027645265595957614,-0.001294542947792924,0.14101108726568257,0.0032029068125966225,-5.33932842600518e-14,-5.148666730589099e-14
16.3600,-0.0453968764772814,-0.0002096816022293474,0.24527015512987066,-0.05602607946232321,-0.07960016167534786,0.006383903853060969,0.0018344566830692005,0.00015185544129808193,-0.005606522935269462,3.0782778637790635e-05,-3.7151079167916645e-05,0.003386523936121576,6.721604075302731e-05,-6.159473938296155e-10,1.104263027666697e-09,0.007609481224167919,-0.003102259988825772,0.18680963129504613,0.004591034298161697,-5.365221206763207e-14,-5.169930645696971e-14
16.3800,-0.0453012089055794,-0.00021249892401089794,0.2450608956243393,-0.05600500870513132,-0.07869847593103153,0.006355504299111564,0.0034035220564712894,0.000382348373621447,-0.008954733513359524,0.00015249021555522474,0.00011153173337007223,0.002217146132726641,5.0772507981403735e-05,-6.159472096181098e-10,1.1042632633076646e-09,0.0016152558688402976,0.01632637922330321,-0.31927502252382,-0.006912806956621144,4.480206624527666e-14,4.7531762054943416e-14
16.4000,-0.04524586079094631,-0.00021278306734212154,0.2449575059331988,-0.05598996388205975,-0.07814913795913311,0.006339993568113642,0.0022198178005430253,0.0002597129625531048,-0.004877693052604621,0.0001462715228470432,0.00017739074305297197,-0.00018599279100791152,-4.959912739698968e-07,-6.15947100802301e-10,1.1042634215072558e-09,-0.0038953273683621143,0.006383402988994475,-0.2220326911347302,-0.00500693247443646,4.1615724809349747e-14,4.434305570302777e-14
16.4200,-0.045263951764258584,-0.00021076973540373848,0.2450231706091921,-0.05598538423344138,-0.07828391260852723,0.006346031650282137,-0.0014722939870499112,-0.00018201181374186972,0.00565686748655559,3.717407861010345e-05,0.00018789350124704407,-0.0027405927489654374,-6.203739840931837e-05,-6.159466093294852e-10,1.1042639621887213e-09,-0.007618358156579733,-0.00046158008400442625,-0.12198695885986828,-0.0031165519765153477,4.5352231085177275e-14,4.804349192782942e-14
16.4400,-0.04533095087563683,-0.00020830291245076024,0.24519277572567813,-0.055990641834742116,-0.07889911485389312,0.006365476523929509,-0.0029471080041453546,-0.00038248302410396023,0.009354749557219372,-9.594301250050707e-05,7.123303972667575e-05,-0.002454265892656888,-6.368940415725297e-05,-6.159463723201796e-10,1.1042642474269238e-09,-0.004693320271846223,-0.01056288252920483,0.1486279801483312,0.0029789768912282123,-5.5264705301188294e-14,-5.3358413607679234e-14
16.4600,-0.045362441856343215,-0.00020763979556951277,0.2452730361223924,-0.05599654980360947,-0.07920611517963615,0.0063740141772636524,0.0002831011295515506,-3.356262720254064e-06,-0.000396748617527228,-0.0001307450005276931,-0.00012769203381418108,0.0014624719400228201,2.0589029933752904e-05,-6.159467342315267e-10,1.1042639283677592e-09,0.0030358711307074157,-0.013815530992262027,0.3383530433650279,0.007746541658220218,-4.8690238852507756e-14,-4.674610850317895e-14
16.4800,-0.04532191372708439,-0.00020809017780361249,0.24518698176299558,-0.055996779820650926,-0.07882902658833457,0.006362699556689373,0.0008552718629163068,0.00013004690107171072,-0.0020180276162428882,-6.714436733898122e-05,-3.733992506167811e-05,0.001130815751959256,1.829314132408512e-05,-6.159462576937584e-10,1.104264454682049e-09,0.0011565878986662561,0.014689087297186904,-0.2610312977723129,-0.005762717341578578,5.309876073989611e-14,5.5800084333961636e-14
16.5000,-0.04536224198204464,-0.00020575942762344625,0.24528720275215743,-0.05601480500143877,-0.0792130724217441,0.006375124409462374,-0.002365020424649217,-0.0002510023907268895,0.007304408289684092,-8.69995415772843e-05,0.0001043685250884875,-0.0019725357268276793,-5.336498351675946e-05,-6.159456159395577e-10,1.1042651470143284e-09,-0.001774474477609995,-0.0025673380170251983,0.015301217494235077,0.00013479246819683222,-5.428102222261935e-14,-5.2381581331587684e-14
16.5200,-0.04533497620190262,-0.0002053731697731402,0.24523052524246713,-0.056028297841315876,-0.07897199304046323,0.006367871370197843,0.002609186117107514,0.0003637555943685104,-0.0072205127590920515,-5.040884707387822e-05,-0.00011799633550922685,0.0027790679545084585,5.5727362355853876e-05,-6.159462698518728e-10,1.1042645368307191e-09,0.0038465932809739756,-0.0016147237285400785,0.09300843632116096,0.0024958939591952496,5.568399338634275e-14,5.842007921256359e-14
16.5400,-0.04532017399433621,-0.0002035125281501999,0.24520292187974121,-0.0560473408399003,-0.07883350640738289,0.006365362050767133,-0.0003919479732536378,5.113715294960262e-05,0.0015558535982549135,-2.7815527070915203e-05,6.783651332010977e-05,-0.0006837807782841447,-1.8552062273592937e-05,-6.15945535436801e-10,1.1042653211929454e-09,-0.00024410435006227632,0.003810725995906511,-0.10975632292206634,-0.0024670513543285687,4.969532137145613e-14,5.239189480475345e-14
16.5600,-0.045349521370018304,-0.0002003974554451266,0.24527503296953398,-0.05607643527336611,-0.07911470807317342,0.006375556660400443,-0.0016736663812369997,-0.00010362189029604995,0.005093625847099532,-5.682861648648627e-05,7.400644127910939e-05,-0.0016205119023796405,-4.0748591640600386e-05,-6.159452030754652e-10,1.1042657027120889e-09,-0.0016334852051619884,-0.0032029672936270933,0.022647111343225234,0.00040134001056867026,-6.047813210516631e-14,-5.856927898402475e-14
16.5800,-0.045318725697985306,-0.00019906156857426297,0.2452061807728713,-0.05609911141422522,-0.07883520367100327,0.006368279761098719,0.002270517182698513,0.00038897368881100615,-0.006496757801693813,-2.3435008289574493e-05,-9.792839339573194e-05,0.0019185876168291399,4.216292212666719e-05,-6.159457364431405e-10,1.1042652127965669e-09,0.0026554844499900305,0.0026210505550300586,-0.01819461625960518,-8.536435847789162e-05,-6.447746254013148e-14,-6.252267312819443e-14
16.6000,-0.045317473100407825,-0.00019626636487478556,0.24520440577229344,-0.05612691083631114,-0.07882171798295437,0.006370249772433489,-0.0009995372198866276,1.8720828813182277e-05,0.00296166741388922,-9.428317026207688e-06,5.9183466282362106e-05,-0.0012935497688757822,-2.722569400483595e-05,-6.159452097938798e-10,1.1042657912911626e-09,-0.0008282636407774311,0.003382490787496079,-0.11211133200443231,-0.0025800344020769374,-6.923182459175198e-14,-6.731228530294786e-14
16.6200,-0.045367872669620404,-0.00019267223949279838,0.245318545763768,-0.05616376423667507,-0.07930650102612434,0.006386546185248364,-0.0017913147282740227,-0.00011218139116630859,0.005054711316684769,-4.728979001401531e-05,1.414818816591659e-05,-0.0012630583367235224,-2.916893288872895e-05,-6.159450615757789e-10,1.1042659903537242e-09,-0.0013467459966844135,-0.0035536472604415165,0.05767540125393721,0.0012250425323911843,4.583237679352606e-14,4.850916353717552e-14
16.6400,-0.045364340912081996,-0.0001912031574941029,0.245307552186765,-0.05619389119073394,-0.07929656153707781,0.0063867187547971055,0.0014024215339293535,0.0002544970629242308,-0.004213164688867654,-1.2999329770546762e-05,-0.0001252785819739074,0.0019712658899724384,4.5716185810555826e-05,-6.159457431364286e-10,1.1042653491818689e-09,0.005111063123436042,-0.009485543732135697,0.25010037886590647,0.005983065242884058,-6.611269691425559e-14,-6.416079419060278e-14
16.6600,-0.04530351612247062,-0.00019065215030461986,0.24516902151087913,-0.05621349082105097,-0.0787302256929226,0.006371058021983976,0.0017622008063722032,0.00032901578378414343,-0.004950989371631161,7.473394991596333e-05,-3.0233975273646147e-05,0.001112437736809057,3.444089312626186e-05,-6.159457190079293e-10,1.1042654252371468e-09,0.0017389795117973023,0.010475305469134341,-0.20776316198149816,-0.0044609308739422355,3.296717960470444e-14,3.5685565830459454e-14
16.6800,-0.04529186004260886,-0.00018861612140456458,0.24514620490623532,-0.05623646281065823,-0.07861489164607488,0.0063697637848866865,0.0008154125074474432,0.0001963036598401907,-0.002115297705558509,7.946203437674469e-05,-5.103594618198264e-06,-0.0001118752479578081,8.25356310883296e-06,-6.159459937620054e-10,1.1042651958697791e-09,-1.0595657773487497e-05,-0.006119530897564731,0.08218383182811174,0.0019559759521652637,3.249774039280895e-14,3.522221847952062e-14
16.7000,-0.04529485597949469,-0.00018656602340716666,0.2451544070342229,-0.05625600285596122,-0.07863226272408741,0.006372518839593384,-0.0010283051146417338,-2.537141343243439e-05,0.0030209108749206766,5.182178412382045e-05,2.3312225355681917e-05,-0.001506882712518057,-2.2713920472929256e-05,-6.15945847399662e-10,1.104265393416063e-09,-0.0029578366357163907,0.003891938245218724,-0.13430388401982565,-0.003168495650258187,2.874248080752921e-14,3.143583212749518e-14
16.7200,-0.04535341231409259,-0.0001841742037402109,0.2452855000650423,-0.05627971918737997,-0.07918545565139078,0.006390389080362717,-0.0026905943172459692,-0.00029272542058533915,0.007520888051381497,-1.2876999154522648e-05,-8.195739585206513e-06,-0.001894936439205862,-3.623333196322735e-05,-6.159459624773211e-10,1.1042653292309216e-09,-0.0015239728393471998,-0.00861409713729252,0.14840364976345047,0.003138409817698146,-7.638104016459424e-14,-7.447436222406123e-14
16.7400,-0.04536935468030655,-0.00018425694667035785,0.24531607963202978,-0.056294335457664685,-0.07935586213338201,0.0063948201979072755,0.0003920653539422394,3.168907806549208e-05,-0.0014991378413125474,-1.2154693497572463e-06,-0.00014798338889013558,0.0013778135747047747,3.687036141892333e-05,-6.159465990631302e-10,1.1042647344799478e-09,0.00310659119578434,-0.004786784792852303,0.163123813058653,0.0038442488346256657,-7.484563370550174e-14,-7.290983138411034e-14
16.7600,-0.04530788105185696,-0.00018630896443323108,0.2451729451417073,-0.05629257667417407,-0.07878582430131459,0.0063771165084476516,0.0021736516093126793,0.0002605716488032731,-0.006337854899237624,8.82332946860539e-05,-9.826529554961416e-05,0.0019341403772515494,5.590211857493739e-05,-6.159469449481671e-10,1.104264436251858e-09,0.0021397547534398767,0.01587055209294435,-0.2733850830724691,-0.005958083936508246,2.7305997632280643e-14,3.0025044543734516e-14
16.7800,-0.04532446692087259,-0.0001861808424956232,0.24521375114651403,-0.05629711871991225,-0.07894000736945317,0.00638208931186956,-0.0011084481776878576,-0.00017341709107790228,0.0034074069152207156,7.798337755827433e-05,4.9357272982694983e-05,-0.0013718746267136724,-1.9932514931733383e-05,-6.159469464333377e-10,1.1042644849136302e-09,-0.0011977959274901391,-0.005973989436083826,0.07679550099376616,0.0015779094080851078,-8.102467806934965e-14,-7.909685818645318e-14
16.8000,-0.045365676091187954,-0.00018647053524072503,0.2453107482691364,-0.056301366774622524,-0.079338775865904,0.006393231226149738,-0.0012673585035989797,-0.00024956082119603144,0.0038141582388959427,2.5748322373035535e-05,-6.086385480145587e-06,-0.0008798154092286042,-1.3235643238188873e-05,-6.159469637275515e-10,1.1042645166405027e-09,-0.002500641078526404,-0.0010558278253876674,0.01846912292744305,0.0002445119558169947,3.493090690830092e-14,3.7611061454948663e-14
16.8200,-0.04533332248651877,-0.00018941481456381657,0.24524015121352175,-0.056290914393943695,-0.079050582354827,0.006382571803269065,0.0023207071621063427,0.0001683350203600329,-0.006465949260382188,5.766341598595561e-05,-0.00013142822458614967,0.0023443857646842084,6.103302896120582e-05,-6.159478006202134e-10,1.104263723157642e-09,0.0024600438708089626,0.0033693006051192255,-0.00782032959600609,4.912749895200048e-05,3.4105259848898895e-14,3.683098476810892e-14
16.8400,-0.0452982350899935,-0.00019199193951714702,0.24516729638549828,-0.056275080017508576,-0.07872026323150967,0.006371653068726183,0.0009738861345463277,1.3109601812152163e-05,-0.0023050690370114203,8.439696250188563e-05,-5.120215417491487e-06,0.00028983688196642396,1.697832735880628e-05,-6.159478397845505e-10,1.1042637337908533e-09,-0.0003595093637346613,0.005212455963841344,-0.1180850639974673,-0.0026852219181483805,3.059583294183488e-14,3.331008564680729e-14
16.8600,-0.045304765674770764,-0.0001936328000968058,0.2451903086013946,-0.05626063139137725,-0.07877730915965439,0.006372614994829675,-0.0003573378893564044,-0.00016442718396836737,0.0014734151083953752,4.409076425723438e-05,3.119851278471443e-05,-0.0011286246255630778,-1.776974945349e-05,-6.15947761850936e-10,1.104263861975988e-09,-0.0038677909505823835,0.005412314757283675,-0.1476715594953896,-0.0035625630301958848,3.234497630670574e-14,3.503639977968376e-14
16.8800,-0.0453444913634062,-0.00019500915160369154,0.24528565525404084,-0.05624935061088303,-0.0791569496416182,0.006382581958441521,-0.0013147276167286487,-0.00030009522726843677,0.003992562246603193,-1.8847720975529797e-05,-1.6409951638118254e-05,-0.0009031356920190931,-1.8492613057126543e-05,-6.159480312799735e-10,1.1042636392962645e-09,-0.0009817927575777037,-0.011641183108618234,0.22578800593127563,0.004913160082037363,-7.027839139632508e-14,-6.835374280478312e-14
16.9000,-0.04531963529975931,-0.00019874000368900376,0.2452302936935713,-0.05622425895260762,-0.07893246912970775,0.006373450366055955,0.0005965565942172668,-6.850380090963114e-05,-0.0016587704491643214,-4.821775954437195e-06,-6.467027956602903e-05,0.0007688906704433657,1.9770987661426096e-05,-6.159482236871869e-10,1.1042634942099565e-09,5.1662131803077276e-05,0.009034660849336278,-0.14919630927626654,-0.003385104745574777,3.8627731384615477e-14,4.133082358347487e-14
16.9200,-0.04534116963162331,-0.00020096371078730035,0.2452811725006651,-0.056206325099685345,-0.07914327746571825,0.006377881217851988,-0.0010841982920453041,-0.0002800681542653727,0.0032096627864719625,-2.3189064506796143e-05,2.3833773140792795e-05,-0.000884307835623079,-2.067813517885612e-05,-6.159481488440064e-10,1.1042636201790638e-09,-0.00020345697639963755,-0.005254658152214266,0.1016172431480371,0.0021120943282363254,-6.74816376822901e-14,-6.556081090340615e-14
16.9400,-0.04533314408489436,-0.00020410635609131818,0.24526349181276996,-0.05618386114500804,-0.07907945828430081,0.0063735667038311485,0.00019496396005698807,-0.00013477207725861697,-0.0005354384495428267,-1.853188845743185e-05,-1.960344313822152e-05,0.0003605836197048368,6.44068289305063e-06,-6.159483026031799e-10,1.1042635108335476e-09,0.00033008462448137614,0.000870755023930759,0.004492468552382579,6.443162586708496e-05,4.502146810740626e-14,4.7724445109784824e-14
16.9600,-0.045327198777050576,-0.0002068699712803074,0.2452509982119425,-0.05616225601954688,-0.07903237881834804,0.006370089451568498,0.00017912904694143613,-0.00012182179268056166,-0.0004410205326253372,-1.2982066234651075e-05,1.4482534981487578e-05,5.101861100608266e-05,-1.087808592779514e-06,-6.159481801555075e-10,1.1042636819614437e-09,-0.0009485589623804885,0.006335679043320794,-0.11529063229998171,-0.0026689847195097817,4.4854243474827526e-14,4.7549935993859704e-14
16.9800,-0.04532694874822177,-0.00020932981591562997,0.2452519334337269,-0.056142951045382944,-0.07904071912351564,0.00636826305216275,0.0009338672311133319,-1.3047423989910923e-05,-0.002621374220288345,-1.589083932859528e-05,-1.980639922772773e-05,0.0008186115839875378,1.4613818120135128e-05,-6.159483442133617e-10,1.104263564167384e-09,0.00014208296327818196,-0.00029649431229328114,0.030599314283420682,0.0007379634747526692,4.811651294414632e-14,5.082762146281852e-14
17.0000,-0.045331285337400815,-0.00021127623715041038,0.24526364403074402,-0.05612628656427689,-0.07909054703958575,0.006368048316576654,-1.4527017192643043e-05,-0.00010911326370744547,0.00015709401247353852,-2.4706040962277092e-05,3.6823820574448684e-05,-0.0001313129789801848,-7.785475503875265e-06,-6.1594800280713e-10,1.1042639576112469e-09,-0.0012162496388837666,0.004140772849913937,-0.07890091592405947,-0.001853392686886402,4.868142293359273e-14,5.137435751334865e-14
17.0200,-0.04532853960107232,-0.00021305077255505042,0.24525937868881167,-0.05611175356010026,-0.07907410132920352,0.006365984091033973,0.00029515592992225597,-5.6347325714808594e-05,-0.000726266412396129,-2.562460141085504e-05,2.0786424848600128e-05,0.0002981955184684117,1.2114494289698448e-06,-6.159480022798894e-10,1.1042640052073225e-09,-0.00039432529470868714,0.002211963147395802,-0.0344547678683187,-0.0007831302032661756,5.0148023212313875e-14,5.284894023056472e-14
17.0400,-0.04532165475380343,-0.00021471569659276698,0.24524629911161377,-0.0560982870923516,-0.07901954818767923,0.006362848708805315,0.0012014019983793602,6.976812182065445e-05,-0.003316534514599058,-2.2708051590021192e-05,-9.361185477185277e-06,0.0009690729191003176,1.588802081698051e-05,-6.159481403520468e-10,1.1042639107355355e-09,0.0016346647281363874,-0.006073802230122015,0.1399260099611718,0.0032647692414681053,-5.92102525321346e-14,-5.726194800444173e-14
17.0600,-0.045333234397623025,-0.00021517616103320145,0.24527569605338853,-0.05609128976099623,-0.07913372005489855,0.006365629997979824,-0.0015487368274756164,-0.00023287299166825843,0.004668839039862075,-4.084991711060775e-05,0.00011349454357121412,-0.001541997533345527,-4.129228012279799e-05,-6.159474301417072e-10,1.104264675250343e-09,-0.0016383823652238348,-0.000229874339211092,-0.02964867545472574,-0.0008712501337436619,-5.993383550952427e-14,-5.802613435319098e-14
17.0800,-0.04531702735437416,-0.00021631175572944575,0.24524089791979795,-0.05608365366133229,-0.07899176038780872,0.006360302138467828,0.001566292882505188,0.00015686394034626638,-0.004416808774998877,-3.0290138911419646e-05,-3.4002747277139295e-05,0.0013741496138946247,2.4495094611815407e-05,-6.159477978286469e-10,1.104264347005113e-09,0.0007022883610145686,0.0016104898839662102,-0.0033374320042649907,8.798184540484183e-05,5.1842434696264955e-14,5.4558083311534444e-14
17.1000,-0.045333122385672074,-0.00021591721171509295,0.24528023404345564,-0.05608444283603343,-0.07914941967094999,0.0063648789582361545,-0.0012949717809202985,-0.00016695780308918,0.003911285236240202,-4.2597111618796975e-05,8.08214423300385e-05,-0.0010068744613149904,-2.953699974374395e-05,-6.159473530699625e-10,1.1042648464037113e-09,0.0004590743961041732,-0.009317768700119654,0.16178412066050682,0.003558393344329927,-5.768631151101614e-14,-5.576222534935116e-14
17.1200,-0.04532586974810031,-0.00021607843682886225,0.24526550064178415,-0.056085571125731634,-0.07909292314601905,0.006362661239136889,0.0008347685509449973,0.00010123148721338897,-0.0023090777418213826,-3.4178791680417556e-05,-2.5430920515330717e-05,0.0011039619374679926,1.8375750027486186e-05,-6.159475082504165e-10,1.1042647367520436e-09,0.0019697067411185362,-0.0056417497545903,0.13447184897427467,0.003196779691765035,5.336825951865812e-14,5.608682192726616e-14
17.1400,-0.04531724509262515,-0.000215651877860872,0.2452479526078652,-0.0560897085577211,-0.07901805830301811,0.006360618652806351,-0.00015286689617063662,1.2218047453866314e-05,0.0006030792953829969,-2.347796141412409e-05,4.501822289560331e-05,-0.0001579628868358209,-8.380921452164318e-06,-6.159472206597053e-10,1.1042650710779126e-09,0.001349385322234185,-0.006303056655014219,0.10806204410662812,0.0024603826066991455,-6.007738387716136e-14,-5.814900834065148e-14
17.1600,-0.04530958073821694,-0.00021487239249694422,0.2452326517494953,-0.056096645098822555,-0.07895067696373752,0.00635907616905174,0.0003957137500134915,9.551596897914205e-05,-0.0010154698156286802,-1.8070218740054984e-05,2.2183635451773423e-05,0.00011737811172050534,-1.104267559415719e-06,-6.159470041120937e-10,1.1042653363349539e-09,-0.000588199029823451,0.004423024757802477,-0.09419677900514947,-0.0020661216033569852,4.812611490963639e-14,5.0829403620139546e-14
17.1800,-0.045325826847769576,-0.00021323913874577523,0.2452714025691575,-0.05610972064032169,-0.0791089322568163,0.0063645912173895605,-0.0007920292880692978,-4.39284753825862e-05,0.002376961539438513,-3.1153040313632855e-05,3.1477987728093384e-05,-0.0004788680634674582,-1.504919956756363e-05,-6.159469868848801e-10,1.1042654031861144e-09,0.0010437152808288608,-0.011901114779803794,0.21966426349580512,0.004961634212617076,-6.03865441266456e-14,-5.845658294445846e-14
17.2000,-0.045317244231831165,-0.0002122529184740515,0.24525207828064854,-0.056121264685930865,-0.07903607351202582,0.006362946801993428,0.00046453888681601745,0.00011756187943409001,-0.0013168322094330106,-1.974784116614424e-05,-2.2919634037802135e-05,0.0006251024904185306,1.1127630659423886e-05,-6.159470596569909e-10,1.1042653748334343e-09,0.00219958922759897,-0.007520507046765022,0.15937108733713753,0.003737647365582446,-6.241517448279249e-14,-6.047050880864102e-14
17.2200,-0.0452917291807584,-0.0002112594527093499,0.24519400541672776,-0.05613100024691283,-0.07879554309194076,0.006356882075901986,0.0005916838566253816,0.000161616729346547,-0.00167160765088242,8.064259848747531e-06,1.0924074010774247e-05,0.00015341403352772274,3.9859965470665775e-06,-6.159468227281875e-10,1.1042656614686586e-09,-0.000400955360280182,0.00889669094014729,-0.1877092752688099,-0.004162127504612739,4.2149978982369135e-14,4.4855110836565515e-14
17.2400,-0.04528951785634863,-0.00020956928546979721,0.24518884496563695,-0.0561433774561898,-0.07877031733470125,0.0063575944585318326,9.89985994715237e-05,0.00010524412924914017,-0.00031800037034008795,5.660912058235947e-06,1.3691479271513401e-05,-0.0003798740112184422,-7.369431650451582e-06,-6.159468601280462e-10,1.104265672049442e-09,-0.0010926682387660928,0.002044594177598628,-0.06452187215938895,-0.0014435221935816572,4.166838992987823e-14,4.437451789482058e-14
17.2600,-0.045299703538722286,-0.00020755903552424217,0.2452092212983886,-0.056158342276408396,-0.07886264679268755,0.006361879833430329,-0.0002613051823872851,5.627660538045623e-05,0.0005430271551542446,-7.654550569846497e-06,-1.3377295720123142e-05,-0.0003179274303725687,-6.250486700353924e-06,-6.159469123360942e-10,1.1042656677220388e-09,-0.0007632947535761604,-0.0006116142566952199,0.0012713539849317473,3.920534139031917e-05,4.1901493396962614e-14,4.460684209159349e-14
17.2800,-0.04530487537736767,-0.00020609822759088973,0.24521570384845442,-0.05617130030630799,-0.07891175495935099,0.006364387921046917,0.0002485859627866707,0.00011995633077207103,-0.0011007211666633106,-7.037576908975969e-06,-4.1375296235081444e-05,0.00018582436680671116,5.472493500169918e-06,-6.159470768672162e-10,1.104265550296804e-09,0.001249334043658596,-0.0026679058934435005,0.06236693845275208,0.0014802443763646995,-6.973523321296415e-14,-6.780131469284745e-14
17.3000,-0.04534019917087941,-0.0002040553250725731,0.2452907099880774,-0.05618846462162109,-0.07924798526325019,0.006375434360353215,-0.0021738195708605208,-0.0002002408541312208,0.005943459697223431,-1.9128065932228787e-05,3.816474053074423e-05,-0.0014407722994586878,-3.227214321171825e-05,-6.159468228191586e-10,1.1042658542471573e-09,0.00047555463547657224,-0.008311512937458332,0.1517005840313227,0.003296443213359977,-6.795028407134696e-14,-6.603724999557775e-14
17.3200,-0.0453048014134079,-0.00020428605184767554,0.24520458216157723,-0.05619398682998413,-0.07892174243633676,0.006365707370161178,0.0017563431049002099,0.00027351892847115363,-0.005358352660716673,3.2671461791815e-05,-8.600255042867334e-05,0.0017559024706013707,4.328725818810669e-05,-6.159473076130922e-10,1.1042654145265703e-09,0.0017106945457562332,0.01004622808800298,-0.15506482272991165,-0.003272377695872243,3.78957593929162e-14,4.061048643633908e-14
17.3400,-0.045284002636167116,-0.00020374815356681398,0.24515548422083377,-0.05619877665423612,-0.0787201159996172,0.006360619039289104,0.000499031569118973,0.00011733522331025728,-0.0014825846746875594,6.398069358721789e-05,1.0527452872206034e-05,6.841398747343173e-05,8.07625234027605e-06,-6.159473578989309e-10,1.1042654131865979e-09,-0.00017794600459328827,0.005185948662367729,-0.11828030336162954,-0.002627910715183741,3.483062498360959e-14,3.7540764496590134e-14
17.3600,-0.04530488819183036,-0.00020218467555561744,0.24520292451265285,-0.05620747209736526,-0.0789078467445576,0.0063674975448065815,-0.0014155106868163879,-0.00013073611792796612,0.004059832819456754,3.438171536467179e-05,6.316242146734646e-05,-0.001617154343168904,-3.13494196059062e-05,-6.159472130792481e-10,1.10426560815984e-09,-0.0024449343787029186,0.00011030907538235656,-0.04632986548413417,-0.001232884894660509,-7.536232380332686e-14,-7.344641659180057e-14
17.3800,-0.045338363290647915,-0.0002013414741336523,0.2452779570075686,-0.05621643797341773,-0.07923011074719587,0.006377056730288742,-0.00011606633036264434,-2.5463364742353362e-05,0.00021643901268949948,1.5229103116231694e-06,-6.543075041472372e-05,0.00044994941248576023,1.1717828892530661e-05,-6.15947752456981e-10,1.1042651132068033e-09,0.001955104875966821,-0.015429796982240594,0.3324107559930119,0.007570184203524895,-6.833796766317346e-14,-6.639591762676311e-14
17.4000,-0.04528722171203475,-0.00020277161373755126,0.24516031069391572,-0.056210032158587865,-0.07874967620867336,0.0063623246997180985,0.0019484034081930298,0.0002428110030883403,-0.005599391756826865,5.7800281601031944e-05,-8.035854787902246e-05,0.00178082371154685,4.651471580658451e-05,-6.15947975560411e-10,1.1042649377060354e-09,0.001762205341578844,0.009968381669956554,-0.1645181259153573,-0.0035165000711204547,3.486181612485928e-14,3.7584335871396896e-14
17.4200,-0.04527850731175922,-0.00020275749532420783,0.24514319814384897,-0.05620653011083618,-0.07865690941050411,0.006360161041886248,0.000450599503583826,5.4230423091523046e-05,-0.0011141030262226833,6.180125902531435e-05,1.212569426243948e-05,-0.00023333975434540558,1.6114000614789853e-06,-6.159479524243905e-10,1.1042650104937045e-09,-0.0015493427761540661,0.0035990867399670725,-0.09686301440579988,-0.0022283262046514543,3.4277458258943905e-14,3.698681850161298e-14
17.4400,-0.04526077051185599,-0.00020327578097967505,0.2451042560112149,-0.05619748639951235,-0.07847605473800146,0.006355153892818956,0.0012965611113672077,0.00014886601390019953,-0.0036853532402169667,5.028385363794152e-05,-5.9331551647706124e-05,0.0006948530755720017,2.2197696677204866e-05,-6.159484302710818e-10,1.1042645812866534e-09,-0.0005649699271567236,-0.00013787548149051196,-0.0033443800723006963,-6.4889586845946185e-06,3.4715658895744655e-14,3.7444548330045624e-14
17.4600,-0.04525649894988808,-0.00020344726645476132,0.24509289405045348,-0.05618573442194391,-0.07841351740089764,0.006354149861838057,-0.0007535100385559527,-8.821343091328629e-05,0.002026362986566457,2.55624949378691e-05,1.7146876572366804e-05,-0.0012130057677926557,-2.14345969405974e-05,-6.159483529198163e-10,1.104264706450977e-09,-0.001456403973208181,-0.0011320575298968758,-0.02067389288493374,-0.0006389240463059118,-7.66855654497911e-14,-7.474557539750848e-14
17.4800,-0.045312814363097816,-0.00020271742883549448,0.24521520014241777,-0.05618032405369265,-0.07893062728088472,0.006369973172179834,-0.0028547792149049137,-0.0003731459771707526,0.007742681600417192,-4.359510053460789e-05,3.9177506542325955e-05,-0.002441848139489074,-5.490647009469354e-05,-6.159479522493053e-10,1.1042651585817818e-09,-0.004687045933803807,0.003998858155379967,-0.11010727651235741,-0.002877168263000814,3.940439961087547e-14,4.207021558379209e-14
17.5000,-0.04536724363100409,-0.0002032451024503215,0.24532864010083166,-0.05617531153682753,-0.07945424722661941,0.006384087979284538,-0.001494078529497692,-0.00025508164987704025,0.003598199601062393,-7.400794910310452e-05,-7.16141621819879e-05,-5.29845317879358e-06,-5.2888321415662565e-06,-6.159483850091378e-10,1.1042647700556155e-09,0.0017367861316288085,-0.009098819307240035,0.24123355004068328,0.005372226638621676,-6.26893285546326e-14,-6.07717001721575e-14
17.5200,-0.04530698636886688,-0.00020681335299273172,0.2451818576554442,-0.05615356015625211,-0.07889862447007667,0.006365117756275975,0.0034788231904953545,0.0003654679605052904,-0.010508240849484192,2.57778419236763e-05,-0.00015875182775903745,0.0037752602430608196,8.50196539667281e-05,-6.159491032901839e-10,1.104264094689331e-09,0.005863483181090175,0.0065239786031785225,-0.022038395028580432,-7.547669396201549e-05,-6.814336692573947e-14,-6.617041712741328e-14
17.5400,-0.04526731253979129,-0.00020858132015648558,0.2450898846174984,-0.05613333417701601,-0.07851223368114221,0.0063532020583105695,0.0011764982828589992,0.0001144448766673082,-0.0033673655797575295,7.771497820883778e-05,5.0893254339104216e-05,0.0003408908683070235,1.1360995133779467e-05,-6.159488685818807e-10,1.1042643800977603e-09,0.0008822798016866334,0.0019168730629856418,-0.05387673012596802,-0.0011717714245344899,3.9245177745582394e-14,4.197176325026683e-14
17.5600,-0.045267503333064806,-0.00020903083911016064,0.24509143902279232,-0.05611681494585534,-0.07849311956742057,0.006352910195866345,-0.00017266366669010792,-5.006693603052518e-05,0.0005469722942452949,4.522352795425204e-05,7.185209678385132e-05,-0.000924648543476438,-1.8932498848959283e-05,-6.159487523903733e-10,1.1042645459700543e-09,-0.002855780251285024,-0.0014265015379943697,-0.020040395185108778,-0.0005909956637681061,4.024639101802771e-14,4.296068438058159e-14
17.5800,-0.04526746596286567,-0.00020966050857423093,0.24508933379311534,-0.056098343752457015,-0.07847171526275926,0.0063523994948075976,-0.00028980847077363537,-5.5527029521148044e-05,0.0006477569758804746,5.813142295017357e-06,3.193759473461847e-05,-0.0007658493711289141,-1.719581208724552e-05,-6.159487031531275e-10,1.1042646441464042e-09,-0.00315065899276414,0.0068035018278669165,-0.16349012762934167,-0.0038406405430697517,4.061844854604327e-14,4.331953497088356e-14
17.6000,-0.04533253085254236,-0.00020893753710306658,0.24523252336286883,-0.05609020833360837,-0.07907321226177552,0.0063702830152452105,-0.0033381641127477727,-0.00044478056425582645,0.009225061838135883,-6.727928613355664e-05,8.879219304716811e-05,-0.002594987847330586,-6.439540721963774e-05,-6.159481521878753e-10,1.104265246451394e-09,-0.004839790507155119,0.004170866548164393,-0.11326603312873902,-0.0029721484167892164,4.7579819316238836e-14,5.023805942647522e-14
17.6200,-0.04535090710944581,-0.00021035902775422285,0.24526627663087958,-0.05607859544169444,-0.07925861525098203,0.0063737509132737735,0.0010430915208054243,5.6442513320192836e-05,-0.003543181285655147,-6.455562479964921e-05,-0.00012171098859427319,0.002136660480764083,3.91543197578389e-05,-6.159489646668251e-10,1.1042644745992139e-09,0.0040470179115503525,-0.008540852559399644,0.26347305675686905,0.006144502587341094,-5.613842995067647e-14,-5.41887362889501e-14
17.6400,-0.045317882455144495,-0.00021221922492718832,0.24518655068411882,-0.056061878160099256,-0.07894870184919245,0.006363311926628369,0.00012150618322323563,-1.068799017159784e-05,-0.0004804882358610871,2.5818792238658726e-07,4.6081631282365366e-05,0.0004077934939384406,4.8692021757366695e-06,-6.159484064529087e-10,1.104265084097987e-09,0.0004927640454984129,0.015080231268703144,-0.276969600720509,-0.0062400830715313715,4.7433967018985224e-14,5.012698291390408e-14
17.6600,-0.04531374163383972,-0.00021278584869048494,0.24517893507361957,-0.056052185952991225,-0.07890714922793668,0.0063614748920940035,0.000416639302232759,2.4371789850100646e-05,-0.0010488882583579626,1.1491620592522706e-05,6.370195425718308e-05,8.532241695348398e-05,-2.599328115582948e-06,-6.159485203685808e-10,1.1042650165653783e-09,0.00033447594782504386,-0.0021163609268543934,0.03656980284899745,0.0008297579421053176,-6.092779140367752e-14,-5.899301907434998e-14
17.6800,-0.045345086177380346,-0.000212107384663831,0.24525509187485736,-0.056051103418073275,-0.07920132767362459,0.00637009217444418,-0.0019575706255652815,-0.0002635566182264327,0.005962441144172185,-2.417472267702973e-05,0.00013249247296940456,-0.0016718912116139388,-4.4285441341358696e-05,-6.159478509797808e-10,1.1042657374489903e-09,-0.003433243454086452,0.003567432816780113,-0.10558407979619444,-0.0026199089767086205,5.18142860973618e-14,5.4484310129960384e-14
17.7000,-0.045356639509438176,-0.00021228684598370378,0.24528742045186483,-0.05605215629932604,-0.07932478792780673,0.006372601103859317,0.0009188015322196894,6.546135211047113e-05,-0.002277316589269747,-3.449572657536958e-05,-3.296708562970149e-05,0.0015165593462154602,2.551358029589497e-05,-6.159483968142495e-10,1.1042652337742924e-09,0.0031745978714695883,-0.013761374135667036,0.3175357304993695,0.007344832727495288,-5.3207865359766043e-14,-5.125880189055243e-14
17.7200,-0.045280309421433414,-0.00021379560122925596,0.24512216980840468,-0.05604289977462373,-0.07860638983105206,0.006350820296012881,0.002907138729141549,0.00036626338704670786,-0.007727792760753779,3.50246532185734e-05,-1.4687800423002042e-05,0.002159694847719036,4.684316447417659e-05,-6.159483458339452e-10,1.1042653325150638e-09,0.002118622155281773,0.00977486389355374,-0.17917312237220082,-0.003753762154099882,4.751815531767872e-14,5.025064294793963e-14
17.7400,-0.045236537082781074,-0.0002131470121483645,0.24503436244895413,-0.056038713822638454,-0.07817055353375509,0.006339590831307629,0.0012726991330893006,0.00021511702938569531,-0.0029227885051803923,4.274589628808375e-05,8.338161852078803e-05,-0.0004610344499373266,-9.062426357632192e-06,-6.159481120979275e-10,1.1042656163079572e-09,-0.0024217535044188947,0.004803517281194782,-0.16851783231435413,-0.003803850127317627,4.283148136293921e-14,4.555339802201838e-14
17.7600,-0.045254252079467275,-0.00021066393327861459,0.24508178819668883,-0.05604333497949885,-0.07830885161430735,0.0063462571773271,-0.0012769301139587265,-7.408981269171292e-05,0.003964881551578771,-3.000306131777723e-05,7.96971275186073e-05,-0.0021467612789613246,-4.9811047672400676e-05,-6.159477922468282e-10,1.1042659865485795e-09,-0.004856715528402743,-0.0011480781847203266,-0.06429459368767881,-0.0016855148467078613,4.485368782121413e-14,4.755150131074623e-14
17.7800,-0.04533139709848765,-0.00020737382139430997,0.24525455692910358,-0.056058968229018465,-0.07902474809666225,0.006369360006315503,-0.0035199408474798077,-0.0003600917071117383,0.009773570424330049,-0.00012856735113240164,4.0576200047804926e-05,-0.0027362277968510243,-6.971965416785355e-05,-6.159472725028378e-10,1.1042665567486081e-09,-0.0045845034328055164,-0.0016094470368310135,-0.005101236189208692,-0.0004721824282274932,5.179277823676512e-14,5.445343747309886e-14
17.8000,-0.045377759848462734,-0.00020590260039788155,0.2453489284185339,-0.056075109375939985,-0.07947791584538819,0.006382659232073236,-0.001096622110828509,-8.501354961895525e-05,0.0023922937319821825,-0.00013646575508918394,-0.00010213307141646541,0.0005960087530731061,2.5118146822034564e-06,-6.159474887408487e-10,1.1042663847588862e-09,0.001972493918285156,-0.0009778686751713748,0.09590595105275582,0.0022184700396386875,5.685577198931077e-14,5.954065636793598e-14
17.8200,-0.04535880578940898,-0.0002059326963198654,0.24529525825900578,-0.05608656713525964,-0.07932080972936888,0.006377337119013644,0.0014579761914207312,0.0002396896041743533,-0.004755043666617076,-4.808111378664618e-05,-9.67740599193356e-05,0.0023269885206269113,4.585231540949029e-05,-6.159477177719711e-10,1.104266200478188e-09,0.005719993303487306,0.002067067442538644,0.050375536293102124,0.0014650247439544745,-5.849930051005439e-14,-5.6556281467952385e-14
17.8400,-0.045317992773151634,-0.00020551283716199484,0.24519909445250715,-0.056097428580176883,-0.07894324065970709,0.006366582973126965,0.0012722592366026192,0.0002470358390794385,-0.003718735509519247,3.9192471397206446e-05,3.613244076956561e-05,0.0008705129199382923,1.949234030667962e-05,-6.159474774783936e-10,1.1042664924413306e-09,0.0017630663211409276,0.009022535864975954,-0.16903087413020143,-0.0036210112139476946,4.477452751009553e-14,4.7483989396718274e-14
17.8600,-0.04532425681497745,-0.0002033157798464191,0.2452166274671386,-0.05611662271603161,-0.07900114686984921,0.006369789069659602,-0.000455815893633108,3.276996731955312e-05,0.0015660730482491615,3.8018945447722194e-05,0.00010664715203896918,-0.0009875751025775449,-2.1387157957670083e-05,-6.159471930669425e-10,1.1042668243093474e-09,-0.0015759238708841397,0.001648118421331498,-0.07414551981423669,-0.0017071567868824004,4.4018418467531295e-14,4.670988937435436e-14
17.8800,-0.04534880298371425,-0.00020088916608703962,0.2452775788975047,-0.056139788225256324,-0.0792370626901561,0.006378047991800017,-0.0012757181339680913,-8.766369873271193e-05,0.00399530344843011,5.349383230325741e-06,6.988964041102568e-05,-0.0010299093352375956,-2.34189858640481e-05,-6.159471426931408e-10,1.1042669249888765e-09,-0.0008094882575096073,-0.005673296151571893,0.08290364116087112,0.0018069075048496642,-6.549787296729337e-14,-6.358256206696195e-14
17.9000,-0.04533226587101971,-0.00019988476634804457,0.24524561879564996,-0.05615776390425505,-0.07909213535437248,0.006374232920784485,0.0013649778687768212,0.00021979703573001783,-0.003556061307635724,2.5435071930396982e-05,-5.705513682477017e-05,0.0015371021669792955,3.6564845539995304e-05,-6.159476727691374e-10,1.1042664389881108e-09,0.0032076720447751115,-0.006619404428492504,0.1543122573638483,0.0037363016287488508,-6.686284284487115e-14,-6.490886658456346e-14
17.9200,-0.045326573977806636,-0.00019823376221301484,0.24524121354742667,-0.05617706297374513,-0.07904118849132596,0.006374032804874108,-0.00047251110968879,3.1116027934555795e-06,0.0019469879786770008,3.059309717561078e-05,5.4763262403968573e-05,-0.0007268036452291953,-1.227363255253364e-05,-6.159471241055379e-10,1.1042670374927686e-09,-0.001918841516691074,0.008270338285091104,-0.19810730787542652,-0.004528265982620225,3.9196835881216696e-14,4.188119171128282e-14
17.9400,-0.04533212323477923,-0.00019671151397970176,0.2452635084871652,-0.05619774760314129,-0.07910204782265881,0.006376704013778103,0.0005800491555563629,0.00010287164955902957,-0.0011062853190520457,1.5078429944399783e-05,4.369604588244588e-06,-0.0002707431242365882,-3.0058535713063275e-06,-6.159473915574313e-10,1.1042668042205658e-09,-0.0004433185606503971,-0.005958522188479812,0.1008118032917786,0.0022914116320213768,-6.9375020593683e-14,-6.744732268353093e-14
17.9600,-0.04529422817400166,-0.00019632046030623786,0.2451854128755075,-0.05620885744503449,-0.0787459610144912,0.006367049307000283,0.001229515061857017,0.00019434294034405823,-0.003038519212431951,4.212663800612694e-05,-3.4950217064210514e-05,0.0005909812600907603,2.0612797853646318e-05,-6.159476306705024e-10,1.104266624579528e-09,-0.0005029011918463709,0.009039487710285368,-0.19305485331974015,-0.004261292309040891,3.5005554227876545e-14,3.771479927406479e-14
17.9800,-0.045303656862002536,-0.00019453203743126962,0.24521550121982558,-0.05622587581469626,-0.07882961002886127,0.006371294196909428,-0.0007193128530454892,-3.966910767831464e-05,0.0025695401076753295,1.7119019534916057e-05,2.128048762384961e-05,-0.0012571469066993395,-2.1598964577351463e-05,-6.159474815459748e-10,1.1042668239137433e-09,-0.0032075318154989535,0.005178171723333468,-0.1504524317579985,-0.003537874157537252,3.4856523863004835e-14,3.754375282882805e-14
18.0000,-0.04536211038435541,-0.0001924767715128451,0.2453527646922445,-0.05624828083380759,-0.07939025234779863,0.006388815468641626,-0.0018478121709325772,-0.00022695197657913367,0.0054780234933322555,-4.448574249905054e-05,-2.249558941035376e-05,-0.0012799759984316338,-2.6956484130940416e-05,-6.159474921754318e-10,1.1042668613463316e-09,-0.0018939314963344568,-0.0060382040413439805,0.11107302488450353,0.0023479881492458584,4.191299271625454e-14,4.458963715836886e-14
18.0200,-0.04535002265995646,-0.0001931725491699819,0.24532551363817331,-0.05625968153831485,-0.07930066835489558,0.006385254440540621,0.001989414062766113,0.00021842284766514027,-0.005731907460238156,-1.260921505683962e-05,-0.00017717700629146652,0.0025311949150863843,6.0117132836522795e-05,-6.15948195419881e-10,1.1042662012049503e-09,0.0036930231963235097,-0.0007408812454192993,0.09507611200332346,0.002453756995186548,4.143665526803661e-14,4.4157521606261185e-14
18.0400,-0.0452818869548726,-0.00019467392512769477,0.2451726364389043,-0.05625939225744545,-0.07866363891910381,0.0063662735410665965,0.0022083191033165626,0.0002856267667217491,-0.006121675872049261,6.965009000308407e-05,-6.37426993925269e-05,0.0014731149101736998,4.3133875972454365e-05,-6.159483682156255e-10,1.1042660768832813e-09,0.0022836042923090106,0.00940131472857373,-0.17566106632383643,-0.0037578124182383976,3.1690775492091566e-14,3.4417117051287194e-14
18.0600,-0.045251015740710346,-0.00019476138064196627,0.24510635023370558,-0.056259083795279934,-0.07835894345024652,0.006358445631341655,0.0011386825666046892,0.0001621177795456165,-0.0030564474135580883,7.867360329052166e-05,-1.0169884446913979e-05,-0.00018015987019488002,7.458126534174541e-06,-6.159486534937063e-10,1.1042658399663565e-09,-0.0005061333193712129,-0.0031352293607904355,0.014927095663656645,0.0003720437543385889,2.9815624117855363e-14,3.254627876881841e-14
18.0800,-0.04526783593798655,-0.00019390065617757421,0.24514373846437254,-0.056259604684027235,-0.07849751417690169,0.006364192131445572,-0.0015075335826670083,-0.00016373148564889268,0.004170048312500211,2.1506538690905922e-05,2.9008304839806796e-05,-0.0021600765920233586,-3.972679388520728e-05,-6.159484152471534e-10,1.1042661301160868e-09,-0.0044724635621742935,0.002060031695597429,-0.10911341590026775,-0.002741194625640768,2.9620901407676967e-14,3.231223340109668e-14
18.1000,-0.04534849787041015,-0.00019268331788687012,0.24531869983501564,-0.056266365933310886,-0.0792565764229883,0.006387176569283002,-0.0033868448931454755,-0.00044456730788447794,0.009062918468710523,-6.536639795508541e-05,-2.52583307999809e-06,-0.0025626153626063784,-5.6181916129687584e-05,-6.159483286092894e-10,1.1042662636551137e-09,-0.0032235653486326087,-0.006837805123123135,0.11616386312950391,0.0022584012897095486,3.894847904481816e-14,4.161461350212295e-14
18.1200,-0.04534504740344819,-0.0001949010154328693,0.24529598447262124,-0.05625895031604384,-0.07924234875574654,0.00638476848100995,0.001317249894696412,0.0001022142291492526,-0.004734830090529711,-3.518130211529166e-05,-0.00019261336638021196,0.0022754606162335494,5.2277000742340394e-05,-6.159492803435592e-10,1.104265353474044e-09,0.00515842788170987,-0.005308845692838757,0.20952135032133581,0.004971104517855069,-7.023124215434912e-14,-6.828099283900935e-14
18.1400,-0.04526414793379783,-0.00019846774270205884,0.2450998323724594,-0.056235924992655034,-0.07847847027639654,0.006360682109803138,0.0030196921217236763,0.00034607550318461257,-0.009292267999712046,8.429546297344733e-05,-0.00010472601448378045,0.002556450772383832,6.630224526049242e-05,-6.159497430246815e-10,1.104264939887446e-09,0.00456882636738941,0.008454230047658056,-0.11516173746032747,-0.002288079926575415,3.170620504425875e-14,3.445349881043766e-14
18.1600,-0.04523391358437669,-0.00019984432793747413,0.2450247063999282,-0.0562162678030755,-0.07817025505415603,0.0063518805768047,0.0008731986745535294,9.89539916013361e-05,-0.0028302543169784746,0.0001014058797364169,4.803586128574976e-05,-0.0006499172127436936,-4.412068749892317e-06,-6.159496058643924e-10,1.1042651286387227e-09,-0.002333143703583703,0.007418374426422395,-0.19478384890877215,-0.004488472955099856,2.778988722625629e-14,3.051022840405357e-14
18.1800,-0.04523296235446612,-0.00020088338009731295,0.2450123659499107,-0.05619021649178626,-0.078125404347924,0.0063511617113676585,6.951337143889995e-05,-1.0149181751844093e-05,-0.0008771459866888064,5.8420218752910086e-05,2.662967903078337e-07,-0.0007741157243905209,-1.0061990332807015e-05,-6.159501118273701e-10,1.1042646694726283e-09,-0.0009348359936079089,-0.00963872763293447,0.15063496339759286,0.0032976752503496433,-7.853585132482771e-14,-7.65692034516291e-14
18.2000,-0.0452270932946252,-0.00020230293859830906,0.2449838844979348,-0.05616048307141339,-0.07803472392201229,0.006348769533082014,-0.00031797569614717974,-4.8630987973418754e-05,-4.34550619363147e-05,2.6178970823285744e-05,-2.0653840875426577e-05,-0.0008222746811618344,-1.3074674982033181e-05,-6.159502547849558e-10,1.104264575739786e-09,-0.0013711574242465077,-0.00016771887103429067,-0.020682937243366718,-0.0006296566331370857,-7.85510030501882e-14,-7.659514298860581e-14
18.2200,-0.04525447569703818,-0.00020345185188909052,0.24502354231883783,-0.05612713266663321,-0.07825383685867204,0.006355414307631393,-0.0017952787548437554,-0.00023842433372623945,0.003728143077991968,-1.706581426292843e-05,7.907177811075736e-06,-0.0017358964034704918,-3.815384823001916e-05,-6.159502060567425e-10,1.1042646768801208e-09,-0.0025127713301727824,0.0015577639337790044,-0.046785761471919755,-0.001371817914142274,-7.450648171342111e-14,-7.257493488555672e-14
18.2400,-0.04535973149033312,-0.0002035089981472354,0.24523749324300864,-0.05610626894333764,-0.07922920312957833,0.006383432657074109,-0.005134618330497028,-0.000697444089923788,0.013126922624345727,-9.382476490238284e-05,7.01804275467772e-05,-0.003176671172109683,-7.972209836970516e-05,-6.159497578167663e-10,1.1042651734993122e-09,-0.0026019117958510575,-0.007034515943757554,0.14731494579386364,0.002797320032443639,-6.286330234573506e-14,-6.097862015677635e-14
18.2600,-0.04541456646560388,-0.00020618850540270634,0.24533651786656538,-0.05608175958781164,-0.07976266396395763,0.006395500820204452,-0.0016376303737313971,-0.0003285091032577877,0.0031959982052556747,-7.949320380194198e-05,-6.359438707155017e-05,0.0011038648731104277,1.2131035071871403e-05,-6.159501275624771e-10,1.1042648471548783e-09,0.0037989241641513257,-0.003004729830665938,0.1893141153191762,0.004264625231093288,-5.49127732759995e-14,-5.3000979256465075e-14
18.2800,-0.04537750858692545,-0.00021080968628434831,0.24523777775413644,-0.056048360053157414,-0.07943331729691515,0.0063813952420633206,0.0020777639670605725,0.0001210842609713299,-0.006610387180440385,3.7452442143470985e-05,-2.769296711065458e-05,0.0032638174168304447,6.53051922528862e-05,-6.159504548375833e-10,1.104264563997734e-09,0.006805616068979267,0.004088185788181617,0.043676146639579305,0.0013052279757701586,-5.707648167031093e-14,-5.5125046508845005e-14
18.3000,-0.04531248795562738,-0.00021456442576899448,0.2450933376854996,-0.056013741627108454,-0.07881846888126719,0.006360542255363804,0.0025547103510267263,0.00020250854526604519,-0.006859498363697464,0.00012837434000717124,0.00011119643346934973,0.0019801242192471675,4.229997086284069e-05,-6.159503220481333e-10,1.1042647452272635e-09,0.0017094170304584938,0.00929271312963893,-0.16524800680051058,-0.0035174029771974234,4.8160985562008957e-14,5.08903764398147e-14
18.3200,-0.045279454970155036,-0.000216175593700131,0.24503492565468607,-0.05598519389480075,-0.07848463225737122,0.006349971669560814,0.0007834778040951282,7.1180601846926155e-06,-0.001093567634774152,0.00010931267714073838,0.00020951202102800103,-0.0007552004374998068,-1.8390098832112245e-05,-6.159499934236632e-10,1.1042651264578873e-09,-0.0031763922745718562,0.0005542819414128702,-0.09140545165344141,-0.002183801045736257,-6.317717887466962e-14,-6.123091400231373e-14
18.3400,-0.04530290138999175,-0.00021592147669399355,0.24510877125646255,-0.05596711596657567,-0.07868080412582376,0.006355973997674495,-0.0018429768675505844,-0.0003077717059920671,0.006531468053132988,1.2968571338983674e-05,0.00021102140644291457,-0.00252842391801277,-6.282908481016329e-05,-6.159493882236908e-10,1.1042657806917296e-09,-0.007045164812163303,0.0017906192293823723,-0.13687945157678533,-0.003480884080665277,5.1611865551758757e-14,5.4289905904170155e-14
18.3600,-0.04539131835704538,-0.0002146604008437382,0.2453278462404475,-0.05596543434221073,-0.07951581491768688,0.006379982808835305,-0.0031017860247133907,-0.0004984116142194653,0.00992094344368433,-0.00011723155594951222,9.958303847866983e-05,-0.0019462784402310487,-5.9521568747808975e-05,-6.159491019830957e-10,1.1042661139281997e-09,-0.002814186177633245,-0.018292249450879258,0.3377553008389813,0.007272287832138996,-4.471356824294753e-14,-4.281496760859954e-14
18.3800,-0.04538446747556013,-0.00021619807257575004,0.24532673314252174,-0.05595885743552899,-0.07947613034894754,0.006376400576692379,0.0016119834489638496,8.963679220393404e-05,-0.0037481722987585606,-0.00010664132847673962,-9.192088337238781e-05,0.0027478474277142506,4.575549702786829e-05,-6.159492984000543e-10,1.1042659604820076e-09,0.003698588899311604,-0.0022033494157286003,0.1310292993177252,0.0032037816542578004,-4.4073997381398333e-14,-4.213406153922433e-14
18.4000,-0.0453058617106354,-0.00021800001989949664,0.245166242666523,-0.0559490775274702,-0.07874436064434984,0.00635374026919219,0.003306040525446081,0.00037602558093098647,-0.008274933466123163,-2.080467149532282e-05,-1.1463215034789098e-05,0.002543657476211851,4.838719078935335e-05,-6.159490368784354e-10,1.1042662696431717e-09,0.002070559005964545,0.014044798682955327,-0.25325671246316184,-0.005392454648289264,5.752975271730923e-14,6.025539632135632e-14
18.4200,-0.045258515091892826,-0.00021719540146646315,0.24507989499989444,-0.05594860181564217,-0.07828222208030064,0.006341633914294751,0.0014006044569010116,0.00021834266122029963,-0.002718805894700447,-9.812124004575871e-06,0.00010193576959167667,-0.00035329032628388866,-1.329594014127889e-05,-6.159487054723226e-10,1.1042666502455344e-09,-0.0013507643838783882,1.530968093163638e-05,-0.07716818398655031,-0.0017045715096782614,-5.682750819392679e-14,-5.4871695566189455e-14
18.4400,-0.04528690484381199,-0.00021380080636842968,0.24515990380335317,-0.055963662312072664,-0.07853002702983584,0.006351806295196057,-0.0017982942152833601,-0.00012832114109547917,0.005942850643752886,-9.608333989541041e-05,0.00012315354348585458,-0.0027495636696649203,-7.035980071790894e-05,-6.159479647114764e-10,1.1042674427037762e-09,-0.004943212058418867,-0.004309208765057764,-0.016804596693691217,-0.0006527400067583081,-5.514518556419892e-14,-5.322905473597456e-14
18.4600,-0.04536448546401872,-0.00020965016434646897,0.2453397683456832,-0.05599280992394972,-0.07926288103463192,0.006375616408470863,-0.0035762315250051835,-0.00033825831578352,0.010294262482720496,-0.00019175194105478267,4.5166919374332985e-05,-0.0026256138168432915,-7.368840549946119e-05,-6.159474558319372e-10,1.1042680003167801e-09,-0.002188846233585545,-0.011619256645550169,0.19605551400426255,0.0041462977290947015,-4.799964272621596e-14,-4.6107350793259116e-14
18.4800,-0.045394234304959896,-0.000207328057694966,0.2454009515243724,-0.05602376053913574,-0.07957085240781268,0.006385138709101701,-0.00011636780355620811,9.011405765060627e-05,-0.00015363285587905113,-0.00017526378693187081,-0.00012346493033217265,0.0013850765663609938,1.6196230747734643e-05,-6.159474947434787e-10,1.1042680056621749e-09,0.0030795415676501494,0.0002435731032069689,0.07933173482285084,0.0019987190828855083,6.376240410232298e-14,6.645245877005823e-14
18.5000,-0.04537999510868458,-0.00020553045950139773,0.24536203310232554,-0.05605637748809457,-0.07946716371157506,0.0063825509322871085,0.0012864956854153546,0.00029209300639006957,-0.004029719303221035,-7.792663540851278e-05,-8.312580122394597e-05,0.0022585171561179188,4.1574922718713894e-05,-6.159475504786058e-10,1.104267997229772e-09,0.007028414803850428,-0.0052103497540906445,0.18199427382943265,0.004520596141562513,-5.2297203297514e-14,-5.035037599528114e-14
18.5200,-0.04525677766073843,-0.00020519362672421335,0.24507916483474354,-0.05607550492308697,-0.07831249015068047,0.006349794779824998,0.005948357967781386,0.0009293822962448781,-0.017122015556973867,7.945179135033546e-05,-0.00011730212077194546,0.004363909780680745,0.00010195701207726,-6.159481838226977e-10,1.1042674074609643e-09,0.007045079192365454,0.0055437927096203595,-0.06896285834547537,-0.0008039532128633091,4.278004274611835e-14,4.5561597300947804e-14
18.5400,-0.045145632826252814,-0.0002024566414661922,0.24482668905885052,-0.056091771127065745,-0.07722056627785565,0.0063224551182686,0.004052137990754356,0.0007871062960275503,-0.011540668198855238,0.00014410102168332535,3.4761791878808736e-05,0.0005893949989845648,2.7046374891952664e-05,-6.159480976035936e-10,1.1042675426150051e-09,-0.0003871622423807745,0.0073821125920396705,-0.25075661420316586,-0.005330365487762353,2.69832645268496e-14,2.975443445774571e-14
18.5600,-0.04510500166601708,-0.0001973942081596521,0.24472616319960722,-0.05610875204537856,-0.07676279224790372,0.006315909988298561,0.0013284867834371422,0.0005000899245879661,-0.004507832715143571,8.448770652757011e-05,1.4258319606087523e-05,-0.0020358372297989446,-3.0085439915587384e-05,-6.159482593550007e-10,1.1042674343428559e-09,-0.005211755398420827,-6.072660806303514e-05,-0.1499289324832719,-0.0034276060797713667,2.0520264225895937e-14,2.3274933954979538e-14
18.5800,-0.04510786468046385,-0.000192066703711417,0.24470436010375157,-0.05612008329113411,-0.07670511375474749,0.00632128026256379,-0.000585272536754343,0.00032216252420470186,-0.0005529115510844651,2.3664037247192177e-07,-0.00010708211405460082,-0.0022238560237369653,-3.6415957685979343e-05,-6.159487268200193e-10,1.104267015883359e-09,-0.004253879457282585,-0.003091814476982881,-0.03733632984351259,-0.0009861786713354866,1.9643388613843973e-14,2.2392044409002068e-14
18.6000,-0.0451813253037348,-0.0001864905891747473,0.24482111535536705,-0.05613069499436127,-0.07731993912890045,0.006345678140918073,-0.004006778586906407,-0.00014659482868099408,0.008067801370824967,-8.213124464190326e-05,-0.00011153491057448174,-0.0035520743300776684,-7.192671487793994e-05,-6.159486634800883e-10,1.1042671286851391e-09,-0.004240687724378969,0.0006288293875064121,-0.057681091910890735,-0.001695723044678195,2.3037595323158883e-14,2.574039614268442e-14
18.6200,-0.04533220021715662,-0.00018140835652667373,0.24509723234257003,-0.05614635179996627,-0.07869827421490395,0.006390007534287939,-0.007089784007275675,-0.0006090273412908794,0.016029232982818033,-0.00015235956773600014,-9.383385744826095e-05,-0.003902065053561384,-8.950987341986947e-05,-6.159484271173875e-10,1.1042674162178832e-09,-0.0024522492463676746,0.0008752460340083748,0.03140061506491397,0.0001843452895629811,3.4391563761334426e-14,3.703977500147532e-14
18.6400,-0.045465817647700156,-0.0001795942025594892,0.24532979060831914,-0.05615934906463472,-0.07996536121911466,0.006426551950821388,-0.004336646273750062,-0.00040918859126148395,0.008154431809518668,-0.00011359313145179428,-0.00018272322947781612,0.0004426997202057785,2.1709274568093877e-06,-6.159489230837876e-10,1.1042669639922305e-09,0.00589444982361207,-0.0010046645527226486,0.2284152275350137,0.005133680317313232,-6.568924820326422e-14,-6.380078485922897e-14
18.6600,-0.04546262160961992,-0.0001823406336540645,0.24526749020690583,-0.056153503134395016,-0.07996556644409566,0.006422563201799516,0.0014901376354737562,0.00021113135795094366,-0.007253783044481631,0.00010504847172856034,-0.00016206702660236973,0.005231669142060659,0.00011710143224438391,-6.159499589783771e-10,1.1042659707622647e-09,0.013293682900793198,0.0033982168579946345,0.1864918717868745,0.004827755015543802,-6.767202358377855e-14,-6.571461853410038e-14
18.6800,-0.04534374251744108,-0.00018679034875989745,0.2449750162541477,-0.056127723308711824,-0.07884698394084456,0.006386297621801785,0.005204684249065896,0.0006343825683390964,-0.0157333062670378,0.0003298609520193837,2.6911556704729774e-05,0.0052227421130844704,0.0001306983103928419,-6.159505929913064e-10,1.1042653798651758e-09,0.009484327119628733,0.01186089334979547,-0.11926273208736275,-0.0020068990853178816,-8.080157636730645e-14,-7.879925824263306e-14
18.7000,-0.04525144474161716,-0.00018886405046589339,0.2447757717520144,-0.056098053978158084,-0.07793295439928044,0.006359182665953798,0.0034337423830543548,0.0003874655397552829,-0.00877421095189136,0.0003979121917572412,0.00024227602144707565,0.0009970926798982989,4.3282574655606734e-05,-6.159506524736154e-10,1.10426537183369e-09,-0.0017403052514489287,0.007531543603167399,-0.23244076031625294,-0.005096761448013046,2.1303867957928047e-14,2.4061475197272725e-14
18.7200,-0.04523099948712215,-0.0001888365295353585,0.24475702501115884,-0.05606903347449833,-0.0776730804334245,0.006353136313026147,-0.0001832536754882604,-9.718844130456573e-05,0.0023455290830535777,0.00028778112295068276,0.0002787106585253717,-0.0024963750919940134,-3.79017077973115e-05,-6.159505526842912e-10,1.1042655242199693e-09,-0.009197124185539767,0.0013545016248207586,-0.20154817527567953,-0.004939716621657708,2.2771691352225024e-14,2.5491747926952024e-14
18.7400,-0.045276521678612756,-0.0001884060793680263,0.24488950569639437,-0.056042511985089916,-0.07804571733589066,0.0063651470083392675,-0.0015305362312248408,-0.00033520916307677886,0.006038247865542789,0.00010484626252187104,0.00010163267006068076,-0.0021784223715627434,-4.106328672089026e-05,-6.159509491489045e-10,1.1042651750618783e-09,-0.006693591019280152,-0.018398435315687137,0.2528446241191685,0.005261038671798316,-7.361408845777545e-14,-7.166069495613547e-14
18.7600,-0.04531880671168531,-0.000189392542833718,0.24500762240858687,-0.05601210803260111,-0.07840608856852786,0.0063753785995534695,-0.002017002260017278,-0.000427434498549438,0.0070148599708926935,-2.479770335409431e-05,-3.286801871055474e-06,-0.001384559692446586,-3.137862524113979e-05,-6.159508146177787e-10,1.104265359082429e-09,-0.005122646513551871,-0.0029956887758188257,0.022315859651802793,7.657238133012061e-05,-6.633891569754469e-14,-6.4412640802744e-14
18.7800,-0.04540474348879965,-0.0001902916836424488,0.24522008143989818,-0.05599052919566648,-0.07920372415356305,0.006397361142696702,-0.0039505565628632595,-0.0007009670477213946,0.012298753359561761,-0.00013043000185462413,1.1751477636660151e-05,-0.0020076539630396245,-5.5253160967545155e-05,-6.159502562281743e-10,1.104265967827735e-09,-0.004885092151893751,0.0008928849339437077,-0.012570632618290882,-0.0008104036680484447,5.6357743721379555e-14,5.901181642951545e-14
18.8000,-0.04546667701796955,-0.0001926360583895355,0.24537471229638047,-0.055974680892998556,-0.07980998321481557,0.006411663821986599,-0.0010063252860848194,-0.00035793840770468276,0.0036600280165890535,-0.0001621543790408211,-0.00010132456683062292,0.0012960689694295569,1.1904781396175293e-05,-6.159504210829238e-10,1.1042658461348163e-09,0.002334533498694964,-0.00732728153005529,0.25577714576971894,0.005697035600153293,-4.2568982464453314e-14,-4.065905191740285e-14
18.8200,-0.045384522044762114,-0.00019835759706887657,0.24520677231218957,-0.05594370511725914,-0.07906441367543272,0.006384973333995233,0.004811352883692109,0.0003750705264931941,-0.01259597831118231,-4.347991630240355e-05,-0.00016307081941295155,0.00526044052451774,0.00010691199826566873,-6.15950954060991e-10,1.104265354464886e-09,0.007338824193973897,0.004591640011869878,0.04188114484043549,0.0014815531999905999,6.417055201015515e-14,6.692510315462613e-14
18.8400,-0.04531019542568352,-0.00020115327672925526,0.24506502666440702,-0.05592067567084921,-0.07835666062932065,0.006363007327013473,0.0023004992988173716,0.0001645578909724749,-0.004807492286501848,1.613047591189869e-05,0.00010655787703682297,0.0006368364248685066,9.070040761483293e-06,-6.159502971036737e-10,1.1042660650504335e-09,0.0007940012172399945,-0.0003199575107720949,-0.04211116437606656,-0.0008648438128640796,-5.390825996319168e-14,-5.19395046720203e-14
18.8600,-0.045280539876228675,-0.00020144632018477486,0.24502431377918557,-0.05590819766807564,-0.07805287762813129,0.006354968900388038,0.000881769942914688,6.0032653052930686e-05,-0.0010021719353075476,-3.377510348131402e-05,0.00011564611057714021,-0.0010925997466773917,-3.058179978618384e-05,-6.159499081807643e-10,1.1042665011821344e-09,-0.0031101655755525278,-0.006290311293504956,0.02561389778184717,0.00046875171950870527,-5.4382429007064637e-14,-5.24224828585447e-14
18.8800,-0.04528187763259964,-0.00020034402653682174,0.2450425765724533,-0.05590404042046659,-0.07803716976855894,0.0063563811539275004,-0.00045555774007916976,-3.398516562916614e-05,0.002014501481162576,-0.00011729875772487696,6.01866566746615e-05,-0.0018137281041889918,-4.963667032578002e-05,-6.159493434304982e-10,1.1042671164793966e-09,-0.005280611188149148,0.0028660902212971247,-0.14294958775219788,-0.0034365704582355896,5.554276250084936e-14,5.82448518126992e-14
18.9000,-0.04533564354627859,-0.00019786931998500481,0.24516476322263434,-0.05591330747658023,-0.07852636357643454,0.006372812058035141,-0.002467410447238429,-0.00023486275670323476,0.00681100370543297,-0.000204731823117132,1.851953700571565e-05,-0.0023760542578270326,-6.774501184510532e-05,-6.159488324492463e-10,1.1042676766920733e-09,-0.003480868404439813,-0.0033707560802802056,0.02322368695727737,0.00023813975810180703,-4.9370799332440485e-14,-4.745879524873514e-14
18.9200,-0.04542418401879789,-0.00019491354940662746,0.24535201369265935,-0.05593670355681555,-0.07936825724196278,0.006398725566793591,-0.004210452000112806,-0.00042815162365900594,0.011062090602823593,-0.00025754238237848406,7.245837546489502e-06,-0.0023190208870916495,-7.19122410682576e-05,-6.159481028711662e-10,1.1042684557179992e-09,-0.0012346848469138648,-0.0018293724576936663,0.056102954683531395,0.0009918613717318074,6.78460922425711e-14,7.049698010682531e-14
18.9400,-0.04543511542667479,-0.00019422205374983208,0.24535556046790444,-0.055959154131533656,-0.07950255894199558,0.006401933960092636,0.000491416874001421,0.00016079085895413266,-0.0027435965055163957,-0.00017924241986679016,-0.0001402951685731138,0.0024014851550739377,3.621507185605472e-05,-6.159484865078785e-10,1.1042681134204522e-09,0.0069640426971801115,-0.001529598718002575,0.16162183182288167,0.004006602099912745,-4.357420050867325e-14,-4.163983475516039e-14
18.9600,-0.045351846922946484,-0.00019445464422950293,0.24514878350280783,-0.055974733188425406,-0.07873318174428405,0.006379349636982525,0.0038647138238525488,0.0006416943891075869,-0.012009496360996593,-1.0032047554095029e-05,-7.840705762857723e-05,0.0036420907957417643,7.549219232579478e-05,-6.159485873310979e-10,1.1042680580452663e-09,0.0067962621042523515,0.013622228818493811,-0.1837635423165123,-0.003532211637917178,5.3653126863215106e-14,5.639617191213059e-14
18.9800,-0.045323958684793046,-0.00019140837947060008,0.2450769869813023,-0.05600149431459725,-0.0784565579434766,0.006374161779303788,1.4857423046414696e-05,0.0002244032473865564,-0.0004310236890562284,4.9361827510722696e-05,0.0001636908438539013,-0.0011324784396222441,-2.5296109681046753e-05,-6.15947850753517e-10,1.1042688476041683e-09,-0.0010418917741759355,0.009171676684001847,-0.24666509102659526,-0.005490568600227846,4.462987461149523e-14,4.733334628111499e-14
19.0000,-0.045346640324119517,-0.00018700018129968655,0.24512205185811986,-0.05603717506965676,-0.07865648038094328,0.006383384324427053,-0.0008798693320024729,0.00010292240669765667,0.0020895623185575338,1.700084278020135e-05,0.00010449907506651721,-0.0014278374760168379,-3.2097380399417316e-05,-6.15947820967705e-10,1.1042689252983333e-09,-0.001578728268031076,-0.005065535107923154,0.04184593585181494,0.0009438070487586081,-6.540208370535427e-14,-6.346934425510015e-14
19.0200,-0.04540207132301254,-0.00018232974034504548,0.2452400907440529,-0.056079626628105284,-0.07917767759120123,0.006401544456042662,-0.002417366913834601,-0.00011782388821454074,0.0064453067870041654,-2.784726236800058e-05,5.8621742250792323e-05,-0.0014809716679344456,-3.504438996431609e-05,-6.159475238848984e-10,1.1042692740947306e-09,-0.0010463750411965765,-0.005613345830240948,0.09146649773024206,0.0019967139412046665,4.783567747641826e-14,5.051523571187114e-14
19.0400,-0.04538739410377744,-0.00018011299434499785,0.24519879371490122,-0.05611287631296931,-0.07904907315681538,0.0063990414175142925,0.0010784288884732342,0.00028820032447233194,-0.003522596152282347,2.329566029476445e-05,-6.618966583204358e-05,0.0016331308445050642,3.9330289272650014e-05,-6.159480359823025e-10,1.1042688061539878e-09,0.00360155458257856,0.00258081928306252,-0.005887078956857836,0.00016654078877658245,-6.851893455828845e-14,-6.657470256500597e-14
19.0600,-0.04538470760471172,-0.00017730475487903527,0.24519152088605484,-0.05614754171611277,-0.07902608785681182,0.006400365489865249,-0.0004959592307886196,8.10084219726674e-05,0.0014873413165436991,6.165715464595346e-05,4.7204969687717476e-05,-0.00030781449703268395,-6.472701157031026e-07,-6.159477979367167e-10,1.1042690944511245e-09,0.00021606809063146515,0.004258387103939188,-0.09876182303650964,-0.0021670641915688305,3.830825088570189e-14,4.10022357863124e-14
19.0800,-0.04540101486527915,-0.0001745471211147008,0.2452332266887118,-0.056182327754410656,-0.07918591770494607,0.00640673657423326,-0.0003953903763846859,3.6675874918144e-05,0.001467906085036466,6.118941661212007e-05,2.6814627878822225e-05,-0.00025572693905972,1.2135860207526754e-06,-6.159479559305874e-10,1.1042689814743512e-09,0.00012187041886235944,-0.003184520947675763,0.05063449363172766,0.00119592705849076,-7.306778608811432e-14,-7.114331367942539e-14
19.1000,-0.04538513618776886,-0.00017292809024089726,0.2452066333402041,-0.05621345518228536,-0.07904637969635571,0.006403691105024397,0.001188958008199527,0.00020893014238929477,-0.0027182370625066584,8.309627894056024e-05,-5.25480900669449e-05,0.0013076198459582924,3.910525753896672e-05,-6.159484292108838e-10,1.1042685538450582e-09,0.001583631403783652,-0.0022930799088369453,0.057542373829540444,0.001523098296971779,3.607865688062123e-14,3.8798079874703684e-14
19.1200,-0.04534051245009504,-0.0001721951001420316,0.24511866772160176,-0.05623416160087974,-0.07862531209706483,0.006392485581029825,0.0021788537411824393,0.0003123350296167968,-0.005353819508472564,0.00011572547813898791,-5.498014712801595e-05,0.0013623347421290585,4.488579723159276e-05,-6.159487757205431e-10,1.1042682549079482e-09,0.0005632169969358201,0.0038729181585596966,-0.08873616290369467,-0.0017837748668996145,2.9479223288787423e-14,3.22085430158256e-14
19.1400,-0.04535344188806289,-0.00017008694544649584,0.24516424073167778,-0.05625773665177635,-0.07873737184759895,0.006397998871970147,-0.001498394919391762,-0.0001568931445524669,0.005296343635121737,7.29045564182891e-05,6.326386581623084e-05,-0.0020455853914717686,-3.2476989513958685e-05,-6.159484478290578e-10,1.1042686353790582e-09,-0.004347734099945786,0.002544188659317254,-0.13221956501314402,-0.003221496487261123,2.8329945269030266e-14,3.10145450445852e-14
19.1600,-0.045418369986608635,-0.0001680508975872617,0.24532511495027193,-0.056285362794994104,-0.0793580852075819,0.006417368304077972,-0.00258167593367481,-0.0003599046800317873,0.008136793301491568,-1.3714772381603982e-05,-1.4608484413034152e-05,-0.0018355206352569946,-3.3885267224517476e-05,-6.159486924853936e-10,1.1042684379917374e-09,-0.0015631403624846514,-0.015414259232521018,0.2761765871114109,0.006014724506117552,-7.418624904925036e-14,-7.227848690654487e-14
19.1800,-0.045385402130832024,-0.00016979461269890978,0.24525851354845368,-0.0562950431875733,-0.07907067721672353,0.006407596016750686,0.0027625360226854545,0.0002647969310427524,-0.007456627031581472,2.6874494102882064e-05,-0.00022923060521891578,0.003251301224321913,8.318670535852637e-05,-6.159498020976396e-10,1.1042673721580977e-09,0.005613595654550635,-0.0055826445014885775,0.1914955713548226,0.004715200233975922,-7.638067424636102e-14,-7.440821233901246e-14
19.2000,-0.045340297905233744,-0.00017133255021505806,0.24516620584391477,-0.0562973873749983,-0.07864889260349497,0.0063950565836040476,0.0010176862036031988,7.442896912711371e-05,-0.0022247834173946953,7.083235451688405e-05,-4.2097977142010094e-05,0.00024965668926621844,1.9713770534800176e-05,-6.159495794303911e-10,1.1042676443013063e-09,0.00047259777419627144,0.00711663729905857,-0.15862322415899874,-0.0035632682675028698,-8.418226781891497e-14,-8.223907937022351e-14
19.2200,-0.04536430538099576,-0.0001713666190226372,0.24523118782583925,-0.056304356785346454,-0.07887416697908167,0.006402236092977494,-0.0017291141287922793,-0.0002854796667657446,0.0055325042606033745,2.5018336390627623e-05,3.2944222692501214e-05,-0.0021581759410566163,-3.7743842990259155e-05,-6.159494624199957e-10,1.1042678121871126e-09,-0.0035180000591965347,-0.00141626790496593,-0.03184109923592674,-0.0010107700140860822,-8.141890753179254e-14,-7.950652397732683e-14
19.2400,-0.04537461176817992,-0.00017289628426203572,0.24525886926492632,-0.05630468292858656,-0.07898259632056555,0.006404491594818361,0.0002711517187192505,-7.46140565587092e-05,-0.0006386379281968273,-4.966665868947725e-06,-0.00011839107017357943,0.0004316234025211568,1.7701897493396376e-05,-6.159501283489776e-10,1.1042671909472166e-09,0.00025069017852503246,-0.004961186710340278,0.1178229937515698,0.00266832968020309,3.462806891273498e-14,3.733938749557811e-14
19.2600,-0.04537336093692796,-0.00017505600532150914,0.24525631676724005,-0.05629891985201395,-0.07898100231158073,0.006403258693891043,-0.0005286116985393747,-0.0001735756361142756,0.0015166856133757077,-1.5612450652708473e-06,-6.0960849989603414e-05,-0.0002685219409423469,1.5890865766611412e-06,-6.159501370657802e-10,1.1042672316903616e-09,-0.0003606123364153026,0.0035278085889430726,-0.06022277807716542,-0.0014570574534224674,3.3403564202866276e-14,3.6099188959262674e-14
19.2800,-0.045383988812489416,-0.0001772765971634658,0.24527904664299585,-0.05629124739626503,-0.07909287103272179,0.0064051120599249245,-0.0009506147277770456,-0.0002371857071410252,0.0026137367601354973,-5.588991362041335e-06,-1.953084088690312e-05,-0.0008249180014068599,-1.2517418169622545e-05,-6.159501239853554e-10,1.1042672941121699e-09,-0.0019389202837022574,0.008812692728821828,-0.1705785516662918,-0.004037261407421967,3.391917687478249e-14,3.659866734759959e-14
19.3000,-0.045368394216269946,-0.00018058666820169216,0.2452406028534261,-0.05627631914310412,-0.07896004259861451,0.006398978846672752,0.0011283222991827512,4.8065703686146985e-06,-0.0034595830775235514,1.627953107379444e-05,-8.956443720202373e-05,0.0010672811452644296,2.9970651783843415e-05,-6.159507275768594e-10,1.1042667354113581e-09,0.0004877650432143611,0.0063356701457246084,-0.08625489442395676,-0.0018867292338585345,3.509266309617218e-14,3.780257899245465e-14
19.3200,-0.04537265195468383,-0.00018321064694356974,0.24524803397107772,-0.056261091876063526,-0.07900742315817016,0.006398737312672138,-0.0008872710798991884,-0.00023901873498075,0.002428716790185996,1.7971904166174346e-05,2.5230350524600838e-05,-0.0008838404393044977,-1.4779867788006366e-05,-6.15950587703571e-10,1.1042669254986638e-09,-0.0015437253768179743,0.005247323112731785,-0.11308953394748361,-0.0027332658020588025,3.566695821067417e-14,3.8355183287243355e-14
19.3400,-0.045359963092562974,-0.0001866872917174419,0.24521652825010315,-0.05624079531552503,-0.07889938825998837,0.006393103744086592,0.0018980486714549039,8.189715912377998e-05,-0.005667413608934268,2.568421083100155e-05,-9.386447785129787e-05,0.001621070692282026,4.035764476620361e-05,-6.159513680482796e-10,1.1042661884744254e-09,0.0025401331269216984,-0.00657706899128141,0.17346032127836927,0.004079323634044831,-7.211234647613862e-14,-7.014994054393986e-14
19.3600,-0.04533866594016613,-0.00018997018975155003,0.24516573338724693,-0.05621598949399787,-0.07869848687177292,0.006385407658715846,0.0005361744619594544,-6.0065678822376465e-05,-0.00166099292692403,3.7313716910336285e-05,1.197013699010921e-05,-5.765127074346395e-05,3.5332942898719557e-06,-6.15951083106376e-10,1.104266524700976e-09,-0.0012533879530536886,0.009369661092768019,-0.19120827037663682,-0.004393542081966328,3.528832093072434e-14,3.799553309783918e-14
19.3800,-0.045372222264064815,-0.00019188132765714512,0.2452402483770651,-0.056197352356436615,-0.07901459963683702,0.006393345759645189,-0.00196384996022889,-0.0003784115674258062,0.005493426947810782,-8.519734831848606e-06,7.336410860232722e-05,-0.0018201099463900157,-4.068782590602316e-05,-6.15950878988695e-10,1.1042667788126216e-09,-0.0033057458362825438,-0.0006209581069080879,-0.017571246659101702,-0.0007044682495256258,4.131957498593533e-14,4.400016998971565e-14
19.4000,-0.04540394617534865,-0.0001945156455135758,0.24530840172582635,-0.05617896852688229,-0.07932893370518938,0.006400014018102458,-0.0007622043198272769,-0.0002588033170227141,0.0019050949501297678,-3.925969291898365e-05,-2.8167320753148986e-05,0.00018225627617162956,-5.3123287911724084e-08,-6.159511991921739e-10,1.1042665038057708e-09,0.0006773501210496934,-0.008320449453847911,0.20202769579161423,0.004497836374713568,4.8821041068354554e-14,5.152125335519328e-14
19.4200,-0.045348702514216535,-0.0001991460321660919,0.2451790393488093,-0.05614780854389732,-0.07882027241957555,0.0063818440811352906,0.002473807908281511,0.00016809189974428782,-0.007276404540021673,2.2742745454739336e-05,-6.704096901906068e-05,0.0023247542941705395,5.1964295577052274e-05,-6.159514857721241e-10,1.1042662632353826e-09,0.0020788283699783136,0.012801353527048033,-0.1960490867834355,-0.004215600166578691,4.265393648093113e-14,4.5377398128106095e-14
19.4400,-0.04537117291999992,-0.00020084067482668843,0.24523212823149518,-0.05612885696482109,-0.07903179279153542,0.006386781915593882,-0.001855378932307214,-0.00034924529617244907,0.0054965080414456306,2.26666894191806e-06,0.00014359252230424153,-0.0019946262642337657,-4.746704213109019e-05,-6.159508537633558e-10,1.1042669476205685e-09,-0.0026760710940816534,8.96639747329333e-09,-0.04545857356099509,-0.0013288047000028604,-6.546874858643498e-14,-6.355997000419278e-14
19.4600,-0.045371963987886337,-0.00020342352436557968,0.24523569545987978,-0.05610852143682068,-0.07904962266761184,0.006384985190812305,0.0009084191615531468,-2.2221029358584705e-05,-0.002547831484745783,-1.575889597267168e-05,-1.2686254206524425e-05,0.0008952283587162138,1.5015371512497094e-05,-6.159513032745454e-10,1.1042665420513472e-09,0.0010177215227751989,-0.005391123242110756,0.13341057420146346,0.003068742431760927,-6.081989295872448e-14,-5.887527471841805e-14
19.4800,-0.045370423971010626,-0.00020546776624663903,0.24523500194609146,-0.056090054773981594,-0.07904050832254003,0.006383067983842337,-0.0007953971823328083,-0.00020040525194421144,0.0025061251251664494,-1.718970016534337e-05,7.639625291395661e-05,-0.0005498778242770729,-1.7336625291616416e-05,-6.159508213263037e-10,1.104267072308331e-09,-0.001176336313926838,0.005732131115308589,-0.12325052904641098,-0.002905099047983256,4.908061262097474e-14,5.1769691506754756e-14
19.5000,-0.04536972555116436,-0.0002074010135657965,0.2452375771188668,-0.05607520819106342,-0.07904561231087957,0.006381288340050693,0.0014303393521631915,6.458771565956768e-05,-0.0038876835780096023,-2.0694036436165105e-05,-4.1849377416480845e-05,0.0016933640194880255,3.123118934411957e-05,-6.15951328043158e-10,1.1042666133698744e-09,0.003221350638129965,-0.013488308893053502,0.30509316412014936,0.0070771687394996455,-5.6276001653837726e-14,-5.4311352778394634e-14
19.5200,-0.045345608587337015,-0.00020906078133951838,0.2451874487060628,-0.056059434331157426,-0.07881952352073515,0.006373605335758961,1.851595545269945e-05,-5.4569600159737546e-05,0.00029461111596719187,-1.1385850836070603e-05,7.715709488834339e-05,-0.00031512864404942807,-1.1851860645231721e-05,-6.159505981857672e-10,1.1042673932744978e-09,-0.0015113377890615168,0.009945060376925384,-0.2174374462794344,-0.004972004067974142,4.872773191888502e-14,5.142234023574471e-14
19.5400,-0.04537688506813458,-0.00020894873560595915,0.24526431705713472,-0.056055705982237324,-0.07911806241501537,0.006381993006606982,-0.0015538482032715296,-0.00024164561967117537,0.004774678994567207,-5.3860183273100895e-05,9.830566030605613e-05,-0.0014440672151752375,-4.0616591130600855e-05,-6.159502334226363e-10,1.1042678071778594e-09,-0.0030368652905384225,0.0003396583258336493,-0.03855719891991068,-0.001075253226012874,5.356347689607771e-14,5.624209323089324e-14
19.5600,-0.04538067863313294,-0.00020968950761527354,0.24527613993477554,-0.05605290681912812,-0.07916977208786075,0.006382254529023463,0.0010162927962987542,6.968076675117631e-05,-0.002755438703335569,-5.8986210440604884e-05,-4.191043471477916e-05,0.0013670317356722097,2.1542559844978852e-05,-6.159506029053943e-10,1.1042674834642356e-09,0.00290390427523423,-0.008171875367551316,0.20226501591122692,0.004733286238612362,-5.412417882584217e-14,-5.217640962297196e-14
19.5800,-0.04533319521185433,-0.00021086953235557735,0.2451712791945171,-0.05604605053911626,-0.07872822277484398,0.0063686038568883385,0.001980329491953201,0.0002471379036841527,-0.005451135342999902,-1.1083244577881408e-05,-8.104530716294495e-06,0.0013967873907850432,2.6644455399805896e-05,-6.159503658121174e-10,1.1042677669028862e-09,0.0009438550250119194,0.010467539387986545,-0.19334945681439672,-0.004169704961122077,4.956470889098952e-14,5.228193637567269e-14
19.6000,-0.04532105946272906,-0.0002101397773193344,0.24514815519372113,-0.056046684911286636,-0.07860600034625093,0.006365938365763254,-0.0001319578889641908,2.979461412656579e-05,0.0006452459662207019,-1.2146251304795943e-05,9.130214490249685e-05,-0.0010145112387437366,-2.6321731180977223e-05,-6.159499492265282e-10,1.104268233924117e-09,-0.0024296273511167973,0.0066162811172247255,-0.17992218173832525,-0.004131930450046187,4.7395450736807676e-14,5.0092383312074634e-14
19.6200,-0.045370239983254415,-0.00020778028873782805,0.24526154977900627,-0.05605953259741363,-0.07906714134879912,0.0063808472936551135,-0.0027074731768543976,-0.0002812692363449872,0.0077904883450714115,-7.56021618081982e-05,0.00010690547579852246,-0.0024656576930406995,-6.281992838956485e-05,-6.159495134368181e-10,1.1042687195587614e-09,-0.003157528765156809,-0.00440858351488743,0.03459246467587904,0.0005087507272257604,-5.887839857592753e-14,-5.69778328251419e-14
19.6400,-0.045395292230395075,-0.00020666254154036784,0.24531485819906212,-0.056073645317078306,-0.07932048571644394,0.006388191040984644,-1.6478204243599562e-05,3.4972907644384886e-05,-0.00024767756809252557,-8.793029790507933e-05,-5.199026432386052e-05,0.0006638954241769214,5.890773386149158e-06,-6.159497392861934e-10,1.1042685381362366e-09,0.0019865938859436713,-0.004160098052084462,0.12843840722636019,0.0030068727915640798,-5.5899919025256817e-14,-5.397419978406953e-14
19.6600,-0.045342303885480495,-0.00020701333963718755,0.2451902702935103,-0.05607934601084401,-0.07883270193645622,0.006373633384776838,0.0024598107865405282,0.00037745083447219435,-0.007252277881943414,-5.844197518835791e-06,-6.778149209181488e-05,0.0022264833020107025,4.721470961323783e-05,-6.159499105146354e-10,1.1042684128656877e-09,0.003214562572334117,0.010446491992243288,-0.15961597801761898,-0.003271736743337185,4.7423307956376975e-14,5.014651210553597e-14
19.6800,-0.04527893757416886,-0.0002064492327904511,0.24504538230598388,-0.056083322749372895,-0.07822349988140317,0.006357129666233367,0.002645832216911698,0.00044481673621523483,-0.007590315577058891,5.980372699266328e-05,-5.909362317363026e-06,0.0012239817299783534,3.082613310092361e-05,-6.159501349231468e-10,1.1042682355465636e-09,0.001643357633695951,0.0034028455570480906,-0.08718861514400135,-0.0017005388384268407,4.041432038201856e-14,4.315825989772634e-14
19.7000,-0.04529752032046275,-0.00020316072798734274,0.24508649698726123,-0.05609753859373727,-0.07837184866642345,0.006364744354774726,-0.0021030044782471254,-0.0001122855825657994,0.005915444247852251,1.2354743264075725e-05,0.00013854281195028418,-0.0030213703236052327,-6.536165362941467e-05,-6.159493842388963e-10,1.1042690404903078e-09,-0.005262438705221465,0.003879506932051636,-0.1802548357957939,-0.004358801941856476,3.8202046506643356e-14,4.088575181540599e-14
19.7200,-0.04540911635413996,-0.00019871306294620586,0.24533295003426592,-0.05612681651888245,-0.0794221004116965,0.006397913834396589,-0.004803704916768325,-0.0005009703845523198,0.013211298744063512,-0.00010332048280487202,7.140718700777803e-05,-0.0034080199074702972,-8.276574182360268e-05,-6.15949066055957e-10,1.1042694079768124e-09,-0.0036130171939932607,-0.012709443702591038,0.21542691265243744,0.004473055539586475,-6.14579459372322e-14,-5.957725496752095e-14
19.7400,-0.04545638440945882,-0.00019751999207907433,0.24542778391610387,-0.056151000312959866,-0.079902183026201,0.006411142914617171,-0.0004428815254114109,-2.4949821179990327e-05,0.0004941351243808441,-9.225753212361161e-05,-0.00014911686040689731,0.0018915032418470794,3.453475986263522e-05,-6.159496662822939e-10,1.1042688494707107e-09,0.0058218743661830425,-0.011625975058481779,0.35077583598864664,0.008160813605445573,-5.6342368379320995e-14,-5.441737419833656e-14
19.7600,-0.04540093826245685,-0.00019859811069113892,0.24529587890268276,-0.05616298726773498,-0.07941193559119447,0.00639523482797952,0.0028073793582623226,0.00038378929236348005,-0.00821891474736085,4.144266302333063e-05,-9.715344097944497e-05,0.003413029084913526,7.713999031291049e-05,-6.159498893487864e-10,1.1042686721389083e-09,0.007205854759243054,0.006113499495528136,-0.020226150505122754,1.2538211276357225e-05,-6.599804253451524e-14,-6.404558415724904e-14
19.7800,-0.045308668646020595,-0.0001992021229038458,0.24509313505929198,-0.056167943861608664,-0.07854365667572315,0.006370009194363787,0.0031180754675115578,0.00045604323167300836,-0.008305278463017896,0.00015568100327697848,4.775466924022564e-05,0.0015470224063963427,4.502160565608251e-05,-6.159500678213525e-10,1.1042685443363137e-09,0.0022170264026006433,0.007567554083960983,-0.17430992659322936,-0.0036342696961796333,3.368200764955129e-14,3.64213731873439e-14
19.8000,-0.04526582326548836,-0.0001977061715898323,0.24500970911713177,-0.056175141061971245,-0.07811507766897334,0.00635979710875569,0.001367533554499479,0.00025172036253066964,-0.0030388684926527672,0.0001386872273359409,9.89096537651461e-05,-0.0009449755029090358,-8.665204492342055e-06,-6.159501148331345e-10,1.1042685474169454e-09,-0.002942576134427033,-0.0010942243690933988,-0.08340415526322328,-0.0019007564093964516,-8.158690465841917e-14,-7.96258268738817e-14
19.8200,-0.045278391513216706,-0.00019514745960632328,0.245048414128357,-0.056184433513751034,-0.0782029322870224,0.006365361095820598,-0.0009753672785393182,-4.4801600328882885e-05,0.0032893605211578025,4.7753794778216454e-05,5.0094295092686606e-05,-0.0021761135960592284,-3.9580648744020266e-05,-6.159500728695165e-10,1.1042686398496462e-09,-0.005345993634383973,-0.0030856385636212525,-0.039389177097245605,-0.001131818289412606,3.1046867821852425e-14,3.3751098432992926e-14
19.8400,-0.045325275500862176,-0.00019287346778383585,0.24515513528626767,-0.05619427130299466,-0.0786262929939329,0.006379924107990876,-0.002018273473246126,-0.00020039861865433372,0.005620962179278116,-3.763428928110345e-05,-3.427740999900351e-05,-0.001866321026099204,-3.7642245616707335e-05,-6.159500983890878e-10,1.1042686609452524e-09,-0.004078880238969691,-0.001041226863851458,-0.019585540915575305,-0.0007119930351537343,3.563351734991657e-14,3.831979086257528e-14
19.8600,-0.045397726951236624,-0.00019123662634015174,0.24531147245772375,-0.05620635454420582,-0.07931154377599617,0.006400786747157285,-0.0035404388810271192,-0.00042801188637127906,0.009560685449596342,-9.408152901491473e-05,-4.7898423823390345e-05,-0.001810683811693546,-4.206108173724152e-05,-6.159501012655372e-10,1.104268706156239e-09,-0.00023463025010469124,-0.009176914521575786,0.1966490836322286,0.0041727701603153115,-6.78844052368413e-14,-6.598446290230486e-14
19.8800,-0.0453734035804629,-0.00019313506923848546,0.24524375966379397,-0.056203602323519994,-0.07910168832707876,0.00639282749565017,0.0025276627782950924,0.00028716034198979294,-0.008029210261272896,-1.3042888483329875e-05,-0.0002398065218728752,0.0037792888439534093,8.642018961246209e-05,-6.159511609741596e-10,1.1042676894232833e-09,0.0067280288818080645,-0.000284270863414639,0.13554467413012433,0.0035000045830981008,4.261877444922471e-14,4.53611689768367e-14
19.9000,-0.0453181663618935,-0.0001948409797895723,0.2451111439200509,-0.05619353804847862,-0.07857781366234061,0.006376947494563209,0.0010199301026141189,0.0001388527695646737,-0.003181386359016561,7.305565808955088e-05,1.2699761292773823e-05,0.0003155403111855366,1.4736855827908664e-05,-6.159507816439456e-10,1.1042681211026949e-09,0.000630797142274152,0.01523387485646801,-0.2995112183217956,-0.006723785798433326,3.2199029141762037e-14,3.49105510125125e-14
19.9200,-0.04537000395289179,-0.0001937074200062118,0.2452272709389769,-0.05619620991202514,-0.07905709413233254,0.00639188305108556,-0.0029051642163253955,-0.00037308943623930765,0.00825498109047313,2.511500778470812e-05,0.00013011782371809212,-0.002834967955467625,-6.052430065150301e-05,-6.159503464455527e-10,1.1042686058050337e-09,-0.00489731680252756,0.002035098045492585,-0.09816901096471714,-0.002596047354323197,3.76504450988642e-14,4.031565798432238e-14
19.9400,-0.0454182378420296,-0.0001940425482041719,0.24533470217891543,-0.056199030710524484,-0.07952963739986268,0.006404419982624227,-0.00044480035390319996,-0.00014121929845985323,0.0010994991240474122,-1.4746429900383722e-05,-7.750145778626898e-05,0.0010263422300133007,2.131340883672598e-05,-6.159510938520908e-10,1.1042679029740924e-09,0.0027285972469271755,-0.015451783388779746,0.3668371242259554,0.008375585820562921,-6.383415118108721e-14,-6.189692584434442e-14
19.9600,-0.045346010166267874,-0.00019738123678988157,0.24517051503061962,-0.05618284553325293,-0.07886194501772678,0.006382507327583121,0.0031439534042157617,0.0003211148860835238,-0.008897230669304704,7.016147973258893e-05,-9.586030820321682e-05,0.003062894142317215,7.362125065396566e-05,-6.159513826897295e-10,1.1042676583237639e-09,0.0032667456444472305,0.0141693408208638,-0.2149210703135399,-0.0045213039206860196,3.789952021920201e-14,4.062977168248216e-14
19.9800,-0.045321469708941686,-0.00019842933867744174,0.2451226897555638,-0.05617162657611205,-0.07862166713898067,0.006375295484684615,0.0002367109764436351,-1.5723020320157617e-05,-0.00013244197811599663,8.592000471374642e-05,9.503305577714085e-05,-0.0007686195431954068,-1.0888012279394649e-05,-6.159512184563226e-10,1.1042678730991657e-09,-0.0009470816795875672,-0.0010487083001826957,-0.03394854451776039,-0.000864875261045057,-7.453673095403346e-14,-7.259771668370607e-14
20.0000,-0.045337173137572635,-0.00019869020520324598,0.2451683239302032,-0.05616311513439535,-0.07875970059125526,0.00637942635411723,-0.0007771543061674702,-0.00016728076230554208,0.002806979702242544,2.7674231883081414e-05,6.118387140231519e-05,-0.0012546703131860863,-2.5306351255182914e-05,-6.159511208372255e-10,1.1042680201553007e-09,-0.003625296456320436,-0.0009518658611426678,-0.03057525341595121,-0.0008910344002996449,3.974738696814126e-14,4.244343185287949e-14
20.0200,-0.04536682857325707,-0.00019910114565144786,0.24524167366491093,-0.05615643483955877,-0.07903894313133096,0.006387161183298357,-0.0014376547525488507,-0.0002568117427874572,0.004428104195331771,-3.03576455559161e-05,2.192965599702612e-05,-0.0011335249314284128,-2.664835012395482e-05,-6.159510566004829e-10,1.1042681328320481e-09,-0.002450321140231407,-0.0016049694723172434,0.013727298727318721,9.572354458622829e-05,4.453314344891879e-14,4.721842085083153e-14
20.0400,-0.045365099983045595,-0.00020078861046734218,0.24524051948732992,-0.056145858683585154,-0.0790327055732955,0.006385452290973844,0.0008891244179109135,1.844680031232204e-05,-0.0024297248065299503,-3.0594305734033765e-05,-9.172342749973813e-05,0.0013936798357895045,2.895804589129606e-05,-6.159515645233155e-10,1.1042676688770493e-09,0.002401290913137455,-0.006082210235716061,0.16629269513967157,0.0038727398289119105,-6.37346620792345e-14,-6.178495486498098e-14
20.0600,-0.04535350094805978,-0.0002022642778745054,0.24521714567457828,-0.056134379073270506,-0.0789268923153715,0.006381381678712915,-0.00024945688609702334,-9.356485312739009e-05,0.0009405685147987413,-1.3007036778168289e-05,1.8511569608856474e-05,-0.00017513266981572544,-5.12932842808829e-06,-6.159512219562355e-10,1.104268061773275e-09,0.00025675404621019674,0.00335733157161534,-0.06641274421203723,-0.0015563342649131124,-6.646460183439007e-14,-6.45363482706246e-14
20.0800,-0.045370933771055715,-0.00020285158505721707,0.2452605918256594,-0.05612855979200889,-0.07909595276616088,0.006385693811712743,-0.0009868507255062398,-0.0001841908259181205,0.003047114808221689,-3.0956357364420635e-05,4.517648742811674e-05,-0.0008669764417330398,-2.2762686840130174e-05,-6.159509652352945e-10,1.1042683677625382e-09,-0.002212766022354621,0.0037266542699086053,-0.08589755485067438,-0.002095020474920693,4.7033333987461096e-14,4.971659206282758e-14
20.1000,-0.045354140055283924,-0.00020444860659452074,0.24522466468040907,-0.05611952182012921,-0.07894834141210195,0.006379976489482521,0.0018545704465338624,0.00016528357585685302,-0.005227713939052489,-1.542946970365576e-05,-7.686097867467607e-05,0.0018246525419451252,3.805630592250478e-05,-6.159515933855836e-10,1.1042677848689484e-09,0.003402574047751065,-0.00670603485108533,0.17482708742505707,0.0041672108542588964,-6.205627645864548e-14,-6.009391796029176e-14
20.1200,-0.04533763398043768,-0.000205268581313388,0.24518990270922209,-0.05611142680983482,-0.07879171467511244,0.006375084138273192,-9.523604436774592e-05,-3.423935622873328e-05,0.00048133711169964127,-3.5988928987901698e-06,4.643401603267235e-05,-0.0003718233473985281,-9.739196203617028e-06,-6.159510627099215e-10,1.10426836478393e-09,-0.0007335906797559599,0.005747107670844192,-0.12977631772144863,-0.0029676953724861515,4.493280747475126e-14,4.763848820629746e-14
20.1400,-0.04538695624367972,-0.00020435931926464246,0.24530491552224448,-0.05611546901050049,-0.07926089642093104,0.006389032479193494,-0.0024803298804601274,-0.00033460807500686294,0.007255285652014829,-5.7039060103773196e-05,9.40887130908703e-05,-0.0020639138970990054,-5.211178331487803e-05,-6.159506776893742e-10,1.1042687995485134e-09,-0.0019124658842049546,-0.00790402172476314,0.12187656440616787,0.0024908333933294368,-6.031809031198029e-14,-5.84144616900574e-14
20.1600,-0.045348272367750346,-0.00020611281887726785,0.24521615073682723,-0.05610889828567676,-0.078911185476494,0.006377243204031429,0.003179684375427548,0.0003618587480212506,-0.009223515310389271,-1.4442354658922214e-05,-0.00013915175734853028,0.003189606080849959,6.847401247975601e-05,-6.159514647686113e-10,1.104268056342561e-09,0.003735057997245187,0.0024570394031950766,0.024575171418674067,0.0009477686042941462,4.88146713805912e-14,5.155476197858666e-14
20.1800,-0.04528051822553107,-0.00020731260688036554,0.24506248544438022,-0.056097679531934314,-0.07826244982711178,0.006358366674460027,0.0025746332756161902,0.0003518543822084326,-0.00730063389256001,4.637676896908669e-05,-9.450461159970758e-06,0.0011985639978125357,2.966950211149304e-05,-6.15951365204442e-10,1.1042682053221107e-09,0.000986113631734606,0.007707335538629778,-0.16715994499227393,-0.0035765801567836583,4.016454730653221e-14,4.290235430370187e-14
20.2000,-0.04522957582657676,-0.00020717046038069622,0.24494563135829575,-0.05608555569306649,-0.07774834076896288,0.006345090876877684,0.0016754741111768053,0.0002906924076924543,-0.004919664646209038,5.104094149122717e-05,1.0377735197381997e-05,-0.00010371858895513256,2.826567252212019e-06,-6.159517081002249e-10,1.1042679096753365e-09,0.0003445375277125464,-0.008254333138138054,0.09807045202675949,0.0022939346207859843,-7.293465961386025e-14,-7.094428126561136e-14
20.2200,-0.04518919771613565,-0.00020638205425954615,0.24484357082899166,-0.056069088705495686,-0.07731470360648696,0.006335229165011569,0.0011752802035180647,0.00028020146786963686,-0.00414544130268058,2.4442901339131252e-05,-2.000169488418494e-05,-0.0007638152145266337,-1.1124601345995374e-05,-6.159518271666907e-10,1.1042678375776746e-09,-0.0017259329063456445,-0.00202176954090762,-0.03482025472801466,-0.0008124667598166909,-7.727325723738687e-14,-7.528642965125287e-14
20.2400,-0.04518231596227692,-0.00020482335502472712,0.2448038467751445,-0.05605058813681457,-0.07718509964640174,0.006334939721434216,-0.00033590652059973175,0.00013407430959594456,-0.0007364606185872015,-2.2175482125648195e-05,-5.2414189533285506e-05,-0.0014931193776898993,-2.9251261982891437e-05,-6.159519514429245e-10,1.1042677629115512e-09,-0.0028198298625317884,0.00041356915515234965,-0.06895330928603466,-0.001703926049890242,3.18694452338536e-14,3.461240219134257e-14
20.2600,-0.045202750253946274,-0.00020314762877276659,0.2448101413014898,-0.05602932175302034,-0.0773110468492744,0.006341930666791317,-0.0014427016273406855,1.8794716863305008e-05,0.00143776265307661,-6.423347006038609e-05,-8.080942200902754e-05,-0.0017305247602163504,-3.7861396751411485e-05,-6.159520604850199e-10,1.1042677032954276e-09,-0.002618962108291717,0.004212842101444788,-0.10645159258551339,-0.0026223497078514063,3.316739786464462e-14,3.5892031805418584e-14
20.2800,-0.04528345156466727,-0.00020088257348723827,0.24494053565880455,-0.056012715362960444,-0.07801648578110008,0.0063652073976585895,-0.004145885644509102,-0.00032694028093761785,0.008451888143126784,-0.00010993575650745446,-3.0584945984306816e-05,-0.0028442687658992057,-6.910743619821245e-05,-6.159517738978527e-10,1.1042680409897637e-09,-0.0029910635661818336,0.005861817016410364,-0.10434791019002417,-0.002759048869603849,3.930475465496047e-14,4.19879381914276e-14
20.3000,-0.04542306377073921,-0.00019876496540861504,0.24519886457909223,-0.0560062032940666,-0.0793124896443354,0.00640355425071028,-0.005933951405668969,-0.0006235699415606958,0.013370535127809724,-0.00014739127767865356,-4.959733731837455e-06,-0.002453732470081198,-6.936948970657003e-05,-6.159514007302644e-10,1.1042684635470031e-09,-0.0009152314438513452,0.0025500809490206985,0.04062086307557345,0.0005111418333539255,5.2214207621210235e-14,5.485998618272661e-14
20.3200,-0.04550508036348347,-0.00019971130548517414,0.2453322105329779,-0.055997912912553356,-0.080108864931916,0.006423535079525346,-0.0014629455141718579,-0.00017950245292429283,0.0011413426184562817,-7.011911102546164e-05,-0.00010797350892236267,0.002638868703367816,4.2117370314622876e-05,-6.159519991976324e-10,1.10426790587922e-09,0.008968884260381055,-0.007318971457709523,0.3681797043807815,0.008545918961464106,-4.882451051530651e-14,-4.690327716060788e-14
20.3400,-0.045453029239600394,-0.0002034331102544995,0.2451839437280416,-0.05597594373296229,-0.07964247207636323,0.00640542890663064,0.002733519169203339,0.0003062327467972639,-0.009202735647275037,0.00012979789438788148,5.278951207670279e-06,0.004744579320909099,9.903906458696673e-05,-6.15952276929978e-10,1.104267672383089e-09,0.010314022130118757,0.00708055118818558,0.03681541159024236,0.0013974986830492674,-5.631377932328527e-14,-5.435197647854495e-14
20.3600,-0.04533751475635581,-0.00020669433840725176,0.244923371724799,-0.055946459369823724,-0.07854277940382853,0.0063708301696025205,0.004537432115895799,0.0005338778982634093,-0.012399346978683296,0.00029308713535457226,0.00018313963714347212,0.003328650335914699,7.953782922316415e-05,-6.159524776339472e-10,1.104267521098512e-09,0.004044260514298682,0.008579337448212038,-0.1595257976186545,-0.003131382416744372,4.283149491546637e-14,4.559501783291467e-14
20.3800,-0.04527614237645416,-0.000206777113417103,0.2448105573078832,-0.05592309316330451,-0.07791666782918764,0.00635338067067385,0.0018419525639783955,0.00020818031577870223,-0.003373764513300915,0.0002727552308197375,0.0003153513327852903,-0.0007366688885035931,-8.498481052309243e-06,-6.15952061736474e-10,1.1042679869454638e-09,-0.005423096074508442,0.004648062236644266,-0.2311512103100566,-0.005278112600597825,3.789917462975953e-14,4.063292942130953e-14
20.4000,-0.04531749916752504,-0.00020412506448361023,0.24493991924886363,-0.055913533337875965,-0.07825501054137327,0.006365617418523071,-0.0028545667899801193,-0.0003915108310177485,0.010337726549203393,0.00010148040030509152,0.00031179268649523314,-0.004071871793089698,-9.054051765179438e-05,-6.159513564039327e-10,1.1042687456739932e-09,-0.011019388894096992,-0.0026003828466788963,-0.12855833968395095,-0.0034851661945043827,4.5133317114025295e-14,4.7810252935473474e-14
20.4200,-0.04543369567751384,-0.00020109516172523464,0.24523563107459076,-0.05591958027996922,-0.07933581652619225,0.006398079237839061,-0.004278116165859986,-0.000638992554507998,0.014074716986890806,-9.869845436963356e-05,0.00011860076545751043,-0.002944810161941567,-7.841405049715683e-05,-6.159509323907929e-10,1.1042692181765703e-09,-0.007907440085449927,-0.010582796895110939,0.1491449628218237,0.002814808149138456,6.230721505146725e-14,6.495704581860329e-14
20.4400,-0.045466973785992834,-0.00020138568893648745,0.24533761137499277,-0.05592262631442009,-0.079673196167613,0.006405924915229618,0.0002021274752108418,-0.00011990892857055022,0.0010084090699984845,-0.00013754506835476262,-0.00010985769203452306,0.0021130346248389538,3.1093504452395595e-05,-6.15951241204416e-10,1.104268951213835e-09,0.0023875617127524064,-0.005601370606295168,0.2020861495228982,0.004646609428843598,-4.150428915480897e-14,-3.958299481373814e-14
20.4600,-0.045374931734974505,-0.00020378563418088302,0.24515792883147106,-0.05591532717434873,-0.07882293639038497,0.0063790742873486685,0.004502794917815347,0.0004718770148154556,-0.011002800627573625,-3.011238152517842e-05,-0.0001112849193894371,0.004230255563934696,8.661631461644922e-05,-6.159513537984663e-10,1.1042688832077824e-09,0.003790316033100103,0.016327407066310674,-0.25154878832766414,-0.005206614849825014,5.971540942934991e-14,6.245140038788066e-14
20.4800,-0.04534810541820422,-0.00020248664546686514,0.24513290813772326,-0.055923933294347666,-0.07856191228098293,0.0063728254303782135,0.0001792247293298251,1.5680875601688525e-05,0.001722446794238805,-2.8722927236347918e-05,0.0001359687870601127,-0.0011046111646830776,-3.0571478400408266e-05,-6.159504398514002e-10,1.10426984993463e-09,-0.00358896306848475,0.006040111461561906,-0.20658225626708052,-0.004765227328261573,5.628315061191255e-14,5.897981891289997e-14
20.5000,-0.045392255795302774,-0.0001990825867260419,0.2452645734830795,-0.055949964575383815,-0.07897712729834737,0.006387169908253481,-0.002014077480910942,-0.00022843786688141678,0.007532913993938359,-0.00012951812504697057,0.00011171290357475712,-0.002578655027592472,-6.852054943786126e-05,-6.159497035299078e-10,1.1042706368214552e-09,-0.006220667912675114,-3.966958072707851e-05,-0.08626585080313798,-0.002246366751512949,6.089511626070424e-14,6.355929237783497e-14
20.5200,-0.045421771017405216,-0.00019648686045645267,0.24535165111766455,-0.05598262765785332,-0.07927699727827024,0.006397000278463652,-1.1854108209149766e-05,3.0487790068774632e-05,0.0010770359583602267,-0.00017794620776250553,-8.769996065880649e-05,0.0005817912161885832,-4.683771852175369e-07,-6.159499578527632e-10,1.1042704252339127e-09,0.001951840777989669,-0.015531545082306173,0.3284427079213335,0.007519382795192656,-4.410547990198188e-14,-4.217137164648499e-14
20.5400,-0.04535012790564376,-0.00019571064640300432,0.2451997560235743,-0.05600674145742253,-0.07861787810817963,0.006378671816771136,0.0034254221673453945,0.0005361224129176968,-0.009208772569723847,-9.388199552675094e-05,-0.0001361998572765331,0.00261352957522221,5.3194730709281744e-05,-6.159500049534192e-10,1.1042704261813226e-09,0.004305475905576219,0.0069794878113064954,-0.10327215543992976,-0.0018936464619880332,-5.642643470527009e-14,-5.4459725845699275e-14
20.5600,-0.04531594196576749,-0.00019244653654689552,0.24512889212557504,-0.0560394390166528,-0.07828771478043,0.0063724985774600736,0.0004286339951606557,0.0002523336570582947,-0.0008720955441067952,-6.276257196879684e-05,2.1868547933574948e-05,-0.0008809374257353838,-2.0684714290764544e-05,-6.159495061961745e-10,1.1042709736342004e-09,-0.00010471305619228018,0.001600253154715288,-0.09550285458559439,-0.002074330446931024,4.756411193726495e-14,5.0279089702440216e-14
20.5800,-0.04535445669333539,-0.0001871579617383799,0.24521389794711537,-0.05608470090279253,-0.07864183601850645,0.006387298502974448,-0.0024609772414696867,-7.260835088075995e-05,0.006723204298221816,-0.00011127667778798888,4.696414075856426e-05,-0.002878393225308641,-6.691445865994935e-05,-6.159489151993053e-10,1.104271616254035e-09,-0.0038000330328709234,0.0002718685765186492,-0.08135976135012271,-0.0020269763269703546,4.641315679227223e-14,4.9088561178151774e-14
20.6000,-0.04541900163209056,-0.00018217856094764485,0.24534575379924098,-0.05613676312929016,-0.07926267466983915,0.00640867803153525,-0.002487397021477114,-9.414898865785616e-05,0.006065903484782669,-0.00014623608932550159,-6.908907130231722e-05,-0.0012897160914015578,-3.386358098505171e-05,-6.159490518246491e-10,1.1042715253914142e-09,0.001751465301542095,-0.01348230290345451,0.28113388116053645,0.006348753854942471,-6.023783224616205e-14,-5.83245677774312e-14
20.6200,-0.045387367093103946,-0.0001801723619430955,0.24525138110260167,-0.05617592735062732,-0.07898517642875437,0.006401981338963673,0.0019664497105241862,0.0004630483995188543,-0.007029668687769866,-4.039775617015831e-05,-0.00018508522261347936,0.0025832219102742237,6.038411274081279e-05,-6.15949613035212e-10,1.1042710103687246e-09,0.0064397256788783054,0.0053392573027035905,-0.016378903031380808,0.00010182437197459875,-7.002856411073011e-14,-6.807288023200075e-14
20.6400,-0.04538156079824447,-0.00017685138422826022,0.24521904761266258,-0.05621750828528387,-0.07893525914293589,0.0064033250437182665,-0.0008201093339598152,0.00013359737986476684,0.0012872235949759451,3.0078922875352174e-05,2.2893017990882702e-05,-0.0007631028189349161,-9.563648538443417e-06,-6.159491494180505e-10,1.1042715239294424e-09,0.0007260899333558829,0.010908393521415373,-0.2240177281383451,-0.004986851133481192,3.320736426722787e-14,3.589499980886576e-14
20.6600,-0.04542991433092413,-0.00017283709352242547,0.24531380512349754,-0.056265265324275136,-0.07940400528223457,0.006419516812255635,-0.001806832253408006,-5.1393418642267914e-05,0.004293932839595273,3.156438397081064e-05,1.985415474580584e-05,-0.0010997377833256831,-1.7727541009031273e-05,-6.159493478178933e-10,1.1042713729497365e-09,0.0010601941186332876,-0.0084809421648951,0.16799741241838287,0.0038232753016755137,-7.55301311945733e-14,-7.361637883486483e-14
20.6800,-0.045391223836589945,-0.0001719047896192177,0.24521351991816318,-0.05629605171335267,-0.07905689895182927,0.006409937777689217,0.0024156632629939384,0.00042784151526666407,-0.007588118528202521,0.00010971079857361205,-0.00011998594760383615,0.0025663249833292744,7.088025630918724e-05,-6.159502283223945e-10,1.1042705359556068e-09,0.004847272409841445,0.001964776952618883,0.022340642488452654,0.0009383372171991005,2.9590116842241956e-14,3.232263496568896e-14
20.7000,-0.045335989884484,-0.0001710773652529743,0.24508414000816434,-0.05631668141146804,-0.07853145041518521,0.006396055779196249,0.0018913663120173146,0.0003521766036956936,-0.005501584611802443,0.00018319826197347742,-1.106993464374872e-06,0.0006826779281612714,3.5780869550146554e-05,-6.159505127800259e-10,1.104270303537322e-09,0.0010325811624005276,0.0073667434249847,-0.1717451730380224,-0.003693485869296646,1.9199590783327766e-14,2.1926542206245417e-14
20.7200,-0.045374127740344404,-0.0001682727475156629,0.24517392010799222,-0.05634236106535631,-0.07887742891841575,0.006408849932299523,-0.002787872472448702,-0.0002798978014947435,0.008233907804908087,0.0001279005924174857,0.00012589445892758922,-0.003176159505142676,-5.3527879053665916e-05,-6.1595016376072e-10,1.1042707038027244e-09,-0.005714300094434494,0.0028703766113550846,-0.15325674101979558,-0.003826315907788217,2.018644515325123e-14,2.285536804301838e-14
20.7400,-0.045434100027588485,-0.00016705643521605428,0.24531316903116854,-0.05636494779903004,-0.07945582881526814,0.006426098388312543,-0.0009000481544195757,-0.00016347542452758683,0.0027024757567293903,5.917436669697921e-05,-0.00010338215061223824,0.0003114427725623309,1.9240512750796248e-05,-6.159511631467154e-10,1.1042697497530567e-09,0.0011040456946142683,-0.016672105682592395,0.3588213717971696,0.008137740982270927,-8.089908680019436e-14,-7.897053508083146e-14
20.7600,-0.045379388189715736,-0.00016979239365408106,0.24519266862782485,-0.056363147464455386,-0.0789559245278654,0.006409659460260077,0.002970917898955172,0.00028205893792300376,-0.00819639382945887,0.00012451415992251866,-0.00016519475853739491,0.0029017911481989977,8.271019228015636e-05,-6.159518386962638e-10,1.1042691202098828e-09,0.002812189626947766,0.011257085542402736,-0.15905038835589733,-0.0033120005299708344,2.295721528459624e-14,2.5685769293850094e-14
20.7800,-0.04535681717583493,-0.0001714936460133561,0.24515315322232786,-0.05635757237984112,-0.07874008025181155,0.006402896998515265,0.00018622983980710466,-8.077524426724868e-05,0.0002875600029199895,0.00013866275388026763,1.0989241609396048e-05,-0.0004430017736938965,8.524492054803114e-06,-6.159518830750271e-10,1.1042691243908204e-09,-0.0016383217274619582,0.005674695789756003,-0.14689193120725239,-0.0034330430763427323,2.1072854968157487e-14,2.378072782097118e-14
20.8000,-0.04540443149316796,-0.00017225471460061327,0.24527590534905208,-0.05635514100620111,-0.0791897769999626,0.006415705002327036,-0.002765766472793978,-0.0005017002249280229,0.00880115691024969,5.61468482932802e-05,7.121386946822731e-05,-0.0027391058205328703,-4.937501930115567e-05,-6.159517439640382e-10,1.1042693148826314e-09,-0.005092493639532206,-0.0017559705100802946,-0.02767618984693515,-0.0010794482513745971,-8.423075876107938e-14,-8.233771466286538e-14
20.8200,-0.04542956403283009,-0.00017523987493197777,0.24534498689224782,-0.056344982609879905,-0.07945031328623792,0.0064206208601707,0.0003471315273269612,-0.0001919136116470638,-0.00033716571856920934,1.3746445571749134e-05,-0.000133669338778239,0.0011250797505416791,3.2593759407784714e-05,-6.15952635701375e-10,1.1042684659569653e-09,0.0008436828945313122,-0.009007984204224164,0.23000925956129317,0.005208670222459029,3.676177201192288e-14,3.9468774114866795e-14
20.8400,-0.04534440501373176,-0.00018112985897047928,0.24516300830054183,-0.05631279999716987,-0.07866200663885278,0.006393883218965657,0.003947817134418758,0.00027051092535342215,-0.010565263647118699,8.921264042754642e-05,-0.00015956894218117554,0.0031835113063728494,8.435655528641017e-05,-6.159533827734434e-10,1.1042677663251324e-09,0.0027944667712847815,0.010303169110302792,-0.15135708359729055,-0.003144340620849551,2.894098806091594e-14,3.1686194737912815e-14
20.8600,-0.04527264031734512,-0.0001857118807234007,0.2450138961220114,-0.056274800617952314,-0.07796928815713193,0.006371999954183883,0.0030371952673846968,0.0001963415650592112,-0.007865940770812992,0.00011041723469022562,-4.6305653179899814e-05,0.0008769330076531176,3.464834270113838e-05,-6.159536486996878e-10,1.1042675472032215e-09,-0.001353161069979846,0.006530764027765499,-0.16903728675915428,-0.003792487598400821,2.491438316504918e-14,2.7660894272784828e-14
20.8800,-0.04525060937495975,-0.00018874587764804363,0.24497186155220738,-0.05623514016922272,-0.07772579644243297,0.006364759764634416,0.0003553162436152001,-0.00010026606898647806,-0.0007007174844281128,4.3878282178551076e-05,5.335735880791738e-06,-0.0016425321287516315,-2.5522327019028834e-05,-6.159538092463534e-10,1.104267436783295e-09,-0.0038817932984762577,-0.004959383551984665,0.006183533221787996,-0.0001445484371695923,-8.372042479849046e-14,-8.175788334102013e-14
20.9000,-0.04531471607724966,-0.00019026649911847455,0.24511199008438683,-0.05620171516955997,-0.07829866971121917,0.006381708545592227,-0.003824450074399166,-0.0006087576630683302,0.010346889412970598,-8.919033820130407e-05,3.61820708838363e-05,-0.004031011914015365,-8.934276468061726e-05,-6.15953321931775e-10,1.1042679773095906e-09,-0.00705706275681693,-0.002428175930794033,-0.030421573337683673,-0.0013454030392053996,3.5681981187026673e-14,3.835571183580244e-14
20.9200,-0.04540583340759874,-0.00019268415861732445,0.2452975546090477,-0.05617113753764067,-0.07915620878304791,0.006404827997410843,-0.003871164235695565,-0.0006440340843225593,0.009552235270351187,-0.00017983434558618936,-6.9620548054196e-05,-0.0021756049047314636,-5.813785867398103e-05,-6.159532422118934e-10,1.1042681050820715e-09,-0.003617882781838401,0.0032690630049413633,-0.023542953620459824,-0.0010099126619410594,4.744297944954401e-14,5.009804149216229e-14
20.9400,-0.045448593867692476,-0.00019735500960488982,0.2453654473501751,-0.05613694131202614,-0.07958639872321428,0.006412857526600502,-0.0004551737612598193,-0.0002500469586426933,-0.0005469722876785517,-0.00014678346253067516,-0.00017093392528464752,0.0018539618272588741,2.8335402784649098e-05,-6.159538375007737e-10,1.1042675517165383e-09,0.005617470053695813,-0.004423690048849928,0.2444605866069336,0.00560335579229517,-5.4950015620624376e-14,-5.302178238564964e-14
20.9600,-0.04538902791340265,-0.00020383668658974151,0.24520534475631722,-0.05609086391351013,-0.0790461662263128,0.0063919580064062155,0.0029170099793717403,0.0002009799907742801,-0.009724982194207497,-2.3422106039110515e-06,-0.00010384506510676122,0.0037312832412531908,7.65479690361909e-05,-6.159542006444318e-10,1.1042672329981255e-09,0.007588085220849944,0.006246228235247424,0.013548867215567235,0.0007035681877660656,5.170840697895501e-14,5.445063887624113e-14
20.9800,-0.04533984580490517,-0.00020821900409921334,0.2450810642585945,-0.056047798824784244,-0.07857631388247352,0.006375423539020367,0.0013721912410263155,6.18592476495271e-05,-0.004520307964680873,7.621283982850242e-05,0.00012758042073371766,0.00047893856604158333,7.91382186336166e-06,-6.159536983088456e-10,1.1042677868848556e-09,0.00019345209382897832,0.012550461443602029,-0.24799449956974287,-0.005562092954480183,4.503195098716148e-14,4.774883288240217e-14
21.0000,-0.045374019859628065,-0.00020964023685316038,0.2451545752763584,-0.056019044694192915,-0.07888458972085621,0.0063832607665976525,-0.0024440555701128797,-0.00039977746861140915,0.0068063038197862715,2.163998398305638e-05,0.0002468394196162323,-0.0027858202437821473,-6.967340613394904e-05,-6.159529782219052e-10,1.1042685593826306e-09,-0.005525489535376734,0.004114952893775622,-0.1520416528345844,-0.003833576994018533,4.988528036833917e-14,5.2556225972784365e-14
21.0200,-0.04543799760201903,-0.00021082131634961966,0.24529775800509185,-0.05600035035647108,-0.07949654125718238,0.006398908950900465,-0.001689654796724027,-0.0003484483721913731,0.004694693292920517,-5.5998159170403835e-05,0.00010635619775191285,-0.0008079377716513509,-3.259221401734359e-05,-6.159529497797858e-10,1.1042686335075546e-09,-0.0016209765060822112,-0.008651598709865602,0.18570709047784623,0.003998163276598494,-4.988195999918593e-14,-4.7974455354496404e-14
21.0400,-0.045419945905108915,-0.00021392256150672704,0.24525774273023704,-0.05597658594347769,-0.07934627393370461,0.006391105512985136,0.0013786955064993794,3.96644437857464e-05,-0.003788349372778692,-2.4823930808618824e-05,1.3714530060524979e-05,0.00213149769253317,3.464845803834801e-05,-6.159531459010287e-10,1.1042684813428967e-09,0.0038964404445755883,-0.0026933430856488612,0.12144599793072067,0.0029360856590552142,-4.901163025775035e-14,-4.706710688513402e-14
21.0600,-0.04539105737744928,-0.000215847989391381,0.24520271423191192,-0.05595779815994788,-0.07908104508590748,0.006381445772894704,0.00023289998563991377,-5.424839038494272e-05,0.00015429880441447842,1.2226329113986892e-05,0.00015560486202188307,8.103210911236273e-05,-8.07611410557141e-06,-6.159524126923553e-10,1.1042692657022363e-09,-0.0011747063967312845,0.012021081057871736,-0.2530787773750324,-0.005728166037288225,5.696886782842817e-14,5.965808223947974e-14
21.0800,-0.04539561789332154,-0.00021615565674401867,0.24523116241229465,-0.05595123332326861,-0.07913190251500826,0.00638187161661674,0.0006262928234904111,-4.090324204356062e-06,-0.000659323739102092,-1.1942101100153313e-05,0.00010383792023986744,0.0003921043259064122,-2.905942506186899e-06,-6.159524238214194e-10,1.1042692999493233e-09,-0.00017385229342766232,-0.010466659778294444,0.1903709323846775,0.004333427234552181,6.303685600849568e-14,6.575050562600965e-14
21.1000,-0.0453661707210506,-0.0002164993507244752,0.2451838834192584,-0.05594617171262699,-0.07885853065401269,0.0063733329116589495,0.0011762657410370656,0.00011087250401052462,-0.0021328700873333175,-1.982332734244007e-05,7.589195916275504e-05,0.0006552820222433621,4.833634291172962e-06,-6.159521010794911e-10,1.1042696707655616e-09,-0.00024098848150630076,-0.000708616390921938,-0.009607152029722718,-0.00012547331632825495,5.963796351291656e-14,6.235268378007586e-14
21.1200,-0.04538422478105285,-0.00021479522341212492,0.2452454054703257,-0.0559551910428223,-0.07903122487238338,0.006379156490141957,-0.0009537338185830384,-0.00011758683210047545,0.00396787031707657,-6.849042323483154e-05,0.00011838500654200611,-0.0011994171259978592,-3.8457645677746534e-05,-6.159514735789509e-10,1.1042703482518537e-09,-0.0019071473564094504,-0.007597945365620442,0.0957824589654468,0.00203974561077688,-4.9406923593574986e-14,-4.7485913855574435e-14
21.1400,-0.045389865338230875,-0.00021325979810003036,0.24527467928658547,-0.05597011106528883,-0.07909751744622047,0.006381531193985489,0.000767360272373635,0.00011547750787602604,-0.0012785942698369894,-9.59470396895802e-05,-1.031176856775042e-05,0.000731479418566302,4.053758098972807e-06,-6.159513305032275e-10,1.1042705374614295e-09,-4.498770381889287e-05,-0.0035285935667219042,0.07360620625214512,0.0017767960841882744,6.252307970400911e-14,6.522897727598981e-14
21.1600,-0.04536200701953299,-0.00021176955032284014,0.24522397582046304,-0.0559865826303162,-0.0788435756709654,0.006375111280995327,0.0009370731184006409,0.00019786922167215758,-0.0019335604948335487,-7.572835057775897e-05,1.965912692075095e-06,0.000589184597773132,4.351887078758309e-06,-6.159510248445305e-10,1.1042708911725287e-09,0.0005489648742275151,0.003909956363186421,-0.08712362391136459,-0.0018194156722104106,5.7195845553238e-14,5.990353883506688e-14
21.1800,-0.04538882864959796,-0.00020822780557122668,0.2452951085044879,-0.05601759691829485,-0.07910459548262501,0.006384936633466377,-0.0012821922319438263,-4.403828902461658e-05,0.004239166128081719,-0.00010145972528674824,6.61066931154183e-05,-0.0014153447504004798,-4.122912557989286e-05,-6.159504511720393e-10,1.1042715147341557e-09,-0.0007998311033620757,-0.006252243595015945,0.0829872186514328,0.0018038659571504398,-5.312848143194937e-14,-5.121478328234952e-14
21.2000,-0.04535240101040703,-0.00020614208649241984,0.2452159351873262,-0.05604390681735985,-0.0787718345248664,0.006376755008153386,0.0017506903170927796,0.0003691816212171492,-0.004865256669727326,-6.552191732754883e-05,-6.883625466134413e-05,0.0013367306539395277,2.4835200557734823e-05,-6.159506535427657e-10,1.1042713574218077e-09,0.001551699791094394,0.006380986770898931,-0.1126520900327839,-0.0022630721437873506,5.1512925327255876e-14,5.422924479261959e-14
21.2200,-0.045349837708414185,-0.00020249693475517597,0.24521069223537179,-0.05607848236337011,-0.07875011996411839,0.006378953677305622,0.0003837823578915,0.00023271187225933245,-0.0011204452232919544,-4.993101402712157e-05,-1.7252337928525437e-05,-5.701119275121474e-05,-4.000530520742192e-06,-6.159505494457843e-10,1.1042715094557516e-09,0.0018996301320710048,-0.008340532606871242,0.1450144377047823,0.0034294126600163555,-6.152938130787183e-14,-5.958104289886107e-14
21.2400,-0.045388132170939996,-0.00019776321819905827,0.24529387368912445,-0.05612148356900935,-0.07911559074016403,0.006392948844947645,-0.0025415914573454815,-0.00011221060883004745,0.0070159309566207775,-7.41187306220396e-05,5.3278370915359395e-05,-0.002139857219253372,-5.096488985769052e-05,-6.159499100831983e-10,1.10427220294291e-09,-0.000728905523513143,-0.006028655367649098,0.07866802234647244,0.0016649040326204702,-6.348511939670981e-14,-6.158039302008728e-14
21.2600,-0.04537029876427033,-0.00019507584319604447,0.24524417895581804,-0.05615748795212027,-0.07896206967141484,0.006390230598899367,0.0015156016294030586,0.00037695069233114914,-0.004960333791518583,-2.302357906173478e-05,-0.00013388908215878796,0.0019033053455994053,4.3955811744187745e-05,-6.159506311290749e-10,1.1042715245133482e-09,0.0044030225905218705,-0.00300495237294742,0.10885982350764324,0.0028360297326724764,4.410292525061296e-14,4.683205863040274e-14
21.2800,-0.04533592041673249,-0.00019234994068966519,0.24515659971430712,-0.056189486969446034,-0.07863863050745536,0.006383291207438422,0.001158316778332759,0.00035475986429840667,-0.00384635160352263,3.901529941920833e-05,-5.040889602329761e-05,0.0007395439032285451,2.3638626700987027e-05,-6.159506774960379e-10,1.1042715244830516e-09,0.003371126502543205,-0.0006484676603155527,0.013228736216621864,0.000559415864013594,-7.53710109732339e-14,-7.341359237102857e-14
21.3000,-0.04531081876812786,-0.0001893136388701994,0.24509042874330847,-0.056218325307265116,-0.07839019639076235,0.006379103109402354,0.0009539251226749413,0.00032835393685697436,-0.003292476355730119,7.143800037115443e-05,-3.4808158942177666e-05,8.969872915412012e-05,1.2967224736124397e-05,-6.159509191215172e-10,1.1042713312058609e-09,0.0012447638995124436,-0.0020834094170069134,0.014195358972755596,0.0004946037684253145,-8.113776035593989e-14,-7.917741440786885e-14
21.3200,-0.04527548775082403,-0.00018678593682967037,0.2449980972204447,-0.05623804075754622,-0.07803253458731134,0.006371855586816771,0.0012797666646026035,0.0003683717901347794,-0.004435209655654168,9.289034571252942e-05,-6.229821723169247e-05,0.00012492057128080423,1.7655122603964175e-05,-6.15951380117264e-10,1.1042709180519844e-09,0.000615676357032537,0.0009004398369228939,-0.051435109545220514,-0.001012449546895952,-8.739767264932807e-14,-8.542756888170466e-14
21.3400,-0.04526814574230972,-0.00018392877965460653,0.24496513831728306,-0.05625201584507236,-0.07792553566128722,0.006372472748060471,-0.0006332470687726273,0.0001248938887469518,0.000761134417804851,8.026751456384361e-05,-1.5903030227073333e-05,-0.0016868633345611124,-2.1955754314871005e-05,-6.159514932338486e-10,1.1042708585087262e-09,-0.002983142071739985,0.00671399429043791,-0.19335740083495762,-0.0045011235906863385,1.906161250435183e-14,2.1772070501720545e-14
21.3600,-0.045339003093629184,-0.00018044667271898155,0.24510430017828094,-0.05626897894843051,-0.0785649557986855,0.006394439460069287,-0.0032371230254302497,-0.000260896099160105,0.007815663158576075,1.4045987255993365e-05,-2.851863213436338e-05,-0.002553201135980332,-4.68780268458883e-05,-6.159516233521531e-10,1.104270775737937e-09,-0.003580622070760748,-0.002900567644963097,0.026796889359490622,0.0002975660606495694,2.5588451984474153e-14,2.8272831531462803e-14
21.3800,-0.04541801292154384,-0.00017884646168087585,0.24525670810026787,-0.05628169320837171,-0.07930881488367093,0.00641690969981178,-0.0028430805709915713,-0.0003036088659297725,0.006457029722084022,-1.8031605748886436e-05,-0.00011223474169308138,-0.0005588717759163127,-7.391248856752218e-06,-6.159521099182188e-10,1.1042703376653915e-09,0.0019636439341572374,-0.008693980674938706,0.24091304499028354,0.005337693838481496,-7.75435217339332e-14,-7.562856319930783e-14
21.4000,-0.04544907132993151,-0.00017974202214612514,0.24530455165756973,-0.05628408642446204,-0.07961851673704012,0.006424443445924696,-0.0011367674465106567,-0.00016404377687883554,0.0020758113875968673,3.407949839915611e-05,-0.00010095936425236452,0.001088088975491446,2.9754645167652036e-05,-6.159524615300181e-10,1.104270030130124e-09,0.00459737154971351,-0.0007762921390772843,0.1231968708450851,0.002854437219226757,-7.632529862040133e-14,-7.440559670127134e-14
21.4200,-0.045391685247776696,-0.00018336344102469278,0.24516203664158873,-0.05626843255253905,-0.07909259228708947,0.006406080019579626,0.0026440446087461116,0.00025597942382595137,-0.008029566980775425,0.00015694076319212264,-8.194940369563627e-05,0.0031056530471048668,8.159207846945642e-05,-6.159531284858036e-10,1.1042694084057994e-09,0.004094630441463689,0.015113311078162854,-0.20619297577894785,-0.004339225437750082,2.8565925260003525e-14,3.129085396824313e-14
21.4400,-0.04541375437283862,-0.00018438822195684593,0.24521884672675529,-0.05626016840770413,-0.07930029157443011,0.006411141327660706,-0.002033528929423912,-0.00036885630743147544,0.006476913763478089,0.00015380562703737325,0.00018635019477172856,-0.001989975631150909,-3.413258104694467e-05,-6.159525713987157e-10,1.1042700193977695e-09,-0.004035490990150359,0.0073698090918323965,-0.1942802880232982,-0.0047242487586827125,3.019520668657433e-14,3.28616867333216e-14
21.4600,-0.0453984200249735,-0.0001873487218014883,0.24520034997938203,-0.056242421052690006,-0.07916599389454552,0.006404510555456776,0.0018989844030034048,3.944598563542894e-05,-0.004369591130584023,0.00014004880026552332,-1.9602446306815764e-05,0.0018147211704091608,4.979133956669749e-05,-6.159536440595425e-10,1.1042689884527394e-09,0.0006033323633877534,-0.005505680000766939,0.13385786190828766,0.003152390051666354,3.615133230749565e-14,3.8877917812180085e-14
21.4800,-0.04538252399455055,-0.00019016043237340976,0.24518887259847005,-0.05622090288093107,-0.07901783859255039,0.006398134066323967,0.0002116950990772574,-0.00018231401499558216,0.0010286140429215484,0.00011103347846749982,8.079661488069362e-05,-0.0003105667274162976,1.330417544942326e-06,-6.15953371335181e-10,1.1042693149686398e-09,-0.003303089181671976,0.005099636059283886,-0.13948944765188137,-0.0033330730661780823,3.5129146499276315e-14,3.782344310801142e-14
21.5000,-0.0454132269362968,-0.00019223054684490383,0.24528854522774898,-0.05620501899498161,-0.07931691894904688,0.006404836520476641,-0.0006869416674432942,-0.00033918133931339344,0.0037975324381876395,3.4442377782051423e-05,4.6753323149959866e-05,-0.0006254106257659272,-1.1707544555555937e-05,-6.1595351307884e-10,1.1042692179948937e-09,-0.0022432039057231077,-0.012776552179298064,0.22452964421649785,0.004858501113122772,-6.702021479020742e-14,-6.509633869271336e-14
21.5200,-0.04537908712009581,-0.00019625349751238043,0.24523998267782268,-0.05617895312066523,-0.07900934633679207,0.006392790846940307,0.0018602022216017266,-1.964210841133208e-05,-0.0035702756601184273,1.7199422952797533e-05,-5.809049853008887e-05,0.0015396669335808117,3.646183933685034e-05,-6.159538401376682e-10,1.1042689366472893e-09,3.363197094482853e-05,-0.0003713471788371585,0.019902952514029047,0.0004945100909621015,4.483989134856925e-14,4.7559029739581427e-14
21.5400,-0.04535917121836369,-0.0001993021465658979,0.24522351633680825,-0.05615498322627727,-0.07882642421419414,0.006385545315621255,0.0005024346014951907,-0.00015266495196850178,0.0002842627765227328,-1.1861303089537755e-05,2.0069001855287876e-05,-0.00027961042279394614,-5.737874650642071e-06,-6.159535157086809e-10,1.1042693114052731e-09,-0.0030956913021946207,0.00509854134631618,-0.13816735782372858,-0.0032873586520965454,4.450460182672811e-14,4.720297096987361e-14
21.5600,-0.04539338744982637,-0.0002008983993047621,0.24532564648217603,-0.05614105112464093,-0.07915875317051387,0.006393935088536314,-0.0017066576118028704,-0.0004106610138416509,0.006260355757123051,-9.382164736612943e-05,4.4175133370046116e-05,-0.001783596088457652,-4.576445825694237e-05,-6.159532300212592e-10,1.104269646108675e-09,-0.002809340296704587,-0.009885021599942348,0.1515893462349672,0.0031000510542041827,-5.881484399982914e-14,-5.69042900365295e-14
21.5800,-0.04536686521000036,-0.0002041294852012204,0.24528013024214754,-0.056120902991805194,-0.07892550564768006,0.006384805380978192,0.001224617407796739,-7.766149496550945e-06,-0.002739987804321025,-0.000100987308664842,-8.482288625805275e-05,0.0009587187804689846,1.5341941554089118e-05,-6.159533835192484e-10,1.104269538278969e-09,-0.0003914299026738338,0.006886832354956816,-0.11411580074632521,-0.002554097700025367,5.145158658934751e-14,5.41561289086126e-14
21.6000,-0.04537093502978319,-0.00020586413396912891,0.24529823757696884,-0.05610908942941198,-0.07897687537135904,0.0063850781538613835,5.0890297494526805e-05,-0.00010728554072206525,0.00028248280173036235,-0.0001113722463199226,-3.386700487756882e-05,-5.624738534230837e-05,-9.310137101700514e-06,-6.159531689129616e-10,1.1042698033400746e-09,-0.00031416497127372483,-0.0027092869197463017,0.0562047385710258,0.0012200410884612765,5.441502961113856e-14,5.711820990142447e-14
21.6200,-0.04537324775892446,-0.00020722778238271635,0.24530491395959533,-0.05610115685492048,-0.07901303593725603,0.006385099504113484,-0.00024119225535235866,-9.465022396965737e-05,0.0006747507664213729,-0.00011802853600474009,-2.190043374657142e-05,-0.00022444509229338033,-1.4177963914615013e-05,-6.15953033555179e-10,1.1042699837534775e-09,0.0012565510319694942,-0.008612912515232577,0.17114900914154282,0.00382493589909373,-5.5472065742939725e-14,-5.3545296180897844e-14
21.6400,-0.04537466391887337,-0.00020802920697394415,0.2453030458647132,-0.05609720629502928,-0.07903881949868476,0.00638527252183121,-0.0010602329437606572,-0.00014033284038627328,0.00267164712816298,-0.00011264115577972595,3.904180393364846e-05,-0.0011672351639378153,-3.522050237425234e-05,-6.159524696012999e-10,1.1042706005476773e-09,-0.0005364560756682353,0.004197628976017346,-0.09213673514104545,-0.002202264162711369,-5.852236691127402e-14,-5.6612924255201175e-14
21.6600,-0.04536213946334045,-0.00020885352487493746,0.2452644348970252,-0.05609526950335772,-0.07893514804590297,0.006381518405861018,0.0011341433640553234,0.0001585916280530362,-0.003964685396523209,-8.035119232765364e-05,-4.617743914324262e-05,0.0008627913510595618,1.1672016414304057e-05,-6.159527188739619e-10,1.1042703961333245e-09,0.001978069026077784,0.0023542466227344508,-0.013695803429505552,-0.0001493337702081906,-5.942550732095445e-14,-5.748467023572457e-14
21.6800,-0.04537932110437696,-0.00020820677765276212,0.24529113124597207,-0.0561014444613647,-0.07910663932070554,0.006386811612554912,-0.0014449523444245358,-0.00012194406688903101,0.0033873613660242545,-7.215129782633318e-05,6.413507270989868e-05,-0.0011918159949038068,-3.437043681072498e-05,-6.15952315987274e-10,1.1042708463360382e-09,0.0014523652154556975,-0.00718033938172193,0.13261821600321574,0.002936272638467184,-5.869879370979172e-14,-5.677663200698291e-14
21.7000,-0.04534888155574152,-0.00020856812860793394,0.24520722274924517,-0.056103081822839136,-0.07882917091722039,0.006378411852223284,0.0016428957254514612,0.00028186880315978185,-0.005630989119624945,-2.1206020870722105e-05,-3.962113537798849e-05,0.0013794068466030963,2.691960715600854e-05,-6.159525140329148e-10,1.1042706941277817e-09,0.0018237194334341116,0.008200565616618218,-0.12685172781655038,-0.0026190363640722298,4.684081356294556e-14,4.955755993291469e-14
21.7200,-0.04535215018455441,-0.00020739815891806466,0.2452021355850263,-0.05611082878929861,-0.07885954655202361,0.006380214796603497,-0.0003483062126401485,5.8426535810709175e-05,0.00021888115135891047,-3.0119523337867156e-06,6.732801872503966e-05,-0.0007298184441308521,-1.8905359143522054e-05,-6.159522718528934e-10,1.1042709857877953e-09,0.0008292722558555605,-0.002238970078446107,0.026587730609464382,0.0006122939237662897,-6.553012798192481e-14,-6.35971987962905e-14
21.7400,-0.04537885636460861,-0.00020551670425339146,0.24524973251424156,-0.05612408188075875,-0.0791131309450405,0.00638869561421459,-0.0017403441345862746,-0.00011755777687491118,0.004253302147241624,-1.2706610282218282e-05,8.226974276865283e-05,-0.001350134300314012,-3.33822745979801e-05,-6.159519260521807e-10,1.1042713816273384e-09,-0.0016884490883645432,0.0030422860338459833,-0.07875132556199324,-0.001883215918322277,4.522230300733204e-14,4.7901603744768956e-14
21.7600,-0.04540766725599881,-0.00020420281010685417,0.2453042105216348,-0.056139796119351465,-0.07940138513966956,0.006397105515278706,8.333550541458987e-05,6.415724790766124e-05,-0.0009000985315656598,-9.77810683410692e-06,-3.391709361837817e-05,0.0009719448756088313,1.7703078720025917e-05,-6.159524090566253e-10,1.104270942240605e-09,0.0038141296093352137,-0.014346302487342815,0.3328432190893328,0.007703225807327259,-6.106986932211816e-14,-5.91273313947302e-14
21.7800,-0.045341485876903204,-0.0002049347217058982,0.24514677733615844,-0.056141286105080186,-0.07878472519966959,0.006378611039707459,0.002453773315645835,0.00038090200538467656,-0.007317742223115398,7.990157650165027e-05,-2.988664905875883e-05,0.0022043804881699876,5.307144610471666e-05,-6.159526274244364e-10,1.104270770782888e-09,0.004154386066580602,0.006748676469011031,-0.09870770699920246,-0.0018850140447691933,-7.161425044557163e-14,-6.965165477799268e-14
21.8000,-0.04530215896660887,-0.00020406932578767616,0.24505835306156415,-0.05614402976679843,-0.0783986675979074,0.0063686555461684915,0.0012399009249224888,0.00024308209790660845,-0.003404856776243182,0.00011211502074818035,7.490570128195845e-05,-0.00011193955293771539,4.959645074661827e-06,-6.159525638411359e-10,1.1042708843490674e-09,-0.0007951225856488364,0.004152941954995104,-0.13260697952739645,-0.0029287087505764898,3.426820188289631e-14,3.6990477683945117e-14
21.8200,-0.04534213722529489,-0.0002012481239908931,0.24515243916593552,-0.05615545199087918,-0.07875606803646643,0.006381472375957202,-0.0027824422744292506,-0.00026960184485488105,0.008162480039659267,3.9527846178946305e-05,0.00014700739484621085,-0.003099812660798871,-6.556669175533178e-05,-6.159521001578041e-10,1.104271400465873e-09,-0.005244835708932716,-0.0016638325309283088,-0.06041506370688938,-0.001720860083345867,3.7071359166012535e-14,3.97466957892563e-14
21.8400,-0.045437674223269206,-0.00019851874676782432,0.24537002380238657,-0.056175810783353056,-0.0796663374086561,0.0064089053215572855,-0.003508837331993287,-0.0004379620457666102,0.010037326683395003,-5.968573522414005e-05,2.741451489706874e-05,-0.001942249375001601,-4.764426181708588e-05,-6.159521381063913e-10,1.104271409473574e-09,-0.0012464703266175726,-0.01692582545600244,0.3340529278184966,0.007285567636725903,-6.242070391387217e-14,-6.052628423415182e-14
21.8600,-0.045401961607779186,-0.00020010694452141502,0.24528797394383925,-0.05617796864893719,-0.07935718786721205,0.006397840946836103,0.002590215336633047,0.0002902972991604199,-0.007426745276746212,8.567973346546606e-06,-0.00016741477716959187,0.0035432670835345817,7.968475887877887e-05,-6.159528312132111e-10,1.1042707588948826e-09,0.00434008342710704,0.009779616888740017,-0.08357914356116622,-0.0015029632216588087,4.4311620616289266e-14,4.703004749962575e-14
21.8800,-0.04533942609044933,-0.0002013340192826616,0.24515380030266354,-0.056175169852353934,-0.07877359251941916,0.006380132390559433,0.0021911908814633172,0.0002670829933738522,-0.005637398931594794,9.63415575548532e-05,6.918156028077869e-06,0.0013542872360423016,3.724174493413794e-05,-6.159528755951152e-10,1.1042707656232582e-09,0.0016307413703607304,0.009478517958167896,-0.18653484052527874,-0.004030099451797926,3.6628259290644866e-14,3.935023015983266e-14
21.9000,-0.04534295022609486,-0.0002003488226604741,0.24517657456980554,-0.056179938722844915,-0.07879940107258782,0.006381905224970511,-0.0007660701294280944,-0.00010191977855538443,0.003134187424467089,6.689380888031005e-05,0.00011203366363968829,-0.0016313240940841898,-3.0890634544406905e-05,-6.159526343071009e-10,1.104271055228227e-09,-0.0027324997200383833,-0.0035567586961161705,-0.003710988492989184,-0.00026203155499362183,-7.349811948290097e-14,-7.157142445975845e-14
21.9200,-0.04538857014600054,-0.00019896259957353224,0.24529370279110219,-0.05619006455851574,-0.0792328070236601,0.006395236008723383,-0.0021644889935168426,-0.00030694381701875094,0.006976016918395422,-1.2753680008738051e-05,7.459866485634192e-05,-0.002140979149851607,-4.7184966758372264e-05,-6.15952434643241e-10,1.104271301988406e-09,-0.003355723676214328,-0.00708871230443215,0.08760369523699794,0.0016892608845274493,-6.841176117353825e-14,-6.650927096389647e-14
21.9400,-0.0453636978747165,-0.00020012725328346384,0.24524625464562497,-0.05618944387125179,-0.07901323819008235,0.006387722321994731,0.002106007951053783,0.0002051312703698572,-0.00553898890021294,-3.1096166811390664e-06,-0.00012866398211538104,0.0021275724665690077,4.9653582784599855e-05,-6.159531141804644e-10,1.104270670420427e-09,0.001443022043286597,0.004590221185764319,-0.043784622496945105,-0.0007723945644895154,4.224763849305577e-14,4.49674070765807e-14
21.9600,-0.04532614810433344,-0.00020101172565351738,0.24517001681691444,-0.05618531595106505,-0.07865974237515587,0.006377274522158908,0.0011031110646355497,0.00011480057907613571,-0.0025800552033304917,2.568211477453065e-05,-3.033577438557031e-05,0.0005450073357488555,1.6918142611690018e-05,-6.159531371806818e-10,1.1042706937283408e-09,0.0005608556884509827,0.0030722995152558533,-0.0722240260696824,-0.0015672927169373665,3.866767745840799e-14,4.1386578680194935e-14
21.9800,-0.045347745609915606,-0.00020020908239403273,0.24522710410257575,-0.05618825759235742,-0.07885832631290374,0.006384019919453276,-0.0017735779269031269,-0.00023178797274641722,0.00552073727079751,-2.134441627885329e-05,6.761053514703432e-05,-0.0022470919011008846,-4.866519344990869e-05,-6.159526698815224e-10,1.1042712153711149e-09,-0.003834093849125108,0.000733939023101324,-0.07447874898488273,-0.0019778846431283983,4.026349430729867e-14,4.294137880564777e-14
22.0000,-0.045433836644435587,-0.00019871717218046235,0.24542579940653053,-0.05620232590395043,-0.07968665851434405,0.006408419017632014,-0.003657515057365824,-0.0005056285929881593,0.010587531658548536,-0.0001032701740336435,3.1761723496545e-05,-0.0023761774111552905,-5.87970450639486e-05,-6.159523807739988e-10,1.1042715511098082e-09,-0.0028604537479300788,-0.007259924259923451,0.13410417233632885,0.0026890607675988556,4.9826828318715044e-14,5.2480006560058634e-14
22.0200,-0.04547552814412355,-0.00019945956141298972,0.2455200718104152,-0.05621440518726488,-0.08012546656692085,0.006419035091362174,-0.0009006883804565961,-0.00020517506949450145,0.0025625879786142633,-9.64008093932828e-05,-8.8954861471984e-05,0.0010828665048728406,1.676876649058264e-05,-6.159526127429906e-10,1.1042713657571388e-09,0.0034454324499900327,-0.003256484708792689,0.15824132755751993,0.0036583925473450615,-5.793954048092728e-14,-5.6039137360467534e-14
22.0400,-0.04542866703815847,-0.0002021886933239213,0.24541847667404734,-0.05621749774092308,-0.0797323451105457,0.006404411856120661,0.0027530688266820223,0.0002494352655244635,-0.007470501167277835,8.662767418247086e-06,-0.00010730355624026389,0.003462011528572987,7.592435825346686e-05,-6.159530701773061e-10,1.1042709495390603e-09,0.0065740251245943295,0.001147822237242401,0.07954248432118155,0.002233713032958677,5.008044353565014e-14,5.2802305984620684e-14
22.0600,-0.04532235042620365,-0.00020490812954115028,0.24519155383306285,-0.05621172805826532,-0.0787494429929869,0.006374067275036012,0.004430531630966951,0.0005097653253259039,-0.011656256628804245,0.000122462475773539,6.846343140209874e-06,0.0024116937868060833,6.22546931555401e-05,-6.15953168387402e-10,1.1042709019063325e-09,0.0019012141875911128,0.013879958630045047,-0.2807105996266008,-0.005981729743513996,3.5997999015251886e-14,3.8734471088496675e-14
22.0800,-0.045269955367704735,-0.00020494357403188205,0.24509256939914217,-0.05621030700571787,-0.07824366071733604,0.006360430617711524,0.0019330763299388585,0.0002400966520203756,-0.00431857032279836,0.00010913728646094651,7.831050918150828e-05,-0.0004776194105444565,-5.237926747062074e-07,-6.159532664820505e-10,1.104270853063899e-09,-0.0023119110966404372,-0.00481737702853586,-0.006080265281501432,-0.0001028814724590103,3.331091235096381e-14,3.6047851986395485e-14
22.1000,-0.04523568048135958,-0.00020437934765463626,0.24502730405950482,-0.05620546991847806,-0.07789335914542865,0.0063522470999411405,0.0011982672183246542,0.00018543825483182573,-0.0028285735904957443,4.738495350680941e-05,4.8001262248459016e-06,-0.000985094118179037,-1.2409372278672707e-05,-6.159534413076994e-10,1.1042707248298605e-09,-0.0035913435076554956,-0.003544683346550781,-0.03022237529957633,-0.000751555340338575,3.080910906168993e-14,3.3543053588620114e-14
22.1200,-0.04522795318442263,-0.0002034206347260997,0.24500800599410452,-0.056197617137848925,-0.07778481372272489,0.006351602719230074,-0.00012449325115009035,5.530604377476159e-05,6.795955758916812e-06,-2.3157442132325795e-05,-5.907297101971917e-05,-0.001500186769536887,-2.6452065222333617e-05,-6.159537183371332e-10,1.1042704962685158e-09,-0.002284015104929225,-0.009007759755080256,0.09995831415444768,0.002102875625209982,-7.906793709350213e-14,-7.710614102502539e-14
22.1400,-0.04525601805897416,-0.00020221700538879627,0.24505301012059807,-0.05618874840716387,-0.07801441734730082,0.0063607295273280995,-0.0019752973707236414,-0.00015208342532136424,0.004255956518890011,-8.622286386494426e-05,-8.124002645019937e-05,-0.002148296994538904,-4.523088705416072e-05,-6.159536421662996e-10,1.104270622954653e-09,-0.0029601294247099384,-0.0012340731449153152,-0.01500249629622265,-0.0006225904218620231,3.33106074191028e-14,3.6015278487375874e-14
22.1600,-0.04530025776019947,-0.00020169368071514497,0.24511912878924763,-0.05617801416902014,-0.07840914761612373,0.00637343871656898,-0.0017403555256328453,-0.00013090805335583977,0.0026614000804915374,-0.00011276913548143329,-0.00014083857638402204,-0.0009670270751485112,-2.3063708620259262e-05,-6.15953917816489e-10,1.1042703944747593e-09,0.0004085137173215806,-0.002090204921999345,0.07792541001978907,0.0016093424016269898,-7.309407799079709e-14,-7.115819435424275e-14
22.1800,-0.04537386408933387,-0.0002013350966867554,0.2452435480335418,-0.056170280039762974,-0.07909697219760518,0.006393599761397639,-0.003210214834520918,-0.0003384633851334543,0.006511730261256251,-0.00011141343702109311,-7.470905394147044e-05,-0.001201972875188915,-3.300188692627022e-05,-6.159537417032757e-10,1.1042706222961082e-09,0.0016350198663641782,-0.0016332357213401669,0.10564092726230487,0.0021940774047963358,-6.748624554152316e-14,-6.557884931705088e-14
22.2000,-0.045400449861994714,-0.00020310460863515037,0.2452610656215335,-0.05615644701405546,-0.07936127965644804,0.006399088169425386,0.00017850701742837144,3.058806959619552e-05,-0.0030840004810104727,-2.9044522394334108e-05,-0.00014639592325870848,0.002451896139367259,4.9434376446002166e-05,-6.159543682474276e-10,1.1042700387894085e-09,0.00673051953286565,-0.0017055762945782829,0.186528794239098,0.004491805315828356,4.723109923998603e-14,4.9950894928565276e-14
22.2200,-0.04533266318587269,-0.00020660540482307912,0.24507418611157894,-0.056127284466075074,-0.07872137443499194,0.006377898382903459,0.00244382176365639,0.0003246108218661422,-0.008757586065892872,0.00011333136719858658,-2.7389221192944472e-05,0.0027861462185030487,6.518174068120677e-05,-6.159545688708878e-10,1.1042698832826572e-09,0.004923886769874818,0.017376888906796548,-0.2520878448254726,-0.005344824190967332,3.665034990990926e-14,3.938293918412383e-14
22.2400,-0.04534323848411339,-0.0002071728236301338,0.24508216280616427,-0.05610772919165594,-0.0788022573979597,0.006379839847334531,-0.001053518608711044,-0.00013015803061999,0.0022405165939738863,0.00013489273375257984,0.00018745633484413155,-0.0012334817001595857,-2.495248217149086e-05,-6.159541769088239e-10,1.1042703271486023e-09,-0.0020078478423848994,0.003992911452566985,-0.10972140566338734,-0.002634541739535076,3.777230264678799e-14,4.046907259172908e-14
22.2600,-0.045412623030296785,-0.00020679893934194216,0.24523441456679698,-0.05609703679766474,-0.07945019222704013,0.006397986845327078,-0.0033343449768191424,-0.00047840498189523844,0.009361962263853791,5.882697395609131e-05,0.00019532258916365102,-0.0022145344888039272,-5.3478458637801455e-05,-6.159538531972667e-10,1.1042707031878695e-09,-0.003327660091323336,-0.006309314382850039,0.09848325721244389,0.0018752371906417286,4.7580713783031137e-14,5.024674659638226e-14
22.2800,-0.04539476548151438,-0.00020946565757818896,0.24519634201193555,-0.05607529185086999,-0.07929381076664174,0.0063902828948230956,0.0022090802833311047,0.00014627082265404004,-0.0060570483440183995,8.106973184613199e-05,-2.888482044531541e-05,0.0029355165270890573,6.271739974237665e-05,-6.159547796731156e-10,1.1042698149610339e-09,0.004322482535607466,-0.007608351605218369,0.22844596215046403,0.005436408466713686,-6.072082398521361e-14,-5.875835706664265e-14
22.3000,-0.0453311477143875,-0.0002122181340328781,0.24506708592058304,-0.05604729130817028,-0.07868741829439055,0.006370581464621404,0.002363052756638287,0.00018695941143455786,-0.005614730942398288,0.0001319523253356987,9.545153465712974e-05,0.0013832790039253076,3.316980899088321e-05,-6.159544830032004e-10,1.1042701643890803e-09,-0.0006211996923198417,0.012517647893036271,-0.2613367568097479,-0.005800341542169365,4.252799962233336e-14,4.524771399574967e-14
22.3200,-0.045334067405528235,-0.00021247970805787512,0.2450996905305646,-0.05602962061722366,-0.07869607282514973,0.00637071369912304,-0.0006708638388634083,-0.0001863437936937242,0.0035819735125534186,7.50910628726853e-05,0.00018707718251288315,-0.0016200294758803911,-3.6832132877044304e-05,-6.15954089700839e-10,1.1042706060580325e-09,-0.005030011213891471,-2.4293939536081116e-05,-0.08893138108446426,-0.002285138394611735,4.632780975250689e-14,4.9021848863226025e-14
22.3400,-0.045366952159016295,-0.00021230499436124053,0.2452008097079099,-0.056018969181768366,-0.07899861978118017,0.006379202600524595,-0.001136237860541309,-0.00025978943517869556,0.004809661886555364,-2.9411573729043895e-05,9.348601832596877e-05,-0.0013082715013241384,-3.600707459244217e-05,-6.159539136258101e-10,1.1042708324411534e-09,-0.0037854163563014872,-0.0063902102040487305,0.07620489532078263,0.0014497354341716148,-5.688839969843901e-14,-5.4972329856586843e-14
22.3600,-0.045382410085157955,-0.00021293045776982482,0.24525899704566825,-0.05601092412886182,-0.07915317851902925,0.006382468697029287,0.0007131269799445351,-4.009267671388382e-05,-0.0007135563884089092,-7.546243260110652e-05,-4.546606453863046e-05,0.0010393966146546789,1.3206916383261793e-05,-6.159540386660199e-10,1.1042707499911086e-09,1.6071147307985728e-05,-0.00765187629084035,0.1743792098536801,0.003956530941252481,6.003499157221717e-14,6.274473128564662e-14
22.3800,-0.04536449247746786,-0.00021375464703978682,0.24523922820474398,-0.05600336160330044,-0.07899119219429593,0.006376898740272223,5.473272430080299e-05,-6.786344636984237e-05,0.0011424982523276475,-7.353223165738349e-05,1.8688912499999194e-05,0.00019443918055282977,-4.595632748678873e-06,-6.159535550180471e-10,1.1042712831412592e-09,-0.0006439219523840003,0.005338612093841945,-0.11014602578690082,-0.002519546027988246,5.698201377976955e-14,5.967969852029367e-14
22.4000,-0.045372511883044725,-0.00021335175929772755,0.245277038650227,-0.05600602532257509,-0.0790758023037718,0.006379236805646455,-9.507589069062169e-05,-5.84983907350744e-05,0.0014058447404456367,-9.635767407432178e-05,2.9889379036211636e-05,-0.0003569664693276716,-1.8571011457926807e-05,-6.159532748266022e-10,1.1042716110107993e-09,-0.000588282033640527,-0.0037455850858842807,0.05851077844123042,0.0012585865615461717,-5.143311449483379e-14,-4.950949589535569e-14
22.4200,-0.0453623552392011,-0.00021281802911115105,0.2452688397045731,-0.05601200144827126,-0.07898873017991799,0.006376922003276175,-0.00039790524245051013,-4.136500606181625e-05,0.0020072996324701797,-0.00010096341448806208,3.658012351313448e-05,-0.0005426949472264901,-2.189536803099451e-05,-6.159528811911809e-10,1.104272053310913e-09,-0.0009956292356149488,0.004256838658490148,-0.10628068457496843,-0.0024504793944954938,-5.3955266903632504e-14,-5.203846522531391e-14
22.4400,-0.04535953629724697,-0.00021163748033392512,0.24527252634639235,-0.05602533040038229,-0.0789735895119839,0.006377068064321152,0.0008258340271572318,0.0001396276246899409,-0.0018574399177735286,-0.00010327271993654279,-2.9105057391416055e-05,0.00046763363786765904,9.384518420295947e-07,-6.159527596976876e-10,1.104272223750815e-09,-0.0005014398341263463,0.0036740922870234193,-0.06875222874043106,-0.0014551933667066226,5.69713547171613e-14,5.967198713234187e-14
22.4600,-0.045364534498531395,-0.00020971526759298628,0.24528872360692325,-0.05604571719162021,-0.07903256523813362,0.006379941642834937,0.00018749429109755762,0.0001033933576147307,-0.00031766519587015556,-0.00010213935672264523,-1.167399741396416e-05,2.101501591060542e-06,-8.682909220674054e-06,-6.159524042427508e-10,1.1042726277156e-09,-0.000380219463789588,0.003847063119372867,-0.07594317437023294,-0.0016426359098721114,5.5455104755203904e-14,5.81487576188991e-14
22.4800,-0.0453662293244283,-0.00020743281683662226,0.24529270077811638,-0.05607063499739267,-0.07906039657707356,0.006382229227238783,-0.00036795363985245804,7.652826708525116e-05,0.0010169552660186476,-8.987219428975559e-05,1.2432137624765263e-05,-0.0004605439085970823,-1.7305188005941142e-05,-6.159521476086406e-10,1.104272930217913e-09,0.00034075749193762255,0.002883039539704492,-0.06530753128943612,-0.001427202456208904,-5.84860325859686e-14,-5.656774012966284e-14
22.5000,-0.0453564957590499,-0.00020513551040839305,0.24526690812369398,-0.05609773422415484,-0.07898038389334776,0.006381449123502432,0.0004355678556831307,0.00020287811172020392,-0.0015221805030331,-6.0726341246176086e-05,-2.271574200729115e-05,0.00030211781668578423,2.606010881174567e-06,-6.159521030555208e-10,1.1042730218997968e-09,0.0006671113921297544,0.006551353329334282,-0.12249596745713533,-0.0026100622312793943,4.911914245567944e-14,5.1820472826008546e-14
22.5200,-0.04536185260700603,-0.00020221265726144433,0.245273347607822,-0.05612997092103107,-0.07904228303871594,0.0063851737693032444,0.00039979882210011003,0.0002057211450504943,-0.0015354131291747774,-4.0301654360561897e-05,-3.1631738524051276e-05,0.00034526420127482533,5.354266147067533e-06,-6.159522422187381e-10,1.1042729289436703e-09,0.0028523540287154992,-0.009250519932918647,0.1909920199095998,0.00450510180805598,-6.258380857819545e-14,-6.064010513347207e-14
22.5400,-0.045330493305460184,-0.00019999371771931183,0.24519418083809646,-0.056157121423604524,-0.07875172703614518,0.006378574626918915,0.0013663326066255324,0.00034964841720849923,-0.00439024622620026,9.935658606648912e-06,-4.491475968489211e-05,0.0008980873459815999,2.2938234893195822e-05,-6.159523561761587e-10,1.1042728624121597e-09,0.003110691151988323,-0.0008642068680919994,0.023064251258066357,0.000788067111337674,-7.009170533475023e-14,-6.813733605115502e-14
22.5600,-0.04532027853729733,-0.0001968910090145476,0.24516297469202622,-0.05618542793434362,-0.07864870940427536,0.006378388245233043,-0.00028205258211361033,0.0001604827367984753,0.00033161267874480137,3.0522263763996217e-05,2.695409832920333e-05,-0.000883938239522872,-1.3873757633899247e-05,-6.159521280325979e-10,1.1042731437167412e-09,-0.0009890656510409147,0.004402150137448447,-0.12643209387305693,-0.002828173776182628,3.509219553398529e-14,3.779309899970898e-14
22.5800,-0.04536969722801441,-0.00019280938659347439,0.24526585059297715,-0.0562206470596914,-0.07911335372108454,0.006394872869140475,-0.002373213003322773,-0.0001294165321463745,0.0061887812619242834,-8.712882723055794e-06,4.406521982033039e-05,-0.002108461819083199,-4.3522428505116936e-05,-6.159518547618325e-10,1.1042734676004424e-09,-0.002986112145452674,0.002422532154122322,-0.08221090595995582,-0.002034839594148866,3.67318412556987e-14,3.939960201626222e-14
22.6000,-0.045382204970318925,-0.00019084032419414457,0.2452824564696532,-0.05624866252791151,-0.07924582811979204,0.00639970220258929,0.0005192749823980422,0.0001753212576443208,-0.0022263214174761256,1.256707855518972e-05,-0.00011235343394805647,0.0012280489716734908,3.2413146500454125e-05,-6.159526724585729e-10,1.1042726902812209e-09,0.003610904081662358,-0.006581373651292537,0.1845762309651597,0.004402045241900977,-7.326493470065365e-14,-7.132315571478642e-14
22.6200,-0.045337659087169364,-0.00019030205230920945,0.24517232853701135,-0.05626399407497254,-0.07882980442236884,0.0063882904744784535,0.0011166951924203084,0.0002515515858163074,-0.0036153449965413914,9.285569530439773e-05,-3.478987627009903e-05,0.0008341795241998358,3.0200809302176624e-05,-6.159528703791272e-10,1.1042725434072396e-09,0.0023157588402247077,0.00818798953049531,-0.14995669816855667,-0.003216980144050062,-8.2760838113205e-14,-8.081774453220364e-14
22.6400,-0.04535815176394475,-0.00018824684776420195,0.24521675335438514,-0.05628418759910192,-0.07902061408382972,0.006395497704807638,-0.0010495897171903955,-6.044714289841144e-05,0.0029356929407205615,8.795665696611524e-05,3.719634427355e-05,-0.00103437838142858,-1.238868325347706e-05,-6.159528791075679e-10,1.1042725820814762e-09,-0.0013791214050671767,-0.0020302769194488895,0.009843404555731766,0.000146478986048624,3.0180735975703435e-14,3.287554419233868e-14
22.6600,-0.04537788811148554,-0.00018725066552647366,0.24526154543748857,-0.05629965004652219,-0.07921360293670676,0.006401623619993328,-0.0003402844882709571,-3.355176727341595e-05,0.0009998018617358817,6.994168114379871e-05,-4.558963530518553e-05,0.0002622728221055241,1.5445018518626833e-05,-6.159534482731761e-10,1.1042720609834324e-09,0.0016917714797423148,-0.012228110953548378,0.25236550294858257,0.005762425862414716,-7.813716308095048e-14,-7.619637342956564e-14
22.6800,-0.04534092373019973,-0.00018828170862230544,0.24517981394628358,-0.05630106917052255,-0.07887048013670192,0.0063910663096432944,0.0017761614853040188,0.00020271031005564608,-0.004884152959768307,0.000105144934769601,-8.703151170048079e-05,0.0016356534958985448,4.958366385512054e-05,-6.159538655788416e-10,1.1042716884173665e-09,0.0016493992327839867,0.004480604882785684,-0.06274928949174237,-0.0012321596888008723,2.8272021767965227e-14,3.0995917096009185e-14
22.7000,-0.04531185587088155,-0.0001890831388688252,0.24512054093085775,-0.05629658321078657,-0.0785877466051527,0.0063829673067989905,0.0008201069475402882,7.037083088412452e-05,-0.0018805035237499663,0.00011735955811349474,-1.6372424103330517e-05,0.00012665996606404543,1.7283174844308767e-05,-6.159542011378824e-10,1.1042714038683337e-09,-0.00025581453039326396,-0.0012847980660124182,-0.0035410290770832597,-7.370861095040515e-05,2.6357090338394173e-14,2.9081002607097076e-14
22.7200,-0.04533880757506745,-0.00018895190856867602,0.24518957081757806,-0.05629370485747833,-0.07883069574199467,0.006390683408752336,-0.0017501539145995382,-0.000279899069318589,0.005467540591806264,5.708194431275487e-05,4.52509982284164e-05,-0.0020468881655818366,-3.5476789174644616e-05,-6.159540358909296e-10,1.1042716180766571e-09,-0.0036800607266716696,-0.003355199648174689,0.008024568496115375,-0.00012937692898333847,2.955301679915222e-14,3.2240676057712636e-14
22.7400,-0.04538819782845724,-0.0001895319684855435,0.24530634952341085,-0.05628995572426907,-0.0793016744179757,0.0064037863044688875,-0.0021204545642092305,-0.00038003699706664387,0.006300209498629028,-1.0140997012497434e-05,-2.241880518230597e-05,-0.0013057906496687915,-2.4660633895248074e-05,-6.159541584506137e-10,1.104271543741662e-09,-0.002724033690180249,-0.0025422715377212686,0.04803021761398379,0.0008102193043117679,3.6376568532565934e-14,3.905169509163878e-14
22.7600,-0.04536582288278877,-0.00019295336638405484,0.2452575745668904,-0.056272781200800114,-0.07910927669041908,0.006395368841397681,0.0024605369168985863,0.00014936987713181173,-0.006961521508436171,2.478735144736356e-05,-0.00020080651205488405,0.003236532198175578,7.794926348870757e-05,-6.159553430766805e-10,1.1042704020433945e-09,0.005594360699564678,-0.008381353478579653,0.25891474670033565,0.006179710922429858,-7.24108815443325e-14,-7.043591241946007e-14
22.7800,-0.04529630141259595,-0.00019684879263126884,0.24510421305486543,-0.05624378085871043,-0.07845048739878692,0.006374196564314238,0.0024505266300836356,0.00018731284513692092,-0.0066574306974638755,8.475093488596938e-05,-5.718853373494785e-05,0.0015030495632247247,4.367430823769995e-05,-6.159552607211171e-10,1.1042705325804419e-09,0.0008999545435068093,0.011336898647877033,-0.2148144169770874,-0.004740362316079417,3.05148159344959e-14,3.3246083837312757e-14
22.8000,-0.0453006568978622,-0.00019841178112330166,0.24512074098993972,-0.05622060549618465,-0.07847298648797743,0.006374673912843922,-0.0009735978642205484,-0.00023573374745192087,0.0031891046092242456,3.761836668096085e-05,7.934941400587472e-05,-0.0021122815592659818,-4.1013219129108415e-05,-6.159549424198305e-10,1.1042709055390638e-09,-0.005037753039644538,0.003888915405914479,-0.14850026118408438,-0.003701729182523162,3.2899484731559875e-14,3.559129445156184e-14
22.8200,-0.04539475029507436,-0.00019861690277441077,0.24533619578232485,-0.05620922879737186,-0.07935895116434236,0.006400062062609806,-0.0044634236217418275,-0.0006963926178584784,0.012776993933237427,-8.186672295212397e-05,8.241192142250357e-05,-0.003515475492910083,-8.28079218503777e-05,-6.159546593872205e-10,1.1042712360744941e-09,-0.004000660994095196,-0.014539303291125827,0.24484331055540004,0.004991306476506333,-6.52186773553512e-14,-6.333207070753633e-14
22.8400,-0.04539262267770268,-0.00020252724219398766,0.2453256317298086,-0.056184795094774705,-0.0793632149618739,0.006396564146866185,0.0011376138177516782,-4.7874418844406094e-05,-0.0037193983951012977,-6.82534180963008e-05,-0.00016304211720487267,0.002383265345337537,4.814481198971313e-05,-6.159554443036907e-10,1.104270492663322e-09,0.0037386163342409623,-0.0016159147134501652,0.13872342870476445,0.0033070661391021,4.99536325390508e-14,5.2668678066861846e-14
22.8600,-0.04531114578753596,-0.00020741019049554102,0.24513673704944777,-0.05614826167238667,-0.07860045027010232,0.006371243559534858,0.0027814266217228976,0.00023192154372534971,-0.008097618639749773,3.453034759673541e-05,-5.546726425204767e-05,0.002254838019630309,5.202077014584171e-05,-6.159555368573071e-10,1.1042704479453697e-09,0.0023258542364983465,0.01802280939122932,-0.31066951501424983,-0.0068070682297810305,4.0004397093128946e-14,4.273129430593797e-14
22.8800,-0.04527922493812869,-0.00020982395399991052,0.2450650409380214,-0.0561173508825622,-0.07828188767836929,0.006361103937540539,0.0010346161215494293,5.0042856243713735e-05,-0.002916104652772244,4.5939836182189715e-05,6.212914758721254e-05,-0.0003355532767151595,-5.884266160743595e-06,-6.159556184475662e-10,1.1042704147425386e-09,-0.0004385176402040228,-0.0038816492288468955,0.034123410350988335,0.0007202314745750078,-6.970669159077347e-14,-6.774351316452681e-14
22.9000,-0.04527674844887649,-0.00021115460573770917,0.24505654226946863,-0.056088643908836534,-0.07823237371573492,0.006359636029205756,-0.0003964226849515278,-9.631950156195447e-05,0.0008647575328189329,-2.6489814072013088e-06,6.0982590074824906e-05,-0.0013312893309293996,-3.0919028969771785e-05,-6.15955464555612e-10,1.1042706184505873e-09,-0.0027092740756295116,-0.0029547546414532048,0.0036545475141347202,-0.00011415597995464375,-6.84321712794353e-14,-6.648479509985261e-14
22.9200,-0.04529310799736694,-0.00021212105898448617,0.2450831696762264,-0.05606168720297789,-0.07836207883845651,0.006363386638622088,-0.001035333443075053,-0.00015600392790812435,0.0021927689095148353,-5.53855964682879e-05,1.8307344588059505e-05,-0.001256445397204641,-3.3155364004104016e-05,-6.159553578834539e-10,1.1042707739896214e-09,-0.002738201315670153,4.000912587193387e-05,-0.02567857947319786,-0.0007982860289819687,4.5719416479680225e-14,4.842362676202999e-14
22.9400,-0.04533906615781457,-0.00021254363726242598,0.24516999209296822,-0.05604039885287509,-0.0787792350544914,0.006375325023772185,-0.002578755626939052,-0.0003344036229738482,0.006223286282387874,-0.00010007762235875196,3.688636351476081e-05,-0.0017952595741723258,-4.991862291063564e-05,-6.159549517464699e-10,1.1042712302051042e-09,-0.0030155954304675932,0.005329407616745131,-0.10695360077836708,-0.0027231383373618146,5.009066891738939e-14,5.27663917876571e-14
22.9600,-0.04539681054633155,-0.00021321031611208204,0.24527998993370143,-0.0560256526772744,-0.07932855152507126,0.006389899137703365,-0.001810688334270347,-0.00026320469816885434,0.003853369569075115,-0.00011311098205560557,-2.8599753771727366e-05,0.00010948697238914891,-1.2072127351495132e-05,-6.159551167958269e-10,1.1042711121368837e-09,0.0028865024819879344,-0.010269635399041443,0.27708464958675133,0.0062071300931213986,-5.1298917370934394e-14,-4.937402483390363e-14
22.9800,-0.04534908055968754,-0.00021619360857601052,0.24515175432827715,-0.055999772024822,-0.07888512277643422,0.0063743922763062994,0.0022822775323070137,0.00026944520887937717,-0.007646447508563835,-1.2061506511722666e-05,-4.3661786624754484e-05,0.002586148435925134,4.9073913207527145e-05,-6.159551909643831e-10,1.1042710839781812e-09,0.0036286669519191776,0.016230317125409125,-0.2318424542141565,-0.004938257283764278,5.215262493781306e-14,5.487163457981725e-14
23.0000,-0.04534540306099888,-0.00021669215789968594,0.245133784654917,-0.05598449560610956,-0.07884189134839388,0.006372557802201273,-0.00016186903785274845,-6.1239968223927385e-06,8.851211771741374e-06,2.3642211113319685e-05,0.00013978727318220935,-0.0004632600145653643,-1.787215720909578e-05,-6.159547080289682e-10,1.1042716172418406e-09,-0.00031994375701402796,0.005405247292722317,-0.11517081703364299,-0.002637154335562038,5.2093752759847095e-14,5.4792406506062874e-14
23.0200,-0.04538392553109897,-0.0002157674282660576,0.24521864023115036,-0.05598031329673861,-0.07920056738805291,0.006382911182044469,-0.0019155074583707757,-0.00023201010021540566,0.005403752587412475,-9.115034184546083e-06,0.00016761327483917014,-0.0014709384986091277,-4.322075799765055e-05,-6.159542365698742e-10,1.1042721359089198e-09,-0.0026586382397207004,9.46311453176279e-05,-0.027200356060700037,-0.0008050928852053401,5.6172650081745545e-14,5.884940294407712e-14
23.0400,-0.0453842792351071,-0.00021596391147305283,0.24522089061103622,-0.05597664940421657,-0.07921334481962337,0.006382054455704628,0.00139107091152799,0.00015301120587401113,-0.0038526433018561445,-5.347221159869225e-06,4.757333817816693e-06,0.0018892002836092623,3.178010128128198e-05,-6.159547138813764e-10,1.104271700915251e-09,0.003677599698926998,-0.011674812625389691,0.28062534982923615,0.0065636750350810905,-5.0637276218911537e-14,-4.8681145106786033e-14
23.0600,-0.04534063438589748,-0.00021625272784535658,0.24512981583403415,-0.05597122375289394,-0.07880055660603456,0.006369576324512842,0.0017269494195702828,0.00023220066027503924,-0.004309281677857541,4.0633214276637675e-05,6.633555541339208e-05,0.001316286664336718,2.396863615577614e-05,-6.159543223727124e-10,1.104272144188233e-09,0.0007701860914496659,0.0062520572797347615,-0.12473063396186965,-0.0026269284828416995,5.2826646323392984e-14,5.554606931747544e-14
23.0800,-0.04532440496600379,-0.0002147912282592868,0.24510746867883745,-0.05597323308552262,-0.07863276295405867,0.006365897212319716,-0.0002467738808185387,2.392505047994337e-05,0.0016681174232366397,2.839618240788603e-05,0.00015453158447163444,-0.0010605130778263997,-2.7867095391265358e-05,-6.159537930659707e-10,1.1042727220235589e-09,-0.0034712719411653225,0.007622293815283465,-0.22091759758796511,-0.00507834406696793,4.985059267508321e-14,5.2544611457011614e-14
23.1000,-0.04535899156644734,-0.00021193964914091321,0.24520106442593378,-0.0559869456366254,-0.07894972990419187,0.006376857836779744,-0.0017286678086858398,-0.0001617728218689353,0.0058275189462605416,-4.192069344104261e-05,0.00011120282936996993,-0.0016609172579917864,-4.483283535483598e-05,-6.15953510853539e-10,1.1042730526545284e-09,-0.0036161327722638277,-0.00457579108043044,0.03138120432070132,0.0005190666643737159,5.5209444871709423e-14,5.789389556946564e-14
23.1200,-0.04538266559152997,-0.00020970534942689342,0.24526607680328763,-0.056004595933222316,-0.0791789839093173,0.006384450099428718,-0.0007010440077720238,-3.972822560291821e-05,0.0026524285990889586,-7.894939550517065e-05,-3.819858552899605e-06,7.779156541504566e-05,-7.692760229602767e-06,-6.159535906779374e-10,1.1042730180934223e-09,0.0011756328560935127,-0.012190557588150078,0.24432361814334194,0.005535654528959854,-5.183994103126824e-14,-4.991176200640213e-14
23.1400,-0.045361233133224425,-0.00020844535671600626,0.24522616206651254,-0.056019618848995284,-0.07898504593480218,0.006379399676283504,0.0008237138230006815,0.0001686157354837414,-0.001838306972367245,-4.988649800708725e-05,-1.978673308015117e-05,0.0008939168363259866,1.3964031216376818e-05,-6.159532976446055e-10,1.104273361819894e-09,0.0005964285051590127,0.008367567351185726,-0.15226649572981105,-0.003291490338232043,5.298052171672299e-14,5.568110669805851e-14
23.1600,-0.04537235373925759,-0.00020557206294346257,0.2452625051603474,-0.05604648204518409,-0.07909671492896038,0.006384370278515225,-0.0002894814405816487,5.480886457712897e-05,0.001471843847691295,-4.945439702973529e-05,3.3457587883483974e-05,-0.00036382514857503977,-1.3606961784706324e-05,-6.159529558371921e-10,1.1042737501812066e-09,-0.0009248952497211389,0.0026167281167828213,-0.06815849823486646,-0.0015215162952252875,5.267690445084558e-14,5.536617984826936e-14
23.1800,-0.045362176318172576,-0.00020322810700637431,0.24524836445038717,-0.056072929782983935,-0.07900985654809657,0.00638329896118322,0.00048133465423562784,0.00016753031083051824,-0.0008495389176861101,-3.791132502512727e-05,-8.344886450804864e-06,0.00036673741397974524,4.997759948240044e-06,-6.159529089715302e-10,1.104273844160183e-09,-0.0001635813736913026,0.0063003280162745945,-0.12709927037190163,-0.002746295213008957,4.960864618402949e-14,5.230860774911583e-14
23.2000,-0.045364385609396034,-0.000200409288888256,0.2452614809123013,-0.056104527544782665,-0.07904138845934995,0.006385972295173371,0.0009440556964886073,0.00022395854122148878,-0.0022532924565579547,-3.1262923039534936e-05,-4.738908735354988e-05,0.0008145173875840333,1.623336492581392e-05,-6.15953131729635e-10,1.1042736668298578e-09,0.0025620401850909497,-0.011010790387341398,0.224235848102862,0.005273728224242467,-6.07687660500282e-14,-5.881895719182101e-14
23.2200,-0.04535205945203859,-0.0001977148405203746,0.2452396013741095,-0.05613551559578689,-0.07893191312584145,0.006384814243131363,0.0004166073243219859,0.0001834071056578673,-0.0008158155776933323,-1.4803966131098597e-05,-1.3362709276408597e-05,9.949673430772556e-05,3.414036931009102e-06,-6.159527645054532e-10,1.1042740843438696e-09,-0.00020299458115139682,0.005331012355389183,-0.11885003795590202,-0.0025714386136311235,4.3804329196046876e-14,4.650658113822259e-14
23.2400,-0.04536518616771908,-0.00019446361731309265,0.24527419017239876,-0.05617122071838757,-0.07906415462446537,0.00639092776380634,-0.00025033544745653956,9.499686072333029e-05,0.0009699234802315722,-1.9207476601801547e-05,-3.204167439828015e-05,-7.307502602427784e-05,1.6942329904816605e-07,-6.159529602640777e-10,1.1042739374496334e-09,0.0019353764745792916,-0.012375709665617487,0.23334410312170392,0.005385532612454675,-6.653147000337811e-14,-6.459035509134153e-14
23.2600,-0.04535348164649975,-0.0001919942417287597,0.2452492321016968,-0.05620245111939837,-0.07896091216325594,0.006389896826864897,-0.000126303192211667,0.00012061657538366411,0.0004655367974097088,-2.190951375624135e-06,-2.414475314559547e-05,-0.00021321125112892277,1.8434742821391284e-08,-6.159527425154204e-10,1.104274202802985e-09,-0.00041749435022601645,0.007275939520597744,-0.15636802310171297,-0.0034675682801436638,3.794279343841134e-14,4.0635836438384504e-14
23.2800,-0.04537946587618886,-0.00018899445787887208,0.24530897207703486,-0.05623867278614493,-0.0792186027089489,0.006399365316407429,-0.00036692505100345644,5.8888118156223496e-05,0.0010483508961614551,-9.929800983425392e-06,-5.033626261631483e-05,-0.0001394922901266539,1.153097359985324e-06,-6.159529605851371e-10,1.1042740315170533e-09,0.0010061856428517358,-0.007515331045157352,0.15191259238212373,0.003513022164138948,-7.147769518194708e-14,-6.954960424850748e-14
23.3000,-0.045349510227306475,-0.00018778098842442536,0.2452394004334788,-0.056263897651171055,-0.07894762328215774,0.006392549069796211,0.0010927407453458255,0.00024038552583060345,-0.0032012435867336464,3.484643249174e-05,-8.163007976631568e-05,0.00097157213107364,3.060669528397079e-05,-6.159532228088853e-10,1.1042738166326476e-09,0.0014535179767435858,0.007347864830807474,-0.1291792968925345,-0.002727283026842052,3.311223230285584e-14,3.582145024398978e-14
23.3200,-0.045357019848918365,-0.00018570240231061737,0.24525659975765243,-0.05629105915391821,-0.07902395973484676,0.006396533487956407,-0.0006518072047515109,7.736494990286996e-06,0.0018885173328722568,4.114282310051099e-05,-1.509617208965332e-06,-0.0008488782302261208,-9.329632945803762e-06,-6.159532209522975e-10,1.1042738705577398e-09,-0.0006086631447712121,0.0006701492131378716,-0.03816322024004194,-0.0008935893601117512,3.179969715284489e-14,3.4492543641174295e-14
23.3400,-0.04537413708651992,-0.00018425605352325735,0.245295146743345,-0.05631592883586044,-0.07919880785288075,0.006402541301783558,0.00021398497208035029,6.323236661434523e-05,-0.0006672805636025069,3.469612446756299e-05,-8.500033919742229e-05,0.00045825728110003854,1.9246655867740548e-05,-6.159538215719628e-10,1.104273312562019e-09,0.0026536309216335474,-0.0148149033031582,0.3090768162754095,0.007123359623903039,-7.672352607835525e-14,-7.477764067675974e-14
23.3600,-0.045331551990587506,-0.0001846702700946769,0.24519734147905572,-0.056326017345968205,-0.07880376890195374,0.0063912295481231875,0.0013399268889864153,0.00020120064426168592,-0.003845521526344476,8.224170375297053e-05,-8.410433898104247e-05,0.0010522992181164006,3.727746429908857e-05,-6.159541141099497e-10,1.1042730683211263e-09,0.0016146835570005314,0.0049550367145052045,-0.08727221001522747,-0.001808773997730555,2.687866273412727e-14,2.959862782929597e-14
23.3800,-0.04535120231785938,-0.00018367268510087275,0.24524354685288877,-0.056339117841518425,-0.07898766870972165,0.006397801348250204,-0.0016803958297367204,-0.00019563471587353095,0.0049274049398900215,5.886399047241198e-05,4.5455988854124524e-05,-0.002018793323027025,-3.31728679939467e-05,-6.159539103276025e-10,1.1042733264623217e-09,-0.0026796885365493726,0.00082708687883425,-0.06721391492622489,-0.0017628368017718718,-8.478057123527394e-14,-8.287238896422661e-14
23.4000,-0.045354627398702704,-0.00018435016636786402,0.24525090898812082,-0.0563440869835283,-0.07903013856523029,0.006398577107496475,0.0013100351063682326,0.00010920751695475198,-0.0038659564420335407,5.178070975918207e-05,-0.00013755127409643088,0.0013384415376002912,4.103023755983468e-05,-6.159548912240578e-10,1.1042723860557893e-09,0.0021017887976591816,-0.008527528738309056,0.20509195396532298,0.004799815579791198,-8.091974085158021e-14,-7.896478880931729e-14
23.4200,-0.04536695844829883,-0.00018512325788413428,0.24527870083518313,-0.05634462989387636,-0.079152485927046,0.006401838758119193,-0.001367063908587558,-0.00022997101444961415,0.003958452012558506,4.4215774138612436e-05,5.262387890761143e-06,-0.001175307647119688,-1.6170028990075815e-05,-6.159546409099721e-10,1.1042726907198686e-09,-0.0005441645763536932,-0.0008202452137983034,0.0015212631875295148,-0.00015222547086546104,-8.209028617457703e-14,-8.017657447245002e-14
23.4400,-0.04534654872818117,-0.00018760406645970914,0.24523254169661698,-0.05633486262602255,-0.07897179057081342,0.006394849118973768,0.002095995385819539,0.00015285875401276704,-0.006034275602386981,6.529096427570339e-05,-0.00013815277378879901,0.0019486540696145027,5.432449132069487e-05,-6.159554855613948e-10,1.1042718875117083e-09,0.0014995129601872168,0.001234831011321865,0.02405832633860604,0.0007281444707108227,3.036577201709703e-14,3.3092337192990734e-14
23.4600,-0.0453415689901488,-0.00018967920224510152,0.24522339902987603,-0.05632165176030093,-0.07892714608214009,0.006392462608420328,-0.00011136723369120829,-0.00012474148439920368,0.0004877320643554346,6.514291992817774e-05,-7.63616981154524e-06,-0.0003751309336915022,1.8105383258298893e-06,-6.159553594798494e-10,1.1042720646631668e-09,-0.0014896783861279223,0.005403453150483557,-0.11705119466306872,-0.002765372258929993,2.9112928972944985e-14,3.1810756015004243e-14
23.4800,-0.045371344138291615,-0.00019151460674973362,0.24529420036929214,-0.05630930751099123,-0.0792159294477277,0.006399473432538739,-0.0009555472770116019,-0.000269870838983194,0.0029019876101973466,2.515432781185466e-05,-1.1674177773239862e-05,-0.0006813861028922263,-9.503061528107443e-06,-6.159556097510787e-10,1.1042718619755281e-09,-0.0007371307522736578,-0.008166216949443377,0.16046508856808472,0.0034716002488875716,-7.598788135179668e-14,-7.406334118047198e-14
23.5000,-0.04533764330553194,-0.00019552148078445138,0.2452192287744188,-0.05628344278446636,-0.07890908360835082,0.00638773341890365,0.0019242633858095454,7.693009226941734e-05,-0.005428821063011189,4.577737260480129e-05,-0.00010460884245901666,0.0017897933654890596,4.689573129506778e-05,-6.159562252032804e-10,1.1042712915558133e-09,0.0020607248816378837,0.0012139891985361003,0.019810048093212837,0.0005838164147279421,3.5062820431374514e-14,3.7790178430106847e-14
23.5200,-0.04534513106464357,-0.00019812084138053787,0.24524019188252408,-0.056260091700537106,-0.07898016317948554,0.0063882364226799295,-0.0012112764995868856,-0.00030326130769137713,0.0037415712323024515,2.4897768579140956e-05,6.48312056374258e-05,-0.001527119473095477,-2.994678668563926e-05,-6.159557401175065e-10,1.1042718318332244e-09,-0.0033608469670689148,0.005947743388512375,-0.15035748709899122,-0.0036997081239521154,3.5554621313077517e-14,3.8234382836437736e-14
23.5400,-0.045352719989604766,-0.0002013274958429226,0.24526036075764182,-0.056234845400690806,-0.07906159380786792,0.006388083903453159,0.0010153261179290797,-5.9911724636672596e-05,-0.002817493438409465,2.029916680851554e-06,-6.656308969544201e-05,0.0008791353337632232,2.0640782506121053e-05,-6.159564204169985e-10,1.1042711927247882e-09,0.0010318197987742627,-0.008587347155941885,0.20128159996264164,0.004571586729155824,-6.913703821682243e-14,-6.718929611900654e-14
23.5600,-0.04534198084450675,-0.00020471620876347975,0.24523775493902272,-0.05620513592972313,-0.07896370356111404,0.006382979216141467,-0.0006708107893142001,-0.00023813162990925213,0.002068481370321309,-8.570584211756442e-07,4.132495819768345e-05,-0.0007594071840452937,-1.650910471976435e-05,-6.159560648618339e-10,1.1042715993752367e-09,-0.0012697061489974754,0.005585648138807296,-0.12194981261772528,-0.002955683905662953,-7.099944005113656e-14,-6.908094430692346e-14
23.5800,-0.045339996856067516,-0.00020786660924117483,0.24523479630798323,-0.056176243587786154,-0.07894938346951821,0.006380266996545327,0.0002582370227574279,-0.00012422291617012054,-0.0006932731264347061,-1.2170929764218997e-05,-1.3429767028481113e-06,6.142308419440873e-05,-4.5497737071805503e-07,-6.15956306925561e-10,1.1042714036625146e-09,-0.0006855447935136962,0.00012025537258494587,0.0036577513280228358,-5.488230595212696e-06,4.4545808285546135e-14,4.725081816699811e-14
23.6000,-0.045377156749809494,-0.00020996722653489385,0.2453200853467764,-0.056154790265453926,-0.07930932713084356,0.00638876571996227,-0.0015896834722585525,-0.00035525505019412946,0.004588082421065104,-5.314282198642752e-05,4.2295515330475396e-05,-0.0009614507211977412,-2.8204995547255666e-05,-6.159560467906027e-10,1.1042717128144764e-09,-0.0007438631523665765,-0.008387004838206426,0.16909227303246654,0.0036150978799939174,5.1424257918337296e-14,5.411286246566685e-14
23.6200,-0.04532365279384264,-0.00021434138791076005,0.2451970983361576,-0.05612152007644937,-0.07881716614405172,0.0063711242653495485,0.0032250919264267394,0.0002630001041253366,-0.009352700880691785,-5.924565663133619e-06,-0.0001011743785524339,0.0028729244653161253,6.0538613547384396e-05,-6.159565764836727e-10,1.104271226745399e-09,0.00254265141269561,0.00808207699567114,-0.09313305781177876,-0.0018170988617536527,4.7583715667796206e-14,5.031782282505226e-14
23.6400,-0.04528812755252275,-0.00021692357999241333,0.24511729708776805,-0.05609146636287424,-0.07847316505679691,0.006359815037785592,0.0011710788482236366,6.506385294259948e-05,-0.0032761055151666386,1.71628712774828e-05,4.3280263208570545e-05,0.00026287251579754615,3.69327886262305e-06,-6.159563295376613e-10,1.104271523562515e-09,-0.0004599333236350189,0.003273758885572379,-0.08546484615367765,-0.001922157370634764,4.5294239821476456e-14,4.801762015348848e-14
23.6600,-0.04531456053968888,-0.00021741365501012956,0.24517693272713265,-0.05607161843468753,-0.07870826836940911,0.006366605704630181,-0.0017571571458459244,-0.0002684823980690571,0.0049376766077861385,-4.141852000699282e-05,0.00011553374772500608,-0.002147702393147155,-5.446074008239184e-05,-6.159557419957169e-10,1.1042721628096948e-09,-0.0043890560457308814,0.0010668036344688844,-0.07870371059460628,-0.0020878020943554104,4.849206702416814e-14,5.1176592260823717e-14
23.6800,-0.04538123061360595,-0.00021733109363358116,0.24532258333915175,-0.05606190239805291,-0.07934083603204305,0.006384361527023553,-0.0028481089169678257,-0.00041214244974680317,0.007715465869521003,-0.00011867174411095493,5.5765274057773815e-05,-0.001679211274660739,-5.099025082224347e-05,-6.159554001114136e-10,1.1042725554183493e-09,-0.002352494782055251,-0.004339554422857659,0.08886662778176495,0.00172872096521467,5.782840975824752e-14,6.049676005374233e-14
23.7000,-0.04538432342356489,-0.00021921879520712774,0.24532021598971232,-0.056049092269140954,-0.07939278859912677,0.006383392533393737,0.0011452366714806007,7.700344629966408e-05,-0.003880285945076269,-8.820804949660052e-05,-9.388340566655465e-05,0.0023081333018589736,3.837389481258766e-05,-6.159559200213546e-10,1.1042720750364543e-09,0.005429365931676628,-0.008757413520603996,0.2707215461699469,0.006362753465639783,-5.022764430935578e-14,-4.827839788102556e-14
23.7200,-0.04530385343429543,-0.00022185376299664237,0.24513157277051606,-0.05602780114650642,-0.07863855403479185,0.006359647004735179,0.0029820550835879195,0.00037324166332824033,-0.008768547047169012,2.0364339467571305e-05,-8.960947350252728e-06,0.0024003535911156196,4.852375280338759e-05,-6.159558154999892e-10,1.1042722273650504e-09,0.00364743181515547,0.01186495523579986,-0.1952959209386633,-0.004079585391669052,4.9959649861108096e-14,5.2694055173961585e-14
23.7400,-0.04529707476090852,-0.00022115997336292633,0.24511695846430107,-0.05601996341502169,-0.07855870719862888,0.006358176392548561,-0.0001454860733797319,2.628329772656059e-05,0.0005023024991783819,2.056898734234946e-05,0.0001431484059840007,-0.001175856061443054,-3.1078796018044316e-05,-6.159552908321692e-10,1.1042728032487785e-09,-0.0019875220314551647,-0.0006855300844559154,-0.04603847369989774,-0.0011208922814810677,4.931878473321549e-14,5.2029357927065034e-14
23.7600,-0.04535054089620136,-0.00021887261938557357,0.2452380571060006,-0.056024542761831185,-0.07905313604617198,0.006373907706867749,-0.002854731811690294,-0.0003024338839783366,0.008108708073092896,-6.361524010333079e-05,0.00015119246549832673,-0.0027278137072516634,-7.09202928451393e-05,-6.159545547102106e-10,1.1042735934229456e-09,-0.004882519808687593,-0.00013970460985341054,-0.05617199203863842,-0.0016021265573962524,5.3852152500765554e-14,5.6515088561661514e-14
23.7800,-0.045364264443964276,-0.00021820953408178457,0.24526479193543835,-0.05602856625443484,-0.07919302233876171,0.006377574522888596,0.0007865671040457137,0.00012699998763944894,-0.0025880615788325097,-6.804359419858298e-05,-6.729836007420037e-05,0.0015920821408222999,2.483009903572737e-05,-6.159552284791058e-10,1.104272958438971e-09,0.0037981012597517257,-0.012796800260785652,0.31126051988276937,0.007237966614947209,-5.212804742981553e-14,-5.017648351934162e-14
23.8000,-0.04532033569114637,-0.00021817667265828613,0.24516154101147505,-0.056027858058575304,-0.07877989536026239,0.006365523897606687,0.0015143806015278077,0.0002639165847242039,-0.004452718964039681,-2.262976579558931e-06,-9.16790968655799e-06,0.001516971588012546,2.874213521280348e-05,-6.159550411429024e-10,1.1042731940610801e-09,0.0032174478371133513,0.0028465730498098635,-0.03140284571519161,-0.00046839369969047884,5.1297745077335394e-14,5.402344289149111e-14
23.8200,-0.04529518060663894,-0.00021681282143226375,0.24510474406435792,-0.056031521740131825,-0.07852984457561248,0.006359587234204861,0.0005152283899975092,0.00016510923000450772,-0.0014181652248413648,2.0431253951442325e-05,7.986635700290507e-05,-0.0003614547768178171,-1.0356066715121848e-05,-6.159546303010504e-10,1.1042736554875971e-09,-0.001347739730523526,0.009423161142809191,-0.22148677711336393,-0.004961221008637713,4.551554581367148e-14,4.8226112231257445e-14
23.8400,-0.045313253467281364,-0.00021378632790102764,0.24514616039405143,-0.05604371573223046,-0.07868145429951266,0.006366460243656705,-0.0015848570545416423,-7.05121349326817e-05,0.004533795716511163,-1.5175603879723505e-05,0.00010431490192874543,-0.001867718585921476,-4.526158325829926e-05,-6.159543696562664e-10,1.1042739656130367e-09,-0.0030843876087874385,-0.00011083265428924801,-0.05972481290520601,-0.0015181960501052631,4.7041370636064644e-14,4.9730707019860626e-14
23.8600,-0.04537786176687788,-0.00021028355280226741,0.24529002379052137,-0.05606572066223699,-0.07928934947895773,0.006386050679794032,-0.002680258628883706,-0.000234030772807124,0.007450617018463554,-7.832009327630393e-05,5.034176609085335e-05,-0.0017240886276081713,-4.659487705320612e-05,-6.159541504302281e-10,1.1042742329401452e-09,-0.0011864213507322991,-0.01010923139426726,0.18555772753663044,0.004010218914640615,-5.763780701632457e-14,-5.573312807354708e-14
23.8800,-0.045360343277442,-0.00020938895994704123,0.2452444688277665,-0.05607906942940762,-0.07913650453347656,0.006381629149564169,0.0014503508572424634,0.00026746692947264593,-0.004491072598611504,-2.871812103403282e-05,-0.00010052207022801284,0.0022219059147065147,4.525847868036921e-05,-6.159545844382211e-10,1.1042738449355006e-09,0.003568439194152434,0.0037529430144283326,-0.004540274582567672,0.00020222372509426256,5.026266403952706e-14,5.297975599893867e-14
23.9000,-0.04533947197986345,-0.00020795706032104424,0.2451959846120314,-0.05609316100752504,-0.07894167908720792,0.006376899902693645,0.0006484104908249827,0.00017798345381571205,-0.001827447482930278,2.139502230938811e-05,2.3488396977499595e-05,0.0004834676421569577,1.036190221937816e-05,-6.159542464891107e-10,1.1042742305489578e-09,0.0005205171308866017,0.010561589960758823,-0.20293131021583605,-0.004458273961936085,4.4340372302650866e-14,4.704258358724511e-14
23.9200,-0.045335666407523796,-0.00020558297317802994,0.24519099635559324,-0.056112506865745995,-0.07890280012308581,0.006377431992937674,8.139670446983586e-05,0.00012389593609898018,5.40800249093087e-05,3.257874110391753e-05,3.769553078827215e-05,-9.644507198957591e-05,-1.2612497656369043e-06,-6.159544678018928e-10,1.1042740556299863e-09,0.0012239592529482478,-0.00979849760556381,0.1688044357131071,0.0038809750890406733,-6.587037772870508e-14,-6.392430259172938e-14
23.9400,-0.0453594831530503,-0.00020267827878216654,0.24525020467557665,-0.05613557578626182,-0.07912545883547648,0.00638585556828594,-0.0018604676188260464,-0.00013447379686012142,0.005689292842231094,3.6803355937626917e-06,8.661601050949316e-05,-0.001650067714644135,-3.665200237864387e-05,-6.15953945443132e-10,1.1042746295618045e-09,-0.0022964052935097044,-0.00012065210171067086,-0.04179570614964294,-0.0010959657687643867,4.3875317333290365e-14,4.655287657098772e-14
23.9600,-0.04535246085560974,-0.00020125200627182008,0.2452389714911827,-0.05615496352954281,-0.07906950857286169,0.006384812047650779,0.0019368352371093149,0.0002957794698055053,-0.005298960677193965,1.2832880943307592e-05,-0.00010921478756310013,0.002065255525362035,4.746564150008055e-05,-6.15954801867235e-10,1.1042738147703262e-09,0.004121243211887328,-0.013415076469471416,0.3084516825352476,0.007281515073527811,-6.504497461479186e-14,-6.307942449629289e-14
23.9800,-0.04528404895981744,-0.00020080978060289386,0.24508904353805508,-0.056162915548390605,-0.07841693138603269,0.006366880746905871,0.002370694499566041,0.00039013464638820293,-0.006372850894102259,7.52154423936171e-05,-4.739862715303189e-05,0.0014817325745535238,4.143545222339774e-05,-6.159547925392745e-10,1.1042738734838924e-09,0.0014586133676269316,0.008645186505609762,-0.1795868378796797,-0.003810068705106527,3.4545527246090946e-14,3.727877381787259e-14
24.0000,-0.04529955182529778,-0.0001978837398399728,0.24513154406550344,-0.05617987781882442,-0.0785426588099187,0.006373459329582838,-0.0013600997270117718,-7.002998465022669e-05,0.004306891178108082,3.616673687577767e-05,6.93932700579153e-05,-0.0020612510384114976,-3.938635417130859e-05,-6.159544588430961e-10,1.1042742590348855e-09,-0.0036064911779905445,-0.002591739838533007,-0.030344501489639193,-0.0008813738136265359,3.5100537114449853e-14,3.779736126949956e-14
24.0200,-0.04535854318863425,-0.00019488496065313125,0.24526704512475614,-0.056201163142065295,-0.07909260613443103,0.006391688946950833,-0.0028455975309761563,-0.00028738059382439076,0.008141404535797639,-4.844768929804275e-05,2.0513461373251115e-05,-0.002363639484866696,-5.1495160184263044e-05,-6.159542306933012e-10,1.1042745396498601e-09,-0.0038376569307933075,-0.0013974263567671486,-0.00948654295140567,-0.0005151071489150386,4.014299878835406e-14,4.280859114457261e-14
24.0400,-0.04538452055160982,-0.0001940277869599187,0.24532173386336675,-0.05621743106579229,-0.07935347794809622,0.006399318578335175,0.00015850542282603355,3.5233719394410544e-05,-0.00079138270164926,-4.82641369259192e-05,-0.0001472034796416236,0.0012736243448783326,2.8819839186963802e-05,-6.159548503387631e-10,1.1042739609851533e-09,0.002016598946988171,-0.002772966220268181,0.12347500813143265,0.0029226934844072067,4.388809736639854e-14,4.6590613582853796e-14
24.0600,-0.04534024023465791,-0.0001949866693864611,0.2452171901529393,-0.056221941930505254,-0.07894850017221743,0.006386836291325365,0.0023555872608069964,0.0003112819860743974,-0.0069234581067559794,3.450711983853971e-05,-0.0001373597530966797,0.0025731331909965034,6.327379350139084e-05,-6.159553663675178e-10,1.1042734900548307e-09,0.005002426989314804,0.0012708474463497613,0.041742042367755784,0.0012854191251942925,-7.324463301497386e-14,-7.128107511796683e-14
24.0800,-0.045321896766164826,-0.00019473764848134577,0.24517658950445345,-0.05622690349856936,-0.0787719949165505,0.006382353069337244,0.0002416522067459543,5.82632759218623e-05,-0.000563969956258148,6.464121197392513e-05,2.998915454731688e-05,-0.00043124092752987,-1.6638085894021744e-06,-6.159550124836778e-10,1.1042738959318835e-09,-0.00114361019371631,0.00789271620460507,-0.18115767807961397,-0.004120685544601364,3.299347828365079e-14,3.569358215027227e-14
24.1000,-0.045338185086323014,-0.00019381041929912918,0.24521613880221768,-0.05623411624576649,-0.07891982510390005,0.0063876634269515176,-0.0013727344514522697,-0.00015278683482459473,0.004100935298393744,3.4480646377615916e-05,5.1886946499520115e-05,-0.0015534202955639084,-2.8559160973283157e-05,-6.159549996898006e-10,1.1042739581232786e-09,-0.0030355720942903406,0.0025863971472298054,-0.09414776240306642,-0.00231817566837872,3.461152127707742e-14,3.729629045922181e-14
24.1200,-0.04535966644953839,-0.00019372041775291904,0.2452653930249042,-0.05623972793693227,-0.07913001460021454,0.006393603690938587,0.00056475007483337,3.3875808305323245e-05,-0.0016689287157704475,8.297166228994005e-06,-9.377851700947058e-05,0.0009470988938312538,2.5031529394212564e-05,-6.159555274300123e-10,1.1042734776393195e-09,0.00017508660345046044,-0.0021443269329524408,0.07637749113580944,0.0018126673252348323,3.915142813898029e-14,4.1860639303850644e-14
24.1400,-0.045358854575136213,-0.00019436826850013737,0.2452636606998107,-0.0562398886802199,-0.07912933708215115,0.006393099695216502,-0.0003611766100478522,-7.802239069828025e-05,0.0010930136805052195,1.8933937044301425e-05,-2.489150564294142e-05,8.852588142165922e-05,6.382101590796056e-06,-6.159554814427978e-10,1.1042735703257031e-09,0.000421828123225361,0.0019487877011040078,-0.024031763985897174,-0.0005591346578059378,3.8147341730777884e-14,4.0847296519600645e-14
24.1600,-0.04535494847404495,-0.00019533506252144872,0.2452572346855702,-0.05623740703552339,-0.07909956430292495,0.006391518906204259,-0.0002313337477954695,-8.443876213427064e-05,0.0008630149343858697,2.862138231321917e-05,-4.276797123410123e-06,-7.124112980639162e-05,2.8634150325452223e-06,-6.159557261013529e-10,1.1042733727618072e-09,0.0011707052278434782,-0.005428621518193946,0.10777462759696746,0.002410033443002645,-7.251255260305733e-14,-7.058272694614176e-14
24.1800,-0.04535074064490978,-0.0001964346988566334,0.24525161711382648,-0.056232983665144086,-0.07906639735175229,0.006389752341628323,0.00031828258705658723,-2.5755869552449068e-05,-0.000661552329117048,3.002567742391255e-05,-1.4546287398587531e-05,0.0002280374970059879,9.430848607301755e-06,-6.159557346839651e-10,1.1042734128449786e-09,-0.0009128832781919886,0.00539608918285631,-0.10062128212900376,-0.0022883595786589443,3.7723920124840826e-14,4.0424505106176345e-14
24.2000,-0.04535449881751455,-0.00019742743759136643,0.24526533851255167,-0.056228012698792046,-0.07910759201882432,0.006390229970371203,-0.00038944061977083184,-0.00012783388935463024,0.001475783363155876,1.828741946745515e-05,2.17377172736101e-05,-0.0005317239332969349,-8.586513012475012e-06,-6.159557440139179e-10,1.1042734520927246e-09,-0.0011299951651810244,0.0024061261539508132,-0.059281024053442544,-0.0014485809040399031,-7.280021854447205e-14,-7.088118069917271e-14
24.2200,-0.04533356348855217,-0.000199269700561805,0.24522274964709412,-0.056217606064003396,-0.0789167282055859,0.0063834099313749,0.0012459155690939428,7.393830812902403e-05,-0.003289558694655674,2.5831935165545293e-05,-5.14625101823849e-05,0.0009888281087693017,2.5879920459718656e-05,-6.159561618914695e-10,1.1042730799085823e-09,0.00022695457509362539,0.0031358456507674316,-0.046547800601968725,-0.0009702504950541084,3.901223690882388e-14,4.172671323049437e-14
24.2400,-0.045310811806747224,-0.00020089476955236654,0.24517593443593297,-0.05620452702421282,-0.07869997752752689,0.0063763674969742334,0.0010135898910883497,5.863519102682653e-05,-0.00262090781488107,3.000102304810203e-05,-1.5157165527849278e-05,0.0002680393481813753,1.0348618360652484e-05,-6.159562842937544e-10,1.1042730056434708e-09,-0.00011685637692493908,0.0009960414734755374,-0.03122536806917915,-0.0006971387468040264,-7.350229366126504e-14,-7.155634049703374e-14
24.2600,-0.045315770305603624,-0.00020167715937737064,0.2451904138205164,-0.05619303995131549,-0.07873838108002058,0.006377438922665628,-0.0009464624783953978,-0.0001805583576551709,0.0029099509876998227,1.8908952514960845e-06,3.787354482688607e-05,-0.0012717191241470032,-2.5941758480905542e-05,-6.159560865062419e-10,1.1042732537400442e-09,-0.0027671438152261003,0.0023837222072266235,-0.08653338958274925,-0.002153897835163857,3.863806518657198e-14,4.1331806141693683e-14
24.2800,-0.045351580403193203,-0.00020214918343126417,0.2452708265311539,-0.05618536983530979,-0.07907631137128181,0.006386907707548406,-0.0014843793168029568,-0.0002508416488800776,0.00410607199221083,-5.079089281641545e-05,4.619227468813127e-06,-0.00118279128063357,-2.8619772603829022e-05,-6.159559892133675e-10,1.1042734020964622e-09,-0.0026904816635037886,0.0013929494404694872,-0.0345397286496847,-0.000999898849701149,4.3804092026821645e-14,4.648386710270902e-14
24.3000,-0.04532522020156638,-0.0002046542304023943,0.2452052189309899,-0.05616837063579451,-0.07883588954961368,0.006378045955342684,0.0025010863542486235,0.00023855273434912277,-0.007589877714149524,-1.822796244351761e-05,-0.00014932291040455634,0.00253865213163388,5.602155327740456e-05,-6.159567778291899e-10,1.1042726534562443e-09,0.003111446273527613,0.0007335151054581329,0.05714187132664211,0.0015616870368348362,4.448770182536449e-14,4.7222838974684406e-14
24.3200,-0.045304323600918885,-0.0002061521235069428,0.24515240219975695,-0.056150955611097876,-0.07863012135625082,0.006371585682832287,1.8811713616485524e-05,-2.203586385896858e-05,-0.0003401553999363428,9.100023078838548e-06,3.38263396040581e-05,-0.00047421263680542253,-9.532362171253097e-06,-6.159562977814801e-10,1.1042731855967175e-09,-0.001242776524286374,0.010845343261930436,-0.23000698295738115,-0.005282416887028992,3.937260538216733e-14,4.207209260880321e-14
24.3400,-0.04535911160795663,-0.00020582091890728181,0.24527167633575317,-0.0561452172040187,-0.07914300681737838,0.006386607123139263,-0.00259003692293466,-0.0003592109498898505,0.007051001196319369,-4.7010689408896235e-05,8.999173905445701e-05,-0.0023166764358668675,-5.639341011433067e-05,-6.159559978667714e-10,1.1042735352930092e-09,-0.002447427165979569,-0.00586415847767393,0.08499900579521485,0.0016021632833957574,-6.438292011069074e-14,-6.247994201007134e-14
24.3600,-0.045346323609220834,-0.00020784696355586875,0.24523374589224892,-0.05613088646544633,-0.07903273354453283,0.006381512798573972,0.0018162324428346258,0.00016974650880911192,-0.0057955192343013984,-2.4695643949285015e-05,-0.00011017211396539562,0.0022232796442333918,4.563669242714938e-05,-6.159567818236212e-10,1.1042727930757203e-09,0.004283975041028783,-0.00653088922944825,0.20312188825435165,0.004840142518232248,-6.20650313911883e-14,-6.01035605833633e-14
24.3800,-0.04531791966069775,-0.00020940296651798788,0.24516280442754845,-0.05611470259559179,-0.07876111342393814,0.006372743226088631,0.0005899040628625223,5.7862122360736014e-05,-0.001996244322150366,1.9632287339715638e-05,3.217766839127111e-05,0.00031149739201415344,5.987492746635654e-06,-6.159563280734584e-10,1.1042732981411585e-09,1.2834622992268317e-05,0.01090092678849969,-0.20994540228969363,-0.004716199095632519,4.2811674344500616e-14,4.551896782677839e-14
24.4000,-0.045321513586397466,-0.0002096977411767266,0.2451676910028039,-0.0561034296381974,-0.078784457899456,0.006373421673749644,-0.0008282828577982507,-0.00010706854273085666,0.0021705699617512514,1.1101881487361463e-05,9.234036736726851e-05,-0.0011523059120240762,-2.7697463072186447e-05,-6.159561172308435e-10,1.104273558518463e-09,-0.002713044792185864,0.006164822102936458,-0.1548720466259781,-0.0036552674191619727,4.375302610449758e-14,4.64427826166354e-14
24.4200,-0.045366539757808994,-0.00020914560083854568,0.24526682183897058,-0.056100191570245164,-0.07920716644735691,0.006385710907798972,-0.002059502911198696,-0.000275774943247247,0.005690412354393984,-3.8965054040047757e-05,8.407830143467723e-05,-0.0015881567821878662,-4.1749270134189306e-05,-6.159559547042893e-10,1.1042737693289785e-09,-0.0016652280729385304,-0.005185467554450216,0.08466803845667384,0.0016865871588519442,-6.117281431839566e-14,-5.926525546359751e-14
24.4400,-0.04535207959654604,-0.0002104413709682274,0.24522983016380978,-0.056090772413932934,-0.07907958169672971,0.006380552740347814,0.0012980713074124575,0.00013037828993890161,-0.0039670649882546805,-1.5607707891446824e-05,-6.052568473717274e-05,0.0018388486569901551,3.6024743680736126e-05,-6.159563631361021e-10,1.104273404954724e-09,0.0019172425084810819,0.003422802606897149,-0.010948204796415329,-5.175090151309207e-05,4.994805567412608e-14,5.266359586917832e-14
24.4600,-0.04534367334766448,-0.00021084511206141324,0.24521095054617348,-0.05608458294854988,-0.07900074375487894,0.006377806710151757,-0.00014290437996794801,-2.4711070990828102e-05,0.0005152462494092015,8.145127173257775e-06,6.458897257733541e-05,-9.902615354217107e-05,-5.73549679313628e-06,-6.159559560568923e-10,1.1042738623126437e-09,-0.00042980066585364396,0.007156760411041316,-0.14214551780616108,-0.003220026250898614,4.751523474807659e-14,5.020942971285802e-14
24.4800,-0.04536497949511537,-0.0002103691721717357,0.24526359049697424,-0.05608592093104668,-0.0792063681408879,0.006383574744370944,-0.00018042215370563713,-4.685065049519799e-05,0.0007906901865730537,-1.0017343710627985e-05,4.247683457056462e-05,-1.8116563545264965e-05,-5.985963627233264e-06,-6.159560700769324e-10,1.1042737943476622e-09,0.001145229389893517,-0.013549625212723888,0.26798349194026055,0.006055390622605968,-5.809275857669022e-14,-5.615532995204009e-14
24.5000,-0.04534696557406231,-0.00021059175829364534,0.245228193933035,-0.056083867069917734,-0.07903956876076336,0.006378368932711727,-3.648102974735438e-05,-3.791662630275957e-06,0.0005207224432194523,1.6234172398572036e-06,5.864812999030501e-05,-4.0461728493145884e-05,-4.337851676923514e-06,-6.159557394253361e-10,1.1042741745657298e-09,-0.0004290758022922805,0.006004095584002485,-0.1272278505264167,-0.002873942774503643,4.839625743343831e-14,5.109054048964626e-14
24.5200,-0.04537050448713228,-0.0002095929845611819,0.2452900305979583,-0.056091323480903864,-0.07926813209407772,0.0063851984686027225,-0.0005326926375799844,-7.657937526142058e-05,0.0020147182455905483,-2.229068013242725e-05,4.596326263796496e-05,-0.0002637567799900662,-1.137725616389379e-05,-6.159557320221327e-10,1.1042742287432585e-09,0.0005743022275025125,-0.01164791130127322,0.2203847419764459,0.004952989686775132,-5.80202051225602e-14,-5.6094607854117323e-14
24.5400,-0.045341749356231364,-0.00020975084007557497,0.2452339105979992,-0.0560944881131672,-0.0790061650701341,0.006377181773528586,0.001505403050125097,0.000191419403007576,-0.003757799273504301,-1.9601625895059447e-06,-1.8969503058801004e-05,0.0013033222546331563,2.6408672139931212e-05,-6.159557036540775e-10,1.1042743043688608e-09,0.0004992155020385117,0.006563875484024729,-0.11521459333762,-0.002435677034726384,4.8459432538776326e-14,5.116917225220577e-14
24.5600,-0.045361303196583935,-0.0002081559481886414,0.2452896846474424,-0.056107605382636115,-0.07919541637584149,0.006383560252096634,-0.0010636951104384808,-0.00011550963531169742,0.003762961644891572,-2.469467460348161e-05,7.683541457012797e-05,-0.001061302711449735,-2.7658754952766106e-05,-6.159552947892072e-10,1.104274763165971e-09,-0.0010463721822839833,-0.00530715748172571,0.07016904564623172,0.0014844788070562664,-6.09708952162974e-14,-5.905445945621202e-14
24.5800,-0.04532167552185322,-0.00020810278641011183,0.24520887302403993,-0.05611390083776388,-0.07882876565853925,0.0063729165500712665,0.002372710128403812,0.00032302681298743884,-0.00627214199575916,-2.109317950283709e-06,-6.54555256874537e-05,0.0017748624671809334,3.8898534232696424e-05,-6.159557368158645e-10,1.104274365419384e-09,0.0018333309509165902,0.0012716746426990535,-0.008769857123750967,5.960590700375376e-05,-6.453003279296987e-14,-6.257354931513831e-14
24.6000,-0.04530778076118441,-0.0002066562148891375,0.24518594081172912,-0.05612467861757229,-0.07869188447288672,0.006370440288691221,0.0003000013975011507,0.00010229598273658084,-0.00034846399458133464,-3.876027588764545e-06,3.07944947304895e-05,-0.000530406865163654,-1.1242602210271238e-05,-6.159554091009719e-10,1.104274743516487e-09,-0.0007204412583296331,-0.00022452909630554915,-0.03737297002789372,-0.0008451059215568195,-6.748890183684575e-14,-6.555173071021159e-14
24.6200,-0.045314737180279625,-0.0002046663174184862,0.24520613410635395,-0.056138548149819306,-0.07875034445120158,0.006373984662512693,-0.0006227899852170595,3.861207782005642e-06,0.0019687335660713776,-3.33727054009542e-05,1.8172305393814107e-05,-0.0011132581810953518,-2.502124255128887e-05,-6.159552067820634e-10,1.1042749953019097e-09,-0.002594445386974769,0.003205687718459215,-0.1051106979966503,-0.0024702382775785084,4.2788858665033375e-14,4.54807429239347e-14
24.6400,-0.04535521054095003,-0.00020220315385449604,0.24529661600817704,-0.056158319587684705,-0.07913312256940437,0.006386854944404038,-0.0019587180722179663,-0.00016522282802907898,0.005436965118676621,-7.626970984916626e-05,9.747514374218207e-06,-0.001602634797458537,-3.882930598815064e-05,-6.159550527737198e-10,1.1042752003099309e-09,-0.001076938389890329,-0.004273437840851232,0.06528769891006234,0.0013143618028784495,-6.509128360008415e-14,-6.318442947669811e-14
24.6600,-0.04532335341637694,-0.000202084364823705,0.24521679361433646,-0.05616774267167403,-0.07884148524354259,0.006378478049525585,0.00231222801005087,0.00036190059662747335,-0.007148579073946404,-2.5648385536049465e-05,-0.00015666396665405975,0.002348315105114531,5.3213586239982015e-05,-6.159558323757021e-10,1.1042744607306614e-09,0.004361338761893165,-0.0005788959104331567,0.07381144100195922,0.0020098313623812957,-6.792922344414642e-14,-6.596569265219371e-14
24.6800,-0.045296695782907785,-0.0002011791857147168,0.24514858191295089,-0.05617643324616684,-0.07858342464051041,0.006372257696489448,0.0010554596942657876,0.0002348650062511037,-0.003472186007678278,2.340230337357843e-05,-3.8838930713308285e-05,0.0004965775568077234,1.5577758184595225e-05,-6.159556733820004e-10,1.1042746722404806e-09,0.0007885226949370512,0.005090354174557078,-0.10192870213453656,-0.0021695772502261243,3.707520130746128e-14,3.979447522374502e-14
24.7000,-0.04529227317861815,-0.00019967384449354916,0.24512975353805325,-0.056185544147602566,-0.07852826612510595,0.006372411930416377,0.0006038644120190083,0.00019110111450246935,-0.0023683225391010524,2.6074750417616028e-05,-2.829025422849221e-05,-9.613545320991304e-05,2.8962678727704095e-06,-6.15955866213503e-10,1.104274524820007e-09,0.0005756262463564339,-0.003990118376056035,0.06330329194625121,0.0014987212923900004,-7.47301119640234e-14,-7.277669135732912e-14
24.7200,-0.04531365194383296,-0.0001977874263335092,0.2451664314169181,-0.056195127649897376,-0.07871477111429263,0.006379767797900038,-0.001642416944446505,-9.870429689539531e-05,0.003947514321197472,4.3248793638651566e-06,2.034414918194605e-05,-0.0015108128269106982,-2.9829164974368417e-05,-6.159556105363573e-10,1.104274831527981e-09,-0.0020643664215436886,0.0023224486739415987,-0.07557407997323054,-0.00185823541132892,3.551283209559178e-14,3.820359149473915e-14
24.7400,-0.045363647880271335,-0.00019611780496806355,0.24526549357266977,-0.05620732123414503,-0.07918541599136139,0.006394450982075988,-0.0017242645257962083,-0.00015563354475795835,0.004007003160635592,-2.518435704993011e-05,-2.8011289938103386e-05,-0.0008226134788109599,-1.7844559575293085e-05,-6.159558444997865e-10,1.1042746442943366e-09,0.0010615774921857518,-0.01006395903104345,0.2179619289627266,0.004847286013768931,-6.989818879948873e-14,-6.79758441375633e-14
24.7600,-0.04535002238114876,-0.00019674462948099383,0.24521960178579674,-0.05620849286714867,-0.0790644643000863,0.006390232051050748,0.0013832144238487688,0.00020124737478679957,-0.004837259177875976,2.7559167560804016e-05,-0.000114294571025171,0.002009228910173672,4.828522903274594e-05,-6.159563626024575e-10,1.1042741710922381e-09,0.004016714240941953,0.0010574397266250738,0.053824024498546175,0.00146868879616976,-7.259374579324934e-14,-7.064284595660608e-14
24.7800,-0.04535522212550501,-0.00019656604541425484,0.245223222393723,-0.056210263529464725,-0.0791116791437162,0.00639176346050128,-0.0013840906804316862,-0.0001420582288834124,0.003560102260341695,5.767512641440247e-05,7.565171155242913e-05,-0.0010085763321141617,-1.783687638982177e-05,-6.159558673851533e-10,1.1042747188519991e-09,-0.0014147148085698485,0.010580591970865092,-0.21959597173708176,-0.0051001580623484906,3.5327169249817214e-14,3.800508762948421e-14
24.8000,-0.04536758286940843,-0.00019689602204508226,0.24524921652708212,-0.05621192440179998,-0.07923704806139371,0.006394595580638323,0.001167667925869326,0.0001036615752853239,-0.0034570189091300114,6.0995602152546434e-05,-5.200265720017764e-05,0.0014728436692809151,3.633130024594911e-05,-6.159566270623121e-10,1.1042740021921337e-09,0.0022742734375509575,-0.009200586272194911,0.22688495595059652,0.005305744952290435,4.17113107833815e-14,4.4434040594090035e-14
24.8200,-0.045311136401657695,-0.0001986807802302327,0.24512379089792688,-0.05619988486462804,-0.07870052202032292,0.0063780706296480884,0.0015978819427557023,0.0001737403234235378,-0.004259533723753964,0.00011097031288348986,9.149837529136728e-06,0.0010974003873468053,3.311989642653935e-05,-6.159566743788667e-10,1.1042740041049706e-09,0.00027907005336688553,0.011381103863964227,-0.22619411648399712,-0.004998467942044872,3.2802130152734255e-14,3.5519642240487703e-14
24.8400,-0.045310347724296464,-0.00019875600064872995,0.2451311210667374,-0.056192272104738414,-0.07867718521821558,0.006377851995018506,-0.00032424418339956247,-8.114396247938863e-05,0.001574656516029474,8.326840521017535e-05,8.593094507532178e-05,-0.0011978935201641112,-1.968731066419371e-05,-6.159565613858711e-10,1.1042741674788758e-09,-0.003894872707861879,0.004553813765359267,-0.14900912907694414,-0.003553234969446077,3.381134619246523e-14,3.6507526602475027e-14
24.8600,-0.04537293965275632,-0.00019800173738208202,0.245282546324258,-0.05619255938989894,-0.07926435097427266,0.006395186714204209,-0.0024453062018750687,-0.00038751540969023666,0.007522928017419789,-9.059295659666955e-06,5.551292714575913e-05,-0.001874403355992012,-4.1905901217174095e-05,-6.159565765065343e-10,1.1042742004749763e-09,-0.0020654132308093914,-0.015731087971444454,0.2776002964962641,0.005985968394766275,-6.701379089233545e-14,-6.510064839634899e-14
24.8800,-0.04534750896880502,-0.00020041349911672991,0.24523055465735089,-0.05617936845237819,-0.0790366072992253,0.006386450989376138,0.0024543143251365405,0.00019410936689842915,-0.006717283844001741,4.782709064958776e-06,-0.00015467476946781037,0.002840103516530008,6.446136487610977e-05,-6.15957333497365e-10,1.1042734860442442e-09,0.003525779145834031,-0.003624758284612399,0.14505563659799056,0.0035544612695216035,4.482619651987804e-14,4.7562140044563744e-14
24.9000,-0.04530588644597831,-0.00020238800368476477,0.24514371388677267,-0.05616274633776425,-0.07863929431279994,0.006373979281230735,0.000934041874737282,5.381926754601255e-05,-0.0021598638004334614,4.012367809447444e-05,8.52335649462651e-06,0.0003498107966536261,1.1859788332489209e-05,-6.15956975976867e-10,1.1042738949839378e-09,-0.0008217304536314826,0.011122634459897241,-0.23359286303427754,-0.005289404821307565,3.79983655760148e-14,4.070697365342671e-14
24.9200,-0.04534026405234683,-0.00020237305285750637,0.24523199981775964,-0.056155626442289275,-0.07895614318365153,0.006383373270946677,-0.0016294695418756996,-0.0002779981439580461,0.005203101404177102,-1.6336488607772143e-05,6.769355752094699e-05,-0.0017628524867505343,-4.021934654219919e-05,-6.159567177279731e-10,1.1042742032056074e-09,-0.003542665008502932,-0.003541156441900749,0.024083193688537965,0.0002715944108226326,4.42388977555698e-14,4.692443943176208e-14
24.9400,-0.04536802857399847,-0.0002031416094747236,0.24530010929776508,-0.05614935917594232,-0.079225897829236,0.006390279606008137,-0.0007945629914327529,-0.00018925240303200162,0.0025116235331999175,-6.0852360291613146e-05,-2.7986593880190426e-05,-0.00016598363623466868,-8.254953860012443e-06,-6.15956839836934e-10,1.1042741298046865e-09,-0.00014750596924080633,-0.005244734840254653,0.12068473759287832,0.0026400522011946832,-6.210238215603042e-14,-6.018055926640051e-14
24.9600,-0.04535534900961438,-0.00020497776829999417,0.24527388250897647,-0.05613912479749791,-0.07911916968901526,0.006385542815102446,0.0009520450473206099,3.644908256390915e-05,-0.0025794962103224206,-3.943529847114996e-05,-6.615268881439772e-05,0.0012641416542738205,2.450484425069556e-05,-6.15957012181691e-10,1.1042740010887264e-09,0.002043550041554568,-0.0006192466768143392,0.05564119218906227,0.001366642644916009,4.9481293086343914e-14,5.2193519688506496e-14
24.9800,-0.04531112218943794,-0.00020689262078346472,0.24517641795202902,-0.056125004731866886,-0.07870333544243403,0.006372391948685008,0.0015992167628545075,0.00015694343709884357,-0.004370503124182302,5.1818942701466376e-06,-2.009079369371435e-05,0.0010228301148311563,2.2430419999243087e-05,-6.159570769288963e-10,1.1042739838541065e-09,0.0014368216496721791,0.003616927470027963,-0.06398388610542376,-0.0013227405243275202,4.490669175492151e-14,4.762961807727381e-14
25.0000,-0.04529313506874364,-0.00020740321551240316,0.24513837128400504,-0.056114521685186824,-0.07852166561500884,0.006367400407129723,0.00019267488396170087,2.166994697999633e-05,-0.00041390917965326585,-1.3441285829346476e-06,6.03043380519643e-05,-0.000956225278310674,-2.1526291729725636e-05,-6.159567222969434e-10,1.1042743917124242e-09,-0.0027224379525242585,0.00836534329967193,-0.20968159591197583,-0.0048463094385421965,4.186765951291749e-14,4.456640812682336e-14
25.0200,-0.04531344132082276,-0.00020686261202138397,0.24518314692141122,-0.056109747598055794,-0.07870052580730325,0.006373406507418944,-0.0011503210398424437,-0.00013162520623600572,0.00311114243624165,-4.6500956383502746e-05,4.2369675664718314e-05,-0.001494589775821524,-3.6651813279393326e-05,-6.15956723110671e-10,1.1042744387698413e-09,-0.0018099359392041662,-0.005006781244499231,0.060357422641076554,0.0011803986536424356,-6.484285222478625e-14,-6.291541181265015e-14
25.0400,-0.045358868948522,-0.00020605424624032338,0.24527884865291763,-0.05611053130583041,-0.07912731962579275,0.006386239653719194,-0.002205388150348663,-0.00026359568420887596,0.005781067123980145,-9.028263016927646e-05,2.3992542565037064e-05,-0.0015244017015942483,-4.1130816355821824e-05,-6.159563709357303e-10,1.1042748381076846e-09,-0.002255842098185625,0.0007225761982733386,-0.01950778133075437,-0.0006616201914991278,4.978005177123587e-14,5.245382307759311e-14
25.0600,-0.04534299124628929,-0.00020718759461785293,0.24523087446075303,-0.056104839700968946,-0.07898734032758226,0.006381012574203553,0.0019594737123174444,0.0002467100473939256,-0.0063920824782505185,-4.8137109073275575e-05,-0.00013138394170213175,0.002405230139104069,4.839104059625269e-05,-6.159571078077942e-10,1.1042741429988986e-09,0.004736113445982009,-0.004067075199053671,0.16226378887594922,0.00396718750086152,-6.047382917779426e-14,-5.851244646139578e-14
25.0800,-0.04529545882139811,-0.00020810065882127267,0.2451125571311036,-0.056094929563648185,-0.07853080677462718,0.00636762982440723,0.0013334144360371877,0.00022212817749946915,-0.0043661172371875345,2.316497475503478e-05,-1.593997619126746e-07,0.0008973541316137572,2.0033734742625505e-05,-6.159568609897456e-10,1.104274439812105e-09,0.0014190940707612966,0.010085396457426307,-0.18982785548498524,-0.004137071217259504,4.223135513167775e-14,4.4952255351220216e-14
25.1000,-0.04529994074273559,-0.00020706897380507502,0.24511493655721917,-0.05609219107916718,-0.0785531259809117,0.006369607685000563,-0.0009478655950224972,-4.1501822780928324e-05,0.002238306220470443,1.4917169851095028e-05,9.77107060386646e-05,-0.0015402241329227112,-3.4904762844313986e-05,-6.159565804912817e-10,1.1042747707238626e-09,-0.001982241927220098,0.0015408295380651398,-0.08015717570768716,-0.0019527224127250274,-6.898060139585993e-14,-6.705080284399867e-14
25.1200,-0.045355954187148856,-0.00020519439585092966,0.24523267275238542,-0.05609815267142429,-0.079072690070405,0.006385841305050746,-0.002112918285389234,-0.00021331102847294667,0.005410733325774461,-4.227846417837754e-05,5.36510499104419e-05,-0.0015548834603151083,-3.996002465899331e-05,-6.159564547669135e-10,1.1042749447314196e-09,-0.0013199408624495694,-0.008678436133321627,0.1573936356010646,0.003375525007345896,-6.254018299328007e-14,-6.062414025648222e-14
25.1400,-0.04535895664670015,-0.00020524475336414748,0.24522820906823384,-0.05609821953411362,-0.07910557900520458,0.006386311660026231,0.0005892578679430969,0.00010277480026137384,-0.002345301363772537,-2.477204806587949e-05,-5.1888263912263884e-05,0.0011744660062016998,2.1976219723406683e-05,-6.15956574217756e-10,1.104274871575915e-09,0.0009762345550025478,0.009308968430958449,-0.12735352610585118,-0.0027479471086320063,4.713525576793831e-14,4.9836518375631633e-14
25.1600,-0.04536877175277462,-0.0002047942087288744,0.24524348749334798,-0.056101282716562825,-0.07920095850339592,0.006389024095819704,-0.0007723886765049144,-6.90342510027303e-05,0.0019487957488809892,5.823153692117218e-06,3.9772791597079625e-05,4.523150329221247e-05,-2.3594747476670575e-06,-6.159565829299305e-10,1.1042749125509101e-09,0.0023695066986488458,-0.00657932958265588,0.14645474555708088,0.003333431187722556,-6.230175338302335e-14,-6.037342528035852e-14
25.1800,-0.04535589322196759,-0.00020474923446156784,0.24521231776929583,-0.056103072939370974,-0.07908313412602298,0.006385235561853162,0.00012717836636793044,3.896155280676653e-05,-0.0003476207766066823,3.2984501774096104e-05,4.3431750906944634e-05,0.0003894920911229827,7.307398015959787e-06,-6.159565781983435e-10,1.1042749625382409e-09,0.0015904685527506734,-0.0015571756105068554,0.038760583938337964,0.0009477994595673267,-6.472611075586387e-14,-6.279396761680461e-14
25.2000,-0.045353192831539615,-0.0002041839667053242,0.24521061102854433,-0.05610741470141599,-0.07905800447881235,0.0063846445489984804,-0.00015639773720662969,-2.7743308077414904e-06,0.0008031068056378283,3.864390680219963e-05,7.095585156117201e-05,-0.00016783609445025842,-4.207461757544411e-06,-6.159563333118825e-10,1.1042752568716728e-09,-0.0013561822255990356,0.0061061133654608775,-0.1342849368903326,-0.0030423565375474883,4.447797111086643e-14,4.7170614311288495e-14
25.2200,-0.04536432149510158,-0.00020331330537217405,0.24524466007868953,-0.056115432648095584,-0.0791669380288006,0.006387987657570165,-8.202355832858242e-05,-1.4573341152440984e-05,0.0008069450655486182,2.0576680352302488e-05,4.91800021769492e-05,-0.00011956106734316265,-3.975639800032524e-06,-6.159564093397099e-10,1.1042752277758742e-09,-5.352700702256743e-05,-0.004894364060785825,0.08609931057298148,0.0019416255263010067,-6.402625825352448e-14,-6.209793692712323e-14
25.2400,-0.04534678982221064,-0.00020318353584248487,0.2452158123220349,-0.0561204490287919,-0.07900708988693216,0.006383172269649608,0.001027105724652169,0.00012037939454435981,-0.002237792895318688,2.539980893506955e-05,1.8128860051716391e-06,0.0008013363046068988,1.8156415983857478e-05,-6.159564754064166e-10,1.1042752088918307e-09,0.0001517674193228877,0.0027523100889409752,-0.05298483758673902,-0.001096058700432375,4.525585228830689e-14,4.796399280353192e-14
25.2600,-0.045346922639996026,-0.00020221987464610677,0.24522978539366494,-0.05612875681829527,-0.07900769477430063,0.006383892334305177,-0.0009849083252251158,-0.0001147830990982879,0.0037080348557306116,1.1415217654991937e-05,8.707893372498749e-05,-0.0012088055621192677,-2.6461672100055263e-05,-6.159560438936402e-10,1.104275691387825e-09,-0.0031936197498817487,0.007965747178173893,-0.205248389600348,-0.004789013518630305,4.3087332746855056e-14,4.576607783067857e-14
25.2800,-0.04538126629893532,-0.0002008654334705504,0.2453215964317104,-0.05614448133254595,-0.07934396672953022,0.006394001994411998,-0.0003442906400671974,-7.14922603635312e-05,0.001765461799285711,-3.364436377102834e-05,-2.2989509775834765e-05,0.00015757977578089978,7.066061817307663e-07,-6.159563786873631e-10,1.1042754036044983e-09,0.0008650216838975827,-0.013772669458659164,0.27700031751696225,0.00627894999977391,-6.070331412012797e-14,-5.877123874370449e-14
25.3000,-0.04530561090462888,-0.00020227559303544372,0.2451605868350607,-0.05614423571272646,-0.0786402323955092,0.006372683147035924,0.0041206167394309805,0.0005061365663907417,-0.011144202315282663,3.287136429753301e-05,-0.00014823182237831768,0.0034344924027961466,8.057454709817265e-05,-6.159570979293644e-10,1.1042747274655713e-09,0.0051877380221377264,-0.0020824379462604874,0.08526454653081994,0.002389246259094106,-6.797706386500735e-14,-6.59865499914869e-14
25.3200,-0.04522927517129064,-0.00020228287329335365,0.2449981445885303,-0.0561403458229025,-0.077895900091429,0.00635263700506745,0.0020644720147063545,0.0003284076405422717,-0.005220497930706905,6.55130788551692e-05,2.6987321919658276e-05,-0.0002915747388306745,2.5420109689993332e-06,-6.159567111761196e-10,1.104275166911177e-09,-0.00215113961128415,0.01081488866900957,-0.293313654922186,-0.006598324470847352,3.183565878365352e-14,3.456460242806311e-14
25.3400,-0.045255722692820625,-0.00019948730814435802,0.2450632949745396,-0.05614727240226404,-0.07810971069068871,0.006362316059171108,-0.0019429372198799,-0.00014788761769296798,0.005680949022654218,-1.9357333607501695e-05,6.734876397475566e-05,-0.0031839341233886797,-6.666015945992328e-05,-6.159564142202595e-10,1.1042755130951077e-09,-0.006391843512146797,-0.0011866324941284304,-0.09015563423262725,-0.0023954168473226145,3.504291176898225e-14,3.773628002960716e-14
25.3600,-0.0453542091744824,-0.00019616458888682537,0.24527788623316338,-0.056163424217168835,-0.07902440367417254,0.006391561410759021,-0.0049557551538196905,-0.0005427099884022831,0.013416463130373313,-0.00014242069081921865,1.862944463109045e-05,-0.0038449035615505636,-9.039565346898254e-05,-6.159559604399085e-10,1.1042760180057423e-09,-0.005846238228089434,-0.0014830706456457378,-0.016549200391100354,-0.0008882073785715294,4.39786824579097e-14,4.662549101148994e-14
25.3800,-0.045437156835224486,-0.0001950880614657008,0.24544566121555786,-0.056180579200532585,-0.0798324380672572,0.006414604929534217,-0.00205719915864463,-0.0002466032166024509,0.00450749784842448,-0.00016305408049418,-0.00016615816391255065,0.0005847950644412702,3.6237255058654273e-06,-6.159563431017673e-10,1.104275681093224e-09,0.002815016095086118,-0.0025085076940113615,0.16726295593573848,0.003794640118133821,5.3564154522435514e-14,5.6236631562449346e-14
25.4000,-0.045423988350914234,-0.00019682374416839395,0.2453958891975855,-0.056187594066151134,-0.07974864806121179,0.006409634581023498,0.001768106608782161,0.0002102717333034181,-0.006178478975452699,-4.517611312623379e-05,-0.0001789294737811219,0.0035656614931586714,7.516749628944404e-05,-6.159569053061709e-10,1.104275159172176e-09,0.009193256650291427,-0.002012618477387163,0.19763003920430983,0.004916373302287533,-6.053022124329066e-14,-5.858354979512009e-14
25.4200,-0.0453073529377426,-0.00019986527816708976,0.24512233393304075,-0.056178953700975025,-0.07866298754112996,0.006376028720041115,0.005221124289335345,0.0006772148165237387,-0.015266727632806783,0.0001346406146040728,-8.336863574268908e-05,0.004253521462281477,0.00010296120423406524,-6.15957359371823e-10,1.1042747508189473e-09,0.006553839941028737,0.013787844968468367,-0.19955093925686598,-0.003896513221601362,3.616424786587538e-14,3.8924084495937233e-14
25.4400,-0.045271362348898066,-0.00019917622835354337,0.245044610219774,-0.05617801094575981,-0.07829959361108026,0.00636708442485004,9.307066177316619e-05,7.84909671207973e-05,0.00011508561067436027,0.00015193861355642364,0.00019248431958112703,-0.0018535875548490884,-3.058698268981937e-05,-6.159567454937035e-10,1.1042754193540798e-09,-0.00382252175850729,0.007173183896851771,-0.2511073341812487,-0.005807555017705336,2.936415555696882e-14,3.2070998417718655e-14
25.4600,-0.04531022557049212,-0.0001970871322264489,0.24513741775019252,-0.0561838043004423,-0.07864333919901179,0.006379151200655269,-0.0020200572115327414,-0.0002154185457802521,0.005973009630192297,4.990478921911944e-05,0.00012762985549445726,-0.002839404679126585,-5.8027663465712815e-05,-6.15956648726088e-10,1.104275566255153e-09,-0.006485873135327254,-0.0013900665402511573,-0.06962984684106611,-0.0019158124800124437,3.459635599918978e-14,3.727788612734387e-14
25.4800,-0.045386151499417604,-0.00019544252342410147,0.24530886312037706,-0.05619396802243185,-0.07936010136094805,0.0064007038942036345,-0.0027504766758934566,-0.00036500906681098823,0.007731552821519899,-4.679438497042149e-05,3.0722647529391802e-06,-0.0016091871928977596,-3.762831694976825e-05,-6.15956855868842e-10,1.1042754055701364e-09,-0.0010126979086838937,-0.016626980231582048,0.3225264662205342,0.0070590618828693195,-6.587360323016822e-14,-6.396330676488454e-14
25.5000,-0.045338774734905114,-0.00019773911391803768,0.24519629013947572,-0.056184797280985084,-0.07892501000250574,0.006386181171791339,0.002845306577473505,0.0003179360880228366,-0.00844258832469379,1.5172736023407162e-05,-0.0001686111439752057,0.003167844560837722,7.380227678433115e-05,-6.159575203551912e-10,1.1042747846745153e-09,0.0032609240681471746,0.012307883074977636,-0.154835458988323,-0.003167562803310102,3.946126601482233e-14,4.2187112906776764e-14
25.5200,-0.04533266125841956,-0.0001981318589582798,0.24518345103396635,-0.056179982943229186,-0.07886147078201555,0.006384384999385283,-0.0008540550588995119,-0.00012106275725501774,0.0026178858905988893,4.191655784068128e-05,7.302190058182427e-05,-0.0010687066635303082,-1.980389522833762e-05,-6.159571115916394e-10,1.1042752453359655e-09,-0.00094773169363146,0.005134368643668418,-0.13075196843865114,-0.00310160540809247,-7.375404540571617e-14,-7.183336770463095e-14
25.5400,-0.0453718249680569,-0.00019779001574141378,0.245276030527033,-0.05618124996357722,-0.07923233634610534,0.006395129781018083,-0.001792874252813679,-0.0002721625389641443,0.005349276109952522,-1.2189455724052422e-06,5.7471835988725415e-05,-0.0013845279974306712,-3.097327727674036e-05,-6.159570780532004e-10,1.104275327188622e-09,-0.0020079184283510656,-0.004400709521575032,0.0667860089834897,0.0012998462916051668,-6.821045193516201e-14,-6.63008737538176e-14
25.5600,-0.04536532030355743,-0.0001992177187444142,0.24526431515124783,-0.05617606873152546,-0.07918401121840657,0.006392211186685309,0.001126007971548348,6.387415981005385e-05,-0.003045452441364528,4.307827557174863e-06,-6.808736938356828e-05,0.0014424917955452232,3.223607722227136e-05,-6.159576186913117e-10,1.1042748304815423e-09,0.00277415820670136,-0.005717609775294134,0.15816825852459826,0.0037166731238391596,-6.596637027855151e-14,-6.402028158904866e-14
25.5800,-0.0453234105812605,-0.0002009435971862366,0.24517407268427022,-0.05616514417016567,-0.07878993151396967,0.006379746991579851,0.0009405618405359205,7.793333261355477e-05,-0.0023549717758138623,4.399362803311471e-05,2.5821368830221785e-05,0.00028134082881088563,9.802047881499027e-06,-6.159574116876674e-10,1.1042750900169234e-09,-0.0007603034057069504,0.011544193989571797,-0.23850094878247585,-0.005382156695843175,3.8726847791971386e-14,4.143217615781153e-14
25.6000,-0.04536077517475106,-0.000200553012430822,0.24526904818025153,-0.05616496967157289,-0.07914127051408386,0.006390155840423767,-0.0015584610132828717,-0.0002565030929495645,0.005011888488654928,-5.180012450164948e-06,8.359705359501472e-05,-0.0016901696362016374,-3.853004888845992e-05,-6.159571803556309e-10,1.1042753685118629e-09,-0.0027934332929474776,-0.005323564663152189,0.06326768500448464,0.0011892531649851808,-6.666984130564158e-14,-6.475904339685312e-14
25.6200,-0.045353099371199176,-0.00020173955782705973,0.24525769246462753,-0.056159456022616266,-0.07907791010174643,0.006387205658238416,0.0006922859032145688,2.3177301175719823e-05,-0.0016699086873421573,-1.5195645183221931e-05,-3.734289805460443e-05,0.0007247243514651513,1.5247701129709481e-05,-6.159574302924342e-10,1.104275166825288e-09,-0.0003441730167312311,0.005092677446863451,-0.0820656431222321,-0.0018178199273563495,4.492449977560459e-14,4.762519995342093e-14
25.6400,-0.04535389979944145,-0.0002024601091562842,0.24526653554477493,-0.05615571326500646,-0.07909164033883388,0.0063870121125894136,-0.000598520568399029,-0.00012552384928258601,0.002141523442209708,-1.714309336086731e-05,3.6625462336839626e-05,-0.000582366428215504,-1.4146031462425157e-05,-6.159571348869494e-10,1.1042755096808267e-09,-0.0020517360727863557,0.009270176918418535,-0.19658606453594177,-0.004559883132714682,4.4082813300313356e-14,4.67643569809946e-14
25.6600,-0.04534661834763195,-0.00020333741069611337,0.24525612886154302,-0.05615204564034942,-0.07903084802655028,0.00638448230645342,0.0003602232434952473,-4.552408904640661e-06,-0.0006890931075784261,-1.8149153309608713e-05,-8.476866976795387e-06,0.00025466725920808786,4.300853813591456e-06,-6.159573190881415e-10,1.1042753717951857e-09,-0.0008263932161963558,0.005786273772568163,-0.10964736741074146,-0.002470690462071943,4.5114770480612215e-14,4.781484724217938e-14
25.6800,-0.04535252750766416,-0.00020370430751306674,0.24527495595087953,-0.05615181119603535,-0.0790946880965318,0.00638590861597981,0.00014336094308915076,-3.454092206813047e-05,-5.009963679759033e-05,-2.7928076232519223e-05,5.787081729930762e-06,-0.00011810772947307205,-4.843965885605258e-06,-6.159571720998237e-10,1.104275567311349e-09,-0.0015415250968980015,0.006169735306753088,-0.12369866237488263,-0.0028348564428370073,4.5716929590947086e-14,4.840692327231014e-14
25.7000,-0.04534911055365964,-0.00020432079369503642,0.24527119373592735,-0.056151894139336876,-0.079074125098212,0.006384603508534275,0.0009559408094289149,7.678901271282163e-05,-0.0025380693441461864,-2.567471203155101e-05,-4.9230511069584786e-05,0.0009500030187594613,1.8770060899828157e-05,-6.159575550585231e-10,1.1042752290400684e-09,0.0023446164884897164,-0.00954386121927903,0.20965029151359346,0.004865686944103503,-6.262473721020678e-14,-6.067497578584463e-14
25.7200,-0.04534739493471138,-0.0002045363045722033,0.2452705872145729,-0.056153589722413126,-0.0790659657109023,0.006384134972789696,-0.00037559096757204785,-6.357751599748914e-05,0.0012970071039558359,-2.1995375273463294e-05,1.8780541991888334e-05,-0.0002697383671352734,-7.985983366568278e-06,-6.159573058347246e-10,1.1042755276448983e-09,0.001288136762408484,-0.008745784193033759,0.15914307899294072,0.0035778698818584426,-6.374639856775166e-14,-6.181852447474656e-14
25.7400,-0.045336253920965276,-0.00020488787633617263,0.245247435508151,-0.05615496336757073,-0.07896886480802758,0.006380998059098706,0.0006306554213552573,7.174190761841587e-05,-0.0017027597386445731,-1.4257353998098339e-05,-1.4443775153981852e-05,0.00038956483151804546,7.693141575757833e-06,-6.159572253182798e-10,1.1042756588061616e-09,-1.2920732097430918e-05,0.003239931182479642,-0.06050317367860849,-0.0013033208961700802,4.4831732727221296e-14,4.753668839856465e-14
25.7600,-0.04535969984183502,-0.00020411297992493693,0.24530242932528842,-0.056162749812080366,-0.07919653828995589,0.0063880188164152025,-0.0016670210052016736,-0.00020137369734534501,0.004885460799215917,-3.3930663648627455e-05,6.427845414937927e-05,-0.0014336898632322144,-3.4560113457517e-05,-6.159569355552612e-10,1.1042759958227706e-09,-0.0004085771780069252,-0.005891365049561231,0.08880361438822358,0.0018596058356268141,-6.454864041275515e-14,-6.263505068337255e-14
25.7800,-0.045347363956755316,-0.0002045963126835971,0.24527393764918018,-0.05616671249549583,-0.07909517882960503,0.006384359346206473,0.0016651749771577917,0.00019727309122309823,-0.004854416608954344,-1.7490778472536424e-05,-8.516060894804027e-05,0.0016542291107831467,3.546258436140725e-05,-6.159574225078077e-10,1.1042755528473956e-09,0.002731258131487127,-0.004587508323122391,0.13298792281237407,0.0032335458958360733,-6.457200496957222e-14,-6.262099671271171e-14
25.8000,-0.045293350744488904,-0.00020538803465010058,0.24515056462131432,-0.05616352051791837,-0.07858421386385883,0.0063694873569796594,0.0016308261334649961,0.0002417846719591175,-0.004660487759913613,3.597018156864193e-05,-1.1781199493827946e-05,0.0008081216599480476,2.1782801764493354e-05,-6.159573564450927e-10,1.104275668116525e-09,0.0006307321235233886,0.009493933399049796,-0.19601417916661362,-0.004286467452669537,3.83463470395376e-14,4.106564128461207e-14
25.8200,-0.04531470689138624,-0.00020382226687087172,0.24519915984707213,-0.05617004194291735,-0.07877410686309701,0.00637663452925484,-0.001875963001948171,-0.00017918213884504972,0.005348532402017431,-2.820187764194137e-06,0.0001028004057583275,-0.0024489889291984535,-5.340630980375916e-05,-6.159568889918479e-10,1.1042761899758207e-09,-0.003962271610444719,0.0013677726564450096,-0.09682672474732237,-0.002459469036984935,3.972403596385135e-14,4.2403221504807437e-14
25.8400,-0.045373417469375114,-0.00020218668006583856,0.24532809681348264,-0.05618259273241805,-0.07933352914553027,0.006393652016865929,-0.0021675834832997486,-0.0002531400125795348,0.005850707588420089,-6.092386969965463e-05,4.9806449332663746e-06,-0.0013425164062185885,-3.348309036360494e-05,-6.159570623482401e-10,1.1042760605003432e-09,-0.00023325407316985577,-0.013164469783045566,0.25755762901602214,0.005669523075506112,-6.399699834739453e-14,-6.208362545844642e-14
25.8600,-0.04535735170159267,-0.00020310016344799614,0.24528354095012483,-0.056185097442865144,-0.07920049852994135,0.006388597779710108,0.0018191034870839004,0.00022476707685978263,-0.005717214490634948,-1.8697235087358862e-05,-0.0001373180034407853,0.002422733235999373,5.3106321122566265e-05,-6.159576740387073e-10,1.1042754920255174e-09,0.00544483887127799,-0.006311370035727143,0.20623023717270475,0.0049746150801041975,-6.509559330371978e-14,-6.31380662812972e-14
25.8800,-0.0452770249117955,-0.00020473379603905823,0.24509597538593628,-0.05617592994868985,-0.0784394301430682,0.006365959801607893,0.0028365778002211765,0.000396143878365395,-0.008324023416871313,7.828767258591036e-05,-4.535221736510916e-05,0.0018840401597266742,4.882354574513125e-05,-6.159578718807824e-10,1.1042753420923577e-09,0.0036015970752980987,0.006216544353835744,-0.10857200104531513,-0.0021626390367173727,-7.556651972998735e-14,-7.359313625079217e-14
25.9000,-0.04524755086431042,-0.000204153896056648,0.245027292673801,-0.05616947824767645,-0.07813216355211426,0.006358757775649625,-5.979277699779339e-06,7.618982313572284e-05,-7.156662222209805e-05,8.190688166376734e-05,9.105570924751743e-05,-0.0015120201689345788,-2.552409737490642e-05,-6.159576729415422e-10,1.1042755926433957e-09,-0.0023225105908388087,0.0025564019206424753,-0.13144026919849752,-0.003085956732420162,-7.970127379255953e-14,-7.775288117344015e-14
25.9200,-0.04530487534435162,-0.0002019018302245761,0.24515185780853252,-0.056172050710476845,-0.07864712006271138,0.006375990502463074,-0.0028299264187456033,-0.0002962895171399696,0.007624965321506893,-1.3381816305291618e-05,8.063958251466496e-05,-0.003073175642170158,-6.678337929202944e-05,-6.159573298857921e-10,1.1042759872779632e-09,-0.0060021477749738865,0.0001306358376150176,-0.07547423218963457,-0.0021055371072207936,3.665520171463113e-14,3.932912887505066e-14
25.9400,-0.04540259988150146,-0.00020015402362263493,0.24536096332511576,-0.056180832909396745,-0.07957220919174363,0.006403432354460722,-0.00394165955801171,-0.0004938490581454614,0.010423212647062318,-0.00010009728616373607,-2.060617125202195e-06,-0.002093792615351348,-5.295055064619956e-05,-6.159572591519749e-10,1.1042761058111504e-09,-0.001893573377093817,-0.007885383401806946,0.1750633098869877,0.0036307339080215535,4.834165430152651e-14,5.09997995440728e-14
25.9600,-0.04542612461676883,-0.00020150063627049215,0.24539992572417096,-0.05618171670245493,-0.07982555190743822,0.006408402472911241,0.00015315144019444404,-3.858327736280894e-05,-0.0012731440332544094,-4.938497788636864e-05,-0.00015083555638556123,0.002662242154228537,5.3771956575301124e-05,-6.159579736057192e-10,1.1042754352189473e-09,0.006835045163315723,-0.007646604234351782,0.2866301430229755,0.006753549481641925,-5.968839246646429e-14,-5.775147206158252e-14
25.9800,-0.045320811376221744,-0.0002053848451606001,0.24515482663598887,-0.05616398077142726,-0.07885045124548912,0.006377002425122642,0.005354609881604318,0.0006255959036676768,-0.015514166556927098,0.00010678257675714455,-0.00013697475537004317,0.004986117821129969,0.00011620433039262386,-6.159585309538795e-10,1.104274919929937e-09,0.006757747563684219,0.014101966926247027,-0.17152757368801577,-0.0032510147070555964,3.974945372853256e-14,4.250694577139641e-14
26.0000,-0.04526345177297152,-0.0002062105314962685,0.2450320545455991,-0.05615011391418668,-0.0782883420176675,0.00636105376618819,0.0012776749108958318,0.00016667505932846973,-0.003031061628994805,0.00015184359358552335,0.00014514802602854033,-0.0005414336537336712,-2.872001110756778e-06,-6.159580677863165e-10,1.1042754363380408e-09,-0.002207574510473087,0.008704649486648067,-0.2504542478261769,-0.005681066896254476,3.2154698825434536e-14,3.4875206021689475e-14
26.0200,-0.045239425184871736,-0.0002060082632762284,0.24498676508650483,-0.05613598293505126,-0.07802697989295516,0.006354807794574465,0.0008582830275578734,0.00011822084326281213,-0.0019583395683048068,9.164170477532333e-05,8.524035250637946e-05,-0.001250972072560737,-2.0248931457794078e-05,-6.159582520434536e-10,1.104275303292909e-09,-0.005034935080726185,0.0034613237568305514,-0.16126809193615366,-0.0037923732431036335,3.208125090451222e-14,3.480241539833423e-14
26.0400,-0.04524279993277096,-0.00020540214742180587,0.24499664706182767,-0.05612067689787082,-0.07801941416240268,0.006356314057063195,-0.0006557539455121254,-5.76122373786862e-05,0.0018687987647647453,1.7339177719858305e-05,2.529282415110904e-05,-0.0016264608918732607,-3.184992854244065e-05,-6.159583772251385e-10,1.1042752245005363e-09,-0.00468506635516487,0.0011104674178941591,-0.09646205755629444,-0.002420099951809846,3.466883491442044e-14,3.737998409067411e-14
26.0600,-0.04529723157841808,-0.00020426878963144046,0.24511280629260332,-0.056110058733389215,-0.07850310606392896,0.006371855416913975,-0.0024630942145330227,-0.00029251830299880635,0.00641544815513666,-7.15619976353566e-05,-6.162867404205742e-06,-0.0021709764920331553,-5.063232749394131e-05,-6.159581652251176e-10,1.104275486617748e-09,-0.0047807149150280144,0.002345733260172572,-0.0792274595051681,-0.0021527873592954673,4.0991644486339934e-14,4.367326948218411e-14
26.0800,-0.04539139270186487,-0.00020328207295705633,0.24531083816489938,-0.05610671598211289,-0.0793867676396953,0.006397716239529717,-0.0044000663298388015,-0.0005656371655001668,0.011550509622386759,-0.00014043870048742338,-5.241146242648845e-06,-0.002255605244311166,-6.035966392493598e-05,-6.159577957595171e-10,1.1042759055700764e-09,-0.0028333147996571877,0.0011999896554446676,0.003131046468894408,-0.00033179220309687284,5.1024424485915376e-14,5.3674438212168024e-14
26.1000,-0.04544068102420279,-0.00020454586870464778,0.2454047866776211,-0.05610211698068004,-0.07987876860346797,0.006409521047054773,-0.0009116323090399803,-0.0001861028031610161,0.0015388442270321224,-0.00011122863679865629,-0.000113660262163983,0.0015790509757521074,2.291243022030073e-05,-6.159582302969803e-10,1.1042755135588039e-09,0.004995805839792106,-0.004839582222327907,0.23018421712433004,0.005302494160265588,-5.3105442135784053e-14,-5.1190531035003733e-14
26.1200,-0.045367282044155986,-0.00020840720453000786,0.2452280626353553,-0.056083881681269536,-0.07921304880613181,0.006386462273512969,0.0043895317510394905,0.00047745437556892013,-0.013017076391242503,4.13386262116426e-05,-0.0001418022562617092,0.005092048892636294,0.00010970055682827099,-6.159589965206126e-10,1.104274788602217e-09,0.00995864644824975,-0.0014872976947897232,0.17284515106790863,0.004532002469347352,-5.844166838832321e-14,-5.6452692726634973e-14
26.1400,-0.04526313693994552,-0.00021091236741201968,0.24499578393294288,-0.05606109975052574,-0.07821779342955115,0.0063564690399250615,0.003957708979706692,0.0004870714265583911,-0.010840894422165933,0.00015608159615412628,7.526677314751383e-05,0.0020001846775873967,5.014641173495741e-05,-6.159588419957213e-10,1.1042749955936987e-09,0.0027154306640525473,0.004518410942927925,-0.11265014647171721,-0.002219887609164401,-7.088264437210556e-14,-6.889046353774492e-14
26.1600,-0.045185297561477836,-0.00021133473790412588,0.24482962527605107,-0.05603797704296644,-0.0774356831255599,0.0063352556857796906,0.00305218855194957,0.00042505226280310966,-0.008065077426631314,0.00014957127109278769,9.90389818405164e-05,0.00010842514365322622,1.0917506679082804e-05,-6.159590284601785e-10,1.1042748554664027e-09,-0.0017178040723750333,-0.004526682350250169,-0.016603808755213233,-0.0002763812902375334,-7.540497360628701e-14,-7.340140864911526e-14
26.1800,-0.045172006900282044,-0.00020959043080527793,0.24480387424303918,-0.05601810695759294,-0.07724088250986791,0.006333170722818022,-0.0006810647599170706,1.5542467767199403e-05,0.0020567751190290378,4.783751123927095e-05,0.00012043108365142036,-0.002938568071791789,-6.0018367451489545e-05,-6.159585984156557e-10,1.1042753389391344e-09,-0.007583252949992626,0.002402846675259674,-0.19841924929529006,-0.004826921365005372,3.263635564056122e-14,3.5358231642058924e-14
26.2000,-0.045254521842776445,-0.00020636625861076367,0.2449807699783663,-0.05600883657841618,-0.07796167462916978,0.006357735085615224,-0.00405555232660127,-0.00040522132414755904,0.010644039797096442,-0.0001089201984871917,4.4291239955958606e-05,-0.004027478870632294,-9.464775493902386e-05,-6.159582789612181e-10,1.104275709350701e-09,-0.0073407079454697365,-0.005095674638796425,0.011031685355491943,-0.00031796722219682106,4.320571407156332e-14,4.588769820937713e-14
26.2200,-0.045381842826376174,-0.0002037744530189282,0.2452429337292873,-0.05600843063910036,-0.0791423675064772,0.006393491745698318,-0.005284909527018879,-0.0005991773357454632,0.013271969444316977,-0.00021666977282574633,-4.51400681060473e-05,-0.002790801033304471,-7.766798204823924e-05,-6.159578317127583e-10,1.1042762060092087e-09,-0.003887573806605406,0.001036690485884056,0.015760006841792955,-0.00012479213006881402,5.5569149271222223e-14,5.821367422397666e-14
26.2400,-0.04545153345648725,-0.0002040154464087539,0.2453675373909426,-0.05600674975049175,-0.07981875057561544,0.006411299895910493,-0.002070488593675001,-0.00024827067895205146,0.0038886675878843325,-0.00017868854611961246,-0.00013859763310140956,0.0013050011524912972,1.097085958839894e-05,-6.159581580222533e-10,1.1042759221752038e-09,0.005968977920808082,-0.0026884995873525577,0.21736722456069832,0.004969457942995243,-4.7423484139230004e-14,-4.551692139517782e-14
26.2600,-0.04540740221150292,-0.00020669791492430566,0.24524251464939162,-0.055995579232797056,-0.07942799625304091,0.006396677756151558,0.0029752982306793666,0.000370072556734891,-0.009820725528521179,3.5595215066946325e-06,-0.00012186548294837961,0.004774853945816068,9.681845213381642e-05,-6.159587438107851e-10,1.1042753801818742e-09,0.010795846809600376,0.0006825318605621914,0.15875781211031303,0.004180142759058865,-5.2242573060547887e-14,-5.0268166365552425e-14
26.2800,-0.045332312262338234,-0.00020809298094912187,0.2450658040504991,-0.05598342794465048,-0.07871413919375939,0.006374916123692141,0.00193394346147248,0.0002913495079043297,-0.0055826193434770546,0.00012796471314414264,0.00016207729863456112,0.0009950576405957782,2.137742300468468e-05,-6.159580620432767e-10,1.1042761143892533e-09,0.0014302610429424837,0.015938526339151333,-0.3201751279157095,-0.00702438200037021,4.601984890167596e-14,4.8735612713426274e-14
26.3000,-0.04533935512988153,-0.0002063475646073266,0.24509099491794575,-0.05598572073175112,-0.07876041738549082,0.00637745312632642,-0.0006976286429808826,-3.664857631085584e-05,0.0027485934528395616,0.00010041010618143541,0.00024347935083422252,-0.0017205599291180674,-4.0029527051103206e-05,-6.159576140818253e-10,1.1042766107152627e-09,-0.0045534653800086,0.0033090702221291236,-0.15071148911635956,-0.003560623566460634,4.721938308025961e-14,4.9909627483375046e-14
26.3200,-0.045378651721776624,-0.0002039937558197703,0.24519428289548445,-0.05599591773005024,-0.07912008696177054,0.006389054336745547,-0.0020889627515959163,-0.0002387773622909418,0.006887391132268622,2.7774508747705966e-05,0.00017629813985712474,-0.0017720144732280643,-4.4440356948778886e-05,-6.159573774967345e-10,1.1042768911051096e-09,-0.004652419041478249,-0.0016930843570720693,-0.032675341035129694,-0.0009580648171115845,5.173596604292688e-14,5.441423001203635e-14
26.3400,-0.04542476068520022,-0.00020215958512559464,0.2453152452983479,-0.05601323916818008,-0.07956761641623881,0.006402046865403599,-0.00046457240851988113,-8.867950325649385e-05,0.0023309546097560626,-3.9442334432639825e-05,1.9477957486634633e-05,0.0004986380391910118,2.009456285500652e-06,-6.159574683685976e-10,1.1042768497286751e-09,0.0008374647127127526,-0.014372435827967822,0.3044714467451544,0.0068957677976651185,-5.074096660418262e-14,-4.8820695478912074e-14
26.3600,-0.04534568508135712,-0.0002031317751474854,0.24515454867234462,-0.056016371439217644,-0.07883314158263488,0.006379676441338507,0.004021650110994296,0.0004942237932944573,-0.010263892636900357,3.5364828942655236e-05,-8.086718159449668e-05,0.0036252851701207385,7.932544249087084e-05,-6.15957884817225e-10,1.104276477056953e-09,0.004484411120306519,0.004404176870371727,-0.039373642306601134,-0.00042839318923462705,-5.942574449017968e-14,-5.745114805980403e-14
26.3800,-0.04531239382787898,-0.00020140843146014035,0.24510471787498245,-0.056028346777859214,-0.07850531402484341,0.006371977704273735,0.0005477881402945144,0.00011718183729805014,7.996778333867718e-05,4.141212155159933e-05,0.00011412675308248222,-0.000759020552070352,-1.559792732904232e-05,-6.159571679849443e-10,1.1042772468007596e-09,-0.002983179650993048,0.006014561875905321,-0.2024141079215996,-0.004608446569388462,4.547631802381824e-14,4.818132112900664e-14
26.4000,-0.045336715675609277,-0.00019814991001502035,0.2451835143836382,-0.05605062231784305,-0.07872162381028876,0.006380927970798498,-0.0013292010585540712,-0.00010527257377574932,0.0051345774910779955,-3.4222304955946446e-05,8.508853057553019e-05,-0.0019608982881521913,-4.542968870964834e-05,-6.159568269241059e-10,1.1042776352837339e-09,-0.0053639634035033724,0.0004820695829501356,-0.09776594050931299,-0.002418318862853335,4.7744570612611587e-14,5.0428845127514776e-14
26.4200,-0.04538279839730473,-0.00019498369258755295,0.24530306758088188,-0.05607952975820268,-0.07915990467956044,0.006395680407263349,-0.0019098103549533298,-0.0001830728154355124,0.006245796094697402,-0.00011414071995325908,-9.442693284781741e-06,-0.001370994709005255,-3.653763047673796e-05,-6.159567580305523e-10,1.104277753508188e-09,-0.001011515430327613,-0.011540952024460503,0.2016783987917871,0.0044119943436488,-5.712898416051354e-14,-5.521590265089929e-14
26.4400,-0.045345964999139406,-0.0001942024233037484,0.2452254766690624,-0.05609893014935259,-0.07882359840963298,0.006386528138264798,0.002075534748016219,0.0003333238215498458,-0.005654594014358483,-6.993869295115957e-05,-0.00014401058922362285,0.001946019143092814,4.2008152806861255e-05,-6.15957101685717e-10,1.1042774568397973e-09,0.0025200518714981047,0.007340566563041555,-0.10284512487662302,-0.0020427912366461753,4.77037842821354e-14,5.042287523930253e-14
26.4600,-0.04534133726148966,-0.00019192194624910656,0.2452185764533043,-0.05612474578246194,-0.07878084618685988,0.006387332981659201,0.00021579316947351106,0.00013678681585514873,-0.0004390984604323744,-4.8591490213259616e-05,-2.8520184258584876e-05,-0.000288169952788097,-6.108511511297162e-06,-6.159567457511359e-10,1.1042778630356468e-09,-0.0005467538572355395,0.0056331629151822995,-0.1254099915593156,-0.0027869609784410354,4.4102742291496355e-14,4.6801050448269654e-14
26.4800,-0.04534297965616844,-0.0001895150426456578,0.24522117079262878,-0.05615183604176791,-0.07879680881297511,0.006389903578603597,-0.00010072905024187464,0.00011245830666750504,0.00014401880326381624,-4.302300310429982e-05,-4.151030252137637e-05,-0.00030459445283359424,-5.41106428174753e-06,-6.159568006339649e-10,1.1042778533853663e-09,-0.00032057525498185846,0.0021155538070310857,-0.05208219432326841,-0.001121062068312137,4.2479515456432526e-14,4.518114398235906e-14
26.5000,-0.045370297403881765,-0.00018665450122702128,0.2452773935488288,-0.05618276481706681,-0.07905761800952565,0.006399719091014523,-0.0018106942442150224,-9.593797815094188e-05,0.004787540490632893,-5.3469628958159696e-05,1.2143749528681092e-06,-0.0014295114490329526,-3.0934427430242796e-05,-6.159566356977646e-10,1.1042780675508033e-09,5.4151073426057715e-06,-0.0034320521460621716,0.04931373801881645,0.001036239725987336,-6.901961912154225e-14,-6.710562281634497e-14
26.5200,-0.04537938239774187,-0.0001849708215711695,0.245288340104254,-0.05621113789991251,-0.07915823417461985,0.006403620158825005,0.0007529203402638542,0.0001914157615560621,-0.0028089530345428142,-2.8465607395399798e-05,-0.00012209197558617639,0.001253785448204019,3.030623180911523e-05,-6.159571057755784e-10,1.1042776420929507e-09,0.003036977481691632,-0.003948967594715521,0.13079979524098995,0.00319490939054771,4.255992260004948e-14,4.5274148199967584e-14
26.5400,-0.04534652986287775,-0.00018420356735469073,0.2452040153437721,-0.056231127728871025,-0.07885484143630847,0.006395691618710127,0.0008845783244982971,0.00022332390805108055,-0.0030548980288719356,4.195603671124189e-05,-5.0735251426214424e-05,0.0007971300784486709,2.5735465589921214e-05,-6.159572064057624e-10,1.1042775923793534e-09,0.0022647579111153495,0.0061504212169212315,-0.10503184424020852,-0.0021835794274265292,3.4218199833953994e-14,3.6931768136305027e-14
26.5600,-0.04533042271009287,-0.00018305929124705917,0.2451612305259998,-0.05624759023859316,-0.07869918804022082,0.006392522997146426,0.0003602645221063998,0.00012904130765111047,-0.0013415373774157218,7.070366266459211e-05,-6.455636385067315e-06,-0.00013653178916019478,7.354209984539861e-06,-6.159573712517943e-10,1.1042774737535071e-09,-1.6756594269725694e-05,0.003426715878951158,-0.08661428469995343,-0.001885240465164583,3.048354008995148e-14,3.319459101038327e-14
26.5800,-0.0453858327877456,-0.0001802698871714813,0.2452810748552794,-0.05627449724412768,-0.07921879739715815,0.006409852338570121,-0.0031440692482381204,-0.0003216285126424144,0.008688682129123552,2.2155012992334663e-05,8.631905061375453e-05,-0.002788496192111896,-5.538765842196587e-05,-6.159569836638936e-10,1.1042779134720468e-09,-0.0032441545716486698,-0.001414008972379799,-0.023010669484260945,-0.0008245954812423205,-7.8593449565241e-14,-7.670214019050298e-14
26.6000,-0.04538689004018758,-0.00018047240505811887,0.2452766596578391,-0.05628832886414273,-0.0792454582103211,0.006410068812705362,0.0014747754126465881,0.00018211390971503285,-0.00467262215889356,3.9452464985557485e-05,-0.0001474608631092683,0.002081910092569458,5.428637483640665e-05,-6.159580328348977e-10,1.1042769058623809e-09,0.003135470692837579,-0.0036629796936947304,0.14264540424165947,0.003490996740623862,3.578103660801038e-14,3.8502390837212574e-14
26.6200,-0.04533241880910272,-0.00018188626372831824,0.2451499408113221,-0.05628837647058134,-0.07873335879670862,0.006394684928958878,0.0015389365987536294,0.000198214533517483,-0.004452179047175221,0.00011234353744224727,-4.786104954594612e-05,0.0012504253595166442,4.1602448491752063e-05,-6.159583141706229e-10,1.1042766729540705e-09,0.0024286029637110296,0.006190541778096694,-0.10950188518192282,-0.002302309667160389,2.7518972208406475e-14,3.0244063546971955e-14
26.6400,-0.04530601467452739,-0.00018247050304146873,0.2450923630642916,-0.05628533100396532,-0.07847022765346774,0.006387531216057949,0.000802173014580317,9.052958228614802e-05,-0.0021161107701379955,0.00012239035868449438,8.982740343846002e-06,-0.00023711601023986364,9.516268094721216e-06,-6.159585739485806e-10,1.1042764622845283e-09,-0.0012703914875211522,0.0021321768915372914,-0.08256384114392937,-0.0018865453131671323,2.4990155344378762e-14,2.7710262741082597e-14
26.6600,-0.045309953593615275,-0.00018282097022675862,0.24510324655132412,-0.05627915460833232,-0.0784891059720347,0.006388731700223099,-3.263745545198525e-05,-3.946026399522681e-05,0.00014755829407791523,7.888410647891658e-05,-3.614784209222172e-06,-0.0009263757001096205,-8.15991597676012e-06,-6.159587247077362e-10,1.104276361198176e-09,-0.003496831155620712,0.004904874000750988,-0.13730822541875193,-0.0032597795025202103,2.564779511275879e-14,2.835113125710699e-14
26.6800,-0.04535514615093661,-0.0001830563256748844,0.24520453206218754,-0.05627309182281625,-0.07890411242682249,0.006401076196841488,-0.002098084309010191,-0.00033402536670485187,0.00585154542323421,8.141758217779827e-06,-3.7109355564093974e-06,-0.001752265710363568,-3.240551169245538e-05,-6.159587826688149e-10,1.1042763551512314e-09,-0.0035117901729609198,-0.0007981286948554774,-0.0076884167571448486,-0.0004883014123045083,3.24246109562748e-14,3.5105666745978426e-14
26.7000,-0.04538122349313829,-0.00018507067439219228,0.24525858169489906,-0.05626066208177768,-0.07915667358479138,0.006406764561571935,-4.674877806410138e-05,-0.00013487774785441345,-0.00024314338281544333,-8.894225908523413e-06,-0.0001268353078668722,0.0009233685905648392,2.419078903824616e-05,-6.159595395438666e-10,1.1042756393613502e-09,0.0027187006015339773,-0.012941502670943027,0.314326050401547,0.007133522695599895,-7.185873803546711e-14,-6.991248671563838e-14
26.7200,-0.04534018764666556,-0.00018885510064069373,0.24516030742427358,-0.05623424187216783,-0.07877056741311865,0.006393184235035321,0.0010491279154624116,1.4030652928584508e-05,-0.0032344665831326542,4.538529407350444e-05,-6.648107706754618e-05,0.0011682096218793494,3.286174171077206e-05,-6.159595977818133e-10,1.1042756302215605e-09,0.0008961096549303383,0.013027953852406274,-0.2185273927511489,-0.004899971523031158,3.3231846907535306e-14,3.594247431149347e-14
26.7400,-0.04533872588473116,-0.0001913473206001724,0.24515637172958607,-0.05620996647559139,-0.07874792986979966,0.006391195542638861,-0.0003273138833310238,-0.00017560230205947424,0.0009224147148970404,4.4357548220158034e-05,3.868962947657462e-05,-0.0007914852556496404,-1.2810964565930325e-05,-6.159596514203102e-10,1.1042756281097585e-09,-0.001504126046425697,0.0017977639923244643,-0.05290862608017333,-0.0013739996748014162,-7.54766393698883e-14,-7.354578372090886e-14
26.7600,-0.045351355845492436,-0.00019370441212229533,0.24518465865544947,-0.05618481946846727,-0.07885866739910365,0.006393011506425713,-0.0014373337542135396,-0.0003075675931225974,0.004088145176334937,1.2466578582718212e-05,5.798473829578902e-05,-0.0013850597655889205,-2.9112859204788008e-05,-6.159596074349871e-10,1.1042757188582463e-09,-0.002621926014298513,0.002718408793849888,-0.0779056099901982,-0.002036733491901414,-7.258654940132947e-14,-7.066982903817381e-14
26.7800,-0.04539566259387209,-0.00019587414520810874,0.24528448953844303,-0.05616453894503447,-0.07928245248799995,0.006403273710701252,-0.0010136217587505723,-0.0002978214825645889,0.002807620497473168,-3.454923728857889e-05,-1.217571650887178e-05,-0.0002484967392554986,-9.571823826504557e-06,-6.159598434742433e-10,1.1042755287177954e-09,0.00014715411589713535,-0.011480322980828985,0.25543577325732236,0.005635469522206426,-6.284958718825312e-14,-6.092306834796363e-14
26.8000,-0.04537157271473761,-0.00019997110050489538,0.24522875399992133,-0.05613526432147402,-0.07906808923843907,0.006393674693193008,0.0018805909342292711,6.087137897679868e-05,-0.00542062080879504,-2.4474596958473564e-06,-8.780553688665506e-05,0.002339862674647302,4.925318795433647e-05,-6.159603168716672e-10,1.1042750994411184e-09,0.0046435202404422355,-0.007701060469458542,0.22495498188322544,0.005290737398407388,-6.183097924720299e-14,-5.986650655461292e-14
26.8200,-0.04535095971527698,-0.00020301228517620917,0.24518586247248583,-0.05610737208341719,-0.07887275197148662,0.006385934644700342,-5.228884867543251e-05,-0.00013802902605096858,0.0004848149456436951,1.6392750916467145e-05,9.549942930667146e-05,-0.0005996732702561461,-1.553790841076632e-05,-6.159595834907886e-10,1.1042758882605131e-09,-0.0020685140572686282,0.010900867390028072,-0.23495082559001773,-0.0054611723403150715,4.4940058076779754e-14,4.7629401236839314e-14
26.8400,-0.04538515727633759,-0.00020443520849857934,0.24527079549079048,-0.056090127661155134,-0.07919759715156258,0.006393958674055249,-0.0016181269051802865,-0.00033770168961431827,0.005067556443740751,-3.2119039253285743e-05,0.00011385560144758053,-0.0015627387291621466,-4.173393181806229e-05,-6.159593239046738e-10,1.1042761942489768e-09,-0.0033233953159678177,-0.00046084950879177227,-0.020077590071827495,-0.0007311137858380537,5.1648064351792616e-14,5.432425478424721e-14
26.8600,-0.04538267767118171,-0.00020698532824155286,0.24527127640064686,-0.0560715493441443,-0.07918887142179355,0.006391172291897262,0.001282354102107888,-3.179553147457083e-07,-0.0033041983351999836,-4.279579895101517e-05,-3.357377142033328e-05,0.0014526312580100983,2.4107121074823017e-05,-6.159597796123973e-10,1.1042757816243845e-09,0.0023954532249176796,-0.00878962235641445,0.2166017949954907,0.005007134967525809,-5.4917814816101557e-14,-5.296947640709079e-14
26.8800,-0.045339340377375935,-0.00020960873024477027,0.24518010773828738,-0.05605016657494493,-0.07878404251645278,0.006377556119083293,0.0013734410016623259,8.045878153184359e-05,-0.0034290488853145453,-7.294740644254958e-06,2.6297652053392914e-05,0.0009556710934664461,1.620030876939897e-05,-6.159594998144096e-10,1.1042761104436452e-09,0.0005172363925291923,0.006377909176767679,-0.12241597487185478,-0.002675255684539846,5.093777640354305e-14,5.365314719200584e-14
26.9000,-0.045339382081283526,-0.00021030263778283278,0.2451892081512282,-0.05603861534466075,-0.07878107857463364,0.0063770139025592035,5.6923206618741346e-05,-5.25902760974132e-05,0.0003539268787975663,-2.9534316611046068e-05,7.14854224678952e-05,-0.000516412127361357,-1.8223374402800502e-05,-6.159592467523864e-10,1.10427641218724e-09,-0.00107718977765814,-0.005434839389051937,0.07346237872385379,0.0015874042554628544,5.3508717910103615e-14,5.621827466441645e-14
26.9200,-0.04532536896877072,-0.0002108889848148886,0.24516255521433242,-0.056027819405443754,-0.078642391135731,0.0063728099393318,4.6294766043791864e-05,-1.1254334145536967e-05,0.00013917666126418135,-4.721605228566232e-05,4.598218820660239e-05,-0.0004453695374477794,-1.6662382272997363e-05,-6.159590875046834e-10,1.1042766195492e-09,-0.0007082515120731115,-0.001650969804922083,0.00453776104002443,5.808550100296363e-05,-5.870640345378986e-14,-5.6767091027865035e-14
26.9400,-0.04531801125261876,-0.00021082198841030736,0.24514620761016503,-0.056020899362808484,-0.07856323580775977,0.006370903034994881,0.00014787928861152762,4.2019464045787404e-05,-0.0004853919994199783,-6.35563598682238e-05,3.2139417359437685e-05,-0.0005976411666032862,-2.0278616384971524e-05,-6.159587707742634e-10,1.104276987864225e-09,-0.002122611263311223,0.007964894226647886,-0.1807569261769843,-0.0041413995841140016,5.035747751951092e-14,5.305501318223632e-14
26.9600,-0.045327003975556494,-0.00021006124060713694,0.24516157955194331,-0.05601963772780045,-0.07863949807684449,0.006373842204051314,2.8577913449528617e-05,6.0570132149272907e-05,-0.0005593356656025763,-7.7427430561149e-05,-1.4410263758296904e-05,-7.99690382374347e-05,-9.841055958157991e-06,-6.159589369714719e-10,1.1042768673035723e-09,0.0012329975347863686,-0.008413561407917833,0.16413863881576607,0.003729513756482067,-5.702900716768322e-14,-5.507932028222043e-14
26.9800,-0.04534775344890774,-0.00020868312929412262,0.24519848334178448,-0.05602350322180558,-0.07882732624007747,0.0063803836077053885,-0.0016007002156740887,-0.00011329409942833894,0.003921807175382393,-8.963047909223952e-05,5.116919166471219e-05,-0.0014201747458424936,-4.0629727250995434e-05,-6.159582325868079e-10,1.1042776233820065e-09,-0.0020579438384519468,0.006535255789481463,-0.14406837082497967,-0.003404498562941158,5.1887842438501364e-14,5.4566526535952675e-14
27.0000,-0.04538670253092676,-0.00020702898789077298,0.24527378260296392,-0.05603500858222915,-0.07919970262334208,0.00639179459223884,-0.0013611721385365801,-9.226284934152102e-05,0.0030563229849174343,-9.415201749123534e-05,-5.5729569783282315e-06,-0.00025847719521384244,-1.6561020842919126e-05,-6.159584104830122e-10,1.1042774880053044e-09,0.002576923295283413,-0.01260203852926141,0.28120400160341685,0.006367187219319271,-5.341228490312461e-14,-5.148223562951096e-14
27.0200,-0.045356480049748606,-0.000206871901990654,0.24519115066318592,-0.05604020227614438,-0.07892105308113453,0.006383534513252101,0.0012781596378165093,0.0002577574661512956,-0.004451632047761252,-2.1647695164930622e-05,-2.9596252038370818e-05,0.0014850161952298256,2.761720442008974e-05,-6.159583831870368e-10,1.10427756462081e-09,0.0030223763634961752,0.008153537480416743,-0.11285587461865401,-0.0023004021966657783,5.023484747753923e-14,5.294846321373531e-14
27.0400,-0.04534860910356043,-0.0002052394746702976,0.24516471202396375,-0.05605119005152741,-0.07884103491346212,0.006382420839618197,-0.0005777481348576469,5.2855427018010214e-05,0.0012338938398431542,1.4552801906913122e-05,9.514490191895641e-05,-0.0006697661378269911,-1.780283909689442e-05,-6.159580284381797e-10,1.1042779670338777e-09,-0.0001281147048931953,0.0055810905644305495,-0.13083021010400483,-0.0029446734202869824,4.6695659220840485e-14,4.939153469898927e-14
27.0600,-0.0454000478792047,-0.00020220568756467052,0.24527719546572163,-0.05607428551526271,-0.07932859306455242,0.00639809288448695,-0.0021171956834092356,-0.00016902681075863356,0.005834121638785051,-1.8522741409566742e-05,9.868975492997108e-05,-0.0014278927871234207,-3.749364440783612e-05,-6.159578354722023e-10,1.10427820817646e-09,2.884923013548578e-05,-0.01217079517593845,0.22300442341743337,0.004938740632756213,-5.911474109700221e-14,-5.720067702916914e-14
27.0800,-0.045367909256398505,-0.00020158509731933876,0.24520124632053297,-0.05608729703169697,-0.07903513008741019,0.006389529826086058,0.0017030619913593018,0.0002946475383262902,-0.004984576558899445,2.8715062842592067e-05,-3.822379962362356e-05,0.0019297551972898674,4.213324647151086e-05,-6.159581580572329e-10,1.1042779305905967e-09,0.0022039803111168466,0.007089230282934334,-0.09780518249829868,-0.0019197358519420277,4.626019619452526e-14,4.897560764056952e-14
27.1000,-0.04536498707344947,-0.00019956810631603582,0.24519894391538327,-0.056105979878664065,-0.07900714376155711,0.006390015764848793,-0.00013568085918103144,6.94415910969141e-05,0.0007677605616960868,4.951726627398755e-05,7.881708995993176e-05,-0.00034752738175740345,-6.425966131905437e-06,-6.159578953538878e-10,1.104278245475732e-09,-5.204375857119417e-06,0.0002770921068983065,-0.029184079409772783,-0.0006229800091737175,-6.739789661699275e-14,-6.546967015828159e-14
27.1200,-0.04539550769996509,-0.0001968817994832474,0.24527736044511844,-0.056131035592275225,-0.07929959940457999,0.0063999561618549436,-0.0014023394909574807,-0.00011551293970967225,0.004626556848102349,1.7343110357837953e-05,7.288064391397942e-05,-0.0009422898743912554,-2.1224752263734166e-05,-6.15957783713109e-10,1.1042784054252933e-09,-0.0002944899997448486,-0.009973248817899802,0.16908108952126064,0.003757534177100403,-6.442338795677877e-14,-6.250467537213117e-14
27.1400,-0.04537863366782899,-0.0001958240888153855,0.24524972242919904,-0.05615006335790065,-0.07915250815512768,0.0063960046298387205,0.0011190578014685353,0.00017549546127590922,-0.002510148377496177,3.0205370920804853e-05,-3.2569927319877055e-05,0.0011968381278754186,2.8904022970407822e-05,-6.15958133467907e-10,1.10427809854794e-09,0.002421721112934276,-0.005314410392935349,0.11985692435780997,0.00289811719240522,-6.650326719436633e-14,-6.455862862526918e-14
27.1600,-0.04536568767303247,-0.00019432761728808078,0.24523474990889854,-0.05616950471152996,-0.07903465399908544,0.006393673528897446,-0.00012074451417535019,2.8147402028016976e-05,0.001308937333457778,3.9745751512351596e-05,4.409779801547501e-05,-0.0003848449875593489,-4.1740088654787376e-06,-6.159578613219266e-10,1.1042784209775366e-09,-0.0006213730470807826,0.001987468403442203,-0.07234855556651995,-0.0016377401247924422,-7.101072930625757e-14,-6.908650084305745e-14
27.1800,-0.04536731153448281,-0.00019273293754298624,0.24525428765734517,-0.05619073569861757,-0.07905711912697262,0.006395361695104894,0.00042659465839917364,7.557544334933348e-05,-0.00018086710061771067,2.2032127757619552e-05,-2.4621335960324105e-05,0.0002932021485519789,1.0721764135837211e-05,-6.159581437152168e-10,1.1042781848144848e-09,0.00016171949465094556,-0.007455054654622705,0.13130014061095016,0.0030401328419371646,4.238138838355901e-14,4.509311354221682e-14
27.2000,-0.045370620340676904,-0.00019128727442696892,0.245276341469452,-0.05621138554351021,-0.079096149110501,0.006397557064658878,-0.00038770508382148156,-2.7569615468571127e-05,0.002084372329193879,2.1299693558861907e-06,-2.9715565459420826e-06,-0.0005213220609271501,-7.386602115790568e-06,-6.159580099242012e-10,1.1042783679300047e-09,-0.00022603333597765368,-0.004125453598026721,0.05529632661190764,0.0012171446617769968,-7.082819031799248e-14,-6.890340620117896e-14
27.2200,-0.045359551131687666,-0.0001905027310297229,0.24526338456749286,-0.056228517649252636,-0.0790008827357827,0.006395482249882848,0.0004083428974370389,6.570881759098836e-05,-0.00046135559637312535,1.923707987281168e-06,-4.941116059253071e-05,0.0002001358957147152,9.892334219763941e-06,-6.159581013383551e-10,1.1042783244401149e-09,-0.0010376105174387156,0.006249627319431599,-0.13110176639368806,-0.0029275412850984965,3.782250120737407e-14,4.0522035867854994e-14
27.2400,-0.045375334510288176,-0.00018936869609679637,0.2453093395492003,-0.05624867409324164,-0.07916273298981683,0.006400934376743652,0.00017276734211098144,1.6012189500480383e-05,5.366964453661291e-05,-1.3841879140042986e-05,-8.35890004852739e-05,0.00045357804065507875,1.4330858444646497e-05,-6.15958499101219e-10,1.1042779746805321e-09,0.0021004538792873313,-0.01404935113472062,0.2851608880260517,0.0065458932625090515,-6.970011861510278e-14,-6.775478886712066e-14
27.2600,-0.045313087815117635,-0.00019024852838564135,0.2451734522013391,-0.05625364335438969,-0.07858004532726683,0.006384065795345131,0.002090039719144025,0.0002858804660048204,-0.005657274055797941,3.4903957852321644e-05,-9.468252641247802e-05,0.0012049824053152745,3.657837975984779e-05,-6.15958768278796e-10,1.1042777532024024e-09,0.0017389355670435226,0.005706959295298586,-0.11305962508479159,-0.002368177273810888,3.261928623260815e-14,3.534730830517113e-14
27.2800,-0.04529077884579153,-0.00018976258207926646,0.24512584840851698,-0.0562589200563617,-0.07835729296600072,0.006379078816419807,0.00032249553724637375,8.36648376137059e-05,-0.0008069035568964636,3.3877538747687244e-05,-1.8960034179044423e-05,-0.0008628874850344924,-8.874822316487627e-06,-6.159588561798842e-10,1.1042777124197311e-09,-0.0008229727171620073,-0.001796793705122403,-0.019670572904121764,-0.0004961934052757337,-8.118041015890004e-14,-7.923464673004893e-14
27.3000,-0.04528739797730722,-0.00018919799693267755,0.2451133545552575,-0.05626144742442792,-0.07830839015134451,0.006379263848538556,0.000512100874864656,0.00010684113647202514,-0.0019256393610923757,7.007569951761802e-06,-0.00010299944270689276,-0.00014683415885117948,5.77654289117542e-06,-6.159593556231104e-10,1.1042772596329293e-09,-8.380442269971197e-05,-0.00901684346441072,0.15538436341696746,0.0035326395915941306,3.161080880560718e-14,3.4344197678923966e-14
27.3200,-0.04529262122951458,-0.00018894523625329445,0.24511049254547038,-0.05625837589336493,-0.07833783939684595,0.006381536342136812,-0.0007282013990377629,-3.330787252736111e-05,0.0010597284595534793,-1.453826066419066e-05,-6.772683160571935e-05,-0.001148953627979248,-1.7687157093871892e-05,-6.159592158648558e-10,1.1042774506802755e-09,-0.002257194716227388,0.00776918238399154,-0.17314675440424152,-0.004070233744052049,2.827173716489495e-14,3.097187491283432e-14
27.3400,-0.04537536578612872,-0.00018765077600836917,0.24527681971533397,-0.05626262513962433,-0.07910962214359848,0.006405236953595403,-0.004194739669151326,-0.000496714000221413,0.010588194270109805,-7.739502905240558e-05,6.730156492041818e-06,-0.003085838440217026,-6.8271036564139e-05,-6.159588820317055e-10,1.1042778384180367e-09,-0.003685202728104384,0.0014124190900380279,-0.036678183366328186,-0.0012673645667023632,3.6257042019312985e-14,3.8910213484393e-14
27.3600,-0.04540159471301527,-0.00018940241010391342,0.2453091577011537,-0.056256799571025785,-0.07937480490725286,0.006411050882632833,0.00020633830061574562,-1.3960241317807024e-05,-0.002309815712534357,-4.192461758589191e-05,-0.00018873842605191506,0.001990684290303391,4.4471206761093776e-05,-6.159599954866148e-10,1.104276762913016e-09,0.005939305990891254,-0.009067135694136126,0.30331797642898384,0.00707227648262429,-6.943545131227191e-14,-6.748856302366685e-14
27.3800,-0.04533463866121949,-0.00019319840206453586,0.24513395430979257,-0.05623365444217541,-0.07874900434059383,0.006390341181559123,0.0025402206869015722,0.00029043893232803505,-0.00852883469176533,8.593203382084726e-05,-9.678881934081909e-05,0.002684362033238317,6.757195399659821e-05,-6.159602559772728e-10,1.104276550174918e-09,0.004348116113837122,0.016697641475160452,-0.24589023839437632,-0.00525274781229916,3.1596836150109275e-14,3.43262947905508e-14
27.4000,-0.04532288986999345,-0.0001947346166175542,0.24509511222743408,-0.05621367248930193,-0.07862107671947649,0.006386170344850973,-0.0007465985499570419,-0.00011725506734089707,0.0015364589253674212,0.00011696422537778649,0.00012668643260519623,-0.0013876351813311134,-2.2703130496513846e-05,-6.159599903390027e-10,1.1042768679192838e-09,-0.002453782754873818,0.009571096070417801,-0.2299641793035967,-0.005389757896244599,2.9663175128008534e-14,3.235825778331869e-14
27.4200,-0.04540255224630817,-0.00019460578802437106,0.2452696514001771,-0.05620454991794207,-0.07936511590848684,0.006407540784760536,-0.003991545917033287,-0.0005812050119303047,0.01107971021803798,2.893849108623323e-05,0.00016800897463549672,-0.0033100055783416094,-7.368832089956182e-05,-6.159596383366534e-10,1.1042772710842996e-09,-0.0052926535373104405,-0.002626414371741773,0.0036324922529124793,-0.0004146726819456002,3.9794136410566117e-14,4.2446941957412915e-14
27.4400,-0.045422099048962696,-0.0001973919277407444,0.2453094971876603,-0.05618672709030706,-0.07956870985251441,0.006410280621269677,0.0005381078800319967,-9.313964600880357e-05,-0.0017856093648199519,2.2761304268597494e-05,-6.749929130108617e-05,0.0019423782412679074,4.154945774518166e-05,-6.159604659014769e-10,1.1042764875479913e-09,0.0021809221408043665,-0.0014764825051391355,0.11534832731754198,0.0027267930385109353,4.645508153502953e-14,4.916040990086967e-14
27.4600,-0.04536495919184052,-0.0002016189012451592,0.2451837010392059,-0.056157136511009176,-0.07904005450798325,0.006391536779390277,0.00197857450158199,9.814114664822124e-05,-0.005232787396520811,9.332817619550003e-05,1.043172085081368e-05,0.0019915457490572155,4.756064095999701e-05,-6.159605278117113e-10,1.1042764712192696e-09,0.0012710312021787784,0.01589944498662149,-0.27377710650796644,-0.006039639368055849,3.983910369566995e-14,4.2550015702698396e-14
27.4800,-0.04537700144276893,-0.00020334485155058552,0.24522708555800157,-0.056138003879946795,-0.07915330415915285,0.006393290071170646,-0.0009832006024168023,-0.0002804807378225582,0.003908795941618069,6.79370576502207e-05,0.00015643362009690786,-0.001264562289921267,-2.7961845924604574e-05,-6.15960141996742e-10,1.1042769078667466e-09,-0.0035473240262931024,0.002008472647116798,-0.08784582512274319,-0.002233017058263438,4.406031610523428e-14,4.674341832653847e-14
27.5000,-0.04536570329052164,-0.0002059532747740149,0.24522097821031694,-0.05611660779481438,-0.0790546374402957,0.006388026508296805,0.0017405486206827255,3.121252929869001e-05,-0.0038068818517546987,3.606535184407504e-05,-8.326263139616077e-06,0.0014693010582471967,3.1046015058276546e-05,-6.15960736375523e-10,1.1042763566941271e-09,0.0007496315628426845,-0.009770156121990002,0.2051071874485865,0.004730718266831724,-6.171011781002517e-14,-5.975344459681342e-14
27.5200,-0.045317844233530226,-0.0002087824566414504,0.2451330394607335,-0.05609026076203865,-0.07859944363206393,0.006373065966152132,0.001809274826630693,8.263555548899243e-05,-0.003882114687427362,3.4849875467925156e-05,1.812401500055619e-05,0.0009500264834935081,2.1211940049672362e-05,-6.159605759697699e-10,1.1042765662043048e-09,-0.0010541892797231174,0.004557960111790029,-0.11251641513488463,-0.002501254491444614,4.54890709518721e-14,4.8212010826751556e-14
27.5400,-0.045326842247042566,-0.0002095480085409614,0.24517374013839086,-0.05607343946294403,-0.07867290408991805,0.006375018165465599,-0.0006886675919116276,-0.00019664543608582838,0.0031356223787766977,-2.88942216977097e-05,8.227215229712536e-05,-0.0014525845281539397,-3.620848038517789e-05,-6.159600936023076e-10,1.1042770995711126e-09,-0.004590214980941525,0.0006439343693648685,-0.0789289827866127,-0.00204012437152473,4.839089063268451e-14,5.108400817155703e-14
27.5600,-0.045368991222961674,-0.00020962541276607226,0.2452827593428687,-0.05606464962853759,-0.07906891170899537,0.00638633920890743,-0.0023915844816661935,-0.00038824002692478346,0.007540879673648812,-0.00011874839447848789,6.564282500515168e-05,-0.002211617706644834,-5.9377093260359726e-05,-6.15959566727289e-10,1.1042776789610895e-09,-0.004839683770814304,0.0016781153211862215,-0.07508872568998563,-0.002065076945704848,5.4528816629140914e-14,5.719236933002247e-14
27.5800,-0.04536047291883493,-0.00021132740668459142,0.24526802038521267,-0.05605334742091345,-0.07900259595925822,0.006382746842935707,0.0017595074586670783,0.00013603344911767608,-0.004902859718438466,-0.00011257829470658893,-0.00013637296798834728,0.002097027734182187,3.6458083586746014e-05,-6.159602290615851e-10,1.1042770555920368e-09,0.0027707707441377155,-0.0041432656084135966,0.14727121036783591,0.003532456929612397,5.830106769534257e-14,6.102661643169957e-14
27.6000,-0.045339599380364984,-0.00021224634119760354,0.2452215369110695,-0.05604469990891673,-0.0788085213513039,0.00637663045687932,3.241559883691003e-05,-3.5053279356786067e-06,-3.527745843223086e-05,-8.117067845046871e-05,1.8004529189229813e-05,-0.00016844501197613577,-1.1841224217964175e-05,-6.159595907998978e-10,1.1042777450197388e-09,0.0002140170592652359,0.007848763297594702,-0.1557025431905919,-0.0035307917362065906,5.2990950386369584e-14,5.5688011710644525e-14
27.6200,-0.04531669986394312,-0.00021254821183417616,0.24516720468222852,-0.05603883120376155,-0.07858955114156625,0.00637036323184056,0.0009377245280226892,0.00015006551350463989,-0.002903170656213718,-6.052681530021989e-05,-1.0963608233968492e-05,0.000366178466428565,1.4194819749417784e-06,-6.159596901552499e-10,1.1042776942193442e-09,0.0005035355517298383,0.001634282716912608,-0.03468665159875281,-0.0006921440463176543,5.172685196841442e-14,5.44454347058132e-14
27.6400,-0.04528653517678926,-0.00021223924530899683,0.24509100021183014,-0.05603382729017335,-0.0782902761947757,0.006362649391924254,0.0008766341722161591,0.00020003586294354566,-0.003045580265218115,-4.2867153916104086e-05,-1.8241558926849275e-06,4.785427234225505e-05,-3.4891421125108143e-06,-6.159597405130459e-10,1.1042776887512787e-09,0.0013372678155129636,-0.00318924529555785,0.04320493353197744,0.001066434113528732,-6.199604902796391e-14,-6.003384638367248e-14
27.6600,-0.04528511442046877,-0.00021060937533553688,0.24507400757809733,-0.05603370614170315,-0.07825235780769911,0.006363620313468708,-0.0005808439039172367,6.636068411960884e-05,0.0007321213377006097,-5.124721157353737e-05,3.203622416157729e-05,-0.0011913585835565765,-3.089881824752764e-05,-6.159593622479185e-10,1.1042781176023998e-09,-0.001903990693306992,0.004101975624382897,-0.11835914755120594,-0.0027379794875156435,4.5574655160862676e-14,4.8281691145124483e-14
27.6800,-0.045331592275941524,-0.00020792296595894828,0.24515868795365595,-0.05604221022089021,-0.07867230581004339,0.00637804299005621,-0.0021322172411376117,-0.0001173541426088933,0.004709700331838358,-8.98460845948634e-05,2.1171273103214378e-05,-0.0016765593220880962,-4.4962209560260984e-05,-6.159591889654214e-10,1.1042783394220664e-09,-0.0007428080888010613,-0.0063513177670472725,0.11112017196329976,0.0023627223952088446,-6.10757511189039e-14,-5.915019450804249e-14
27.7000,-0.04539267591128253,-0.00020548751673351187,0.24527107522493202,-0.05605645055707214,-0.07924810172958381,0.006395953960075922,-0.00240096927167176,-0.00016882037896313865,0.005229025580178705,-0.00010341733461619433,-8.797810044382678e-06,-0.000848151504357556,-2.913311073675522e-05,-6.159589404568374e-10,1.1042786361416514e-09,0.001115979593584313,-0.0035828286939396997,0.1130383247606441,0.00248325992559926,-5.789245222532352e-14,-5.598296213540563e-14
27.7200,-0.04538573698385792,-0.0002050999327953329,0.24522967183620156,-0.05606449299430063,-0.07919448918734436,0.0063939011393918735,0.001287159338840283,0.0002694415115244018,-0.005186387577086918,-1.6854124624978724e-05,-9.417935419262868e-05,0.0025485117139787115,5.091836335030064e-05,-6.159594831806149e-10,1.1042781386085797e-09,0.006892780290817595,-0.00333569227835502,0.1700864696359457,0.004220120302681314,-5.947764389292384e-14,-5.751986614874888e-14
27.7400,-0.0453681118401146,-0.00020405927965776676,0.24517354987610396,-0.05607293946900778,-0.07902662676244356,0.006389559911255803,-0.0004834421993208342,6.921061805943346e-05,0.0006239953159035088,5.527965825135883e-05,0.0001049117667751058,-0.00016135728713146188,-4.741457232750495e-06,-6.159588288373021e-10,1.1042788429684152e-09,0.0006591990724353832,0.013155255805726553,-0.25347492946053507,-0.005666042727396616,4.3545089680342014e-14,4.623385685799744e-14
27.7600,-0.045391190914948386,-0.00020200042520386374,0.24522072341732962,-0.05608960424872761,-0.07924686467421138,0.006396685543585471,4.4362166953147406e-05,8.070422160103359e-05,-0.00034795525070769804,6.269701640563188e-05,6.417075242296686e-05,0.0003834644509076398,7.018671450749784e-06,-6.159591232886483e-10,1.1042785938289206e-09,0.0014618625106472157,-0.010384650347274737,0.21663457816221143,0.005011313872141655,4.8571850751535917e-14,5.1283569133930146e-14
27.7800,-0.045392576090915876,-0.00020041307549309803,0.2452265470433867,-0.05610422276009629,-0.07926201346855971,0.006397745946789733,-0.001131640336749725,-6.68636721498896e-05,0.0036131396310980376,6.913351308554842e-05,0.00013037880245819815,-0.0007464492391201878,-1.603558172116133e-05,-6.159586757443912e-10,1.104279092316775e-09,-0.001113935229097149,0.005038056237443981,-0.12391941647613466,-0.002853688207648108,4.398288374132808e-14,4.6663593941589226e-14
27.8000,-0.045367002629285,-0.00019961663691442326,0.24517934782994424,-0.05611540499357423,-0.07902414098580074,0.006390994552989556,0.0012773229854234152,0.00019258521898412608,-0.002889369915070471,8.846997093154611e-05,3.44790347556136e-05,0.0010647103081196754,2.7146654933424114e-05,-6.159591121837753e-10,1.1042787008238115e-09,0.0003218950928894348,0.003055356456420986,-0.06314086394244393,-0.0012685243972772261,4.243083477888793e-14,4.514270901534445e-14
27.8200,-0.045357312894932916,-0.00019808274245996428,0.24517521744715234,-0.05612844068760026,-0.0789278948502878,0.006389290227942261,-0.000218759772292598,7.957886921027254e-07,0.001822167820313255,7.699982218195462e-05,9.331507292573995e-05,-0.0006097223926414692,-9.07080587359467e-06,-6.159589613936891e-10,1.1042789011582502e-09,-0.0016870873981275375,0.0004309275529560977,-0.06074589028666639,-0.0014233991033906941,-7.06853195767132e-14,-6.875768942919691e-14
27.8400,-0.04538278046605979,-0.00019601014078695034,0.24525401379930867,-0.05614684451353893,-0.07916911521399908,0.006397493569210653,-0.000961694286238209,-0.00012279637489843429,0.004036377645374895,2.037079191484315e-05,6.246894965924122e-05,-0.001085042040205334,-2.228577212791921e-05,-6.159587846363782e-10,1.1042791270707666e-09,-0.003267180372281932,-0.0008921309734555441,-0.027915732788834864,-0.0007811124032397588,4.3567112536970626e-14,4.624881207171416e-14
27.8600,-0.045374341089638344,-0.0001953780883595401,0.24525474743891124,-0.05616074990673689,-0.0791003169601355,0.00639560471379383,0.0011510318668848712,0.00011515441587135741,-0.002104912876197905,6.8115614032423675e-06,-7.544187460539867e-05,0.001314213548487794,3.1507258463175994e-05,-6.159593238954452e-10,1.104278631754739e-09,0.0013129079741787915,-0.007104639568636602,0.15472954588888496,0.003648577233299497,4.5796916606222204e-14,4.8516109207343006e-14
27.8800,-0.04533612520114467,-0.00019519613013856414,0.245187222094147,-0.05616936448556341,-0.07874179125347518,0.006385682625422306,0.001372666658283297,0.0001677129705071314,-0.002737677986289121,2.3831730167587027e-05,-4.078145438286207e-05,0.0007452859721974838,2.195567289112444e-05,-6.159592640246832e-10,1.1042787406111781e-09,-0.0003451028768617496,0.005449018419474671,-0.1251961544383216,-0.0027373659212832635,3.9552481298846254e-14,4.226617157394169e-14
27.9000,-0.04532256034639106,-0.000194218866925409,0.24517372811299498,-0.05617988441522194,-0.07860841310254692,0.006383115967278188,0.0006308549818601611,8.833383064381706e-05,-0.0008247045087359191,4.818181527845261e-06,-3.237917811944702e-05,-0.0001761590385861283,1.2304479875055345e-06,-6.159594780246977e-10,1.1042785739117202e-09,0.00020377616040340746,-0.009247668549123553,0.14333071441411377,0.00325782219618171,-7.084373506664049e-14,-6.889026024983758e-14
27.9200,-0.04534738490931972,-0.00019247229968969495,0.24524097642210219,-0.056194416520218844,-0.07883732435647049,0.006391549957152341,-0.0016000110391341763,-0.00017715831724881762,0.00513846264873834,-4.991550912346393e-05,1.888242563762582e-06,-0.001803552169915101,-3.791718490444834e-05,-6.159590365415714e-10,1.1042790670288645e-09,-0.003245943854497601,-0.0008678369979127468,-0.03369671851214923,-0.0009850893192189906,4.0432297809291085e-14,4.311624706354253e-14
27.9400,-0.04538962517866716,-0.00019125512283364607,0.24533934485741155,-0.05621193714196705,-0.07924868082853885,0.006404143294339858,-0.00065206964996258,-8.85655764102125e-05,0.0018613290775836195,-9.200574104245484e-05,-0.00011356082333812094,-1.3801998263669399e-05,-1.7756578777283918e-06,-6.159593857989851e-10,1.1042787628484439e-09,0.0015024492977717407,-0.01403825055218978,0.3040782468376798,0.006872964709384847,-6.438712139410913e-14,-6.246065676392826e-14
27.9600,-0.04532124913520001,-0.00019296217374496498,0.24517918991427998,-0.05621149936899531,-0.07861373331626878,0.006384936514149579,0.0031921385562235253,0.00042347984414771634,-0.009467242473602146,-8.329768215009527e-06,-0.0001851310549400554,0.0028014550283265043,6.78339005719688e-05,-6.159598584572882e-10,1.1042783355707105e-09,0.003555231833391171,0.012371212279077165,-0.1809360744542546,-0.003728203361705343,3.69798389501276e-14,3.9714644062532195e-14
27.9800,-0.04527559930231838,-0.0001931100383209445,0.24506995036586024,-0.05621013801450159,-0.0781669507195529,0.006373190275621896,0.0013657466938924328,0.00024328236435905065,-0.004265025404161659,4.046920505328184e-05,-3.2456412610095e-05,-9.518638961843098e-07,8.921098394274638e-06,-6.159599643722259e-10,1.1042782789861855e-09,0.0007896559348874076,0.0023387646368826067,-0.07820152232634107,-0.0016896082849610693,-7.953411692261658e-14,-7.756982718914313e-14
28.0000,-0.04529838818315235,-0.00019156512838103135,0.24511126696140695,-0.05621369042393858,-0.07835739236462776,0.006381039842934215,-0.0017637292807779093,-0.00013581229459893614,0.004291904907420211,-3.466944627262657e-06,2.626633256102415e-05,-0.002310379564065923,-4.56617171091233e-05,-6.159597906423703e-10,1.1042785038657556e-09,-0.0028639208443831843,-0.0042960107125580085,0.021811236233213124,0.0002593347223278977,3.307082933239405e-14,3.5772539173483525e-14
28.0200,-0.0453786938465565,-0.00018969033967910744,0.24527456899133507,-0.0562228401395829,-0.07910646372846933,0.0064043693315979046,-0.003992248391594592,-0.000445795795882811,0.01014642209720567,-7.953689423561037e-05,1.2930140204060711e-05,-0.0028877455336042217,-6.520452604247452e-05,-6.159595292310892e-10,1.1042788157554095e-09,-0.00273628803435692,-0.0050057903377937205,0.0822991821073578,0.0014906418108640619,-7.197440885474415e-14,-7.008158159696465e-14
28.0400,-0.04543086169140379,-0.00019009489654896197,0.24536838257144616,-0.05622820584283457,-0.07961984277622752,0.006418073380389543,-0.0008333964008019444,-0.00011996870909002923,0.0008313258714765442,-7.161543997087248e-05,-0.00014597972343464898,0.0011698396472742752,2.2808915905324442e-05,-6.159600955781884e-10,1.1042782928176171e-09,0.0038798532509005837,-0.005653393908581509,0.22345491342756515,0.005160447355375578,4.6466479210367784e-14,4.916238856983446e-14
28.0600,-0.04533174511855743,-0.00019426193981238383,0.24512190181816038,-0.05620920344128637,-0.07870019424943123,0.006388297055589234,0.005506526687499758,0.0006711962453959449,-0.016947545998681195,9.466841509488412e-05,-0.000219520627652295,0.005488308268780582,0.00012978856710066868,-6.159612454551824e-10,1.1042771838840542e-09,0.009233214331199828,0.007078940927462886,-0.0003327057324009132,0.000695410870377613,3.638741055429079e-14,3.916239213344955e-14
28.0800,-0.04521882566299096,-0.00019689404595554205,0.24485535696696328,-0.05618083275982523,-0.07760164211436474,0.00635627074093022,0.004163568205187623,0.0005623166579051279,-0.012336802028802296,0.00020828969586430404,2.294015784372149e-05,0.0016657591901512929,5.360845208872987e-05,-6.159614620105022e-10,1.1042770174244005e-09,0.00294473086610589,0.004709184617638696,-0.12845957038132713,-0.0026048839998722376,-8.714582603718685e-14,-8.513459034964477e-14
28.1000,-0.045147886551073886,-0.00019758473545828197,0.24468669755042236,-0.056146719495949696,-0.07686031962389199,0.006337097768901675,0.0023309189302251907,0.0003708316881274062,-0.00715759720172702,0.00018642957844897058,7.129572818626015e-05,-0.001129739245531023,-7.056427929468089e-06,-6.159617106957402e-10,1.1042768224545192e-09,-0.004822459840747482,0.005107513617110994,-0.22685182723110628,-0.005219661522674549,1.6557999952702615e-14,1.932024215633467e-14
28.1200,-0.045177377398131345,-0.00019612899163333312,0.24473701942563156,-0.056115053758452854,-0.0770525561393634,0.00634652560223615,-0.0024601173151535456,-0.00021300483721667937,0.005776748010085873,5.737723630814878e-05,8.532310002163688e-05,-0.004106793552773617,-8.083669700537782e-05,-6.159615807505524e-10,1.1042770029614546e-09,-0.008743935852050414,2.5537294864950388e-05,-0.14195954399950791,-0.0037706124908779685,2.1292429625008324e-14,2.400691611107418e-14
28.1400,-0.04530486652374653,-0.0001941954252651207,0.24499378074567474,-0.056090523177678576,-0.07819470274158638,0.006382246498322787,-0.00602334539968431,-0.0007079950617980664,0.014927605843851877,-0.00011096134624615811,1.2566452840537825e-05,-0.004656291495615335,-0.0001072053243132695,-6.159613314555695e-10,1.1042773036975989e-09,-0.007604714269103253,-0.003437138859191991,0.024270017545587448,-0.00020242364410125545,3.6628604880087345e-14,3.929013825442265e-14
28.1600,-0.04542757230696812,-0.00019476849209402745,0.24522687705129564,-0.056064918860310724,-0.07933609260871485,0.0064142645493075095,-0.005326498157757303,-0.0006997707002043551,0.012378020887588943,-0.00017057669648839213,-8.887082158780738e-05,-0.0016817445096054269,-5.070517487852428e-05,-6.159614277645164e-10,1.104277253764919e-09,-0.00021434674447951989,0.000643014741748285,0.09576060836062904,0.00173274373451934,-6.050293322986192e-14,-5.862203897224333e-14
28.1800,-0.04545771965759259,-0.00019884354807861305,0.2452524544400699,-0.056029865995336985,-0.07963597424875994,0.006418391856197169,3.22042228384565e-05,-0.00010596185222187739,-0.0025695388420357264,-5.679700598106851e-05,-0.00016596355549181572,0.003591911106294153,6.740227693199714e-05,-6.159622504457949e-10,1.1042764736030005e-09,0.00918868065410085,-0.0002471789052096828,0.22255128743947625,0.00530900525919865,-5.3978292647270665e-14,-5.20339657862981e-14
28.2000,-0.045393809483249566,-0.0002042073537247277,0.24508283954471688,-0.05598447433472792,-0.07903797966785045,0.006396323369163478,0.0027588610838910083,0.0002349897772030101,-0.009041781695819841,0.00010754112611356292,7.598652683716834e-06,0.003745496057441005,7.876725080941294e-05,-6.159622317902127e-10,1.104276537211123e-09,0.006050387875895254,0.018666143870607724,-0.23795111857447349,-0.004987191011924134,4.9115442615765836e-14,5.18451655304869e-14
28.2200,-0.04538873870896382,-0.00020643395262849728,0.2450710269746231,-0.05595247471859662,-0.07897653687646682,0.006392370204402242,-0.00017393984963426796,-0.00013889752309153842,0.0007655193985328361,0.0001434022151249145,0.00024651785784678295,-0.0002764970937507818,-1.0604552848865813e-05,-6.159617554698544e-10,1.1042770665903638e-09,-0.0006476056890533928,-0.000880953943420205,-0.0017770724430214728,-0.00012942598666432602,-5.930376496951148e-14,-5.736668193430383e-14
28.2400,-0.04540218865290086,-0.00020798617567468707,0.24511801425858495,-0.05592405151800123,-0.07909008671907747,0.006393669080269799,-0.000879305478033548,-0.00025522217877276936,0.00368811461473319,9.537522058569294e-05,0.00023826852582943862,-0.0007634146232504057,-2.4325301440727372e-05,-6.159614058867398e-10,1.1042774628382586e-09,-0.003378458106176477,-0.002274803612980242,0.002371641504993885,-0.00013868536912692766,5.602216282020456e-14,5.871548364698442e-14
28.2600,-0.04542713188331277,-0.00020901413877705803,0.24520118959839915,-0.05590546431765758,-0.07932408065582279,0.006398503167832692,-0.0007343384523846618,-0.00026587125915920846,0.003850959417061221,2.451282779086451e-05,0.00015914608945482282,-1.2579805227541034e-05,-1.1866582930121275e-05,-6.15961263443113e-10,1.104277653989607e-09,-0.0010375476883262196,-0.013724464198626959,0.2507521097968463,0.005527857389062271,-4.673001487718112e-14,-4.480327242019355e-14
28.2800,-0.04541538578795795,-0.00021043638812176047,0.24520819205285804,-0.05588925340228245,-0.07921725573963026,0.0063934344742387385,-4.3021313294068186e-05,-0.00016324946110908385,0.0023133398666714553,-6.998342380846215e-06,0.00014934193444372684,6.56829335018977e-05,-1.041043045629805e-05,-6.159606147602099e-10,1.1042783501324772e-09,-0.003295584110302057,0.008584147761620841,-0.1973092455745222,-0.004559963439641679,6.274116697100457e-14,6.542222276070819e-14
28.3000,-0.04539017828061601,-0.00021141817604075167,0.2451901140351051,-0.05587990084475651,-0.07898575900243734,0.0063852713670903335,0.0020609314742604853,0.00011634204506903022,-0.003496689303462866,-2.758111163560307e-05,5.503392754696227e-05,0.0014878950369153737,2.1239546315217922e-05,-6.159606215114624e-10,1.1042783882094883e-09,-0.001477038622198794,0.0025927294564753577,-0.06273534848956655,-0.0013097648909534184,6.505246916230917e-14,6.776479063216184e-14
28.3200,-0.045404735499661016,-0.00021022863663725216,0.2452640734250158,-0.05588586202339906,-0.07912605265750536,0.006389684562142246,-0.0012520062783772177,-0.00023559602114085762,0.006089277652160237,-9.292673481493946e-05,0.00016245276054948824,-0.0016282426512765592,-5.051926254849393e-05,-6.159595483286193e-10,1.104279513647237e-09,-0.005238918471040007,0.004574153794584708,-0.16779996827141455,-0.004032113168001508,6.615175529751938e-14,6.881927211259409e-14
28.3400,-0.04543024793252455,-0.0002084764097518284,0.2453585991512321,-0.05590464703963559,-0.07938478436503532,0.006397503671716498,-0.0007526219299034082,-0.00014516081839824753,0.004288279220141457,-0.00015963033102610365,5.6209113203558835e-05,-0.0006098803875180356,-3.111959202843192e-05,-6.15959256410132e-10,1.1042798513821565e-09,-0.0016559879713384823,-0.0073473787575215,0.11598958102770307,0.002523674141644273,-3.9181738365964836e-14,-3.7273108861521353e-14
28.3600,-0.04542367652130983,-0.00020697144231732607,0.24537367286121406,-0.055930582274851946,-0.07935146352655552,0.006396741922452406,0.0009896953027224446,0.00011990297075084043,-0.001089672393290979,-0.00016578991298148672,-4.219838305007463e-05,0.0012081941657672711,1.0350292484944715e-05,-6.159590374703772e-10,1.1042801155565743e-09,0.0018156521632245845,-0.006566170062136985,0.14668558264040307,0.0034934450336273734,7.210605810353821e-14,7.481092568345504e-14
28.3800,-0.045326575375176766,-0.0002063309069691996,0.2451765856714605,-0.05595160335708541,-0.07845041410551805,0.006371435887348147,0.004637495782157476,0.0006734172969667083,-0.01191292697191926,-8.515776535237686e-05,-0.00010916112488582445,0.0030991071012608845,6.142865972759122e-05,-6.159591452982948e-10,1.1042800524278051e-09,0.00341319489401841,0.007063284045545786,-0.1283387586743788,-0.002379725203831249,5.950554177007461e-14,6.225411625006977e-14
28.4000,-0.04526855628337833,-0.00020269408145242546,0.24506168355938485,-0.055982439660240156,-0.07788601952204618,0.006359189986080928,0.001960510540732191,0.000459586047831851,-0.004704489343306824,-6.545396588773546e-05,1.0686001816114356e-05,-0.0003522134747295102,-1.0270472638764582e-05,-6.159587384891531e-10,1.1042805093972556e-09,-0.00028479796306958414,-0.003509292936891292,-0.02349190333140682,-0.0003496829308942455,5.085482138482075e-14,5.359603006630659e-14
28.4200,-0.045280139199513264,-0.00019665240863461634,0.24508965303988683,-0.05602488003446965,-0.07796639891589988,0.006367484348556756,-0.00162642362429837,9.840744123120729e-05,0.004489348988772744,-0.000130120841649437,3.835846488758754e-05,-0.0031153859230972484,-7.25125212470592e-05,-6.159580196504818e-10,1.1042812810538384e-09,-0.004757169969757096,-0.0002305629778506929,-0.11514184010533408,-0.0027712618384341235,4.6128933192755156e-14,4.882450373904293e-14
28.4400,-0.045371547877745465,-0.00018935848397062102,0.24527885120292442,-0.056081552053621524,-0.0788165152471541,0.006397986668348014,-0.004686205246671516,-0.00026162658477262723,0.011995087915582809,-0.00021986859941737575,-1.0253456819877565e-05,-0.003919883634914979,-9.556003176855064e-05,-6.159573964121437e-10,1.1042819555239078e-09,-0.004523122798999285,-2.5917922506289687e-05,-0.05397062753484062,-0.0015416825464333467,4.955301306005383e-14,5.220344013838474e-14
28.4600,-0.04549301465787431,-0.00018300512240579313,0.2455201805891938,-0.056148789051175145,-0.07999071669703993,0.006435525666982209,-0.004551039886522587,-0.0002925645055011418,0.010779081036938275,-0.00024576985983422423,-0.00012084623783687339,-0.0015337378686112843,-4.657912965596274e-05,-6.159573167274378e-10,1.1042820810761525e-09,0.0029309351692072866,-0.00918775734434455,0.2649179445384196,0.005938736974102571,-5.4441518025465097e-14,-5.256814542041813e-14
28.4800,-0.04550890340073386,-0.00018035907678761365,0.24551873884584954,-0.05620690129138434,-0.08019784592638786,0.006441720760658375,0.0006615661648448134,0.0003103572583699627,-0.004097450253912658,-9.900986523059434e-05,-0.00022713410396737972,0.003553420169819477,7.394763437935222e-05,-6.159579807405396e-10,1.1042814580863672e-09,0.011697418728345987,-0.004470010457305745,0.28017350333928465,0.006938157357615546,-5.852738812258534e-14,-5.659647148723371e-14
28.5000,-0.04539705803472612,-0.00018004724183010528,0.24524047962735632,-0.056247238884287586,-0.07918260500272128,0.0064118986264253405,0.005978889713903668,0.0009748819002535047,-0.01834712668916074,0.00014759597262268604,-0.00016785399257713572,0.005811838319193165,0.00014100324174801915,-6.159587629526237e-10,1.1042807189734878e-09,0.01214194484920874,0.007722958967439622,-0.01692092231274696,0.0005807260421911224,-7.662032358406179e-14,-7.46236839682668e-14
28.5200,-0.045267459322717106,-0.00017819310369176654,0.2449402517044095,-0.05627720684400141,-0.07794434612742093,0.006378746579402612,0.004506175306713762,0.0008316918665592846,-0.0129540270131624,0.0003034278806438552,8.166895226680097e-05,0.0014478866467099014,5.835426956543181e-05,-6.159589516313576e-10,1.1042805838889439e-09,0.0021175522498043126,0.009771523815160003,-0.2681957828696767,-0.005591163264881637,1.3936233081175003e-14,1.670153476781254e-14
28.5400,-0.04519932969293566,-0.00017424056500017025,0.24478728599931088,-0.056301817939307996,-0.07724509149948607,0.006363872404453193,0.002058177966932007,0.0005252124193427024,-0.005746660249103711,0.0002794322759262482,0.00010262860294724069,-0.0016122635366060604,-5.713194175157729e-06,-6.159594352403186e-10,1.1042801510137503e-09,-0.004363461438210011,-0.001731628449041307,-0.13447640345284315,-0.0030063545997868805,5.392308303976863e-15,8.14862635917582e-15
28.5600,-0.0452219453232426,-0.0001691428756172148,0.24483369255317322,-0.05632309015969987,-0.07738967824185679,0.0063744177718225515,-0.002016416473142664,-1.978723188201344e-05,0.005276444437108467,0.00014673537268654105,3.54528779430932e-05,-0.003760387132567332,-5.839592979700142e-05,-6.159597776753953e-10,1.1042798602128034e-09,-0.006746903360438641,-0.010915843278457332,0.05636282754388752,0.000918319908064883,-1.0308762307328911e-13,-1.0113039420646397e-13
28.5800,-0.04529806977288029,-0.0001652172066391124,0.2449864957486717,-0.05633739763961842,-0.07805574864977567,0.006398424004639467,-0.0038908249982021795,-0.0003305642445615057,0.0096558143320912,2.2529673124701188e-05,-8.45260831087566e-05,-0.0034059894956719183,-5.7967344422563836e-05,-6.15960026130491e-10,1.1042796601051237e-09,-0.0062821186965893545,-0.0008269341386331047,-0.04641845320941899,-0.0015249903443560607,1.3144570677682717e-14,1.5828216694139044e-14
28.6000,-0.045416584663071496,-0.00016307198942923994,0.24522387680930702,-0.05634807043359662,-0.07915530615497615,0.006432264832521413,-0.005270343321328029,-0.0006142019251049636,0.01302769910770244,-5.754295657598073e-05,-0.00013316357768914817,-0.002564017545711042,-4.831717262471474e-05,-6.15960308531989e-10,1.104279426487409e-09,-0.0022316409731347768,-0.0018403555134133738,0.08126653106512985,0.0013829386601998787,2.509627502014257e-14,2.7751499693086726e-14
28.6200,-0.045480827227009774,-0.00016487778112302896,0.24533613881937222,-0.056345300481240805,-0.07978033217281803,0.0064481430735061785,-0.0014536218967168286,-0.0002656958704036631,0.002168337629975,-1.331077739781524e-05,-0.00023517493970549592,0.0017805542064815154,4.602200054918168e-05,-6.159612624565267e-10,1.1042785151766822e-09,0.005707692902928374,-0.0017956531703342898,0.2082528947468126,0.004781452142214232,-7.902101824448782e-14,-7.710410814595198e-14
28.6400,-0.04543597975479829,-0.00017012235157185966,0.24521311660750203,-0.056321053075922854,-0.07938012900398723,0.006431978274312648,0.002766237220601279,0.0001908403312391785,-0.008951462475565294,0.0001423196246264488,-0.0001809483092047419,0.004307991914408241,0.00010876949929156126,-6.159623051063392e-10,1.10427751523234e-09,0.00945582535855372,0.000442285456653415,0.15623601169537857,0.003972849097249275,-8.150286543752439e-14,-7.95306881332461e-14
28.6600,-0.045340261398093155,-0.0001757405414065806,0.2449948326537226,-0.05628067551210361,-0.07846841884585455,0.006402021526364528,0.0032918169948780857,0.0002458711320104702,-0.009152280113928848,0.00026707233021084183,2.6404384642326318e-05,0.0022969308613995008,7.162463729338045e-05,-6.159626036119544e-10,1.1042772663935855e-09,0.0020254191267623733,0.0148468849569221,-0.2723459115120396,-0.0059558239229176866,1.9511735976918132e-14,2.2255509474168253e-14
28.6800,-0.04527190907944893,-0.0001800509422015767,0.2448535992938732,-0.056233142379719415,-0.07778395710013293,0.006380542340912291,0.0026732925655049396,0.00014806737612944892,-0.0066714933143861895,0.00026717316501723317,8.374825777737999e-05,0.0004691976982559158,3.1708774312020076e-05,-6.159632320438447e-10,1.1042766833889399e-09,-0.0021156528406937767,-0.001137149542975274,-0.05021423995142501,-0.0011551333192138223,-9.182273539611041e-14,-8.982984983033765e-14
28.7000,-0.045253682062522914,-0.0001832424076299114,0.2448283020810685,-0.05618140111633801,-0.07755548858351063,0.006373551303570612,0.0006521830033156605,-0.00011533288067362792,-0.0009605574864445306,0.00015915434280574692,7.583973686823166e-05,-0.0015371990172521938,-1.8495462716533646e-05,-6.159633665386262e-10,1.1042766026767155e-09,-0.007193539020844634,0.0008424787710284196,-0.12653006486782067,-0.003220519322091729,2.1794157732853148e-14,2.4525947407965515e-14
28.7200,-0.045293517346625414,-0.0001858660463181555,0.24492704709900975,-0.05612928169327006,-0.07787754117533718,0.006382609007735393,-0.0022967244805612574,-0.0004951746389119634,0.006877923101586228,4.48777761612409e-06,3.274583514273207e-05,-0.0028107324296081284,-5.773960541910067e-05,-6.159633516946075e-10,1.1042766707442494e-09,-0.007887831947633426,-0.0017638891763644931,-0.04574740089232677,-0.0016344123514932145,3.2524987748656226e-14,3.522335011553815e-14
28.7400,-0.04538847418362384,-0.00018853072306608898,0.24513927115970754,-0.05608228652594478,-0.07874408952204963,0.006406216328515857,-0.004503947551083626,-0.0007998024583514689,0.012480849764072972,-0.00012822940443136204,1.1906203153193858e-06,-0.003033879216531606,-7.502603602316715e-05,-6.159630415942666e-10,1.1042770286990856e-09,-0.006365143294704137,5.590652636627179e-05,-0.011606287407097165,-0.0009467969893428969,4.6445100098779085e-14,4.910487842084768e-14
28.7600,-0.045498595246576866,-0.00019241121053973124,0.24537797113283863,-0.05604245109776248,-0.07979650788504847,0.006432519870261616,-0.003260155678715922,-0.0007090725600915384,0.008542509217826861,-0.0001981459745851533,-9.921427489517383e-05,-0.00016418032395315796,-2.24449012878409e-05,-6.159630254603013e-10,1.1042770901057551e-09,-0.00010932977782201827,-0.004723550946318313,0.21468882127609762,0.00452418135849817,6.410597421825648e-14,6.676865278113647e-14
28.7800,-0.04548323724402245,-0.00019960412797363883,0.2453333060746425,-0.05599238748372999,-0.07968723735797702,0.006422510799192162,0.0017675121783719508,-8.23927141579194e-05,-0.005555863013100305,-0.0001022231706456936,-0.00013012253702979708,0.003862705031190485,6.911251261750287e-05,-6.159632523190213e-10,1.1042769062576741e-09,0.00565091544754944,0.012906118851896098,-0.07388119922298096,-0.001408326079956982,6.515685072646521e-14,6.78612710729859e-14
28.8000,-0.04538501982367884,-0.00020686723056176552,0.24511387641490942,-0.05593712404178695,-0.07877557923288558,0.006390372007017876,0.00476203918086602,0.00034936838258709207,-0.013211988259811205,4.3298344548606e-05,-6.250931712317544e-06,0.004203193548620732,8.445144951820994e-05,-6.159635395857458e-10,1.10427666292913e-09,0.006128508270871981,0.007839377043992284,-0.06576163097036958,-0.0010387178960106994,-5.137614644693325e-14,-4.9389379847171455e-14
28.8200,-0.04531574162257759,-0.0002108418352710239,0.24497267309094342,-0.055890451197381674,-0.07810057684652467,0.006368645797614535,0.0022501503404288897,0.00012678068207125538,-0.005328057403566896,7.12813688900122e-05,0.0001971623927424044,0.00012855659333265123,-3.4007428883109543e-06,-6.159629813571658e-10,1.104277272169734e-09,-0.0009188413214170516,-0.0004263006040555076,-0.06183857190018721,-0.0013889674972835185,-5.514950882036171e-14,-5.31750546915212e-14
28.8400,-0.045294626165778236,-0.00021222850470096303,0.24494136640523795,-0.05585412502965412,-0.07786256256244438,0.006361788312763017,0.0003494128697132407,-3.8595850277314546e-05,-7.093779517997407e-05,-1.1924731114303079e-05,0.00018836815211232944,-0.0017662454671100564,-4.869352201031662e-05,-6.159623769801983e-10,1.1042779300827351e-09,-0.006117495707297442,0.0012850121837747804,-0.1377289798892469,-0.003350333556638676,5.5531737520007896e-14,5.824815862932528e-14
28.8600,-0.04531885544135876,-0.00021193320727087416,0.24500345835590723,-0.055828984168700954,-0.07805237749863637,0.0063683139315709745,-0.0017505033235011367,-0.00023558013029059823,0.005243272214759695,-0.00011731521401168547,0.00013245918417090344,-0.002549196092750608,-7.162371159055134e-05,-6.159618188210683e-10,1.1042785359719548e-09,-0.006580846505186835,0.00224382147064772,-0.1353500353675644,-0.003423325535999124,5.990536164996937e-14,6.259757794578602e-14
28.8800,-0.04543662887233701,-0.00020947206858458375,0.24526616390465344,-0.055827064157762965,-0.07914851163588432,0.006401247328357015,-0.005711406030563107,-0.000702478019899667,0.015873055355737416,-0.00025287134987374364,0.00013984104196503697,-0.004159546370142195,-0.00011831744933277007,-6.159607247084409e-10,1.1042796817637226e-09,-0.005755069316912727,-0.004415192340236323,0.04458492286241746,0.00040627622955960907,-3.821636475158374e-14,-3.63507577445972e-14
28.9000,-0.04551760693442479,-0.000208765318271199,0.24543546781099176,-0.055834466190132055,-0.07994106520385001,0.006422644286111418,-0.0023596259640827496,-0.00030215794642232435,0.005793872649960769,-0.00027084645946341793,-4.7450268019931615e-05,0.00048310294432936016,-1.96920246390053e-05,-6.159605764281675e-10,1.104279873052297e-09,0.003005669160238172,-0.003938194150422364,0.19491486660390978,0.004383790371699134,-2.9150672761074636e-14,-2.7260373049609737e-14
28.9200,-0.04549142619856943,-0.00020982453926207656,0.24536434272104032,-0.055841486717909575,-0.07973520074950766,0.0064140834202012,0.0017077714202221848,0.0002440292662935114,-0.005457414210067591,-0.00013696631085310888,-4.2619544354054515e-05,0.0033847548307317826,5.189399562266428e-05,-6.159604074731551e-10,1.1042800858120996e-09,0.007447731281087538,0.009786301434227573,-0.05386799524677938,-0.0007574094140133514,-3.497916745750368e-14,-3.305016172848105e-14
28.9400,-0.04541781195273255,-0.00020990109563671073,0.24519908360719944,-0.05585398462030999,-0.07906462795119151,0.0063936643104547585,0.0040603200739412915,0.0005914867268824007,-0.011316184445091632,8.899449809170641e-06,3.754762417109062e-05,0.0036405336396078017,6.740876294017655e-05,-6.159603972028803e-10,1.1042801404544185e-09,0.0070026446814210105,0.00025861857754434884,0.056584370534456585,0.0018829593235454407,6.83235477742794e-14,7.107236619976337e-14
28.9600,-0.045359278819199225,-0.00020722546286876812,0.24507987709060378,-0.0558763912216937,-0.078505139931299,0.006379583611091452,0.0014625755195868753,0.0003561239353957786,-0.0031769382060606657,5.8297561528592926e-05,0.00022071696987691598,-0.0002892916824205877,-1.2683863813355227e-05,-6.159595245413116e-10,1.1042810654340007e-09,-0.00040969066496556063,0.004036651709410364,-0.1663269214729905,-0.0035656037208915683,-5.414244763244855e-14,-5.2193174099064016e-14
28.9800,-0.045374928383335435,-0.00020179538086717463,0.24513265542194732,-0.0559156223199469,-0.07863818060440143,0.006387426177991257,-0.0008911198776746766,8.823838311147976e-05,0.003574163607305334,-5.915384249188318e-06,0.0001887061885564414,-0.00197421771718126,-5.077170260046914e-05,-6.159590703033596e-10,1.1042815690988796e-09,-0.0029361969136118514,-0.012542454159759473,0.13633245192641785,0.003023875150577064,-5.336572519607993e-14,-5.143089188038019e-14
29.0000,-0.04543026456353362,-0.000195558975123789,0.24527046971156705,-0.05596698949260801,-0.07915826871120875,0.006406577780538759,-0.002966792806669615,-0.00016001965098475898,0.009178251751937285,-9.32291879218964e-05,0.00013064128708295422,-0.0026520172602432024,-6.825748225830723e-05,-6.159582757797533e-10,1.1042824149174051e-09,-0.0039078877079826825,-0.0035439672779904318,-0.007392469219410602,-0.0003614809703808469,-5.353782196217127e-14,-5.1647549355760686e-14
29.0200,-0.0454432645528733,-0.00019106967547019807,0.24530638190554263,-0.05601894362100351,-0.07930047933092785,0.006413083692762896,0.000700279077106024,0.0002739786682256818,-0.001684836140043625,-8.92606735002764e-05,-9.233564492746513e-05,0.0014854090519132639,2.595968758185618e-05,-6.159586353864391e-10,1.1042820982456875e-09,0.002222269506315434,-0.0021193632457125137,0.08288115259433194,0.002163503121790206,5.753841278216196e-14,6.024248076297659e-14
29.0400,-0.0453611603651682,-0.00018837273325334242,0.24512500065668952,-0.05605996427227613,-0.07853541586089709,0.0063930670632591806,0.004202535961962022,0.000749497421535357,-0.011679060936972572,1.909902205519285e-05,-0.00013554404837767982,0.0033823655270368504,7.868294798260443e-05,-6.159590314880343e-10,1.1042817468285841e-09,0.00452182355695823,0.010735697565196671,-0.17393718981320755,-0.003341069764834363,4.422551463500318e-14,4.697139893835786e-14
29.0600,-0.04532484528927563,-0.00018328308390762682,0.2450499672376207,-0.05610639184234921,-0.07817376541818821,0.006387440305359805,0.0006464223186858782,0.0003587860782214928,-0.0013685422958332797,5.349277465898044e-05,4.396811755572368e-05,-0.0008475813719896003,-1.0117800744057093e-05,-6.159587100363814e-10,1.1042821198470814e-09,-0.000772394236788069,0.001601295266211132,-0.11709759453404278,-0.0025247377371808073,3.547460041648451e-14,3.819631378765634e-14
29.0800,-0.04537394977878805,-0.00017648279983415553,0.24516413641916437,-0.05616279374123125,-0.07861853431588875,0.006406030417417539,-0.002686778949876476,-6.857974164459954e-05,0.00772762636484896,-1.9079113594341783e-05,5.174975495395698e-05,-0.0030514644467764997,-6.175374023303065e-05,-6.159583516381611e-10,1.1042825298480125e-09,-0.004167005446297012,-0.005533239839309092,0.015056484389877688,0.00013769937259571868,3.621921013975682e-14,3.890064540022081e-14
29.1000,-0.04545009581078964,-0.00017069358600809283,0.24533017376560784,-0.05622211570130245,-0.07934431955071776,0.0064310313727971215,-0.0028676825704522266,-0.00015212997199874945,0.007673922703028806,-7.77566610684269e-05,-9.270978025263175e-05,-0.0011800884675066084,-2.3341422917860074e-05,-6.159585420872378e-10,1.104282388540081e-09,0.00021569303879933753,-0.010163140166280858,0.21449940475881513,0.004811490267089003,4.151987456103845e-14,4.41987619463971e-14
29.1200,-0.04542547995021543,-0.0001687415758996446,0.24526207516920848,-0.05626467865295762,-0.07913574438859297,0.0064260726567978875,0.0025846166466465008,0.0004806463399491099,-0.00815820073515876,7.37041412619777e-06,-0.0002590638639696171,0.003480592830593627,8.686512955151275e-05,-6.159595694495896e-10,1.1042814002694382e-09,0.007746523160101112,-0.004230200821144679,0.19478335453107443,0.00493962488506351,-7.535725515817049e-14,-7.338861506347993e-14
29.1400,-0.045379931072288306,-0.0001668385923309454,0.24515149284957202,-0.05629854725046329,-0.07870805258325399,0.006415742141125737,0.0007905985199787814,0.0002704021652820929,-0.0025377532485940683,0.0001067825317896456,-4.604716942819539e-05,0.0005392068859644911,2.8797398281042633e-05,-6.159594564651318e-10,1.1042815647476008e-09,0.002457461543671951,0.008481453772807143,-0.1689277380000411,-0.0036260047472648363,2.4066960582639144e-14,2.6782297489784043e-14
29.1600,-0.04536614131983513,-0.00016459989833481645,0.2451178840566933,-0.0563275645412102,-0.07856965076859172,0.0064141624167577595,0.00023170755528220324,0.00014975903767982696,-0.0007683864232233067,0.00012562680187061724,-2.2679588758664855e-05,-0.0004638903926596743,8.641460252502266e-06,-6.159598770800568e-10,1.1042811950673251e-09,-0.0009270025406489023,0.0013474762031606814,-0.06491766151821865,-0.0014221137699031005,2.0505830784474724e-14,2.3220002174284202e-14
29.1800,-0.04539507401744438,-0.000162015251537164,0.2451812300104762,-0.05635685996928921,-0.07883317405567211,0.006424439659980463,-0.0018763754736501308,-0.0001526561076696917,0.005230874830619737,8.731874050960663e-05,1.0087524598368e-06,-0.0018100439435590936,-2.328453106620387e-05,-6.159600516617329e-10,1.1042810679412151e-09,-0.0019164116699069,-0.004731028740117943,0.046126894269458235,0.0008774610899304039,-8.989559313957174e-14,-8.797341110797219e-14
29.2000,-0.04544933750966891,-0.00016057352457140084,0.24530090538893531,-0.05638116710250577,-0.07935236843963293,0.00644057108546358,-0.002408786521189523,-0.0003016664028546192,0.006674330861115127,4.079446220979128e-05,-4.8578324645368925e-05,-0.0012815119072583903,-1.5358904084530514e-05,-6.159603344264163e-10,1.1042808360717262e-09,-0.0009360644617833726,-0.004638516238519012,0.09610956915684574,0.001996047109569348,-8.556886752983384e-14,-8.366460193913461e-14
29.2200,-0.04543776828658313,-0.00016208625792527587,0.24527164522610667,-0.056388053260736516,-0.07926095212259321,0.006436659109134872,0.0007987368003109112,4.6853587646839915e-05,-0.0024190455647245847,8.083640708444203e-05,-0.0001421564695920628,0.0015757199994156843,5.080945650615681e-05,-6.159610490960897e-10,1.104280164301256e-09,0.001431976500968877,0.010283705158180282,-0.139259943326133,-0.0030310687726545354,2.4066103385296522e-14,2.676686793761686e-14
29.2400,-0.04540840657085746,-0.00016476876249203954,0.24520869915752339,-0.056385969983722015,-0.07899892106835128,0.006427261606546148,0.0021285000290501887,0.00014745963541098008,-0.005789874195371259,0.0001339956252910545,-0.00012016290376669312,0.0020362270330721247,6.345541737393597e-05,-6.159618962194153e-10,1.104279362169244e-09,0.0031674435442828534,-0.002413296843562731,0.09188016211342524,0.0022963552843414683,2.4427512015099198e-14,2.7161544633455895e-14
29.2600,-0.04539318845825879,-0.00016703534976452054,0.24518423531365627,-0.05637646905296422,-0.0788546911722247,0.00642210462509761,-0.00043498871269225404,-0.0001878275723907101,0.0019608106855696474,0.00013238895741281254,3.754945007445195e-05,-0.000983356101014184,-4.0299752820390316e-06,-6.159617022121734e-10,1.1042796089349631e-09,-0.0031197841020028498,0.00953160750449708,-0.23029617520805948,-0.005423092497650806,2.0385206516522134e-14,2.30756271024906e-14
29.2800,-0.04542919529817115,-0.00016899139491044263,0.24527879282452608,-0.056367412360546716,-0.07920023723674359,0.006430875354264473,-0.00149324456722107,-0.0003854819408040057,0.005029565545076572,6.428927443421616e-05,1.1174887502066014e-05,-0.0014010398634325429,-1.9408679726519615e-05,-6.15962096929852e-10,1.1042792617711337e-09,-0.0025247047531868592,-0.008739881291013885,0.14337661227581983,0.002967396337955783,-8.265634812883171e-14,-8.073950579293165e-14
29.3000,-0.04539600736221369,-0.00017372293940508333,0.24521373178243744,-0.05634149354651351,-0.07889987848368603,0.006418931857492656,0.0021276908094690003,3.336769985411643e-05,-0.005502262503380019,6.580528666226093e-05,-0.00013230591967542242,0.001810307430986818,5.26989508807192e-05,-6.159628234929964e-10,1.104278580242712e-09,-0.00012207599686464427,0.008335035825896196,-0.12505500040836895,-0.0027551792191159506,2.829658911156739e-14,3.101464668853887e-14
29.3200,-0.04541676449494886,-0.0001770221296177829,0.2452730752667334,-0.05631828754757054,-0.07910071980407543,0.00642274452986521,-0.0018775334042525726,-0.00046845566614607634,0.006140314620560359,4.4663730021099414e-05,1.962228210589191e-05,-0.0011074149896214585,-1.4889781872742886e-05,-6.159625116350656e-10,1.1042789318489753e-09,-0.0033470655067326105,0.009838585634098963,-0.22057411299635366,-0.005289098761251221,2.937036939066988e-14,3.2051557317513274e-14
29.3400,-0.04542362433215642,-0.00018158922792514137,0.24529859959434447,-0.05628983014603462,-0.07918342539381756,0.006421652696988039,0.0007222642414732313,-0.00018459009005813585,-0.00155674017778989,-3.7406252157165762e-06,-9.424810873262457e-05,0.0009292175489938373,2.4575201959783025e-05,-6.159632430953036e-10,1.1042782587546839e-09,0.001047090095305691,-0.007038276538435542,0.1768892403869648,0.003977903322288671,-7.194509473850558e-14,-7.000301759704092e-14
29.3600,-0.0453958651789826,-0.00018661553545988843,0.2452432264155088,-0.056254954628304245,-0.07893244765229782,0.006411005121107158,0.00024276268362165716,-0.00019063989628400238,-0.00023482948957036768,5.447274266990992e-06,-1.3804607885132005e-05,4.1398492275471335e-05,4.7141040007905905e-06,-6.159630797301193e-10,1.1042784698241543e-09,-0.0012222226703362666,0.009781603746208649,-0.18731573460431036,-0.004375844518279579,3.740333509496402e-14,4.009912248168629e-14
29.3800,-0.045388044485954265,-0.00019137681813484464,0.2452333086597028,-0.056217921833254136,-0.07886660157779511,0.006405907305096653,0.0007145286910370896,-0.00017550072239879425,-0.001623551963772,-9.665321858409826e-06,-2.0381883816607153e-05,0.00011594817290377276,3.5967144600844565e-06,-6.159632742048926e-10,1.1042783225218522e-09,-0.0019313383436056876,0.0040928398463048535,-0.07885312854620191,-0.0019005572816238805,4.102686072815498e-14,4.373115232566768e-14
29.4000,-0.045413665943184314,-0.00019496647988964907,0.2452958821759276,-0.05618752326814498,-0.07911747686440823,0.0064105785363561376,-0.0013990399237361797,-0.00039629178788092283,0.004208554629861511,-5.756258163428763e-05,4.177256358486421e-05,-0.0013421869585581651,-3.406444917877733e-05,-6.159630759191824e-10,1.1042785699731696e-09,-0.0012607410031310953,-0.0062254474170516895,0.10956247575987951,0.0021974712775334184,-6.401753042603597e-14,-6.210079651035316e-14
29.4200,-0.04538442498398267,-0.00019991489421468766,0.24522885809072417,-0.05614963016004438,-0.07885336714383288,0.006399377386301124,0.0012357863386860026,-4.209094544608393e-05,-0.0036403351142171385,-4.4082924007656226e-05,-4.976694130515162e-05,0.0010288167901293557,1.8989953715150186e-05,-6.159633296578831e-10,1.1042783620243516e-09,0.00021722113874658882,0.0074013331026778,-0.11285440287579868,-0.0025294558169653087,4.673975914420633e-14,4.945069825628909e-14
29.4400,-0.0454001069082177,-0.00020299046742510882,0.24526273020232658,-0.05612039940030221,-0.07900709162501852,0.0064016218411377945,-0.001174317726869462,-0.00030599537171975864,0.003222583927162602,-6.304935880054022e-05,6.855398526651892e-05,-0.001230832821514522,-3.463153015058839e-05,-6.159628187564286e-10,1.1042789237704565e-09,-0.002592783213378098,0.005528278034573918,-0.12231712993031116,-0.003008692166196894,4.9533727813910744e-14,5.22147429460329e-14
29.4600,-0.04539839261922083,-0.00020640554543260812,0.24525384609027331,-0.05609176699727784,-0.0790030353568718,0.006398714976396992,0.0007806134900510733,-6.455544718035754e-05,-0.0026511444321555442,-6.383979225624762e-05,-2.8393825999486952e-05,0.0008991212856530795,1.1225895764293151e-05,-6.159630892976065e-10,1.1042786979789505e-09,0.00044813128047759655,0.0009853744225213168,0.0190163477566978,0.0004732500734569526,5.3341168016873136e-14,5.605161923797827e-14
29.4800,-0.04540380842863409,-0.00020888747972776762,0.24526023067470068,-0.056068088504063994,-0.0790624520927423,0.006398398657442826,-0.0006317483508050096,-0.000192239469741521,0.0014187044152252468,-6.17144604802875e-05,6.67023831654028e-05,-0.0005378169115063538,-2.1747293896602957e-05,-6.159625884243307e-10,1.1042792489909859e-09,-0.0009166198500893352,0.0054564344906608015,-0.10350920590446988,-0.0024536167822877303,5.349562616887085e-14,5.618359374742407e-14
29.5000,-0.04539999798703281,-0.00021110879796752165,0.24524584196219704,-0.05604865690362982,-0.07903768221934264,0.006395613321097935,0.0009551193953757246,4.1135434992161e-05,-0.0031050809318197404,-5.103042975717083e-05,7.26484199425205e-06,0.000906951966811948,1.0047225722968387e-05,-6.159626358456599e-10,1.1042792451636574e-09,0.00020688937926492503,0.004863522755362658,-0.06258747508543816,-0.0013326693271418818,5.4946302228183613e-14,5.765203039357486e-14
29.5200,-0.045399882879870304,-0.00021257704301448765,0.24524076385490767,-0.056033609001381955,-0.07904505146045195,0.0063943458216504595,-5.633128893323277e-06,-5.1427618199350334e-05,-0.0002568891977565496,-4.252619361921753e-05,6.746734828933393e-05,1.8035834627705964e-05,-9.783993122631472e-06,-6.159622545578308e-10,1.1042796777580476e-09,-0.0003126230615448062,0.004839676198240254,-0.0866246180196558,-0.001955579883815821,5.500381915343397e-14,5.770527827277105e-14
29.5400,-0.04539731877586796,-0.00021346848867338024,0.24523168260160483,-0.056022741408772656,-0.07902779020350105,0.006392758272640996,-7.918005886964506e-05,-2.968828808198939e-05,6.521023029310103e-05,-3.511876343703258e-05,8.466081554435611e-05,-0.00020257029137347117,-1.426945180600518e-05,-6.159620335354117e-10,1.1042799466638419e-09,-0.00011907540665747104,0.002699361257426857,-0.05657213384183742,-0.0012856230238943228,-5.6267904018861975e-14,-5.4342679444915887e-14
29.5600,-0.04541164024572356,-0.00021344176769374517,0.24526315901116655,-0.05602073192669661,-0.07917320794704114,0.0063962749923369535,0.00016117667337602856,4.7233970874529006e-06,-0.0005227443438030257,-4.218949362546198e-05,4.913113322218975e-05,0.00029818052752661744,-4.213831110043221e-06,-6.159620104712533e-10,1.1042800158326206e-09,0.0017874392049925228,-0.011281900904943696,0.23529403631498755,0.005380609943410581,-5.2168284882941895e-14,-5.0228484566039455e-14
29.5800,-0.04539587477807407,-0.00021350586155543212,0.2452277006715794,-0.05601922142405184,-0.0790316390657697,0.006391713816238103,6.904392720771841e-05,3.429023628568156e-05,-9.776938270491492e-05,-2.1846031279808964e-05,7.33365931203333e-05,0.00014368771711507824,-5.147487814996666e-06,-6.159615619606398e-10,1.1042805138846184e-09,-0.000151228819130683,0.005784193192162253,-0.11692715896041574,-0.0025861409201460776,5.41297827958212e-14,5.6829385218937906e-14
29.6000,-0.045408033498109894,-0.00021227666586288028,0.2452587851433501,-0.056027026373015404,-0.07915270553658388,0.006395576410803849,-0.0007946351737366618,-5.986611041546034e-05,0.002526957707783084,-3.213813330133457e-05,0.00010628668560638119,-0.0008346205482468739,-2.726199221442256e-05,-6.159611394339005e-10,1.1042809856670756e-09,-0.0019118482189802305,0.0038244644154521953,-0.10007946324764765,-0.0023261047958783756,5.435184095327339e-14,5.703380476229647e-14
29.6200,-0.0453905309531274,-0.00021156461334607092,0.24522286954513606,-0.05603428402559714,-0.07899520340523726,0.006391114351320381,0.0005131426468799815,0.00011528104053641178,-0.0012282284729634896,-1.877907600609111e-05,4.286851832590051e-05,0.0003913020031079933,2.3604965397709126e-06,-6.159611543053731e-10,1.1042810172215812e-09,-0.00043345944345611083,0.007739052842946028,-0.15575331200860404,-0.0034182218514594775,5.1878186262902665e-14,5.4578486641167906e-14
29.6400,-0.045408646417565535,-0.0002092972684376552,0.2452705624930751,-0.05605261575152855,-0.07917340074048322,0.0063973908746609845,-0.0009053781292785977,-4.7355849650628415e-05,0.003005561126749256,-3.269518947175997e-05,7.774558784305434e-05,-0.0007791081050194318,-2.4278225335282796e-05,-6.159609963539421e-10,1.1042812228123341e-09,0.000709479919924162,-0.011160005501992787,0.19584220517117598,0.004402323349836798,-5.639237042826331e-14,-5.446543145963198e-14
29.6600,-0.04539126189621559,-0.00020796041914462377,0.24523694976498356,-0.056068975207821226,-0.07902109553103362,0.006393466970853474,0.0015368716639472544,0.00025987816343806165,-0.004044772251936599,-1.3612979979419002e-05,-3.80169160127165e-05,0.001502722964693623,2.9265515894832084e-05,-6.159611484707934e-10,1.104281116318297e-09,0.0019163833495834215,-0.0028341712627630153,0.07680953716915369,0.0019855023445004,5.1912040475738525e-14,5.463338115241356e-14
29.6800,-0.04533937279810584,-0.00020671151118773048,0.24512542336124987,-0.0560815401937193,-0.07852909582986917,0.0063804495066075535,0.001920609648297815,0.0003533445238140439,-0.005073897565099792,2.8707551482292963e-05,-1.295300992969649e-06,0.000943551624799943,2.2295565073524077e-05,-6.159610880007792e-10,1.1042812251947194e-09,0.0008675529649969451,0.006054560793723461,-0.13995537177803188,-0.002948811240363907,4.347677139094827e-14,4.6201500199412326e-14
29.7000,-0.04532971042146884,-0.00020382958735197632,0.24510931608215647,-0.0560998410223692,-0.07842267005187015,0.006380092154517324,0.00021679238883136705,0.00016561657044104357,-0.00031342217155771573,1.6270927248848865e-05,3.604886891058173e-05,-0.0007570610190726695,-1.4717895986239712e-05,-6.159609555860835e-10,1.1042814046227388e-09,-0.0017935389172159429,-0.0010153993415910531,-0.04068974270035793,-0.0009109278210076568,4.135291420273926e-14,4.4067505720890576e-14
29.7200,-0.0453556171576611,-0.00020035126737464833,0.24516817899405657,-0.05612265730403196,-0.07865442157007764,0.006389731893116997,-0.0010757074614000282,7.432692369623649e-06,0.0029659870694162854,-3.4272161028525475e-05,2.079951981750986e-06,-0.001310152288210583,-2.888212239748433e-05,-6.159607496592621e-10,1.104281662676998e-09,-0.002891174238530687,0.0005384320362694156,-0.05290830272225312,-0.001296156765945499,4.170358584290254e-14,4.4397123510116904e-14
29.7400,-0.04540654145552071,-0.00019694513104122327,0.24527712604664226,-0.05614954908105332,-0.07913459043649354,0.006405996909812572,-0.0023906790623455026,-0.0001707033183059751,0.006362621825478561,-7.596125825778808e-05,-3.9442762229019215e-06,-0.001697285141339113,-4.025886346209359e-05,-6.159604444424865e-10,1.104282017726389e-09,-0.0026205805436949055,0.004324502480852527,-0.09623411983143176,-0.0023598424468454873,4.3851668173403024e-14,4.651782973576213e-14
29.7600,-0.04541065522019448,-0.00019564317859567081,0.2452756702702843,-0.056170714221491995,-0.07919039629059726,0.006407967977996115,0.0014022040119998891,0.0002618574901611466,-0.004725950462127076,-4.163011241159632e-05,-0.00016241185141198977,0.0020592289721974156,4.4862108758749496e-05,-6.159613331982912e-10,1.104281167776436e-09,0.005624150742353901,-0.011395239314085615,0.30948230266279086,0.007306606688842739,-6.424378986690654e-14,-6.22882279609216e-14
29.7800,-0.04535497707907785,-0.00019532367224292673,0.2451405010569621,-0.05618132725793156,-0.0786673509381987,0.006393355595217127,0.0018834992729800236,0.00035038996963857976,-0.005805537876308432,5.9588974327900715e-05,-6.793949812378041e-05,0.0017003319156713578,4.464128803792707e-05,-6.159613777631474e-10,1.1042811743914383e-09,0.003213822530926976,0.008599551278116836,-0.13956314871519154,-0.002865111211399534,3.5598450185900243e-14,3.8326472258463223e-14
29.8000,-0.04534999034718413,-0.0001932686087927259,0.24512555707211847,-0.05619588593904811,-0.07860696033301018,0.006393706935777268,-0.0006056009476220914,4.3963072248467014e-05,0.0015640636807666562,7.177712264413214e-05,6.455268750209681e-05,-0.001231212369669093,-1.9452099407098895e-05,-6.159611592311883e-10,1.1042814441650962e-09,-0.0018182030404622646,0.004343249130589836,-0.13520363335208208,-0.0031254879512154464,3.233557085285943e-14,3.5035478207837145e-14
29.8200,-0.04540100839420643,-0.00019051479308875184,0.24523798846810224,-0.05621575263885361,-0.07908206884505056,0.006409515837754183,-0.0025279953769227715,-0.00023901948346045557,0.007006769808613022,1.4754863619152172e-05,5.360225587246399e-05,-0.0020755861652241255,-4.2258493714730564e-05,-6.15961139807625e-10,1.1042815126950694e-09,-0.00219948882498272,-0.007557871110183432,0.11065739735665958,0.002282613285875976,-7.401262762385397e-14,-7.210229050098882e-14
29.8400,-0.045391474810621536,-0.00019048601299937108,0.24521043237194298,-0.056224236827664024,-0.07900137084886721,0.006406891764244811,0.0019622827432682066,0.00026698018911885615,-0.006016206271737411,3.773811191739913e-05,-0.00015689133693166764,0.002495559471789115,6.166764986787936e-05,-6.159620948157856e-10,1.104280602166134e-09,0.004240219804719645,-0.004825608750908452,0.16531768930522614,0.004056999188196235,-7.369955069402162e-14,-7.173443425639164e-14
29.8600,-0.04534936729103442,-0.00019097833928077355,0.24511203630530645,-0.05622351993634238,-0.0785987143103398,0.006395362068044007,0.0013563311466394177,0.00020423967333307768,-0.003950332531482405,8.919704900545888e-05,-3.724420542393055e-05,0.0009295081294618709,3.092778707219507e-05,-6.159620211552359e-10,1.1042807238031826e-09,0.0007612172174983357,0.009837537528009956,-0.18886988763273277,-0.004148005542741374,3.0264233095511975e-14,3.2983185139275756e-14
29.8800,-0.045345166434243155,-0.00019047625699921712,0.24510352107867805,-0.05622298938307368,-0.07854282233934763,0.006394797653058489,-0.00027350360103454323,-1.10515703648515e-05,0.0008613307138840784,7.785705033224636e-05,3.730373020379543e-05,-0.0010673414177082598,-1.4223698460319134e-05,-6.159620552958613e-10,1.1042807420824924e-09,-0.0027537136200950045,0.004339940160011964,-0.13100548606330137,-0.0030986340694863263,2.9913829117760027e-14,3.261543731489583e-14
29.9000,-0.04539705109753528,-0.00018933388718105084,0.24522180159778656,-0.056226756602193166,-0.07902346922719572,0.0064097139978571,-0.0023633127167325446,-0.00031371823606876067,0.00675197552088317,1.1300145187584013e-05,4.113728487451077e-05,-0.0020629632243395184,-4.1641545227661986e-05,-6.159619895164989e-10,1.1042808550606144e-09,-0.0033350085066813227,-0.0037012675442516536,0.03782663999849462,0.0005522465002479496,-7.549665645249781e-14,-7.35896396987859e-14
29.9200,-0.04540856835783001,-0.00019045168259918365,0.2452455693214022,-0.056222311469651065,-0.07914136933947997,0.006411937509110746,0.0006208519796231578,5.2097849398139785e-06,-0.0019651139603273,6.962332191136728e-06,-0.0001310227359559519,0.0016627556287245717,4.024097349324139e-05,-6.159628264365025e-10,1.1042800631815535e-09,0.0033492915271209124,-0.008951154445717422,0.2414521747082903,0.005608390853942079,-7.04906917342249e-14,-6.853793520136126e-14
29.9400,-0.04539137779419109,-0.00019212989641446954,0.2452061653356355,-0.05621220522112751,-0.07898371373542162,0.006406158919112135,0.00023206076525553854,-2.660405739538264e-05,-0.0006087628032052667,3.913561890598834e-05,-3.139934404022721e-05,0.0006431439922842147,1.9107981602546142e-05,-6.159626634115339e-10,1.1042802738588679e-09,0.0008081520212989134,0.005715597784245764,-0.08871139835161607,-0.0019902644342988667,3.741353337164896e-14,4.0118746541008277e-14
29.9600,-0.04541398573852875,-0.0001930835217546365,0.2452623867171242,-0.05620543098720423,-0.07920283162289536,0.006411571406134657,-0.0005779423059479016,-0.00016159367583079066,0.001951265454279026,2.4187246544749714e-05,2.0012901248818594e-05,-0.0003778284917023877,-6.407395056145179e-06,-6.159626633174998e-10,1.1042803223692517e-09,-0.0002801498630313088,-0.005397355145577262,0.1092248532898365,0.0023671509900134832,-6.976289392088969e-14,-6.783786585858737e-14
29.9800,-0.04539364804287657,-0.00019532236920341816,0.24522255039820484,-0.05619141995605815,-0.07901916639280458,0.0064044627356410365,0.0007532496720760365,-2.4989534006916643e-06,-0.0017667341667572775,3.454857949977472e-05,-9.150515338697573e-06,0.000620074980711572,1.670827512846553e-05,-6.159627944080324e-10,1.1042802412273717e-09,-0.0006736984920813817,0.007381111131689712,-0.1336146551355719,-0.0030174553893635055,3.9972955230126866e-14,4.2674407573200374e-14
30.0000,-0.04540761206083249,-0.00019668419638234992,0.24526468631304263,-0.05618176992894182,-0.07915917110024434,0.006407253604412221,-0.00019716637620097768,-0.0001474905597411834,0.001190822286710495,1.3974707336175087e-05,1.090368860447045e-05,1.0452901480193053e-05,5.424756485087382e-07,-6.159629968780381e-10,1.1042800829538446e-09,0.0010702151536293462,-0.01379623911068872,0.2713056562979458,0.006090570295748906,-6.545224160835889e-14,-6.3511099591268e-14
