ISO-10303-21;
HEADER;
FILE_DESCRIPTION(('Open CASCADE Model'),'2;1');
FILE_NAME('Open CASCADE Shape Model','2026-10-03T19:58:02',('Author'),(
    'Open CASCADE'),'Open CASCADE STEP processor 7.9','Open CASCADE 7.9'
  ,'Unknown');
FILE_SCHEMA(('AUTOMOTIVE_DESIGN { 1 0 10303 214 1 1 1 1 }'));
ENDSEC;
DATA;
#1 = APPLICATION_PROTOCOL_DEFINITION('international standard',
  'automotive_design',2000,#2);
#2 = APPLICATION_CONTEXT(
  'core data for automotive mechanical design processes');
#3 = SHAPE_DEFINITION_REPRESENTATION(#4,#10);
#4 = PRODUCT_DEFINITION_SHAPE('','',#5);
#5 = PRODUCT_DEFINITION('design','',#6,#9);
#6 = PRODUCT_DEFINITION_FORMATION('','',#7);
#7 = PRODUCT('Open CASCADE STEP translator 7.9 9',
  'Open CASCADE STEP translator 7.9 9','',(#8));
#8 = PRODUCT_CONTEXT('',#2,'mechanical');
#9 = PRODUCT_DEFINITION_CONTEXT('part definition',#2,'design');
#10 = ADVANCED_BREP_SHAPE_REPRESENTATION('',(#11,#15),#2039);
#11 = AXIS2_PLACEMENT_3D('',#12,#13,#14);
#12 = CARTESIAN_POINT('',(0.,0.,0.));
#13 = DIRECTION('',(0.,0.,1.));
#14 = DIRECTION('',(1.,0.,-0.));
#15 = MANIFOLD_SOLID_BREP('',#16);
#16 = CLOSED_SHELL('',(#17,#438,#652,#762,#824,#911,#969,#1011,#1020,
    #1075,#1490,#1715,#1774,#1832,#1980,#2007,#2032));
#17 = ADVANCED_FACE('',(#18),#32,.F.);
#18 = FACE_BOUND('',#19,.F.);
#19 = EDGE_LOOP('',(#20,#195,#238,#275,#312,#352));
#20 = ORIENTED_EDGE('',*,*,#21,.F.);
#21 = EDGE_CURVE('',#22,#24,#26,.T.);
#22 = VERTEX_POINT('',#23);
#23 = CARTESIAN_POINT('',(-1.052,8.041546571541E-02,0.12659848));
#24 = VERTEX_POINT('',#25);
#25 = CARTESIAN_POINT('',(-1.052,0.468,0.12659848));
#26 = SURFACE_CURVE('',#27,(#31,#183),.PCURVE_S1.);
#27 = LINE('',#28,#29);
#28 = CARTESIAN_POINT('',(-1.052,-0.468,0.12659848));
#29 = VECTOR('',#30,1.);
#30 = DIRECTION('',(0.,1.,0.));
#31 = PCURVE('',#32,#177);
#32 = SURFACE_OF_LINEAR_EXTRUSION('',#33,#175);
#33 = B_SPLINE_CURVE_WITH_KNOTS('',3,(#34,#35,#36,#37,#38,#39,#40,#41,
    #42,#43,#44,#45,#46,#47,#48,#49,#50,#51,#52,#53,#54,#55,#56,#57,#58,
    #59,#60,#61,#62,#63,#64,#65,#66,#67,#68,#69,#70,#71,#72,#73,#74,#75,
    #76,#77,#78,#79,#80,#81,#82,#83,#84,#85,#86,#87,#88,#89,#90,#91,#92,
    #93,#94,#95,#96,#97,#98,#99,#100,#101,#102,#103,#104,#105,#106,#107,
    #108,#109,#110,#111,#112,#113,#114,#115,#116,#117,#118,#119,#120,
    #121,#122,#123,#124,#125,#126,#127,#128,#129,#130,#131,#132,#133,
    #134,#135,#136,#137,#138,#139,#140,#141,#142,#143,#144,#145,#146,
    #147,#148,#149,#150,#151,#152,#153,#154,#155,#156,#157,#158,#159,
    #160,#161,#162,#163,#164,#165,#166,#167,#168,#169,#170,#171,#172,
    #173,#174),.UNSPECIFIED.,.F.,.F.,(4,1,1,1,1,1,1,1,1,1,1,1,1,1,1,1,1,
    1,1,1,1,1,1,1,1,1,1,1,1,1,1,1,1,1,1,1,1,1,1,1,1,1,1,1,1,1,1,1,1,1,1,
    1,1,1,1,1,1,1,1,1,1,1,1,1,1,1,1,1,1,1,1,1,1,1,1,1,1,1,1,1,1,1,1,1,1,
    1,1,1,1,1,1,1,1,1,1,1,1,1,1,1,1,1,1,1,1,1,1,1,1,1,1,1,1,1,1,1,1,1,1,
    1,1,1,1,1,1,1,1,1,1,1,1,1,1,1,1,1,1,1,4),(0.,1.259881466402E-04,
    5.036751174505E-04,1.132229495033E-03,2.010268862613E-03,
    3.135864650429E-03,4.506548780761E-03,6.119321980726E-03,
    7.970663606776E-03,1.005654280763E-02,1.237243084376E-02,
    1.491331438173E-02,1.767370958976E-02,2.064767687679E-02,
    2.382883613886E-02,2.721038240277E-02,3.078510178633E-02,
    3.454538772504E-02,3.848325744521E-02,4.259036869267E-02,
    4.685803675249E-02,5.12772518181E-02,5.583869678761E-02,
    6.053276557972E-02,6.534958207227E-02,7.02790197718E-02,
    7.531072232367E-02,8.043412496761E-02,8.563847703433E-02,
    9.091286556337E-02,9.624624010174E-02,0.101627438716,0.107045215217,
    0.112488267562,0.117945267351,0.123404890296,0.128855847484,
    0.134286917237,0.139686977281,0.145045036972,0.150350269244,
    0.155592041978,0.160759948488,0.165843836862,0.170833837966,
    0.175720391986,0.180494273535,0.18514661547,0.189668931795,
    0.194053140198,0.198291585092,0.202377062322,0.206302847137,
    0.210062727503,0.213651045562,0.217062750932,0.220293470883,
    0.223339604316,0.226198449252,0.228868377677,0.231349077656,
    0.233641891298,0.235750288839,0.237680532349,0.239442590363,
    0.241051345261,0.242528036432,0.243901619855,0.245209273217,
    0.246494955108,0.247780637,0.249088290362,0.250461873784,
    0.251938564956,0.253547319854,0.255309377868,0.257239621378,
    0.259348018919,0.261640832561,0.26412153254,0.266791460965,
    0.269650305901,0.272696439334,0.275927159285,0.279338864655,
    0.282927182714,0.28668706308,0.290612847895,0.294698325125,
    0.298936770018,0.303320978421,0.307843294747,0.312495636682,
    0.317269518231,0.322156072251,0.327146073355,0.332229961729,
    0.337397868238,0.342639640973,0.347944873245,0.353302932936,
    0.35870299298,0.364134062732,0.369585019921,0.375044642866,
    0.380501642655,0.385944695,0.391362471501,0.396743670115,
    0.402077044654,0.407351433183,0.412555785249,0.417679187893,
    0.422710890445,0.427640328145,0.432457144637,0.437151213429,
    0.441712658399,0.446131873464,0.450399541524,0.454506652772,
    0.458444522492,0.462204808431,0.465779527814,0.469161074078,
    0.47234223334,0.475316200627,0.478076595835,0.480617479373,
    0.482933367409,0.48501924661,0.486870588236,0.488483361436,
    0.489854045566,0.490979641354,0.491857680722,0.492486235099,
    0.49286392207,0.492989910217),.UNSPECIFIED.);
#34 = CARTESIAN_POINT('',(-1.052,-0.468,0.12740152));
#35 = CARTESIAN_POINT('',(-1.051958720115,-0.468,0.127409242641));
#36 = CARTESIAN_POINT('',(-1.051793689695,-0.468,0.127440106625));
#37 = CARTESIAN_POINT('',(-1.051422695784,-0.468,0.127509400963));
#38 = CARTESIAN_POINT('',(-1.050805226573,-0.468,0.127624437269));
#39 = CARTESIAN_POINT('',(-1.049942561186,-0.468,0.127784541082));
#40 = CARTESIAN_POINT('',(-1.048836486731,-0.468,0.127988781753));
#41 = CARTESIAN_POINT('',(-1.047489294642,-0.468,0.1282359855));
#42 = CARTESIAN_POINT('',(-1.045903775975,-0.468,0.128524751413));
#43 = CARTESIAN_POINT('',(-1.044083215689,-0.468,0.128853469898));
#44 = CARTESIAN_POINT('',(-1.042031385887,-0.468,0.129220342928));
#45 = CARTESIAN_POINT('',(-1.039752538062,-0.468,0.129623405443));
#46 = CARTESIAN_POINT('',(-1.037251394337,-0.468,0.130060547211));
#47 = CARTESIAN_POINT('',(-1.034533137721,-0.468,0.130529534436));
#48 = CARTESIAN_POINT('',(-1.031603401411,-0.468,0.131028030452));
#49 = CARTESIAN_POINT('',(-1.028468257135,-0.468,0.131553614867));
#50 = CARTESIAN_POINT('',(-1.025134202589,-0.468,0.132103800615));
#51 = CARTESIAN_POINT('',(-1.021608147969,-0.468,0.132676048443));
#52 = CARTESIAN_POINT('',(-1.017897401643,-0.468,0.133267778508));
#53 = CARTESIAN_POINT('',(-1.01400965498,-0.468,0.133876378847));
#54 = CARTESIAN_POINT('',(-1.009952966379,-0.468,0.134499210656));
#55 = CARTESIAN_POINT('',(-1.005735744525,-0.468,0.135133610423));
#56 = CARTESIAN_POINT('',(-1.001366730916,-0.468,0.13577688914));
#57 = CARTESIAN_POINT('',(-0.996854981688,-0.468,0.136426328905));
#58 = CARTESIAN_POINT('',(-0.992209848784,-0.468,0.137079177393));
#59 = CARTESIAN_POINT('',(-0.987440960511,-0.468,0.137732640764));
#60 = CARTESIAN_POINT('',(-0.982558201516,-0.468,0.138383875663));
#61 = CARTESIAN_POINT('',(-0.977571692234,-0.468,0.139029981028));
#62 = CARTESIAN_POINT('',(-0.972491767849,-0.468,0.139667990484));
#63 = CARTESIAN_POINT('',(-0.967328956813,-0.468,0.140294866075));
#64 = CARTESIAN_POINT('',(-0.962093958968,-0.468,0.140907494095));
#65 = CARTESIAN_POINT('',(-0.956797623323,-0.468,0.141502683709));
#66 = CARTESIAN_POINT('',(-0.95145092553,-0.468,0.142077169));
#67 = CARTESIAN_POINT('',(-0.94606494511,-0.468,0.142627614936));
#68 = CARTESIAN_POINT('',(-0.940650842479,-0.468,0.143150627676));
#69 = CARTESIAN_POINT('',(-0.935219835821,-0.468,0.143642769432));
#70 = CARTESIAN_POINT('',(-0.929783177856,-0.468,0.144100577984));
#71 = CARTESIAN_POINT('',(-0.924352132551,-0.468,0.144520590749));
#72 = CARTESIAN_POINT('',(-0.918937951828,-0.468,0.144899373151));
#73 = CARTESIAN_POINT('',(-0.913551852299,-0.468,0.145233550833));
#74 = CARTESIAN_POINT('',(-0.90820499209,-0.468,0.145519845141));
#75 = CARTESIAN_POINT('',(-0.902908447776,-0.468,0.145755111089));
#76 = CARTESIAN_POINT('',(-0.89767319148,-0.468,0.145936376953));
#77 = CARTESIAN_POINT('',(-0.892510068169,-0.468,0.146060884474));
#78 = CARTESIAN_POINT('',(-0.887429773179,-0.468,0.146126128621));
#79 = CARTESIAN_POINT('',(-0.882442829995,-0.468,0.146129895766));
#80 = CARTESIAN_POINT('',(-0.877559568324,-0.468,0.146070299162));
#81 = CARTESIAN_POINT('',(-0.872790102481,-0.468,0.145945810586));
#82 = CARTESIAN_POINT('',(-0.868144310107,-0.468,0.145755287107));
#83 = CARTESIAN_POINT('',(-0.863631811227,-0.468,0.145497991992));
#84 = CARTESIAN_POINT('',(-0.859261947667,-0.468,0.145173608917));
#85 = CARTESIAN_POINT('',(-0.855043762816,-0.468,0.144782248776));
#86 = CARTESIAN_POINT('',(-0.850985981707,-0.468,0.144324448565));
#87 = CARTESIAN_POINT('',(-0.847096991379,-0.468,0.14380116199));
#88 = CARTESIAN_POINT('',(-0.843384821427,-0.468,0.143213741653));
#89 = CARTESIAN_POINT('',(-0.8398571246,-0.468,0.142563912808));
#90 = CARTESIAN_POINT('',(-0.836521157263,-0.468,0.141853738846));
#91 = CARTESIAN_POINT('',(-0.833383759394,-0.468,0.141085578689));
#92 = CARTESIAN_POINT('',(-0.830451333742,-0.468,0.140262036174));
#93 = CARTESIAN_POINT('',(-0.827729823688,-0.468,0.139385901144));
#94 = CARTESIAN_POINT('',(-0.825224689445,-0.468,0.138460081152));
#95 = CARTESIAN_POINT('',(-0.822940882924,-0.468,0.137487521101));
#96 = CARTESIAN_POINT('',(-0.820882823653,-0.468,0.136471105618));
#97 = CARTESIAN_POINT('',(-0.819054383924,-0.468,0.135413535203));
#98 = CARTESIAN_POINT('',(-0.817458904729,-0.468,0.134317165636));
#99 = CARTESIAN_POINT('',(-0.816099293046,-0.468,0.133183805945));
#100 = CARTESIAN_POINT('',(-0.814978291585,-0.468,0.132014526037));
#101 = CARTESIAN_POINT('',(-0.814099029928,-0.468,0.130809637657));
#102 = CARTESIAN_POINT('',(-0.813465723979,-0.468,0.129569337051));
#103 = CARTESIAN_POINT('',(-0.81308376735,-0.468,0.128295110551));
#104 = CARTESIAN_POINT('',(-0.812958471175,-0.468,0.127));
#105 = CARTESIAN_POINT('',(-0.81308376735,-0.468,0.125704889449));
#106 = CARTESIAN_POINT('',(-0.813465723979,-0.468,0.124430662949));
#107 = CARTESIAN_POINT('',(-0.814099029928,-0.468,0.123190362343));
#108 = CARTESIAN_POINT('',(-0.814978291585,-0.468,0.121985473963));
#109 = CARTESIAN_POINT('',(-0.816099293046,-0.468,0.120816194055));
#110 = CARTESIAN_POINT('',(-0.817458904729,-0.468,0.119682834364));
#111 = CARTESIAN_POINT('',(-0.819054383924,-0.468,0.118586464797));
#112 = CARTESIAN_POINT('',(-0.820882823653,-0.468,0.117528894382));
#113 = CARTESIAN_POINT('',(-0.822940882924,-0.468,0.116512478899));
#114 = CARTESIAN_POINT('',(-0.825224689445,-0.468,0.115539918848));
#115 = CARTESIAN_POINT('',(-0.827729823688,-0.468,0.114614098856));
#116 = CARTESIAN_POINT('',(-0.830451333742,-0.468,0.113737963826));
#117 = CARTESIAN_POINT('',(-0.833383759394,-0.468,0.112914421311));
#118 = CARTESIAN_POINT('',(-0.836521157263,-0.468,0.112146261154));
#119 = CARTESIAN_POINT('',(-0.8398571246,-0.468,0.111436087192));
#120 = CARTESIAN_POINT('',(-0.843384821427,-0.468,0.110786258347));
#121 = CARTESIAN_POINT('',(-0.847096991379,-0.468,0.11019883801));
#122 = CARTESIAN_POINT('',(-0.850985981707,-0.468,0.109675551435));
#123 = CARTESIAN_POINT('',(-0.855043762816,-0.468,0.109217751224));
#124 = CARTESIAN_POINT('',(-0.859261947667,-0.468,0.108826391083));
#125 = CARTESIAN_POINT('',(-0.863631811227,-0.468,0.108502008008));
#126 = CARTESIAN_POINT('',(-0.868144310107,-0.468,0.108244712893));
#127 = CARTESIAN_POINT('',(-0.872790102481,-0.468,0.108054189414));
#128 = CARTESIAN_POINT('',(-0.877559568324,-0.468,0.107929700838));
#129 = CARTESIAN_POINT('',(-0.882442829995,-0.468,0.107870104234));
#130 = CARTESIAN_POINT('',(-0.887429773179,-0.468,0.107873871379));
#131 = CARTESIAN_POINT('',(-0.892510068169,-0.468,0.107939115526));
#132 = CARTESIAN_POINT('',(-0.89767319148,-0.468,0.108063623047));
#133 = CARTESIAN_POINT('',(-0.902908447776,-0.468,0.108244888911));
#134 = CARTESIAN_POINT('',(-0.90820499209,-0.468,0.108480154859));
#135 = CARTESIAN_POINT('',(-0.913551852299,-0.468,0.108766449167));
#136 = CARTESIAN_POINT('',(-0.918937951828,-0.468,0.109100626849));
#137 = CARTESIAN_POINT('',(-0.924352132551,-0.468,0.109479409251));
#138 = CARTESIAN_POINT('',(-0.929783177856,-0.468,0.109899422016));
#139 = CARTESIAN_POINT('',(-0.935219835821,-0.468,0.110357230568));
#140 = CARTESIAN_POINT('',(-0.940650842479,-0.468,0.110849372324));
#141 = CARTESIAN_POINT('',(-0.94606494511,-0.468,0.111372385064));
#142 = CARTESIAN_POINT('',(-0.95145092553,-0.468,0.111922831));
#143 = CARTESIAN_POINT('',(-0.956797623323,-0.468,0.112497316291));
#144 = CARTESIAN_POINT('',(-0.962093958968,-0.468,0.113092505905));
#145 = CARTESIAN_POINT('',(-0.967328956813,-0.468,0.113705133925));
#146 = CARTESIAN_POINT('',(-0.972491767849,-0.468,0.114332009516));
#147 = CARTESIAN_POINT('',(-0.977571692234,-0.468,0.114970018972));
#148 = CARTESIAN_POINT('',(-0.982558201516,-0.468,0.115616124337));
#149 = CARTESIAN_POINT('',(-0.987440960511,-0.468,0.116267359236));
#150 = CARTESIAN_POINT('',(-0.992209848784,-0.468,0.116920822607));
#151 = CARTESIAN_POINT('',(-0.996854981688,-0.468,0.117573671095));
#152 = CARTESIAN_POINT('',(-1.001366730916,-0.468,0.11822311086));
#153 = CARTESIAN_POINT('',(-1.005735744525,-0.468,0.118866389577));
#154 = CARTESIAN_POINT('',(-1.009952966379,-0.468,0.119500789344));
#155 = CARTESIAN_POINT('',(-1.01400965498,-0.468,0.120123621153));
#156 = CARTESIAN_POINT('',(-1.017897401643,-0.468,0.120732221492));
#157 = CARTESIAN_POINT('',(-1.021608147969,-0.468,0.121323951557));
#158 = CARTESIAN_POINT('',(-1.025134202589,-0.468,0.121896199385));
#159 = CARTESIAN_POINT('',(-1.028468257135,-0.468,0.122446385133));
#160 = CARTESIAN_POINT('',(-1.031603401411,-0.468,0.122971969548));
#161 = CARTESIAN_POINT('',(-1.034533137721,-0.468,0.123470465564));
#162 = CARTESIAN_POINT('',(-1.037251394337,-0.468,0.123939452789));
#163 = CARTESIAN_POINT('',(-1.039752538062,-0.468,0.124376594557));
#164 = CARTESIAN_POINT('',(-1.042031385887,-0.468,0.124779657072));
#165 = CARTESIAN_POINT('',(-1.044083215689,-0.468,0.125146530102));
#166 = CARTESIAN_POINT('',(-1.045903775975,-0.468,0.125475248587));
#167 = CARTESIAN_POINT('',(-1.047489294642,-0.468,0.1257640145));
#168 = CARTESIAN_POINT('',(-1.048836486731,-0.468,0.126011218247));
#169 = CARTESIAN_POINT('',(-1.049942561186,-0.468,0.126215458918));
#170 = CARTESIAN_POINT('',(-1.050805226573,-0.468,0.126375562731));
#171 = CARTESIAN_POINT('',(-1.051422695784,-0.468,0.126490599037));
#172 = CARTESIAN_POINT('',(-1.051793689695,-0.468,0.126559893375));
#173 = CARTESIAN_POINT('',(-1.051958720115,-0.468,0.126590757359));
#174 = CARTESIAN_POINT('',(-1.052,-0.468,0.12659848));
#175 = VECTOR('',#176,1.);
#176 = DIRECTION('',(-0.,-1.,-0.));
#177 = DEFINITIONAL_REPRESENTATION('',(#178),#182);
#178 = LINE('',#179,#180);
#179 = CARTESIAN_POINT('',(0.492989910217,0.));
#180 = VECTOR('',#181,1.);
#181 = DIRECTION('',(0.,-1.));
#182 = ( GEOMETRIC_REPRESENTATION_CONTEXT(2) 
PARAMETRIC_REPRESENTATION_CONTEXT() REPRESENTATION_CONTEXT('2D SPACE',''
  ) );
#183 = PCURVE('',#184,#189);
#184 = PLANE('',#185);
#185 = AXIS2_PLACEMENT_3D('',#186,#187,#188);
#186 = CARTESIAN_POINT('',(-1.052,-0.468,0.12659848));
#187 = DIRECTION('',(1.,0.,0.));
#188 = DIRECTION('',(0.,0.,1.));
#189 = DEFINITIONAL_REPRESENTATION('',(#190),#194);
#190 = LINE('',#191,#192);
#191 = CARTESIAN_POINT('',(0.,0.));
#192 = VECTOR('',#193,1.);
#193 = DIRECTION('',(0.,-1.));
#194 = ( GEOMETRIC_REPRESENTATION_CONTEXT(2) 
PARAMETRIC_REPRESENTATION_CONTEXT() REPRESENTATION_CONTEXT('2D SPACE',''
  ) );
#195 = ORIENTED_EDGE('',*,*,#196,.T.);
#196 = EDGE_CURVE('',#22,#197,#199,.T.);
#197 = VERTEX_POINT('',#198);
#198 = CARTESIAN_POINT('',(-0.974224565691,8.041546571541E-02,
    0.114550796637));
#199 = SURFACE_CURVE('',#200,(#209,#221),.PCURVE_S1.);
#200 = B_SPLINE_CURVE_WITH_KNOTS('',4,(#201,#202,#203,#204,#205,#206,
    #207,#208),.UNSPECIFIED.,.F.,.F.,(5,3,5),(0.,0.640679841146,1.),
  .UNSPECIFIED.);
#201 = CARTESIAN_POINT('',(-1.052,8.041546571541E-02,0.12659848));
#202 = CARTESIAN_POINT('',(-1.039607276028,8.041546571541E-02,
    0.124280049204));
#203 = CARTESIAN_POINT('',(-1.027178798954,8.041546571541E-02,
    0.122153622003));
#204 = CARTESIAN_POINT('',(-1.014725895031,8.041546571541E-02,
    0.120178861899));
#205 = CARTESIAN_POINT('',(-0.995254335604,8.041546571541E-02,
    0.117331402186));
#206 = CARTESIAN_POINT('',(-0.988250890091,8.041546571541E-02,
    0.116355648765));
#207 = CARTESIAN_POINT('',(-0.98124098385,8.041546571541E-02,
    0.115427189581));
#208 = CARTESIAN_POINT('',(-0.974224565691,8.041546571541E-02,
    0.114550796637));
#209 = PCURVE('',#32,#210);
#210 = DEFINITIONAL_REPRESENTATION('',(#211),#220);
#211 = B_SPLINE_CURVE_WITH_KNOTS('',4,(#212,#213,#214,#215,#216,#217,
    #218,#219),.UNSPECIFIED.,.F.,.F.,(5,3,5),(0.,0.640679841146,1.),
  .UNSPECIFIED.);
#212 = CARTESIAN_POINT('',(0.492989910217,-0.548415465715));
#213 = CARTESIAN_POINT('',(0.480382185246,-0.548415465715));
#214 = CARTESIAN_POINT('',(0.467774504264,-0.548415465715));
#215 = CARTESIAN_POINT('',(0.455166804992,-0.548415465715));
#216 = CARTESIAN_POINT('',(0.43548815359,-0.548415465715));
#217 = CARTESIAN_POINT('',(0.42841721992,-0.548415465715));
#218 = CARTESIAN_POINT('',(0.421346285876,-0.548415465715));
#219 = CARTESIAN_POINT('',(0.414275350913,-0.548415465715));
#220 = ( GEOMETRIC_REPRESENTATION_CONTEXT(2) 
PARAMETRIC_REPRESENTATION_CONTEXT() REPRESENTATION_CONTEXT('2D SPACE',''
  ) );
#221 = PCURVE('',#222,#227);
#222 = PLANE('',#223);
#223 = AXIS2_PLACEMENT_3D('',#224,#225,#226);
#224 = CARTESIAN_POINT('',(-2.,8.041546571541E-02,-1.));
#225 = DIRECTION('',(-0.,1.,0.));
#226 = DIRECTION('',(0.,0.,1.));
#227 = DEFINITIONAL_REPRESENTATION('',(#228),#237);
#228 = B_SPLINE_CURVE_WITH_KNOTS('',4,(#229,#230,#231,#232,#233,#234,
    #235,#236),.UNSPECIFIED.,.F.,.F.,(5,3,5),(0.,0.640679841146,1.),
  .UNSPECIFIED.);
#229 = CARTESIAN_POINT('',(1.12659848,0.948));
#230 = CARTESIAN_POINT('',(1.124280049204,0.960392723972));
#231 = CARTESIAN_POINT('',(1.122153622003,0.972821201046));
#232 = CARTESIAN_POINT('',(1.120178861899,0.985274104969));
#233 = CARTESIAN_POINT('',(1.117331402186,1.004745664396));
#234 = CARTESIAN_POINT('',(1.116355648765,1.011749109909));
#235 = CARTESIAN_POINT('',(1.115427189581,1.01875901615));
#236 = CARTESIAN_POINT('',(1.114550796637,1.025775434309));
#237 = ( GEOMETRIC_REPRESENTATION_CONTEXT(2) 
PARAMETRIC_REPRESENTATION_CONTEXT() REPRESENTATION_CONTEXT('2D SPACE',''
  ) );
#238 = ORIENTED_EDGE('',*,*,#239,.T.);
#239 = EDGE_CURVE('',#197,#240,#242,.T.);
#240 = VERTEX_POINT('',#241);
#241 = CARTESIAN_POINT('',(-0.974224565691,2.230803412778E-02,
    0.114550784276));
#242 = SURFACE_CURVE('',#243,(#250,#260),.PCURVE_S1.);
#243 = B_SPLINE_CURVE_WITH_KNOTS('',5,(#244,#245,#246,#247,#248,#249),
  .UNSPECIFIED.,.F.,.F.,(6,6),(0.,1.),.PIECEWISE_BEZIER_KNOTS.);
#244 = CARTESIAN_POINT('',(-0.974224565691,8.041546571541E-02,
    0.114550796637));
#245 = CARTESIAN_POINT('',(-0.974224565691,7.611507088321E-02,
    0.114550796637));
#246 = CARTESIAN_POINT('',(-0.974224565691,5.872225122446E-02,
    0.114550796637));
#247 = CARTESIAN_POINT('',(-0.974224565691,4.456500358007E-02,
    0.114550796637));
#248 = CARTESIAN_POINT('',(-0.974224565691,3.536934432799E-02,
    0.114550796637));
#249 = CARTESIAN_POINT('',(-0.974224565691,2.230743412778E-02,
    0.114550796637));
#250 = PCURVE('',#32,#251);
#251 = DEFINITIONAL_REPRESENTATION('',(#252),#259);
#252 = B_SPLINE_CURVE_WITH_KNOTS('',5,(#253,#254,#255,#256,#257,#258),
  .UNSPECIFIED.,.F.,.F.,(6,6),(0.,1.),.PIECEWISE_BEZIER_KNOTS.);
#253 = CARTESIAN_POINT('',(0.414275350801,-0.548415465715));
#254 = CARTESIAN_POINT('',(0.414275350801,-0.544115070883));
#255 = CARTESIAN_POINT('',(0.414275350801,-0.526722251224));
#256 = CARTESIAN_POINT('',(0.414275350801,-0.51256500358));
#257 = CARTESIAN_POINT('',(0.414275350801,-0.503369344328));
#258 = CARTESIAN_POINT('',(0.414275350801,-0.490307434128));
#259 = ( GEOMETRIC_REPRESENTATION_CONTEXT(2) 
PARAMETRIC_REPRESENTATION_CONTEXT() REPRESENTATION_CONTEXT('2D SPACE',''
  ) );
#260 = PCURVE('',#261,#266);
#261 = PLANE('',#262);
#262 = AXIS2_PLACEMENT_3D('',#263,#264,#265);
#263 = CARTESIAN_POINT('',(-0.974224565691,-8.041546571541E-02,-1.));
#264 = DIRECTION('',(1.,0.,-0.));
#265 = DIRECTION('',(0.,0.,1.));
#266 = DEFINITIONAL_REPRESENTATION('',(#267),#274);
#267 = B_SPLINE_CURVE_WITH_KNOTS('',5,(#268,#269,#270,#271,#272,#273),
  .UNSPECIFIED.,.F.,.F.,(6,6),(0.,1.),.PIECEWISE_BEZIER_KNOTS.);
#268 = CARTESIAN_POINT('',(1.114550796637,-0.160830931431));
#269 = CARTESIAN_POINT('',(1.114550796637,-0.156530536599));
#270 = CARTESIAN_POINT('',(1.114550796637,-0.13913771694));
#271 = CARTESIAN_POINT('',(1.114550796637,-0.124980469295));
#272 = CARTESIAN_POINT('',(1.114550796637,-0.115784810043));
#273 = CARTESIAN_POINT('',(1.114550796637,-0.102722899843));
#274 = ( GEOMETRIC_REPRESENTATION_CONTEXT(2) 
PARAMETRIC_REPRESENTATION_CONTEXT() REPRESENTATION_CONTEXT('2D SPACE',''
  ) );
#275 = ORIENTED_EDGE('',*,*,#276,.F.);
#276 = EDGE_CURVE('',#277,#240,#279,.T.);
#277 = VERTEX_POINT('',#278);
#278 = CARTESIAN_POINT('',(-0.957000000029,2.230803412778E-02,
    0.112523954485));
#279 = SURFACE_CURVE('',#280,(#289,#295),.PCURVE_S1.);
#280 = B_SPLINE_CURVE_WITH_KNOTS('',4,(#281,#282,#283,#284,#285,#286,
    #287,#288),.UNSPECIFIED.,.F.,.F.,(5,3,5),(0.966584116628,
    1.427702637452,1.966584116628),.UNSPECIFIED.);
#281 = CARTESIAN_POINT('',(-0.957,2.230803412778E-02,0.112523954482));
#282 = CARTESIAN_POINT('',(-0.96800705046,2.230803412778E-02,
    0.113735781703));
#283 = CARTESIAN_POINT('',(-0.978997776275,2.230803412778E-02,
    0.115095029341));
#284 = CARTESIAN_POINT('',(-0.989973127867,2.230803412779E-02,
    0.116570454193));
#285 = CARTESIAN_POINT('',(-1.013738273202,2.230803412778E-02,
    0.12002255899));
#286 = CARTESIAN_POINT('',(-1.026521696676,2.230803412778E-02,
    0.122041347361));
#287 = CARTESIAN_POINT('',(-1.039279676988,2.230803412778E-02,
    0.124218761976));
#288 = CARTESIAN_POINT('',(-1.052,2.230803412778E-02,0.12659848));
#289 = PCURVE('',#32,#290);
#290 = DEFINITIONAL_REPRESENTATION('',(#291),#294);
#291 = B_SPLINE_CURVE_WITH_KNOTS('',1,(#292,#293),.UNSPECIFIED.,.F.,.F.,
  (2,2),(0.966584116628,1.966584116628),.PIECEWISE_BEZIER_KNOTS.);
#292 = CARTESIAN_POINT('',(0.396931804542,-0.490308034128));
#293 = CARTESIAN_POINT('',(0.492989910217,-0.490308034128));
#294 = ( GEOMETRIC_REPRESENTATION_CONTEXT(2) 
PARAMETRIC_REPRESENTATION_CONTEXT() REPRESENTATION_CONTEXT('2D SPACE',''
  ) );
#295 = PCURVE('',#296,#301);
#296 = PLANE('',#297);
#297 = AXIS2_PLACEMENT_3D('',#298,#299,#300);
#298 = CARTESIAN_POINT('',(-0.957,2.230803412778E-02,-0.873));
#299 = DIRECTION('',(0.,1.,0.));
#300 = DIRECTION('',(-1.,0.,0.));
#301 = DEFINITIONAL_REPRESENTATION('',(#302),#311);
#302 = B_SPLINE_CURVE_WITH_KNOTS('',4,(#303,#304,#305,#306,#307,#308,
    #309,#310),.UNSPECIFIED.,.F.,.F.,(5,3,5),(0.966584116628,
    1.427702637452,1.966584116628),.UNSPECIFIED.);
#303 = CARTESIAN_POINT('',(0.,0.985523954482));
#304 = CARTESIAN_POINT('',(1.100705045973E-02,0.986735781703));
#305 = CARTESIAN_POINT('',(2.199777627499E-02,0.988095029341));
#306 = CARTESIAN_POINT('',(3.297312786746E-02,0.989570454193));
#307 = CARTESIAN_POINT('',(5.673827320166E-02,0.99302255899));
#308 = CARTESIAN_POINT('',(6.952169667648E-02,0.995041347361));
#309 = CARTESIAN_POINT('',(8.227967698823E-02,0.997218761976));
#310 = CARTESIAN_POINT('',(9.5E-02,0.99959848));
#311 = ( GEOMETRIC_REPRESENTATION_CONTEXT(2) 
PARAMETRIC_REPRESENTATION_CONTEXT() REPRESENTATION_CONTEXT('2D SPACE',''
  ) );
#312 = ORIENTED_EDGE('',*,*,#313,.F.);
#313 = EDGE_CURVE('',#314,#277,#316,.T.);
#314 = VERTEX_POINT('',#315);
#315 = CARTESIAN_POINT('',(-0.957000000029,0.468,0.112523954485));
#316 = SURFACE_CURVE('',#317,(#323,#332),.PCURVE_S1.);
#317 = B_SPLINE_CURVE_WITH_KNOTS('',4,(#318,#319,#320,#321,#322),
  .UNSPECIFIED.,.F.,.F.,(5,5),(0.,1.),.PIECEWISE_BEZIER_KNOTS.);
#318 = CARTESIAN_POINT('',(-0.957,0.468,0.112523954482));
#319 = CARTESIAN_POINT('',(-0.957,0.356645339035,0.112523954482));
#320 = CARTESIAN_POINT('',(-0.957,0.245064415301,0.112523954482));
#321 = CARTESIAN_POINT('',(-0.957,0.133935124922,0.112523954482));
#322 = CARTESIAN_POINT('',(-0.957,2.230803412778E-02,0.112523954482));
#323 = PCURVE('',#32,#324);
#324 = DEFINITIONAL_REPRESENTATION('',(#325),#331);
#325 = B_SPLINE_CURVE_WITH_KNOTS('',4,(#326,#327,#328,#329,#330),
  .UNSPECIFIED.,.F.,.F.,(5,5),(0.,1.),.PIECEWISE_BEZIER_KNOTS.);
#326 = CARTESIAN_POINT('',(0.396931804542,-0.935999999906));
#327 = CARTESIAN_POINT('',(0.396931804542,-0.824645338942));
#328 = CARTESIAN_POINT('',(0.396931804542,-0.713064415418));
#329 = CARTESIAN_POINT('',(0.396931804542,-0.601935124922));
#330 = CARTESIAN_POINT('',(0.396931804542,-0.490308034128));
#331 = ( GEOMETRIC_REPRESENTATION_CONTEXT(2) 
PARAMETRIC_REPRESENTATION_CONTEXT() REPRESENTATION_CONTEXT('2D SPACE',''
  ) );
#332 = PCURVE('',#333,#338);
#333 = CYLINDRICAL_SURFACE('',#334,1.447604551174E-02);
#334 = AXIS2_PLACEMENT_3D('',#335,#336,#337);
#335 = CARTESIAN_POINT('',(-0.957,2.230803412778E-02,0.127));
#336 = DIRECTION('',(0.,1.,0.));
#337 = DIRECTION('',(-1.,0.,0.));
#338 = DEFINITIONAL_REPRESENTATION('',(#339),#351);
#339 = B_SPLINE_CURVE_WITH_KNOTS('',10,(#340,#341,#342,#343,#344,#345,
    #346,#347,#348,#349,#350),.UNSPECIFIED.,.F.,.F.,(11,11),(0.,1.),
  .PIECEWISE_BEZIER_KNOTS.);
#340 = CARTESIAN_POINT('',(4.712388984405,0.445691965872));
#341 = CARTESIAN_POINT('',(4.712388984406,0.401150101486));
#342 = CARTESIAN_POINT('',(4.712388984405,0.356522677254));
#343 = CARTESIAN_POINT('',(4.712388984407,0.312193693737));
#344 = CARTESIAN_POINT('',(4.712388984403,0.267083817444));
#345 = CARTESIAN_POINT('',(4.712388984408,0.223235096272));
#346 = CARTESIAN_POINT('',(4.712388984404,0.178074358917));
#347 = CARTESIAN_POINT('',(4.712388984407,0.133887445027));
#348 = CARTESIAN_POINT('',(4.712388984405,8.921500845491E-02));
#349 = CARTESIAN_POINT('',(4.712388984406,4.465083631758E-02));
#350 = CARTESIAN_POINT('',(4.712388984405,0.));
#351 = ( GEOMETRIC_REPRESENTATION_CONTEXT(2) 
PARAMETRIC_REPRESENTATION_CONTEXT() REPRESENTATION_CONTEXT('2D SPACE',''
  ) );
#352 = ORIENTED_EDGE('',*,*,#353,.F.);
#353 = EDGE_CURVE('',#24,#314,#354,.T.);
#354 = SURFACE_CURVE('',#355,(#389,#396),.PCURVE_S1.);
#355 = B_SPLINE_CURVE_WITH_KNOTS('',3,(#356,#357,#358,#359,#360,#361,
    #362,#363,#364,#365,#366,#367,#368,#369,#370,#371,#372,#373,#374,
    #375,#376,#377,#378,#379,#380,#381,#382,#383,#384,#385,#386,#387,
    #388),.UNSPECIFIED.,.F.,.F.,(4,1,1,1,1,1,1,1,1,1,1,1,1,1,1,1,1,1,1,1
    ,1,1,1,1,1,1,1,1,1,1,4),(0.400141670081,0.400267658228,
    0.400645345199,0.401273899576,0.402151938944,0.403277534732,
    0.404648218862,0.406260992062,0.408112333688,0.410198212889,
    0.412514100925,0.415054984463,0.417815379671,0.420789346958,
    0.42397050622,0.427352052484,0.430926771868,0.434687057806,
    0.438624927527,0.442732038774,0.446999706834,0.451418921899,
    0.455980366869,0.460674435661,0.465491252154,0.470420689853,
    0.475452392405,0.480575795049,0.485780147116,0.491054535645,
    0.496199775756),.UNSPECIFIED.);
#356 = CARTESIAN_POINT('',(-1.052,0.468,0.12659848));
#357 = CARTESIAN_POINT('',(-1.051958720115,0.468,0.126590757359));
#358 = CARTESIAN_POINT('',(-1.051793689695,0.468,0.126559893375));
#359 = CARTESIAN_POINT('',(-1.051422695784,0.468,0.126490599037));
#360 = CARTESIAN_POINT('',(-1.050805226573,0.468,0.126375562731));
#361 = CARTESIAN_POINT('',(-1.049942561186,0.468,0.126215458918));
#362 = CARTESIAN_POINT('',(-1.048836486731,0.468,0.126011218247));
#363 = CARTESIAN_POINT('',(-1.047489294642,0.468,0.1257640145));
#364 = CARTESIAN_POINT('',(-1.045903775975,0.468,0.125475248587));
#365 = CARTESIAN_POINT('',(-1.044083215689,0.468,0.125146530102));
#366 = CARTESIAN_POINT('',(-1.042031385887,0.468,0.124779657072));
#367 = CARTESIAN_POINT('',(-1.039752538062,0.468,0.124376594557));
#368 = CARTESIAN_POINT('',(-1.037251394337,0.468,0.123939452789));
#369 = CARTESIAN_POINT('',(-1.034533137721,0.468,0.123470465564));
#370 = CARTESIAN_POINT('',(-1.031603401411,0.468,0.122971969548));
#371 = CARTESIAN_POINT('',(-1.028468257135,0.468,0.122446385133));
#372 = CARTESIAN_POINT('',(-1.025134202589,0.468,0.121896199385));
#373 = CARTESIAN_POINT('',(-1.021608147969,0.468,0.121323951557));
#374 = CARTESIAN_POINT('',(-1.017897401643,0.468,0.120732221492));
#375 = CARTESIAN_POINT('',(-1.01400965498,0.468,0.120123621153));
#376 = CARTESIAN_POINT('',(-1.009952966379,0.468,0.119500789344));
#377 = CARTESIAN_POINT('',(-1.005735744525,0.468,0.118866389577));
#378 = CARTESIAN_POINT('',(-1.001366730916,0.468,0.11822311086));
#379 = CARTESIAN_POINT('',(-0.996854981688,0.468,0.117573671095));
#380 = CARTESIAN_POINT('',(-0.992209848784,0.468,0.116920822607));
#381 = CARTESIAN_POINT('',(-0.987440960511,0.468,0.116267359236));
#382 = CARTESIAN_POINT('',(-0.982558201516,0.468,0.115616124337));
#383 = CARTESIAN_POINT('',(-0.977571692234,0.468,0.114970018972));
#384 = CARTESIAN_POINT('',(-0.972491767849,0.468,0.114332009516));
#385 = CARTESIAN_POINT('',(-0.967328956813,0.468,0.113705133925));
#386 = CARTESIAN_POINT('',(-0.962156245595,0.468,0.113099795026));
#387 = CARTESIAN_POINT('',(-0.958704780991,0.468,0.112711643272));
#388 = CARTESIAN_POINT('',(-0.957,0.468,0.112523954482));
#389 = PCURVE('',#32,#390);
#390 = DEFINITIONAL_REPRESENTATION('',(#391),#395);
#391 = LINE('',#392,#393);
#392 = CARTESIAN_POINT('',(0.893131580298,-0.936));
#393 = VECTOR('',#394,1.);
#394 = DIRECTION('',(-1.,0.));
#395 = ( GEOMETRIC_REPRESENTATION_CONTEXT(2) 
PARAMETRIC_REPRESENTATION_CONTEXT() REPRESENTATION_CONTEXT('2D SPACE',''
  ) );
#396 = PCURVE('',#397,#402);
#397 = PLANE('',#398);
#398 = AXIS2_PLACEMENT_3D('',#399,#400,#401);
#399 = CARTESIAN_POINT('',(-0.93013269153,0.468,0.127));
#400 = DIRECTION('',(0.,1.,3.808663831116E-16));
#401 = DIRECTION('',(0.,-3.808663831116E-16,1.));
#402 = DEFINITIONAL_REPRESENTATION('',(#403),#437);
#403 = B_SPLINE_CURVE_WITH_KNOTS('',3,(#404,#405,#406,#407,#408,#409,
    #410,#411,#412,#413,#414,#415,#416,#417,#418,#419,#420,#421,#422,
    #423,#424,#425,#426,#427,#428,#429,#430,#431,#432,#433,#434,#435,
    #436),.UNSPECIFIED.,.F.,.F.,(4,1,1,1,1,1,1,1,1,1,1,1,1,1,1,1,1,1,1,1
    ,1,1,1,1,1,1,1,1,1,1,4),(0.400141670081,0.400267658228,
    0.400645345199,0.401273899576,0.402151938944,0.403277534732,
    0.404648218862,0.406260992062,0.408112333688,0.410198212889,
    0.412514100925,0.415054984463,0.417815379671,0.420789346958,
    0.42397050622,0.427352052484,0.430926771868,0.434687057806,
    0.438624927527,0.442732038774,0.446999706834,0.451418921899,
    0.455980366869,0.460674435661,0.465491252154,0.470420689853,
    0.475452392405,0.480575795049,0.485780147116,0.491054535645,
    0.496199775756),.UNSPECIFIED.);
#404 = CARTESIAN_POINT('',(-4.0152E-04,-0.12186730847));
#405 = CARTESIAN_POINT('',(-4.092426409396E-04,-0.121826028585));
#406 = CARTESIAN_POINT('',(-4.401066254877E-04,-0.121660998165));
#407 = CARTESIAN_POINT('',(-5.094009628938E-04,-0.121290004254));
#408 = CARTESIAN_POINT('',(-6.244372694861E-04,-0.120672535043));
#409 = CARTESIAN_POINT('',(-7.845410820927E-04,-0.119809869656));
#410 = CARTESIAN_POINT('',(-9.88781753228E-04,-0.118703795201));
#411 = CARTESIAN_POINT('',(-1.235985499534E-03,-0.117356603112));
#412 = CARTESIAN_POINT('',(-1.524751412828E-03,-0.115771084445));
#413 = CARTESIAN_POINT('',(-1.853469898293E-03,-0.113950524159));
#414 = CARTESIAN_POINT('',(-2.220342927964E-03,-0.111898694357));
#415 = CARTESIAN_POINT('',(-2.623405443266E-03,-0.109619846532));
#416 = CARTESIAN_POINT('',(-3.06054721129E-03,-0.107118702807));
#417 = CARTESIAN_POINT('',(-3.529534436383E-03,-0.104400446191));
#418 = CARTESIAN_POINT('',(-4.028030452045E-03,-0.101470709881));
#419 = CARTESIAN_POINT('',(-4.553614867268E-03,-9.833556560467E-02));
#420 = CARTESIAN_POINT('',(-5.1038006147E-03,-9.500151105846E-02));
#421 = CARTESIAN_POINT('',(-5.676048442877E-03,-9.1475456439E-02));
#422 = CARTESIAN_POINT('',(-6.267778507905E-03,-8.776471011324E-02));
#423 = CARTESIAN_POINT('',(-6.876378847282E-03,-8.387696345024E-02));
#424 = CARTESIAN_POINT('',(-7.499210655554E-03,-7.982027484881E-02));
#425 = CARTESIAN_POINT('',(-8.133610423103E-03,-7.560305299513E-02));
#426 = CARTESIAN_POINT('',(-8.776889140345E-03,-7.123403938638E-02));
#427 = CARTESIAN_POINT('',(-9.426328904794E-03,-6.672229015809E-02));
#428 = CARTESIAN_POINT('',(-1.007917739255E-02,-6.207715725426E-02));
#429 = CARTESIAN_POINT('',(-1.073264076411E-02,-5.730826898103E-02));
#430 = CARTESIAN_POINT('',(-1.138387566274E-02,-5.242550998557E-02));
#431 = CARTESIAN_POINT('',(-1.202998102781E-02,-4.743900070343E-02));
#432 = CARTESIAN_POINT('',(-1.266799048389E-02,-4.23590763188E-02));
#433 = CARTESIAN_POINT('',(-1.329486607515E-02,-3.719626528306E-02));
#434 = CARTESIAN_POINT('',(-1.390020497373E-02,-3.202355406533E-02));
#435 = CARTESIAN_POINT('',(-1.428835672803E-02,-2.857208946089E-02));
#436 = CARTESIAN_POINT('',(-1.447604551814E-02,-2.686730846994E-02));
#437 = ( GEOMETRIC_REPRESENTATION_CONTEXT(2) 
PARAMETRIC_REPRESENTATION_CONTEXT() REPRESENTATION_CONTEXT('2D SPACE',''
  ) );
#438 = ADVANCED_FACE('',(#439),#184,.F.);
#439 = FACE_BOUND('',#440,.F.);
#440 = EDGE_LOOP('',(#441,#462,#463,#486));
#441 = ORIENTED_EDGE('',*,*,#442,.F.);
#442 = EDGE_CURVE('',#22,#443,#445,.T.);
#443 = VERTEX_POINT('',#444);
#444 = CARTESIAN_POINT('',(-1.052,8.041546571541E-02,0.12740152));
#445 = SURFACE_CURVE('',#446,(#450,#456),.PCURVE_S1.);
#446 = LINE('',#447,#448);
#447 = CARTESIAN_POINT('',(-1.052,8.041546571541E-02,-0.43670076));
#448 = VECTOR('',#449,1.);
#449 = DIRECTION('',(0.,-0.,1.));
#450 = PCURVE('',#184,#451);
#451 = DEFINITIONAL_REPRESENTATION('',(#452),#455);
#452 = B_SPLINE_CURVE_WITH_KNOTS('',1,(#453,#454),.UNSPECIFIED.,.F.,.F.,
  (2,2),(0.56329924,0.56410228),.PIECEWISE_BEZIER_KNOTS.);
#453 = CARTESIAN_POINT('',(0.,-0.548415465715));
#454 = CARTESIAN_POINT('',(8.030400000001E-04,-0.548415465715));
#455 = ( GEOMETRIC_REPRESENTATION_CONTEXT(2) 
PARAMETRIC_REPRESENTATION_CONTEXT() REPRESENTATION_CONTEXT('2D SPACE',''
  ) );
#456 = PCURVE('',#222,#457);
#457 = DEFINITIONAL_REPRESENTATION('',(#458),#461);
#458 = B_SPLINE_CURVE_WITH_KNOTS('',1,(#459,#460),.UNSPECIFIED.,.F.,.F.,
  (2,2),(0.56329924,0.56410228),.PIECEWISE_BEZIER_KNOTS.);
#459 = CARTESIAN_POINT('',(1.12659848,0.948));
#460 = CARTESIAN_POINT('',(1.12740152,0.948));
#461 = ( GEOMETRIC_REPRESENTATION_CONTEXT(2) 
PARAMETRIC_REPRESENTATION_CONTEXT() REPRESENTATION_CONTEXT('2D SPACE',''
  ) );
#462 = ORIENTED_EDGE('',*,*,#21,.T.);
#463 = ORIENTED_EDGE('',*,*,#464,.T.);
#464 = EDGE_CURVE('',#24,#465,#467,.T.);
#465 = VERTEX_POINT('',#466);
#466 = CARTESIAN_POINT('',(-1.052,0.468,0.12740152));
#467 = SURFACE_CURVE('',#468,(#472,#479),.PCURVE_S1.);
#468 = LINE('',#469,#470);
#469 = CARTESIAN_POINT('',(-1.052,0.468,0.12659848));
#470 = VECTOR('',#471,1.);
#471 = DIRECTION('',(0.,0.,1.));
#472 = PCURVE('',#184,#473);
#473 = DEFINITIONAL_REPRESENTATION('',(#474),#478);
#474 = LINE('',#475,#476);
#475 = CARTESIAN_POINT('',(0.,-0.936));
#476 = VECTOR('',#477,1.);
#477 = DIRECTION('',(1.,0.));
#478 = ( GEOMETRIC_REPRESENTATION_CONTEXT(2) 
PARAMETRIC_REPRESENTATION_CONTEXT() REPRESENTATION_CONTEXT('2D SPACE',''
  ) );
#479 = PCURVE('',#397,#480);
#480 = DEFINITIONAL_REPRESENTATION('',(#481),#485);
#481 = LINE('',#482,#483);
#482 = CARTESIAN_POINT('',(-4.0152E-04,-0.12186730847));
#483 = VECTOR('',#484,1.);
#484 = DIRECTION('',(1.,0.));
#485 = ( GEOMETRIC_REPRESENTATION_CONTEXT(2) 
PARAMETRIC_REPRESENTATION_CONTEXT() REPRESENTATION_CONTEXT('2D SPACE',''
  ) );
#486 = ORIENTED_EDGE('',*,*,#487,.F.);
#487 = EDGE_CURVE('',#443,#465,#488,.T.);
#488 = SURFACE_CURVE('',#489,(#493,#500),.PCURVE_S1.);
#489 = LINE('',#490,#491);
#490 = CARTESIAN_POINT('',(-1.052,-0.468,0.12740152));
#491 = VECTOR('',#492,1.);
#492 = DIRECTION('',(0.,1.,0.));
#493 = PCURVE('',#184,#494);
#494 = DEFINITIONAL_REPRESENTATION('',(#495),#499);
#495 = LINE('',#496,#497);
#496 = CARTESIAN_POINT('',(8.0304E-04,0.));
#497 = VECTOR('',#498,1.);
#498 = DIRECTION('',(0.,-1.));
#499 = ( GEOMETRIC_REPRESENTATION_CONTEXT(2) 
PARAMETRIC_REPRESENTATION_CONTEXT() REPRESENTATION_CONTEXT('2D SPACE',''
  ) );
#500 = PCURVE('',#501,#646);
#501 = SURFACE_OF_LINEAR_EXTRUSION('',#502,#644);
#502 = B_SPLINE_CURVE_WITH_KNOTS('',3,(#503,#504,#505,#506,#507,#508,
    #509,#510,#511,#512,#513,#514,#515,#516,#517,#518,#519,#520,#521,
    #522,#523,#524,#525,#526,#527,#528,#529,#530,#531,#532,#533,#534,
    #535,#536,#537,#538,#539,#540,#541,#542,#543,#544,#545,#546,#547,
    #548,#549,#550,#551,#552,#553,#554,#555,#556,#557,#558,#559,#560,
    #561,#562,#563,#564,#565,#566,#567,#568,#569,#570,#571,#572,#573,
    #574,#575,#576,#577,#578,#579,#580,#581,#582,#583,#584,#585,#586,
    #587,#588,#589,#590,#591,#592,#593,#594,#595,#596,#597,#598,#599,
    #600,#601,#602,#603,#604,#605,#606,#607,#608,#609,#610,#611,#612,
    #613,#614,#615,#616,#617,#618,#619,#620,#621,#622,#623,#624,#625,
    #626,#627,#628,#629,#630,#631,#632,#633,#634,#635,#636,#637,#638,
    #639,#640,#641,#642,#643),.UNSPECIFIED.,.F.,.F.,(4,1,1,1,1,1,1,1,1,1
    ,1,1,1,1,1,1,1,1,1,1,1,1,1,1,1,1,1,1,1,1,1,1,1,1,1,1,1,1,1,1,1,1,1,1
    ,1,1,1,1,1,1,1,1,1,1,1,1,1,1,1,1,1,1,1,1,1,1,1,1,1,1,1,1,1,1,1,1,1,1
    ,1,1,1,1,1,1,1,1,1,1,1,1,1,1,1,1,1,1,1,1,1,1,1,1,1,1,1,1,1,1,1,1,1,1
    ,1,1,1,1,1,1,1,1,1,1,1,1,1,1,1,1,1,1,1,1,1,1,1,1,1,1,4),(0.,
    1.259881466402E-04,5.036751174505E-04,1.132229495033E-03,
    2.010268862613E-03,3.135864650429E-03,4.506548780761E-03,
    6.119321980726E-03,7.970663606776E-03,1.005654280763E-02,
    1.237243084376E-02,1.491331438173E-02,1.767370958976E-02,
    2.064767687679E-02,2.382883613886E-02,2.721038240277E-02,
    3.078510178633E-02,3.454538772504E-02,3.848325744521E-02,
    4.259036869267E-02,4.685803675249E-02,5.12772518181E-02,
    5.583869678761E-02,6.053276557972E-02,6.534958207227E-02,
    7.02790197718E-02,7.531072232367E-02,8.043412496761E-02,
    8.563847703433E-02,9.091286556337E-02,9.624624010174E-02,
    0.101627438716,0.107045215217,0.112488267562,0.117945267351,
    0.123404890296,0.128855847484,0.134286917237,0.139686977281,
    0.145045036972,0.150350269244,0.155592041978,0.160759948488,
    0.165843836862,0.170833837966,0.175720391986,0.180494273535,
    0.18514661547,0.189668931795,0.194053140198,0.198291585092,
    0.202377062322,0.206302847137,0.210062727503,0.213651045562,
    0.217062750932,0.220293470883,0.223339604316,0.226198449252,
    0.228868377677,0.231349077656,0.233641891298,0.235750288839,
    0.237680532349,0.239442590363,0.241051345261,0.242528036432,
    0.243901619855,0.245209273217,0.246494955108,0.247780637,
    0.249088290362,0.250461873784,0.251938564956,0.253547319854,
    0.255309377868,0.257239621378,0.259348018919,0.261640832561,
    0.26412153254,0.266791460965,0.269650305901,0.272696439334,
    0.275927159285,0.279338864655,0.282927182714,0.28668706308,
    0.290612847895,0.294698325125,0.298936770018,0.303320978421,
    0.307843294747,0.312495636682,0.317269518231,0.322156072251,
    0.327146073355,0.332229961729,0.337397868238,0.342639640973,
    0.347944873245,0.353302932936,0.35870299298,0.364134062732,
    0.369585019921,0.375044642866,0.380501642655,0.385944695,
    0.391362471501,0.396743670115,0.402077044654,0.407351433183,
    0.412555785249,0.417679187893,0.422710890445,0.427640328145,
    0.432457144637,0.437151213429,0.441712658399,0.446131873464,
    0.450399541524,0.454506652772,0.458444522492,0.462204808431,
    0.465779527814,0.469161074078,0.47234223334,0.475316200627,
    0.478076595835,0.480617479373,0.482933367409,0.48501924661,
    0.486870588236,0.488483361436,0.489854045566,0.490979641354,
    0.491857680722,0.492486235099,0.49286392207,0.492989910217),
  .UNSPECIFIED.);
#503 = CARTESIAN_POINT('',(-1.052,-0.468,0.12740152));
#504 = CARTESIAN_POINT('',(-1.051958720115,-0.468,0.127409242641));
#505 = CARTESIAN_POINT('',(-1.051793689695,-0.468,0.127440106625));
#506 = CARTESIAN_POINT('',(-1.051422695784,-0.468,0.127509400963));
#507 = CARTESIAN_POINT('',(-1.050805226573,-0.468,0.127624437269));
#508 = CARTESIAN_POINT('',(-1.049942561186,-0.468,0.127784541082));
#509 = CARTESIAN_POINT('',(-1.048836486731,-0.468,0.127988781753));
#510 = CARTESIAN_POINT('',(-1.047489294642,-0.468,0.1282359855));
#511 = CARTESIAN_POINT('',(-1.045903775975,-0.468,0.128524751413));
#512 = CARTESIAN_POINT('',(-1.044083215689,-0.468,0.128853469898));
#513 = CARTESIAN_POINT('',(-1.042031385887,-0.468,0.129220342928));
#514 = CARTESIAN_POINT('',(-1.039752538062,-0.468,0.129623405443));
#515 = CARTESIAN_POINT('',(-1.037251394337,-0.468,0.130060547211));
#516 = CARTESIAN_POINT('',(-1.034533137721,-0.468,0.130529534436));
#517 = CARTESIAN_POINT('',(-1.031603401411,-0.468,0.131028030452));
#518 = CARTESIAN_POINT('',(-1.028468257135,-0.468,0.131553614867));
#519 = CARTESIAN_POINT('',(-1.025134202589,-0.468,0.132103800615));
#520 = CARTESIAN_POINT('',(-1.021608147969,-0.468,0.132676048443));
#521 = CARTESIAN_POINT('',(-1.017897401643,-0.468,0.133267778508));
#522 = CARTESIAN_POINT('',(-1.01400965498,-0.468,0.133876378847));
#523 = CARTESIAN_POINT('',(-1.009952966379,-0.468,0.134499210656));
#524 = CARTESIAN_POINT('',(-1.005735744525,-0.468,0.135133610423));
#525 = CARTESIAN_POINT('',(-1.001366730916,-0.468,0.13577688914));
#526 = CARTESIAN_POINT('',(-0.996854981688,-0.468,0.136426328905));
#527 = CARTESIAN_POINT('',(-0.992209848784,-0.468,0.137079177393));
#528 = CARTESIAN_POINT('',(-0.987440960511,-0.468,0.137732640764));
#529 = CARTESIAN_POINT('',(-0.982558201516,-0.468,0.138383875663));
#530 = CARTESIAN_POINT('',(-0.977571692234,-0.468,0.139029981028));
#531 = CARTESIAN_POINT('',(-0.972491767849,-0.468,0.139667990484));
#532 = CARTESIAN_POINT('',(-0.967328956813,-0.468,0.140294866075));
#533 = CARTESIAN_POINT('',(-0.962093958968,-0.468,0.140907494095));
#534 = CARTESIAN_POINT('',(-0.956797623323,-0.468,0.141502683709));
#535 = CARTESIAN_POINT('',(-0.95145092553,-0.468,0.142077169));
#536 = CARTESIAN_POINT('',(-0.94606494511,-0.468,0.142627614936));
#537 = CARTESIAN_POINT('',(-0.940650842479,-0.468,0.143150627676));
#538 = CARTESIAN_POINT('',(-0.935219835821,-0.468,0.143642769432));
#539 = CARTESIAN_POINT('',(-0.929783177856,-0.468,0.144100577984));
#540 = CARTESIAN_POINT('',(-0.924352132551,-0.468,0.144520590749));
#541 = CARTESIAN_POINT('',(-0.918937951828,-0.468,0.144899373151));
#542 = CARTESIAN_POINT('',(-0.913551852299,-0.468,0.145233550833));
#543 = CARTESIAN_POINT('',(-0.90820499209,-0.468,0.145519845141));
#544 = CARTESIAN_POINT('',(-0.902908447776,-0.468,0.145755111089));
#545 = CARTESIAN_POINT('',(-0.89767319148,-0.468,0.145936376953));
#546 = CARTESIAN_POINT('',(-0.892510068169,-0.468,0.146060884474));
#547 = CARTESIAN_POINT('',(-0.887429773179,-0.468,0.146126128621));
#548 = CARTESIAN_POINT('',(-0.882442829995,-0.468,0.146129895766));
#549 = CARTESIAN_POINT('',(-0.877559568324,-0.468,0.146070299162));
#550 = CARTESIAN_POINT('',(-0.872790102481,-0.468,0.145945810586));
#551 = CARTESIAN_POINT('',(-0.868144310107,-0.468,0.145755287107));
#552 = CARTESIAN_POINT('',(-0.863631811227,-0.468,0.145497991992));
#553 = CARTESIAN_POINT('',(-0.859261947667,-0.468,0.145173608917));
#554 = CARTESIAN_POINT('',(-0.855043762816,-0.468,0.144782248776));
#555 = CARTESIAN_POINT('',(-0.850985981707,-0.468,0.144324448565));
#556 = CARTESIAN_POINT('',(-0.847096991379,-0.468,0.14380116199));
#557 = CARTESIAN_POINT('',(-0.843384821427,-0.468,0.143213741653));
#558 = CARTESIAN_POINT('',(-0.8398571246,-0.468,0.142563912808));
#559 = CARTESIAN_POINT('',(-0.836521157263,-0.468,0.141853738846));
#560 = CARTESIAN_POINT('',(-0.833383759394,-0.468,0.141085578689));
#561 = CARTESIAN_POINT('',(-0.830451333742,-0.468,0.140262036174));
#562 = CARTESIAN_POINT('',(-0.827729823688,-0.468,0.139385901144));
#563 = CARTESIAN_POINT('',(-0.825224689445,-0.468,0.138460081152));
#564 = CARTESIAN_POINT('',(-0.822940882924,-0.468,0.137487521101));
#565 = CARTESIAN_POINT('',(-0.820882823653,-0.468,0.136471105618));
#566 = CARTESIAN_POINT('',(-0.819054383924,-0.468,0.135413535203));
#567 = CARTESIAN_POINT('',(-0.817458904729,-0.468,0.134317165636));
#568 = CARTESIAN_POINT('',(-0.816099293046,-0.468,0.133183805945));
#569 = CARTESIAN_POINT('',(-0.814978291585,-0.468,0.132014526037));
#570 = CARTESIAN_POINT('',(-0.814099029928,-0.468,0.130809637657));
#571 = CARTESIAN_POINT('',(-0.813465723979,-0.468,0.129569337051));
#572 = CARTESIAN_POINT('',(-0.81308376735,-0.468,0.128295110551));
#573 = CARTESIAN_POINT('',(-0.812958471175,-0.468,0.127));
#574 = CARTESIAN_POINT('',(-0.81308376735,-0.468,0.125704889449));
#575 = CARTESIAN_POINT('',(-0.813465723979,-0.468,0.124430662949));
#576 = CARTESIAN_POINT('',(-0.814099029928,-0.468,0.123190362343));
#577 = CARTESIAN_POINT('',(-0.814978291585,-0.468,0.121985473963));
#578 = CARTESIAN_POINT('',(-0.816099293046,-0.468,0.120816194055));
#579 = CARTESIAN_POINT('',(-0.817458904729,-0.468,0.119682834364));
#580 = CARTESIAN_POINT('',(-0.819054383924,-0.468,0.118586464797));
#581 = CARTESIAN_POINT('',(-0.820882823653,-0.468,0.117528894382));
#582 = CARTESIAN_POINT('',(-0.822940882924,-0.468,0.116512478899));
#583 = CARTESIAN_POINT('',(-0.825224689445,-0.468,0.115539918848));
#584 = CARTESIAN_POINT('',(-0.827729823688,-0.468,0.114614098856));
#585 = CARTESIAN_POINT('',(-0.830451333742,-0.468,0.113737963826));
#586 = CARTESIAN_POINT('',(-0.833383759394,-0.468,0.112914421311));
#587 = CARTESIAN_POINT('',(-0.836521157263,-0.468,0.112146261154));
#588 = CARTESIAN_POINT('',(-0.8398571246,-0.468,0.111436087192));
#589 = CARTESIAN_POINT('',(-0.843384821427,-0.468,0.110786258347));
#590 = CARTESIAN_POINT('',(-0.847096991379,-0.468,0.11019883801));
#591 = CARTESIAN_POINT('',(-0.850985981707,-0.468,0.109675551435));
#592 = CARTESIAN_POINT('',(-0.855043762816,-0.468,0.109217751224));
#593 = CARTESIAN_POINT('',(-0.859261947667,-0.468,0.108826391083));
#594 = CARTESIAN_POINT('',(-0.863631811227,-0.468,0.108502008008));
#595 = CARTESIAN_POINT('',(-0.868144310107,-0.468,0.108244712893));
#596 = CARTESIAN_POINT('',(-0.872790102481,-0.468,0.108054189414));
#597 = CARTESIAN_POINT('',(-0.877559568324,-0.468,0.107929700838));
#598 = CARTESIAN_POINT('',(-0.882442829995,-0.468,0.107870104234));
#599 = CARTESIAN_POINT('',(-0.887429773179,-0.468,0.107873871379));
#600 = CARTESIAN_POINT('',(-0.892510068169,-0.468,0.107939115526));
#601 = CARTESIAN_POINT('',(-0.89767319148,-0.468,0.108063623047));
#602 = CARTESIAN_POINT('',(-0.902908447776,-0.468,0.108244888911));
#603 = CARTESIAN_POINT('',(-0.90820499209,-0.468,0.108480154859));
#604 = CARTESIAN_POINT('',(-0.913551852299,-0.468,0.108766449167));
#605 = CARTESIAN_POINT('',(-0.918937951828,-0.468,0.109100626849));
#606 = CARTESIAN_POINT('',(-0.924352132551,-0.468,0.109479409251));
#607 = CARTESIAN_POINT('',(-0.929783177856,-0.468,0.109899422016));
#608 = CARTESIAN_POINT('',(-0.935219835821,-0.468,0.110357230568));
#609 = CARTESIAN_POINT('',(-0.940650842479,-0.468,0.110849372324));
#610 = CARTESIAN_POINT('',(-0.94606494511,-0.468,0.111372385064));
#611 = CARTESIAN_POINT('',(-0.95145092553,-0.468,0.111922831));
#612 = CARTESIAN_POINT('',(-0.956797623323,-0.468,0.112497316291));
#613 = CARTESIAN_POINT('',(-0.962093958968,-0.468,0.113092505905));
#614 = CARTESIAN_POINT('',(-0.967328956813,-0.468,0.113705133925));
#615 = CARTESIAN_POINT('',(-0.972491767849,-0.468,0.114332009516));
#616 = CARTESIAN_POINT('',(-0.977571692234,-0.468,0.114970018972));
#617 = CARTESIAN_POINT('',(-0.982558201516,-0.468,0.115616124337));
#618 = CARTESIAN_POINT('',(-0.987440960511,-0.468,0.116267359236));
#619 = CARTESIAN_POINT('',(-0.992209848784,-0.468,0.116920822607));
#620 = CARTESIAN_POINT('',(-0.996854981688,-0.468,0.117573671095));
#621 = CARTESIAN_POINT('',(-1.001366730916,-0.468,0.11822311086));
#622 = CARTESIAN_POINT('',(-1.005735744525,-0.468,0.118866389577));
#623 = CARTESIAN_POINT('',(-1.009952966379,-0.468,0.119500789344));
#624 = CARTESIAN_POINT('',(-1.01400965498,-0.468,0.120123621153));
#625 = CARTESIAN_POINT('',(-1.017897401643,-0.468,0.120732221492));
#626 = CARTESIAN_POINT('',(-1.021608147969,-0.468,0.121323951557));
#627 = CARTESIAN_POINT('',(-1.025134202589,-0.468,0.121896199385));
#628 = CARTESIAN_POINT('',(-1.028468257135,-0.468,0.122446385133));
#629 = CARTESIAN_POINT('',(-1.031603401411,-0.468,0.122971969548));
#630 = CARTESIAN_POINT('',(-1.034533137721,-0.468,0.123470465564));
#631 = CARTESIAN_POINT('',(-1.037251394337,-0.468,0.123939452789));
#632 = CARTESIAN_POINT('',(-1.039752538062,-0.468,0.124376594557));
#633 = CARTESIAN_POINT('',(-1.042031385887,-0.468,0.124779657072));
#634 = CARTESIAN_POINT('',(-1.044083215689,-0.468,0.125146530102));
#635 = CARTESIAN_POINT('',(-1.045903775975,-0.468,0.125475248587));
#636 = CARTESIAN_POINT('',(-1.047489294642,-0.468,0.1257640145));
#637 = CARTESIAN_POINT('',(-1.048836486731,-0.468,0.126011218247));
#638 = CARTESIAN_POINT('',(-1.049942561186,-0.468,0.126215458918));
#639 = CARTESIAN_POINT('',(-1.050805226573,-0.468,0.126375562731));
#640 = CARTESIAN_POINT('',(-1.051422695784,-0.468,0.126490599037));
#641 = CARTESIAN_POINT('',(-1.051793689695,-0.468,0.126559893375));
#642 = CARTESIAN_POINT('',(-1.051958720115,-0.468,0.126590757359));
#643 = CARTESIAN_POINT('',(-1.052,-0.468,0.12659848));
#644 = VECTOR('',#645,1.);
#645 = DIRECTION('',(-0.,-1.,-0.));
#646 = DEFINITIONAL_REPRESENTATION('',(#647),#651);
#647 = LINE('',#648,#649);
#648 = CARTESIAN_POINT('',(0.,0.));
#649 = VECTOR('',#650,1.);
#650 = DIRECTION('',(0.,-1.));
#651 = ( GEOMETRIC_REPRESENTATION_CONTEXT(2) 
PARAMETRIC_REPRESENTATION_CONTEXT() REPRESENTATION_CONTEXT('2D SPACE',''
  ) );
#652 = ADVANCED_FACE('',(#653),#397,.T.);
#653 = FACE_BOUND('',#654,.T.);
#654 = EDGE_LOOP('',(#655,#656,#657,#740));
#655 = ORIENTED_EDGE('',*,*,#353,.F.);
#656 = ORIENTED_EDGE('',*,*,#464,.T.);
#657 = ORIENTED_EDGE('',*,*,#658,.T.);
#658 = EDGE_CURVE('',#465,#659,#661,.T.);
#659 = VERTEX_POINT('',#660);
#660 = CARTESIAN_POINT('',(-0.957000000029,0.468,0.141476045515));
#661 = SURFACE_CURVE('',#662,(#696,#733),.PCURVE_S1.);
#662 = B_SPLINE_CURVE_WITH_KNOTS('',3,(#663,#664,#665,#666,#667,#668,
    #669,#670,#671,#672,#673,#674,#675,#676,#677,#678,#679,#680,#681,
    #682,#683,#684,#685,#686,#687,#688,#689,#690,#691,#692,#693,#694,
    #695),.UNSPECIFIED.,.F.,.F.,(4,1,1,1,1,1,1,1,1,1,1,1,1,1,1,1,1,1,1,1
    ,1,1,1,1,1,1,1,1,1,1,4),(0.,1.259881466402E-04,5.036751174505E-04,
    1.132229495033E-03,2.010268862613E-03,3.135864650429E-03,
    4.506548780761E-03,6.119321980726E-03,7.970663606776E-03,
    1.005654280763E-02,1.237243084376E-02,1.491331438173E-02,
    1.767370958976E-02,2.064767687679E-02,2.382883613886E-02,
    2.721038240277E-02,3.078510178633E-02,3.454538772504E-02,
    3.848325744521E-02,4.259036869267E-02,4.685803675249E-02,
    5.12772518181E-02,5.583869678761E-02,6.053276557972E-02,
    6.534958207227E-02,7.02790197718E-02,7.531072232367E-02,
    8.043412496761E-02,8.563847703433E-02,9.091286556337E-02,
    9.605810567494E-02),.UNSPECIFIED.);
#663 = CARTESIAN_POINT('',(-1.052,0.468,0.12740152));
#664 = CARTESIAN_POINT('',(-1.051958720115,0.468,0.127409242641));
#665 = CARTESIAN_POINT('',(-1.051793689695,0.468,0.127440106625));
#666 = CARTESIAN_POINT('',(-1.051422695784,0.468,0.127509400963));
#667 = CARTESIAN_POINT('',(-1.050805226573,0.468,0.127624437269));
#668 = CARTESIAN_POINT('',(-1.049942561186,0.468,0.127784541082));
#669 = CARTESIAN_POINT('',(-1.048836486731,0.468,0.127988781753));
#670 = CARTESIAN_POINT('',(-1.047489294642,0.468,0.1282359855));
#671 = CARTESIAN_POINT('',(-1.045903775975,0.468,0.128524751413));
#672 = CARTESIAN_POINT('',(-1.044083215689,0.468,0.128853469898));
#673 = CARTESIAN_POINT('',(-1.042031385887,0.468,0.129220342928));
#674 = CARTESIAN_POINT('',(-1.039752538062,0.468,0.129623405443));
#675 = CARTESIAN_POINT('',(-1.037251394337,0.468,0.130060547211));
#676 = CARTESIAN_POINT('',(-1.034533137721,0.468,0.130529534436));
#677 = CARTESIAN_POINT('',(-1.031603401411,0.468,0.131028030452));
#678 = CARTESIAN_POINT('',(-1.028468257135,0.468,0.131553614867));
#679 = CARTESIAN_POINT('',(-1.025134202589,0.468,0.132103800615));
#680 = CARTESIAN_POINT('',(-1.021608147969,0.468,0.132676048443));
#681 = CARTESIAN_POINT('',(-1.017897401643,0.468,0.133267778508));
#682 = CARTESIAN_POINT('',(-1.01400965498,0.468,0.133876378847));
#683 = CARTESIAN_POINT('',(-1.009952966379,0.468,0.134499210656));
#684 = CARTESIAN_POINT('',(-1.005735744525,0.468,0.135133610423));
#685 = CARTESIAN_POINT('',(-1.001366730916,0.468,0.13577688914));
#686 = CARTESIAN_POINT('',(-0.996854981688,0.468,0.136426328905));
#687 = CARTESIAN_POINT('',(-0.992209848784,0.468,0.137079177393));
#688 = CARTESIAN_POINT('',(-0.987440960511,0.468,0.137732640764));
#689 = CARTESIAN_POINT('',(-0.982558201516,0.468,0.138383875663));
#690 = CARTESIAN_POINT('',(-0.977571692234,0.468,0.139029981028));
#691 = CARTESIAN_POINT('',(-0.972491767849,0.468,0.139667990484));
#692 = CARTESIAN_POINT('',(-0.967328956813,0.468,0.140294866075));
#693 = CARTESIAN_POINT('',(-0.962156245595,0.468,0.140900204974));
#694 = CARTESIAN_POINT('',(-0.958704780991,0.468,0.141288356728));
#695 = CARTESIAN_POINT('',(-0.957,0.468,0.141476045518));
#696 = PCURVE('',#397,#697);
#697 = DEFINITIONAL_REPRESENTATION('',(#698),#732);
#698 = B_SPLINE_CURVE_WITH_KNOTS('',3,(#699,#700,#701,#702,#703,#704,
    #705,#706,#707,#708,#709,#710,#711,#712,#713,#714,#715,#716,#717,
    #718,#719,#720,#721,#722,#723,#724,#725,#726,#727,#728,#729,#730,
    #731),.UNSPECIFIED.,.F.,.F.,(4,1,1,1,1,1,1,1,1,1,1,1,1,1,1,1,1,1,1,1
    ,1,1,1,1,1,1,1,1,1,1,4),(0.,1.259881466402E-04,5.036751174505E-04,
    1.132229495033E-03,2.010268862613E-03,3.135864650429E-03,
    4.506548780761E-03,6.119321980726E-03,7.970663606776E-03,
    1.005654280763E-02,1.237243084376E-02,1.491331438173E-02,
    1.767370958976E-02,2.064767687679E-02,2.382883613886E-02,
    2.721038240277E-02,3.078510178633E-02,3.454538772504E-02,
    3.848325744521E-02,4.259036869267E-02,4.685803675249E-02,
    5.12772518181E-02,5.583869678761E-02,6.053276557972E-02,
    6.534958207227E-02,7.02790197718E-02,7.531072232367E-02,
    8.043412496761E-02,8.563847703433E-02,9.091286556337E-02,
    9.605810567494E-02),.UNSPECIFIED.);
#699 = CARTESIAN_POINT('',(4.0152E-04,-0.12186730847));
#700 = CARTESIAN_POINT('',(4.092426409396E-04,-0.121826028585));
#701 = CARTESIAN_POINT('',(4.401066254878E-04,-0.121660998165));
#702 = CARTESIAN_POINT('',(5.094009628938E-04,-0.121290004254));
#703 = CARTESIAN_POINT('',(6.244372694861E-04,-0.120672535043));
#704 = CARTESIAN_POINT('',(7.845410820927E-04,-0.119809869656));
#705 = CARTESIAN_POINT('',(9.88781753228E-04,-0.118703795201));
#706 = CARTESIAN_POINT('',(1.235985499534E-03,-0.117356603112));
#707 = CARTESIAN_POINT('',(1.524751412828E-03,-0.115771084445));
#708 = CARTESIAN_POINT('',(1.853469898293E-03,-0.113950524159));
#709 = CARTESIAN_POINT('',(2.220342927964E-03,-0.111898694357));
#710 = CARTESIAN_POINT('',(2.623405443266E-03,-0.109619846532));
#711 = CARTESIAN_POINT('',(3.06054721129E-03,-0.107118702807));
#712 = CARTESIAN_POINT('',(3.529534436383E-03,-0.104400446191));
#713 = CARTESIAN_POINT('',(4.028030452045E-03,-0.101470709881));
#714 = CARTESIAN_POINT('',(4.553614867268E-03,-9.833556560467E-02));
#715 = CARTESIAN_POINT('',(5.1038006147E-03,-9.500151105846E-02));
#716 = CARTESIAN_POINT('',(5.676048442877E-03,-9.1475456439E-02));
#717 = CARTESIAN_POINT('',(6.267778507905E-03,-8.776471011324E-02));
#718 = CARTESIAN_POINT('',(6.876378847282E-03,-8.387696345024E-02));
#719 = CARTESIAN_POINT('',(7.499210655554E-03,-7.982027484881E-02));
#720 = CARTESIAN_POINT('',(8.133610423103E-03,-7.560305299513E-02));
#721 = CARTESIAN_POINT('',(8.776889140345E-03,-7.123403938638E-02));
#722 = CARTESIAN_POINT('',(9.426328904794E-03,-6.672229015809E-02));
#723 = CARTESIAN_POINT('',(1.007917739255E-02,-6.207715725426E-02));
#724 = CARTESIAN_POINT('',(1.073264076411E-02,-5.730826898103E-02));
#725 = CARTESIAN_POINT('',(1.138387566274E-02,-5.242550998557E-02));
#726 = CARTESIAN_POINT('',(1.202998102781E-02,-4.743900070343E-02));
#727 = CARTESIAN_POINT('',(1.266799048389E-02,-4.23590763188E-02));
#728 = CARTESIAN_POINT('',(1.329486607515E-02,-3.719626528306E-02));
#729 = CARTESIAN_POINT('',(1.390020497373E-02,-3.202355406533E-02));
#730 = CARTESIAN_POINT('',(1.428835672803E-02,-2.857208946089E-02));
#731 = CARTESIAN_POINT('',(1.447604551814E-02,-2.686730846994E-02));
#732 = ( GEOMETRIC_REPRESENTATION_CONTEXT(2) 
PARAMETRIC_REPRESENTATION_CONTEXT() REPRESENTATION_CONTEXT('2D SPACE',''
  ) );
#733 = PCURVE('',#501,#734);
#734 = DEFINITIONAL_REPRESENTATION('',(#735),#739);
#735 = LINE('',#736,#737);
#736 = CARTESIAN_POINT('',(-2.991349792788E-17,-0.936));
#737 = VECTOR('',#738,1.);
#738 = DIRECTION('',(1.,-1.155782759637E-15));
#739 = ( GEOMETRIC_REPRESENTATION_CONTEXT(2) 
PARAMETRIC_REPRESENTATION_CONTEXT() REPRESENTATION_CONTEXT('2D SPACE',''
  ) );
#740 = ORIENTED_EDGE('',*,*,#741,.T.);
#741 = EDGE_CURVE('',#659,#314,#742,.T.);
#742 = SURFACE_CURVE('',#743,(#748,#755),.PCURVE_S1.);
#743 = CIRCLE('',#744,1.447604551174E-02);
#744 = AXIS2_PLACEMENT_3D('',#745,#746,#747);
#745 = CARTESIAN_POINT('',(-0.957,0.468,0.127));
#746 = DIRECTION('',(0.,1.,-0.));
#747 = DIRECTION('',(-1.,0.,0.));
#748 = PCURVE('',#397,#749);
#749 = DEFINITIONAL_REPRESENTATION('',(#750),#754);
#750 = CIRCLE('',#751,1.447604551174E-02);
#751 = AXIS2_PLACEMENT_2D('',#752,#753);
#752 = CARTESIAN_POINT('',(0.,-2.686730846992E-02));
#753 = DIRECTION('',(0.,-1.));
#754 = ( GEOMETRIC_REPRESENTATION_CONTEXT(2) 
PARAMETRIC_REPRESENTATION_CONTEXT() REPRESENTATION_CONTEXT('2D SPACE',''
  ) );
#755 = PCURVE('',#333,#756);
#756 = DEFINITIONAL_REPRESENTATION('',(#757),#761);
#757 = LINE('',#758,#759);
#758 = CARTESIAN_POINT('',(0.,0.445691965872));
#759 = VECTOR('',#760,1.);
#760 = DIRECTION('',(1.,0.));
#761 = ( GEOMETRIC_REPRESENTATION_CONTEXT(2) 
PARAMETRIC_REPRESENTATION_CONTEXT() REPRESENTATION_CONTEXT('2D SPACE',''
  ) );
#762 = ADVANCED_FACE('',(#763),#333,.T.);
#763 = FACE_BOUND('',#764,.T.);
#764 = EDGE_LOOP('',(#765,#766,#801,#823));
#765 = ORIENTED_EDGE('',*,*,#741,.F.);
#766 = ORIENTED_EDGE('',*,*,#767,.T.);
#767 = EDGE_CURVE('',#659,#768,#770,.T.);
#768 = VERTEX_POINT('',#769);
#769 = CARTESIAN_POINT('',(-0.957000000029,2.230803412778E-02,
    0.141476045515));
#770 = SURFACE_CURVE('',#771,(#777,#792),.PCURVE_S1.);
#771 = B_SPLINE_CURVE_WITH_KNOTS('',4,(#772,#773,#774,#775,#776),
  .UNSPECIFIED.,.F.,.F.,(5,5),(0.,1.),.PIECEWISE_BEZIER_KNOTS.);
#772 = CARTESIAN_POINT('',(-0.957,0.468,0.141476045518));
#773 = CARTESIAN_POINT('',(-0.957,0.356645339035,0.141476045518));
#774 = CARTESIAN_POINT('',(-0.957,0.245064415301,0.141476045518));
#775 = CARTESIAN_POINT('',(-0.957,0.133935124922,0.141476045518));
#776 = CARTESIAN_POINT('',(-0.957,2.230803412778E-02,0.141476045518));
#777 = PCURVE('',#333,#778);
#778 = DEFINITIONAL_REPRESENTATION('',(#779),#791);
#779 = B_SPLINE_CURVE_WITH_KNOTS('',10,(#780,#781,#782,#783,#784,#785,
    #786,#787,#788,#789,#790),.UNSPECIFIED.,.F.,.F.,(11,11),(0.,1.),
  .PIECEWISE_BEZIER_KNOTS.);
#780 = CARTESIAN_POINT('',(1.570796322774,0.445691965872));
#781 = CARTESIAN_POINT('',(1.570796322774,0.401150101486));
#782 = CARTESIAN_POINT('',(1.570796322774,0.356522677254));
#783 = CARTESIAN_POINT('',(1.570796322774,0.312193693737));
#784 = CARTESIAN_POINT('',(1.570796322774,0.267083817444));
#785 = CARTESIAN_POINT('',(1.570796322775,0.223235096272));
#786 = CARTESIAN_POINT('',(1.570796322774,0.178074358917));
#787 = CARTESIAN_POINT('',(1.570796322774,0.133887445027));
#788 = CARTESIAN_POINT('',(1.570796322774,8.921500845491E-02));
#789 = CARTESIAN_POINT('',(1.570796322774,4.465083631758E-02));
#790 = CARTESIAN_POINT('',(1.570796322774,0.));
#791 = ( GEOMETRIC_REPRESENTATION_CONTEXT(2) 
PARAMETRIC_REPRESENTATION_CONTEXT() REPRESENTATION_CONTEXT('2D SPACE',''
  ) );
#792 = PCURVE('',#501,#793);
#793 = DEFINITIONAL_REPRESENTATION('',(#794),#800);
#794 = B_SPLINE_CURVE_WITH_KNOTS('',4,(#795,#796,#797,#798,#799),
  .UNSPECIFIED.,.F.,.F.,(5,5),(0.,1.),.PIECEWISE_BEZIER_KNOTS.);
#795 = CARTESIAN_POINT('',(9.605810567496E-02,-0.935999999906));
#796 = CARTESIAN_POINT('',(9.605810567496E-02,-0.824645338942));
#797 = CARTESIAN_POINT('',(9.605810567496E-02,-0.713064415418));
#798 = CARTESIAN_POINT('',(9.605810567496E-02,-0.601935124922));
#799 = CARTESIAN_POINT('',(9.605810567496E-02,-0.490308034128));
#800 = ( GEOMETRIC_REPRESENTATION_CONTEXT(2) 
PARAMETRIC_REPRESENTATION_CONTEXT() REPRESENTATION_CONTEXT('2D SPACE',''
  ) );
#801 = ORIENTED_EDGE('',*,*,#802,.T.);
#802 = EDGE_CURVE('',#768,#277,#803,.T.);
#803 = SURFACE_CURVE('',#804,(#809,#816),.PCURVE_S1.);
#804 = CIRCLE('',#805,1.447604551174E-02);
#805 = AXIS2_PLACEMENT_3D('',#806,#807,#808);
#806 = CARTESIAN_POINT('',(-0.957,2.230803412778E-02,0.127));
#807 = DIRECTION('',(0.,1.,-0.));
#808 = DIRECTION('',(-1.,0.,0.));
#809 = PCURVE('',#333,#810);
#810 = DEFINITIONAL_REPRESENTATION('',(#811),#815);
#811 = LINE('',#812,#813);
#812 = CARTESIAN_POINT('',(0.,0.));
#813 = VECTOR('',#814,1.);
#814 = DIRECTION('',(1.,0.));
#815 = ( GEOMETRIC_REPRESENTATION_CONTEXT(2) 
PARAMETRIC_REPRESENTATION_CONTEXT() REPRESENTATION_CONTEXT('2D SPACE',''
  ) );
#816 = PCURVE('',#296,#817);
#817 = DEFINITIONAL_REPRESENTATION('',(#818),#822);
#818 = CIRCLE('',#819,1.447604551174E-02);
#819 = AXIS2_PLACEMENT_2D('',#820,#821);
#820 = CARTESIAN_POINT('',(0.,1.));
#821 = DIRECTION('',(1.,0.));
#822 = ( GEOMETRIC_REPRESENTATION_CONTEXT(2) 
PARAMETRIC_REPRESENTATION_CONTEXT() REPRESENTATION_CONTEXT('2D SPACE',''
  ) );
#823 = ORIENTED_EDGE('',*,*,#313,.F.);
#824 = ADVANCED_FACE('',(#825,#880),#296,.F.);
#825 = FACE_BOUND('',#826,.F.);
#826 = EDGE_LOOP('',(#827,#859,#860,#861));
#827 = ORIENTED_EDGE('',*,*,#828,.F.);
#828 = EDGE_CURVE('',#768,#829,#831,.T.);
#829 = VERTEX_POINT('',#830);
#830 = CARTESIAN_POINT('',(-0.974224565691,2.230803412778E-02,
    0.139449215724));
#831 = SURFACE_CURVE('',#832,(#841,#853),.PCURVE_S1.);
#832 = B_SPLINE_CURVE_WITH_KNOTS('',4,(#833,#834,#835,#836,#837,#838,
    #839,#840),.UNSPECIFIED.,.F.,.F.,(5,3,5),(0.,0.461118520824,1.),
  .UNSPECIFIED.);
#833 = CARTESIAN_POINT('',(-0.957,2.230803412778E-02,0.141476045518));
#834 = CARTESIAN_POINT('',(-0.96800705046,2.230803412778E-02,
    0.140264218297));
#835 = CARTESIAN_POINT('',(-0.978997776275,2.230803412778E-02,
    0.138904970659));
#836 = CARTESIAN_POINT('',(-0.989973127867,2.230803412778E-02,
    0.137429545807));
#837 = CARTESIAN_POINT('',(-1.013738273202,2.230803412778E-02,
    0.13397744101));
#838 = CARTESIAN_POINT('',(-1.026521696676,2.230803412778E-02,
    0.131958652639));
#839 = CARTESIAN_POINT('',(-1.039279676988,2.230803412778E-02,
    0.129781238024));
#840 = CARTESIAN_POINT('',(-1.052,2.230803412778E-02,0.12740152));
#841 = PCURVE('',#296,#842);
#842 = DEFINITIONAL_REPRESENTATION('',(#843),#852);
#843 = B_SPLINE_CURVE_WITH_KNOTS('',4,(#844,#845,#846,#847,#848,#849,
    #850,#851),.UNSPECIFIED.,.F.,.F.,(5,3,5),(0.,0.461118520824,1.),
  .UNSPECIFIED.);
#844 = CARTESIAN_POINT('',(0.,1.014476045518));
#845 = CARTESIAN_POINT('',(1.100705045973E-02,1.013264218297));
#846 = CARTESIAN_POINT('',(2.199777627501E-02,1.011904970659));
#847 = CARTESIAN_POINT('',(3.297312786729E-02,1.010429545807));
#848 = CARTESIAN_POINT('',(5.673827320166E-02,1.00697744101));
#849 = CARTESIAN_POINT('',(6.952169667648E-02,1.004958652639));
#850 = CARTESIAN_POINT('',(8.227967698823E-02,1.002781238024));
#851 = CARTESIAN_POINT('',(9.5E-02,1.00040152));
#852 = ( GEOMETRIC_REPRESENTATION_CONTEXT(2) 
PARAMETRIC_REPRESENTATION_CONTEXT() REPRESENTATION_CONTEXT('2D SPACE',''
  ) );
#853 = PCURVE('',#501,#854);
#854 = DEFINITIONAL_REPRESENTATION('',(#855),#858);
#855 = B_SPLINE_CURVE_WITH_KNOTS('',1,(#856,#857),.UNSPECIFIED.,.F.,.F.,
  (2,2),(0.,1.),.PIECEWISE_BEZIER_KNOTS.);
#856 = CARTESIAN_POINT('',(9.605810567496E-02,-0.490308034128));
#857 = CARTESIAN_POINT('',(-1.970555977338E-17,-0.490308034128));
#858 = ( GEOMETRIC_REPRESENTATION_CONTEXT(2) 
PARAMETRIC_REPRESENTATION_CONTEXT() REPRESENTATION_CONTEXT('2D SPACE',''
  ) );
#859 = ORIENTED_EDGE('',*,*,#802,.T.);
#860 = ORIENTED_EDGE('',*,*,#276,.T.);
#861 = ORIENTED_EDGE('',*,*,#862,.F.);
#862 = EDGE_CURVE('',#829,#240,#863,.T.);
#863 = SURFACE_CURVE('',#864,(#868,#874),.PCURVE_S1.);
#864 = LINE('',#865,#866);
#865 = CARTESIAN_POINT('',(-0.974224565691,2.230803412778E-02,-0.9365));
#866 = VECTOR('',#867,1.);
#867 = DIRECTION('',(-0.,0.,-1.));
#868 = PCURVE('',#296,#869);
#869 = DEFINITIONAL_REPRESENTATION('',(#870),#873);
#870 = B_SPLINE_CURVE_WITH_KNOTS('',1,(#871,#872),.UNSPECIFIED.,.F.,.F.,
  (2,2),(-1.077976045518,-1.049023954482),.PIECEWISE_BEZIER_KNOTS.);
#871 = CARTESIAN_POINT('',(1.722456569112E-02,1.014476045518));
#872 = CARTESIAN_POINT('',(1.722456569112E-02,0.985523954482));
#873 = ( GEOMETRIC_REPRESENTATION_CONTEXT(2) 
PARAMETRIC_REPRESENTATION_CONTEXT() REPRESENTATION_CONTEXT('2D SPACE',''
  ) );
#874 = PCURVE('',#261,#875);
#875 = DEFINITIONAL_REPRESENTATION('',(#876),#879);
#876 = B_SPLINE_CURVE_WITH_KNOTS('',1,(#877,#878),.UNSPECIFIED.,.F.,.F.,
  (2,2),(-1.077976045518,-1.049023954482),.PIECEWISE_BEZIER_KNOTS.);
#877 = CARTESIAN_POINT('',(1.141476045518,-0.102723499843));
#878 = CARTESIAN_POINT('',(1.112523954482,-0.102723499843));
#879 = ( GEOMETRIC_REPRESENTATION_CONTEXT(2) 
PARAMETRIC_REPRESENTATION_CONTEXT() REPRESENTATION_CONTEXT('2D SPACE',''
  ) );
#880 = FACE_BOUND('',#881,.F.);
#881 = EDGE_LOOP('',(#882));
#882 = ORIENTED_EDGE('',*,*,#883,.F.);
#883 = EDGE_CURVE('',#884,#884,#886,.T.);
#884 = VERTEX_POINT('',#885);
#885 = CARTESIAN_POINT('',(-0.957,2.230803412778E-02,0.131));
#886 = SURFACE_CURVE('',#887,(#892,#899),.PCURVE_S1.);
#887 = CIRCLE('',#888,4.E-03);
#888 = AXIS2_PLACEMENT_3D('',#889,#890,#891);
#889 = CARTESIAN_POINT('',(-0.957,2.230803412778E-02,0.127));
#890 = DIRECTION('',(0.,1.,0.));
#891 = DIRECTION('',(0.,-0.,1.));
#892 = PCURVE('',#296,#893);
#893 = DEFINITIONAL_REPRESENTATION('',(#894),#898);
#894 = CIRCLE('',#895,4.E-03);
#895 = AXIS2_PLACEMENT_2D('',#896,#897);
#896 = CARTESIAN_POINT('',(0.,1.));
#897 = DIRECTION('',(0.,1.));
#898 = ( GEOMETRIC_REPRESENTATION_CONTEXT(2) 
PARAMETRIC_REPRESENTATION_CONTEXT() REPRESENTATION_CONTEXT('2D SPACE',''
  ) );
#899 = PCURVE('',#900,#905);
#900 = CYLINDRICAL_SURFACE('',#901,4.E-03);
#901 = AXIS2_PLACEMENT_3D('',#902,#903,#904);
#902 = CARTESIAN_POINT('',(-0.957,-3.230803412778E-02,0.127));
#903 = DIRECTION('',(0.,1.,0.));
#904 = DIRECTION('',(0.,-0.,1.));
#905 = DEFINITIONAL_REPRESENTATION('',(#906),#910);
#906 = LINE('',#907,#908);
#907 = CARTESIAN_POINT('',(0.,5.461606825557E-02));
#908 = VECTOR('',#909,1.);
#909 = DIRECTION('',(1.,0.));
#910 = ( GEOMETRIC_REPRESENTATION_CONTEXT(2) 
PARAMETRIC_REPRESENTATION_CONTEXT() REPRESENTATION_CONTEXT('2D SPACE',''
  ) );
#911 = ADVANCED_FACE('',(#912),#261,.F.);
#912 = FACE_BOUND('',#913,.F.);
#913 = EDGE_LOOP('',(#914,#937,#967,#968));
#914 = ORIENTED_EDGE('',*,*,#915,.T.);
#915 = EDGE_CURVE('',#197,#916,#918,.T.);
#916 = VERTEX_POINT('',#917);
#917 = CARTESIAN_POINT('',(-0.974224565691,8.041546571541E-02,
    0.139449203363));
#918 = SURFACE_CURVE('',#919,(#923,#930),.PCURVE_S1.);
#919 = LINE('',#920,#921);
#920 = CARTESIAN_POINT('',(-0.974224565691,8.041546571541E-02,-1.));
#921 = VECTOR('',#922,1.);
#922 = DIRECTION('',(0.,0.,1.));
#923 = PCURVE('',#261,#924);
#924 = DEFINITIONAL_REPRESENTATION('',(#925),#929);
#925 = LINE('',#926,#927);
#926 = CARTESIAN_POINT('',(0.,-0.160830931431));
#927 = VECTOR('',#928,1.);
#928 = DIRECTION('',(1.,0.));
#929 = ( GEOMETRIC_REPRESENTATION_CONTEXT(2) 
PARAMETRIC_REPRESENTATION_CONTEXT() REPRESENTATION_CONTEXT('2D SPACE',''
  ) );
#930 = PCURVE('',#222,#931);
#931 = DEFINITIONAL_REPRESENTATION('',(#932),#936);
#932 = LINE('',#933,#934);
#933 = CARTESIAN_POINT('',(0.,1.025775434309));
#934 = VECTOR('',#935,1.);
#935 = DIRECTION('',(1.,0.));
#936 = ( GEOMETRIC_REPRESENTATION_CONTEXT(2) 
PARAMETRIC_REPRESENTATION_CONTEXT() REPRESENTATION_CONTEXT('2D SPACE',''
  ) );
#937 = ORIENTED_EDGE('',*,*,#938,.T.);
#938 = EDGE_CURVE('',#916,#829,#939,.T.);
#939 = SURFACE_CURVE('',#940,(#947,#957),.PCURVE_S1.);
#940 = B_SPLINE_CURVE_WITH_KNOTS('',5,(#941,#942,#943,#944,#945,#946),
  .UNSPECIFIED.,.F.,.F.,(6,6),(0.,1.),.PIECEWISE_BEZIER_KNOTS.);
#941 = CARTESIAN_POINT('',(-0.974224565691,8.041546571541E-02,
    0.139449203363));
#942 = CARTESIAN_POINT('',(-0.974224565691,7.611507088321E-02,
    0.139449203363));
#943 = CARTESIAN_POINT('',(-0.974224565691,5.872225122446E-02,
    0.139449203363));
#944 = CARTESIAN_POINT('',(-0.974224565691,4.456500358007E-02,
    0.139449203363));
#945 = CARTESIAN_POINT('',(-0.974224565691,3.536934432799E-02,
    0.139449203363));
#946 = CARTESIAN_POINT('',(-0.974224565691,2.230743412778E-02,
    0.139449203363));
#947 = PCURVE('',#261,#948);
#948 = DEFINITIONAL_REPRESENTATION('',(#949),#956);
#949 = B_SPLINE_CURVE_WITH_KNOTS('',5,(#950,#951,#952,#953,#954,#955),
  .UNSPECIFIED.,.F.,.F.,(6,6),(0.,1.),.PIECEWISE_BEZIER_KNOTS.);
#950 = CARTESIAN_POINT('',(1.139449203363,-0.160830931431));
#951 = CARTESIAN_POINT('',(1.139449203363,-0.156530536599));
#952 = CARTESIAN_POINT('',(1.139449203363,-0.13913771694));
#953 = CARTESIAN_POINT('',(1.139449203363,-0.124980469295));
#954 = CARTESIAN_POINT('',(1.139449203363,-0.115784810043));
#955 = CARTESIAN_POINT('',(1.139449203363,-0.102722899843));
#956 = ( GEOMETRIC_REPRESENTATION_CONTEXT(2) 
PARAMETRIC_REPRESENTATION_CONTEXT() REPRESENTATION_CONTEXT('2D SPACE',''
  ) );
#957 = PCURVE('',#501,#958);
#958 = DEFINITIONAL_REPRESENTATION('',(#959),#966);
#959 = B_SPLINE_CURVE_WITH_KNOTS('',5,(#960,#961,#962,#963,#964,#965),
  .UNSPECIFIED.,.F.,.F.,(6,6),(0.,1.),.PIECEWISE_BEZIER_KNOTS.);
#960 = CARTESIAN_POINT('',(7.871455941625E-02,-0.548415465715));
#961 = CARTESIAN_POINT('',(7.871455941625E-02,-0.544115070883));
#962 = CARTESIAN_POINT('',(7.871455941625E-02,-0.526722251224));
#963 = CARTESIAN_POINT('',(7.871455941625E-02,-0.51256500358));
#964 = CARTESIAN_POINT('',(7.871455941625E-02,-0.503369344328));
#965 = CARTESIAN_POINT('',(7.871455941625E-02,-0.490307434128));
#966 = ( GEOMETRIC_REPRESENTATION_CONTEXT(2) 
PARAMETRIC_REPRESENTATION_CONTEXT() REPRESENTATION_CONTEXT('2D SPACE',''
  ) );
#967 = ORIENTED_EDGE('',*,*,#862,.T.);
#968 = ORIENTED_EDGE('',*,*,#239,.F.);
#969 = ADVANCED_FACE('',(#970),#222,.F.);
#970 = FACE_BOUND('',#971,.F.);
#971 = EDGE_LOOP('',(#972,#973,#974,#975));
#972 = ORIENTED_EDGE('',*,*,#915,.F.);
#973 = ORIENTED_EDGE('',*,*,#196,.F.);
#974 = ORIENTED_EDGE('',*,*,#442,.T.);
#975 = ORIENTED_EDGE('',*,*,#976,.F.);
#976 = EDGE_CURVE('',#916,#443,#977,.T.);
#977 = SURFACE_CURVE('',#978,(#987,#999),.PCURVE_S1.);
#978 = B_SPLINE_CURVE_WITH_KNOTS('',4,(#979,#980,#981,#982,#983,#984,
    #985,#986),.UNSPECIFIED.,.F.,.F.,(5,3,5),(0.,0.355659126828,1.),
  .UNSPECIFIED.);
#979 = CARTESIAN_POINT('',(-0.974224565691,8.041546571541E-02,
    0.139449203363));
#980 = CARTESIAN_POINT('',(-0.981169495258,8.041546571541E-02,
    0.138581739775));
#981 = CARTESIAN_POINT('',(-0.988108045083,8.041546571541E-02,
    0.137663264979));
#982 = CARTESIAN_POINT('',(-0.995040264288,8.041546571541E-02,
    0.136698408739));
#983 = CARTESIAN_POINT('',(-1.014512412942,8.041546571541E-02,
    0.133854979301));
#984 = CARTESIAN_POINT('',(-1.02703675946,8.041546571541E-02,
    0.131870670689));
#985 = CARTESIAN_POINT('',(-1.039536460071,8.041546571541E-02,
    0.129733199045));
#986 = CARTESIAN_POINT('',(-1.052,8.041546571541E-02,0.12740152));
#987 = PCURVE('',#222,#988);
#988 = DEFINITIONAL_REPRESENTATION('',(#989),#998);
#989 = B_SPLINE_CURVE_WITH_KNOTS('',4,(#990,#991,#992,#993,#994,#995,
    #996,#997),.UNSPECIFIED.,.F.,.F.,(5,3,5),(0.,0.355659126828,1.),
  .UNSPECIFIED.);
#990 = CARTESIAN_POINT('',(1.139449203363,1.025775434309));
#991 = CARTESIAN_POINT('',(1.138581739775,1.018830504742));
#992 = CARTESIAN_POINT('',(1.137663264979,1.011891954917));
#993 = CARTESIAN_POINT('',(1.136698408739,1.004959735712));
#994 = CARTESIAN_POINT('',(1.133854979301,0.985487587058));
#995 = CARTESIAN_POINT('',(1.131870670689,0.97296324054));
#996 = CARTESIAN_POINT('',(1.129733199045,0.960463539929));
#997 = CARTESIAN_POINT('',(1.12740152,0.948));
#998 = ( GEOMETRIC_REPRESENTATION_CONTEXT(2) 
PARAMETRIC_REPRESENTATION_CONTEXT() REPRESENTATION_CONTEXT('2D SPACE',''
  ) );
#999 = PCURVE('',#501,#1000);
#1000 = DEFINITIONAL_REPRESENTATION('',(#1001),#1010);
#1001 = B_SPLINE_CURVE_WITH_KNOTS('',4,(#1002,#1003,#1004,#1005,#1006,
    #1007,#1008,#1009),.UNSPECIFIED.,.F.,.F.,(5,3,5),(0.,0.355659126828,
    1.),.UNSPECIFIED.);
#1002 = CARTESIAN_POINT('',(7.871455930431E-02,-0.548415465715));
#1003 = CARTESIAN_POINT('',(7.171566839162E-02,-0.548415465715));
#1004 = CARTESIAN_POINT('',(6.471677836363E-02,-0.548415465715));
#1005 = CARTESIAN_POINT('',(5.771788865558E-02,-0.548415465715));
#1006 = CARTESIAN_POINT('',(3.803923701621E-02,-0.548415465715));
#1007 = CARTESIAN_POINT('',(2.535949384446E-02,-0.548415465715));
#1008 = CARTESIAN_POINT('',(1.267976951257E-02,-0.548415465715));
#1009 = CARTESIAN_POINT('',(0.,-0.548415465715));
#1010 = ( GEOMETRIC_REPRESENTATION_CONTEXT(2) 
PARAMETRIC_REPRESENTATION_CONTEXT() REPRESENTATION_CONTEXT('2D SPACE',''
  ) );
#1011 = ADVANCED_FACE('',(#1012),#501,.F.);
#1012 = FACE_BOUND('',#1013,.F.);
#1013 = EDGE_LOOP('',(#1014,#1015,#1016,#1017,#1018,#1019));
#1014 = ORIENTED_EDGE('',*,*,#487,.T.);
#1015 = ORIENTED_EDGE('',*,*,#658,.T.);
#1016 = ORIENTED_EDGE('',*,*,#767,.T.);
#1017 = ORIENTED_EDGE('',*,*,#828,.T.);
#1018 = ORIENTED_EDGE('',*,*,#938,.F.);
#1019 = ORIENTED_EDGE('',*,*,#976,.T.);
#1020 = ADVANCED_FACE('',(#1021),#900,.T.);
#1021 = FACE_BOUND('',#1022,.T.);
#1022 = EDGE_LOOP('',(#1023,#1024,#1047,#1074));
#1023 = ORIENTED_EDGE('',*,*,#883,.F.);
#1024 = ORIENTED_EDGE('',*,*,#1025,.F.);
#1025 = EDGE_CURVE('',#1026,#884,#1028,.T.);
#1026 = VERTEX_POINT('',#1027);
#1027 = CARTESIAN_POINT('',(-0.957,-2.230803412778E-02,0.131));
#1028 = SEAM_CURVE('',#1029,(#1033,#1040),.PCURVE_S1.);
#1029 = LINE('',#1030,#1031);
#1030 = CARTESIAN_POINT('',(-0.957,-3.230803412778E-02,0.131));
#1031 = VECTOR('',#1032,1.);
#1032 = DIRECTION('',(0.,1.,0.));
#1033 = PCURVE('',#900,#1034);
#1034 = DEFINITIONAL_REPRESENTATION('',(#1035),#1039);
#1035 = LINE('',#1036,#1037);
#1036 = CARTESIAN_POINT('',(6.28318530718,-0.));
#1037 = VECTOR('',#1038,1.);
#1038 = DIRECTION('',(0.,1.));
#1039 = ( GEOMETRIC_REPRESENTATION_CONTEXT(2) 
PARAMETRIC_REPRESENTATION_CONTEXT() REPRESENTATION_CONTEXT('2D SPACE',''
  ) );
#1040 = PCURVE('',#900,#1041);
#1041 = DEFINITIONAL_REPRESENTATION('',(#1042),#1046);
#1042 = LINE('',#1043,#1044);
#1043 = CARTESIAN_POINT('',(0.,-0.));
#1044 = VECTOR('',#1045,1.);
#1045 = DIRECTION('',(0.,1.));
#1046 = ( GEOMETRIC_REPRESENTATION_CONTEXT(2) 
PARAMETRIC_REPRESENTATION_CONTEXT() REPRESENTATION_CONTEXT('2D SPACE',''
  ) );
#1047 = ORIENTED_EDGE('',*,*,#1048,.T.);
#1048 = EDGE_CURVE('',#1026,#1026,#1049,.T.);
#1049 = SURFACE_CURVE('',#1050,(#1055,#1062),.PCURVE_S1.);
#1050 = CIRCLE('',#1051,4.E-03);
#1051 = AXIS2_PLACEMENT_3D('',#1052,#1053,#1054);
#1052 = CARTESIAN_POINT('',(-0.957,-2.230803412778E-02,0.127));
#1053 = DIRECTION('',(0.,1.,0.));
#1054 = DIRECTION('',(0.,-0.,1.));
#1055 = PCURVE('',#900,#1056);
#1056 = DEFINITIONAL_REPRESENTATION('',(#1057),#1061);
#1057 = LINE('',#1058,#1059);
#1058 = CARTESIAN_POINT('',(0.,1.E-02));
#1059 = VECTOR('',#1060,1.);
#1060 = DIRECTION('',(1.,0.));
#1061 = ( GEOMETRIC_REPRESENTATION_CONTEXT(2) 
PARAMETRIC_REPRESENTATION_CONTEXT() REPRESENTATION_CONTEXT('2D SPACE',''
  ) );
#1062 = PCURVE('',#1063,#1068);
#1063 = PLANE('',#1064);
#1064 = AXIS2_PLACEMENT_3D('',#1065,#1066,#1067);
#1065 = CARTESIAN_POINT('',(-0.957,-2.230803412778E-02,-0.873));
#1066 = DIRECTION('',(0.,1.,0.));
#1067 = DIRECTION('',(-1.,0.,0.));
#1068 = DEFINITIONAL_REPRESENTATION('',(#1069),#1073);
#1069 = CIRCLE('',#1070,4.E-03);
#1070 = AXIS2_PLACEMENT_2D('',#1071,#1072);
#1071 = CARTESIAN_POINT('',(0.,1.));
#1072 = DIRECTION('',(0.,1.));
#1073 = ( GEOMETRIC_REPRESENTATION_CONTEXT(2) 
PARAMETRIC_REPRESENTATION_CONTEXT() REPRESENTATION_CONTEXT('2D SPACE',''
  ) );
#1074 = ORIENTED_EDGE('',*,*,#1025,.T.);
#1075 = ADVANCED_FACE('',(#1076,#1487),#1063,.T.);
#1076 = FACE_BOUND('',#1077,.T.);
#1077 = EDGE_LOOP('',(#1078,#1257,#1286,#1463));
#1078 = ORIENTED_EDGE('',*,*,#1079,.F.);
#1079 = EDGE_CURVE('',#1080,#1082,#1084,.T.);
#1080 = VERTEX_POINT('',#1081);
#1081 = CARTESIAN_POINT('',(-0.957000000029,-2.230803412778E-02,
    0.141476045515));
#1082 = VERTEX_POINT('',#1083);
#1083 = CARTESIAN_POINT('',(-0.974224565691,-2.230803412778E-02,
    0.139449215724));
#1084 = SURFACE_CURVE('',#1085,(#1094,#1106),.PCURVE_S1.);
#1085 = B_SPLINE_CURVE_WITH_KNOTS('',4,(#1086,#1087,#1088,#1089,#1090,
    #1091,#1092,#1093),.UNSPECIFIED.,.F.,.F.,(5,3,5),(0.,0.461118520824,
    1.),.UNSPECIFIED.);
#1086 = CARTESIAN_POINT('',(-0.957,-2.230803412778E-02,0.141476045518));
#1087 = CARTESIAN_POINT('',(-0.96800705046,-2.230803412778E-02,
    0.140264218297));
#1088 = CARTESIAN_POINT('',(-0.978997776275,-2.230803412778E-02,
    0.138904970659));
#1089 = CARTESIAN_POINT('',(-0.989973127867,-2.230803412778E-02,
    0.137429545807));
#1090 = CARTESIAN_POINT('',(-1.013738273202,-2.230803412778E-02,
    0.13397744101));
#1091 = CARTESIAN_POINT('',(-1.026521696676,-2.230803412778E-02,
    0.131958652639));
#1092 = CARTESIAN_POINT('',(-1.039279676988,-2.230803412778E-02,
    0.129781238024));
#1093 = CARTESIAN_POINT('',(-1.052,-2.230803412778E-02,0.12740152));
#1094 = PCURVE('',#1063,#1095);
#1095 = DEFINITIONAL_REPRESENTATION('',(#1096),#1105);
#1096 = B_SPLINE_CURVE_WITH_KNOTS('',4,(#1097,#1098,#1099,#1100,#1101,
    #1102,#1103,#1104),.UNSPECIFIED.,.F.,.F.,(5,3,5),(0.,0.461118520824,
    1.),.UNSPECIFIED.);
#1097 = CARTESIAN_POINT('',(0.,1.014476045518));
#1098 = CARTESIAN_POINT('',(1.100705045973E-02,1.013264218297));
#1099 = CARTESIAN_POINT('',(2.199777627501E-02,1.011904970659));
#1100 = CARTESIAN_POINT('',(3.297312786722E-02,1.010429545807));
#1101 = CARTESIAN_POINT('',(5.673827320166E-02,1.00697744101));
#1102 = CARTESIAN_POINT('',(6.952169667648E-02,1.004958652639));
#1103 = CARTESIAN_POINT('',(8.227967698823E-02,1.002781238024));
#1104 = CARTESIAN_POINT('',(9.5E-02,1.00040152));
#1105 = ( GEOMETRIC_REPRESENTATION_CONTEXT(2) 
PARAMETRIC_REPRESENTATION_CONTEXT() REPRESENTATION_CONTEXT('2D SPACE',''
  ) );
#1106 = PCURVE('',#1107,#1252);
#1107 = SURFACE_OF_LINEAR_EXTRUSION('',#1108,#1250);
#1108 = B_SPLINE_CURVE_WITH_KNOTS('',3,(#1109,#1110,#1111,#1112,#1113,
    #1114,#1115,#1116,#1117,#1118,#1119,#1120,#1121,#1122,#1123,#1124,
    #1125,#1126,#1127,#1128,#1129,#1130,#1131,#1132,#1133,#1134,#1135,
    #1136,#1137,#1138,#1139,#1140,#1141,#1142,#1143,#1144,#1145,#1146,
    #1147,#1148,#1149,#1150,#1151,#1152,#1153,#1154,#1155,#1156,#1157,
    #1158,#1159,#1160,#1161,#1162,#1163,#1164,#1165,#1166,#1167,#1168,
    #1169,#1170,#1171,#1172,#1173,#1174,#1175,#1176,#1177,#1178,#1179,
    #1180,#1181,#1182,#1183,#1184,#1185,#1186,#1187,#1188,#1189,#1190,
    #1191,#1192,#1193,#1194,#1195,#1196,#1197,#1198,#1199,#1200,#1201,
    #1202,#1203,#1204,#1205,#1206,#1207,#1208,#1209,#1210,#1211,#1212,
    #1213,#1214,#1215,#1216,#1217,#1218,#1219,#1220,#1221,#1222,#1223,
    #1224,#1225,#1226,#1227,#1228,#1229,#1230,#1231,#1232,#1233,#1234,
    #1235,#1236,#1237,#1238,#1239,#1240,#1241,#1242,#1243,#1244,#1245,
    #1246,#1247,#1248,#1249),.UNSPECIFIED.,.F.,.F.,(4,1,1,1,1,1,1,1,1,1,
    1,1,1,1,1,1,1,1,1,1,1,1,1,1,1,1,1,1,1,1,1,1,1,1,1,1,1,1,1,1,1,1,1,1,
    1,1,1,1,1,1,1,1,1,1,1,1,1,1,1,1,1,1,1,1,1,1,1,1,1,1,1,1,1,1,1,1,1,1,
    1,1,1,1,1,1,1,1,1,1,1,1,1,1,1,1,1,1,1,1,1,1,1,1,1,1,1,1,1,1,1,1,1,1,
    1,1,1,1,1,1,1,1,1,1,1,1,1,1,1,1,1,1,1,1,1,1,1,1,1,1,4),(0.,
    1.259881466402E-04,5.036751174505E-04,1.132229495033E-03,
    2.010268862613E-03,3.135864650429E-03,4.506548780761E-03,
    6.119321980726E-03,7.970663606776E-03,1.005654280763E-02,
    1.237243084376E-02,1.491331438173E-02,1.767370958976E-02,
    2.064767687679E-02,2.382883613886E-02,2.721038240277E-02,
    3.078510178633E-02,3.454538772504E-02,3.848325744521E-02,
    4.259036869267E-02,4.685803675249E-02,5.12772518181E-02,
    5.583869678761E-02,6.053276557972E-02,6.534958207227E-02,
    7.02790197718E-02,7.531072232367E-02,8.043412496761E-02,
    8.563847703433E-02,9.091286556337E-02,9.624624010174E-02,
    0.101627438716,0.107045215217,0.112488267562,0.117945267351,
    0.123404890296,0.128855847484,0.134286917237,0.139686977281,
    0.145045036972,0.150350269244,0.155592041978,0.160759948488,
    0.165843836862,0.170833837966,0.175720391986,0.180494273535,
    0.18514661547,0.189668931795,0.194053140198,0.198291585092,
    0.202377062322,0.206302847137,0.210062727503,0.213651045562,
    0.217062750932,0.220293470883,0.223339604316,0.226198449252,
    0.228868377677,0.231349077656,0.233641891298,0.235750288839,
    0.237680532349,0.239442590363,0.241051345261,0.242528036432,
    0.243901619855,0.245209273217,0.246494955108,0.247780637,
    0.249088290362,0.250461873784,0.251938564956,0.253547319854,
    0.255309377868,0.257239621378,0.259348018919,0.261640832561,
    0.26412153254,0.266791460965,0.269650305901,0.272696439334,
    0.275927159285,0.279338864655,0.282927182714,0.28668706308,
    0.290612847895,0.294698325125,0.298936770018,0.303320978421,
    0.307843294747,0.312495636682,0.317269518231,0.322156072251,
    0.327146073355,0.332229961729,0.337397868238,0.342639640973,
    0.347944873245,0.353302932936,0.35870299298,0.364134062732,
    0.369585019921,0.375044642866,0.380501642655,0.385944695,
    0.391362471501,0.396743670115,0.402077044654,0.407351433183,
    0.412555785249,0.417679187893,0.422710890445,0.427640328145,
    0.432457144637,0.437151213429,0.441712658399,0.446131873464,
    0.450399541524,0.454506652772,0.458444522492,0.462204808431,
    0.465779527814,0.469161074078,0.47234223334,0.475316200627,
    0.478076595835,0.480617479373,0.482933367409,0.48501924661,
    0.486870588236,0.488483361436,0.489854045566,0.490979641354,
    0.491857680722,0.492486235099,0.49286392207,0.492989910217),
  .UNSPECIFIED.);
#1109 = CARTESIAN_POINT('',(-1.052,-0.468,0.12740152));
#1110 = CARTESIAN_POINT('',(-1.051958720115,-0.468,0.127409242641));
#1111 = CARTESIAN_POINT('',(-1.051793689695,-0.468,0.127440106625));
#1112 = CARTESIAN_POINT('',(-1.051422695784,-0.468,0.127509400963));
#1113 = CARTESIAN_POINT('',(-1.050805226573,-0.468,0.127624437269));
#1114 = CARTESIAN_POINT('',(-1.049942561186,-0.468,0.127784541082));
#1115 = CARTESIAN_POINT('',(-1.048836486731,-0.468,0.127988781753));
#1116 = CARTESIAN_POINT('',(-1.047489294642,-0.468,0.1282359855));
#1117 = CARTESIAN_POINT('',(-1.045903775975,-0.468,0.128524751413));
#1118 = CARTESIAN_POINT('',(-1.044083215689,-0.468,0.128853469898));
#1119 = CARTESIAN_POINT('',(-1.042031385887,-0.468,0.129220342928));
#1120 = CARTESIAN_POINT('',(-1.039752538062,-0.468,0.129623405443));
#1121 = CARTESIAN_POINT('',(-1.037251394337,-0.468,0.130060547211));
#1122 = CARTESIAN_POINT('',(-1.034533137721,-0.468,0.130529534436));
#1123 = CARTESIAN_POINT('',(-1.031603401411,-0.468,0.131028030452));
#1124 = CARTESIAN_POINT('',(-1.028468257135,-0.468,0.131553614867));
#1125 = CARTESIAN_POINT('',(-1.025134202589,-0.468,0.132103800615));
#1126 = CARTESIAN_POINT('',(-1.021608147969,-0.468,0.132676048443));
#1127 = CARTESIAN_POINT('',(-1.017897401643,-0.468,0.133267778508));
#1128 = CARTESIAN_POINT('',(-1.01400965498,-0.468,0.133876378847));
#1129 = CARTESIAN_POINT('',(-1.009952966379,-0.468,0.134499210656));
#1130 = CARTESIAN_POINT('',(-1.005735744525,-0.468,0.135133610423));
#1131 = CARTESIAN_POINT('',(-1.001366730916,-0.468,0.13577688914));
#1132 = CARTESIAN_POINT('',(-0.996854981688,-0.468,0.136426328905));
#1133 = CARTESIAN_POINT('',(-0.992209848784,-0.468,0.137079177393));
#1134 = CARTESIAN_POINT('',(-0.987440960511,-0.468,0.137732640764));
#1135 = CARTESIAN_POINT('',(-0.982558201516,-0.468,0.138383875663));
#1136 = CARTESIAN_POINT('',(-0.977571692234,-0.468,0.139029981028));
#1137 = CARTESIAN_POINT('',(-0.972491767849,-0.468,0.139667990484));
#1138 = CARTESIAN_POINT('',(-0.967328956813,-0.468,0.140294866075));
#1139 = CARTESIAN_POINT('',(-0.962093958968,-0.468,0.140907494095));
#1140 = CARTESIAN_POINT('',(-0.956797623323,-0.468,0.141502683709));
#1141 = CARTESIAN_POINT('',(-0.95145092553,-0.468,0.142077169));
#1142 = CARTESIAN_POINT('',(-0.94606494511,-0.468,0.142627614936));
#1143 = CARTESIAN_POINT('',(-0.940650842479,-0.468,0.143150627676));
#1144 = CARTESIAN_POINT('',(-0.935219835821,-0.468,0.143642769432));
#1145 = CARTESIAN_POINT('',(-0.929783177856,-0.468,0.144100577984));
#1146 = CARTESIAN_POINT('',(-0.924352132551,-0.468,0.144520590749));
#1147 = CARTESIAN_POINT('',(-0.918937951828,-0.468,0.144899373151));
#1148 = CARTESIAN_POINT('',(-0.913551852299,-0.468,0.145233550833));
#1149 = CARTESIAN_POINT('',(-0.90820499209,-0.468,0.145519845141));
#1150 = CARTESIAN_POINT('',(-0.902908447776,-0.468,0.145755111089));
#1151 = CARTESIAN_POINT('',(-0.89767319148,-0.468,0.145936376953));
#1152 = CARTESIAN_POINT('',(-0.892510068169,-0.468,0.146060884474));
#1153 = CARTESIAN_POINT('',(-0.887429773179,-0.468,0.146126128621));
#1154 = CARTESIAN_POINT('',(-0.882442829995,-0.468,0.146129895766));
#1155 = CARTESIAN_POINT('',(-0.877559568324,-0.468,0.146070299162));
#1156 = CARTESIAN_POINT('',(-0.872790102481,-0.468,0.145945810586));
#1157 = CARTESIAN_POINT('',(-0.868144310107,-0.468,0.145755287107));
#1158 = CARTESIAN_POINT('',(-0.863631811227,-0.468,0.145497991992));
#1159 = CARTESIAN_POINT('',(-0.859261947667,-0.468,0.145173608917));
#1160 = CARTESIAN_POINT('',(-0.855043762816,-0.468,0.144782248776));
#1161 = CARTESIAN_POINT('',(-0.850985981707,-0.468,0.144324448565));
#1162 = CARTESIAN_POINT('',(-0.847096991379,-0.468,0.14380116199));
#1163 = CARTESIAN_POINT('',(-0.843384821427,-0.468,0.143213741653));
#1164 = CARTESIAN_POINT('',(-0.8398571246,-0.468,0.142563912808));
#1165 = CARTESIAN_POINT('',(-0.836521157263,-0.468,0.141853738846));
#1166 = CARTESIAN_POINT('',(-0.833383759394,-0.468,0.141085578689));
#1167 = CARTESIAN_POINT('',(-0.830451333742,-0.468,0.140262036174));
#1168 = CARTESIAN_POINT('',(-0.827729823688,-0.468,0.139385901144));
#1169 = CARTESIAN_POINT('',(-0.825224689445,-0.468,0.138460081152));
#1170 = CARTESIAN_POINT('',(-0.822940882924,-0.468,0.137487521101));
#1171 = CARTESIAN_POINT('',(-0.820882823653,-0.468,0.136471105618));
#1172 = CARTESIAN_POINT('',(-0.819054383924,-0.468,0.135413535203));
#1173 = CARTESIAN_POINT('',(-0.817458904729,-0.468,0.134317165636));
#1174 = CARTESIAN_POINT('',(-0.816099293046,-0.468,0.133183805945));
#1175 = CARTESIAN_POINT('',(-0.814978291585,-0.468,0.132014526037));
#1176 = CARTESIAN_POINT('',(-0.814099029928,-0.468,0.130809637657));
#1177 = CARTESIAN_POINT('',(-0.813465723979,-0.468,0.129569337051));
#1178 = CARTESIAN_POINT('',(-0.81308376735,-0.468,0.128295110551));
#1179 = CARTESIAN_POINT('',(-0.812958471175,-0.468,0.127));
#1180 = CARTESIAN_POINT('',(-0.81308376735,-0.468,0.125704889449));
#1181 = CARTESIAN_POINT('',(-0.813465723979,-0.468,0.124430662949));
#1182 = CARTESIAN_POINT('',(-0.814099029928,-0.468,0.123190362343));
#1183 = CARTESIAN_POINT('',(-0.814978291585,-0.468,0.121985473963));
#1184 = CARTESIAN_POINT('',(-0.816099293046,-0.468,0.120816194055));
#1185 = CARTESIAN_POINT('',(-0.817458904729,-0.468,0.119682834364));
#1186 = CARTESIAN_POINT('',(-0.819054383924,-0.468,0.118586464797));
#1187 = CARTESIAN_POINT('',(-0.820882823653,-0.468,0.117528894382));
#1188 = CARTESIAN_POINT('',(-0.822940882924,-0.468,0.116512478899));
#1189 = CARTESIAN_POINT('',(-0.825224689445,-0.468,0.115539918848));
#1190 = CARTESIAN_POINT('',(-0.827729823688,-0.468,0.114614098856));
#1191 = CARTESIAN_POINT('',(-0.830451333742,-0.468,0.113737963826));
#1192 = CARTESIAN_POINT('',(-0.833383759394,-0.468,0.112914421311));
#1193 = CARTESIAN_POINT('',(-0.836521157263,-0.468,0.112146261154));
#1194 = CARTESIAN_POINT('',(-0.8398571246,-0.468,0.111436087192));
#1195 = CARTESIAN_POINT('',(-0.843384821427,-0.468,0.110786258347));
#1196 = CARTESIAN_POINT('',(-0.847096991379,-0.468,0.11019883801));
#1197 = CARTESIAN_POINT('',(-0.850985981707,-0.468,0.109675551435));
#1198 = CARTESIAN_POINT('',(-0.855043762816,-0.468,0.109217751224));
#1199 = CARTESIAN_POINT('',(-0.859261947667,-0.468,0.108826391083));
#1200 = CARTESIAN_POINT('',(-0.863631811227,-0.468,0.108502008008));
#1201 = CARTESIAN_POINT('',(-0.868144310107,-0.468,0.108244712893));
#1202 = CARTESIAN_POINT('',(-0.872790102481,-0.468,0.108054189414));
#1203 = CARTESIAN_POINT('',(-0.877559568324,-0.468,0.107929700838));
#1204 = CARTESIAN_POINT('',(-0.882442829995,-0.468,0.107870104234));
#1205 = CARTESIAN_POINT('',(-0.887429773179,-0.468,0.107873871379));
#1206 = CARTESIAN_POINT('',(-0.892510068169,-0.468,0.107939115526));
#1207 = CARTESIAN_POINT('',(-0.89767319148,-0.468,0.108063623047));
#1208 = CARTESIAN_POINT('',(-0.902908447776,-0.468,0.108244888911));
#1209 = CARTESIAN_POINT('',(-0.90820499209,-0.468,0.108480154859));
#1210 = CARTESIAN_POINT('',(-0.913551852299,-0.468,0.108766449167));
#1211 = CARTESIAN_POINT('',(-0.918937951828,-0.468,0.109100626849));
#1212 = CARTESIAN_POINT('',(-0.924352132551,-0.468,0.109479409251));
#1213 = CARTESIAN_POINT('',(-0.929783177856,-0.468,0.109899422016));
#1214 = CARTESIAN_POINT('',(-0.935219835821,-0.468,0.110357230568));
#1215 = CARTESIAN_POINT('',(-0.940650842479,-0.468,0.110849372324));
#1216 = CARTESIAN_POINT('',(-0.94606494511,-0.468,0.111372385064));
#1217 = CARTESIAN_POINT('',(-0.95145092553,-0.468,0.111922831));
#1218 = CARTESIAN_POINT('',(-0.956797623323,-0.468,0.112497316291));
#1219 = CARTESIAN_POINT('',(-0.962093958968,-0.468,0.113092505905));
#1220 = CARTESIAN_POINT('',(-0.967328956813,-0.468,0.113705133925));
#1221 = CARTESIAN_POINT('',(-0.972491767849,-0.468,0.114332009516));
#1222 = CARTESIAN_POINT('',(-0.977571692234,-0.468,0.114970018972));
#1223 = CARTESIAN_POINT('',(-0.982558201516,-0.468,0.115616124337));
#1224 = CARTESIAN_POINT('',(-0.987440960511,-0.468,0.116267359236));
#1225 = CARTESIAN_POINT('',(-0.992209848784,-0.468,0.116920822607));
#1226 = CARTESIAN_POINT('',(-0.996854981688,-0.468,0.117573671095));
#1227 = CARTESIAN_POINT('',(-1.001366730916,-0.468,0.11822311086));
#1228 = CARTESIAN_POINT('',(-1.005735744525,-0.468,0.118866389577));
#1229 = CARTESIAN_POINT('',(-1.009952966379,-0.468,0.119500789344));
#1230 = CARTESIAN_POINT('',(-1.01400965498,-0.468,0.120123621153));
#1231 = CARTESIAN_POINT('',(-1.017897401643,-0.468,0.120732221492));
#1232 = CARTESIAN_POINT('',(-1.021608147969,-0.468,0.121323951557));
#1233 = CARTESIAN_POINT('',(-1.025134202589,-0.468,0.121896199385));
#1234 = CARTESIAN_POINT('',(-1.028468257135,-0.468,0.122446385133));
#1235 = CARTESIAN_POINT('',(-1.031603401411,-0.468,0.122971969548));
#1236 = CARTESIAN_POINT('',(-1.034533137721,-0.468,0.123470465564));
#1237 = CARTESIAN_POINT('',(-1.037251394337,-0.468,0.123939452789));
#1238 = CARTESIAN_POINT('',(-1.039752538062,-0.468,0.124376594557));
#1239 = CARTESIAN_POINT('',(-1.042031385887,-0.468,0.124779657072));
#1240 = CARTESIAN_POINT('',(-1.044083215689,-0.468,0.125146530102));
#1241 = CARTESIAN_POINT('',(-1.045903775975,-0.468,0.125475248587));
#1242 = CARTESIAN_POINT('',(-1.047489294642,-0.468,0.1257640145));
#1243 = CARTESIAN_POINT('',(-1.048836486731,-0.468,0.126011218247));
#1244 = CARTESIAN_POINT('',(-1.049942561186,-0.468,0.126215458918));
#1245 = CARTESIAN_POINT('',(-1.050805226573,-0.468,0.126375562731));
#1246 = CARTESIAN_POINT('',(-1.051422695784,-0.468,0.126490599037));
#1247 = CARTESIAN_POINT('',(-1.051793689695,-0.468,0.126559893375));
#1248 = CARTESIAN_POINT('',(-1.051958720115,-0.468,0.126590757359));
#1249 = CARTESIAN_POINT('',(-1.052,-0.468,0.12659848));
#1250 = VECTOR('',#1251,1.);
#1251 = DIRECTION('',(-0.,-1.,-0.));
#1252 = DEFINITIONAL_REPRESENTATION('',(#1253),#1256);
#1253 = B_SPLINE_CURVE_WITH_KNOTS('',1,(#1254,#1255),.UNSPECIFIED.,.F.,
  .F.,(2,2),(0.,1.),.PIECEWISE_BEZIER_KNOTS.);
#1254 = CARTESIAN_POINT('',(9.605810567496E-02,-0.445691965872));
#1255 = CARTESIAN_POINT('',(-1.970555977338E-17,-0.445691965872));
#1256 = ( GEOMETRIC_REPRESENTATION_CONTEXT(2) 
PARAMETRIC_REPRESENTATION_CONTEXT() REPRESENTATION_CONTEXT('2D SPACE',''
  ) );
#1257 = ORIENTED_EDGE('',*,*,#1258,.T.);
#1258 = EDGE_CURVE('',#1080,#1259,#1261,.T.);
#1259 = VERTEX_POINT('',#1260);
#1260 = CARTESIAN_POINT('',(-0.957000000029,-2.230803412778E-02,
    0.112523954485));
#1261 = SURFACE_CURVE('',#1262,(#1267,#1274),.PCURVE_S1.);
#1262 = CIRCLE('',#1263,1.447604551174E-02);
#1263 = AXIS2_PLACEMENT_3D('',#1264,#1265,#1266);
#1264 = CARTESIAN_POINT('',(-0.957,-2.230803412778E-02,0.127));
#1265 = DIRECTION('',(0.,1.,-0.));
#1266 = DIRECTION('',(-1.,0.,0.));
#1267 = PCURVE('',#1063,#1268);
#1268 = DEFINITIONAL_REPRESENTATION('',(#1269),#1273);
#1269 = CIRCLE('',#1270,1.447604551174E-02);
#1270 = AXIS2_PLACEMENT_2D('',#1271,#1272);
#1271 = CARTESIAN_POINT('',(0.,1.));
#1272 = DIRECTION('',(1.,0.));
#1273 = ( GEOMETRIC_REPRESENTATION_CONTEXT(2) 
PARAMETRIC_REPRESENTATION_CONTEXT() REPRESENTATION_CONTEXT('2D SPACE',''
  ) );
#1274 = PCURVE('',#1275,#1280);
#1275 = CYLINDRICAL_SURFACE('',#1276,1.447604551174E-02);
#1276 = AXIS2_PLACEMENT_3D('',#1277,#1278,#1279);
#1277 = CARTESIAN_POINT('',(-0.957,-0.468,0.127));
#1278 = DIRECTION('',(0.,1.,0.));
#1279 = DIRECTION('',(-1.,0.,0.));
#1280 = DEFINITIONAL_REPRESENTATION('',(#1281),#1285);
#1281 = LINE('',#1282,#1283);
#1282 = CARTESIAN_POINT('',(0.,0.445691965872));
#1283 = VECTOR('',#1284,1.);
#1284 = DIRECTION('',(1.,0.));
#1285 = ( GEOMETRIC_REPRESENTATION_CONTEXT(2) 
PARAMETRIC_REPRESENTATION_CONTEXT() REPRESENTATION_CONTEXT('2D SPACE',''
  ) );
#1286 = ORIENTED_EDGE('',*,*,#1287,.T.);
#1287 = EDGE_CURVE('',#1259,#1288,#1290,.T.);
#1288 = VERTEX_POINT('',#1289);
#1289 = CARTESIAN_POINT('',(-0.974224565691,-2.230803412778E-02,
    0.114550784276));
#1290 = SURFACE_CURVE('',#1291,(#1300,#1312),.PCURVE_S1.);
#1291 = B_SPLINE_CURVE_WITH_KNOTS('',4,(#1292,#1293,#1294,#1295,#1296,
    #1297,#1298,#1299),.UNSPECIFIED.,.F.,.F.,(5,3,5),(0.966584116628,
    1.427702637452,1.966584116628),.UNSPECIFIED.);
#1292 = CARTESIAN_POINT('',(-0.957,-2.230803412778E-02,0.112523954482));
#1293 = CARTESIAN_POINT('',(-0.96800705046,-2.230803412778E-02,
    0.113735781703));
#1294 = CARTESIAN_POINT('',(-0.978997776275,-2.230803412778E-02,
    0.115095029341));
#1295 = CARTESIAN_POINT('',(-0.989973127867,-2.230803412778E-02,
    0.116570454193));
#1296 = CARTESIAN_POINT('',(-1.013738273202,-2.230803412778E-02,
    0.12002255899));
#1297 = CARTESIAN_POINT('',(-1.026521696676,-2.230803412778E-02,
    0.122041347361));
#1298 = CARTESIAN_POINT('',(-1.039279676988,-2.230803412778E-02,
    0.124218761976));
#1299 = CARTESIAN_POINT('',(-1.052,-2.230803412778E-02,0.12659848));
#1300 = PCURVE('',#1063,#1301);
#1301 = DEFINITIONAL_REPRESENTATION('',(#1302),#1311);
#1302 = B_SPLINE_CURVE_WITH_KNOTS('',4,(#1303,#1304,#1305,#1306,#1307,
    #1308,#1309,#1310),.UNSPECIFIED.,.F.,.F.,(5,3,5),(0.966584116628,
    1.427702637452,1.966584116628),.UNSPECIFIED.);
#1303 = CARTESIAN_POINT('',(0.,0.985523954482));
#1304 = CARTESIAN_POINT('',(1.100705045973E-02,0.986735781703));
#1305 = CARTESIAN_POINT('',(2.199777627499E-02,0.988095029341));
#1306 = CARTESIAN_POINT('',(3.297312786736E-02,0.989570454193));
#1307 = CARTESIAN_POINT('',(5.673827320166E-02,0.99302255899));
#1308 = CARTESIAN_POINT('',(6.952169667648E-02,0.995041347361));
#1309 = CARTESIAN_POINT('',(8.227967698823E-02,0.997218761976));
#1310 = CARTESIAN_POINT('',(9.5E-02,0.99959848));
#1311 = ( GEOMETRIC_REPRESENTATION_CONTEXT(2) 
PARAMETRIC_REPRESENTATION_CONTEXT() REPRESENTATION_CONTEXT('2D SPACE',''
  ) );
#1312 = PCURVE('',#1313,#1458);
#1313 = SURFACE_OF_LINEAR_EXTRUSION('',#1314,#1456);
#1314 = B_SPLINE_CURVE_WITH_KNOTS('',3,(#1315,#1316,#1317,#1318,#1319,
    #1320,#1321,#1322,#1323,#1324,#1325,#1326,#1327,#1328,#1329,#1330,
    #1331,#1332,#1333,#1334,#1335,#1336,#1337,#1338,#1339,#1340,#1341,
    #1342,#1343,#1344,#1345,#1346,#1347,#1348,#1349,#1350,#1351,#1352,
    #1353,#1354,#1355,#1356,#1357,#1358,#1359,#1360,#1361,#1362,#1363,
    #1364,#1365,#1366,#1367,#1368,#1369,#1370,#1371,#1372,#1373,#1374,
    #1375,#1376,#1377,#1378,#1379,#1380,#1381,#1382,#1383,#1384,#1385,
    #1386,#1387,#1388,#1389,#1390,#1391,#1392,#1393,#1394,#1395,#1396,
    #1397,#1398,#1399,#1400,#1401,#1402,#1403,#1404,#1405,#1406,#1407,
    #1408,#1409,#1410,#1411,#1412,#1413,#1414,#1415,#1416,#1417,#1418,
    #1419,#1420,#1421,#1422,#1423,#1424,#1425,#1426,#1427,#1428,#1429,
    #1430,#1431,#1432,#1433,#1434,#1435,#1436,#1437,#1438,#1439,#1440,
    #1441,#1442,#1443,#1444,#1445,#1446,#1447,#1448,#1449,#1450,#1451,
    #1452,#1453,#1454,#1455),.UNSPECIFIED.,.F.,.F.,(4,1,1,1,1,1,1,1,1,1,
    1,1,1,1,1,1,1,1,1,1,1,1,1,1,1,1,1,1,1,1,1,1,1,1,1,1,1,1,1,1,1,1,1,1,
    1,1,1,1,1,1,1,1,1,1,1,1,1,1,1,1,1,1,1,1,1,1,1,1,1,1,1,1,1,1,1,1,1,1,
    1,1,1,1,1,1,1,1,1,1,1,1,1,1,1,1,1,1,1,1,1,1,1,1,1,1,1,1,1,1,1,1,1,1,
    1,1,1,1,1,1,1,1,1,1,1,1,1,1,1,1,1,1,1,1,1,1,1,1,1,1,4),(0.,
    1.259881466402E-04,5.036751174505E-04,1.132229495033E-03,
    2.010268862613E-03,3.135864650429E-03,4.506548780761E-03,
    6.119321980726E-03,7.970663606776E-03,1.005654280763E-02,
    1.237243084376E-02,1.491331438173E-02,1.767370958976E-02,
    2.064767687679E-02,2.382883613886E-02,2.721038240277E-02,
    3.078510178633E-02,3.454538772504E-02,3.848325744521E-02,
    4.259036869267E-02,4.685803675249E-02,5.12772518181E-02,
    5.583869678761E-02,6.053276557972E-02,6.534958207227E-02,
    7.02790197718E-02,7.531072232367E-02,8.043412496761E-02,
    8.563847703433E-02,9.091286556337E-02,9.624624010174E-02,
    0.101627438716,0.107045215217,0.112488267562,0.117945267351,
    0.123404890296,0.128855847484,0.134286917237,0.139686977281,
    0.145045036972,0.150350269244,0.155592041978,0.160759948488,
    0.165843836862,0.170833837966,0.175720391986,0.180494273535,
    0.18514661547,0.189668931795,0.194053140198,0.198291585092,
    0.202377062322,0.206302847137,0.210062727503,0.213651045562,
    0.217062750932,0.220293470883,0.223339604316,0.226198449252,
    0.228868377677,0.231349077656,0.233641891298,0.235750288839,
    0.237680532349,0.239442590363,0.241051345261,0.242528036432,
    0.243901619855,0.245209273217,0.246494955108,0.247780637,
    0.249088290362,0.250461873784,0.251938564956,0.253547319854,
    0.255309377868,0.257239621378,0.259348018919,0.261640832561,
    0.26412153254,0.266791460965,0.269650305901,0.272696439334,
    0.275927159285,0.279338864655,0.282927182714,0.28668706308,
    0.290612847895,0.294698325125,0.298936770018,0.303320978421,
    0.307843294747,0.312495636682,0.317269518231,0.322156072251,
    0.327146073355,0.332229961729,0.337397868238,0.342639640973,
    0.347944873245,0.353302932936,0.35870299298,0.364134062732,
    0.369585019921,0.375044642866,0.380501642655,0.385944695,
    0.391362471501,0.396743670115,0.402077044654,0.407351433183,
    0.412555785249,0.417679187893,0.422710890445,0.427640328145,
    0.432457144637,0.437151213429,0.441712658399,0.446131873464,
    0.450399541524,0.454506652772,0.458444522492,0.462204808431,
    0.465779527814,0.469161074078,0.47234223334,0.475316200627,
    0.478076595835,0.480617479373,0.482933367409,0.48501924661,
    0.486870588236,0.488483361436,0.489854045566,0.490979641354,
    0.491857680722,0.492486235099,0.49286392207,0.492989910217),
  .UNSPECIFIED.);
#1315 = CARTESIAN_POINT('',(-1.052,-0.468,0.12740152));
#1316 = CARTESIAN_POINT('',(-1.051958720115,-0.468,0.127409242641));
#1317 = CARTESIAN_POINT('',(-1.051793689695,-0.468,0.127440106625));
#1318 = CARTESIAN_POINT('',(-1.051422695784,-0.468,0.127509400963));
#1319 = CARTESIAN_POINT('',(-1.050805226573,-0.468,0.127624437269));
#1320 = CARTESIAN_POINT('',(-1.049942561186,-0.468,0.127784541082));
#1321 = CARTESIAN_POINT('',(-1.048836486731,-0.468,0.127988781753));
#1322 = CARTESIAN_POINT('',(-1.047489294642,-0.468,0.1282359855));
#1323 = CARTESIAN_POINT('',(-1.045903775975,-0.468,0.128524751413));
#1324 = CARTESIAN_POINT('',(-1.044083215689,-0.468,0.128853469898));
#1325 = CARTESIAN_POINT('',(-1.042031385887,-0.468,0.129220342928));
#1326 = CARTESIAN_POINT('',(-1.039752538062,-0.468,0.129623405443));
#1327 = CARTESIAN_POINT('',(-1.037251394337,-0.468,0.130060547211));
#1328 = CARTESIAN_POINT('',(-1.034533137721,-0.468,0.130529534436));
#1329 = CARTESIAN_POINT('',(-1.031603401411,-0.468,0.131028030452));
#1330 = CARTESIAN_POINT('',(-1.028468257135,-0.468,0.131553614867));
#1331 = CARTESIAN_POINT('',(-1.025134202589,-0.468,0.132103800615));
#1332 = CARTESIAN_POINT('',(-1.021608147969,-0.468,0.132676048443));
#1333 = CARTESIAN_POINT('',(-1.017897401643,-0.468,0.133267778508));
#1334 = CARTESIAN_POINT('',(-1.01400965498,-0.468,0.133876378847));
#1335 = CARTESIAN_POINT('',(-1.009952966379,-0.468,0.134499210656));
#1336 = CARTESIAN_POINT('',(-1.005735744525,-0.468,0.135133610423));
#1337 = CARTESIAN_POINT('',(-1.001366730916,-0.468,0.13577688914));
#1338 = CARTESIAN_POINT('',(-0.996854981688,-0.468,0.136426328905));
#1339 = CARTESIAN_POINT('',(-0.992209848784,-0.468,0.137079177393));
#1340 = CARTESIAN_POINT('',(-0.987440960511,-0.468,0.137732640764));
#1341 = CARTESIAN_POINT('',(-0.982558201516,-0.468,0.138383875663));
#1342 = CARTESIAN_POINT('',(-0.977571692234,-0.468,0.139029981028));
#1343 = CARTESIAN_POINT('',(-0.972491767849,-0.468,0.139667990484));
#1344 = CARTESIAN_POINT('',(-0.967328956813,-0.468,0.140294866075));
#1345 = CARTESIAN_POINT('',(-0.962093958968,-0.468,0.140907494095));
#1346 = CARTESIAN_POINT('',(-0.956797623323,-0.468,0.141502683709));
#1347 = CARTESIAN_POINT('',(-0.95145092553,-0.468,0.142077169));
#1348 = CARTESIAN_POINT('',(-0.94606494511,-0.468,0.142627614936));
#1349 = CARTESIAN_POINT('',(-0.940650842479,-0.468,0.143150627676));
#1350 = CARTESIAN_POINT('',(-0.935219835821,-0.468,0.143642769432));
#1351 = CARTESIAN_POINT('',(-0.929783177856,-0.468,0.144100577984));
#1352 = CARTESIAN_POINT('',(-0.924352132551,-0.468,0.144520590749));
#1353 = CARTESIAN_POINT('',(-0.918937951828,-0.468,0.144899373151));
#1354 = CARTESIAN_POINT('',(-0.913551852299,-0.468,0.145233550833));
#1355 = CARTESIAN_POINT('',(-0.90820499209,-0.468,0.145519845141));
#1356 = CARTESIAN_POINT('',(-0.902908447776,-0.468,0.145755111089));
#1357 = CARTESIAN_POINT('',(-0.89767319148,-0.468,0.145936376953));
#1358 = CARTESIAN_POINT('',(-0.892510068169,-0.468,0.146060884474));
#1359 = CARTESIAN_POINT('',(-0.887429773179,-0.468,0.146126128621));
#1360 = CARTESIAN_POINT('',(-0.882442829995,-0.468,0.146129895766));
#1361 = CARTESIAN_POINT('',(-0.877559568324,-0.468,0.146070299162));
#1362 = CARTESIAN_POINT('',(-0.872790102481,-0.468,0.145945810586));
#1363 = CARTESIAN_POINT('',(-0.868144310107,-0.468,0.145755287107));
#1364 = CARTESIAN_POINT('',(-0.863631811227,-0.468,0.145497991992));
#1365 = CARTESIAN_POINT('',(-0.859261947667,-0.468,0.145173608917));
#1366 = CARTESIAN_POINT('',(-0.855043762816,-0.468,0.144782248776));
#1367 = CARTESIAN_POINT('',(-0.850985981707,-0.468,0.144324448565));
#1368 = CARTESIAN_POINT('',(-0.847096991379,-0.468,0.14380116199));
#1369 = CARTESIAN_POINT('',(-0.843384821427,-0.468,0.143213741653));
#1370 = CARTESIAN_POINT('',(-0.8398571246,-0.468,0.142563912808));
#1371 = CARTESIAN_POINT('',(-0.836521157263,-0.468,0.141853738846));
#1372 = CARTESIAN_POINT('',(-0.833383759394,-0.468,0.141085578689));
#1373 = CARTESIAN_POINT('',(-0.830451333742,-0.468,0.140262036174));
#1374 = CARTESIAN_POINT('',(-0.827729823688,-0.468,0.139385901144));
#1375 = CARTESIAN_POINT('',(-0.825224689445,-0.468,0.138460081152));
#1376 = CARTESIAN_POINT('',(-0.822940882924,-0.468,0.137487521101));
#1377 = CARTESIAN_POINT('',(-0.820882823653,-0.468,0.136471105618));
#1378 = CARTESIAN_POINT('',(-0.819054383924,-0.468,0.135413535203));
#1379 = CARTESIAN_POINT('',(-0.817458904729,-0.468,0.134317165636));
#1380 = CARTESIAN_POINT('',(-0.816099293046,-0.468,0.133183805945));
#1381 = CARTESIAN_POINT('',(-0.814978291585,-0.468,0.132014526037));
#1382 = CARTESIAN_POINT('',(-0.814099029928,-0.468,0.130809637657));
#1383 = CARTESIAN_POINT('',(-0.813465723979,-0.468,0.129569337051));
#1384 = CARTESIAN_POINT('',(-0.81308376735,-0.468,0.128295110551));
#1385 = CARTESIAN_POINT('',(-0.812958471175,-0.468,0.127));
#1386 = CARTESIAN_POINT('',(-0.81308376735,-0.468,0.125704889449));
#1387 = CARTESIAN_POINT('',(-0.813465723979,-0.468,0.124430662949));
#1388 = CARTESIAN_POINT('',(-0.814099029928,-0.468,0.123190362343));
#1389 = CARTESIAN_POINT('',(-0.814978291585,-0.468,0.121985473963));
#1390 = CARTESIAN_POINT('',(-0.816099293046,-0.468,0.120816194055));
#1391 = CARTESIAN_POINT('',(-0.817458904729,-0.468,0.119682834364));
#1392 = CARTESIAN_POINT('',(-0.819054383924,-0.468,0.118586464797));
#1393 = CARTESIAN_POINT('',(-0.820882823653,-0.468,0.117528894382));
#1394 = CARTESIAN_POINT('',(-0.822940882924,-0.468,0.116512478899));
#1395 = CARTESIAN_POINT('',(-0.825224689445,-0.468,0.115539918848));
#1396 = CARTESIAN_POINT('',(-0.827729823688,-0.468,0.114614098856));
#1397 = CARTESIAN_POINT('',(-0.830451333742,-0.468,0.113737963826));
#1398 = CARTESIAN_POINT('',(-0.833383759394,-0.468,0.112914421311));
#1399 = CARTESIAN_POINT('',(-0.836521157263,-0.468,0.112146261154));
#1400 = CARTESIAN_POINT('',(-0.8398571246,-0.468,0.111436087192));
#1401 = CARTESIAN_POINT('',(-0.843384821427,-0.468,0.110786258347));
#1402 = CARTESIAN_POINT('',(-0.847096991379,-0.468,0.11019883801));
#1403 = CARTESIAN_POINT('',(-0.850985981707,-0.468,0.109675551435));
#1404 = CARTESIAN_POINT('',(-0.855043762816,-0.468,0.109217751224));
#1405 = CARTESIAN_POINT('',(-0.859261947667,-0.468,0.108826391083));
#1406 = CARTESIAN_POINT('',(-0.863631811227,-0.468,0.108502008008));
#1407 = CARTESIAN_POINT('',(-0.868144310107,-0.468,0.108244712893));
#1408 = CARTESIAN_POINT('',(-0.872790102481,-0.468,0.108054189414));
#1409 = CARTESIAN_POINT('',(-0.877559568324,-0.468,0.107929700838));
#1410 = CARTESIAN_POINT('',(-0.882442829995,-0.468,0.107870104234));
#1411 = CARTESIAN_POINT('',(-0.887429773179,-0.468,0.107873871379));
#1412 = CARTESIAN_POINT('',(-0.892510068169,-0.468,0.107939115526));
#1413 = CARTESIAN_POINT('',(-0.89767319148,-0.468,0.108063623047));
#1414 = CARTESIAN_POINT('',(-0.902908447776,-0.468,0.108244888911));
#1415 = CARTESIAN_POINT('',(-0.90820499209,-0.468,0.108480154859));
#1416 = CARTESIAN_POINT('',(-0.913551852299,-0.468,0.108766449167));
#1417 = CARTESIAN_POINT('',(-0.918937951828,-0.468,0.109100626849));
#1418 = CARTESIAN_POINT('',(-0.924352132551,-0.468,0.109479409251));
#1419 = CARTESIAN_POINT('',(-0.929783177856,-0.468,0.109899422016));
#1420 = CARTESIAN_POINT('',(-0.935219835821,-0.468,0.110357230568));
#1421 = CARTESIAN_POINT('',(-0.940650842479,-0.468,0.110849372324));
#1422 = CARTESIAN_POINT('',(-0.94606494511,-0.468,0.111372385064));
#1423 = CARTESIAN_POINT('',(-0.95145092553,-0.468,0.111922831));
#1424 = CARTESIAN_POINT('',(-0.956797623323,-0.468,0.112497316291));
#1425 = CARTESIAN_POINT('',(-0.962093958968,-0.468,0.113092505905));
#1426 = CARTESIAN_POINT('',(-0.967328956813,-0.468,0.113705133925));
#1427 = CARTESIAN_POINT('',(-0.972491767849,-0.468,0.114332009516));
#1428 = CARTESIAN_POINT('',(-0.977571692234,-0.468,0.114970018972));
#1429 = CARTESIAN_POINT('',(-0.982558201516,-0.468,0.115616124337));
#1430 = CARTESIAN_POINT('',(-0.987440960511,-0.468,0.116267359236));
#1431 = CARTESIAN_POINT('',(-0.992209848784,-0.468,0.116920822607));
#1432 = CARTESIAN_POINT('',(-0.996854981688,-0.468,0.117573671095));
#1433 = CARTESIAN_POINT('',(-1.001366730916,-0.468,0.11822311086));
#1434 = CARTESIAN_POINT('',(-1.005735744525,-0.468,0.118866389577));
#1435 = CARTESIAN_POINT('',(-1.009952966379,-0.468,0.119500789344));
#1436 = CARTESIAN_POINT('',(-1.01400965498,-0.468,0.120123621153));
#1437 = CARTESIAN_POINT('',(-1.017897401643,-0.468,0.120732221492));
#1438 = CARTESIAN_POINT('',(-1.021608147969,-0.468,0.121323951557));
#1439 = CARTESIAN_POINT('',(-1.025134202589,-0.468,0.121896199385));
#1440 = CARTESIAN_POINT('',(-1.028468257135,-0.468,0.122446385133));
#1441 = CARTESIAN_POINT('',(-1.031603401411,-0.468,0.122971969548));
#1442 = CARTESIAN_POINT('',(-1.034533137721,-0.468,0.123470465564));
#1443 = CARTESIAN_POINT('',(-1.037251394337,-0.468,0.123939452789));
#1444 = CARTESIAN_POINT('',(-1.039752538062,-0.468,0.124376594557));
#1445 = CARTESIAN_POINT('',(-1.042031385887,-0.468,0.124779657072));
#1446 = CARTESIAN_POINT('',(-1.044083215689,-0.468,0.125146530102));
#1447 = CARTESIAN_POINT('',(-1.045903775975,-0.468,0.125475248587));
#1448 = CARTESIAN_POINT('',(-1.047489294642,-0.468,0.1257640145));
#1449 = CARTESIAN_POINT('',(-1.048836486731,-0.468,0.126011218247));
#1450 = CARTESIAN_POINT('',(-1.049942561186,-0.468,0.126215458918));
#1451 = CARTESIAN_POINT('',(-1.050805226573,-0.468,0.126375562731));
#1452 = CARTESIAN_POINT('',(-1.051422695784,-0.468,0.126490599037));
#1453 = CARTESIAN_POINT('',(-1.051793689695,-0.468,0.126559893375));
#1454 = CARTESIAN_POINT('',(-1.051958720115,-0.468,0.126590757359));
#1455 = CARTESIAN_POINT('',(-1.052,-0.468,0.12659848));
#1456 = VECTOR('',#1457,1.);
#1457 = DIRECTION('',(-0.,-1.,-0.));
#1458 = DEFINITIONAL_REPRESENTATION('',(#1459),#1462);
#1459 = B_SPLINE_CURVE_WITH_KNOTS('',1,(#1460,#1461),.UNSPECIFIED.,.F.,
  .F.,(2,2),(0.966584116628,1.966584116628),.PIECEWISE_BEZIER_KNOTS.);
#1460 = CARTESIAN_POINT('',(0.396931804542,-0.445691965872));
#1461 = CARTESIAN_POINT('',(0.492989910217,-0.445691965872));
#1462 = ( GEOMETRIC_REPRESENTATION_CONTEXT(2) 
PARAMETRIC_REPRESENTATION_CONTEXT() REPRESENTATION_CONTEXT('2D SPACE',''
  ) );
#1463 = ORIENTED_EDGE('',*,*,#1464,.F.);
#1464 = EDGE_CURVE('',#1082,#1288,#1465,.T.);
#1465 = SURFACE_CURVE('',#1466,(#1470,#1476),.PCURVE_S1.);
#1466 = LINE('',#1467,#1468);
#1467 = CARTESIAN_POINT('',(-0.974224565691,-2.230803412778E-02,-0.9365)
  );
#1468 = VECTOR('',#1469,1.);
#1469 = DIRECTION('',(-0.,0.,-1.));
#1470 = PCURVE('',#1063,#1471);
#1471 = DEFINITIONAL_REPRESENTATION('',(#1472),#1475);
#1472 = B_SPLINE_CURVE_WITH_KNOTS('',1,(#1473,#1474),.UNSPECIFIED.,.F.,
  .F.,(2,2),(-1.077976045518,-1.049023954482),.PIECEWISE_BEZIER_KNOTS.);
#1473 = CARTESIAN_POINT('',(1.722456569112E-02,1.014476045518));
#1474 = CARTESIAN_POINT('',(1.722456569112E-02,0.985523954482));
#1475 = ( GEOMETRIC_REPRESENTATION_CONTEXT(2) 
PARAMETRIC_REPRESENTATION_CONTEXT() REPRESENTATION_CONTEXT('2D SPACE',''
  ) );
#1476 = PCURVE('',#1477,#1482);
#1477 = PLANE('',#1478);
#1478 = AXIS2_PLACEMENT_3D('',#1479,#1480,#1481);
#1479 = CARTESIAN_POINT('',(-0.974224565691,-8.041546571541E-02,-1.));
#1480 = DIRECTION('',(1.,0.,-0.));
#1481 = DIRECTION('',(0.,0.,1.));
#1482 = DEFINITIONAL_REPRESENTATION('',(#1483),#1486);
#1483 = B_SPLINE_CURVE_WITH_KNOTS('',1,(#1484,#1485),.UNSPECIFIED.,.F.,
  .F.,(2,2),(-1.077976045518,-1.049023954482),.PIECEWISE_BEZIER_KNOTS.);
#1484 = CARTESIAN_POINT('',(1.141476045518,-5.810743158763E-02));
#1485 = CARTESIAN_POINT('',(1.112523954482,-5.810743158763E-02));
#1486 = ( GEOMETRIC_REPRESENTATION_CONTEXT(2) 
PARAMETRIC_REPRESENTATION_CONTEXT() REPRESENTATION_CONTEXT('2D SPACE',''
  ) );
#1487 = FACE_BOUND('',#1488,.T.);
#1488 = EDGE_LOOP('',(#1489));
#1489 = ORIENTED_EDGE('',*,*,#1048,.F.);
#1490 = ADVANCED_FACE('',(#1491),#1107,.F.);
#1491 = FACE_BOUND('',#1492,.F.);
#1492 = EDGE_LOOP('',(#1493,#1583,#1611,#1654,#1684,#1685));
#1493 = ORIENTED_EDGE('',*,*,#1494,.F.);
#1494 = EDGE_CURVE('',#1495,#1497,#1499,.T.);
#1495 = VERTEX_POINT('',#1496);
#1496 = CARTESIAN_POINT('',(-1.052,-0.468,0.12740152));
#1497 = VERTEX_POINT('',#1498);
#1498 = CARTESIAN_POINT('',(-0.957000000029,-0.468,0.141476045515));
#1499 = SURFACE_CURVE('',#1500,(#1534,#1541),.PCURVE_S1.);
#1500 = B_SPLINE_CURVE_WITH_KNOTS('',3,(#1501,#1502,#1503,#1504,#1505,
    #1506,#1507,#1508,#1509,#1510,#1511,#1512,#1513,#1514,#1515,#1516,
    #1517,#1518,#1519,#1520,#1521,#1522,#1523,#1524,#1525,#1526,#1527,
    #1528,#1529,#1530,#1531,#1532,#1533),.UNSPECIFIED.,.F.,.F.,(4,1,1,1,
    1,1,1,1,1,1,1,1,1,1,1,1,1,1,1,1,1,1,1,1,1,1,1,1,1,1,4),(0.,
    1.259881466402E-04,5.036751174505E-04,1.132229495033E-03,
    2.010268862613E-03,3.135864650429E-03,4.506548780761E-03,
    6.119321980726E-03,7.970663606776E-03,1.005654280763E-02,
    1.237243084376E-02,1.491331438173E-02,1.767370958976E-02,
    2.064767687679E-02,2.382883613886E-02,2.721038240277E-02,
    3.078510178633E-02,3.454538772504E-02,3.848325744521E-02,
    4.259036869267E-02,4.685803675249E-02,5.12772518181E-02,
    5.583869678761E-02,6.053276557972E-02,6.534958207227E-02,
    7.02790197718E-02,7.531072232367E-02,8.043412496761E-02,
    8.563847703433E-02,9.091286556337E-02,9.605810567494E-02),
  .UNSPECIFIED.);
#1501 = CARTESIAN_POINT('',(-1.052,-0.468,0.12740152));
#1502 = CARTESIAN_POINT('',(-1.051958720115,-0.468,0.127409242641));
#1503 = CARTESIAN_POINT('',(-1.051793689695,-0.468,0.127440106625));
#1504 = CARTESIAN_POINT('',(-1.051422695784,-0.468,0.127509400963));
#1505 = CARTESIAN_POINT('',(-1.050805226573,-0.468,0.127624437269));
#1506 = CARTESIAN_POINT('',(-1.049942561186,-0.468,0.127784541082));
#1507 = CARTESIAN_POINT('',(-1.048836486731,-0.468,0.127988781753));
#1508 = CARTESIAN_POINT('',(-1.047489294642,-0.468,0.1282359855));
#1509 = CARTESIAN_POINT('',(-1.045903775975,-0.468,0.128524751413));
#1510 = CARTESIAN_POINT('',(-1.044083215689,-0.468,0.128853469898));
#1511 = CARTESIAN_POINT('',(-1.042031385887,-0.468,0.129220342928));
#1512 = CARTESIAN_POINT('',(-1.039752538062,-0.468,0.129623405443));
#1513 = CARTESIAN_POINT('',(-1.037251394337,-0.468,0.130060547211));
#1514 = CARTESIAN_POINT('',(-1.034533137721,-0.468,0.130529534436));
#1515 = CARTESIAN_POINT('',(-1.031603401411,-0.468,0.131028030452));
#1516 = CARTESIAN_POINT('',(-1.028468257135,-0.468,0.131553614867));
#1517 = CARTESIAN_POINT('',(-1.025134202589,-0.468,0.132103800615));
#1518 = CARTESIAN_POINT('',(-1.021608147969,-0.468,0.132676048443));
#1519 = CARTESIAN_POINT('',(-1.017897401643,-0.468,0.133267778508));
#1520 = CARTESIAN_POINT('',(-1.01400965498,-0.468,0.133876378847));
#1521 = CARTESIAN_POINT('',(-1.009952966379,-0.468,0.134499210656));
#1522 = CARTESIAN_POINT('',(-1.005735744525,-0.468,0.135133610423));
#1523 = CARTESIAN_POINT('',(-1.001366730916,-0.468,0.13577688914));
#1524 = CARTESIAN_POINT('',(-0.996854981688,-0.468,0.136426328905));
#1525 = CARTESIAN_POINT('',(-0.992209848784,-0.468,0.137079177393));
#1526 = CARTESIAN_POINT('',(-0.987440960511,-0.468,0.137732640764));
#1527 = CARTESIAN_POINT('',(-0.982558201516,-0.468,0.138383875663));
#1528 = CARTESIAN_POINT('',(-0.977571692234,-0.468,0.139029981028));
#1529 = CARTESIAN_POINT('',(-0.972491767849,-0.468,0.139667990484));
#1530 = CARTESIAN_POINT('',(-0.967328956813,-0.468,0.140294866075));
#1531 = CARTESIAN_POINT('',(-0.962156245595,-0.468,0.140900204974));
#1532 = CARTESIAN_POINT('',(-0.958704780991,-0.468,0.141288356728));
#1533 = CARTESIAN_POINT('',(-0.957,-0.468,0.141476045518));
#1534 = PCURVE('',#1107,#1535);
#1535 = DEFINITIONAL_REPRESENTATION('',(#1536),#1540);
#1536 = LINE('',#1537,#1538);
#1537 = CARTESIAN_POINT('',(-2.991349792788E-17,-2.613725917991E-23));
#1538 = VECTOR('',#1539,1.);
#1539 = DIRECTION('',(1.,2.735296528577E-22));
#1540 = ( GEOMETRIC_REPRESENTATION_CONTEXT(2) 
PARAMETRIC_REPRESENTATION_CONTEXT() REPRESENTATION_CONTEXT('2D SPACE',''
  ) );
#1541 = PCURVE('',#1542,#1547);
#1542 = PLANE('',#1543);
#1543 = AXIS2_PLACEMENT_3D('',#1544,#1545,#1546);
#1544 = CARTESIAN_POINT('',(-0.93013269153,-0.468,0.127));
#1545 = DIRECTION('',(0.,1.,3.808663831116E-16));
#1546 = DIRECTION('',(0.,-3.808663831116E-16,1.));
#1547 = DEFINITIONAL_REPRESENTATION('',(#1548),#1582);
#1548 = B_SPLINE_CURVE_WITH_KNOTS('',3,(#1549,#1550,#1551,#1552,#1553,
    #1554,#1555,#1556,#1557,#1558,#1559,#1560,#1561,#1562,#1563,#1564,
    #1565,#1566,#1567,#1568,#1569,#1570,#1571,#1572,#1573,#1574,#1575,
    #1576,#1577,#1578,#1579,#1580,#1581),.UNSPECIFIED.,.F.,.F.,(4,1,1,1,
    1,1,1,1,1,1,1,1,1,1,1,1,1,1,1,1,1,1,1,1,1,1,1,1,1,1,4),(0.,
    1.259881466402E-04,5.036751174505E-04,1.132229495033E-03,
    2.010268862613E-03,3.135864650429E-03,4.506548780761E-03,
    6.119321980726E-03,7.970663606776E-03,1.005654280763E-02,
    1.237243084376E-02,1.491331438173E-02,1.767370958976E-02,
    2.064767687679E-02,2.382883613886E-02,2.721038240277E-02,
    3.078510178633E-02,3.454538772504E-02,3.848325744521E-02,
    4.259036869267E-02,4.685803675249E-02,5.12772518181E-02,
    5.583869678761E-02,6.053276557972E-02,6.534958207227E-02,
    7.02790197718E-02,7.531072232367E-02,8.043412496761E-02,
    8.563847703433E-02,9.091286556337E-02,9.605810567494E-02),
  .UNSPECIFIED.);
#1549 = CARTESIAN_POINT('',(4.0152E-04,-0.12186730847));
#1550 = CARTESIAN_POINT('',(4.092426409396E-04,-0.121826028585));
#1551 = CARTESIAN_POINT('',(4.401066254878E-04,-0.121660998165));
#1552 = CARTESIAN_POINT('',(5.094009628938E-04,-0.121290004254));
#1553 = CARTESIAN_POINT('',(6.244372694861E-04,-0.120672535043));
#1554 = CARTESIAN_POINT('',(7.845410820927E-04,-0.119809869656));
#1555 = CARTESIAN_POINT('',(9.88781753228E-04,-0.118703795201));
#1556 = CARTESIAN_POINT('',(1.235985499534E-03,-0.117356603112));
#1557 = CARTESIAN_POINT('',(1.524751412828E-03,-0.115771084445));
#1558 = CARTESIAN_POINT('',(1.853469898293E-03,-0.113950524159));
#1559 = CARTESIAN_POINT('',(2.220342927964E-03,-0.111898694357));
#1560 = CARTESIAN_POINT('',(2.623405443266E-03,-0.109619846532));
#1561 = CARTESIAN_POINT('',(3.06054721129E-03,-0.107118702807));
#1562 = CARTESIAN_POINT('',(3.529534436383E-03,-0.104400446191));
#1563 = CARTESIAN_POINT('',(4.028030452045E-03,-0.101470709881));
#1564 = CARTESIAN_POINT('',(4.553614867268E-03,-9.833556560467E-02));
#1565 = CARTESIAN_POINT('',(5.1038006147E-03,-9.500151105846E-02));
#1566 = CARTESIAN_POINT('',(5.676048442877E-03,-9.1475456439E-02));
#1567 = CARTESIAN_POINT('',(6.267778507905E-03,-8.776471011324E-02));
#1568 = CARTESIAN_POINT('',(6.876378847282E-03,-8.387696345024E-02));
#1569 = CARTESIAN_POINT('',(7.499210655554E-03,-7.982027484881E-02));
#1570 = CARTESIAN_POINT('',(8.133610423103E-03,-7.560305299513E-02));
#1571 = CARTESIAN_POINT('',(8.776889140345E-03,-7.123403938638E-02));
#1572 = CARTESIAN_POINT('',(9.426328904794E-03,-6.672229015809E-02));
#1573 = CARTESIAN_POINT('',(1.007917739255E-02,-6.207715725426E-02));
#1574 = CARTESIAN_POINT('',(1.073264076411E-02,-5.730826898103E-02));
#1575 = CARTESIAN_POINT('',(1.138387566274E-02,-5.242550998557E-02));
#1576 = CARTESIAN_POINT('',(1.202998102781E-02,-4.743900070343E-02));
#1577 = CARTESIAN_POINT('',(1.266799048389E-02,-4.23590763188E-02));
#1578 = CARTESIAN_POINT('',(1.329486607515E-02,-3.719626528306E-02));
#1579 = CARTESIAN_POINT('',(1.390020497373E-02,-3.202355406533E-02));
#1580 = CARTESIAN_POINT('',(1.428835672803E-02,-2.857208946089E-02));
#1581 = CARTESIAN_POINT('',(1.447604551814E-02,-2.686730846994E-02));
#1582 = ( GEOMETRIC_REPRESENTATION_CONTEXT(2) 
PARAMETRIC_REPRESENTATION_CONTEXT() REPRESENTATION_CONTEXT('2D SPACE',''
  ) );
#1583 = ORIENTED_EDGE('',*,*,#1584,.T.);
#1584 = EDGE_CURVE('',#1495,#1585,#1587,.T.);
#1585 = VERTEX_POINT('',#1586);
#1586 = CARTESIAN_POINT('',(-1.052,-8.041546571541E-02,0.12740152));
#1587 = SURFACE_CURVE('',#1588,(#1592,#1599),.PCURVE_S1.);
#1588 = LINE('',#1589,#1590);
#1589 = CARTESIAN_POINT('',(-1.052,-0.468,0.12740152));
#1590 = VECTOR('',#1591,1.);
#1591 = DIRECTION('',(0.,1.,0.));
#1592 = PCURVE('',#1107,#1593);
#1593 = DEFINITIONAL_REPRESENTATION('',(#1594),#1598);
#1594 = LINE('',#1595,#1596);
#1595 = CARTESIAN_POINT('',(0.,0.));
#1596 = VECTOR('',#1597,1.);
#1597 = DIRECTION('',(0.,-1.));
#1598 = ( GEOMETRIC_REPRESENTATION_CONTEXT(2) 
PARAMETRIC_REPRESENTATION_CONTEXT() REPRESENTATION_CONTEXT('2D SPACE',''
  ) );
#1599 = PCURVE('',#1600,#1605);
#1600 = PLANE('',#1601);
#1601 = AXIS2_PLACEMENT_3D('',#1602,#1603,#1604);
#1602 = CARTESIAN_POINT('',(-1.052,-0.468,0.12659848));
#1603 = DIRECTION('',(1.,0.,0.));
#1604 = DIRECTION('',(0.,0.,1.));
#1605 = DEFINITIONAL_REPRESENTATION('',(#1606),#1610);
#1606 = LINE('',#1607,#1608);
#1607 = CARTESIAN_POINT('',(8.0304E-04,0.));
#1608 = VECTOR('',#1609,1.);
#1609 = DIRECTION('',(0.,-1.));
#1610 = ( GEOMETRIC_REPRESENTATION_CONTEXT(2) 
PARAMETRIC_REPRESENTATION_CONTEXT() REPRESENTATION_CONTEXT('2D SPACE',''
  ) );
#1611 = ORIENTED_EDGE('',*,*,#1612,.F.);
#1612 = EDGE_CURVE('',#1613,#1585,#1615,.T.);
#1613 = VERTEX_POINT('',#1614);
#1614 = CARTESIAN_POINT('',(-0.974224565691,-8.041546571541E-02,
    0.139449203363));
#1615 = SURFACE_CURVE('',#1616,(#1625,#1637),.PCURVE_S1.);
#1616 = B_SPLINE_CURVE_WITH_KNOTS('',4,(#1617,#1618,#1619,#1620,#1621,
    #1622,#1623,#1624),.UNSPECIFIED.,.F.,.F.,(5,3,5),(0.,0.355659126828,
    1.),.UNSPECIFIED.);
#1617 = CARTESIAN_POINT('',(-0.974224565691,-8.041546571541E-02,
    0.139449203363));
#1618 = CARTESIAN_POINT('',(-0.981169495258,-8.041546571541E-02,
    0.138581739775));
#1619 = CARTESIAN_POINT('',(-0.988108045083,-8.041546571541E-02,
    0.137663264979));
#1620 = CARTESIAN_POINT('',(-0.995040264288,-8.041546571541E-02,
    0.136698408739));
#1621 = CARTESIAN_POINT('',(-1.014512412942,-8.041546571541E-02,
    0.133854979301));
#1622 = CARTESIAN_POINT('',(-1.02703675946,-8.041546571541E-02,
    0.131870670689));
#1623 = CARTESIAN_POINT('',(-1.039536460071,-8.041546571541E-02,
    0.129733199045));
#1624 = CARTESIAN_POINT('',(-1.052,-8.041546571541E-02,0.12740152));
#1625 = PCURVE('',#1107,#1626);
#1626 = DEFINITIONAL_REPRESENTATION('',(#1627),#1636);
#1627 = B_SPLINE_CURVE_WITH_KNOTS('',4,(#1628,#1629,#1630,#1631,#1632,
    #1633,#1634,#1635),.UNSPECIFIED.,.F.,.F.,(5,3,5),(0.,0.355659126828,
    1.),.UNSPECIFIED.);
#1628 = CARTESIAN_POINT('',(7.871455930431E-02,-0.387584534285));
#1629 = CARTESIAN_POINT('',(7.171566839162E-02,-0.387584534285));
#1630 = CARTESIAN_POINT('',(6.471677836363E-02,-0.387584534285));
#1631 = CARTESIAN_POINT('',(5.771788865558E-02,-0.387584534285));
#1632 = CARTESIAN_POINT('',(3.803923701621E-02,-0.387584534285));
#1633 = CARTESIAN_POINT('',(2.535949384446E-02,-0.387584534285));
#1634 = CARTESIAN_POINT('',(1.267976951257E-02,-0.387584534285));
#1635 = CARTESIAN_POINT('',(0.,-0.387584534285));
#1636 = ( GEOMETRIC_REPRESENTATION_CONTEXT(2) 
PARAMETRIC_REPRESENTATION_CONTEXT() REPRESENTATION_CONTEXT('2D SPACE',''
  ) );
#1637 = PCURVE('',#1638,#1643);
#1638 = PLANE('',#1639);
#1639 = AXIS2_PLACEMENT_3D('',#1640,#1641,#1642);
#1640 = CARTESIAN_POINT('',(-2.,-8.041546571541E-02,-1.));
#1641 = DIRECTION('',(-0.,1.,0.));
#1642 = DIRECTION('',(0.,0.,1.));
#1643 = DEFINITIONAL_REPRESENTATION('',(#1644),#1653);
#1644 = B_SPLINE_CURVE_WITH_KNOTS('',4,(#1645,#1646,#1647,#1648,#1649,
    #1650,#1651,#1652),.UNSPECIFIED.,.F.,.F.,(5,3,5),(0.,0.355659126828,
    1.),.UNSPECIFIED.);
#1645 = CARTESIAN_POINT('',(1.139449203363,1.025775434309));
#1646 = CARTESIAN_POINT('',(1.138581739775,1.018830504742));
#1647 = CARTESIAN_POINT('',(1.137663264979,1.011891954917));
#1648 = CARTESIAN_POINT('',(1.136698408739,1.004959735712));
#1649 = CARTESIAN_POINT('',(1.133854979301,0.985487587058));
#1650 = CARTESIAN_POINT('',(1.131870670689,0.97296324054));
#1651 = CARTESIAN_POINT('',(1.129733199045,0.960463539929));
#1652 = CARTESIAN_POINT('',(1.12740152,0.948));
#1653 = ( GEOMETRIC_REPRESENTATION_CONTEXT(2) 
PARAMETRIC_REPRESENTATION_CONTEXT() REPRESENTATION_CONTEXT('2D SPACE',''
  ) );
#1654 = ORIENTED_EDGE('',*,*,#1655,.F.);
#1655 = EDGE_CURVE('',#1082,#1613,#1656,.T.);
#1656 = SURFACE_CURVE('',#1657,(#1664,#1674),.PCURVE_S1.);
#1657 = B_SPLINE_CURVE_WITH_KNOTS('',5,(#1658,#1659,#1660,#1661,#1662,
    #1663),.UNSPECIFIED.,.F.,.F.,(6,6),(0.,1.),
  .PIECEWISE_BEZIER_KNOTS.);
#1658 = CARTESIAN_POINT('',(-0.974224565691,-2.230743412778E-02,
    0.139449203363));
#1659 = CARTESIAN_POINT('',(-0.974224565691,-3.648675267669E-02,
    0.139449203363));
#1660 = CARTESIAN_POINT('',(-0.974224565691,-4.471563673727E-02,
    0.139449203363));
#1661 = CARTESIAN_POINT('',(-0.974224565691,-5.870737876277E-02,
    0.139449203363));
#1662 = CARTESIAN_POINT('',(-0.974224565691,-7.731436002018E-02,
    0.139449203363));
#1663 = CARTESIAN_POINT('',(-0.974224565691,-8.041546571541E-02,
    0.139449203363));
#1664 = PCURVE('',#1107,#1665);
#1665 = DEFINITIONAL_REPRESENTATION('',(#1666),#1673);
#1666 = B_SPLINE_CURVE_WITH_KNOTS('',5,(#1667,#1668,#1669,#1670,#1671,
    #1672),.UNSPECIFIED.,.F.,.F.,(6,6),(0.,1.),
  .PIECEWISE_BEZIER_KNOTS.);
#1667 = CARTESIAN_POINT('',(7.871455941625E-02,-0.445692565872));
#1668 = CARTESIAN_POINT('',(7.871455941625E-02,-0.431513247323));
#1669 = CARTESIAN_POINT('',(7.871455941625E-02,-0.423284363263));
#1670 = CARTESIAN_POINT('',(7.871455941625E-02,-0.409292621237));
#1671 = CARTESIAN_POINT('',(7.871455941625E-02,-0.39068563998));
#1672 = CARTESIAN_POINT('',(7.871455941625E-02,-0.387584534285));
#1673 = ( GEOMETRIC_REPRESENTATION_CONTEXT(2) 
PARAMETRIC_REPRESENTATION_CONTEXT() REPRESENTATION_CONTEXT('2D SPACE',''
  ) );
#1674 = PCURVE('',#1477,#1675);
#1675 = DEFINITIONAL_REPRESENTATION('',(#1676),#1683);
#1676 = B_SPLINE_CURVE_WITH_KNOTS('',5,(#1677,#1678,#1679,#1680,#1681,
    #1682),.UNSPECIFIED.,.F.,.F.,(6,6),(0.,1.),
  .PIECEWISE_BEZIER_KNOTS.);
#1677 = CARTESIAN_POINT('',(1.139449203363,-5.810803158763E-02));
#1678 = CARTESIAN_POINT('',(1.139449203363,-4.392871303872E-02));
#1679 = CARTESIAN_POINT('',(1.139449203363,-3.569982897814E-02));
#1680 = CARTESIAN_POINT('',(1.139449203363,-2.170808695264E-02));
#1681 = CARTESIAN_POINT('',(1.139449203363,-3.101105695231E-03));
#1682 = CARTESIAN_POINT('',(1.139449203363,0.));
#1683 = ( GEOMETRIC_REPRESENTATION_CONTEXT(2) 
PARAMETRIC_REPRESENTATION_CONTEXT() REPRESENTATION_CONTEXT('2D SPACE',''
  ) );
#1684 = ORIENTED_EDGE('',*,*,#1079,.F.);
#1685 = ORIENTED_EDGE('',*,*,#1686,.T.);
#1686 = EDGE_CURVE('',#1080,#1497,#1687,.T.);
#1687 = SURFACE_CURVE('',#1688,(#1695,#1705),.PCURVE_S1.);
#1688 = B_SPLINE_CURVE_WITH_KNOTS('',5,(#1689,#1690,#1691,#1692,#1693,
    #1694),.UNSPECIFIED.,.F.,.F.,(6,6),(0.,1.),
  .PIECEWISE_BEZIER_KNOTS.);
#1689 = CARTESIAN_POINT('',(-0.957,-2.230803412778E-02,0.141476045518));
#1690 = CARTESIAN_POINT('',(-0.957,-8.738143239175E-02,0.141476045518));
#1691 = CARTESIAN_POINT('',(-0.957,-0.193010070124,0.141476045518));
#1692 = CARTESIAN_POINT('',(-0.957,-0.292835912862,0.141476045518));
#1693 = CARTESIAN_POINT('',(-0.957,-0.376997393532,0.141476045518));
#1694 = CARTESIAN_POINT('',(-0.957,-0.468,0.141476045518));
#1695 = PCURVE('',#1107,#1696);
#1696 = DEFINITIONAL_REPRESENTATION('',(#1697),#1704);
#1697 = B_SPLINE_CURVE_WITH_KNOTS('',5,(#1698,#1699,#1700,#1701,#1702,
    #1703),.UNSPECIFIED.,.F.,.F.,(6,6),(0.,1.),
  .PIECEWISE_BEZIER_KNOTS.);
#1698 = CARTESIAN_POINT('',(9.605810567496E-02,-0.445691965872));
#1699 = CARTESIAN_POINT('',(9.605810567496E-02,-0.380618567608));
#1700 = CARTESIAN_POINT('',(9.605810567496E-02,-0.274989930011));
#1701 = CARTESIAN_POINT('',(9.605810567496E-02,-0.175164086901));
#1702 = CARTESIAN_POINT('',(9.605810567496E-02,-9.100260656141E-02));
#1703 = CARTESIAN_POINT('',(9.605810567496E-02,-9.35401200941E-11));
#1704 = ( GEOMETRIC_REPRESENTATION_CONTEXT(2) 
PARAMETRIC_REPRESENTATION_CONTEXT() REPRESENTATION_CONTEXT('2D SPACE',''
  ) );
#1705 = PCURVE('',#1275,#1706);
#1706 = DEFINITIONAL_REPRESENTATION('',(#1707),#1714);
#1707 = B_SPLINE_CURVE_WITH_KNOTS('',5,(#1708,#1709,#1710,#1711,#1712,
    #1713),.UNSPECIFIED.,.F.,.F.,(6,6),(0.,1.),
  .PIECEWISE_BEZIER_KNOTS.);
#1708 = CARTESIAN_POINT('',(1.570796322774,0.445691965872));
#1709 = CARTESIAN_POINT('',(1.570796322774,0.380618567608));
#1710 = CARTESIAN_POINT('',(1.570796322774,0.274990020882));
#1711 = CARTESIAN_POINT('',(1.570796322774,0.175164096725));
#1712 = CARTESIAN_POINT('',(1.570796322774,9.100260646787E-02));
#1713 = CARTESIAN_POINT('',(1.570796322774,0.));
#1714 = ( GEOMETRIC_REPRESENTATION_CONTEXT(2) 
PARAMETRIC_REPRESENTATION_CONTEXT() REPRESENTATION_CONTEXT('2D SPACE',''
  ) );
#1715 = ADVANCED_FACE('',(#1716),#1275,.T.);
#1716 = FACE_BOUND('',#1717,.T.);
#1717 = EDGE_LOOP('',(#1718,#1719,#1720,#1744));
#1718 = ORIENTED_EDGE('',*,*,#1258,.F.);
#1719 = ORIENTED_EDGE('',*,*,#1686,.T.);
#1720 = ORIENTED_EDGE('',*,*,#1721,.T.);
#1721 = EDGE_CURVE('',#1497,#1722,#1724,.T.);
#1722 = VERTEX_POINT('',#1723);
#1723 = CARTESIAN_POINT('',(-0.957000000029,-0.468,0.112523954485));
#1724 = SURFACE_CURVE('',#1725,(#1730,#1737),.PCURVE_S1.);
#1725 = CIRCLE('',#1726,1.447604551174E-02);
#1726 = AXIS2_PLACEMENT_3D('',#1727,#1728,#1729);
#1727 = CARTESIAN_POINT('',(-0.957,-0.468,0.127));
#1728 = DIRECTION('',(0.,1.,-0.));
#1729 = DIRECTION('',(-1.,0.,0.));
#1730 = PCURVE('',#1275,#1731);
#1731 = DEFINITIONAL_REPRESENTATION('',(#1732),#1736);
#1732 = LINE('',#1733,#1734);
#1733 = CARTESIAN_POINT('',(0.,0.));
#1734 = VECTOR('',#1735,1.);
#1735 = DIRECTION('',(1.,0.));
#1736 = ( GEOMETRIC_REPRESENTATION_CONTEXT(2) 
PARAMETRIC_REPRESENTATION_CONTEXT() REPRESENTATION_CONTEXT('2D SPACE',''
  ) );
#1737 = PCURVE('',#1542,#1738);
#1738 = DEFINITIONAL_REPRESENTATION('',(#1739),#1743);
#1739 = CIRCLE('',#1740,1.447604551174E-02);
#1740 = AXIS2_PLACEMENT_2D('',#1741,#1742);
#1741 = CARTESIAN_POINT('',(0.,-2.686730846992E-02));
#1742 = DIRECTION('',(0.,-1.));
#1743 = ( GEOMETRIC_REPRESENTATION_CONTEXT(2) 
PARAMETRIC_REPRESENTATION_CONTEXT() REPRESENTATION_CONTEXT('2D SPACE',''
  ) );
#1744 = ORIENTED_EDGE('',*,*,#1745,.F.);
#1745 = EDGE_CURVE('',#1259,#1722,#1746,.T.);
#1746 = SURFACE_CURVE('',#1747,(#1754,#1764),.PCURVE_S1.);
#1747 = B_SPLINE_CURVE_WITH_KNOTS('',5,(#1748,#1749,#1750,#1751,#1752,
    #1753),.UNSPECIFIED.,.F.,.F.,(6,6),(0.,1.),
  .PIECEWISE_BEZIER_KNOTS.);
#1748 = CARTESIAN_POINT('',(-0.957,-2.230803412778E-02,0.112523954482));
#1749 = CARTESIAN_POINT('',(-0.957,-8.738143239175E-02,0.112523954482));
#1750 = CARTESIAN_POINT('',(-0.957,-0.193010070124,0.112523954482));
#1751 = CARTESIAN_POINT('',(-0.957,-0.292835912862,0.112523954482));
#1752 = CARTESIAN_POINT('',(-0.957,-0.376997393532,0.112523954482));
#1753 = CARTESIAN_POINT('',(-0.957,-0.468,0.112523954482));
#1754 = PCURVE('',#1275,#1755);
#1755 = DEFINITIONAL_REPRESENTATION('',(#1756),#1763);
#1756 = B_SPLINE_CURVE_WITH_KNOTS('',5,(#1757,#1758,#1759,#1760,#1761,
    #1762),.UNSPECIFIED.,.F.,.F.,(6,6),(0.,1.),
  .PIECEWISE_BEZIER_KNOTS.);
#1757 = CARTESIAN_POINT('',(4.712388984405,0.445691965872));
#1758 = CARTESIAN_POINT('',(4.712388984405,0.380618567608));
#1759 = CARTESIAN_POINT('',(4.712388984405,0.274990020882));
#1760 = CARTESIAN_POINT('',(4.712388984405,0.175164096725));
#1761 = CARTESIAN_POINT('',(4.712388984405,9.100260646787E-02));
#1762 = CARTESIAN_POINT('',(4.712388984405,0.));
#1763 = ( GEOMETRIC_REPRESENTATION_CONTEXT(2) 
PARAMETRIC_REPRESENTATION_CONTEXT() REPRESENTATION_CONTEXT('2D SPACE',''
  ) );
#1764 = PCURVE('',#1313,#1765);
#1765 = DEFINITIONAL_REPRESENTATION('',(#1766),#1773);
#1766 = B_SPLINE_CURVE_WITH_KNOTS('',5,(#1767,#1768,#1769,#1770,#1771,
    #1772),.UNSPECIFIED.,.F.,.F.,(6,6),(0.,1.),
  .PIECEWISE_BEZIER_KNOTS.);
#1767 = CARTESIAN_POINT('',(0.396931804542,-0.445691965872));
#1768 = CARTESIAN_POINT('',(0.396931804542,-0.380618567608));
#1769 = CARTESIAN_POINT('',(0.396931804542,-0.274989930011));
#1770 = CARTESIAN_POINT('',(0.396931804542,-0.175164086901));
#1771 = CARTESIAN_POINT('',(0.396931804542,-9.100260656141E-02));
#1772 = CARTESIAN_POINT('',(0.396931804542,-9.35401200941E-11));
#1773 = ( GEOMETRIC_REPRESENTATION_CONTEXT(2) 
PARAMETRIC_REPRESENTATION_CONTEXT() REPRESENTATION_CONTEXT('2D SPACE',''
  ) );
#1774 = ADVANCED_FACE('',(#1775),#1477,.F.);
#1775 = FACE_BOUND('',#1776,.F.);
#1776 = EDGE_LOOP('',(#1777,#1800,#1830,#1831));
#1777 = ORIENTED_EDGE('',*,*,#1778,.F.);
#1778 = EDGE_CURVE('',#1779,#1613,#1781,.T.);
#1779 = VERTEX_POINT('',#1780);
#1780 = CARTESIAN_POINT('',(-0.974224565691,-8.041546571541E-02,
    0.114550796637));
#1781 = SURFACE_CURVE('',#1782,(#1786,#1793),.PCURVE_S1.);
#1782 = LINE('',#1783,#1784);
#1783 = CARTESIAN_POINT('',(-0.974224565691,-8.041546571541E-02,-1.));
#1784 = VECTOR('',#1785,1.);
#1785 = DIRECTION('',(0.,0.,1.));
#1786 = PCURVE('',#1477,#1787);
#1787 = DEFINITIONAL_REPRESENTATION('',(#1788),#1792);
#1788 = LINE('',#1789,#1790);
#1789 = CARTESIAN_POINT('',(0.,0.));
#1790 = VECTOR('',#1791,1.);
#1791 = DIRECTION('',(1.,0.));
#1792 = ( GEOMETRIC_REPRESENTATION_CONTEXT(2) 
PARAMETRIC_REPRESENTATION_CONTEXT() REPRESENTATION_CONTEXT('2D SPACE',''
  ) );
#1793 = PCURVE('',#1638,#1794);
#1794 = DEFINITIONAL_REPRESENTATION('',(#1795),#1799);
#1795 = LINE('',#1796,#1797);
#1796 = CARTESIAN_POINT('',(0.,1.025775434309));
#1797 = VECTOR('',#1798,1.);
#1798 = DIRECTION('',(1.,0.));
#1799 = ( GEOMETRIC_REPRESENTATION_CONTEXT(2) 
PARAMETRIC_REPRESENTATION_CONTEXT() REPRESENTATION_CONTEXT('2D SPACE',''
  ) );
#1800 = ORIENTED_EDGE('',*,*,#1801,.F.);
#1801 = EDGE_CURVE('',#1288,#1779,#1802,.T.);
#1802 = SURFACE_CURVE('',#1803,(#1810,#1820),.PCURVE_S1.);
#1803 = B_SPLINE_CURVE_WITH_KNOTS('',5,(#1804,#1805,#1806,#1807,#1808,
    #1809),.UNSPECIFIED.,.F.,.F.,(6,6),(0.,1.),
  .PIECEWISE_BEZIER_KNOTS.);
#1804 = CARTESIAN_POINT('',(-0.974224565691,-2.230743412778E-02,
    0.114550796637));
#1805 = CARTESIAN_POINT('',(-0.974224565691,-3.648675267669E-02,
    0.114550796637));
#1806 = CARTESIAN_POINT('',(-0.974224565691,-4.471563673727E-02,
    0.114550796637));
#1807 = CARTESIAN_POINT('',(-0.974224565691,-5.870737876277E-02,
    0.114550796637));
#1808 = CARTESIAN_POINT('',(-0.974224565691,-7.731436002018E-02,
    0.114550796637));
#1809 = CARTESIAN_POINT('',(-0.974224565691,-8.041546571541E-02,
    0.114550796637));
#1810 = PCURVE('',#1477,#1811);
#1811 = DEFINITIONAL_REPRESENTATION('',(#1812),#1819);
#1812 = B_SPLINE_CURVE_WITH_KNOTS('',5,(#1813,#1814,#1815,#1816,#1817,
    #1818),.UNSPECIFIED.,.F.,.F.,(6,6),(0.,1.),
  .PIECEWISE_BEZIER_KNOTS.);
#1813 = CARTESIAN_POINT('',(1.114550796637,-5.810803158763E-02));
#1814 = CARTESIAN_POINT('',(1.114550796637,-4.392871303872E-02));
#1815 = CARTESIAN_POINT('',(1.114550796637,-3.569982897814E-02));
#1816 = CARTESIAN_POINT('',(1.114550796637,-2.170808695264E-02));
#1817 = CARTESIAN_POINT('',(1.114550796637,-3.101105695231E-03));
#1818 = CARTESIAN_POINT('',(1.114550796637,0.));
#1819 = ( GEOMETRIC_REPRESENTATION_CONTEXT(2) 
PARAMETRIC_REPRESENTATION_CONTEXT() REPRESENTATION_CONTEXT('2D SPACE',''
  ) );
#1820 = PCURVE('',#1313,#1821);
#1821 = DEFINITIONAL_REPRESENTATION('',(#1822),#1829);
#1822 = B_SPLINE_CURVE_WITH_KNOTS('',5,(#1823,#1824,#1825,#1826,#1827,
    #1828),.UNSPECIFIED.,.F.,.F.,(6,6),(0.,1.),
  .PIECEWISE_BEZIER_KNOTS.);
#1823 = CARTESIAN_POINT('',(0.414275350801,-0.445692565872));
#1824 = CARTESIAN_POINT('',(0.414275350801,-0.431513247323));
#1825 = CARTESIAN_POINT('',(0.414275350801,-0.423284363263));
#1826 = CARTESIAN_POINT('',(0.414275350801,-0.409292621237));
#1827 = CARTESIAN_POINT('',(0.414275350801,-0.39068563998));
#1828 = CARTESIAN_POINT('',(0.414275350801,-0.387584534285));
#1829 = ( GEOMETRIC_REPRESENTATION_CONTEXT(2) 
PARAMETRIC_REPRESENTATION_CONTEXT() REPRESENTATION_CONTEXT('2D SPACE',''
  ) );
#1830 = ORIENTED_EDGE('',*,*,#1464,.F.);
#1831 = ORIENTED_EDGE('',*,*,#1655,.T.);
#1832 = ADVANCED_FACE('',(#1833),#1313,.F.);
#1833 = FACE_BOUND('',#1834,.F.);
#1834 = EDGE_LOOP('',(#1835,#1860,#1941,#1942,#1943,#1944));
#1835 = ORIENTED_EDGE('',*,*,#1836,.F.);
#1836 = EDGE_CURVE('',#1837,#1839,#1841,.T.);
#1837 = VERTEX_POINT('',#1838);
#1838 = CARTESIAN_POINT('',(-1.052,-0.468,0.12659848));
#1839 = VERTEX_POINT('',#1840);
#1840 = CARTESIAN_POINT('',(-1.052,-8.041546571541E-02,0.12659848));
#1841 = SURFACE_CURVE('',#1842,(#1846,#1853),.PCURVE_S1.);
#1842 = LINE('',#1843,#1844);
#1843 = CARTESIAN_POINT('',(-1.052,-0.468,0.12659848));
#1844 = VECTOR('',#1845,1.);
#1845 = DIRECTION('',(0.,1.,0.));
#1846 = PCURVE('',#1313,#1847);
#1847 = DEFINITIONAL_REPRESENTATION('',(#1848),#1852);
#1848 = LINE('',#1849,#1850);
#1849 = CARTESIAN_POINT('',(0.492989910217,0.));
#1850 = VECTOR('',#1851,1.);
#1851 = DIRECTION('',(0.,-1.));
#1852 = ( GEOMETRIC_REPRESENTATION_CONTEXT(2) 
PARAMETRIC_REPRESENTATION_CONTEXT() REPRESENTATION_CONTEXT('2D SPACE',''
  ) );
#1853 = PCURVE('',#1600,#1854);
#1854 = DEFINITIONAL_REPRESENTATION('',(#1855),#1859);
#1855 = LINE('',#1856,#1857);
#1856 = CARTESIAN_POINT('',(0.,0.));
#1857 = VECTOR('',#1858,1.);
#1858 = DIRECTION('',(0.,-1.));
#1859 = ( GEOMETRIC_REPRESENTATION_CONTEXT(2) 
PARAMETRIC_REPRESENTATION_CONTEXT() REPRESENTATION_CONTEXT('2D SPACE',''
  ) );
#1860 = ORIENTED_EDGE('',*,*,#1861,.T.);
#1861 = EDGE_CURVE('',#1837,#1722,#1862,.T.);
#1862 = SURFACE_CURVE('',#1863,(#1897,#1904),.PCURVE_S1.);
#1863 = B_SPLINE_CURVE_WITH_KNOTS('',3,(#1864,#1865,#1866,#1867,#1868,
    #1869,#1870,#1871,#1872,#1873,#1874,#1875,#1876,#1877,#1878,#1879,
    #1880,#1881,#1882,#1883,#1884,#1885,#1886,#1887,#1888,#1889,#1890,
    #1891,#1892,#1893,#1894,#1895,#1896),.UNSPECIFIED.,.F.,.F.,(4,1,1,1,
    1,1,1,1,1,1,1,1,1,1,1,1,1,1,1,1,1,1,1,1,1,1,1,1,1,1,4),(
    0.400141670081,0.400267658228,0.400645345199,0.401273899576,
    0.402151938944,0.403277534732,0.404648218862,0.406260992062,
    0.408112333688,0.410198212889,0.412514100925,0.415054984463,
    0.417815379671,0.420789346958,0.42397050622,0.427352052484,
    0.430926771868,0.434687057806,0.438624927527,0.442732038774,
    0.446999706834,0.451418921899,0.455980366869,0.460674435661,
    0.465491252154,0.470420689853,0.475452392405,0.480575795049,
    0.485780147116,0.491054535645,0.496199775756),.UNSPECIFIED.);
#1864 = CARTESIAN_POINT('',(-1.052,-0.468,0.12659848));
#1865 = CARTESIAN_POINT('',(-1.051958720115,-0.468,0.126590757359));
#1866 = CARTESIAN_POINT('',(-1.051793689695,-0.468,0.126559893375));
#1867 = CARTESIAN_POINT('',(-1.051422695784,-0.468,0.126490599037));
#1868 = CARTESIAN_POINT('',(-1.050805226573,-0.468,0.126375562731));
#1869 = CARTESIAN_POINT('',(-1.049942561186,-0.468,0.126215458918));
#1870 = CARTESIAN_POINT('',(-1.048836486731,-0.468,0.126011218247));
#1871 = CARTESIAN_POINT('',(-1.047489294642,-0.468,0.1257640145));
#1872 = CARTESIAN_POINT('',(-1.045903775975,-0.468,0.125475248587));
#1873 = CARTESIAN_POINT('',(-1.044083215689,-0.468,0.125146530102));
#1874 = CARTESIAN_POINT('',(-1.042031385887,-0.468,0.124779657072));
#1875 = CARTESIAN_POINT('',(-1.039752538062,-0.468,0.124376594557));
#1876 = CARTESIAN_POINT('',(-1.037251394337,-0.468,0.123939452789));
#1877 = CARTESIAN_POINT('',(-1.034533137721,-0.468,0.123470465564));
#1878 = CARTESIAN_POINT('',(-1.031603401411,-0.468,0.122971969548));
#1879 = CARTESIAN_POINT('',(-1.028468257135,-0.468,0.122446385133));
#1880 = CARTESIAN_POINT('',(-1.025134202589,-0.468,0.121896199385));
#1881 = CARTESIAN_POINT('',(-1.021608147969,-0.468,0.121323951557));
#1882 = CARTESIAN_POINT('',(-1.017897401643,-0.468,0.120732221492));
#1883 = CARTESIAN_POINT('',(-1.01400965498,-0.468,0.120123621153));
#1884 = CARTESIAN_POINT('',(-1.009952966379,-0.468,0.119500789344));
#1885 = CARTESIAN_POINT('',(-1.005735744525,-0.468,0.118866389577));
#1886 = CARTESIAN_POINT('',(-1.001366730916,-0.468,0.11822311086));
#1887 = CARTESIAN_POINT('',(-0.996854981688,-0.468,0.117573671095));
#1888 = CARTESIAN_POINT('',(-0.992209848784,-0.468,0.116920822607));
#1889 = CARTESIAN_POINT('',(-0.987440960511,-0.468,0.116267359236));
#1890 = CARTESIAN_POINT('',(-0.982558201516,-0.468,0.115616124337));
#1891 = CARTESIAN_POINT('',(-0.977571692234,-0.468,0.114970018972));
#1892 = CARTESIAN_POINT('',(-0.972491767849,-0.468,0.114332009516));
#1893 = CARTESIAN_POINT('',(-0.967328956813,-0.468,0.113705133925));
#1894 = CARTESIAN_POINT('',(-0.962156245595,-0.468,0.113099795026));
#1895 = CARTESIAN_POINT('',(-0.958704780991,-0.468,0.112711643272));
#1896 = CARTESIAN_POINT('',(-0.957,-0.468,0.112523954482));
#1897 = PCURVE('',#1313,#1898);
#1898 = DEFINITIONAL_REPRESENTATION('',(#1899),#1903);
#1899 = LINE('',#1900,#1901);
#1900 = CARTESIAN_POINT('',(0.893131580298,-7.180972758292E-25));
#1901 = VECTOR('',#1902,1.);
#1902 = DIRECTION('',(-1.,1.794607584067E-24));
#1903 = ( GEOMETRIC_REPRESENTATION_CONTEXT(2) 
PARAMETRIC_REPRESENTATION_CONTEXT() REPRESENTATION_CONTEXT('2D SPACE',''
  ) );
#1904 = PCURVE('',#1542,#1905);
#1905 = DEFINITIONAL_REPRESENTATION('',(#1906),#1940);
#1906 = B_SPLINE_CURVE_WITH_KNOTS('',3,(#1907,#1908,#1909,#1910,#1911,
    #1912,#1913,#1914,#1915,#1916,#1917,#1918,#1919,#1920,#1921,#1922,
    #1923,#1924,#1925,#1926,#1927,#1928,#1929,#1930,#1931,#1932,#1933,
    #1934,#1935,#1936,#1937,#1938,#1939),.UNSPECIFIED.,.F.,.F.,(4,1,1,1,
    1,1,1,1,1,1,1,1,1,1,1,1,1,1,1,1,1,1,1,1,1,1,1,1,1,1,4),(
    0.400141670081,0.400267658228,0.400645345199,0.401273899576,
    0.402151938944,0.403277534732,0.404648218862,0.406260992062,
    0.408112333688,0.410198212889,0.412514100925,0.415054984463,
    0.417815379671,0.420789346958,0.42397050622,0.427352052484,
    0.430926771868,0.434687057806,0.438624927527,0.442732038774,
    0.446999706834,0.451418921899,0.455980366869,0.460674435661,
    0.465491252154,0.470420689853,0.475452392405,0.480575795049,
    0.485780147116,0.491054535645,0.496199775756),.UNSPECIFIED.);
#1907 = CARTESIAN_POINT('',(-4.0152E-04,-0.12186730847));
#1908 = CARTESIAN_POINT('',(-4.092426409396E-04,-0.121826028585));
#1909 = CARTESIAN_POINT('',(-4.401066254877E-04,-0.121660998165));
#1910 = CARTESIAN_POINT('',(-5.094009628938E-04,-0.121290004254));
#1911 = CARTESIAN_POINT('',(-6.244372694861E-04,-0.120672535043));
#1912 = CARTESIAN_POINT('',(-7.845410820927E-04,-0.119809869656));
#1913 = CARTESIAN_POINT('',(-9.88781753228E-04,-0.118703795201));
#1914 = CARTESIAN_POINT('',(-1.235985499534E-03,-0.117356603112));
#1915 = CARTESIAN_POINT('',(-1.524751412828E-03,-0.115771084445));
#1916 = CARTESIAN_POINT('',(-1.853469898293E-03,-0.113950524159));
#1917 = CARTESIAN_POINT('',(-2.220342927964E-03,-0.111898694357));
#1918 = CARTESIAN_POINT('',(-2.623405443266E-03,-0.109619846532));
#1919 = CARTESIAN_POINT('',(-3.06054721129E-03,-0.107118702807));
#1920 = CARTESIAN_POINT('',(-3.529534436383E-03,-0.104400446191));
#1921 = CARTESIAN_POINT('',(-4.028030452045E-03,-0.101470709881));
#1922 = CARTESIAN_POINT('',(-4.553614867268E-03,-9.833556560467E-02));
#1923 = CARTESIAN_POINT('',(-5.1038006147E-03,-9.500151105846E-02));
#1924 = CARTESIAN_POINT('',(-5.676048442877E-03,-9.1475456439E-02));
#1925 = CARTESIAN_POINT('',(-6.267778507905E-03,-8.776471011324E-02));
#1926 = CARTESIAN_POINT('',(-6.876378847282E-03,-8.387696345024E-02));
#1927 = CARTESIAN_POINT('',(-7.499210655554E-03,-7.982027484881E-02));
#1928 = CARTESIAN_POINT('',(-8.133610423103E-03,-7.560305299513E-02));
#1929 = CARTESIAN_POINT('',(-8.776889140345E-03,-7.123403938638E-02));
#1930 = CARTESIAN_POINT('',(-9.426328904794E-03,-6.672229015809E-02));
#1931 = CARTESIAN_POINT('',(-1.007917739255E-02,-6.207715725426E-02));
#1932 = CARTESIAN_POINT('',(-1.073264076411E-02,-5.730826898103E-02));
#1933 = CARTESIAN_POINT('',(-1.138387566274E-02,-5.242550998557E-02));
#1934 = CARTESIAN_POINT('',(-1.202998102781E-02,-4.743900070343E-02));
#1935 = CARTESIAN_POINT('',(-1.266799048389E-02,-4.23590763188E-02));
#1936 = CARTESIAN_POINT('',(-1.329486607515E-02,-3.719626528306E-02));
#1937 = CARTESIAN_POINT('',(-1.390020497373E-02,-3.202355406533E-02));
#1938 = CARTESIAN_POINT('',(-1.428835672803E-02,-2.857208946089E-02));
#1939 = CARTESIAN_POINT('',(-1.447604551814E-02,-2.686730846994E-02));
#1940 = ( GEOMETRIC_REPRESENTATION_CONTEXT(2) 
PARAMETRIC_REPRESENTATION_CONTEXT() REPRESENTATION_CONTEXT('2D SPACE',''
  ) );
#1941 = ORIENTED_EDGE('',*,*,#1745,.F.);
#1942 = ORIENTED_EDGE('',*,*,#1287,.T.);
#1943 = ORIENTED_EDGE('',*,*,#1801,.T.);
#1944 = ORIENTED_EDGE('',*,*,#1945,.F.);
#1945 = EDGE_CURVE('',#1839,#1779,#1946,.T.);
#1946 = SURFACE_CURVE('',#1947,(#1956,#1968),.PCURVE_S1.);
#1947 = B_SPLINE_CURVE_WITH_KNOTS('',4,(#1948,#1949,#1950,#1951,#1952,
    #1953,#1954,#1955),.UNSPECIFIED.,.F.,.F.,(5,3,5),(0.,0.640679841146,
    1.),.UNSPECIFIED.);
#1948 = CARTESIAN_POINT('',(-1.052,-8.041546571541E-02,0.12659848));
#1949 = CARTESIAN_POINT('',(-1.039607276028,-8.041546571541E-02,
    0.124280049204));
#1950 = CARTESIAN_POINT('',(-1.027178798954,-8.041546571541E-02,
    0.122153622003));
#1951 = CARTESIAN_POINT('',(-1.014725895031,-8.041546571541E-02,
    0.120178861899));
#1952 = CARTESIAN_POINT('',(-0.995254335604,-8.041546571541E-02,
    0.117331402186));
#1953 = CARTESIAN_POINT('',(-0.988250890091,-8.041546571541E-02,
    0.116355648765));
#1954 = CARTESIAN_POINT('',(-0.98124098385,-8.041546571541E-02,
    0.115427189581));
#1955 = CARTESIAN_POINT('',(-0.974224565691,-8.041546571541E-02,
    0.114550796637));
#1956 = PCURVE('',#1313,#1957);
#1957 = DEFINITIONAL_REPRESENTATION('',(#1958),#1967);
#1958 = B_SPLINE_CURVE_WITH_KNOTS('',4,(#1959,#1960,#1961,#1962,#1963,
    #1964,#1965,#1966),.UNSPECIFIED.,.F.,.F.,(5,3,5),(0.,0.640679841146,
    1.),.UNSPECIFIED.);
#1959 = CARTESIAN_POINT('',(0.492989910217,-0.387584534285));
#1960 = CARTESIAN_POINT('',(0.480382185246,-0.387584534285));
#1961 = CARTESIAN_POINT('',(0.467774504264,-0.387584534285));
#1962 = CARTESIAN_POINT('',(0.455166804992,-0.387584534285));
#1963 = CARTESIAN_POINT('',(0.43548815359,-0.387584534285));
#1964 = CARTESIAN_POINT('',(0.42841721992,-0.387584534285));
#1965 = CARTESIAN_POINT('',(0.421346285876,-0.387584534285));
#1966 = CARTESIAN_POINT('',(0.414275350913,-0.387584534285));
#1967 = ( GEOMETRIC_REPRESENTATION_CONTEXT(2) 
PARAMETRIC_REPRESENTATION_CONTEXT() REPRESENTATION_CONTEXT('2D SPACE',''
  ) );
#1968 = PCURVE('',#1638,#1969);
#1969 = DEFINITIONAL_REPRESENTATION('',(#1970),#1979);
#1970 = B_SPLINE_CURVE_WITH_KNOTS('',4,(#1971,#1972,#1973,#1974,#1975,
    #1976,#1977,#1978),.UNSPECIFIED.,.F.,.F.,(5,3,5),(0.,0.640679841146,
    1.),.UNSPECIFIED.);
#1971 = CARTESIAN_POINT('',(1.12659848,0.948));
#1972 = CARTESIAN_POINT('',(1.124280049204,0.960392723972));
#1973 = CARTESIAN_POINT('',(1.122153622003,0.972821201046));
#1974 = CARTESIAN_POINT('',(1.120178861899,0.985274104969));
#1975 = CARTESIAN_POINT('',(1.117331402186,1.004745664396));
#1976 = CARTESIAN_POINT('',(1.116355648765,1.011749109909));
#1977 = CARTESIAN_POINT('',(1.115427189581,1.01875901615));
#1978 = CARTESIAN_POINT('',(1.114550796637,1.025775434309));
#1979 = ( GEOMETRIC_REPRESENTATION_CONTEXT(2) 
PARAMETRIC_REPRESENTATION_CONTEXT() REPRESENTATION_CONTEXT('2D SPACE',''
  ) );
#1980 = ADVANCED_FACE('',(#1981),#1542,.F.);
#1981 = FACE_BOUND('',#1982,.F.);
#1982 = EDGE_LOOP('',(#1983,#1984,#2005,#2006));
#1983 = ORIENTED_EDGE('',*,*,#1861,.F.);
#1984 = ORIENTED_EDGE('',*,*,#1985,.T.);
#1985 = EDGE_CURVE('',#1837,#1495,#1986,.T.);
#1986 = SURFACE_CURVE('',#1987,(#1991,#1998),.PCURVE_S1.);
#1987 = LINE('',#1988,#1989);
#1988 = CARTESIAN_POINT('',(-1.052,-0.468,0.12659848));
#1989 = VECTOR('',#1990,1.);
#1990 = DIRECTION('',(0.,0.,1.));
#1991 = PCURVE('',#1542,#1992);
#1992 = DEFINITIONAL_REPRESENTATION('',(#1993),#1997);
#1993 = LINE('',#1994,#1995);
#1994 = CARTESIAN_POINT('',(-4.0152E-04,-0.12186730847));
#1995 = VECTOR('',#1996,1.);
#1996 = DIRECTION('',(1.,0.));
#1997 = ( GEOMETRIC_REPRESENTATION_CONTEXT(2) 
PARAMETRIC_REPRESENTATION_CONTEXT() REPRESENTATION_CONTEXT('2D SPACE',''
  ) );
#1998 = PCURVE('',#1600,#1999);
#1999 = DEFINITIONAL_REPRESENTATION('',(#2000),#2004);
#2000 = LINE('',#2001,#2002);
#2001 = CARTESIAN_POINT('',(0.,0.));
#2002 = VECTOR('',#2003,1.);
#2003 = DIRECTION('',(1.,0.));
#2004 = ( GEOMETRIC_REPRESENTATION_CONTEXT(2) 
PARAMETRIC_REPRESENTATION_CONTEXT() REPRESENTATION_CONTEXT('2D SPACE',''
  ) );
#2005 = ORIENTED_EDGE('',*,*,#1494,.T.);
#2006 = ORIENTED_EDGE('',*,*,#1721,.T.);
#2007 = ADVANCED_FACE('',(#2008),#1638,.T.);
#2008 = FACE_BOUND('',#2009,.T.);
#2009 = EDGE_LOOP('',(#2010,#2011,#2012,#2031));
#2010 = ORIENTED_EDGE('',*,*,#1778,.F.);
#2011 = ORIENTED_EDGE('',*,*,#1945,.F.);
#2012 = ORIENTED_EDGE('',*,*,#2013,.T.);
#2013 = EDGE_CURVE('',#1839,#1585,#2014,.T.);
#2014 = SURFACE_CURVE('',#2015,(#2019,#2025),.PCURVE_S1.);
#2015 = LINE('',#2016,#2017);
#2016 = CARTESIAN_POINT('',(-1.052,-8.041546571541E-02,-0.43670076));
#2017 = VECTOR('',#2018,1.);
#2018 = DIRECTION('',(0.,-0.,1.));
#2019 = PCURVE('',#1638,#2020);
#2020 = DEFINITIONAL_REPRESENTATION('',(#2021),#2024);
#2021 = B_SPLINE_CURVE_WITH_KNOTS('',1,(#2022,#2023),.UNSPECIFIED.,.F.,
  .F.,(2,2),(0.56329924,0.56410228),.PIECEWISE_BEZIER_KNOTS.);
#2022 = CARTESIAN_POINT('',(1.12659848,0.948));
#2023 = CARTESIAN_POINT('',(1.12740152,0.948));
#2024 = ( GEOMETRIC_REPRESENTATION_CONTEXT(2) 
PARAMETRIC_REPRESENTATION_CONTEXT() REPRESENTATION_CONTEXT('2D SPACE',''
  ) );
#2025 = PCURVE('',#1600,#2026);
#2026 = DEFINITIONAL_REPRESENTATION('',(#2027),#2030);
#2027 = B_SPLINE_CURVE_WITH_KNOTS('',1,(#2028,#2029),.UNSPECIFIED.,.F.,
  .F.,(2,2),(0.56329924,0.56410228),.PIECEWISE_BEZIER_KNOTS.);
#2028 = CARTESIAN_POINT('',(0.,-0.387584534285));
#2029 = CARTESIAN_POINT('',(8.030400000001E-04,-0.387584534285));
#2030 = ( GEOMETRIC_REPRESENTATION_CONTEXT(2) 
PARAMETRIC_REPRESENTATION_CONTEXT() REPRESENTATION_CONTEXT('2D SPACE',''
  ) );
#2031 = ORIENTED_EDGE('',*,*,#1612,.F.);
#2032 = ADVANCED_FACE('',(#2033),#1600,.F.);
#2033 = FACE_BOUND('',#2034,.F.);
#2034 = EDGE_LOOP('',(#2035,#2036,#2037,#2038));
#2035 = ORIENTED_EDGE('',*,*,#1985,.F.);
#2036 = ORIENTED_EDGE('',*,*,#1836,.T.);
#2037 = ORIENTED_EDGE('',*,*,#2013,.T.);
#2038 = ORIENTED_EDGE('',*,*,#1584,.F.);
#2039 = ( GEOMETRIC_REPRESENTATION_CONTEXT(3) 
GLOBAL_UNCERTAINTY_ASSIGNED_CONTEXT((#2043)) 
GLOBAL_UNIT_ASSIGNED_CONTEXT((#2040,#2041,#2042)) REPRESENTATION_CONTEXT
('Context #1','3D Context with UNIT and UNCERTAINTY') );
#2040 = ( LENGTH_UNIT() NAMED_UNIT(*) SI_UNIT($,.METRE.) );
#2041 = ( NAMED_UNIT(*) PLANE_ANGLE_UNIT() SI_UNIT($,.RADIAN.) );
#2042 = ( NAMED_UNIT(*) SI_UNIT($,.STERADIAN.) SOLID_ANGLE_UNIT() );
#2043 = UNCERTAINTY_MEASURE_WITH_UNIT(LENGTH_MEASURE(2.E-06),#2040,
  'distance_accuracy_value','confusion accuracy');
#2044 = PRODUCT_RELATED_PRODUCT_CATEGORY('part',$,(#7));
ENDSEC;
END-ISO-10303-21;
