ISO-10303-21;
HEADER;
FILE_DESCRIPTION(('Open CASCADE Model'),'2;1');
FILE_NAME('Open CASCADE Shape Model','2026-10-03T19:57:54',('Author'),(
    'Open CASCADE'),'Open CASCADE STEP processor 7.9','Open CASCADE 7.9'
  ,'Unknown');
FILE_SCHEMA(('AUTOMOTIVE_DESIGN { 1 0 10303 214 1 1 1 1 }'));
ENDSEC;
DATA;
#1 = APPLICATION_PROTOCOL_DEFINITION('international standard',
  'automotive_design',2000,#2);
#2 = APPLICATION_CONTEXT(
  'core data for automotive mechanical design processes');
#3 = SHAPE_DEFINITION_REPRESENTATION(#4,#10);
#4 = PRODUCT_DEFINITION_SHAPE('','',#5);
#5 = PRODUCT_DEFINITION('design','',#6,#9);
#6 = PRODUCT_DEFINITION_FORMATION('','',#7);
#7 = PRODUCT('Open CASCADE STEP translator 7.9 4',
  'Open CASCADE STEP translator 7.9 4','',(#8));
#8 = PRODUCT_CONTEXT('',#2,'mechanical');
#9 = PRODUCT_DEFINITION_CONTEXT('part definition',#2,'design');
#10 = ADVANCED_BREP_SHAPE_REPRESENTATION('',(#11,#15),#1697);
#11 = AXIS2_PLACEMENT_3D('',#12,#13,#14);
#12 = CARTESIAN_POINT('',(0.,0.,0.));
#13 = DIRECTION('',(0.,0.,1.));
#14 = DIRECTION('',(1.,0.,-0.));
#15 = MANIFOLD_SOLID_BREP('',#16);
#16 = CLOSED_SHELL('',(#17,#1320,#1345,#1371,#1401,#1429,#1457,#1484,
    #1489,#1565,#1614,#1663,#1690));
#17 = ADVANCED_FACE('',(#18,#1200),#170,.F.);
#18 = FACE_BOUND('',#19,.F.);
#19 = EDGE_LOOP('',(#20,#471,#499,#532,#573,#607,#653,#681,#709,#1013,
    #1036,#1064,#1093,#1122,#1151,#1179));
#20 = ORIENTED_EDGE('',*,*,#21,.F.);
#21 = EDGE_CURVE('',#22,#24,#26,.T.);
#22 = VERTEX_POINT('',#23);
#23 = CARTESIAN_POINT('',(-0.277790962835,0.,-1.236493812418E-02));
#24 = VERTEX_POINT('',#25);
#25 = CARTESIAN_POINT('',(-0.277614452289,0.,-1.334157566135E-02));
#26 = SURFACE_CURVE('',#27,(#169,#321),.PCURVE_S1.);
#27 = B_SPLINE_CURVE_WITH_KNOTS('',3,(#28,#29,#30,#31,#32,#33,#34,#35,
    #36,#37,#38,#39,#40,#41,#42,#43,#44,#45,#46,#47,#48,#49,#50,#51,#52,
    #53,#54,#55,#56,#57,#58,#59,#60,#61,#62,#63,#64,#65,#66,#67,#68,#69,
    #70,#71,#72,#73,#74,#75,#76,#77,#78,#79,#80,#81,#82,#83,#84,#85,#86,
    #87,#88,#89,#90,#91,#92,#93,#94,#95,#96,#97,#98,#99,#100,#101,#102,
    #103,#104,#105,#106,#107,#108,#109,#110,#111,#112,#113,#114,#115,
    #116,#117,#118,#119,#120,#121,#122,#123,#124,#125,#126,#127,#128,
    #129,#130,#131,#132,#133,#134,#135,#136,#137,#138,#139,#140,#141,
    #142,#143,#144,#145,#146,#147,#148,#149,#150,#151,#152,#153,#154,
    #155,#156,#157,#158,#159,#160,#161,#162,#163,#164,#165,#166,#167,
    #168),.UNSPECIFIED.,.F.,.F.,(4,1,1,1,1,1,1,1,1,1,1,1,1,1,1,1,1,1,1,1
    ,1,1,1,1,1,1,1,1,1,1,1,1,1,1,1,1,1,1,1,1,1,1,1,1,1,1,1,1,1,1,1,1,1,1
    ,1,1,1,1,1,1,1,1,1,1,1,1,1,1,1,1,1,1,1,1,1,1,1,1,1,1,1,1,1,1,1,1,1,1
    ,1,1,1,1,1,1,1,1,1,1,1,1,1,1,1,1,1,1,1,1,1,1,1,1,1,1,1,1,1,1,1,1,1,1
    ,1,1,1,1,1,1,1,1,1,1,1,1,1,1,1,1,4),(0.,1.481718954734E-04,
    5.923654143001E-04,1.331615210704E-03,2.364316206764E-03,
    3.68822925388E-03,5.300488891255E-03,7.197613044255E-03,
    9.375514474748E-03,1.182951377393E-02,1.455435367653E-02,
    1.754421447371E-02,2.079273030986E-02,2.429300616489E-02,
    2.803763534736E-02,3.201871735284E-02,3.62278759748E-02,
    4.065627759064E-02,4.529464958107E-02,5.013329887643E-02,
    5.516213065662E-02,6.037066726292E-02,6.574806740765E-02,
    7.128314579246E-02,7.696439326713E-02,8.277999767725E-02,
    8.871786556146E-02,9.476564486526E-02,0.100910748839,0.107140381281,
    0.113441563272,0.119801161519,0.126205918408,0.132642483799,
    0.139097448567,0.145557379828,0.152008857715,0.15843851353,
    0.164833068999,0.171190333115,0.177617185483,0.183970606283,
    0.190237820566,0.196406284155,0.202463723868,0.20839817815,
    0.21419803797,0.219852087944,0.225349547869,0.230680115071,
    0.235834008322,0.24080201445,0.245575539312,0.250146665427,
    0.254508219463,0.258653853952,0.262578149265,0.266276744259,
    0.269746507384,0.27298576502,0.275994610817,0.278775329496,
    0.281332980666,0.283676199751,0.285818273564,0.287778508911,
    0.289583774551,0.291269782335,0.292881212262,0.294469596335,
    0.296057943967,0.297668411557,0.299350209222,0.301144821972,
    0.303084498202,0.305192758804,0.307485848987,0.309974331745,
    0.312664462177,0.315559258549,0.318659300712,0.321963315518,
    0.325468605032,0.329171361043,0.333066897481,0.337149823045,
    0.341414169706,0.345853488194,0.350460918438,0.355229240877,
    0.36015091309,0.365218095244,0.370422667128,0.375756239019,
    0.381210158238,0.386775512877,0.392443133946,0.398203596894,
    0.404047223277,0.409964083134,0.416073911921,0.42224525652,
    0.428455111618,0.434691237358,0.440941231262,0.447192559843,
    0.453432590524,0.459648623579,0.465827923857,0.471957752086,
    0.478025395617,0.484018198522,0.489923591004,0.495729118122,
    0.501422467876,0.506991498729,0.512424266658,0.51770905185,
    0.522834385163,0.527789074461,0.532562230946,0.53714329557,
    0.541522065602,0.545688721384,0.549633853296,0.553348488873,
    0.55682412001,0.560052730126,0.563026821098,0.565739439762,
    0.568184203708,0.57035532607,0.572247638987,0.573856615389,
    0.575178388767,0.57620977058,0.576948264985,0.577392080616,
    0.577540139166),.UNSPECIFIED.);
#28 = CARTESIAN_POINT('',(-0.277790962835,0.,-1.236493812418E-02));
#29 = CARTESIAN_POINT('',(-0.277744973186,0.,-1.234692738532E-02));
#30 = CARTESIAN_POINT('',(-0.277561106082,0.,-1.227494530144E-02));
#31 = CARTESIAN_POINT('',(-0.2771477034,0.,-1.211332731371E-02));
#32 = CARTESIAN_POINT('',(-0.276459443882,0.,-1.184500176562E-02));
#33 = CARTESIAN_POINT('',(-0.275497447069,0.,-1.147151360626E-02));
#34 = CARTESIAN_POINT('',(-0.274263284413,0.,-1.099500266933E-02));
#35 = CARTESIAN_POINT('',(-0.272758983102,0.,-1.041818127208E-02));
#36 = CARTESIAN_POINT('',(-0.270987030587,0.,-9.744306379292E-03));
#37 = CARTESIAN_POINT('',(-0.268950379561,0.,-8.977147012475E-03));
#38 = CARTESIAN_POINT('',(-0.266652453086,0.,-8.120947688363E-03));
#39 = CARTESIAN_POINT('',(-0.264097149557,0.,-7.180388748758E-03));
#40 = CARTESIAN_POINT('',(-0.26128884719,0.,-6.160544493137E-03));
#41 = CARTESIAN_POINT('',(-0.258232407709,0.,-5.066840044441E-03));
#42 = CARTESIAN_POINT('',(-0.254933178951,0.,-3.905007866358E-03));
#43 = CARTESIAN_POINT('',(-0.251396996135,0.,-2.681044807612E-03));
#44 = CARTESIAN_POINT('',(-0.247630181571,0.,-1.401170476502E-03));
#45 = CARTESIAN_POINT('',(-0.24363954265,0.,-7.178764989044E-05));
#46 = CARTESIAN_POINT('',(-0.239432368018,0.,1.30055470179E-03));
#47 = CARTESIAN_POINT('',(-0.235016421851,0.,2.709195333651E-03));
#48 = CARTESIAN_POINT('',(-0.230399936265,0.,4.14739130551E-03));
#49 = CARTESIAN_POINT('',(-0.225591601885,0.,5.608345101185E-03));
#50 = CARTESIAN_POINT('',(-0.220600556673,0.,7.08522833435E-03));
#51 = CARTESIAN_POINT('',(-0.215436373143,0.,8.571202249735E-03));
#52 = CARTESIAN_POINT('',(-0.210109044091,0.,1.005943538031E-02));
#53 = CARTESIAN_POINT('',(-0.204628967015,0.,1.154311885658E-02));
#54 = CARTESIAN_POINT('',(-0.199006927349,0.,1.30154799777E-02));
#55 = CARTESIAN_POINT('',(-0.193254080665,0.,1.446979473988E-02));
#56 = CARTESIAN_POINT('',(-0.187381933944,0.,1.589940007695E-02));
#57 = CARTESIAN_POINT('',(-0.18140232598,0.,1.729770657483E-02));
#58 = CARTESIAN_POINT('',(-0.17532740697,0.,1.865821246672E-02));
#59 = CARTESIAN_POINT('',(-0.169169617251,0.,1.99745194428E-02));
#60 = CARTESIAN_POINT('',(-0.162941665202,0.,2.12403515752E-02));
#61 = CARTESIAN_POINT('',(-0.156656503954,0.,2.244957531771E-02));
#62 = CARTESIAN_POINT('',(-0.150327307727,0.,2.359623057339E-02));
#63 = CARTESIAN_POINT('',(-0.143967444154,0.,2.467453680684E-02));
#64 = CARTESIAN_POINT('',(-0.137590455384,0.,2.567901003473E-02));
#65 = CARTESIAN_POINT('',(-0.131209999412,0.,2.66041827417E-02));
#66 = CARTESIAN_POINT('',(-0.124839931736,0.,2.744581862981E-02));
#67 = CARTESIAN_POINT('',(-0.118490230515,0.,2.819702049469E-02));
#68 = CARTESIAN_POINT('',(-0.112132369818,0.,2.886796763448E-02));
#69 = CARTESIAN_POINT('',(-0.105775838021,0.,2.941079689502E-02));
#70 = CARTESIAN_POINT('',(-9.943923716981E-02,0.,2.981746624895E-02));
#71 = CARTESIAN_POINT('',(-9.318136217169E-02,0.,3.008367051689E-02));
#72 = CARTESIAN_POINT('',(-8.701774011655E-02,0.,3.020885693733E-02));
#73 = CARTESIAN_POINT('',(-8.096376576612E-02,0.,3.019360844519E-02));
#74 = CARTESIAN_POINT('',(-7.503462528456E-02,0.,3.003937367309E-02));
#75 = CARTESIAN_POINT('',(-6.924522202999E-02,0.,2.974853634422E-02));
#76 = CARTESIAN_POINT('',(-6.361010156687E-02,0.,2.932438173736E-02));
#77 = CARTESIAN_POINT('',(-5.814337820376E-02,0.,2.877107503053E-02));
#78 = CARTESIAN_POINT('',(-5.285866402519E-02,0.,2.809362105286E-02));
#79 = CARTESIAN_POINT('',(-4.776900167799E-02,0.,2.729781313147E-02));
#80 = CARTESIAN_POINT('',(-4.288680197387E-02,0.,2.639016915672E-02));
#81 = CARTESIAN_POINT('',(-3.822378723374E-02,0.,2.537785579253E-02));
#82 = CARTESIAN_POINT('',(-3.379094108545E-02,0.,2.426860134071E-02));
#83 = CARTESIAN_POINT('',(-2.959846517773E-02,0.,2.307059812578E-02));
#84 = CARTESIAN_POINT('',(-2.565574299071E-02,0.,2.179239533509E-02));
#85 = CARTESIAN_POINT('',(-2.197131062977E-02,0.,2.044278324209E-02));
#86 = CARTESIAN_POINT('',(-1.855283423047E-02,0.,1.903066951757E-02));
#87 = CARTESIAN_POINT('',(-1.540709348294E-02,0.,1.756494778897E-02));
#88 = CARTESIAN_POINT('',(-1.253997104634E-02,0.,1.605435757783E-02));
#89 = CARTESIAN_POINT('',(-9.956448842308E-03,0.,1.450733300725E-02));
#90 = CARTESIAN_POINT('',(-7.660615566151E-03,0.,1.293183535483E-02));
#91 = CARTESIAN_POINT('',(-5.65569791333E-03,0.,1.133516221027E-02));
#92 = CARTESIAN_POINT('',(-3.944144494428E-03,0.,9.72372949223E-03));
#93 = CARTESIAN_POINT('',(-2.527821644869E-03,0.,8.102841005203E-03));
#94 = CARTESIAN_POINT('',(-1.408404468768E-03,0.,6.476540236706E-03));
#95 = CARTESIAN_POINT('',(-5.880088819267E-04,0.,4.847767580905E-03));
#96 = CARTESIAN_POINT('',(-6.973237158088E-05,0.,3.219296659078E-03));
#97 = CARTESIAN_POINT('',(1.427738142601E-04,0.,1.595214038848E-03));
#98 = CARTESIAN_POINT('',(4.859892299523E-05,0.,-7.416129881715E-06));
#99 = CARTESIAN_POINT('',(-3.384920229515E-04,0.,-1.564948537118E-03));
#100 = CARTESIAN_POINT('',(-1.019457406476E-03,0.,-3.052219941554E-03));
#101 = CARTESIAN_POINT('',(-1.984015125554E-03,0.,-4.455832877205E-03));
#102 = CARTESIAN_POINT('',(-3.223954362739E-03,0.,-5.776158876449E-03));
#103 = CARTESIAN_POINT('',(-4.73240940269E-03,0.,-7.015088490999E-03));
#104 = CARTESIAN_POINT('',(-6.503677925528E-03,0.,-8.174644460989E-03));
#105 = CARTESIAN_POINT('',(-8.53248217228E-03,0.,-9.256352119566E-03));
#106 = CARTESIAN_POINT('',(-1.081342199331E-02,0.,-1.026127352257E-02));
#107 = CARTESIAN_POINT('',(-1.33407261188E-02,0.,-1.119020500488E-02));
#108 = CARTESIAN_POINT('',(-1.610818847445E-02,0.,-1.204387588279E-02));
#109 = CARTESIAN_POINT('',(-1.910919016709E-02,0.,-1.282309687167E-02));
#110 = CARTESIAN_POINT('',(-2.233675196315E-02,0.,-1.352886506394E-02));
#111 = CARTESIAN_POINT('',(-2.578359261934E-02,0.,-1.416243798038E-02));
#112 = CARTESIAN_POINT('',(-2.94421832632E-02,0.,-1.472538727395E-02));
#113 = CARTESIAN_POINT('',(-3.330479440721E-02,0.,-1.521963830574E-02));
#114 = CARTESIAN_POINT('',(-3.736353462985E-02,0.,-1.564749886971E-02));
#115 = CARTESIAN_POINT('',(-4.16103808351E-02,0.,-1.601167848587E-02));
#116 = CARTESIAN_POINT('',(-4.603720030663E-02,0.,-1.631529869432E-02));
#117 = CARTESIAN_POINT('',(-5.063576490998E-02,0.,-1.656189431119E-02));
#118 = CARTESIAN_POINT('',(-5.539775790565E-02,0.,-1.675540545488E-02));
#119 = CARTESIAN_POINT('',(-6.031477395935E-02,0.,-1.690016017131E-02));
#120 = CARTESIAN_POINT('',(-6.537831307247E-02,0.,-1.700084765878E-02));
#121 = CARTESIAN_POINT('',(-7.057976929502E-02,0.,-1.706248216119E-02));
#122 = CARTESIAN_POINT('',(-7.591041521155E-02,0.,-1.709035834259E-02));
#123 = CARTESIAN_POINT('',(-8.136138329515E-02,0.,-1.708999721928E-02));
#124 = CARTESIAN_POINT('',(-8.692364529523E-02,0.,-1.706708962574E-02));
#125 = CARTESIAN_POINT('',(-9.258799085732E-02,0.,-1.702741492624E-02));
#126 = CARTESIAN_POINT('',(-9.834500655552E-02,0.,-1.697682613026E-02));
#127 = CARTESIAN_POINT('',(-0.10418505648,0.,-1.692095920026E-02));
#128 = CARTESIAN_POINT('',(-0.110141567937,0.,-1.686557677972E-02));
#129 = CARTESIAN_POINT('',(-0.116207374915,0.,-1.681427226161E-02));
#130 = CARTESIAN_POINT('',(-0.122370475868,0.,-1.672822987277E-02));
#131 = CARTESIAN_POINT('',(-0.128575353667,0.,-1.662236484523E-02));
#132 = CARTESIAN_POINT('',(-0.134806107382,0.,-1.649774518504E-02));
#133 = CARTESIAN_POINT('',(-0.141050382512,0.,-1.635885051196E-02));
#134 = CARTESIAN_POINT('',(-0.147295704014,0.,-1.620894970595E-02));
#135 = CARTESIAN_POINT('',(-0.153529509842,0.,-1.605131540454E-02));
#136 = CARTESIAN_POINT('',(-0.159739173629,0.,-1.588885999828E-02));
#137 = CARTESIAN_POINT('',(-0.165912031995,0.,-1.572420585599E-02));
#138 = CARTESIAN_POINT('',(-0.172035411958,0.,-1.555964916417E-02));
#139 = CARTESIAN_POINT('',(-0.178096659325,0.,-1.539716211333E-02));
#140 = CARTESIAN_POINT('',(-0.184083167476,0.,-1.523839439758E-02));
#141 = CARTESIAN_POINT('',(-0.189982406392,0.,-1.508468378004E-02));
#142 = CARTESIAN_POINT('',(-0.195781951711,0.,-1.493707226427E-02));
#143 = CARTESIAN_POINT('',(-0.201469513646,0.,-1.479632772258E-02));
#144 = CARTESIAN_POINT('',(-0.207032965662,0.,-1.466296980565E-02));
#145 = CARTESIAN_POINT('',(-0.212460372858,0.,-1.453729912374E-02));
#146 = CARTESIAN_POINT('',(-0.217740020014,0.,-1.441942858913E-02));
#147 = CARTESIAN_POINT('',(-0.222860439344,0.,-1.430931582756E-02));
#148 = CARTESIAN_POINT('',(-0.227810437995,0.,-1.420679559938E-02));
#149 = CARTESIAN_POINT('',(-0.232579125356,0.,-1.41116112441E-02));
#150 = CARTESIAN_POINT('',(-0.23715594027,0.,-1.402344426294E-02));
#151 = CARTESIAN_POINT('',(-0.241530678195,0.,-1.39419412808E-02));
#152 = CARTESIAN_POINT('',(-0.245693518394,0.,-1.386673777558E-02));
#153 = CARTESIAN_POINT('',(-0.249635051162,0.,-1.37974781227E-02));
#154 = CARTESIAN_POINT('',(-0.253346305081,0.,-1.373383167029E-02));
#155 = CARTESIAN_POINT('',(-0.25681877426,0.,-1.367550472917E-02));
#156 = CARTESIAN_POINT('',(-0.260044445434,0.,-1.362224852547E-02));
#157 = CARTESIAN_POINT('',(-0.263015824783,0.,-1.357386331636E-02));
#158 = CARTESIAN_POINT('',(-0.265725964262,0.,-1.353019900667E-02));
#159 = CARTESIAN_POINT('',(-0.268168487179,0.,-1.349115272023E-02));
#160 = CARTESIAN_POINT('',(-0.270337612755,0.,-1.345666387259E-02));
#161 = CARTESIAN_POINT('',(-0.27222817933,0.,-1.342670735731E-02));
#162 = CARTESIAN_POINT('',(-0.273835665889,0.,-1.340128549588E-02));
#163 = CARTESIAN_POINT('',(-0.275156211576,0.,-1.338041940966E-02));
#164 = CARTESIAN_POINT('',(-0.27618663286,0.,-1.336414045286E-02));
#165 = CARTESIAN_POINT('',(-0.276924438042,0.,-1.335248229888E-02));
#166 = CARTESIAN_POINT('',(-0.277367838859,0.,-1.334547420142E-02));
#167 = CARTESIAN_POINT('',(-0.277565105605,-0.,-1.334235577889E-02));
#168 = CARTESIAN_POINT('',(-0.277614452289,0.,-1.334157566135E-02));
#169 = PCURVE('',#170,#315);
#170 = SURFACE_OF_LINEAR_EXTRUSION('',#171,#313);
#171 = B_SPLINE_CURVE_WITH_KNOTS('',3,(#172,#173,#174,#175,#176,#177,
    #178,#179,#180,#181,#182,#183,#184,#185,#186,#187,#188,#189,#190,
    #191,#192,#193,#194,#195,#196,#197,#198,#199,#200,#201,#202,#203,
    #204,#205,#206,#207,#208,#209,#210,#211,#212,#213,#214,#215,#216,
    #217,#218,#219,#220,#221,#222,#223,#224,#225,#226,#227,#228,#229,
    #230,#231,#232,#233,#234,#235,#236,#237,#238,#239,#240,#241,#242,
    #243,#244,#245,#246,#247,#248,#249,#250,#251,#252,#253,#254,#255,
    #256,#257,#258,#259,#260,#261,#262,#263,#264,#265,#266,#267,#268,
    #269,#270,#271,#272,#273,#274,#275,#276,#277,#278,#279,#280,#281,
    #282,#283,#284,#285,#286,#287,#288,#289,#290,#291,#292,#293,#294,
    #295,#296,#297,#298,#299,#300,#301,#302,#303,#304,#305,#306,#307,
    #308,#309,#310,#311,#312),.UNSPECIFIED.,.F.,.F.,(4,1,1,1,1,1,1,1,1,1
    ,1,1,1,1,1,1,1,1,1,1,1,1,1,1,1,1,1,1,1,1,1,1,1,1,1,1,1,1,1,1,1,1,1,1
    ,1,1,1,1,1,1,1,1,1,1,1,1,1,1,1,1,1,1,1,1,1,1,1,1,1,1,1,1,1,1,1,1,1,1
    ,1,1,1,1,1,1,1,1,1,1,1,1,1,1,1,1,1,1,1,1,1,1,1,1,1,1,1,1,1,1,1,1,1,1
    ,1,1,1,1,1,1,1,1,1,1,1,1,1,1,1,1,1,1,1,1,1,1,1,1,1,1,4),(0.,
    1.481718954734E-04,5.923654143001E-04,1.331615210704E-03,
    2.364316206764E-03,3.68822925388E-03,5.300488891255E-03,
    7.197613044255E-03,9.375514474748E-03,1.182951377393E-02,
    1.455435367653E-02,1.754421447371E-02,2.079273030986E-02,
    2.429300616489E-02,2.803763534736E-02,3.201871735284E-02,
    3.62278759748E-02,4.065627759064E-02,4.529464958107E-02,
    5.013329887643E-02,5.516213065662E-02,6.037066726292E-02,
    6.574806740765E-02,7.128314579246E-02,7.696439326713E-02,
    8.277999767725E-02,8.871786556146E-02,9.476564486526E-02,
    0.100910748839,0.107140381281,0.113441563272,0.119801161519,
    0.126205918408,0.132642483799,0.139097448567,0.145557379828,
    0.152008857715,0.15843851353,0.164833068999,0.171190333115,
    0.177617185483,0.183970606283,0.190237820566,0.196406284155,
    0.202463723868,0.20839817815,0.21419803797,0.219852087944,
    0.225349547869,0.230680115071,0.235834008322,0.24080201445,
    0.245575539312,0.250146665427,0.254508219463,0.258653853952,
    0.262578149265,0.266276744259,0.269746507384,0.27298576502,
    0.275994610817,0.278775329496,0.281332980666,0.283676199751,
    0.285818273564,0.287778508911,0.289583774551,0.291269782335,
    0.292881212262,0.294469596335,0.296057943967,0.297668411557,
    0.299350209222,0.301144821972,0.303084498202,0.305192758804,
    0.307485848987,0.309974331745,0.312664462177,0.315559258549,
    0.318659300712,0.321963315518,0.325468605032,0.329171361043,
    0.333066897481,0.337149823045,0.341414169706,0.345853488194,
    0.350460918438,0.355229240877,0.36015091309,0.365218095244,
    0.370422667128,0.375756239019,0.381210158238,0.386775512877,
    0.392443133946,0.398203596894,0.404047223277,0.409964083134,
    0.416073911921,0.42224525652,0.428455111618,0.434691237358,
    0.440941231262,0.447192559843,0.453432590524,0.459648623579,
    0.465827923857,0.471957752086,0.478025395617,0.484018198522,
    0.489923591004,0.495729118122,0.501422467876,0.506991498729,
    0.512424266658,0.51770905185,0.522834385163,0.527789074461,
    0.532562230946,0.53714329557,0.541522065602,0.545688721384,
    0.549633853296,0.553348488873,0.55682412001,0.560052730126,
    0.563026821098,0.565739439762,0.568184203708,0.57035532607,
    0.572247638987,0.573856615389,0.575178388767,0.57620977058,
    0.576948264985,0.577392080616,0.577540139166),.UNSPECIFIED.);
#172 = CARTESIAN_POINT('',(-0.277790962835,0.,-1.236493812418E-02));
#173 = CARTESIAN_POINT('',(-0.277744973186,0.,-1.234692738532E-02));
#174 = CARTESIAN_POINT('',(-0.277561106082,0.,-1.227494530144E-02));
#175 = CARTESIAN_POINT('',(-0.2771477034,0.,-1.211332731371E-02));
#176 = CARTESIAN_POINT('',(-0.276459443882,0.,-1.184500176562E-02));
#177 = CARTESIAN_POINT('',(-0.275497447069,0.,-1.147151360626E-02));
#178 = CARTESIAN_POINT('',(-0.274263284413,0.,-1.099500266933E-02));
#179 = CARTESIAN_POINT('',(-0.272758983102,0.,-1.041818127208E-02));
#180 = CARTESIAN_POINT('',(-0.270987030587,0.,-9.744306379292E-03));
#181 = CARTESIAN_POINT('',(-0.268950379561,0.,-8.977147012475E-03));
#182 = CARTESIAN_POINT('',(-0.266652453086,0.,-8.120947688363E-03));
#183 = CARTESIAN_POINT('',(-0.264097149557,0.,-7.180388748758E-03));
#184 = CARTESIAN_POINT('',(-0.26128884719,0.,-6.160544493137E-03));
#185 = CARTESIAN_POINT('',(-0.258232407709,0.,-5.066840044441E-03));
#186 = CARTESIAN_POINT('',(-0.254933178951,0.,-3.905007866358E-03));
#187 = CARTESIAN_POINT('',(-0.251396996135,0.,-2.681044807612E-03));
#188 = CARTESIAN_POINT('',(-0.247630181571,0.,-1.401170476502E-03));
#189 = CARTESIAN_POINT('',(-0.24363954265,0.,-7.178764989044E-05));
#190 = CARTESIAN_POINT('',(-0.239432368018,0.,1.30055470179E-03));
#191 = CARTESIAN_POINT('',(-0.235016421851,0.,2.709195333651E-03));
#192 = CARTESIAN_POINT('',(-0.230399936265,0.,4.14739130551E-03));
#193 = CARTESIAN_POINT('',(-0.225591601885,0.,5.608345101185E-03));
#194 = CARTESIAN_POINT('',(-0.220600556673,0.,7.08522833435E-03));
#195 = CARTESIAN_POINT('',(-0.215436373143,0.,8.571202249735E-03));
#196 = CARTESIAN_POINT('',(-0.210109044091,0.,1.005943538031E-02));
#197 = CARTESIAN_POINT('',(-0.204628967015,0.,1.154311885658E-02));
#198 = CARTESIAN_POINT('',(-0.199006927349,0.,1.30154799777E-02));
#199 = CARTESIAN_POINT('',(-0.193254080665,0.,1.446979473988E-02));
#200 = CARTESIAN_POINT('',(-0.187381933944,0.,1.589940007695E-02));
#201 = CARTESIAN_POINT('',(-0.18140232598,0.,1.729770657483E-02));
#202 = CARTESIAN_POINT('',(-0.17532740697,0.,1.865821246672E-02));
#203 = CARTESIAN_POINT('',(-0.169169617251,0.,1.99745194428E-02));
#204 = CARTESIAN_POINT('',(-0.162941665202,0.,2.12403515752E-02));
#205 = CARTESIAN_POINT('',(-0.156656503954,0.,2.244957531771E-02));
#206 = CARTESIAN_POINT('',(-0.150327307727,0.,2.359623057339E-02));
#207 = CARTESIAN_POINT('',(-0.143967444154,0.,2.467453680684E-02));
#208 = CARTESIAN_POINT('',(-0.137590455384,0.,2.567901003473E-02));
#209 = CARTESIAN_POINT('',(-0.131209999412,0.,2.66041827417E-02));
#210 = CARTESIAN_POINT('',(-0.124839931736,0.,2.744581862981E-02));
#211 = CARTESIAN_POINT('',(-0.118490230515,0.,2.819702049469E-02));
#212 = CARTESIAN_POINT('',(-0.112132369818,0.,2.886796763448E-02));
#213 = CARTESIAN_POINT('',(-0.105775838021,0.,2.941079689502E-02));
#214 = CARTESIAN_POINT('',(-9.943923716981E-02,0.,2.981746624895E-02));
#215 = CARTESIAN_POINT('',(-9.318136217169E-02,0.,3.008367051689E-02));
#216 = CARTESIAN_POINT('',(-8.701774011655E-02,0.,3.020885693733E-02));
#217 = CARTESIAN_POINT('',(-8.096376576612E-02,0.,3.019360844519E-02));
#218 = CARTESIAN_POINT('',(-7.503462528456E-02,0.,3.003937367309E-02));
#219 = CARTESIAN_POINT('',(-6.924522202999E-02,0.,2.974853634422E-02));
#220 = CARTESIAN_POINT('',(-6.361010156687E-02,0.,2.932438173736E-02));
#221 = CARTESIAN_POINT('',(-5.814337820376E-02,0.,2.877107503053E-02));
#222 = CARTESIAN_POINT('',(-5.285866402519E-02,0.,2.809362105286E-02));
#223 = CARTESIAN_POINT('',(-4.776900167799E-02,0.,2.729781313147E-02));
#224 = CARTESIAN_POINT('',(-4.288680197387E-02,0.,2.639016915672E-02));
#225 = CARTESIAN_POINT('',(-3.822378723374E-02,0.,2.537785579253E-02));
#226 = CARTESIAN_POINT('',(-3.379094108545E-02,0.,2.426860134071E-02));
#227 = CARTESIAN_POINT('',(-2.959846517773E-02,0.,2.307059812578E-02));
#228 = CARTESIAN_POINT('',(-2.565574299071E-02,0.,2.179239533509E-02));
#229 = CARTESIAN_POINT('',(-2.197131062977E-02,0.,2.044278324209E-02));
#230 = CARTESIAN_POINT('',(-1.855283423047E-02,0.,1.903066951757E-02));
#231 = CARTESIAN_POINT('',(-1.540709348294E-02,0.,1.756494778897E-02));
#232 = CARTESIAN_POINT('',(-1.253997104634E-02,0.,1.605435757783E-02));
#233 = CARTESIAN_POINT('',(-9.956448842308E-03,0.,1.450733300725E-02));
#234 = CARTESIAN_POINT('',(-7.660615566151E-03,0.,1.293183535483E-02));
#235 = CARTESIAN_POINT('',(-5.65569791333E-03,0.,1.133516221027E-02));
#236 = CARTESIAN_POINT('',(-3.944144494428E-03,0.,9.72372949223E-03));
#237 = CARTESIAN_POINT('',(-2.527821644869E-03,0.,8.102841005203E-03));
#238 = CARTESIAN_POINT('',(-1.408404468768E-03,0.,6.476540236706E-03));
#239 = CARTESIAN_POINT('',(-5.880088819267E-04,0.,4.847767580905E-03));
#240 = CARTESIAN_POINT('',(-6.973237158088E-05,0.,3.219296659078E-03));
#241 = CARTESIAN_POINT('',(1.427738142601E-04,0.,1.595214038848E-03));
#242 = CARTESIAN_POINT('',(4.859892299523E-05,0.,-7.416129881715E-06));
#243 = CARTESIAN_POINT('',(-3.384920229515E-04,0.,-1.564948537118E-03));
#244 = CARTESIAN_POINT('',(-1.019457406476E-03,0.,-3.052219941554E-03));
#245 = CARTESIAN_POINT('',(-1.984015125554E-03,0.,-4.455832877205E-03));
#246 = CARTESIAN_POINT('',(-3.223954362739E-03,0.,-5.776158876449E-03));
#247 = CARTESIAN_POINT('',(-4.73240940269E-03,0.,-7.015088490999E-03));
#248 = CARTESIAN_POINT('',(-6.503677925528E-03,0.,-8.174644460989E-03));
#249 = CARTESIAN_POINT('',(-8.53248217228E-03,0.,-9.256352119566E-03));
#250 = CARTESIAN_POINT('',(-1.081342199331E-02,0.,-1.026127352257E-02));
#251 = CARTESIAN_POINT('',(-1.33407261188E-02,0.,-1.119020500488E-02));
#252 = CARTESIAN_POINT('',(-1.610818847445E-02,0.,-1.204387588279E-02));
#253 = CARTESIAN_POINT('',(-1.910919016709E-02,0.,-1.282309687167E-02));
#254 = CARTESIAN_POINT('',(-2.233675196315E-02,0.,-1.352886506394E-02));
#255 = CARTESIAN_POINT('',(-2.578359261934E-02,0.,-1.416243798038E-02));
#256 = CARTESIAN_POINT('',(-2.94421832632E-02,0.,-1.472538727395E-02));
#257 = CARTESIAN_POINT('',(-3.330479440721E-02,0.,-1.521963830574E-02));
#258 = CARTESIAN_POINT('',(-3.736353462985E-02,0.,-1.564749886971E-02));
#259 = CARTESIAN_POINT('',(-4.16103808351E-02,0.,-1.601167848587E-02));
#260 = CARTESIAN_POINT('',(-4.603720030663E-02,0.,-1.631529869432E-02));
#261 = CARTESIAN_POINT('',(-5.063576490998E-02,0.,-1.656189431119E-02));
#262 = CARTESIAN_POINT('',(-5.539775790565E-02,0.,-1.675540545488E-02));
#263 = CARTESIAN_POINT('',(-6.031477395935E-02,0.,-1.690016017131E-02));
#264 = CARTESIAN_POINT('',(-6.537831307247E-02,0.,-1.700084765878E-02));
#265 = CARTESIAN_POINT('',(-7.057976929502E-02,0.,-1.706248216119E-02));
#266 = CARTESIAN_POINT('',(-7.591041521155E-02,0.,-1.709035834259E-02));
#267 = CARTESIAN_POINT('',(-8.136138329515E-02,0.,-1.708999721928E-02));
#268 = CARTESIAN_POINT('',(-8.692364529523E-02,0.,-1.706708962574E-02));
#269 = CARTESIAN_POINT('',(-9.258799085732E-02,0.,-1.702741492624E-02));
#270 = CARTESIAN_POINT('',(-9.834500655552E-02,0.,-1.697682613026E-02));
#271 = CARTESIAN_POINT('',(-0.10418505648,0.,-1.692095920026E-02));
#272 = CARTESIAN_POINT('',(-0.110141567937,0.,-1.686557677972E-02));
#273 = CARTESIAN_POINT('',(-0.116207374915,0.,-1.681427226161E-02));
#274 = CARTESIAN_POINT('',(-0.122370475868,0.,-1.672822987277E-02));
#275 = CARTESIAN_POINT('',(-0.128575353667,0.,-1.662236484523E-02));
#276 = CARTESIAN_POINT('',(-0.134806107382,0.,-1.649774518504E-02));
#277 = CARTESIAN_POINT('',(-0.141050382512,0.,-1.635885051196E-02));
#278 = CARTESIAN_POINT('',(-0.147295704014,0.,-1.620894970595E-02));
#279 = CARTESIAN_POINT('',(-0.153529509842,0.,-1.605131540454E-02));
#280 = CARTESIAN_POINT('',(-0.159739173629,0.,-1.588885999828E-02));
#281 = CARTESIAN_POINT('',(-0.165912031995,0.,-1.572420585599E-02));
#282 = CARTESIAN_POINT('',(-0.172035411958,0.,-1.555964916417E-02));
#283 = CARTESIAN_POINT('',(-0.178096659325,0.,-1.539716211333E-02));
#284 = CARTESIAN_POINT('',(-0.184083167476,0.,-1.523839439758E-02));
#285 = CARTESIAN_POINT('',(-0.189982406392,0.,-1.508468378004E-02));
#286 = CARTESIAN_POINT('',(-0.195781951711,0.,-1.493707226427E-02));
#287 = CARTESIAN_POINT('',(-0.201469513646,0.,-1.479632772258E-02));
#288 = CARTESIAN_POINT('',(-0.207032965662,0.,-1.466296980565E-02));
#289 = CARTESIAN_POINT('',(-0.212460372858,0.,-1.453729912374E-02));
#290 = CARTESIAN_POINT('',(-0.217740020014,0.,-1.441942858913E-02));
#291 = CARTESIAN_POINT('',(-0.222860439344,0.,-1.430931582756E-02));
#292 = CARTESIAN_POINT('',(-0.227810437995,0.,-1.420679559938E-02));
#293 = CARTESIAN_POINT('',(-0.232579125356,0.,-1.41116112441E-02));
#294 = CARTESIAN_POINT('',(-0.23715594027,0.,-1.402344426294E-02));
#295 = CARTESIAN_POINT('',(-0.241530678195,0.,-1.39419412808E-02));
#296 = CARTESIAN_POINT('',(-0.245693518394,0.,-1.386673777558E-02));
#297 = CARTESIAN_POINT('',(-0.249635051162,0.,-1.37974781227E-02));
#298 = CARTESIAN_POINT('',(-0.253346305081,0.,-1.373383167029E-02));
#299 = CARTESIAN_POINT('',(-0.25681877426,0.,-1.367550472917E-02));
#300 = CARTESIAN_POINT('',(-0.260044445434,0.,-1.362224852547E-02));
#301 = CARTESIAN_POINT('',(-0.263015824783,0.,-1.357386331636E-02));
#302 = CARTESIAN_POINT('',(-0.265725964262,0.,-1.353019900667E-02));
#303 = CARTESIAN_POINT('',(-0.268168487179,0.,-1.349115272023E-02));
#304 = CARTESIAN_POINT('',(-0.270337612755,0.,-1.345666387259E-02));
#305 = CARTESIAN_POINT('',(-0.27222817933,0.,-1.342670735731E-02));
#306 = CARTESIAN_POINT('',(-0.273835665889,0.,-1.340128549588E-02));
#307 = CARTESIAN_POINT('',(-0.275156211576,0.,-1.338041940966E-02));
#308 = CARTESIAN_POINT('',(-0.27618663286,0.,-1.336414045286E-02));
#309 = CARTESIAN_POINT('',(-0.276924438042,0.,-1.335248229888E-02));
#310 = CARTESIAN_POINT('',(-0.277367838859,0.,-1.334547420142E-02));
#311 = CARTESIAN_POINT('',(-0.277565105605,-0.,-1.334235577889E-02));
#312 = CARTESIAN_POINT('',(-0.277614452289,0.,-1.334157566135E-02));
#313 = VECTOR('',#314,1.);
#314 = DIRECTION('',(-0.,-1.,-0.));
#315 = DEFINITIONAL_REPRESENTATION('',(#316),#320);
#316 = LINE('',#317,#318);
#317 = CARTESIAN_POINT('',(0.,0.));
#318 = VECTOR('',#319,1.);
#319 = DIRECTION('',(1.,0.));
#320 = ( GEOMETRIC_REPRESENTATION_CONTEXT(2) 
PARAMETRIC_REPRESENTATION_CONTEXT() REPRESENTATION_CONTEXT('2D SPACE',''
  ) );
#321 = PCURVE('',#322,#327);
#322 = PLANE('',#323);
#323 = AXIS2_PLACEMENT_3D('',#324,#325,#326);
#324 = CARTESIAN_POINT('',(-0.136104180436,0.,1.30566278928E-03));
#325 = DIRECTION('',(0.,1.,0.));
#326 = DIRECTION('',(0.,-0.,1.));
#327 = DEFINITIONAL_REPRESENTATION('',(#328),#470);
#328 = B_SPLINE_CURVE_WITH_KNOTS('',3,(#329,#330,#331,#332,#333,#334,
    #335,#336,#337,#338,#339,#340,#341,#342,#343,#344,#345,#346,#347,
    #348,#349,#350,#351,#352,#353,#354,#355,#356,#357,#358,#359,#360,
    #361,#362,#363,#364,#365,#366,#367,#368,#369,#370,#371,#372,#373,
    #374,#375,#376,#377,#378,#379,#380,#381,#382,#383,#384,#385,#386,
    #387,#388,#389,#390,#391,#392,#393,#394,#395,#396,#397,#398,#399,
    #400,#401,#402,#403,#404,#405,#406,#407,#408,#409,#410,#411,#412,
    #413,#414,#415,#416,#417,#418,#419,#420,#421,#422,#423,#424,#425,
    #426,#427,#428,#429,#430,#431,#432,#433,#434,#435,#436,#437,#438,
    #439,#440,#441,#442,#443,#444,#445,#446,#447,#448,#449,#450,#451,
    #452,#453,#454,#455,#456,#457,#458,#459,#460,#461,#462,#463,#464,
    #465,#466,#467,#468,#469),.UNSPECIFIED.,.F.,.F.,(4,1,1,1,1,1,1,1,1,1
    ,1,1,1,1,1,1,1,1,1,1,1,1,1,1,1,1,1,1,1,1,1,1,1,1,1,1,1,1,1,1,1,1,1,1
    ,1,1,1,1,1,1,1,1,1,1,1,1,1,1,1,1,1,1,1,1,1,1,1,1,1,1,1,1,1,1,1,1,1,1
    ,1,1,1,1,1,1,1,1,1,1,1,1,1,1,1,1,1,1,1,1,1,1,1,1,1,1,1,1,1,1,1,1,1,1
    ,1,1,1,1,1,1,1,1,1,1,1,1,1,1,1,1,1,1,1,1,1,1,1,1,1,1,4),(0.,
    1.481718954734E-04,5.923654143001E-04,1.331615210704E-03,
    2.364316206764E-03,3.68822925388E-03,5.300488891255E-03,
    7.197613044255E-03,9.375514474748E-03,1.182951377393E-02,
    1.455435367653E-02,1.754421447371E-02,2.079273030986E-02,
    2.429300616489E-02,2.803763534736E-02,3.201871735284E-02,
    3.62278759748E-02,4.065627759064E-02,4.529464958107E-02,
    5.013329887643E-02,5.516213065662E-02,6.037066726292E-02,
    6.574806740765E-02,7.128314579246E-02,7.696439326713E-02,
    8.277999767725E-02,8.871786556146E-02,9.476564486526E-02,
    0.100910748839,0.107140381281,0.113441563272,0.119801161519,
    0.126205918408,0.132642483799,0.139097448567,0.145557379828,
    0.152008857715,0.15843851353,0.164833068999,0.171190333115,
    0.177617185483,0.183970606283,0.190237820566,0.196406284155,
    0.202463723868,0.20839817815,0.21419803797,0.219852087944,
    0.225349547869,0.230680115071,0.235834008322,0.24080201445,
    0.245575539312,0.250146665427,0.254508219463,0.258653853952,
    0.262578149265,0.266276744259,0.269746507384,0.27298576502,
    0.275994610817,0.278775329496,0.281332980666,0.283676199751,
    0.285818273564,0.287778508911,0.289583774551,0.291269782335,
    0.292881212262,0.294469596335,0.296057943967,0.297668411557,
    0.299350209222,0.301144821972,0.303084498202,0.305192758804,
    0.307485848987,0.309974331745,0.312664462177,0.315559258549,
    0.318659300712,0.321963315518,0.325468605032,0.329171361043,
    0.333066897481,0.337149823045,0.341414169706,0.345853488194,
    0.350460918438,0.355229240877,0.36015091309,0.365218095244,
    0.370422667128,0.375756239019,0.381210158238,0.386775512877,
    0.392443133946,0.398203596894,0.404047223277,0.409964083134,
    0.416073911921,0.42224525652,0.428455111618,0.434691237358,
    0.440941231262,0.447192559843,0.453432590524,0.459648623579,
    0.465827923857,0.471957752086,0.478025395617,0.484018198522,
    0.489923591004,0.495729118122,0.501422467876,0.506991498729,
    0.512424266658,0.51770905185,0.522834385163,0.527789074461,
    0.532562230946,0.53714329557,0.541522065602,0.545688721384,
    0.549633853296,0.553348488873,0.55682412001,0.560052730126,
    0.563026821098,0.565739439762,0.568184203708,0.57035532607,
    0.572247638987,0.573856615389,0.575178388767,0.57620977058,
    0.576948264985,0.577392080616,0.577540139166),.UNSPECIFIED.);
#329 = CARTESIAN_POINT('',(-1.367060091346E-02,-0.141686782398));
#330 = CARTESIAN_POINT('',(-1.36525901746E-02,-0.14164079275));
#331 = CARTESIAN_POINT('',(-1.358060809072E-02,-0.141456925646));
#332 = CARTESIAN_POINT('',(-1.341899010299E-02,-0.141043522963));
#333 = CARTESIAN_POINT('',(-1.31506645549E-02,-0.140355263446));
#334 = CARTESIAN_POINT('',(-1.277717639555E-02,-0.139393266633));
#335 = CARTESIAN_POINT('',(-1.230066545861E-02,-0.138159103977));
#336 = CARTESIAN_POINT('',(-1.172384406136E-02,-0.136654802665));
#337 = CARTESIAN_POINT('',(-1.104996916857E-02,-0.134882850151));
#338 = CARTESIAN_POINT('',(-1.028280980176E-02,-0.132846199125));
#339 = CARTESIAN_POINT('',(-9.426610477643E-03,-0.130548272649));
#340 = CARTESIAN_POINT('',(-8.486051538038E-03,-0.127992969121));
#341 = CARTESIAN_POINT('',(-7.466207282418E-03,-0.125184666754));
#342 = CARTESIAN_POINT('',(-6.372502833721E-03,-0.122128227272));
#343 = CARTESIAN_POINT('',(-5.210670655639E-03,-0.118828998515));
#344 = CARTESIAN_POINT('',(-3.986707596892E-03,-0.115292815699));
#345 = CARTESIAN_POINT('',(-2.706833265782E-03,-0.111526001134));
#346 = CARTESIAN_POINT('',(-1.377450439171E-03,-0.107535362214));
#347 = CARTESIAN_POINT('',(-5.108087490473E-06,-0.103328187582));
#348 = CARTESIAN_POINT('',(1.40353254437E-03,-9.891224141478E-02));
#349 = CARTESIAN_POINT('',(2.84172851623E-03,-9.429575582898E-02));
#350 = CARTESIAN_POINT('',(4.302682311904E-03,-8.948742144879E-02));
#351 = CARTESIAN_POINT('',(5.77956554507E-03,-8.44963762372E-02));
#352 = CARTESIAN_POINT('',(7.265539460455E-03,-7.93321927067E-02));
#353 = CARTESIAN_POINT('',(8.753772591032E-03,-7.400486365508E-02));
#354 = CARTESIAN_POINT('',(1.02374560673E-02,-6.852478657876E-02));
#355 = CARTESIAN_POINT('',(1.170981718842E-02,-6.290274691246E-02));
#356 = CARTESIAN_POINT('',(1.31641319506E-02,-5.714990022906E-02));
#357 = CARTESIAN_POINT('',(1.459373728767E-02,-5.127775350785E-02));
#358 = CARTESIAN_POINT('',(1.599204378555E-02,-4.529814554349E-02));
#359 = CARTESIAN_POINT('',(1.735254967744E-02,-3.922322653331E-02));
#360 = CARTESIAN_POINT('',(1.866885665352E-02,-3.306543681518E-02));
#361 = CARTESIAN_POINT('',(1.993468878592E-02,-2.683748476531E-02));
#362 = CARTESIAN_POINT('',(2.114391252843E-02,-2.05523235175E-02));
#363 = CARTESIAN_POINT('',(2.229056778411E-02,-1.422312729052E-02));
#364 = CARTESIAN_POINT('',(2.336887401756E-02,-7.863263717886E-03));
#365 = CARTESIAN_POINT('',(2.437334724545E-02,-1.486274947476E-03));
#366 = CARTESIAN_POINT('',(2.529851995242E-02,4.894181024463E-03));
#367 = CARTESIAN_POINT('',(2.614015584053E-02,1.126424869999E-02));
#368 = CARTESIAN_POINT('',(2.68913577054E-02,1.761394992141E-02));
#369 = CARTESIAN_POINT('',(2.75623048452E-02,2.397181061809E-02));
#370 = CARTESIAN_POINT('',(2.810513410574E-02,3.032834241504E-02));
#371 = CARTESIAN_POINT('',(2.851180345967E-02,3.666494326644E-02));
#372 = CARTESIAN_POINT('',(2.877800772761E-02,4.292281826456E-02));
#373 = CARTESIAN_POINT('',(2.890319414805E-02,4.90864403197E-02));
#374 = CARTESIAN_POINT('',(2.888794565591E-02,5.514041467013E-02));
#375 = CARTESIAN_POINT('',(2.873371088381E-02,6.106955515169E-02));
#376 = CARTESIAN_POINT('',(2.844287355494E-02,6.685895840626E-02));
#377 = CARTESIAN_POINT('',(2.801871894808E-02,7.249407886938E-02));
#378 = CARTESIAN_POINT('',(2.746541224125E-02,7.796080223249E-02));
#379 = CARTESIAN_POINT('',(2.678795826358E-02,8.324551641106E-02));
#380 = CARTESIAN_POINT('',(2.599215034219E-02,8.833517875826E-02));
#381 = CARTESIAN_POINT('',(2.508450636744E-02,9.321737846238E-02));
#382 = CARTESIAN_POINT('',(2.407219300325E-02,9.788039320251E-02));
#383 = CARTESIAN_POINT('',(2.296293855142E-02,0.102313239351));
#384 = CARTESIAN_POINT('',(2.17649353365E-02,0.106505715259));
#385 = CARTESIAN_POINT('',(2.048673254581E-02,0.110448437446));
#386 = CARTESIAN_POINT('',(1.913712045281E-02,0.114132869806));
#387 = CARTESIAN_POINT('',(1.772500672829E-02,0.117551346206));
#388 = CARTESIAN_POINT('',(1.625928499969E-02,0.120697086953));
#389 = CARTESIAN_POINT('',(1.474869478855E-02,0.12356420939));
#390 = CARTESIAN_POINT('',(1.320167021797E-02,0.126147731594));
#391 = CARTESIAN_POINT('',(1.162617256555E-02,0.12844356487));
#392 = CARTESIAN_POINT('',(1.002949942098E-02,0.130448482523));
#393 = CARTESIAN_POINT('',(8.41806670295E-03,0.132160035942));
#394 = CARTESIAN_POINT('',(6.797178215922E-03,0.133576358791));
#395 = CARTESIAN_POINT('',(5.170877447426E-03,0.134695775967));
#396 = CARTESIAN_POINT('',(3.542104791625E-03,0.135516171554));
#397 = CARTESIAN_POINT('',(1.913633869798E-03,0.136034448065));
#398 = CARTESIAN_POINT('',(2.895512495679E-04,0.136246954251));
#399 = CARTESIAN_POINT('',(-1.313078919162E-03,0.136152779359));
#400 = CARTESIAN_POINT('',(-2.870611326398E-03,0.135765688413));
#401 = CARTESIAN_POINT('',(-4.357882730834E-03,0.13508472303));
#402 = CARTESIAN_POINT('',(-5.761495666486E-03,0.134120165311));
#403 = CARTESIAN_POINT('',(-7.08182166573E-03,0.132880226074));
#404 = CARTESIAN_POINT('',(-8.32075128028E-03,0.131371771034));
#405 = CARTESIAN_POINT('',(-9.480307250269E-03,0.129600502511));
#406 = CARTESIAN_POINT('',(-1.056201490885E-02,0.127571698264));
#407 = CARTESIAN_POINT('',(-1.156693631185E-02,0.125290758443));
#408 = CARTESIAN_POINT('',(-1.249586779416E-02,0.122763454317));
#409 = CARTESIAN_POINT('',(-1.334953867207E-02,0.119995991962));
#410 = CARTESIAN_POINT('',(-1.412875966095E-02,0.116994990269));
#411 = CARTESIAN_POINT('',(-1.483452785322E-02,0.113767428473));
#412 = CARTESIAN_POINT('',(-1.546810076966E-02,0.110320587817));
#413 = CARTESIAN_POINT('',(-1.603105006323E-02,0.106661997173));
#414 = CARTESIAN_POINT('',(-1.652530109502E-02,0.102799386029));
#415 = CARTESIAN_POINT('',(-1.695316165899E-02,9.87406458064E-02));
#416 = CARTESIAN_POINT('',(-1.731734127515E-02,9.449379960115E-02));
#417 = CARTESIAN_POINT('',(-1.76209614836E-02,9.006698012962E-02));
#418 = CARTESIAN_POINT('',(-1.786755710047E-02,8.546841552627E-02));
#419 = CARTESIAN_POINT('',(-1.806106824416E-02,8.07064225306E-02));
#420 = CARTESIAN_POINT('',(-1.820582296059E-02,7.57894064769E-02));
#421 = CARTESIAN_POINT('',(-1.830651044806E-02,7.072586736378E-02));
#422 = CARTESIAN_POINT('',(-1.836814495047E-02,6.552441114123E-02));
#423 = CARTESIAN_POINT('',(-1.839602113188E-02,6.01937652247E-02));
#424 = CARTESIAN_POINT('',(-1.839566000856E-02,5.47427971411E-02));
#425 = CARTESIAN_POINT('',(-1.837275241502E-02,4.918053514102E-02));
#426 = CARTESIAN_POINT('',(-1.833307771552E-02,4.351618957893E-02));
#427 = CARTESIAN_POINT('',(-1.828248891954E-02,3.775917388073E-02));
#428 = CARTESIAN_POINT('',(-1.822662198954E-02,3.191912395671E-02));
#429 = CARTESIAN_POINT('',(-1.8171239569E-02,2.596261249932E-02));
#430 = CARTESIAN_POINT('',(-1.811993505089E-02,1.98968055212E-02));
#431 = CARTESIAN_POINT('',(-1.803389266205E-02,1.373370456834E-02));
#432 = CARTESIAN_POINT('',(-1.792802763451E-02,7.528826769154E-03));
#433 = CARTESIAN_POINT('',(-1.780340797432E-02,1.298073054693E-03));
#434 = CARTESIAN_POINT('',(-1.766451330124E-02,-4.946202076236E-03));
#435 = CARTESIAN_POINT('',(-1.751461249523E-02,-1.119152357778E-02));
#436 = CARTESIAN_POINT('',(-1.735697819382E-02,-1.742532940529E-02));
#437 = CARTESIAN_POINT('',(-1.719452278756E-02,-2.363499319292E-02));
#438 = CARTESIAN_POINT('',(-1.702986864528E-02,-2.98078515587E-02));
#439 = CARTESIAN_POINT('',(-1.686531195345E-02,-3.593123152198E-02));
#440 = CARTESIAN_POINT('',(-1.670282490261E-02,-4.19924788891E-02));
#441 = CARTESIAN_POINT('',(-1.654405718686E-02,-4.797898703959E-02));
#442 = CARTESIAN_POINT('',(-1.639034656932E-02,-5.3878225956E-02));
#443 = CARTESIAN_POINT('',(-1.624273505355E-02,-5.967777127522E-02));
#444 = CARTESIAN_POINT('',(-1.610199051186E-02,-6.536533320952E-02));
#445 = CARTESIAN_POINT('',(-1.596863259493E-02,-7.092878522597E-02));
#446 = CARTESIAN_POINT('',(-1.584296191302E-02,-7.635619242188E-02));
#447 = CARTESIAN_POINT('',(-1.572509137841E-02,-8.163583957779E-02));
#448 = CARTESIAN_POINT('',(-1.561497861684E-02,-8.675625890805E-02));
#449 = CARTESIAN_POINT('',(-1.551245838866E-02,-9.17062575585E-02));
#450 = CARTESIAN_POINT('',(-1.541727403338E-02,-9.647494491997E-02));
#451 = CARTESIAN_POINT('',(-1.532910705222E-02,-0.101051759834));
#452 = CARTESIAN_POINT('',(-1.524760407008E-02,-0.105426497759));
#453 = CARTESIAN_POINT('',(-1.517240056486E-02,-0.109589337958));
#454 = CARTESIAN_POINT('',(-1.510314091198E-02,-0.113530870726));
#455 = CARTESIAN_POINT('',(-1.503949445957E-02,-0.117242124645));
#456 = CARTESIAN_POINT('',(-1.498116751846E-02,-0.120714593824));
#457 = CARTESIAN_POINT('',(-1.492791131475E-02,-0.123940264997));
#458 = CARTESIAN_POINT('',(-1.487952610564E-02,-0.126911644347));
#459 = CARTESIAN_POINT('',(-1.483586179595E-02,-0.129621783825));
#460 = CARTESIAN_POINT('',(-1.479681550951E-02,-0.132064306743));
#461 = CARTESIAN_POINT('',(-1.476232666187E-02,-0.134233432319));
#462 = CARTESIAN_POINT('',(-1.473237014659E-02,-0.136123998893));
#463 = CARTESIAN_POINT('',(-1.470694828516E-02,-0.137731485453));
#464 = CARTESIAN_POINT('',(-1.468608219894E-02,-0.13905203114));
#465 = CARTESIAN_POINT('',(-1.466980324214E-02,-0.140082452423));
#466 = CARTESIAN_POINT('',(-1.465814508816E-02,-0.140820257606));
#467 = CARTESIAN_POINT('',(-1.46511369907E-02,-0.141263658422));
#468 = CARTESIAN_POINT('',(-1.464801856817E-02,-0.141460925169));
#469 = CARTESIAN_POINT('',(-1.464723845063E-02,-0.141510271853));
#470 = ( GEOMETRIC_REPRESENTATION_CONTEXT(2) 
PARAMETRIC_REPRESENTATION_CONTEXT() REPRESENTATION_CONTEXT('2D SPACE',''
  ) );
#471 = ORIENTED_EDGE('',*,*,#472,.T.);
#472 = EDGE_CURVE('',#22,#473,#475,.T.);
#473 = VERTEX_POINT('',#474);
#474 = CARTESIAN_POINT('',(-0.277790962835,0.793,-1.236493812418E-02));
#475 = SURFACE_CURVE('',#476,(#480,#487),.PCURVE_S1.);
#476 = LINE('',#477,#478);
#477 = CARTESIAN_POINT('',(-0.277790962835,0.,-1.236493812418E-02));
#478 = VECTOR('',#479,1.);
#479 = DIRECTION('',(0.,1.,0.));
#480 = PCURVE('',#170,#481);
#481 = DEFINITIONAL_REPRESENTATION('',(#482),#486);
#482 = LINE('',#483,#484);
#483 = CARTESIAN_POINT('',(0.,0.));
#484 = VECTOR('',#485,1.);
#485 = DIRECTION('',(0.,-1.));
#486 = ( GEOMETRIC_REPRESENTATION_CONTEXT(2) 
PARAMETRIC_REPRESENTATION_CONTEXT() REPRESENTATION_CONTEXT('2D SPACE',''
  ) );
#487 = PCURVE('',#488,#493);
#488 = PLANE('',#489);
#489 = AXIS2_PLACEMENT_3D('',#490,#491,#492);
#490 = CARTESIAN_POINT('',(-0.277614452289,0.,-1.334157566135E-02));
#491 = DIRECTION('',(0.98405732944,-0.,0.17785154589));
#492 = DIRECTION('',(-0.17785154589,0.,0.98405732944));
#493 = DEFINITIONAL_REPRESENTATION('',(#494),#498);
#494 = LINE('',#495,#496);
#495 = CARTESIAN_POINT('',(9.9246E-04,0.));
#496 = VECTOR('',#497,1.);
#497 = DIRECTION('',(0.,-1.));
#498 = ( GEOMETRIC_REPRESENTATION_CONTEXT(2) 
PARAMETRIC_REPRESENTATION_CONTEXT() REPRESENTATION_CONTEXT('2D SPACE',''
  ) );
#499 = ORIENTED_EDGE('',*,*,#500,.F.);
#500 = EDGE_CURVE('',#501,#473,#503,.T.);
#501 = VERTEX_POINT('',#502);
#502 = CARTESIAN_POINT('',(-0.209199983269,0.793,1.030102928659E-02));
#503 = SURFACE_CURVE('',#504,(#511,#517),.PCURVE_S1.);
#504 = B_SPLINE_CURVE_WITH_KNOTS('',5,(#505,#506,#507,#508,#509,#510),
  .UNSPECIFIED.,.F.,.F.,(6,6),(0.,1.),.PIECEWISE_BEZIER_KNOTS.);
#505 = CARTESIAN_POINT('',(-0.209199983269,0.793,1.030102928659E-02));
#506 = CARTESIAN_POINT('',(-0.223142222817,0.793,6.486699661755E-03));
#507 = CARTESIAN_POINT('',(-0.236985594532,0.793,2.312227236599E-03));
#508 = CARTESIAN_POINT('',(-0.250720980924,0.793,-2.210700410248E-03));
#509 = CARTESIAN_POINT('',(-0.264331700634,0.793,-7.093942072184E-03));
#510 = CARTESIAN_POINT('',(-0.277790962835,0.793,-1.236493812418E-02));
#511 = PCURVE('',#170,#512);
#512 = DEFINITIONAL_REPRESENTATION('',(#513),#516);
#513 = B_SPLINE_CURVE_WITH_KNOTS('',1,(#514,#515),.UNSPECIFIED.,.F.,.F.,
  (2,2),(0.,1.),.PIECEWISE_BEZIER_KNOTS.);
#514 = CARTESIAN_POINT('',(7.227244715159E-02,-0.793));
#515 = CARTESIAN_POINT('',(9.833998254574E-17,-0.793));
#516 = ( GEOMETRIC_REPRESENTATION_CONTEXT(2) 
PARAMETRIC_REPRESENTATION_CONTEXT() REPRESENTATION_CONTEXT('2D SPACE',''
  ) );
#517 = PCURVE('',#518,#523);
#518 = PLANE('',#519);
#519 = AXIS2_PLACEMENT_3D('',#520,#521,#522);
#520 = CARTESIAN_POINT('',(-0.162381476815,0.793,-1.001242279516));
#521 = DIRECTION('',(0.,1.,0.));
#522 = DIRECTION('',(-0.998930602741,0.,-4.623473702433E-02));
#523 = DEFINITIONAL_REPRESENTATION('',(#524),#531);
#524 = B_SPLINE_CURVE_WITH_KNOTS('',5,(#525,#526,#527,#528,#529,#530),
  .UNSPECIFIED.,.F.,.F.,(6,6),(0.,1.),.PIECEWISE_BEZIER_KNOTS.);
#525 = CARTESIAN_POINT('',(-2.775557561563E-17,1.012626208495));
#526 = CARTESIAN_POINT('',(1.410368428254E-02,1.009460573683));
#527 = CARTESIAN_POINT('',(2.81252575689E-02,1.005930610078));
#528 = CARTESIAN_POINT('',(4.205507174664E-02,1.002047571215));
#529 = CARTESIAN_POINT('',(5.587701158367E-02,0.997798839725));
#530 = CARTESIAN_POINT('',(6.956558360282E-02,0.99315576591));
#531 = ( GEOMETRIC_REPRESENTATION_CONTEXT(2) 
PARAMETRIC_REPRESENTATION_CONTEXT() REPRESENTATION_CONTEXT('2D SPACE',''
  ) );
#532 = ORIENTED_EDGE('',*,*,#533,.F.);
#533 = EDGE_CURVE('',#534,#501,#536,.T.);
#534 = VERTEX_POINT('',#535);
#535 = CARTESIAN_POINT('',(-0.205540999144,0.793,1.129139039451E-02));
#536 = SURFACE_CURVE('',#537,(#547,#560),.PCURVE_S1.);
#537 = B_SPLINE_CURVE_WITH_KNOTS('',8,(#538,#539,#540,#541,#542,#543,
    #544,#545,#546),.UNSPECIFIED.,.F.,.F.,(9,9),(0.,1.),
  .PIECEWISE_BEZIER_KNOTS.);
#538 = CARTESIAN_POINT('',(-0.203262215318,0.793,1.189739845537E-02));
#539 = CARTESIAN_POINT('',(-0.205736843735,0.793,1.124380317435E-02));
#540 = CARTESIAN_POINT('',(-0.208207976127,0.793,1.057997262697E-02));
#541 = CARTESIAN_POINT('',(-0.210678917127,0.793,9.90509555927E-03));
#542 = CARTESIAN_POINT('',(-0.213142774928,0.793,9.22101810179E-03));
#543 = CARTESIAN_POINT('',(-0.21560795515,0.793,8.525585412964E-03));
#544 = CARTESIAN_POINT('',(-0.218067651283,0.793,7.820576563084E-03));
#545 = CARTESIAN_POINT('',(-0.220525273319,0.793,7.105129041227E-03));
#546 = CARTESIAN_POINT('',(-0.222979748311,0.793,6.379510877829E-03));
#547 = PCURVE('',#170,#548);
#548 = DEFINITIONAL_REPRESENTATION('',(#549),#559);
#549 = B_SPLINE_CURVE_WITH_KNOTS('',8,(#550,#551,#552,#553,#554,#555,
    #556,#557,#558),.UNSPECIFIED.,.F.,.F.,(9,9),(0.,1.),
  .PIECEWISE_BEZIER_KNOTS.);
#550 = CARTESIAN_POINT('',(7.842125467766E-02,-0.793));
#551 = CARTESIAN_POINT('',(7.586177533779E-02,-0.793));
#552 = CARTESIAN_POINT('',(7.33015292528E-02,-0.793));
#553 = CARTESIAN_POINT('',(7.074397347547E-02,-0.793));
#554 = CARTESIAN_POINT('',(6.818202120444E-02,-0.793));
#555 = CARTESIAN_POINT('',(6.562440638149E-02,-0.793));
#556 = CARTESIAN_POINT('',(6.306414093729E-02,-0.793));
#557 = CARTESIAN_POINT('',(6.050479618805E-02,-0.793));
#558 = CARTESIAN_POINT('',(5.794531592171E-02,-0.793));
#559 = ( GEOMETRIC_REPRESENTATION_CONTEXT(2) 
PARAMETRIC_REPRESENTATION_CONTEXT() REPRESENTATION_CONTEXT('2D SPACE',''
  ) );
#560 = PCURVE('',#518,#561);
#561 = DEFINITIONAL_REPRESENTATION('',(#562),#572);
#562 = B_SPLINE_CURVE_WITH_KNOTS('',8,(#563,#564,#565,#566,#567,#568,
    #569,#570,#571),.UNSPECIFIED.,.F.,.F.,(9,9),(0.,1.),
  .PIECEWISE_BEZIER_KNOTS.);
#563 = CARTESIAN_POINT('',(-6.00522582645E-03,1.013946339371));
#564 = CARTESIAN_POINT('',(-3.503024964448E-03,1.013407856837));
#565 = CARTESIAN_POINT('',(-1.003843163838E-03,1.012858988345));
#566 = CARTESIAN_POINT('',(1.495658182295E-03,1.012299076296));
#567 = CARTESIAN_POINT('',(3.988509281811E-03,1.011729646207));
#568 = CARTESIAN_POINT('',(6.483206394533E-03,1.011148934171));
#569 = CARTESIAN_POINT('',(8.972868033716E-03,1.010558402659));
#570 = CARTESIAN_POINT('',(1.14609404237E-02,1.009957347744));
#571 = CARTESIAN_POINT('',(1.394633937118E-02,1.00934598756));
#572 = ( GEOMETRIC_REPRESENTATION_CONTEXT(2) 
PARAMETRIC_REPRESENTATION_CONTEXT() REPRESENTATION_CONTEXT('2D SPACE',''
  ) );
#573 = ORIENTED_EDGE('',*,*,#574,.F.);
#574 = EDGE_CURVE('',#575,#534,#577,.T.);
#575 = VERTEX_POINT('',#576);
#576 = CARTESIAN_POINT('',(-0.205540999144,1.195,1.129139039451E-02));
#577 = SURFACE_CURVE('',#578,(#584,#593),.PCURVE_S1.);
#578 = B_SPLINE_CURVE_WITH_KNOTS('',4,(#579,#580,#581,#582,#583),
  .UNSPECIFIED.,.F.,.F.,(5,5),(0.,1.),.PIECEWISE_BEZIER_KNOTS.);
#579 = CARTESIAN_POINT('',(-0.205540999144,1.1950006,1.129139039451E-02)
  );
#580 = CARTESIAN_POINT('',(-0.205540999144,1.0945003,1.129139039451E-02)
  );
#581 = CARTESIAN_POINT('',(-0.205540999144,0.994,1.129139039451E-02));
#582 = CARTESIAN_POINT('',(-0.205540999144,0.8934997,1.129139039451E-02)
  );
#583 = CARTESIAN_POINT('',(-0.205540999144,0.7929994,1.129139039451E-02)
  );
#584 = PCURVE('',#170,#585);
#585 = DEFINITIONAL_REPRESENTATION('',(#586),#592);
#586 = B_SPLINE_CURVE_WITH_KNOTS('',4,(#587,#588,#589,#590,#591),
  .UNSPECIFIED.,.F.,.F.,(5,5),(0.,1.),.PIECEWISE_BEZIER_KNOTS.);
#587 = CARTESIAN_POINT('',(7.606308508231E-02,-1.1950006));
#588 = CARTESIAN_POINT('',(7.606308508231E-02,-1.0945003));
#589 = CARTESIAN_POINT('',(7.606308508231E-02,-0.994));
#590 = CARTESIAN_POINT('',(7.606308508231E-02,-0.8934997));
#591 = CARTESIAN_POINT('',(7.606308508231E-02,-0.7929994));
#592 = ( GEOMETRIC_REPRESENTATION_CONTEXT(2) 
PARAMETRIC_REPRESENTATION_CONTEXT() REPRESENTATION_CONTEXT('2D SPACE',''
  ) );
#593 = PCURVE('',#594,#599);
#594 = CYLINDRICAL_SURFACE('',#595,1.394633937118E-02);
#595 = AXIS2_PLACEMENT_3D('',#596,#597,#598);
#596 = CARTESIAN_POINT('',(-0.208616213839,0.793,-2.311676775576E-03));
#597 = DIRECTION('',(0.,1.,0.));
#598 = DIRECTION('',(-0.998930602741,0.,-4.623473702433E-02));
#599 = DEFINITIONAL_REPRESENTATION('',(#600),#606);
#600 = B_SPLINE_CURVE_WITH_KNOTS('',4,(#601,#602,#603,#604,#605),
  .UNSPECIFIED.,.F.,.F.,(5,5),(0.,1.),.PIECEWISE_BEZIER_KNOTS.);
#601 = CARTESIAN_POINT('',(1.839378054953,0.4020006));
#602 = CARTESIAN_POINT('',(1.839378054953,0.3015003));
#603 = CARTESIAN_POINT('',(1.839378054953,0.201));
#604 = CARTESIAN_POINT('',(1.839378054953,0.1004997));
#605 = CARTESIAN_POINT('',(1.839378054953,-6.E-07));
#606 = ( GEOMETRIC_REPRESENTATION_CONTEXT(2) 
PARAMETRIC_REPRESENTATION_CONTEXT() REPRESENTATION_CONTEXT('2D SPACE',''
  ) );
#607 = ORIENTED_EDGE('',*,*,#608,.T.);
#608 = EDGE_CURVE('',#575,#609,#611,.T.);
#609 = VERTEX_POINT('',#610);
#610 = CARTESIAN_POINT('',(-0.209199983269,1.195,1.030102928659E-02));
#611 = SURFACE_CURVE('',#612,(#622,#635),.PCURVE_S1.);
#612 = B_SPLINE_CURVE_WITH_KNOTS('',8,(#613,#614,#615,#616,#617,#618,
    #619,#620,#621),.UNSPECIFIED.,.F.,.F.,(9,9),(0.,1.),
  .PIECEWISE_BEZIER_KNOTS.);
#613 = CARTESIAN_POINT('',(-0.203262215318,1.195,1.189739845537E-02));
#614 = CARTESIAN_POINT('',(-0.205736843735,1.195,1.124380317435E-02));
#615 = CARTESIAN_POINT('',(-0.208207976127,1.195,1.057997262697E-02));
#616 = CARTESIAN_POINT('',(-0.210678917127,1.195,9.90509555927E-03));
#617 = CARTESIAN_POINT('',(-0.213142774928,1.195,9.22101810179E-03));
#618 = CARTESIAN_POINT('',(-0.21560795515,1.195,8.525585412964E-03));
#619 = CARTESIAN_POINT('',(-0.218067651283,1.195,7.820576563084E-03));
#620 = CARTESIAN_POINT('',(-0.220525273319,1.195,7.105129041227E-03));
#621 = CARTESIAN_POINT('',(-0.222979748311,1.195,6.379510877829E-03));
#622 = PCURVE('',#170,#623);
#623 = DEFINITIONAL_REPRESENTATION('',(#624),#634);
#624 = B_SPLINE_CURVE_WITH_KNOTS('',8,(#625,#626,#627,#628,#629,#630,
    #631,#632,#633),.UNSPECIFIED.,.F.,.F.,(9,9),(0.,1.),
  .PIECEWISE_BEZIER_KNOTS.);
#625 = CARTESIAN_POINT('',(7.842125467766E-02,-1.195));
#626 = CARTESIAN_POINT('',(7.586177533779E-02,-1.195));
#627 = CARTESIAN_POINT('',(7.33015292528E-02,-1.195));
#628 = CARTESIAN_POINT('',(7.074397347547E-02,-1.195));
#629 = CARTESIAN_POINT('',(6.818202120444E-02,-1.195));
#630 = CARTESIAN_POINT('',(6.562440638149E-02,-1.195));
#631 = CARTESIAN_POINT('',(6.306414093729E-02,-1.195));
#632 = CARTESIAN_POINT('',(6.050479618805E-02,-1.195));
#633 = CARTESIAN_POINT('',(5.794531592171E-02,-1.195));
#634 = ( GEOMETRIC_REPRESENTATION_CONTEXT(2) 
PARAMETRIC_REPRESENTATION_CONTEXT() REPRESENTATION_CONTEXT('2D SPACE',''
  ) );
#635 = PCURVE('',#636,#641);
#636 = PLANE('',#637);
#637 = AXIS2_PLACEMENT_3D('',#638,#639,#640);
#638 = CARTESIAN_POINT('',(-0.208616213839,1.195,-2.311676775576E-03));
#639 = DIRECTION('',(0.,1.,0.));
#640 = DIRECTION('',(-0.998930602741,0.,-4.623473702433E-02));
#641 = DEFINITIONAL_REPRESENTATION('',(#642),#652);
#642 = B_SPLINE_CURVE_WITH_KNOTS('',8,(#643,#644,#645,#646,#647,#648,
    #649,#650,#651),.UNSPECIFIED.,.F.,.F.,(9,9),(0.,1.),
  .PIECEWISE_BEZIER_KNOTS.);
#643 = CARTESIAN_POINT('',(-6.00522582645E-03,1.394633937118E-02));
#644 = CARTESIAN_POINT('',(-3.503024964448E-03,1.340785683725E-02));
#645 = CARTESIAN_POINT('',(-1.003843163838E-03,1.285898834475E-02));
#646 = CARTESIAN_POINT('',(1.495658182295E-03,1.229907629606E-02));
#647 = CARTESIAN_POINT('',(3.988509281811E-03,1.172964620663E-02));
#648 = CARTESIAN_POINT('',(6.483206394533E-03,1.114893417091E-02));
#649 = CARTESIAN_POINT('',(8.972868033716E-03,1.055840265942E-02));
#650 = CARTESIAN_POINT('',(1.14609404237E-02,9.95734774373E-03));
#651 = CARTESIAN_POINT('',(1.394633937118E-02,9.345987560164E-03));
#652 = ( GEOMETRIC_REPRESENTATION_CONTEXT(2) 
PARAMETRIC_REPRESENTATION_CONTEXT() REPRESENTATION_CONTEXT('2D SPACE',''
  ) );
#653 = ORIENTED_EDGE('',*,*,#654,.F.);
#654 = EDGE_CURVE('',#655,#609,#657,.T.);
#655 = VERTEX_POINT('',#656);
#656 = CARTESIAN_POINT('',(-0.277790962835,1.195,-1.236493812418E-02));
#657 = SURFACE_CURVE('',#658,(#665,#671),.PCURVE_S1.);
#658 = B_SPLINE_CURVE_WITH_KNOTS('',5,(#659,#660,#661,#662,#663,#664),
  .UNSPECIFIED.,.F.,.F.,(6,6),(0.130338098294,1.130338098294),
  .PIECEWISE_BEZIER_KNOTS.);
#659 = CARTESIAN_POINT('',(-0.277790962835,1.195,-1.236493812418E-02));
#660 = CARTESIAN_POINT('',(-0.264331700634,1.195,-7.093942072189E-03));
#661 = CARTESIAN_POINT('',(-0.250720980924,1.195,-2.210700410248E-03));
#662 = CARTESIAN_POINT('',(-0.236985594532,1.195,2.312227236599E-03));
#663 = CARTESIAN_POINT('',(-0.223142222817,1.195,6.486699661755E-03));
#664 = CARTESIAN_POINT('',(-0.209199983269,1.195,1.030102928659E-02));
#665 = PCURVE('',#170,#666);
#666 = DEFINITIONAL_REPRESENTATION('',(#667),#670);
#667 = B_SPLINE_CURVE_WITH_KNOTS('',1,(#668,#669),.UNSPECIFIED.,.F.,.F.,
  (2,2),(0.130338098294,1.130338098294),.PIECEWISE_BEZIER_KNOTS.);
#668 = CARTESIAN_POINT('',(9.833998254574E-17,-1.195));
#669 = CARTESIAN_POINT('',(7.227244715159E-02,-1.195));
#670 = ( GEOMETRIC_REPRESENTATION_CONTEXT(2) 
PARAMETRIC_REPRESENTATION_CONTEXT() REPRESENTATION_CONTEXT('2D SPACE',''
  ) );
#671 = PCURVE('',#636,#672);
#672 = DEFINITIONAL_REPRESENTATION('',(#673),#680);
#673 = B_SPLINE_CURVE_WITH_KNOTS('',5,(#674,#675,#676,#677,#678,#679),
  .UNSPECIFIED.,.F.,.F.,(6,6),(0.130338098294,1.130338098294),
  .PIECEWISE_BEZIER_KNOTS.);
#674 = CARTESIAN_POINT('',(6.956558360282E-02,-6.844234089955E-03));
#675 = CARTESIAN_POINT('',(5.587701158369E-02,-2.2011602751E-03));
#676 = CARTESIAN_POINT('',(4.205507174664E-02,2.047571215119E-03));
#677 = CARTESIAN_POINT('',(2.81252575689E-02,5.930610077778E-03));
#678 = CARTESIAN_POINT('',(1.410368428254E-02,9.460573682775E-03));
#679 = CARTESIAN_POINT('',(0.,1.262620849492E-02));
#680 = ( GEOMETRIC_REPRESENTATION_CONTEXT(2) 
PARAMETRIC_REPRESENTATION_CONTEXT() REPRESENTATION_CONTEXT('2D SPACE',''
  ) );
#681 = ORIENTED_EDGE('',*,*,#682,.T.);
#682 = EDGE_CURVE('',#655,#683,#685,.T.);
#683 = VERTEX_POINT('',#684);
#684 = CARTESIAN_POINT('',(-0.277790962835,1.255,-1.236493812418E-02));
#685 = SURFACE_CURVE('',#686,(#690,#697),.PCURVE_S1.);
#686 = LINE('',#687,#688);
#687 = CARTESIAN_POINT('',(-0.277790962835,0.,-1.236493812418E-02));
#688 = VECTOR('',#689,1.);
#689 = DIRECTION('',(0.,1.,0.));
#690 = PCURVE('',#170,#691);
#691 = DEFINITIONAL_REPRESENTATION('',(#692),#696);
#692 = LINE('',#693,#694);
#693 = CARTESIAN_POINT('',(0.,0.));
#694 = VECTOR('',#695,1.);
#695 = DIRECTION('',(0.,-1.));
#696 = ( GEOMETRIC_REPRESENTATION_CONTEXT(2) 
PARAMETRIC_REPRESENTATION_CONTEXT() REPRESENTATION_CONTEXT('2D SPACE',''
  ) );
#697 = PCURVE('',#698,#703);
#698 = PLANE('',#699);
#699 = AXIS2_PLACEMENT_3D('',#700,#701,#702);
#700 = CARTESIAN_POINT('',(-0.277614452289,0.,-1.334157566135E-02));
#701 = DIRECTION('',(0.98405732944,-0.,0.17785154589));
#702 = DIRECTION('',(-0.17785154589,0.,0.98405732944));
#703 = DEFINITIONAL_REPRESENTATION('',(#704),#708);
#704 = LINE('',#705,#706);
#705 = CARTESIAN_POINT('',(9.9246E-04,0.));
#706 = VECTOR('',#707,1.);
#707 = DIRECTION('',(0.,-1.));
#708 = ( GEOMETRIC_REPRESENTATION_CONTEXT(2) 
PARAMETRIC_REPRESENTATION_CONTEXT() REPRESENTATION_CONTEXT('2D SPACE',''
  ) );
#709 = ORIENTED_EDGE('',*,*,#710,.T.);
#710 = EDGE_CURVE('',#683,#711,#713,.T.);
#711 = VERTEX_POINT('',#712);
#712 = CARTESIAN_POINT('',(-0.277614452289,1.255,-1.334157566135E-02));
#713 = SURFACE_CURVE('',#714,(#856,#863),.PCURVE_S1.);
#714 = B_SPLINE_CURVE_WITH_KNOTS('',3,(#715,#716,#717,#718,#719,#720,
    #721,#722,#723,#724,#725,#726,#727,#728,#729,#730,#731,#732,#733,
    #734,#735,#736,#737,#738,#739,#740,#741,#742,#743,#744,#745,#746,
    #747,#748,#749,#750,#751,#752,#753,#754,#755,#756,#757,#758,#759,
    #760,#761,#762,#763,#764,#765,#766,#767,#768,#769,#770,#771,#772,
    #773,#774,#775,#776,#777,#778,#779,#780,#781,#782,#783,#784,#785,
    #786,#787,#788,#789,#790,#791,#792,#793,#794,#795,#796,#797,#798,
    #799,#800,#801,#802,#803,#804,#805,#806,#807,#808,#809,#810,#811,
    #812,#813,#814,#815,#816,#817,#818,#819,#820,#821,#822,#823,#824,
    #825,#826,#827,#828,#829,#830,#831,#832,#833,#834,#835,#836,#837,
    #838,#839,#840,#841,#842,#843,#844,#845,#846,#847,#848,#849,#850,
    #851,#852,#853,#854,#855),.UNSPECIFIED.,.F.,.F.,(4,1,1,1,1,1,1,1,1,1
    ,1,1,1,1,1,1,1,1,1,1,1,1,1,1,1,1,1,1,1,1,1,1,1,1,1,1,1,1,1,1,1,1,1,1
    ,1,1,1,1,1,1,1,1,1,1,1,1,1,1,1,1,1,1,1,1,1,1,1,1,1,1,1,1,1,1,1,1,1,1
    ,1,1,1,1,1,1,1,1,1,1,1,1,1,1,1,1,1,1,1,1,1,1,1,1,1,1,1,1,1,1,1,1,1,1
    ,1,1,1,1,1,1,1,1,1,1,1,1,1,1,1,1,1,1,1,1,1,1,1,1,1,1,4),(0.,
    1.481718954734E-04,5.923654143001E-04,1.331615210704E-03,
    2.364316206764E-03,3.68822925388E-03,5.300488891255E-03,
    7.197613044255E-03,9.375514474748E-03,1.182951377393E-02,
    1.455435367653E-02,1.754421447371E-02,2.079273030986E-02,
    2.429300616489E-02,2.803763534736E-02,3.201871735284E-02,
    3.62278759748E-02,4.065627759064E-02,4.529464958107E-02,
    5.013329887643E-02,5.516213065662E-02,6.037066726292E-02,
    6.574806740765E-02,7.128314579246E-02,7.696439326713E-02,
    8.277999767725E-02,8.871786556146E-02,9.476564486526E-02,
    0.100910748839,0.107140381281,0.113441563272,0.119801161519,
    0.126205918408,0.132642483799,0.139097448567,0.145557379828,
    0.152008857715,0.15843851353,0.164833068999,0.171190333115,
    0.177617185483,0.183970606283,0.190237820566,0.196406284155,
    0.202463723868,0.20839817815,0.21419803797,0.219852087944,
    0.225349547869,0.230680115071,0.235834008322,0.24080201445,
    0.245575539312,0.250146665427,0.254508219463,0.258653853952,
    0.262578149265,0.266276744259,0.269746507384,0.27298576502,
    0.275994610817,0.278775329496,0.281332980666,0.283676199751,
    0.285818273564,0.287778508911,0.289583774551,0.291269782335,
    0.292881212262,0.294469596335,0.296057943967,0.297668411557,
    0.299350209222,0.301144821972,0.303084498202,0.305192758804,
    0.307485848987,0.309974331745,0.312664462177,0.315559258549,
    0.318659300712,0.321963315518,0.325468605032,0.329171361043,
    0.333066897481,0.337149823045,0.341414169706,0.345853488194,
    0.350460918438,0.355229240877,0.36015091309,0.365218095244,
    0.370422667128,0.375756239019,0.381210158238,0.386775512877,
    0.392443133946,0.398203596894,0.404047223277,0.409964083134,
    0.416073911921,0.42224525652,0.428455111618,0.434691237358,
    0.440941231262,0.447192559843,0.453432590524,0.459648623579,
    0.465827923857,0.471957752086,0.478025395617,0.484018198522,
    0.489923591004,0.495729118122,0.501422467876,0.506991498729,
    0.512424266658,0.51770905185,0.522834385163,0.527789074461,
    0.532562230946,0.53714329557,0.541522065602,0.545688721384,
    0.549633853296,0.553348488873,0.55682412001,0.560052730126,
    0.563026821098,0.565739439762,0.568184203708,0.57035532607,
    0.572247638987,0.573856615389,0.575178388767,0.57620977058,
    0.576948264985,0.577392080616,0.577540139166),.UNSPECIFIED.);
#715 = CARTESIAN_POINT('',(-0.277790962835,1.255,-1.236493812418E-02));
#716 = CARTESIAN_POINT('',(-0.277744973186,1.255,-1.234692738532E-02));
#717 = CARTESIAN_POINT('',(-0.277561106082,1.255,-1.227494530144E-02));
#718 = CARTESIAN_POINT('',(-0.2771477034,1.255,-1.211332731371E-02));
#719 = CARTESIAN_POINT('',(-0.276459443882,1.255,-1.184500176562E-02));
#720 = CARTESIAN_POINT('',(-0.275497447069,1.255,-1.147151360626E-02));
#721 = CARTESIAN_POINT('',(-0.274263284413,1.255,-1.099500266933E-02));
#722 = CARTESIAN_POINT('',(-0.272758983102,1.255,-1.041818127208E-02));
#723 = CARTESIAN_POINT('',(-0.270987030587,1.255,-9.744306379292E-03));
#724 = CARTESIAN_POINT('',(-0.268950379561,1.255,-8.977147012475E-03));
#725 = CARTESIAN_POINT('',(-0.266652453086,1.255,-8.120947688363E-03));
#726 = CARTESIAN_POINT('',(-0.264097149557,1.255,-7.180388748758E-03));
#727 = CARTESIAN_POINT('',(-0.26128884719,1.255,-6.160544493137E-03));
#728 = CARTESIAN_POINT('',(-0.258232407709,1.255,-5.066840044441E-03));
#729 = CARTESIAN_POINT('',(-0.254933178951,1.255,-3.905007866358E-03));
#730 = CARTESIAN_POINT('',(-0.251396996135,1.255,-2.681044807612E-03));
#731 = CARTESIAN_POINT('',(-0.247630181571,1.255,-1.401170476502E-03));
#732 = CARTESIAN_POINT('',(-0.24363954265,1.255,-7.178764989044E-05));
#733 = CARTESIAN_POINT('',(-0.239432368018,1.255,1.30055470179E-03));
#734 = CARTESIAN_POINT('',(-0.235016421851,1.255,2.709195333651E-03));
#735 = CARTESIAN_POINT('',(-0.230399936265,1.255,4.14739130551E-03));
#736 = CARTESIAN_POINT('',(-0.225591601885,1.255,5.608345101185E-03));
#737 = CARTESIAN_POINT('',(-0.220600556673,1.255,7.08522833435E-03));
#738 = CARTESIAN_POINT('',(-0.215436373143,1.255,8.571202249735E-03));
#739 = CARTESIAN_POINT('',(-0.210109044091,1.255,1.005943538031E-02));
#740 = CARTESIAN_POINT('',(-0.204628967015,1.255,1.154311885658E-02));
#741 = CARTESIAN_POINT('',(-0.199006927349,1.255,1.30154799777E-02));
#742 = CARTESIAN_POINT('',(-0.193254080665,1.255,1.446979473988E-02));
#743 = CARTESIAN_POINT('',(-0.187381933944,1.255,1.589940007695E-02));
#744 = CARTESIAN_POINT('',(-0.18140232598,1.255,1.729770657483E-02));
#745 = CARTESIAN_POINT('',(-0.17532740697,1.255,1.865821246672E-02));
#746 = CARTESIAN_POINT('',(-0.169169617251,1.255,1.99745194428E-02));
#747 = CARTESIAN_POINT('',(-0.162941665202,1.255,2.12403515752E-02));
#748 = CARTESIAN_POINT('',(-0.156656503954,1.255,2.244957531771E-02));
#749 = CARTESIAN_POINT('',(-0.150327307727,1.255,2.359623057339E-02));
#750 = CARTESIAN_POINT('',(-0.143967444154,1.255,2.467453680684E-02));
#751 = CARTESIAN_POINT('',(-0.137590455384,1.255,2.567901003473E-02));
#752 = CARTESIAN_POINT('',(-0.131209999412,1.255,2.66041827417E-02));
#753 = CARTESIAN_POINT('',(-0.124839931736,1.255,2.744581862981E-02));
#754 = CARTESIAN_POINT('',(-0.118490230515,1.255,2.819702049469E-02));
#755 = CARTESIAN_POINT('',(-0.112132369818,1.255,2.886796763448E-02));
#756 = CARTESIAN_POINT('',(-0.105775838021,1.255,2.941079689502E-02));
#757 = CARTESIAN_POINT('',(-9.943923716981E-02,1.255,2.981746624895E-02)
  );
#758 = CARTESIAN_POINT('',(-9.318136217169E-02,1.255,3.008367051689E-02)
  );
#759 = CARTESIAN_POINT('',(-8.701774011655E-02,1.255,3.020885693733E-02)
  );
#760 = CARTESIAN_POINT('',(-8.096376576612E-02,1.255,3.019360844519E-02)
  );
#761 = CARTESIAN_POINT('',(-7.503462528456E-02,1.255,3.003937367309E-02)
  );
#762 = CARTESIAN_POINT('',(-6.924522202999E-02,1.255,2.974853634422E-02)
  );
#763 = CARTESIAN_POINT('',(-6.361010156687E-02,1.255,2.932438173736E-02)
  );
#764 = CARTESIAN_POINT('',(-5.814337820376E-02,1.255,2.877107503053E-02)
  );
#765 = CARTESIAN_POINT('',(-5.285866402519E-02,1.255,2.809362105286E-02)
  );
#766 = CARTESIAN_POINT('',(-4.776900167799E-02,1.255,2.729781313147E-02)
  );
#767 = CARTESIAN_POINT('',(-4.288680197387E-02,1.255,2.639016915672E-02)
  );
#768 = CARTESIAN_POINT('',(-3.822378723374E-02,1.255,2.537785579253E-02)
  );
#769 = CARTESIAN_POINT('',(-3.379094108545E-02,1.255,2.426860134071E-02)
  );
#770 = CARTESIAN_POINT('',(-2.959846517773E-02,1.255,2.307059812578E-02)
  );
#771 = CARTESIAN_POINT('',(-2.565574299071E-02,1.255,2.179239533509E-02)
  );
#772 = CARTESIAN_POINT('',(-2.197131062977E-02,1.255,2.044278324209E-02)
  );
#773 = CARTESIAN_POINT('',(-1.855283423047E-02,1.255,1.903066951757E-02)
  );
#774 = CARTESIAN_POINT('',(-1.540709348294E-02,1.255,1.756494778897E-02)
  );
#775 = CARTESIAN_POINT('',(-1.253997104634E-02,1.255,1.605435757783E-02)
  );
#776 = CARTESIAN_POINT('',(-9.956448842308E-03,1.255,1.450733300725E-02)
  );
#777 = CARTESIAN_POINT('',(-7.660615566151E-03,1.255,1.293183535483E-02)
  );
#778 = CARTESIAN_POINT('',(-5.65569791333E-03,1.255,1.133516221027E-02)
  );
#779 = CARTESIAN_POINT('',(-3.944144494428E-03,1.255,9.72372949223E-03)
  );
#780 = CARTESIAN_POINT('',(-2.527821644869E-03,1.255,8.102841005203E-03)
  );
#781 = CARTESIAN_POINT('',(-1.408404468768E-03,1.255,6.476540236706E-03)
  );
#782 = CARTESIAN_POINT('',(-5.880088819267E-04,1.255,4.847767580905E-03)
  );
#783 = CARTESIAN_POINT('',(-6.973237158088E-05,1.255,3.219296659078E-03)
  );
#784 = CARTESIAN_POINT('',(1.427738142601E-04,1.255,1.595214038848E-03)
  );
#785 = CARTESIAN_POINT('',(4.859892299523E-05,1.255,-7.416129881715E-06)
  );
#786 = CARTESIAN_POINT('',(-3.384920229515E-04,1.255,-1.564948537118E-03
    ));
#787 = CARTESIAN_POINT('',(-1.019457406476E-03,1.255,-3.052219941554E-03
    ));
#788 = CARTESIAN_POINT('',(-1.984015125554E-03,1.255,-4.455832877205E-03
    ));
#789 = CARTESIAN_POINT('',(-3.223954362739E-03,1.255,-5.776158876449E-03
    ));
#790 = CARTESIAN_POINT('',(-4.73240940269E-03,1.255,-7.015088490999E-03)
  );
#791 = CARTESIAN_POINT('',(-6.503677925528E-03,1.255,-8.174644460989E-03
    ));
#792 = CARTESIAN_POINT('',(-8.53248217228E-03,1.255,-9.256352119566E-03)
  );
#793 = CARTESIAN_POINT('',(-1.081342199331E-02,1.255,-1.026127352257E-02
    ));
#794 = CARTESIAN_POINT('',(-1.33407261188E-02,1.255,-1.119020500488E-02)
  );
#795 = CARTESIAN_POINT('',(-1.610818847445E-02,1.255,-1.204387588279E-02
    ));
#796 = CARTESIAN_POINT('',(-1.910919016709E-02,1.255,-1.282309687167E-02
    ));
#797 = CARTESIAN_POINT('',(-2.233675196315E-02,1.255,-1.352886506394E-02
    ));
#798 = CARTESIAN_POINT('',(-2.578359261934E-02,1.255,-1.416243798038E-02
    ));
#799 = CARTESIAN_POINT('',(-2.94421832632E-02,1.255,-1.472538727395E-02)
  );
#800 = CARTESIAN_POINT('',(-3.330479440721E-02,1.255,-1.521963830574E-02
    ));
#801 = CARTESIAN_POINT('',(-3.736353462985E-02,1.255,-1.564749886971E-02
    ));
#802 = CARTESIAN_POINT('',(-4.16103808351E-02,1.255,-1.601167848587E-02)
  );
#803 = CARTESIAN_POINT('',(-4.603720030663E-02,1.255,-1.631529869432E-02
    ));
#804 = CARTESIAN_POINT('',(-5.063576490998E-02,1.255,-1.656189431119E-02
    ));
#805 = CARTESIAN_POINT('',(-5.539775790565E-02,1.255,-1.675540545488E-02
    ));
#806 = CARTESIAN_POINT('',(-6.031477395935E-02,1.255,-1.690016017131E-02
    ));
#807 = CARTESIAN_POINT('',(-6.537831307247E-02,1.255,-1.700084765878E-02
    ));
#808 = CARTESIAN_POINT('',(-7.057976929502E-02,1.255,-1.706248216119E-02
    ));
#809 = CARTESIAN_POINT('',(-7.591041521155E-02,1.255,-1.709035834259E-02
    ));
#810 = CARTESIAN_POINT('',(-8.136138329515E-02,1.255,-1.708999721928E-02
    ));
#811 = CARTESIAN_POINT('',(-8.692364529523E-02,1.255,-1.706708962574E-02
    ));
#812 = CARTESIAN_POINT('',(-9.258799085732E-02,1.255,-1.702741492624E-02
    ));
#813 = CARTESIAN_POINT('',(-9.834500655552E-02,1.255,-1.697682613026E-02
    ));
#814 = CARTESIAN_POINT('',(-0.10418505648,1.255,-1.692095920026E-02));
#815 = CARTESIAN_POINT('',(-0.110141567937,1.255,-1.686557677972E-02));
#816 = CARTESIAN_POINT('',(-0.116207374915,1.255,-1.681427226161E-02));
#817 = CARTESIAN_POINT('',(-0.122370475868,1.255,-1.672822987277E-02));
#818 = CARTESIAN_POINT('',(-0.128575353667,1.255,-1.662236484523E-02));
#819 = CARTESIAN_POINT('',(-0.134806107382,1.255,-1.649774518504E-02));
#820 = CARTESIAN_POINT('',(-0.141050382512,1.255,-1.635885051196E-02));
#821 = CARTESIAN_POINT('',(-0.147295704014,1.255,-1.620894970595E-02));
#822 = CARTESIAN_POINT('',(-0.153529509842,1.255,-1.605131540454E-02));
#823 = CARTESIAN_POINT('',(-0.159739173629,1.255,-1.588885999828E-02));
#824 = CARTESIAN_POINT('',(-0.165912031995,1.255,-1.572420585599E-02));
#825 = CARTESIAN_POINT('',(-0.172035411958,1.255,-1.555964916417E-02));
#826 = CARTESIAN_POINT('',(-0.178096659325,1.255,-1.539716211333E-02));
#827 = CARTESIAN_POINT('',(-0.184083167476,1.255,-1.523839439758E-02));
#828 = CARTESIAN_POINT('',(-0.189982406392,1.255,-1.508468378004E-02));
#829 = CARTESIAN_POINT('',(-0.195781951711,1.255,-1.493707226427E-02));
#830 = CARTESIAN_POINT('',(-0.201469513646,1.255,-1.479632772258E-02));
#831 = CARTESIAN_POINT('',(-0.207032965662,1.255,-1.466296980565E-02));
#832 = CARTESIAN_POINT('',(-0.212460372858,1.255,-1.453729912374E-02));
#833 = CARTESIAN_POINT('',(-0.217740020014,1.255,-1.441942858913E-02));
#834 = CARTESIAN_POINT('',(-0.222860439344,1.255,-1.430931582756E-02));
#835 = CARTESIAN_POINT('',(-0.227810437995,1.255,-1.420679559938E-02));
#836 = CARTESIAN_POINT('',(-0.232579125356,1.255,-1.41116112441E-02));
#837 = CARTESIAN_POINT('',(-0.23715594027,1.255,-1.402344426294E-02));
#838 = CARTESIAN_POINT('',(-0.241530678195,1.255,-1.39419412808E-02));
#839 = CARTESIAN_POINT('',(-0.245693518394,1.255,-1.386673777558E-02));
#840 = CARTESIAN_POINT('',(-0.249635051162,1.255,-1.37974781227E-02));
#841 = CARTESIAN_POINT('',(-0.253346305081,1.255,-1.373383167029E-02));
#842 = CARTESIAN_POINT('',(-0.25681877426,1.255,-1.367550472917E-02));
#843 = CARTESIAN_POINT('',(-0.260044445434,1.255,-1.362224852547E-02));
#844 = CARTESIAN_POINT('',(-0.263015824783,1.255,-1.357386331636E-02));
#845 = CARTESIAN_POINT('',(-0.265725964262,1.255,-1.353019900667E-02));
#846 = CARTESIAN_POINT('',(-0.268168487179,1.255,-1.349115272023E-02));
#847 = CARTESIAN_POINT('',(-0.270337612755,1.255,-1.345666387259E-02));
#848 = CARTESIAN_POINT('',(-0.27222817933,1.255,-1.342670735731E-02));
#849 = CARTESIAN_POINT('',(-0.273835665889,1.255,-1.340128549588E-02));
#850 = CARTESIAN_POINT('',(-0.275156211576,1.255,-1.338041940966E-02));
#851 = CARTESIAN_POINT('',(-0.27618663286,1.255,-1.336414045286E-02));
#852 = CARTESIAN_POINT('',(-0.276924438042,1.255,-1.335248229888E-02));
#853 = CARTESIAN_POINT('',(-0.277367838859,1.255,-1.334547420142E-02));
#854 = CARTESIAN_POINT('',(-0.277565105605,1.255,-1.334235577889E-02));
#855 = CARTESIAN_POINT('',(-0.277614452289,1.255,-1.334157566135E-02));
#856 = PCURVE('',#170,#857);
#857 = DEFINITIONAL_REPRESENTATION('',(#858),#862);
#858 = LINE('',#859,#860);
#859 = CARTESIAN_POINT('',(0.,-1.255));
#860 = VECTOR('',#861,1.);
#861 = DIRECTION('',(1.,0.));
#862 = ( GEOMETRIC_REPRESENTATION_CONTEXT(2) 
PARAMETRIC_REPRESENTATION_CONTEXT() REPRESENTATION_CONTEXT('2D SPACE',''
  ) );
#863 = PCURVE('',#864,#869);
#864 = PLANE('',#865);
#865 = AXIS2_PLACEMENT_3D('',#866,#867,#868);
#866 = CARTESIAN_POINT('',(-0.136104180436,1.255,1.30566278928E-03));
#867 = DIRECTION('',(0.,1.,0.));
#868 = DIRECTION('',(0.,-0.,1.));
#869 = DEFINITIONAL_REPRESENTATION('',(#870),#1012);
#870 = B_SPLINE_CURVE_WITH_KNOTS('',3,(#871,#872,#873,#874,#875,#876,
    #877,#878,#879,#880,#881,#882,#883,#884,#885,#886,#887,#888,#889,
    #890,#891,#892,#893,#894,#895,#896,#897,#898,#899,#900,#901,#902,
    #903,#904,#905,#906,#907,#908,#909,#910,#911,#912,#913,#914,#915,
    #916,#917,#918,#919,#920,#921,#922,#923,#924,#925,#926,#927,#928,
    #929,#930,#931,#932,#933,#934,#935,#936,#937,#938,#939,#940,#941,
    #942,#943,#944,#945,#946,#947,#948,#949,#950,#951,#952,#953,#954,
    #955,#956,#957,#958,#959,#960,#961,#962,#963,#964,#965,#966,#967,
    #968,#969,#970,#971,#972,#973,#974,#975,#976,#977,#978,#979,#980,
    #981,#982,#983,#984,#985,#986,#987,#988,#989,#990,#991,#992,#993,
    #994,#995,#996,#997,#998,#999,#1000,#1001,#1002,#1003,#1004,#1005,
    #1006,#1007,#1008,#1009,#1010,#1011),.UNSPECIFIED.,.F.,.F.,(4,1,1,1,
    1,1,1,1,1,1,1,1,1,1,1,1,1,1,1,1,1,1,1,1,1,1,1,1,1,1,1,1,1,1,1,1,1,1,
    1,1,1,1,1,1,1,1,1,1,1,1,1,1,1,1,1,1,1,1,1,1,1,1,1,1,1,1,1,1,1,1,1,1,
    1,1,1,1,1,1,1,1,1,1,1,1,1,1,1,1,1,1,1,1,1,1,1,1,1,1,1,1,1,1,1,1,1,1,
    1,1,1,1,1,1,1,1,1,1,1,1,1,1,1,1,1,1,1,1,1,1,1,1,1,1,1,1,1,1,1,1,4),(
    0.,1.481718954734E-04,5.923654143001E-04,1.331615210704E-03,
    2.364316206764E-03,3.68822925388E-03,5.300488891255E-03,
    7.197613044255E-03,9.375514474748E-03,1.182951377393E-02,
    1.455435367653E-02,1.754421447371E-02,2.079273030986E-02,
    2.429300616489E-02,2.803763534736E-02,3.201871735284E-02,
    3.62278759748E-02,4.065627759064E-02,4.529464958107E-02,
    5.013329887643E-02,5.516213065662E-02,6.037066726292E-02,
    6.574806740765E-02,7.128314579246E-02,7.696439326713E-02,
    8.277999767725E-02,8.871786556146E-02,9.476564486526E-02,
    0.100910748839,0.107140381281,0.113441563272,0.119801161519,
    0.126205918408,0.132642483799,0.139097448567,0.145557379828,
    0.152008857715,0.15843851353,0.164833068999,0.171190333115,
    0.177617185483,0.183970606283,0.190237820566,0.196406284155,
    0.202463723868,0.20839817815,0.21419803797,0.219852087944,
    0.225349547869,0.230680115071,0.235834008322,0.24080201445,
    0.245575539312,0.250146665427,0.254508219463,0.258653853952,
    0.262578149265,0.266276744259,0.269746507384,0.27298576502,
    0.275994610817,0.278775329496,0.281332980666,0.283676199751,
    0.285818273564,0.287778508911,0.289583774551,0.291269782335,
    0.292881212262,0.294469596335,0.296057943967,0.297668411557,
    0.299350209222,0.301144821972,0.303084498202,0.305192758804,
    0.307485848987,0.309974331745,0.312664462177,0.315559258549,
    0.318659300712,0.321963315518,0.325468605032,0.329171361043,
    0.333066897481,0.337149823045,0.341414169706,0.345853488194,
    0.350460918438,0.355229240877,0.36015091309,0.365218095244,
    0.370422667128,0.375756239019,0.381210158238,0.386775512877,
    0.392443133946,0.398203596894,0.404047223277,0.409964083134,
    0.416073911921,0.42224525652,0.428455111618,0.434691237358,
    0.440941231262,0.447192559843,0.453432590524,0.459648623579,
    0.465827923857,0.471957752086,0.478025395617,0.484018198522,
    0.489923591004,0.495729118122,0.501422467876,0.506991498729,
    0.512424266658,0.51770905185,0.522834385163,0.527789074461,
    0.532562230946,0.53714329557,0.541522065602,0.545688721384,
    0.549633853296,0.553348488873,0.55682412001,0.560052730126,
    0.563026821098,0.565739439762,0.568184203708,0.57035532607,
    0.572247638987,0.573856615389,0.575178388767,0.57620977058,
    0.576948264985,0.577392080616,0.577540139166),.UNSPECIFIED.);
#871 = CARTESIAN_POINT('',(-1.367060091346E-02,-0.141686782398));
#872 = CARTESIAN_POINT('',(-1.36525901746E-02,-0.14164079275));
#873 = CARTESIAN_POINT('',(-1.358060809072E-02,-0.141456925646));
#874 = CARTESIAN_POINT('',(-1.341899010299E-02,-0.141043522963));
#875 = CARTESIAN_POINT('',(-1.31506645549E-02,-0.140355263446));
#876 = CARTESIAN_POINT('',(-1.277717639555E-02,-0.139393266633));
#877 = CARTESIAN_POINT('',(-1.230066545861E-02,-0.138159103977));
#878 = CARTESIAN_POINT('',(-1.172384406136E-02,-0.136654802665));
#879 = CARTESIAN_POINT('',(-1.104996916857E-02,-0.134882850151));
#880 = CARTESIAN_POINT('',(-1.028280980176E-02,-0.132846199125));
#881 = CARTESIAN_POINT('',(-9.426610477643E-03,-0.130548272649));
#882 = CARTESIAN_POINT('',(-8.486051538038E-03,-0.127992969121));
#883 = CARTESIAN_POINT('',(-7.466207282418E-03,-0.125184666754));
#884 = CARTESIAN_POINT('',(-6.372502833721E-03,-0.122128227272));
#885 = CARTESIAN_POINT('',(-5.210670655639E-03,-0.118828998515));
#886 = CARTESIAN_POINT('',(-3.986707596892E-03,-0.115292815699));
#887 = CARTESIAN_POINT('',(-2.706833265782E-03,-0.111526001134));
#888 = CARTESIAN_POINT('',(-1.377450439171E-03,-0.107535362214));
#889 = CARTESIAN_POINT('',(-5.108087490473E-06,-0.103328187582));
#890 = CARTESIAN_POINT('',(1.40353254437E-03,-9.891224141478E-02));
#891 = CARTESIAN_POINT('',(2.84172851623E-03,-9.429575582898E-02));
#892 = CARTESIAN_POINT('',(4.302682311904E-03,-8.948742144879E-02));
#893 = CARTESIAN_POINT('',(5.77956554507E-03,-8.44963762372E-02));
#894 = CARTESIAN_POINT('',(7.265539460455E-03,-7.93321927067E-02));
#895 = CARTESIAN_POINT('',(8.753772591032E-03,-7.400486365508E-02));
#896 = CARTESIAN_POINT('',(1.02374560673E-02,-6.852478657876E-02));
#897 = CARTESIAN_POINT('',(1.170981718842E-02,-6.290274691246E-02));
#898 = CARTESIAN_POINT('',(1.31641319506E-02,-5.714990022906E-02));
#899 = CARTESIAN_POINT('',(1.459373728767E-02,-5.127775350785E-02));
#900 = CARTESIAN_POINT('',(1.599204378555E-02,-4.529814554349E-02));
#901 = CARTESIAN_POINT('',(1.735254967744E-02,-3.922322653331E-02));
#902 = CARTESIAN_POINT('',(1.866885665352E-02,-3.306543681518E-02));
#903 = CARTESIAN_POINT('',(1.993468878592E-02,-2.683748476531E-02));
#904 = CARTESIAN_POINT('',(2.114391252843E-02,-2.05523235175E-02));
#905 = CARTESIAN_POINT('',(2.229056778411E-02,-1.422312729052E-02));
#906 = CARTESIAN_POINT('',(2.336887401756E-02,-7.863263717886E-03));
#907 = CARTESIAN_POINT('',(2.437334724545E-02,-1.486274947476E-03));
#908 = CARTESIAN_POINT('',(2.529851995242E-02,4.894181024463E-03));
#909 = CARTESIAN_POINT('',(2.614015584053E-02,1.126424869999E-02));
#910 = CARTESIAN_POINT('',(2.68913577054E-02,1.761394992141E-02));
#911 = CARTESIAN_POINT('',(2.75623048452E-02,2.397181061809E-02));
#912 = CARTESIAN_POINT('',(2.810513410574E-02,3.032834241504E-02));
#913 = CARTESIAN_POINT('',(2.851180345967E-02,3.666494326644E-02));
#914 = CARTESIAN_POINT('',(2.877800772761E-02,4.292281826456E-02));
#915 = CARTESIAN_POINT('',(2.890319414805E-02,4.90864403197E-02));
#916 = CARTESIAN_POINT('',(2.888794565591E-02,5.514041467013E-02));
#917 = CARTESIAN_POINT('',(2.873371088381E-02,6.106955515169E-02));
#918 = CARTESIAN_POINT('',(2.844287355494E-02,6.685895840626E-02));
#919 = CARTESIAN_POINT('',(2.801871894808E-02,7.249407886938E-02));
#920 = CARTESIAN_POINT('',(2.746541224125E-02,7.796080223249E-02));
#921 = CARTESIAN_POINT('',(2.678795826358E-02,8.324551641106E-02));
#922 = CARTESIAN_POINT('',(2.599215034219E-02,8.833517875826E-02));
#923 = CARTESIAN_POINT('',(2.508450636744E-02,9.321737846238E-02));
#924 = CARTESIAN_POINT('',(2.407219300325E-02,9.788039320251E-02));
#925 = CARTESIAN_POINT('',(2.296293855142E-02,0.102313239351));
#926 = CARTESIAN_POINT('',(2.17649353365E-02,0.106505715259));
#927 = CARTESIAN_POINT('',(2.048673254581E-02,0.110448437446));
#928 = CARTESIAN_POINT('',(1.913712045281E-02,0.114132869806));
#929 = CARTESIAN_POINT('',(1.772500672829E-02,0.117551346206));
#930 = CARTESIAN_POINT('',(1.625928499969E-02,0.120697086953));
#931 = CARTESIAN_POINT('',(1.474869478855E-02,0.12356420939));
#932 = CARTESIAN_POINT('',(1.320167021797E-02,0.126147731594));
#933 = CARTESIAN_POINT('',(1.162617256555E-02,0.12844356487));
#934 = CARTESIAN_POINT('',(1.002949942098E-02,0.130448482523));
#935 = CARTESIAN_POINT('',(8.41806670295E-03,0.132160035942));
#936 = CARTESIAN_POINT('',(6.797178215922E-03,0.133576358791));
#937 = CARTESIAN_POINT('',(5.170877447426E-03,0.134695775967));
#938 = CARTESIAN_POINT('',(3.542104791625E-03,0.135516171554));
#939 = CARTESIAN_POINT('',(1.913633869798E-03,0.136034448065));
#940 = CARTESIAN_POINT('',(2.895512495679E-04,0.136246954251));
#941 = CARTESIAN_POINT('',(-1.313078919162E-03,0.136152779359));
#942 = CARTESIAN_POINT('',(-2.870611326398E-03,0.135765688413));
#943 = CARTESIAN_POINT('',(-4.357882730834E-03,0.13508472303));
#944 = CARTESIAN_POINT('',(-5.761495666486E-03,0.134120165311));
#945 = CARTESIAN_POINT('',(-7.08182166573E-03,0.132880226074));
#946 = CARTESIAN_POINT('',(-8.32075128028E-03,0.131371771034));
#947 = CARTESIAN_POINT('',(-9.480307250269E-03,0.129600502511));
#948 = CARTESIAN_POINT('',(-1.056201490885E-02,0.127571698264));
#949 = CARTESIAN_POINT('',(-1.156693631185E-02,0.125290758443));
#950 = CARTESIAN_POINT('',(-1.249586779416E-02,0.122763454317));
#951 = CARTESIAN_POINT('',(-1.334953867207E-02,0.119995991962));
#952 = CARTESIAN_POINT('',(-1.412875966095E-02,0.116994990269));
#953 = CARTESIAN_POINT('',(-1.483452785322E-02,0.113767428473));
#954 = CARTESIAN_POINT('',(-1.546810076966E-02,0.110320587817));
#955 = CARTESIAN_POINT('',(-1.603105006323E-02,0.106661997173));
#956 = CARTESIAN_POINT('',(-1.652530109502E-02,0.102799386029));
#957 = CARTESIAN_POINT('',(-1.695316165899E-02,9.87406458064E-02));
#958 = CARTESIAN_POINT('',(-1.731734127515E-02,9.449379960115E-02));
#959 = CARTESIAN_POINT('',(-1.76209614836E-02,9.006698012962E-02));
#960 = CARTESIAN_POINT('',(-1.786755710047E-02,8.546841552627E-02));
#961 = CARTESIAN_POINT('',(-1.806106824416E-02,8.07064225306E-02));
#962 = CARTESIAN_POINT('',(-1.820582296059E-02,7.57894064769E-02));
#963 = CARTESIAN_POINT('',(-1.830651044806E-02,7.072586736378E-02));
#964 = CARTESIAN_POINT('',(-1.836814495047E-02,6.552441114123E-02));
#965 = CARTESIAN_POINT('',(-1.839602113188E-02,6.01937652247E-02));
#966 = CARTESIAN_POINT('',(-1.839566000856E-02,5.47427971411E-02));
#967 = CARTESIAN_POINT('',(-1.837275241502E-02,4.918053514102E-02));
#968 = CARTESIAN_POINT('',(-1.833307771552E-02,4.351618957893E-02));
#969 = CARTESIAN_POINT('',(-1.828248891954E-02,3.775917388073E-02));
#970 = CARTESIAN_POINT('',(-1.822662198954E-02,3.191912395671E-02));
#971 = CARTESIAN_POINT('',(-1.8171239569E-02,2.596261249932E-02));
#972 = CARTESIAN_POINT('',(-1.811993505089E-02,1.98968055212E-02));
#973 = CARTESIAN_POINT('',(-1.803389266205E-02,1.373370456834E-02));
#974 = CARTESIAN_POINT('',(-1.792802763451E-02,7.528826769154E-03));
#975 = CARTESIAN_POINT('',(-1.780340797432E-02,1.298073054693E-03));
#976 = CARTESIAN_POINT('',(-1.766451330124E-02,-4.946202076236E-03));
#977 = CARTESIAN_POINT('',(-1.751461249523E-02,-1.119152357778E-02));
#978 = CARTESIAN_POINT('',(-1.735697819382E-02,-1.742532940529E-02));
#979 = CARTESIAN_POINT('',(-1.719452278756E-02,-2.363499319292E-02));
#980 = CARTESIAN_POINT('',(-1.702986864528E-02,-2.98078515587E-02));
#981 = CARTESIAN_POINT('',(-1.686531195345E-02,-3.593123152198E-02));
#982 = CARTESIAN_POINT('',(-1.670282490261E-02,-4.19924788891E-02));
#983 = CARTESIAN_POINT('',(-1.654405718686E-02,-4.797898703959E-02));
#984 = CARTESIAN_POINT('',(-1.639034656932E-02,-5.3878225956E-02));
#985 = CARTESIAN_POINT('',(-1.624273505355E-02,-5.967777127522E-02));
#986 = CARTESIAN_POINT('',(-1.610199051186E-02,-6.536533320952E-02));
#987 = CARTESIAN_POINT('',(-1.596863259493E-02,-7.092878522597E-02));
#988 = CARTESIAN_POINT('',(-1.584296191302E-02,-7.635619242188E-02));
#989 = CARTESIAN_POINT('',(-1.572509137841E-02,-8.163583957779E-02));
#990 = CARTESIAN_POINT('',(-1.561497861684E-02,-8.675625890805E-02));
#991 = CARTESIAN_POINT('',(-1.551245838866E-02,-9.17062575585E-02));
#992 = CARTESIAN_POINT('',(-1.541727403338E-02,-9.647494491997E-02));
#993 = CARTESIAN_POINT('',(-1.532910705222E-02,-0.101051759834));
#994 = CARTESIAN_POINT('',(-1.524760407008E-02,-0.105426497759));
#995 = CARTESIAN_POINT('',(-1.517240056486E-02,-0.109589337958));
#996 = CARTESIAN_POINT('',(-1.510314091198E-02,-0.113530870726));
#997 = CARTESIAN_POINT('',(-1.503949445957E-02,-0.117242124645));
#998 = CARTESIAN_POINT('',(-1.498116751846E-02,-0.120714593824));
#999 = CARTESIAN_POINT('',(-1.492791131475E-02,-0.123940264997));
#1000 = CARTESIAN_POINT('',(-1.487952610564E-02,-0.126911644347));
#1001 = CARTESIAN_POINT('',(-1.483586179595E-02,-0.129621783825));
#1002 = CARTESIAN_POINT('',(-1.479681550951E-02,-0.132064306743));
#1003 = CARTESIAN_POINT('',(-1.476232666187E-02,-0.134233432319));
#1004 = CARTESIAN_POINT('',(-1.473237014659E-02,-0.136123998893));
#1005 = CARTESIAN_POINT('',(-1.470694828516E-02,-0.137731485453));
#1006 = CARTESIAN_POINT('',(-1.468608219894E-02,-0.13905203114));
#1007 = CARTESIAN_POINT('',(-1.466980324214E-02,-0.140082452423));
#1008 = CARTESIAN_POINT('',(-1.465814508816E-02,-0.140820257606));
#1009 = CARTESIAN_POINT('',(-1.46511369907E-02,-0.141263658422));
#1010 = CARTESIAN_POINT('',(-1.464801856817E-02,-0.141460925169));
#1011 = CARTESIAN_POINT('',(-1.464723845063E-02,-0.141510271853));
#1012 = ( GEOMETRIC_REPRESENTATION_CONTEXT(2) 
PARAMETRIC_REPRESENTATION_CONTEXT() REPRESENTATION_CONTEXT('2D SPACE',''
  ) );
#1013 = ORIENTED_EDGE('',*,*,#1014,.F.);
#1014 = EDGE_CURVE('',#1015,#711,#1017,.T.);
#1015 = VERTEX_POINT('',#1016);
#1016 = CARTESIAN_POINT('',(-0.277614452289,1.195,-1.334157566135E-02));
#1017 = SURFACE_CURVE('',#1018,(#1022,#1029),.PCURVE_S1.);
#1018 = LINE('',#1019,#1020);
#1019 = CARTESIAN_POINT('',(-0.277614452289,0.,-1.334157566135E-02));
#1020 = VECTOR('',#1021,1.);
#1021 = DIRECTION('',(0.,1.,0.));
#1022 = PCURVE('',#170,#1023);
#1023 = DEFINITIONAL_REPRESENTATION('',(#1024),#1028);
#1024 = LINE('',#1025,#1026);
#1025 = CARTESIAN_POINT('',(0.577540139166,0.));
#1026 = VECTOR('',#1027,1.);
#1027 = DIRECTION('',(0.,-1.));
#1028 = ( GEOMETRIC_REPRESENTATION_CONTEXT(2) 
PARAMETRIC_REPRESENTATION_CONTEXT() REPRESENTATION_CONTEXT('2D SPACE',''
  ) );
#1029 = PCURVE('',#698,#1030);
#1030 = DEFINITIONAL_REPRESENTATION('',(#1031),#1035);
#1031 = LINE('',#1032,#1033);
#1032 = CARTESIAN_POINT('',(0.,0.));
#1033 = VECTOR('',#1034,1.);
#1034 = DIRECTION('',(0.,-1.));
#1035 = ( GEOMETRIC_REPRESENTATION_CONTEXT(2) 
PARAMETRIC_REPRESENTATION_CONTEXT() REPRESENTATION_CONTEXT('2D SPACE',''
  ) );
#1036 = ORIENTED_EDGE('',*,*,#1037,.F.);
#1037 = EDGE_CURVE('',#1038,#1015,#1040,.T.);
#1038 = VERTEX_POINT('',#1039);
#1039 = CARTESIAN_POINT('',(-0.208045610031,1.195,-1.463993131042E-02));
#1040 = SURFACE_CURVE('',#1041,(#1048,#1054),.PCURVE_S1.);
#1041 = B_SPLINE_CURVE_WITH_KNOTS('',5,(#1042,#1043,#1044,#1045,#1046,
    #1047),.UNSPECIFIED.,.F.,.F.,(6,6),(0.893605792009,1.893605792009),
  .PIECEWISE_BEZIER_KNOTS.);
#1042 = CARTESIAN_POINT('',(-0.208045610031,1.195,-1.463993131042E-02));
#1043 = CARTESIAN_POINT('',(-0.22195802553,1.195,-1.431419237014E-02));
#1044 = CARTESIAN_POINT('',(-0.235871308234,1.195,-1.402458321565E-02));
#1045 = CARTESIAN_POINT('',(-0.249785431114,1.195,-1.377902840237E-02));
#1046 = CARTESIAN_POINT('',(-0.263699963366,1.195,-1.356154863586E-02));
#1047 = CARTESIAN_POINT('',(-0.277614452289,1.195,-1.334157566135E-02));
#1048 = PCURVE('',#170,#1049);
#1049 = DEFINITIONAL_REPRESENTATION('',(#1050),#1053);
#1050 = B_SPLINE_CURVE_WITH_KNOTS('',1,(#1051,#1052),.UNSPECIFIED.,.F.,
  .F.,(2,2),(0.893605792009,1.893605792009),.PIECEWISE_BEZIER_KNOTS.);
#1051 = CARTESIAN_POINT('',(0.507958983797,-1.195));
#1052 = CARTESIAN_POINT('',(0.577540139166,-1.195));
#1053 = ( GEOMETRIC_REPRESENTATION_CONTEXT(2) 
PARAMETRIC_REPRESENTATION_CONTEXT() REPRESENTATION_CONTEXT('2D SPACE',''
  ) );
#1054 = PCURVE('',#636,#1055);
#1055 = DEFINITIONAL_REPRESENTATION('',(#1056),#1063);
#1056 = B_SPLINE_CURVE_WITH_KNOTS('',5,(#1057,#1058,#1059,#1060,#1061,
    #1062),.UNSPECIFIED.,.F.,.F.,(6,6),(0.893605792009,1.893605792009),
  .PIECEWISE_BEZIER_KNOTS.);
#1057 = CARTESIAN_POINT('',(0.,-1.234145245026E-02));
#1058 = CARTESIAN_POINT('',(1.388247714536E-02,-1.137282498237E-02));
#1059 = CARTESIAN_POINT('',(2.776749102065E-02,-1.044024856812E-02));
#1060 = CARTESIAN_POINT('',(4.165538101333E-02,-9.551640538203E-03));
#1061 = CARTESIAN_POINT('',(5.554497798277E-02,-8.691058604476E-03));
#1062 = CARTESIAN_POINT('',(6.943441639718E-02,-7.827988132267E-03));
#1063 = ( GEOMETRIC_REPRESENTATION_CONTEXT(2) 
PARAMETRIC_REPRESENTATION_CONTEXT() REPRESENTATION_CONTEXT('2D SPACE',''
  ) );
#1064 = ORIENTED_EDGE('',*,*,#1065,.T.);
#1065 = EDGE_CURVE('',#1038,#1066,#1068,.T.);
#1066 = VERTEX_POINT('',#1067);
#1067 = CARTESIAN_POINT('',(-0.202358832584,1.195,-1.477544673797E-02));
#1068 = SURFACE_CURVE('',#1069,(#1075,#1084),.PCURVE_S1.);
#1069 = B_SPLINE_CURVE_WITH_KNOTS('',4,(#1070,#1071,#1072,#1073,#1074),
  .UNSPECIFIED.,.F.,.F.,(5,5),(0.,1.),.PIECEWISE_BEZIER_KNOTS.);
#1070 = CARTESIAN_POINT('',(-0.222021328551,1.195,-1.432775145162E-02));
#1071 = CARTESIAN_POINT('',(-0.215032799918,1.195,-1.447620382753E-02));
#1072 = CARTESIAN_POINT('',(-0.208044487159,1.195,-1.463489612275E-02));
#1073 = CARTESIAN_POINT('',(-0.201056425616,1.195,-1.480410056653E-02));
#1074 = CARTESIAN_POINT('',(-0.194068557523,1.195,-1.498093282062E-02));
#1075 = PCURVE('',#170,#1076);
#1076 = DEFINITIONAL_REPRESENTATION('',(#1077),#1083);
#1077 = B_SPLINE_CURVE_WITH_KNOTS('',4,(#1078,#1079,#1080,#1081,#1082),
  .UNSPECIFIED.,.F.,.F.,(5,5),(0.,1.),.PIECEWISE_BEZIER_KNOTS.);
#1078 = CARTESIAN_POINT('',(0.521938190523,-1.195));
#1079 = CARTESIAN_POINT('',(0.514948085519,-1.195));
#1080 = CARTESIAN_POINT('',(0.507957980872,-1.195));
#1081 = CARTESIAN_POINT('',(0.500967875134,-1.195));
#1082 = CARTESIAN_POINT('',(0.493977770098,-1.195));
#1083 = ( GEOMETRIC_REPRESENTATION_CONTEXT(2) 
PARAMETRIC_REPRESENTATION_CONTEXT() REPRESENTATION_CONTEXT('2D SPACE',''
  ) );
#1084 = PCURVE('',#636,#1085);
#1085 = DEFINITIONAL_REPRESENTATION('',(#1086),#1092);
#1086 = B_SPLINE_CURVE_WITH_KNOTS('',4,(#1087,#1088,#1089,#1090,#1091),
  .UNSPECIFIED.,.F.,.F.,(5,5),(0.,1.),.PIECEWISE_BEZIER_KNOTS.);
#1087 = CARTESIAN_POINT('',(1.394633937118E-02,-1.138344276526E-02));
#1088 = CARTESIAN_POINT('',(6.97214790808E-03,-1.185484917014E-02));
#1089 = CARTESIAN_POINT('',(-1.354471641846E-06,-1.233647456289E-02));
#1090 = CARTESIAN_POINT('',(-6.974119878041E-03,-1.282858924768E-02));
#1091 = CARTESIAN_POINT('',(-1.394633937118E-02,-1.332831464147E-02));
#1092 = ( GEOMETRIC_REPRESENTATION_CONTEXT(2) 
PARAMETRIC_REPRESENTATION_CONTEXT() REPRESENTATION_CONTEXT('2D SPACE',''
  ) );
#1093 = ORIENTED_EDGE('',*,*,#1094,.T.);
#1094 = EDGE_CURVE('',#1066,#1095,#1097,.T.);
#1095 = VERTEX_POINT('',#1096);
#1096 = CARTESIAN_POINT('',(-0.202358832584,0.793,-1.477544673797E-02));
#1097 = SURFACE_CURVE('',#1098,(#1104,#1113),.PCURVE_S1.);
#1098 = B_SPLINE_CURVE_WITH_KNOTS('',4,(#1099,#1100,#1101,#1102,#1103),
  .UNSPECIFIED.,.F.,.F.,(5,5),(0.,1.),.PIECEWISE_BEZIER_KNOTS.);
#1099 = CARTESIAN_POINT('',(-0.202358832584,1.1950006,
    -1.477544673797E-02));
#1100 = CARTESIAN_POINT('',(-0.202358832584,1.0945003,
    -1.477544673797E-02));
#1101 = CARTESIAN_POINT('',(-0.202358832584,0.994,-1.477544673797E-02));
#1102 = CARTESIAN_POINT('',(-0.202358832584,0.8934997,
    -1.477544673797E-02));
#1103 = CARTESIAN_POINT('',(-0.202358832584,0.7929994,
    -1.477544673797E-02));
#1104 = PCURVE('',#170,#1105);
#1105 = DEFINITIONAL_REPRESENTATION('',(#1106),#1112);
#1106 = B_SPLINE_CURVE_WITH_KNOTS('',4,(#1107,#1108,#1109,#1110,#1111),
  .UNSPECIFIED.,.F.,.F.,(5,5),(0.,1.),.PIECEWISE_BEZIER_KNOTS.);
#1107 = CARTESIAN_POINT('',(0.50227059191,-1.1950006));
#1108 = CARTESIAN_POINT('',(0.50227059191,-1.0945003));
#1109 = CARTESIAN_POINT('',(0.50227059191,-0.994));
#1110 = CARTESIAN_POINT('',(0.50227059191,-0.8934997));
#1111 = CARTESIAN_POINT('',(0.50227059191,-0.7929994));
#1112 = ( GEOMETRIC_REPRESENTATION_CONTEXT(2) 
PARAMETRIC_REPRESENTATION_CONTEXT() REPRESENTATION_CONTEXT('2D SPACE',''
  ) );
#1113 = PCURVE('',#594,#1114);
#1114 = DEFINITIONAL_REPRESENTATION('',(#1115),#1121);
#1115 = B_SPLINE_CURVE_WITH_KNOTS('',4,(#1116,#1117,#1118,#1119,#1120),
  .UNSPECIFIED.,.F.,.F.,(5,5),(0.,1.),.PIECEWISE_BEZIER_KNOTS.);
#1116 = CARTESIAN_POINT('',(4.293357431173,0.4020006));
#1117 = CARTESIAN_POINT('',(4.293357431173,0.3015003));
#1118 = CARTESIAN_POINT('',(4.293357431173,0.201));
#1119 = CARTESIAN_POINT('',(4.293357431173,0.1004997));
#1120 = CARTESIAN_POINT('',(4.293357431173,-6.E-07));
#1121 = ( GEOMETRIC_REPRESENTATION_CONTEXT(2) 
PARAMETRIC_REPRESENTATION_CONTEXT() REPRESENTATION_CONTEXT('2D SPACE',''
  ) );
#1122 = ORIENTED_EDGE('',*,*,#1123,.F.);
#1123 = EDGE_CURVE('',#1124,#1095,#1126,.T.);
#1124 = VERTEX_POINT('',#1125);
#1125 = CARTESIAN_POINT('',(-0.208045610031,0.793,-1.463993131042E-02));
#1126 = SURFACE_CURVE('',#1127,(#1133,#1142),.PCURVE_S1.);
#1127 = B_SPLINE_CURVE_WITH_KNOTS('',4,(#1128,#1129,#1130,#1131,#1132),
  .UNSPECIFIED.,.F.,.F.,(5,5),(0.,1.),.PIECEWISE_BEZIER_KNOTS.);
#1128 = CARTESIAN_POINT('',(-0.222021328551,0.793,-1.432775145162E-02));
#1129 = CARTESIAN_POINT('',(-0.215032799918,0.793,-1.447620382753E-02));
#1130 = CARTESIAN_POINT('',(-0.208044487159,0.793,-1.463489612275E-02));
#1131 = CARTESIAN_POINT('',(-0.201056425616,0.793,-1.480410056653E-02));
#1132 = CARTESIAN_POINT('',(-0.194068557523,0.793,-1.498093282062E-02));
#1133 = PCURVE('',#170,#1134);
#1134 = DEFINITIONAL_REPRESENTATION('',(#1135),#1141);
#1135 = B_SPLINE_CURVE_WITH_KNOTS('',4,(#1136,#1137,#1138,#1139,#1140),
  .UNSPECIFIED.,.F.,.F.,(5,5),(0.,1.),.PIECEWISE_BEZIER_KNOTS.);
#1136 = CARTESIAN_POINT('',(0.521938190523,-0.793));
#1137 = CARTESIAN_POINT('',(0.514948085519,-0.793));
#1138 = CARTESIAN_POINT('',(0.507957980872,-0.793));
#1139 = CARTESIAN_POINT('',(0.500967875134,-0.793));
#1140 = CARTESIAN_POINT('',(0.493977770098,-0.793));
#1141 = ( GEOMETRIC_REPRESENTATION_CONTEXT(2) 
PARAMETRIC_REPRESENTATION_CONTEXT() REPRESENTATION_CONTEXT('2D SPACE',''
  ) );
#1142 = PCURVE('',#518,#1143);
#1143 = DEFINITIONAL_REPRESENTATION('',(#1144),#1150);
#1144 = B_SPLINE_CURVE_WITH_KNOTS('',4,(#1145,#1146,#1147,#1148,#1149),
  .UNSPECIFIED.,.F.,.F.,(5,5),(0.,1.),.PIECEWISE_BEZIER_KNOTS.);
#1145 = CARTESIAN_POINT('',(1.394633937118E-02,0.988616557235));
#1146 = CARTESIAN_POINT('',(6.97214790808E-03,0.98814515083));
#1147 = CARTESIAN_POINT('',(-1.354471641873E-06,0.987663525437));
#1148 = CARTESIAN_POINT('',(-6.974119878041E-03,0.987171410752));
#1149 = CARTESIAN_POINT('',(-1.394633937118E-02,0.986671685359));
#1150 = ( GEOMETRIC_REPRESENTATION_CONTEXT(2) 
PARAMETRIC_REPRESENTATION_CONTEXT() REPRESENTATION_CONTEXT('2D SPACE',''
  ) );
#1151 = ORIENTED_EDGE('',*,*,#1152,.F.);
#1152 = EDGE_CURVE('',#1153,#1124,#1155,.T.);
#1153 = VERTEX_POINT('',#1154);
#1154 = CARTESIAN_POINT('',(-0.277614452289,0.793,-1.334157566135E-02));
#1155 = SURFACE_CURVE('',#1156,(#1163,#1169),.PCURVE_S1.);
#1156 = B_SPLINE_CURVE_WITH_KNOTS('',5,(#1157,#1158,#1159,#1160,#1161,
    #1162),.UNSPECIFIED.,.F.,.F.,(6,6),(0.,1.),
  .PIECEWISE_BEZIER_KNOTS.);
#1157 = CARTESIAN_POINT('',(-0.277614452289,0.793,-1.334157566135E-02));
#1158 = CARTESIAN_POINT('',(-0.263699963366,0.793,-1.356154863584E-02));
#1159 = CARTESIAN_POINT('',(-0.249785431114,0.793,-1.377902840237E-02));
#1160 = CARTESIAN_POINT('',(-0.235871308234,0.793,-1.402458321565E-02));
#1161 = CARTESIAN_POINT('',(-0.22195802553,0.793,-1.431419237014E-02));
#1162 = CARTESIAN_POINT('',(-0.208045610031,0.793,-1.463993131042E-02));
#1163 = PCURVE('',#170,#1164);
#1164 = DEFINITIONAL_REPRESENTATION('',(#1165),#1168);
#1165 = B_SPLINE_CURVE_WITH_KNOTS('',1,(#1166,#1167),.UNSPECIFIED.,.F.,
  .F.,(2,2),(0.,1.),.PIECEWISE_BEZIER_KNOTS.);
#1166 = CARTESIAN_POINT('',(0.577540139166,-0.793));
#1167 = CARTESIAN_POINT('',(0.507958983797,-0.793));
#1168 = ( GEOMETRIC_REPRESENTATION_CONTEXT(2) 
PARAMETRIC_REPRESENTATION_CONTEXT() REPRESENTATION_CONTEXT('2D SPACE',''
  ) );
#1169 = PCURVE('',#518,#1170);
#1170 = DEFINITIONAL_REPRESENTATION('',(#1171),#1178);
#1171 = B_SPLINE_CURVE_WITH_KNOTS('',5,(#1172,#1173,#1174,#1175,#1176,
    #1177),.UNSPECIFIED.,.F.,.F.,(6,6),(0.,1.),
  .PIECEWISE_BEZIER_KNOTS.);
#1172 = CARTESIAN_POINT('',(6.943441639718E-02,0.992172011868));
#1173 = CARTESIAN_POINT('',(5.554497798273E-02,0.991308941396));
#1174 = CARTESIAN_POINT('',(4.165538101333E-02,0.990448359462));
#1175 = CARTESIAN_POINT('',(2.776749102065E-02,0.989559751432));
#1176 = CARTESIAN_POINT('',(1.388247714536E-02,0.988627175018));
#1177 = CARTESIAN_POINT('',(-2.775557561563E-17,0.98765854755));
#1178 = ( GEOMETRIC_REPRESENTATION_CONTEXT(2) 
PARAMETRIC_REPRESENTATION_CONTEXT() REPRESENTATION_CONTEXT('2D SPACE',''
  ) );
#1179 = ORIENTED_EDGE('',*,*,#1180,.F.);
#1180 = EDGE_CURVE('',#24,#1153,#1181,.T.);
#1181 = SURFACE_CURVE('',#1182,(#1186,#1193),.PCURVE_S1.);
#1182 = LINE('',#1183,#1184);
#1183 = CARTESIAN_POINT('',(-0.277614452289,0.,-1.334157566135E-02));
#1184 = VECTOR('',#1185,1.);
#1185 = DIRECTION('',(0.,1.,0.));
#1186 = PCURVE('',#170,#1187);
#1187 = DEFINITIONAL_REPRESENTATION('',(#1188),#1192);
#1188 = LINE('',#1189,#1190);
#1189 = CARTESIAN_POINT('',(0.577540139166,0.));
#1190 = VECTOR('',#1191,1.);
#1191 = DIRECTION('',(0.,-1.));
#1192 = ( GEOMETRIC_REPRESENTATION_CONTEXT(2) 
PARAMETRIC_REPRESENTATION_CONTEXT() REPRESENTATION_CONTEXT('2D SPACE',''
  ) );
#1193 = PCURVE('',#488,#1194);
#1194 = DEFINITIONAL_REPRESENTATION('',(#1195),#1199);
#1195 = LINE('',#1196,#1197);
#1196 = CARTESIAN_POINT('',(0.,0.));
#1197 = VECTOR('',#1198,1.);
#1198 = DIRECTION('',(0.,-1.));
#1199 = ( GEOMETRIC_REPRESENTATION_CONTEXT(2) 
PARAMETRIC_REPRESENTATION_CONTEXT() REPRESENTATION_CONTEXT('2D SPACE',''
  ) );
#1200 = FACE_BOUND('',#1201,.F.);
#1201 = EDGE_LOOP('',(#1202,#1229,#1263,#1288));
#1202 = ORIENTED_EDGE('',*,*,#1203,.F.);
#1203 = EDGE_CURVE('',#1204,#1206,#1208,.T.);
#1204 = VERTEX_POINT('',#1205);
#1205 = CARTESIAN_POINT('',(-0.176,0.916,-1.545345134612E-02));
#1206 = VERTEX_POINT('',#1207);
#1207 = CARTESIAN_POINT('',(-0.176,0.884,-1.545345134612E-02));
#1208 = SURFACE_CURVE('',#1209,(#1212,#1218),.PCURVE_S1.);
#1209 = B_SPLINE_CURVE_WITH_KNOTS('',1,(#1210,#1211),.UNSPECIFIED.,.F.,
  .F.,(2,2),(0.,1.),.PIECEWISE_BEZIER_KNOTS.);
#1210 = CARTESIAN_POINT('',(-0.176,0.916,-1.545345134612E-02));
#1211 = CARTESIAN_POINT('',(-0.176,0.884,-1.545345134612E-02));
#1212 = PCURVE('',#170,#1213);
#1213 = DEFINITIONAL_REPRESENTATION('',(#1214),#1217);
#1214 = B_SPLINE_CURVE_WITH_KNOTS('',1,(#1215,#1216),.UNSPECIFIED.,.F.,
  .F.,(2,2),(0.,1.),.PIECEWISE_BEZIER_KNOTS.);
#1215 = CARTESIAN_POINT('',(0.475903033967,-0.916));
#1216 = CARTESIAN_POINT('',(0.475903033967,-0.884));
#1217 = ( GEOMETRIC_REPRESENTATION_CONTEXT(2) 
PARAMETRIC_REPRESENTATION_CONTEXT() REPRESENTATION_CONTEXT('2D SPACE',''
  ) );
#1218 = PCURVE('',#1219,#1224);
#1219 = PLANE('',#1220);
#1220 = AXIS2_PLACEMENT_3D('',#1221,#1222,#1223);
#1221 = CARTESIAN_POINT('',(-0.176,0.884,-9.724024630191E-02));
#1222 = DIRECTION('',(1.,0.,-0.));
#1223 = DIRECTION('',(0.,0.,1.));
#1224 = DEFINITIONAL_REPRESENTATION('',(#1225),#1228);
#1225 = B_SPLINE_CURVE_WITH_KNOTS('',1,(#1226,#1227),.UNSPECIFIED.,.F.,
  .F.,(2,2),(0.,1.),.PIECEWISE_BEZIER_KNOTS.);
#1226 = CARTESIAN_POINT('',(8.178679495578E-02,-3.2E-02));
#1227 = CARTESIAN_POINT('',(8.178679495578E-02,0.));
#1228 = ( GEOMETRIC_REPRESENTATION_CONTEXT(2) 
PARAMETRIC_REPRESENTATION_CONTEXT() REPRESENTATION_CONTEXT('2D SPACE',''
  ) );
#1229 = ORIENTED_EDGE('',*,*,#1230,.T.);
#1230 = EDGE_CURVE('',#1204,#1231,#1233,.T.);
#1231 = VERTEX_POINT('',#1232);
#1232 = CARTESIAN_POINT('',(-0.144,0.916,-1.628764302033E-02));
#1233 = SURFACE_CURVE('',#1234,(#1240,#1249),.PCURVE_S1.);
#1234 = B_SPLINE_CURVE_WITH_KNOTS('',4,(#1235,#1236,#1237,#1238,#1239),
  .UNSPECIFIED.,.F.,.F.,(5,5),(0.,1.),.PIECEWISE_BEZIER_KNOTS.);
#1235 = CARTESIAN_POINT('',(-0.176,0.916,-1.545345134612E-02));
#1236 = CARTESIAN_POINT('',(-0.168000140495,0.916,-1.566745223173E-02));
#1237 = CARTESIAN_POINT('',(-0.160000366933,0.916,-1.588437333428E-02));
#1238 = CARTESIAN_POINT('',(-0.152000437163,0.916,-1.609643053277E-02));
#1239 = CARTESIAN_POINT('',(-0.144,0.916,-1.628764302033E-02));
#1240 = PCURVE('',#170,#1241);
#1241 = DEFINITIONAL_REPRESENTATION('',(#1242),#1248);
#1242 = B_SPLINE_CURVE_WITH_KNOTS('',4,(#1243,#1244,#1245,#1246,#1247),
  .UNSPECIFIED.,.F.,.F.,(5,5),(0.,1.),.PIECEWISE_BEZIER_KNOTS.);
#1243 = CARTESIAN_POINT('',(0.475903033965,-0.916));
#1244 = CARTESIAN_POINT('',(0.467900312653,-0.916));
#1245 = CARTESIAN_POINT('',(0.459897592343,-0.916));
#1246 = CARTESIAN_POINT('',(0.451894873049,-0.916));
#1247 = CARTESIAN_POINT('',(0.443892151975,-0.916));
#1248 = ( GEOMETRIC_REPRESENTATION_CONTEXT(2) 
PARAMETRIC_REPRESENTATION_CONTEXT() REPRESENTATION_CONTEXT('2D SPACE',''
  ) );
#1249 = PCURVE('',#1250,#1255);
#1250 = PLANE('',#1251);
#1251 = AXIS2_PLACEMENT_3D('',#1252,#1253,#1254);
#1252 = CARTESIAN_POINT('',(-0.176,0.916,-9.724024630191E-02));
#1253 = DIRECTION('',(-0.,1.,0.));
#1254 = DIRECTION('',(0.,0.,1.));
#1255 = DEFINITIONAL_REPRESENTATION('',(#1256),#1262);
#1256 = B_SPLINE_CURVE_WITH_KNOTS('',4,(#1257,#1258,#1259,#1260,#1261),
  .UNSPECIFIED.,.F.,.F.,(5,5),(0.,1.),.PIECEWISE_BEZIER_KNOTS.);
#1257 = CARTESIAN_POINT('',(8.178679495578E-02,0.));
#1258 = CARTESIAN_POINT('',(8.157279407017E-02,7.999859505103E-03));
#1259 = CARTESIAN_POINT('',(8.135587296762E-02,1.599963306697E-02));
#1260 = CARTESIAN_POINT('',(8.114381576914E-02,2.399956283669E-02));
#1261 = CARTESIAN_POINT('',(8.095260328158E-02,3.2E-02));
#1262 = ( GEOMETRIC_REPRESENTATION_CONTEXT(2) 
PARAMETRIC_REPRESENTATION_CONTEXT() REPRESENTATION_CONTEXT('2D SPACE',''
  ) );
#1263 = ORIENTED_EDGE('',*,*,#1264,.T.);
#1264 = EDGE_CURVE('',#1231,#1265,#1267,.T.);
#1265 = VERTEX_POINT('',#1266);
#1266 = CARTESIAN_POINT('',(-0.144,0.884,-1.628764302033E-02));
#1267 = SURFACE_CURVE('',#1268,(#1271,#1277),.PCURVE_S1.);
#1268 = B_SPLINE_CURVE_WITH_KNOTS('',1,(#1269,#1270),.UNSPECIFIED.,.F.,
  .F.,(2,2),(0.,1.),.PIECEWISE_BEZIER_KNOTS.);
#1269 = CARTESIAN_POINT('',(-0.144,0.916,-1.628764302033E-02));
#1270 = CARTESIAN_POINT('',(-0.144,0.884,-1.628764302033E-02));
#1271 = PCURVE('',#170,#1272);
#1272 = DEFINITIONAL_REPRESENTATION('',(#1273),#1276);
#1273 = B_SPLINE_CURVE_WITH_KNOTS('',1,(#1274,#1275),.UNSPECIFIED.,.F.,
  .F.,(2,2),(0.,1.),.PIECEWISE_BEZIER_KNOTS.);
#1274 = CARTESIAN_POINT('',(0.443892151738,-0.916));
#1275 = CARTESIAN_POINT('',(0.443892151738,-0.884));
#1276 = ( GEOMETRIC_REPRESENTATION_CONTEXT(2) 
PARAMETRIC_REPRESENTATION_CONTEXT() REPRESENTATION_CONTEXT('2D SPACE',''
  ) );
#1277 = PCURVE('',#1278,#1283);
#1278 = PLANE('',#1279);
#1279 = AXIS2_PLACEMENT_3D('',#1280,#1281,#1282);
#1280 = CARTESIAN_POINT('',(-0.144,0.884,-9.724024630191E-02));
#1281 = DIRECTION('',(1.,0.,-0.));
#1282 = DIRECTION('',(0.,0.,1.));
#1283 = DEFINITIONAL_REPRESENTATION('',(#1284),#1287);
#1284 = B_SPLINE_CURVE_WITH_KNOTS('',1,(#1285,#1286),.UNSPECIFIED.,.F.,
  .F.,(2,2),(0.,1.),.PIECEWISE_BEZIER_KNOTS.);
#1285 = CARTESIAN_POINT('',(8.095260328158E-02,-3.2E-02));
#1286 = CARTESIAN_POINT('',(8.095260328158E-02,0.));
#1287 = ( GEOMETRIC_REPRESENTATION_CONTEXT(2) 
PARAMETRIC_REPRESENTATION_CONTEXT() REPRESENTATION_CONTEXT('2D SPACE',''
  ) );
#1288 = ORIENTED_EDGE('',*,*,#1289,.F.);
#1289 = EDGE_CURVE('',#1206,#1265,#1290,.T.);
#1290 = SURFACE_CURVE('',#1291,(#1297,#1306),.PCURVE_S1.);
#1291 = B_SPLINE_CURVE_WITH_KNOTS('',4,(#1292,#1293,#1294,#1295,#1296),
  .UNSPECIFIED.,.F.,.F.,(5,5),(0.,1.),.PIECEWISE_BEZIER_KNOTS.);
#1292 = CARTESIAN_POINT('',(-0.176,0.884,-1.545345134612E-02));
#1293 = CARTESIAN_POINT('',(-0.168000140495,0.884,-1.566745223173E-02));
#1294 = CARTESIAN_POINT('',(-0.160000366933,0.884,-1.588437333428E-02));
#1295 = CARTESIAN_POINT('',(-0.152000437163,0.884,-1.609643053277E-02));
#1296 = CARTESIAN_POINT('',(-0.144,0.884,-1.628764302033E-02));
#1297 = PCURVE('',#170,#1298);
#1298 = DEFINITIONAL_REPRESENTATION('',(#1299),#1305);
#1299 = B_SPLINE_CURVE_WITH_KNOTS('',4,(#1300,#1301,#1302,#1303,#1304),
  .UNSPECIFIED.,.F.,.F.,(5,5),(0.,1.),.PIECEWISE_BEZIER_KNOTS.);
#1300 = CARTESIAN_POINT('',(0.475903033965,-0.884));
#1301 = CARTESIAN_POINT('',(0.467900312653,-0.884));
#1302 = CARTESIAN_POINT('',(0.459897592343,-0.884));
#1303 = CARTESIAN_POINT('',(0.451894873049,-0.884));
#1304 = CARTESIAN_POINT('',(0.443892151975,-0.884));
#1305 = ( GEOMETRIC_REPRESENTATION_CONTEXT(2) 
PARAMETRIC_REPRESENTATION_CONTEXT() REPRESENTATION_CONTEXT('2D SPACE',''
  ) );
#1306 = PCURVE('',#1307,#1312);
#1307 = PLANE('',#1308);
#1308 = AXIS2_PLACEMENT_3D('',#1309,#1310,#1311);
#1309 = CARTESIAN_POINT('',(-0.176,0.884,-9.724024630191E-02));
#1310 = DIRECTION('',(-0.,1.,0.));
#1311 = DIRECTION('',(0.,0.,1.));
#1312 = DEFINITIONAL_REPRESENTATION('',(#1313),#1319);
#1313 = B_SPLINE_CURVE_WITH_KNOTS('',4,(#1314,#1315,#1316,#1317,#1318),
  .UNSPECIFIED.,.F.,.F.,(5,5),(0.,1.),.PIECEWISE_BEZIER_KNOTS.);
#1314 = CARTESIAN_POINT('',(8.178679495578E-02,0.));
#1315 = CARTESIAN_POINT('',(8.157279407017E-02,7.999859505103E-03));
#1316 = CARTESIAN_POINT('',(8.135587296762E-02,1.599963306697E-02));
#1317 = CARTESIAN_POINT('',(8.114381576914E-02,2.399956283669E-02));
#1318 = CARTESIAN_POINT('',(8.095260328158E-02,3.2E-02));
#1319 = ( GEOMETRIC_REPRESENTATION_CONTEXT(2) 
PARAMETRIC_REPRESENTATION_CONTEXT() REPRESENTATION_CONTEXT('2D SPACE',''
  ) );
#1320 = ADVANCED_FACE('',(#1321),#322,.F.);
#1321 = FACE_BOUND('',#1322,.F.);
#1322 = EDGE_LOOP('',(#1323,#1324));
#1323 = ORIENTED_EDGE('',*,*,#21,.T.);
#1324 = ORIENTED_EDGE('',*,*,#1325,.T.);
#1325 = EDGE_CURVE('',#24,#22,#1326,.T.);
#1326 = SURFACE_CURVE('',#1327,(#1331,#1338),.PCURVE_S1.);
#1327 = LINE('',#1328,#1329);
#1328 = CARTESIAN_POINT('',(-0.277614452289,0.,-1.334157566135E-02));
#1329 = VECTOR('',#1330,1.);
#1330 = DIRECTION('',(-0.17785154589,0.,0.98405732944));
#1331 = PCURVE('',#322,#1332);
#1332 = DEFINITIONAL_REPRESENTATION('',(#1333),#1337);
#1333 = LINE('',#1334,#1335);
#1334 = CARTESIAN_POINT('',(-1.464723845063E-02,-0.141510271853));
#1335 = VECTOR('',#1336,1.);
#1336 = DIRECTION('',(0.98405732944,-0.17785154589));
#1337 = ( GEOMETRIC_REPRESENTATION_CONTEXT(2) 
PARAMETRIC_REPRESENTATION_CONTEXT() REPRESENTATION_CONTEXT('2D SPACE',''
  ) );
#1338 = PCURVE('',#488,#1339);
#1339 = DEFINITIONAL_REPRESENTATION('',(#1340),#1344);
#1340 = LINE('',#1341,#1342);
#1341 = CARTESIAN_POINT('',(0.,0.));
#1342 = VECTOR('',#1343,1.);
#1343 = DIRECTION('',(1.,0.));
#1344 = ( GEOMETRIC_REPRESENTATION_CONTEXT(2) 
PARAMETRIC_REPRESENTATION_CONTEXT() REPRESENTATION_CONTEXT('2D SPACE',''
  ) );
#1345 = ADVANCED_FACE('',(#1346),#488,.F.);
#1346 = FACE_BOUND('',#1347,.F.);
#1347 = EDGE_LOOP('',(#1348,#1349,#1350,#1370));
#1348 = ORIENTED_EDGE('',*,*,#1325,.F.);
#1349 = ORIENTED_EDGE('',*,*,#1180,.T.);
#1350 = ORIENTED_EDGE('',*,*,#1351,.T.);
#1351 = EDGE_CURVE('',#1153,#473,#1352,.T.);
#1352 = SURFACE_CURVE('',#1353,(#1357,#1363),.PCURVE_S1.);
#1353 = LINE('',#1354,#1355);
#1354 = CARTESIAN_POINT('',(-0.189342702508,0.793,-0.501751512837));
#1355 = VECTOR('',#1356,1.);
#1356 = DIRECTION('',(-0.17785154589,0.,0.98405732944));
#1357 = PCURVE('',#488,#1358);
#1358 = DEFINITIONAL_REPRESENTATION('',(#1359),#1362);
#1359 = B_SPLINE_CURVE_WITH_KNOTS('',1,(#1360,#1361),.UNSPECIFIED.,.F.,
  .F.,(2,2),(0.496322645607,0.497315105607),.PIECEWISE_BEZIER_KNOTS.);
#1360 = CARTESIAN_POINT('',(0.,-0.793));
#1361 = CARTESIAN_POINT('',(9.9246E-04,-0.793));
#1362 = ( GEOMETRIC_REPRESENTATION_CONTEXT(2) 
PARAMETRIC_REPRESENTATION_CONTEXT() REPRESENTATION_CONTEXT('2D SPACE',''
  ) );
#1363 = PCURVE('',#518,#1364);
#1364 = DEFINITIONAL_REPRESENTATION('',(#1365),#1369);
#1365 = LINE('',#1366,#1367);
#1366 = CARTESIAN_POINT('',(3.838569188381E-03,0.500203157802));
#1367 = VECTOR('',#1368,1.);
#1368 = DIRECTION('',(0.132163720091,0.991227900683));
#1369 = ( GEOMETRIC_REPRESENTATION_CONTEXT(2) 
PARAMETRIC_REPRESENTATION_CONTEXT() REPRESENTATION_CONTEXT('2D SPACE',''
  ) );
#1370 = ORIENTED_EDGE('',*,*,#472,.F.);
#1371 = ADVANCED_FACE('',(#1372),#518,.T.);
#1372 = FACE_BOUND('',#1373,.T.);
#1373 = EDGE_LOOP('',(#1374,#1375,#1376,#1398,#1399,#1400));
#1374 = ORIENTED_EDGE('',*,*,#500,.F.);
#1375 = ORIENTED_EDGE('',*,*,#533,.F.);
#1376 = ORIENTED_EDGE('',*,*,#1377,.T.);
#1377 = EDGE_CURVE('',#534,#1095,#1378,.T.);
#1378 = SURFACE_CURVE('',#1379,(#1384,#1391),.PCURVE_S1.);
#1379 = CIRCLE('',#1380,1.394633937118E-02);
#1380 = AXIS2_PLACEMENT_3D('',#1381,#1382,#1383);
#1381 = CARTESIAN_POINT('',(-0.208616213839,0.793,-2.311676775576E-03));
#1382 = DIRECTION('',(0.,1.,0.));
#1383 = DIRECTION('',(-0.998930602741,0.,-4.623473702433E-02));
#1384 = PCURVE('',#518,#1385);
#1385 = DEFINITIONAL_REPRESENTATION('',(#1386),#1390);
#1386 = CIRCLE('',#1387,1.394633937118E-02);
#1387 = AXIS2_PLACEMENT_2D('',#1388,#1389);
#1388 = CARTESIAN_POINT('',(0.,1.));
#1389 = DIRECTION('',(1.,0.));
#1390 = ( GEOMETRIC_REPRESENTATION_CONTEXT(2) 
PARAMETRIC_REPRESENTATION_CONTEXT() REPRESENTATION_CONTEXT('2D SPACE',''
  ) );
#1391 = PCURVE('',#594,#1392);
#1392 = DEFINITIONAL_REPRESENTATION('',(#1393),#1397);
#1393 = LINE('',#1394,#1395);
#1394 = CARTESIAN_POINT('',(0.,0.));
#1395 = VECTOR('',#1396,1.);
#1396 = DIRECTION('',(1.,0.));
#1397 = ( GEOMETRIC_REPRESENTATION_CONTEXT(2) 
PARAMETRIC_REPRESENTATION_CONTEXT() REPRESENTATION_CONTEXT('2D SPACE',''
  ) );
#1398 = ORIENTED_EDGE('',*,*,#1123,.F.);
#1399 = ORIENTED_EDGE('',*,*,#1152,.F.);
#1400 = ORIENTED_EDGE('',*,*,#1351,.T.);
#1401 = ADVANCED_FACE('',(#1402),#594,.F.);
#1402 = FACE_BOUND('',#1403,.F.);
#1403 = EDGE_LOOP('',(#1404,#1426,#1427,#1428));
#1404 = ORIENTED_EDGE('',*,*,#1405,.F.);
#1405 = EDGE_CURVE('',#575,#1066,#1406,.T.);
#1406 = SURFACE_CURVE('',#1407,(#1412,#1419),.PCURVE_S1.);
#1407 = CIRCLE('',#1408,1.394633937118E-02);
#1408 = AXIS2_PLACEMENT_3D('',#1409,#1410,#1411);
#1409 = CARTESIAN_POINT('',(-0.208616213839,1.195,-2.311676775576E-03));
#1410 = DIRECTION('',(0.,1.,0.));
#1411 = DIRECTION('',(-0.998930602741,0.,-4.623473702433E-02));
#1412 = PCURVE('',#594,#1413);
#1413 = DEFINITIONAL_REPRESENTATION('',(#1414),#1418);
#1414 = LINE('',#1415,#1416);
#1415 = CARTESIAN_POINT('',(0.,0.402));
#1416 = VECTOR('',#1417,1.);
#1417 = DIRECTION('',(1.,0.));
#1418 = ( GEOMETRIC_REPRESENTATION_CONTEXT(2) 
PARAMETRIC_REPRESENTATION_CONTEXT() REPRESENTATION_CONTEXT('2D SPACE',''
  ) );
#1419 = PCURVE('',#636,#1420);
#1420 = DEFINITIONAL_REPRESENTATION('',(#1421),#1425);
#1421 = CIRCLE('',#1422,1.394633937118E-02);
#1422 = AXIS2_PLACEMENT_2D('',#1423,#1424);
#1423 = CARTESIAN_POINT('',(0.,0.));
#1424 = DIRECTION('',(1.,0.));
#1425 = ( GEOMETRIC_REPRESENTATION_CONTEXT(2) 
PARAMETRIC_REPRESENTATION_CONTEXT() REPRESENTATION_CONTEXT('2D SPACE',''
  ) );
#1426 = ORIENTED_EDGE('',*,*,#574,.T.);
#1427 = ORIENTED_EDGE('',*,*,#1377,.T.);
#1428 = ORIENTED_EDGE('',*,*,#1094,.F.);
#1429 = ADVANCED_FACE('',(#1430),#636,.F.);
#1430 = FACE_BOUND('',#1431,.F.);
#1431 = EDGE_LOOP('',(#1432,#1433,#1434,#1435,#1436,#1456));
#1432 = ORIENTED_EDGE('',*,*,#608,.F.);
#1433 = ORIENTED_EDGE('',*,*,#1405,.T.);
#1434 = ORIENTED_EDGE('',*,*,#1065,.F.);
#1435 = ORIENTED_EDGE('',*,*,#1037,.T.);
#1436 = ORIENTED_EDGE('',*,*,#1437,.T.);
#1437 = EDGE_CURVE('',#1015,#655,#1438,.T.);
#1438 = SURFACE_CURVE('',#1439,(#1443,#1450),.PCURVE_S1.);
#1439 = LINE('',#1440,#1441);
#1440 = CARTESIAN_POINT('',(-0.189342702508,1.195,-0.501751512837));
#1441 = VECTOR('',#1442,1.);
#1442 = DIRECTION('',(-0.17785154589,0.,0.98405732944));
#1443 = PCURVE('',#636,#1444);
#1444 = DEFINITIONAL_REPRESENTATION('',(#1445),#1449);
#1445 = LINE('',#1446,#1447);
#1446 = CARTESIAN_POINT('',(3.838569188381E-03,-0.499796842198));
#1447 = VECTOR('',#1448,1.);
#1448 = DIRECTION('',(0.132163720091,0.991227900683));
#1449 = ( GEOMETRIC_REPRESENTATION_CONTEXT(2) 
PARAMETRIC_REPRESENTATION_CONTEXT() REPRESENTATION_CONTEXT('2D SPACE',''
  ) );
#1450 = PCURVE('',#698,#1451);
#1451 = DEFINITIONAL_REPRESENTATION('',(#1452),#1455);
#1452 = B_SPLINE_CURVE_WITH_KNOTS('',1,(#1453,#1454),.UNSPECIFIED.,.F.,
  .F.,(2,2),(0.496322645607,0.497315105607),.PIECEWISE_BEZIER_KNOTS.);
#1453 = CARTESIAN_POINT('',(0.,-1.195));
#1454 = CARTESIAN_POINT('',(9.9246E-04,-1.195));
#1455 = ( GEOMETRIC_REPRESENTATION_CONTEXT(2) 
PARAMETRIC_REPRESENTATION_CONTEXT() REPRESENTATION_CONTEXT('2D SPACE',''
  ) );
#1456 = ORIENTED_EDGE('',*,*,#654,.T.);
#1457 = ADVANCED_FACE('',(#1458),#698,.F.);
#1458 = FACE_BOUND('',#1459,.F.);
#1459 = EDGE_LOOP('',(#1460,#1461,#1462,#1483));
#1460 = ORIENTED_EDGE('',*,*,#1437,.F.);
#1461 = ORIENTED_EDGE('',*,*,#1014,.T.);
#1462 = ORIENTED_EDGE('',*,*,#1463,.T.);
#1463 = EDGE_CURVE('',#711,#683,#1464,.T.);
#1464 = SURFACE_CURVE('',#1465,(#1469,#1476),.PCURVE_S1.);
#1465 = LINE('',#1466,#1467);
#1466 = CARTESIAN_POINT('',(-0.277614452289,1.255,-1.334157566135E-02));
#1467 = VECTOR('',#1468,1.);
#1468 = DIRECTION('',(-0.17785154589,0.,0.98405732944));
#1469 = PCURVE('',#698,#1470);
#1470 = DEFINITIONAL_REPRESENTATION('',(#1471),#1475);
#1471 = LINE('',#1472,#1473);
#1472 = CARTESIAN_POINT('',(0.,-1.255));
#1473 = VECTOR('',#1474,1.);
#1474 = DIRECTION('',(1.,0.));
#1475 = ( GEOMETRIC_REPRESENTATION_CONTEXT(2) 
PARAMETRIC_REPRESENTATION_CONTEXT() REPRESENTATION_CONTEXT('2D SPACE',''
  ) );
#1476 = PCURVE('',#864,#1477);
#1477 = DEFINITIONAL_REPRESENTATION('',(#1478),#1482);
#1478 = LINE('',#1479,#1480);
#1479 = CARTESIAN_POINT('',(-1.464723845063E-02,-0.141510271853));
#1480 = VECTOR('',#1481,1.);
#1481 = DIRECTION('',(0.98405732944,-0.17785154589));
#1482 = ( GEOMETRIC_REPRESENTATION_CONTEXT(2) 
PARAMETRIC_REPRESENTATION_CONTEXT() REPRESENTATION_CONTEXT('2D SPACE',''
  ) );
#1483 = ORIENTED_EDGE('',*,*,#682,.F.);
#1484 = ADVANCED_FACE('',(#1485),#864,.T.);
#1485 = FACE_BOUND('',#1486,.T.);
#1486 = EDGE_LOOP('',(#1487,#1488));
#1487 = ORIENTED_EDGE('',*,*,#710,.T.);
#1488 = ORIENTED_EDGE('',*,*,#1463,.T.);
#1489 = ADVANCED_FACE('',(#1490),#1219,.T.);
#1490 = FACE_BOUND('',#1491,.T.);
#1491 = EDGE_LOOP('',(#1492,#1515,#1516,#1539));
#1492 = ORIENTED_EDGE('',*,*,#1493,.F.);
#1493 = EDGE_CURVE('',#1206,#1494,#1496,.T.);
#1494 = VERTEX_POINT('',#1495);
#1495 = CARTESIAN_POINT('',(-0.176,0.884,9.759753698094E-03));
#1496 = SURFACE_CURVE('',#1497,(#1501,#1508),.PCURVE_S1.);
#1497 = LINE('',#1498,#1499);
#1498 = CARTESIAN_POINT('',(-0.176,0.884,-9.724024630191E-02));
#1499 = VECTOR('',#1500,1.);
#1500 = DIRECTION('',(0.,0.,1.));
#1501 = PCURVE('',#1219,#1502);
#1502 = DEFINITIONAL_REPRESENTATION('',(#1503),#1507);
#1503 = LINE('',#1504,#1505);
#1504 = CARTESIAN_POINT('',(0.,0.));
#1505 = VECTOR('',#1506,1.);
#1506 = DIRECTION('',(1.,0.));
#1507 = ( GEOMETRIC_REPRESENTATION_CONTEXT(2) 
PARAMETRIC_REPRESENTATION_CONTEXT() REPRESENTATION_CONTEXT('2D SPACE',''
  ) );
#1508 = PCURVE('',#1307,#1509);
#1509 = DEFINITIONAL_REPRESENTATION('',(#1510),#1514);
#1510 = LINE('',#1511,#1512);
#1511 = CARTESIAN_POINT('',(0.,0.));
#1512 = VECTOR('',#1513,1.);
#1513 = DIRECTION('',(1.,0.));
#1514 = ( GEOMETRIC_REPRESENTATION_CONTEXT(2) 
PARAMETRIC_REPRESENTATION_CONTEXT() REPRESENTATION_CONTEXT('2D SPACE',''
  ) );
#1515 = ORIENTED_EDGE('',*,*,#1203,.F.);
#1516 = ORIENTED_EDGE('',*,*,#1517,.T.);
#1517 = EDGE_CURVE('',#1204,#1518,#1520,.T.);
#1518 = VERTEX_POINT('',#1519);
#1519 = CARTESIAN_POINT('',(-0.176,0.916,9.759753698094E-03));
#1520 = SURFACE_CURVE('',#1521,(#1525,#1532),.PCURVE_S1.);
#1521 = LINE('',#1522,#1523);
#1522 = CARTESIAN_POINT('',(-0.176,0.916,-9.724024630191E-02));
#1523 = VECTOR('',#1524,1.);
#1524 = DIRECTION('',(0.,0.,1.));
#1525 = PCURVE('',#1219,#1526);
#1526 = DEFINITIONAL_REPRESENTATION('',(#1527),#1531);
#1527 = LINE('',#1528,#1529);
#1528 = CARTESIAN_POINT('',(0.,-3.2E-02));
#1529 = VECTOR('',#1530,1.);
#1530 = DIRECTION('',(1.,0.));
#1531 = ( GEOMETRIC_REPRESENTATION_CONTEXT(2) 
PARAMETRIC_REPRESENTATION_CONTEXT() REPRESENTATION_CONTEXT('2D SPACE',''
  ) );
#1532 = PCURVE('',#1250,#1533);
#1533 = DEFINITIONAL_REPRESENTATION('',(#1534),#1538);
#1534 = LINE('',#1535,#1536);
#1535 = CARTESIAN_POINT('',(0.,0.));
#1536 = VECTOR('',#1537,1.);
#1537 = DIRECTION('',(1.,0.));
#1538 = ( GEOMETRIC_REPRESENTATION_CONTEXT(2) 
PARAMETRIC_REPRESENTATION_CONTEXT() REPRESENTATION_CONTEXT('2D SPACE',''
  ) );
#1539 = ORIENTED_EDGE('',*,*,#1540,.F.);
#1540 = EDGE_CURVE('',#1494,#1518,#1541,.T.);
#1541 = SURFACE_CURVE('',#1542,(#1546,#1553),.PCURVE_S1.);
#1542 = LINE('',#1543,#1544);
#1543 = CARTESIAN_POINT('',(-0.176,0.884,9.759753698094E-03));
#1544 = VECTOR('',#1545,1.);
#1545 = DIRECTION('',(-0.,1.,0.));
#1546 = PCURVE('',#1219,#1547);
#1547 = DEFINITIONAL_REPRESENTATION('',(#1548),#1552);
#1548 = LINE('',#1549,#1550);
#1549 = CARTESIAN_POINT('',(0.107,0.));
#1550 = VECTOR('',#1551,1.);
#1551 = DIRECTION('',(0.,-1.));
#1552 = ( GEOMETRIC_REPRESENTATION_CONTEXT(2) 
PARAMETRIC_REPRESENTATION_CONTEXT() REPRESENTATION_CONTEXT('2D SPACE',''
  ) );
#1553 = PCURVE('',#1554,#1559);
#1554 = PLANE('',#1555);
#1555 = AXIS2_PLACEMENT_3D('',#1556,#1557,#1558);
#1556 = CARTESIAN_POINT('',(-0.176,0.884,9.759753698094E-03));
#1557 = DIRECTION('',(0.,0.,1.));
#1558 = DIRECTION('',(1.,0.,-0.));
#1559 = DEFINITIONAL_REPRESENTATION('',(#1560),#1564);
#1560 = LINE('',#1561,#1562);
#1561 = CARTESIAN_POINT('',(0.,0.));
#1562 = VECTOR('',#1563,1.);
#1563 = DIRECTION('',(0.,1.));
#1564 = ( GEOMETRIC_REPRESENTATION_CONTEXT(2) 
PARAMETRIC_REPRESENTATION_CONTEXT() REPRESENTATION_CONTEXT('2D SPACE',''
  ) );
#1565 = ADVANCED_FACE('',(#1566),#1307,.T.);
#1566 = FACE_BOUND('',#1567,.T.);
#1567 = EDGE_LOOP('',(#1568,#1591,#1592,#1593));
#1568 = ORIENTED_EDGE('',*,*,#1569,.F.);
#1569 = EDGE_CURVE('',#1265,#1570,#1572,.T.);
#1570 = VERTEX_POINT('',#1571);
#1571 = CARTESIAN_POINT('',(-0.144,0.884,9.759753698094E-03));
#1572 = SURFACE_CURVE('',#1573,(#1577,#1584),.PCURVE_S1.);
#1573 = LINE('',#1574,#1575);
#1574 = CARTESIAN_POINT('',(-0.144,0.884,-9.724024630191E-02));
#1575 = VECTOR('',#1576,1.);
#1576 = DIRECTION('',(0.,0.,1.));
#1577 = PCURVE('',#1307,#1578);
#1578 = DEFINITIONAL_REPRESENTATION('',(#1579),#1583);
#1579 = LINE('',#1580,#1581);
#1580 = CARTESIAN_POINT('',(0.,3.2E-02));
#1581 = VECTOR('',#1582,1.);
#1582 = DIRECTION('',(1.,0.));
#1583 = ( GEOMETRIC_REPRESENTATION_CONTEXT(2) 
PARAMETRIC_REPRESENTATION_CONTEXT() REPRESENTATION_CONTEXT('2D SPACE',''
  ) );
#1584 = PCURVE('',#1278,#1585);
#1585 = DEFINITIONAL_REPRESENTATION('',(#1586),#1590);
#1586 = LINE('',#1587,#1588);
#1587 = CARTESIAN_POINT('',(0.,0.));
#1588 = VECTOR('',#1589,1.);
#1589 = DIRECTION('',(1.,0.));
#1590 = ( GEOMETRIC_REPRESENTATION_CONTEXT(2) 
PARAMETRIC_REPRESENTATION_CONTEXT() REPRESENTATION_CONTEXT('2D SPACE',''
  ) );
#1591 = ORIENTED_EDGE('',*,*,#1289,.F.);
#1592 = ORIENTED_EDGE('',*,*,#1493,.T.);
#1593 = ORIENTED_EDGE('',*,*,#1594,.T.);
#1594 = EDGE_CURVE('',#1494,#1570,#1595,.T.);
#1595 = SURFACE_CURVE('',#1596,(#1600,#1607),.PCURVE_S1.);
#1596 = LINE('',#1597,#1598);
#1597 = CARTESIAN_POINT('',(-0.176,0.884,9.759753698094E-03));
#1598 = VECTOR('',#1599,1.);
#1599 = DIRECTION('',(1.,0.,-0.));
#1600 = PCURVE('',#1307,#1601);
#1601 = DEFINITIONAL_REPRESENTATION('',(#1602),#1606);
#1602 = LINE('',#1603,#1604);
#1603 = CARTESIAN_POINT('',(0.107,0.));
#1604 = VECTOR('',#1605,1.);
#1605 = DIRECTION('',(0.,1.));
#1606 = ( GEOMETRIC_REPRESENTATION_CONTEXT(2) 
PARAMETRIC_REPRESENTATION_CONTEXT() REPRESENTATION_CONTEXT('2D SPACE',''
  ) );
#1607 = PCURVE('',#1554,#1608);
#1608 = DEFINITIONAL_REPRESENTATION('',(#1609),#1613);
#1609 = LINE('',#1610,#1611);
#1610 = CARTESIAN_POINT('',(0.,0.));
#1611 = VECTOR('',#1612,1.);
#1612 = DIRECTION('',(1.,0.));
#1613 = ( GEOMETRIC_REPRESENTATION_CONTEXT(2) 
PARAMETRIC_REPRESENTATION_CONTEXT() REPRESENTATION_CONTEXT('2D SPACE',''
  ) );
#1614 = ADVANCED_FACE('',(#1615),#1278,.F.);
#1615 = FACE_BOUND('',#1616,.F.);
#1616 = EDGE_LOOP('',(#1617,#1618,#1619,#1642));
#1617 = ORIENTED_EDGE('',*,*,#1569,.F.);
#1618 = ORIENTED_EDGE('',*,*,#1264,.F.);
#1619 = ORIENTED_EDGE('',*,*,#1620,.T.);
#1620 = EDGE_CURVE('',#1231,#1621,#1623,.T.);
#1621 = VERTEX_POINT('',#1622);
#1622 = CARTESIAN_POINT('',(-0.144,0.916,9.759753698094E-03));
#1623 = SURFACE_CURVE('',#1624,(#1628,#1635),.PCURVE_S1.);
#1624 = LINE('',#1625,#1626);
#1625 = CARTESIAN_POINT('',(-0.144,0.916,-9.724024630191E-02));
#1626 = VECTOR('',#1627,1.);
#1627 = DIRECTION('',(0.,0.,1.));
#1628 = PCURVE('',#1278,#1629);
#1629 = DEFINITIONAL_REPRESENTATION('',(#1630),#1634);
#1630 = LINE('',#1631,#1632);
#1631 = CARTESIAN_POINT('',(0.,-3.2E-02));
#1632 = VECTOR('',#1633,1.);
#1633 = DIRECTION('',(1.,0.));
#1634 = ( GEOMETRIC_REPRESENTATION_CONTEXT(2) 
PARAMETRIC_REPRESENTATION_CONTEXT() REPRESENTATION_CONTEXT('2D SPACE',''
  ) );
#1635 = PCURVE('',#1250,#1636);
#1636 = DEFINITIONAL_REPRESENTATION('',(#1637),#1641);
#1637 = LINE('',#1638,#1639);
#1638 = CARTESIAN_POINT('',(0.,3.2E-02));
#1639 = VECTOR('',#1640,1.);
#1640 = DIRECTION('',(1.,0.));
#1641 = ( GEOMETRIC_REPRESENTATION_CONTEXT(2) 
PARAMETRIC_REPRESENTATION_CONTEXT() REPRESENTATION_CONTEXT('2D SPACE',''
  ) );
#1642 = ORIENTED_EDGE('',*,*,#1643,.F.);
#1643 = EDGE_CURVE('',#1570,#1621,#1644,.T.);
#1644 = SURFACE_CURVE('',#1645,(#1649,#1656),.PCURVE_S1.);
#1645 = LINE('',#1646,#1647);
#1646 = CARTESIAN_POINT('',(-0.144,0.884,9.759753698094E-03));
#1647 = VECTOR('',#1648,1.);
#1648 = DIRECTION('',(-0.,1.,0.));
#1649 = PCURVE('',#1278,#1650);
#1650 = DEFINITIONAL_REPRESENTATION('',(#1651),#1655);
#1651 = LINE('',#1652,#1653);
#1652 = CARTESIAN_POINT('',(0.107,0.));
#1653 = VECTOR('',#1654,1.);
#1654 = DIRECTION('',(0.,-1.));
#1655 = ( GEOMETRIC_REPRESENTATION_CONTEXT(2) 
PARAMETRIC_REPRESENTATION_CONTEXT() REPRESENTATION_CONTEXT('2D SPACE',''
  ) );
#1656 = PCURVE('',#1554,#1657);
#1657 = DEFINITIONAL_REPRESENTATION('',(#1658),#1662);
#1658 = LINE('',#1659,#1660);
#1659 = CARTESIAN_POINT('',(3.2E-02,0.));
#1660 = VECTOR('',#1661,1.);
#1661 = DIRECTION('',(0.,1.));
#1662 = ( GEOMETRIC_REPRESENTATION_CONTEXT(2) 
PARAMETRIC_REPRESENTATION_CONTEXT() REPRESENTATION_CONTEXT('2D SPACE',''
  ) );
#1663 = ADVANCED_FACE('',(#1664),#1250,.F.);
#1664 = FACE_BOUND('',#1665,.F.);
#1665 = EDGE_LOOP('',(#1666,#1667,#1668,#1669));
#1666 = ORIENTED_EDGE('',*,*,#1620,.F.);
#1667 = ORIENTED_EDGE('',*,*,#1230,.F.);
#1668 = ORIENTED_EDGE('',*,*,#1517,.T.);
#1669 = ORIENTED_EDGE('',*,*,#1670,.T.);
#1670 = EDGE_CURVE('',#1518,#1621,#1671,.T.);
#1671 = SURFACE_CURVE('',#1672,(#1676,#1683),.PCURVE_S1.);
#1672 = LINE('',#1673,#1674);
#1673 = CARTESIAN_POINT('',(-0.176,0.916,9.759753698094E-03));
#1674 = VECTOR('',#1675,1.);
#1675 = DIRECTION('',(1.,0.,-0.));
#1676 = PCURVE('',#1250,#1677);
#1677 = DEFINITIONAL_REPRESENTATION('',(#1678),#1682);
#1678 = LINE('',#1679,#1680);
#1679 = CARTESIAN_POINT('',(0.107,0.));
#1680 = VECTOR('',#1681,1.);
#1681 = DIRECTION('',(0.,1.));
#1682 = ( GEOMETRIC_REPRESENTATION_CONTEXT(2) 
PARAMETRIC_REPRESENTATION_CONTEXT() REPRESENTATION_CONTEXT('2D SPACE',''
  ) );
#1683 = PCURVE('',#1554,#1684);
#1684 = DEFINITIONAL_REPRESENTATION('',(#1685),#1689);
#1685 = LINE('',#1686,#1687);
#1686 = CARTESIAN_POINT('',(0.,3.2E-02));
#1687 = VECTOR('',#1688,1.);
#1688 = DIRECTION('',(1.,0.));
#1689 = ( GEOMETRIC_REPRESENTATION_CONTEXT(2) 
PARAMETRIC_REPRESENTATION_CONTEXT() REPRESENTATION_CONTEXT('2D SPACE',''
  ) );
#1690 = ADVANCED_FACE('',(#1691),#1554,.F.);
#1691 = FACE_BOUND('',#1692,.F.);
#1692 = EDGE_LOOP('',(#1693,#1694,#1695,#1696));
#1693 = ORIENTED_EDGE('',*,*,#1540,.F.);
#1694 = ORIENTED_EDGE('',*,*,#1594,.T.);
#1695 = ORIENTED_EDGE('',*,*,#1643,.T.);
#1696 = ORIENTED_EDGE('',*,*,#1670,.F.);
#1697 = ( GEOMETRIC_REPRESENTATION_CONTEXT(3) 
GLOBAL_UNCERTAINTY_ASSIGNED_CONTEXT((#1701)) 
GLOBAL_UNIT_ASSIGNED_CONTEXT((#1698,#1699,#1700)) REPRESENTATION_CONTEXT
('Context #1','3D Context with UNIT and UNCERTAINTY') );
#1698 = ( LENGTH_UNIT() NAMED_UNIT(*) SI_UNIT($,.METRE.) );
#1699 = ( NAMED_UNIT(*) PLANE_ANGLE_UNIT() SI_UNIT($,.RADIAN.) );
#1700 = ( NAMED_UNIT(*) SI_UNIT($,.STERADIAN.) SOLID_ANGLE_UNIT() );
#1701 = UNCERTAINTY_MEASURE_WITH_UNIT(LENGTH_MEASURE(2.E-06),#1698,
  'distance_accuracy_value','confusion accuracy');
#1702 = PRODUCT_RELATED_PRODUCT_CATEGORY('part',$,(#7));
ENDSEC;
END-ISO-10303-21;
