ISO-10303-21;
HEADER;
FILE_DESCRIPTION(('Open CASCADE Model'),'2;1');
FILE_NAME('Open CASCADE Shape Model','2026-10-03T19:58:13',('Author'),(
    'Open CASCADE'),'Open CASCADE STEP processor 7.9','Open CASCADE 7.9'
  ,'Unknown');
FILE_SCHEMA(('AUTOMOTIVE_DESIGN { 1 0 10303 214 1 1 1 1 }'));
ENDSEC;
DATA;
#1 = APPLICATION_PROTOCOL_DEFINITION('international standard',
  'automotive_design',2000,#2);
#2 = APPLICATION_CONTEXT(
  'core data for automotive mechanical design processes');
#3 = SHAPE_DEFINITION_REPRESENTATION(#4,#10);
#4 = PRODUCT_DEFINITION_SHAPE('','',#5);
#5 = PRODUCT_DEFINITION('design','',#6,#9);
#6 = PRODUCT_DEFINITION_FORMATION('','',#7);
#7 = PRODUCT('Open CASCADE STEP translator 7.9 12',
  'Open CASCADE STEP translator 7.9 12','',(#8));
#8 = PRODUCT_CONTEXT('',#2,'mechanical');
#9 = PRODUCT_DEFINITION_CONTEXT('part definition',#2,'design');
#10 = ADVANCED_BREP_SHAPE_REPRESENTATION('',(#11,#15),#2663);
#11 = AXIS2_PLACEMENT_3D('',#12,#13,#14);
#12 = CARTESIAN_POINT('',(0.,0.,0.));
#13 = DIRECTION('',(0.,0.,1.));
#14 = DIRECTION('',(1.,0.,-0.));
#15 = MANIFOLD_SOLID_BREP('',#16);
#16 = CLOSED_SHELL('',(#17,#1421,#1425,#1429,#2389,#2521,#2655,#2659));
#17 = ADVANCED_FACE('',(#18,#332),#43,.F.);
#18 = FACE_BOUND('',#19,.F.);
#19 = EDGE_LOOP('',(#20,#239,#285,#286));
#20 = ORIENTED_EDGE('',*,*,#21,.F.);
#21 = EDGE_CURVE('',#22,#24,#26,.T.);
#22 = VERTEX_POINT('',#23);
#23 = CARTESIAN_POINT('',(0.1735,0.2973,9.124645986919E-02));
#24 = VERTEX_POINT('',#25);
#25 = CARTESIAN_POINT('',(-0.258226171566,0.2973,5.211012779755E-02));
#26 = SEAM_CURVE('',#27,(#42,#232),.PCURVE_S1.);
#27 = ( BOUNDED_CURVE() B_SPLINE_CURVE(3,(#28,#29,#30,#31,#32,#33,#34,
    #35,#36,#37,#38,#39,#40,#41),.UNSPECIFIED.,.F.,.F.) 
B_SPLINE_CURVE_WITH_KNOTS((4,1,1,1,1,1,1,1,1,1,1,4),(0.,
    8.216884435669E-02,0.120937961682,0.186242207108,0.298182082699,
    0.4484300436,0.57942572494,0.693348649842,0.80807245046,
0.905453681398,0.974393705379,1.),.UNSPECIFIED.) CURVE() 
GEOMETRIC_REPRESENTATION_ITEM() RATIONAL_B_SPLINE_CURVE((1.,
    0.999999999998,1.,1.,1.,1.,1.,1.,1.,1.,1.,1.,1.,1.)) 
REPRESENTATION_ITEM('') );
#28 = CARTESIAN_POINT('',(0.1735,0.2973,9.124645986919E-02));
#29 = CARTESIAN_POINT('',(0.185454383987,0.297300000001,
    8.452660850717E-02));
#30 = CARTESIAN_POINT('',(0.169797566189,0.2973,9.816188125586E-02));
#31 = CARTESIAN_POINT('',(0.14155605143,0.2973,0.105699446885));
#32 = CARTESIAN_POINT('',(0.107625033536,0.2973,0.106408362616));
#33 = CARTESIAN_POINT('',(5.66105430487E-02,0.2973,0.107660970221));
#34 = CARTESIAN_POINT('',(-3.936915822863E-03,0.2973,0.107226671334));
#35 = CARTESIAN_POINT('',(-6.574427717698E-02,0.2973,0.107151809036));
#36 = CARTESIAN_POINT('',(-0.120556126971,0.2973,0.100216429303));
#37 = CARTESIAN_POINT('',(-0.170354242934,0.2973,8.949482922807E-02));
#38 = CARTESIAN_POINT('',(-0.212234485992,0.2973,7.269496663384E-02));
#39 = CARTESIAN_POINT('',(-0.240492707584,0.2973,5.991314602745E-02));
#40 = CARTESIAN_POINT('',(-0.254446064702,0.2973,5.378999006132E-02));
#41 = CARTESIAN_POINT('',(-0.258226171566,0.2973,5.211012779755E-02));
#42 = PCURVE('',#43,#226);
#43 = ( BOUNDED_SURFACE() B_SPLINE_SURFACE(12,3,(
    (#44,#45,#46,#47,#48,#49,#50,#51,#52,#53,#54,#55,#56,#57)
    ,(#58,#59,#60,#61,#62,#63,#64,#65,#66,#67,#68,#69,#70,#71)
    ,(#72,#73,#74,#75,#76,#77,#78,#79,#80,#81,#82,#83,#84,#85)
    ,(#86,#87,#88,#89,#90,#91,#92,#93,#94,#95,#96,#97,#98,#99)
    ,(#100,#101,#102,#103,#104,#105,#106,#107,#108,#109,#110,#111,#112
      ,#113)
    ,(#114,#115,#116,#117,#118,#119,#120,#121,#122,#123,#124,#125,#126
      ,#127)
    ,(#128,#129,#130,#131,#132,#133,#134,#135,#136,#137,#138,#139,#140
      ,#141)
    ,(#142,#143,#144,#145,#146,#147,#148,#149,#150,#151,#152,#153,#154
      ,#155)
    ,(#156,#157,#158,#159,#160,#161,#162,#163,#164,#165,#166,#167,#168
      ,#169)
    ,(#170,#171,#172,#173,#174,#175,#176,#177,#178,#179,#180,#181,#182
      ,#183)
    ,(#184,#185,#186,#187,#188,#189,#190,#191,#192,#193,#194,#195,#196
      ,#197)
    ,(#198,#199,#200,#201,#202,#203,#204,#205,#206,#207,#208,#209,#210
      ,#211)
    ,(#212,#213,#214,#215,#216,#217,#218,#219,#220,#221,#222,#223,#224
,#225
    )),.UNSPECIFIED.,.T.,.F.,.F.) B_SPLINE_SURFACE_WITH_KNOTS((13,13),(4
    ,1,1,1,1,1,1,1,1,1,1,4),(0.,1.),(0.,8.216884435669E-02,
    0.120937961682,0.186242207108,0.298182082699,0.4484300436,
    0.57942572494,0.693348649842,0.80807245046,0.905453681398,
0.974393705379,1.),.UNSPECIFIED.) GEOMETRIC_REPRESENTATION_ITEM() 
RATIONAL_B_SPLINE_SURFACE((
    (1.,0.999999999998,1.,1.,1.,1.,1.,1.,1.,1.,1.,1.,1.,1.)
    ,(1.,0.999999999998,1.,1.,1.,1.,1.,1.,1.,1.,1.,1.,1.,1.)
    ,(1.,0.999999999998,1.,1.,1.,1.,1.,1.,1.,1.,1.,1.,1.,1.)
    ,(1.,0.999999999998,1.,1.,1.,1.,1.,1.,1.,1.,1.,1.,1.,1.)
    ,(1.,0.999999999998,1.,1.,1.,1.,1.,1.,1.,1.,1.,1.,1.,1.)
    ,(1.,0.999999999998,1.,1.,1.,1.,1.,1.,1.,1.,1.,1.,1.,1.)
    ,(1.,0.999999999998,1.,1.,1.,1.,1.,1.,1.,1.,1.,1.,1.,1.)
    ,(1.,0.999999999998,1.,1.,1.,1.,1.,1.,1.,1.,1.,1.,1.,1.)
    ,(1.,0.999999999998,1.,1.,1.,1.,1.,1.,1.,1.,1.,1.,1.,1.)
    ,(1.,0.999999999998,1.,1.,1.,1.,1.,1.,1.,1.,1.,1.,1.,1.)
    ,(1.,0.999999999998,1.,1.,1.,1.,1.,1.,1.,1.,1.,1.,1.,1.)
    ,(1.,0.999999999998,1.,1.,1.,1.,1.,1.,1.,1.,1.,1.,1.,1.)
    ,(1.,0.999999999998,1.,1.,1.,1.,1.,1.,1.,1.,1.,1.,1.,1.
))) REPRESENTATION_ITEM('') SURFACE() );
#44 = CARTESIAN_POINT('',(0.1735,0.2973,9.124645986919E-02));
#45 = CARTESIAN_POINT('',(0.185454383987,0.297300000001,
    8.452660850717E-02));
#46 = CARTESIAN_POINT('',(0.169797566189,0.2973,9.816188125586E-02));
#47 = CARTESIAN_POINT('',(0.14155605143,0.2973,0.105699446885));
#48 = CARTESIAN_POINT('',(0.107625033536,0.2973,0.106408362616));
#49 = CARTESIAN_POINT('',(5.66105430487E-02,0.2973,0.107660970221));
#50 = CARTESIAN_POINT('',(-3.936915822863E-03,0.2973,0.107226671334));
#51 = CARTESIAN_POINT('',(-6.574427717698E-02,0.2973,0.107151809036));
#52 = CARTESIAN_POINT('',(-0.120556126971,0.2973,0.100216429303));
#53 = CARTESIAN_POINT('',(-0.170354242934,0.2973,8.949482922807E-02));
#54 = CARTESIAN_POINT('',(-0.212234485992,0.2973,7.269496663384E-02));
#55 = CARTESIAN_POINT('',(-0.240492707584,0.2973,5.991314602745E-02));
#56 = CARTESIAN_POINT('',(-0.254446064702,0.2973,5.378999006132E-02));
#57 = CARTESIAN_POINT('',(-0.258226171566,0.2973,5.211012779755E-02));
#58 = CARTESIAN_POINT('',(0.1735,0.281243160214,9.124645986919E-02));
#59 = CARTESIAN_POINT('',(0.185454383987,0.284224639195,
    8.452660850714E-02));
#60 = CARTESIAN_POINT('',(0.169797566189,0.27727460119,
    9.816188125588E-02));
#61 = CARTESIAN_POINT('',(0.14155605143,0.274552558011,0.105699446885));
#62 = CARTESIAN_POINT('',(0.107625033536,0.275611905145,0.106408362616)
  );
#63 = CARTESIAN_POINT('',(5.661054304871E-02,0.275027830192,
    0.107660970221));
#64 = CARTESIAN_POINT('',(-3.936915822866E-03,0.275364388094,
    0.107226671334));
#65 = CARTESIAN_POINT('',(-6.574427717698E-02,0.274922025676,
    0.107151809036));
#66 = CARTESIAN_POINT('',(-0.120556126971,0.276158941553,0.100216429303)
  );
#67 = CARTESIAN_POINT('',(-0.170354242934,0.278688432256,
    8.949482922807E-02));
#68 = CARTESIAN_POINT('',(-0.212234485992,0.282126122745,
    7.269496663383E-02));
#69 = CARTESIAN_POINT('',(-0.240492707584,0.284340209666,
    5.991314602746E-02));
#70 = CARTESIAN_POINT('',(-0.254446064702,0.285415583066,
    5.378999006131E-02));
#71 = CARTESIAN_POINT('',(-0.258226171566,0.285722512007,
    5.211012779755E-02));
#72 = CARTESIAN_POINT('',(0.1735,0.265186651231,8.207678711621E-02));
#73 = CARTESIAN_POINT('',(0.185454383987,0.271149547767,
    6.860569540141E-02));
#74 = CARTESIAN_POINT('',(0.169797566188,0.257249614945,
    8.02791361588E-02));
#75 = CARTESIAN_POINT('',(0.14155605143,0.251805584665,
    8.641938097491E-02));
#76 = CARTESIAN_POINT('',(0.107625033536,0.253924257108,
    8.678717894562E-02));
#77 = CARTESIAN_POINT('',(5.661054304865E-02,0.252756119236,
    8.944907096797E-02));
#78 = CARTESIAN_POINT('',(-3.936915822856E-03,0.253429228106,
    8.530938472133E-02));
#79 = CARTESIAN_POINT('',(-6.574427717695E-02,0.252544512382,
    8.730319247334E-02));
#80 = CARTESIAN_POINT('',(-0.120556126971,0.255018318655,
    8.358337575289E-02));
#81 = CARTESIAN_POINT('',(-0.170354242934,0.260077247947,
    7.613532204082E-02));
#82 = CARTESIAN_POINT('',(-0.212234485992,0.266952558103,
    6.224641670497E-02));
#83 = CARTESIAN_POINT('',(-0.240492707585,0.271380686329,
    5.181622233824E-02));
#84 = CARTESIAN_POINT('',(-0.254446064702,0.273531410975,
    4.683892905522E-02));
#85 = CARTESIAN_POINT('',(-0.258226171566,0.274145262533,
    4.545610653163E-02));
#86 = CARTESIAN_POINT('',(0.1735,0.254889797907,6.372032065448E-02));
#87 = CARTESIAN_POINT('',(0.185454383987,0.262764643006,
    3.676445267933E-02));
#88 = CARTESIAN_POINT('',(0.169797566189,0.244407823095,
    4.451491306621E-02));
#89 = CARTESIAN_POINT('',(0.141556051431,0.237218214,4.786047784625E-02)
  );
#90 = CARTESIAN_POINT('',(0.107625033536,0.240016219501,
    4.754614251601E-02));
#91 = CARTESIAN_POINT('',(5.661054304882E-02,0.23847352884,
    5.302624141221E-02));
#92 = CARTESIAN_POINT('',(-3.936915822881E-03,0.239362463951,
    4.147728030388E-02));
#93 = CARTESIAN_POINT('',(-6.574427717705E-02,0.238194072173,
    4.760416512479E-02));
#94 = CARTESIAN_POINT('',(-0.120556126971,0.241461081936,
    5.032830486311E-02));
#95 = CARTESIAN_POINT('',(-0.170354242934,0.248142110912,
    4.938198540479E-02));
#96 = CARTESIAN_POINT('',(-0.212234485992,0.257221926763,
    4.133093735191E-02));
#97 = CARTESIAN_POINT('',(-0.240492707584,0.263069894046,
    3.560818121266E-02));
#98 = CARTESIAN_POINT('',(-0.254446064702,0.265910228995,
    3.29230004924E-02));
#99 = CARTESIAN_POINT('',(-0.258226171566,0.266720906476,
    3.21356400882E-02));
#100 = CARTESIAN_POINT('',(0.1735,0.256132579392,4.027076683755E-02));
#101 = CARTESIAN_POINT('',(0.185454383987,0.263776661341,
    -4.017914823323E-03));
#102 = CARTESIAN_POINT('',(0.169797566188,0.245957766619,
    -1.294174400098E-03));
#103 = CARTESIAN_POINT('',(0.14155605143,0.23897884063,
    -1.527729354462E-03));
#104 = CARTESIAN_POINT('',(0.107625033536,0.241694853844,
    -2.716059153656E-03));
#105 = CARTESIAN_POINT('',(5.661054304848E-02,0.240197369934,
    6.374700940185E-03));
#106 = CARTESIAN_POINT('',(-3.936915822835E-03,0.241060255837,
    -1.466888658118E-02));
#107 = CARTESIAN_POINT('',(-6.574427717685E-02,0.239926102417,
    -3.233599474867E-03));
#108 = CARTESIAN_POINT('',(-0.120556126971,0.243097376272,
    7.698388231635E-03));
#109 = CARTESIAN_POINT('',(-0.170354242934,0.249582625491,
    1.523880146278E-02));
#110 = CARTESIAN_POINT('',(-0.212234485992,0.258396367933,
    1.460838798525E-02));
#111 = CARTESIAN_POINT('',(-0.240492707585,0.264072967358,
    1.489989207958E-02));
#112 = CARTESIAN_POINT('',(-0.254446064702,0.266830069607,
    1.514894536797E-02));
#113 = CARTESIAN_POINT('',(-0.258226171566,0.26761699113,
    1.511934801565E-02));
#114 = CARTESIAN_POINT('',(0.1735,0.271459900779,1.959392407811E-02));
#115 = CARTESIAN_POINT('',(0.185454383987,0.276257962772,
    -3.97521404492E-02));
#116 = CARTESIAN_POINT('',(0.169797566189,0.265073341513,
    -4.142834724414E-02));
#117 = CARTESIAN_POINT('',(0.141556051431,0.260692786759,
    -4.479865673074E-02));
#118 = CARTESIAN_POINT('',(0.107625033536,0.262397582686,
    -4.67521280308E-02));
#119 = CARTESIAN_POINT('',(5.6610543049E-02,0.261457637158,
    -3.449995291947E-02));
#120 = CARTESIAN_POINT('',(-3.936915822905E-03,0.261999256164,
    -6.385274594853E-02));
#121 = CARTESIAN_POINT('',(-6.574427717715E-02,0.261287367091,
    -4.77973090875E-02));
#122 = CARTESIAN_POINT('',(-0.120556126971,0.263277922482,
    -2.957708707384E-02));
#123 = CARTESIAN_POINT('',(-0.170354242934,0.267348604608,
    -1.493715965476E-02));
#124 = CARTESIAN_POINT('',(-0.212234485992,0.272880842865,
    -8.94602702886E-03));
#125 = CARTESIAN_POINT('',(-0.240492707584,0.276443949084,
    -3.352926671254E-03));
#126 = CARTESIAN_POINT('',(-0.254446064702,0.278174535907,
    -5.296516158677E-04));
#127 = CARTESIAN_POINT('',(-0.258226171566,0.278668473344,
    1.150883065454E-04));
#128 = CARTESIAN_POINT('',(0.1735,0.2973,1.123262324281E-02));
#129 = CARTESIAN_POINT('',(0.185454383988,0.297299999998,
    -5.44901408129E-02));
#130 = CARTESIAN_POINT('',(0.169797566188,0.297299999999,
    -5.798686957414E-02));
#131 = CARTESIAN_POINT('',(0.14155605143,0.297299999999,
    -6.265002754625E-02));
#132 = CARTESIAN_POINT('',(0.107625033536,0.297299999999,
    -6.491992487292E-02));
#133 = CARTESIAN_POINT('',(5.661054304836E-02,0.2973,-5.136091540142E-02
    ));
#134 = CARTESIAN_POINT('',(-3.936915822815E-03,0.297299999999,
    -8.415371722025E-02));
#135 = CARTESIAN_POINT('',(-6.574427717681E-02,0.297299999999,
    -6.615283182265E-02));
#136 = CARTESIAN_POINT('',(-0.120556126971,0.297299999999,
    -4.505021291162E-02));
#137 = CARTESIAN_POINT('',(-0.170354242934,0.2973,-2.705066513536E-02));
#138 = CARTESIAN_POINT('',(-0.212234485992,0.2973,-1.848168313247E-02));
#139 = CARTESIAN_POINT('',(-0.240492707584,0.2973,-1.074277661791E-02));
#140 = CARTESIAN_POINT('',(-0.254446064702,0.2973,-6.861899811935E-03));
#141 = CARTESIAN_POINT('',(-0.258226171566,0.2973,-5.952333625258E-03));
#142 = CARTESIAN_POINT('',(0.1735,0.323140099221,1.959392407814E-02));
#143 = CARTESIAN_POINT('',(0.185454383987,0.318342037233,
    -3.975214044933E-02));
#144 = CARTESIAN_POINT('',(0.169797566189,0.329526658489,
    -4.142834724413E-02));
#145 = CARTESIAN_POINT('',(0.141556051431,0.333907213242,
    -4.479865673075E-02));
#146 = CARTESIAN_POINT('',(0.107625033536,0.332202417316,
    -4.67521280308E-02));
#147 = CARTESIAN_POINT('',(5.661054304901E-02,0.333142362842,
    -3.449995291947E-02));
#148 = CARTESIAN_POINT('',(-3.936915822911E-03,0.332600743838,
    -6.385274594853E-02));
#149 = CARTESIAN_POINT('',(-6.574427717712E-02,0.333312632912,
    -4.779730908751E-02));
#150 = CARTESIAN_POINT('',(-0.120556126971,0.331322077519,
    -2.957708707384E-02));
#151 = CARTESIAN_POINT('',(-0.170354242934,0.327251395392,
    -1.493715965476E-02));
#152 = CARTESIAN_POINT('',(-0.212234485992,0.321719157135,
    -8.946027028859E-03));
#153 = CARTESIAN_POINT('',(-0.240492707585,0.318156050916,
    -3.352926671244E-03));
#154 = CARTESIAN_POINT('',(-0.254446064702,0.316425464093,
    -5.296516158589E-04));
#155 = CARTESIAN_POINT('',(-0.258226171566,0.315931526656,
    1.1508830655E-04));
#156 = CARTESIAN_POINT('',(0.1735,0.338467420608,4.027076683751E-02));
#157 = CARTESIAN_POINT('',(0.185454383988,0.330823338658,
    -4.017914823283E-03));
#158 = CARTESIAN_POINT('',(0.169797566188,0.348642233379,
    -1.294174400087E-03));
#159 = CARTESIAN_POINT('',(0.14155605143,0.355621159369,
    -1.527729354466E-03));
#160 = CARTESIAN_POINT('',(0.107625033536,0.352905146154,
    -2.716059153653E-03));
#161 = CARTESIAN_POINT('',(5.661054304848E-02,0.354402630066,
    6.374700940188E-03));
#162 = CARTESIAN_POINT('',(-3.936915822828E-03,0.353539744162,
    -1.466888658118E-02));
#163 = CARTESIAN_POINT('',(-6.574427717689E-02,0.354673897581,
    -3.233599474853E-03));
#164 = CARTESIAN_POINT('',(-0.120556126971,0.351502623727,
    7.698388231636E-03));
#165 = CARTESIAN_POINT('',(-0.170354242934,0.34501737451,
    1.523880146277E-02));
#166 = CARTESIAN_POINT('',(-0.212234485992,0.336203632067,
    1.460838798525E-02));
#167 = CARTESIAN_POINT('',(-0.240492707584,0.330527032642,
    1.489989207956E-02));
#168 = CARTESIAN_POINT('',(-0.254446064702,0.327769930393,
    1.514894536795E-02));
#169 = CARTESIAN_POINT('',(-0.258226171566,0.32698300887,
    1.511934801564E-02));
#170 = CARTESIAN_POINT('',(0.1735,0.339710202093,6.372032065452E-02));
#171 = CARTESIAN_POINT('',(0.185454383987,0.331835356996,
    3.676445267929E-02));
#172 = CARTESIAN_POINT('',(0.169797566189,0.350192176905,
    4.45149130662E-02));
#173 = CARTESIAN_POINT('',(0.141556051431,0.357381786,4.786047784625E-02
    ));
#174 = CARTESIAN_POINT('',(0.107625033536,0.354583780499,
    4.754614251601E-02));
#175 = CARTESIAN_POINT('',(5.661054304883E-02,0.35612647116,
    5.30262414122E-02));
#176 = CARTESIAN_POINT('',(-3.936915822886E-03,0.35523753605,
    4.147728030388E-02));
#177 = CARTESIAN_POINT('',(-6.574427717702E-02,0.356405927828,
    4.760416512478E-02));
#178 = CARTESIAN_POINT('',(-0.120556126971,0.353138918064,
    5.032830486311E-02));
#179 = CARTESIAN_POINT('',(-0.170354242934,0.346457889088,
    4.938198540479E-02));
#180 = CARTESIAN_POINT('',(-0.212234485992,0.337378073237,
    4.133093735191E-02));
#181 = CARTESIAN_POINT('',(-0.240492707585,0.331530105954,
    3.560818121268E-02));
#182 = CARTESIAN_POINT('',(-0.254446064702,0.328689771005,
    3.292300049241E-02));
#183 = CARTESIAN_POINT('',(-0.258226171566,0.327879093524,
    3.21356400882E-02));
#184 = CARTESIAN_POINT('',(0.1735,0.329413348769,8.207678711619E-02));
#185 = CARTESIAN_POINT('',(0.185454383987,0.323450452233,
    6.860569540117E-02));
#186 = CARTESIAN_POINT('',(0.169797566189,0.337350385055,
    8.027913615885E-02));
#187 = CARTESIAN_POINT('',(0.14155605143,0.342794415335,
    8.641938097489E-02));
#188 = CARTESIAN_POINT('',(0.107625033536,0.340675742891,
    8.678717894563E-02));
#189 = CARTESIAN_POINT('',(5.661054304865E-02,0.341843880764,
    8.944907096797E-02));
#190 = CARTESIAN_POINT('',(-3.936915822855E-03,0.341170771893,
    8.530938472134E-02));
#191 = CARTESIAN_POINT('',(-6.574427717696E-02,0.342055487617,
    8.730319247335E-02));
#192 = CARTESIAN_POINT('',(-0.120556126971,0.339581681345,
    8.358337575289E-02));
#193 = CARTESIAN_POINT('',(-0.170354242934,0.334522752053,
    7.613532204082E-02));
#194 = CARTESIAN_POINT('',(-0.212234485992,0.327647441897,
    6.224641670497E-02));
#195 = CARTESIAN_POINT('',(-0.240492707584,0.323219313671,
    5.181622233824E-02));
#196 = CARTESIAN_POINT('',(-0.254446064702,0.321068589026,
    4.683892905521E-02));
#197 = CARTESIAN_POINT('',(-0.258226171566,0.320454737467,
    4.545610653162E-02));
#198 = CARTESIAN_POINT('',(0.1735,0.313356839786,9.12464598692E-02));
#199 = CARTESIAN_POINT('',(0.185454383987,0.310375360806,
    8.452660850701E-02));
#200 = CARTESIAN_POINT('',(0.169797566189,0.31732539881,
    9.81618812559E-02));
#201 = CARTESIAN_POINT('',(0.14155605143,0.320047441989,0.105699446885)
  );
#202 = CARTESIAN_POINT('',(0.107625033536,0.318988094855,0.106408362616)
  );
#203 = CARTESIAN_POINT('',(5.661054304871E-02,0.319572169808,
    0.107660970221));
#204 = CARTESIAN_POINT('',(-3.936915822866E-03,0.319235611906,
    0.107226671334));
#205 = CARTESIAN_POINT('',(-6.574427717698E-02,0.319677974324,
    0.107151809036));
#206 = CARTESIAN_POINT('',(-0.120556126971,0.318441058447,0.100216429303
    ));
#207 = CARTESIAN_POINT('',(-0.170354242934,0.315911567744,
    8.949482922807E-02));
#208 = CARTESIAN_POINT('',(-0.212234485992,0.312473877255,
    7.269496663384E-02));
#209 = CARTESIAN_POINT('',(-0.240492707584,0.310259790334,
    5.991314602746E-02));
#210 = CARTESIAN_POINT('',(-0.254446064702,0.309184416934,
    5.378999006132E-02));
#211 = CARTESIAN_POINT('',(-0.258226171566,0.308877487993,
    5.211012779755E-02));
#212 = CARTESIAN_POINT('',(0.1735,0.2973,9.124645986919E-02));
#213 = CARTESIAN_POINT('',(0.185454383987,0.297300000001,
    8.452660850717E-02));
#214 = CARTESIAN_POINT('',(0.169797566189,0.2973,9.816188125586E-02));
#215 = CARTESIAN_POINT('',(0.14155605143,0.2973,0.105699446885));
#216 = CARTESIAN_POINT('',(0.107625033536,0.2973,0.106408362616));
#217 = CARTESIAN_POINT('',(5.66105430487E-02,0.2973,0.107660970221));
#218 = CARTESIAN_POINT('',(-3.936915822864E-03,0.2973,0.107226671334));
#219 = CARTESIAN_POINT('',(-6.574427717698E-02,0.2973,0.107151809036));
#220 = CARTESIAN_POINT('',(-0.120556126971,0.2973,0.100216429303));
#221 = CARTESIAN_POINT('',(-0.170354242934,0.2973,8.949482922807E-02));
#222 = CARTESIAN_POINT('',(-0.212234485992,0.2973,7.269496663383E-02));
#223 = CARTESIAN_POINT('',(-0.240492707584,0.2973,5.991314602746E-02));
#224 = CARTESIAN_POINT('',(-0.254446064702,0.2973,5.378999006131E-02));
#225 = CARTESIAN_POINT('',(-0.258226171566,0.2973,5.211012779755E-02));
#226 = DEFINITIONAL_REPRESENTATION('',(#227),#231);
#227 = LINE('',#228,#229);
#228 = CARTESIAN_POINT('',(0.,0.));
#229 = VECTOR('',#230,1.);
#230 = DIRECTION('',(0.,1.));
#231 = ( GEOMETRIC_REPRESENTATION_CONTEXT(2) 
PARAMETRIC_REPRESENTATION_CONTEXT() REPRESENTATION_CONTEXT('2D SPACE',''
  ) );
#232 = PCURVE('',#43,#233);
#233 = DEFINITIONAL_REPRESENTATION('',(#234),#238);
#234 = LINE('',#235,#236);
#235 = CARTESIAN_POINT('',(1.,0.));
#236 = VECTOR('',#237,1.);
#237 = DIRECTION('',(0.,1.));
#238 = ( GEOMETRIC_REPRESENTATION_CONTEXT(2) 
PARAMETRIC_REPRESENTATION_CONTEXT() REPRESENTATION_CONTEXT('2D SPACE',''
  ) );
#239 = ORIENTED_EDGE('',*,*,#240,.T.);
#240 = EDGE_CURVE('',#22,#22,#241,.T.);
#241 = SURFACE_CURVE('',#242,(#256,#263),.PCURVE_S1.);
#242 = B_SPLINE_CURVE_WITH_KNOTS('',12,(#243,#244,#245,#246,#247,#248,
    #249,#250,#251,#252,#253,#254,#255),.UNSPECIFIED.,.T.,.F.,(13,13),(
    0.,1.),.PIECEWISE_BEZIER_KNOTS.);
#243 = CARTESIAN_POINT('',(0.1735,0.2973,9.124645986919E-02));
#244 = CARTESIAN_POINT('',(0.1735,0.281243160214,9.124645986919E-02));
#245 = CARTESIAN_POINT('',(0.1735,0.265186651231,8.207678711621E-02));
#246 = CARTESIAN_POINT('',(0.1735,0.254889797907,6.372032065448E-02));
#247 = CARTESIAN_POINT('',(0.1735,0.256132579392,4.027076683755E-02));
#248 = CARTESIAN_POINT('',(0.1735,0.271459900779,1.959392407811E-02));
#249 = CARTESIAN_POINT('',(0.1735,0.2973,1.123262324281E-02));
#250 = CARTESIAN_POINT('',(0.1735,0.323140099221,1.959392407814E-02));
#251 = CARTESIAN_POINT('',(0.1735,0.338467420608,4.027076683751E-02));
#252 = CARTESIAN_POINT('',(0.1735,0.339710202093,6.372032065452E-02));
#253 = CARTESIAN_POINT('',(0.1735,0.329413348769,8.207678711619E-02));
#254 = CARTESIAN_POINT('',(0.1735,0.313356839786,9.12464598692E-02));
#255 = CARTESIAN_POINT('',(0.1735,0.2973,9.124645986919E-02));
#256 = PCURVE('',#43,#257);
#257 = DEFINITIONAL_REPRESENTATION('',(#258),#262);
#258 = LINE('',#259,#260);
#259 = CARTESIAN_POINT('',(0.,0.));
#260 = VECTOR('',#261,1.);
#261 = DIRECTION('',(1.,0.));
#262 = ( GEOMETRIC_REPRESENTATION_CONTEXT(2) 
PARAMETRIC_REPRESENTATION_CONTEXT() REPRESENTATION_CONTEXT('2D SPACE',''
  ) );
#263 = PCURVE('',#264,#269);
#264 = PLANE('',#265);
#265 = AXIS2_PLACEMENT_3D('',#266,#267,#268);
#266 = CARTESIAN_POINT('',(0.1735,0.2973,9.124645986919E-02));
#267 = DIRECTION('',(-1.,3.620335372667E-15,0.));
#268 = DIRECTION('',(0.,0.,-1.));
#269 = DEFINITIONAL_REPRESENTATION('',(#270),#284);
#270 = B_SPLINE_CURVE_WITH_KNOTS('',12,(#271,#272,#273,#274,#275,#276,
    #277,#278,#279,#280,#281,#282,#283),.UNSPECIFIED.,.T.,.F.,(13,13),(
    0.,1.),.PIECEWISE_BEZIER_KNOTS.);
#271 = CARTESIAN_POINT('',(0.,0.));
#272 = CARTESIAN_POINT('',(3.261280134836E-15,1.605683978599E-02));
#273 = CARTESIAN_POINT('',(9.169672752986E-03,3.211334876866E-02));
#274 = CARTESIAN_POINT('',(2.752613921471E-02,4.241020209291E-02));
#275 = CARTESIAN_POINT('',(5.097569303164E-02,4.116742060817E-02));
#276 = CARTESIAN_POINT('',(7.165253579109E-02,2.584009922135E-02));
#277 = CARTESIAN_POINT('',(8.001383662639E-02,1.665334536938E-14));
#278 = CARTESIAN_POINT('',(7.165253579106E-02,-2.584009922136E-02));
#279 = CARTESIAN_POINT('',(5.097569303169E-02,-4.11674206082E-02));
#280 = CARTESIAN_POINT('',(2.752613921467E-02,-4.241020209287E-02));
#281 = CARTESIAN_POINT('',(9.169672753006E-03,-3.211334876869E-02));
#282 = CARTESIAN_POINT('',(-2.53963516883E-15,-1.605683978599E-02));
#283 = CARTESIAN_POINT('',(0.,0.));
#284 = ( GEOMETRIC_REPRESENTATION_CONTEXT(2) 
PARAMETRIC_REPRESENTATION_CONTEXT() REPRESENTATION_CONTEXT('2D SPACE',''
  ) );
#285 = ORIENTED_EDGE('',*,*,#21,.T.);
#286 = ORIENTED_EDGE('',*,*,#287,.F.);
#287 = EDGE_CURVE('',#24,#24,#288,.T.);
#288 = SURFACE_CURVE('',#289,(#303,#310),.PCURVE_S1.);
#289 = B_SPLINE_CURVE_WITH_KNOTS('',12,(#290,#291,#292,#293,#294,#295,
    #296,#297,#298,#299,#300,#301,#302),.UNSPECIFIED.,.T.,.F.,(13,13),(
    0.,1.),.PIECEWISE_BEZIER_KNOTS.);
#290 = CARTESIAN_POINT('',(-0.258226171566,0.2973,5.211012779755E-02));
#291 = CARTESIAN_POINT('',(-0.258226171566,0.285722512007,
    5.211012779755E-02));
#292 = CARTESIAN_POINT('',(-0.258226171566,0.274145262533,
    4.545610653163E-02));
#293 = CARTESIAN_POINT('',(-0.258226171566,0.266720906476,
    3.21356400882E-02));
#294 = CARTESIAN_POINT('',(-0.258226171566,0.26761699113,
    1.511934801565E-02));
#295 = CARTESIAN_POINT('',(-0.258226171566,0.278668473344,
    1.150883065454E-04));
#296 = CARTESIAN_POINT('',(-0.258226171566,0.2973,-5.952333625258E-03));
#297 = CARTESIAN_POINT('',(-0.258226171566,0.315931526656,
    1.1508830655E-04));
#298 = CARTESIAN_POINT('',(-0.258226171566,0.32698300887,
    1.511934801564E-02));
#299 = CARTESIAN_POINT('',(-0.258226171566,0.327879093524,
    3.21356400882E-02));
#300 = CARTESIAN_POINT('',(-0.258226171566,0.320454737467,
    4.545610653162E-02));
#301 = CARTESIAN_POINT('',(-0.258226171566,0.308877487993,
    5.211012779755E-02));
#302 = CARTESIAN_POINT('',(-0.258226171566,0.2973,5.211012779755E-02));
#303 = PCURVE('',#43,#304);
#304 = DEFINITIONAL_REPRESENTATION('',(#305),#309);
#305 = LINE('',#306,#307);
#306 = CARTESIAN_POINT('',(0.,1.));
#307 = VECTOR('',#308,1.);
#308 = DIRECTION('',(1.,0.));
#309 = ( GEOMETRIC_REPRESENTATION_CONTEXT(2) 
PARAMETRIC_REPRESENTATION_CONTEXT() REPRESENTATION_CONTEXT('2D SPACE',''
  ) );
#310 = PCURVE('',#311,#316);
#311 = PLANE('',#312);
#312 = AXIS2_PLACEMENT_3D('',#313,#314,#315);
#313 = CARTESIAN_POINT('',(-0.258226171566,0.2973,5.211012779755E-02));
#314 = DIRECTION('',(-1.,-5.0210499104E-15,-0.));
#315 = DIRECTION('',(0.,0.,-1.));
#316 = DEFINITIONAL_REPRESENTATION('',(#317),#331);
#317 = B_SPLINE_CURVE_WITH_KNOTS('',12,(#318,#319,#320,#321,#322,#323,
    #324,#325,#326,#327,#328,#329,#330),.UNSPECIFIED.,.F.,.F.,(13,13),(
    0.,1.),.PIECEWISE_BEZIER_KNOTS.);
#318 = CARTESIAN_POINT('',(0.,0.));
#319 = CARTESIAN_POINT('',(8.881784197001E-16,1.157748799312E-02));
#320 = CARTESIAN_POINT('',(6.654021265928E-03,2.315473746656E-02));
#321 = CARTESIAN_POINT('',(1.997448770936E-02,3.057909352409E-02));
#322 = CARTESIAN_POINT('',(3.69907797819E-02,2.968300887035E-02));
#323 = CARTESIAN_POINT('',(5.199503949101E-02,1.863152665556E-02));
#324 = CARTESIAN_POINT('',(5.806246142281E-02,1.787459069647E-14));
#325 = CARTESIAN_POINT('',(5.1995039491E-02,-1.863152665557E-02));
#326 = CARTESIAN_POINT('',(3.699077978191E-02,-2.968300887038E-02));
#327 = CARTESIAN_POINT('',(1.997448770935E-02,-3.057909352404E-02));
#328 = CARTESIAN_POINT('',(6.654021265932E-03,-2.315473746659E-02));
#329 = CARTESIAN_POINT('',(-4.371503159462E-16,-1.157748799311E-02));
#330 = CARTESIAN_POINT('',(0.,-5.551115123126E-17));
#331 = ( GEOMETRIC_REPRESENTATION_CONTEXT(2) 
PARAMETRIC_REPRESENTATION_CONTEXT() REPRESENTATION_CONTEXT('2D SPACE',''
  ) );
#332 = FACE_BOUND('',#333,.F.);
#333 = EDGE_LOOP('',(#334,#1251));
#334 = ORIENTED_EDGE('',*,*,#335,.F.);
#335 = EDGE_CURVE('',#336,#338,#340,.T.);
#336 = VERTEX_POINT('',#337);
#337 = CARTESIAN_POINT('',(0.,0.332731731678,0.));
#338 = VERTEX_POINT('',#339);
#339 = CARTESIAN_POINT('',(0.,0.261868268322,0.));
#340 = SURFACE_CURVE('',#341,(#617,#896),.PCURVE_S1.);
#341 = B_SPLINE_CURVE_WITH_KNOTS('',8,(#342,#343,#344,#345,#346,#347,
    #348,#349,#350,#351,#352,#353,#354,#355,#356,#357,#358,#359,#360,
    #361,#362,#363,#364,#365,#366,#367,#368,#369,#370,#371,#372,#373,
    #374,#375,#376,#377,#378,#379,#380,#381,#382,#383,#384,#385,#386,
    #387,#388,#389,#390,#391,#392,#393,#394,#395,#396,#397,#398,#399,
    #400,#401,#402,#403,#404,#405,#406,#407,#408,#409,#410,#411,#412,
    #413,#414,#415,#416,#417,#418,#419,#420,#421,#422,#423,#424,#425,
    #426,#427,#428,#429,#430,#431,#432,#433,#434,#435,#436,#437,#438,
    #439,#440,#441,#442,#443,#444,#445,#446,#447,#448,#449,#450,#451,
    #452,#453,#454,#455,#456,#457,#458,#459,#460,#461,#462,#463,#464,
    #465,#466,#467,#468,#469,#470,#471,#472,#473,#474,#475,#476,#477,
    #478,#479,#480,#481,#482,#483,#484,#485,#486,#487,#488,#489,#490,
    #491,#492,#493,#494,#495,#496,#497,#498,#499,#500,#501,#502,#503,
    #504,#505,#506,#507,#508,#509,#510,#511,#512,#513,#514,#515,#516,
    #517,#518,#519,#520,#521,#522,#523,#524,#525,#526,#527,#528,#529,
    #530,#531,#532,#533,#534,#535,#536,#537,#538,#539,#540,#541,#542,
    #543,#544,#545,#546,#547,#548,#549,#550,#551,#552,#553,#554,#555,
    #556,#557,#558,#559,#560,#561,#562,#563,#564,#565,#566,#567,#568,
    #569,#570,#571,#572,#573,#574,#575,#576,#577,#578,#579,#580,#581,
    #582,#583,#584,#585,#586,#587,#588,#589,#590,#591,#592,#593,#594,
    #595,#596,#597,#598,#599,#600,#601,#602,#603,#604,#605,#606,#607,
    #608,#609,#610,#611,#612,#613,#614,#615,#616),.UNSPECIFIED.,.F.,.F.,
  (9,7,7,7,7,7,7,7,7,7,7,7,7,7,7,7,7,7,7,7,7,7,7,7,7,7,7,7,7,7,7,7,7,7,7
    ,7,7,7,7,9),(0.,1.010410016093E-02,1.891747233561E-02,
    2.777986702929E-02,3.633434384753E-02,6.062589024704E-02,
    0.140682747463,0.192018354023,0.222337384408,0.23482038595,
    0.246057108117,0.33719539084,0.381544647482,0.415145684482,
    0.432387388247,0.447826171293,0.459476257105,0.468831151236,
    0.47629564223,0.499986338986,0.52711743267,0.535417001156,
    0.545675719371,0.559020819149,0.574929416982,0.597726839477,
    0.648317126147,0.662920439829,0.754058359259,0.765295009677,
    0.777777933513,0.808096777493,0.847318041884,0.876524280168,
    0.930293664898,0.952788119199,0.976270463548,0.988192342857,
    0.99389779508,1.),.UNSPECIFIED.);
#342 = CARTESIAN_POINT('',(0.,0.332731731678,-2.168404344971E-18));
#343 = CARTESIAN_POINT('',(9.343865819472E-05,0.332959343459,
    5.927092819378E-04));
#344 = CARTESIAN_POINT('',(1.347081394676E-04,0.333185449868,
    1.190599738578E-03));
#345 = CARTESIAN_POINT('',(1.263999970654E-04,0.333408064104,
    1.789375440108E-03));
#346 = CARTESIAN_POINT('',(7.064373651461E-05,0.333626548539,
    2.387814444208E-03));
#347 = CARTESIAN_POINT('',(-2.440089666966E-05,0.333838860635,
    2.981227359578E-03));
#348 = CARTESIAN_POINT('',(-1.725250384827E-04,0.334044557654,
    3.566216415763E-03));
#349 = CARTESIAN_POINT('',(-3.583248504962E-04,0.334243400626,
    4.143244129584E-03));
#350 = CARTESIAN_POINT('',(-7.782344710936E-04,0.334602164751,
    5.205028124253E-03));
#351 = CARTESIAN_POINT('',(-1.002678894493E-03,0.334763693414,
    5.691876838896E-03));
#352 = CARTESIAN_POINT('',(-1.253650879647E-03,0.334919507255,
    6.170244106353E-03));
#353 = CARTESIAN_POINT('',(-1.528990723058E-03,0.335069575926,
    6.639656134214E-03));
#354 = CARTESIAN_POINT('',(-1.826666162022E-03,0.335213939287,
    7.099825950182E-03));
#355 = CARTESIAN_POINT('',(-2.144772374629E-03,0.335352707407,
    7.55065340208E-03));
#356 = CARTESIAN_POINT('',(-2.481531979766E-03,0.335486060563,
    7.992225157849E-03));
#357 = CARTESIAN_POINT('',(-3.191025826658E-03,0.335743150936,
    8.859810441121E-03));
#358 = CARTESIAN_POINT('',(-3.564115524249E-03,0.335866779855,
    9.285571260673E-03));
#359 = CARTESIAN_POINT('',(-3.95289129723E-03,0.335985363108,
    9.702359679953E-03));
#360 = CARTESIAN_POINT('',(-4.355963246168E-03,0.336099115761,
    1.011039173327E-02));
#361 = CARTESIAN_POINT('',(-4.772160853324E-03,0.33620824689,
    1.05098719271E-02));
#362 = CARTESIAN_POINT('',(-5.200469431125E-03,0.336312965645,
    1.090102819361E-02));
#363 = CARTESIAN_POINT('',(-5.639966570642E-03,0.336413487303,
    1.128414684429E-02));
#364 = CARTESIAN_POINT('',(-6.523922891712E-03,0.336603236724,
    1.202202307686E-02));
#365 = CARTESIAN_POINT('',(-6.967746922163E-03,0.336692711496,
    1.237720435478E-02));
#366 = CARTESIAN_POINT('',(-7.420492992322E-03,0.336778647932,
    1.272539952872E-02));
#367 = CARTESIAN_POINT('',(-7.881492706022E-03,0.336861220962,
    1.306684016518E-02));
#368 = CARTESIAN_POINT('',(-8.350146960013E-03,0.336940596163,
    1.340174122577E-02));
#369 = CARTESIAN_POINT('',(-8.825925943969E-03,0.337016929754,
    1.373030106713E-02));
#370 = CARTESIAN_POINT('',(-9.308369140484E-03,0.337090368603,
    1.405270144103E-02));
#371 = CARTESIAN_POINT('',(-1.118485831534E-02,0.337361759843,
    1.526758351877E-02));
#372 = CARTESIAN_POINT('',(-1.262237713399E-02,0.337540207372,
    1.611761748017E-02));
#373 = CARTESIAN_POINT('',(-1.410090146719E-02,0.337699600495,
    1.692351362899E-02));
#374 = CARTESIAN_POINT('',(-1.561332069768E-02,0.337842536036,
    1.7688643508E-02));
#375 = CARTESIAN_POINT('',(-1.715398493299E-02,0.337971110815,
    1.841569328562E-02));
#376 = CARTESIAN_POINT('',(-1.87185360337E-02,0.338087032491,
    1.910691108938E-02));
#377 = CARTESIAN_POINT('',(-2.030373864163E-02,0.33819173042,
    1.976435433932E-02));
#378 = CARTESIAN_POINT('',(-2.719215301581E-02,0.338598685126,
    2.245250885536E-02));
#379 = CARTESIAN_POINT('',(-3.266033317684E-02,0.338801734594,
    2.416468329741E-02));
#380 = CARTESIAN_POINT('',(-3.823336187439E-02,0.338939665465,
    2.560008338218E-02));
#381 = CARTESIAN_POINT('',(-4.386217800106E-02,0.339025923854,
    2.67868758523E-02));
#382 = CARTESIAN_POINT('',(-4.951146513649E-02,0.339065570213,
    2.775127089977E-02));
#383 = CARTESIAN_POINT('',(-5.515949801573E-02,0.339060026064,
    2.85193709511E-02));
#384 = CARTESIAN_POINT('',(-6.080132054463E-02,0.339005879243,
    2.910758550776E-02));
#385 = CARTESIAN_POINT('',(-7.006075942504E-02,0.338830921384,
    2.98035423594E-02));
#386 = CARTESIAN_POINT('',(-7.367284025429E-02,0.338741006317,
    3.000743602834E-02));
#387 = CARTESIAN_POINT('',(-7.727723047886E-02,0.338628736516,
    3.014730015673E-02));
#388 = CARTESIAN_POINT('',(-8.087448120897E-02,0.338495049081,
    3.022657169836E-02));
#389 = CARTESIAN_POINT('',(-8.446196777922E-02,0.338338214563,
    3.024803909587E-02));
#390 = CARTESIAN_POINT('',(-8.804037556038E-02,0.338158672704,
    3.021452599888E-02));
#391 = CARTESIAN_POINT('',(-9.160811877353E-02,0.337955233668,
    3.012819007324E-02));
#392 = CARTESIAN_POINT('',(-9.726558306929E-02,0.337592591081,
    2.991037603094E-02));
#393 = CARTESIAN_POINT('',(-9.936236265484E-02,0.337449368215,
    2.981183902692E-02));
#394 = CARTESIAN_POINT('',(-0.10145509646,0.337297423013,
    2.96961404895E-02));
#395 = CARTESIAN_POINT('',(-0.103543600539,0.337136571667,
    2.956365702842E-02));
#396 = CARTESIAN_POINT('',(-0.10562768105,0.336966611828,
    2.941471723678E-02));
#397 = CARTESIAN_POINT('',(-0.107707145425,0.336787336256,
    2.924967641095E-02));
#398 = CARTESIAN_POINT('',(-0.109781813532,0.336598546471,
    2.90689912705E-02));
#399 = CARTESIAN_POINT('',(-0.112703675462,0.336318347864,
    2.879272215218E-02));
#400 = CARTESIAN_POINT('',(-0.113554971515,0.336234980443,
    2.870956520197E-02));
#401 = CARTESIAN_POINT('',(-0.114405442157,0.336149973213,
    2.862399728114E-02));
#402 = CARTESIAN_POINT('',(-0.11525511549,0.33606333714,
    2.853619113802E-02));
#403 = CARTESIAN_POINT('',(-0.116104022551,0.335975085084,
    2.844631881566E-02));
#404 = CARTESIAN_POINT('',(-0.116952197321,0.3358852318,
    2.835455165185E-02));
#405 = CARTESIAN_POINT('',(-0.117799676716,0.335793793939,
    2.826106027911E-02));
#406 = CARTESIAN_POINT('',(-0.119408779169,0.335617071487,
    2.808045814947E-02));
#407 = CARTESIAN_POINT('',(-0.120170520919,0.335532079675,
    2.799362039043E-02));
#408 = CARTESIAN_POINT('',(-0.120931713355,0.335445803023,
    2.790548961602E-02));
#409 = CARTESIAN_POINT('',(-0.12169234246,0.335358230487,
    2.781605447121E-02));
#410 = CARTESIAN_POINT('',(-0.122452392685,0.335269351562,
    2.772530397744E-02));
#411 = CARTESIAN_POINT('',(-0.123211846952,0.335179156287,
    2.763322753267E-02));
#412 = CARTESIAN_POINT('',(-0.12397068665,0.335087635243,
    2.753981491131E-02));
#413 = CARTESIAN_POINT('',(-0.130878505326,0.334241649937,
    2.667649224412E-02));
#414 = CARTESIAN_POINT('',(-0.136986464238,0.333400455668,
    2.581853320898E-02));
#415 = CARTESIAN_POINT('',(-0.143050662396,0.332470566881,
    2.488793486762E-02));
#416 = CARTESIAN_POINT('',(-0.149061856953,0.331447802462,
    2.387752995644E-02));
#417 = CARTESIAN_POINT('',(-0.155021455599,0.330335311008,
    2.280846923727E-02));
#418 = CARTESIAN_POINT('',(-0.160922498717,0.329133022241,
    2.167538522024E-02));
#419 = CARTESIAN_POINT('',(-0.166764388602,0.327846342238,
    2.048845167636E-02));
#420 = CARTESIAN_POINT('',(-0.175358755311,0.325818250899,
    1.864758124936E-02));
#421 = CARTESIAN_POINT('',(-0.178157255035,0.325136201024,
    1.80329694528E-02));
#422 = CARTESIAN_POINT('',(-0.180939143934,0.32443588426,
    1.74071757326E-02));
#423 = CARTESIAN_POINT('',(-0.183701478001,0.323716966491,
    1.677130528971E-02));
#424 = CARTESIAN_POINT('',(-0.186440253108,0.322978770702,
    1.612676239301E-02));
#425 = CARTESIAN_POINT('',(-0.189150380035,0.322220194235,
    1.547530036673E-02));
#426 = CARTESIAN_POINT('',(-0.191825659489,0.32143962605,
    1.481907157792E-02));
#427 = CARTESIAN_POINT('',(-0.196453713046,0.320025139224,
    1.366184772498E-02));
#428 = CARTESIAN_POINT('',(-0.19842403843,0.319401640464,
    1.316187979486E-02));
#429 = CARTESIAN_POINT('',(-0.200366562128,0.318763439318,
    1.266189680427E-02));
#430 = CARTESIAN_POINT('',(-0.202277177957,0.318109530656,
    1.216332060137E-02));
#431 = CARTESIAN_POINT('',(-0.204150971798,0.317438861253,
    1.166785152194E-02));
#432 = CARTESIAN_POINT('',(-0.205982348683,0.316750358441,
    1.11774481996E-02));
#433 = CARTESIAN_POINT('',(-0.207765159877,0.316042958762,
    1.069430737611E-02));
#434 = CARTESIAN_POINT('',(-0.210379349515,0.314942425719,
    9.977895250007E-03));
#435 = CARTESIAN_POINT('',(-0.211251312706,0.314563997736,
    9.737504276186E-03));
#436 = CARTESIAN_POINT('',(-0.212107772161,0.314180227603,
    9.500013064336E-03));
#437 = CARTESIAN_POINT('',(-0.212947768321,0.313791011412,
    9.265772900546E-03));
#438 = CARTESIAN_POINT('',(-0.213770329449,0.313396266404,
    9.035144082792E-03));
#439 = CARTESIAN_POINT('',(-0.214574471635,0.31299593097,
    8.808495920946E-03));
#440 = CARTESIAN_POINT('',(-0.21535919879,0.312589964653,
    8.586206736768E-03));
#441 = CARTESIAN_POINT('',(-0.216807885221,0.311809773322,
    8.173868891053E-03));
#442 = CARTESIAN_POINT('',(-0.217475883374,0.311436669059,
    7.982880841285E-03));
#443 = CARTESIAN_POINT('',(-0.218126878277,0.311059044892,
    7.795948085345E-03));
#444 = CARTESIAN_POINT('',(-0.218760266123,0.310676928364,
    7.613315532052E-03));
#445 = CARTESIAN_POINT('',(-0.219375458144,0.310290365021,
    7.435224628308E-03));
#446 = CARTESIAN_POINT('',(-0.219971880601,0.309899418418,
    7.261913359095E-03));
#447 = CARTESIAN_POINT('',(-0.22054897479,0.309504170112,
    7.093616247478E-03));
#448 = CARTESIAN_POINT('',(-0.221526676229,0.30880329488,
    6.807525606129E-03));
#449 = CARTESIAN_POINT('',(-0.221935843626,0.308499476437,
    6.687471942188E-03));
#450 = CARTESIAN_POINT('',(-0.222333467101,0.308193307453,
    6.570501961636E-03));
#451 = CARTESIAN_POINT('',(-0.222719323979,0.307884836498,
    6.456711047215E-03));
#452 = CARTESIAN_POINT('',(-0.223093201039,0.307574117602,
    6.346191365554E-03));
#453 = CARTESIAN_POINT('',(-0.223454894513,0.307261210246,
    6.239031867162E-03));
#454 = CARTESIAN_POINT('',(-0.223804210087,0.306946179374,
    6.135318286438E-03));
#455 = CARTESIAN_POINT('',(-0.224411371805,0.306374480336,
    5.954685543429E-03));
#456 = CARTESIAN_POINT('',(-0.224673681093,0.306118540984,
    5.876512662978E-03));
#457 = CARTESIAN_POINT('',(-0.224927795548,0.305861313777,
    5.800657008515E-03));
#458 = CARTESIAN_POINT('',(-0.225173624614,0.305602836988,
    5.727159281959E-03));
#459 = CARTESIAN_POINT('',(-0.225411082396,0.305343150716,
    5.656058378949E-03));
#460 = CARTESIAN_POINT('',(-0.225640087661,0.305082296888,
    5.587391388841E-03));
#461 = CARTESIAN_POINT('',(-0.225860563839,0.304820319257,
    5.521193594708E-03));
#462 = CARTESIAN_POINT('',(-0.22624149923,0.304347364921,
    5.406674631482E-03));
#463 = CARTESIAN_POINT('',(-0.226405083403,0.304136779784,
    5.357444130534E-03));
#464 = CARTESIAN_POINT('',(-0.226563155075,0.303925531102,
    5.30982393274E-03));
#465 = CARTESIAN_POINT('',(-0.22671567969,0.303713642547,
    5.263830197402E-03));
#466 = CARTESIAN_POINT('',(-0.226862624596,0.303501138351,
    5.219478280876E-03));
#467 = CARTESIAN_POINT('',(-0.227003959046,0.303288043307,
    5.176782736576E-03));
#468 = CARTESIAN_POINT('',(-0.2271396542,0.303074382768,
    5.135757314971E-03));
#469 = CARTESIAN_POINT('',(-0.227682367085,0.302180357304,
    4.971550760933E-03));
#470 = CARTESIAN_POINT('',(-0.228037968181,0.301495083149,
    4.863639996481E-03));
#471 = CARTESIAN_POINT('',(-0.228335641359,0.300805208568,
    4.773095422297E-03));
#472 = CARTESIAN_POINT('',(-0.22857471298,0.300111605947,
    4.700247162568E-03));
#473 = CARTESIAN_POINT('',(-0.228754680814,0.299415171672,
    4.645342713601E-03));
#474 = CARTESIAN_POINT('',(-0.228875214041,0.298716826126,
    4.608546943818E-03));
#475 = CARTESIAN_POINT('',(-0.228936153248,0.298017513692,
    4.589942093762E-03));
#476 = CARTESIAN_POINT('',(-0.228939064717,0.296517336878,
    4.589053290623E-03));
#477 = CARTESIAN_POINT('',(-0.228862480115,0.295716405483,
    4.612436213749E-03));
#478 = CARTESIAN_POINT('',(-0.228707722073,0.294916878052,
    4.659681754967E-03));
#479 = CARTESIAN_POINT('',(-0.228475055204,0.294120176389,
    4.730652699364E-03));
#480 = CARTESIAN_POINT('',(-0.228165043288,0.293327674619,
    4.825069407617E-03));
#481 = CARTESIAN_POINT('',(-0.227778549276,0.292540699188,
    4.942509815992E-03));
#482 = CARTESIAN_POINT('',(-0.227316735289,0.291760528862,
    5.082409436346E-03));
#483 = CARTESIAN_POINT('',(-0.226617197049,0.290752194146,
    5.293511672968E-03));
#484 = CARTESIAN_POINT('',(-0.226446421229,0.290516743132,
    5.344997597101E-03));
#485 = CARTESIAN_POINT('',(-0.22626877793,0.290282075786,
    5.398498850868E-03));
#486 = CARTESIAN_POINT('',(-0.226084312859,0.290048225228,
    5.45399396518E-03));
#487 = CARTESIAN_POINT('',(-0.225893074654,0.289815223593,
    5.511460279518E-03));
#488 = CARTESIAN_POINT('',(-0.225695114882,0.289583102036,
    5.570873941933E-03));
#489 = CARTESIAN_POINT('',(-0.225490488046,0.289351890728,
    5.632209909049E-03));
#490 = CARTESIAN_POINT('',(-0.225018151806,0.2888369903,
    5.773600184162E-03));
#491 = CARTESIAN_POINT('',(-0.224746953241,0.288553796596,
    5.85465553506E-03));
#492 = CARTESIAN_POINT('',(-0.224465764696,0.288272092983,
    5.938558264365E-03));
#493 = CARTESIAN_POINT('',(-0.224174701409,0.287991931731,
    6.025256275068E-03));
#494 = CARTESIAN_POINT('',(-0.223873885045,0.287713362142,
    6.114695107536E-03));
#495 = CARTESIAN_POINT('',(-0.223563443691,0.287436430551,
    6.206817939511E-03));
#496 = CARTESIAN_POINT('',(-0.223243511857,0.287161180325,
    6.301565586111E-03));
#497 = CARTESIAN_POINT('',(-0.22248588332,0.286531831134,
    6.525463840057E-03));
#498 = CARTESIAN_POINT('',(-0.22204171173,0.286178923136,
    6.656390103694E-03));
#499 = CARTESIAN_POINT('',(-0.221582028421,0.285829016505,
    6.791518873865E-03));
#500 = CARTESIAN_POINT('',(-0.221107159195,0.285482190007,
    6.930709684514E-03));
#501 = CARTESIAN_POINT('',(-0.220617442949,0.28513851254,
    7.073818020406E-03));
#502 = CARTESIAN_POINT('',(-0.220113231668,0.284798043134,
    7.220695317128E-03));
#503 = CARTESIAN_POINT('',(-0.219594890432,0.284460830951,
    7.371188961085E-03));
#504 = CARTESIAN_POINT('',(-0.218428493135,0.283728856817,
    7.708668949317E-03));
#505 = CARTESIAN_POINT('',(-0.217774656439,0.283335474975,
    7.897110634641E-03));
#506 = CARTESIAN_POINT('',(-0.217101879569,0.282946845572,
    8.090215168824E-03));
#507 = CARTESIAN_POINT('',(-0.216410804129,0.282563017014,
    8.287718700399E-03));
#508 = CARTESIAN_POINT('',(-0.215702121079,0.282184010305,
    8.489345703086E-03));
#509 = CARTESIAN_POINT('',(-0.214976570738,0.281809819047,
    8.694808975794E-03));
#510 = CARTESIAN_POINT('',(-0.214234942781,0.281440409437,
    8.903809642619E-03));
#511 = CARTESIAN_POINT('',(-0.212393467374,0.280553111487,
    9.420164535157E-03));
#512 = CARTESIAN_POINT('',(-0.211277520902,0.28004021314,
    9.730932954515E-03));
#513 = CARTESIAN_POINT('',(-0.210132514145,0.279536862199,
    1.004748834888E-02));
#514 = CARTESIAN_POINT('',(-0.208960686898,0.279042834099,
    1.03690048229E-02));
#515 = CARTESIAN_POINT('',(-0.207764204642,0.278557856196,
    1.069469516763E-02));
#516 = CARTESIAN_POINT('',(-0.206545121745,0.278081621222,
    1.102382138019E-02));
#517 = CARTESIAN_POINT('',(-0.205305344666,0.27761380074,
    1.13557051835E-02));
#518 = CARTESIAN_POINT('',(-0.201253275079,0.276133834189,
    1.243099969363E-02));
#519 = CARTESIAN_POINT('',(-0.198367863395,0.275153900011,
    1.318249295195E-02));
#520 = CARTESIAN_POINT('',(-0.195407685746,0.274209787243,
    1.393793919653E-02));
#521 = CARTESIAN_POINT('',(-0.192387682243,0.27329788786,
    1.469213734331E-02));
#522 = CARTESIAN_POINT('',(-0.189320219728,0.272415342722,
    1.544090003193E-02));
#523 = CARTESIAN_POINT('',(-0.18621490403,0.271559929656,
    1.618098930912E-02));
#524 = CARTESIAN_POINT('',(-0.183078392222,0.270729951541,
    1.691005231218E-02));
#525 = CARTESIAN_POINT('',(-0.179000835465,0.269691515579,
    1.783338207047E-02));
#526 = CARTESIAN_POINT('',(-0.178085270175,0.269460946291,
    1.803913438227E-02));
#527 = CARTESIAN_POINT('',(-0.177167638065,0.269232395163,
    1.824376744828E-02));
#528 = CARTESIAN_POINT('',(-0.176248059622,0.269005845712,
    1.844723727841E-02));
#529 = CARTESIAN_POINT('',(-0.17532664676,0.26878128634,
    1.864950233193E-02));
#530 = CARTESIAN_POINT('',(-0.174403502823,0.268558710333,
    1.885052351746E-02));
#531 = CARTESIAN_POINT('',(-0.173478722581,0.268338115864,
    1.9050264193E-02));
#532 = CARTESIAN_POINT('',(-0.166771250876,0.266755182128,
    2.048704816657E-02));
#533 = CARTESIAN_POINT('',(-0.160929382861,0.265468407565,
    2.167404527457E-02));
#534 = CARTESIAN_POINT('',(-0.155028358358,0.264266019948,
    2.280720001072E-02));
#535 = CARTESIAN_POINT('',(-0.149068775069,0.263153431056,
    2.38763266043E-02));
#536 = CARTESIAN_POINT('',(-0.143057592121,0.262130565997,
    2.488681281007E-02));
#537 = CARTESIAN_POINT('',(-0.13699340256,0.261200580796,
    2.581748944137E-02));
#538 = CARTESIAN_POINT('',(-0.130885445804,0.260359291877,
    2.66755321994E-02));
#539 = CARTESIAN_POINT('',(-0.123977628125,0.2595132036,
    2.753895874558E-02));
#540 = CARTESIAN_POINT('',(-0.123218790032,0.259421671533,
    2.76323824849E-02));
#541 = CARTESIAN_POINT('',(-0.122459337239,0.259331465314,
    2.77244699656E-02));
#542 = CARTESIAN_POINT('',(-0.121699288357,0.25924257552,
    2.781523141212E-02));
#543 = CARTESIAN_POINT('',(-0.120938660472,0.259154992193,
    2.790467742493E-02));
#544 = CARTESIAN_POINT('',(-0.120177469141,0.259068704832,
    2.799281898046E-02));
#545 = CARTESIAN_POINT('',(-0.119415728398,0.258983702399,
    2.807966743116E-02));
#546 = CARTESIAN_POINT('',(-0.117806627769,0.258806957716,
    2.826029194975E-02));
#547 = CARTESIAN_POINT('',(-0.11695914942,0.258715508106,
    2.835379581769E-02));
#548 = CARTESIAN_POINT('',(-0.116110975906,0.258625642994,
    2.844557645707E-02));
#549 = CARTESIAN_POINT('',(-0.115262070339,0.258537379011,
    2.853546339941E-02));
#550 = CARTESIAN_POINT('',(-0.114412398739,0.258450730914,
    2.862328535995E-02));
#551 = CARTESIAN_POINT('',(-0.113561930035,0.258365711582,
    2.870887023763E-02));
#552 = CARTESIAN_POINT('',(-0.112710636063,0.258282332018,
    2.879204511507E-02));
#553 = CARTESIAN_POINT('',(-0.109788781264,0.258002091821,
    2.906837808482E-02));
#554 = CARTESIAN_POINT('',(-0.107714117614,0.257813273139,
    2.924910962237E-02));
#555 = CARTESIAN_POINT('',(-0.105634657228,0.257633969245,
    2.94141979857E-02));
#556 = CARTESIAN_POINT('',(-0.103550580235,0.257463981668,
    2.956318628384E-02));
#557 = CARTESIAN_POINT('',(-0.101462079158,0.257303103172,
    2.969571901664E-02));
#558 = CARTESIAN_POINT('',(-9.936934780828E-02,0.257151131399,
    2.981146747092E-02));
#559 = CARTESIAN_POINT('',(-9.727257016418E-02,0.257007882502,
    2.99100551167E-02));
#560 = CARTESIAN_POINT('',(-9.245443834293E-02,0.256698982123,
    3.009567347364E-02));
#561 = CARTESIAN_POINT('',(-8.973047933412E-02,0.256539104031,
    3.017079943271E-02));
#562 = CARTESIAN_POINT('',(-8.700035043395E-02,0.25639320644,
    3.021544537602E-02));
#563 = CARTESIAN_POINT('',(-8.426438487955E-02,0.256260971578,
    3.022858982439E-02));
#564 = CARTESIAN_POINT('',(-8.152293094427E-02,0.256142127977,
    3.020910532395E-02));
#565 = CARTESIAN_POINT('',(-7.877635193764E-02,0.256036450472,
    3.015575844614E-02));
#566 = CARTESIAN_POINT('',(-7.602502620543E-02,0.255943760202,
    3.006720978769E-02));
#567 = CARTESIAN_POINT('',(-7.121732201076E-02,0.255804474782,
    2.984878651046E-02));
#568 = CARTESIAN_POINT('',(-6.916295226015E-02,0.255752158018,
    2.973520802843E-02));
#569 = CARTESIAN_POINT('',(-6.710626364668E-02,0.255706882966,
    2.960071050133E-02));
#570 = CARTESIAN_POINT('',(-6.504743157411E-02,0.255668834764,
    2.944453942912E-02));
#571 = CARTESIAN_POINT('',(-6.298694363611E-02,0.255637681775,
    2.926602163497E-02));
#572 = CARTESIAN_POINT('',(-6.092534661944E-02,0.255613071024,
    2.906443161209E-02));
#573 = CARTESIAN_POINT('',(-5.886305000408E-02,0.255595122223,
    2.883885262605E-02));
#574 = CARTESIAN_POINT('',(-5.300374491394E-02,0.255562473324,
    2.81273924821E-02));
#575 = CARTESIAN_POINT('',(-4.920889693609E-02,0.255563320827,
    2.75822606192E-02));
#576 = CARTESIAN_POINT('',(-4.541766857407E-02,0.255585500223,
    2.694759669207E-02));
#577 = CARTESIAN_POINT('',(-4.16348937664E-02,0.255629214152,
    2.621630723538E-02));
#578 = CARTESIAN_POINT('',(-3.78682550102E-02,0.255695419293,
    2.538078032037E-02));
#579 = CARTESIAN_POINT('',(-3.412836290542E-02,0.255786340506,
    2.44326370651E-02));
#580 = CARTESIAN_POINT('',(-3.04293461254E-02,0.255906620282,
    2.336109615393E-02));
#581 = CARTESIAN_POINT('',(-2.52674090238E-02,0.256131405061,
    2.164326821907E-02));
#582 = CARTESIAN_POINT('',(-2.375574503099E-02,0.256204369283,
    2.111233304494E-02));
#583 = CARTESIAN_POINT('',(-2.225632983443E-02,0.256284658145,
    2.055593512897E-02));
#584 = CARTESIAN_POINT('',(-2.077096933689E-02,0.256373038055,
    1.997282784391E-02));
#585 = CARTESIAN_POINT('',(-1.930193576371E-02,0.256470425548,
    1.93616463939E-02));
#586 = CARTESIAN_POINT('',(-1.785199808204E-02,0.256577932965,
    1.872082555823E-02));
#587 = CARTESIAN_POINT('',(-1.642445241996E-02,0.256696914144,
    1.8048517435E-02));
#588 = CARTESIAN_POINT('',(-1.356031159375E-02,0.256966907319,
    1.660549513588E-02));
#589 = CARTESIAN_POINT('',(-1.212787444203E-02,0.257118992731,
    1.583237262627E-02));
#590 = CARTESIAN_POINT('',(-1.07275472373E-02,0.257287172001,
    1.501996844165E-02));
#591 = CARTESIAN_POINT('',(-9.368630968579E-03,0.257473953767,
    1.416523710056E-02));
#592 = CARTESIAN_POINT('',(-8.052751345291E-03,0.257681554005,
    1.326456488214E-02));
#593 = CARTESIAN_POINT('',(-6.798428593496E-03,0.257913611253,
    1.2314854811E-02));
#594 = CARTESIAN_POINT('',(-5.612933164345E-03,0.258173282348,
    1.131160170381E-02));
#595 = CARTESIAN_POINT('',(-3.962227046832E-03,0.258613578462,
    9.707689849439E-03));
#596 = CARTESIAN_POINT('',(-3.429882738332E-03,0.258770067009,
    9.152414754873E-03));
#597 = CARTESIAN_POINT('',(-2.923644209735E-03,0.258935373207,
    8.581082950462E-03));
#598 = CARTESIAN_POINT('',(-2.446618177281E-03,0.259110028466,
    7.993146143215E-03));
#599 = CARTESIAN_POINT('',(-2.002662109901E-03,0.259294525793,
    7.388255144227E-03));
#600 = CARTESIAN_POINT('',(-1.596380503839E-03,0.259489289634,
    6.766283703499E-03));
#601 = CARTESIAN_POINT('',(-1.232875605901E-03,0.259694592677,
    6.127505380132E-03));
#602 = CARTESIAN_POINT('',(-7.662049176254E-04,0.260013707872,
    5.159660258166E-03));
#603 = CARTESIAN_POINT('',(-6.262278388932E-04,0.260119380953,
    4.84284694104E-03));
#604 = CARTESIAN_POINT('',(-4.977848894573E-04,0.260227438474,
    4.522596750486E-03));
#605 = CARTESIAN_POINT('',(-3.814811908401E-04,0.260337845343,
    4.199102741862E-03));
#606 = CARTESIAN_POINT('',(-2.779866494129E-04,0.260450536732,
    3.872623360667E-03));
#607 = CARTESIAN_POINT('',(-1.879591600599E-04,0.260565423063,
    3.543468031313E-03));
#608 = CARTESIAN_POINT('',(-1.11967809842E-04,0.260682394986,
    3.211982745876E-03));
#609 = CARTESIAN_POINT('',(1.541590569238E-05,0.260928532282,
    2.521900909094E-03));
#610 = CARTESIAN_POINT('',(6.481087051031E-05,0.26105792828,
    2.163178050337E-03));
#611 = CARTESIAN_POINT('',(9.772359171942E-05,0.261189348989,
    1.80290892284E-03));
#612 = CARTESIAN_POINT('',(1.138731862884E-04,0.261322585228,
    1.441681742464E-03));
#613 = CARTESIAN_POINT('',(1.127971365673E-04,0.261457390108,
    1.080120742079E-03));
#614 = CARTESIAN_POINT('',(9.390531762661E-05,0.261593483139,
    7.188758189614E-04));
#615 = CARTESIAN_POINT('',(5.653402459531E-05,0.261730554337,
    3.586121821819E-04));
#616 = CARTESIAN_POINT('',(0.,0.261868268322,8.673617379884E-19));
#617 = PCURVE('',#43,#618);
#618 = DEFINITIONAL_REPRESENTATION('',(#619),#895);
#619 = B_SPLINE_CURVE_WITH_KNOTS('',8,(#620,#621,#622,#623,#624,#625,
    #626,#627,#628,#629,#630,#631,#632,#633,#634,#635,#636,#637,#638,
    #639,#640,#641,#642,#643,#644,#645,#646,#647,#648,#649,#650,#651,
    #652,#653,#654,#655,#656,#657,#658,#659,#660,#661,#662,#663,#664,
    #665,#666,#667,#668,#669,#670,#671,#672,#673,#674,#675,#676,#677,
    #678,#679,#680,#681,#682,#683,#684,#685,#686,#687,#688,#689,#690,
    #691,#692,#693,#694,#695,#696,#697,#698,#699,#700,#701,#702,#703,
    #704,#705,#706,#707,#708,#709,#710,#711,#712,#713,#714,#715,#716,
    #717,#718,#719,#720,#721,#722,#723,#724,#725,#726,#727,#728,#729,
    #730,#731,#732,#733,#734,#735,#736,#737,#738,#739,#740,#741,#742,
    #743,#744,#745,#746,#747,#748,#749,#750,#751,#752,#753,#754,#755,
    #756,#757,#758,#759,#760,#761,#762,#763,#764,#765,#766,#767,#768,
    #769,#770,#771,#772,#773,#774,#775,#776,#777,#778,#779,#780,#781,
    #782,#783,#784,#785,#786,#787,#788,#789,#790,#791,#792,#793,#794,
    #795,#796,#797,#798,#799,#800,#801,#802,#803,#804,#805,#806,#807,
    #808,#809,#810,#811,#812,#813,#814,#815,#816,#817,#818,#819,#820,
    #821,#822,#823,#824,#825,#826,#827,#828,#829,#830,#831,#832,#833,
    #834,#835,#836,#837,#838,#839,#840,#841,#842,#843,#844,#845,#846,
    #847,#848,#849,#850,#851,#852,#853,#854,#855,#856,#857,#858,#859,
    #860,#861,#862,#863,#864,#865,#866,#867,#868,#869,#870,#871,#872,
    #873,#874,#875,#876,#877,#878,#879,#880,#881,#882,#883,#884,#885,
    #886,#887,#888,#889,#890,#891,#892,#893,#894),.UNSPECIFIED.,.F.,.F.,
  (9,7,7,7,7,7,7,7,7,7,7,7,7,7,7,7,7,7,7,7,7,7,7,7,7,7,7,7,7,7,7,7,7,7,7
    ,7,7,7,7,9),(0.,1.010410016093E-02,1.891747233561E-02,
    2.777986702929E-02,3.633434384753E-02,6.062589024704E-02,
    0.140682747463,0.192018354023,0.222337384408,0.23482038595,
    0.246057108117,0.33719539084,0.381544647482,0.415145684482,
    0.432387388247,0.447826171293,0.459476257105,0.468831151236,
    0.47629564223,0.499986338986,0.52711743267,0.535417001156,
    0.545675719371,0.559020819149,0.574929416982,0.597726839477,
    0.648317126147,0.662920439829,0.754058359259,0.765295009677,
    0.777777933513,0.808096777493,0.847318041884,0.876524280168,
    0.930293664898,0.952788119199,0.976270463548,0.988192342857,
    0.99389779508,1.),.UNSPECIFIED.);
#620 = CARTESIAN_POINT('',(0.658863919306,0.433186639342));
#621 = CARTESIAN_POINT('',(0.660449910879,0.432985754627));
#622 = CARTESIAN_POINT('',(0.662053380951,0.432897024703));
#623 = CARTESIAN_POINT('',(0.66366177464,0.432914886651));
#624 = CARTESIAN_POINT('',(0.665271002403,0.433034761649));
#625 = CARTESIAN_POINT('',(0.666866352925,0.433239105635));
#626 = CARTESIAN_POINT('',(0.668442735592,0.433557557765));
#627 = CARTESIAN_POINT('',(0.669997238584,0.433956989259));
#628 = CARTESIAN_POINT('',(0.672857839757,0.434859653759));
#629 = CARTESIAN_POINT('',(0.674169442424,0.435342115532));
#630 = CARTESIAN_POINT('',(0.67545773411,0.435881573797));
#631 = CARTESIAN_POINT('',(0.676721039853,0.436473375301));
#632 = CARTESIAN_POINT('',(0.677958211356,0.437113140702));
#633 = CARTESIAN_POINT('',(0.679168626989,0.437796764574));
#634 = CARTESIAN_POINT('',(0.680352191784,0.4385204154));
#635 = CARTESIAN_POINT('',(0.68267291948,0.440044883763));
#636 = CARTESIAN_POINT('',(0.683809423365,0.440846464633));
#637 = CARTESIAN_POINT('',(0.684919221718,0.441681671746));
#638 = CARTESIAN_POINT('',(0.686002631024,0.442547507119));
#639 = CARTESIAN_POINT('',(0.687059982003,0.443441444652));
#640 = CARTESIAN_POINT('',(0.688091689985,0.444361293556));
#641 = CARTESIAN_POINT('',(0.68909832529,0.445305061774));
#642 = CARTESIAN_POINT('',(0.691028910531,0.447203022447));
#643 = CARTESIAN_POINT('',(0.691954261289,0.448155857915));
#644 = CARTESIAN_POINT('',(0.692857245969,0.449127732411));
#645 = CARTESIAN_POINT('',(0.693738375095,0.450117203599));
#646 = CARTESIAN_POINT('',(0.694598159612,0.451122980208));
#647 = CARTESIAN_POINT('',(0.695437110887,0.452143922033));
#648 = CARTESIAN_POINT('',(0.696255740712,0.45317903993));
#649 = CARTESIAN_POINT('',(0.699322915958,0.45720472231));
#650 = CARTESIAN_POINT('',(0.701430984085,0.46028769313));
#651 = CARTESIAN_POINT('',(0.703390741993,0.463457636572));
#652 = CARTESIAN_POINT('',(0.70521229672,0.466699332074));
#653 = CARTESIAN_POINT('',(0.706904337074,0.470000736245));
#654 = CARTESIAN_POINT('',(0.708474584676,0.473352608884));
#655 = CARTESIAN_POINT('',(0.709930244998,0.476748139001));
#656 = CARTESIAN_POINT('',(0.715721721387,0.49150131584));
#657 = CARTESIAN_POINT('',(0.718984434411,0.50320793286));
#658 = CARTESIAN_POINT('',(0.721320281155,0.51513914647));
#659 = CARTESIAN_POINT('',(0.722862072435,0.527196619348));
#660 = CARTESIAN_POINT('',(0.723730530506,0.539311806766));
#661 = CARTESIAN_POINT('',(0.724038409775,0.551444917081));
#662 = CARTESIAN_POINT('',(0.72386835635,0.563591846873));
#663 = CARTESIAN_POINT('',(0.722940321713,0.583583967923));
#664 = CARTESIAN_POINT('',(0.722416546192,0.591397189893));
#665 = CARTESIAN_POINT('',(0.721752006889,0.599209518928));
#666 = CARTESIAN_POINT('',(0.720929299252,0.607016213891));
#667 = CARTESIAN_POINT('',(0.719975208811,0.61481491574));
#668 = CARTESIAN_POINT('',(0.718873902083,0.622601915902));
#669 = CARTESIAN_POINT('',(0.717634964584,0.630374098924));
#670 = CARTESIAN_POINT('',(0.715440946206,0.642708740068));
#671 = CARTESIAN_POINT('',(0.714577429261,0.647282473596));
#672 = CARTESIAN_POINT('',(0.713665207494,0.651849323081));
#673 = CARTESIAN_POINT('',(0.712704040608,0.656408579002));
#674 = CARTESIAN_POINT('',(0.711693502898,0.660959512687));
#675 = CARTESIAN_POINT('',(0.7106331934,0.665501401621));
#676 = CARTESIAN_POINT('',(0.709522946047,0.670033554761));
#677 = CARTESIAN_POINT('',(0.707885481305,0.676417053888));
#678 = CARTESIAN_POINT('',(0.70739939534,0.678276988014));
#679 = CARTESIAN_POINT('',(0.706905162153,0.680135174816));
#680 = CARTESIAN_POINT('',(0.70640316888,0.681991655453));
#681 = CARTESIAN_POINT('',(0.705893809563,0.683846477662));
#682 = CARTESIAN_POINT('',(0.705377485149,0.685699695751));
#683 = CARTESIAN_POINT('',(0.704854603494,0.687551370602));
#684 = CARTESIAN_POINT('',(0.703849372,0.691067048343));
#685 = CARTESIAN_POINT('',(0.703368112035,0.692731311909));
#686 = CARTESIAN_POINT('',(0.702881717825,0.694394323031));
#687 = CARTESIAN_POINT('',(0.702390121871,0.696056048658));
#688 = CARTESIAN_POINT('',(0.70189327081,0.697716460025));
#689 = CARTESIAN_POINT('',(0.701391125422,0.699375532652));
#690 = CARTESIAN_POINT('',(0.700883660625,0.701033246346));
#691 = CARTESIAN_POINT('',(0.696211710474,0.716123741189));
#692 = CARTESIAN_POINT('',(0.691698130055,0.729467124616));
#693 = CARTESIAN_POINT('',(0.686876981274,0.742723162011));
#694 = CARTESIAN_POINT('',(0.681724249812,0.755879245388));
#695 = CARTESIAN_POINT('',(0.676299648188,0.768945555358));
#696 = CARTESIAN_POINT('',(0.670585513094,0.781913543735));
#697 = CARTESIAN_POINT('',(0.664611624352,0.794788107124));
#698 = CARTESIAN_POINT('',(0.655363431151,0.813792410345));
#699 = CARTESIAN_POINT('',(0.652279318072,0.819990917046));
#700 = CARTESIAN_POINT('',(0.649122520405,0.826162553524));
#701 = CARTESIAN_POINT('',(0.645875353087,0.832300303471));
#702 = CARTESIAN_POINT('',(0.642518082896,0.838394744366));
#703 = CARTESIAN_POINT('',(0.639028774548,0.844433976095));
#704 = CARTESIAN_POINT('',(0.63538313679,0.850403549582));
#705 = CARTESIAN_POINT('',(0.628653517512,0.860743510032));
#706 = CARTESIAN_POINT('',(0.625648095189,0.865149907724));
#707 = CARTESIAN_POINT('',(0.622526704139,0.869498209545));
#708 = CARTESIAN_POINT('',(0.619277701029,0.873778913231));
#709 = CARTESIAN_POINT('',(0.615889668605,0.877980676126));
#710 = CARTESIAN_POINT('',(0.612351887726,0.882090598119));
#711 = CARTESIAN_POINT('',(0.608654809391,0.88609450457));
#712 = CARTESIAN_POINT('',(0.602807646993,0.891969572188));
#713 = CARTESIAN_POINT('',(0.600780899606,0.893929924013));
#714 = CARTESIAN_POINT('',(0.598709276927,0.895856102829));
#715 = CARTESIAN_POINT('',(0.596592000866,0.897745898154));
#716 = CARTESIAN_POINT('',(0.594428522913,0.899597070927));
#717 = CARTESIAN_POINT('',(0.592218524141,0.901407353505));
#718 = CARTESIAN_POINT('',(0.589961915201,0.903174449662));
#719 = CARTESIAN_POINT('',(0.585596584502,0.906437597802));
#720 = CARTESIAN_POINT('',(0.58349704675,0.907942652591));
#721 = CARTESIAN_POINT('',(0.581360596995,0.9094097563));
#722 = CARTESIAN_POINT('',(0.579187737126,0.910837502571));
#723 = CARTESIAN_POINT('',(0.576979096987,0.912224521343));
#724 = CARTESIAN_POINT('',(0.57473543439,0.913569478858));
#725 = CARTESIAN_POINT('',(0.572457635104,0.914871077656));
#726 = CARTESIAN_POINT('',(0.568402893909,0.917076571252));
#727 = CARTESIAN_POINT('',(0.566640204961,0.917999686939));
#728 = CARTESIAN_POINT('',(0.564859081346,0.918896865263));
#729 = CARTESIAN_POINT('',(0.563059992793,0.919767590047));
#730 = CARTESIAN_POINT('',(0.561243443428,0.920611367307));
#731 = CARTESIAN_POINT('',(0.559409971775,0.921427725254));
#732 = CARTESIAN_POINT('',(0.557560150759,0.922216214294));
#733 = CARTESIAN_POINT('',(0.554196560543,0.923586833652));
#734 = CARTESIAN_POINT('',(0.552688379384,0.924179016724));
#735 = CARTESIAN_POINT('',(0.551170358145,0.92475273608));
#736 = CARTESIAN_POINT('',(0.549642821095,0.925307782402));
#737 = CARTESIAN_POINT('',(0.548106102849,0.925843957219));
#738 = CARTESIAN_POINT('',(0.546560548366,0.926361072905));
#739 = CARTESIAN_POINT('',(0.54500651295,0.92685895268));
#740 = CARTESIAN_POINT('',(0.542197885309,0.927719219455));
#741 = CARTESIAN_POINT('',(0.540946240313,0.92808865562));
#742 = CARTESIAN_POINT('',(0.539689612614,0.928445654964));
#743 = CARTESIAN_POINT('',(0.538428190434,0.928790137755));
#744 = CARTESIAN_POINT('',(0.537162164864,0.929122028675));
#745 = CARTESIAN_POINT('',(0.535891729865,0.929441256817));
#746 = CARTESIAN_POINT('',(0.534617082268,0.929747755691));
#747 = CARTESIAN_POINT('',(0.529280227041,0.93097362804));
#748 = CARTESIAN_POINT('',(0.525181541204,0.931776928933));
#749 = CARTESIAN_POINT('',(0.521048844571,0.932449419469));
#750 = CARTESIAN_POINT('',(0.516888722628,0.932989548196));
#751 = CARTESIAN_POINT('',(0.512707866039,0.933396158632));
#752 = CARTESIAN_POINT('',(0.508513070643,0.93366848927));
#753 = CARTESIAN_POINT('',(0.504311237459,0.933806173575));
#754 = CARTESIAN_POINT('',(0.495297307077,0.933812751702));
#755 = CARTESIAN_POINT('',(0.490484846232,0.933639719364));
#756 = CARTESIAN_POINT('',(0.485682592213,0.93329006162));
#757 = CARTESIAN_POINT('',(0.480900932855,0.932764386776));
#758 = CARTESIAN_POINT('',(0.476150041757,0.932063992801));
#759 = CARTESIAN_POINT('',(0.47143987828,0.931190867323));
#760 = CARTESIAN_POINT('',(0.466780187554,0.930147687631));
#761 = CARTESIAN_POINT('',(0.460773427893,0.928567714928));
#762 = CARTESIAN_POINT('',(0.459371957443,0.928182014061));
#763 = CARTESIAN_POINT('',(0.457976356179,0.927780816704));
#764 = CARTESIAN_POINT('',(0.456586885885,0.927364228294));
#765 = CARTESIAN_POINT('',(0.455203803081,0.926932361067));
#766 = CARTESIAN_POINT('',(0.453827359015,0.926485334061));
#767 = CARTESIAN_POINT('',(0.452457799667,0.926023273118));
#768 = CARTESIAN_POINT('',(0.449411323299,0.924956759604));
#769 = CARTESIAN_POINT('',(0.447738164043,0.924344440808));
#770 = CARTESIAN_POINT('',(0.446076343749,0.923709605786));
#771 = CARTESIAN_POINT('',(0.444426300529,0.923052520832));
#772 = CARTESIAN_POINT('',(0.442788454835,0.922373467231));
#773 = CARTESIAN_POINT('',(0.441163209463,0.921672741267));
#774 = CARTESIAN_POINT('',(0.439550949553,0.920950654218));
#775 = CARTESIAN_POINT('',(0.435872097256,0.919240838943));
#776 = CARTESIAN_POINT('',(0.43381474016,0.918238543359));
#777 = CARTESIAN_POINT('',(0.431780780261,0.917201369473));
#778 = CARTESIAN_POINT('',(0.429770961055,0.916130072172));
#779 = CARTESIAN_POINT('',(0.427785960571,0.915025437372));
#780 = CARTESIAN_POINT('',(0.425826391372,0.91388828201));
#781 = CARTESIAN_POINT('',(0.423892800549,0.91271945405));
#782 = CARTESIAN_POINT('',(0.419712192745,0.910089772198));
#783 = CARTESIAN_POINT('',(0.417476216146,0.908615970274));
#784 = CARTESIAN_POINT('',(0.415278707208,0.907099814325));
#785 = CARTESIAN_POINT('',(0.413120368779,0.905542800049));
#786 = CARTESIAN_POINT('',(0.411001639275,0.903946531222));
#787 = CARTESIAN_POINT('',(0.408922692684,0.9023127197));
#788 = CARTESIAN_POINT('',(0.406883438565,0.900643185419));
#789 = CARTESIAN_POINT('',(0.402017591167,0.896498942874));
#790 = CARTESIAN_POINT('',(0.399232541704,0.893988531286));
#791 = CARTESIAN_POINT('',(0.396527506385,0.891413870711));
#792 = CARTESIAN_POINT('',(0.393900907993,0.888780121605));
#793 = CARTESIAN_POINT('',(0.391350573751,0.886092272443));
#794 = CARTESIAN_POINT('',(0.388873849706,0.883355056364));
#795 = CARTESIAN_POINT('',(0.386467715117,0.880572867817));
#796 = CARTESIAN_POINT('',(0.378938771196,0.871484676174));
#797 = CARTESIAN_POINT('',(0.374082890715,0.865020762563));
#798 = CARTESIAN_POINT('',(0.369520890412,0.85839802704));
#799 = CARTESIAN_POINT('',(0.365213138427,0.851651020362));
#800 = CARTESIAN_POINT('',(0.361121458258,0.844808373493));
#801 = CARTESIAN_POINT('',(0.357209850992,0.837892415726));
#802 = CARTESIAN_POINT('',(0.353445217537,0.830918792804));
#803 = CARTESIAN_POINT('',(0.348745304032,0.821868921109));
#804 = CARTESIAN_POINT('',(0.347702427772,0.819837912325));
#805 = CARTESIAN_POINT('',(0.34666876552,0.817803364098));
#806 = CARTESIAN_POINT('',(0.345643660345,0.81576556207));
#807 = CARTESIAN_POINT('',(0.344626484941,0.81372477211));
#808 = CARTESIAN_POINT('',(0.343616641622,0.81168124032));
#809 = CARTESIAN_POINT('',(0.342613562326,0.809635193031));
#810 = CARTESIAN_POINT('',(0.335395437496,0.794803236521));
#811 = CARTESIAN_POINT('',(0.32942124175,0.781928682499));
#812 = CARTESIAN_POINT('',(0.323706777746,0.768960702259));
#813 = CARTESIAN_POINT('',(0.318281867412,0.755894399441));
#814 = CARTESIAN_POINT('',(0.313128780328,0.742738321271));
#815 = CARTESIAN_POINT('',(0.308307293007,0.729482288996));
#816 = CARTESIAN_POINT('',(0.303793358916,0.716138903253));
#817 = CARTESIAN_POINT('',(0.299120988048,0.701048410337));
#818 = CARTESIAN_POINT('',(0.298613478512,0.6993907002));
#819 = CARTESIAN_POINT('',(0.29811128863,0.697731630973));
#820 = CARTESIAN_POINT('',(0.297614393291,0.696071222864));
#821 = CARTESIAN_POINT('',(0.297122753314,0.694409500339));
#822 = CARTESIAN_POINT('',(0.296636315448,0.692746492126));
#823 = CARTESIAN_POINT('',(0.296155012376,0.691082231213));
#824 = CARTESIAN_POINT('',(0.295149691489,0.687566558054));
#825 = CARTESIAN_POINT('',(0.294626761181,0.685714885679));
#826 = CARTESIAN_POINT('',(0.294110385812,0.683861670403));
#827 = CARTESIAN_POINT('',(0.293600972817,0.682006851409));
#828 = CARTESIAN_POINT('',(0.293098923037,0.680150374383));
#829 = CARTESIAN_POINT('',(0.292604630717,0.678292191519));
#830 = CARTESIAN_POINT('',(0.292118483511,0.676432261515));
#831 = CARTESIAN_POINT('',(0.290480804321,0.670048776098));
#832 = CARTESIAN_POINT('',(0.289370405554,0.665516630636));
#833 = CARTESIAN_POINT('',(0.288309945189,0.660974747621));
#834 = CARTESIAN_POINT('',(0.287299257526,0.656423818077));
#835 = CARTESIAN_POINT('',(0.286337942017,0.651864564421));
#836 = CARTESIAN_POINT('',(0.285425573134,0.647297715257));
#837 = CARTESIAN_POINT('',(0.28456191024,0.642723980176));
#838 = CARTESIAN_POINT('',(0.282693056857,0.632219271927));
#839 = CARTESIAN_POINT('',(0.281720784188,0.626284128599));
#840 = CARTESIAN_POINT('',(0.280830155252,0.620339966458));
#841 = CARTESIAN_POINT('',(0.280021429965,0.614388187941));
#842 = CARTESIAN_POINT('',(0.279295262359,0.608430226031));
#843 = CARTESIAN_POINT('',(0.278652700579,0.602467544257));
#844 = CARTESIAN_POINT('',(0.278095186882,0.596501636696));
#845 = CARTESIAN_POINT('',(0.277274102089,0.586090229301));
#846 = CARTESIAN_POINT('',(0.276971974407,0.581645625044));
#847 = CARTESIAN_POINT('',(0.276719221232,0.577200453481));
#848 = CARTESIAN_POINT('',(0.276513650612,0.572756074384));
#849 = CARTESIAN_POINT('',(0.276362015284,0.568312654697));
#850 = CARTESIAN_POINT('',(0.276271672133,0.563870369869));
#851 = CARTESIAN_POINT('',(0.276242724303,0.55943065671));
#852 = CARTESIAN_POINT('',(0.276353320109,0.546826161065));
#853 = CARTESIAN_POINT('',(0.276654107165,0.538674214904));
#854 = CARTESIAN_POINT('',(0.277210908065,0.530539443466));
#855 = CARTESIAN_POINT('',(0.278055497543,0.522430146364));
#856 = CARTESIAN_POINT('',(0.279222164539,0.514360704787));
#857 = CARTESIAN_POINT('',(0.280748635263,0.506351763885));
#858 = CARTESIAN_POINT('',(0.282680285381,0.498431587274));
#859 = CARTESIAN_POINT('',(0.286080576654,0.487378375915));
#860 = CARTESIAN_POINT('',(0.287164650345,0.484141375677));
#861 = CARTESIAN_POINT('',(0.288334330309,0.48093039065));
#862 = CARTESIAN_POINT('',(0.289594285734,0.477749168083));
#863 = CARTESIAN_POINT('',(0.290949546137,0.474602464596));
#864 = CARTESIAN_POINT('',(0.292405660394,0.471496116024));
#865 = CARTESIAN_POINT('',(0.293968855768,0.468437107252));
#866 = CARTESIAN_POINT('',(0.297397201986,0.462298273535));
#867 = CARTESIAN_POINT('',(0.299271293672,0.45922728919));
#868 = CARTESIAN_POINT('',(0.30127672852,0.456224346843));
#869 = CARTESIAN_POINT('',(0.303427028461,0.453309137441));
#870 = CARTESIAN_POINT('',(0.305723783061,0.450485599515));
#871 = CARTESIAN_POINT('',(0.308187596966,0.447792893802));
#872 = CARTESIAN_POINT('',(0.310819803014,0.445247250181));
#873 = CARTESIAN_POINT('',(0.315066922897,0.441701721987));
#874 = CARTESIAN_POINT('',(0.316543552912,0.440558138757));
#875 = CARTESIAN_POINT('',(0.318068423545,0.439470487766));
#876 = CARTESIAN_POINT('',(0.319642433495,0.438445471551));
#877 = CARTESIAN_POINT('',(0.321265833335,0.43749140796));
#878 = CARTESIAN_POINT('',(0.322938119172,0.436618222226));
#879 = CARTESIAN_POINT('',(0.324657597745,0.435836910091));
#880 = CARTESIAN_POINT('',(0.327264353668,0.434833791969));
#881 = CARTESIAN_POINT('',(0.328117852527,0.434532897179));
#882 = CARTESIAN_POINT('',(0.328980735301,0.434256786909));
#883 = CARTESIAN_POINT('',(0.329852368203,0.434006764736));
#884 = CARTESIAN_POINT('',(0.330731923017,0.433784273353));
#885 = CARTESIAN_POINT('',(0.331618432248,0.433590729389));
#886 = CARTESIAN_POINT('',(0.332510844269,0.433427358233));
#887 = CARTESIAN_POINT('',(0.334367705642,0.433153497389));
#888 = CARTESIAN_POINT('',(0.3353324584,0.433047301642));
#889 = CARTESIAN_POINT('',(0.336300898885,0.432976540584));
#890 = CARTESIAN_POINT('',(0.337271385519,0.432941819326));
#891 = CARTESIAN_POINT('',(0.338242113161,0.432944132865));
#892 = CARTESIAN_POINT('',(0.339211153272,0.432984749837));
#893 = CARTESIAN_POINT('',(0.340176494071,0.433065096271));
#894 = CARTESIAN_POINT('',(0.341136080694,0.433186639342));
#895 = ( GEOMETRIC_REPRESENTATION_CONTEXT(2) 
PARAMETRIC_REPRESENTATION_CONTEXT() REPRESENTATION_CONTEXT('2D SPACE',''
  ) );
#896 = PCURVE('',#897,#973);
#897 = SURFACE_OF_LINEAR_EXTRUSION('',#898,#971);
#898 = B_SPLINE_CURVE_WITH_KNOTS('',3,(#899,#900,#901,#902,#903,#904,
    #905,#906,#907,#908,#909,#910,#911,#912,#913,#914,#915,#916,#917,
    #918,#919,#920,#921,#922,#923,#924,#925,#926,#927,#928,#929,#930,
    #931,#932,#933,#934,#935,#936,#937,#938,#939,#940,#941,#942,#943,
    #944,#945,#946,#947,#948,#949,#950,#951,#952,#953,#954,#955,#956,
    #957,#958,#959,#960,#961,#962,#963,#964,#965,#966,#967,#968,#969,
    #970),.UNSPECIFIED.,.F.,.F.,(4,1,1,1,1,1,1,1,1,1,1,1,1,1,1,1,1,1,1,1
    ,1,1,1,1,1,1,1,1,1,1,1,1,1,1,1,1,1,1,1,1,1,1,1,1,1,1,1,1,1,1,1,1,1,1
    ,1,1,1,1,1,1,1,1,1,1,1,1,1,1,1,4),(0.,1.588384072754E-03,
    3.199813999739E-03,4.885821783658E-03,6.691087423893E-03,
    8.651322771209E-03,1.079339658411E-02,1.313661566928E-02,
    1.5694266839E-02,1.847498551755E-02,2.148383131444E-02,
    2.472308895101E-02,2.819285207577E-02,3.189144706949E-02,
    3.581574238341E-02,3.99613768721E-02,4.432293090821E-02,
    4.889405702326E-02,5.366758188531E-02,5.86355880133E-02,
    6.378948126394E-02,6.912004846642E-02,7.461750839126E-02,
    8.027155836535E-02,8.607141818486E-02,9.20058724671E-02,
    9.806331218006E-02,0.104231775769,0.110498990052,0.116852410852,
    0.12327926322,0.129636527336,0.136031082805,0.14246073862,
    0.148912216507,0.155372147768,0.161827112536,0.168263677927,
    0.174668434816,0.181028033063,0.187329215054,0.193558847496,
    0.19970395147,0.205751730773,0.211689598658,0.217505203068,
    0.223186450542,0.228721528927,0.234098929072,0.239307465678,
    0.244336297458,0.249174946754,0.253813318744,0.25824172036,
    0.262450878982,0.266431960988,0.27017659017,0.273676866025,
    0.276925381861,0.279915242658,0.282640082561,0.28509408186,
    0.287271983291,0.289169107444,0.290781367081,0.292105280128,
    0.293137981124,0.293877230921,0.294321424439,0.294469596335),
  .UNSPECIFIED.);
#899 = CARTESIAN_POINT('',(0.,0.2273,0.));
#900 = CARTESIAN_POINT('',(8.277718987679E-05,0.2273,5.250804079331E-04)
  );
#901 = CARTESIAN_POINT('',(1.413922486301E-04,0.2273,1.594806926678E-03)
  );
#902 = CARTESIAN_POINT('',(-6.934165075988E-05,0.2273,3.219411794543E-03
    ));
#903 = CARTESIAN_POINT('',(-5.88123660499E-04,0.2273,4.847733758586E-03)
  );
#904 = CARTESIAN_POINT('',(-1.408369906259E-03,0.2273,6.476550421396E-03
    ));
#905 = CARTESIAN_POINT('',(-2.527832184929E-03,0.2273,8.102837899316E-03
    ));
#906 = CARTESIAN_POINT('',(-3.944141268046E-03,0.2273,9.723730442963E-03
    ));
#907 = CARTESIAN_POINT('',(-5.655698899091E-03,0.2273,1.133516191979E-02
    ));
#908 = CARTESIAN_POINT('',(-7.660615266499E-03,0.2273,1.293183544313E-02
    ));
#909 = CARTESIAN_POINT('',(-9.956448932788E-03,0.2273,1.450733298059E-02
    ));
#910 = CARTESIAN_POINT('',(-1.253997101922E-02,0.2273,1.605435758582E-02
    ));
#911 = CARTESIAN_POINT('',(-1.540709349101E-02,0.2273,1.75649477866E-02)
  );
#912 = CARTESIAN_POINT('',(-1.855283422809E-02,0.2273,1.903066951828E-02
    ));
#913 = CARTESIAN_POINT('',(-2.197131063047E-02,0.2273,2.044278324188E-02
    ));
#914 = CARTESIAN_POINT('',(-2.56557429905E-02,0.2273,2.179239533515E-02)
  );
#915 = CARTESIAN_POINT('',(-2.959846517779E-02,0.2273,2.307059812576E-02
    ));
#916 = CARTESIAN_POINT('',(-3.379094108543E-02,0.2273,2.426860134071E-02
    ));
#917 = CARTESIAN_POINT('',(-3.822378723375E-02,0.2273,2.537785579253E-02
    ));
#918 = CARTESIAN_POINT('',(-4.288680197387E-02,0.2273,2.639016915672E-02
    ));
#919 = CARTESIAN_POINT('',(-4.776900167799E-02,0.2273,2.729781313147E-02
    ));
#920 = CARTESIAN_POINT('',(-5.285866402519E-02,0.2273,2.809362105286E-02
    ));
#921 = CARTESIAN_POINT('',(-5.814337820376E-02,0.2273,2.877107503053E-02
    ));
#922 = CARTESIAN_POINT('',(-6.361010156687E-02,0.2273,2.932438173736E-02
    ));
#923 = CARTESIAN_POINT('',(-6.924522202999E-02,0.2273,2.974853634422E-02
    ));
#924 = CARTESIAN_POINT('',(-7.503462528456E-02,0.2273,3.003937367309E-02
    ));
#925 = CARTESIAN_POINT('',(-8.096376576612E-02,0.2273,3.019360844519E-02
    ));
#926 = CARTESIAN_POINT('',(-8.701774011655E-02,0.2273,3.020885693733E-02
    ));
#927 = CARTESIAN_POINT('',(-9.318136217169E-02,0.2273,3.008367051689E-02
    ));
#928 = CARTESIAN_POINT('',(-9.943923716981E-02,0.2273,2.981746624895E-02
    ));
#929 = CARTESIAN_POINT('',(-0.105775838021,0.2273,2.941079689502E-02));
#930 = CARTESIAN_POINT('',(-0.112132369818,0.2273,2.886796763448E-02));
#931 = CARTESIAN_POINT('',(-0.118490230515,0.2273,2.819702049469E-02));
#932 = CARTESIAN_POINT('',(-0.124839931736,0.2273,2.744581862981E-02));
#933 = CARTESIAN_POINT('',(-0.131209999412,0.2273,2.66041827417E-02));
#934 = CARTESIAN_POINT('',(-0.137590455384,0.2273,2.567901003473E-02));
#935 = CARTESIAN_POINT('',(-0.143967444154,0.2273,2.467453680684E-02));
#936 = CARTESIAN_POINT('',(-0.150327307727,0.2273,2.359623057339E-02));
#937 = CARTESIAN_POINT('',(-0.156656503954,0.2273,2.244957531771E-02));
#938 = CARTESIAN_POINT('',(-0.162941665202,0.2273,2.12403515752E-02));
#939 = CARTESIAN_POINT('',(-0.169169617251,0.2273,1.99745194428E-02));
#940 = CARTESIAN_POINT('',(-0.17532740697,0.2273,1.865821246672E-02));
#941 = CARTESIAN_POINT('',(-0.18140232598,0.2273,1.729770657483E-02));
#942 = CARTESIAN_POINT('',(-0.187381933944,0.2273,1.589940007695E-02));
#943 = CARTESIAN_POINT('',(-0.193254080665,0.2273,1.446979473988E-02));
#944 = CARTESIAN_POINT('',(-0.199006927349,0.2273,1.30154799777E-02));
#945 = CARTESIAN_POINT('',(-0.204628967015,0.2273,1.154311885658E-02));
#946 = CARTESIAN_POINT('',(-0.210109044091,0.2273,1.005943538031E-02));
#947 = CARTESIAN_POINT('',(-0.215436373143,0.2273,8.571202249735E-03));
#948 = CARTESIAN_POINT('',(-0.220600556673,0.2273,7.08522833435E-03));
#949 = CARTESIAN_POINT('',(-0.225591601885,0.2273,5.608345101185E-03));
#950 = CARTESIAN_POINT('',(-0.230399936265,0.2273,4.14739130551E-03));
#951 = CARTESIAN_POINT('',(-0.235016421851,0.2273,2.709195333651E-03));
#952 = CARTESIAN_POINT('',(-0.239432368018,0.2273,1.30055470179E-03));
#953 = CARTESIAN_POINT('',(-0.24363954265,0.2273,-7.178764989045E-05));
#954 = CARTESIAN_POINT('',(-0.247630181571,0.2273,-1.401170476502E-03));
#955 = CARTESIAN_POINT('',(-0.251396996135,0.2273,-2.681044807612E-03));
#956 = CARTESIAN_POINT('',(-0.254933178951,0.2273,-3.905007866358E-03));
#957 = CARTESIAN_POINT('',(-0.258232407709,0.2273,-5.066840044441E-03));
#958 = CARTESIAN_POINT('',(-0.26128884719,0.2273,-6.160544493137E-03));
#959 = CARTESIAN_POINT('',(-0.264097149557,0.2273,-7.180388748758E-03));
#960 = CARTESIAN_POINT('',(-0.266652453086,0.2273,-8.120947688363E-03));
#961 = CARTESIAN_POINT('',(-0.268950379561,0.2273,-8.977147012475E-03));
#962 = CARTESIAN_POINT('',(-0.270987030587,0.2273,-9.744306379292E-03));
#963 = CARTESIAN_POINT('',(-0.272758983102,0.2273,-1.041818127208E-02));
#964 = CARTESIAN_POINT('',(-0.274263284413,0.2273,-1.099500266933E-02));
#965 = CARTESIAN_POINT('',(-0.275497447069,0.2273,-1.147151360626E-02));
#966 = CARTESIAN_POINT('',(-0.276459443882,0.2273,-1.184500176562E-02));
#967 = CARTESIAN_POINT('',(-0.2771477034,0.2273,-1.211332731371E-02));
#968 = CARTESIAN_POINT('',(-0.277561106082,0.2273,-1.227494530144E-02));
#969 = CARTESIAN_POINT('',(-0.277744973186,0.2273,-1.234692738532E-02));
#970 = CARTESIAN_POINT('',(-0.277790962835,0.2273,-1.236493812418E-02));
#971 = VECTOR('',#972,1.);
#972 = DIRECTION('',(-0.,-1.,-0.));
#973 = DEFINITIONAL_REPRESENTATION('',(#974),#1250);
#974 = B_SPLINE_CURVE_WITH_KNOTS('',8,(#975,#976,#977,#978,#979,#980,
    #981,#982,#983,#984,#985,#986,#987,#988,#989,#990,#991,#992,#993,
    #994,#995,#996,#997,#998,#999,#1000,#1001,#1002,#1003,#1004,#1005,
    #1006,#1007,#1008,#1009,#1010,#1011,#1012,#1013,#1014,#1015,#1016,
    #1017,#1018,#1019,#1020,#1021,#1022,#1023,#1024,#1025,#1026,#1027,
    #1028,#1029,#1030,#1031,#1032,#1033,#1034,#1035,#1036,#1037,#1038,
    #1039,#1040,#1041,#1042,#1043,#1044,#1045,#1046,#1047,#1048,#1049,
    #1050,#1051,#1052,#1053,#1054,#1055,#1056,#1057,#1058,#1059,#1060,
    #1061,#1062,#1063,#1064,#1065,#1066,#1067,#1068,#1069,#1070,#1071,
    #1072,#1073,#1074,#1075,#1076,#1077,#1078,#1079,#1080,#1081,#1082,
    #1083,#1084,#1085,#1086,#1087,#1088,#1089,#1090,#1091,#1092,#1093,
    #1094,#1095,#1096,#1097,#1098,#1099,#1100,#1101,#1102,#1103,#1104,
    #1105,#1106,#1107,#1108,#1109,#1110,#1111,#1112,#1113,#1114,#1115,
    #1116,#1117,#1118,#1119,#1120,#1121,#1122,#1123,#1124,#1125,#1126,
    #1127,#1128,#1129,#1130,#1131,#1132,#1133,#1134,#1135,#1136,#1137,
    #1138,#1139,#1140,#1141,#1142,#1143,#1144,#1145,#1146,#1147,#1148,
    #1149,#1150,#1151,#1152,#1153,#1154,#1155,#1156,#1157,#1158,#1159,
    #1160,#1161,#1162,#1163,#1164,#1165,#1166,#1167,#1168,#1169,#1170,
    #1171,#1172,#1173,#1174,#1175,#1176,#1177,#1178,#1179,#1180,#1181,
    #1182,#1183,#1184,#1185,#1186,#1187,#1188,#1189,#1190,#1191,#1192,
    #1193,#1194,#1195,#1196,#1197,#1198,#1199,#1200,#1201,#1202,#1203,
    #1204,#1205,#1206,#1207,#1208,#1209,#1210,#1211,#1212,#1213,#1214,
    #1215,#1216,#1217,#1218,#1219,#1220,#1221,#1222,#1223,#1224,#1225,
    #1226,#1227,#1228,#1229,#1230,#1231,#1232,#1233,#1234,#1235,#1236,
    #1237,#1238,#1239,#1240,#1241,#1242,#1243,#1244,#1245,#1246,#1247,
    #1248,#1249),.UNSPECIFIED.,.F.,.F.,(9,7,7,7,7,7,7,7,7,7,7,7,7,7,7,7,
    7,7,7,7,7,7,7,7,7,7,7,7,7,7,7,7,7,7,7,7,7,7,7,9),(0.,
    1.010410016093E-02,1.891747233561E-02,2.777986702929E-02,
    3.633434384753E-02,6.062589024704E-02,0.140682747463,0.192018354023,
    0.222337384408,0.23482038595,0.246057108117,0.33719539084,
    0.381544647482,0.415145684482,0.432387388247,0.447826171293,
    0.459476257105,0.468831151236,0.47629564223,0.499986338986,
    0.52711743267,0.535417001156,0.545675719371,0.559020819149,
    0.574929416982,0.597726839477,0.648317126147,0.662920439829,
    0.754058359259,0.765295009677,0.777777933513,0.808096777493,
    0.847318041884,0.876524280168,0.930293664898,0.952788119199,
    0.976270463548,0.988192342857,0.99389779508,1.),.UNSPECIFIED.);
#975 = CARTESIAN_POINT('',(0.,-0.105431731678));
#976 = CARTESIAN_POINT('',(5.976544855326E-04,-0.105659343459));
#977 = CARTESIAN_POINT('',(1.194660582453E-03,-0.105885449868));
#978 = CARTESIAN_POINT('',(1.790652434512E-03,-0.106108064104));
#979 = CARTESIAN_POINT('',(2.387799835376E-03,-0.106326548539));
#980 = CARTESIAN_POINT('',(2.98190463694E-03,-0.106538860635));
#981 = CARTESIAN_POINT('',(3.583850717022E-03,-0.106744557654));
#982 = CARTESIAN_POINT('',(4.187600985153E-03,-0.106943400626));
#983 = CARTESIAN_POINT('',(5.328119249373E-03,-0.107302164751));
#984 = CARTESIAN_POINT('',(5.862996120753E-03,-0.107463693414));
#985 = CARTESIAN_POINT('',(6.401651674168E-03,-0.107619507255));
#986 = CARTESIAN_POINT('',(6.944259429007E-03,-0.107769575926));
#987 = CARTESIAN_POINT('',(7.490913925717E-03,-0.107913939287));
#988 = CARTESIAN_POINT('',(8.041630725807E-03,-0.108052707407));
#989 = CARTESIAN_POINT('',(8.596346411844E-03,-0.108186060563));
#990 = CARTESIAN_POINT('',(9.716597702675E-03,-0.108443150936));
#991 = CARTESIAN_POINT('',(1.0282065011E-02,-0.108566779855));
#992 = CARTESIAN_POINT('',(1.085132469397E-02,-0.108685363108));
#993 = CARTESIAN_POINT('',(1.142423934554E-02,-0.108799115761));
#994 = CARTESIAN_POINT('',(1.200059962095E-02,-0.10890824689));
#995 = CARTESIAN_POINT('',(1.258019388572E-02,-0.109012965645));
#996 = CARTESIAN_POINT('',(1.316287786455E-02,-0.109113487303));
#997 = CARTESIAN_POINT('',(1.431405865998E-02,-0.109303236724));
#998 = CARTESIAN_POINT('',(1.488225305057E-02,-0.109392711496));
#999 = CARTESIAN_POINT('',(1.545309370361E-02,-0.109478647932));
#1000 = CARTESIAN_POINT('',(1.602644772686E-02,-0.109561220962));
#1001 = CARTESIAN_POINT('',(1.660218309424E-02,-0.109640596163));
#1002 = CARTESIAN_POINT('',(1.718016864586E-02,-0.109716929754));
#1003 = CARTESIAN_POINT('',(1.7760274088E-02,-0.109790368603));
#1004 = CARTESIAN_POINT('',(1.999530681066E-02,-0.110061759843));
#1005 = CARTESIAN_POINT('',(2.166384316395E-02,-0.110240207372));
#1006 = CARTESIAN_POINT('',(2.33459017824E-02,-0.110399600495));
#1007 = CARTESIAN_POINT('',(2.503921238381E-02,-0.110542536036));
#1008 = CARTESIAN_POINT('',(2.674158235038E-02,-0.110671110815));
#1009 = CARTESIAN_POINT('',(2.845116740467E-02,-0.110787032491));
#1010 = CARTESIAN_POINT('',(3.016674228561E-02,-0.11089173042));
#1011 = CARTESIAN_POINT('',(3.756057016081E-02,-0.111298685126));
#1012 = CARTESIAN_POINT('',(4.327699001619E-02,-0.111501734594));
#1013 = CARTESIAN_POINT('',(4.902108400125E-02,-0.111639665465));
#1014 = CARTESIAN_POINT('',(5.476411229164E-02,-0.111725923854));
#1015 = CARTESIAN_POINT('',(6.048701529625E-02,-0.111765570213));
#1016 = CARTESIAN_POINT('',(6.618271618267E-02,-0.111760026064));
#1017 = CARTESIAN_POINT('',(7.18524259144E-02,-0.111705879243));
#1018 = CARTESIAN_POINT('',(8.113773411911E-02,-0.111530921384));
#1019 = CARTESIAN_POINT('',(8.475483690456E-02,-0.111441006317));
#1020 = CARTESIAN_POINT('',(8.836096539027E-02,-0.111328736516));
#1021 = CARTESIAN_POINT('',(9.195800771896E-02,-0.111195049081));
#1022 = CARTESIAN_POINT('',(9.554462369911E-02,-0.111038214563));
#1023 = CARTESIAN_POINT('',(9.912244384491E-02,-0.110858672704));
#1024 = CARTESIAN_POINT('',(0.102690790216,-0.110655233668));
#1025 = CARTESIAN_POINT('',(0.108352333492,-0.110292591081));
#1026 = CARTESIAN_POINT('',(0.110451308759,-0.110149368215));
#1027 = CARTESIAN_POINT('',(0.112547079836,-0.109997423013));
#1028 = CARTESIAN_POINT('',(0.114639609125,-0.109836571667));
#1029 = CARTESIAN_POINT('',(0.116728836423,-0.109666611828));
#1030 = CARTESIAN_POINT('',(0.118814691507,-0.109487336256));
#1031 = CARTESIAN_POINT('',(0.120897106717,-0.109298546471));
#1032 = CARTESIAN_POINT('',(0.123831967081,-0.109018347864));
#1033 = CARTESIAN_POINT('',(0.124687306404,-0.108934980443));
#1034 = CARTESIAN_POINT('',(0.125542060732,-0.108849973213));
#1035 = CARTESIAN_POINT('',(0.126396246208,-0.10876333714));
#1036 = CARTESIAN_POINT('',(0.127249881881,-0.108675085084));
#1037 = CARTESIAN_POINT('',(0.128102989706,-0.1085852318));
#1038 = CARTESIAN_POINT('',(0.128955594544,-0.108493793939));
#1039 = CARTESIAN_POINT('',(0.130574778766,-0.108317071487));
#1040 = CARTESIAN_POINT('',(0.131341444749,-0.108232079675));
#1041 = CARTESIAN_POINT('',(0.132107713586,-0.108145803023));
#1042 = CARTESIAN_POINT('',(0.132873575172,-0.108058230487));
#1043 = CARTESIAN_POINT('',(0.133639017827,-0.107969351562));
#1044 = CARTESIAN_POINT('',(0.134404028296,-0.107879156287));
#1045 = CARTESIAN_POINT('',(0.135168591745,-0.107787635243));
#1046 = CARTESIAN_POINT('',(0.142130118632,-0.106941649937));
#1047 = CARTESIAN_POINT('',(0.148297229456,-0.106100455668));
#1048 = CARTESIAN_POINT('',(0.154431670525,-0.105170566881));
#1049 = CARTESIAN_POINT('',(0.160525903214,-0.104147802462));
#1050 = CARTESIAN_POINT('',(0.16658000065,-0.103035311008));
#1051 = CARTESIAN_POINT('',(0.17258809291,-0.101833022241));
#1052 = CARTESIAN_POINT('',(0.178549009073,-0.100546342238));
#1053 = CARTESIAN_POINT('',(0.187338281643,-9.851825089866E-02));
#1054 = CARTESIAN_POINT('',(0.190203428186,-9.783620102439E-02));
#1055 = CARTESIAN_POINT('',(0.193054763585,-9.71358842603E-02));
#1056 = CARTESIAN_POINT('',(0.19588925991,-9.641696649132E-02));
#1057 = CARTESIAN_POINT('',(0.198702781661,-9.567877070182E-02));
#1058 = CARTESIAN_POINT('',(0.201490048836,-9.492019423464E-02));
#1059 = CARTESIAN_POINT('',(0.204244600007,-9.413962605013E-02));
#1060 = CARTESIAN_POINT('',(0.209015124356,-9.272513922379E-02));
#1061 = CARTESIAN_POINT('',(0.211047874756,-9.210164046401E-02));
#1062 = CARTESIAN_POINT('',(0.213053686129,-9.146343931848E-02));
#1063 = CARTESIAN_POINT('',(0.215028255264,-9.08095306562E-02));
#1064 = CARTESIAN_POINT('',(0.216966423444,-9.013886125291E-02));
#1065 = CARTESIAN_POINT('',(0.218862303688,-8.945035844143E-02));
#1066 = CARTESIAN_POINT('',(0.220709408006,-8.874295876203E-02));
#1067 = CARTESIAN_POINT('',(0.223419978799,-8.764242571942E-02));
#1068 = CARTESIAN_POINT('',(0.224324468346,-8.726399773611E-02));
#1069 = CARTESIAN_POINT('',(0.225213241567,-8.688022760335E-02));
#1070 = CARTESIAN_POINT('',(0.226085282252,-8.649101141205E-02));
#1071 = CARTESIAN_POINT('',(0.226939559694,-8.609626640364E-02));
#1072 = CARTESIAN_POINT('',(0.227775028689,-8.569593096999E-02));
#1073 = CARTESIAN_POINT('',(0.228590629538,-8.528996465348E-02));
#1074 = CARTESIAN_POINT('',(0.230096851155,-8.450977332233E-02));
#1075 = CARTESIAN_POINT('',(0.230791613648,-8.413666905886E-02));
#1076 = CARTESIAN_POINT('',(0.231468913429,-8.37590448922E-02));
#1077 = CARTESIAN_POINT('',(0.232128103598,-8.337692836388E-02));
#1078 = CARTESIAN_POINT('',(0.232768552459,-8.299036502129E-02));
#1079 = CARTESIAN_POINT('',(0.233389643512,-8.259941841767E-02));
#1080 = CARTESIAN_POINT('',(0.233990775462,-8.220417011215E-02));
#1081 = CARTESIAN_POINT('',(0.235009472222,-8.150329488003E-02));
#1082 = CARTESIAN_POINT('',(0.235435887396,-8.119947643658E-02));
#1083 = CARTESIAN_POINT('',(0.235850357503,-8.089330745262E-02));
#1084 = CARTESIAN_POINT('',(0.236252642244,-8.058483649847E-02));
#1085 = CARTESIAN_POINT('',(0.236642511246,-8.027411760152E-02));
#1086 = CARTESIAN_POINT('',(0.237019744063,-7.996121024622E-02));
#1087 = CARTESIAN_POINT('',(0.237384130176,-7.964617937411E-02));
#1088 = CARTESIAN_POINT('',(0.238017590303,-7.907448033563E-02));
#1089 = CARTESIAN_POINT('',(0.238291299657,-7.88185409844E-02));
#1090 = CARTESIAN_POINT('',(0.238556493735,-7.856131377722E-02));
#1091 = CARTESIAN_POINT('',(0.238813074186,-7.830283698765E-02));
#1092 = CARTESIAN_POINT('',(0.239060947629,-7.804315071567E-02));
#1093 = CARTESIAN_POINT('',(0.239300025652,-7.77822968877E-02));
#1094 = CARTESIAN_POINT('',(0.239530224813,-7.752031925655E-02));
#1095 = CARTESIAN_POINT('',(0.239928000717,-7.704736492122E-02));
#1096 = CARTESIAN_POINT('',(0.240098831901,-7.683677978397E-02));
#1097 = CARTESIAN_POINT('',(0.240263920405,-7.662553110171E-02));
#1098 = CARTESIAN_POINT('',(0.240423228495,-7.641364254656E-02));
#1099 = CARTESIAN_POINT('',(0.240576720489,-7.620113835082E-02));
#1100 = CARTESIAN_POINT('',(0.240724362759,-7.598804330693E-02));
#1101 = CARTESIAN_POINT('',(0.240866123727,-7.577438276752E-02));
#1102 = CARTESIAN_POINT('',(0.241433133144,-7.488035730409E-02));
#1103 = CARTESIAN_POINT('',(0.241804746206,-7.419508314928E-02));
#1104 = CARTESIAN_POINT('',(0.242115884703,-7.350520856829E-02));
#1105 = CARTESIAN_POINT('',(0.242365808246,-7.281160594737E-02));
#1106 = CARTESIAN_POINT('',(0.242553964403,-7.211517167175E-02));
#1107 = CARTESIAN_POINT('',(0.242679988704,-7.141682612561E-02));
#1108 = CARTESIAN_POINT('',(0.242743704638,-7.07175136921E-02));
#1109 = CARTESIAN_POINT('',(0.242746748744,-6.921733687799E-02));
#1110 = CARTESIAN_POINT('',(0.242666674013,-6.841640548307E-02));
#1111 = CARTESIAN_POINT('',(0.242504865196,-6.761687805199E-02));
#1112 = CARTESIAN_POINT('',(0.24226161551,-6.682017638897E-02));
#1113 = CARTESIAN_POINT('',(0.241937545662,-6.602767461896E-02));
#1114 = CARTESIAN_POINT('',(0.241533603845,-6.524069918769E-02));
#1115 = CARTESIAN_POINT('',(0.241051065739,-6.446052886166E-02));
#1116 = CARTESIAN_POINT('',(0.240320370468,-6.3452194146E-02));
#1117 = CARTESIAN_POINT('',(0.240142002757,-6.321674313183E-02));
#1118 = CARTESIAN_POINT('',(0.239956478176,-6.298207578637E-02));
#1119 = CARTESIAN_POINT('',(0.239763846663,-6.274822522817E-02));
#1120 = CARTESIAN_POINT('',(0.2395641613,-6.251522359347E-02));
#1121 = CARTESIAN_POINT('',(0.239357478313,-6.228310203627E-02));
#1122 = CARTESIAN_POINT('',(0.23914385707,-6.205189072831E-02));
#1123 = CARTESIAN_POINT('',(0.238650813812,-6.153699029985E-02));
#1124 = CARTESIAN_POINT('',(0.238367762118,-6.125379659567E-02));
#1125 = CARTESIAN_POINT('',(0.238074323451,-6.097209298304E-02));
#1126 = CARTESIAN_POINT('',(0.237770623069,-6.069193173126E-02));
#1127 = CARTESIAN_POINT('',(0.237456793033,-6.041336214232E-02));
#1128 = CARTESIAN_POINT('',(0.237132972212,-6.013643055099E-02));
#1129 = CARTESIAN_POINT('',(0.236799306282,-5.986118032472E-02));
#1130 = CARTESIAN_POINT('',(0.2360092882,-5.923183113381E-02));
#1131 = CARTESIAN_POINT('',(0.235546223408,-5.887892313638E-02));
#1132 = CARTESIAN_POINT('',(0.23506709164,-5.852901650548E-02));
#1133 = CARTESIAN_POINT('',(0.234572244791,-5.818219000724E-02));
#1134 = CARTESIAN_POINT('',(0.234062048358,-5.78385125399E-02));
#1135 = CARTESIAN_POINT('',(0.233536881441,-5.749804313382E-02));
#1136 = CARTESIAN_POINT('',(0.232997136741,-5.716083095144E-02));
#1137 = CARTESIAN_POINT('',(0.231782901055,-5.642885681651E-02));
#1138 = CARTESIAN_POINT('',(0.23110245271,-5.603547497472E-02));
#1139 = CARTESIAN_POINT('',(0.230402513646,-5.564684557152E-02));
#1140 = CARTESIAN_POINT('',(0.229683772406,-5.526301701367E-02));
#1141 = CARTESIAN_POINT('',(0.228946967947,-5.488401030509E-02));
#1142 = CARTESIAN_POINT('',(0.228192889649,-5.450981904688E-02));
#1143 = CARTESIAN_POINT('',(0.22742237731,-5.414040943733E-02));
#1144 = CARTESIAN_POINT('',(0.225509882813,-5.325311148702E-02));
#1145 = CARTESIAN_POINT('',(0.224351477732,-5.274021314E-02));
#1146 = CARTESIAN_POINT('',(0.223163524888,-5.223686219896E-02));
#1147 = CARTESIAN_POINT('',(0.221948398369,-5.174283409887E-02));
#1148 = CARTESIAN_POINT('',(0.220708389233,-5.125785619597E-02));
#1149 = CARTESIAN_POINT('',(0.21944566738,-5.078162122228E-02));
#1150 = CARTESIAN_POINT('',(0.218162243422,-5.031380074004E-02));
#1151 = CARTESIAN_POINT('',(0.213969937982,-4.883383418875E-02));
#1152 = CARTESIAN_POINT('',(0.210988311305,-4.785390001145E-02));
#1153 = CARTESIAN_POINT('',(0.207933328902,-4.690978724301E-02));
#1154 = CARTESIAN_POINT('',(0.204820668486,-4.59978878601E-02));
#1155 = CARTESIAN_POINT('',(0.201663244943,-4.511534272212E-02));
#1156 = CARTESIAN_POINT('',(0.198471048172,-4.425992965599E-02));
#1157 = CARTESIAN_POINT('',(0.195250980918,-4.342995154089E-02));
#1158 = CARTESIAN_POINT('',(0.191070206545,-4.239151557854E-02));
#1159 = CARTESIAN_POINT('',(0.190131811716,-4.216094629103E-02));
#1160 = CARTESIAN_POINT('',(0.1891916454,-4.193239516312E-02));
#1161 = CARTESIAN_POINT('',(0.188249831851,-4.170584571209E-02));
#1162 = CARTESIAN_POINT('',(0.18730648631,-4.148128633992E-02));
#1163 = CARTESIAN_POINT('',(0.186361715005,-4.125871033334E-02));
#1164 = CARTESIAN_POINT('',(0.185415615152,-4.103811586382E-02));
#1165 = CARTESIAN_POINT('',(0.178556013075,-3.945518212777E-02));
#1166 = CARTESIAN_POINT('',(0.172595105581,-3.81684075653E-02));
#1167 = CARTESIAN_POINT('',(0.166587018554,-3.696601994757E-02));
#1168 = CARTESIAN_POINT('',(0.160532923948,-3.585343105636E-02));
#1169 = CARTESIAN_POINT('',(0.154438689714,-3.48305659967E-02));
#1170 = CARTESIAN_POINT('',(0.148304244924,-3.390058079644E-02));
#1171 = CARTESIAN_POINT('',(0.142137124525,-3.305929187702E-02));
#1172 = CARTESIAN_POINT('',(0.135175585785,-3.221320360002E-02));
#1173 = CARTESIAN_POINT('',(0.134411022569,-3.212167153342E-02));
#1174 = CARTESIAN_POINT('',(0.133646012231,-3.203146531377E-02));
#1175 = CARTESIAN_POINT('',(0.132880569605,-3.194257552027E-02));
#1176 = CARTESIAN_POINT('',(0.13211470795,-3.185499219281E-02));
#1177 = CARTESIAN_POINT('',(0.131348438958,-3.176870483192E-02));
#1178 = CARTESIAN_POINT('',(0.13058177275,-3.168370239879E-02));
#1179 = CARTESIAN_POINT('',(0.128962587811,-3.150695771601E-02));
#1180 = CARTESIAN_POINT('',(0.128109982643,-3.14155081062E-02));
#1181 = CARTESIAN_POINT('',(0.127256874629,-3.132564299394E-02));
#1182 = CARTESIAN_POINT('',(0.126403238921,-3.123737901123E-02));
#1183 = CARTESIAN_POINT('',(0.125549053555,-3.115073091391E-02));
#1184 = CARTESIAN_POINT('',(0.124694299461,-3.106571158172E-02));
#1185 = CARTESIAN_POINT('',(0.123838960454,-3.098233201828E-02));
#1186 = CARTESIAN_POINT('',(0.120904101084,-3.070209182074E-02));
#1187 = CARTESIAN_POINT('',(0.118821686271,-3.051327313934E-02));
#1188 = CARTESIAN_POINT('',(0.116735831405,-3.033396924475E-02));
#1189 = CARTESIAN_POINT('',(0.11464660416,-3.016398166761E-02));
#1190 = CARTESIAN_POINT('',(0.112554074738,-3.000310317242E-02));
#1191 = CARTESIAN_POINT('',(0.11045830334,-2.98511313986E-02));
#1192 = CARTESIAN_POINT('',(0.108359327621,-2.970788250163E-02));
#1193 = CARTESIAN_POINT('',(0.103537717398,-2.93989821234E-02));
#1194 = CARTESIAN_POINT('',(0.100812931301,-2.923910403065E-02));
#1195 = CARTESIAN_POINT('',(9.80827852673E-02,-2.90932064397E-02));
#1196 = CARTESIAN_POINT('',(9.534723250973E-02,-2.896097157812E-02));
#1197 = CARTESIAN_POINT('',(9.260618606138E-02,-2.884212797723E-02));
#1198 = CARTESIAN_POINT('',(8.985951877499E-02,-2.873645047215E-02));
#1199 = CARTESIAN_POINT('',(8.710706332317E-02,-2.864376020173E-02));
#1200 = CARTESIAN_POINT('',(8.229452286456E-02,-2.850447478227E-02));
#1201 = CARTESIAN_POINT('',(8.023715989027E-02,-2.845215801762E-02));
#1202 = CARTESIAN_POINT('',(7.817632095156E-02,-2.840688296623E-02));
#1203 = CARTESIAN_POINT('',(7.611185101765E-02,-2.836883476433E-02));
#1204 = CARTESIAN_POINT('',(7.404394151338E-02,-2.833768177531E-02));
#1205 = CARTESIAN_POINT('',(7.197280523273E-02,-2.831307102448E-02));
#1206 = CARTESIAN_POINT('',(6.989840726067E-02,-2.829512222266E-02));
#1207 = CARTESIAN_POINT('',(6.39962507059E-02,-2.826247332358E-02));
#1208 = CARTESIAN_POINT('',(6.016342316574E-02,-2.826332082737E-02));
#1209 = CARTESIAN_POINT('',(5.632144318601E-02,-2.828550022301E-02));
#1210 = CARTESIAN_POINT('',(5.247130828545E-02,-2.832921415185E-02));
#1211 = CARTESIAN_POINT('',(4.861630196736E-02,-2.839541929295E-02));
#1212 = CARTESIAN_POINT('',(4.476167592596E-02,-2.848634050571E-02));
#1213 = CARTESIAN_POINT('',(4.091373234705E-02,-2.860662028203E-02));
#1214 = CARTESIAN_POINT('',(3.547375352097E-02,-2.883140506053E-02));
#1215 = CARTESIAN_POINT('',(3.387188422507E-02,-2.890436928299E-02));
#1216 = CARTESIAN_POINT('',(3.22730816713E-02,-2.898465814476E-02));
#1217 = CARTESIAN_POINT('',(3.067806245206E-02,-2.907303805505E-02));
#1218 = CARTESIAN_POINT('',(2.908779439266E-02,-2.917042554759E-02));
#1219 = CARTESIAN_POINT('',(2.750341444754E-02,-2.927793296516E-02));
#1220 = CARTESIAN_POINT('',(2.592614659662E-02,-2.93969141442E-02));
#1221 = CARTESIAN_POINT('',(2.271939024906E-02,-2.966690731917E-02));
#1222 = CARTESIAN_POINT('',(2.109234040466E-02,-2.981899273132E-02));
#1223 = CARTESIAN_POINT('',(1.947544671231E-02,-2.998717200115E-02));
#1224 = CARTESIAN_POINT('',(1.787145395871E-02,-3.017395376675E-02));
#1225 = CARTESIAN_POINT('',(1.6281260987E-02,-3.038155400521E-02));
#1226 = CARTESIAN_POINT('',(1.471082853591E-02,-3.061361125306E-02));
#1227 = CARTESIAN_POINT('',(1.316221826093E-02,-3.087328234824E-02));
#1228 = CARTESIAN_POINT('',(1.08613467325E-02,-3.131357846203E-02));
#1229 = CARTESIAN_POINT('',(1.009289577474E-02,-3.147006700875E-02));
#1230 = CARTESIAN_POINT('',(9.33097616559E-03,-3.163537320727E-02));
#1231 = CARTESIAN_POINT('',(8.575798144961E-03,-3.181002846618E-02));
#1232 = CARTESIAN_POINT('',(7.827809035347E-03,-3.199452579294E-02));
#1233 = CARTESIAN_POINT('',(7.087532802169E-03,-3.218928963434E-02));
#1234 = CARTESIAN_POINT('',(6.355026472853E-03,-3.239459267681E-02));
#1235 = CARTESIAN_POINT('',(5.281476726068E-03,-3.271370787239E-02));
#1236 = CARTESIAN_POINT('',(4.93556999557E-03,-3.281938095287E-02));
#1237 = CARTESIAN_POINT('',(4.591253603054E-03,-3.292743847374E-02));
#1238 = CARTESIAN_POINT('',(4.248427445181E-03,-3.303784534261E-02));
#1239 = CARTESIAN_POINT('',(3.906919497846E-03,-3.315053673206E-02));
#1240 = CARTESIAN_POINT('',(3.566534378677E-03,-3.326542306264E-02));
#1241 = CARTESIAN_POINT('',(3.22710190953E-03,-3.338239498575E-02));
#1242 = CARTESIAN_POINT('',(2.526405121466E-03,-3.362853228206E-02));
#1243 = CARTESIAN_POINT('',(2.165293508681E-03,-3.375792828E-02));
#1244 = CARTESIAN_POINT('',(1.804667116995E-03,-3.388934898929E-02));
#1245 = CARTESIAN_POINT('',(1.444173207306E-03,-3.402258522792E-02));
#1246 = CARTESIAN_POINT('',(1.083586238177E-03,-3.415739010777E-02));
#1247 = CARTESIAN_POINT('',(7.227640789403E-04,-3.42934831394E-02));
#1248 = CARTESIAN_POINT('',(3.616042228119E-04,-3.443055433682E-02));
#1249 = CARTESIAN_POINT('',(0.,-3.456826832221E-02));
#1250 = ( GEOMETRIC_REPRESENTATION_CONTEXT(2) 
PARAMETRIC_REPRESENTATION_CONTEXT() REPRESENTATION_CONTEXT('2D SPACE',''
  ) );
#1251 = ORIENTED_EDGE('',*,*,#1252,.T.);
#1252 = EDGE_CURVE('',#336,#338,#1253,.T.);
#1253 = SURFACE_CURVE('',#1254,(#1306,#1361),.PCURVE_S1.);
#1254 = B_SPLINE_CURVE_WITH_KNOTS('',8,(#1255,#1256,#1257,#1258,#1259,
    #1260,#1261,#1262,#1263,#1264,#1265,#1266,#1267,#1268,#1269,#1270,
    #1271,#1272,#1273,#1274,#1275,#1276,#1277,#1278,#1279,#1280,#1281,
    #1282,#1283,#1284,#1285,#1286,#1287,#1288,#1289,#1290,#1291,#1292,
    #1293,#1294,#1295,#1296,#1297,#1298,#1299,#1300,#1301,#1302,#1303,
    #1304,#1305),.UNSPECIFIED.,.F.,.F.,(9,7,7,7,7,7,7,9),(0.,
    2.091523890955E-02,0.186711067415,0.498865430168,0.813287880836,
    0.905393356771,0.950181308588,1.),.UNSPECIFIED.);
#1255 = CARTESIAN_POINT('',(-6.938893903907E-18,0.332731731678,
    1.110223024625E-16));
#1256 = CARTESIAN_POINT('',(1.373498972338E-05,0.332615287473,
    -2.967531005054E-04));
#1257 = CARTESIAN_POINT('',(2.74254127525E-05,0.332497727752,
    -5.92543309522E-04));
#1258 = CARTESIAN_POINT('',(4.106764292604E-05,0.33237908173,
    -8.872922815517E-04));
#1259 = CARTESIAN_POINT('',(5.465917258901E-05,0.332259369238,
    -1.18094583713E-03));
#1260 = CARTESIAN_POINT('',(6.819861259256E-05,0.332138600727,
    -1.47347396282E-03));
#1261 = CARTESIAN_POINT('',(8.168569229407E-05,0.33201677726,
    -1.764870811219E-03));
#1262 = CARTESIAN_POINT('',(9.512125955717E-05,0.331893890519,
    -2.055154700954E-03));
#1263 = CARTESIAN_POINT('',(2.146187377584E-04,0.330787226398,
    -4.636972952949E-03));
#1264 = CARTESIAN_POINT('',(3.17494731934E-04,0.329737672943,
    -6.859673577703E-03));
#1265 = CARTESIAN_POINT('',(4.168511915548E-04,0.328623051897,
    -9.006332442509E-03));
#1266 = CARTESIAN_POINT('',(5.12410638046E-04,0.327445449543,
    -1.107095444805E-02));
#1267 = CARTESIAN_POINT('',(6.039021859811E-04,0.326207248985,
    -1.304768694415E-02));
#1268 = CARTESIAN_POINT('',(6.91061543082E-04,0.324911130154,
    -1.493081972973E-02));
#1269 = CARTESIAN_POINT('',(7.736310102194E-04,0.323560069802,
    -1.671478505287E-02));
#1270 = CARTESIAN_POINT('',(9.977038231949E-04,0.319516335627,
    -2.155601925315E-02));
#1271 = CARTESIAN_POINT('',(1.126922152582E-03,0.316691884326,
    -2.434786261526E-02));
#1272 = CARTESIAN_POINT('',(1.237334400474E-03,0.313706174097,
    -2.673338874636E-02));
#1273 = CARTESIAN_POINT('',(1.32746000351E-03,0.310585729995,
    -2.868060914292E-02));
#1274 = CARTESIAN_POINT('',(1.396086979251E-03,0.307360665582,
    -3.016333816126E-02));
#1275 = CARTESIAN_POINT('',(1.442341001351E-03,0.304063932873,
    -3.11626854302E-02));
#1276 = CARTESIAN_POINT('',(1.465754474733E-03,0.300730572282,
    -3.166854826372E-02));
#1277 = CARTESIAN_POINT('',(1.466920969289E-03,0.294039131121,
    -3.169375111302E-02));
#1278 = CARTESIAN_POINT('',(1.44434124567E-03,0.290679974755,
    -3.120590196806E-02));
#1279 = CARTESIAN_POINT('',(1.398571052293E-03,0.287356689199,
    -3.02170081233E-02));
#1280 = CARTESIAN_POINT('',(1.330076116047E-03,0.284105133989,
    -2.873713190138E-02));
#1281 = CARTESIAN_POINT('',(1.239742060306E-03,0.28095904862,
    -2.678540775289E-02));
#1282 = CARTESIAN_POINT('',(1.128803186911E-03,0.277949268699,
    -2.438850354623E-02));
#1283 = CARTESIAN_POINT('',(9.987712581539E-04,0.27510294209,
    -2.15790818575E-02));
#1284 = CARTESIAN_POINT('',(8.081835517904E-04,0.271663479112,
    -1.746131446774E-02));
#1285 = CARTESIAN_POINT('',(7.635094242579E-04,0.27090015402,
    -1.649610181563E-02));
#1286 = CARTESIAN_POINT('',(7.173843215002E-04,0.270153334886,
    -1.549953993025E-02));
#1287 = CARTESIAN_POINT('',(6.698515278323E-04,0.269423557263,
    -1.447256399647E-02));
#1288 = CARTESIAN_POINT('',(6.209551865411E-04,0.26871132716,
    -1.34161277578E-02));
#1289 = CARTESIAN_POINT('',(5.707402998855E-04,0.268017121048,
    -1.233120351638E-02));
#1290 = CARTESIAN_POINT('',(5.192527290964E-04,0.267341385855,
    -1.121878213297E-02));
#1291 = CARTESIAN_POINT('',(4.409062857009E-04,0.266365135307,
    -9.526057896591E-03));
#1292 = CARTESIAN_POINT('',(4.149834461092E-04,0.266050198047,
    -8.965978626226E-03));
#1293 = CARTESIAN_POINT('',(3.887760168879E-04,0.265739775264,
    -8.399750617738E-03));
#1294 = CARTESIAN_POINT('',(3.622893632503E-04,0.265433913508,
    -7.827489789935E-03));
#1295 = CARTESIAN_POINT('',(3.355288743361E-04,0.265132657809,
    -7.249312578574E-03));
#1296 = CARTESIAN_POINT('',(3.084999632113E-04,0.264836051671,
    -6.665335936355E-03));
#1297 = CARTESIAN_POINT('',(2.812080668687E-04,0.264544137078,
    -6.07567733293E-03));
#1298 = CARTESIAN_POINT('',(2.230147781819E-04,0.263937514552,
    -4.818374692433E-03));
#1299 = CARTESIAN_POINT('',(1.920626684103E-04,0.263624016745,
    -4.149634873411E-03));
#1300 = CARTESIAN_POINT('',(1.60736065393E-04,0.26331589444,
    -3.472803892033E-03));
#1301 = CARTESIAN_POINT('',(1.292796084588E-04,0.26301520485,
    -2.793167335026E-03));
#1302 = CARTESIAN_POINT('',(9.724631939059E-05,0.262718155842,
    -2.10106795659E-03));
#1303 = CARTESIAN_POINT('',(6.521187986666E-05,0.262429601879,
    -1.408943721834E-03));
#1304 = CARTESIAN_POINT('',(3.271610610127E-05,0.262145632997,
    -7.068520703358E-04));
#1305 = CARTESIAN_POINT('',(-6.938893903907E-18,0.261868268322,
    1.110223024625E-16));
#1306 = PCURVE('',#43,#1307);
#1307 = DEFINITIONAL_REPRESENTATION('',(#1308),#1360);
#1308 = B_SPLINE_CURVE_WITH_KNOTS('',8,(#1309,#1310,#1311,#1312,#1313,
    #1314,#1315,#1316,#1317,#1318,#1319,#1320,#1321,#1322,#1323,#1324,
    #1325,#1326,#1327,#1328,#1329,#1330,#1331,#1332,#1333,#1334,#1335,
    #1336,#1337,#1338,#1339,#1340,#1341,#1342,#1343,#1344,#1345,#1346,
    #1347,#1348,#1349,#1350,#1351,#1352,#1353,#1354,#1355,#1356,#1357,
    #1358,#1359),.UNSPECIFIED.,.F.,.F.,(9,7,7,7,7,7,7,9),(0.,
    2.091523890955E-02,0.186711067415,0.498865430168,0.813287880836,
    0.905393356771,0.950181308588,1.),.UNSPECIFIED.);
#1309 = CARTESIAN_POINT('',(0.658863408455,0.433186639327));
#1310 = CARTESIAN_POINT('',(0.658052084667,0.433157110334));
#1311 = CARTESIAN_POINT('',(0.657240565484,0.433127677072));
#1312 = CARTESIAN_POINT('',(0.656428820195,0.433098347332));
#1313 = CARTESIAN_POINT('',(0.655616828804,0.433069126503));
#1314 = CARTESIAN_POINT('',(0.654804582024,0.433040017571));
#1315 = CARTESIAN_POINT('',(0.653992081283,0.433011021119));
#1316 = CARTESIAN_POINT('',(0.653179338718,0.432982135329));
#1317 = CARTESIAN_POINT('',(0.645922002706,0.432725221069));
#1318 = CARTESIAN_POINT('',(0.639462637479,0.432504036871));
#1319 = CARTESIAN_POINT('',(0.632987555909,0.432290414752));
#1320 = CARTESIAN_POINT('',(0.626496249831,0.432084951928));
#1321 = CARTESIAN_POINT('',(0.619988428509,0.431888231457));
#1322 = CARTESIAN_POINT('',(0.613464018631,0.431700822246));
#1323 = CARTESIAN_POINT('',(0.606923164312,0.431523279045));
#1324 = CARTESIAN_POINT('',(0.588021063902,0.431041463746));
#1325 = CARTESIAN_POINT('',(0.575616934518,0.430763600442));
#1326 = CARTESIAN_POINT('',(0.563159071286,0.430526169363));
#1327 = CARTESIAN_POINT('',(0.550654074311,0.430332358126));
#1328 = CARTESIAN_POINT('',(0.538110330093,0.430184776289));
#1329 = CARTESIAN_POINT('',(0.525538430172,0.430085306492));
#1330 = CARTESIAN_POINT('',(0.512951589763,0.430034955602));
#1331 = CARTESIAN_POINT('',(0.487689097666,0.430032447043));
#1332 = CARTESIAN_POINT('',(0.475010153823,0.430081004943));
#1333 = CARTESIAN_POINT('',(0.46234590159,0.430179434307));
#1334 = CARTESIAN_POINT('',(0.449709887287,0.430326732288));
#1335 = CARTESIAN_POINT('',(0.437112969978,0.430520991916));
#1336 = CARTESIAN_POINT('',(0.424563754601,0.430759555577));
#1337 = CARTESIAN_POINT('',(0.412069025107,0.431039168481));
#1338 = CARTESIAN_POINT('',(0.395991570189,0.431448982021));
#1339 = CARTESIAN_POINT('',(0.392353916424,0.43154504224));
#1340 = CARTESIAN_POINT('',(0.388721284433,0.431644221459));
#1341 = CARTESIAN_POINT('',(0.385093719872,0.431746426497));
#1342 = CARTESIAN_POINT('',(0.381471245916,0.431851562329));
#1343 = CARTESIAN_POINT('',(0.377853863263,0.431959532081));
#1344 = CARTESIAN_POINT('',(0.374241550134,0.432070237036));
#1345 = CARTESIAN_POINT('',(0.368880153373,0.432238690053));
#1346 = CARTESIAN_POINT('',(0.367127232777,0.43229442655));
#1347 = CARTESIAN_POINT('',(0.365375495444,0.43235077462));
#1348 = CARTESIAN_POINT('',(0.363624935222,0.432407722717));
#1349 = CARTESIAN_POINT('',(0.36187554484,0.432465259241));
#1350 = CARTESIAN_POINT('',(0.360127315915,0.432523372541));
#1351 = CARTESIAN_POINT('',(0.358380238948,0.432582050915));
#1352 = CARTESIAN_POINT('',(0.354692258099,0.432707167416));
#1353 = CARTESIAN_POINT('',(0.35275150418,0.432773714523));
#1354 = CARTESIAN_POINT('',(0.350812799064,0.432841066198));
#1355 = CARTESIAN_POINT('',(0.348873749607,0.432908696951));
#1356 = CARTESIAN_POINT('',(0.34693881346,0.432977566811));
#1357 = CARTESIAN_POINT('',(0.345002424348,0.433046439242));
#1358 = CARTESIAN_POINT('',(0.343069127042,0.43311630264));
#1359 = CARTESIAN_POINT('',(0.34113659155,0.433186639327));
#1360 = ( GEOMETRIC_REPRESENTATION_CONTEXT(2) 
PARAMETRIC_REPRESENTATION_CONTEXT() REPRESENTATION_CONTEXT('2D SPACE',''
  ) );
#1361 = PCURVE('',#1362,#1367);
#1362 = PLANE('',#1363);
#1363 = AXIS2_PLACEMENT_3D('',#1364,#1365,#1366);
#1364 = CARTESIAN_POINT('',(4.623473702433E-02,0.2273,-0.998930602741));
#1365 = DIRECTION('',(0.998930602741,-0.,4.623473702433E-02));
#1366 = DIRECTION('',(-4.623473702433E-02,0.,0.998930602741));
#1367 = DEFINITIONAL_REPRESENTATION('',(#1368),#1420);
#1368 = B_SPLINE_CURVE_WITH_KNOTS('',8,(#1369,#1370,#1371,#1372,#1373,
    #1374,#1375,#1376,#1377,#1378,#1379,#1380,#1381,#1382,#1383,#1384,
    #1385,#1386,#1387,#1388,#1389,#1390,#1391,#1392,#1393,#1394,#1395,
    #1396,#1397,#1398,#1399,#1400,#1401,#1402,#1403,#1404,#1405,#1406,
    #1407,#1408,#1409,#1410,#1411,#1412,#1413,#1414,#1415,#1416,#1417,
    #1418,#1419),.UNSPECIFIED.,.F.,.F.,(9,7,7,7,7,7,7,9),(0.,
    2.091523890955E-02,0.186711067415,0.498865430168,0.813287880836,
    0.905393356771,0.950181308588,1.),.UNSPECIFIED.);
#1369 = CARTESIAN_POINT('',(1.,-0.105431731678));
#1370 = CARTESIAN_POINT('',(0.999702929213,-0.105315287473));
#1371 = CARTESIAN_POINT('',(0.999406822348,-0.105197727752));
#1372 = CARTESIAN_POINT('',(0.999111757835,-0.10507908173));
#1373 = CARTESIAN_POINT('',(0.998817789911,-0.104959369238));
#1374 = CARTESIAN_POINT('',(0.998524948621,-0.104838600727));
#1375 = CARTESIAN_POINT('',(0.99823323982,-0.10471677726));
#1376 = CARTESIAN_POINT('',(0.997942645169,-0.104593890519));
#1377 = CARTESIAN_POINT('',(0.995358062972,-0.103487226398));
#1378 = CARTESIAN_POINT('',(0.993132982853,-0.102437672943));
#1379 = CARTESIAN_POINT('',(0.990984025899,-0.101323051897));
#1380 = CARTESIAN_POINT('',(0.988917193629,-0.100145449543));
#1381 = CARTESIAN_POINT('',(0.986938344958,-9.890724898536E-02));
#1382 = CARTESIAN_POINT('',(0.985053196199,-9.761113015392E-02));
#1383 = CARTESIAN_POINT('',(0.983267321066,-9.626006980151E-02));
#1384 = CARTESIAN_POINT('',(0.978420904121,-9.221633562706E-02));
#1385 = CARTESIAN_POINT('',(0.975626071973,-8.939188432602E-02));
#1386 = CARTESIAN_POINT('',(0.973237992036,-8.640617409681E-02));
#1387 = CARTESIAN_POINT('',(0.971288687058,-8.328572999484E-02));
#1388 = CARTESIAN_POINT('',(0.969804370716,-8.006066558206E-02));
#1389 = CARTESIAN_POINT('',(0.968803953603,-7.676393287324E-02));
#1390 = CARTESIAN_POINT('',(0.968297549222,-7.343057228226E-02));
#1391 = CARTESIAN_POINT('',(0.968272319392,-6.673913112065E-02));
#1392 = CARTESIAN_POINT('',(0.9687606908,-6.337997475539E-02));
#1393 = CARTESIAN_POINT('',(0.969750643298,-6.005668919946E-02));
#1394 = CARTESIAN_POINT('',(0.971232103789,-5.680513398917E-02));
#1395 = CARTESIAN_POINT('',(0.973185917341,-5.365904862044E-02));
#1396 = CARTESIAN_POINT('',(0.975585387534,-5.064926869899E-02));
#1397 = CARTESIAN_POINT('',(0.978397816827,-4.780294209049E-02));
#1398 = CARTESIAN_POINT('',(0.98251999246,-4.436347911169E-02));
#1399 = CARTESIAN_POINT('',(0.983486238413,-4.360015401962E-02));
#1400 = CARTESIAN_POINT('',(0.98448386716,-4.285333488631E-02));
#1401 = CARTESIAN_POINT('',(0.985511942515,-4.212355726292E-02));
#1402 = CARTESIAN_POINT('',(0.986569509713,-4.141132716003E-02));
#1403 = CARTESIAN_POINT('',(0.987655595411,-4.071712104766E-02));
#1404 = CARTESIAN_POINT('',(0.988769207689,-4.004138585526E-02));
#1405 = CARTESIAN_POINT('',(0.990463744057,-3.906513530679E-02));
#1406 = CARTESIAN_POINT('',(0.991024422916,-3.875019804661E-02));
#1407 = CARTESIAN_POINT('',(0.991591257096,-3.843977526373E-02));
#1408 = CARTESIAN_POINT('',(0.992164130553,-3.813391350849E-02));
#1409 = CARTESIAN_POINT('',(0.992742926727,-3.783265780899E-02));
#1410 = CARTESIAN_POINT('',(0.993327528541,-3.753605167108E-02));
#1411 = CARTESIAN_POINT('',(0.993917818399,-3.724413707837E-02));
#1412 = CARTESIAN_POINT('',(0.995176467035,-3.663751455235E-02));
#1413 = CARTESIAN_POINT('',(0.995845922768,-3.632401674467E-02));
#1414 = CARTESIAN_POINT('',(0.996523478325,-3.601589443989E-02));
#1415 = CARTESIAN_POINT('',(0.997203842462,-3.57152048501E-02));
#1416 = CARTESIAN_POINT('',(0.997896682762,-3.541815584202E-02));
#1417 = CARTESIAN_POINT('',(0.998589547945,-3.5129601879E-02));
#1418 = CARTESIAN_POINT('',(0.999292391215,-3.484563299652E-02));
#1419 = CARTESIAN_POINT('',(1.,-3.456826832221E-02));
#1420 = ( GEOMETRIC_REPRESENTATION_CONTEXT(2) 
PARAMETRIC_REPRESENTATION_CONTEXT() REPRESENTATION_CONTEXT('2D SPACE',''
  ) );
#1421 = ADVANCED_FACE('',(#1422),#311,.T.);
#1422 = FACE_BOUND('',#1423,.F.);
#1423 = EDGE_LOOP('',(#1424));
#1424 = ORIENTED_EDGE('',*,*,#287,.T.);
#1425 = ADVANCED_FACE('',(#1426),#264,.F.);
#1426 = FACE_BOUND('',#1427,.F.);
#1427 = EDGE_LOOP('',(#1428));
#1428 = ORIENTED_EDGE('',*,*,#240,.F.);
#1429 = ADVANCED_FACE('',(#1430),#897,.F.);
#1430 = FACE_BOUND('',#1431,.F.);
#1431 = EDGE_LOOP('',(#1432,#1433,#1456,#2368));
#1432 = ORIENTED_EDGE('',*,*,#335,.T.);
#1433 = ORIENTED_EDGE('',*,*,#1434,.T.);
#1434 = EDGE_CURVE('',#338,#1435,#1437,.T.);
#1435 = VERTEX_POINT('',#1436);
#1436 = CARTESIAN_POINT('',(0.,0.263446549163,0.));
#1437 = SURFACE_CURVE('',#1438,(#1442,#1449),.PCURVE_S1.);
#1438 = LINE('',#1439,#1440);
#1439 = CARTESIAN_POINT('',(0.,0.2273,0.));
#1440 = VECTOR('',#1441,1.);
#1441 = DIRECTION('',(0.,1.,0.));
#1442 = PCURVE('',#897,#1443);
#1443 = DEFINITIONAL_REPRESENTATION('',(#1444),#1448);
#1444 = LINE('',#1445,#1446);
#1445 = CARTESIAN_POINT('',(0.,0.));
#1446 = VECTOR('',#1447,1.);
#1447 = DIRECTION('',(0.,-1.));
#1448 = ( GEOMETRIC_REPRESENTATION_CONTEXT(2) 
PARAMETRIC_REPRESENTATION_CONTEXT() REPRESENTATION_CONTEXT('2D SPACE',''
  ) );
#1449 = PCURVE('',#1362,#1450);
#1450 = DEFINITIONAL_REPRESENTATION('',(#1451),#1455);
#1451 = LINE('',#1452,#1453);
#1452 = CARTESIAN_POINT('',(1.,0.));
#1453 = VECTOR('',#1454,1.);
#1454 = DIRECTION('',(0.,-1.));
#1455 = ( GEOMETRIC_REPRESENTATION_CONTEXT(2) 
PARAMETRIC_REPRESENTATION_CONTEXT() REPRESENTATION_CONTEXT('2D SPACE',''
  ) );
#1456 = ORIENTED_EDGE('',*,*,#1457,.F.);
#1457 = EDGE_CURVE('',#1458,#1435,#1460,.T.);
#1458 = VERTEX_POINT('',#1459);
#1459 = CARTESIAN_POINT('',(0.,0.331153450837,0.));
#1460 = SURFACE_CURVE('',#1461,(#1709,#1960),.PCURVE_S1.);
#1461 = B_SPLINE_CURVE_WITH_KNOTS('',8,(#1462,#1463,#1464,#1465,#1466,
    #1467,#1468,#1469,#1470,#1471,#1472,#1473,#1474,#1475,#1476,#1477,
    #1478,#1479,#1480,#1481,#1482,#1483,#1484,#1485,#1486,#1487,#1488,
    #1489,#1490,#1491,#1492,#1493,#1494,#1495,#1496,#1497,#1498,#1499,
    #1500,#1501,#1502,#1503,#1504,#1505,#1506,#1507,#1508,#1509,#1510,
    #1511,#1512,#1513,#1514,#1515,#1516,#1517,#1518,#1519,#1520,#1521,
    #1522,#1523,#1524,#1525,#1526,#1527,#1528,#1529,#1530,#1531,#1532,
    #1533,#1534,#1535,#1536,#1537,#1538,#1539,#1540,#1541,#1542,#1543,
    #1544,#1545,#1546,#1547,#1548,#1549,#1550,#1551,#1552,#1553,#1554,
    #1555,#1556,#1557,#1558,#1559,#1560,#1561,#1562,#1563,#1564,#1565,
    #1566,#1567,#1568,#1569,#1570,#1571,#1572,#1573,#1574,#1575,#1576,
    #1577,#1578,#1579,#1580,#1581,#1582,#1583,#1584,#1585,#1586,#1587,
    #1588,#1589,#1590,#1591,#1592,#1593,#1594,#1595,#1596,#1597,#1598,
    #1599,#1600,#1601,#1602,#1603,#1604,#1605,#1606,#1607,#1608,#1609,
    #1610,#1611,#1612,#1613,#1614,#1615,#1616,#1617,#1618,#1619,#1620,
    #1621,#1622,#1623,#1624,#1625,#1626,#1627,#1628,#1629,#1630,#1631,
    #1632,#1633,#1634,#1635,#1636,#1637,#1638,#1639,#1640,#1641,#1642,
    #1643,#1644,#1645,#1646,#1647,#1648,#1649,#1650,#1651,#1652,#1653,
    #1654,#1655,#1656,#1657,#1658,#1659,#1660,#1661,#1662,#1663,#1664,
    #1665,#1666,#1667,#1668,#1669,#1670,#1671,#1672,#1673,#1674,#1675,
    #1676,#1677,#1678,#1679,#1680,#1681,#1682,#1683,#1684,#1685,#1686,
    #1687,#1688,#1689,#1690,#1691,#1692,#1693,#1694,#1695,#1696,#1697,
    #1698,#1699,#1700,#1701,#1702,#1703,#1704,#1705,#1706,#1707,#1708),
  .UNSPECIFIED.,.F.,.F.,(9,7,7,7,7,7,7,7,7,7,7,7,7,7,7,7,7,7,7,7,7,7,7,7
    ,7,7,7,7,7,7,7,7,7,7,7,9),(0.,9.784513735738E-03,1.777152633779E-02,
    2.573307305527E-02,3.350139090404E-02,5.532029634116E-02,
    0.133341991438,0.164381030363,0.203666977554,0.227258568461,
    0.252809099027,0.343862728382,0.408969677355,0.434123443334,
    0.448640731286,0.458812001559,0.490317556271,0.500084985971,
    0.509850389378,0.537079286412,0.545353916136,0.561244798691,
    0.636100496548,0.679900979174,0.736098745726,0.760176126514,
    0.78386061769,0.797063192334,0.841533347919,0.86672175114,
    0.928957117611,0.956683323902,0.974012353974,0.987796343478,
    0.993832456799,1.),.UNSPECIFIED.);
#1462 = CARTESIAN_POINT('',(0.,0.331153450837,1.301042606983E-18));
#1463 = CARTESIAN_POINT('',(9.276178412881E-05,0.331383107393,
    5.884156727098E-04));
#1464 = CARTESIAN_POINT('',(1.342383457595E-04,0.33161153326,
    1.182888814668E-03));
#1465 = CARTESIAN_POINT('',(1.267238866941E-04,0.331836548979,
    1.778751574512E-03));
#1466 = CARTESIAN_POINT('',(7.182494320906E-05,0.33205731526,
    2.374217959708E-03));
#1467 = CARTESIAN_POINT('',(-2.166496211936E-05,0.332271725705,
    2.964574334097E-03));
#1468 = CARTESIAN_POINT('',(-1.67592852708E-04,0.332479146382,
    3.54576895653E-03));
#1469 = CARTESIAN_POINT('',(-3.504806638014E-04,0.332679412416,
    4.118423556285E-03));
#1470 = CARTESIAN_POINT('',(-7.506105881417E-04,0.333029371054,
    5.139012510317E-03));
#1471 = CARTESIAN_POINT('',(-9.549930040779E-04,0.333181508385,
    5.590342505742E-03));
#1472 = CARTESIAN_POINT('',(-1.181948533634E-03,0.333328422665,
    6.03374707684E-03));
#1473 = CARTESIAN_POINT('',(-1.42961404184E-03,0.333470096738,
    6.468821268183E-03));
#1474 = CARTESIAN_POINT('',(-1.696243170657E-03,0.333606575637,
    6.895329849462E-03));
#1475 = CARTESIAN_POINT('',(-1.980206338971E-03,0.333737966587,
    7.313207315486E-03));
#1476 = CARTESIAN_POINT('',(-2.279990742599E-03,0.333864439002,
    7.722557886183E-03));
#1477 = CARTESIAN_POINT('',(-2.907408136363E-03,0.334107621672,
    8.523474262664E-03));
#1478 = CARTESIAN_POINT('',(-3.234989459427E-03,0.334224316247,
    8.914969246277E-03));
#1479 = CARTESIAN_POINT('',(-3.575665061375E-03,0.334336503698,
    9.298341857139E-03));
#1480 = CARTESIAN_POINT('',(-3.928284204387E-03,0.334444376862,
    9.673805201017E-03));
#1481 = CARTESIAN_POINT('',(-4.291824674923E-03,0.334548125925,
    1.004158408975E-02));
#1482 = CARTESIAN_POINT('',(-4.665392783726E-03,0.334647938427,
    1.040191504122E-02));
#1483 = CARTESIAN_POINT('',(-5.04822336582E-03,0.334743999253,
    1.075504627942E-02));
#1484 = CARTESIAN_POINT('',(-5.821635443297E-03,0.334926737244,
    1.143902703009E-02));
#1485 = CARTESIAN_POINT('',(-6.211675111196E-03,0.335013598071,
    1.177027110264E-02));
#1486 = CARTESIAN_POINT('',(-6.609290673018E-03,0.335097213586,
    1.209509691835E-02));
#1487 = CARTESIAN_POINT('',(-7.013942943968E-03,0.335177737497,
    1.241371872037E-02));
#1488 = CARTESIAN_POINT('',(-7.425098815348E-03,0.335255326604,
    1.27263893661E-02));
#1489 = CARTESIAN_POINT('',(-7.842268404237E-03,0.335330130647,
    1.303335166476E-02));
#1490 = CARTESIAN_POINT('',(-8.26504220319E-03,0.335402282158,
    1.333478971483E-02));
#1491 = CARTESIAN_POINT('',(-9.895495166762E-03,0.335667383751,
    1.446213001881E-02));
#1492 = CARTESIAN_POINT('',(-1.113931932809E-02,0.335842803702,
    1.52506250254E-02));
#1493 = CARTESIAN_POINT('',(-1.241694635399E-02,0.336001008537,
    1.600056328847E-02));
#1494 = CARTESIAN_POINT('',(-1.372275507569E-02,0.336144207018,
    1.671498677564E-02));
#1495 = CARTESIAN_POINT('',(-1.505234100887E-02,0.336274187486,
    1.739628276466E-02));
#1496 = CARTESIAN_POINT('',(-1.640210889891E-02,0.33639246917,
    1.804657292205E-02));
#1497 = CARTESIAN_POINT('',(-1.776927431786E-02,0.336500371617,
    1.866789009049E-02));
#1498 = CARTESIAN_POINT('',(-2.409771047577E-02,0.336951693072,
    2.138711659175E-02));
#1499 = CARTESIAN_POINT('',(-2.922857573199E-02,0.337184534464,
    2.315782622707E-02));
#1500 = CARTESIAN_POINT('',(-3.446426283997E-02,0.337349288044,
    2.466298653124E-02));
#1501 = CARTESIAN_POINT('',(-3.976183926228E-02,0.337459432072,
    2.592269666224E-02));
#1502 = CARTESIAN_POINT('',(-4.508241976573E-02,0.33752695457,
    2.69751782434E-02));
#1503 = CARTESIAN_POINT('',(-5.041057594545E-02,0.337552181805,
    2.783586005789E-02));
#1504 = CARTESIAN_POINT('',(-5.573828507757E-02,0.337535794976,
    2.852683515304E-02));
#1505 = CARTESIAN_POINT('',(-6.319573837922E-02,0.337450330829,
    2.927419342451E-02));
#1506 = CARTESIAN_POINT('',(-6.5316974158E-02,0.337418926778,
    2.94619402133E-02));
#1507 = CARTESIAN_POINT('',(-6.743669721007E-02,0.337380477851,
    2.962567463038E-02));
#1508 = CARTESIAN_POINT('',(-6.955421298564E-02,0.337334433146,
    2.976617662001E-02));
#1509 = CARTESIAN_POINT('',(-7.16692546059E-02,0.337280803748,
    2.988422416966E-02));
#1510 = CARTESIAN_POINT('',(-7.378180816702E-02,0.337219761766,
    2.998055706494E-02));
#1511 = CARTESIAN_POINT('',(-7.589172603228E-02,0.337151061471,
    3.005581058763E-02));
#1512 = CARTESIAN_POINT('',(-8.066589345658E-02,0.336977946226,
    3.017991239701E-02));
#1513 = CARTESIAN_POINT('',(-8.332839865933E-02,0.336868890769,
    3.021645676997E-02));
#1514 = CARTESIAN_POINT('',(-8.59861160272E-02,0.336747279351,
    3.022139578135E-02));
#1515 = CARTESIAN_POINT('',(-8.863877249395E-02,0.336612867033,
    3.019582890567E-02));
#1516 = CARTESIAN_POINT('',(-9.128610143695E-02,0.336465372551,
    3.014077730304E-02));
#1517 = CARTESIAN_POINT('',(-9.392784267724E-02,0.336304478313,
    3.005718381912E-02));
#1518 = CARTESIAN_POINT('',(-9.656374247946E-02,0.336129830405,
    2.994591298516E-02));
#1519 = CARTESIAN_POINT('',(-0.100772780513,0.33582766727,
    2.972478342156E-02));
#1520 = CARTESIAN_POINT('',(-0.102349809735,0.335709201726,
    2.963214692878E-02));
#1521 = CARTESIAN_POINT('',(-0.10392457122,0.335585549934,
    2.952996584073E-02));
#1522 = CARTESIAN_POINT('',(-0.105496997836,0.335456621321,
    2.941838580758E-02));
#1523 = CARTESIAN_POINT('',(-0.107067025321,0.335322326759,
    2.929757382852E-02));
#1524 = CARTESIAN_POINT('',(-0.108634592281,0.335182578562,
    2.916771825176E-02));
#1525 = CARTESIAN_POINT('',(-0.110199640189,0.335037290488,
    2.902902877451E-02));
#1526 = CARTESIAN_POINT('',(-0.113454327336,0.334722933877,
    2.872221361846E-02));
#1527 = CARTESIAN_POINT('',(-0.115143403055,0.334552845183,
    2.855232442268E-02));
#1528 = CARTESIAN_POINT('',(-0.116829854095,0.334376405291,
    2.837447820759E-02));
#1529 = CARTESIAN_POINT('',(-0.118512795056,0.334192817601,
    2.818561889221E-02));
#1530 = CARTESIAN_POINT('',(-0.120195027838,0.334004183903,
    2.799687504882E-02));
#1531 = CARTESIAN_POINT('',(-0.121873919076,0.333808409174,
    2.779806152397E-02));
#1532 = CARTESIAN_POINT('',(-0.12355043013,0.333606361408,
    2.759386839835E-02));
#1533 = CARTESIAN_POINT('',(-0.131188666348,0.332653941354,
    2.663105958283E-02));
#1534 = CARTESIAN_POINT('',(-0.137116913701,0.331826328673,
    2.579536841792E-02));
#1535 = CARTESIAN_POINT('',(-0.143007211139,0.330914374633,
    2.489067316636E-02));
#1536 = CARTESIAN_POINT('',(-0.148851109795,0.329913371826,
    2.391004712552E-02));
#1537 = CARTESIAN_POINT('',(-0.154646819814,0.328825041468,
    2.287369178871E-02));
#1538 = CARTESIAN_POINT('',(-0.160384296488,0.327646246323,
    2.177696636947E-02));
#1539 = CARTESIAN_POINT('',(-0.166056216158,0.326377761838,
    2.0631053098E-02));
#1540 = CARTESIAN_POINT('',(-0.175652117881,0.324046454232,
    1.859008848432E-02));
#1541 = CARTESIAN_POINT('',(-0.179611647429,0.323028612081,
    1.77171306957E-02));
#1542 = CARTESIAN_POINT('',(-0.183525835898,0.321964301981,
    1.6824627759E-02));
#1543 = CARTESIAN_POINT('',(-0.187386785593,0.320852470637,
    1.591591049003E-02));
#1544 = CARTESIAN_POINT('',(-0.191183251059,0.319691825308,
    1.499527260579E-02));
#1545 = CARTESIAN_POINT('',(-0.194900513514,0.318480546491,
    1.406821324396E-02));
#1546 = CARTESIAN_POINT('',(-0.198519697545,0.31721550115,
    1.314180252473E-02));
#1547 = CARTESIAN_POINT('',(-0.203367514981,0.315379224866,
    1.187103351563E-02));
#1548 = CARTESIAN_POINT('',(-0.204699913882,0.314858725036,
    1.15184453375E-02));
#1549 = CARTESIAN_POINT('',(-0.206012245517,0.314329179643,
    1.116794909167E-02));
#1550 = CARTESIAN_POINT('',(-0.207302754703,0.313790300291,
    1.082018424246E-02));
#1551 = CARTESIAN_POINT('',(-0.20856941231,0.313241787562,
    1.047588624754E-02));
#1552 = CARTESIAN_POINT('',(-0.209809915269,0.312683331016,
    1.013588655791E-02));
#1553 = CARTESIAN_POINT('',(-0.211021686563,0.312114609188,
    9.801112617924E-03));
#1554 = CARTESIAN_POINT('',(-0.212883011362,0.311200940084,
    9.282982522008E-03));
#1555 = CARTESIAN_POINT('',(-0.213553553807,0.310863073201,
    9.095480583008E-03));
#1556 = CARTESIAN_POINT('',(-0.214213073814,0.310521650637,
    8.910245644426E-03));
#1557 = CARTESIAN_POINT('',(-0.214860834982,0.310176565109,
    8.727532628759E-03));
#1558 = CARTESIAN_POINT('',(-0.215496179141,0.309827758316,
    8.547576492775E-03));
#1559 = CARTESIAN_POINT('',(-0.216118579229,0.309475237151,
    8.370576983718E-03));
#1560 = CARTESIAN_POINT('',(-0.216727359141,0.309118988136,
    8.196779443793E-03));
#1561 = CARTESIAN_POINT('',(-0.217737060576,0.308506423986,
    7.907454768518E-03));
#1562 = CARTESIAN_POINT('',(-0.218145682305,0.30825212454,
    7.790049591168E-03));
#1563 = CARTESIAN_POINT('',(-0.218546540633,0.307995846154,
    7.674571994867E-03));
#1564 = CARTESIAN_POINT('',(-0.218939234429,0.30773755327,
    7.561157622517E-03));
#1565 = CARTESIAN_POINT('',(-0.219323366572,0.307477220383,
    7.449941895966E-03));
#1566 = CARTESIAN_POINT('',(-0.219698543954,0.307214832037,
    7.341060016006E-03));
#1567 = CARTESIAN_POINT('',(-0.220064377474,0.306950382831,
    7.234646962376E-03));
#1568 = CARTESIAN_POINT('',(-0.221523517525,0.305858375698,
    6.80928720501E-03));
#1569 = CARTESIAN_POINT('',(-0.22253393354,0.30501268929,
    6.512496237495E-03));
#1570 = CARTESIAN_POINT('',(-0.223439127895,0.304147711836,
    6.244815071863E-03));
#1571 = CARTESIAN_POINT('',(-0.224229603655,0.303264842605,
    6.00971337429E-03));
#1572 = CARTESIAN_POINT('',(-0.224898532284,0.30236607231,
    5.809850328101E-03));
#1573 = CARTESIAN_POINT('',(-0.225441316785,0.301454068916,
    5.647144965392E-03));
#1574 = CARTESIAN_POINT('',(-0.22585515484,0.30053226346,
    5.522846498644E-03));
#1575 = CARTESIAN_POINT('',(-0.226226476925,0.299317443482,
    5.41117776512E-03));
#1576 = CARTESIAN_POINT('',(-0.22630184189,0.299029350048,
    5.388498737328E-03));
#1577 = CARTESIAN_POINT('',(-0.226364657319,0.298740755031,
    5.36958661793E-03));
#1578 = CARTESIAN_POINT('',(-0.226414891897,0.298451758322,
    5.354456555276E-03));
#1579 = CARTESIAN_POINT('',(-0.226452522519,0.298162460231,
    5.343119797103E-03));
#1580 = CARTESIAN_POINT('',(-0.226477534293,0.297872961494,
    5.335583690535E-03));
#1581 = CARTESIAN_POINT('',(-0.226489920538,0.297583363266,
    5.331851682078E-03));
#1582 = CARTESIAN_POINT('',(-0.226489445079,0.297004231068,
    5.331994938314E-03));
#1583 = CARTESIAN_POINT('',(-0.226476588623,0.296714696177,
    5.335868622585E-03));
#1584 = CARTESIAN_POINT('',(-0.226451112057,0.296425263974,
    5.343544732899E-03));
#1585 = CARTESIAN_POINT('',(-0.226413022249,0.29613603555,
    5.355019728743E-03));
#1586 = CARTESIAN_POINT('',(-0.226362334291,0.295847111571,
    5.370286166636E-03));
#1587 = CARTESIAN_POINT('',(-0.226299071502,0.295558592272,
    5.389332700126E-03));
#1588 = CARTESIAN_POINT('',(-0.226223265423,0.295270577466,
    5.41214407979E-03));
#1589 = CARTESIAN_POINT('',(-0.22588872195,0.294181777971,
    5.512750302898E-03));
#1590 = CARTESIAN_POINT('',(-0.225545165597,0.293384748782,
    5.615951368898E-03));
#1591 = CARTESIAN_POINT('',(-0.225105258239,0.292594649848,
    5.747867702696E-03));
#1592 = CARTESIAN_POINT('',(-0.224570642274,0.291813673093,
    5.907759448917E-03));
#1593 = CARTESIAN_POINT('',(-0.223943908787,0.29104365625,
    6.094526838584E-03));
#1594 = CARTESIAN_POINT('',(-0.223228875323,0.290286107626,
    6.306653482354E-03));
#1595 = CARTESIAN_POINT('',(-0.222430863662,0.289542230857,
    6.542149663747E-03));
#1596 = CARTESIAN_POINT('',(-0.221291411055,0.288591327344,
    6.876396987296E-03));
#1597 = CARTESIAN_POINT('',(-0.221018812077,0.288371033791,
    6.956231702435E-03));
#1598 = CARTESIAN_POINT('',(-0.220739367694,0.288152085512,
    7.03793280174E-03));
#1599 = CARTESIAN_POINT('',(-0.220453270775,0.287934494003,
    7.12143183919E-03));
#1600 = CARTESIAN_POINT('',(-0.220160720018,0.287718265768,
    7.206658898806E-03));
#1601 = CARTESIAN_POINT('',(-0.219861919948,0.287503402316,
    7.293542594656E-03));
#1602 = CARTESIAN_POINT('',(-0.21955708092,0.287289900162,
    7.382010070846E-03));
#1603 = CARTESIAN_POINT('',(-0.218649813534,0.286670331974,
    7.644781783394E-03));
#1604 = CARTESIAN_POINT('',(-0.218031861708,0.286267900194,
    7.823107114153E-03));
#1605 = CARTESIAN_POINT('',(-0.217393683636,0.285870504842,
    8.006555398909E-03));
#1606 = CARTESIAN_POINT('',(-0.21673717118,0.285477844683,
    8.194503455672E-03));
#1607 = CARTESIAN_POINT('',(-0.216064042508,0.285089669067,
    8.386385743629E-03));
#1608 = CARTESIAN_POINT('',(-0.215375419888,0.284705930126,
    8.581815000346E-03));
#1609 = CARTESIAN_POINT('',(-0.214671930851,0.284326686017,
    8.780550287918E-03));
#1610 = CARTESIAN_POINT('',(-0.210574010064,0.282185603527,
    9.93273463165E-03));
#1611 = CARTESIAN_POINT('',(-0.206889777692,0.280519823738,
    1.094775790823E-02));
#1612 = CARTESIAN_POINT('',(-0.202976348329,0.278939701689,
    1.19998514161E-02));
#1613 = CARTESIAN_POINT('',(-0.198890116274,0.277437700113,
    1.306846405983E-02));
#1614 = CARTESIAN_POINT('',(-0.194672998495,0.276009179966,
    1.413867531438E-02));
#1615 = CARTESIAN_POINT('',(-0.190354413264,0.27464986538,
    1.520010207485E-02));
#1616 = CARTESIAN_POINT('',(-0.185951396327,0.273355052222,
    1.624606155191E-02));
#1617 = CARTESIAN_POINT('',(-0.178842804629,0.271398219213,
    1.78738792867E-02));
#1618 = CARTESIAN_POINT('',(-0.176194330074,0.270697420777,
    1.846745855849E-02));
#1619 = CARTESIAN_POINT('',(-0.173523445866,0.270017774845,
    1.905271860759E-02));
#1620 = CARTESIAN_POINT('',(-0.170834419786,0.269359001093,
    1.962824249592E-02));
#1621 = CARTESIAN_POINT('',(-0.168128501063,0.26872119105,
    2.01932982574E-02));
#1622 = CARTESIAN_POINT('',(-0.165405818078,0.268104414705,
    2.074739838234E-02));
#1623 = CARTESIAN_POINT('',(-0.1626681065,0.267508421624,
    2.1289695502E-02));
#1624 = CARTESIAN_POINT('',(-0.156384775939,0.266195136954,
    2.249945089092E-02));
#1625 = CARTESIAN_POINT('',(-0.152830140723,0.265491301667,
    2.315878552233E-02));
#1626 = CARTESIAN_POINT('',(-0.149253936364,0.26482147971,
    2.379626766336E-02));
#1627 = CARTESIAN_POINT('',(-0.145657851522,0.264185458023,
    2.441047337569E-02));
#1628 = CARTESIAN_POINT('',(-0.142043384096,0.263582985333,
    2.499992749923E-02));
#1629 = CARTESIAN_POINT('',(-0.138411874609,0.263013746045,
    2.55631566594E-02));
#1630 = CARTESIAN_POINT('',(-0.134764539597,0.262477334128,
    2.609874227452E-02));
#1631 = CARTESIAN_POINT('',(-0.129533542253,0.261757247259,
    2.682243475972E-02));
#1632 = CARTESIAN_POINT('',(-0.127961899647,0.261547188569,
    2.703424233505E-02));
#1633 = CARTESIAN_POINT('',(-0.126387625464,0.261343055879,
    2.724047799061E-02));
#1634 = CARTESIAN_POINT('',(-0.124810791384,0.261144829122,
    2.744093378738E-02));
#1635 = CARTESIAN_POINT('',(-0.123231492475,0.260952463223,
    2.763551214578E-02));
#1636 = CARTESIAN_POINT('',(-0.121649847192,0.260765888096,
    2.782422584575E-02));
#1637 = CARTESIAN_POINT('',(-0.120065997378,0.260585008643,
    2.800719802667E-02));
#1638 = CARTESIAN_POINT('',(-0.116920097355,0.260237261442,
    2.835923052545E-02));
#1639 = CARTESIAN_POINT('',(-0.115358006235,0.26007023565,
    2.852829142058E-02));
#1640 = CARTESIAN_POINT('',(-0.113793784328,0.259908661923,
    2.869138104659E-02));
#1641 = CARTESIAN_POINT('',(-0.112227040352,0.259752777704,
    2.884659589721E-02));
#1642 = CARTESIAN_POINT('',(-0.1106575386,0.259602688828,
    2.899262217246E-02));
#1643 = CARTESIAN_POINT('',(-0.109085371597,0.25945826682,
    2.91294261011E-02));
#1644 = CARTESIAN_POINT('',(-0.107510809156,0.259319277987,
    2.925760519935E-02));
#1645 = CARTESIAN_POINT('',(-0.105054756279,0.259111307907,
    2.944262115686E-02));
#1646 = CARTESIAN_POINT('',(-0.104174932643,0.259038558953,
    2.950596066477E-02));
#1647 = CARTESIAN_POINT('',(-0.103294365034,0.258967480915,
    2.956639282499E-02));
#1648 = CARTESIAN_POINT('',(-0.102413065341,0.258898057568,
    2.962389129387E-02));
#1649 = CARTESIAN_POINT('',(-0.101531045202,0.258830272997,
    2.967842954864E-02));
#1650 = CARTESIAN_POINT('',(-0.100648315996,0.258764111593,
    2.972998088741E-02));
#1651 = CARTESIAN_POINT('',(-9.976488885385E-02,0.258699558058,
    2.977851842918E-02));
#1652 = CARTESIAN_POINT('',(-9.590281789549E-02,0.258424527378,
    2.997726133274E-02));
#1653 = CARTESIAN_POINT('',(-9.291710070256E-02,0.25823054592,
    3.009593284841E-02));
#1654 = CARTESIAN_POINT('',(-8.992396948694E-02,0.258054084592,
    3.017890354873E-02));
#1655 = CARTESIAN_POINT('',(-8.692378694241E-02,0.257894637686,
    3.022490694569E-02));
#1656 = CARTESIAN_POINT('',(-8.391693203841E-02,0.257751762221,
    3.023253617542E-02));
#1657 = CARTESIAN_POINT('',(-8.090380002001E-02,0.257625077942,
    3.020024399813E-02));
#1658 = CARTESIAN_POINT('',(-7.788480240791E-02,0.25751426732,
    3.012634279817E-02));
#1659 = CARTESIAN_POINT('',(-7.31472922946E-02,0.257365157852,
    2.994254288142E-02));
#1660 = CARTESIAN_POINT('',(-7.143250436011E-02,0.2573162667,
    2.986213250606E-02));
#1661 = CARTESIAN_POINT('',(-6.971608751073E-02,0.257272304538,
    2.976742913486E-02));
#1662 = CARTESIAN_POINT('',(-6.799805366667E-02,0.25723331856,
    2.96580526788E-02));
#1663 = CARTESIAN_POINT('',(-6.627850389951E-02,0.257199302871,
    2.953360338668E-02));
#1664 = CARTESIAN_POINT('',(-6.455767544045E-02,0.257170134122,
    2.939366474702E-02));
#1665 = CARTESIAN_POINT('',(-6.283587415004E-02,0.257145640626,
    2.923779318784E-02));
#1666 = CARTESIAN_POINT('',(-5.685714717195E-02,0.257076795084,
    2.863978011969E-02));
#1667 = CARTESIAN_POINT('',(-5.25995437839E-02,0.257056223515,
    2.811399075567E-02));
#1668 = CARTESIAN_POINT('',(-4.834108641737E-02,0.25706266085,
    2.748125810045E-02));
#1669 = CARTESIAN_POINT('',(-4.408658116416E-02,0.257095900254,
    2.673214208966E-02));
#1670 = CARTESIAN_POINT('',(-3.984446145846E-02,0.257156579522,
    2.585647301873E-02));
#1671 = CARTESIAN_POINT('',(-3.562690644001E-02,0.257246977925,
    2.484286278059E-02));
#1672 = CARTESIAN_POINT('',(-3.145065229747E-02,0.257372987859,
    2.367588529902E-02));
#1673 = CARTESIAN_POINT('',(-2.550650806471E-02,0.257624901059,
    2.173173928469E-02));
#1674 = CARTESIAN_POINT('',(-2.368826040644E-02,0.257712094934,
    2.109750952086E-02));
#1675 = CARTESIAN_POINT('',(-2.188540780537E-02,0.257809948468,
    2.04261084129E-02));
#1676 = CARTESIAN_POINT('',(-2.010084190735E-02,0.257919913026,
    1.97149135956E-02));
#1677 = CARTESIAN_POINT('',(-1.833838672677E-02,0.258043737493,
    1.896115172705E-02));
#1678 = CARTESIAN_POINT('',(-1.660283304728E-02,0.258183567319,
    1.816176812071E-02));
#1679 = CARTESIAN_POINT('',(-1.49003123127E-02,0.258342190909,
    1.731282307404E-02));
#1680 = CARTESIAN_POINT('',(-1.220068701167E-02,0.258636710812,
    1.584315485111E-02));
#1681 = CARTESIAN_POINT('',(-1.117901558046E-02,0.258758742754,
    1.5256645487E-02));
#1682 = CARTESIAN_POINT('',(-1.017535164438E-02,0.258890499057,
    1.464725032758E-02));
#1683 = CARTESIAN_POINT('',(-9.192834935964E-03,0.259033049607,
    1.401336737643E-02));
#1684 = CARTESIAN_POINT('',(-8.234290892621E-03,0.259187550588,
    1.335354060229E-02));
#1685 = CARTESIAN_POINT('',(-7.303605524274E-03,0.259355362281,
    1.266602623333E-02));
#1686 = CARTESIAN_POINT('',(-6.406869807442E-03,0.259538138896,
    1.194841911473E-02));
#1687 = CARTESIAN_POINT('',(-4.867686244646E-03,0.259896492212,
    1.060099604388E-02));
#1688 = CARTESIAN_POINT('',(-4.21155446399E-03,0.260065662651,
    9.984133234794E-03));
#1689 = CARTESIAN_POINT('',(-3.584416111826E-03,0.260246811837,
    9.343508539698E-03));
#1690 = CARTESIAN_POINT('',(-2.988971303187E-03,0.260439654724,
    8.682719434215E-03));
#1691 = CARTESIAN_POINT('',(-2.433592757586E-03,0.260647174389,
    7.993179453841E-03));
#1692 = CARTESIAN_POINT('',(-1.922084090453E-03,0.260868287719,
    7.281649044344E-03));
#1693 = CARTESIAN_POINT('',(-1.464943483261E-03,0.26110519651,
    6.542729566347E-03));
#1694 = CARTESIAN_POINT('',(-8.973848002399E-04,0.261468355978,
    5.444780777165E-03));
#1695 = CARTESIAN_POINT('',(-7.366062364032E-04,0.261581933641,
    5.105720672833E-03));
#1696 = CARTESIAN_POINT('',(-5.887036647152E-04,0.261698507812,
    4.762106174197E-03));
#1697 = CARTESIAN_POINT('',(-4.544898049368E-04,0.261818055978,
    4.414152644399E-03));
#1698 = CARTESIAN_POINT('',(-3.347827027722E-04,0.261940515867,
    4.062159919597E-03));
#1699 = CARTESIAN_POINT('',(-2.304057298693E-04,0.262065785442,
    3.706512308962E-03));
#1700 = CARTESIAN_POINT('',(-1.421875838195E-04,0.262193722911,
    3.347678594679E-03));
#1701 = CARTESIAN_POINT('',(1.813861756083E-06,0.262457410365,
    2.616874923356E-03));
#1702 = CARTESIAN_POINT('',(5.698750561451E-05,0.262593219599,
    2.244929866756E-03));
#1703 = CARTESIAN_POINT('',(9.44671555977E-05,0.262731372052,
    1.871045743306E-03));
#1704 = CARTESIAN_POINT('',(1.139264372973E-04,0.262871607565,
    1.495965006881E-03));
#1705 = CARTESIAN_POINT('',(1.148610296717E-04,0.263013615241,
    1.120484040255E-03));
#1706 = CARTESIAN_POINT('',(9.664560500215E-05,0.26315704049,
    7.454335112699E-04));
#1707 = CARTESIAN_POINT('',(5.859076884746E-05,0.263301492075,
    3.716587290145E-04));
#1708 = CARTESIAN_POINT('',(0.,0.263446549163,-2.168404344971E-18));
#1709 = PCURVE('',#897,#1710);
#1710 = DEFINITIONAL_REPRESENTATION('',(#1711),#1959);
#1711 = B_SPLINE_CURVE_WITH_KNOTS('',8,(#1712,#1713,#1714,#1715,#1716,
    #1717,#1718,#1719,#1720,#1721,#1722,#1723,#1724,#1725,#1726,#1727,
    #1728,#1729,#1730,#1731,#1732,#1733,#1734,#1735,#1736,#1737,#1738,
    #1739,#1740,#1741,#1742,#1743,#1744,#1745,#1746,#1747,#1748,#1749,
    #1750,#1751,#1752,#1753,#1754,#1755,#1756,#1757,#1758,#1759,#1760,
    #1761,#1762,#1763,#1764,#1765,#1766,#1767,#1768,#1769,#1770,#1771,
    #1772,#1773,#1774,#1775,#1776,#1777,#1778,#1779,#1780,#1781,#1782,
    #1783,#1784,#1785,#1786,#1787,#1788,#1789,#1790,#1791,#1792,#1793,
    #1794,#1795,#1796,#1797,#1798,#1799,#1800,#1801,#1802,#1803,#1804,
    #1805,#1806,#1807,#1808,#1809,#1810,#1811,#1812,#1813,#1814,#1815,
    #1816,#1817,#1818,#1819,#1820,#1821,#1822,#1823,#1824,#1825,#1826,
    #1827,#1828,#1829,#1830,#1831,#1832,#1833,#1834,#1835,#1836,#1837,
    #1838,#1839,#1840,#1841,#1842,#1843,#1844,#1845,#1846,#1847,#1848,
    #1849,#1850,#1851,#1852,#1853,#1854,#1855,#1856,#1857,#1858,#1859,
    #1860,#1861,#1862,#1863,#1864,#1865,#1866,#1867,#1868,#1869,#1870,
    #1871,#1872,#1873,#1874,#1875,#1876,#1877,#1878,#1879,#1880,#1881,
    #1882,#1883,#1884,#1885,#1886,#1887,#1888,#1889,#1890,#1891,#1892,
    #1893,#1894,#1895,#1896,#1897,#1898,#1899,#1900,#1901,#1902,#1903,
    #1904,#1905,#1906,#1907,#1908,#1909,#1910,#1911,#1912,#1913,#1914,
    #1915,#1916,#1917,#1918,#1919,#1920,#1921,#1922,#1923,#1924,#1925,
    #1926,#1927,#1928,#1929,#1930,#1931,#1932,#1933,#1934,#1935,#1936,
    #1937,#1938,#1939,#1940,#1941,#1942,#1943,#1944,#1945,#1946,#1947,
    #1948,#1949,#1950,#1951,#1952,#1953,#1954,#1955,#1956,#1957,#1958),
  .UNSPECIFIED.,.F.,.F.,(9,7,7,7,7,7,7,7,7,7,7,7,7,7,7,7,7,7,7,7,7,7,7,7
    ,7,7,7,7,7,7,7,7,7,7,7,9),(0.,9.784513735738E-03,1.777152633779E-02,
    2.573307305527E-02,3.350139090404E-02,5.532029634116E-02,
    0.133341991438,0.164381030363,0.203666977554,0.227258568461,
    0.252809099027,0.343862728382,0.408969677355,0.434123443334,
    0.448640731286,0.458812001559,0.490317556271,0.500084985971,
    0.509850389378,0.537079286412,0.545353916136,0.561244798691,
    0.636100496548,0.679900979174,0.736098745726,0.760176126514,
    0.78386061769,0.797063192334,0.841533347919,0.86672175114,
    0.928957117611,0.956683323902,0.974012353974,0.987796343478,
    0.993832456799,1.),.UNSPECIFIED.);
#1712 = CARTESIAN_POINT('',(0.,-0.103853450837));
#1713 = CARTESIAN_POINT('',(5.93325052972E-04,-0.104083107393));
#1714 = CARTESIAN_POINT('',(1.186985895005E-03,-0.10431153326));
#1715 = CARTESIAN_POINT('',(1.780016621087E-03,-0.104536548979));
#1716 = CARTESIAN_POINT('',(2.374325546765E-03,-0.10475731526));
#1717 = CARTESIAN_POINT('',(2.965130420059E-03,-0.104971725705));
#1718 = CARTESIAN_POINT('',(3.562913171076E-03,-0.105179146382));
#1719 = CARTESIAN_POINT('',(4.161674502837E-03,-0.105379412416));
#1720 = CARTESIAN_POINT('',(5.256643514332E-03,-0.105729371054));
#1721 = CARTESIAN_POINT('',(5.751047609012E-03,-0.105881508385));
#1722 = CARTESIAN_POINT('',(6.247854875615E-03,-0.106028422665));
#1723 = CARTESIAN_POINT('',(6.747139187537E-03,-0.106170096738));
#1724 = CARTESIAN_POINT('',(7.248940032054E-03,-0.106306575637));
#1725 = CARTESIAN_POINT('',(7.75326251033E-03,-0.106437966587));
#1726 = CARTESIAN_POINT('',(8.260077337409E-03,-0.106564439002));
#1727 = CARTESIAN_POINT('',(9.27694066908E-03,-0.106807621672));
#1728 = CARTESIAN_POINT('',(9.786927827472E-03,-0.106924316247));
#1729 = CARTESIAN_POINT('',(1.029920489751E-02,-0.107036503698));
#1730 = CARTESIAN_POINT('',(1.081368968738E-02,-0.107144376862));
#1731 = CARTESIAN_POINT('',(1.133029523331E-02,-0.107248125925));
#1732 = CARTESIAN_POINT('',(1.184892979962E-02,-0.107347938427));
#1733 = CARTESIAN_POINT('',(1.236949687867E-02,-0.107443999253));
#1734 = CARTESIAN_POINT('',(1.340161475636E-02,-0.107626737244));
#1735 = CARTESIAN_POINT('',(1.391313045494E-02,-0.107713598071));
#1736 = CARTESIAN_POINT('',(1.442629654007E-02,-0.107797213586));
#1737 = CARTESIAN_POINT('',(1.494103073791E-02,-0.107877737497));
#1738 = CARTESIAN_POINT('',(1.545728290478E-02,-0.107955326604));
#1739 = CARTESIAN_POINT('',(1.59750036845E-02,-0.108030130647));
#1740 = CARTESIAN_POINT('',(1.649411316579E-02,-0.108102282158));
#1741 = CARTESIAN_POINT('',(1.847599656964E-02,-0.108367383751));
#1742 = CARTESIAN_POINT('',(1.994724073991E-02,-0.108542803702));
#1743 = CARTESIAN_POINT('',(2.142717823035E-02,-0.108701008537));
#1744 = CARTESIAN_POINT('',(2.291432948049E-02,-0.108844207018));
#1745 = CARTESIAN_POINT('',(2.440719832904E-02,-0.108974187486));
#1746 = CARTESIAN_POINT('',(2.59046011342E-02,-0.10909246917));
#1747 = CARTESIAN_POINT('',(2.740588587469E-02,-0.109200371617));
#1748 = CARTESIAN_POINT('',(3.429328978945E-02,-0.109651693072));
#1749 = CARTESIAN_POINT('',(3.97061003207E-02,-0.109884534464));
#1750 = CARTESIAN_POINT('',(4.514456432008E-02,-0.110049288044));
#1751 = CARTESIAN_POINT('',(5.057822304653E-02,-0.110159432072));
#1752 = CARTESIAN_POINT('',(5.599610866825E-02,-0.11022695457));
#1753 = CARTESIAN_POINT('',(6.138803503122E-02,-0.110252181805));
#1754 = CARTESIAN_POINT('',(6.675805131627E-02,-0.110235794976));
#1755 = CARTESIAN_POINT('',(7.425264470543E-02,-0.110150330829));
#1756 = CARTESIAN_POINT('',(7.638196700353E-02,-0.110118926778));
#1757 = CARTESIAN_POINT('',(7.850773340272E-02,-0.110080477851));
#1758 = CARTESIAN_POINT('',(8.062960792869E-02,-0.110034433146));
#1759 = CARTESIAN_POINT('',(8.274765900476E-02,-0.109980803748));
#1760 = CARTESIAN_POINT('',(8.486218110963E-02,-0.109919761766));
#1761 = CARTESIAN_POINT('',(8.69732920826E-02,-0.109851061471));
#1762 = CARTESIAN_POINT('',(9.174895909855E-02,-0.109677946226));
#1763 = CARTESIAN_POINT('',(9.441146138699E-02,-0.109568890769));
#1764 = CARTESIAN_POINT('',(9.70688158304E-02,-0.109447279351));
#1765 = CARTESIAN_POINT('',(9.972118796485E-02,-0.109312867033));
#1766 = CARTESIAN_POINT('',(0.102368707745,-0.109165372551));
#1767 = CARTESIAN_POINT('',(0.105011469544,-0.109004478313));
#1768 = CARTESIAN_POINT('',(0.107649532153,-0.108829830405));
#1769 = CARTESIAN_POINT('',(0.111864292901,-0.10852766727));
#1770 = CARTESIAN_POINT('',(0.113443982232,-0.108409201726));
#1771 = CARTESIAN_POINT('',(0.115021978015,-0.108285549934));
#1772 = CARTESIAN_POINT('',(0.116598271067,-0.108156621321));
#1773 = CARTESIAN_POINT('',(0.118172851783,-0.108022326759));
#1774 = CARTESIAN_POINT('',(0.119745710134,-0.107882578562));
#1775 = CARTESIAN_POINT('',(0.121316835666,-0.107737290488));
#1776 = CARTESIAN_POINT('',(0.12458591376,-0.107422933877));
#1777 = CARTESIAN_POINT('',(0.126283477749,-0.107252845183));
#1778 = CARTESIAN_POINT('',(0.127979244248,-0.107076405291));
#1779 = CARTESIAN_POINT('',(0.129672619431,-0.106892817601));
#1780 = CARTESIAN_POINT('',(0.13136542691,-0.106704183903));
#1781 = CARTESIAN_POINT('',(0.13305599042,-0.106508409174));
#1782 = CARTESIAN_POINT('',(0.13474487772,-0.106306361408));
#1783 = CARTESIAN_POINT('',(0.142443518774,-0.105353941354));
#1784 = CARTESIAN_POINT('',(0.148429641443,-0.104526328673));
#1785 = CARTESIAN_POINT('',(0.154388336585,-0.103614374633));
#1786 = CARTESIAN_POINT('',(0.160312736566,-0.102613371826));
#1787 = CARTESIAN_POINT('',(0.166199802134,-0.101525041468));
#1788 = CARTESIAN_POINT('',(0.172040459287,-0.100346246323));
#1789 = CARTESIAN_POINT('',(0.177826673145,-9.907776183787E-02));
#1790 = CARTESIAN_POINT('',(0.187637181828,-9.674645423229E-02));
#1791 = CARTESIAN_POINT('',(0.191691672087,-9.572861208078E-02));
#1792 = CARTESIAN_POINT('',(0.195706139434,-9.466430198133E-02));
#1793 = CARTESIAN_POINT('',(0.199672385853,-9.355247063658E-02));
#1794 = CARTESIAN_POINT('',(0.203578701465,-9.23918253079E-02));
#1795 = CARTESIAN_POINT('',(0.207409684668,-9.11805464909E-02));
#1796 = CARTESIAN_POINT('',(0.211145481971,-8.991550114954E-02));
#1797 = CARTESIAN_POINT('',(0.216157072575,-8.807922486632E-02));
#1798 = CARTESIAN_POINT('',(0.217535326362,-8.755872503577E-02));
#1799 = CARTESIAN_POINT('',(0.218893647204,-8.702917964283E-02));
#1800 = CARTESIAN_POINT('',(0.220230182763,-8.649030029118E-02));
#1801 = CARTESIAN_POINT('',(0.221542790026,-8.594178756231E-02));
#1802 = CARTESIAN_POINT('',(0.222829035304,-8.538333101553E-02));
#1803 = CARTESIAN_POINT('',(0.224086194233,-8.481460918798E-02));
#1804 = CARTESIAN_POINT('',(0.226018283602,-8.390094008369E-02));
#1805 = CARTESIAN_POINT('',(0.226714545748,-8.356307320053E-02));
#1806 = CARTESIAN_POINT('',(0.227399582385,-8.322165063744E-02));
#1807 = CARTESIAN_POINT('',(0.228072616677,-8.287656510859E-02));
#1808 = CARTESIAN_POINT('',(0.228732952362,-8.252775831567E-02));
#1809 = CARTESIAN_POINT('',(0.229380028763,-8.217523715067E-02));
#1810 = CARTESIAN_POINT('',(0.230013129229,-8.181898813593E-02));
#1811 = CARTESIAN_POINT('',(0.231063462669,-8.120642398624E-02));
#1812 = CARTESIAN_POINT('',(0.231488615251,-8.095212454019E-02));
#1813 = CARTESIAN_POINT('',(0.231905774081,-8.069584615401E-02));
#1814 = CARTESIAN_POINT('',(0.232314516396,-8.043755327013E-02));
#1815 = CARTESIAN_POINT('',(0.232714423311,-8.017722038259E-02));
#1816 = CARTESIAN_POINT('',(0.233105079816,-7.991483203701E-02));
#1817 = CARTESIAN_POINT('',(0.233486074778,-7.965038283059E-02));
#1818 = CARTESIAN_POINT('',(0.235005946375,-7.855837569827E-02));
#1819 = CARTESIAN_POINT('',(0.236059044414,-7.771268929029E-02));
#1820 = CARTESIAN_POINT('',(0.237002983864,-7.684771183564E-02));
#1821 = CARTESIAN_POINT('',(0.237827677264,-7.59648426054E-02));
#1822 = CARTESIAN_POINT('',(0.2385258231,-7.506607231018E-02));
#1823 = CARTESIAN_POINT('',(0.239092468005,-7.415406891599E-02));
#1824 = CARTESIAN_POINT('',(0.239524568969,-7.323226346018E-02));
#1825 = CARTESIAN_POINT('',(0.239912318032,-7.201744348202E-02));
#1826 = CARTESIAN_POINT('',(0.239991021202,-7.172935004772E-02));
#1827 = CARTESIAN_POINT('',(0.240056621717,-7.144075503117E-02));
#1828 = CARTESIAN_POINT('',(0.240109085223,-7.115175832166E-02));
#1829 = CARTESIAN_POINT('',(0.240148386355,-7.086246023102E-02));
#1830 = CARTESIAN_POINT('',(0.240174508735,-7.057296149359E-02));
#1831 = CARTESIAN_POINT('',(0.240187444972,-7.028336326619E-02));
#1832 = CARTESIAN_POINT('',(0.240186948402,-6.970423106801E-02));
#1833 = CARTESIAN_POINT('',(0.240173521074,-6.941469617718E-02));
#1834 = CARTESIAN_POINT('',(0.240146913274,-6.912526397413E-02));
#1835 = CARTESIAN_POINT('',(0.2401071326,-6.883603555039E-02));
#1836 = CARTESIAN_POINT('',(0.24005419565,-6.854711157053E-02));
#1837 = CARTESIAN_POINT('',(0.23998812802,-6.825859227218E-02));
#1838 = CARTESIAN_POINT('',(0.239908964309,-6.797057746603E-02));
#1839 = CARTESIAN_POINT('',(0.239559621481,-6.688177797066E-02));
#1840 = CARTESIAN_POINT('',(0.239200900345,-6.608474878212E-02));
#1841 = CARTESIAN_POINT('',(0.238741640728,-6.529464984783E-02));
#1842 = CARTESIAN_POINT('',(0.23818362833,-6.451367309254E-02));
#1843 = CARTESIAN_POINT('',(0.237529660425,-6.374365625011E-02));
#1844 = CARTESIAN_POINT('',(0.236783827766,-6.298610762554E-02));
#1845 = CARTESIAN_POINT('',(0.235951796493,-6.224223085701E-02));
#1846 = CARTESIAN_POINT('',(0.234764334098,-6.129132734357E-02));
#1847 = CARTESIAN_POINT('',(0.234480285878,-6.107103379126E-02));
#1848 = CARTESIAN_POINT('',(0.234189143637,-6.085208551213E-02));
#1849 = CARTESIAN_POINT('',(0.233891111632,-6.063449400337E-02));
#1850 = CARTESIAN_POINT('',(0.233586400112,-6.041826576823E-02));
#1851 = CARTESIAN_POINT('',(0.233275225316,-6.020340231599E-02));
#1852 = CARTESIAN_POINT('',(0.232957809474,-5.998990016198E-02));
#1853 = CARTESIAN_POINT('',(0.232013257306,-5.937033197385E-02));
#1854 = CARTESIAN_POINT('',(0.231370091707,-5.896790019374E-02));
#1855 = CARTESIAN_POINT('',(0.230706072449,-5.857050484155E-02));
#1856 = CARTESIAN_POINT('',(0.230023189107,-5.817784468345E-02));
#1857 = CARTESIAN_POINT('',(0.229323248184,-5.778966906727E-02));
#1858 = CARTESIAN_POINT('',(0.228607434025,-5.740593012619E-02));
#1859 = CARTESIAN_POINT('',(0.227876414871,-5.702668601667E-02));
#1860 = CARTESIAN_POINT('',(0.22361960966,-5.488560352742E-02));
#1861 = CARTESIAN_POINT('',(0.219798174309,-5.321982373835E-02));
#1862 = CARTESIAN_POINT('',(0.215745934899,-5.163970168859E-02));
#1863 = CARTESIAN_POINT('',(0.211522499183,-5.013770011277E-02));
#1864 = CARTESIAN_POINT('',(0.207171951312,-4.870917996597E-02));
#1865 = CARTESIAN_POINT('',(0.202725075962,-4.734986537963E-02));
#1866 = CARTESIAN_POINT('',(0.198199691014,-4.605505222224E-02));
#1867 = CARTESIAN_POINT('',(0.190907128075,-4.409821921268E-02));
#1868 = CARTESIAN_POINT('',(0.188192991573,-4.339742077719E-02));
#1869 = CARTESIAN_POINT('',(0.185458798081,-4.271777484479E-02));
#1870 = CARTESIAN_POINT('',(0.182708950971,-4.205900109329E-02));
#1871 = CARTESIAN_POINT('',(0.179944746264,-4.142119105043E-02));
#1872 = CARTESIAN_POINT('',(0.177166325471,-4.080441470511E-02));
#1873 = CARTESIAN_POINT('',(0.174375473634,-4.02084216243E-02));
#1874 = CARTESIAN_POINT('',(0.167976773408,-3.889513695426E-02));
#1875 = CARTESIAN_POINT('',(0.164361604632,-3.819130166708E-02));
#1876 = CARTESIAN_POINT('',(0.160729197611,-3.752147970972E-02));
#1877 = CARTESIAN_POINT('',(0.157081257419,-3.688545802258E-02));
#1878 = CARTESIAN_POINT('',(0.153419277682,-3.628298533327E-02));
#1879 = CARTESIAN_POINT('',(0.149744565022,-3.571374604548E-02));
#1880 = CARTESIAN_POINT('',(0.146058263493,-3.517733412776E-02));
#1881 = CARTESIAN_POINT('',(0.140777485208,-3.445724725872E-02));
#1882 = CARTESIAN_POINT('',(0.139191661057,-3.424718856915E-02));
#1883 = CARTESIAN_POINT('',(0.13760396598,-3.404305587879E-02));
#1884 = CARTESIAN_POINT('',(0.136014470622,-3.384482912218E-02));
#1885 = CARTESIAN_POINT('',(0.134423256861,-3.365246322338E-02));
#1886 = CARTESIAN_POINT('',(0.13283041781,-3.346588809591E-02));
#1887 = CARTESIAN_POINT('',(0.131236057816,-3.328500864275E-02));
#1888 = CARTESIAN_POINT('',(0.128070566475,-3.29372614418E-02));
#1889 = CARTESIAN_POINT('',(0.126499397662,-3.277023565025E-02));
#1890 = CARTESIAN_POINT('',(0.124926725463,-3.260866192333E-02));
#1891 = CARTESIAN_POINT('',(0.123352351164,-3.245277770369E-02));
#1892 = CARTESIAN_POINT('',(0.121776147431,-3.230268882792E-02));
#1893 = CARTESIAN_POINT('',(0.120198133434,-3.215826682025E-02));
#1894 = CARTESIAN_POINT('',(0.118618415562,-3.201927798677E-02));
#1895 = CARTESIAN_POINT('',(0.116155453181,-3.18113079073E-02));
#1896 = CARTESIAN_POINT('',(0.115273374995,-3.173855895295E-02));
#1897 = CARTESIAN_POINT('',(0.114390761543,-3.16674809146E-02));
#1898 = CARTESIAN_POINT('',(0.113507614835,-3.159805756785E-02));
#1899 = CARTESIAN_POINT('',(0.112623936534,-3.15302729966E-02));
#1900 = CARTESIAN_POINT('',(0.11173972795,-3.146411159303E-02));
#1901 = CARTESIAN_POINT('',(0.110854990044,-3.139955805758E-02));
#1902 = CARTESIAN_POINT('',(0.106987885027,-3.1124527378E-02));
#1903 = CARTESIAN_POINT('',(0.104000058899,-3.09305459204E-02));
#1904 = CARTESIAN_POINT('',(0.101006203003,-3.075408459231E-02));
#1905 = CARTESIAN_POINT('',(9.800621813811E-02,-3.059463768619E-02));
#1906 = CARTESIAN_POINT('',(9.499994794233E-02,-3.045176222089E-02));
#1907 = CARTESIAN_POINT('',(9.198717889538E-02,-3.032507794161E-02));
#1908 = CARTESIAN_POINT('',(8.89676403173E-02,-3.021426731993E-02));
#1909 = CARTESIAN_POINT('',(8.422668325434E-02,-3.006515785201E-02));
#1910 = CARTESIAN_POINT('',(8.251011041758E-02,-3.001626670015E-02));
#1911 = CARTESIAN_POINT('',(8.079122591442E-02,-2.997230453818E-02));
#1912 = CARTESIAN_POINT('',(7.906988373322E-02,-2.993331856028E-02));
#1913 = CARTESIAN_POINT('',(7.734601455833E-02,-2.989930287116E-02));
#1914 = CARTESIAN_POINT('',(7.561967092191E-02,-2.987013412193E-02));
#1915 = CARTESIAN_POINT('',(7.389095474389E-02,-2.984564062574E-02));
#1916 = CARTESIAN_POINT('',(6.788256710974E-02,-2.977679508364E-02));
#1917 = CARTESIAN_POINT('',(6.359381805182E-02,-2.97562235149E-02));
#1918 = CARTESIAN_POINT('',(5.929115572316E-02,-2.97626608497E-02));
#1919 = CARTESIAN_POINT('',(5.49745792366E-02,-2.979590025416E-02));
#1920 = CARTESIAN_POINT('',(5.064708037206E-02,-2.985657952155E-02));
#1921 = CARTESIAN_POINT('',(4.631414465557E-02,-2.994697792501E-02));
#1922 = CARTESIAN_POINT('',(4.198218432615E-02,-3.007298785943E-02));
#1923 = CARTESIAN_POINT('',(3.572852057793E-02,-3.032490105934E-02));
#1924 = CARTESIAN_POINT('',(3.380328959794E-02,-3.041209493384E-02));
#1925 = CARTESIAN_POINT('',(3.188037126741E-02,-3.050994846766E-02));
#1926 = CARTESIAN_POINT('',(2.996049073658E-02,-3.06199130262E-02));
#1927 = CARTESIAN_POINT('',(2.804501570427E-02,-3.07437374926E-02));
#1928 = CARTESIAN_POINT('',(2.613580264186E-02,-3.088356731948E-02));
#1929 = CARTESIAN_POINT('',(2.423481082616E-02,-3.104219090861E-02));
#1930 = CARTESIAN_POINT('',(2.116139471827E-02,-3.133671081206E-02));
#1931 = CARTESIAN_POINT('',(1.998377230222E-02,-3.145874275352E-02));
#1932 = CARTESIAN_POINT('',(1.881052429744E-02,-3.159049905735E-02));
#1933 = CARTESIAN_POINT('',(1.764220994868E-02,-3.173304960664E-02));
#1934 = CARTESIAN_POINT('',(1.647983035815E-02,-3.188755058837E-02));
#1935 = CARTESIAN_POINT('',(1.532453095087E-02,-3.205536228099E-02));
#1936 = CARTESIAN_POINT('',(1.417723726915E-02,-3.223813889606E-02));
#1937 = CARTESIAN_POINT('',(1.213225895375E-02,-3.259649221222E-02));
#1938 = CARTESIAN_POINT('',(1.123258947126E-02,-3.276566265109E-02));
#1939 = CARTESIAN_POINT('',(1.033766668615E-02,-3.294681183723E-02));
#1940 = CARTESIAN_POINT('',(9.45022204597E-03,-3.31396547243E-02));
#1941 = CARTESIAN_POINT('',(8.568418110404E-03,-3.334717438855E-02));
#1942 = CARTESIAN_POINT('',(7.695275967844E-03,-3.356828771859E-02));
#1943 = CARTESIAN_POINT('',(6.829737367768E-03,-3.380519650979E-02));
#1944 = CARTESIAN_POINT('',(5.594915920873E-03,-3.416835597771E-02));
#1945 = CARTESIAN_POINT('',(5.220234633622E-03,-3.428193364067E-02));
#1946 = CARTESIAN_POINT('',(4.846920256685E-03,-3.439850781191E-02));
#1947 = CARTESIAN_POINT('',(4.474926577916E-03,-3.451805597836E-02));
#1948 = CARTESIAN_POINT('',(4.104171679637E-03,-3.464051586651E-02));
#1949 = CARTESIAN_POINT('',(3.734537938634E-03,-3.476578544237E-02));
#1950 = CARTESIAN_POINT('',(3.365872026162E-03,-3.489372291148E-02));
#1951 = CARTESIAN_POINT('',(2.622087443167E-03,-3.515741036457E-02));
#1952 = CARTESIAN_POINT('',(2.247148108422E-03,-3.529321959898E-02));
#1953 = CARTESIAN_POINT('',(1.872658399029E-03,-3.54313720516E-02));
#1954 = CARTESIAN_POINT('',(1.498300394743E-03,-3.557160756481E-02));
#1955 = CARTESIAN_POINT('',(1.123902161912E-03,-3.571361524103E-02));
#1956 = CARTESIAN_POINT('',(7.493931556457E-04,-3.585704048991E-02));
#1957 = CARTESIAN_POINT('',(3.747596219708E-04,-3.600149207542E-02));
#1958 = CARTESIAN_POINT('',(0.,-3.614654916303E-02));
#1959 = ( GEOMETRIC_REPRESENTATION_CONTEXT(2) 
PARAMETRIC_REPRESENTATION_CONTEXT() REPRESENTATION_CONTEXT('2D SPACE',''
  ) );
#1960 = PCURVE('',#1961,#2118);
#1961 = ( BOUNDED_SURFACE() B_SPLINE_SURFACE(12,3,(
    (#1962,#1963,#1964,#1965,#1966,#1967,#1968,#1969,#1970,#1971,#1972
      ,#1973)
    ,(#1974,#1975,#1976,#1977,#1978,#1979,#1980,#1981,#1982,#1983,#1984
      ,#1985)
    ,(#1986,#1987,#1988,#1989,#1990,#1991,#1992,#1993,#1994,#1995,#1996
      ,#1997)
    ,(#1998,#1999,#2000,#2001,#2002,#2003,#2004,#2005,#2006,#2007,#2008
      ,#2009)
    ,(#2010,#2011,#2012,#2013,#2014,#2015,#2016,#2017,#2018,#2019,#2020
      ,#2021)
    ,(#2022,#2023,#2024,#2025,#2026,#2027,#2028,#2029,#2030,#2031,#2032
      ,#2033)
    ,(#2034,#2035,#2036,#2037,#2038,#2039,#2040,#2041,#2042,#2043,#2044
      ,#2045)
    ,(#2046,#2047,#2048,#2049,#2050,#2051,#2052,#2053,#2054,#2055,#2056
      ,#2057)
    ,(#2058,#2059,#2060,#2061,#2062,#2063,#2064,#2065,#2066,#2067,#2068
      ,#2069)
    ,(#2070,#2071,#2072,#2073,#2074,#2075,#2076,#2077,#2078,#2079,#2080
      ,#2081)
    ,(#2082,#2083,#2084,#2085,#2086,#2087,#2088,#2089,#2090,#2091,#2092
      ,#2093)
    ,(#2094,#2095,#2096,#2097,#2098,#2099,#2100,#2101,#2102,#2103,#2104
      ,#2105)
    ,(#2106,#2107,#2108,#2109,#2110,#2111,#2112,#2113,#2114,#2115,#2116
,#2117
  )),.UNSPECIFIED.,.T.,.F.,.F.) B_SPLINE_SURFACE_WITH_KNOTS((13,13),(4,1
    ,1,1,1,1,1,1,1,4),(0.,1.),(0.,4.345218250743E-02,0.116644769455,
    0.242106276952,0.410503245178,0.557322379734,0.685006476409,
    0.813588185079,0.922732455348,1.),.UNSPECIFIED.) 
GEOMETRIC_REPRESENTATION_ITEM() RATIONAL_B_SPLINE_SURFACE((
    (1.,1.,1.,1.,1.,1.,1.,1.,1.,1.,1.,1.)
    ,(1.,1.,1.,1.,1.,1.,1.,1.,1.,1.,1.,1.)
    ,(1.,1.,1.,1.,1.,1.,1.,1.,1.,1.,1.,1.)
    ,(1.,1.,1.,1.,1.,1.,1.,1.,1.,1.,1.,1.)
    ,(1.,1.,1.,1.,1.,1.,1.,1.,1.,1.,1.,1.)
    ,(1.,1.,1.,1.,1.,1.,1.,1.,1.,1.,1.,1.)
    ,(1.,1.,1.,1.,1.,1.,1.,1.,1.,1.,1.,1.)
    ,(1.,1.,1.,1.,1.,1.,1.,1.,1.,1.,1.,1.)
    ,(1.,1.,1.,1.,1.,1.,1.,1.,1.,1.,1.,1.)
    ,(1.,1.,1.,1.,1.,1.,1.,1.,1.,1.,1.,1.)
    ,(1.,1.,1.,1.,1.,1.,1.,1.,1.,1.,1.,1.)
    ,(1.,1.,1.,1.,1.,1.,1.,1.,1.,1.,1.,1.)
,(1.,1.,1.,1.,1.,1.,1.,1.,1.,1.,1.,1.
))) REPRESENTATION_ITEM('') SURFACE() );
#1962 = CARTESIAN_POINT('',(0.162940868952,0.2973,9.752010849761E-02));
#1963 = CARTESIAN_POINT('',(0.157296630813,0.2973,0.100202350623));
#1964 = CARTESIAN_POINT('',(0.141588268253,0.2973,0.104030423412));
#1965 = CARTESIAN_POINT('',(0.107606349393,0.2973,0.10500620265));
#1966 = CARTESIAN_POINT('',(5.661942597371E-02,0.2973,0.106115876397));
#1967 = CARTESIAN_POINT('',(-3.941486587151E-03,0.2973,0.105743405968));
#1968 = CARTESIAN_POINT('',(-6.573662358697E-02,0.2973,0.10563339172));
#1969 = CARTESIAN_POINT('',(-0.120579344891,0.2973,9.8768353496E-02));
#1970 = CARTESIAN_POINT('',(-0.17027247969,0.2973,8.781317967351E-02));
#1971 = CARTESIAN_POINT('',(-0.212457841678,0.2973,7.169096668159E-02));
#1972 = CARTESIAN_POINT('',(-0.236384906942,0.2973,5.936857827417E-02));
#1973 = CARTESIAN_POINT('',(-0.246890412712,0.2973,5.56194153149E-02));
#1974 = CARTESIAN_POINT('',(0.162940868952,0.277958262645,
    9.752010849761E-02));
#1975 = CARTESIAN_POINT('',(0.157296630813,0.276716413776,0.100202350623
    ));
#1976 = CARTESIAN_POINT('',(0.141588268253,0.275450111772,0.104030423412
    ));
#1977 = CARTESIAN_POINT('',(0.107606349393,0.276332447968,0.10500620265)
  );
#1978 = CARTESIAN_POINT('',(5.661942597372E-02,0.275842608342,
    0.106115876397));
#1979 = CARTESIAN_POINT('',(-3.941486587152E-03,0.276141283142,
    0.105743405968));
#1980 = CARTESIAN_POINT('',(-6.573662358698E-02,0.275711841183,
    0.10563339172));
#1981 = CARTESIAN_POINT('',(-0.120579344891,0.276934976017,
    9.876835349601E-02));
#1982 = CARTESIAN_POINT('',(-0.17027247969,0.279505580352,
    8.781317967351E-02));
#1983 = CARTESIAN_POINT('',(-0.212457841678,0.282825005612,
    7.169096668158E-02));
#1984 = CARTESIAN_POINT('',(-0.236384906942,0.284960990094,
    5.936857827418E-02));
#1985 = CARTESIAN_POINT('',(-0.246890412712,0.285617363703,
    5.56194153149E-02));
#1986 = CARTESIAN_POINT('',(0.162940868952,0.258616923769,
    7.986873170416E-02));
#1987 = CARTESIAN_POINT('',(0.157296630813,0.256133251615,
    8.224169080481E-02));
#1988 = CARTESIAN_POINT('',(0.141588268253,0.253600673695,
    8.512824785712E-02));
#1989 = CARTESIAN_POINT('',(0.107606349393,0.25536532791,
    8.587454531277E-02));
#1990 = CARTESIAN_POINT('',(5.661942597366E-02,0.25438565875,
    8.833403108688E-02));
#1991 = CARTESIAN_POINT('',(-3.941486587144E-03,0.254983002196,
    8.428028753848E-02));
#1992 = CARTESIAN_POINT('',(-6.573662358694E-02,0.254124127126,
    8.623005557354E-02));
#1993 = CARTESIAN_POINT('',(-0.120579344891,0.256570371594,
    8.259160928814E-02));
#1994 = CARTESIAN_POINT('',(-0.17027247969,0.261711527305,
    7.48759597499E-02));
#1995 = CARTESIAN_POINT('',(-0.212457841678,0.268350309439,
    6.176239435401E-02));
#1996 = CARTESIAN_POINT('',(-0.236384906942,0.272622234396,
    5.129842061809E-02));
#1997 = CARTESIAN_POINT('',(-0.246890412712,0.273934968092,
    4.849527762203E-02));
#1998 = CARTESIAN_POINT('',(0.162940868952,0.246213547063,
    4.456713407379E-02));
#1999 = CARTESIAN_POINT('',(0.157296630813,0.242933508013,
    4.632144086975E-02));
#2000 = CARTESIAN_POINT('',(0.141588268254,0.239588882009,
    4.732521534258E-02));
#2001 = CARTESIAN_POINT('',(0.107606349393,0.241919356554,
    4.761245949396E-02));
#2002 = CARTESIAN_POINT('',(5.661942597382E-02,0.240625565384,
    5.277134146316E-02));
#2003 = CARTESIAN_POINT('',(-3.941486587166E-03,0.241414441576,
    4.135633624908E-02));
#2004 = CARTESIAN_POINT('',(-6.573662358705E-02,0.240280176023,
    4.742199881775E-02));
#2005 = CARTESIAN_POINT('',(-0.120579344891,0.24351078654,
    5.024772087537E-02));
#2006 = CARTESIAN_POINT('',(-0.17027247969,0.250300407088,
    4.897214489578E-02));
#2007 = CARTESIAN_POINT('',(-0.212457841678,0.259067854356,
    4.187716818664E-02));
#2008 = CARTESIAN_POINT('',(-0.236384906943,0.264709533214,
    3.516005041489E-02));
#2009 = CARTESIAN_POINT('',(-0.246890412712,0.266443183034,
    3.4233700557E-02));
#2010 = CARTESIAN_POINT('',(0.162940868952,0.247710575954,
    -6.49059694299E-04));
#2011 = CARTESIAN_POINT('',(0.157296630812,0.24452665462,
    3.13218842337E-04));
#2012 = CARTESIAN_POINT('',(0.141588268253,0.241280038979,
    -1.095235640495E-03));
#2013 = CARTESIAN_POINT('',(0.107606349393,0.243542221686,
    -1.395602859934E-03));
#2014 = CARTESIAN_POINT('',(5.661942597349E-02,0.242286343558,
    7.221302689761E-03));
#2015 = CARTESIAN_POINT('',(-3.941486587124E-03,0.243052102652,
    -1.362607855654E-02));
#2016 = CARTESIAN_POINT('',(-6.573662358684E-02,0.241951075429,
    -2.276108024163E-03));
#2017 = CARTESIAN_POINT('',(-0.120579344891,0.245087016674,
    8.789847906487E-03));
#2018 = CARTESIAN_POINT('',(-0.170272479691,0.251677675315,
    1.589955684191E-02));
#2019 = CARTESIAN_POINT('',(-0.212457841678,0.260188202772,
    1.650826533997E-02));
#2020 = CARTESIAN_POINT('',(-0.236384906942,0.265664558813,
    1.448416569656E-02));
#2021 = CARTESIAN_POINT('',(-0.246890412712,0.267347406049,
    1.601518232536E-02));
#2022 = CARTESIAN_POINT('',(0.162940868953,0.266173550524,
    -4.026449282056E-02));
#2023 = CARTESIAN_POINT('',(0.157296630813,0.264175056522,
    -3.999692970401E-02));
#2024 = CARTESIAN_POINT('',(0.141588268254,0.262137210354,
    -4.351742580856E-02));
#2025 = CARTESIAN_POINT('',(0.107606349393,0.263557144485,
    -4.433339894618E-02));
#2026 = CARTESIAN_POINT('',(5.6619425974E-02,0.262768850854,
    -3.26878402438E-02));
#2027 = CARTESIAN_POINT('',(-3.941486587189E-03,0.263249504992,
    -6.179147788808E-02));
#2028 = CARTESIAN_POINT('',(-6.573662358715E-02,0.262558408674,
    -4.583805820561E-02));
#2029 = CARTESIAN_POINT('',(-0.120579344892,0.264526786381,
    -2.746922739476E-02));
#2030 = CARTESIAN_POINT('',(-0.17027247969,0.268663632233,
    -1.330139180936E-02));
#2031 = CARTESIAN_POINT('',(-0.212457841678,0.27400554753,
    -5.932131058226E-03));
#2032 = CARTESIAN_POINT('',(-0.236384906943,0.277442964338,
    -3.620131042766E-03));
#2033 = CARTESIAN_POINT('',(-0.246890412712,0.278499259312,
    -4.915048564775E-05));
#2034 = CARTESIAN_POINT('',(0.162940868952,0.297299999999,
    -5.660809003675E-02));
#2035 = CARTESIAN_POINT('',(0.157296630812,0.297299999999,
    -5.662612005551E-02));
#2036 = CARTESIAN_POINT('',(0.141588268253,0.297299999999,
    -6.10197384943E-02));
#2037 = CARTESIAN_POINT('',(0.107606349393,0.297299999999,
    -6.204742863265E-02));
#2038 = CARTESIAN_POINT('',(5.661942597337E-02,0.2973,-4.91510494761E-02
    ));
#2039 = CARTESIAN_POINT('',(-3.941486587104E-03,0.297299999999,
    -8.167081271185E-02));
#2040 = CARTESIAN_POINT('',(-6.57366235868E-02,0.2973,
    -6.378448604118E-02));
#2041 = CARTESIAN_POINT('',(-0.120579344891,0.297299999999,
    -4.250961477183E-02));
#2042 = CARTESIAN_POINT('',(-0.17027247969,0.2973,-2.50601099634E-02));
#2043 = CARTESIAN_POINT('',(-0.212457841678,0.2973,-1.49159601597E-02));
#2044 = CARTESIAN_POINT('',(-0.236384906942,0.297299999999,
    -1.110268737422E-02));
#2045 = CARTESIAN_POINT('',(-0.246890412712,0.2973,-6.545244735342E-03)
  );
#2046 = CARTESIAN_POINT('',(0.162940868953,0.328426449478,
    -4.026449282057E-02));
#2047 = CARTESIAN_POINT('',(0.157296630813,0.33042494348,
    -3.999692970401E-02));
#2048 = CARTESIAN_POINT('',(0.141588268254,0.332462789648,
    -4.351742580856E-02));
#2049 = CARTESIAN_POINT('',(0.107606349393,0.331042855516,
    -4.43333989462E-02));
#2050 = CARTESIAN_POINT('',(5.661942597401E-02,0.331831149147,
    -3.268784024379E-02));
#2051 = CARTESIAN_POINT('',(-3.941486587196E-03,0.331350495011,
    -6.17914778881E-02));
#2052 = CARTESIAN_POINT('',(-6.573662358711E-02,0.332041591326,
    -4.583805820561E-02));
#2053 = CARTESIAN_POINT('',(-0.120579344892,0.330073213621,
    -2.746922739477E-02));
#2054 = CARTESIAN_POINT('',(-0.17027247969,0.325936367767,
    -1.330139180935E-02));
#2055 = CARTESIAN_POINT('',(-0.212457841678,0.320594452469,
    -5.932131058218E-03));
#2056 = CARTESIAN_POINT('',(-0.236384906943,0.317157035663,
    -3.620131042754E-03));
#2057 = CARTESIAN_POINT('',(-0.246890412712,0.316100740688,
    -4.915048563718E-05));
#2058 = CARTESIAN_POINT('',(0.162940868952,0.346889424045,
    -6.490596942867E-04));
#2059 = CARTESIAN_POINT('',(0.157296630812,0.350073345378,
    3.132188423396E-04));
#2060 = CARTESIAN_POINT('',(0.141588268253,0.35331996102,
    -1.095235640491E-03));
#2061 = CARTESIAN_POINT('',(0.107606349393,0.351057778313,
    -1.395602859913E-03));
#2062 = CARTESIAN_POINT('',(5.661942597349E-02,0.352313656442,
    7.221302689744E-03));
#2063 = CARTESIAN_POINT('',(-3.941486587116E-03,0.351547897346,
    -1.362607855652E-02));
#2064 = CARTESIAN_POINT('',(-6.573662358688E-02,0.352648924571,
    -2.276108024152E-03));
#2065 = CARTESIAN_POINT('',(-0.120579344891,0.349512983325,
    8.789847906494E-03));
#2066 = CARTESIAN_POINT('',(-0.17027247969,0.342922324685,
    1.58995568419E-02));
#2067 = CARTESIAN_POINT('',(-0.212457841678,0.334411797228,
    1.650826533996E-02));
#2068 = CARTESIAN_POINT('',(-0.236384906942,0.328935441186,
    1.448416569654E-02));
#2069 = CARTESIAN_POINT('',(-0.246890412712,0.327252593951,
    1.601518232535E-02));
#2070 = CARTESIAN_POINT('',(0.162940868952,0.348386452937,
    4.456713407378E-02));
#2071 = CARTESIAN_POINT('',(0.157296630813,0.351666491988,
    4.632144086975E-02));
#2072 = CARTESIAN_POINT('',(0.141588268254,0.355011117992,
    4.732521534258E-02));
#2073 = CARTESIAN_POINT('',(0.107606349393,0.352680643447,
    4.761245949394E-02));
#2074 = CARTESIAN_POINT('',(5.661942597383E-02,0.353974434616,
    5.277134146318E-02));
#2075 = CARTESIAN_POINT('',(-3.941486587171E-03,0.353185558425,
    4.135633624906E-02));
#2076 = CARTESIAN_POINT('',(-6.573662358702E-02,0.354319823977,
    4.742199881774E-02));
#2077 = CARTESIAN_POINT('',(-0.120579344891,0.35108921346,
    5.024772087537E-02));
#2078 = CARTESIAN_POINT('',(-0.17027247969,0.344299592912,
    4.897214489579E-02));
#2079 = CARTESIAN_POINT('',(-0.212457841678,0.335532145644,
    4.187716818665E-02));
#2080 = CARTESIAN_POINT('',(-0.236384906942,0.329890466787,
    3.516005041491E-02));
#2081 = CARTESIAN_POINT('',(-0.246890412712,0.328156816966,
    3.423370055701E-02));
#2082 = CARTESIAN_POINT('',(0.162940868952,0.335983076231,
    7.986873170417E-02));
#2083 = CARTESIAN_POINT('',(0.157296630813,0.338466748385,
    8.224169080481E-02));
#2084 = CARTESIAN_POINT('',(0.141588268253,0.340999326304,
    8.512824785712E-02));
#2085 = CARTESIAN_POINT('',(0.107606349393,0.33923467209,
    8.587454531278E-02));
#2086 = CARTESIAN_POINT('',(5.661942597366E-02,0.34021434125,
    8.833403108687E-02));
#2087 = CARTESIAN_POINT('',(-3.941486587142E-03,0.339616997804,
    8.428028753849E-02));
#2088 = CARTESIAN_POINT('',(-6.573662358696E-02,0.340475872874,
    8.623005557355E-02));
#2089 = CARTESIAN_POINT('',(-0.120579344891,0.338029628405,
    8.259160928815E-02));
#2090 = CARTESIAN_POINT('',(-0.17027247969,0.332888472695,
    7.487595974989E-02));
#2091 = CARTESIAN_POINT('',(-0.212457841678,0.326249690561,
    6.1762394354E-02));
#2092 = CARTESIAN_POINT('',(-0.236384906942,0.321977765603,
    5.129842061809E-02));
#2093 = CARTESIAN_POINT('',(-0.246890412712,0.320665031908,
    4.849527762202E-02));
#2094 = CARTESIAN_POINT('',(0.162940868952,0.316641737355,
    9.752010849761E-02));
#2095 = CARTESIAN_POINT('',(0.157296630813,0.317883586224,0.100202350623
    ));
#2096 = CARTESIAN_POINT('',(0.141588268253,0.319149888228,0.104030423412
    ));
#2097 = CARTESIAN_POINT('',(0.107606349393,0.318267552032,0.10500620265)
  );
#2098 = CARTESIAN_POINT('',(5.661942597372E-02,0.318757391658,
    0.106115876397));
#2099 = CARTESIAN_POINT('',(-3.941486587152E-03,0.318458716858,
    0.105743405968));
#2100 = CARTESIAN_POINT('',(-6.573662358698E-02,0.318888158817,
    0.10563339172));
#2101 = CARTESIAN_POINT('',(-0.120579344891,0.317665023983,
    9.876835349601E-02));
#2102 = CARTESIAN_POINT('',(-0.17027247969,0.315094419648,
    8.781317967351E-02));
#2103 = CARTESIAN_POINT('',(-0.212457841678,0.311774994388,
    7.169096668159E-02));
#2104 = CARTESIAN_POINT('',(-0.236384906942,0.309639009906,
    5.936857827417E-02));
#2105 = CARTESIAN_POINT('',(-0.246890412712,0.308982636297,
    5.56194153149E-02));
#2106 = CARTESIAN_POINT('',(0.162940868952,0.2973,9.752010849761E-02));
#2107 = CARTESIAN_POINT('',(0.157296630813,0.2973,0.100202350623));
#2108 = CARTESIAN_POINT('',(0.141588268253,0.2973,0.104030423412));
#2109 = CARTESIAN_POINT('',(0.107606349393,0.2973,0.10500620265));
#2110 = CARTESIAN_POINT('',(5.661942597371E-02,0.2973,0.106115876397));
#2111 = CARTESIAN_POINT('',(-3.941486587151E-03,0.2973,0.105743405968));
#2112 = CARTESIAN_POINT('',(-6.573662358697E-02,0.2973,0.10563339172));
#2113 = CARTESIAN_POINT('',(-0.120579344891,0.2973,9.8768353496E-02));
#2114 = CARTESIAN_POINT('',(-0.17027247969,0.2973,8.781317967351E-02));
#2115 = CARTESIAN_POINT('',(-0.212457841678,0.2973,7.169096668159E-02));
#2116 = CARTESIAN_POINT('',(-0.236384906942,0.2973,5.936857827416E-02));
#2117 = CARTESIAN_POINT('',(-0.246890412712,0.2973,5.56194153149E-02));
#2118 = DEFINITIONAL_REPRESENTATION('',(#2119),#2367);
#2119 = B_SPLINE_CURVE_WITH_KNOTS('',8,(#2120,#2121,#2122,#2123,#2124,
    #2125,#2126,#2127,#2128,#2129,#2130,#2131,#2132,#2133,#2134,#2135,
    #2136,#2137,#2138,#2139,#2140,#2141,#2142,#2143,#2144,#2145,#2146,
    #2147,#2148,#2149,#2150,#2151,#2152,#2153,#2154,#2155,#2156,#2157,
    #2158,#2159,#2160,#2161,#2162,#2163,#2164,#2165,#2166,#2167,#2168,
    #2169,#2170,#2171,#2172,#2173,#2174,#2175,#2176,#2177,#2178,#2179,
    #2180,#2181,#2182,#2183,#2184,#2185,#2186,#2187,#2188,#2189,#2190,
    #2191,#2192,#2193,#2194,#2195,#2196,#2197,#2198,#2199,#2200,#2201,
    #2202,#2203,#2204,#2205,#2206,#2207,#2208,#2209,#2210,#2211,#2212,
    #2213,#2214,#2215,#2216,#2217,#2218,#2219,#2220,#2221,#2222,#2223,
    #2224,#2225,#2226,#2227,#2228,#2229,#2230,#2231,#2232,#2233,#2234,
    #2235,#2236,#2237,#2238,#2239,#2240,#2241,#2242,#2243,#2244,#2245,
    #2246,#2247,#2248,#2249,#2250,#2251,#2252,#2253,#2254,#2255,#2256,
    #2257,#2258,#2259,#2260,#2261,#2262,#2263,#2264,#2265,#2266,#2267,
    #2268,#2269,#2270,#2271,#2272,#2273,#2274,#2275,#2276,#2277,#2278,
    #2279,#2280,#2281,#2282,#2283,#2284,#2285,#2286,#2287,#2288,#2289,
    #2290,#2291,#2292,#2293,#2294,#2295,#2296,#2297,#2298,#2299,#2300,
    #2301,#2302,#2303,#2304,#2305,#2306,#2307,#2308,#2309,#2310,#2311,
    #2312,#2313,#2314,#2315,#2316,#2317,#2318,#2319,#2320,#2321,#2322,
    #2323,#2324,#2325,#2326,#2327,#2328,#2329,#2330,#2331,#2332,#2333,
    #2334,#2335,#2336,#2337,#2338,#2339,#2340,#2341,#2342,#2343,#2344,
    #2345,#2346,#2347,#2348,#2349,#2350,#2351,#2352,#2353,#2354,#2355,
    #2356,#2357,#2358,#2359,#2360,#2361,#2362,#2363,#2364,#2365,#2366),
  .UNSPECIFIED.,.F.,.F.,(9,7,7,7,7,7,7,7,7,7,7,7,7,7,7,7,7,7,7,7,7,7,7,7
    ,7,7,7,7,7,7,7,7,7,7,7,9),(0.,9.784513735738E-03,1.777152633779E-02,
    2.573307305527E-02,3.350139090404E-02,5.532029634116E-02,
    0.133341991438,0.164381030363,0.203666977554,0.227258568461,
    0.252809099027,0.343862728382,0.408969677355,0.434123443334,
    0.448640731286,0.458812001559,0.490317556271,0.500084985971,
    0.509850389378,0.537079286412,0.545353916136,0.561244798691,
    0.636100496548,0.679900979174,0.736098745726,0.760176126514,
    0.78386061769,0.797063192334,0.841533347919,0.86672175114,
    0.928957117611,0.956683323902,0.974012353974,0.987796343478,
    0.993832456799,1.),.UNSPECIFIED.);
#2120 = CARTESIAN_POINT('',(0.6566118551,0.393418819124));
#2121 = CARTESIAN_POINT('',(0.65823603031,0.393195307615));
#2122 = CARTESIAN_POINT('',(0.65987980384,0.393095364397));
#2123 = CARTESIAN_POINT('',(0.661529206614,0.393113470672));
#2124 = CARTESIAN_POINT('',(0.663178627825,0.393245755345));
#2125 = CARTESIAN_POINT('',(0.664812691768,0.39347102828));
#2126 = CARTESIAN_POINT('',(0.666424517048,0.393822643314));
#2127 = CARTESIAN_POINT('',(0.66801162652,0.39426329283));
#2128 = CARTESIAN_POINT('',(0.670839365633,0.395227308791));
#2129 = CARTESIAN_POINT('',(0.672089457671,0.395719701681));
#2130 = CARTESIAN_POINT('',(0.673316879442,0.396266453066));
#2131 = CARTESIAN_POINT('',(0.674520221224,0.396863065239));
#2132 = CARTESIAN_POINT('',(0.675698562169,0.397505321892));
#2133 = CARTESIAN_POINT('',(0.6768514703,0.398189288123));
#2134 = CARTESIAN_POINT('',(0.677979002513,0.398911310432));
#2135 = CARTESIAN_POINT('',(0.680180890773,0.400422310318));
#2136 = CARTESIAN_POINT('',(0.681255077015,0.401211164019));
#2137 = CARTESIAN_POINT('',(0.682304624908,0.402031487518));
#2138 = CARTESIAN_POINT('',(0.683329945641,0.402880500457));
#2139 = CARTESIAN_POINT('',(0.684331499985,0.403755732432));
#2140 = CARTESIAN_POINT('',(0.685309798293,0.404655022987));
#2141 = CARTESIAN_POINT('',(0.686265400502,0.405576521616));
#2142 = CARTESIAN_POINT('',(0.688109775087,0.407437987287));
#2143 = CARTESIAN_POINT('',(0.688999751756,0.40837665534));
#2144 = CARTESIAN_POINT('',(0.689869105994,0.409333459851));
#2145 = CARTESIAN_POINT('',(0.69071832174,0.410307095117));
#2146 = CARTESIAN_POINT('',(0.691547999648,0.411296271708));
#2147 = CARTESIAN_POINT('',(0.692358749714,0.412299806389));
#2148 = CARTESIAN_POINT('',(0.693151083912,0.413316712032));
#2149 = CARTESIAN_POINT('',(0.696099877412,0.417238060336));
#2150 = CARTESIAN_POINT('',(0.698131683352,0.420228692591));
#2151 = CARTESIAN_POINT('',(0.700032824818,0.423299743799));
#2152 = CARTESIAN_POINT('',(0.70181251431,0.426437707761));
#2153 = CARTESIAN_POINT('',(0.703478461913,0.429632036696));
#2154 = CARTESIAN_POINT('',(0.705037739279,0.432874151426));
#2155 = CARTESIAN_POINT('',(0.706497124335,0.436157437615));
#2156 = CARTESIAN_POINT('',(0.712746866295,0.451352962216));
#2157 = CARTESIAN_POINT('',(0.716415256773,0.463666327406));
#2158 = CARTESIAN_POINT('',(0.719164102016,0.476228750939));
#2159 = CARTESIAN_POINT('',(0.721102324502,0.488943137818));
#2160 = CARTESIAN_POINT('',(0.722378997937,0.501722542282));
#2161 = CARTESIAN_POINT('',(0.723074785394,0.5145361299));
#2162 = CARTESIAN_POINT('',(0.723281748629,0.527370619832));
#2163 = CARTESIAN_POINT('',(0.722981886165,0.545375609862));
#2164 = CARTESIAN_POINT('',(0.722830570097,0.550501684638));
#2165 = CARTESIAN_POINT('',(0.722614703549,0.555628415024));
#2166 = CARTESIAN_POINT('',(0.722345695454,0.560756054302));
#2167 = CARTESIAN_POINT('',(0.722024297625,0.565883518679));
#2168 = CARTESIAN_POINT('',(0.721647557278,0.571009559078));
#2169 = CARTESIAN_POINT('',(0.721219173943,0.576134166439));
#2170 = CARTESIAN_POINT('',(0.72013140576,0.5877399041));
#2171 = CARTESIAN_POINT('',(0.719441114124,0.59421953249));
#2172 = CARTESIAN_POINT('',(0.718669621657,0.600694140401));
#2173 = CARTESIAN_POINT('',(0.717818043775,0.60716245729));
#2174 = CARTESIAN_POINT('',(0.716887185092,0.613623228176));
#2175 = CARTESIAN_POINT('',(0.715877539419,0.620075213639));
#2176 = CARTESIAN_POINT('',(0.714789289766,0.626517189817));
#2177 = CARTESIAN_POINT('',(0.712921524716,0.636809681079));
#2178 = CARTESIAN_POINT('',(0.712192430317,0.640667364586));
#2179 = CARTESIAN_POINT('',(0.711434862564,0.64452069769));
#2180 = CARTESIAN_POINT('',(0.710648705661,0.648369387114));
#2181 = CARTESIAN_POINT('',(0.709833890602,0.652213147552));
#2182 = CARTESIAN_POINT('',(0.70899039516,0.656051701658));
#2183 = CARTESIAN_POINT('',(0.708118243896,0.659884780055));
#2184 = CARTESIAN_POINT('',(0.706241979369,0.667857267813));
#2185 = CARTESIAN_POINT('',(0.705232124485,0.671995403508));
#2186 = CARTESIAN_POINT('',(0.704194302585,0.676127592798));
#2187 = CARTESIAN_POINT('',(0.70311841008,0.680251524779));
#2188 = CARTESIAN_POINT('',(0.702037454495,0.684374166563));
#2189 = CARTESIAN_POINT('',(0.70092024351,0.688488077759));
#2190 = CARTESIAN_POINT('',(0.699780734123,0.692596619064));
#2191 = CARTESIAN_POINT('',(0.694456786966,0.711316359879));
#2192 = CARTESIAN_POINT('',(0.689962626954,0.725848935713));
#2193 = CARTESIAN_POINT('',(0.685157666665,0.74029669322));
#2194 = CARTESIAN_POINT('',(0.679997525471,0.754643224651));
#2195 = CARTESIAN_POINT('',(0.674517585262,0.768888177868));
#2196 = CARTESIAN_POINT('',(0.668669847022,0.783010646008));
#2197 = CARTESIAN_POINT('',(0.662446665047,0.796995928783));
#2198 = CARTESIAN_POINT('',(0.651053565789,0.820703248232));
#2199 = CARTESIAN_POINT('',(0.646093522115,0.830499232294));
#2200 = CARTESIAN_POINT('',(0.640897241932,0.840200375641));
#2201 = CARTESIAN_POINT('',(0.635432410485,0.849790711774));
#2202 = CARTESIAN_POINT('',(0.629662856744,0.859245503423));
#2203 = CARTESIAN_POINT('',(0.623547504983,0.868530422656));
#2204 = CARTESIAN_POINT('',(0.617036058275,0.877599411539));
#2205 = CARTESIAN_POINT('',(0.60736679265,0.889787898837));
#2206 = CARTESIAN_POINT('',(0.604603681535,0.893142374858));
#2207 = CARTESIAN_POINT('',(0.601768455474,0.896450924361));
#2208 = CARTESIAN_POINT('',(0.598857460616,0.89970906871));
#2209 = CARTESIAN_POINT('',(0.595867014381,0.902911577692));
#2210 = CARTESIAN_POINT('',(0.592793405463,0.906052469519));
#2211 = CARTESIAN_POINT('',(0.589632893827,0.909125010828));
#2212 = CARTESIAN_POINT('',(0.584505317274,0.913851240669));
#2213 = CARTESIAN_POINT('',(0.582598783911,0.915555303373));
#2214 = CARTESIAN_POINT('',(0.580661656025,0.917232810443));
#2215 = CARTESIAN_POINT('',(0.5786928587,0.918881771778));
#2216 = CARTESIAN_POINT('',(0.576691745909,0.920500443275));
#2217 = CARTESIAN_POINT('',(0.574658246685,0.922087481394));
#2218 = CARTESIAN_POINT('',(0.572592108268,0.923641110546));
#2219 = CARTESIAN_POINT('',(0.569019298961,0.926219595812));
#2220 = CARTESIAN_POINT('',(0.567530370259,0.92726360868));
#2221 = CARTESIAN_POINT('',(0.566024015848,0.92828822899));
#2222 = CARTESIAN_POINT('',(0.564499900863,0.929292359731));
#2223 = CARTESIAN_POINT('',(0.562957789848,0.930274919795));
#2224 = CARTESIAN_POINT('',(0.561397546763,0.931234843975));
#2225 = CARTESIAN_POINT('',(0.559819134981,0.932171082969));
#2226 = CARTESIAN_POINT('',(0.553277396658,0.935906041874));
#2227 = CARTESIAN_POINT('',(0.548155643643,0.938494196162));
#2228 = CARTESIAN_POINT('',(0.542863854738,0.940813343435));
#2229 = CARTESIAN_POINT('',(0.537415215677,0.942838429566));
#2230 = CARTESIAN_POINT('',(0.531829020897,0.944551753419));
#2231 = CARTESIAN_POINT('',(0.526130093001,0.945941651153));
#2232 = CARTESIAN_POINT('',(0.520348202224,0.947001180534));
#2233 = CARTESIAN_POINT('',(0.512709832849,0.947951765193));
#2234 = CARTESIAN_POINT('',(0.51089705844,0.948144688985));
#2235 = CARTESIAN_POINT('',(0.509080015189,0.948305480573));
#2236 = CARTESIAN_POINT('',(0.507259557115,0.948434063957));
#2237 = CARTESIAN_POINT('',(0.505436539736,0.948530383185));
#2238 = CARTESIAN_POINT('',(0.503611820067,0.948594402343));
#2239 = CARTESIAN_POINT('',(0.501786256622,0.948626105563));
#2240 = CARTESIAN_POINT('',(0.498135540923,0.948624888598));
#2241 = CARTESIAN_POINT('',(0.496310383858,0.948591981842));
#2242 = CARTESIAN_POINT('',(0.494486097718,0.948526772987));
#2243 = CARTESIAN_POINT('',(0.492663540485,0.948429278349));
#2244 = CARTESIAN_POINT('',(0.490843568623,0.948299534325));
#2245 = CARTESIAN_POINT('',(0.489027037077,0.948137597394));
#2246 = CARTESIAN_POINT('',(0.487214799275,0.947943544115));
#2247 = CARTESIAN_POINT('',(0.480368987886,0.947087111288));
#2248 = CARTESIAN_POINT('',(0.475368236119,0.946207523115));
#2249 = CARTESIAN_POINT('',(0.470426341815,0.945081098151));
#2250 = CARTESIAN_POINT('',(0.465562290019,0.94371189693));
#2251 = CARTESIAN_POINT('',(0.460792806718,0.942106460671));
#2252 = CARTESIAN_POINT('',(0.456132004741,0.940274622958));
#2253 = CARTESIAN_POINT('',(0.451591029648,0.938230321437));
#2254 = CARTESIAN_POINT('',(0.445836534069,0.935312327138));
#2255 = CARTESIAN_POINT('',(0.44450702956,0.934614299319));
#2256 = CARTESIAN_POINT('',(0.443189352526,0.933898823161));
#2257 = CARTESIAN_POINT('',(0.44188361667,0.933166413411));
#2258 = CARTESIAN_POINT('',(0.440589888962,0.93241760244));
#2259 = CARTESIAN_POINT('',(0.439308189644,0.931652940252));
#2260 = CARTESIAN_POINT('',(0.438038492227,0.930872994475));
#2261 = CARTESIAN_POINT('',(0.434365261303,0.928552288582));
#2262 = CARTESIAN_POINT('',(0.431993676722,0.9269723892));
#2263 = CARTESIAN_POINT('',(0.429666490273,0.925341576613));
#2264 = CARTESIAN_POINT('',(0.4273810809,0.923665137269));
#2265 = CARTESIAN_POINT('',(0.425135081001,0.921947855528));
#2266 = CARTESIAN_POINT('',(0.422927747895,0.920192743766));
#2267 = CARTESIAN_POINT('',(0.42075931172,0.918401366722));
#2268 = CARTESIAN_POINT('',(0.40858994051,0.907976045328));
#2269 = CARTESIAN_POINT('',(0.399408174609,0.898640135622));
#2270 = CARTESIAN_POINT('',(0.390955078623,0.888766477737));
#2271 = CARTESIAN_POINT('',(0.383132889174,0.878500926117));
#2272 = CARTESIAN_POINT('',(0.375859525137,0.867948429257));
#2273 = CARTESIAN_POINT('',(0.369059996709,0.857179755838));
#2274 = CARTESIAN_POINT('',(0.362663701369,0.846233260648));
#2275 = CARTESIAN_POINT('',(0.353063990459,0.828604100822));
#2276 = CARTESIAN_POINT('',(0.349640535902,0.822045050756));
#2277 = CARTESIAN_POINT('',(0.346330465157,0.815439503613));
#2278 = CARTESIAN_POINT('',(0.343116294045,0.808794991556));
#2279 = CARTESIAN_POINT('',(0.33999526039,0.802114543625));
#2280 = CARTESIAN_POINT('',(0.336969004285,0.795399309213));
#2281 = CARTESIAN_POINT('',(0.334029969894,0.78865232753));
#2282 = CARTESIAN_POINT('',(0.327516522103,0.773179175969));
#2283 = CARTESIAN_POINT('',(0.323997753942,0.76443408134));
#2284 = CARTESIAN_POINT('',(0.32061490305,0.75564351331));
#2285 = CARTESIAN_POINT('',(0.317363936719,0.746810761182));
#2286 = CARTESIAN_POINT('',(0.31424216044,0.737938590011));
#2287 = CARTESIAN_POINT('',(0.311247797975,0.729029330444));
#2288 = CARTESIAN_POINT('',(0.308379571425,0.72008496856));
#2289 = CARTESIAN_POINT('',(0.304460945612,0.707260814303));
#2290 = CARTESIAN_POINT('',(0.303308366725,0.703408339116));
#2291 = CARTESIAN_POINT('',(0.302179125404,0.699549808312));
#2292 = CARTESIAN_POINT('',(0.301073476679,0.695685297461));
#2293 = CARTESIAN_POINT('',(0.299991349843,0.691814959539));
#2294 = CARTESIAN_POINT('',(0.29893234846,0.68793902493));
#2295 = CARTESIAN_POINT('',(0.297895750356,0.684057801424));
#2296 = CARTESIAN_POINT('',(0.295881831417,0.676348960019));
#2297 = CARTESIAN_POINT('',(0.294904279623,0.672521325484));
#2298 = CARTESIAN_POINT('',(0.293948945262,0.668688768575));
#2299 = CARTESIAN_POINT('',(0.293020875261,0.664850454102));
#2300 = CARTESIAN_POINT('',(0.292123280268,0.661005929801));
#2301 = CARTESIAN_POINT('',(0.291255616379,0.657155549233));
#2302 = CARTESIAN_POINT('',(0.290415538767,0.653300101529));
#2303 = CARTESIAN_POINT('',(0.289152752139,0.64728769436));
#2304 = CARTESIAN_POINT('',(0.288709763338,0.645134177361));
#2305 = CARTESIAN_POINT('',(0.288275737762,0.642979149071));
#2306 = CARTESIAN_POINT('',(0.287850654462,0.640822661039));
#2307 = CARTESIAN_POINT('',(0.287434494606,0.638664764265));
#2308 = CARTESIAN_POINT('',(0.287027241471,0.636505509204));
#2309 = CARTESIAN_POINT('',(0.286628880448,0.634344945759));
#2310 = CARTESIAN_POINT('',(0.284927511081,0.624901469208));
#2311 = CARTESIAN_POINT('',(0.283716567626,0.617605610689));
#2312 = CARTESIAN_POINT('',(0.282606358248,0.610297273319));
#2313 = CARTESIAN_POINT('',(0.28159721236,0.602978220763));
#2314 = CARTESIAN_POINT('',(0.280689999225,0.595650254767));
#2315 = CARTESIAN_POINT('',(0.279886127955,0.588315215153));
#2316 = CARTESIAN_POINT('',(0.279187547505,0.580974979826));
#2317 = CARTESIAN_POINT('',(0.278262110359,0.5694720141));
#2318 = CARTESIAN_POINT('',(0.277961895371,0.565311630457));
#2319 = CARTESIAN_POINT('',(0.277697544372,0.561150459024));
#2320 = CARTESIAN_POINT('',(0.27746815415,0.556989015331));
#2321 = CARTESIAN_POINT('',(0.277274108071,0.552827764804));
#2322 = CARTESIAN_POINT('',(0.277118242142,0.548666973288));
#2323 = CARTESIAN_POINT('',(0.277004544666,0.544506828552));
#2324 = CARTESIAN_POINT('',(0.276761050512,0.530071809093));
#2325 = CARTESIAN_POINT('',(0.276855537097,0.519810443636));
#2326 = CARTESIAN_POINT('',(0.277253564895,0.509561962281));
#2327 = CARTESIAN_POINT('',(0.277998123153,0.499334779777));
#2328 = CARTESIAN_POINT('',(0.279135580932,0.489145973554));
#2329 = CARTESIAN_POINT('',(0.280717738464,0.479021563614));
#2330 = CARTESIAN_POINT('',(0.282809823693,0.468998598501));
#2331 = CARTESIAN_POINT('',(0.286704898034,0.454732106726));
#2332 = CARTESIAN_POINT('',(0.288024411267,0.450368060524));
#2333 = CARTESIAN_POINT('',(0.289470955956,0.446040635956));
#2334 = CARTESIAN_POINT('',(0.291054078496,0.441756546528));
#2335 = CARTESIAN_POINT('',(0.292783962891,0.437524763739));
#2336 = CARTESIAN_POINT('',(0.294671674862,0.433356610412));
#2337 = CARTESIAN_POINT('',(0.29673057655,0.429266675646));
#2338 = CARTESIAN_POINT('',(0.300384133647,0.422779451993));
#2339 = CARTESIAN_POINT('',(0.301862276686,0.420323885633));
#2340 = CARTESIAN_POINT('',(0.3034184791,0.41791108025));
#2341 = CARTESIAN_POINT('',(0.305057222374,0.415548591863));
#2342 = CARTESIAN_POINT('',(0.306783056508,0.413243210686));
#2343 = CARTESIAN_POINT('',(0.308601391211,0.41100427935));
#2344 = CARTESIAN_POINT('',(0.310518568009,0.408846489033));
#2345 = CARTESIAN_POINT('',(0.314148671576,0.405142037598));
#2346 = CARTESIAN_POINT('',(0.315820898937,0.403562599091));
#2347 = CARTESIAN_POINT('',(0.317566557393,0.402052700995));
#2348 = CARTESIAN_POINT('',(0.319376343449,0.400618888055));
#2349 = CARTESIAN_POINT('',(0.321271217729,0.399281365764));
#2350 = CARTESIAN_POINT('',(0.323233464742,0.398049347323));
#2351 = CARTESIAN_POINT('',(0.325275375325,0.39694816941));
#2352 = CARTESIAN_POINT('',(0.328313877406,0.395580907734));
#2353 = CARTESIAN_POINT('',(0.329252754036,0.395193572243));
#2354 = CARTESIAN_POINT('',(0.330204668565,0.394837243329));
#2355 = CARTESIAN_POINT('',(0.331168899538,0.394513882894));
#2356 = CARTESIAN_POINT('',(0.332144482145,0.394225465386));
#2357 = CARTESIAN_POINT('',(0.333130208221,0.393973977801));
#2358 = CARTESIAN_POINT('',(0.334124626245,0.393761419684));
#2359 = CARTESIAN_POINT('',(0.33614926117,0.393414449805));
#2360 = CARTESIAN_POINT('',(0.337179433241,0.393281506762));
#2361 = CARTESIAN_POINT('',(0.338214745604,0.393191196731));
#2362 = CARTESIAN_POINT('',(0.339253092893,0.393144307744));
#2363 = CARTESIAN_POINT('',(0.34029214223,0.393142055828));
#2364 = CARTESIAN_POINT('',(0.341329399117,0.39318594769));
#2365 = CARTESIAN_POINT('',(0.342362273344,0.393277643408));
#2366 = CARTESIAN_POINT('',(0.343388144888,0.393418819123));
#2367 = ( GEOMETRIC_REPRESENTATION_CONTEXT(2) 
PARAMETRIC_REPRESENTATION_CONTEXT() REPRESENTATION_CONTEXT('2D SPACE',''
  ) );
#2368 = ORIENTED_EDGE('',*,*,#2369,.T.);
#2369 = EDGE_CURVE('',#1458,#336,#2370,.T.);
#2370 = SURFACE_CURVE('',#2371,(#2375,#2382),.PCURVE_S1.);
#2371 = LINE('',#2372,#2373);
#2372 = CARTESIAN_POINT('',(0.,0.2273,0.));
#2373 = VECTOR('',#2374,1.);
#2374 = DIRECTION('',(0.,1.,0.));
#2375 = PCURVE('',#897,#2376);
#2376 = DEFINITIONAL_REPRESENTATION('',(#2377),#2381);
#2377 = LINE('',#2378,#2379);
#2378 = CARTESIAN_POINT('',(0.,0.));
#2379 = VECTOR('',#2380,1.);
#2380 = DIRECTION('',(0.,-1.));
#2381 = ( GEOMETRIC_REPRESENTATION_CONTEXT(2) 
PARAMETRIC_REPRESENTATION_CONTEXT() REPRESENTATION_CONTEXT('2D SPACE',''
  ) );
#2382 = PCURVE('',#1362,#2383);
#2383 = DEFINITIONAL_REPRESENTATION('',(#2384),#2388);
#2384 = LINE('',#2385,#2386);
#2385 = CARTESIAN_POINT('',(1.,0.));
#2386 = VECTOR('',#2387,1.);
#2387 = DIRECTION('',(0.,-1.));
#2388 = ( GEOMETRIC_REPRESENTATION_CONTEXT(2) 
PARAMETRIC_REPRESENTATION_CONTEXT() REPRESENTATION_CONTEXT('2D SPACE',''
  ) );
#2389 = ADVANCED_FACE('',(#2390),#1362,.F.);
#2390 = FACE_BOUND('',#2391,.F.);
#2391 = EDGE_LOOP('',(#2392,#2393,#2394,#2395));
#2392 = ORIENTED_EDGE('',*,*,#1434,.F.);
#2393 = ORIENTED_EDGE('',*,*,#1252,.F.);
#2394 = ORIENTED_EDGE('',*,*,#2369,.F.);
#2395 = ORIENTED_EDGE('',*,*,#2396,.T.);
#2396 = EDGE_CURVE('',#1458,#1435,#2397,.T.);
#2397 = SURFACE_CURVE('',#2398,(#2437,#2479),.PCURVE_S1.);
#2398 = B_SPLINE_CURVE_WITH_KNOTS('',7,(#2399,#2400,#2401,#2402,#2403,
    #2404,#2405,#2406,#2407,#2408,#2409,#2410,#2411,#2412,#2413,#2414,
    #2415,#2416,#2417,#2418,#2419,#2420,#2421,#2422,#2423,#2424,#2425,
    #2426,#2427,#2428,#2429,#2430,#2431,#2432,#2433,#2434,#2435,#2436),
  .UNSPECIFIED.,.F.,.F.,(8,6,6,6,6,6,8),(0.,2.037858292765E-02,
    0.185261340324,0.498850769059,0.90167281905,0.95031654484,1.),
  .UNSPECIFIED.);
#2399 = CARTESIAN_POINT('',(-6.938893903907E-18,0.331153450837,
    1.110223024625E-16));
#2400 = CARTESIAN_POINT('',(1.462846970864E-05,0.331027387905,
    -3.160572981207E-04));
#2401 = CARTESIAN_POINT('',(2.920102369775E-05,0.330900016126,
    -6.309065019164E-04));
#2402 = CARTESIAN_POINT('',(4.371325248073E-05,0.330771371425,
    -9.444523416531E-04));
#2403 = CARTESIAN_POINT('',(5.816240288117E-05,0.330641475614,
    -1.256635333221E-03));
#2404 = CARTESIAN_POINT('',(7.254737803285E-05,0.330510336385,
    -1.567431778134E-03));
#2405 = CARTESIAN_POINT('',(8.686873737969E-05,0.330377947316,
    -1.876853763532E-03));
#2406 = CARTESIAN_POINT('',(2.165057774796E-04,0.329162851616,
    -4.677743634202E-03));
#2407 = CARTESIAN_POINT('',(3.277385127633E-04,0.327999367524,
    -7.080996911991E-03));
#2408 = CARTESIAN_POINT('',(4.344089047268E-04,0.326756532943,
    -9.385677889903E-03));
#2409 = CARTESIAN_POINT('',(5.36111693561E-04,0.325437574318,
    -1.158303067461E-02));
#2410 = CARTESIAN_POINT('',(6.324543574473E-04,0.324046247195,
    -1.366457458509E-02));
#2411 = CARTESIAN_POINT('',(7.230571125582E-04,0.322586836213,
    -1.562210415264E-02));
#2412 = CARTESIAN_POINT('',(9.682549186952E-04,0.318168177957,
    -2.091975713045E-02));
#2413 = CARTESIAN_POINT('',(1.106908424108E-03,0.315042984951,
    -2.391545341096E-02));
#2414 = CARTESIAN_POINT('',(1.220982946921E-03,0.311722157985,
    -2.638010529749E-02));
#2415 = CARTESIAN_POINT('',(1.30833126698E-03,0.308247231363,
    -2.826732074676E-02));
#2416 = CARTESIAN_POINT('',(1.367357712722E-03,0.304665835686,
    -2.954262426999E-02));
#2417 = CARTESIAN_POINT('',(1.397186447541E-03,0.301029841762,
    -3.01870928659E-02));
#2418 = CARTESIAN_POINT('',(1.398656119779E-03,0.292722438782,
    -3.021884605989E-02));
#2419 = CARTESIAN_POINT('',(1.351323846923E-03,0.288048422513,
    -2.91962025045E-02));
#2420 = CARTESIAN_POINT('',(1.255741877614E-03,0.283486570901,
    -2.71310938793E-02));
#2421 = CARTESIAN_POINT('',(1.114282943868E-03,0.279147253329,
    -2.407478455335E-02));
#2422 = CARTESIAN_POINT('',(9.3114485607E-04,0.275124972541,
    -2.011797086298E-02));
#2423 = CARTESIAN_POINT('',(7.117138899408E-04,0.271493630755,
    -1.537702668631E-02));
#2424 = CARTESIAN_POINT('',(4.317670649891E-04,0.26792351642,
    -9.328599279071E-03));
#2425 = CARTESIAN_POINT('',(4.011597384584E-04,0.267545332495,
    -8.667308719044E-03));
#2426 = CARTESIAN_POINT('',(3.701184693129E-04,0.267173725487,
    -7.996642555612E-03));
#2427 = CARTESIAN_POINT('',(3.386535023204E-04,0.266808786064,
    -7.316822133437E-03));
#2428 = CARTESIAN_POINT('',(3.067751521841E-04,0.266450601008,
    -6.628070308173E-03));
#2429 = CARTESIAN_POINT('',(2.74493803542E-04,0.266099253212,
    -5.930611446467E-03));
#2430 = CARTESIAN_POINT('',(2.084476342709E-04,0.265403028146,
    -4.503642376783E-03));
#2431 = CARTESIAN_POINT('',(1.74656699337E-04,0.265058371398,
    -3.773567952807E-03));
#2432 = CARTESIAN_POINT('',(1.405160149823E-04,0.264721431612,
    -3.035936972392E-03));
#2433 = CARTESIAN_POINT('',(1.058755921569E-04,0.264390904487,
    -2.287508827684E-03));
#2434 = CARTESIAN_POINT('',(7.100455205394E-05,0.264069082874,
    -1.534098051499E-03));
#2435 = CARTESIAN_POINT('',(3.566158707879E-05,0.263753867999,
    -7.704910413262E-04));
#2436 = CARTESIAN_POINT('',(-6.938893903907E-18,0.263446549163,
    1.110223024625E-16));
#2437 = PCURVE('',#1362,#2438);
#2438 = DEFINITIONAL_REPRESENTATION('',(#2439),#2478);
#2439 = B_SPLINE_CURVE_WITH_KNOTS('',7,(#2440,#2441,#2442,#2443,#2444,
    #2445,#2446,#2447,#2448,#2449,#2450,#2451,#2452,#2453,#2454,#2455,
    #2456,#2457,#2458,#2459,#2460,#2461,#2462,#2463,#2464,#2465,#2466,
    #2467,#2468,#2469,#2470,#2471,#2472,#2473,#2474,#2475,#2476,#2477),
  .UNSPECIFIED.,.F.,.F.,(8,6,6,6,6,6,8),(0.,2.037858292765E-02,
    0.185261340324,0.498850769059,0.90167281905,0.95031654484,1.),
  .UNSPECIFIED.);
#2440 = CARTESIAN_POINT('',(1.,-0.103853450837));
#2441 = CARTESIAN_POINT('',(0.999683604349,-0.103727387905));
#2442 = CARTESIAN_POINT('',(0.999368418086,-0.103600016126));
#2443 = CARTESIAN_POINT('',(0.999054536582,-0.103471371425));
#2444 = CARTESIAN_POINT('',(0.998742019386,-0.103341475614));
#2445 = CARTESIAN_POINT('',(0.99843089022,-0.103210336385));
#2446 = CARTESIAN_POINT('',(0.998121136986,-0.103077947316));
#2447 = CARTESIAN_POINT('',(0.995317248644,-0.101862851616));
#2448 = CARTESIAN_POINT('',(0.992911422583,-0.100699367524));
#2449 = CARTESIAN_POINT('',(0.990604274347,-9.945653294264E-02));
#2450 = CARTESIAN_POINT('',(0.988404569203,-9.813757431847E-02));
#2451 = CARTESIAN_POINT('',(0.986320796913,-9.674624719526E-02));
#2452 = CARTESIAN_POINT('',(0.984361171727,-9.528683621291E-02));
#2453 = CARTESIAN_POINT('',(0.979057847389,-9.08681779574E-02));
#2454 = CARTESIAN_POINT('',(0.976058944089,-8.77429849505E-02));
#2455 = CARTESIAN_POINT('',(0.973591653689,-8.442215798539E-02));
#2456 = CARTESIAN_POINT('',(0.971702417897,-8.094723136283E-02));
#2457 = CARTESIAN_POINT('',(0.970425749107,-7.736583568633E-02));
#2458 = CARTESIAN_POINT('',(0.96978059058,-7.372984176235E-02));
#2459 = CARTESIAN_POINT('',(0.969748803393,-6.542243878213E-02));
#2460 = CARTESIAN_POINT('',(0.970772541732,-6.074842251271E-02));
#2461 = CARTESIAN_POINT('',(0.972839861143,-5.618657090101E-02));
#2462 = CARTESIAN_POINT('',(0.975899442376,-5.184725332923E-02));
#2463 = CARTESIAN_POINT('',(0.979860492002,-4.782497254079E-02));
#2464 = CARTESIAN_POINT('',(0.984606511559,-4.419363075452E-02));
#2465 = CARTESIAN_POINT('',(0.990661414063,-4.062351642021E-02));
#2466 = CARTESIAN_POINT('',(0.991323412562,-4.024533249535E-02));
#2467 = CARTESIAN_POINT('',(0.991994796702,-3.987372548691E-02));
#2468 = CARTESIAN_POINT('',(0.9926753449,-3.950878606381E-02));
#2469 = CARTESIAN_POINT('',(0.993364834064,-3.91506010075E-02));
#2470 = CARTESIAN_POINT('',(0.994063039584,-3.879925321196E-02));
#2471 = CARTESIAN_POINT('',(0.995491536284,-3.810302814582E-02));
#2472 = CARTESIAN_POINT('',(0.996222392284,-3.775837139772E-02));
#2473 = CARTESIAN_POINT('',(0.996960812929,-3.742143161233E-02));
#2474 = CARTESIAN_POINT('',(0.997710042298,-3.709090448697E-02));
#2475 = CARTESIAN_POINT('',(0.998464259632,-3.676908287355E-02));
#2476 = CARTESIAN_POINT('',(0.999228684116,-3.645386799862E-02));
#2477 = CARTESIAN_POINT('',(1.,-3.614654916303E-02));
#2478 = ( GEOMETRIC_REPRESENTATION_CONTEXT(2) 
PARAMETRIC_REPRESENTATION_CONTEXT() REPRESENTATION_CONTEXT('2D SPACE',''
  ) );
#2479 = PCURVE('',#1961,#2480);
#2480 = DEFINITIONAL_REPRESENTATION('',(#2481),#2520);
#2481 = B_SPLINE_CURVE_WITH_KNOTS('',7,(#2482,#2483,#2484,#2485,#2486,
    #2487,#2488,#2489,#2490,#2491,#2492,#2493,#2494,#2495,#2496,#2497,
    #2498,#2499,#2500,#2501,#2502,#2503,#2504,#2505,#2506,#2507,#2508,
    #2509,#2510,#2511,#2512,#2513,#2514,#2515,#2516,#2517,#2518,#2519),
  .UNSPECIFIED.,.F.,.F.,(8,6,6,6,6,6,8),(0.,2.037858292765E-02,
    0.185261340324,0.498850769059,0.90167281905,0.95031654484,1.),
  .UNSPECIFIED.);
#2482 = CARTESIAN_POINT('',(0.656611465991,0.393418819116));
#2483 = CARTESIAN_POINT('',(0.65572016602,0.393383571505));
#2484 = CARTESIAN_POINT('',(0.654828617447,0.393348458516));
#2485 = CARTESIAN_POINT('',(0.653936784463,0.393313490769));
#2486 = CARTESIAN_POINT('',(0.653044646759,0.393278674896));
#2487 = CARTESIAN_POINT('',(0.652152199527,0.39324401354));
#2488 = CARTESIAN_POINT('',(0.651259453456,0.393209505358));
#2489 = CARTESIAN_POINT('',(0.643141035917,0.392897136123));
#2490 = CARTESIAN_POINT('',(0.635896553647,0.392629106186));
#2491 = CARTESIAN_POINT('',(0.628631970595,0.3923720634));
#2492 = CARTESIAN_POINT('',(0.621346668678,0.392126985303));
#2493 = CARTESIAN_POINT('',(0.614040429059,0.391894818775));
#2494 = CARTESIAN_POINT('',(0.60671343215,0.391676480043));
#2495 = CARTESIAN_POINT('',(0.585392714805,0.391085580929));
#2496 = CARTESIAN_POINT('',(0.571343769894,0.390751428063));
#2497 = CARTESIAN_POINT('',(0.557227560668,0.390476501143));
#2498 = CARTESIAN_POINT('',(0.543054861153,0.390265981143));
#2499 = CARTESIAN_POINT('',(0.528840079852,0.390123718537));
#2500 = CARTESIAN_POINT('',(0.514602257973,0.390051826881));
#2501 = CARTESIAN_POINT('',(0.482078935405,0.390048284752));
#2502 = CARTESIAN_POINT('',(0.463785961581,0.390162362561));
#2503 = CARTESIAN_POINT('',(0.445543134125,0.390392729563));
#2504 = CARTESIAN_POINT('',(0.427387615671,0.390733660341));
#2505 = CARTESIAN_POINT('',(0.409343138148,0.391175025254));
#2506 = CARTESIAN_POINT('',(0.391423522117,0.391703827952));
#2507 = CARTESIAN_POINT('',(0.371486143971,0.392378424748));
#2508 = CARTESIAN_POINT('',(0.369339759746,0.39245217972));
#2509 = CARTESIAN_POINT('',(0.367195161002,0.39252697987));
#2510 = CARTESIAN_POINT('',(0.365052337598,0.392602800486));
#2511 = CARTESIAN_POINT('',(0.362911276455,0.392679616688));
#2512 = CARTESIAN_POINT('',(0.36077196156,0.392757403425));
#2513 = CARTESIAN_POINT('',(0.356451096763,0.392916550388));
#2514 = CARTESIAN_POINT('',(0.354269720854,0.392997973494));
#2515 = CARTESIAN_POINT('',(0.352089642212,0.393080238855));
#2516 = CARTESIAN_POINT('',(0.349912407945,0.393163707511));
#2517 = CARTESIAN_POINT('',(0.347735522153,0.393247731516));
#2518 = CARTESIAN_POINT('',(0.345561364526,0.393332891757));
#2519 = CARTESIAN_POINT('',(0.343388534949,0.393418819116));
#2520 = ( GEOMETRIC_REPRESENTATION_CONTEXT(2) 
PARAMETRIC_REPRESENTATION_CONTEXT() REPRESENTATION_CONTEXT('2D SPACE',''
  ) );
#2521 = ADVANCED_FACE('',(#2522,#2651),#1961,.T.);
#2522 = FACE_BOUND('',#2523,.T.);
#2523 = EDGE_LOOP('',(#2524,#2558,#2604,#2605));
#2524 = ORIENTED_EDGE('',*,*,#2525,.F.);
#2525 = EDGE_CURVE('',#2526,#2528,#2530,.T.);
#2526 = VERTEX_POINT('',#2527);
#2527 = CARTESIAN_POINT('',(0.162940868952,0.2973,9.752010849761E-02));
#2528 = VERTEX_POINT('',#2529);
#2529 = CARTESIAN_POINT('',(-0.246890412712,0.2973,5.56194153149E-02));
#2530 = SEAM_CURVE('',#2531,(#2544,#2551),.PCURVE_S1.);
#2531 = ( BOUNDED_CURVE() B_SPLINE_CURVE(3,(#2532,#2533,#2534,#2535,
    #2536,#2537,#2538,#2539,#2540,#2541,#2542,#2543),.UNSPECIFIED.,.F.,
.F.) B_SPLINE_CURVE_WITH_KNOTS((4,1,1,1,1,1,1,1,1,4),(0.,
    4.345218250743E-02,0.116644769455,0.242106276952,0.410503245178,
    0.557322379734,0.685006476409,0.813588185079,0.922732455348,1.),
.UNSPECIFIED.) CURVE() GEOMETRIC_REPRESENTATION_ITEM() 
RATIONAL_B_SPLINE_CURVE((1.,1.,1.,1.,1.,1.,1.,1.,1.,1.,1.,1.)) 
REPRESENTATION_ITEM('') );
#2532 = CARTESIAN_POINT('',(0.162940868952,0.2973,9.752010849761E-02));
#2533 = CARTESIAN_POINT('',(0.157296630813,0.2973,0.100202350623));
#2534 = CARTESIAN_POINT('',(0.141588268253,0.2973,0.104030423412));
#2535 = CARTESIAN_POINT('',(0.107606349393,0.2973,0.10500620265));
#2536 = CARTESIAN_POINT('',(5.661942597371E-02,0.2973,0.106115876397));
#2537 = CARTESIAN_POINT('',(-3.941486587151E-03,0.2973,0.105743405968));
#2538 = CARTESIAN_POINT('',(-6.573662358697E-02,0.2973,0.10563339172));
#2539 = CARTESIAN_POINT('',(-0.120579344891,0.2973,9.8768353496E-02));
#2540 = CARTESIAN_POINT('',(-0.17027247969,0.2973,8.781317967351E-02));
#2541 = CARTESIAN_POINT('',(-0.212457841678,0.2973,7.169096668159E-02));
#2542 = CARTESIAN_POINT('',(-0.236384906942,0.2973,5.936857827417E-02));
#2543 = CARTESIAN_POINT('',(-0.246890412712,0.2973,5.56194153149E-02));
#2544 = PCURVE('',#1961,#2545);
#2545 = DEFINITIONAL_REPRESENTATION('',(#2546),#2550);
#2546 = LINE('',#2547,#2548);
#2547 = CARTESIAN_POINT('',(0.,0.));
#2548 = VECTOR('',#2549,1.);
#2549 = DIRECTION('',(0.,1.));
#2550 = ( GEOMETRIC_REPRESENTATION_CONTEXT(2) 
PARAMETRIC_REPRESENTATION_CONTEXT() REPRESENTATION_CONTEXT('2D SPACE',''
  ) );
#2551 = PCURVE('',#1961,#2552);
#2552 = DEFINITIONAL_REPRESENTATION('',(#2553),#2557);
#2553 = LINE('',#2554,#2555);
#2554 = CARTESIAN_POINT('',(1.,0.));
#2555 = VECTOR('',#2556,1.);
#2556 = DIRECTION('',(0.,1.));
#2557 = ( GEOMETRIC_REPRESENTATION_CONTEXT(2) 
PARAMETRIC_REPRESENTATION_CONTEXT() REPRESENTATION_CONTEXT('2D SPACE',''
  ) );
#2558 = ORIENTED_EDGE('',*,*,#2559,.T.);
#2559 = EDGE_CURVE('',#2526,#2526,#2560,.T.);
#2560 = SURFACE_CURVE('',#2561,(#2575,#2582),.PCURVE_S1.);
#2561 = B_SPLINE_CURVE_WITH_KNOTS('',12,(#2562,#2563,#2564,#2565,#2566,
    #2567,#2568,#2569,#2570,#2571,#2572,#2573,#2574),.UNSPECIFIED.,.T.,
  .F.,(13,13),(0.,1.),.PIECEWISE_BEZIER_KNOTS.);
#2562 = CARTESIAN_POINT('',(0.162940868952,0.2973,9.752010849761E-02));
#2563 = CARTESIAN_POINT('',(0.162940868952,0.277958262645,
    9.752010849761E-02));
#2564 = CARTESIAN_POINT('',(0.162940868952,0.258616923769,
    7.986873170416E-02));
#2565 = CARTESIAN_POINT('',(0.162940868952,0.246213547063,
    4.456713407379E-02));
#2566 = CARTESIAN_POINT('',(0.162940868952,0.247710575954,
    -6.49059694299E-04));
#2567 = CARTESIAN_POINT('',(0.162940868953,0.266173550524,
    -4.026449282056E-02));
#2568 = CARTESIAN_POINT('',(0.162940868952,0.297299999999,
    -5.660809003675E-02));
#2569 = CARTESIAN_POINT('',(0.162940868953,0.328426449478,
    -4.026449282057E-02));
#2570 = CARTESIAN_POINT('',(0.162940868952,0.346889424045,
    -6.490596942867E-04));
#2571 = CARTESIAN_POINT('',(0.162940868952,0.348386452937,
    4.456713407378E-02));
#2572 = CARTESIAN_POINT('',(0.162940868952,0.335983076231,
    7.986873170417E-02));
#2573 = CARTESIAN_POINT('',(0.162940868952,0.316641737355,
    9.752010849761E-02));
#2574 = CARTESIAN_POINT('',(0.162940868952,0.2973,9.752010849761E-02));
#2575 = PCURVE('',#1961,#2576);
#2576 = DEFINITIONAL_REPRESENTATION('',(#2577),#2581);
#2577 = LINE('',#2578,#2579);
#2578 = CARTESIAN_POINT('',(0.,0.));
#2579 = VECTOR('',#2580,1.);
#2580 = DIRECTION('',(1.,0.));
#2581 = ( GEOMETRIC_REPRESENTATION_CONTEXT(2) 
PARAMETRIC_REPRESENTATION_CONTEXT() REPRESENTATION_CONTEXT('2D SPACE',''
  ) );
#2582 = PCURVE('',#2583,#2588);
#2583 = PLANE('',#2584);
#2584 = AXIS2_PLACEMENT_3D('',#2585,#2586,#2587);
#2585 = CARTESIAN_POINT('',(0.162940868952,0.2973,9.752010849761E-02));
#2586 = DIRECTION('',(-1.,3.756846143759E-16,2.351418055882E-16));
#2587 = DIRECTION('',(-2.351418055882E-16,4.702836111764E-16,-1.));
#2588 = DEFINITIONAL_REPRESENTATION('',(#2589),#2603);
#2589 = B_SPLINE_CURVE_WITH_KNOTS('',12,(#2590,#2591,#2592,#2593,#2594,
    #2595,#2596,#2597,#2598,#2599,#2600,#2601,#2602),.UNSPECIFIED.,.F.,
  .F.,(13,13),(0.,1.),.PIECEWISE_BEZIER_KNOTS.);
#2590 = CARTESIAN_POINT('',(0.,0.));
#2591 = CARTESIAN_POINT('',(-2.720046410332E-15,1.934173735474E-02));
#2592 = CARTESIAN_POINT('',(1.765137679345E-02,3.868307623091E-02));
#2593 = CARTESIAN_POINT('',(5.295297442382E-02,5.108645293663E-02));
#2594 = CARTESIAN_POINT('',(9.816916819191E-02,4.958942404609E-02));
#2595 = CARTESIAN_POINT('',(0.137784601318,3.112644947636E-02));
#2596 = CARTESIAN_POINT('',(0.154128198534,7.589484596338E-13));
#2597 = CARTESIAN_POINT('',(0.137784601318,-3.112644947773E-02));
#2598 = CARTESIAN_POINT('',(9.81691681919E-02,-4.958942404509E-02));
#2599 = CARTESIAN_POINT('',(5.295297442383E-02,-5.108645293719E-02));
#2600 = CARTESIAN_POINT('',(1.765137679344E-02,-3.868307623068E-02));
#2601 = CARTESIAN_POINT('',(-1.20736753928E-15,-1.93417373548E-02));
#2602 = CARTESIAN_POINT('',(-2.775557561563E-17,0.));
#2603 = ( GEOMETRIC_REPRESENTATION_CONTEXT(2) 
PARAMETRIC_REPRESENTATION_CONTEXT() REPRESENTATION_CONTEXT('2D SPACE',''
  ) );
#2604 = ORIENTED_EDGE('',*,*,#2525,.T.);
#2605 = ORIENTED_EDGE('',*,*,#2606,.F.);
#2606 = EDGE_CURVE('',#2528,#2528,#2607,.T.);
#2607 = SURFACE_CURVE('',#2608,(#2622,#2629),.PCURVE_S1.);
#2608 = B_SPLINE_CURVE_WITH_KNOTS('',12,(#2609,#2610,#2611,#2612,#2613,
    #2614,#2615,#2616,#2617,#2618,#2619,#2620,#2621),.UNSPECIFIED.,.T.,
  .F.,(13,13),(0.,1.),.PIECEWISE_BEZIER_KNOTS.);
#2609 = CARTESIAN_POINT('',(-0.246890412712,0.2973,5.56194153149E-02));
#2610 = CARTESIAN_POINT('',(-0.246890412712,0.285617363703,
    5.56194153149E-02));
#2611 = CARTESIAN_POINT('',(-0.246890412712,0.273934968092,
    4.849527762203E-02));
#2612 = CARTESIAN_POINT('',(-0.246890412712,0.266443183034,
    3.4233700557E-02));
#2613 = CARTESIAN_POINT('',(-0.246890412712,0.267347406049,
    1.601518232536E-02));
#2614 = CARTESIAN_POINT('',(-0.246890412712,0.278499259312,
    -4.915048564775E-05));
#2615 = CARTESIAN_POINT('',(-0.246890412712,0.2973,-6.545244735342E-03)
  );
#2616 = CARTESIAN_POINT('',(-0.246890412712,0.316100740688,
    -4.915048563718E-05));
#2617 = CARTESIAN_POINT('',(-0.246890412712,0.327252593951,
    1.601518232535E-02));
#2618 = CARTESIAN_POINT('',(-0.246890412712,0.328156816966,
    3.423370055701E-02));
#2619 = CARTESIAN_POINT('',(-0.246890412712,0.320665031908,
    4.849527762202E-02));
#2620 = CARTESIAN_POINT('',(-0.246890412712,0.308982636297,
    5.56194153149E-02));
#2621 = CARTESIAN_POINT('',(-0.246890412712,0.2973,5.56194153149E-02));
#2622 = PCURVE('',#1961,#2623);
#2623 = DEFINITIONAL_REPRESENTATION('',(#2624),#2628);
#2624 = LINE('',#2625,#2626);
#2625 = CARTESIAN_POINT('',(0.,1.));
#2626 = VECTOR('',#2627,1.);
#2627 = DIRECTION('',(1.,0.));
#2628 = ( GEOMETRIC_REPRESENTATION_CONTEXT(2) 
PARAMETRIC_REPRESENTATION_CONTEXT() REPRESENTATION_CONTEXT('2D SPACE',''
  ) );
#2629 = PCURVE('',#2630,#2635);
#2630 = PLANE('',#2631);
#2631 = AXIS2_PLACEMENT_3D('',#2632,#2633,#2634);
#2632 = CARTESIAN_POINT('',(-0.246890412712,0.2973,5.56194153149E-02));
#2633 = DIRECTION('',(-1.,-6.219822351785E-15,1.164958763176E-15));
#2634 = DIRECTION('',(-1.164958763176E-15,1.164958763176E-15,-1.));
#2635 = DEFINITIONAL_REPRESENTATION('',(#2636),#2650);
#2636 = B_SPLINE_CURVE_WITH_KNOTS('',12,(#2637,#2638,#2639,#2640,#2641,
    #2642,#2643,#2644,#2645,#2646,#2647,#2648,#2649),.UNSPECIFIED.,.F.,
  .F.,(13,13),(0.,1.),.PIECEWISE_BEZIER_KNOTS.);
#2637 = CARTESIAN_POINT('',(0.,0.));
#2638 = CARTESIAN_POINT('',(1.519617764956E-15,1.168263629705E-02));
#2639 = CARTESIAN_POINT('',(7.124137692876E-03,2.33650319082E-02));
#2640 = CARTESIAN_POINT('',(2.138571475791E-02,3.085681696643E-02));
#2641 = CARTESIAN_POINT('',(3.960423298954E-02,2.995259395145E-02));
#2642 = CARTESIAN_POINT('',(5.566856580055E-02,1.880074068782E-02));
#2643 = CARTESIAN_POINT('',(6.216466005024E-02,1.115774139748E-14));
#2644 = CARTESIAN_POINT('',(5.566856580054E-02,-1.880074068783E-02));
#2645 = CARTESIAN_POINT('',(3.960423298956E-02,-2.995259395147E-02));
#2646 = CARTESIAN_POINT('',(2.138571475789E-02,-3.08568169664E-02));
#2647 = CARTESIAN_POINT('',(7.124137692883E-03,-2.336503190822E-02));
#2648 = CARTESIAN_POINT('',(-7.285838599103E-16,-1.168263629704E-02));
#2649 = CARTESIAN_POINT('',(1.387778780781E-17,0.));
#2650 = ( GEOMETRIC_REPRESENTATION_CONTEXT(2) 
PARAMETRIC_REPRESENTATION_CONTEXT() REPRESENTATION_CONTEXT('2D SPACE',''
  ) );
#2651 = FACE_BOUND('',#2652,.T.);
#2652 = EDGE_LOOP('',(#2653,#2654));
#2653 = ORIENTED_EDGE('',*,*,#1457,.F.);
#2654 = ORIENTED_EDGE('',*,*,#2396,.T.);
#2655 = ADVANCED_FACE('',(#2656),#2630,.F.);
#2656 = FACE_BOUND('',#2657,.T.);
#2657 = EDGE_LOOP('',(#2658));
#2658 = ORIENTED_EDGE('',*,*,#2606,.T.);
#2659 = ADVANCED_FACE('',(#2660),#2583,.T.);
#2660 = FACE_BOUND('',#2661,.T.);
#2661 = EDGE_LOOP('',(#2662));
#2662 = ORIENTED_EDGE('',*,*,#2559,.F.);
#2663 = ( GEOMETRIC_REPRESENTATION_CONTEXT(3) 
GLOBAL_UNCERTAINTY_ASSIGNED_CONTEXT((#2667)) 
GLOBAL_UNIT_ASSIGNED_CONTEXT((#2664,#2665,#2666)) REPRESENTATION_CONTEXT
('Context #1','3D Context with UNIT and UNCERTAINTY') );
#2664 = ( LENGTH_UNIT() NAMED_UNIT(*) SI_UNIT($,.METRE.) );
#2665 = ( NAMED_UNIT(*) PLANE_ANGLE_UNIT() SI_UNIT($,.RADIAN.) );
#2666 = ( NAMED_UNIT(*) SI_UNIT($,.STERADIAN.) SOLID_ANGLE_UNIT() );
#2667 = UNCERTAINTY_MEASURE_WITH_UNIT(LENGTH_MEASURE(2.E-06),#2664,
  'distance_accuracy_value','confusion accuracy');
#2668 = PRODUCT_RELATED_PRODUCT_CATEGORY('part',$,(#7));
ENDSEC;
END-ISO-10303-21;
