ISO-10303-21;
HEADER;
FILE_DESCRIPTION(('Open CASCADE Model'),'2;1');
FILE_NAME('Open CASCADE Shape Model','2026-10-03T19:58:42',('Author'),(
    'Open CASCADE'),'Open CASCADE STEP processor 7.9','Open CASCADE 7.9'
  ,'Unknown');
FILE_SCHEMA(('AUTOMOTIVE_DESIGN { 1 0 10303 214 1 1 1 1 }'));
ENDSEC;
DATA;
#1 = APPLICATION_PROTOCOL_DEFINITION('international standard',
  'automotive_design',2000,#2);
#2 = APPLICATION_CONTEXT(
  'core data for automotive mechanical design processes');
#3 = SHAPE_DEFINITION_REPRESENTATION(#4,#10);
#4 = PRODUCT_DEFINITION_SHAPE('','',#5);
#5 = PRODUCT_DEFINITION('design','',#6,#9);
#6 = PRODUCT_DEFINITION_FORMATION('','',#7);
#7 = PRODUCT('Open CASCADE STEP translator 7.9 14',
  'Open CASCADE STEP translator 7.9 14','',(#8));
#8 = PRODUCT_CONTEXT('',#2,'mechanical');
#9 = PRODUCT_DEFINITION_CONTEXT('part definition',#2,'design');
#10 = ADVANCED_BREP_SHAPE_REPRESENTATION('',(#11,#15),#4315);
#11 = AXIS2_PLACEMENT_3D('',#12,#13,#14);
#12 = CARTESIAN_POINT('',(0.,0.,0.));
#13 = DIRECTION('',(0.,0.,1.));
#14 = DIRECTION('',(1.,0.,-0.));
#15 = MANIFOLD_SOLID_BREP('',#16);
#16 = CLOSED_SHELL('',(#17,#2915,#2919,#2923,#3021,#3088,#3155,#3222,
    #3263,#3361,#3428,#3495,#3562,#3603,#3701,#3768,#3835,#3902,#3943,
    #4041,#4108,#4175,#4242,#4283,#4291,#4299,#4307));
#17 = ADVANCED_FACE('',(#18,#223,#896,#1569,#2242),#36,.T.);
#18 = FACE_BOUND('',#19,.T.);
#19 = EDGE_LOOP('',(#20,#134,#178,#179));
#20 = ORIENTED_EDGE('',*,*,#21,.F.);
#21 = EDGE_CURVE('',#22,#24,#26,.T.);
#22 = VERTEX_POINT('',#23);
#23 = CARTESIAN_POINT('',(0.1775,0.2973,9.02E-02));
#24 = VERTEX_POINT('',#25);
#25 = CARTESIAN_POINT('',(0.2355165,0.2973,6.570760844231E-02));
#26 = SEAM_CURVE('',#27,(#35,#127),.PCURVE_S1.);
#27 = ( BOUNDED_CURVE() B_SPLINE_CURVE(6,(#28,#29,#30,#31,#32,#33,#34),
.UNSPECIFIED.,.F.,.F.) B_SPLINE_CURVE_WITH_KNOTS((7,7),(0.,1.),
.PIECEWISE_BEZIER_KNOTS.) CURVE() GEOMETRIC_REPRESENTATION_ITEM() 
RATIONAL_B_SPLINE_CURVE((1.,1.,1.,1.,1.,1.,1.)) REPRESENTATION_ITEM('') 
  );
#28 = CARTESIAN_POINT('',(0.1775,0.2973,9.02E-02));
#29 = CARTESIAN_POINT('',(0.189414506834,0.2973,9.015555628189E-02));
#30 = CARTESIAN_POINT('',(0.201701415398,0.2973,8.885211490444E-02));
#31 = CARTESIAN_POINT('',(0.212811927443,0.2973,8.556213772908E-02));
#32 = CARTESIAN_POINT('',(0.223934146255,0.2973,8.145307414378E-02));
#33 = CARTESIAN_POINT('',(0.232624881899,0.2973,7.408236970487E-02));
#34 = CARTESIAN_POINT('',(0.2355165,0.2973,6.570760844231E-02));
#35 = PCURVE('',#36,#121);
#36 = ( BOUNDED_SURFACE() B_SPLINE_SURFACE(11,6,(
    (#37,#38,#39,#40,#41,#42,#43)
    ,(#44,#45,#46,#47,#48,#49,#50)
    ,(#51,#52,#53,#54,#55,#56,#57)
    ,(#58,#59,#60,#61,#62,#63,#64)
    ,(#65,#66,#67,#68,#69,#70,#71)
    ,(#72,#73,#74,#75,#76,#77,#78)
    ,(#79,#80,#81,#82,#83,#84,#85)
    ,(#86,#87,#88,#89,#90,#91,#92)
    ,(#93,#94,#95,#96,#97,#98,#99)
    ,(#100,#101,#102,#103,#104,#105,#106)
    ,(#107,#108,#109,#110,#111,#112,#113)
    ,(#114,#115,#116,#117,#118,#119,#120
)),.UNSPECIFIED.,.T.,.F.,.F.) B_SPLINE_SURFACE_WITH_KNOTS((12,12),(7,7),
  (0.,1.),(0.,1.),.PIECEWISE_BEZIER_KNOTS.) 
GEOMETRIC_REPRESENTATION_ITEM() RATIONAL_B_SPLINE_SURFACE((
    (1.,1.,1.,1.,1.,1.,1.)
    ,(1.,1.,1.,1.,1.,1.,1.)
    ,(1.,1.,1.,1.,1.,1.,1.)
    ,(1.,1.,1.,1.,1.,1.,1.)
    ,(1.,1.,1.,1.,1.,1.,1.)
    ,(1.,1.,1.,1.,1.,1.,1.)
    ,(1.,1.,1.,1.,1.,1.,1.)
    ,(1.,1.,1.,1.,1.,1.,1.)
    ,(1.,1.,1.,1.,1.,1.,1.)
    ,(1.,1.,1.,1.,1.,1.,1.)
    ,(1.,1.,1.,1.,1.,1.,1.)
,(1.,1.,1.,1.,1.,1.,1.))) REPRESENTATION_ITEM('') SURFACE() );
#37 = CARTESIAN_POINT('',(0.1775,0.2973,9.02E-02));
#38 = CARTESIAN_POINT('',(0.189414506834,0.2973,9.015555628189E-02));
#39 = CARTESIAN_POINT('',(0.201701415398,0.2973,8.885211490444E-02));
#40 = CARTESIAN_POINT('',(0.212811927443,0.2973,8.556213772908E-02));
#41 = CARTESIAN_POINT('',(0.223934146255,0.2973,8.145307414378E-02));
#42 = CARTESIAN_POINT('',(0.232624881899,0.2973,7.408236970487E-02));
#43 = CARTESIAN_POINT('',(0.2355165,0.2973,6.570760844231E-02));
#44 = CARTESIAN_POINT('',(0.1775,0.280392519537,9.02E-02));
#45 = CARTESIAN_POINT('',(0.189414506834,0.280417905729,
    9.015555628187E-02));
#46 = CARTESIAN_POINT('',(0.201701415398,0.281162429703,
    8.885211490447E-02));
#47 = CARTESIAN_POINT('',(0.212811927443,0.283041660271,
    8.556213772906E-02));
#48 = CARTESIAN_POINT('',(0.223934146255,0.285388751903,
    8.145307414379E-02));
#49 = CARTESIAN_POINT('',(0.232624881899,0.289598888433,
    7.408236970486E-02));
#50 = CARTESIAN_POINT('',(0.2355165,0.29438254088,6.570760844232E-02));
#51 = CARTESIAN_POINT('',(0.1775,0.263485422235,7.95790016287E-02));
#52 = CARTESIAN_POINT('',(0.189414506834,0.263539145157,
    7.955050509502E-02));
#53 = CARTESIAN_POINT('',(0.201701415397,0.26501775698,
    7.871476131024E-02));
#54 = CARTESIAN_POINT('',(0.212811927444,0.268793662675,
    7.660528556141E-02));
#55 = CARTESIAN_POINT('',(0.223934146255,0.273469025654,
    7.397062595059E-02));
#56 = CARTESIAN_POINT('',(0.2326248819,0.28190320525,6.924465934421E-02)
  );
#57 = CARTESIAN_POINT('',(0.2355165,0.29146297006,6.387490908599E-02));
#58 = CARTESIAN_POINT('',(0.1775,0.253990796175,5.831497070064E-02));
#59 = CARTESIAN_POINT('',(0.189414506833,0.254040674903,
    5.831840161938E-02));
#60 = CARTESIAN_POINT('',(0.2017014154,0.256001289058,5.841902330001E-02
    ));
#61 = CARTESIAN_POINT('',(0.21281192744,0.260725247787,
    5.867299945645E-02));
#62 = CARTESIAN_POINT('',(0.223934146257,0.266833756898,
    5.899020657435E-02));
#63 = CARTESIAN_POINT('',(0.232624881899,0.277546317434,
    5.955920237153E-02));
#64 = CARTESIAN_POINT('',(0.2355165,0.289837988405,6.020570827905E-02));
#65 = CARTESIAN_POINT('',(0.1775,0.259350633618,3.233770622717E-02));
#66 = CARTESIAN_POINT('',(0.189414506835,0.259445486327,
    3.238014141039E-02));
#67 = CARTESIAN_POINT('',(0.201701415394,0.260982879831,
    3.36246766506E-02));
#68 = CARTESIAN_POINT('',(0.212811927447,0.265425289742,
    3.676597061849E-02));
#69 = CARTESIAN_POINT('',(0.223934146253,0.270452565626,
    4.068933420545E-02));
#70 = CARTESIAN_POINT('',(0.2326248819,0.280082039808,4.772693603547E-02
    ));
#71 = CARTESIAN_POINT('',(0.2355165,0.290723723522,5.572321857184E-02));
#72 = CARTESIAN_POINT('',(0.1775,0.281649649266,1.296834268579E-02));
#73 = CARTESIAN_POINT('',(0.189414506831,0.281615179628,
    1.303986052168E-02));
#74 = CARTESIAN_POINT('',(0.201701415402,0.282509009551,
    1.51373292055E-02));
#75 = CARTESIAN_POINT('',(0.212811927438,0.283905015293,
    2.043148681933E-02));
#76 = CARTESIAN_POINT('',(0.223934146258,0.286446231872,
    2.704369994716E-02));
#77 = CARTESIAN_POINT('',(0.232624881898,0.290068291947,
    3.890447251457E-02));
#78 = CARTESIAN_POINT('',(0.2355165,0.294642242595,5.238095084394E-02));
#79 = CARTESIAN_POINT('',(0.1775,0.312950350734,1.296834268585E-02));
#80 = CARTESIAN_POINT('',(0.189414506836,0.312984820372,
    1.303986052232E-02));
#81 = CARTESIAN_POINT('',(0.201701415393,0.312090990449,
    1.513732920465E-02));
#82 = CARTESIAN_POINT('',(0.212811927448,0.310694984707,
    2.043148681978E-02));
#83 = CARTESIAN_POINT('',(0.223934146252,0.308153768128,
    2.704369994719E-02));
#84 = CARTESIAN_POINT('',(0.2326248819,0.304531708053,3.890447251479E-02
    ));
#85 = CARTESIAN_POINT('',(0.2355165,0.299957757405,5.238095084394E-02));
#86 = CARTESIAN_POINT('',(0.1775,0.335249366382,3.233770622713E-02));
#87 = CARTESIAN_POINT('',(0.189414506832,0.335154513674,
    3.238014140988E-02));
#88 = CARTESIAN_POINT('',(0.201701415401,0.333617120169,
    3.362467665129E-02));
#89 = CARTESIAN_POINT('',(0.212811927439,0.329174710259,
    3.676597061809E-02));
#90 = CARTESIAN_POINT('',(0.223934146258,0.324147434374,
    4.068933420545E-02));
#91 = CARTESIAN_POINT('',(0.232624881898,0.314517960193,
    4.772693603529E-02));
#92 = CARTESIAN_POINT('',(0.2355165,0.303876276478,5.572321857184E-02));
#93 = CARTESIAN_POINT('',(0.1775,0.340609203825,5.831497070067E-02));
#94 = CARTESIAN_POINT('',(0.189414506835,0.340559325096,
    5.831840161969E-02));
#95 = CARTESIAN_POINT('',(0.201701415396,0.338598710943,
    5.841902329959E-02));
#96 = CARTESIAN_POINT('',(0.212811927445,0.333874752212,
    5.867299945671E-02));
#97 = CARTESIAN_POINT('',(0.223934146254,0.327766243103,
    5.899020657434E-02));
#98 = CARTESIAN_POINT('',(0.2326248819,0.317053682566,5.955920237166E-02
    ));
#99 = CARTESIAN_POINT('',(0.2355165,0.304762011596,6.020570827905E-02));
#100 = CARTESIAN_POINT('',(0.1775,0.331114577765,7.957900162869E-02));
#101 = CARTESIAN_POINT('',(0.189414506833,0.331060854843,
    7.955050509487E-02));
#102 = CARTESIAN_POINT('',(0.201701415399,0.32958224302,
    7.871476131045E-02));
#103 = CARTESIAN_POINT('',(0.212811927442,0.325806337325,
    7.660528556127E-02));
#104 = CARTESIAN_POINT('',(0.223934146256,0.321130974346,
    7.397062595062E-02));
#105 = CARTESIAN_POINT('',(0.232624881899,0.312696794751,
    6.924465934415E-02));
#106 = CARTESIAN_POINT('',(0.2355165,0.30313702994,6.387490908599E-02));
#107 = CARTESIAN_POINT('',(0.1775,0.314207480463,9.02E-02));
#108 = CARTESIAN_POINT('',(0.189414506834,0.31418209427,
    9.015555628192E-02));
#109 = CARTESIAN_POINT('',(0.201701415397,0.313437570297,
    8.885211490439E-02));
#110 = CARTESIAN_POINT('',(0.212811927443,0.311558339729,
    8.556213772912E-02));
#111 = CARTESIAN_POINT('',(0.223934146255,0.309211248097,
    8.145307414377E-02));
#112 = CARTESIAN_POINT('',(0.232624881899,0.305001111567,
    7.408236970487E-02));
#113 = CARTESIAN_POINT('',(0.2355165,0.30021745912,6.570760844231E-02));
#114 = CARTESIAN_POINT('',(0.1775,0.2973,9.02E-02));
#115 = CARTESIAN_POINT('',(0.189414506834,0.2973,9.015555628189E-02));
#116 = CARTESIAN_POINT('',(0.201701415398,0.2973,8.885211490444E-02));
#117 = CARTESIAN_POINT('',(0.212811927443,0.2973,8.556213772909E-02));
#118 = CARTESIAN_POINT('',(0.223934146255,0.2973,8.145307414378E-02));
#119 = CARTESIAN_POINT('',(0.232624881899,0.2973,7.408236970487E-02));
#120 = CARTESIAN_POINT('',(0.2355165,0.2973,6.570760844231E-02));
#121 = DEFINITIONAL_REPRESENTATION('',(#122),#126);
#122 = LINE('',#123,#124);
#123 = CARTESIAN_POINT('',(0.,0.));
#124 = VECTOR('',#125,1.);
#125 = DIRECTION('',(0.,1.));
#126 = ( GEOMETRIC_REPRESENTATION_CONTEXT(2) 
PARAMETRIC_REPRESENTATION_CONTEXT() REPRESENTATION_CONTEXT('2D SPACE',''
  ) );
#127 = PCURVE('',#36,#128);
#128 = DEFINITIONAL_REPRESENTATION('',(#129),#133);
#129 = LINE('',#130,#131);
#130 = CARTESIAN_POINT('',(1.,0.));
#131 = VECTOR('',#132,1.);
#132 = DIRECTION('',(0.,1.));
#133 = ( GEOMETRIC_REPRESENTATION_CONTEXT(2) 
PARAMETRIC_REPRESENTATION_CONTEXT() REPRESENTATION_CONTEXT('2D SPACE',''
  ) );
#134 = ORIENTED_EDGE('',*,*,#135,.T.);
#135 = EDGE_CURVE('',#22,#22,#136,.T.);
#136 = SURFACE_CURVE('',#137,(#150,#157),.PCURVE_S1.);
#137 = B_SPLINE_CURVE_WITH_KNOTS('',11,(#138,#139,#140,#141,#142,#143,
    #144,#145,#146,#147,#148,#149),.UNSPECIFIED.,.T.,.F.,(12,12),(0.,1.)
  ,.PIECEWISE_BEZIER_KNOTS.);
#138 = CARTESIAN_POINT('',(0.1775,0.2973,9.02E-02));
#139 = CARTESIAN_POINT('',(0.1775,0.280392519537,9.02E-02));
#140 = CARTESIAN_POINT('',(0.1775,0.263485422235,7.95790016287E-02));
#141 = CARTESIAN_POINT('',(0.1775,0.253990796175,5.831497070064E-02));
#142 = CARTESIAN_POINT('',(0.1775,0.259350633618,3.233770622717E-02));
#143 = CARTESIAN_POINT('',(0.1775,0.281649649266,1.296834268579E-02));
#144 = CARTESIAN_POINT('',(0.1775,0.312950350734,1.296834268585E-02));
#145 = CARTESIAN_POINT('',(0.1775,0.335249366382,3.233770622713E-02));
#146 = CARTESIAN_POINT('',(0.1775,0.340609203825,5.831497070067E-02));
#147 = CARTESIAN_POINT('',(0.1775,0.331114577765,7.957900162869E-02));
#148 = CARTESIAN_POINT('',(0.1775,0.314207480463,9.02E-02));
#149 = CARTESIAN_POINT('',(0.1775,0.2973,9.02E-02));
#150 = PCURVE('',#36,#151);
#151 = DEFINITIONAL_REPRESENTATION('',(#152),#156);
#152 = LINE('',#153,#154);
#153 = CARTESIAN_POINT('',(0.,0.));
#154 = VECTOR('',#155,1.);
#155 = DIRECTION('',(1.,0.));
#156 = ( GEOMETRIC_REPRESENTATION_CONTEXT(2) 
PARAMETRIC_REPRESENTATION_CONTEXT() REPRESENTATION_CONTEXT('2D SPACE',''
  ) );
#157 = PCURVE('',#158,#163);
#158 = PLANE('',#159);
#159 = AXIS2_PLACEMENT_3D('',#160,#161,#162);
#160 = CARTESIAN_POINT('',(0.1775,0.2973,9.02E-02));
#161 = DIRECTION('',(-1.,3.250046721293E-15,4.672861018073E-16));
#162 = DIRECTION('',(0.,0.142314817033,-0.989821444935));
#163 = DEFINITIONAL_REPRESENTATION('',(#164),#177);
#164 = B_SPLINE_CURVE_WITH_KNOTS('',11,(#165,#166,#167,#168,#169,#170,
    #171,#172,#173,#174,#175,#176),.UNSPECIFIED.,.F.,.F.,(12,12),(0.,1.)
  ,.PIECEWISE_BEZIER_KNOTS.);
#165 = CARTESIAN_POINT('',(0.,0.));
#166 = CARTESIAN_POINT('',(-2.406184988571E-03,1.673538674206E-02));
#167 = CARTESIAN_POINT('',(5.700576506881E-03,3.498191966301E-02));
#168 = CARTESIAN_POINT('',(2.539694435471E-02,4.740609081973E-02));
#169 = CARTESIAN_POINT('',(5.187258209632E-02,4.579775841781E-02));
#170 = CARTESIAN_POINT('',(7.421827383622E-02,2.64822619573E-02));
#171 = CARTESIAN_POINT('',(7.867282743865E-02,-4.499843597657E-03));
#172 = CARTESIAN_POINT('',(6.267409636266E-02,-2.932843491511E-02));
#173 = CARTESIAN_POINT('',(3.772402719102E-02,-3.833066659803E-02));
#174 = CARTESIAN_POINT('',(1.53252074022E-02,-3.19588687832E-02));
#175 = CARTESIAN_POINT('',(2.406184988571E-03,-1.673538674206E-02));
#176 = CARTESIAN_POINT('',(1.387778780781E-17,0.));
#177 = ( GEOMETRIC_REPRESENTATION_CONTEXT(2) 
PARAMETRIC_REPRESENTATION_CONTEXT() REPRESENTATION_CONTEXT('2D SPACE',''
  ) );
#178 = ORIENTED_EDGE('',*,*,#21,.T.);
#179 = ORIENTED_EDGE('',*,*,#180,.F.);
#180 = EDGE_CURVE('',#24,#24,#181,.T.);
#181 = SURFACE_CURVE('',#182,(#195,#202),.PCURVE_S1.);
#182 = B_SPLINE_CURVE_WITH_KNOTS('',11,(#183,#184,#185,#186,#187,#188,
    #189,#190,#191,#192,#193,#194),.UNSPECIFIED.,.T.,.F.,(12,12),(0.,1.)
  ,.PIECEWISE_BEZIER_KNOTS.);
#183 = CARTESIAN_POINT('',(0.2355165,0.2973,6.570760844231E-02));
#184 = CARTESIAN_POINT('',(0.2355165,0.29438254088,6.570760844232E-02));
#185 = CARTESIAN_POINT('',(0.2355165,0.29146297006,6.387490908599E-02));
#186 = CARTESIAN_POINT('',(0.2355165,0.289837988405,6.020570827905E-02)
  );
#187 = CARTESIAN_POINT('',(0.2355165,0.290723723522,5.572321857184E-02)
  );
#188 = CARTESIAN_POINT('',(0.2355165,0.294642242595,5.238095084394E-02)
  );
#189 = CARTESIAN_POINT('',(0.2355165,0.299957757405,5.238095084394E-02)
  );
#190 = CARTESIAN_POINT('',(0.2355165,0.303876276478,5.572321857184E-02)
  );
#191 = CARTESIAN_POINT('',(0.2355165,0.304762011596,6.020570827905E-02)
  );
#192 = CARTESIAN_POINT('',(0.2355165,0.30313702994,6.387490908599E-02));
#193 = CARTESIAN_POINT('',(0.2355165,0.30021745912,6.570760844231E-02));
#194 = CARTESIAN_POINT('',(0.2355165,0.2973,6.570760844231E-02));
#195 = PCURVE('',#36,#196);
#196 = DEFINITIONAL_REPRESENTATION('',(#197),#201);
#197 = LINE('',#198,#199);
#198 = CARTESIAN_POINT('',(0.,1.));
#199 = VECTOR('',#200,1.);
#200 = DIRECTION('',(1.,0.));
#201 = ( GEOMETRIC_REPRESENTATION_CONTEXT(2) 
PARAMETRIC_REPRESENTATION_CONTEXT() REPRESENTATION_CONTEXT('2D SPACE',''
  ) );
#202 = PCURVE('',#203,#208);
#203 = PLANE('',#204);
#204 = AXIS2_PLACEMENT_3D('',#205,#206,#207);
#205 = CARTESIAN_POINT('',(0.2355165,0.2973,6.570760844231E-02));
#206 = DIRECTION('',(1.,-1.098004094629E-14,-9.514348910639E-15));
#207 = DIRECTION('',(-1.098009544383E-14,-0.142311315114,-0.989821948428
    ));
#208 = DEFINITIONAL_REPRESENTATION('',(#209),#222);
#209 = B_SPLINE_CURVE_WITH_KNOTS('',11,(#210,#211,#212,#213,#214,#215,
    #216,#217,#218,#219,#220,#221),.UNSPECIFIED.,.T.,.F.,(12,12),(0.,1.)
  ,.PIECEWISE_BEZIER_KNOTS.);
#210 = CARTESIAN_POINT('',(0.,0.));
#211 = CARTESIAN_POINT('',(4.151874441514E-04,-2.887765070574E-03));
#212 = CARTESIAN_POINT('',(2.644721454842E-03,-5.516806492341E-03));
#213 = CARTESIAN_POINT('',(6.507830223207E-03,-6.603080208761E-03));
#214 = CARTESIAN_POINT('',(1.081864678965E-02,-5.088451144147E-03));
#215 = CARTESIAN_POINT('',(1.356924714157E-02,-7.341724438394E-04));
#216 = CARTESIAN_POINT('',(1.281278923854E-02,4.527240781661E-03));
#217 = CARTESIAN_POINT('',(8.946889681275E-03,7.930234450261E-03));
#218 = CARTESIAN_POINT('',(4.383972856106E-03,8.169045504532E-03));
#219 = CARTESIAN_POINT('',(9.833706406829E-04,6.038434203527E-03));
#220 = CARTESIAN_POINT('',(-4.151874441543E-04,2.887765070582E-03));
#221 = CARTESIAN_POINT('',(0.,0.));
#222 = ( GEOMETRIC_REPRESENTATION_CONTEXT(2) 
PARAMETRIC_REPRESENTATION_CONTEXT() REPRESENTATION_CONTEXT('2D SPACE',''
  ) );
#223 = FACE_BOUND('',#224,.T.);
#224 = EDGE_LOOP('',(#225,#327,#505,#650,#771));
#225 = ORIENTED_EDGE('',*,*,#226,.T.);
#226 = EDGE_CURVE('',#227,#229,#231,.T.);
#227 = VERTEX_POINT('',#228);
#228 = CARTESIAN_POINT('',(0.190576873502,0.271697260271,
    4.728112307832E-02));
#229 = VERTEX_POINT('',#230);
#230 = CARTESIAN_POINT('',(0.190192048871,0.271491881745,
    4.758780131602E-02));
#231 = SURFACE_CURVE('',#232,(#238,#247),.PCURVE_S1.);
#232 = B_SPLINE_CURVE_WITH_KNOTS('',4,(#233,#234,#235,#236,#237),
  .UNSPECIFIED.,.F.,.F.,(5,5),(0.,1.),.PIECEWISE_BEZIER_KNOTS.);
#233 = CARTESIAN_POINT('',(0.190576873502,0.271697260271,
    4.728112307832E-02));
#234 = CARTESIAN_POINT('',(0.190485523602,0.271654721198,
    4.734043067468E-02));
#235 = CARTESIAN_POINT('',(0.190390337208,0.271605802628,
    4.741178392087E-02));
#236 = CARTESIAN_POINT('',(0.190292005449,0.271550750959,
    4.749544826003E-02));
#237 = CARTESIAN_POINT('',(0.190192048871,0.271491881745,
    4.758780131602E-02));
#238 = PCURVE('',#36,#239);
#239 = DEFINITIONAL_REPRESENTATION('',(#240),#246);
#240 = B_SPLINE_CURVE_WITH_KNOTS('',4,(#241,#242,#243,#244,#245),
  .UNSPECIFIED.,.F.,.F.,(5,5),(0.,1.),.PIECEWISE_BEZIER_KNOTS.);
#241 = CARTESIAN_POINT('',(0.326344472371,0.182423936608));
#242 = CARTESIAN_POINT('',(0.325946056353,0.181141453626));
#243 = CARTESIAN_POINT('',(0.325472847993,0.179805436556));
#244 = CARTESIAN_POINT('',(0.324924386373,0.178425649836));
#245 = CARTESIAN_POINT('',(0.324324354562,0.177023448722));
#246 = ( GEOMETRIC_REPRESENTATION_CONTEXT(2) 
PARAMETRIC_REPRESENTATION_CONTEXT() REPRESENTATION_CONTEXT('2D SPACE',''
  ) );
#247 = PCURVE('',#248,#319);
#248 = ( BOUNDED_SURFACE() B_SPLINE_SURFACE(9,6,(
    (#249,#250,#251,#252,#253,#254,#255)
    ,(#256,#257,#258,#259,#260,#261,#262)
    ,(#263,#264,#265,#266,#267,#268,#269)
    ,(#270,#271,#272,#273,#274,#275,#276)
    ,(#277,#278,#279,#280,#281,#282,#283)
    ,(#284,#285,#286,#287,#288,#289,#290)
    ,(#291,#292,#293,#294,#295,#296,#297)
    ,(#298,#299,#300,#301,#302,#303,#304)
    ,(#305,#306,#307,#308,#309,#310,#311)
    ,(#312,#313,#314,#315,#316,#317,#318
)),.UNSPECIFIED.,.F.,.F.,.F.) B_SPLINE_SURFACE_WITH_KNOTS((10,10),(7,7),
  (1.,2.),(0.,1.),.PIECEWISE_BEZIER_KNOTS.) 
GEOMETRIC_REPRESENTATION_ITEM() RATIONAL_B_SPLINE_SURFACE((
    (1.,1.,1.,1.,1.,1.,1.)
    ,(1.,1.,1.,1.,1.,1.,1.)
    ,(1.,1.,1.,1.,1.,1.,1.)
    ,(1.,1.,1.,1.,1.,1.,1.)
    ,(1.,1.,1.,1.,1.,1.,1.)
    ,(1.,1.,1.,1.,1.,1.,1.)
    ,(1.,1.,1.,1.,1.,1.,1.)
    ,(1.,1.,1.,1.,1.,1.,1.)
    ,(1.,1.,1.,1.,1.,1.,1.)
,(1.,1.,1.,1.,1.,1.,1.))) REPRESENTATION_ITEM('') SURFACE() );
#249 = CARTESIAN_POINT('',(0.190189282869,0.289055158915,
    5.401447070677E-02));
#250 = CARTESIAN_POINT('',(0.190038500156,0.263261410688,
    4.421116609191E-02));
#251 = CARTESIAN_POINT('',(0.190253021635,0.236281771221,
    3.960669898845E-02));
#252 = CARTESIAN_POINT('',(0.192596147285,0.216476711974,
    5.104518589795E-03));
#253 = CARTESIAN_POINT('',(0.191449873883,0.184421714424,
    1.930592577855E-02));
#254 = CARTESIAN_POINT('',(0.192552737361,0.162216730114,
    -8.504010961273E-03));
#255 = CARTESIAN_POINT('',(0.190295799381,0.132004923044,
    -4.815550425651E-03));
#256 = CARTESIAN_POINT('',(0.190222681812,0.289058471254,
    5.400537012922E-02));
#257 = CARTESIAN_POINT('',(0.190240716476,0.263465795975,
    4.36496221298E-02));
#258 = CARTESIAN_POINT('',(0.18959878389,0.235502618577,
    4.174740328468E-02));
#259 = CARTESIAN_POINT('',(0.194170948472,0.218080836002,
    6.972240453277E-04));
#260 = CARTESIAN_POINT('',(0.190837959985,0.183767718657,
    2.110276437951E-02));
#261 = CARTESIAN_POINT('',(0.192771540853,0.16227491164,
    -8.663863390031E-03));
#262 = CARTESIAN_POINT('',(0.190338877367,0.132002547778,
    -4.809024435418E-03));
#263 = CARTESIAN_POINT('',(0.190256071105,0.289061767464,
    5.399631386824E-02));
#264 = CARTESIAN_POINT('',(0.19042723869,0.263639289748,
    4.317295190672E-02));
#265 = CARTESIAN_POINT('',(0.189007435574,0.234848493471,
    4.354459724265E-02));
#266 = CARTESIAN_POINT('',(0.195646245009,0.21948008178,
    -3.147172134714E-03));
#267 = CARTESIAN_POINT('',(0.190273143972,0.183230474316,
    2.257883107651E-02));
#268 = CARTESIAN_POINT('',(0.192945656943,0.162243145707,
    -8.576587207233E-03));
#269 = CARTESIAN_POINT('',(0.190371308799,0.131977582878,
    -4.740433935485E-03));
#270 = CARTESIAN_POINT('',(0.190289450147,0.289065047485,
    5.398730208444E-02));
#271 = CARTESIAN_POINT('',(0.190594779267,0.263779184171,
    4.278859513894E-02));
#272 = CARTESIAN_POINT('',(0.188492189032,0.23433021875,
    4.496854533698E-02));
#273 = CARTESIAN_POINT('',(0.197001032622,0.220657625032,
    -6.382445628764E-03));
#274 = CARTESIAN_POINT('',(0.189765321754,0.182816795526,
    2.371540420978E-02));
#275 = CARTESIAN_POINT('',(0.19307159696,0.162120784317,
    -8.240402051393E-03));
#276 = CARTESIAN_POINT('',(0.19039233335,0.131930036407,
    -4.609801081488E-03));
#277 = CARTESIAN_POINT('',(0.190322818338,0.289068311259,
    5.397833493839E-02));
#278 = CARTESIAN_POINT('',(0.190740465586,0.263883523907,
    4.250192406814E-02));
#279 = CARTESIAN_POINT('',(0.188064563118,0.233955508287,
    4.599805387195E-02));
#280 = CARTESIAN_POINT('',(0.198217164541,0.221602097272,
    -8.977361781402E-03));
#281 = CARTESIAN_POINT('',(0.189322404337,0.182529223016,
    2.450550318836E-02));
#282 = CARTESIAN_POINT('',(0.193146983096,0.161909360305,
    -7.659519351905E-03));
#283 = CARTESIAN_POINT('',(0.190401462953,0.131860484496,
    -4.418708775618E-03));
#284 = CARTESIAN_POINT('',(0.190356175077,0.289071558728,
    5.396941259069E-02));
#285 = CARTESIAN_POINT('',(0.190861837681,0.26395105302,
    4.23163893555E-02));
#286 = CARTESIAN_POINT('',(0.187734392851,0.233729194211,
    4.661984668562E-02));
#287 = CARTESIAN_POINT('',(0.199279332676,0.222307143977,
    -1.091446168432E-02));
#288 = CARTESIAN_POINT('',(0.188950336716,0.182366464169,
    2.495267944487E-02));
#289 = CARTESIAN_POINT('',(0.19317054034,0.161612406803,
    -6.843646310898E-03));
#290 = CARTESIAN_POINT('',(0.190398480205,0.131770022795,
    -4.170167294399E-03));
#291 = CARTESIAN_POINT('',(0.190389519764,0.289074789833,
    5.396053520193E-02));
#292 = CARTESIAN_POINT('',(0.190956845985,0.263981161868,
    4.223366597584E-02));
#293 = CARTESIAN_POINT('',(0.187509839078,0.233653454128,
    4.682794085386E-02));
#294 = CARTESIAN_POINT('',(0.200175048787,0.222770982757,
    -1.218884825731E-02));
#295 = CARTESIAN_POINT('',(0.188653116779,0.182323833083,
    2.506980739029E-02));
#296 = CARTESIAN_POINT('',(0.193142088407,0.161235276706,
    -5.80748988509E-03));
#297 = CARTESIAN_POINT('',(0.190383436762,0.131660217933,
    -3.868480916462E-03));
#298 = CARTESIAN_POINT('',(0.190422851799,0.289078004516,
    5.395170293269E-02));
#299 = CARTESIAN_POINT('',(0.191023849075,0.263973834006,
    4.225379911162E-02));
#300 = CARTESIAN_POINT('',(0.187397398125,0.233728038347,
    4.662302239452E-02));
#301 = CARTESIAN_POINT('',(0.200894625668,0.22299596152,
    -1.280697232919E-02));
#302 = CARTESIAN_POINT('',(0.188432814198,0.182393690626,
    2.487787536876E-02));
#303 = CARTESIAN_POINT('',(0.193062533677,0.160784962134,
    -4.570260767649E-03));
#304 = CARTESIAN_POINT('',(0.190356651737,0.131533058975,
    -3.519114550326E-03));
#305 = CARTESIAN_POINT('',(0.190456170581,0.289081202719,
    5.394291594356E-02));
#306 = CARTESIAN_POINT('',(0.191061611418,0.263929593083,
    4.237535004716E-02));
#307 = CARTESIAN_POINT('',(0.187401911461,0.233950497108,
    4.601182197152E-02));
#308 = CARTESIAN_POINT('',(0.201431158313,0.222988116648,
    -1.278541871885E-02));
#309 = CARTESIAN_POINT('',(0.18828958933,0.182565884491,
    2.440477661237E-02));
#310 = CARTESIAN_POINT('',(0.192933861122,0.160269913899,
    -3.155177370039E-03));
#311 = CARTESIAN_POINT('',(0.190318710107,0.131390908876,
    -3.128560362178E-03));
#312 = CARTESIAN_POINT('',(0.190489475509,0.289084384382,
    5.393417439514E-02));
#313 = CARTESIAN_POINT('',(0.191069301112,0.263849449744,
    4.259554206263E-02));
#314 = CARTESIAN_POINT('',(0.187526575357,0.234316407804,
    4.500649059894E-02));
#315 = CARTESIAN_POINT('',(0.201780505094,0.22275673116,
    -1.214969231616E-02));
#316 = CARTESIAN_POINT('',(0.188221712113,0.182828189255,
    2.36841001959E-02));
#317 = CARTESIAN_POINT('',(0.192759126245,0.159699860964,
    -1.588969803882E-03));
#318 = CARTESIAN_POINT('',(0.190270461103,0.131236455938,
    -2.704204403645E-03));
#319 = DEFINITIONAL_REPRESENTATION('',(#320),#326);
#320 = B_SPLINE_CURVE_WITH_KNOTS('',4,(#321,#322,#323,#324,#325),
  .UNSPECIFIED.,.F.,.F.,(5,5),(0.,1.),.PIECEWISE_BEZIER_KNOTS.);
#321 = CARTESIAN_POINT('',(2.,0.112653101318));
#322 = CARTESIAN_POINT('',(1.749999426494,0.112772061702));
#323 = CARTESIAN_POINT('',(1.499999255429,0.112902348752));
#324 = CARTESIAN_POINT('',(1.249999498687,0.113042014311));
#325 = CARTESIAN_POINT('',(1.,0.113185397102));
#326 = ( GEOMETRIC_REPRESENTATION_CONTEXT(2) 
PARAMETRIC_REPRESENTATION_CONTEXT() REPRESENTATION_CONTEXT('2D SPACE',''
  ) );
#327 = ORIENTED_EDGE('',*,*,#328,.T.);
#328 = EDGE_CURVE('',#229,#329,#331,.T.);
#329 = VERTEX_POINT('',#330);
#330 = CARTESIAN_POINT('',(0.193527301272,0.271047255213,
    4.954876830135E-02));
#331 = SURFACE_CURVE('',#332,(#364,#399),.PCURVE_S1.);
#332 = B_SPLINE_CURVE_WITH_KNOTS('',5,(#333,#334,#335,#336,#337,#338,
    #339,#340,#341,#342,#343,#344,#345,#346,#347,#348,#349,#350,#351,
    #352,#353,#354,#355,#356,#357,#358,#359,#360,#361,#362,#363),
  .UNSPECIFIED.,.F.,.F.,(6,4,4,5,4,4,4,6),(0.,0.178617845351,
    0.274407448752,0.410722928564,0.589340773915,0.735826133229,
    0.882360390212,1.),.UNSPECIFIED.);
#333 = CARTESIAN_POINT('',(0.190192048871,0.271491881745,
    4.758780131602E-02));
#334 = CARTESIAN_POINT('',(0.189015447278,0.270876924042,
    4.852018047991E-02));
#335 = CARTESIAN_POINT('',(0.187836696898,0.270285485777,
    4.955893183992E-02));
#336 = CARTESIAN_POINT('',(0.186688450659,0.269754013266,
    5.067309791932E-02));
#337 = CARTESIAN_POINT('',(0.185599431536,0.269304815663,
    5.181796167898E-02));
#338 = CARTESIAN_POINT('',(0.184083936046,0.268744695948,
    5.353993023116E-02));
#339 = CARTESIAN_POINT('',(0.183584375301,0.268573571281,
    5.41341213742E-02));
#340 = CARTESIAN_POINT('',(0.183121135347,0.268427222552,
    5.471275598441E-02));
#341 = CARTESIAN_POINT('',(0.182701946063,0.26830462035,
    5.526653917212E-02));
#342 = CARTESIAN_POINT('',(0.181813797551,0.268059215038,
    5.652408367825E-02));
#343 = CARTESIAN_POINT('',(0.181398403009,0.267958241621,
    5.719251641672E-02));
#344 = CARTESIAN_POINT('',(0.181113497567,0.267894095179,
    5.776240461249E-02));
#345 = CARTESIAN_POINT('',(0.180982350926,0.267854690063,
    5.820517739001E-02));
#346 = CARTESIAN_POINT('',(0.181002668173,0.267833707194,
    5.85097784093E-02));
#347 = CARTESIAN_POINT('',(0.181025625627,0.267809971243,
    5.885383563231E-02));
#348 = CARTESIAN_POINT('',(0.181241981819,0.2678099592,
    5.902201674901E-02));
#349 = CARTESIAN_POINT('',(0.181650065142,0.267823445169,
    5.899728844063E-02));
#350 = CARTESIAN_POINT('',(0.182208794175,0.267853615644,
    5.879682174208E-02));
#351 = CARTESIAN_POINT('',(0.18343970518,0.267957514838,
    5.815463878901E-02));
#352 = CARTESIAN_POINT('',(0.184073408994,0.268022273991,
    5.776275773636E-02));
#353 = CARTESIAN_POINT('',(0.184767574117,0.268110311405,
    5.728121382023E-02));
#354 = CARTESIAN_POINT('',(0.185506439934,0.268228771708,
    5.67253542481E-02));
#355 = CARTESIAN_POINT('',(0.187048754947,0.268536594243,
    5.549473932751E-02));
#356 = CARTESIAN_POINT('',(0.187852040212,0.268725965341,
    5.482007887686E-02));
#357 = CARTESIAN_POINT('',(0.188674402866,0.268955835683,
    5.410134525667E-02));
#358 = CARTESIAN_POINT('',(0.189504505547,0.269229079725,
    5.33545266617E-02));
#359 = CARTESIAN_POINT('',(0.190991025852,0.269795892404,
    5.198576017732E-02));
#360 = CARTESIAN_POINT('',(0.191649300945,0.270074747639,
    5.136823763331E-02));
#361 = CARTESIAN_POINT('',(0.192297194716,0.270379098176,
    5.075091002504E-02));
#362 = CARTESIAN_POINT('',(0.192926462131,0.270705349126,
    5.014180261448E-02));
#363 = CARTESIAN_POINT('',(0.193527301272,0.271047255213,
    4.954876830135E-02));
#364 = PCURVE('',#36,#365);
#365 = DEFINITIONAL_REPRESENTATION('',(#366),#398);
#366 = B_SPLINE_CURVE_WITH_KNOTS('',5,(#367,#368,#369,#370,#371,#372,
    #373,#374,#375,#376,#377,#378,#379,#380,#381,#382,#383,#384,#385,
    #386,#387,#388,#389,#390,#391,#392,#393,#394,#395,#396,#397),
  .UNSPECIFIED.,.F.,.F.,(6,4,4,5,4,4,4,6),(0.,0.178617845351,
    0.274407448752,0.410722928564,0.589340773915,0.735826133229,
    0.882360390212,1.),.UNSPECIFIED.);
#367 = CARTESIAN_POINT('',(0.324324354562,0.177023448722));
#368 = CARTESIAN_POINT('',(0.318215415476,0.160517956399));
#369 = CARTESIAN_POINT('',(0.311710019421,0.144031361804));
#370 = CARTESIAN_POINT('',(0.305024744059,0.128011268275));
#371 = CARTESIAN_POINT('',(0.298369786082,0.112838553271));
#372 = CARTESIAN_POINT('',(0.288571949575,9.173826448465E-02));
#373 = CARTESIAN_POINT('',(0.285231819096,8.478584649164E-02));
#374 = CARTESIAN_POINT('',(0.282010537061,7.834006654096E-02));
#375 = CARTESIAN_POINT('',(0.27895058681,7.250730901191E-02));
#376 = CARTESIAN_POINT('',(0.272039059361,6.014861614563E-02));
#377 = CARTESIAN_POINT('',(0.26839893874,5.436776609067E-02));
#378 = CARTESIAN_POINT('',(0.265310651766,5.04010503205E-02));
#379 = CARTESIAN_POINT('',(0.262916072386,4.85752776877E-02));
#380 = CARTESIAN_POINT('',(0.261271103873,4.885812778301E-02));
#381 = CARTESIAN_POINT('',(0.259413059191,4.917773620669E-02));
#382 = CARTESIAN_POINT('',(0.258508897311,5.218983078537E-02));
#383 = CARTESIAN_POINT('',(0.258645099497,5.787101582174E-02));
#384 = CARTESIAN_POINT('',(0.259731941376,6.564505188428E-02));
#385 = CARTESIAN_POINT('',(0.263232005595,8.277303488334E-02));
#386 = CARTESIAN_POINT('',(0.265371881564,9.159128579682E-02));
#387 = CARTESIAN_POINT('',(0.26801173309,0.101252942843));
#388 = CARTESIAN_POINT('',(0.271080907678,0.111543518128));
#389 = CARTESIAN_POINT('',(0.277951346423,0.133047407459));
#390 = CARTESIAN_POINT('',(0.281752138308,0.144258438897));
#391 = CARTESIAN_POINT('',(0.285852369792,0.155751996974));
#392 = CARTESIAN_POINT('',(0.290187148261,0.167375560217));
#393 = CARTESIAN_POINT('',(0.298298393807,0.188234463547));
#394 = CARTESIAN_POINT('',(0.302015710621,0.197487053732));
#395 = CARTESIAN_POINT('',(0.305802940312,0.206611506998));
#396 = CARTESIAN_POINT('',(0.309618312875,0.215491731482));
#397 = CARTESIAN_POINT('',(0.313413636926,0.223987495677));
#398 = ( GEOMETRIC_REPRESENTATION_CONTEXT(2) 
PARAMETRIC_REPRESENTATION_CONTEXT() REPRESENTATION_CONTEXT('2D SPACE',''
  ) );
#399 = PCURVE('',#400,#471);
#400 = ( BOUNDED_SURFACE() B_SPLINE_SURFACE(9,6,(
    (#401,#402,#403,#404,#405,#406,#407)
    ,(#408,#409,#410,#411,#412,#413,#414)
    ,(#415,#416,#417,#418,#419,#420,#421)
    ,(#422,#423,#424,#425,#426,#427,#428)
    ,(#429,#430,#431,#432,#433,#434,#435)
    ,(#436,#437,#438,#439,#440,#441,#442)
    ,(#443,#444,#445,#446,#447,#448,#449)
    ,(#450,#451,#452,#453,#454,#455,#456)
    ,(#457,#458,#459,#460,#461,#462,#463)
    ,(#464,#465,#466,#467,#468,#469,#470
)),.UNSPECIFIED.,.F.,.F.,.F.) B_SPLINE_SURFACE_WITH_KNOTS((10,10),(7,7),
  (0.,1.),(0.,1.),.PIECEWISE_BEZIER_KNOTS.) 
GEOMETRIC_REPRESENTATION_ITEM() RATIONAL_B_SPLINE_SURFACE((
    (1.,1.,1.,1.,1.,1.,1.)
    ,(1.,1.,1.,1.,1.,1.,1.)
    ,(1.,1.,1.,1.,1.,1.,1.)
    ,(1.,1.,1.,1.,1.,1.,1.)
    ,(1.,1.,1.,1.,1.,1.,1.)
    ,(1.,1.,1.,1.,1.,1.,1.)
    ,(1.,1.,1.,1.,1.,1.,1.)
    ,(1.,1.,1.,1.,1.,1.,1.)
    ,(1.,1.,1.,1.,1.,1.,1.)
,(1.,1.,1.,1.,1.,1.,1.))) REPRESENTATION_ITEM('') SURFACE() );
#401 = CARTESIAN_POINT('',(0.198941330285,0.289030251104,
    5.40829043542E-02));
#402 = CARTESIAN_POINT('',(0.185721813454,0.261524831117,
    4.89823792504E-02));
#403 = CARTESIAN_POINT('',(0.196376152523,0.237493358198,
    3.627789112811E-02));
#404 = CARTESIAN_POINT('',(0.188692928204,0.207998982406,
    2.839688914817E-02));
#405 = CARTESIAN_POINT('',(0.190820541724,0.184511962117,
    1.905797227881E-02));
#406 = CARTESIAN_POINT('',(0.191005275146,0.155988581032,
    8.607688006492E-03));
#407 = CARTESIAN_POINT('',(0.189928923695,0.130367829436,
    -3.176727049362E-04));
#408 = CARTESIAN_POINT('',(0.199478454922,0.28850396804,
    5.552885518954E-02));
#409 = CARTESIAN_POINT('',(0.175259939813,0.25957479959,
    5.434004683716E-02));
#410 = CARTESIAN_POINT('',(0.202687532717,0.236365627457,
    3.937630587367E-02));
#411 = CARTESIAN_POINT('',(0.181716287767,0.204525349108,
    3.794061819735E-02));
#412 = CARTESIAN_POINT('',(0.191692477215,0.184178337226,
    1.997459913406E-02));
#413 = CARTESIAN_POINT('',(0.18923687287,0.152632206504,
    1.782925123425E-02));
#414 = CARTESIAN_POINT('',(0.189517832302,0.129476063497,
    2.132434077276E-03));
#415 = CARTESIAN_POINT('',(0.196879258189,0.287603019751,
    5.800419026887E-02));
#416 = CARTESIAN_POINT('',(0.167921660845,0.257998126364,
    5.867192092378E-02));
#417 = CARTESIAN_POINT('',(0.20515713707,0.234778943294,
    4.373568478279E-02));
#418 = CARTESIAN_POINT('',(0.176473301014,0.201259343113,
    4.691389591992E-02));
#419 = CARTESIAN_POINT('',(0.191620958926,0.183731188771,
    2.120312941579E-02));
#420 = CARTESIAN_POINT('',(0.187048017786,0.149224710864,
    2.719126856029E-02));
#421 = CARTESIAN_POINT('',(0.188971825808,0.128567921976,
    4.627532399276E-03));
#422 = CARTESIAN_POINT('',(0.190926627188,0.286555529096,
    6.088214719137E-02));
#423 = CARTESIAN_POINT('',(0.166434760787,0.257075752102,
    6.120612337904E-02));
#424 = CARTESIAN_POINT('',(0.202037640763,0.233287455906,
    4.783351270453E-02));
#425 = CARTESIAN_POINT('',(0.17471918309,0.198639517793,
    5.411180682987E-02));
#426 = CARTESIAN_POINT('',(0.190685546075,0.183756620586,
    2.113325607907E-02));
#427 = CARTESIAN_POINT('',(0.185115177055,0.147084535778,
    3.307135128431E-02));
#428 = CARTESIAN_POINT('',(0.188458520201,0.128006089284,
    6.171155035411E-03));
#429 = CARTESIAN_POINT('',(0.183128906702,0.285784852224,
    6.299956449618E-02));
#430 = CARTESIAN_POINT('',(0.171198114913,0.256832680423,
    6.187395732926E-02));
#431 = CARTESIAN_POINT('',(0.194226929993,0.232730588542,
    4.936349321116E-02));
#432 = CARTESIAN_POINT('',(0.176749713391,0.196976729648,
    5.868027971112E-02));
#433 = CARTESIAN_POINT('',(0.189627381982,0.184872480651,
    1.806745574655E-02));
#434 = CARTESIAN_POINT('',(0.184292007024,0.147508481048,
    3.190657122788E-02));
#435 = CARTESIAN_POINT('',(0.188209751935,0.128148326049,
    5.780362733382E-03));
#436 = CARTESIAN_POINT('',(0.177117460912,0.285801960443,
    6.295256004768E-02));
#437 = CARTESIAN_POINT('',(0.178645667066,0.256967988741,
    6.150220078104E-02));
#438 = CARTESIAN_POINT('',(0.186557299907,0.233821920922,
    4.636508214121E-02));
#439 = CARTESIAN_POINT('',(0.180321879779,0.196529512369,
    5.990899908564E-02));
#440 = CARTESIAN_POINT('',(0.189825080324,0.187235916099,
    1.157397022307E-02));
#441 = CARTESIAN_POINT('',(0.185237765774,0.151008107664,
    2.229142612401E-02));
#442 = CARTESIAN_POINT('',(0.188430479245,0.129133268038,
    3.074256860179E-03));
#443 = CARTESIAN_POINT('',(0.176279810387,0.286597213073,
    6.076762140684E-02));
#444 = CARTESIAN_POINT('',(0.183698215104,0.257642054876,
    5.965021929525E-02));
#445 = CARTESIAN_POINT('',(0.184023350783,0.235457187772,
    4.187222339408E-02));
#446 = CARTESIAN_POINT('',(0.183256134584,0.19895020648,
    5.325819667834E-02));
#447 = CARTESIAN_POINT('',(0.191221385711,0.188993440388,
    6.745211922807E-03));
#448 = CARTESIAN_POINT('',(0.187453156365,0.155812848379,
    9.090509503286E-03));
#449 = CARTESIAN_POINT('',(0.189005073508,0.13044495062,
    -5.295614162392E-04));
#450 = CARTESIAN_POINT('',(0.179671119208,0.2876519931,
    5.786963709976E-02));
#451 = CARTESIAN_POINT('',(0.186479115139,0.259114722657,
    5.560409782163E-02));
#452 = CARTESIAN_POINT('',(0.18530836455,0.236415710068,
    3.923870503221E-02));
#453 = CARTESIAN_POINT('',(0.186185276422,0.204297725186,
    3.856600978155E-02));
#454 = CARTESIAN_POINT('',(0.192341015013,0.188867285955,
    7.091818379432E-03));
#455 = CARTESIAN_POINT('',(0.189850172729,0.159826797354,
    -1.93772466971E-03));
#456 = CARTESIAN_POINT('',(0.189628329277,0.131497409201,
    -3.421167601672E-03));
#457 = CARTESIAN_POINT('',(0.185045686196,0.288545042848,
    5.541600308085E-02));
#458 = CARTESIAN_POINT('',(0.188193890885,0.261143234326,
    5.003080781516E-02));
#459 = CARTESIAN_POINT('',(0.188067259355,0.236565440053,
    3.882732527854E-02));
#460 = CARTESIAN_POINT('',(0.189347860018,0.210821460615,
    2.064219400239E-02));
#461 = CARTESIAN_POINT('',(0.192431916152,0.187038654764,
    1.211594128563E-02));
#462 = CARTESIAN_POINT('',(0.191657502281,0.161989118126,
    -7.878652165059E-03));
#463 = CARTESIAN_POINT('',(0.190087132802,0.132016428658,
    -4.847161839561E-03));
#464 = CARTESIAN_POINT('',(0.190189282869,0.289055158915,
    5.401447070677E-02));
#465 = CARTESIAN_POINT('',(0.190038500156,0.263261410688,
    4.421116609191E-02));
#466 = CARTESIAN_POINT('',(0.190253021635,0.236281771221,
    3.960669898845E-02));
#467 = CARTESIAN_POINT('',(0.192596147285,0.216476711974,
    5.104518589795E-03));
#468 = CARTESIAN_POINT('',(0.191449873883,0.184421714424,
    1.930592577855E-02));
#469 = CARTESIAN_POINT('',(0.192552737361,0.162216730114,
    -8.504010961273E-03));
#470 = CARTESIAN_POINT('',(0.190295799381,0.132004923044,
    -4.815550425651E-03));
#471 = DEFINITIONAL_REPRESENTATION('',(#472),#504);
#472 = B_SPLINE_CURVE_WITH_KNOTS('',5,(#473,#474,#475,#476,#477,#478,
    #479,#480,#481,#482,#483,#484,#485,#486,#487,#488,#489,#490,#491,
    #492,#493,#494,#495,#496,#497,#498,#499,#500,#501,#502,#503),
  .UNSPECIFIED.,.F.,.F.,(6,4,4,5,4,4,4,6),(0.,0.178617845351,
    0.274407448752,0.410722928564,0.589340773915,0.735826133229,
    0.882360390212,1.),.UNSPECIFIED.);
#473 = CARTESIAN_POINT('',(1.,0.113185397102));
#474 = CARTESIAN_POINT('',(0.962726118642,0.114750059261));
#475 = CARTESIAN_POINT('',(0.925506167507,0.115961158455));
#476 = CARTESIAN_POINT('',(0.888081253323,0.116675977055));
#477 = CARTESIAN_POINT('',(0.85028258971,0.116860462477));
#478 = CARTESIAN_POINT('',(0.791331032503,0.116482303745));
#479 = CARTESIAN_POINT('',(0.770591555853,0.116226077152));
#480 = CARTESIAN_POINT('',(0.749662287684,0.115861352287));
#481 = CARTESIAN_POINT('',(0.728528496166,0.115413163336));
#482 = CARTESIAN_POINT('',(0.67682533999,0.114208005875));
#483 = CARTESIAN_POINT('',(0.646039820805,0.113400092929));
#484 = CARTESIAN_POINT('',(0.614865689751,0.112586650707));
#485 = CARTESIAN_POINT('',(0.5834219245,0.111895365271));
#486 = CARTESIAN_POINT('',(0.551967447802,0.111385006884));
#487 = CARTESIAN_POINT('',(0.516438211277,0.110808739172));
#488 = CARTESIAN_POINT('',(0.480856848328,0.110461204958));
#489 = CARTESIAN_POINT('',(0.445603764942,0.110435733642));
#490 = CARTESIAN_POINT('',(0.410835182105,0.110678739513));
#491 = CARTESIAN_POINT('',(0.348486965854,0.111415970848));
#492 = CARTESIAN_POINT('',(0.320734885216,0.111858142425));
#493 = CARTESIAN_POINT('',(0.293317148208,0.112353415482));
#494 = CARTESIAN_POINT('',(0.26619502134,0.112829503782));
#495 = CARTESIAN_POINT('',(0.212397424054,0.11362480428));
#496 = CARTESIAN_POINT('',(0.185726526143,0.11394376921));
#497 = CARTESIAN_POINT('',(0.159223152998,0.114123876429));
#498 = CARTESIAN_POINT('',(0.132819383044,0.114115795167));
#499 = CARTESIAN_POINT('',(8.522798271201E-02,0.11372622521));
#500 = CARTESIAN_POINT('',(6.403992396165E-02,0.113419123422));
#501 = CARTESIAN_POINT('',(4.280866500154E-02,0.112966869157));
#502 = CARTESIAN_POINT('',(2.148129762283E-02,0.112373266307));
#503 = CARTESIAN_POINT('',(0.,0.111657510143));
#504 = ( GEOMETRIC_REPRESENTATION_CONTEXT(2) 
PARAMETRIC_REPRESENTATION_CONTEXT() REPRESENTATION_CONTEXT('2D SPACE',''
  ) );
#505 = ORIENTED_EDGE('',*,*,#506,.T.);
#506 = EDGE_CURVE('',#329,#507,#509,.T.);
#507 = VERTEX_POINT('',#508);
#508 = CARTESIAN_POINT('',(0.198015692008,0.275657951835,
    4.323301437927E-02));
#509 = SURFACE_CURVE('',#510,(#531,#555),.PCURVE_S1.);
#510 = B_SPLINE_CURVE_WITH_KNOTS('',7,(#511,#512,#513,#514,#515,#516,
    #517,#518,#519,#520,#521,#522,#523,#524,#525,#526,#527,#528,#529,
    #530),.UNSPECIFIED.,.F.,.F.,(8,6,6,8),(0.,0.62743016862,
    0.802972853633,1.),.UNSPECIFIED.);
#511 = CARTESIAN_POINT('',(0.193527301272,0.271047255213,
    4.954876830135E-02));
#512 = CARTESIAN_POINT('',(0.194413618088,0.271556489539,
    4.866232260516E-02));
#513 = CARTESIAN_POINT('',(0.195250300511,0.272101967353,
    4.780330163386E-02));
#514 = CARTESIAN_POINT('',(0.19601709648,0.272670556692,
    4.69887361646E-02));
#515 = CARTESIAN_POINT('',(0.196692630581,0.273243399112,
    4.62349190063E-02));
#516 = CARTESIAN_POINT('',(0.197251417809,0.273792088068,
    4.555890202004E-02));
#517 = CARTESIAN_POINT('',(0.197674084888,0.274284081231,
    4.497332429878E-02));
#518 = CARTESIAN_POINT('',(0.198029716716,0.274809625305,
    4.435003537211E-02));
#519 = CARTESIAN_POINT('',(0.198096127231,0.274918151598,
    4.422149282791E-02));
#520 = CARTESIAN_POINT('',(0.198151008914,0.27501975365,
    4.410084497218E-02));
#521 = CARTESIAN_POINT('',(0.198194234064,0.275113934967,
    4.398824211803E-02));
#522 = CARTESIAN_POINT('',(0.198225739833,0.275200260771,
    4.3883808569E-02));
#523 = CARTESIAN_POINT('',(0.198245528229,0.275278357998,
    4.378764261907E-02));
#524 = CARTESIAN_POINT('',(0.198262799977,0.275425985637,
    4.360124155796E-02));
#525 = CARTESIAN_POINT('',(0.198257249594,0.275493304116,
    4.351317613359E-02));
#526 = CARTESIAN_POINT('',(0.198237121413,0.275549443401,
    4.343572082968E-02));
#527 = CARTESIAN_POINT('',(0.198202599953,0.275594098726,
    4.336894769805E-02));
#528 = CARTESIAN_POINT('',(0.198153947793,0.275627087896,
    4.33129002921E-02));
#529 = CARTESIAN_POINT('',(0.198091505576,0.275648351284,
    4.326759366694E-02));
#530 = CARTESIAN_POINT('',(0.198015692008,0.275657951835,
    4.323301437927E-02));
#531 = PCURVE('',#36,#532);
#532 = DEFINITIONAL_REPRESENTATION('',(#533),#554);
#533 = B_SPLINE_CURVE_WITH_KNOTS('',7,(#534,#535,#536,#537,#538,#539,
    #540,#541,#542,#543,#544,#545,#546,#547,#548,#549,#550,#551,#552,
    #553),.UNSPECIFIED.,.F.,.F.,(8,6,6,8),(0.,0.62743016862,
    0.802972853633,1.),.UNSPECIFIED.);
#534 = CARTESIAN_POINT('',(0.313413636926,0.223987495677));
#535 = CARTESIAN_POINT('',(0.31908261719,0.236519831277));
#536 = CARTESIAN_POINT('',(0.324747220649,0.248385722018));
#537 = CARTESIAN_POINT('',(0.330304228714,0.259294940661));
#538 = CARTESIAN_POINT('',(0.33563304767,0.268936264708));
#539 = CARTESIAN_POINT('',(0.34056672841,0.2769316108));
#540 = CARTESIAN_POINT('',(0.344921865528,0.282988216435));
#541 = CARTESIAN_POINT('',(0.349580563889,0.288088242935));
#542 = CARTESIAN_POINT('',(0.350543063964,0.289040992502));
#543 = CARTESIAN_POINT('',(0.351446516928,0.289828584242));
#544 = CARTESIAN_POINT('',(0.352288196712,0.29044903172));
#545 = CARTESIAN_POINT('',(0.353065732529,0.290901322239));
#546 = CARTESIAN_POINT('',(0.353777108876,0.291185416851));
#547 = CARTESIAN_POINT('',(0.355142986329,0.291433382957));
#548 = CARTESIAN_POINT('',(0.355779897959,0.291353698202));
#549 = CARTESIAN_POINT('',(0.356329125727,0.291064704235));
#550 = CARTESIAN_POINT('',(0.356789065089,0.290569092798));
#551 = CARTESIAN_POINT('',(0.357158781653,0.289870739221));
#552 = CARTESIAN_POINT('',(0.357438011181,0.288974702422));
#553 = CARTESIAN_POINT('',(0.357627159588,0.287887224906));
#554 = ( GEOMETRIC_REPRESENTATION_CONTEXT(2) 
PARAMETRIC_REPRESENTATION_CONTEXT() REPRESENTATION_CONTEXT('2D SPACE',''
  ) );
#555 = PCURVE('',#556,#627);
#556 = ( BOUNDED_SURFACE() B_SPLINE_SURFACE(9,6,(
    (#557,#558,#559,#560,#561,#562,#563)
    ,(#564,#565,#566,#567,#568,#569,#570)
    ,(#571,#572,#573,#574,#575,#576,#577)
    ,(#578,#579,#580,#581,#582,#583,#584)
    ,(#585,#586,#587,#588,#589,#590,#591)
    ,(#592,#593,#594,#595,#596,#597,#598)
    ,(#599,#600,#601,#602,#603,#604,#605)
    ,(#606,#607,#608,#609,#610,#611,#612)
    ,(#613,#614,#615,#616,#617,#618,#619)
    ,(#620,#621,#622,#623,#624,#625,#626
)),.UNSPECIFIED.,.F.,.F.,.F.) B_SPLINE_SURFACE_WITH_KNOTS((10,10),(7,7),
  (4.,5.),(0.,1.),.PIECEWISE_BEZIER_KNOTS.) 
GEOMETRIC_REPRESENTATION_ITEM() RATIONAL_B_SPLINE_SURFACE((
    (1.,1.,1.,1.,1.,1.,1.)
    ,(1.,1.,1.,1.,1.,1.,1.)
    ,(1.,1.,1.,1.,1.,1.,1.)
    ,(1.,1.,1.,1.,1.,1.,1.)
    ,(1.,1.,1.,1.,1.,1.,1.)
    ,(1.,1.,1.,1.,1.,1.,1.)
    ,(1.,1.,1.,1.,1.,1.,1.)
    ,(1.,1.,1.,1.,1.,1.,1.)
    ,(1.,1.,1.,1.,1.,1.,1.)
,(1.,1.,1.,1.,1.,1.,1.))) REPRESENTATION_ITEM('') SURFACE() );
#557 = CARTESIAN_POINT('',(0.193425522383,0.289309049317,
    5.331691255895E-02));
#558 = CARTESIAN_POINT('',(0.213243947489,0.27048009487,
    2.437799430321E-02));
#559 = CARTESIAN_POINT('',(0.166634288094,0.228482787059,
    6.103423186745E-02));
#560 = CARTESIAN_POINT('',(0.20777362263,0.214640265958,
    1.015011255191E-02));
#561 = CARTESIAN_POINT('',(0.185249657517,0.182831991918,
    2.367365246609E-02));
#562 = CARTESIAN_POINT('',(0.191780674755,0.156625722446,
    6.85715635859E-03));
#563 = CARTESIAN_POINT('',(0.189984195476,0.130490042024,
    -6.534490303267E-04));
#564 = CARTESIAN_POINT('',(0.194424438039,0.289364741437,
    5.316389971803E-02));
#565 = CARTESIAN_POINT('',(0.212654144783,0.270311327695,
    2.484167830543E-02));
#566 = CARTESIAN_POINT('',(0.166269544731,0.228280483879,
    6.159005528806E-02));
#567 = CARTESIAN_POINT('',(0.208096945046,0.214699873914,
    9.986341040015E-03));
#568 = CARTESIAN_POINT('',(0.185106377778,0.182770163426,
    2.384352485121E-02));
#569 = CARTESIAN_POINT('',(0.191770016328,0.156579511528,
    6.984119812694E-03));
#570 = CARTESIAN_POINT('',(0.189978190458,0.130476501671,
    -6.162472150691E-04));
#571 = CARTESIAN_POINT('',(0.195364448087,0.289399323123,
    5.306888731738E-02));
#572 = CARTESIAN_POINT('',(0.211329548074,0.269879323245,
    2.602860077679E-02));
#573 = CARTESIAN_POINT('',(0.166962953529,0.228457269563,
    6.110434061283E-02));
#574 = CARTESIAN_POINT('',(0.207720917787,0.21450893432,
    1.051094326051E-02));
#575 = CARTESIAN_POINT('',(0.185180810229,0.182786332259,
    2.379910134913E-02));
#576 = CARTESIAN_POINT('',(0.191737818084,0.156525583794,
    7.13228504328E-03));
#577 = CARTESIAN_POINT('',(0.189972150019,0.130462948633,
    -5.790105485837E-04));
#578 = CARTESIAN_POINT('',(0.196226038644,0.289411674008,
    5.303495353913E-02));
#579 = CARTESIAN_POINT('',(0.209275585452,0.269193179663,
    2.791376477537E-02));
#580 = CARTESIAN_POINT('',(0.168719690196,0.229001557996,
    5.960892043379E-02));
#581 = CARTESIAN_POINT('',(0.206640080867,0.214074873854,
    1.170351459185E-02));
#582 = CARTESIAN_POINT('',(0.185474855441,0.18287821623,
    2.35466522115E-02));
#583 = CARTESIAN_POINT('',(0.19168389182,0.156464168175,
    7.301023069831E-03));
#584 = CARTESIAN_POINT('',(0.189966074739,0.130449384186,
    -5.417425386816E-04));
#585 = CARTESIAN_POINT('',(0.196991519899,0.289401283761,
    5.306350050644E-02));
#586 = CARTESIAN_POINT('',(0.206532180815,0.268274145322,
    3.043879087269E-02));
#587 = CARTESIAN_POINT('',(0.171495223371,0.229884275205,
    5.718367483348E-02));
#588 = CARTESIAN_POINT('',(0.20488181653,0.213416670542,
    1.351191332702E-02));
#589 = CARTESIAN_POINT('',(0.185980176331,0.183039932636,
    2.310234003927E-02));
#590 = CARTESIAN_POINT('',(0.191609055674,0.156395847518,
    7.488732532006E-03));
#591 = CARTESIAN_POINT('',(0.189959965193,0.130435809609,
    -5.044466931738E-04));
#592 = CARTESIAN_POINT('',(0.197645466606,0.289368229823,
    5.315431545527E-02));
#593 = CARTESIAN_POINT('',(0.203169279613,0.267153595096,
    3.351747731619E-02));
#594 = CARTESIAN_POINT('',(0.175201341669,0.231061722888,
    5.394866391185E-02));
#595 = CARTESIAN_POINT('',(0.202502432661,0.212562970002,
    1.585743628319E-02));
#596 = CARTESIAN_POINT('',(0.186679412918,0.183262584694,
    2.249060853774E-02));
#597 = CARTESIAN_POINT('',(0.191515014836,0.156321500957,
    7.692998029557E-03));
#598 = CARTESIAN_POINT('',(0.189953821959,0.130422226176,
    -4.671265198714E-04));
#599 = CARTESIAN_POINT('',(0.198175158576,0.289313155139,
    5.33056319062E-02));
#600 = CARTESIAN_POINT('',(0.199282374577,0.265871006621,
    3.704136019157E-02));
#601 = CARTESIAN_POINT('',(0.179712180737,0.232478441938,
    5.005626031317E-02));
#602 = CARTESIAN_POINT('',(0.199583246204,0.211550201669,
    1.863999441139E-02));
#603 = CARTESIAN_POINT('',(0.187547397085,0.183534847993,
    2.174257127159E-02));
#604 = CARTESIAN_POINT('',(0.19140424226,0.156242246281,
    7.910748462231E-03));
#605 = CARTESIAN_POINT('',(0.189947645615,0.130408635166,
    -4.297855265854E-04));
#606 = CARTESIAN_POINT('',(0.198571021164,0.289237245897,
    5.351419083621E-02));
#607 = CARTESIAN_POINT('',(0.194988031456,0.264471936562,
    4.08852735852E-02));
#608 = CARTESIAN_POINT('',(0.1848702503,0.234070075969,
    4.568328175299E-02));
#609 = CARTESIAN_POINT('',(0.196226666566,0.210420695026,
    2.174328840609E-02));
#610 = CARTESIAN_POINT('',(0.188552367332,0.183843556936,
    2.089440041991E-02));
#611 = CARTESIAN_POINT('',(0.191279859383,0.156159382303,
    8.138415369682E-03));
#612 = CARTESIAN_POINT('',(0.189941436738,0.130395037855,
    -3.924272211268E-04));
#613 = CARTESIAN_POINT('',(0.198827065761,0.28914220926,
    5.377530185048E-02));
#614 = CARTESIAN_POINT('',(0.190419414752,0.263005996885,
    4.49129097465E-02));
#615 = CARTESIAN_POINT('',(0.190492461215,0.235766234843,
    4.102312354503E-02));
#616 = CARTESIAN_POINT('',(0.192552279039,0.209220795844,
    2.503998431491E-02));
#617 = CARTESIAN_POINT('',(0.18965718354,0.184174291188,
    1.998571553129E-02));
#618 = CARTESIAN_POINT('',(0.191145516833,0.156074331231,
    8.372091271374E-03));
#619 = CARTESIAN_POINT('',(0.189935195906,0.13038143552,
    -3.550551113067E-04));
#620 = CARTESIAN_POINT('',(0.198941330285,0.289030251104,
    5.40829043542E-02));
#621 = CARTESIAN_POINT('',(0.185721813454,0.261524831117,
    4.89823792504E-02));
#622 = CARTESIAN_POINT('',(0.196376152523,0.237493358198,
    3.627789112811E-02));
#623 = CARTESIAN_POINT('',(0.188692928204,0.207998982406,
    2.839688914817E-02));
#624 = CARTESIAN_POINT('',(0.190820541724,0.184511962117,
    1.905797227882E-02));
#625 = CARTESIAN_POINT('',(0.191005275146,0.155988581032,
    8.607688006492E-03));
#626 = CARTESIAN_POINT('',(0.189928923695,0.130367829436,
    -3.176727049362E-04));
#627 = DEFINITIONAL_REPRESENTATION('',(#628),#649);
#628 = B_SPLINE_CURVE_WITH_KNOTS('',7,(#629,#630,#631,#632,#633,#634,
    #635,#636,#637,#638,#639,#640,#641,#642,#643,#644,#645,#646,#647,
    #648),.UNSPECIFIED.,.F.,.F.,(8,6,6,8),(0.,0.62743016862,
    0.802972853633,1.),.UNSPECIFIED.);
#629 = CARTESIAN_POINT('',(5.,0.111657510143));
#630 = CARTESIAN_POINT('',(4.911013020708,0.110598039417));
#631 = CARTESIAN_POINT('',(4.821935763955,0.109276010021));
#632 = CARTESIAN_POINT('',(4.732719607638,0.107730706535));
#633 = CARTESIAN_POINT('',(4.64333364778,0.106035442384));
#634 = CARTESIAN_POINT('',(4.553758389429,0.104316231726));
#635 = CARTESIAN_POINT('',(4.464000795205,0.102731903074));
#636 = CARTESIAN_POINT('',(4.348960314286,0.10103479716));
#637 = CARTESIAN_POINT('',(4.323800716547,0.100683981581));
#638 = CARTESIAN_POINT('',(4.298632425998,0.100356174259));
#639 = CARTESIAN_POINT('',(4.273456764243,0.100053887679));
#640 = CARTESIAN_POINT('',(4.248275155277,9.977933741832E-02));
#641 = CARTESIAN_POINT('',(4.223089125484,9.953444215059E-02));
#642 = CARTESIAN_POINT('',(4.169628651715,9.908106061657E-02));
#643 = CARTESIAN_POINT('',(4.141353383572,9.888065539154E-02));
#644 = CARTESIAN_POINT('',(4.113076809546,9.872183110343E-02));
#645 = CARTESIAN_POINT('',(4.084801135364,9.860617260779E-02));
#646 = CARTESIAN_POINT('',(4.056528462142,9.853462647894E-02));
#647 = CARTESIAN_POINT('',(4.028260786388,9.850750101003E-02));
#648 = CARTESIAN_POINT('',(4.,9.852446621296E-02));
#649 = ( GEOMETRIC_REPRESENTATION_CONTEXT(2) 
PARAMETRIC_REPRESENTATION_CONTEXT() REPRESENTATION_CONTEXT('2D SPACE',''
  ) );
#650 = ORIENTED_EDGE('',*,*,#651,.T.);
#651 = EDGE_CURVE('',#507,#652,#654,.T.);
#652 = VERTEX_POINT('',#653);
#653 = CARTESIAN_POINT('',(0.191616864243,0.272135935793,
    4.672294418321E-02));
#654 = SURFACE_CURVE('',#655,(#668,#684),.PCURVE_S1.);
#655 = B_SPLINE_CURVE_WITH_KNOTS('',6,(#656,#657,#658,#659,#660,#661,
    #662,#663,#664,#665,#666,#667),.UNSPECIFIED.,.F.,.F.,(7,5,7),(0.,
    0.862052721008,1.),.UNSPECIFIED.);
#656 = CARTESIAN_POINT('',(0.198015692008,0.275657951835,
    4.323301437927E-02));
#657 = CARTESIAN_POINT('',(0.197609625916,0.275509510335,
    4.329686573473E-02));
#658 = CARTESIAN_POINT('',(0.196963792344,0.275159500494,
    4.354489548052E-02));
#659 = CARTESIAN_POINT('',(0.196121383995,0.27466327308,
    4.39396197473E-02));
#660 = CARTESIAN_POINT('',(0.1951215233,0.274079384532,4.4464193938E-02)
  );
#661 = CARTESIAN_POINT('',(0.194000987612,0.273439334434,
    4.512217274318E-02));
#662 = CARTESIAN_POINT('',(0.192606607586,0.2726713862,
    4.603944169248E-02));
#663 = CARTESIAN_POINT('',(0.192412172871,0.272564884897,
    4.61693734883E-02));
#664 = CARTESIAN_POINT('',(0.192215815583,0.272457954026,
    4.630270068505E-02));
#665 = CARTESIAN_POINT('',(0.192017699856,0.272350728827,
    4.643941536983E-02));
#666 = CARTESIAN_POINT('',(0.191817992749,0.272243344418,
    4.6579503356E-02));
#667 = CARTESIAN_POINT('',(0.191616864243,0.272135935793,
    4.672294418321E-02));
#668 = PCURVE('',#36,#669);
#669 = DEFINITIONAL_REPRESENTATION('',(#670),#683);
#670 = B_SPLINE_CURVE_WITH_KNOTS('',6,(#671,#672,#673,#674,#675,#676,
    #677,#678,#679,#680,#681,#682),.UNSPECIFIED.,.F.,.F.,(7,5,7),(0.,
    0.862052721008,1.),.UNSPECIFIED.);
#671 = CARTESIAN_POINT('',(0.357627159588,0.287887224906));
#672 = CARTESIAN_POINT('',(0.356808668733,0.282062571656));
#673 = CARTESIAN_POINT('',(0.354447901158,0.272809081831));
#674 = CARTESIAN_POINT('',(0.350936960014,0.260769147595));
#675 = CARTESIAN_POINT('',(0.346606077392,0.246539194327));
#676 = CARTESIAN_POINT('',(0.341554757982,0.230662555605));
#677 = CARTESIAN_POINT('',(0.334976272044,0.210984362661));
#678 = CARTESIAN_POINT('',(0.334052916043,0.208242016539));
#679 = CARTESIAN_POINT('',(0.33311407413,0.205474179321));
#680 = CARTESIAN_POINT('',(0.332160138467,0.202683181938));
#681 = CARTESIAN_POINT('',(0.33119150752,0.199871384395));
#682 = CARTESIAN_POINT('',(0.330208586063,0.197041175776));
#683 = ( GEOMETRIC_REPRESENTATION_CONTEXT(2) 
PARAMETRIC_REPRESENTATION_CONTEXT() REPRESENTATION_CONTEXT('2D SPACE',''
  ) );
#684 = PCURVE('',#685,#756);
#685 = ( BOUNDED_SURFACE() B_SPLINE_SURFACE(9,6,(
    (#686,#687,#688,#689,#690,#691,#692)
    ,(#693,#694,#695,#696,#697,#698,#699)
    ,(#700,#701,#702,#703,#704,#705,#706)
    ,(#707,#708,#709,#710,#711,#712,#713)
    ,(#714,#715,#716,#717,#718,#719,#720)
    ,(#721,#722,#723,#724,#725,#726,#727)
    ,(#728,#729,#730,#731,#732,#733,#734)
    ,(#735,#736,#737,#738,#739,#740,#741)
    ,(#742,#743,#744,#745,#746,#747,#748)
    ,(#749,#750,#751,#752,#753,#754,#755
)),.UNSPECIFIED.,.F.,.F.,.F.) B_SPLINE_SURFACE_WITH_KNOTS((10,10),(7,7),
  (3.,4.),(0.,1.),.PIECEWISE_BEZIER_KNOTS.) 
GEOMETRIC_REPRESENTATION_ITEM() RATIONAL_B_SPLINE_SURFACE((
    (1.,1.,1.,1.,1.,1.,1.)
    ,(1.,1.,1.,1.,1.,1.,1.)
    ,(1.,1.,1.,1.,1.,1.,1.)
    ,(1.,1.,1.,1.,1.,1.,1.)
    ,(1.,1.,1.,1.,1.,1.,1.)
    ,(1.,1.,1.,1.,1.,1.,1.)
    ,(1.,1.,1.,1.,1.,1.,1.)
    ,(1.,1.,1.,1.,1.,1.,1.)
    ,(1.,1.,1.,1.,1.,1.,1.)
,(1.,1.,1.,1.,1.,1.,1.))) REPRESENTATION_ITEM('') SURFACE() );
#686 = CARTESIAN_POINT('',(0.191244974857,0.289153043453,
    5.374553514958E-02));
#687 = CARTESIAN_POINT('',(0.184528520088,0.258414702656,
    5.752738696824E-02));
#688 = CARTESIAN_POINT('',(0.218565672286,0.25749290798,
    -1.867042029812E-02));
#689 = CARTESIAN_POINT('',(0.174837242567,0.197592032423,
    5.698974923067E-02));
#690 = CARTESIAN_POINT('',(0.19607154644,0.189061670935,
    6.557750037741E-03));
#691 = CARTESIAN_POINT('',(0.19117269569,0.157007064181,
    5.80942855205E-03));
#692 = CARTESIAN_POINT('',(0.190090195162,0.130739393021,
    -1.338535263015E-03));
#693 = CARTESIAN_POINT('',(0.191495307147,0.289174615073,
    5.368626761002E-02));
#694 = CARTESIAN_POINT('',(0.187957276783,0.259674533784,
    5.406602939106E-02));
#695 = CARTESIAN_POINT('',(0.215060172203,0.256024290582,
    -1.463542715828E-02));
#696 = CARTESIAN_POINT('',(0.17646102357,0.197987491232,
    5.590323508362E-02));
#697 = CARTESIAN_POINT('',(0.195567845583,0.188876941626,
    7.06528964225E-03));
#698 = CARTESIAN_POINT('',(0.191173364831,0.156915896908,
    6.059908575673E-03));
#699 = CARTESIAN_POINT('',(0.190079114057,0.130712113738,
    -1.263586050346E-03));
#700 = CARTESIAN_POINT('',(0.191744216214,0.28919516943,
    5.362979497792E-02));
#701 = CARTESIAN_POINT('',(0.191537728589,0.261042955375,
    5.030632197001E-02));
#702 = CARTESIAN_POINT('',(0.210678006654,0.25392769678,
    -8.875083031065E-03));
#703 = CARTESIAN_POINT('',(0.178798481787,0.198894190436,
    5.341209949439E-02));
#704 = CARTESIAN_POINT('',(0.194825529216,0.188521281054,
    8.042459031418E-03));
#705 = CARTESIAN_POINT('',(0.191196987432,0.156841172466,
    6.265212293093E-03));
#706 = CARTESIAN_POINT('',(0.190067847719,0.130684701809,
    -1.188272394114E-03));
#707 = CARTESIAN_POINT('',(0.191991449594,0.289214688462,
    5.357616687943E-02));
#708 = CARTESIAN_POINT('',(0.19518374669,0.26248695798,4.63389574189E-02
    ));
#709 = CARTESIAN_POINT('',(0.205507137825,0.251251626231,
    -1.522639623025E-03));
#710 = CARTESIAN_POINT('',(0.181800758476,0.200281173728,
    4.960139421722E-02));
#711 = CARTESIAN_POINT('',(0.193858924746,0.188004352484,
    9.462708605897E-03));
#712 = CARTESIAN_POINT('',(0.191242196747,0.156781991417,
    6.427810888464E-03));
#713 = CARTESIAN_POINT('',(0.190056400892,0.130657168398,
    -1.11262496872E-03));
#714 = CARTESIAN_POINT('',(0.19223675482,0.289233154105,
    5.352543294071E-02));
#715 = CARTESIAN_POINT('',(0.19880230048,0.263968359347,
    4.226884061411E-02));
#716 = CARTESIAN_POINT('',(0.199673321076,0.248071616078,
    7.21436646629E-03));
#717 = CARTESIAN_POINT('',(0.185387491479,0.202095017757,
    4.461789870526E-02));
#718 = CARTESIAN_POINT('',(0.192692866102,0.187343306446,
    1.12789176692E-02));
#719 = CARTESIAN_POINT('',(0.191306579341,0.156736708531,
    6.552224595118E-03));
#720 = CARTESIAN_POINT('',(0.190044778325,0.130629524669,
    -1.036674448562E-03));
#721 = CARTESIAN_POINT('',(0.192479879429,0.289250548298,
    5.34776427879E-02));
#722 = CARTESIAN_POINT('',(0.202297426127,0.265445726819,
    3.820980684433E-02));
#723 = CARTESIAN_POINT('',(0.193332385177,0.24448495438,
    1.706863849218E-02));
#724 = CARTESIAN_POINT('',(0.189452398842,0.204263924407,
    3.865887665937E-02));
#725 = CARTESIAN_POINT('',(0.191360902099,0.186561441852,
    1.342707298584E-02));
#726 = CARTESIAN_POINT('',(0.191386852252,0.156703065678,
    6.644657576136E-03));
#727 = CARTESIAN_POINT('',(0.190032984761,0.130601781788,
    -9.604515080418E-04));
#728 = CARTESIAN_POINT('',(0.192720570954,0.289266852978,
    5.343284604716E-02));
#729 = CARTESIAN_POINT('',(0.20557419514,0.266876299735,
    3.427934006026E-02));
#730 = CARTESIAN_POINT('',(0.186662512547,0.240605393534,
    2.772764431266E-02));
#731 = CARTESIAN_POINT('',(0.193868862435,0.206701813081,
    3.196083257684E-02));
#732 = CARTESIAN_POINT('',(0.189903504788,0.185686867111,
    1.582994733943E-02));
#733 = CARTESIAN_POINT('',(0.191479040138,0.156678324718,
    6.712632804917E-03));
#734 = CARTESIAN_POINT('',(0.190021024949,0.130573950918,
    -8.839868215582E-04));
#735 = CARTESIAN_POINT('',(0.192958576932,0.289282050083,
    5.339109234466E-02));
#736 = CARTESIAN_POINT('',(0.208542682937,0.26821791183,
    3.059329112431E-02));
#737 = CARTESIAN_POINT('',(0.179856519485,0.2365578637,
    3.884814113632E-02));
#738 = CARTESIAN_POINT('',(0.198495511569,0.209312412981,
    2.47882683001E-02));
#739 = CARTESIAN_POINT('',(0.188366277811,0.18475116124,
    1.840077809089E-02));
#740 = CARTESIAN_POINT('',(0.191578652432,0.156659400398,
    6.76462694575E-03));
#741 = CARTESIAN_POINT('',(0.190008903633,0.130546043224,
    -8.073110635112E-04));
#742 = CARTESIAN_POINT('',(0.193193644897,0.28929612155,
    5.335243130654E-02));
#743 = CARTESIAN_POINT('',(0.211121937408,0.269430913633,
    2.726059606031E-02));
#744 = CARTESIAN_POINT('',(0.17311413641,0.232473186223,
    5.007070027016E-02));
#745 = CARTESIAN_POINT('',(0.203181806617,0.211993355391,
    1.742243956547E-02));
#746 = CARTESIAN_POINT('',(0.186798164757,0.183788034982,
    2.10469457365E-02));
#747 = CARTESIAN_POINT('',(0.191680860492,0.156642993243,
    6.809705234383E-03));
#748 = CARTESIAN_POINT('',(0.18999662556,0.130518069872,
    -7.304549083007E-04));
#749 = CARTESIAN_POINT('',(0.193425522383,0.289309049317,
    5.331691255895E-02));
#750 = CARTESIAN_POINT('',(0.213243947489,0.27048009487,
    2.437799430321E-02));
#751 = CARTESIAN_POINT('',(0.166634288094,0.228482787059,
    6.103423186745E-02));
#752 = CARTESIAN_POINT('',(0.20777362263,0.214640265958,
    1.015011255191E-02));
#753 = CARTESIAN_POINT('',(0.185249657517,0.182831991918,
    2.367365246609E-02));
#754 = CARTESIAN_POINT('',(0.191780674755,0.156625722446,
    6.85715635859E-03));
#755 = CARTESIAN_POINT('',(0.189984195476,0.130490042024,
    -6.534490303267E-04));
#756 = DEFINITIONAL_REPRESENTATION('',(#757),#770);
#757 = B_SPLINE_CURVE_WITH_KNOTS('',6,(#758,#759,#760,#761,#762,#763,
    #764,#765,#766,#767,#768,#769),.UNSPECIFIED.,.F.,.F.,(7,5,7),(0.,
    0.862052721008,1.),.UNSPECIFIED.);
#758 = CARTESIAN_POINT('',(4.,9.852446621296E-02));
#759 = CARTESIAN_POINT('',(3.855731113901,9.923598023082E-02));
#760 = CARTESIAN_POINT('',(3.7116280571,0.10071200134));
#761 = CARTESIAN_POINT('',(3.567757897188,0.102715348894));
#762 = CARTESIAN_POINT('',(3.424139121314,0.104947757755));
#763 = CARTESIAN_POINT('',(3.280744808298,0.107222900105));
#764 = CARTESIAN_POINT('',(3.114566099262,0.109688038015));
#765 = CARTESIAN_POINT('',(3.091646100723,0.11002427399));
#766 = CARTESIAN_POINT('',(3.068729760157,0.110355921914));
#767 = CARTESIAN_POINT('',(3.04581681707,0.110682230628));
#768 = CARTESIAN_POINT('',(3.022906994696,0.111002462773));
#769 = CARTESIAN_POINT('',(3.,0.111315894791));
#770 = ( GEOMETRIC_REPRESENTATION_CONTEXT(2) 
PARAMETRIC_REPRESENTATION_CONTEXT() REPRESENTATION_CONTEXT('2D SPACE',''
  ) );
#771 = ORIENTED_EDGE('',*,*,#772,.T.);
#772 = EDGE_CURVE('',#652,#227,#773,.T.);
#773 = SURFACE_CURVE('',#774,(#789,#807),.PCURVE_S1.);
#774 = B_SPLINE_CURVE_WITH_KNOTS('',4,(#775,#776,#777,#778,#779,#780,
    #781,#782,#783,#784,#785,#786,#787,#788),.UNSPECIFIED.,.F.,.F.,(5,3,
    3,3,5),(0.,0.463431740442,0.608631237212,0.754270630326,1.),
  .UNSPECIFIED.);
#775 = CARTESIAN_POINT('',(0.191616864243,0.272135935793,
    4.672294418321E-02));
#776 = CARTESIAN_POINT('',(0.19149091533,0.27207745631,
    4.679684526154E-02));
#777 = CARTESIAN_POINT('',(0.191368293789,0.272023390952,
    4.686483257174E-02));
#778 = CARTESIAN_POINT('',(0.191247911169,0.271972290897,
    4.69289185668E-02));
#779 = CARTESIAN_POINT('',(0.191091179722,0.271907218041,
    4.701091501459E-02));
#780 = CARTESIAN_POINT('',(0.191053891196,0.271891846225,
    4.703031423841E-02));
#781 = CARTESIAN_POINT('',(0.191016668587,0.271876583577,
    4.704961965976E-02));
#782 = CARTESIAN_POINT('',(0.190942168835,0.271846146142,
    4.708824009888E-02));
#783 = CARTESIAN_POINT('',(0.190904891889,0.271830971782,
    4.710755493253E-02));
#784 = CARTESIAN_POINT('',(0.190867607021,0.271815822178,
    4.712691521982E-02));
#785 = CARTESIAN_POINT('',(0.19076729296,0.271775067984,
    4.717925058256E-02));
#786 = CARTESIAN_POINT('',(0.190704181191,0.27174943375,
    4.721243796894E-02));
#787 = CARTESIAN_POINT('',(0.190640763889,0.271723556131,
    4.724628924979E-02));
#788 = CARTESIAN_POINT('',(0.190576873502,0.271697260271,
    4.728112307832E-02));
#789 = PCURVE('',#36,#790);
#790 = DEFINITIONAL_REPRESENTATION('',(#791),#806);
#791 = B_SPLINE_CURVE_WITH_KNOTS('',4,(#792,#793,#794,#795,#796,#797,
    #798,#799,#800,#801,#802,#803,#804,#805),.UNSPECIFIED.,.F.,.F.,(5,3,
    3,3,5),(0.,0.463431740442,0.608631237212,0.754270630326,1.),
  .UNSPECIFIED.);
#792 = CARTESIAN_POINT('',(0.330208586063,0.197041175776));
#793 = CARTESIAN_POINT('',(0.329693778404,0.195268867581));
#794 = CARTESIAN_POINT('',(0.329220197256,0.193544073738));
#795 = CARTESIAN_POINT('',(0.328774001127,0.191851380373));
#796 = CARTESIAN_POINT('',(0.328204638409,0.18964836118));
#797 = CARTESIAN_POINT('',(0.328070052318,0.18912429145));
#798 = CARTESIAN_POINT('',(0.327936261838,0.188601205372));
#799 = CARTESIAN_POINT('',(0.327668969717,0.187554380558));
#800 = CARTESIAN_POINT('',(0.327535470405,0.187030644914));
#801 = CARTESIAN_POINT('',(0.3274018667,0.18650685449));
#802 = CARTESIAN_POINT('',(0.327041361759,0.185097760269));
#803 = CARTESIAN_POINT('',(0.326813446657,0.184211400635));
#804 = CARTESIAN_POINT('',(0.326581815675,0.183320909104));
#805 = CARTESIAN_POINT('',(0.326344472371,0.182423936608));
#806 = ( GEOMETRIC_REPRESENTATION_CONTEXT(2) 
PARAMETRIC_REPRESENTATION_CONTEXT() REPRESENTATION_CONTEXT('2D SPACE',''
  ) );
#807 = PCURVE('',#808,#879);
#808 = ( BOUNDED_SURFACE() B_SPLINE_SURFACE(9,6,(
    (#809,#810,#811,#812,#813,#814,#815)
    ,(#816,#817,#818,#819,#820,#821,#822)
    ,(#823,#824,#825,#826,#827,#828,#829)
    ,(#830,#831,#832,#833,#834,#835,#836)
    ,(#837,#838,#839,#840,#841,#842,#843)
    ,(#844,#845,#846,#847,#848,#849,#850)
    ,(#851,#852,#853,#854,#855,#856,#857)
    ,(#858,#859,#860,#861,#862,#863,#864)
    ,(#865,#866,#867,#868,#869,#870,#871)
    ,(#872,#873,#874,#875,#876,#877,#878
)),.UNSPECIFIED.,.F.,.F.,.F.) B_SPLINE_SURFACE_WITH_KNOTS((10,10),(7,7),
  (2.,3.),(0.,1.),.PIECEWISE_BEZIER_KNOTS.) 
GEOMETRIC_REPRESENTATION_ITEM() RATIONAL_B_SPLINE_SURFACE((
    (1.,1.,1.,1.,1.,1.,1.)
    ,(1.,1.,1.,1.,1.,1.,1.)
    ,(1.,1.,1.,1.,1.,1.,1.)
    ,(1.,1.,1.,1.,1.,1.,1.)
    ,(1.,1.,1.,1.,1.,1.,1.)
    ,(1.,1.,1.,1.,1.,1.,1.)
    ,(1.,1.,1.,1.,1.,1.,1.)
    ,(1.,1.,1.,1.,1.,1.,1.)
    ,(1.,1.,1.,1.,1.,1.,1.)
,(1.,1.,1.,1.,1.,1.,1.))) REPRESENTATION_ITEM('') SURFACE() );
#809 = CARTESIAN_POINT('',(0.190489475509,0.289084384382,
    5.393417439514E-02));
#810 = CARTESIAN_POINT('',(0.191069301112,0.263849449744,
    4.259554206263E-02));
#811 = CARTESIAN_POINT('',(0.187526575357,0.234316407804,
    4.500649059894E-02));
#812 = CARTESIAN_POINT('',(0.201780505094,0.22275673116,
    -1.214969231616E-02));
#813 = CARTESIAN_POINT('',(0.188221712113,0.182828189255,
    2.36841001959E-02));
#814 = CARTESIAN_POINT('',(0.192759126245,0.159699860964,
    -1.588969803882E-03));
#815 = CARTESIAN_POINT('',(0.190270461103,0.131236455938,
    -2.704204403645E-03));
#816 = CARTESIAN_POINT('',(0.19057386644,0.289092446358,
    5.391202429812E-02));
#817 = CARTESIAN_POINT('',(0.190181885023,0.263147753883,
    4.452343559506E-02));
#818 = CARTESIAN_POINT('',(0.19132667184,0.237019134016,
    3.758081136083E-02));
#819 = CARTESIAN_POINT('',(0.199522226536,0.220923608835,
    -7.113230121952E-03));
#820 = CARTESIAN_POINT('',(0.188826505694,0.183178974058,
    2.27203268709E-02));
#821 = CARTESIAN_POINT('',(0.192631208873,0.159457757831,
    -9.237969129616E-04));
#822 = CARTESIAN_POINT('',(0.190254585044,0.13118563408,
    -2.564572496456E-03));
#823 = CARTESIAN_POINT('',(0.190658168369,0.289100402094,
    5.389016609378E-02));
#824 = CARTESIAN_POINT('',(0.189283313618,0.262432759787,
    4.648786572864E-02));
#825 = CARTESIAN_POINT('',(0.195211631288,0.239823114873,
    2.98769372714E-02));
#826 = CARTESIAN_POINT('',(0.196953412278,0.218719781189,
    -1.058263427069E-03));
#827 = CARTESIAN_POINT('',(0.189536628483,0.183655482524,
    2.141113062174E-02));
#828 = CARTESIAN_POINT('',(0.192487034258,0.159196240179,
    -2.052830693752E-04));
#829 = CARTESIAN_POINT('',(0.190237583366,0.131133469813,
    -2.421252350714E-03));
#830 = CARTESIAN_POINT('',(0.190742371595,0.289108250708,
    5.386860220464E-02));
#831 = CARTESIAN_POINT('',(0.188395483011,0.261720088328,
    4.844591447026E-02));
#832 = CARTESIAN_POINT('',(0.19911009123,0.242675743773,
    2.203940378138E-02));
#833 = CARTESIAN_POINT('',(0.194114923747,0.216184878402,
    5.90632474095E-03));
#834 = CARTESIAN_POINT('',(0.190341138891,0.184247022012,
    1.978588923422E-02));
#835 = CARTESIAN_POINT('',(0.192327779406,0.158916797701,
    5.624788302303E-04));
#836 = CARTESIAN_POINT('',(0.190219493462,0.131080066238,
    -2.274527235607E-03));
#837 = CARTESIAN_POINT('',(0.190826466415,0.289115991318,
    5.38473350532E-02));
#838 = CARTESIAN_POINT('',(0.187541032059,0.261026298369,
    5.035208671636E-02));
#839 = CARTESIAN_POINT('',(0.202946576401,0.245519349356,
    1.422666165199E-02));
#840 = CARTESIAN_POINT('',(0.191058727665,0.213371823589,
    1.363512931811E-02));
#841 = CARTESIAN_POINT('',(0.191224653,0.184937562468,1.788864492423E-02
    ));
#842 = CARTESIAN_POINT('',(0.1921551024,0.158621493375,
    1.373820796047E-03));
#843 = CARTESIAN_POINT('',(0.190200352721,0.131025526458,
    -2.124680420329E-03));
#844 = CARTESIAN_POINT('',(0.190910443127,0.289123623043,
    5.382636706199E-02));
#845 = CARTESIAN_POINT('',(0.186742665345,0.260368322575,
    5.215986035459E-02));
#846 = CARTESIAN_POINT('',(0.206643846533,0.248293290036,
    6.605322271701E-03));
#847 = CARTESIAN_POINT('',(0.187845744478,0.21034425303,
    2.195331106652E-02));
#848 = CARTESIAN_POINT('',(0.192168087959,0.185706697235,
    1.577546451902E-02));
#849 = CARTESIAN_POINT('',(0.191971067812,0.158312865737,
    2.221768261758E-03));
#850 = CARTESIAN_POINT('',(0.190180198535,0.130969953573,
    -1.971995174068E-03));
#851 = CARTESIAN_POINT('',(0.19099429203,0.289131145,5.38057006535E-02)
  );
#852 = CARTESIAN_POINT('',(0.186022476162,0.259762903218,
    5.382323636549E-02));
#853 = CARTESIAN_POINT('',(0.210125244143,0.250936048534,
    -6.555970270397E-04));
#854 = CARTESIAN_POINT('',(0.184543696798,0.207173936393,
    3.066368443691E-02));
#855 = CARTESIAN_POINT('',(0.19314940537,0.186530603872,
    1.351179963842E-02));
#856 = CARTESIAN_POINT('',(0.191778072124,0.157993831145,
    3.098308601195E-03));
#857 = CARTESIAN_POINT('',(0.190159068295,0.130913450685,
    -1.816754766016E-03));
#858 = CARTESIAN_POINT('',(0.19107800342,0.289138556309,
    5.378533825026E-02));
#859 = CARTESIAN_POINT('',(0.185401269501,0.259226027993,
    5.529828892418E-02));
#860 = CARTESIAN_POINT('',(0.213317042316,0.253387326414,
    -7.390427651052E-03));
#861 = CARTESIAN_POINT('',(0.181224957839,0.203938196972,
    3.955380543123E-02));
#862 = CARTESIAN_POINT('',(0.194144354685,0.187383004968,
    1.116984687611E-02));
#863 = CARTESIAN_POINT('',(0.191578769145,0.157667586045,
    3.994659644986E-03));
#864 = CARTESIAN_POINT('',(0.190136999393,0.130856120896,
    -1.659242465362E-03));
#865 = CARTESIAN_POINT('',(0.191161567597,0.289145856087,
    5.376528227479E-02));
#866 = CARTESIAN_POINT('',(0.184897885032,0.258772365819,
    5.6544715502E-02));
#867 = CARTESIAN_POINT('',(0.216150792499,0.255590138614,
    -1.34426044297E-02));
#868 = CARTESIAN_POINT('',(0.177964399854,0.200717331909,
    4.840305946516E-02));
#869 = CARTESIAN_POINT('',(0.195127216599,0.188236128957,
    8.825907980852E-03));
#870 = CARTESIAN_POINT('',(0.191375995428,0.157337509246,
    4.901538197209E-03));
#871 = CARTESIAN_POINT('',(0.190114029218,0.130798067308,
    -1.499741541299E-03));
#872 = CARTESIAN_POINT('',(0.191244974857,0.289153043453,
    5.374553514958E-02));
#873 = CARTESIAN_POINT('',(0.184528520088,0.258414702656,
    5.752738696824E-02));
#874 = CARTESIAN_POINT('',(0.218565672286,0.25749290798,
    -1.867042029812E-02));
#875 = CARTESIAN_POINT('',(0.174837242567,0.197592032423,
    5.698974923067E-02));
#876 = CARTESIAN_POINT('',(0.19607154644,0.189061670935,
    6.557750037741E-03));
#877 = CARTESIAN_POINT('',(0.19117269569,0.157007064181,
    5.80942855205E-03));
#878 = CARTESIAN_POINT('',(0.190090195162,0.130739393021,
    -1.338535263015E-03));
#879 = DEFINITIONAL_REPRESENTATION('',(#880),#895);
#880 = B_SPLINE_CURVE_WITH_KNOTS('',4,(#881,#882,#883,#884,#885,#886,
    #887,#888,#889,#890,#891,#892,#893,#894),.UNSPECIFIED.,.F.,.F.,(5,3,
    3,3,5),(0.,0.463431740442,0.608631237212,0.754270630326,1.),
  .UNSPECIFIED.);
#881 = CARTESIAN_POINT('',(3.,0.111315894791));
#882 = CARTESIAN_POINT('',(2.884143565274,0.111495217891));
#883 = CARTESIAN_POINT('',(2.768286192794,0.111661695878));
#884 = CARTESIAN_POINT('',(2.652428236131,0.11181939717));
#885 = CARTESIAN_POINT('',(2.500270031494,0.112019418159));
#886 = CARTESIAN_POINT('',(2.463970035682,0.112066606589));
#887 = CARTESIAN_POINT('',(2.427670022077,0.112113368822));
#888 = CARTESIAN_POINT('',(2.354960003389,0.112206374191));
#889 = CARTESIAN_POINT('',(2.318549998261,0.112252615284));
#890 = CARTESIAN_POINT('',(2.282139994025,0.112298621681));
#891 = CARTESIAN_POINT('',(2.184297411671,0.112421858914));
#892 = CARTESIAN_POINT('',(2.122864852439,0.112498818947));
#893 = CARTESIAN_POINT('',(2.061432367077,0.112575788328));
#894 = CARTESIAN_POINT('',(2.,0.112653101318));
#895 = ( GEOMETRIC_REPRESENTATION_CONTEXT(2) 
PARAMETRIC_REPRESENTATION_CONTEXT() REPRESENTATION_CONTEXT('2D SPACE',''
  ) );
#896 = FACE_BOUND('',#897,.T.);
#897 = EDGE_LOOP('',(#898,#1000,#1178,#1323,#1444));
#898 = ORIENTED_EDGE('',*,*,#899,.T.);
#899 = EDGE_CURVE('',#900,#902,#904,.T.);
#900 = VERTEX_POINT('',#901);
#901 = CARTESIAN_POINT('',(0.190576873478,0.310618875681,
    3.499726343177E-02));
#902 = VERTEX_POINT('',#903);
#903 = CARTESIAN_POINT('',(0.190192048848,0.310312197472,
    3.479188488627E-02));
#904 = SURFACE_CURVE('',#905,(#911,#920),.PCURVE_S1.);
#905 = B_SPLINE_CURVE_WITH_KNOTS('',4,(#906,#907,#908,#909,#910),
  .UNSPECIFIED.,.F.,.F.,(5,5),(0.,1.),.PIECEWISE_BEZIER_KNOTS.);
#906 = CARTESIAN_POINT('',(0.190576873478,0.310618875681,
    3.499726343177E-02));
#907 = CARTESIAN_POINT('',(0.190485523589,0.310559568138,
    3.495472436209E-02));
#908 = CARTESIAN_POINT('',(0.190390337199,0.310488214914,
    3.490580578859E-02));
#909 = CARTESIAN_POINT('',(0.190292005435,0.310404550564,
    3.485075411177E-02));
#910 = CARTESIAN_POINT('',(0.190192048848,0.310312197472,
    3.479188488627E-02));
#911 = PCURVE('',#36,#912);
#912 = DEFINITIONAL_REPRESENTATION('',(#913),#919);
#913 = B_SPLINE_CURVE_WITH_KNOTS('',4,(#914,#915,#916,#917,#918),
  .UNSPECIFIED.,.F.,.F.,(5,5),(0.,1.),.PIECEWISE_BEZIER_KNOTS.);
#914 = CARTESIAN_POINT('',(0.576344571763,0.182423936269));
#915 = CARTESIAN_POINT('',(0.575946153652,0.18114145345));
#916 = CARTESIAN_POINT('',(0.575472942631,0.179805436421));
#917 = CARTESIAN_POINT('',(0.574924477766,0.178425649637));
#918 = CARTESIAN_POINT('',(0.574324442282,0.177023448398));
#919 = ( GEOMETRIC_REPRESENTATION_CONTEXT(2) 
PARAMETRIC_REPRESENTATION_CONTEXT() REPRESENTATION_CONTEXT('2D SPACE',''
  ) );
#920 = PCURVE('',#921,#992);
#921 = ( BOUNDED_SURFACE() B_SPLINE_SURFACE(9,6,(
    (#922,#923,#924,#925,#926,#927,#928)
    ,(#929,#930,#931,#932,#933,#934,#935)
    ,(#936,#937,#938,#939,#940,#941,#942)
    ,(#943,#944,#945,#946,#947,#948,#949)
    ,(#950,#951,#952,#953,#954,#955,#956)
    ,(#957,#958,#959,#960,#961,#962,#963)
    ,(#964,#965,#966,#967,#968,#969,#970)
    ,(#971,#972,#973,#974,#975,#976,#977)
    ,(#978,#979,#980,#981,#982,#983,#984)
    ,(#985,#986,#987,#988,#989,#990,#991
)),.UNSPECIFIED.,.F.,.F.,.F.) B_SPLINE_SURFACE_WITH_KNOTS((10,10),(7,7),
  (1.,2.),(0.,1.),.PIECEWISE_BEZIER_KNOTS.) 
GEOMETRIC_REPRESENTATION_ITEM() RATIONAL_B_SPLINE_SURFACE((
    (1.,1.,1.,1.,1.,1.,1.)
    ,(1.,1.,1.,1.,1.,1.,1.)
    ,(1.,1.,1.,1.,1.,1.,1.)
    ,(1.,1.,1.,1.,1.,1.,1.)
    ,(1.,1.,1.,1.,1.,1.,1.)
    ,(1.,1.,1.,1.,1.,1.,1.)
    ,(1.,1.,1.,1.,1.,1.,1.)
    ,(1.,1.,1.,1.,1.,1.,1.)
    ,(1.,1.,1.,1.,1.,1.,1.)
,(1.,1.,1.,1.,1.,1.,1.))) REPRESENTATION_ITEM('') SURFACE() );
#922 = CARTESIAN_POINT('',(0.190189282869,0.303885529293,
    5.235515891486E-02));
#923 = CARTESIAN_POINT('',(0.190038500156,0.313688833908,
    2.656141068755E-02));
#924 = CARTESIAN_POINT('',(0.190253021635,0.318293301012,
    -4.182287788984E-04));
#925 = CARTESIAN_POINT('',(0.192596147285,0.35279548141,
    -2.022328802559E-02));
#926 = CARTESIAN_POINT('',(0.191449873883,0.338594074221,
    -5.227828557629E-02));
#927 = CARTESIAN_POINT('',(0.192552737361,0.366404010961,
    -7.448326988607E-02));
#928 = CARTESIAN_POINT('',(0.190295799381,0.362715550426,-0.104695076956
    ));
#929 = CARTESIAN_POINT('',(0.190222681812,0.303894629871,
    5.235847125421E-02));
#930 = CARTESIAN_POINT('',(0.190240716476,0.31425037787,
    2.676579597499E-02));
#931 = CARTESIAN_POINT('',(0.18959878389,0.316152596715,
    -1.197381423095E-03));
#932 = CARTESIAN_POINT('',(0.194170948472,0.357202775955,
    -1.861916399776E-02));
#933 = CARTESIAN_POINT('',(0.190837959985,0.33679723562,
    -5.293228134282E-02));
#934 = CARTESIAN_POINT('',(0.192771540853,0.36656386339,
    -7.442508836012E-02));
#935 = CARTESIAN_POINT('',(0.190338877367,0.362709024435,-0.104697452222
    ));
#936 = CARTESIAN_POINT('',(0.190256071105,0.303903686132,
    5.236176746364E-02));
#937 = CARTESIAN_POINT('',(0.19042723869,0.314727048093,
    2.693928974775E-02));
#938 = CARTESIAN_POINT('',(0.189007435574,0.314355402757,
    -1.851506528997E-03));
#939 = CARTESIAN_POINT('',(0.195646245009,0.361047172135,
    -1.72199182195E-02));
#940 = CARTESIAN_POINT('',(0.190273143972,0.335321168923,
    -5.346952568432E-02));
#941 = CARTESIAN_POINT('',(0.192945656943,0.366476587207,
    -7.445685429282E-02));
#942 = CARTESIAN_POINT('',(0.190371308799,0.362640433935,-0.104722417122
    ));
#943 = CARTESIAN_POINT('',(0.190289450147,0.303912697916,
    5.23650474847E-02));
#944 = CARTESIAN_POINT('',(0.190594779267,0.315111404861,
    2.707918417056E-02));
#945 = CARTESIAN_POINT('',(0.188492189032,0.312931454663,
    -2.369781250473E-03));
#946 = CARTESIAN_POINT('',(0.197001032622,0.364282445629,
    -1.604237496796E-02));
#947 = CARTESIAN_POINT('',(0.189765321754,0.33418459579,
    -5.388320447389E-02));
#948 = CARTESIAN_POINT('',(0.19307159696,0.366140402051,
    -7.457921568275E-02));
#949 = CARTESIAN_POINT('',(0.19039233335,0.362509801081,-0.104769963593)
  );
#950 = CARTESIAN_POINT('',(0.190322818338,0.303921665062,
    5.236831125895E-02));
#951 = CARTESIAN_POINT('',(0.190740465586,0.315398075932,
    2.718352390736E-02));
#952 = CARTESIAN_POINT('',(0.188064563118,0.311901946128,
    -2.744491713129E-03));
#953 = CARTESIAN_POINT('',(0.198217164541,0.366877361781,
    -1.509790272798E-02));
#954 = CARTESIAN_POINT('',(0.189322404337,0.333394496812,
    -5.417077698422E-02));
#955 = CARTESIAN_POINT('',(0.193146983096,0.365559519352,
    -7.479063969496E-02));
#956 = CARTESIAN_POINT('',(0.190401462953,0.362318708776,-0.104839515504
    ));
#957 = CARTESIAN_POINT('',(0.190356175077,0.303930587409,
    5.237155872793E-02));
#958 = CARTESIAN_POINT('',(0.190861837681,0.315583610644,
    2.725105302018E-02));
#959 = CARTESIAN_POINT('',(0.187734392851,0.311280153314,
    -2.970805789182E-03));
#960 = CARTESIAN_POINT('',(0.199279332676,0.368814461684,
    -1.439285602252E-02));
#961 = CARTESIAN_POINT('',(0.188950336716,0.332947320555,
    -5.433353583106E-02));
#962 = CARTESIAN_POINT('',(0.19317054034,0.364743646311,
    -7.508759319683E-02));
#963 = CARTESIAN_POINT('',(0.190398480205,0.362070167294,-0.104929977205
    ));
#964 = CARTESIAN_POINT('',(0.190389519764,0.303939464798,
    5.23747898332E-02));
#965 = CARTESIAN_POINT('',(0.190956845985,0.315666334024,
    2.728116186806E-02));
#966 = CARTESIAN_POINT('',(0.187509839078,0.311072059146,
    -3.046545872345E-03));
#967 = CARTESIAN_POINT('',(0.200175048788,0.370088848257,
    -1.3929017243E-02));
#968 = CARTESIAN_POINT('',(0.188653116779,0.33283019261,
    -5.437616691679E-02));
#969 = CARTESIAN_POINT('',(0.193142088407,0.363707489885,
    -7.546472329387E-02));
#970 = CARTESIAN_POINT('',(0.190383436762,0.361768480916,-0.105039782067
    ));
#971 = CARTESIAN_POINT('',(0.190422851799,0.303948297067,
    5.23780045163E-02));
#972 = CARTESIAN_POINT('',(0.191023849075,0.315646200888,
    2.727383400591E-02));
#973 = CARTESIAN_POINT('',(0.187397398125,0.311276977605,
    -2.971961652697E-03));
#974 = CARTESIAN_POINT('',(0.200894625668,0.370706972329,
    -1.370403847975E-02));
#975 = CARTESIAN_POINT('',(0.188432814198,0.333022124631,
    -5.430630937396E-02));
#976 = CARTESIAN_POINT('',(0.193062533677,0.362470260768,
    -7.591503786558E-02));
#977 = CARTESIAN_POINT('',(0.190356651737,0.36141911455,-0.105166941025)
  );
#978 = CARTESIAN_POINT('',(0.190456170581,0.303957084056,
    5.238120271879E-02));
#979 = CARTESIAN_POINT('',(0.191061611418,0.315524649953,
    2.722959308342E-02));
#980 = CARTESIAN_POINT('',(0.187401911461,0.311888178028,
    -2.749502891553E-03));
#981 = CARTESIAN_POINT('',(0.201431158313,0.370685418719,
    -1.371188335236E-02));
#982 = CARTESIAN_POINT('',(0.18828958933,0.333495223388,
    -5.413411550876E-02));
#983 = CARTESIAN_POINT('',(0.192933861122,0.36105517737,
    -7.643008610132E-02));
#984 = CARTESIAN_POINT('',(0.190318710107,0.361028560362,-0.105309091124
    ));
#985 = CARTESIAN_POINT('',(0.190489475509,0.303965825605,
    5.238438438222E-02));
#986 = CARTESIAN_POINT('',(0.191069301112,0.315304457937,
    2.714944974397E-02));
#987 = CARTESIAN_POINT('',(0.187526575357,0.312893509401,
    -2.383592196359E-03));
#988 = CARTESIAN_POINT('',(0.201780505094,0.370049692316,
    -1.394326884007E-02));
#989 = CARTESIAN_POINT('',(0.188221712113,0.334215899804,
    -5.387181074463E-02));
#990 = CARTESIAN_POINT('',(0.192759126245,0.359488969804,
    -7.700013903608E-02));
#991 = CARTESIAN_POINT('',(0.190270461103,0.360604204404,-0.105463544062
    ));
#992 = DEFINITIONAL_REPRESENTATION('',(#993),#999);
#993 = B_SPLINE_CURVE_WITH_KNOTS('',4,(#994,#995,#996,#997,#998),
  .UNSPECIFIED.,.F.,.F.,(5,5),(0.,1.),.PIECEWISE_BEZIER_KNOTS.);
#994 = CARTESIAN_POINT('',(2.,0.112653080808));
#995 = CARTESIAN_POINT('',(1.74999942649,0.112772041286));
#996 = CARTESIAN_POINT('',(1.499999255424,0.112902328401));
#997 = CARTESIAN_POINT('',(1.249999498684,0.113041993984));
#998 = CARTESIAN_POINT('',(1.,0.113185376762));
#999 = ( GEOMETRIC_REPRESENTATION_CONTEXT(2) 
PARAMETRIC_REPRESENTATION_CONTEXT() REPRESENTATION_CONTEXT('2D SPACE',''
  ) );
#1000 = ORIENTED_EDGE('',*,*,#1001,.T.);
#1001 = EDGE_CURVE('',#902,#1002,#1004,.T.);
#1002 = VERTEX_POINT('',#1003);
#1003 = CARTESIAN_POINT('',(0.193527302849,0.308351228721,
    3.434726500472E-02));
#1004 = SURFACE_CURVE('',#1005,(#1037,#1072),.PCURVE_S1.);
#1005 = B_SPLINE_CURVE_WITH_KNOTS('',5,(#1006,#1007,#1008,#1009,#1010,
    #1011,#1012,#1013,#1014,#1015,#1016,#1017,#1018,#1019,#1020,#1021,
    #1022,#1023,#1024,#1025,#1026,#1027,#1028,#1029,#1030,#1031,#1032,
    #1033,#1034,#1035,#1036),.UNSPECIFIED.,.F.,.F.,(6,4,4,5,4,4,4,6),(0.
    ,0.178617843101,0.274407441712,0.410722894232,0.589340737333,
    0.73582610009,0.882360366528,1.),.UNSPECIFIED.);
#1006 = CARTESIAN_POINT('',(0.190192048848,0.310312197472,
    3.479188488627E-02));
#1007 = CARTESIAN_POINT('',(0.18901544717,0.309379818388,
    3.417692707882E-02));
#1008 = CARTESIAN_POINT('',(0.187836696737,0.308341067121,
    3.358548872879E-02));
#1009 = CARTESIAN_POINT('',(0.18668845048,0.307226901052,
    3.305401633261E-02));
#1010 = CARTESIAN_POINT('',(0.185599431233,0.306082037038,
    3.260481967464E-02));
#1011 = CARTESIAN_POINT('',(0.184083935422,0.304360067869,
    3.204470251527E-02));
#1012 = CARTESIAN_POINT('',(0.183584374548,0.303765876475,
    3.187357895112E-02));
#1013 = CARTESIAN_POINT('',(0.183121134435,0.303187241579,
    3.172723150654E-02));
#1014 = CARTESIAN_POINT('',(0.182701944983,0.302633458093,
    3.160463070279E-02));
#1015 = CARTESIAN_POINT('',(0.181813796198,0.301375913017,
    3.135922879996E-02));
#1016 = CARTESIAN_POINT('',(0.181398401535,0.300707479996,
    3.125825739966E-02));
#1017 = CARTESIAN_POINT('',(0.181113496073,0.300137591603,
    3.119411266194E-02));
#1018 = CARTESIAN_POINT('',(0.180982349583,0.299694818737,
    3.115470871262E-02));
#1019 = CARTESIAN_POINT('',(0.181002667081,0.299390217703,
    3.113372654915E-02));
#1020 = CARTESIAN_POINT('',(0.181025624819,0.299046160445,
    3.110999139282E-02));
#1021 = CARTESIAN_POINT('',(0.181241981452,0.298877979406,
    3.110997954191E-02));
#1022 = CARTESIAN_POINT('',(0.181650065278,0.298902707848,
    3.112346518496E-02));
#1023 = CARTESIAN_POINT('',(0.18220879473,0.299103174656,
    3.115363508405E-02));
#1024 = CARTESIAN_POINT('',(0.183439706376,0.299745357768,
    3.125753299623E-02));
#1025 = CARTESIAN_POINT('',(0.18407341044,0.300137238885,
    3.132229149007E-02));
#1026 = CARTESIAN_POINT('',(0.184767575749,0.30061878284,
    3.14103282448E-02));
#1027 = CARTESIAN_POINT('',(0.185506441699,0.301174642422,
    3.152878793571E-02));
#1028 = CARTESIAN_POINT('',(0.187048756902,0.302405257327,
    3.183660931131E-02));
#1029 = CARTESIAN_POINT('',(0.187852042228,0.303079917759,
    3.20259798669E-02));
#1030 = CARTESIAN_POINT('',(0.188674404891,0.303798651335,
    3.225584968938E-02));
#1031 = CARTESIAN_POINT('',(0.189504507524,0.304545469879,
    3.252909316202E-02));
#1032 = CARTESIAN_POINT('',(0.190991027734,0.305914236389,
    3.309590469498E-02));
#1033 = CARTESIAN_POINT('',(0.191649302799,0.306531759004,
    3.337475939276E-02));
#1034 = CARTESIAN_POINT('',(0.192297196506,0.307149086709,
    3.367910932807E-02));
#1035 = CARTESIAN_POINT('',(0.192926463826,0.307758194249,
    3.400535961426E-02));
#1036 = CARTESIAN_POINT('',(0.193527302849,0.308351228721,
    3.434726500472E-02));
#1037 = PCURVE('',#36,#1038);
#1038 = DEFINITIONAL_REPRESENTATION('',(#1039),#1071);
#1039 = B_SPLINE_CURVE_WITH_KNOTS('',5,(#1040,#1041,#1042,#1043,#1044,
    #1045,#1046,#1047,#1048,#1049,#1050,#1051,#1052,#1053,#1054,#1055,
    #1056,#1057,#1058,#1059,#1060,#1061,#1062,#1063,#1064,#1065,#1066,
    #1067,#1068,#1069,#1070),.UNSPECIFIED.,.F.,.F.,(6,4,4,5,4,4,4,6),(0.
    ,0.178617843101,0.274407441712,0.410722894232,0.589340737333,
    0.73582610009,0.882360366528,1.),.UNSPECIFIED.);
#1040 = CARTESIAN_POINT('',(0.574324442282,0.177023448398));
#1041 = CARTESIAN_POINT('',(0.5682154674,0.160517954893));
#1042 = CARTESIAN_POINT('',(0.561710031416,0.144031359553));
#1043 = CARTESIAN_POINT('',(0.555024714846,0.12801126577));
#1044 = CARTESIAN_POINT('',(0.548369719816,0.11283854906));
#1045 = CARTESIAN_POINT('',(0.538571835426,9.173825579836E-02));
#1046 = CARTESIAN_POINT('',(0.535231689996,8.478583600334E-02));
#1047 = CARTESIAN_POINT('',(0.53201039494,7.834005385721E-02));
#1048 = CARTESIAN_POINT('',(0.52895043363,7.250729398627E-02));
#1049 = CARTESIAN_POINT('',(0.522038884291,6.014859731191E-02));
#1050 = CARTESIAN_POINT('',(0.518398754558,5.436774558343E-02));
#1051 = CARTESIAN_POINT('',(0.515310461451,5.040102953207E-02));
#1052 = CARTESIAN_POINT('',(0.512915878129,4.857525898655E-02));
#1053 = CARTESIAN_POINT('',(0.511270907287,4.885811257715E-02));
#1054 = CARTESIAN_POINT('',(0.509412859876,4.91777249634E-02));
#1055 = CARTESIAN_POINT('',(0.508508697428,5.21898256823E-02));
#1056 = CARTESIAN_POINT('',(0.508644900216,5.787101771755E-02));
#1057 = CARTESIAN_POINT('',(0.50973174331,6.564505959959E-02));
#1058 = CARTESIAN_POINT('',(0.513231813431,8.277305153064E-02));
#1059 = CARTESIAN_POINT('',(0.515371693433,9.159130591565E-02));
#1060 = CARTESIAN_POINT('',(0.518011550965,0.101252965555));
#1061 = CARTESIAN_POINT('',(0.521080734599,0.111543542709));
#1062 = CARTESIAN_POINT('',(0.527951198257,0.133047434741));
#1063 = CARTESIAN_POINT('',(0.531752006037,0.144258467055));
#1064 = CARTESIAN_POINT('',(0.535852257139,0.155752025306));
#1065 = CARTESIAN_POINT('',(0.54018705847,0.167375587914));
#1066 = CARTESIAN_POINT('',(0.548298349571,0.188234489991));
#1067 = CARTESIAN_POINT('',(0.552015688375,0.197487079823));
#1068 = CARTESIAN_POINT('',(0.555802940855,0.206611532226));
#1069 = CARTESIAN_POINT('',(0.559618336311,0.215491755401));
#1070 = CARTESIAN_POINT('',(0.563413682607,0.223987517979));
#1071 = ( GEOMETRIC_REPRESENTATION_CONTEXT(2) 
PARAMETRIC_REPRESENTATION_CONTEXT() REPRESENTATION_CONTEXT('2D SPACE',''
  ) );
#1072 = PCURVE('',#1073,#1144);
#1073 = ( BOUNDED_SURFACE() B_SPLINE_SURFACE(9,6,(
    (#1074,#1075,#1076,#1077,#1078,#1079,#1080)
    ,(#1081,#1082,#1083,#1084,#1085,#1086,#1087)
    ,(#1088,#1089,#1090,#1091,#1092,#1093,#1094)
    ,(#1095,#1096,#1097,#1098,#1099,#1100,#1101)
    ,(#1102,#1103,#1104,#1105,#1106,#1107,#1108)
    ,(#1109,#1110,#1111,#1112,#1113,#1114,#1115)
    ,(#1116,#1117,#1118,#1119,#1120,#1121,#1122)
    ,(#1123,#1124,#1125,#1126,#1127,#1128,#1129)
    ,(#1130,#1131,#1132,#1133,#1134,#1135,#1136)
    ,(#1137,#1138,#1139,#1140,#1141,#1142,#1143
)),.UNSPECIFIED.,.F.,.F.,.F.) B_SPLINE_SURFACE_WITH_KNOTS((10,10),(7,7),
  (0.,1.),(0.,1.),.PIECEWISE_BEZIER_KNOTS.) 
GEOMETRIC_REPRESENTATION_ITEM() RATIONAL_B_SPLINE_SURFACE((
    (1.,1.,1.,1.,1.,1.,1.)
    ,(1.,1.,1.,1.,1.,1.,1.)
    ,(1.,1.,1.,1.,1.,1.,1.)
    ,(1.,1.,1.,1.,1.,1.,1.)
    ,(1.,1.,1.,1.,1.,1.,1.)
    ,(1.,1.,1.,1.,1.,1.,1.)
    ,(1.,1.,1.,1.,1.,1.,1.)
    ,(1.,1.,1.,1.,1.,1.,1.)
    ,(1.,1.,1.,1.,1.,1.,1.)
,(1.,1.,1.,1.,1.,1.,1.))) REPRESENTATION_ITEM('') SURFACE() );
#1074 = CARTESIAN_POINT('',(0.198941330285,0.303817095646,
    5.233025110418E-02));
#1075 = CARTESIAN_POINT('',(0.185721813454,0.30891762075,
    2.482483111652E-02));
#1076 = CARTESIAN_POINT('',(0.196376152523,0.321622108872,
    7.933581978526E-04));
#1077 = CARTESIAN_POINT('',(0.188692928204,0.329503110852,
    -2.870101759434E-02));
#1078 = CARTESIAN_POINT('',(0.190820541724,0.338842027721,
    -5.21880378829E-02));
#1079 = CARTESIAN_POINT('',(0.191005275146,0.349292311994,
    -8.071141896806E-02));
#1080 = CARTESIAN_POINT('',(0.189928923695,0.358217672705,
    -0.106332170564));
#1081 = CARTESIAN_POINT('',(0.199478454922,0.30237114481,
    5.18039680399E-02));
#1082 = CARTESIAN_POINT('',(0.175259939813,0.303559953163,
    2.287479958985E-02));
#1083 = CARTESIAN_POINT('',(0.202687532717,0.318523694126,
    -3.343725429425E-04));
#1084 = CARTESIAN_POINT('',(0.181716287767,0.319959381803,
    -3.217465089214E-02));
#1085 = CARTESIAN_POINT('',(0.191692477215,0.337925400866,
    -5.252166277414E-02));
#1086 = CARTESIAN_POINT('',(0.18923687287,0.340070748766,
    -8.406779349636E-02));
#1087 = CARTESIAN_POINT('',(0.189517832302,0.355767565923,
    -0.107223936503));
#1088 = CARTESIAN_POINT('',(0.196879258189,0.299895809731,
    5.09030197512E-02));
#1089 = CARTESIAN_POINT('',(0.167921660845,0.299228079076,
    2.129812636371E-02));
#1090 = CARTESIAN_POINT('',(0.205157137069,0.314164315217,
    -1.921056705736E-03));
#1091 = CARTESIAN_POINT('',(0.176473301015,0.310986104081,
    -3.544065688697E-02));
#1092 = CARTESIAN_POINT('',(0.191620958926,0.336696870584,
    -5.296881122857E-02));
#1093 = CARTESIAN_POINT('',(0.187048017786,0.33070873144,
    -8.747528913574E-02));
#1094 = CARTESIAN_POINT('',(0.188971825807,0.353272467601,
    -0.108132078024));
#1095 = CARTESIAN_POINT('',(0.190926627188,0.297017852809,
    4.985552909588E-02));
#1096 = CARTESIAN_POINT('',(0.166434760787,0.296693876621,
    2.037575210244E-02));
#1097 = CARTESIAN_POINT('',(0.202037640763,0.310066487296,
    -3.412544094436E-03));
#1098 = CARTESIAN_POINT('',(0.17471918309,0.303788193169,
    -3.806048220706E-02));
#1099 = CARTESIAN_POINT('',(0.190685546076,0.336766743922,
    -5.294337941388E-02));
#1100 = CARTESIAN_POINT('',(0.185115177055,0.324828648715,
    -8.961546422228E-02));
#1101 = CARTESIAN_POINT('',(0.188458520201,0.351728844965,
    -0.108693910716));
#1102 = CARTESIAN_POINT('',(0.183128906702,0.294900435504,
    4.908485222346E-02));
#1103 = CARTESIAN_POINT('',(0.171198114913,0.296026042671,
    2.013268042304E-02));
#1104 = CARTESIAN_POINT('',(0.194226929992,0.308536506788,
    -3.969411457772E-03));
#1105 = CARTESIAN_POINT('',(0.176749713391,0.29921972029,
    -3.972327035197E-02));
#1106 = CARTESIAN_POINT('',(0.189627381982,0.339832544252,
    -5.182751934855E-02));
#1107 = CARTESIAN_POINT('',(0.184292007024,0.325993428773,
    -8.919151895232E-02));
#1108 = CARTESIAN_POINT('',(0.188209751935,0.352119637267,
    -0.108551673951));
#1109 = CARTESIAN_POINT('',(0.177117460912,0.294947439952,
    4.910196044354E-02));
#1110 = CARTESIAN_POINT('',(0.178645667066,0.296397799219,
    2.026798874109E-02));
#1111 = CARTESIAN_POINT('',(0.186557299908,0.311534917859,
    -2.878079078329E-03));
#1112 = CARTESIAN_POINT('',(0.180321879779,0.297991000913,
    -4.017048763045E-02));
#1113 = CARTESIAN_POINT('',(0.189825080325,0.346326029778,
    -4.946408390149E-02));
#1114 = CARTESIAN_POINT('',(0.185237765774,0.335608573875,
    -8.569189233629E-02));
#1115 = CARTESIAN_POINT('',(0.188430479245,0.35482574314,-0.107566731962
    ));
#1116 = CARTESIAN_POINT('',(0.176279810387,0.297132378593,
    4.989721307254E-02));
#1117 = CARTESIAN_POINT('',(0.183698215104,0.298249780705,
    2.094205487624E-02));
#1118 = CARTESIAN_POINT('',(0.184023350783,0.316027776605,
    -1.242812227512E-03));
#1119 = CARTESIAN_POINT('',(0.183256134584,0.304641803323,
    -3.77497935203E-02));
#1120 = CARTESIAN_POINT('',(0.191221385711,0.351154788076,
    -4.770655961162E-02));
#1121 = CARTESIAN_POINT('',(0.187453156365,0.348809490497,
    -8.088715162138E-02));
#1122 = CARTESIAN_POINT('',(0.189005073508,0.358429561416,-0.10625504938
    ));
#1123 = CARTESIAN_POINT('',(0.179671119208,0.3000303629,
    5.095199309967E-02));
#1124 = CARTESIAN_POINT('',(0.186479115139,0.302295902178,
    2.241472265692E-02));
#1125 = CARTESIAN_POINT('',(0.18530836455,0.318661294968,
    -2.842899324585E-04));
#1126 = CARTESIAN_POINT('',(0.186185276422,0.319333990218,
    -3.240227481353E-02));
#1127 = CARTESIAN_POINT('',(0.192341015013,0.350808181621,
    -4.78327140449E-02));
#1128 = CARTESIAN_POINT('',(0.189850172729,0.35983772467,
    -7.687320264586E-02));
#1129 = CARTESIAN_POINT('',(0.189628329277,0.361321167602,
    -0.105202590799));
#1130 = CARTESIAN_POINT('',(0.185045686196,0.302483996919,
    5.184504284834E-02));
#1131 = CARTESIAN_POINT('',(0.188193890885,0.307869192185,
    2.444323432619E-02));
#1132 = CARTESIAN_POINT('',(0.188067259355,0.319072674721,
    -1.345599471205E-04));
#1133 = CARTESIAN_POINT('',(0.189347860018,0.337257805998,
    -2.587853938547E-02));
#1134 = CARTESIAN_POINT('',(0.192431916152,0.345784058714,
    -4.966134523603E-02));
#1135 = CARTESIAN_POINT('',(0.191657502281,0.365778652165,
    -7.471088187363E-02));
#1136 = CARTESIAN_POINT('',(0.190087132802,0.36274716184,-0.104683571342
    ));
#1137 = CARTESIAN_POINT('',(0.190189282869,0.303885529293,
    5.235515891486E-02));
#1138 = CARTESIAN_POINT('',(0.190038500156,0.313688833908,
    2.656141068755E-02));
#1139 = CARTESIAN_POINT('',(0.190253021635,0.318293301012,
    -4.182287788984E-04));
#1140 = CARTESIAN_POINT('',(0.192596147285,0.35279548141,
    -2.022328802559E-02));
#1141 = CARTESIAN_POINT('',(0.191449873883,0.338594074221,
    -5.227828557629E-02));
#1142 = CARTESIAN_POINT('',(0.192552737361,0.366404010961,
    -7.448326988607E-02));
#1143 = CARTESIAN_POINT('',(0.190295799381,0.362715550426,
    -0.104695076956));
#1144 = DEFINITIONAL_REPRESENTATION('',(#1145),#1177);
#1145 = B_SPLINE_CURVE_WITH_KNOTS('',5,(#1146,#1147,#1148,#1149,#1150,
    #1151,#1152,#1153,#1154,#1155,#1156,#1157,#1158,#1159,#1160,#1161,
    #1162,#1163,#1164,#1165,#1166,#1167,#1168,#1169,#1170,#1171,#1172,
    #1173,#1174,#1175,#1176),.UNSPECIFIED.,.F.,.F.,(6,4,4,5,4,4,4,6),(0.
    ,0.178617843101,0.274407441712,0.410722894232,0.589340737333,
    0.73582610009,0.882360366528,1.),.UNSPECIFIED.);
#1146 = CARTESIAN_POINT('',(1.,0.113185376762));
#1147 = CARTESIAN_POINT('',(0.962726118071,0.114750039684));
#1148 = CARTESIAN_POINT('',(0.925506167242,0.115961139556));
#1149 = CARTESIAN_POINT('',(0.888081253506,0.116675957526));
#1150 = CARTESIAN_POINT('',(0.850282590131,0.116860437057));
#1151 = CARTESIAN_POINT('',(0.791331033044,0.116482262544));
#1152 = CARTESIAN_POINT('',(0.77059155676,0.116226029174));
#1153 = CARTESIAN_POINT('',(0.749662288685,0.115861296425));
#1154 = CARTESIAN_POINT('',(0.728528496895,0.11541309892));
#1155 = CARTESIAN_POINT('',(0.676825343516,0.114207920925));
#1156 = CARTESIAN_POINT('',(0.646039827009,0.113399995943));
#1157 = CARTESIAN_POINT('',(0.614865697754,0.112586543627));
#1158 = CARTESIAN_POINT('',(0.583421933671,0.111895251377));
#1159 = CARTESIAN_POINT('',(0.551967458285,0.111384888951));
#1160 = CARTESIAN_POINT('',(0.516438221461,0.110808616649));
#1161 = CARTESIAN_POINT('',(0.480856858331,0.110461081502));
#1162 = CARTESIAN_POINT('',(0.445603775424,0.11043561231));
#1163 = CARTESIAN_POINT('',(0.410835193531,0.11067862168));
#1164 = CARTESIAN_POINT('',(0.348486977979,0.111415860631));
#1165 = CARTESIAN_POINT('',(0.3207348972,0.111858036082));
#1166 = CARTESIAN_POINT('',(0.293317160088,0.11235331297));
#1167 = CARTESIAN_POINT('',(0.266195033313,0.112829404771));
#1168 = CARTESIAN_POINT('',(0.212397435743,0.11362471182));
#1169 = CARTESIAN_POINT('',(0.185726537455,0.113943679795));
#1170 = CARTESIAN_POINT('',(0.159223164381,0.114123789872));
#1171 = CARTESIAN_POINT('',(0.132819394848,0.11411571174));
#1172 = CARTESIAN_POINT('',(8.52279926605E-02,0.113726148336));
#1173 = CARTESIAN_POINT('',(6.403993158477E-02,0.113419049743));
#1174 = CARTESIAN_POINT('',(4.280867026667E-02,0.112966799097));
#1175 = CARTESIAN_POINT('',(2.148130037891E-02,0.112373200276));
#1176 = CARTESIAN_POINT('',(0.,0.111657448394));
#1177 = ( GEOMETRIC_REPRESENTATION_CONTEXT(2) 
PARAMETRIC_REPRESENTATION_CONTEXT() REPRESENTATION_CONTEXT('2D SPACE',''
  ) );
#1178 = ORIENTED_EDGE('',*,*,#1179,.T.);
#1179 = EDGE_CURVE('',#1002,#1180,#1182,.T.);
#1180 = VERTEX_POINT('',#1181);
#1181 = CARTESIAN_POINT('',(0.198015692054,0.314666984965,
    3.89579537759E-02));
#1182 = SURFACE_CURVE('',#1183,(#1204,#1228),.PCURVE_S1.);
#1183 = B_SPLINE_CURVE_WITH_KNOTS('',7,(#1184,#1185,#1186,#1187,#1188,
    #1189,#1190,#1191,#1192,#1193,#1194,#1195,#1196,#1197,#1198,#1199,
    #1200,#1201,#1202,#1203),.UNSPECIFIED.,.F.,.F.,(8,6,6,8),(0.,
    0.627430170976,0.802972820847,1.),.UNSPECIFIED.);
#1184 = CARTESIAN_POINT('',(0.193527302849,0.308351228721,
    3.434726500472E-02));
#1185 = CARTESIAN_POINT('',(0.19441361958,0.309237674815,
    3.485649836111E-02));
#1186 = CARTESIAN_POINT('',(0.195250301852,0.310096696165,
    3.54019751181E-02));
#1187 = CARTESIAN_POINT('',(0.196017097616,0.310911261981,
    3.597056335174E-02));
#1188 = CARTESIAN_POINT('',(0.196692631491,0.311665079433,
    3.654340471155E-02));
#1189 = CARTESIAN_POINT('',(0.197251418517,0.312341096661,
    3.709209275337E-02));
#1190 = CARTESIAN_POINT('',(0.197674085428,0.312926674576,
    3.758408516331E-02));
#1191 = CARTESIAN_POINT('',(0.198029717067,0.313549963668,
    3.810962845219E-02));
#1192 = CARTESIAN_POINT('',(0.198096127536,0.313678506226,
    3.821815456985E-02));
#1193 = CARTESIAN_POINT('',(0.198151009179,0.313799154096,
    3.831975646195E-02));
#1194 = CARTESIAN_POINT('',(0.198194234297,0.313911756964,
    3.841393763487E-02));
#1195 = CARTESIAN_POINT('',(0.198225740041,0.314016190527,
    3.850026330983E-02));
#1196 = CARTESIAN_POINT('',(0.198245528419,0.314112356492,
    3.857836042292E-02));
#1197 = CARTESIAN_POINT('',(0.198262800146,0.31429875762,
    3.872598787941E-02));
#1198 = CARTESIAN_POINT('',(0.19825724975,0.314386823091,
    3.879330628589E-02));
#1199 = CARTESIAN_POINT('',(0.198237121554,0.314464278433,
    3.884944550824E-02));
#1200 = CARTESIAN_POINT('',(0.198202600076,0.314531051596,
    3.889410078003E-02));
#1201 = CARTESIAN_POINT('',(0.198153947894,0.314587099026,
    3.892708990473E-02));
#1202 = CARTESIAN_POINT('',(0.198091505651,0.314632405668,
    3.894835325562E-02));
#1203 = CARTESIAN_POINT('',(0.198015692054,0.314666984965,
    3.89579537759E-02));
#1204 = PCURVE('',#36,#1205);
#1205 = DEFINITIONAL_REPRESENTATION('',(#1206),#1227);
#1206 = B_SPLINE_CURVE_WITH_KNOTS('',7,(#1207,#1208,#1209,#1210,#1211,
    #1212,#1213,#1214,#1215,#1216,#1217,#1218,#1219,#1220,#1221,#1222,
    #1223,#1224,#1225,#1226),.UNSPECIFIED.,.F.,.F.,(8,6,6,8),(0.,
    0.627430170976,0.802972820847,1.),.UNSPECIFIED.);
#1207 = CARTESIAN_POINT('',(0.563413682607,0.223987517979));
#1208 = CARTESIAN_POINT('',(0.569082697058,0.23651985242));
#1209 = CARTESIAN_POINT('',(0.574747333216,0.248385741086));
#1210 = CARTESIAN_POINT('',(0.580304370751,0.259294956865));
#1211 = CARTESIAN_POINT('',(0.585633214497,0.268936277701));
#1212 = CARTESIAN_POINT('',(0.590566914815,0.276931620936));
#1213 = CARTESIAN_POINT('',(0.59492206681,0.282988224174));
#1214 = CARTESIAN_POINT('',(0.599580778958,0.288088247969));
#1215 = CARTESIAN_POINT('',(0.600543281599,0.28904099687));
#1216 = CARTESIAN_POINT('',(0.601446736863,0.289828588047));
#1217 = CARTESIAN_POINT('',(0.6022884187,0.290449035064));
#1218 = CARTESIAN_POINT('',(0.603065956344,0.290901325225));
#1219 = CARTESIAN_POINT('',(0.603777334312,0.291185419576));
#1220 = CARTESIAN_POINT('',(0.605143215069,0.291433385374));
#1221 = CARTESIAN_POINT('',(0.605780128271,0.291353700442));
#1222 = CARTESIAN_POINT('',(0.606329357333,0.291064706256));
#1223 = CARTESIAN_POINT('',(0.606789297733,0.290569094554));
#1224 = CARTESIAN_POINT('',(0.607159015093,0.289870740662));
#1225 = CARTESIAN_POINT('',(0.607438245188,0.288974703495));
#1226 = CARTESIAN_POINT('',(0.60762739394,0.287887225558));
#1227 = ( GEOMETRIC_REPRESENTATION_CONTEXT(2) 
PARAMETRIC_REPRESENTATION_CONTEXT() REPRESENTATION_CONTEXT('2D SPACE',''
  ) );
#1228 = PCURVE('',#1229,#1300);
#1229 = ( BOUNDED_SURFACE() B_SPLINE_SURFACE(9,6,(
    (#1230,#1231,#1232,#1233,#1234,#1235,#1236)
    ,(#1237,#1238,#1239,#1240,#1241,#1242,#1243)
    ,(#1244,#1245,#1246,#1247,#1248,#1249,#1250)
    ,(#1251,#1252,#1253,#1254,#1255,#1256,#1257)
    ,(#1258,#1259,#1260,#1261,#1262,#1263,#1264)
    ,(#1265,#1266,#1267,#1268,#1269,#1270,#1271)
    ,(#1272,#1273,#1274,#1275,#1276,#1277,#1278)
    ,(#1279,#1280,#1281,#1282,#1283,#1284,#1285)
    ,(#1286,#1287,#1288,#1289,#1290,#1291,#1292)
    ,(#1293,#1294,#1295,#1296,#1297,#1298,#1299
)),.UNSPECIFIED.,.F.,.F.,.F.) B_SPLINE_SURFACE_WITH_KNOTS((10,10),(7,7),
  (4.,5.),(0.,1.),.PIECEWISE_BEZIER_KNOTS.) 
GEOMETRIC_REPRESENTATION_ITEM() RATIONAL_B_SPLINE_SURFACE((
    (1.,1.,1.,1.,1.,1.,1.)
    ,(1.,1.,1.,1.,1.,1.,1.)
    ,(1.,1.,1.,1.,1.,1.,1.)
    ,(1.,1.,1.,1.,1.,1.,1.)
    ,(1.,1.,1.,1.,1.,1.,1.)
    ,(1.,1.,1.,1.,1.,1.,1.)
    ,(1.,1.,1.,1.,1.,1.,1.)
    ,(1.,1.,1.,1.,1.,1.,1.)
    ,(1.,1.,1.,1.,1.,1.,1.)
,(1.,1.,1.,1.,1.,1.,1.))) REPRESENTATION_ITEM('') SURFACE() );
#1230 = CARTESIAN_POINT('',(0.193425522383,0.304583087441,
    5.260904931734E-02));
#1231 = CARTESIAN_POINT('',(0.213243947489,0.333522005697,
    3.378009486972E-02));
#1232 = CARTESIAN_POINT('',(0.166634288094,0.296865768133,
    -8.217212940617E-03));
#1233 = CARTESIAN_POINT('',(0.20777362263,0.347749887448,
    -2.2059734042E-02));
#1234 = CARTESIAN_POINT('',(0.185249657517,0.334226347534,
    -5.386800808196E-02));
#1235 = CARTESIAN_POINT('',(0.191780674755,0.351042843641,
    -8.007427755408E-02));
#1236 = CARTESIAN_POINT('',(0.189984195476,0.35855344903,-0.106209957976
    ));
#1237 = CARTESIAN_POINT('',(0.194424438039,0.304736100282,
    5.266474143689E-02));
#1238 = CARTESIAN_POINT('',(0.212654144783,0.333058321695,
    3.361132769481E-02));
#1239 = CARTESIAN_POINT('',(0.166269544731,0.296309944712,
    -8.419516121226E-03));
#1240 = CARTESIAN_POINT('',(0.208096945046,0.34791365896,
    -2.200012608645E-02));
#1241 = CARTESIAN_POINT('',(0.185106377778,0.334056475149,
    -5.392983657377E-02));
#1242 = CARTESIAN_POINT('',(0.191770016328,0.350915880187,
    -8.012048847221E-02));
#1243 = CARTESIAN_POINT('',(0.189978190458,0.358516247215,
    -0.106223498329));
#1244 = CARTESIAN_POINT('',(0.195364448087,0.304831112683,
    5.269932312262E-02));
#1245 = CARTESIAN_POINT('',(0.211329548074,0.331871399223,
    3.317932324485E-02));
#1246 = CARTESIAN_POINT('',(0.166962953529,0.296795659387,
    -8.242730437094E-03));
#1247 = CARTESIAN_POINT('',(0.207720917787,0.347389056739,
    -2.219106567954E-02));
#1248 = CARTESIAN_POINT('',(0.185180810229,0.334100898651,
    -5.391366774131E-02));
#1249 = CARTESIAN_POINT('',(0.191737818084,0.350767714957,
    -8.01744162059E-02));
#1250 = CARTESIAN_POINT('',(0.189972150019,0.358479010549,
    -0.106237051367));
#1251 = CARTESIAN_POINT('',(0.196226038644,0.304865046461,
    5.271167400784E-02));
#1252 = CARTESIAN_POINT('',(0.209275585452,0.329986235225,
    3.249317966266E-02));
#1253 = CARTESIAN_POINT('',(0.168719690196,0.298291079566,
    -7.698442004206E-03));
#1254 = CARTESIAN_POINT('',(0.206640080867,0.346196485408,
    -2.262512614638E-02));
#1255 = CARTESIAN_POINT('',(0.185474855441,0.334353347789,
    -5.382178376955E-02));
#1256 = CARTESIAN_POINT('',(0.19168389182,0.35059897693,
    -8.023583182495E-02));
#1257 = CARTESIAN_POINT('',(0.189966074739,0.358441742539,
    -0.106250615814));
#1258 = CARTESIAN_POINT('',(0.196991519899,0.304836499494,
    5.270128376146E-02));
#1259 = CARTESIAN_POINT('',(0.206532180815,0.327461209127,
    3.157414532249E-02));
#1260 = CARTESIAN_POINT('',(0.171495223371,0.300716325167,
    -6.81572479491E-03));
#1261 = CARTESIAN_POINT('',(0.20488181653,0.344388086673,
    -2.328332945767E-02));
#1262 = CARTESIAN_POINT('',(0.185980176331,0.334797659961,
    -5.366006736413E-02));
#1263 = CARTESIAN_POINT('',(0.191609055674,0.350411267468,
    -8.030415248187E-02));
#1264 = CARTESIAN_POINT('',(0.189959965193,0.358404446693,
    -0.106264190391));
#1265 = CARTESIAN_POINT('',(0.197645466606,0.304745684545,
    5.266822982326E-02));
#1266 = CARTESIAN_POINT('',(0.203169279613,0.324382522684,
    3.045359509641E-02));
#1267 = CARTESIAN_POINT('',(0.175201341669,0.303951336088,
    -5.638277111909E-03));
#1268 = CARTESIAN_POINT('',(0.202502432661,0.342042563717,
    -2.41370299975E-02));
#1269 = CARTESIAN_POINT('',(0.186679412918,0.335409391462,
    -5.343741530622E-02));
#1270 = CARTESIAN_POINT('',(0.191515014836,0.35020700197,
    -8.037849904287E-02));
#1271 = CARTESIAN_POINT('',(0.189953821959,0.35836712652,-0.106277773824
    ));
#1272 = CARTESIAN_POINT('',(0.198175158576,0.304594368094,
    5.261315513917E-02));
#1273 = CARTESIAN_POINT('',(0.199282374577,0.320858639808,
    2.917100662074E-02));
#1274 = CARTESIAN_POINT('',(0.179712180737,0.307843739687,
    -4.221558062239E-03));
#1275 = CARTESIAN_POINT('',(0.199583246204,0.339260005589,
    -2.514979833128E-02));
#1276 = CARTESIAN_POINT('',(0.187547397085,0.336157428728,
    -5.316515200721E-02));
#1277 = CARTESIAN_POINT('',(0.19140424226,0.349989251538,
    -8.045775371886E-02));
#1278 = CARTESIAN_POINT('',(0.189947645615,0.358329785527,
    -0.106291364834));
#1279 = CARTESIAN_POINT('',(0.198571021164,0.304385809164,
    5.253724589655E-02));
#1280 = CARTESIAN_POINT('',(0.194988031456,0.317014726415,
    2.777193656236E-02));
#1281 = CARTESIAN_POINT('',(0.1848702503,0.312216718247,
    -2.629924031248E-03));
#1282 = CARTESIAN_POINT('',(0.196226666566,0.336156711594,
    -2.627930497354E-02));
#1283 = CARTESIAN_POINT('',(0.188552367332,0.33700559958,
    -5.285644306363E-02));
#1284 = CARTESIAN_POINT('',(0.191279859383,0.34976158463,
    -8.05406176965E-02));
#1285 = CARTESIAN_POINT('',(0.189941436738,0.358292427221,
    -0.106304962145));
#1286 = CARTESIAN_POINT('',(0.198827065761,0.30412469815,
    5.244220925952E-02));
#1287 = CARTESIAN_POINT('',(0.190419414752,0.312987090253,
    2.630599688519E-02));
#1288 = CARTESIAN_POINT('',(0.190492461215,0.316876876455,
    -9.337651565809E-04));
#1289 = CARTESIAN_POINT('',(0.192552279039,0.332860015685,
    -2.747920415577E-02));
#1290 = CARTESIAN_POINT('',(0.18965718354,0.337914284469,
    -5.252570881185E-02));
#1291 = CARTESIAN_POINT('',(0.191145516833,0.349527908729,
    -8.062566876918E-02));
#1292 = CARTESIAN_POINT('',(0.189935195906,0.358255055111,-0.10631856448
    ));
#1293 = CARTESIAN_POINT('',(0.198941330285,0.303817095646,
    5.233025110418E-02));
#1294 = CARTESIAN_POINT('',(0.185721813454,0.30891762075,
    2.482483111652E-02));
#1295 = CARTESIAN_POINT('',(0.196376152523,0.321622108872,
    7.933581978545E-04));
#1296 = CARTESIAN_POINT('',(0.188692928204,0.329503110852,
    -2.870101759434E-02));
#1297 = CARTESIAN_POINT('',(0.190820541724,0.338842027721,
    -5.21880378829E-02));
#1298 = CARTESIAN_POINT('',(0.191005275146,0.349292311994,
    -8.071141896806E-02));
#1299 = CARTESIAN_POINT('',(0.189928923695,0.358217672705,
    -0.106332170564));
#1300 = DEFINITIONAL_REPRESENTATION('',(#1301),#1322);
#1301 = B_SPLINE_CURVE_WITH_KNOTS('',7,(#1302,#1303,#1304,#1305,#1306,
    #1307,#1308,#1309,#1310,#1311,#1312,#1313,#1314,#1315,#1316,#1317,
    #1318,#1319,#1320,#1321),.UNSPECIFIED.,.F.,.F.,(8,6,6,8),(0.,
    0.627430170976,0.802972820847,1.),.UNSPECIFIED.);
#1302 = CARTESIAN_POINT('',(5.,0.111657448394));
#1303 = CARTESIAN_POINT('',(4.911013021586,0.110597983991));
#1304 = CARTESIAN_POINT('',(4.821935765468,0.109275961375));
#1305 = CARTESIAN_POINT('',(4.73271960944,0.107730664873));
#1306 = CARTESIAN_POINT('',(4.6433336495,0.106035407348));
#1307 = CARTESIAN_POINT('',(4.553758390769,0.104316202379));
#1308 = CARTESIAN_POINT('',(4.464000795939,0.102731878408));
#1309 = CARTESIAN_POINT('',(4.348960319209,0.101034777294));
#1310 = CARTESIAN_POINT('',(4.323800726387,0.100683962737));
#1311 = CARTESIAN_POINT('',(4.298632440746,0.100356156351));
#1312 = CARTESIAN_POINT('',(4.273456783893,0.10005387062));
#1313 = CARTESIAN_POINT('',(4.248275179822,9.977932112301E-02));
#1314 = CARTESIAN_POINT('',(4.223089154918,9.953442653359E-02));
#1315 = CARTESIAN_POINT('',(4.169628681148,9.908104617558E-02));
#1316 = CARTESIAN_POINT('',(4.141353408111,9.888064145544E-02));
#1317 = CARTESIAN_POINT('',(4.113076829183,9.872181760163E-02));
#1318 = CARTESIAN_POINT('',(4.084801150094,9.860615947431E-02));
#1319 = CARTESIAN_POINT('',(4.056528471962,9.853461365198E-02));
#1320 = CARTESIAN_POINT('',(4.028260791297,9.850748843152E-02));
#1321 = CARTESIAN_POINT('',(4.,9.852445382818E-02));
#1322 = ( GEOMETRIC_REPRESENTATION_CONTEXT(2) 
PARAMETRIC_REPRESENTATION_CONTEXT() REPRESENTATION_CONTEXT('2D SPACE',''
  ) );
#1323 = ORIENTED_EDGE('',*,*,#1324,.T.);
#1324 = EDGE_CURVE('',#1180,#1325,#1327,.T.);
#1325 = VERTEX_POINT('',#1326);
#1326 = CARTESIAN_POINT('',(0.191616863671,0.311177053497,
    3.543593866477E-02));
#1327 = SURFACE_CURVE('',#1328,(#1341,#1357),.PCURVE_S1.);
#1328 = B_SPLINE_CURVE_WITH_KNOTS('',6,(#1329,#1330,#1331,#1332,#1333,
    #1334,#1335,#1336,#1337,#1338,#1339,#1340),.UNSPECIFIED.,.F.,.F.,(7,
    5,7),(0.,0.862052720288,1.),.UNSPECIFIED.);
#1329 = CARTESIAN_POINT('',(0.198015692054,0.314666984965,
    3.89579537759E-02));
#1330 = CARTESIAN_POINT('',(0.197609625877,0.314603133452,
    3.880951225011E-02));
#1331 = CARTESIAN_POINT('',(0.196963792231,0.314355103489,
    3.845950257122E-02));
#1332 = CARTESIAN_POINT('',(0.196121383787,0.313960378925,
    3.79632753964E-02));
#1333 = CARTESIAN_POINT('',(0.195121522968,0.313435804348,
    3.737938712341E-02));
#1334 = CARTESIAN_POINT('',(0.194000987169,0.312777825231,
    3.67393372038E-02));
#1335 = CARTESIAN_POINT('',(0.192606607061,0.311860556078,
    3.597138905506E-02));
#1336 = CARTESIAN_POINT('',(0.192412172334,0.311730624257,
    3.586488776087E-02));
#1337 = CARTESIAN_POINT('',(0.192215815035,0.311597297038,
    3.575795689535E-02));
#1338 = CARTESIAN_POINT('',(0.192017699299,0.311460582335,
    3.56507316997E-02));
#1339 = CARTESIAN_POINT('',(0.191817992184,0.311320494335,
    3.554334729151E-02));
#1340 = CARTESIAN_POINT('',(0.191616863671,0.311177053497,
    3.543593866477E-02));
#1341 = PCURVE('',#36,#1342);
#1342 = DEFINITIONAL_REPRESENTATION('',(#1343),#1356);
#1343 = B_SPLINE_CURVE_WITH_KNOTS('',6,(#1344,#1345,#1346,#1347,#1348,
    #1349,#1350,#1351,#1352,#1353,#1354,#1355),.UNSPECIFIED.,.F.,.F.,(7,
    5,7),(0.,0.862052720288,1.),.UNSPECIFIED.);
#1344 = CARTESIAN_POINT('',(0.60762739394,0.287887225558));
#1345 = CARTESIAN_POINT('',(0.606808900334,0.282062571089));
#1346 = CARTESIAN_POINT('',(0.604448126687,0.272809080216));
#1347 = CARTESIAN_POINT('',(0.600937175564,0.260769144624));
#1348 = CARTESIAN_POINT('',(0.596606276883,0.246539189601));
#1349 = CARTESIAN_POINT('',(0.591554934443,0.230662549335));
#1350 = CARTESIAN_POINT('',(0.584976414316,0.210984355244));
#1351 = CARTESIAN_POINT('',(0.584053053429,0.208242008963));
#1352 = CARTESIAN_POINT('',(0.583114206468,0.205474171603));
#1353 = CARTESIAN_POINT('',(0.582160265597,0.202683174092));
#1354 = CARTESIAN_POINT('',(0.581191629288,0.19987137644));
#1355 = CARTESIAN_POINT('',(0.580208702318,0.197041167728));
#1356 = ( GEOMETRIC_REPRESENTATION_CONTEXT(2) 
PARAMETRIC_REPRESENTATION_CONTEXT() REPRESENTATION_CONTEXT('2D SPACE',''
  ) );
#1357 = PCURVE('',#1358,#1429);
#1358 = ( BOUNDED_SURFACE() B_SPLINE_SURFACE(9,6,(
    (#1359,#1360,#1361,#1362,#1363,#1364,#1365)
    ,(#1366,#1367,#1368,#1369,#1370,#1371,#1372)
    ,(#1373,#1374,#1375,#1376,#1377,#1378,#1379)
    ,(#1380,#1381,#1382,#1383,#1384,#1385,#1386)
    ,(#1387,#1388,#1389,#1390,#1391,#1392,#1393)
    ,(#1394,#1395,#1396,#1397,#1398,#1399,#1400)
    ,(#1401,#1402,#1403,#1404,#1405,#1406,#1407)
    ,(#1408,#1409,#1410,#1411,#1412,#1413,#1414)
    ,(#1415,#1416,#1417,#1418,#1419,#1420,#1421)
    ,(#1422,#1423,#1424,#1425,#1426,#1427,#1428
)),.UNSPECIFIED.,.F.,.F.,.F.) B_SPLINE_SURFACE_WITH_KNOTS((10,10),(7,7),
  (3.,4.),(0.,1.),.PIECEWISE_BEZIER_KNOTS.) 
GEOMETRIC_REPRESENTATION_ITEM() RATIONAL_B_SPLINE_SURFACE((
    (1.,1.,1.,1.,1.,1.,1.)
    ,(1.,1.,1.,1.,1.,1.,1.)
    ,(1.,1.,1.,1.,1.,1.,1.)
    ,(1.,1.,1.,1.,1.,1.,1.)
    ,(1.,1.,1.,1.,1.,1.,1.)
    ,(1.,1.,1.,1.,1.,1.,1.)
    ,(1.,1.,1.,1.,1.,1.,1.)
    ,(1.,1.,1.,1.,1.,1.,1.)
    ,(1.,1.,1.,1.,1.,1.,1.)
,(1.,1.,1.,1.,1.,1.,1.))) REPRESENTATION_ITEM('') SURFACE() );
#1359 = CARTESIAN_POINT('',(0.191244974857,0.30415446485,
    5.245304345262E-02));
#1360 = CARTESIAN_POINT('',(0.184528520088,0.300372613032,
    2.171470265565E-02));
#1361 = CARTESIAN_POINT('',(0.218565672286,0.376570420298,
    2.079290798019E-02));
#1362 = CARTESIAN_POINT('',(0.174837242567,0.300910250769,
    -3.910796757691E-02));
#1363 = CARTESIAN_POINT('',(0.19607154644,0.351342249962,
    -4.763832906544E-02));
#1364 = CARTESIAN_POINT('',(0.19117269569,0.352090571448,
    -7.969293581889E-02));
#1365 = CARTESIAN_POINT('',(0.190090195162,0.359238535263,
    -0.105960606979));
#1366 = CARTESIAN_POINT('',(0.191495307147,0.30421373239,
    5.247461507287E-02));
#1367 = CARTESIAN_POINT('',(0.187957276783,0.303833970609,
    2.297453378389E-02));
#1368 = CARTESIAN_POINT('',(0.215060172203,0.372535427158,
    1.932429058182E-02));
#1369 = CARTESIAN_POINT('',(0.17646102357,0.301996764916,
    -3.871250876828E-02));
#1370 = CARTESIAN_POINT('',(0.195567845583,0.350834710358,
    -4.782305837419E-02));
#1371 = CARTESIAN_POINT('',(0.191173364831,0.351840091424,
    -7.978410309176E-02));
#1372 = CARTESIAN_POINT('',(0.190079114057,0.35916358605,-0.105987886262
    ));
#1373 = CARTESIAN_POINT('',(0.191744216214,0.304270205022,
    5.249516943001E-02));
#1374 = CARTESIAN_POINT('',(0.191537728589,0.30759367803,
    2.43429553747E-02));
#1375 = CARTESIAN_POINT('',(0.210678006654,0.366775083031,
    1.722769678039E-02));
#1376 = CARTESIAN_POINT('',(0.178798481787,0.304487900506,
    -3.780580956428E-02));
#1377 = CARTESIAN_POINT('',(0.194825529216,0.349857540969,
    -4.817871894568E-02));
#1378 = CARTESIAN_POINT('',(0.191196987432,0.351634787707,
    -7.985882753389E-02));
#1379 = CARTESIAN_POINT('',(0.190067847719,0.359088272394,
    -0.106015298191));
#1380 = CARTESIAN_POINT('',(0.191991449594,0.304323833121,
    5.251468846158E-02));
#1381 = CARTESIAN_POINT('',(0.19518374669,0.311561042581,
    2.578695797979E-02));
#1382 = CARTESIAN_POINT('',(0.205507137825,0.359422639623,
    1.455162623073E-02));
#1383 = CARTESIAN_POINT('',(0.181800758476,0.308298605783,
    -3.641882627182E-02));
#1384 = CARTESIAN_POINT('',(0.193858924746,0.348437291394,
    -4.869564751603E-02));
#1385 = CARTESIAN_POINT('',(0.191242196747,0.351472189112,
    -7.991800858274E-02));
#1386 = CARTESIAN_POINT('',(0.190056400892,0.359012624969,
    -0.106042831602));
#1387 = CARTESIAN_POINT('',(0.19223675482,0.304374567059,
    5.253315410514E-02));
#1388 = CARTESIAN_POINT('',(0.19880230048,0.315631159386,
    2.726835934672E-02));
#1389 = CARTESIAN_POINT('',(0.199673321076,0.350685633534,
    1.137161607762E-02));
#1390 = CARTESIAN_POINT('',(0.185387491479,0.313282101295,
    -3.460498224287E-02));
#1391 = CARTESIAN_POINT('',(0.192692866102,0.346621082331,
    -4.935669355427E-02));
#1392 = CARTESIAN_POINT('',(0.191306579341,0.351347775405,
    -7.996329146869E-02));
#1393 = CARTESIAN_POINT('',(0.190044778325,0.358936674449,
    -0.106070475331));
#1394 = CARTESIAN_POINT('',(0.192479879429,0.304422357212,
    5.255054829826E-02));
#1395 = CARTESIAN_POINT('',(0.202297426127,0.319690193156,
    2.874572681881E-02));
#1396 = CARTESIAN_POINT('',(0.193332385177,0.340831361508,
    7.784954379832E-03));
#1397 = CARTESIAN_POINT('',(0.189452398842,0.319241123341,
    -3.243607559283E-02));
#1398 = CARTESIAN_POINT('',(0.191360902099,0.344472927014,
    -5.013855814811E-02));
#1399 = CARTESIAN_POINT('',(0.191386852252,0.351255342424,
    -7.999693432245E-02));
#1400 = CARTESIAN_POINT('',(0.190032984761,0.358860451508,
    -0.106098218212));
#1401 = CARTESIAN_POINT('',(0.192720570954,0.304467153953,
    5.256685297848E-02));
#1402 = CARTESIAN_POINT('',(0.20557419514,0.32362065994,
    3.017629973498E-02));
#1403 = CARTESIAN_POINT('',(0.186662512547,0.330172355687,
    3.905393534306E-03));
#1404 = CARTESIAN_POINT('',(0.193868862435,0.325939167423,
    -2.999818691899E-02));
#1405 = CARTESIAN_POINT('',(0.189903504788,0.342070052661,
    -5.10131328895E-02));
#1406 = CARTESIAN_POINT('',(0.191479040138,0.351187367195,
    -8.002167528239E-02));
#1407 = CARTESIAN_POINT('',(0.190021024949,0.358783986822,
    -0.106126049082));
#1408 = CARTESIAN_POINT('',(0.192958576932,0.304508907655,
    5.258205008336E-02));
#1409 = CARTESIAN_POINT('',(0.208542682937,0.327306708876,
    3.151791182971E-02));
#1410 = CARTESIAN_POINT('',(0.179856519485,0.319051858864,
    -1.421362997566E-04));
#1411 = CARTESIAN_POINT('',(0.198495511569,0.3331117317,
    -2.738758701889E-02));
#1412 = CARTESIAN_POINT('',(0.188366277811,0.339499221909,
    -5.194883876037E-02));
#1413 = CARTESIAN_POINT('',(0.191578652432,0.351135373054,
    -8.004059960201E-02));
#1414 = CARTESIAN_POINT('',(0.190008903633,0.358707311064,
    -0.106153956776));
#1415 = CARTESIAN_POINT('',(0.193193644897,0.304547568693,
    5.259612155046E-02));
#1416 = CARTESIAN_POINT('',(0.211121937408,0.33063940394,
    3.273091363289E-02));
#1417 = CARTESIAN_POINT('',(0.17311413641,0.30782929973,
    -4.226813776765E-03));
#1418 = CARTESIAN_POINT('',(0.203181806617,0.340477560435,
    -2.470664460878E-02));
#1419 = CARTESIAN_POINT('',(0.186798164757,0.336853054263,
    -5.291196501825E-02));
#1420 = CARTESIAN_POINT('',(0.191680860492,0.351090294766,
    -8.005700675728E-02));
#1421 = CARTESIAN_POINT('',(0.18999662556,0.358630454908,-0.106181930128
    ));
#1422 = CARTESIAN_POINT('',(0.193425522383,0.304583087441,
    5.260904931734E-02));
#1423 = CARTESIAN_POINT('',(0.213243947489,0.333522005697,
    3.378009486972E-02));
#1424 = CARTESIAN_POINT('',(0.166634288094,0.296865768133,
    -8.217212940617E-03));
#1425 = CARTESIAN_POINT('',(0.20777362263,0.347749887448,
    -2.2059734042E-02));
#1426 = CARTESIAN_POINT('',(0.185249657517,0.334226347534,
    -5.386800808196E-02));
#1427 = CARTESIAN_POINT('',(0.191780674755,0.351042843641,
    -8.007427755408E-02));
#1428 = CARTESIAN_POINT('',(0.189984195476,0.35855344903,-0.106209957976
    ));
#1429 = DEFINITIONAL_REPRESENTATION('',(#1430),#1443);
#1430 = B_SPLINE_CURVE_WITH_KNOTS('',6,(#1431,#1432,#1433,#1434,#1435,
    #1436,#1437,#1438,#1439,#1440,#1441,#1442),.UNSPECIFIED.,.F.,.F.,(7,
    5,7),(0.,0.862052720288,1.),.UNSPECIFIED.);
#1431 = CARTESIAN_POINT('',(4.,9.852445382818E-02));
#1432 = CARTESIAN_POINT('',(3.855731113441,9.92359676642E-02));
#1433 = CARTESIAN_POINT('',(3.711628056207,0.100711987408));
#1434 = CARTESIAN_POINT('',(3.567757896028,0.102715332988));
#1435 = CARTESIAN_POINT('',(3.424139120196,0.104947739491));
#1436 = CARTESIAN_POINT('',(3.280744807565,0.107222880184));
#1437 = CARTESIAN_POINT('',(3.114566099241,0.109688017193));
#1438 = CARTESIAN_POINT('',(3.091646100689,0.110024253068));
#1439 = CARTESIAN_POINT('',(3.068729760119,0.110355900915));
#1440 = CARTESIAN_POINT('',(3.045816817036,0.110682209574));
#1441 = CARTESIAN_POINT('',(3.022906994675,0.111002441686));
#1442 = CARTESIAN_POINT('',(3.,0.111315873692));
#1443 = ( GEOMETRIC_REPRESENTATION_CONTEXT(2) 
PARAMETRIC_REPRESENTATION_CONTEXT() REPRESENTATION_CONTEXT('2D SPACE',''
  ) );
#1444 = ORIENTED_EDGE('',*,*,#1445,.T.);
#1445 = EDGE_CURVE('',#1325,#900,#1446,.T.);
#1446 = SURFACE_CURVE('',#1447,(#1462,#1480),.PCURVE_S1.);
#1447 = B_SPLINE_CURVE_WITH_KNOTS('',4,(#1448,#1449,#1450,#1451,#1452,
    #1453,#1454,#1455,#1456,#1457,#1458,#1459,#1460,#1461),
  .UNSPECIFIED.,.F.,.F.,(5,3,3,3,5),(0.,0.463431740455,0.608631237222,
    0.754270630333,1.),.UNSPECIFIED.);
#1448 = CARTESIAN_POINT('',(0.191616863671,0.311177053497,
    3.543593866477E-02));
#1449 = CARTESIAN_POINT('',(0.191490914794,0.311103152487,
    3.537745920439E-02));
#1450 = CARTESIAN_POINT('',(0.191368293302,0.31103516527,
    3.532339387439E-02));
#1451 = CARTESIAN_POINT('',(0.19124791074,0.31097107939,
    3.527229385155E-02));
#1452 = CARTESIAN_POINT('',(0.19109117938,0.310889083111,
    3.520722104062E-02));
#1453 = CARTESIAN_POINT('',(0.191053890875,0.310869683929,
    3.519184923595E-02));
#1454 = CARTESIAN_POINT('',(0.191016668287,0.31085037855,
    3.517658659959E-02));
#1455 = CARTESIAN_POINT('',(0.190942168581,0.310811758199,
    3.514614918785E-02));
#1456 = CARTESIAN_POINT('',(0.190904891657,0.310792443411,
    3.513097483923E-02));
#1457 = CARTESIAN_POINT('',(0.190867606812,0.31077308317,
    3.511582524726E-02));
#1458 = CARTESIAN_POINT('',(0.190767292814,0.310720747933,
    3.507507108565E-02));
#1459 = CARTESIAN_POINT('',(0.190704181086,0.310687560627,
    3.504943687135E-02));
#1460 = CARTESIAN_POINT('',(0.190640763825,0.310653709428,
    3.502355927245E-02));
#1461 = CARTESIAN_POINT('',(0.190576873478,0.310618875681,
    3.499726343177E-02));
#1462 = PCURVE('',#36,#1463);
#1463 = DEFINITIONAL_REPRESENTATION('',(#1464),#1479);
#1464 = B_SPLINE_CURVE_WITH_KNOTS('',4,(#1465,#1466,#1467,#1468,#1469,
    #1470,#1471,#1472,#1473,#1474,#1475,#1476,#1477,#1478),
  .UNSPECIFIED.,.F.,.F.,(5,3,3,3,5),(0.,0.463431740455,0.608631237222,
    0.754270630333,1.),.UNSPECIFIED.);
#1465 = CARTESIAN_POINT('',(0.580208702318,0.197041167728));
#1466 = CARTESIAN_POINT('',(0.579693892126,0.195268860047));
#1467 = CARTESIAN_POINT('',(0.579220308763,0.193544066891));
#1468 = CARTESIAN_POINT('',(0.578774110652,0.191851374351));
#1469 = CARTESIAN_POINT('',(0.578204745496,0.189648356368));
#1470 = CARTESIAN_POINT('',(0.578070158835,0.189124286937));
#1471 = CARTESIAN_POINT('',(0.577936367795,0.188601201164));
#1472 = CARTESIAN_POINT('',(0.577669074562,0.187554376976));
#1473 = CARTESIAN_POINT('',(0.577535574698,0.187030641653));
#1474 = CARTESIAN_POINT('',(0.577401970444,0.186506851555));
#1475 = CARTESIAN_POINT('',(0.577041464025,0.18509775822));
#1476 = CARTESIAN_POINT('',(0.576813547991,0.184211399154));
#1477 = CARTESIAN_POINT('',(0.576581916056,0.183320908195));
#1478 = CARTESIAN_POINT('',(0.576344571763,0.182423936269));
#1479 = ( GEOMETRIC_REPRESENTATION_CONTEXT(2) 
PARAMETRIC_REPRESENTATION_CONTEXT() REPRESENTATION_CONTEXT('2D SPACE',''
  ) );
#1480 = PCURVE('',#1481,#1552);
#1481 = ( BOUNDED_SURFACE() B_SPLINE_SURFACE(9,6,(
    (#1482,#1483,#1484,#1485,#1486,#1487,#1488)
    ,(#1489,#1490,#1491,#1492,#1493,#1494,#1495)
    ,(#1496,#1497,#1498,#1499,#1500,#1501,#1502)
    ,(#1503,#1504,#1505,#1506,#1507,#1508,#1509)
    ,(#1510,#1511,#1512,#1513,#1514,#1515,#1516)
    ,(#1517,#1518,#1519,#1520,#1521,#1522,#1523)
    ,(#1524,#1525,#1526,#1527,#1528,#1529,#1530)
    ,(#1531,#1532,#1533,#1534,#1535,#1536,#1537)
    ,(#1538,#1539,#1540,#1541,#1542,#1543,#1544)
    ,(#1545,#1546,#1547,#1548,#1549,#1550,#1551
)),.UNSPECIFIED.,.F.,.F.,.F.) B_SPLINE_SURFACE_WITH_KNOTS((10,10),(7,7),
  (2.,3.),(0.,1.),.PIECEWISE_BEZIER_KNOTS.) 
GEOMETRIC_REPRESENTATION_ITEM() RATIONAL_B_SPLINE_SURFACE((
    (1.,1.,1.,1.,1.,1.,1.)
    ,(1.,1.,1.,1.,1.,1.,1.)
    ,(1.,1.,1.,1.,1.,1.,1.)
    ,(1.,1.,1.,1.,1.,1.,1.)
    ,(1.,1.,1.,1.,1.,1.,1.)
    ,(1.,1.,1.,1.,1.,1.,1.)
    ,(1.,1.,1.,1.,1.,1.,1.)
    ,(1.,1.,1.,1.,1.,1.,1.)
    ,(1.,1.,1.,1.,1.,1.,1.)
,(1.,1.,1.,1.,1.,1.,1.))) REPRESENTATION_ITEM('') SURFACE() );
#1482 = CARTESIAN_POINT('',(0.190489475509,0.303965825605,
    5.238438438222E-02));
#1483 = CARTESIAN_POINT('',(0.191069301112,0.315304457937,
    2.714944974397E-02));
#1484 = CARTESIAN_POINT('',(0.187526575357,0.312893509401,
    -2.383592196359E-03));
#1485 = CARTESIAN_POINT('',(0.201780505094,0.370049692316,
    -1.394326884007E-02));
#1486 = CARTESIAN_POINT('',(0.188221712113,0.334215899804,
    -5.387181074463E-02));
#1487 = CARTESIAN_POINT('',(0.192759126245,0.359488969804,
    -7.700013903608E-02));
#1488 = CARTESIAN_POINT('',(0.190270461103,0.360604204404,
    -0.105463544062));
#1489 = CARTESIAN_POINT('',(0.19057386644,0.303987975702,
    5.239244635822E-02));
#1490 = CARTESIAN_POINT('',(0.190181885023,0.313376564405,
    2.644775388333E-02));
#1491 = CARTESIAN_POINT('',(0.19132667184,0.320319188639,
    3.191340155221E-04));
#1492 = CARTESIAN_POINT('',(0.199522226536,0.365013230122,
    -1.577639116477E-02));
#1493 = CARTESIAN_POINT('',(0.188826505694,0.335179673129,
    -5.352102594175E-02));
#1494 = CARTESIAN_POINT('',(0.192631208873,0.358823796913,
    -7.724224216902E-02));
#1495 = CARTESIAN_POINT('',(0.190254585044,0.360464572496,-0.10551436592
    ));
#1496 = CARTESIAN_POINT('',(0.190658168369,0.304009833906,
    5.240040209397E-02));
#1497 = CARTESIAN_POINT('',(0.189283313618,0.311412134271,
    2.573275978741E-02));
#1498 = CARTESIAN_POINT('',(0.195211631288,0.328023062729,
    3.123114872608E-03));
#1499 = CARTESIAN_POINT('',(0.196953412278,0.358958263427,
    -1.798021881118E-02));
#1500 = CARTESIAN_POINT('',(0.189536628483,0.336488869378,
    -5.304451747624E-02));
#1501 = CARTESIAN_POINT('',(0.192487034258,0.358105283069,
    -7.750375982099E-02));
#1502 = CARTESIAN_POINT('',(0.190237583366,0.360321252351,
    -0.105566530187));
#1503 = CARTESIAN_POINT('',(0.190742371595,0.304031397795,
    5.240825070776E-02));
#1504 = CARTESIAN_POINT('',(0.188395483011,0.30945408553,
    2.502008832822E-02));
#1505 = CARTESIAN_POINT('',(0.19911009123,0.335860596219,
    5.975743773039E-03));
#1506 = CARTESIAN_POINT('',(0.194114923747,0.351993675259,
    -2.051512159827E-02));
#1507 = CARTESIAN_POINT('',(0.190341138891,0.338114110766,
    -5.245297798769E-02));
#1508 = CARTESIAN_POINT('',(0.192327779406,0.35733752117,
    -7.778320229945E-02));
#1509 = CARTESIAN_POINT('',(0.190219493462,0.360174527236,
    -0.105619933762));
#1510 = CARTESIAN_POINT('',(0.190826466415,0.304052664947,
    5.241599131785E-02));
#1511 = CARTESIAN_POINT('',(0.187541032059,0.307547913284,
    2.432629836926E-02));
#1512 = CARTESIAN_POINT('',(0.202946576401,0.343673338348,
    8.819349356135E-03));
#1513 = CARTESIAN_POINT('',(0.191058727665,0.344264870682,
    -2.332817641081E-02));
#1514 = CARTESIAN_POINT('',(0.191224653,0.340011355076,
    -5.176243753172E-02));
#1515 = CARTESIAN_POINT('',(0.1921551024,0.356526179204,
    -7.807850662482E-02));
#1516 = CARTESIAN_POINT('',(0.190200352721,0.36002468042,-0.105674473542
    ));
#1517 = CARTESIAN_POINT('',(0.190910443127,0.304073632938,
    5.242362304252E-02));
#1518 = CARTESIAN_POINT('',(0.186742665345,0.305740139645,
    2.366832257465E-02));
#1519 = CARTESIAN_POINT('',(0.206643846533,0.351294677728,
    1.15932900358E-02));
#1520 = CARTESIAN_POINT('',(0.187845744478,0.335946688933,
    -2.635574697045E-02));
#1521 = CARTESIAN_POINT('',(0.192168087959,0.342124535481,
    -5.099330276459E-02));
#1522 = CARTESIAN_POINT('',(0.191971067812,0.355678231738,
    -7.838713426256E-02));
#1523 = CARTESIAN_POINT('',(0.190180198535,0.359871995174,
    -0.105730046427));
#1524 = CARTESIAN_POINT('',(0.19099429203,0.304094299346,
    5.243114500006E-02));
#1525 = CARTESIAN_POINT('',(0.186022476162,0.304076763635,
    2.306290321829E-02));
#1526 = CARTESIAN_POINT('',(0.210125244143,0.358555597027,
    1.423604853395E-02));
#1527 = CARTESIAN_POINT('',(0.184543696798,0.327236315563,
    -2.952606360662E-02));
#1528 = CARTESIAN_POINT('',(0.19314940537,0.344388200362,
    -5.01693961277E-02));
#1529 = CARTESIAN_POINT('',(0.191778072124,0.354801691399,
    -7.870616885525E-02));
#1530 = CARTESIAN_POINT('',(0.190159068295,0.359716754766,
    -0.105786549315));
#1531 = CARTESIAN_POINT('',(0.19107800342,0.30411466175,
    5.243855630874E-02));
#1532 = CARTESIAN_POINT('',(0.185401269501,0.302601711076,
    2.252602799295E-02));
#1533 = CARTESIAN_POINT('',(0.213317042316,0.365290427651,
    1.668732641392E-02));
#1534 = CARTESIAN_POINT('',(0.181224957839,0.318346194569,
    -3.276180302757E-02));
#1535 = CARTESIAN_POINT('',(0.194144354685,0.346730153124,
    -4.931699503216E-02));
#1536 = CARTESIAN_POINT('',(0.191578769145,0.353905340355,
    -7.903241395464E-02));
#1537 = CARTESIAN_POINT('',(0.190136999393,0.359559242465,
    -0.105843879104));
#1538 = CARTESIAN_POINT('',(0.191161567597,0.304134717725,
    5.244585608683E-02));
#1539 = CARTESIAN_POINT('',(0.184897885032,0.301355284498,
    2.207236581942E-02));
#1540 = CARTESIAN_POINT('',(0.216150792499,0.37134260443,
    1.889013861386E-02));
#1541 = CARTESIAN_POINT('',(0.177964399854,0.309496940535,
    -3.598266809139E-02));
#1542 = CARTESIAN_POINT('',(0.195127216599,0.349074092019,
    -4.846387104335E-02));
#1543 = CARTESIAN_POINT('',(0.191375995428,0.352998461803,
    -7.936249075375E-02));
#1544 = CARTESIAN_POINT('',(0.190114029218,0.359399741541,
    -0.105901932692));
#1545 = CARTESIAN_POINT('',(0.191244974857,0.30415446485,
    5.245304345262E-02));
#1546 = CARTESIAN_POINT('',(0.184528520088,0.300372613032,
    2.171470265565E-02));
#1547 = CARTESIAN_POINT('',(0.218565672286,0.376570420298,
    2.079290798019E-02));
#1548 = CARTESIAN_POINT('',(0.174837242567,0.300910250769,
    -3.910796757691E-02));
#1549 = CARTESIAN_POINT('',(0.19607154644,0.351342249962,
    -4.763832906544E-02));
#1550 = CARTESIAN_POINT('',(0.19117269569,0.352090571448,
    -7.969293581889E-02));
#1551 = CARTESIAN_POINT('',(0.190090195162,0.359238535263,
    -0.105960606979));
#1552 = DEFINITIONAL_REPRESENTATION('',(#1553),#1568);
#1553 = B_SPLINE_CURVE_WITH_KNOTS('',4,(#1554,#1555,#1556,#1557,#1558,
    #1559,#1560,#1561,#1562,#1563,#1564,#1565,#1566,#1567),
  .UNSPECIFIED.,.F.,.F.,(5,3,3,3,5),(0.,0.463431740455,0.608631237222,
    0.754270630333,1.),.UNSPECIFIED.);
#1554 = CARTESIAN_POINT('',(3.,0.111315873692));
#1555 = CARTESIAN_POINT('',(2.884143565279,0.111495196806));
#1556 = CARTESIAN_POINT('',(2.768286192801,0.111661674828));
#1557 = CARTESIAN_POINT('',(2.652428236135,0.111819376173));
#1558 = CARTESIAN_POINT('',(2.500270031494,0.112019397252));
#1559 = CARTESIAN_POINT('',(2.463970035683,0.112066585704));
#1560 = CARTESIAN_POINT('',(2.427670022078,0.112113347962));
#1561 = CARTESIAN_POINT('',(2.354960003389,0.112206353382));
#1562 = CARTESIAN_POINT('',(2.318549998261,0.112252594501));
#1563 = CARTESIAN_POINT('',(2.282139994026,0.112298600926));
#1564 = CARTESIAN_POINT('',(2.184297411671,0.112421838238));
#1565 = CARTESIAN_POINT('',(2.122864852439,0.112498798323));
#1566 = CARTESIAN_POINT('',(2.061432367077,0.11257576776));
#1567 = CARTESIAN_POINT('',(2.,0.112653080808));
#1568 = ( GEOMETRIC_REPRESENTATION_CONTEXT(2) 
PARAMETRIC_REPRESENTATION_CONTEXT() REPRESENTATION_CONTEXT('2D SPACE',''
  ) );
#1569 = FACE_BOUND('',#1570,.T.);
#1570 = EDGE_LOOP('',(#1571,#1673,#1851,#1996,#2117));
#1571 = ORIENTED_EDGE('',*,*,#1572,.T.);
#1572 = EDGE_CURVE('',#1573,#1575,#1577,.T.);
#1573 = VERTEX_POINT('',#1574);
#1574 = CARTESIAN_POINT('',(0.190576873589,0.283981118626,
    8.620275107674E-02));
#1575 = VERTEX_POINT('',#1576);
#1576 = CARTESIAN_POINT('',(0.190192048979,0.284287795665,
    8.640813290687E-02));
#1577 = SURFACE_CURVE('',#1578,(#1584,#1593),.PCURVE_S1.);
#1578 = B_SPLINE_CURVE_WITH_KNOTS('',4,(#1579,#1580,#1581,#1582,#1583),
  .UNSPECIFIED.,.F.,.F.,(5,5),(0.,1.),.PIECEWISE_BEZIER_KNOTS.);
#1579 = CARTESIAN_POINT('',(0.190576873589,0.283981118626,
    8.620275107674E-02));
#1580 = CARTESIAN_POINT('',(0.190485523653,0.284040426127,
    8.624529088001E-02));
#1581 = CARTESIAN_POINT('',(0.190390337247,0.284111779164,
    8.629421026336E-02));
#1582 = CARTESIAN_POINT('',(0.190292005508,0.284195443138,
    8.634926280593E-02));
#1583 = CARTESIAN_POINT('',(0.190192048979,0.284287795665,
    8.640813290687E-02));
#1584 = PCURVE('',#36,#1585);
#1585 = DEFINITIONAL_REPRESENTATION('',(#1586),#1592);
#1586 = B_SPLINE_CURVE_WITH_KNOTS('',4,(#1587,#1588,#1589,#1590,#1591),
  .UNSPECIFIED.,.F.,.F.,(5,5),(0.,1.),.PIECEWISE_BEZIER_KNOTS.);
#1587 = CARTESIAN_POINT('',(7.634461573089E-02,0.182423937825));
#1588 = CARTESIAN_POINT('',(7.594619991097E-02,0.181141454337));
#1589 = CARTESIAN_POINT('',(7.547299228507E-02,0.179805437101));
#1590 = CARTESIAN_POINT('',(7.492453218315E-02,0.178425650664));
#1591 = CARTESIAN_POINT('',(7.432450276218E-02,0.177023450235));
#1592 = ( GEOMETRIC_REPRESENTATION_CONTEXT(2) 
PARAMETRIC_REPRESENTATION_CONTEXT() REPRESENTATION_CONTEXT('2D SPACE',''
  ) );
#1593 = PCURVE('',#1594,#1665);
#1594 = ( BOUNDED_SURFACE() B_SPLINE_SURFACE(9,6,(
    (#1595,#1596,#1597,#1598,#1599,#1600,#1601)
    ,(#1602,#1603,#1604,#1605,#1606,#1607,#1608)
    ,(#1609,#1610,#1611,#1612,#1613,#1614,#1615)
    ,(#1616,#1617,#1618,#1619,#1620,#1621,#1622)
    ,(#1623,#1624,#1625,#1626,#1627,#1628,#1629)
    ,(#1630,#1631,#1632,#1633,#1634,#1635,#1636)
    ,(#1637,#1638,#1639,#1640,#1641,#1642,#1643)
    ,(#1644,#1645,#1646,#1647,#1648,#1649,#1650)
    ,(#1651,#1652,#1653,#1654,#1655,#1656,#1657)
    ,(#1658,#1659,#1660,#1661,#1662,#1663,#1664
)),.UNSPECIFIED.,.F.,.F.,.F.) B_SPLINE_SURFACE_WITH_KNOTS((10,10),(7,7),
  (1.,2.),(0.,1.),.PIECEWISE_BEZIER_KNOTS.) 
GEOMETRIC_REPRESENTATION_ITEM() RATIONAL_B_SPLINE_SURFACE((
    (1.,1.,1.,1.,1.,1.,1.)
    ,(1.,1.,1.,1.,1.,1.,1.)
    ,(1.,1.,1.,1.,1.,1.,1.)
    ,(1.,1.,1.,1.,1.,1.,1.)
    ,(1.,1.,1.,1.,1.,1.,1.)
    ,(1.,1.,1.,1.,1.,1.,1.)
    ,(1.,1.,1.,1.,1.,1.,1.)
    ,(1.,1.,1.,1.,1.,1.,1.)
    ,(1.,1.,1.,1.,1.,1.,1.)
,(1.,1.,1.,1.,1.,1.,1.))) REPRESENTATION_ITEM('') SURFACE() );
#1595 = CARTESIAN_POINT('',(0.190189282869,0.290714470707,
    6.884484108514E-02));
#1596 = CARTESIAN_POINT('',(0.190038500156,0.280911166092,
    9.463858931245E-02));
#1597 = CARTESIAN_POINT('',(0.190253021635,0.276306698988,0.121618228779
    ));
#1598 = CARTESIAN_POINT('',(0.192596147285,0.24180451859,0.141423288026)
  );
#1599 = CARTESIAN_POINT('',(0.191449873883,0.256005925779,0.173478285576
    ));
#1600 = CARTESIAN_POINT('',(0.192552737361,0.228195989039,0.195683269886
    ));
#1601 = CARTESIAN_POINT('',(0.190295799381,0.231884449574,0.225895076956
    ));
#1602 = CARTESIAN_POINT('',(0.190222681812,0.290705370129,
    6.884152874579E-02));
#1603 = CARTESIAN_POINT('',(0.190240716476,0.28034962213,
    9.443420402502E-02));
#1604 = CARTESIAN_POINT('',(0.18959878389,0.278447403285,0.122397381423)
  );
#1605 = CARTESIAN_POINT('',(0.194170948472,0.237397224045,0.139819163998
    ));
#1606 = CARTESIAN_POINT('',(0.190837959985,0.25780276438,0.174132281343)
  );
#1607 = CARTESIAN_POINT('',(0.192771540853,0.22803613661,0.19562508836)
  );
#1608 = CARTESIAN_POINT('',(0.190338877367,0.231890975565,0.225897452222
    ));
#1609 = CARTESIAN_POINT('',(0.190256071105,0.290696313868,
    6.883823253636E-02));
#1610 = CARTESIAN_POINT('',(0.19042723869,0.279872951907,
    9.426071025225E-02));
#1611 = CARTESIAN_POINT('',(0.189007435574,0.280244597243,0.123051506529
    ));
#1612 = CARTESIAN_POINT('',(0.195646245009,0.233552827865,0.13841991822)
  );
#1613 = CARTESIAN_POINT('',(0.190273143972,0.259278831077,0.174669525684
    ));
#1614 = CARTESIAN_POINT('',(0.192945656943,0.228123412793,0.195656854293
    ));
#1615 = CARTESIAN_POINT('',(0.190371308799,0.231959566065,0.225922417122
    ));
#1616 = CARTESIAN_POINT('',(0.190289450147,0.290687302084,
    6.88349525153E-02));
#1617 = CARTESIAN_POINT('',(0.190594779267,0.279488595139,
    9.412081582944E-02));
#1618 = CARTESIAN_POINT('',(0.188492189032,0.281668545337,0.12356978125)
  );
#1619 = CARTESIAN_POINT('',(0.197001032622,0.230317554371,0.137242374968
    ));
#1620 = CARTESIAN_POINT('',(0.189765321754,0.26041540421,0.175083204474)
  );
#1621 = CARTESIAN_POINT('',(0.19307159696,0.228459597949,0.195779215683)
  );
#1622 = CARTESIAN_POINT('',(0.19039233335,0.232090198919,0.225969963593)
  );
#1623 = CARTESIAN_POINT('',(0.190322818338,0.290678334938,
    6.883168874105E-02));
#1624 = CARTESIAN_POINT('',(0.190740465586,0.279201924068,
    9.401647609264E-02));
#1625 = CARTESIAN_POINT('',(0.188064563118,0.282698053872,0.123944491713
    ));
#1626 = CARTESIAN_POINT('',(0.198217164541,0.227722638219,0.136297902728
    ));
#1627 = CARTESIAN_POINT('',(0.189322404337,0.261205503188,0.175370776984
    ));
#1628 = CARTESIAN_POINT('',(0.193146983096,0.229040480648,0.195990639695
    ));
#1629 = CARTESIAN_POINT('',(0.190401462953,0.232281291224,0.226039515504
    ));
#1630 = CARTESIAN_POINT('',(0.190356175077,0.290669412591,
    6.882844127207E-02));
#1631 = CARTESIAN_POINT('',(0.190861837681,0.279016389356,
    9.394894697982E-02));
#1632 = CARTESIAN_POINT('',(0.187734392851,0.283319846686,0.124170805789
    ));
#1633 = CARTESIAN_POINT('',(0.199279332676,0.225785538316,0.135592856023
    ));
#1634 = CARTESIAN_POINT('',(0.188950336716,0.261652679445,0.175533535831
    ));
#1635 = CARTESIAN_POINT('',(0.19317054034,0.229856353689,0.196287593197)
  );
#1636 = CARTESIAN_POINT('',(0.190398480205,0.232529832706,0.226129977205
    ));
#1637 = CARTESIAN_POINT('',(0.190389519764,0.290660535202,
    6.88252101668E-02));
#1638 = CARTESIAN_POINT('',(0.190956845985,0.278933665976,
    9.391883813195E-02));
#1639 = CARTESIAN_POINT('',(0.187509839078,0.283527940854,0.124246545872
    ));
#1640 = CARTESIAN_POINT('',(0.200175048788,0.224511151743,0.135129017243
    ));
#1641 = CARTESIAN_POINT('',(0.188653116779,0.26176980739,0.175576166917)
  );
#1642 = CARTESIAN_POINT('',(0.193142088407,0.230892510115,0.196664723294
    ));
#1643 = CARTESIAN_POINT('',(0.190383436762,0.232831519084,0.226239782067
    ));
#1644 = CARTESIAN_POINT('',(0.190422851799,0.290651702933,
    6.88219954837E-02));
#1645 = CARTESIAN_POINT('',(0.191023849075,0.278953799112,
    9.392616599409E-02));
#1646 = CARTESIAN_POINT('',(0.187397398125,0.283323022395,0.124171961653
    ));
#1647 = CARTESIAN_POINT('',(0.200894625668,0.223893027671,0.13490403848)
  );
#1648 = CARTESIAN_POINT('',(0.188432814198,0.261577875369,0.175506309374
    ));
#1649 = CARTESIAN_POINT('',(0.193062533677,0.232129739232,0.197115037866
    ));
#1650 = CARTESIAN_POINT('',(0.190356651737,0.23318088545,0.226366941025)
  );
#1651 = CARTESIAN_POINT('',(0.190456170581,0.290642915944,
    6.881879728121E-02));
#1652 = CARTESIAN_POINT('',(0.191061611418,0.279075350047,
    9.397040691658E-02));
#1653 = CARTESIAN_POINT('',(0.187401911461,0.282711821972,0.123949502892
    ));
#1654 = CARTESIAN_POINT('',(0.201431158313,0.223914581281,0.134911883352
    ));
#1655 = CARTESIAN_POINT('',(0.18828958933,0.261104776612,0.175334115509)
  );
#1656 = CARTESIAN_POINT('',(0.192933861122,0.23354482263,0.197630086101)
  );
#1657 = CARTESIAN_POINT('',(0.190318710107,0.233571439638,0.226509091124
    ));
#1658 = CARTESIAN_POINT('',(0.190489475509,0.290634174395,
    6.881561561778E-02));
#1659 = CARTESIAN_POINT('',(0.191069301112,0.279295542063,
    9.405055025603E-02));
#1660 = CARTESIAN_POINT('',(0.187526575356,0.281706490599,0.123583592196
    ));
#1661 = CARTESIAN_POINT('',(0.201780505094,0.224550307684,0.13514326884)
  );
#1662 = CARTESIAN_POINT('',(0.188221712113,0.260384100196,0.175071810745
    ));
#1663 = CARTESIAN_POINT('',(0.192759126245,0.235111030196,0.198200139036
    ));
#1664 = CARTESIAN_POINT('',(0.190270461103,0.233995795596,0.226663544062
    ));
#1665 = DEFINITIONAL_REPRESENTATION('',(#1666),#1672);
#1666 = B_SPLINE_CURVE_WITH_KNOTS('',4,(#1667,#1668,#1669,#1670,#1671),
  .UNSPECIFIED.,.F.,.F.,(5,5),(0.,1.),.PIECEWISE_BEZIER_KNOTS.);
#1667 = CARTESIAN_POINT('',(2.,0.112653174944));
#1668 = CARTESIAN_POINT('',(1.749999426499,0.112772139674));
#1669 = CARTESIAN_POINT('',(1.499999255436,0.112902431774));
#1670 = CARTESIAN_POINT('',(1.249999498693,0.113042103046));
#1671 = CARTESIAN_POINT('',(1.,0.113185491961));
#1672 = ( GEOMETRIC_REPRESENTATION_CONTEXT(2) 
PARAMETRIC_REPRESENTATION_CONTEXT() REPRESENTATION_CONTEXT('2D SPACE',''
  ) );
#1673 = ORIENTED_EDGE('',*,*,#1674,.T.);
#1674 = EDGE_CURVE('',#1575,#1675,#1677,.T.);
#1675 = VERTEX_POINT('',#1676);
#1676 = CARTESIAN_POINT('',(0.193527296163,0.286248758657,
    8.685277649727E-02));
#1677 = SURFACE_CURVE('',#1678,(#1710,#1745),.PCURVE_S1.);
#1678 = B_SPLINE_CURVE_WITH_KNOTS('',5,(#1679,#1680,#1681,#1682,#1683,
    #1684,#1685,#1686,#1687,#1688,#1689,#1690,#1691,#1692,#1693,#1694,
    #1695,#1696,#1697,#1698,#1699,#1700,#1701,#1702,#1703,#1704,#1705,
    #1706,#1707,#1708,#1709),.UNSPECIFIED.,.F.,.F.,(6,4,4,5,4,4,4,6),(0.
    ,0.17861783541,0.274407457902,0.410722915221,0.589340750631,
    0.735826084335,0.882360325349,1.),.UNSPECIFIED.);
#1679 = CARTESIAN_POINT('',(0.190192048979,0.284287795665,
    8.640813290687E-02));
#1680 = CARTESIAN_POINT('',(0.18901544783,0.285220171215,
    8.702310055238E-02));
#1681 = CARTESIAN_POINT('',(0.187836698298,0.286258919247,
    8.761454935007E-02));
#1682 = CARTESIAN_POINT('',(0.186688453409,0.28737308281,
    8.814603192209E-02));
#1683 = CARTESIAN_POINT('',(0.185599435628,0.288517945552,
    8.859523576202E-02));
#1684 = CARTESIAN_POINT('',(0.184083941274,0.290239914564,
    8.915535818325E-02));
#1685 = CARTESIAN_POINT('',(0.183584380714,0.290834106322,
    8.932648253298E-02));
#1686 = CARTESIAN_POINT('',(0.183121140741,0.291412741856,
    8.947282957713E-02));
#1687 = CARTESIAN_POINT('',(0.182701951227,0.291966526182,
    8.959542895232E-02));
#1688 = CARTESIAN_POINT('',(0.181813801981,0.293224073372,
    8.984082587122E-02));
#1689 = CARTESIAN_POINT('',(0.181398406689,0.293892507812,
    8.994179303245E-02));
#1690 = CARTESIAN_POINT('',(0.181113500297,0.294462397569,
    9.000593347705E-02));
#1691 = CARTESIAN_POINT('',(0.180982352851,0.294905171525,
    9.004533432784E-02));
#1692 = CARTESIAN_POINT('',(0.181002669352,0.29520977342,
    9.006631440021E-02));
#1693 = CARTESIAN_POINT('',(0.181025625968,0.295553831713,
    9.009004719486E-02));
#1694 = CARTESIAN_POINT('',(0.181241981513,0.295722013406,
    9.009005809319E-02));
#1695 = CARTESIAN_POINT('',(0.181650064311,0.295697285298,
    9.007657262091E-02));
#1696 = CARTESIAN_POINT('',(0.182208792724,0.295496818506,
    9.004640399831E-02));
#1697 = CARTESIAN_POINT('',(0.183439702212,0.294854634764,
    8.994251079645E-02));
#1698 = CARTESIAN_POINT('',(0.184073405171,0.294462753172,
    8.987775524237E-02));
#1699 = CARTESIAN_POINT('',(0.184767569245,0.293981208498,
    8.97897222653E-02));
#1700 = CARTESIAN_POINT('',(0.185506433896,0.293425347989,
    8.967126659396E-02));
#1701 = CARTESIAN_POINT('',(0.187048746767,0.2921947311,
    8.936345213512E-02));
#1702 = CARTESIAN_POINT('',(0.187852031055,0.291520069609,
    8.917408449525E-02));
#1703 = CARTESIAN_POINT('',(0.188674392971,0.290801335058,
    8.894421626656E-02));
#1704 = CARTESIAN_POINT('',(0.189504495346,0.290054515891,
    8.867097238585E-02));
#1705 = CARTESIAN_POINT('',(0.190991016306,0.288685748858,
    8.810415648091E-02));
#1706 = CARTESIAN_POINT('',(0.191649292206,0.288068226149,
    8.782529846654E-02));
#1707 = CARTESIAN_POINT('',(0.192297187047,0.287450898768,
    8.752094395626E-02));
#1708 = CARTESIAN_POINT('',(0.192926455717,0.286841791992,
    8.719468807301E-02));
#1709 = CARTESIAN_POINT('',(0.193527296163,0.286248758657,
    8.685277649727E-02));
#1710 = PCURVE('',#36,#1711);
#1711 = DEFINITIONAL_REPRESENTATION('',(#1712),#1744);
#1712 = B_SPLINE_CURVE_WITH_KNOTS('',5,(#1713,#1714,#1715,#1716,#1717,
    #1718,#1719,#1720,#1721,#1722,#1723,#1724,#1725,#1726,#1727,#1728,
    #1729,#1730,#1731,#1732,#1733,#1734,#1735,#1736,#1737,#1738,#1739,
    #1740,#1741,#1742,#1743),.UNSPECIFIED.,.F.,.F.,(6,4,4,5,4,4,4,6),(0.
    ,0.17861783541,0.274407457902,0.410722915221,0.589340750631,
    0.735826084335,0.882360325349,1.),.UNSPECIFIED.);
#1713 = CARTESIAN_POINT('',(7.432450276218E-02,0.177023450235));
#1714 = CARTESIAN_POINT('',(6.821557863889E-02,0.160517964144));
#1715 = CARTESIAN_POINT('',(6.171019545615E-02,0.144031381397));
#1716 = CARTESIAN_POINT('',(5.50249262873E-02,0.128011306661));
#1717 = CARTESIAN_POINT('',(4.836995324501E-02,0.112838610283));
#1718 = CARTESIAN_POINT('',(3.857206841004E-02,9.173833725257E-02));
#1719 = CARTESIAN_POINT('',(3.523191583245E-02,8.478592180722E-02));
#1720 = CARTESIAN_POINT('',(3.201060808171E-02,7.834014159511E-02));
#1721 = CARTESIAN_POINT('',(2.895063028421E-02,7.250738086811E-02));
#1722 = CARTESIAN_POINT('',(2.203903921206E-02,6.014867778169E-02));
#1723 = CARTESIAN_POINT('',(1.839888230747E-02,5.436781731212E-02));
#1724 = CARTESIAN_POINT('',(1.531056651081E-02,5.040108833855E-02));
#1725 = CARTESIAN_POINT('',(1.291596700629E-02,4.857530447806E-02));
#1726 = CARTESIAN_POINT('',(1.12709849433E-02,4.885814418676E-02));
#1727 = CARTESIAN_POINT('',(9.412924509665E-03,4.91777409669E-02));
#1728 = CARTESIAN_POINT('',(8.508756187115E-03,5.218982652974E-02));
#1729 = CARTESIAN_POINT('',(8.644957853235E-03,5.787100424748E-02));
#1730 = CARTESIAN_POINT('',(9.731805387579E-03,6.564503169958E-02));
#1731 = CARTESIAN_POINT('',(1.323189298912E-02,8.277299359445E-02));
#1732 = CARTESIAN_POINT('',(1.537178387203E-02,9.159123259207E-02));
#1733 = CARTESIAN_POINT('',(1.801165518241E-02,0.101252875028));
#1734 = CARTESIAN_POINT('',(2.108085216561E-02,0.11154343402));
#1735 = CARTESIAN_POINT('',(2.795133577991E-02,0.133047293319));
#1736 = CARTESIAN_POINT('',(3.175215030394E-02,0.144258310999));
#1737 = CARTESIAN_POINT('',(3.585240178991E-02,0.155751858589));
#1738 = CARTESIAN_POINT('',(4.018719621636E-02,0.167375417314));
#1739 = CARTESIAN_POINT('',(4.829846649976E-02,0.188234329403));
#1740 = CARTESIAN_POINT('',(5.20157934132E-02,0.197486930736));
#1741 = CARTESIAN_POINT('',(5.580303119049E-02,0.206611398863));
#1742 = CARTESIAN_POINT('',(5.961841011689E-02,0.215491640906));
#1743 = CARTESIAN_POINT('',(6.3413739155E-02,0.22398742345));
#1744 = ( GEOMETRIC_REPRESENTATION_CONTEXT(2) 
PARAMETRIC_REPRESENTATION_CONTEXT() REPRESENTATION_CONTEXT('2D SPACE',''
  ) );
#1745 = PCURVE('',#1746,#1817);
#1746 = ( BOUNDED_SURFACE() B_SPLINE_SURFACE(9,6,(
    (#1747,#1748,#1749,#1750,#1751,#1752,#1753)
    ,(#1754,#1755,#1756,#1757,#1758,#1759,#1760)
    ,(#1761,#1762,#1763,#1764,#1765,#1766,#1767)
    ,(#1768,#1769,#1770,#1771,#1772,#1773,#1774)
    ,(#1775,#1776,#1777,#1778,#1779,#1780,#1781)
    ,(#1782,#1783,#1784,#1785,#1786,#1787,#1788)
    ,(#1789,#1790,#1791,#1792,#1793,#1794,#1795)
    ,(#1796,#1797,#1798,#1799,#1800,#1801,#1802)
    ,(#1803,#1804,#1805,#1806,#1807,#1808,#1809)
    ,(#1810,#1811,#1812,#1813,#1814,#1815,#1816
)),.UNSPECIFIED.,.F.,.F.,.F.) B_SPLINE_SURFACE_WITH_KNOTS((10,10),(7,7),
  (0.,1.),(0.,1.),.PIECEWISE_BEZIER_KNOTS.) 
GEOMETRIC_REPRESENTATION_ITEM() RATIONAL_B_SPLINE_SURFACE((
    (1.,1.,1.,1.,1.,1.,1.)
    ,(1.,1.,1.,1.,1.,1.,1.)
    ,(1.,1.,1.,1.,1.,1.,1.)
    ,(1.,1.,1.,1.,1.,1.,1.)
    ,(1.,1.,1.,1.,1.,1.,1.)
    ,(1.,1.,1.,1.,1.,1.,1.)
    ,(1.,1.,1.,1.,1.,1.,1.)
    ,(1.,1.,1.,1.,1.,1.,1.)
    ,(1.,1.,1.,1.,1.,1.,1.)
,(1.,1.,1.,1.,1.,1.,1.))) REPRESENTATION_ITEM('') SURFACE() );
#1747 = CARTESIAN_POINT('',(0.198941330285,0.290782904354,
    6.886974889582E-02));
#1748 = CARTESIAN_POINT('',(0.185721813454,0.28568237925,
    9.637516888348E-02));
#1749 = CARTESIAN_POINT('',(0.196376152523,0.272977891128,0.120406641802
    ));
#1750 = CARTESIAN_POINT('',(0.188692928204,0.265096889148,0.149901017594
    ));
#1751 = CARTESIAN_POINT('',(0.190820541724,0.255757972279,0.173388037883
    ));
#1752 = CARTESIAN_POINT('',(0.191005275146,0.245307688006,0.201911418968
    ));
#1753 = CARTESIAN_POINT('',(0.189928923695,0.236382327295,0.227532170564
    ));
#1754 = CARTESIAN_POINT('',(0.199478454922,0.29222885519,
    6.93960319601E-02));
#1755 = CARTESIAN_POINT('',(0.175259939813,0.291040046837,
    9.832520041017E-02));
#1756 = CARTESIAN_POINT('',(0.202687532717,0.276076305874,0.121534372543
    ));
#1757 = CARTESIAN_POINT('',(0.181716287767,0.274640618197,0.153374650892
    ));
#1758 = CARTESIAN_POINT('',(0.191692477215,0.256674599134,0.173721662774
    ));
#1759 = CARTESIAN_POINT('',(0.18923687287,0.254529251234,0.205267793496)
  );
#1760 = CARTESIAN_POINT('',(0.189517832302,0.238832434077,0.228423936503
    ));
#1761 = CARTESIAN_POINT('',(0.196879258189,0.294704190269,
    7.029698024881E-02));
#1762 = CARTESIAN_POINT('',(0.167921660845,0.295371920924,
    9.990187363621E-02));
#1763 = CARTESIAN_POINT('',(0.20515713707,0.280435684783,0.123121056706)
  );
#1764 = CARTESIAN_POINT('',(0.176473301014,0.28361389592,0.156640656887)
  );
#1765 = CARTESIAN_POINT('',(0.191620958926,0.257903129416,0.174168811229
    ));
#1766 = CARTESIAN_POINT('',(0.187048017786,0.26389126856,0.208675289136)
  );
#1767 = CARTESIAN_POINT('',(0.188971825807,0.241327532399,0.229332078024
    ));
#1768 = CARTESIAN_POINT('',(0.190926627188,0.297582147191,
    7.134447090409E-02));
#1769 = CARTESIAN_POINT('',(0.166434760787,0.297906123379,0.100824247898
    ));
#1770 = CARTESIAN_POINT('',(0.202037640762,0.284533512704,0.124612544094
    ));
#1771 = CARTESIAN_POINT('',(0.174719183091,0.290811806831,0.159260482208
    ));
#1772 = CARTESIAN_POINT('',(0.190685546075,0.257833256079,0.174143379414
    ));
#1773 = CARTESIAN_POINT('',(0.185115177055,0.269771351284,0.210815464222
    ));
#1774 = CARTESIAN_POINT('',(0.188458520201,0.242871155035,0.229893910716
    ));
#1775 = CARTESIAN_POINT('',(0.183128906702,0.299699564496,
    7.211514777658E-02));
#1776 = CARTESIAN_POINT('',(0.171198114913,0.298573957329,0.101067319577
    ));
#1777 = CARTESIAN_POINT('',(0.194226929993,0.286063493212,0.125169411458
    ));
#1778 = CARTESIAN_POINT('',(0.176749713389,0.29538027971,0.160923270351)
  );
#1779 = CARTESIAN_POINT('',(0.189627381983,0.254767455747,0.173027519349
    ));
#1780 = CARTESIAN_POINT('',(0.184292007024,0.268606571228,0.210391518952
    ));
#1781 = CARTESIAN_POINT('',(0.188209751935,0.242480362733,0.229751673951
    ));
#1782 = CARTESIAN_POINT('',(0.177117460912,0.299652560048,
    7.209803955643E-02));
#1783 = CARTESIAN_POINT('',(0.178645667066,0.298202200781,0.100932011259
    ));
#1784 = CARTESIAN_POINT('',(0.186557299907,0.283065082141,0.124078079078
    ));
#1785 = CARTESIAN_POINT('',(0.18032187978,0.296608999087,0.161370487631)
  );
#1786 = CARTESIAN_POINT('',(0.189825080324,0.248273970223,0.170664083901
    ));
#1787 = CARTESIAN_POINT('',(0.185237765774,0.258991426124,0.206891892336
    ));
#1788 = CARTESIAN_POINT('',(0.188430479245,0.23977425686,0.228766731962)
  );
#1789 = CARTESIAN_POINT('',(0.176279810387,0.297467621407,
    7.130278692748E-02));
#1790 = CARTESIAN_POINT('',(0.183698215104,0.296350219295,0.100257945124
    ));
#1791 = CARTESIAN_POINT('',(0.184023350784,0.278572223395,0.122442812228
    ));
#1792 = CARTESIAN_POINT('',(0.183256134583,0.289958196678,0.15894979352)
  );
#1793 = CARTESIAN_POINT('',(0.191221385711,0.243445211923,0.168906559612
    ));
#1794 = CARTESIAN_POINT('',(0.187453156365,0.245790509503,0.202087151621
    ));
#1795 = CARTESIAN_POINT('',(0.189005073508,0.236170438584,0.22745504938)
  );
#1796 = CARTESIAN_POINT('',(0.179671119208,0.2945696371,
    7.024800690033E-02));
#1797 = CARTESIAN_POINT('',(0.186479115139,0.292304097822,
    9.878527734312E-02));
#1798 = CARTESIAN_POINT('',(0.18530836455,0.275938705032,0.121484289932)
  );
#1799 = CARTESIAN_POINT('',(0.186185276423,0.275266009782,0.153602274814
    ));
#1800 = CARTESIAN_POINT('',(0.192341015013,0.243791818379,0.169032714045
    ));
#1801 = CARTESIAN_POINT('',(0.189850172729,0.23476227533,0.198073202646)
  );
#1802 = CARTESIAN_POINT('',(0.189628329277,0.233278832398,0.226402590799
    ));
#1803 = CARTESIAN_POINT('',(0.185045686196,0.292116003081,
    6.935495715166E-02));
#1804 = CARTESIAN_POINT('',(0.188193890885,0.286730807815,
    9.675676567381E-02));
#1805 = CARTESIAN_POINT('',(0.188067259355,0.275527325279,0.121334559947
    ));
#1806 = CARTESIAN_POINT('',(0.189347860018,0.257342194002,0.147078539385
    ));
#1807 = CARTESIAN_POINT('',(0.192431916152,0.248815941286,0.170861345236
    ));
#1808 = CARTESIAN_POINT('',(0.191657502281,0.228821347835,0.195910881874
    ));
#1809 = CARTESIAN_POINT('',(0.190087132802,0.23185283816,0.225883571342)
  );
#1810 = CARTESIAN_POINT('',(0.190189282869,0.290714470707,
    6.884484108514E-02));
#1811 = CARTESIAN_POINT('',(0.190038500156,0.280911166092,
    9.463858931245E-02));
#1812 = CARTESIAN_POINT('',(0.190253021635,0.276306698988,0.121618228779
    ));
#1813 = CARTESIAN_POINT('',(0.192596147285,0.24180451859,0.141423288026)
  );
#1814 = CARTESIAN_POINT('',(0.191449873883,0.256005925779,0.173478285576
    ));
#1815 = CARTESIAN_POINT('',(0.192552737361,0.228195989039,0.195683269886
    ));
#1816 = CARTESIAN_POINT('',(0.190295799381,0.231884449574,0.225895076956
    ));
#1817 = DEFINITIONAL_REPRESENTATION('',(#1818),#1850);
#1818 = B_SPLINE_CURVE_WITH_KNOTS('',5,(#1819,#1820,#1821,#1822,#1823,
    #1824,#1825,#1826,#1827,#1828,#1829,#1830,#1831,#1832,#1833,#1834,
    #1835,#1836,#1837,#1838,#1839,#1840,#1841,#1842,#1843,#1844,#1845,
    #1846,#1847,#1848,#1849),.UNSPECIFIED.,.F.,.F.,(6,4,4,5,4,4,4,6),(0.
    ,0.17861783541,0.274407457902,0.410722915221,0.589340750631,
    0.735826084335,0.882360325349,1.),.UNSPECIFIED.);
#1819 = CARTESIAN_POINT('',(1.,0.113185491961));
#1820 = CARTESIAN_POINT('',(0.962726120271,0.114750218025));
#1821 = CARTESIAN_POINT('',(0.925506167585,0.115961383867));
#1822 = CARTESIAN_POINT('',(0.888081249304,0.116676264752));
#1823 = CARTESIAN_POINT('',(0.850282584733,0.116860787668));
#1824 = CARTESIAN_POINT('',(0.791331029921,0.116482643356));
#1825 = CARTESIAN_POINT('',(0.770591552186,0.116226413698));
#1826 = CARTESIAN_POINT('',(0.749662284501,0.115861677371));
#1827 = CARTESIAN_POINT('',(0.72852849455,0.115413470033));
#1828 = CARTESIAN_POINT('',(0.676825353316,0.114208259411));
#1829 = CARTESIAN_POINT('',(0.646039847947,0.11340030745));
#1830 = CARTESIAN_POINT('',(0.614865728608,0.112586827961));
#1831 = CARTESIAN_POINT('',(0.583421971887,0.111895515878));
#1832 = CARTESIAN_POINT('',(0.551967502379,0.111385139809));
#1833 = CARTESIAN_POINT('',(0.516438265751,0.110808851969));
#1834 = CARTESIAN_POINT('',(0.480856900634,0.110461310064));
#1835 = CARTESIAN_POINT('',(0.445603814506,0.110435841154));
#1836 = CARTESIAN_POINT('',(0.410835228825,0.110678857735));
#1837 = CARTESIAN_POINT('',(0.348487009853,0.11141612472));
#1838 = CARTESIAN_POINT('',(0.32073492952,0.111858317838));
#1839 = CARTESIAN_POINT('',(0.293317192361,0.112353617649));
#1840 = CARTESIAN_POINT('',(0.266195064998,0.112829734176));
#1841 = CARTESIAN_POINT('',(0.212397465427,0.113625084573));
#1842 = CARTESIAN_POINT('',(0.185726565753,0.113944071279));
#1843 = CARTESIAN_POINT('',(0.159223191768,0.114124192412));
#1844 = CARTESIAN_POINT('',(0.132819422971,0.114116113253));
#1845 = CARTESIAN_POINT('',(8.522801490001E-02,0.113726526121));
#1846 = CARTESIAN_POINT('',(6.403994641406E-02,0.113419408901));
#1847 = CARTESIAN_POINT('',(4.280867923663E-02,0.112967131623));
#1848 = CARTESIAN_POINT('',(2.148130469524E-02,0.112373499464));
#1849 = CARTESIAN_POINT('',(0.,0.111657710124));
#1850 = ( GEOMETRIC_REPRESENTATION_CONTEXT(2) 
PARAMETRIC_REPRESENTATION_CONTEXT() REPRESENTATION_CONTEXT('2D SPACE',''
  ) );
#1851 = ORIENTED_EDGE('',*,*,#1852,.T.);
#1852 = EDGE_CURVE('',#1675,#1853,#1855,.T.);
#1853 = VERTEX_POINT('',#1854);
#1854 = CARTESIAN_POINT('',(0.198015692779,0.279933025491,
    8.224201527758E-02));
#1855 = SURFACE_CURVE('',#1856,(#1877,#1901),.PCURVE_S1.);
#1856 = B_SPLINE_CURVE_WITH_KNOTS('',7,(#1857,#1858,#1859,#1860,#1861,
    #1862,#1863,#1864,#1865,#1866,#1867,#1868,#1869,#1870,#1871,#1872,
    #1873,#1874,#1875,#1876),.UNSPECIFIED.,.F.,.F.,(8,6,6,8),(0.,
    0.627430175258,0.802972862183,1.),.UNSPECIFIED.);
#1857 = CARTESIAN_POINT('',(0.193527296163,0.286248758657,
    8.685277649727E-02));
#1858 = CARTESIAN_POINT('',(0.194413613943,0.28536231562,
    8.634353462718E-02));
#1859 = CARTESIAN_POINT('',(0.195250297798,0.284503297469,
    8.579804787824E-02));
#1860 = CARTESIAN_POINT('',(0.196017095525,0.283688734732,
    8.522944892227E-02));
#1861 = CARTESIAN_POINT('',(0.196692631371,0.28293492004,
    8.465659713932E-02));
#1862 = CARTESIAN_POINT('',(0.19725141982,0.282258905256,
    8.410790014106E-02));
#1863 = CARTESIAN_POINT('',(0.197674087543,0.28167332944,
    8.361590054217E-02));
#1864 = CARTESIAN_POINT('',(0.198029719556,0.281050042561,
    8.309035024861E-02));
#1865 = CARTESIAN_POINT('',(0.198096130073,0.280921500441,
    8.298182271999E-02));
#1866 = CARTESIAN_POINT('',(0.19815101172,0.280800852985,
    8.288021955425E-02));
#1867 = CARTESIAN_POINT('',(0.198194236799,0.280688250507,
    8.278603724221E-02));
#1868 = CARTESIAN_POINT('',(0.198225742468,0.280583817309,
    8.269971055847E-02));
#1869 = CARTESIAN_POINT('',(0.198245530735,0.280487651686,
    8.262161256139E-02));
#1870 = CARTESIAN_POINT('',(0.198262802162,0.280301251272,
    8.247398351175E-02));
#1871 = CARTESIAN_POINT('',(0.19825725158,0.28021318616,
    8.240666441847E-02));
#1872 = CARTESIAN_POINT('',(0.19823712318,0.280135731137,
    8.235052463941E-02));
#1873 = CARTESIAN_POINT('',(0.198202601484,0.280068958254,
    8.230586893183E-02));
#1874 = CARTESIAN_POINT('',(0.198153949076,0.280012911065,
    8.227287948413E-02));
#1875 = CARTESIAN_POINT('',(0.198091506604,0.279967604625,
    8.225161591583E-02));
#1876 = CARTESIAN_POINT('',(0.198015692779,0.279933025491,
    8.224201527758E-02));
#1877 = PCURVE('',#36,#1878);
#1878 = DEFINITIONAL_REPRESENTATION('',(#1879),#1900);
#1879 = B_SPLINE_CURVE_WITH_KNOTS('',7,(#1880,#1881,#1882,#1883,#1884,
    #1885,#1886,#1887,#1888,#1889,#1890,#1891,#1892,#1893,#1894,#1895,
    #1896,#1897,#1898,#1899),.UNSPECIFIED.,.F.,.F.,(8,6,6,8),(0.,
    0.627430175258,0.802972862183,1.),.UNSPECIFIED.);
#1880 = CARTESIAN_POINT('',(6.3413739155E-02,0.22398742345));
#1881 = CARTESIAN_POINT('',(6.908271934412E-02,0.236519772485));
#1882 = CARTESIAN_POINT('',(7.474732284496E-02,0.248385683391));
#1883 = CARTESIAN_POINT('',(8.030433265918E-02,0.259294926923));
#1884 = CARTESIAN_POINT('',(8.563315505826E-02,0.268936275899));
#1885 = CARTESIAN_POINT('',(9.056683843045E-02,0.276931639533));
#1886 = CARTESIAN_POINT('',(9.49219767593E-02,0.28298825447));
#1887 = CARTESIAN_POINT('',(9.958067488845E-02,0.288088283678));
#1888 = CARTESIAN_POINT('',(0.100543174804,0.289041033273));
#1889 = CARTESIAN_POINT('',(0.101446627501,0.289828624508));
#1890 = CARTESIAN_POINT('',(0.102288306917,0.290449070985));
#1891 = CARTESIAN_POINT('',(0.103065842276,0.290901360057));
#1892 = CARTESIAN_POINT('',(0.103777218086,0.291185452828));
#1893 = CARTESIAN_POINT('',(0.105143094226,0.291433414317));
#1894 = CARTESIAN_POINT('',(0.105780005071,0.291353726719));
#1895 = CARTESIAN_POINT('',(0.106329232004,0.291064729593));
#1896 = CARTESIAN_POINT('',(0.1067891705,0.290569114762));
#1897 = CARTESIAN_POINT('',(0.107158886187,0.289870757625));
#1898 = CARTESIAN_POINT('',(0.107438114842,0.288974717167));
#1899 = CARTESIAN_POINT('',(0.107627262396,0.287887235954));
#1900 = ( GEOMETRIC_REPRESENTATION_CONTEXT(2) 
PARAMETRIC_REPRESENTATION_CONTEXT() REPRESENTATION_CONTEXT('2D SPACE',''
  ) );
#1901 = PCURVE('',#1902,#1973);
#1902 = ( BOUNDED_SURFACE() B_SPLINE_SURFACE(9,6,(
    (#1903,#1904,#1905,#1906,#1907,#1908,#1909)
    ,(#1910,#1911,#1912,#1913,#1914,#1915,#1916)
    ,(#1917,#1918,#1919,#1920,#1921,#1922,#1923)
    ,(#1924,#1925,#1926,#1927,#1928,#1929,#1930)
    ,(#1931,#1932,#1933,#1934,#1935,#1936,#1937)
    ,(#1938,#1939,#1940,#1941,#1942,#1943,#1944)
    ,(#1945,#1946,#1947,#1948,#1949,#1950,#1951)
    ,(#1952,#1953,#1954,#1955,#1956,#1957,#1958)
    ,(#1959,#1960,#1961,#1962,#1963,#1964,#1965)
    ,(#1966,#1967,#1968,#1969,#1970,#1971,#1972
)),.UNSPECIFIED.,.F.,.F.,.F.) B_SPLINE_SURFACE_WITH_KNOTS((10,10),(7,7),
  (4.,5.),(0.,1.),.PIECEWISE_BEZIER_KNOTS.) 
GEOMETRIC_REPRESENTATION_ITEM() RATIONAL_B_SPLINE_SURFACE((
    (1.,1.,1.,1.,1.,1.,1.)
    ,(1.,1.,1.,1.,1.,1.,1.)
    ,(1.,1.,1.,1.,1.,1.,1.)
    ,(1.,1.,1.,1.,1.,1.,1.)
    ,(1.,1.,1.,1.,1.,1.,1.)
    ,(1.,1.,1.,1.,1.,1.,1.)
    ,(1.,1.,1.,1.,1.,1.,1.)
    ,(1.,1.,1.,1.,1.,1.,1.)
    ,(1.,1.,1.,1.,1.,1.,1.)
,(1.,1.,1.,1.,1.,1.,1.))) REPRESENTATION_ITEM('') SURFACE() );
#1903 = CARTESIAN_POINT('',(0.193425522383,0.290016912559,
    6.859095068266E-02));
#1904 = CARTESIAN_POINT('',(0.213243947489,0.261077994303,
    8.741990513028E-02));
#1905 = CARTESIAN_POINT('',(0.166634288094,0.297734231867,0.129417212941
    ));
#1906 = CARTESIAN_POINT('',(0.20777362263,0.246850112552,0.143259734042)
  );
#1907 = CARTESIAN_POINT('',(0.185249657517,0.260373652466,0.175068008082
    ));
#1908 = CARTESIAN_POINT('',(0.191780674755,0.243557156359,0.201274277554
    ));
#1909 = CARTESIAN_POINT('',(0.189984195476,0.23604655097,0.227409957976)
  );
#1910 = CARTESIAN_POINT('',(0.194424438039,0.289863899718,
    6.853525856311E-02));
#1911 = CARTESIAN_POINT('',(0.212654144783,0.261541678305,
    8.758867230519E-02));
#1912 = CARTESIAN_POINT('',(0.166269544731,0.298290055288,0.129619516121
    ));
#1913 = CARTESIAN_POINT('',(0.208096945046,0.24668634104,0.143200126086)
  );
#1914 = CARTESIAN_POINT('',(0.185106377778,0.260543524851,0.175129836574
    ));
#1915 = CARTESIAN_POINT('',(0.191770016328,0.243684119813,0.201320488472
    ));
#1916 = CARTESIAN_POINT('',(0.189978190458,0.236083752785,0.227423498329
    ));
#1917 = CARTESIAN_POINT('',(0.195364448087,0.289768887317,
    6.850067687738E-02));
#1918 = CARTESIAN_POINT('',(0.211329548074,0.262728600777,
    8.802067675515E-02));
#1919 = CARTESIAN_POINT('',(0.166962953529,0.297804340613,0.129442730437
    ));
#1920 = CARTESIAN_POINT('',(0.207720917787,0.247210943261,0.14339106568)
  );
#1921 = CARTESIAN_POINT('',(0.185180810229,0.260499101349,0.175113667741
    ));
#1922 = CARTESIAN_POINT('',(0.191737818084,0.243832285043,0.201374416206
    ));
#1923 = CARTESIAN_POINT('',(0.189972150019,0.236120989451,0.227437051367
    ));
#1924 = CARTESIAN_POINT('',(0.196226038644,0.289734953539,
    6.848832599216E-02));
#1925 = CARTESIAN_POINT('',(0.209275585452,0.264613764775,
    8.870682033734E-02));
#1926 = CARTESIAN_POINT('',(0.168719690196,0.296308920434,0.128898442004
    ));
#1927 = CARTESIAN_POINT('',(0.206640080867,0.248403514592,0.143825126146
    ));
#1928 = CARTESIAN_POINT('',(0.185474855441,0.260246652211,0.17502178377)
  );
#1929 = CARTESIAN_POINT('',(0.19168389182,0.24400102307,0.201435831825)
  );
#1930 = CARTESIAN_POINT('',(0.189966074739,0.236158257461,0.227450615814
    ));
#1931 = CARTESIAN_POINT('',(0.196991519899,0.289763500506,
    6.849871623854E-02));
#1932 = CARTESIAN_POINT('',(0.206532180815,0.267138790873,
    8.962585467751E-02));
#1933 = CARTESIAN_POINT('',(0.171495223371,0.293883674833,0.128015724795
    ));
#1934 = CARTESIAN_POINT('',(0.20488181653,0.250211913327,0.144483329458)
  );
#1935 = CARTESIAN_POINT('',(0.185980176331,0.259802340039,0.174860067364
    ));
#1936 = CARTESIAN_POINT('',(0.191609055674,0.244188732532,0.201504152482
    ));
#1937 = CARTESIAN_POINT('',(0.189959965193,0.236195553307,0.227464190391
    ));
#1938 = CARTESIAN_POINT('',(0.197645466606,0.289854315455,
    6.853177017674E-02));
#1939 = CARTESIAN_POINT('',(0.203169279613,0.270217477316,
    9.074640490359E-02));
#1940 = CARTESIAN_POINT('',(0.175201341669,0.290648663912,0.126838277112
    ));
#1941 = CARTESIAN_POINT('',(0.202502432661,0.252557436283,0.145337029998
    ));
#1942 = CARTESIAN_POINT('',(0.186679412918,0.259190608538,0.174637415306
    ));
#1943 = CARTESIAN_POINT('',(0.191515014836,0.24439299803,0.201578499043)
  );
#1944 = CARTESIAN_POINT('',(0.189953821959,0.23623287348,0.227477773824)
  );
#1945 = CARTESIAN_POINT('',(0.198175158576,0.290005631906,
    6.858684486083E-02));
#1946 = CARTESIAN_POINT('',(0.199282374577,0.273741360192,
    9.202899337926E-02));
#1947 = CARTESIAN_POINT('',(0.179712180737,0.286756260313,0.125421558062
    ));
#1948 = CARTESIAN_POINT('',(0.199583246204,0.255339994411,0.146349798331
    ));
#1949 = CARTESIAN_POINT('',(0.187547397085,0.258442571272,0.174365152007
    ));
#1950 = CARTESIAN_POINT('',(0.19140424226,0.244610748462,0.201657753719)
  );
#1951 = CARTESIAN_POINT('',(0.189947645615,0.236270214473,0.227491364834
    ));
#1952 = CARTESIAN_POINT('',(0.198571021164,0.290214190836,
    6.866275410345E-02));
#1953 = CARTESIAN_POINT('',(0.194988031456,0.277585273585,
    9.342806343764E-02));
#1954 = CARTESIAN_POINT('',(0.1848702503,0.282383281753,0.123829924031)
  );
#1955 = CARTESIAN_POINT('',(0.196226666566,0.258443288406,0.147479304974
    ));
#1956 = CARTESIAN_POINT('',(0.188552367332,0.25759440042,0.174056443064)
  );
#1957 = CARTESIAN_POINT('',(0.191279859383,0.24483841537,0.201740617697)
  );
#1958 = CARTESIAN_POINT('',(0.189941436738,0.236307572779,0.227504962145
    ));
#1959 = CARTESIAN_POINT('',(0.198827065761,0.29047530185,
    6.875779074048E-02));
#1960 = CARTESIAN_POINT('',(0.190419414752,0.281612909747,
    9.489400311481E-02));
#1961 = CARTESIAN_POINT('',(0.190492461215,0.277723123545,0.122133765157
    ));
#1962 = CARTESIAN_POINT('',(0.192552279039,0.261739984315,0.148679204156
    ));
#1963 = CARTESIAN_POINT('',(0.18965718354,0.256685715531,0.173725708812)
  );
#1964 = CARTESIAN_POINT('',(0.191145516833,0.245072091271,0.201825668769
    ));
#1965 = CARTESIAN_POINT('',(0.189935195906,0.236344944889,0.22751856448)
  );
#1966 = CARTESIAN_POINT('',(0.198941330285,0.290782904354,
    6.886974889582E-02));
#1967 = CARTESIAN_POINT('',(0.185721813454,0.28568237925,
    9.637516888348E-02));
#1968 = CARTESIAN_POINT('',(0.196376152523,0.272977891128,0.120406641802
    ));
#1969 = CARTESIAN_POINT('',(0.188692928204,0.265096889148,0.149901017594
    ));
#1970 = CARTESIAN_POINT('',(0.190820541724,0.255757972279,0.173388037883
    ));
#1971 = CARTESIAN_POINT('',(0.191005275146,0.245307688006,0.201911418968
    ));
#1972 = CARTESIAN_POINT('',(0.189928923695,0.236382327295,0.227532170564
    ));
#1973 = DEFINITIONAL_REPRESENTATION('',(#1974),#1995);
#1974 = B_SPLINE_CURVE_WITH_KNOTS('',7,(#1975,#1976,#1977,#1978,#1979,
    #1980,#1981,#1982,#1983,#1984,#1985,#1986,#1987,#1988,#1989,#1990,
    #1991,#1992,#1993,#1994),.UNSPECIFIED.,.F.,.F.,(8,6,6,8),(0.,
    0.627430175258,0.802972862183,1.),.UNSPECIFIED.);
#1975 = CARTESIAN_POINT('',(5.,0.111657710124));
#1976 = CARTESIAN_POINT('',(4.911013020597,0.110598191084));
#1977 = CARTESIAN_POINT('',(4.821935764788,0.109276105136));
#1978 = CARTESIAN_POINT('',(4.732719609963,0.107730741394));
#1979 = CARTESIAN_POINT('',(4.643333651403,0.106035418965));
#1980 = CARTESIAN_POINT('',(4.553758393031,0.104316158058));
#1981 = CARTESIAN_POINT('',(4.464000797412,0.102731788893));
#1982 = CARTESIAN_POINT('',(4.34896031366,0.101034643389));
#1983 = CARTESIAN_POINT('',(4.323800715244,0.100683819906));
#1984 = CARTESIAN_POINT('',(4.298632423978,0.100356005424));
#1985 = CARTESIAN_POINT('',(4.273456761478,0.100053712411));
#1986 = CARTESIAN_POINT('',(4.248275151749,9.977915642264E-02));
#1987 = CARTESIAN_POINT('',(4.223089121186,9.953425610128E-02));
#1988 = CARTESIAN_POINT('',(4.169628647325,9.908086520637E-02));
#1989 = CARTESIAN_POINT('',(4.14135337986,9.888045583972E-02));
#1990 = CARTESIAN_POINT('',(4.113076806525,9.872162816005E-02));
#1991 = CARTESIAN_POINT('',(4.084801133056,9.860596697553E-02));
#1992 = CARTESIAN_POINT('',(4.056528460574,9.853441881824E-02));
#1993 = CARTESIAN_POINT('',(4.02826078559,9.850729194419E-02));
#1994 = CARTESIAN_POINT('',(4.,9.852425633332E-02));
#1995 = ( GEOMETRIC_REPRESENTATION_CONTEXT(2) 
PARAMETRIC_REPRESENTATION_CONTEXT() REPRESENTATION_CONTEXT('2D SPACE',''
  ) );
#1996 = ORIENTED_EDGE('',*,*,#1997,.T.);
#1997 = EDGE_CURVE('',#1853,#1998,#2000,.T.);
#1998 = VERTEX_POINT('',#1999);
#1999 = CARTESIAN_POINT('',(0.191616865088,0.283422940755,
    8.576406844956E-02));
#2000 = SURFACE_CURVE('',#2001,(#2014,#2030),.PCURVE_S1.);
#2001 = B_SPLINE_CURVE_WITH_KNOTS('',6,(#2002,#2003,#2004,#2005,#2006,
    #2007,#2008,#2009,#2010,#2011,#2012,#2013),.UNSPECIFIED.,.F.,.F.,(7,
    5,7),(0.,0.862052723651,1.),.UNSPECIFIED.);
#2002 = CARTESIAN_POINT('',(0.198015692779,0.279933025491,
    8.224201527758E-02));
#2003 = CARTESIAN_POINT('',(0.197609625214,0.279996878704,
    8.239045959701E-02));
#2004 = CARTESIAN_POINT('',(0.19696379056,0.280244909325,
    8.274047332689E-02));
#2005 = CARTESIAN_POINT('',(0.196121381666,0.280639633251,
    8.323670514179E-02));
#2006 = CARTESIAN_POINT('',(0.195121520892,0.28116420563,
    8.382059891318E-02));
#2007 = CARTESIAN_POINT('',(0.19400098583,0.281822180624,
    8.446065517461E-02));
#2008 = CARTESIAN_POINT('',(0.19260660722,0.282739443241,
    8.522861182611E-02));
#2009 = CARTESIAN_POINT('',(0.192412172719,0.282869374119,
    8.533511431571E-02));
#2010 = CARTESIAN_POINT('',(0.192215815659,0.283002700356,
    8.54420464021E-02));
#2011 = CARTESIAN_POINT('',(0.192017700176,0.283139414043,
    8.554927284431E-02));
#2012 = CARTESIAN_POINT('',(0.191817993325,0.283279500995,
    8.565665852483E-02));
#2013 = CARTESIAN_POINT('',(0.191616865088,0.283422940755,
    8.576406844956E-02));
#2014 = PCURVE('',#36,#2015);
#2015 = DEFINITIONAL_REPRESENTATION('',(#2016),#2029);
#2016 = B_SPLINE_CURVE_WITH_KNOTS('',6,(#2017,#2018,#2019,#2020,#2021,
    #2022,#2023,#2024,#2025,#2026,#2027,#2028),.UNSPECIFIED.,.F.,.F.,(7,
    5,7),(0.,0.862052723651,1.),.UNSPECIFIED.);
#2017 = CARTESIAN_POINT('',(0.107627262396,0.287887235954));
#2018 = CARTESIAN_POINT('',(0.106808754864,0.282062561573));
#2019 = CARTESIAN_POINT('',(0.104447974893,0.272809056274));
#2020 = CARTESIAN_POINT('',(0.100937028695,0.260769114379));
#2021 = CARTESIAN_POINT('',(9.660614859304E-02,0.246539160175));
#2022 = CARTESIAN_POINT('',(9.155484436058E-02,0.230662530439));
#2023 = CARTESIAN_POINT('',(8.497638812533E-02,0.21098435749));
#2024 = CARTESIAN_POINT('',(8.405303650578E-02,0.20824201439));
#2025 = CARTESIAN_POINT('',(8.311419923382E-02,0.2054741804));
#2026 = CARTESIAN_POINT('',(8.216026845618E-02,0.202683186442));
#2027 = CARTESIAN_POINT('',(8.119164261937E-02,0.199871392509));
#2028 = CARTESIAN_POINT('',(8.020872646969E-02,0.197041187668));
#2029 = ( GEOMETRIC_REPRESENTATION_CONTEXT(2) 
PARAMETRIC_REPRESENTATION_CONTEXT() REPRESENTATION_CONTEXT('2D SPACE',''
  ) );
#2030 = PCURVE('',#2031,#2102);
#2031 = ( BOUNDED_SURFACE() B_SPLINE_SURFACE(9,6,(
    (#2032,#2033,#2034,#2035,#2036,#2037,#2038)
    ,(#2039,#2040,#2041,#2042,#2043,#2044,#2045)
    ,(#2046,#2047,#2048,#2049,#2050,#2051,#2052)
    ,(#2053,#2054,#2055,#2056,#2057,#2058,#2059)
    ,(#2060,#2061,#2062,#2063,#2064,#2065,#2066)
    ,(#2067,#2068,#2069,#2070,#2071,#2072,#2073)
    ,(#2074,#2075,#2076,#2077,#2078,#2079,#2080)
    ,(#2081,#2082,#2083,#2084,#2085,#2086,#2087)
    ,(#2088,#2089,#2090,#2091,#2092,#2093,#2094)
    ,(#2095,#2096,#2097,#2098,#2099,#2100,#2101
)),.UNSPECIFIED.,.F.,.F.,.F.) B_SPLINE_SURFACE_WITH_KNOTS((10,10),(7,7),
  (3.,4.),(0.,1.),.PIECEWISE_BEZIER_KNOTS.) 
GEOMETRIC_REPRESENTATION_ITEM() RATIONAL_B_SPLINE_SURFACE((
    (1.,1.,1.,1.,1.,1.,1.)
    ,(1.,1.,1.,1.,1.,1.,1.)
    ,(1.,1.,1.,1.,1.,1.,1.)
    ,(1.,1.,1.,1.,1.,1.,1.)
    ,(1.,1.,1.,1.,1.,1.,1.)
    ,(1.,1.,1.,1.,1.,1.,1.)
    ,(1.,1.,1.,1.,1.,1.,1.)
    ,(1.,1.,1.,1.,1.,1.,1.)
    ,(1.,1.,1.,1.,1.,1.,1.)
,(1.,1.,1.,1.,1.,1.,1.))) REPRESENTATION_ITEM('') SURFACE() );
#2032 = CARTESIAN_POINT('',(0.191244974857,0.29044553515,
    6.874695654738E-02));
#2033 = CARTESIAN_POINT('',(0.184528520088,0.294227386968,
    9.948529734436E-02));
#2034 = CARTESIAN_POINT('',(0.218565672286,0.218029579702,0.10040709202)
  );
#2035 = CARTESIAN_POINT('',(0.174837242567,0.293689749231,0.160307967577
    ));
#2036 = CARTESIAN_POINT('',(0.19607154644,0.243257750038,0.168838329065)
  );
#2037 = CARTESIAN_POINT('',(0.19117269569,0.242509428552,0.200892935819)
  );
#2038 = CARTESIAN_POINT('',(0.190090195162,0.235361464737,0.227160606979
    ));
#2039 = CARTESIAN_POINT('',(0.191495307147,0.29038626761,
    6.872538492713E-02));
#2040 = CARTESIAN_POINT('',(0.187957276783,0.290766029391,
    9.822546621611E-02));
#2041 = CARTESIAN_POINT('',(0.215060172203,0.222064572842,0.101875709418
    ));
#2042 = CARTESIAN_POINT('',(0.17646102357,0.292603235084,0.159912508768)
  );
#2043 = CARTESIAN_POINT('',(0.195567845583,0.243765289642,0.169023058374
    ));
#2044 = CARTESIAN_POINT('',(0.191173364831,0.242759908576,0.200984103092
    ));
#2045 = CARTESIAN_POINT('',(0.190079114057,0.23543641395,0.227187886262)
  );
#2046 = CARTESIAN_POINT('',(0.191744216214,0.290329794978,
    6.870483056999E-02));
#2047 = CARTESIAN_POINT('',(0.191537728589,0.28700632197,
    9.68570446253E-02));
#2048 = CARTESIAN_POINT('',(0.210678006654,0.227824916969,0.10397230322)
  );
#2049 = CARTESIAN_POINT('',(0.178798481787,0.290112099494,0.159005809564
    ));
#2050 = CARTESIAN_POINT('',(0.194825529216,0.244742459031,0.169378718946
    ));
#2051 = CARTESIAN_POINT('',(0.191196987432,0.242965212293,0.201058827534
    ));
#2052 = CARTESIAN_POINT('',(0.190067847719,0.235511727606,0.227215298191
    ));
#2053 = CARTESIAN_POINT('',(0.191991449594,0.290276166879,
    6.868531153842E-02));
#2054 = CARTESIAN_POINT('',(0.19518374669,0.283038957419,
    9.541304202021E-02));
#2055 = CARTESIAN_POINT('',(0.205507137825,0.235177360377,0.106648373769
    ));
#2056 = CARTESIAN_POINT('',(0.181800758476,0.286301394217,0.157618826272
    ));
#2057 = CARTESIAN_POINT('',(0.193858924746,0.246162708606,0.169895647516
    ));
#2058 = CARTESIAN_POINT('',(0.191242196747,0.243127810888,0.201118008583
    ));
#2059 = CARTESIAN_POINT('',(0.190056400892,0.235587375031,0.227242831602
    ));
#2060 = CARTESIAN_POINT('',(0.19223675482,0.290225432941,
    6.866684589486E-02));
#2061 = CARTESIAN_POINT('',(0.19880230048,0.278968840614,
    9.393164065328E-02));
#2062 = CARTESIAN_POINT('',(0.199673321076,0.243914366466,0.109828383922
    ));
#2063 = CARTESIAN_POINT('',(0.185387491479,0.281317898705,0.155804982243
    ));
#2064 = CARTESIAN_POINT('',(0.192692866102,0.247978917669,0.170556693554
    ));
#2065 = CARTESIAN_POINT('',(0.191306579341,0.243252224595,0.201163291469
    ));
#2066 = CARTESIAN_POINT('',(0.190044778325,0.235663325551,0.227270475331
    ));
#2067 = CARTESIAN_POINT('',(0.192479879429,0.290177642788,
    6.864945170174E-02));
#2068 = CARTESIAN_POINT('',(0.202297426127,0.274909806844,
    9.24542731812E-02));
#2069 = CARTESIAN_POINT('',(0.193332385177,0.253768638492,0.11341504562)
  );
#2070 = CARTESIAN_POINT('',(0.189452398842,0.275358876659,0.153636075593
    ));
#2071 = CARTESIAN_POINT('',(0.191360902099,0.250127072986,0.171338558148
    ));
#2072 = CARTESIAN_POINT('',(0.191386852252,0.243344657576,0.201196934322
    ));
#2073 = CARTESIAN_POINT('',(0.190032984761,0.235739548492,0.227298218212
    ));
#2074 = CARTESIAN_POINT('',(0.192720570954,0.290132846047,
    6.863314702152E-02));
#2075 = CARTESIAN_POINT('',(0.20557419514,0.27097934006,
    9.102370026502E-02));
#2076 = CARTESIAN_POINT('',(0.186662512547,0.264427644313,0.117294606466
    ));
#2077 = CARTESIAN_POINT('',(0.193868862435,0.268660832577,0.151198186919
    ));
#2078 = CARTESIAN_POINT('',(0.189903504788,0.252529947339,0.172213132889
    ));
#2079 = CARTESIAN_POINT('',(0.191479040138,0.243412632805,0.201221675282
    ));
#2080 = CARTESIAN_POINT('',(0.190021024949,0.235816013178,0.227326049082
    ));
#2081 = CARTESIAN_POINT('',(0.192958576932,0.290091092345,
    6.861794991664E-02));
#2082 = CARTESIAN_POINT('',(0.208542682937,0.267293291124,
    8.968208817029E-02));
#2083 = CARTESIAN_POINT('',(0.179856519485,0.275548141136,0.1213421363)
  );
#2084 = CARTESIAN_POINT('',(0.198495511569,0.2614882683,0.148587587019)
  );
#2085 = CARTESIAN_POINT('',(0.188366277811,0.255100778091,0.17314883876)
  );
#2086 = CARTESIAN_POINT('',(0.191578652432,0.243464626946,0.201240599602
    ));
#2087 = CARTESIAN_POINT('',(0.190008903633,0.235892688936,0.227353956776
    ));
#2088 = CARTESIAN_POINT('',(0.193193644897,0.290052431307,
    6.860387844954E-02));
#2089 = CARTESIAN_POINT('',(0.211121937408,0.26396059606,
    8.846908636711E-02));
#2090 = CARTESIAN_POINT('',(0.17311413641,0.28677070027,0.125426813777)
  );
#2091 = CARTESIAN_POINT('',(0.203181806617,0.254122439565,0.145906644609
    ));
#2092 = CARTESIAN_POINT('',(0.186798164757,0.257746945736,0.174111965018
    ));
#2093 = CARTESIAN_POINT('',(0.191680860492,0.243509705234,0.201257006757
    ));
#2094 = CARTESIAN_POINT('',(0.18999662556,0.235969545092,0.227381930128)
  );
#2095 = CARTESIAN_POINT('',(0.193425522383,0.290016912559,
    6.859095068266E-02));
#2096 = CARTESIAN_POINT('',(0.213243947489,0.261077994303,
    8.741990513028E-02));
#2097 = CARTESIAN_POINT('',(0.166634288094,0.297734231867,0.129417212941
    ));
#2098 = CARTESIAN_POINT('',(0.20777362263,0.246850112552,0.143259734042)
  );
#2099 = CARTESIAN_POINT('',(0.185249657517,0.260373652466,0.175068008082
    ));
#2100 = CARTESIAN_POINT('',(0.191780674755,0.243557156359,0.201274277554
    ));
#2101 = CARTESIAN_POINT('',(0.189984195476,0.23604655097,0.227409957976)
  );
#2102 = DEFINITIONAL_REPRESENTATION('',(#2103),#2116);
#2103 = B_SPLINE_CURVE_WITH_KNOTS('',6,(#2104,#2105,#2106,#2107,#2108,
    #2109,#2110,#2111,#2112,#2113,#2114,#2115),.UNSPECIFIED.,.F.,.F.,(7,
    5,7),(0.,0.862052723651,1.),.UNSPECIFIED.);
#2104 = CARTESIAN_POINT('',(4.,9.852425633332E-02));
#2105 = CARTESIAN_POINT('',(3.855731114597,9.923578253745E-02));
#2106 = CARTESIAN_POINT('',(3.711628059095,0.100711823958));
#2107 = CARTESIAN_POINT('',(3.567757900309,0.102715197246));
#2108 = CARTESIAN_POINT('',(3.424139124893,0.104947639551));
#2109 = CARTESIAN_POINT('',(3.280744810866,0.107222824799));
#2110 = CARTESIAN_POINT('',(3.114566099361,0.109688023604));
#2111 = CARTESIAN_POINT('',(3.09164610088,0.110024268218));
#2112 = CARTESIAN_POINT('',(3.068729760333,0.110355925025));
#2113 = CARTESIAN_POINT('',(3.045816817224,0.110682242862));
#2114 = CARTESIAN_POINT('',(3.022906994791,0.111002484365));
#2115 = CARTESIAN_POINT('',(3.,0.111315925967));
#2116 = ( GEOMETRIC_REPRESENTATION_CONTEXT(2) 
PARAMETRIC_REPRESENTATION_CONTEXT() REPRESENTATION_CONTEXT('2D SPACE',''
  ) );
#2117 = ORIENTED_EDGE('',*,*,#2118,.T.);
#2118 = EDGE_CURVE('',#1998,#1573,#2119,.T.);
#2119 = SURFACE_CURVE('',#2120,(#2135,#2153),.PCURVE_S1.);
#2120 = B_SPLINE_CURVE_WITH_KNOTS('',4,(#2121,#2122,#2123,#2124,#2125,
    #2126,#2127,#2128,#2129,#2130,#2131,#2132,#2133,#2134),
  .UNSPECIFIED.,.F.,.F.,(5,3,3,3,5),(0.,0.463431740346,0.60863123712,
    0.754270630254,1.),.UNSPECIFIED.);
#2121 = CARTESIAN_POINT('',(0.191616865088,0.283422940755,
    8.576406844956E-02));
#2122 = CARTESIAN_POINT('',(0.191490916261,0.283496841366,
    8.582254866989E-02));
#2123 = CARTESIAN_POINT('',(0.191368294758,0.283564828316,
    8.587661475581E-02));
#2124 = CARTESIAN_POINT('',(0.191247912121,0.283628914066,
    8.592771555695E-02));
#2125 = CARTESIAN_POINT('',(0.191091180578,0.283710910333,
    8.599278944676E-02));
#2126 = CARTESIAN_POINT('',(0.191053892024,0.283730309524,
    8.600816151307E-02));
#2127 = CARTESIAN_POINT('',(0.19101666938,0.283749614923,
    8.602342441598E-02));
#2128 = CARTESIAN_POINT('',(0.19094216955,0.283788235338,
    8.605386237269E-02));
#2129 = CARTESIAN_POINT('',(0.190904892558,0.28380755017,
    8.606903699976E-02));
#2130 = CARTESIAN_POINT('',(0.19086760764,0.283826910465,
    8.608418687637E-02));
#2131 = CARTESIAN_POINT('',(0.190767293426,0.283879245877,
    8.612494182111E-02));
#2132 = CARTESIAN_POINT('',(0.190704181547,0.283912433321,
    8.61505765464E-02));
#2133 = CARTESIAN_POINT('',(0.190640764118,0.283946284687,
    8.617645467843E-02));
#2134 = CARTESIAN_POINT('',(0.190576873589,0.283981118626,
    8.620275107674E-02));
#2135 = PCURVE('',#36,#2136);
#2136 = DEFINITIONAL_REPRESENTATION('',(#2137),#2152);
#2137 = B_SPLINE_CURVE_WITH_KNOTS('',4,(#2138,#2139,#2140,#2141,#2142,
    #2143,#2144,#2145,#2146,#2147,#2148,#2149,#2150,#2151),
  .UNSPECIFIED.,.F.,.F.,(5,3,3,3,5),(0.,0.463431740346,0.60863123712,
    0.754270630254,1.),.UNSPECIFIED.);
#2138 = CARTESIAN_POINT('',(8.020872646969E-02,0.197041187668));
#2139 = CARTESIAN_POINT('',(7.969392115208E-02,0.195268880686));
#2140 = CARTESIAN_POINT('',(7.922034176867E-02,0.193544087375));
#2141 = CARTESIAN_POINT('',(7.877414675803E-02,0.191851393762));
#2142 = CARTESIAN_POINT('',(7.820478467856E-02,0.189648373211));
#2143 = CARTESIAN_POINT('',(7.807019867737E-02,0.18912430308));
#2144 = CARTESIAN_POINT('',(7.79364082253E-02,0.188601216523));
#2145 = CARTESIAN_POINT('',(7.766911603769E-02,0.187554390594));
#2146 = CARTESIAN_POINT('',(7.753561662921E-02,0.187030654313));
#2147 = CARTESIAN_POINT('',(7.740201276716E-02,0.186506863174));
#2148 = CARTESIAN_POINT('',(7.704150724133E-02,0.185097766822));
#2149 = CARTESIAN_POINT('',(7.681359159935E-02,0.184211405629));
#2150 = CARTESIAN_POINT('',(7.658195990779E-02,0.183320912318));
#2151 = CARTESIAN_POINT('',(7.634461573089E-02,0.182423937825));
#2152 = ( GEOMETRIC_REPRESENTATION_CONTEXT(2) 
PARAMETRIC_REPRESENTATION_CONTEXT() REPRESENTATION_CONTEXT('2D SPACE',''
  ) );
#2153 = PCURVE('',#2154,#2225);
#2154 = ( BOUNDED_SURFACE() B_SPLINE_SURFACE(9,6,(
    (#2155,#2156,#2157,#2158,#2159,#2160,#2161)
    ,(#2162,#2163,#2164,#2165,#2166,#2167,#2168)
    ,(#2169,#2170,#2171,#2172,#2173,#2174,#2175)
    ,(#2176,#2177,#2178,#2179,#2180,#2181,#2182)
    ,(#2183,#2184,#2185,#2186,#2187,#2188,#2189)
    ,(#2190,#2191,#2192,#2193,#2194,#2195,#2196)
    ,(#2197,#2198,#2199,#2200,#2201,#2202,#2203)
    ,(#2204,#2205,#2206,#2207,#2208,#2209,#2210)
    ,(#2211,#2212,#2213,#2214,#2215,#2216,#2217)
    ,(#2218,#2219,#2220,#2221,#2222,#2223,#2224
)),.UNSPECIFIED.,.F.,.F.,.F.) B_SPLINE_SURFACE_WITH_KNOTS((10,10),(7,7),
  (2.,3.),(0.,1.),.PIECEWISE_BEZIER_KNOTS.) 
GEOMETRIC_REPRESENTATION_ITEM() RATIONAL_B_SPLINE_SURFACE((
    (1.,1.,1.,1.,1.,1.,1.)
    ,(1.,1.,1.,1.,1.,1.,1.)
    ,(1.,1.,1.,1.,1.,1.,1.)
    ,(1.,1.,1.,1.,1.,1.,1.)
    ,(1.,1.,1.,1.,1.,1.,1.)
    ,(1.,1.,1.,1.,1.,1.,1.)
    ,(1.,1.,1.,1.,1.,1.,1.)
    ,(1.,1.,1.,1.,1.,1.,1.)
    ,(1.,1.,1.,1.,1.,1.,1.)
,(1.,1.,1.,1.,1.,1.,1.))) REPRESENTATION_ITEM('') SURFACE() );
#2155 = CARTESIAN_POINT('',(0.190489475509,0.290634174395,
    6.881561561778E-02));
#2156 = CARTESIAN_POINT('',(0.191069301112,0.279295542063,
    9.405055025603E-02));
#2157 = CARTESIAN_POINT('',(0.187526575356,0.281706490599,0.123583592196
    ));
#2158 = CARTESIAN_POINT('',(0.201780505094,0.224550307684,0.13514326884)
  );
#2159 = CARTESIAN_POINT('',(0.188221712113,0.260384100196,0.175071810745
    ));
#2160 = CARTESIAN_POINT('',(0.192759126245,0.235111030196,0.198200139036
    ));
#2161 = CARTESIAN_POINT('',(0.190270461103,0.233995795596,0.226663544062
    ));
#2162 = CARTESIAN_POINT('',(0.19057386644,0.290612024298,
    6.880755364178E-02));
#2163 = CARTESIAN_POINT('',(0.190181885023,0.281223435595,
    9.475224611667E-02));
#2164 = CARTESIAN_POINT('',(0.19132667184,0.274280811361,0.120880865984)
  );
#2165 = CARTESIAN_POINT('',(0.199522226536,0.229586769878,0.136976391165
    ));
#2166 = CARTESIAN_POINT('',(0.188826505694,0.259420326871,0.174721025942
    ));
#2167 = CARTESIAN_POINT('',(0.192631208873,0.235776203087,0.198442242169
    ));
#2168 = CARTESIAN_POINT('',(0.190254585044,0.234135427504,0.22671436592)
  );
#2169 = CARTESIAN_POINT('',(0.190658168369,0.290590166094,
    6.879959790603E-02));
#2170 = CARTESIAN_POINT('',(0.189283313618,0.283187865729,
    9.546724021259E-02));
#2171 = CARTESIAN_POINT('',(0.195211631288,0.266576937271,0.118076885127
    ));
#2172 = CARTESIAN_POINT('',(0.196953412278,0.235641736573,0.139180218811
    ));
#2173 = CARTESIAN_POINT('',(0.189536628483,0.258111130622,0.174244517476
    ));
#2174 = CARTESIAN_POINT('',(0.192487034258,0.236494716931,0.198703759821
    ));
#2175 = CARTESIAN_POINT('',(0.190237583366,0.234278747649,0.226766530187
    ));
#2176 = CARTESIAN_POINT('',(0.190742371595,0.290568602205,
    6.879174929224E-02));
#2177 = CARTESIAN_POINT('',(0.188395483011,0.28514591447,
    9.617991167178E-02));
#2178 = CARTESIAN_POINT('',(0.19911009123,0.258739403781,0.115224256227)
  );
#2179 = CARTESIAN_POINT('',(0.194114923747,0.242606324741,0.141715121598
    ));
#2180 = CARTESIAN_POINT('',(0.190341138891,0.256485889234,0.173652977988
    ));
#2181 = CARTESIAN_POINT('',(0.192327779406,0.23726247883,0.198983202299)
  );
#2182 = CARTESIAN_POINT('',(0.190219493462,0.234425472764,0.226819933762
    ));
#2183 = CARTESIAN_POINT('',(0.190826466415,0.290547335053,
    6.878400868215E-02));
#2184 = CARTESIAN_POINT('',(0.187541032059,0.287052086716,
    9.687370163075E-02));
#2185 = CARTESIAN_POINT('',(0.202946576401,0.250926661652,0.112380650644
    ));
#2186 = CARTESIAN_POINT('',(0.191058727665,0.250335129318,0.144528176411
    ));
#2187 = CARTESIAN_POINT('',(0.191224653,0.254588644924,0.172962437532));
#2188 = CARTESIAN_POINT('',(0.1921551024,0.238073820796,0.199278506625)
  );
#2189 = CARTESIAN_POINT('',(0.190200352721,0.23457531958,0.226874473542)
  );
#2190 = CARTESIAN_POINT('',(0.190910443127,0.290526367062,
    6.877637695748E-02));
#2191 = CARTESIAN_POINT('',(0.186742665345,0.288859860355,
    9.753167742535E-02));
#2192 = CARTESIAN_POINT('',(0.206643846533,0.243305322272,0.109606709964
    ));
#2193 = CARTESIAN_POINT('',(0.187845744478,0.258653311067,0.14755574697)
  );
#2194 = CARTESIAN_POINT('',(0.192168087959,0.252475464519,0.172193302765
    ));
#2195 = CARTESIAN_POINT('',(0.191971067812,0.238921768262,0.199587134263
    ));
#2196 = CARTESIAN_POINT('',(0.190180198535,0.234728004826,0.226930046427
    ));
#2197 = CARTESIAN_POINT('',(0.19099429203,0.290505700654,
    6.876885499994E-02));
#2198 = CARTESIAN_POINT('',(0.186022476162,0.290523236365,
    9.813709678171E-02));
#2199 = CARTESIAN_POINT('',(0.210125244143,0.236044402973,0.106963951466
    ));
#2200 = CARTESIAN_POINT('',(0.184543696798,0.267363684437,0.150726063607
    ));
#2201 = CARTESIAN_POINT('',(0.19314940537,0.250211799638,0.171369396128)
  );
#2202 = CARTESIAN_POINT('',(0.191778072124,0.239798308601,0.199906168855
    ));
#2203 = CARTESIAN_POINT('',(0.190159068295,0.234883245234,0.226986549315
    ));
#2204 = CARTESIAN_POINT('',(0.19107800342,0.29048533825,
    6.876144369126E-02));
#2205 = CARTESIAN_POINT('',(0.185401269501,0.291998288924,
    9.867397200705E-02));
#2206 = CARTESIAN_POINT('',(0.213317042316,0.229309572349,0.104512673586
    ));
#2207 = CARTESIAN_POINT('',(0.181224957839,0.276253805431,0.153961803028
    ));
#2208 = CARTESIAN_POINT('',(0.194144354685,0.247869846876,0.170516995032
    ));
#2209 = CARTESIAN_POINT('',(0.191578769145,0.240694659645,0.200232413955
    ));
#2210 = CARTESIAN_POINT('',(0.190136999393,0.235040757535,0.227043879104
    ));
#2211 = CARTESIAN_POINT('',(0.191161567597,0.290465282275,
    6.875414391317E-02));
#2212 = CARTESIAN_POINT('',(0.184897885032,0.293244715502,
    9.912763418058E-02));
#2213 = CARTESIAN_POINT('',(0.216150792499,0.22325739557,0.102309861386)
  );
#2214 = CARTESIAN_POINT('',(0.177964399854,0.285103059465,0.157182668091
    ));
#2215 = CARTESIAN_POINT('',(0.195127216599,0.245525907981,0.169663871043
    ));
#2216 = CARTESIAN_POINT('',(0.191375995428,0.241601538197,0.200562490754
    ));
#2217 = CARTESIAN_POINT('',(0.190114029218,0.235200258459,0.227101932692
    ));
#2218 = CARTESIAN_POINT('',(0.191244974857,0.29044553515,
    6.874695654738E-02));
#2219 = CARTESIAN_POINT('',(0.184528520088,0.294227386968,
    9.948529734436E-02));
#2220 = CARTESIAN_POINT('',(0.218565672286,0.218029579702,0.10040709202)
  );
#2221 = CARTESIAN_POINT('',(0.174837242567,0.293689749231,0.160307967577
    ));
#2222 = CARTESIAN_POINT('',(0.19607154644,0.243257750038,0.168838329065)
  );
#2223 = CARTESIAN_POINT('',(0.19117269569,0.242509428552,0.200892935819)
  );
#2224 = CARTESIAN_POINT('',(0.190090195162,0.235361464737,0.227160606979
    ));
#2225 = DEFINITIONAL_REPRESENTATION('',(#2226),#2241);
#2226 = B_SPLINE_CURVE_WITH_KNOTS('',4,(#2227,#2228,#2229,#2230,#2231,
    #2232,#2233,#2234,#2235,#2236,#2237,#2238,#2239,#2240),
  .UNSPECIFIED.,.F.,.F.,(5,3,3,3,5),(0.,0.463431740346,0.60863123712,
    0.754270630254,1.),.UNSPECIFIED.);
#2227 = CARTESIAN_POINT('',(3.,0.111315925967));
#2228 = CARTESIAN_POINT('',(2.884143565253,0.11149525422));
#2229 = CARTESIAN_POINT('',(2.768286192767,0.111661737084));
#2230 = CARTESIAN_POINT('',(2.652428236111,0.111819443118));
#2231 = CARTESIAN_POINT('',(2.500270031492,0.112019470347));
#2232 = CARTESIAN_POINT('',(2.46397003568,0.112066660266));
#2233 = CARTESIAN_POINT('',(2.427670022075,0.112113423993));
#2234 = CARTESIAN_POINT('',(2.354960003387,0.112206432374));
#2235 = CARTESIAN_POINT('',(2.318549998258,0.112252674984));
#2236 = CARTESIAN_POINT('',(2.282139994023,0.112298682913));
#2237 = CARTESIAN_POINT('',(2.184297411665,0.11242192431));
#2238 = CARTESIAN_POINT('',(2.122864852431,0.112498887009));
#2239 = CARTESIAN_POINT('',(2.061432367071,0.112575859127));
#2240 = CARTESIAN_POINT('',(2.,0.112653174944));
#2241 = ( GEOMETRIC_REPRESENTATION_CONTEXT(2) 
PARAMETRIC_REPRESENTATION_CONTEXT() REPRESENTATION_CONTEXT('2D SPACE',''
  ) );
#2242 = FACE_BOUND('',#2243,.T.);
#2243 = EDGE_LOOP('',(#2244,#2346,#2524,#2669,#2790));
#2244 = ORIENTED_EDGE('',*,*,#2245,.T.);
#2245 = EDGE_CURVE('',#2246,#2248,#2250,.T.);
#2246 = VERTEX_POINT('',#2247);
#2247 = CARTESIAN_POINT('',(0.190576873382,0.32290272403,
    7.391887076219E-02));
#2248 = VERTEX_POINT('',#2249);
#2249 = CARTESIAN_POINT('',(0.190192048772,0.323108104749,
    7.361219347418E-02));
#2250 = SURFACE_CURVE('',#2251,(#2257,#2266),.PCURVE_S1.);
#2251 = B_SPLINE_CURVE_WITH_KNOTS('',4,(#2252,#2253,#2254,#2255,#2256),
  .UNSPECIFIED.,.F.,.F.,(5,5),(0.,1.),.PIECEWISE_BEZIER_KNOTS.);
#2252 = CARTESIAN_POINT('',(0.190576873382,0.32290272403,
    7.391887076219E-02));
#2253 = CARTESIAN_POINT('',(0.190485523543,0.322945263445,
    7.385956356595E-02));
#2254 = CARTESIAN_POINT('',(0.190390337163,0.32299418251,
    7.378821060048E-02));
#2255 = CARTESIAN_POINT('',(0.190292005383,0.323049234816,
    7.370454642556E-02));
#2256 = CARTESIAN_POINT('',(0.190192048772,0.323108104749,
    7.361219347418E-02));
#2257 = PCURVE('',#36,#2258);
#2258 = DEFINITIONAL_REPRESENTATION('',(#2259),#2265);
#2259 = B_SPLINE_CURVE_WITH_KNOTS('',4,(#2260,#2261,#2262,#2263,#2264),
  .UNSPECIFIED.,.F.,.F.,(5,5),(0.,1.),.PIECEWISE_BEZIER_KNOTS.);
#2260 = CARTESIAN_POINT('',(0.826344636742,0.182423934924));
#2261 = CARTESIAN_POINT('',(0.825946218886,0.181141452791));
#2262 = CARTESIAN_POINT('',(0.825473007088,0.179805435922));
#2263 = CARTESIAN_POINT('',(0.824924540445,0.178425648911));
#2264 = CARTESIAN_POINT('',(0.824324502645,0.177023447328));
#2265 = ( GEOMETRIC_REPRESENTATION_CONTEXT(2) 
PARAMETRIC_REPRESENTATION_CONTEXT() REPRESENTATION_CONTEXT('2D SPACE',''
  ) );
#2266 = PCURVE('',#2267,#2338);
#2267 = ( BOUNDED_SURFACE() B_SPLINE_SURFACE(9,6,(
    (#2268,#2269,#2270,#2271,#2272,#2273,#2274)
    ,(#2275,#2276,#2277,#2278,#2279,#2280,#2281)
    ,(#2282,#2283,#2284,#2285,#2286,#2287,#2288)
    ,(#2289,#2290,#2291,#2292,#2293,#2294,#2295)
    ,(#2296,#2297,#2298,#2299,#2300,#2301,#2302)
    ,(#2303,#2304,#2305,#2306,#2307,#2308,#2309)
    ,(#2310,#2311,#2312,#2313,#2314,#2315,#2316)
    ,(#2317,#2318,#2319,#2320,#2321,#2322,#2323)
    ,(#2324,#2325,#2326,#2327,#2328,#2329,#2330)
    ,(#2331,#2332,#2333,#2334,#2335,#2336,#2337
)),.UNSPECIFIED.,.F.,.F.,.F.) B_SPLINE_SURFACE_WITH_KNOTS((10,10),(7,7),
  (1.,2.),(0.,1.),.PIECEWISE_BEZIER_KNOTS.) 
GEOMETRIC_REPRESENTATION_ITEM() RATIONAL_B_SPLINE_SURFACE((
    (1.,1.,1.,1.,1.,1.,1.)
    ,(1.,1.,1.,1.,1.,1.,1.)
    ,(1.,1.,1.,1.,1.,1.,1.)
    ,(1.,1.,1.,1.,1.,1.,1.)
    ,(1.,1.,1.,1.,1.,1.,1.)
    ,(1.,1.,1.,1.,1.,1.,1.)
    ,(1.,1.,1.,1.,1.,1.,1.)
    ,(1.,1.,1.,1.,1.,1.,1.)
    ,(1.,1.,1.,1.,1.,1.,1.)
,(1.,1.,1.,1.,1.,1.,1.))) REPRESENTATION_ITEM('') SURFACE() );
#2268 = CARTESIAN_POINT('',(0.190189282869,0.305544841085,
    6.718552929323E-02));
#2269 = CARTESIAN_POINT('',(0.190038500156,0.331338589312,
    7.698883390808E-02));
#2270 = CARTESIAN_POINT('',(0.190253021635,0.358318228779,
    8.159330101156E-02));
#2271 = CARTESIAN_POINT('',(0.192596147285,0.378123288026,0.11609548141)
  );
#2272 = CARTESIAN_POINT('',(0.191449873883,0.410178285576,0.101894074221
    ));
#2273 = CARTESIAN_POINT('',(0.192552737361,0.432383269886,0.129704010961
    ));
#2274 = CARTESIAN_POINT('',(0.190295799381,0.462595076956,0.126015550426
    ));
#2275 = CARTESIAN_POINT('',(0.190222681812,0.305541528746,
    6.719462987078E-02));
#2276 = CARTESIAN_POINT('',(0.190240716476,0.331134204025,
    7.755037787019E-02));
#2277 = CARTESIAN_POINT('',(0.18959878389,0.359097381423,
    7.945259671532E-02));
#2278 = CARTESIAN_POINT('',(0.194170948472,0.376519163998,0.120502775955
    ));
#2279 = CARTESIAN_POINT('',(0.190837959985,0.410832281343,0.10009723562)
  );
#2280 = CARTESIAN_POINT('',(0.192771540853,0.43232508836,0.12986386339)
  );
#2281 = CARTESIAN_POINT('',(0.190338877367,0.462597452222,0.126009024435
    ));
#2282 = CARTESIAN_POINT('',(0.190256071105,0.305538232536,
    6.720368613176E-02));
#2283 = CARTESIAN_POINT('',(0.19042723869,0.330960710252,
    7.802704809328E-02));
#2284 = CARTESIAN_POINT('',(0.189007435574,0.359751506529,
    7.765540275736E-02));
#2285 = CARTESIAN_POINT('',(0.195646245009,0.375119918219,0.124347172135
    ));
#2286 = CARTESIAN_POINT('',(0.190273143972,0.411369525684,
    9.86211689235E-02));
#2287 = CARTESIAN_POINT('',(0.192945656943,0.432356854293,0.129776587207
    ));
#2288 = CARTESIAN_POINT('',(0.190371308799,0.462622417122,0.125940433935
    ));
#2289 = CARTESIAN_POINT('',(0.190289450147,0.305534952515,
    6.721269791556E-02));
#2290 = CARTESIAN_POINT('',(0.190594779267,0.330820815829,
    7.841140486106E-02));
#2291 = CARTESIAN_POINT('',(0.188492189032,0.360269781251,
    7.623145466303E-02));
#2292 = CARTESIAN_POINT('',(0.197001032622,0.373942374968,0.127582445629
    ));
#2293 = CARTESIAN_POINT('',(0.189765321754,0.411783204474,
    9.748459579022E-02));
#2294 = CARTESIAN_POINT('',(0.19307159696,0.432479215683,0.129440402051)
  );
#2295 = CARTESIAN_POINT('',(0.19039233335,0.462669963593,0.125809801081)
  );
#2296 = CARTESIAN_POINT('',(0.190322818338,0.305531688741,
    6.722166506161E-02));
#2297 = CARTESIAN_POINT('',(0.190740465586,0.330716476093,
    7.869807593186E-02));
#2298 = CARTESIAN_POINT('',(0.188064563118,0.360644491713,
    7.520194612805E-02));
#2299 = CARTESIAN_POINT('',(0.198217164541,0.372997902728,0.130177361781
    ));
#2300 = CARTESIAN_POINT('',(0.189322404337,0.412070776984,
    9.669449681165E-02));
#2301 = CARTESIAN_POINT('',(0.193146983096,0.432690639695,0.128859519352
    ));
#2302 = CARTESIAN_POINT('',(0.190401462953,0.462739515504,0.125618708776
    ));
#2303 = CARTESIAN_POINT('',(0.190356175077,0.305528441272,
    6.723058740931E-02));
#2304 = CARTESIAN_POINT('',(0.190861837681,0.33064894698,
    7.888361064449E-02));
#2305 = CARTESIAN_POINT('',(0.187734392851,0.360870805789,
    7.458015331439E-02));
#2306 = CARTESIAN_POINT('',(0.199279332676,0.372292856022,0.132114461684
    ));
#2307 = CARTESIAN_POINT('',(0.188950336716,0.412233535831,
    9.624732055514E-02));
#2308 = CARTESIAN_POINT('',(0.19317054034,0.432987593197,0.128043646311)
  );
#2309 = CARTESIAN_POINT('',(0.190398480205,0.462829977205,0.125370167294
    ));
#2310 = CARTESIAN_POINT('',(0.190389519764,0.305525210167,
    6.723946479807E-02));
#2311 = CARTESIAN_POINT('',(0.190956845985,0.330618838132,
    7.896633402416E-02));
#2312 = CARTESIAN_POINT('',(0.187509839078,0.360946545872,
    7.437205914615E-02));
#2313 = CARTESIAN_POINT('',(0.200175048787,0.371829017243,0.133388848257
    ));
#2314 = CARTESIAN_POINT('',(0.188653116779,0.412276166917,
    9.613019260972E-02));
#2315 = CARTESIAN_POINT('',(0.193142088407,0.433364723294,0.127007489885
    ));
#2316 = CARTESIAN_POINT('',(0.190383436762,0.462939782067,0.125068480916
    ));
#2317 = CARTESIAN_POINT('',(0.190422851799,0.305521995484,
    6.724829706731E-02));
#2318 = CARTESIAN_POINT('',(0.191023849075,0.330626165994,
    7.894620088838E-02));
#2319 = CARTESIAN_POINT('',(0.187397398125,0.360871961653,
    7.457697760548E-02));
#2320 = CARTESIAN_POINT('',(0.200894625668,0.37160403848,0.134006972329)
  );
#2321 = CARTESIAN_POINT('',(0.188432814198,0.412206309374,
    9.632212463124E-02));
#2322 = CARTESIAN_POINT('',(0.193062533677,0.433815037866,0.125770260768
    ));
#2323 = CARTESIAN_POINT('',(0.190356651737,0.463066941025,0.12471911455)
  );
#2324 = CARTESIAN_POINT('',(0.190456170581,0.305518797281,
    6.725708405644E-02));
#2325 = CARTESIAN_POINT('',(0.191061611418,0.330670406917,
    7.882464995284E-02));
#2326 = CARTESIAN_POINT('',(0.187401911461,0.360649502892,
    7.518817802848E-02));
#2327 = CARTESIAN_POINT('',(0.201431158313,0.371611883352,0.133985418719
    ));
#2328 = CARTESIAN_POINT('',(0.18828958933,0.412034115509,
    9.679522338763E-02));
#2329 = CARTESIAN_POINT('',(0.192933861122,0.434330086101,0.12435517737)
  );
#2330 = CARTESIAN_POINT('',(0.190318710107,0.463209091124,0.124328560362
    ));
#2331 = CARTESIAN_POINT('',(0.190489475509,0.305515615618,
    6.726582560486E-02));
#2332 = CARTESIAN_POINT('',(0.191069301112,0.330750550256,
    7.860445793736E-02));
#2333 = CARTESIAN_POINT('',(0.187526575357,0.360283592196,
    7.619350940106E-02));
#2334 = CARTESIAN_POINT('',(0.201780505094,0.37184326884,0.133349692316)
  );
#2335 = CARTESIAN_POINT('',(0.188221712113,0.411771810745,
    9.75158998041E-02));
#2336 = CARTESIAN_POINT('',(0.192759126245,0.434900139036,0.122788969804
    ));
#2337 = CARTESIAN_POINT('',(0.190270461103,0.463363544062,0.123904204404
    ));
#2338 = DEFINITIONAL_REPRESENTATION('',(#2339),#2345);
#2339 = B_SPLINE_CURVE_WITH_KNOTS('',4,(#2340,#2341,#2342,#2343,#2344),
  .UNSPECIFIED.,.F.,.F.,(5,5),(0.,1.),.PIECEWISE_BEZIER_KNOTS.);
#2340 = CARTESIAN_POINT('',(2.,0.112652999459));
#2341 = CARTESIAN_POINT('',(1.749999426484,0.112771962617));
#2342 = CARTESIAN_POINT('',(1.499999255415,0.112902253053));
#2343 = CARTESIAN_POINT('',(1.249999498678,0.113041922571));
#2344 = CARTESIAN_POINT('',(1.,0.113185309656));
#2345 = ( GEOMETRIC_REPRESENTATION_CONTEXT(2) 
PARAMETRIC_REPRESENTATION_CONTEXT() REPRESENTATION_CONTEXT('2D SPACE',''
  ) );
#2346 = ORIENTED_EDGE('',*,*,#2347,.T.);
#2347 = EDGE_CURVE('',#2248,#2348,#2350,.T.);
#2348 = VERTEX_POINT('',#2349);
#2349 = CARTESIAN_POINT('',(0.193527303075,0.323552733591,
    7.165122829376E-02));
#2350 = SURFACE_CURVE('',#2351,(#2383,#2418),.PCURVE_S1.);
#2351 = B_SPLINE_CURVE_WITH_KNOTS('',5,(#2352,#2353,#2354,#2355,#2356,
    #2357,#2358,#2359,#2360,#2361,#2362,#2363,#2364,#2365,#2366,#2367,
    #2368,#2369,#2370,#2371,#2372,#2373,#2374,#2375,#2376,#2377,#2378,
    #2379,#2380,#2381,#2382),.UNSPECIFIED.,.F.,.F.,(6,4,4,5,4,4,4,6),(0.
    ,0.178617838215,0.274407433528,0.410722867345,0.58934070556,
    0.735826057114,0.882360331274,1.),.UNSPECIFIED.);
#2352 = CARTESIAN_POINT('',(0.190192048772,0.323108104749,
    7.361219347418E-02));
#2353 = CARTESIAN_POINT('',(0.189015446997,0.323723069148,
    7.267981719859E-02));
#2354 = CARTESIAN_POINT('',(0.187836696781,0.324314514621,
    7.164106859609E-02));
#2355 = CARTESIAN_POINT('',(0.186688451095,0.324845993752,
    7.052690462787E-02));
#2356 = CARTESIAN_POINT('',(0.18559943247,0.325295195514,
    6.938204192527E-02));
#2357 = CARTESIAN_POINT('',(0.184083937442,0.325855318293,
    6.766007392837E-02));
#2358 = CARTESIAN_POINT('',(0.183584376811,0.326026443388,
    6.706588278039E-02));
#2359 = CARTESIAN_POINT('',(0.183121136882,0.326172791963,
    6.648724799576E-02));
#2360 = CARTESIAN_POINT('',(0.182701947538,0.326295393562,
    6.593346452013E-02));
#2361 = CARTESIAN_POINT('',(0.181813798888,0.32654079681,
    6.467591938675E-02));
#2362 = CARTESIAN_POINT('',(0.181398404154,0.326641768505,
    6.400748621307E-02));
#2363 = CARTESIAN_POINT('',(0.181113498434,0.326705913316,
    6.343759759645E-02));
#2364 = CARTESIAN_POINT('',(0.180982351529,0.326745317187,
    6.299482446524E-02));
#2365 = CARTESIAN_POINT('',(0.181002668517,0.326766299214,
    6.269022316203E-02));
#2366 = CARTESIAN_POINT('',(0.181025625681,0.326790034217,
    6.234616558028E-02));
#2367 = CARTESIAN_POINT('',(0.181241981637,0.326790045842,
    6.21779842359E-02));
#2368 = CARTESIAN_POINT('',(0.181650064789,0.326776560034,
    6.220271245367E-02));
#2369 = CARTESIAN_POINT('',(0.182208793603,0.326746390313,
    6.24031791846E-02));
#2370 = CARTESIAN_POINT('',(0.183439704126,0.326642492925,
    6.30453623321E-02));
#2371 = CARTESIAN_POINT('',(0.184073407691,0.326577734746,
    6.343724351709E-02));
#2372 = CARTESIAN_POINT('',(0.184767572532,0.326489698284,
    6.391878758658E-02));
#2373 = CARTESIAN_POINT('',(0.185506438094,0.326371238565,
    6.447464727088E-02));
#2374 = CARTESIAN_POINT('',(0.187048752873,0.326063416049,
    6.570526227487E-02));
#2375 = CARTESIAN_POINT('',(0.187852038171,0.325874044375,
    6.637992271862E-02));
#2376 = CARTESIAN_POINT('',(0.188674400978,0.325644172673,
    6.709865614221E-02));
#2377 = CARTESIAN_POINT('',(0.189504503952,0.325370926473,
    6.784547426357E-02));
#2378 = CARTESIAN_POINT('',(0.190991025208,0.324804108705,
    6.921423962145E-02));
#2379 = CARTESIAN_POINT('',(0.191649300923,0.324525250728,
    6.983176161757E-02));
#2380 = CARTESIAN_POINT('',(0.192297195345,0.32422089713,
    7.044908849262E-02));
#2381 = CARTESIAN_POINT('',(0.192926463392,0.323894642938,
    7.105819500277E-02));
#2382 = CARTESIAN_POINT('',(0.193527303075,0.323552733591,
    7.165122829376E-02));
#2383 = PCURVE('',#36,#2384);
#2384 = DEFINITIONAL_REPRESENTATION('',(#2385),#2417);
#2385 = B_SPLINE_CURVE_WITH_KNOTS('',5,(#2386,#2387,#2388,#2389,#2390,
    #2391,#2392,#2393,#2394,#2395,#2396,#2397,#2398,#2399,#2400,#2401,
    #2402,#2403,#2404,#2405,#2406,#2407,#2408,#2409,#2410,#2411,#2412,
    #2413,#2414,#2415,#2416),.UNSPECIFIED.,.F.,.F.,(6,4,4,5,4,4,4,6),(0.
    ,0.178617838215,0.274407433528,0.410722867345,0.58934070556,
    0.735826057114,0.882360331274,1.),.UNSPECIFIED.);
#2386 = CARTESIAN_POINT('',(0.824324502645,0.177023447328));
#2387 = CARTESIAN_POINT('',(0.818215513897,0.160517952457));
#2388 = CARTESIAN_POINT('',(0.811710060078,0.144031360184));
#2389 = CARTESIAN_POINT('',(0.805024721344,0.128011274373));
#2390 = CARTESIAN_POINT('',(0.798369700986,0.112838566287));
#2391 = CARTESIAN_POINT('',(0.788571778427,9.173828392315E-02));
#2392 = CARTESIAN_POINT('',(0.785231619762,8.478586750312E-02));
#2393 = CARTESIAN_POINT('',(0.782010312115,7.834008789551E-02));
#2394 = CARTESIAN_POINT('',(0.778950339302,7.250732953548E-02));
#2395 = CARTESIAN_POINT('',(0.772038765913,6.014863475E-02));
#2396 = CARTESIAN_POINT('',(0.768398624888,5.436778202854E-02));
#2397 = CARTESIAN_POINT('',(0.765310324006,5.040106239981E-02));
#2398 = CARTESIAN_POINT('',(0.762915735289,4.857528607894E-02));
#2399 = CARTESIAN_POINT('',(0.7612707607,4.885813257226E-02));
#2400 = CARTESIAN_POINT('',(0.759412708944,4.917773697047E-02));
#2401 = CARTESIAN_POINT('',(0.758508544426,5.218982825665E-02));
#2402 = CARTESIAN_POINT('',(0.758644746305,5.787101090711E-02));
#2403 = CARTESIAN_POINT('',(0.759731590306,6.564504391782E-02));
#2404 = CARTESIAN_POINT('',(0.763231665554,8.277302022474E-02));
#2405 = CARTESIAN_POINT('',(0.765371549077,9.159126765844E-02));
#2406 = CARTESIAN_POINT('',(0.768011411499,0.101252920782));
#2407 = CARTESIAN_POINT('',(0.771080601302,0.111543492495));
#2408 = CARTESIAN_POINT('',(0.777951080283,0.13304737852));
#2409 = CARTESIAN_POINT('',(0.781751897317,0.144258410375));
#2410 = CARTESIAN_POINT('',(0.785852158971,0.15575197057));
#2411 = CARTESIAN_POINT('',(0.790186972247,0.167375537874));
#2412 = CARTESIAN_POINT('',(0.798298288118,0.188234454482));
#2413 = CARTESIAN_POINT('',(0.802015639323,0.197487053401));
#2414 = CARTESIAN_POINT('',(0.805802905035,0.206611515842));
#2415 = CARTESIAN_POINT('',(0.809618314304,0.215491749259));
#2416 = CARTESIAN_POINT('',(0.81341367453,0.223987521177));
#2417 = ( GEOMETRIC_REPRESENTATION_CONTEXT(2) 
PARAMETRIC_REPRESENTATION_CONTEXT() REPRESENTATION_CONTEXT('2D SPACE',''
  ) );
#2418 = PCURVE('',#2419,#2490);
#2419 = ( BOUNDED_SURFACE() B_SPLINE_SURFACE(9,6,(
    (#2420,#2421,#2422,#2423,#2424,#2425,#2426)
    ,(#2427,#2428,#2429,#2430,#2431,#2432,#2433)
    ,(#2434,#2435,#2436,#2437,#2438,#2439,#2440)
    ,(#2441,#2442,#2443,#2444,#2445,#2446,#2447)
    ,(#2448,#2449,#2450,#2451,#2452,#2453,#2454)
    ,(#2455,#2456,#2457,#2458,#2459,#2460,#2461)
    ,(#2462,#2463,#2464,#2465,#2466,#2467,#2468)
    ,(#2469,#2470,#2471,#2472,#2473,#2474,#2475)
    ,(#2476,#2477,#2478,#2479,#2480,#2481,#2482)
    ,(#2483,#2484,#2485,#2486,#2487,#2488,#2489
)),.UNSPECIFIED.,.F.,.F.,.F.) B_SPLINE_SURFACE_WITH_KNOTS((10,10),(7,7),
  (0.,1.),(0.,1.),.PIECEWISE_BEZIER_KNOTS.) 
GEOMETRIC_REPRESENTATION_ITEM() RATIONAL_B_SPLINE_SURFACE((
    (1.,1.,1.,1.,1.,1.,1.)
    ,(1.,1.,1.,1.,1.,1.,1.)
    ,(1.,1.,1.,1.,1.,1.,1.)
    ,(1.,1.,1.,1.,1.,1.,1.)
    ,(1.,1.,1.,1.,1.,1.,1.)
    ,(1.,1.,1.,1.,1.,1.,1.)
    ,(1.,1.,1.,1.,1.,1.,1.)
    ,(1.,1.,1.,1.,1.,1.,1.)
    ,(1.,1.,1.,1.,1.,1.,1.)
,(1.,1.,1.,1.,1.,1.,1.))) REPRESENTATION_ITEM('') SURFACE() );
#2420 = CARTESIAN_POINT('',(0.198941330285,0.305569748896,
    6.71170956458E-02));
#2421 = CARTESIAN_POINT('',(0.185721813454,0.333075168883,
    7.22176207496E-02));
#2422 = CARTESIAN_POINT('',(0.196376152523,0.357106641802,
    8.492210887189E-02));
#2423 = CARTESIAN_POINT('',(0.188692928204,0.386601017594,
    9.280311085182E-02));
#2424 = CARTESIAN_POINT('',(0.190820541724,0.410088037883,0.102142027721
    ));
#2425 = CARTESIAN_POINT('',(0.191005275146,0.438611418968,0.112592311994
    ));
#2426 = CARTESIAN_POINT('',(0.189928923695,0.464232170564,0.121517672705
    ));
#2427 = CARTESIAN_POINT('',(0.199478454922,0.30609603196,
    6.567114481045E-02));
#2428 = CARTESIAN_POINT('',(0.175259939813,0.33502520041,
    6.685995316285E-02));
#2429 = CARTESIAN_POINT('',(0.202687532717,0.358234372543,
    8.182369412632E-02));
#2430 = CARTESIAN_POINT('',(0.181716287767,0.390074650892,
    8.325938180266E-02));
#2431 = CARTESIAN_POINT('',(0.191692477215,0.410421662774,0.101225400866
    ));
#2432 = CARTESIAN_POINT('',(0.18923687287,0.441967793496,0.103370748766)
  );
#2433 = CARTESIAN_POINT('',(0.189517832302,0.465123936503,0.119067565923
    ));
#2434 = CARTESIAN_POINT('',(0.196879258189,0.306996980249,
    6.319580973115E-02));
#2435 = CARTESIAN_POINT('',(0.167921660845,0.336601873636,
    6.252807907619E-02));
#2436 = CARTESIAN_POINT('',(0.20515713707,0.359821056706,
    7.746431521726E-02));
#2437 = CARTESIAN_POINT('',(0.176473301014,0.393340656886,
    7.428610408004E-02));
#2438 = CARTESIAN_POINT('',(0.191620958926,0.410868811229,
    9.999687058423E-02));
#2439 = CARTESIAN_POINT('',(0.187048017786,0.445375289136,
    9.400873143969E-02));
#2440 = CARTESIAN_POINT('',(0.188971825808,0.466032078024,0.116572467601
    ));
#2441 = CARTESIAN_POINT('',(0.190926627188,0.308044470904,
    6.031785280859E-02));
#2442 = CARTESIAN_POINT('',(0.166434760787,0.337524247898,
    5.999387662101E-02));
#2443 = CARTESIAN_POINT('',(0.202037640762,0.361312544094,
    7.336648729545E-02));
#2444 = CARTESIAN_POINT('',(0.174719183091,0.395960482208,
    6.708819317011E-02));
#2445 = CARTESIAN_POINT('',(0.190685546075,0.410843379413,0.100066743921
    ));
#2446 = CARTESIAN_POINT('',(0.185115177055,0.447515464223,
    8.812864871569E-02));
#2447 = CARTESIAN_POINT('',(0.188458520201,0.466593910716,0.115028844965
    ));
#2448 = CARTESIAN_POINT('',(0.183128906702,0.308815147777,
    5.820043550386E-02));
#2449 = CARTESIAN_POINT('',(0.171198114913,0.337767319577,
    5.932604267069E-02));
#2450 = CARTESIAN_POINT('',(0.194226929993,0.361869411458,
    7.183650678883E-02));
#2451 = CARTESIAN_POINT('',(0.17674971339,0.397623270351,
    6.251972028897E-02));
#2452 = CARTESIAN_POINT('',(0.189627381983,0.409727519349,0.103132544253
    ));
#2453 = CARTESIAN_POINT('',(0.184292007024,0.447091518952,
    8.929342877212E-02));
#2454 = CARTESIAN_POINT('',(0.188209751935,0.466451673951,0.115419637267
    ));
#2455 = CARTESIAN_POINT('',(0.177117460912,0.308798039556,
    5.824743995229E-02));
#2456 = CARTESIAN_POINT('',(0.178645667066,0.337632011259,
    5.969779921899E-02));
#2457 = CARTESIAN_POINT('',(0.186557299907,0.360778079078,
    7.483491785886E-02));
#2458 = CARTESIAN_POINT('',(0.18032187978,0.398070487631,
    6.129100091418E-02));
#2459 = CARTESIAN_POINT('',(0.189825080324,0.407364083901,0.109626029777
    ));
#2460 = CARTESIAN_POINT('',(0.185237765774,0.443591892337,
    9.890857387597E-02));
#2461 = CARTESIAN_POINT('',(0.188430479245,0.465466731962,0.11812574314)
  );
#2462 = CARTESIAN_POINT('',(0.176279810387,0.308002786928,
    6.043237859318E-02));
#2463 = CARTESIAN_POINT('',(0.183698215104,0.336957945124,
    6.154978070473E-02));
#2464 = CARTESIAN_POINT('',(0.184023350783,0.359142812228,
    7.932777660585E-02));
#2465 = CARTESIAN_POINT('',(0.183256134583,0.39564979352,
    6.794180332182E-02));
#2466 = CARTESIAN_POINT('',(0.191221385711,0.405606559612,0.114454788077
    ));
#2467 = CARTESIAN_POINT('',(0.187453156365,0.438787151621,0.112109490497
    ));
#2468 = CARTESIAN_POINT('',(0.189005073508,0.46415504938,0.121729561416)
  );
#2469 = CARTESIAN_POINT('',(0.179671119208,0.3069480069,
    6.333036290023E-02));
#2470 = CARTESIAN_POINT('',(0.186479115139,0.335485277343,
    6.559590217837E-02));
#2471 = CARTESIAN_POINT('',(0.18530836455,0.358184289932,
    8.196129496784E-02));
#2472 = CARTESIAN_POINT('',(0.186185276422,0.390302274814,
    8.263399021835E-02));
#2473 = CARTESIAN_POINT('',(0.192341015013,0.405732714045,0.114108181621
    ));
#2474 = CARTESIAN_POINT('',(0.189850172729,0.434773202646,0.12313772467)
  );
#2475 = CARTESIAN_POINT('',(0.189628329277,0.463102590799,0.124621167602
    ));
#2476 = CARTESIAN_POINT('',(0.185045686196,0.306054957152,
    6.578399691915E-02));
#2477 = CARTESIAN_POINT('',(0.188193890885,0.333456765674,
    7.116919218484E-02));
#2478 = CARTESIAN_POINT('',(0.188067259355,0.358034559947,
    8.237267472145E-02));
#2479 = CARTESIAN_POINT('',(0.189347860018,0.383778539385,0.100557805998
    ));
#2480 = CARTESIAN_POINT('',(0.192431916152,0.407561345236,0.109084058714
    ));
#2481 = CARTESIAN_POINT('',(0.191657502281,0.432610881874,0.129078652165
    ));
#2482 = CARTESIAN_POINT('',(0.190087132802,0.462583571342,0.12604716184)
  );
#2483 = CARTESIAN_POINT('',(0.190189282869,0.305544841085,
    6.718552929323E-02));
#2484 = CARTESIAN_POINT('',(0.190038500156,0.331338589312,
    7.698883390808E-02));
#2485 = CARTESIAN_POINT('',(0.190253021635,0.358318228779,
    8.159330101156E-02));
#2486 = CARTESIAN_POINT('',(0.192596147285,0.378123288026,0.11609548141)
  );
#2487 = CARTESIAN_POINT('',(0.191449873883,0.410178285576,0.101894074221
    ));
#2488 = CARTESIAN_POINT('',(0.192552737361,0.432383269886,0.129704010961
    ));
#2489 = CARTESIAN_POINT('',(0.190295799381,0.462595076956,0.126015550426
    ));
#2490 = DEFINITIONAL_REPRESENTATION('',(#2491),#2523);
#2491 = B_SPLINE_CURVE_WITH_KNOTS('',5,(#2492,#2493,#2494,#2495,#2496,
    #2497,#2498,#2499,#2500,#2501,#2502,#2503,#2504,#2505,#2506,#2507,
    #2508,#2509,#2510,#2511,#2512,#2513,#2514,#2515,#2516,#2517,#2518,
    #2519,#2520,#2521,#2522),.UNSPECIFIED.,.F.,.F.,(6,4,4,5,4,4,4,6),(0.
    ,0.178617838215,0.274407433528,0.410722867345,0.58934070556,
    0.735826057114,0.882360331274,1.),.UNSPECIFIED.);
#2492 = CARTESIAN_POINT('',(1.,0.113185309656));
#2493 = CARTESIAN_POINT('',(0.962726120491,0.114750015813));
#2494 = CARTESIAN_POINT('',(0.925506170461,0.115961161621));
#2495 = CARTESIAN_POINT('',(0.888081255637,0.116676022152));
#2496 = CARTESIAN_POINT('',(0.850282590912,0.116860533362));
#2497 = CARTESIAN_POINT('',(0.791331032777,0.116482393167));
#2498 = CARTESIAN_POINT('',(0.770591556358,0.116226168996));
#2499 = CARTESIAN_POINT('',(0.749662288327,0.115861442899));
#2500 = CARTESIAN_POINT('',(0.728528496716,0.115413249937));
#2501 = CARTESIAN_POINT('',(0.676825346898,0.114208079469));
#2502 = CARTESIAN_POINT('',(0.646039833921,0.113400155857));
#2503 = CARTESIAN_POINT('',(0.61486570792,0.112586703503));
#2504 = CARTESIAN_POINT('',(0.583421946589,0.11189541027));
#2505 = CARTESIAN_POINT('',(0.551967473251,0.111385046516));
#2506 = CARTESIAN_POINT('',(0.516438236593,0.110808772684));
#2507 = CARTESIAN_POINT('',(0.480856872706,0.110461235622));
#2508 = CARTESIAN_POINT('',(0.445603788199,0.110435765033));
#2509 = CARTESIAN_POINT('',(0.410835204178,0.110678775252));
#2510 = CARTESIAN_POINT('',(0.348486986124,0.111416017243));
#2511 = CARTESIAN_POINT('',(0.320734904916,0.111858194623));
#2512 = CARTESIAN_POINT('',(0.293317167476,0.112353473397));
#2513 = CARTESIAN_POINT('',(0.266195040825,0.112829565247));
#2514 = CARTESIAN_POINT('',(0.21239744176,0.113624866017));
#2515 = CARTESIAN_POINT('',(0.185726541895,0.113943827663));
#2516 = CARTESIAN_POINT('',(0.159223168589,0.114123926753));
#2517 = CARTESIAN_POINT('',(0.132819400482,0.114115832267));
#2518 = CARTESIAN_POINT('',(8.522799822449E-02,0.11372623109));
#2519 = CARTESIAN_POINT('',(6.403993514067E-02,0.113419112603));
#2520 = CARTESIAN_POINT('',(4.280867255373E-02,0.11296683945));
#2521 = CARTESIAN_POINT('',(2.14813017049E-02,0.112373216327));
#2522 = CARTESIAN_POINT('',(0.,0.11165743954));
#2523 = ( GEOMETRIC_REPRESENTATION_CONTEXT(2) 
PARAMETRIC_REPRESENTATION_CONTEXT() REPRESENTATION_CONTEXT('2D SPACE',''
  ) );
#2524 = ORIENTED_EDGE('',*,*,#2525,.T.);
#2525 = EDGE_CURVE('',#2348,#2526,#2528,.T.);
#2526 = VERTEX_POINT('',#2527);
#2527 = CARTESIAN_POINT('',(0.198015693016,0.318942005159,
    7.79669710903E-02));
#2528 = SURFACE_CURVE('',#2529,(#2550,#2574),.PCURVE_S1.);
#2529 = B_SPLINE_CURVE_WITH_KNOTS('',7,(#2530,#2531,#2532,#2533,#2534,
    #2535,#2536,#2537,#2538,#2539,#2540,#2541,#2542,#2543,#2544,#2545,
    #2546,#2547,#2548,#2549),.UNSPECIFIED.,.F.,.F.,(8,6,6,8),(0.,
    0.627430177618,0.802972798894,1.),.UNSPECIFIED.);
#2530 = CARTESIAN_POINT('',(0.193527303075,0.323552733591,
    7.165122829376E-02));
#2531 = CARTESIAN_POINT('',(0.194413620757,0.323043494343,
    7.253767260014E-02));
#2532 = CARTESIAN_POINT('',(0.19525030414,0.322498011338,
    7.339669220585E-02));
#2533 = CARTESIAN_POINT('',(0.196017101043,0.321929416859,
    7.421125639397E-02));
#2534 = CARTESIAN_POINT('',(0.196692635873,0.321356569679,
    7.496507236185E-02));
#2535 = CARTESIAN_POINT('',(0.19725142337,0.320807876823,
    7.564108822181E-02));
#2536 = CARTESIAN_POINT('',(0.197674090272,0.32031588075,
    7.622666491871E-02));
#2537 = CARTESIAN_POINT('',(0.198029721393,0.319790334143,
    7.684995263286E-02));
#2538 = CARTESIAN_POINT('',(0.198096131712,0.319681807396,
    7.697849488679E-02));
#2539 = CARTESIAN_POINT('',(0.198151013182,0.319580204952,
    7.709914246791E-02));
#2540 = CARTESIAN_POINT('',(0.198194238106,0.319486023302,
    7.721174506363E-02));
#2541 = CARTESIAN_POINT('',(0.198225743639,0.319399697219,
    7.731617837076E-02));
#2542 = CARTESIAN_POINT('',(0.19824553179,0.319321599762,
    7.741234409557E-02));
#2543 = CARTESIAN_POINT('',(0.198262803014,0.319173971678,
    7.759874477789E-02));
#2544 = CARTESIAN_POINT('',(0.198257252332,0.319106653009,
    7.768681003953E-02));
#2545 = CARTESIAN_POINT('',(0.198237123832,0.319050513596,
    7.776426518834E-02));
#2546 = CARTESIAN_POINT('',(0.198202602036,0.319005858199,
    7.783103817232E-02));
#2547 = CARTESIAN_POINT('',(0.198153949526,0.318972869008,
    7.78870854378E-02));
#2548 = CARTESIAN_POINT('',(0.19809150695,0.318951605643,
    7.793239192946E-02));
#2549 = CARTESIAN_POINT('',(0.198015693016,0.318942005159,
    7.79669710903E-02));
#2550 = PCURVE('',#36,#2551);
#2551 = DEFINITIONAL_REPRESENTATION('',(#2552),#2573);
#2552 = B_SPLINE_CURVE_WITH_KNOTS('',7,(#2553,#2554,#2555,#2556,#2557,
    #2558,#2559,#2560,#2561,#2562,#2563,#2564,#2565,#2566,#2567,#2568,
    #2569,#2570,#2571,#2572),.UNSPECIFIED.,.F.,.F.,(8,6,6,8),(0.,
    0.627430177618,0.802972798894,1.),.UNSPECIFIED.);
#2553 = CARTESIAN_POINT('',(0.81341367453,0.223987521177));
#2554 = CARTESIAN_POINT('',(0.819082709685,0.236519869075));
#2555 = CARTESIAN_POINT('',(0.824747369227,0.248385773532));
#2556 = CARTESIAN_POINT('',(0.830304431745,0.25929500559));
#2557 = CARTESIAN_POINT('',(0.835633299952,0.268936340229));
#2558 = CARTESIAN_POINT('',(0.840567020277,0.276931690353));
#2559 = CARTESIAN_POINT('',(0.844922186849,0.282988293567));
#2560 = CARTESIAN_POINT('',(0.849580911126,0.288088310035));
#2561 = CARTESIAN_POINT('',(0.85054341591,0.289041056802));
#2562 = CARTESIAN_POINT('',(0.851446872961,0.289828645503));
#2563 = CARTESIAN_POINT('',(0.852288556251,0.290449089742));
#2564 = CARTESIAN_POINT('',(0.853066095039,0.290901376865));
#2565 = CARTESIAN_POINT('',(0.853777473871,0.291185467966));
#2566 = CARTESIAN_POINT('',(0.855143356144,0.291433426558));
#2567 = CARTESIAN_POINT('',(0.855780269884,0.291353737509));
#2568 = CARTESIAN_POINT('',(0.856329499176,0.291064738951));
#2569 = CARTESIAN_POINT('',(0.856789439537,0.290569122684));
#2570 = CARTESIAN_POINT('',(0.857159156629,0.28987076409));
#2571 = CARTESIAN_POINT('',(0.85743838626,0.288974722131));
#2572 = CARTESIAN_POINT('',(0.857627534377,0.287887239354));
#2573 = ( GEOMETRIC_REPRESENTATION_CONTEXT(2) 
PARAMETRIC_REPRESENTATION_CONTEXT() REPRESENTATION_CONTEXT('2D SPACE',''
  ) );
#2574 = PCURVE('',#2575,#2646);
#2575 = ( BOUNDED_SURFACE() B_SPLINE_SURFACE(9,6,(
    (#2576,#2577,#2578,#2579,#2580,#2581,#2582)
    ,(#2583,#2584,#2585,#2586,#2587,#2588,#2589)
    ,(#2590,#2591,#2592,#2593,#2594,#2595,#2596)
    ,(#2597,#2598,#2599,#2600,#2601,#2602,#2603)
    ,(#2604,#2605,#2606,#2607,#2608,#2609,#2610)
    ,(#2611,#2612,#2613,#2614,#2615,#2616,#2617)
    ,(#2618,#2619,#2620,#2621,#2622,#2623,#2624)
    ,(#2625,#2626,#2627,#2628,#2629,#2630,#2631)
    ,(#2632,#2633,#2634,#2635,#2636,#2637,#2638)
    ,(#2639,#2640,#2641,#2642,#2643,#2644,#2645
)),.UNSPECIFIED.,.F.,.F.,.F.) B_SPLINE_SURFACE_WITH_KNOTS((10,10),(7,7),
  (4.,5.),(0.,1.),.PIECEWISE_BEZIER_KNOTS.) 
GEOMETRIC_REPRESENTATION_ITEM() RATIONAL_B_SPLINE_SURFACE((
    (1.,1.,1.,1.,1.,1.,1.)
    ,(1.,1.,1.,1.,1.,1.,1.)
    ,(1.,1.,1.,1.,1.,1.,1.)
    ,(1.,1.,1.,1.,1.,1.,1.)
    ,(1.,1.,1.,1.,1.,1.,1.)
    ,(1.,1.,1.,1.,1.,1.,1.)
    ,(1.,1.,1.,1.,1.,1.,1.)
    ,(1.,1.,1.,1.,1.,1.,1.)
    ,(1.,1.,1.,1.,1.,1.,1.)
,(1.,1.,1.,1.,1.,1.,1.))) REPRESENTATION_ITEM('') SURFACE() );
#2576 = CARTESIAN_POINT('',(0.193425522383,0.305290950683,
    6.788308744105E-02));
#2577 = CARTESIAN_POINT('',(0.213243947489,0.32411990513,
    9.682200569679E-02));
#2578 = CARTESIAN_POINT('',(0.166634288094,0.366117212941,
    6.016576813255E-02));
#2579 = CARTESIAN_POINT('',(0.20777362263,0.379959734042,0.111049887448)
  );
#2580 = CARTESIAN_POINT('',(0.185249657517,0.411768008082,
    9.752634753391E-02));
#2581 = CARTESIAN_POINT('',(0.191780674755,0.437974277554,0.114342843641
    ));
#2582 = CARTESIAN_POINT('',(0.189984195476,0.464109957976,0.12185344903)
  );
#2583 = CARTESIAN_POINT('',(0.194424438039,0.305235258563,
    6.803610028197E-02));
#2584 = CARTESIAN_POINT('',(0.212654144783,0.324288672305,
    9.635832169457E-02));
#2585 = CARTESIAN_POINT('',(0.166269544731,0.366319516121,
    5.960994471194E-02));
#2586 = CARTESIAN_POINT('',(0.208096945046,0.379900126086,0.11121365896)
  );
#2587 = CARTESIAN_POINT('',(0.185106377778,0.411829836574,
    9.735647514879E-02));
#2588 = CARTESIAN_POINT('',(0.191770016328,0.438020488472,0.114215880187
    ));
#2589 = CARTESIAN_POINT('',(0.189978190458,0.464123498329,0.121816247215
    ));
#2590 = CARTESIAN_POINT('',(0.195364448087,0.305200676877,
    6.813111268262E-02));
#2591 = CARTESIAN_POINT('',(0.211329548074,0.324720676755,
    9.517139922321E-02));
#2592 = CARTESIAN_POINT('',(0.166962953529,0.366142730437,
    6.009565938718E-02));
#2593 = CARTESIAN_POINT('',(0.207720917787,0.380091065679,0.110689056739
    ));
#2594 = CARTESIAN_POINT('',(0.185180810229,0.411813667741,
    9.740089865088E-02));
#2595 = CARTESIAN_POINT('',(0.191737818084,0.438074416206,0.114067714957
    ));
#2596 = CARTESIAN_POINT('',(0.189972150019,0.464137051367,0.121779010549
    ));
#2597 = CARTESIAN_POINT('',(0.196226038644,0.305188325992,
    6.816504646087E-02));
#2598 = CARTESIAN_POINT('',(0.209275585452,0.325406820337,
    9.328623522463E-02));
#2599 = CARTESIAN_POINT('',(0.168719690196,0.365598442004,
    6.159107956621E-02));
#2600 = CARTESIAN_POINT('',(0.206640080867,0.380525126146,0.109496485408
    ));
#2601 = CARTESIAN_POINT('',(0.185474855441,0.41172178377,
    9.765334778851E-02));
#2602 = CARTESIAN_POINT('',(0.19168389182,0.438135831825,0.11389897693)
  );
#2603 = CARTESIAN_POINT('',(0.189966074739,0.464150615814,0.121741742539
    ));
#2604 = CARTESIAN_POINT('',(0.196991519899,0.305198716239,
    6.813649949356E-02));
#2605 = CARTESIAN_POINT('',(0.206532180815,0.326325854678,
    9.07612091273E-02));
#2606 = CARTESIAN_POINT('',(0.171495223371,0.364715724795,
    6.401632516652E-02));
#2607 = CARTESIAN_POINT('',(0.20488181653,0.381183329458,0.107688086673)
  );
#2608 = CARTESIAN_POINT('',(0.185980176331,0.411560067364,
    9.809765996074E-02));
#2609 = CARTESIAN_POINT('',(0.191609055674,0.438204152482,0.113711267468
    ));
#2610 = CARTESIAN_POINT('',(0.189959965193,0.464164190391,0.121704446693
    ));
#2611 = CARTESIAN_POINT('',(0.197645466606,0.305231770177,
    6.804568454473E-02));
#2612 = CARTESIAN_POINT('',(0.203169279613,0.327446404904,
    8.76825226838E-02));
#2613 = CARTESIAN_POINT('',(0.175201341669,0.363538277112,
    6.725133608815E-02));
#2614 = CARTESIAN_POINT('',(0.202502432661,0.382037029997,0.105342563717
    ));
#2615 = CARTESIAN_POINT('',(0.186679412918,0.411337415306,
    9.870939146226E-02));
#2616 = CARTESIAN_POINT('',(0.191515014836,0.438278499043,0.11350700197)
  );
#2617 = CARTESIAN_POINT('',(0.189953821959,0.464177773824,0.12166712652)
  );
#2618 = CARTESIAN_POINT('',(0.198175158576,0.305286844861,
    6.78943680938E-02));
#2619 = CARTESIAN_POINT('',(0.199282374577,0.328728993379,
    8.415863980843E-02));
#2620 = CARTESIAN_POINT('',(0.179712180737,0.362121558062,
    7.114373968683E-02));
#2621 = CARTESIAN_POINT('',(0.199583246204,0.383049798331,0.102560005589
    ));
#2622 = CARTESIAN_POINT('',(0.187547397085,0.411065152007,
    9.945742872842E-02));
#2623 = CARTESIAN_POINT('',(0.19140424226,0.438357753719,0.113289251538)
  );
#2624 = CARTESIAN_POINT('',(0.189947645615,0.464191364834,0.121629785527
    ));
#2625 = CARTESIAN_POINT('',(0.198571021164,0.305362754103,
    6.768580916379E-02));
#2626 = CARTESIAN_POINT('',(0.194988031456,0.330128063438,
    8.03147264148E-02));
#2627 = CARTESIAN_POINT('',(0.1848702503,0.360529924031,
    7.551671824701E-02));
#2628 = CARTESIAN_POINT('',(0.196226666566,0.384179304973,
    9.94567115939E-02));
#2629 = CARTESIAN_POINT('',(0.188552367332,0.410756443064,0.10030559958)
  );
#2630 = CARTESIAN_POINT('',(0.191279859383,0.438440617696,0.11306158463)
  );
#2631 = CARTESIAN_POINT('',(0.189941436738,0.464204962145,0.121592427221
    ));
#2632 = CARTESIAN_POINT('',(0.198827065761,0.30545779074,
    6.742469814952E-02));
#2633 = CARTESIAN_POINT('',(0.190419414752,0.331594003115,
    7.628709025349E-02));
#2634 = CARTESIAN_POINT('',(0.190492461215,0.358833765157,
    8.017687645497E-02));
#2635 = CARTESIAN_POINT('',(0.192552279039,0.385379204156,
    9.616001568509E-02));
#2636 = CARTESIAN_POINT('',(0.18965718354,0.410425708812,0.101214284469)
  );
#2637 = CARTESIAN_POINT('',(0.191145516833,0.438525668769,0.112827908729
    ));
#2638 = CARTESIAN_POINT('',(0.189935195906,0.46421856448,0.121555055111)
  );
#2639 = CARTESIAN_POINT('',(0.198941330285,0.305569748896,
    6.71170956458E-02));
#2640 = CARTESIAN_POINT('',(0.185721813454,0.333075168883,
    7.22176207496E-02));
#2641 = CARTESIAN_POINT('',(0.196376152523,0.357106641802,
    8.492210887189E-02));
#2642 = CARTESIAN_POINT('',(0.188692928204,0.386601017594,
    9.280311085183E-02));
#2643 = CARTESIAN_POINT('',(0.190820541724,0.410088037883,0.102142027721
    ));
#2644 = CARTESIAN_POINT('',(0.191005275146,0.438611418968,0.112592311994
    ));
#2645 = CARTESIAN_POINT('',(0.189928923695,0.464232170564,0.121517672705
    ));
#2646 = DEFINITIONAL_REPRESENTATION('',(#2647),#2668);
#2647 = B_SPLINE_CURVE_WITH_KNOTS('',7,(#2648,#2649,#2650,#2651,#2652,
    #2653,#2654,#2655,#2656,#2657,#2658,#2659,#2660,#2661,#2662,#2663,
    #2664,#2665,#2666,#2667),.UNSPECIFIED.,.F.,.F.,(8,6,6,8),(0.,
    0.627430177618,0.802972798894,1.),.UNSPECIFIED.);
#2648 = CARTESIAN_POINT('',(5.,0.11165743954));
#2649 = CARTESIAN_POINT('',(4.911013022591,0.110597937989));
#2650 = CARTESIAN_POINT('',(4.821935767946,0.109275876281));
#2651 = CARTESIAN_POINT('',(4.732719613336,0.107730540937));
#2652 = CARTESIAN_POINT('',(4.6433336542,0.106035247272));
#2653 = CARTESIAN_POINT('',(4.55375839493,0.104316012102));
#2654 = CARTESIAN_POINT('',(4.464000798318,0.10273166478));
#2655 = CARTESIAN_POINT('',(4.348960322907,0.101034541937));
#2656 = CARTESIAN_POINT('',(4.323800733743,0.10068372317));
#2657 = CARTESIAN_POINT('',(4.298632451734,0.100355913048));
#2658 = CARTESIAN_POINT('',(4.273456798494,0.100053624034));
#2659 = CARTESIAN_POINT('',(4.248275198029,9.977907168389E-02));
#2660 = CARTESIAN_POINT('',(4.223089176732,9.953417464075E-02));
#2661 = CARTESIAN_POINT('',(4.16962870288,9.908078978512E-02));
#2662 = CARTESIAN_POINT('',(4.141353426154,9.888038314128E-02));
#2663 = CARTESIAN_POINT('',(4.113076843556,9.872155780332E-02));
#2664 = CARTESIAN_POINT('',(4.084801160823,9.86058985907E-02));
#2665 = CARTESIAN_POINT('',(4.05652847908,9.853435204673E-02));
#2666 = CARTESIAN_POINT('',(4.028260794839,9.850722643863E-02));
#2667 = CARTESIAN_POINT('',(4.,9.852419175753E-02));
#2668 = ( GEOMETRIC_REPRESENTATION_CONTEXT(2) 
PARAMETRIC_REPRESENTATION_CONTEXT() REPRESENTATION_CONTEXT('2D SPACE',''
  ) );
#2669 = ORIENTED_EDGE('',*,*,#2670,.T.);
#2670 = EDGE_CURVE('',#2526,#2671,#2673,.T.);
#2671 = VERTEX_POINT('',#2672);
#2672 = CARTESIAN_POINT('',(0.191616860897,0.32246404741,
    7.447704224608E-02));
#2673 = SURFACE_CURVE('',#2674,(#2687,#2703),.PCURVE_S1.);
#2674 = B_SPLINE_CURVE_WITH_KNOTS('',6,(#2675,#2676,#2677,#2678,#2679,
    #2680,#2681,#2682,#2683,#2684,#2685,#2686),.UNSPECIFIED.,.F.,.F.,(7,
    5,7),(0.,0.862052721684,1.),.UNSPECIFIED.);
#2675 = CARTESIAN_POINT('',(0.198015693016,0.318942005159,
    7.79669710903E-02));
#2676 = CARTESIAN_POINT('',(0.197609625012,0.319090449591,
    7.790311704939E-02));
#2677 = CARTESIAN_POINT('',(0.196963789984,0.319440462438,
    7.765508529124E-02));
#2678 = CARTESIAN_POINT('',(0.196121380587,0.319936692842,
    7.726035972664E-02));
#2679 = CARTESIAN_POINT('',(0.195121519163,0.320520584816,
    7.673578518602E-02));
#2680 = CARTESIAN_POINT('',(0.194000983312,0.321160639003,
    7.607780765873E-02));
#2681 = CARTESIAN_POINT('',(0.192606603727,0.32192859285,
    7.516054194194E-02));
#2682 = CARTESIAN_POINT('',(0.192412169087,0.322035094946,
    7.50306106313E-02));
#2683 = CARTESIAN_POINT('',(0.192215811888,0.322142026629,
    7.489728395794E-02));
#2684 = CARTESIAN_POINT('',(0.192017696265,0.322249252659,
    7.476056983376E-02));
#2685 = CARTESIAN_POINT('',(0.191817989274,0.322356637917,
    7.462048244377E-02));
#2686 = CARTESIAN_POINT('',(0.191616860897,0.32246404741,
    7.447704224608E-02));
#2687 = PCURVE('',#36,#2688);
#2688 = DEFINITIONAL_REPRESENTATION('',(#2689),#2702);
#2689 = B_SPLINE_CURVE_WITH_KNOTS('',6,(#2690,#2691,#2692,#2693,#2694,
    #2695,#2696,#2697,#2698,#2699,#2700,#2701),.UNSPECIFIED.,.F.,.F.,(7,
    5,7),(0.,0.862052721684,1.),.UNSPECIFIED.);
#2690 = CARTESIAN_POINT('',(0.857627534377,0.287887239354));
#2691 = CARTESIAN_POINT('',(0.856809018472,0.282062558667));
#2692 = CARTESIAN_POINT('',(0.854448224189,0.27280904803));
#2693 = CARTESIAN_POINT('',(0.850937255422,0.260769098967));
#2694 = CARTESIAN_POINT('',(0.846606341001,0.246539135549));
#2695 = CARTESIAN_POINT('',(0.841554988043,0.230662494747));
#2696 = CARTESIAN_POINT('',(0.834976460027,0.21098430822));
#2697 = CARTESIAN_POINT('',(0.834053098157,0.208241963192));
#2698 = CARTESIAN_POINT('',(0.833114250306,0.205474127262));
#2699 = CARTESIAN_POINT('',(0.832160308629,0.202683131357));
#2700 = CARTESIAN_POINT('',(0.83119167159,0.199871335477));
#2701 = CARTESIAN_POINT('',(0.830208743954,0.197041128696));
#2702 = ( GEOMETRIC_REPRESENTATION_CONTEXT(2) 
PARAMETRIC_REPRESENTATION_CONTEXT() REPRESENTATION_CONTEXT('2D SPACE',''
  ) );
#2703 = PCURVE('',#2704,#2775);
#2704 = ( BOUNDED_SURFACE() B_SPLINE_SURFACE(9,6,(
    (#2705,#2706,#2707,#2708,#2709,#2710,#2711)
    ,(#2712,#2713,#2714,#2715,#2716,#2717,#2718)
    ,(#2719,#2720,#2721,#2722,#2723,#2724,#2725)
    ,(#2726,#2727,#2728,#2729,#2730,#2731,#2732)
    ,(#2733,#2734,#2735,#2736,#2737,#2738,#2739)
    ,(#2740,#2741,#2742,#2743,#2744,#2745,#2746)
    ,(#2747,#2748,#2749,#2750,#2751,#2752,#2753)
    ,(#2754,#2755,#2756,#2757,#2758,#2759,#2760)
    ,(#2761,#2762,#2763,#2764,#2765,#2766,#2767)
    ,(#2768,#2769,#2770,#2771,#2772,#2773,#2774
)),.UNSPECIFIED.,.F.,.F.,.F.) B_SPLINE_SURFACE_WITH_KNOTS((10,10),(7,7),
  (3.,4.),(0.,1.),.PIECEWISE_BEZIER_KNOTS.) 
GEOMETRIC_REPRESENTATION_ITEM() RATIONAL_B_SPLINE_SURFACE((
    (1.,1.,1.,1.,1.,1.,1.)
    ,(1.,1.,1.,1.,1.,1.,1.)
    ,(1.,1.,1.,1.,1.,1.,1.)
    ,(1.,1.,1.,1.,1.,1.,1.)
    ,(1.,1.,1.,1.,1.,1.,1.)
    ,(1.,1.,1.,1.,1.,1.,1.)
    ,(1.,1.,1.,1.,1.,1.,1.)
    ,(1.,1.,1.,1.,1.,1.,1.)
    ,(1.,1.,1.,1.,1.,1.,1.)
,(1.,1.,1.,1.,1.,1.,1.))) REPRESENTATION_ITEM('') SURFACE() );
#2705 = CARTESIAN_POINT('',(0.191244974857,0.305446956547,
    6.745446485042E-02));
#2706 = CARTESIAN_POINT('',(0.184528520088,0.336185297344,
    6.367261303176E-02));
#2707 = CARTESIAN_POINT('',(0.218565672286,0.33710709202,0.139870420298)
  );
#2708 = CARTESIAN_POINT('',(0.174837242567,0.397007967577,
    6.421025076932E-02));
#2709 = CARTESIAN_POINT('',(0.19607154644,0.405538329065,0.114642249962)
  );
#2710 = CARTESIAN_POINT('',(0.19117269569,0.437592935819,0.115390571448)
  );
#2711 = CARTESIAN_POINT('',(0.190090195162,0.463860606979,0.122538535263
    ));
#2712 = CARTESIAN_POINT('',(0.191495307147,0.305425384927,
    6.751373238998E-02));
#2713 = CARTESIAN_POINT('',(0.187957276783,0.334925466216,
    6.713397060894E-02));
#2714 = CARTESIAN_POINT('',(0.215060172203,0.338575709418,0.135835427158
    ));
#2715 = CARTESIAN_POINT('',(0.17646102357,0.396612508768,
    6.529676491637E-02));
#2716 = CARTESIAN_POINT('',(0.195567845583,0.405723058374,0.114134710358
    ));
#2717 = CARTESIAN_POINT('',(0.191173364831,0.437684103092,0.115140091424
    ));
#2718 = CARTESIAN_POINT('',(0.190079114057,0.463887886262,0.12246358605)
  );
#2719 = CARTESIAN_POINT('',(0.191744216214,0.30540483057,
    6.757020502208E-02));
#2720 = CARTESIAN_POINT('',(0.191537728589,0.333557044625,
    7.089367802998E-02));
#2721 = CARTESIAN_POINT('',(0.210678006654,0.34067230322,0.130075083031)
  );
#2722 = CARTESIAN_POINT('',(0.178798481787,0.395705809564,
    6.778790050559E-02));
#2723 = CARTESIAN_POINT('',(0.194825529216,0.406078718946,0.113157540969
    ));
#2724 = CARTESIAN_POINT('',(0.191196987432,0.437758827534,0.114934787707
    ));
#2725 = CARTESIAN_POINT('',(0.190067847719,0.463915298191,0.122388272394
    ));
#2726 = CARTESIAN_POINT('',(0.191991449594,0.305385311538,
    6.762383312057E-02));
#2727 = CARTESIAN_POINT('',(0.19518374669,0.33211304202,
    7.48610425811E-02));
#2728 = CARTESIAN_POINT('',(0.205507137825,0.343348373769,0.122722639623
    ));
#2729 = CARTESIAN_POINT('',(0.181800758476,0.394318826272,
    7.159860578278E-02));
#2730 = CARTESIAN_POINT('',(0.193858924746,0.406595647516,0.111737291394
    ));
#2731 = CARTESIAN_POINT('',(0.191242196747,0.437818008583,0.114772189112
    ));
#2732 = CARTESIAN_POINT('',(0.190056400892,0.463942831602,0.122312624969
    ));
#2733 = CARTESIAN_POINT('',(0.19223675482,0.305366845895,
    6.767456705929E-02));
#2734 = CARTESIAN_POINT('',(0.19880230048,0.330631640653,
    7.893115938589E-02));
#2735 = CARTESIAN_POINT('',(0.199673321076,0.346528383922,0.113985633534
    ));
#2736 = CARTESIAN_POINT('',(0.185387491479,0.392504982243,
    7.658210129473E-02));
#2737 = CARTESIAN_POINT('',(0.192692866102,0.407256693554,0.109921082331
    ));
#2738 = CARTESIAN_POINT('',(0.191306579341,0.437863291469,0.114647775405
    ));
#2739 = CARTESIAN_POINT('',(0.190044778325,0.463970475331,0.122236674449
    ));
#2740 = CARTESIAN_POINT('',(0.192479879429,0.305349451702,
    6.77223572121E-02));
#2741 = CARTESIAN_POINT('',(0.202297426127,0.329154273181,
    8.299019315567E-02));
#2742 = CARTESIAN_POINT('',(0.193332385177,0.35011504562,0.104131361508)
  );
#2743 = CARTESIAN_POINT('',(0.189452398842,0.390336075593,
    8.254112334062E-02));
#2744 = CARTESIAN_POINT('',(0.191360902099,0.408038558148,0.107772927014
    ));
#2745 = CARTESIAN_POINT('',(0.191386852252,0.437896934322,0.114555342424
    ));
#2746 = CARTESIAN_POINT('',(0.190032984761,0.463998218212,0.122160451508
    ));
#2747 = CARTESIAN_POINT('',(0.192720570954,0.305333147022,
    6.776715395284E-02));
#2748 = CARTESIAN_POINT('',(0.20557419514,0.327723700265,
    8.692065993974E-02));
#2749 = CARTESIAN_POINT('',(0.186662512547,0.353994606466,
    9.347235568734E-02));
#2750 = CARTESIAN_POINT('',(0.193868862435,0.387898186919,
    8.923916742315E-02));
#2751 = CARTESIAN_POINT('',(0.189903504788,0.40891313289,0.105370052661)
  );
#2752 = CARTESIAN_POINT('',(0.191479040138,0.437921675282,0.114487367195
    ));
#2753 = CARTESIAN_POINT('',(0.190021024949,0.464026049082,0.122083986822
    ));
#2754 = CARTESIAN_POINT('',(0.192958576932,0.305317949917,
    6.780890765534E-02));
#2755 = CARTESIAN_POINT('',(0.208542682937,0.32638208817,
    9.060670887569E-02));
#2756 = CARTESIAN_POINT('',(0.179856519485,0.3580421363,
    8.235185886368E-02));
#2757 = CARTESIAN_POINT('',(0.198495511569,0.385287587019,
    9.641173169989E-02));
#2758 = CARTESIAN_POINT('',(0.188366277811,0.40984883876,0.102799221909)
  );
#2759 = CARTESIAN_POINT('',(0.191578652432,0.437940599602,0.114435373054
    ));
#2760 = CARTESIAN_POINT('',(0.190008903633,0.464053956776,0.122007311064
    ));
#2761 = CARTESIAN_POINT('',(0.193193644897,0.30530387845,
    6.784756869346E-02));
#2762 = CARTESIAN_POINT('',(0.211121937408,0.325169086367,
    9.393940393969E-02));
#2763 = CARTESIAN_POINT('',(0.17311413641,0.362126813777,
    7.112929972985E-02));
#2764 = CARTESIAN_POINT('',(0.203181806617,0.382606644609,0.103777560435
    ));
#2765 = CARTESIAN_POINT('',(0.186798164757,0.410811965018,0.100153054264
    ));
#2766 = CARTESIAN_POINT('',(0.191680860492,0.437957006757,0.114390294766
    ));
#2767 = CARTESIAN_POINT('',(0.18999662556,0.464081930128,0.121930454908)
  );
#2768 = CARTESIAN_POINT('',(0.193425522383,0.305290950683,
    6.788308744105E-02));
#2769 = CARTESIAN_POINT('',(0.213243947489,0.32411990513,
    9.682200569679E-02));
#2770 = CARTESIAN_POINT('',(0.166634288094,0.366117212941,
    6.016576813255E-02));
#2771 = CARTESIAN_POINT('',(0.20777362263,0.379959734042,0.111049887448)
  );
#2772 = CARTESIAN_POINT('',(0.185249657517,0.411768008082,
    9.752634753391E-02));
#2773 = CARTESIAN_POINT('',(0.191780674755,0.437974277554,0.114342843641
    ));
#2774 = CARTESIAN_POINT('',(0.189984195476,0.464109957976,0.12185344903)
  );
#2775 = DEFINITIONAL_REPRESENTATION('',(#2776),#2789);
#2776 = B_SPLINE_CURVE_WITH_KNOTS('',6,(#2777,#2778,#2779,#2780,#2781,
    #2782,#2783,#2784,#2785,#2786,#2787,#2788),.UNSPECIFIED.,.F.,.F.,(7,
    5,7),(0.,0.862052721684,1.),.UNSPECIFIED.);
#2777 = CARTESIAN_POINT('',(4.,9.852419175753E-02));
#2778 = CARTESIAN_POINT('',(3.855731113375,9.923571689561E-02));
#2779 = CARTESIAN_POINT('',(3.711628056721,0.100711750948));
#2780 = CARTESIAN_POINT('',(3.567757897259,0.102715112837));
#2781 = CARTESIAN_POINT('',(3.424139121881,0.104947540476));
#2782 = CARTESIAN_POINT('',(3.28074480886,0.107222708727));
#2783 = CARTESIAN_POINT('',(3.114566099303,0.10968788522));
#2784 = CARTESIAN_POINT('',(3.091646100788,0.110024126704));
#2785 = CARTESIAN_POINT('',(3.06872976023,0.110355780324));
#2786 = CARTESIAN_POINT('',(3.045816817135,0.110682094918));
#2787 = CARTESIAN_POINT('',(3.022906994736,0.111002333122));
#2788 = CARTESIAN_POINT('',(3.,0.111315771371));
#2789 = ( GEOMETRIC_REPRESENTATION_CONTEXT(2) 
PARAMETRIC_REPRESENTATION_CONTEXT() REPRESENTATION_CONTEXT('2D SPACE',''
  ) );
#2790 = ORIENTED_EDGE('',*,*,#2791,.T.);
#2791 = EDGE_CURVE('',#2671,#2246,#2792,.T.);
#2792 = SURFACE_CURVE('',#2793,(#2808,#2826),.PCURVE_S1.);
#2793 = B_SPLINE_CURVE_WITH_KNOTS('',4,(#2794,#2795,#2796,#2797,#2798,
    #2799,#2800,#2801,#2802,#2803,#2804,#2805,#2806,#2807),
  .UNSPECIFIED.,.F.,.F.,(5,3,3,3,5),(0.,0.463431740469,0.608631237232,
    0.754270630337,1.),.UNSPECIFIED.);
#2794 = CARTESIAN_POINT('',(0.191616860897,0.32246404741,
    7.447704224608E-02));
#2795 = CARTESIAN_POINT('',(0.191490912273,0.322522527141,
    7.440314187527E-02));
#2796 = CARTESIAN_POINT('',(0.191368291068,0.322576592669,
    7.433515535049E-02));
#2797 = CARTESIAN_POINT('',(0.191247908818,0.322627692842,
    7.427107019895E-02));
#2798 = CARTESIAN_POINT('',(0.191091177882,0.322692765826,
    7.418907490534E-02));
#2799 = CARTESIAN_POINT('',(0.191053889479,0.32270813767,
    7.416967596033E-02));
#2800 = CARTESIAN_POINT('',(0.191016666995,0.322723400344,
    7.415037082052E-02));
#2801 = CARTESIAN_POINT('',(0.190942167495,0.322753837832,
    7.411175094925E-02));
#2802 = CARTESIAN_POINT('',(0.190904890675,0.322769012219,
    7.409243640192E-02));
#2803 = CARTESIAN_POINT('',(0.190867605935,0.32278416185,
    7.407307640212E-02));
#2804 = CARTESIAN_POINT('',(0.190767292214,0.322824916121,
    7.402074181279E-02));
#2805 = CARTESIAN_POINT('',(0.190704180659,0.322850550409,
    7.398755491292E-02));
#2806 = CARTESIAN_POINT('',(0.190640763566,0.322876428092,
    7.395370411532E-02));
#2807 = CARTESIAN_POINT('',(0.190576873382,0.32290272403,
    7.391887076219E-02));
#2808 = PCURVE('',#36,#2809);
#2809 = DEFINITIONAL_REPRESENTATION('',(#2810),#2825);
#2810 = B_SPLINE_CURVE_WITH_KNOTS('',4,(#2811,#2812,#2813,#2814,#2815,
    #2816,#2817,#2818,#2819,#2820,#2821,#2822,#2823,#2824),
  .UNSPECIFIED.,.F.,.F.,(5,3,3,3,5),(0.,0.463431740469,0.608631237232,
    0.754270630337,1.),.UNSPECIFIED.);
#2811 = CARTESIAN_POINT('',(0.830208743954,0.197041128696));
#2812 = CARTESIAN_POINT('',(0.829693935542,0.195268824578));
#2813 = CARTESIAN_POINT('',(0.829220354516,0.193544035476));
#2814 = CARTESIAN_POINT('',(0.82877415912,0.191851347323));
#2815 = CARTESIAN_POINT('',(0.828204797772,0.189648335312));
#2816 = CARTESIAN_POINT('',(0.828070212037,0.189124267321));
#2817 = CARTESIAN_POINT('',(0.827936421935,0.188601182999));
#2818 = CARTESIAN_POINT('',(0.827669130594,0.187554361725));
#2819 = CARTESIAN_POINT('',(0.827535631682,0.187030627865));
#2820 = CARTESIAN_POINT('',(0.82740202838,0.186506839228));
#2821 = CARTESIAN_POINT('',(0.827041524496,0.185097749797));
#2822 = CARTESIAN_POINT('',(0.826813610032,0.184211393158));
#2823 = CARTESIAN_POINT('',(0.826581979612,0.18332090457));
#2824 = CARTESIAN_POINT('',(0.826344636742,0.182423934924));
#2825 = ( GEOMETRIC_REPRESENTATION_CONTEXT(2) 
PARAMETRIC_REPRESENTATION_CONTEXT() REPRESENTATION_CONTEXT('2D SPACE',''
  ) );
#2826 = PCURVE('',#2827,#2898);
#2827 = ( BOUNDED_SURFACE() B_SPLINE_SURFACE(9,6,(
    (#2828,#2829,#2830,#2831,#2832,#2833,#2834)
    ,(#2835,#2836,#2837,#2838,#2839,#2840,#2841)
    ,(#2842,#2843,#2844,#2845,#2846,#2847,#2848)
    ,(#2849,#2850,#2851,#2852,#2853,#2854,#2855)
    ,(#2856,#2857,#2858,#2859,#2860,#2861,#2862)
    ,(#2863,#2864,#2865,#2866,#2867,#2868,#2869)
    ,(#2870,#2871,#2872,#2873,#2874,#2875,#2876)
    ,(#2877,#2878,#2879,#2880,#2881,#2882,#2883)
    ,(#2884,#2885,#2886,#2887,#2888,#2889,#2890)
    ,(#2891,#2892,#2893,#2894,#2895,#2896,#2897
)),.UNSPECIFIED.,.F.,.F.,.F.) B_SPLINE_SURFACE_WITH_KNOTS((10,10),(7,7),
  (2.,3.),(0.,1.),.PIECEWISE_BEZIER_KNOTS.) 
GEOMETRIC_REPRESENTATION_ITEM() RATIONAL_B_SPLINE_SURFACE((
    (1.,1.,1.,1.,1.,1.,1.)
    ,(1.,1.,1.,1.,1.,1.,1.)
    ,(1.,1.,1.,1.,1.,1.,1.)
    ,(1.,1.,1.,1.,1.,1.,1.)
    ,(1.,1.,1.,1.,1.,1.,1.)
    ,(1.,1.,1.,1.,1.,1.,1.)
    ,(1.,1.,1.,1.,1.,1.,1.)
    ,(1.,1.,1.,1.,1.,1.,1.)
    ,(1.,1.,1.,1.,1.,1.,1.)
,(1.,1.,1.,1.,1.,1.,1.))) REPRESENTATION_ITEM('') SURFACE() );
#2828 = CARTESIAN_POINT('',(0.190489475509,0.305515615618,
    6.726582560486E-02));
#2829 = CARTESIAN_POINT('',(0.191069301112,0.330750550256,
    7.860445793736E-02));
#2830 = CARTESIAN_POINT('',(0.187526575357,0.360283592196,
    7.619350940106E-02));
#2831 = CARTESIAN_POINT('',(0.201780505094,0.37184326884,0.133349692316)
  );
#2832 = CARTESIAN_POINT('',(0.188221712113,0.411771810745,
    9.75158998041E-02));
#2833 = CARTESIAN_POINT('',(0.192759126245,0.434900139036,0.122788969804
    ));
#2834 = CARTESIAN_POINT('',(0.190270461103,0.463363544062,0.123904204404
    ));
#2835 = CARTESIAN_POINT('',(0.19057386644,0.305507553642,
    6.728797570188E-02));
#2836 = CARTESIAN_POINT('',(0.190181885023,0.331452246117,
    7.667656440494E-02));
#2837 = CARTESIAN_POINT('',(0.19132667184,0.357580865985,
    8.361918863918E-02));
#2838 = CARTESIAN_POINT('',(0.199522226536,0.373676391165,0.128313230122
    ));
#2839 = CARTESIAN_POINT('',(0.188826505694,0.411421025942,
    9.847967312911E-02));
#2840 = CARTESIAN_POINT('',(0.192631208873,0.435142242169,0.122123796913
    ));
#2841 = CARTESIAN_POINT('',(0.190254585044,0.46341436592,0.123764572496)
  );
#2842 = CARTESIAN_POINT('',(0.190658168369,0.305499597906,
    6.730983390622E-02));
#2843 = CARTESIAN_POINT('',(0.189283313618,0.332167240213,
    7.471213427136E-02));
#2844 = CARTESIAN_POINT('',(0.195211631288,0.354776885127,
    9.132306272861E-02));
#2845 = CARTESIAN_POINT('',(0.196953412278,0.375880218811,0.122258263427
    ));
#2846 = CARTESIAN_POINT('',(0.189536628483,0.410944517476,
    9.978886937827E-02));
#2847 = CARTESIAN_POINT('',(0.192487034258,0.435403759821,0.121405283069
    ));
#2848 = CARTESIAN_POINT('',(0.190237583366,0.463466530187,0.123621252351
    ));
#2849 = CARTESIAN_POINT('',(0.190742371595,0.305491749292,
    6.733139779536E-02));
#2850 = CARTESIAN_POINT('',(0.188395483011,0.332879911672,
    7.275408552974E-02));
#2851 = CARTESIAN_POINT('',(0.19911009123,0.351924256227,
    9.916059621862E-02));
#2852 = CARTESIAN_POINT('',(0.194114923747,0.378415121598,0.115293675259
    ));
#2853 = CARTESIAN_POINT('',(0.190341138891,0.410352977988,0.101414110766
    ));
#2854 = CARTESIAN_POINT('',(0.192327779406,0.435683202299,0.12063752117)
  );
#2855 = CARTESIAN_POINT('',(0.190219493462,0.463519933762,0.123474527236
    ));
#2856 = CARTESIAN_POINT('',(0.190826466415,0.305484008682,
    6.73526649468E-02));
#2857 = CARTESIAN_POINT('',(0.187541032059,0.333573701631,
    7.084791328364E-02));
#2858 = CARTESIAN_POINT('',(0.202946576401,0.349080650644,0.106973338348
    ));
#2859 = CARTESIAN_POINT('',(0.191058727665,0.381228176411,0.107564870682
    ));
#2860 = CARTESIAN_POINT('',(0.191224653,0.409662437532,0.103311355076));
#2861 = CARTESIAN_POINT('',(0.1921551024,0.435978506625,0.119826179204)
  );
#2862 = CARTESIAN_POINT('',(0.190200352721,0.463574473542,0.12332468042)
  );
#2863 = CARTESIAN_POINT('',(0.190910443127,0.305476376957,
    6.737363293801E-02));
#2864 = CARTESIAN_POINT('',(0.186742665345,0.334231677425,
    6.904013964541E-02));
#2865 = CARTESIAN_POINT('',(0.206643846533,0.346306709964,0.114594677728
    ));
#2866 = CARTESIAN_POINT('',(0.187845744478,0.38425574697,
    9.924668893347E-02));
#2867 = CARTESIAN_POINT('',(0.192168087959,0.408893302765,0.105424535481
    ));
#2868 = CARTESIAN_POINT('',(0.191971067812,0.436287134263,0.118978231738
    ));
#2869 = CARTESIAN_POINT('',(0.190180198535,0.463630046427,0.123171995174
    ));
#2870 = CARTESIAN_POINT('',(0.19099429203,0.305468855,6.73942993465E-02)
  );
#2871 = CARTESIAN_POINT('',(0.186022476162,0.334837096782,
    6.737676363451E-02));
#2872 = CARTESIAN_POINT('',(0.210125244143,0.343663951466,0.121855597027
    ));
#2873 = CARTESIAN_POINT('',(0.184543696798,0.387426063607,
    9.053631556308E-02));
#2874 = CARTESIAN_POINT('',(0.19314940537,0.408069396128,0.107688200362)
  );
#2875 = CARTESIAN_POINT('',(0.191778072124,0.436606168855,0.118101691399
    ));
#2876 = CARTESIAN_POINT('',(0.190159068295,0.463686549315,0.123016754766
    ));
#2877 = CARTESIAN_POINT('',(0.19107800342,0.305461443691,
    6.741466174974E-02));
#2878 = CARTESIAN_POINT('',(0.185401269501,0.335373972007,
    6.590171107582E-02));
#2879 = CARTESIAN_POINT('',(0.213317042316,0.341212673586,0.128590427651
    ));
#2880 = CARTESIAN_POINT('',(0.181224957839,0.390661803028,
    8.164619456876E-02));
#2881 = CARTESIAN_POINT('',(0.194144354685,0.407216995032,0.110030153124
    ));
#2882 = CARTESIAN_POINT('',(0.191578769145,0.436932413955,0.117205340355
    ));
#2883 = CARTESIAN_POINT('',(0.190136999393,0.463743879104,0.122859242465
    ));
#2884 = CARTESIAN_POINT('',(0.191161567597,0.305454143913,
    6.743471772521E-02));
#2885 = CARTESIAN_POINT('',(0.184897885032,0.335827634181,
    6.4655284498E-02));
#2886 = CARTESIAN_POINT('',(0.216150792499,0.339009861386,0.13464260443)
  );
#2887 = CARTESIAN_POINT('',(0.177964399854,0.393882668091,
    7.279694053483E-02));
#2888 = CARTESIAN_POINT('',(0.195127216599,0.406363871043,0.112374092019
    ));
#2889 = CARTESIAN_POINT('',(0.191375995428,0.437262490754,0.116298461803
    ));
#2890 = CARTESIAN_POINT('',(0.190114029218,0.463801932692,0.122699741541
    ));
#2891 = CARTESIAN_POINT('',(0.191244974857,0.305446956547,
    6.745446485042E-02));
#2892 = CARTESIAN_POINT('',(0.184528520088,0.336185297344,
    6.367261303176E-02));
#2893 = CARTESIAN_POINT('',(0.218565672286,0.33710709202,0.139870420298)
  );
#2894 = CARTESIAN_POINT('',(0.174837242567,0.397007967577,
    6.421025076932E-02));
#2895 = CARTESIAN_POINT('',(0.19607154644,0.405538329065,0.114642249962)
  );
#2896 = CARTESIAN_POINT('',(0.19117269569,0.437592935819,0.115390571448)
  );
#2897 = CARTESIAN_POINT('',(0.190090195162,0.463860606979,0.122538535263
    ));
#2898 = DEFINITIONAL_REPRESENTATION('',(#2899),#2914);
#2899 = B_SPLINE_CURVE_WITH_KNOTS('',4,(#2900,#2901,#2902,#2903,#2904,
    #2905,#2906,#2907,#2908,#2909,#2910,#2911,#2912,#2913),
  .UNSPECIFIED.,.F.,.F.,(5,3,3,3,5),(0.,0.463431740469,0.608631237232,
    0.754270630337,1.),.UNSPECIFIED.);
#2900 = CARTESIAN_POINT('',(3.,0.111315771371));
#2901 = CARTESIAN_POINT('',(2.884143565289,0.111495097346));
#2902 = CARTESIAN_POINT('',(2.768286192811,0.111661577922));
#2903 = CARTESIAN_POINT('',(2.652428236142,0.11181928163));
#2904 = CARTESIAN_POINT('',(2.500270031495,0.112019305725));
#2905 = CARTESIAN_POINT('',(2.463970035683,0.11206649489));
#2906 = CARTESIAN_POINT('',(2.427670022078,0.112113257858));
#2907 = CARTESIAN_POINT('',(2.354960003389,0.112206264704));
#2908 = CARTESIAN_POINT('',(2.318549998261,0.112252506538));
#2909 = CARTESIAN_POINT('',(2.282139994025,0.112298513684));
#2910 = CARTESIAN_POINT('',(2.18429741167,0.112421752957));
#2911 = CARTESIAN_POINT('',(2.122864852437,0.112498714301));
#2912 = CARTESIAN_POINT('',(2.061432367075,0.112575685042));
#2913 = CARTESIAN_POINT('',(2.,0.112652999459));
#2914 = ( GEOMETRIC_REPRESENTATION_CONTEXT(2) 
PARAMETRIC_REPRESENTATION_CONTEXT() REPRESENTATION_CONTEXT('2D SPACE',''
  ) );
#2915 = ADVANCED_FACE('',(#2916),#203,.T.);
#2916 = FACE_BOUND('',#2917,.T.);
#2917 = EDGE_LOOP('',(#2918));
#2918 = ORIENTED_EDGE('',*,*,#180,.T.);
#2919 = ADVANCED_FACE('',(#2920),#158,.T.);
#2920 = FACE_BOUND('',#2921,.T.);
#2921 = EDGE_LOOP('',(#2922));
#2922 = ORIENTED_EDGE('',*,*,#135,.F.);
#2923 = ADVANCED_FACE('',(#2924),#248,.T.);
#2924 = FACE_BOUND('',#2925,.T.);
#2925 = EDGE_LOOP('',(#2926,#2953,#2954,#2981));
#2926 = ORIENTED_EDGE('',*,*,#2927,.F.);
#2927 = EDGE_CURVE('',#229,#2928,#2930,.T.);
#2928 = VERTEX_POINT('',#2929);
#2929 = CARTESIAN_POINT('',(0.190295799381,0.132004923044,
    -4.815550425651E-03));
#2930 = SURFACE_CURVE('',#2931,(#2939,#2946),.PCURVE_S1.);
#2931 = ( BOUNDED_CURVE() B_SPLINE_CURVE(6,(#2932,#2933,#2934,#2935,
#2936,#2937,#2938),.UNSPECIFIED.,.F.,.F.) B_SPLINE_CURVE_WITH_KNOTS((7,7
),(0.,1.),.PIECEWISE_BEZIER_KNOTS.) CURVE() 
GEOMETRIC_REPRESENTATION_ITEM() RATIONAL_B_SPLINE_CURVE((1.,1.,1.,1.,1.,
1.,1.)) REPRESENTATION_ITEM('') );
#2932 = CARTESIAN_POINT('',(0.190189282869,0.289055158915,
    5.401447070677E-02));
#2933 = CARTESIAN_POINT('',(0.190038500156,0.263261410688,
    4.421116609191E-02));
#2934 = CARTESIAN_POINT('',(0.190253021635,0.236281771221,
    3.960669898845E-02));
#2935 = CARTESIAN_POINT('',(0.192596147285,0.216476711974,
    5.104518589795E-03));
#2936 = CARTESIAN_POINT('',(0.191449873883,0.184421714424,
    1.930592577855E-02));
#2937 = CARTESIAN_POINT('',(0.192552737361,0.162216730114,
    -8.504010961273E-03));
#2938 = CARTESIAN_POINT('',(0.190295799381,0.132004923044,
    -4.815550425651E-03));
#2939 = PCURVE('',#248,#2940);
#2940 = DEFINITIONAL_REPRESENTATION('',(#2941),#2945);
#2941 = LINE('',#2942,#2943);
#2942 = CARTESIAN_POINT('',(1.,0.));
#2943 = VECTOR('',#2944,1.);
#2944 = DIRECTION('',(0.,1.));
#2945 = ( GEOMETRIC_REPRESENTATION_CONTEXT(2) 
PARAMETRIC_REPRESENTATION_CONTEXT() REPRESENTATION_CONTEXT('2D SPACE',''
  ) );
#2946 = PCURVE('',#400,#2947);
#2947 = DEFINITIONAL_REPRESENTATION('',(#2948),#2952);
#2948 = LINE('',#2949,#2950);
#2949 = CARTESIAN_POINT('',(1.,0.));
#2950 = VECTOR('',#2951,1.);
#2951 = DIRECTION('',(0.,1.));
#2952 = ( GEOMETRIC_REPRESENTATION_CONTEXT(2) 
PARAMETRIC_REPRESENTATION_CONTEXT() REPRESENTATION_CONTEXT('2D SPACE',''
  ) );
#2953 = ORIENTED_EDGE('',*,*,#226,.F.);
#2954 = ORIENTED_EDGE('',*,*,#2955,.T.);
#2955 = EDGE_CURVE('',#227,#2956,#2958,.T.);
#2956 = VERTEX_POINT('',#2957);
#2957 = CARTESIAN_POINT('',(0.190270461103,0.131236455938,
    -2.704204403645E-03));
#2958 = SURFACE_CURVE('',#2959,(#2967,#2974),.PCURVE_S1.);
#2959 = ( BOUNDED_CURVE() B_SPLINE_CURVE(6,(#2960,#2961,#2962,#2963,
#2964,#2965,#2966),.UNSPECIFIED.,.F.,.F.) B_SPLINE_CURVE_WITH_KNOTS((7,7
),(0.,1.),.PIECEWISE_BEZIER_KNOTS.) CURVE() 
GEOMETRIC_REPRESENTATION_ITEM() RATIONAL_B_SPLINE_CURVE((1.,1.,1.,1.,1.,
1.,1.)) REPRESENTATION_ITEM('') );
#2960 = CARTESIAN_POINT('',(0.190489475509,0.289084384382,
    5.393417439514E-02));
#2961 = CARTESIAN_POINT('',(0.191069301112,0.263849449744,
    4.259554206263E-02));
#2962 = CARTESIAN_POINT('',(0.187526575357,0.234316407804,
    4.500649059894E-02));
#2963 = CARTESIAN_POINT('',(0.201780505094,0.22275673116,
    -1.214969231616E-02));
#2964 = CARTESIAN_POINT('',(0.188221712113,0.182828189255,
    2.36841001959E-02));
#2965 = CARTESIAN_POINT('',(0.192759126245,0.159699860964,
    -1.588969803882E-03));
#2966 = CARTESIAN_POINT('',(0.190270461103,0.131236455938,
    -2.704204403645E-03));
#2967 = PCURVE('',#248,#2968);
#2968 = DEFINITIONAL_REPRESENTATION('',(#2969),#2973);
#2969 = LINE('',#2970,#2971);
#2970 = CARTESIAN_POINT('',(2.,0.));
#2971 = VECTOR('',#2972,1.);
#2972 = DIRECTION('',(0.,1.));
#2973 = ( GEOMETRIC_REPRESENTATION_CONTEXT(2) 
PARAMETRIC_REPRESENTATION_CONTEXT() REPRESENTATION_CONTEXT('2D SPACE',''
  ) );
#2974 = PCURVE('',#808,#2975);
#2975 = DEFINITIONAL_REPRESENTATION('',(#2976),#2980);
#2976 = LINE('',#2977,#2978);
#2977 = CARTESIAN_POINT('',(2.,0.));
#2978 = VECTOR('',#2979,1.);
#2979 = DIRECTION('',(0.,1.));
#2980 = ( GEOMETRIC_REPRESENTATION_CONTEXT(2) 
PARAMETRIC_REPRESENTATION_CONTEXT() REPRESENTATION_CONTEXT('2D SPACE',''
  ) );
#2981 = ORIENTED_EDGE('',*,*,#2982,.F.);
#2982 = EDGE_CURVE('',#2928,#2956,#2983,.T.);
#2983 = SURFACE_CURVE('',#2984,(#2995,#3002),.PCURVE_S1.);
#2984 = B_SPLINE_CURVE_WITH_KNOTS('',9,(#2985,#2986,#2987,#2988,#2989,
    #2990,#2991,#2992,#2993,#2994),.UNSPECIFIED.,.F.,.F.,(10,10),(1.,2.)
  ,.PIECEWISE_BEZIER_KNOTS.);
#2985 = CARTESIAN_POINT('',(0.190295799381,0.132004923044,
    -4.815550425651E-03));
#2986 = CARTESIAN_POINT('',(0.190338877367,0.132002547778,
    -4.809024435418E-03));
#2987 = CARTESIAN_POINT('',(0.190371308799,0.131977582878,
    -4.740433935485E-03));
#2988 = CARTESIAN_POINT('',(0.19039233335,0.131930036407,
    -4.609801081488E-03));
#2989 = CARTESIAN_POINT('',(0.190401462953,0.131860484496,
    -4.418708775618E-03));
#2990 = CARTESIAN_POINT('',(0.190398480205,0.131770022795,
    -4.170167294399E-03));
#2991 = CARTESIAN_POINT('',(0.190383436762,0.131660217933,
    -3.868480916462E-03));
#2992 = CARTESIAN_POINT('',(0.190356651737,0.131533058975,
    -3.519114550326E-03));
#2993 = CARTESIAN_POINT('',(0.190318710107,0.131390908876,
    -3.128560362178E-03));
#2994 = CARTESIAN_POINT('',(0.190270461103,0.131236455938,
    -2.704204403645E-03));
#2995 = PCURVE('',#248,#2996);
#2996 = DEFINITIONAL_REPRESENTATION('',(#2997),#3001);
#2997 = LINE('',#2998,#2999);
#2998 = CARTESIAN_POINT('',(0.,1.));
#2999 = VECTOR('',#3000,1.);
#3000 = DIRECTION('',(1.,0.));
#3001 = ( GEOMETRIC_REPRESENTATION_CONTEXT(2) 
PARAMETRIC_REPRESENTATION_CONTEXT() REPRESENTATION_CONTEXT('2D SPACE',''
  ) );
#3002 = PCURVE('',#3003,#3008);
#3003 = PLANE('',#3004);
#3004 = AXIS2_PLACEMENT_3D('',#3005,#3006,#3007);
#3005 = CARTESIAN_POINT('',(0.189928923695,0.130367829436,
    -3.176727049362E-04));
#3006 = DIRECTION('',(9.636037317003E-14,-0.939692620786,-0.342020143326
    ));
#3007 = DIRECTION('',(-0.232003354326,-0.332688118855,0.914053094275));
#3008 = DEFINITIONAL_REPRESENTATION('',(#3009),#3020);
#3009 = B_SPLINE_CURVE_WITH_KNOTS('',9,(#3010,#3011,#3012,#3013,#3014,
    #3015,#3016,#3017,#3018,#3019),.UNSPECIFIED.,.F.,.F.,(10,10),(1.,2.)
  ,.PIECEWISE_BEZIER_KNOTS.);
#3010 = CARTESIAN_POINT('',(-4.741057030704E-03,7.536282048737E-04));
#3011 = CARTESIAN_POINT('',(-4.744295943622E-03,7.101143819299E-04));
#3012 = CARTESIAN_POINT('',(-4.680819260204E-03,6.616333405423E-04));
#3013 = CARTESIAN_POINT('',(-4.550473516239E-03,6.089301323309E-04));
#3014 = CARTESIAN_POINT('',(-4.354784006889E-03,5.528703131598E-04));
#3015 = CARTESIAN_POINT('',(-4.096816356205E-03,4.944085714221E-04));
#3016 = CARTESIAN_POINT('',(-3.781038086636E-03,4.345573563253E-04));
#3017 = CARTESIAN_POINT('',(-3.413180188538E-03,3.743555061776E-04));
#3018 = CARTESIAN_POINT('',(-3.000098689688E-03,3.148368766723E-04));
#3019 = CARTESIAN_POINT('',(-2.549636224791E-03,2.569989691745E-04));
#3020 = ( GEOMETRIC_REPRESENTATION_CONTEXT(2) 
PARAMETRIC_REPRESENTATION_CONTEXT() REPRESENTATION_CONTEXT('2D SPACE',''
  ) );
#3021 = ADVANCED_FACE('',(#3022),#808,.T.);
#3022 = FACE_BOUND('',#3023,.T.);
#3023 = EDGE_LOOP('',(#3024,#3025,#3026,#3053));
#3024 = ORIENTED_EDGE('',*,*,#2955,.F.);
#3025 = ORIENTED_EDGE('',*,*,#772,.F.);
#3026 = ORIENTED_EDGE('',*,*,#3027,.T.);
#3027 = EDGE_CURVE('',#652,#3028,#3030,.T.);
#3028 = VERTEX_POINT('',#3029);
#3029 = CARTESIAN_POINT('',(0.190090195162,0.130739393021,
    -1.338535263015E-03));
#3030 = SURFACE_CURVE('',#3031,(#3039,#3046),.PCURVE_S1.);
#3031 = ( BOUNDED_CURVE() B_SPLINE_CURVE(6,(#3032,#3033,#3034,#3035,
#3036,#3037,#3038),.UNSPECIFIED.,.F.,.F.) B_SPLINE_CURVE_WITH_KNOTS((7,7
),(0.,1.),.PIECEWISE_BEZIER_KNOTS.) CURVE() 
GEOMETRIC_REPRESENTATION_ITEM() RATIONAL_B_SPLINE_CURVE((1.,1.,1.,1.,1.,
1.,1.)) REPRESENTATION_ITEM('') );
#3032 = CARTESIAN_POINT('',(0.191244974857,0.289153043453,
    5.374553514958E-02));
#3033 = CARTESIAN_POINT('',(0.184528520088,0.258414702656,
    5.752738696824E-02));
#3034 = CARTESIAN_POINT('',(0.218565672286,0.25749290798,
    -1.867042029812E-02));
#3035 = CARTESIAN_POINT('',(0.174837242567,0.197592032423,
    5.698974923067E-02));
#3036 = CARTESIAN_POINT('',(0.19607154644,0.189061670935,
    6.557750037741E-03));
#3037 = CARTESIAN_POINT('',(0.19117269569,0.157007064181,
    5.80942855205E-03));
#3038 = CARTESIAN_POINT('',(0.190090195162,0.130739393021,
    -1.338535263015E-03));
#3039 = PCURVE('',#808,#3040);
#3040 = DEFINITIONAL_REPRESENTATION('',(#3041),#3045);
#3041 = LINE('',#3042,#3043);
#3042 = CARTESIAN_POINT('',(3.,0.));
#3043 = VECTOR('',#3044,1.);
#3044 = DIRECTION('',(0.,1.));
#3045 = ( GEOMETRIC_REPRESENTATION_CONTEXT(2) 
PARAMETRIC_REPRESENTATION_CONTEXT() REPRESENTATION_CONTEXT('2D SPACE',''
  ) );
#3046 = PCURVE('',#685,#3047);
#3047 = DEFINITIONAL_REPRESENTATION('',(#3048),#3052);
#3048 = LINE('',#3049,#3050);
#3049 = CARTESIAN_POINT('',(3.,0.));
#3050 = VECTOR('',#3051,1.);
#3051 = DIRECTION('',(0.,1.));
#3052 = ( GEOMETRIC_REPRESENTATION_CONTEXT(2) 
PARAMETRIC_REPRESENTATION_CONTEXT() REPRESENTATION_CONTEXT('2D SPACE',''
  ) );
#3053 = ORIENTED_EDGE('',*,*,#3054,.F.);
#3054 = EDGE_CURVE('',#2956,#3028,#3055,.T.);
#3055 = SURFACE_CURVE('',#3056,(#3067,#3074),.PCURVE_S1.);
#3056 = B_SPLINE_CURVE_WITH_KNOTS('',9,(#3057,#3058,#3059,#3060,#3061,
    #3062,#3063,#3064,#3065,#3066),.UNSPECIFIED.,.F.,.F.,(10,10),(2.,3.)
  ,.PIECEWISE_BEZIER_KNOTS.);
#3057 = CARTESIAN_POINT('',(0.190270461103,0.131236455938,
    -2.704204403645E-03));
#3058 = CARTESIAN_POINT('',(0.190254585044,0.13118563408,
    -2.564572496456E-03));
#3059 = CARTESIAN_POINT('',(0.190237583366,0.131133469813,
    -2.421252350714E-03));
#3060 = CARTESIAN_POINT('',(0.190219493462,0.131080066238,
    -2.274527235607E-03));
#3061 = CARTESIAN_POINT('',(0.190200352721,0.131025526458,
    -2.124680420329E-03));
#3062 = CARTESIAN_POINT('',(0.190180198535,0.130969953573,
    -1.971995174068E-03));
#3063 = CARTESIAN_POINT('',(0.190159068295,0.130913450685,
    -1.816754766016E-03));
#3064 = CARTESIAN_POINT('',(0.190136999393,0.130856120896,
    -1.659242465362E-03));
#3065 = CARTESIAN_POINT('',(0.190114029218,0.130798067308,
    -1.499741541299E-03));
#3066 = CARTESIAN_POINT('',(0.190090195162,0.130739393021,
    -1.338535263015E-03));
#3067 = PCURVE('',#808,#3068);
#3068 = DEFINITIONAL_REPRESENTATION('',(#3069),#3073);
#3069 = LINE('',#3070,#3071);
#3070 = CARTESIAN_POINT('',(0.,1.));
#3071 = VECTOR('',#3072,1.);
#3072 = DIRECTION('',(1.,0.));
#3073 = ( GEOMETRIC_REPRESENTATION_CONTEXT(2) 
PARAMETRIC_REPRESENTATION_CONTEXT() REPRESENTATION_CONTEXT('2D SPACE',''
  ) );
#3074 = PCURVE('',#3003,#3075);
#3075 = DEFINITIONAL_REPRESENTATION('',(#3076),#3087);
#3076 = B_SPLINE_CURVE_WITH_KNOTS('',9,(#3077,#3078,#3079,#3080,#3081,
    #3082,#3083,#3084,#3085,#3086),.UNSPECIFIED.,.F.,.F.,(10,10),(2.,3.)
  ,.PIECEWISE_BEZIER_KNOTS.);
#3077 = CARTESIAN_POINT('',(-2.549636224791E-03,2.569989691745E-04));
#3078 = CARTESIAN_POINT('',(-2.401414120621E-03,2.379677356796E-04));
#3079 = CARTESIAN_POINT('',(-2.249113019857E-03,2.191208082513E-04));
#3080 = CARTESIAN_POINT('',(-2.093034821088E-03,2.004917531936E-04));
#3081 = CARTESIAN_POINT('',(-1.9334814229E-03,1.821141368106E-04));
#3082 = CARTESIAN_POINT('',(-1.770754723884E-03,1.640215254061E-04));
#3083 = CARTESIAN_POINT('',(-1.605156622627E-03,1.462474852841E-04));
#3084 = CARTESIAN_POINT('',(-1.436989017718E-03,1.288255827486E-04));
#3085 = CARTESIAN_POINT('',(-1.266553807745E-03,1.117893841035E-04));
#3086 = CARTESIAN_POINT('',(-1.094152891296E-03,9.517245565302E-05));
#3087 = ( GEOMETRIC_REPRESENTATION_CONTEXT(2) 
PARAMETRIC_REPRESENTATION_CONTEXT() REPRESENTATION_CONTEXT('2D SPACE',''
  ) );
#3088 = ADVANCED_FACE('',(#3089),#685,.T.);
#3089 = FACE_BOUND('',#3090,.T.);
#3090 = EDGE_LOOP('',(#3091,#3092,#3093,#3120));
#3091 = ORIENTED_EDGE('',*,*,#3027,.F.);
#3092 = ORIENTED_EDGE('',*,*,#651,.F.);
#3093 = ORIENTED_EDGE('',*,*,#3094,.T.);
#3094 = EDGE_CURVE('',#507,#3095,#3097,.T.);
#3095 = VERTEX_POINT('',#3096);
#3096 = CARTESIAN_POINT('',(0.189984195476,0.130490042024,
    -6.534490303267E-04));
#3097 = SURFACE_CURVE('',#3098,(#3106,#3113),.PCURVE_S1.);
#3098 = ( BOUNDED_CURVE() B_SPLINE_CURVE(6,(#3099,#3100,#3101,#3102,
#3103,#3104,#3105),.UNSPECIFIED.,.F.,.F.) B_SPLINE_CURVE_WITH_KNOTS((7,7
),(0.,1.),.PIECEWISE_BEZIER_KNOTS.) CURVE() 
GEOMETRIC_REPRESENTATION_ITEM() RATIONAL_B_SPLINE_CURVE((1.,1.,1.,1.,1.,
1.,1.)) REPRESENTATION_ITEM('') );
#3099 = CARTESIAN_POINT('',(0.193425522383,0.289309049317,
    5.331691255895E-02));
#3100 = CARTESIAN_POINT('',(0.213243947489,0.27048009487,
    2.437799430321E-02));
#3101 = CARTESIAN_POINT('',(0.166634288094,0.228482787059,
    6.103423186745E-02));
#3102 = CARTESIAN_POINT('',(0.20777362263,0.214640265958,
    1.015011255191E-02));
#3103 = CARTESIAN_POINT('',(0.185249657517,0.182831991918,
    2.367365246609E-02));
#3104 = CARTESIAN_POINT('',(0.191780674755,0.156625722446,
    6.85715635859E-03));
#3105 = CARTESIAN_POINT('',(0.189984195476,0.130490042024,
    -6.534490303267E-04));
#3106 = PCURVE('',#685,#3107);
#3107 = DEFINITIONAL_REPRESENTATION('',(#3108),#3112);
#3108 = LINE('',#3109,#3110);
#3109 = CARTESIAN_POINT('',(4.,0.));
#3110 = VECTOR('',#3111,1.);
#3111 = DIRECTION('',(0.,1.));
#3112 = ( GEOMETRIC_REPRESENTATION_CONTEXT(2) 
PARAMETRIC_REPRESENTATION_CONTEXT() REPRESENTATION_CONTEXT('2D SPACE',''
  ) );
#3113 = PCURVE('',#556,#3114);
#3114 = DEFINITIONAL_REPRESENTATION('',(#3115),#3119);
#3115 = LINE('',#3116,#3117);
#3116 = CARTESIAN_POINT('',(4.,0.));
#3117 = VECTOR('',#3118,1.);
#3118 = DIRECTION('',(0.,1.));
#3119 = ( GEOMETRIC_REPRESENTATION_CONTEXT(2) 
PARAMETRIC_REPRESENTATION_CONTEXT() REPRESENTATION_CONTEXT('2D SPACE',''
  ) );
#3120 = ORIENTED_EDGE('',*,*,#3121,.F.);
#3121 = EDGE_CURVE('',#3028,#3095,#3122,.T.);
#3122 = SURFACE_CURVE('',#3123,(#3134,#3141),.PCURVE_S1.);
#3123 = B_SPLINE_CURVE_WITH_KNOTS('',9,(#3124,#3125,#3126,#3127,#3128,
    #3129,#3130,#3131,#3132,#3133),.UNSPECIFIED.,.F.,.F.,(10,10),(3.,4.)
  ,.PIECEWISE_BEZIER_KNOTS.);
#3124 = CARTESIAN_POINT('',(0.190090195162,0.130739393021,
    -1.338535263015E-03));
#3125 = CARTESIAN_POINT('',(0.190079114057,0.130712113738,
    -1.263586050346E-03));
#3126 = CARTESIAN_POINT('',(0.190067847719,0.130684701809,
    -1.188272394114E-03));
#3127 = CARTESIAN_POINT('',(0.190056400892,0.130657168398,
    -1.11262496872E-03));
#3128 = CARTESIAN_POINT('',(0.190044778325,0.130629524669,
    -1.036674448562E-03));
#3129 = CARTESIAN_POINT('',(0.190032984761,0.130601781788,
    -9.604515080418E-04));
#3130 = CARTESIAN_POINT('',(0.190021024949,0.130573950918,
    -8.839868215582E-04));
#3131 = CARTESIAN_POINT('',(0.190008903633,0.130546043224,
    -8.073110635112E-04));
#3132 = CARTESIAN_POINT('',(0.18999662556,0.130518069872,
    -7.304549083007E-04));
#3133 = CARTESIAN_POINT('',(0.189984195476,0.130490042024,
    -6.534490303267E-04));
#3134 = PCURVE('',#685,#3135);
#3135 = DEFINITIONAL_REPRESENTATION('',(#3136),#3140);
#3136 = LINE('',#3137,#3138);
#3137 = CARTESIAN_POINT('',(0.,1.));
#3138 = VECTOR('',#3139,1.);
#3139 = DIRECTION('',(1.,0.));
#3140 = ( GEOMETRIC_REPRESENTATION_CONTEXT(2) 
PARAMETRIC_REPRESENTATION_CONTEXT() REPRESENTATION_CONTEXT('2D SPACE',''
  ) );
#3141 = PCURVE('',#3003,#3142);
#3142 = DEFINITIONAL_REPRESENTATION('',(#3143),#3154);
#3143 = B_SPLINE_CURVE_WITH_KNOTS('',9,(#3144,#3145,#3146,#3147,#3148,
    #3149,#3150,#3151,#3152,#3153),.UNSPECIFIED.,.F.,.F.,(10,10),(3.,4.)
  ,.PIECEWISE_BEZIER_KNOTS.);
#3144 = CARTESIAN_POINT('',(-1.094152891296E-03,9.517245565302E-05));
#3145 = CARTESIAN_POINT('',(-1.01399898483E-03,8.744679063782E-05));
#3146 = CARTESIAN_POINT('',(-9.33424852812E-04,7.981132670251E-05));
#3147 = CARTESIAN_POINT('',(-8.524633486988E-04,7.226902054899E-05));
#3148 = CARTESIAN_POINT('',(-7.711473259474E-04,6.482282887918E-05));
#3149 = CARTESIAN_POINT('',(-6.895096380145E-04,5.747570839484E-05));
#3150 = CARTESIAN_POINT('',(-6.075831383569E-04,5.023061579795E-05));
#3151 = CARTESIAN_POINT('',(-5.254006804313E-04,4.309050779042E-05));
#3152 = CARTESIAN_POINT('',(-4.429951176946E-04,3.605834107395E-05));
#3153 = CARTESIAN_POINT('',(-3.603993036035E-04,2.913707235055E-05));
#3154 = ( GEOMETRIC_REPRESENTATION_CONTEXT(2) 
PARAMETRIC_REPRESENTATION_CONTEXT() REPRESENTATION_CONTEXT('2D SPACE',''
  ) );
#3155 = ADVANCED_FACE('',(#3156),#556,.T.);
#3156 = FACE_BOUND('',#3157,.T.);
#3157 = EDGE_LOOP('',(#3158,#3159,#3160,#3187));
#3158 = ORIENTED_EDGE('',*,*,#3094,.F.);
#3159 = ORIENTED_EDGE('',*,*,#506,.F.);
#3160 = ORIENTED_EDGE('',*,*,#3161,.T.);
#3161 = EDGE_CURVE('',#329,#3162,#3164,.T.);
#3162 = VERTEX_POINT('',#3163);
#3163 = CARTESIAN_POINT('',(0.189928923695,0.130367829436,
    -3.176727049362E-04));
#3164 = SURFACE_CURVE('',#3165,(#3173,#3180),.PCURVE_S1.);
#3165 = ( BOUNDED_CURVE() B_SPLINE_CURVE(6,(#3166,#3167,#3168,#3169,
#3170,#3171,#3172),.UNSPECIFIED.,.F.,.F.) B_SPLINE_CURVE_WITH_KNOTS((7,7
),(0.,1.),.PIECEWISE_BEZIER_KNOTS.) CURVE() 
GEOMETRIC_REPRESENTATION_ITEM() RATIONAL_B_SPLINE_CURVE((1.,1.,1.,1.,1.,
1.,1.)) REPRESENTATION_ITEM('') );
#3166 = CARTESIAN_POINT('',(0.198941330285,0.289030251104,
    5.40829043542E-02));
#3167 = CARTESIAN_POINT('',(0.185721813454,0.261524831117,
    4.89823792504E-02));
#3168 = CARTESIAN_POINT('',(0.196376152523,0.237493358198,
    3.627789112811E-02));
#3169 = CARTESIAN_POINT('',(0.188692928204,0.207998982406,
    2.839688914817E-02));
#3170 = CARTESIAN_POINT('',(0.190820541724,0.184511962117,
    1.905797227881E-02));
#3171 = CARTESIAN_POINT('',(0.191005275146,0.155988581032,
    8.607688006492E-03));
#3172 = CARTESIAN_POINT('',(0.189928923695,0.130367829436,
    -3.176727049362E-04));
#3173 = PCURVE('',#556,#3174);
#3174 = DEFINITIONAL_REPRESENTATION('',(#3175),#3179);
#3175 = LINE('',#3176,#3177);
#3176 = CARTESIAN_POINT('',(5.,0.));
#3177 = VECTOR('',#3178,1.);
#3178 = DIRECTION('',(0.,1.));
#3179 = ( GEOMETRIC_REPRESENTATION_CONTEXT(2) 
PARAMETRIC_REPRESENTATION_CONTEXT() REPRESENTATION_CONTEXT('2D SPACE',''
  ) );
#3180 = PCURVE('',#400,#3181);
#3181 = DEFINITIONAL_REPRESENTATION('',(#3182),#3186);
#3182 = LINE('',#3183,#3184);
#3183 = CARTESIAN_POINT('',(0.,0.));
#3184 = VECTOR('',#3185,1.);
#3185 = DIRECTION('',(0.,1.));
#3186 = ( GEOMETRIC_REPRESENTATION_CONTEXT(2) 
PARAMETRIC_REPRESENTATION_CONTEXT() REPRESENTATION_CONTEXT('2D SPACE',''
  ) );
#3187 = ORIENTED_EDGE('',*,*,#3188,.F.);
#3188 = EDGE_CURVE('',#3095,#3162,#3189,.T.);
#3189 = SURFACE_CURVE('',#3190,(#3201,#3208),.PCURVE_S1.);
#3190 = B_SPLINE_CURVE_WITH_KNOTS('',9,(#3191,#3192,#3193,#3194,#3195,
    #3196,#3197,#3198,#3199,#3200),.UNSPECIFIED.,.F.,.F.,(10,10),(4.,5.)
  ,.PIECEWISE_BEZIER_KNOTS.);
#3191 = CARTESIAN_POINT('',(0.189984195476,0.130490042024,
    -6.534490303267E-04));
#3192 = CARTESIAN_POINT('',(0.189978190458,0.130476501671,
    -6.162472150691E-04));
#3193 = CARTESIAN_POINT('',(0.189972150019,0.130462948633,
    -5.790105485837E-04));
#3194 = CARTESIAN_POINT('',(0.189966074739,0.130449384186,
    -5.417425386816E-04));
#3195 = CARTESIAN_POINT('',(0.189959965193,0.130435809609,
    -5.044466931738E-04));
#3196 = CARTESIAN_POINT('',(0.189953821959,0.130422226176,
    -4.671265198714E-04));
#3197 = CARTESIAN_POINT('',(0.189947645615,0.130408635166,
    -4.297855265854E-04));
#3198 = CARTESIAN_POINT('',(0.189941436738,0.130395037855,
    -3.924272211268E-04));
#3199 = CARTESIAN_POINT('',(0.189935195906,0.13038143552,
    -3.550551113067E-04));
#3200 = CARTESIAN_POINT('',(0.189928923695,0.130367829436,
    -3.176727049362E-04));
#3201 = PCURVE('',#556,#3202);
#3202 = DEFINITIONAL_REPRESENTATION('',(#3203),#3207);
#3203 = LINE('',#3204,#3205);
#3204 = CARTESIAN_POINT('',(0.,1.));
#3205 = VECTOR('',#3206,1.);
#3206 = DIRECTION('',(1.,0.));
#3207 = ( GEOMETRIC_REPRESENTATION_CONTEXT(2) 
PARAMETRIC_REPRESENTATION_CONTEXT() REPRESENTATION_CONTEXT('2D SPACE',''
  ) );
#3208 = PCURVE('',#3003,#3209);
#3209 = DEFINITIONAL_REPRESENTATION('',(#3210),#3221);
#3210 = B_SPLINE_CURVE_WITH_KNOTS('',9,(#3211,#3212,#3213,#3214,#3215,
    #3216,#3217,#3218,#3219,#3220),.UNSPECIFIED.,.F.,.F.,(10,10),(4.,5.)
  ,.PIECEWISE_BEZIER_KNOTS.);
#3211 = CARTESIAN_POINT('',(-3.603993036035E-04,2.913707235055E-05));
#3212 = CARTESIAN_POINT('',(-3.204969702011E-04,2.579338265868E-05));
#3213 = CARTESIAN_POINT('',(-2.805503432797E-04,2.247554202284E-05));
#3214 = CARTESIAN_POINT('',(-2.405631878834E-04,1.918385483432E-05));
#3215 = CARTESIAN_POINT('',(-2.005392690564E-04,1.591862548417E-05));
#3216 = CARTESIAN_POINT('',(-1.604823518425E-04,1.268015836353E-05));
#3217 = CARTESIAN_POINT('',(-1.203962012858E-04,9.468757863673E-06));
#3218 = CARTESIAN_POINT('',(-8.028458243052E-05,6.284728375744E-06));
#3219 = CARTESIAN_POINT('',(-4.015126032052E-05,3.128374290839E-06));
#3220 = CARTESIAN_POINT('',(5.551115123126E-17,1.387778780781E-16));
#3221 = ( GEOMETRIC_REPRESENTATION_CONTEXT(2) 
PARAMETRIC_REPRESENTATION_CONTEXT() REPRESENTATION_CONTEXT('2D SPACE',''
  ) );
#3222 = ADVANCED_FACE('',(#3223),#400,.T.);
#3223 = FACE_BOUND('',#3224,.T.);
#3224 = EDGE_LOOP('',(#3225,#3226,#3227,#3228));
#3225 = ORIENTED_EDGE('',*,*,#3161,.F.);
#3226 = ORIENTED_EDGE('',*,*,#328,.F.);
#3227 = ORIENTED_EDGE('',*,*,#2927,.T.);
#3228 = ORIENTED_EDGE('',*,*,#3229,.F.);
#3229 = EDGE_CURVE('',#3162,#2928,#3230,.T.);
#3230 = SURFACE_CURVE('',#3231,(#3242,#3249),.PCURVE_S1.);
#3231 = B_SPLINE_CURVE_WITH_KNOTS('',9,(#3232,#3233,#3234,#3235,#3236,
    #3237,#3238,#3239,#3240,#3241),.UNSPECIFIED.,.F.,.F.,(10,10),(0.,1.)
  ,.PIECEWISE_BEZIER_KNOTS.);
#3232 = CARTESIAN_POINT('',(0.189928923695,0.130367829436,
    -3.176727049362E-04));
#3233 = CARTESIAN_POINT('',(0.189517832302,0.129476063497,
    2.132434077276E-03));
#3234 = CARTESIAN_POINT('',(0.188971825808,0.128567921976,
    4.627532399276E-03));
#3235 = CARTESIAN_POINT('',(0.188458520201,0.128006089284,
    6.171155035411E-03));
#3236 = CARTESIAN_POINT('',(0.188209751935,0.128148326049,
    5.780362733382E-03));
#3237 = CARTESIAN_POINT('',(0.188430479245,0.129133268038,
    3.074256860179E-03));
#3238 = CARTESIAN_POINT('',(0.189005073508,0.13044495062,
    -5.295614162392E-04));
#3239 = CARTESIAN_POINT('',(0.189628329277,0.131497409201,
    -3.421167601672E-03));
#3240 = CARTESIAN_POINT('',(0.190087132802,0.132016428658,
    -4.847161839561E-03));
#3241 = CARTESIAN_POINT('',(0.190295799381,0.132004923044,
    -4.815550425651E-03));
#3242 = PCURVE('',#400,#3243);
#3243 = DEFINITIONAL_REPRESENTATION('',(#3244),#3248);
#3244 = LINE('',#3245,#3246);
#3245 = CARTESIAN_POINT('',(0.,1.));
#3246 = VECTOR('',#3247,1.);
#3247 = DIRECTION('',(1.,0.));
#3248 = ( GEOMETRIC_REPRESENTATION_CONTEXT(2) 
PARAMETRIC_REPRESENTATION_CONTEXT() REPRESENTATION_CONTEXT('2D SPACE',''
  ) );
#3249 = PCURVE('',#3003,#3250);
#3250 = DEFINITIONAL_REPRESENTATION('',(#3251),#3262);
#3251 = B_SPLINE_CURVE_WITH_KNOTS('',9,(#3252,#3253,#3254,#3255,#3256,
    #3257,#3258,#3259,#3260,#3261),.UNSPECIFIED.,.F.,.F.,(10,10),(0.,1.)
  ,.PIECEWISE_BEZIER_KNOTS.);
#3252 = CARTESIAN_POINT('',(0.,0.));
#3253 = CARTESIAN_POINT('',(2.631582200744E-03,-2.050389959129E-04));
#3254 = CARTESIAN_POINT('',(5.341037774784E-03,-2.899521398123E-04));
#3255 = CARTESIAN_POINT('',(7.057994505778E-03,-1.717614187916E-04));
#3256 = CARTESIAN_POINT('',(6.71118418305E-03,1.667030122784E-04));
#3257 = CARTESIAN_POINT('',(3.858771762656E-03,6.201163414276E-04));
#3258 = CARTESIAN_POINT('',(-4.998491461947E-06,9.509567217096E-04));
#3259 = CARTESIAN_POINT('',(-3.142817967177E-03,1.058623279513E-03));
#3260 = CARTESIAN_POINT('',(-4.725367976136E-03,9.644059441581E-04));
#3261 = CARTESIAN_POINT('',(-4.741057030704E-03,7.536282048737E-04));
#3262 = ( GEOMETRIC_REPRESENTATION_CONTEXT(2) 
PARAMETRIC_REPRESENTATION_CONTEXT() REPRESENTATION_CONTEXT('2D SPACE',''
  ) );
#3263 = ADVANCED_FACE('',(#3264),#921,.T.);
#3264 = FACE_BOUND('',#3265,.T.);
#3265 = EDGE_LOOP('',(#3266,#3293,#3294,#3321));
#3266 = ORIENTED_EDGE('',*,*,#3267,.F.);
#3267 = EDGE_CURVE('',#902,#3268,#3270,.T.);
#3268 = VERTEX_POINT('',#3269);
#3269 = CARTESIAN_POINT('',(0.190295799381,0.362715550426,
    -0.104695076956));
#3270 = SURFACE_CURVE('',#3271,(#3279,#3286),.PCURVE_S1.);
#3271 = ( BOUNDED_CURVE() B_SPLINE_CURVE(6,(#3272,#3273,#3274,#3275,
#3276,#3277,#3278),.UNSPECIFIED.,.F.,.F.) B_SPLINE_CURVE_WITH_KNOTS((7,7
),(0.,1.),.PIECEWISE_BEZIER_KNOTS.) CURVE() 
GEOMETRIC_REPRESENTATION_ITEM() RATIONAL_B_SPLINE_CURVE((1.,1.,1.,1.,1.,
1.,1.)) REPRESENTATION_ITEM('') );
#3272 = CARTESIAN_POINT('',(0.190189282869,0.303885529293,
    5.235515891486E-02));
#3273 = CARTESIAN_POINT('',(0.190038500156,0.313688833908,
    2.656141068755E-02));
#3274 = CARTESIAN_POINT('',(0.190253021635,0.318293301012,
    -4.182287788984E-04));
#3275 = CARTESIAN_POINT('',(0.192596147285,0.35279548141,
    -2.022328802559E-02));
#3276 = CARTESIAN_POINT('',(0.191449873883,0.338594074221,
    -5.227828557629E-02));
#3277 = CARTESIAN_POINT('',(0.192552737361,0.366404010961,
    -7.448326988607E-02));
#3278 = CARTESIAN_POINT('',(0.190295799381,0.362715550426,
    -0.104695076956));
#3279 = PCURVE('',#921,#3280);
#3280 = DEFINITIONAL_REPRESENTATION('',(#3281),#3285);
#3281 = LINE('',#3282,#3283);
#3282 = CARTESIAN_POINT('',(1.,0.));
#3283 = VECTOR('',#3284,1.);
#3284 = DIRECTION('',(0.,1.));
#3285 = ( GEOMETRIC_REPRESENTATION_CONTEXT(2) 
PARAMETRIC_REPRESENTATION_CONTEXT() REPRESENTATION_CONTEXT('2D SPACE',''
  ) );
#3286 = PCURVE('',#1073,#3287);
#3287 = DEFINITIONAL_REPRESENTATION('',(#3288),#3292);
#3288 = LINE('',#3289,#3290);
#3289 = CARTESIAN_POINT('',(1.,0.));
#3290 = VECTOR('',#3291,1.);
#3291 = DIRECTION('',(0.,1.));
#3292 = ( GEOMETRIC_REPRESENTATION_CONTEXT(2) 
PARAMETRIC_REPRESENTATION_CONTEXT() REPRESENTATION_CONTEXT('2D SPACE',''
  ) );
#3293 = ORIENTED_EDGE('',*,*,#899,.F.);
#3294 = ORIENTED_EDGE('',*,*,#3295,.T.);
#3295 = EDGE_CURVE('',#900,#3296,#3298,.T.);
#3296 = VERTEX_POINT('',#3297);
#3297 = CARTESIAN_POINT('',(0.190270461103,0.360604204404,
    -0.105463544062));
#3298 = SURFACE_CURVE('',#3299,(#3307,#3314),.PCURVE_S1.);
#3299 = ( BOUNDED_CURVE() B_SPLINE_CURVE(6,(#3300,#3301,#3302,#3303,
#3304,#3305,#3306),.UNSPECIFIED.,.F.,.F.) B_SPLINE_CURVE_WITH_KNOTS((7,7
),(0.,1.),.PIECEWISE_BEZIER_KNOTS.) CURVE() 
GEOMETRIC_REPRESENTATION_ITEM() RATIONAL_B_SPLINE_CURVE((1.,1.,1.,1.,1.,
1.,1.)) REPRESENTATION_ITEM('') );
#3300 = CARTESIAN_POINT('',(0.190489475509,0.303965825605,
    5.238438438222E-02));
#3301 = CARTESIAN_POINT('',(0.191069301112,0.315304457937,
    2.714944974397E-02));
#3302 = CARTESIAN_POINT('',(0.187526575357,0.312893509401,
    -2.383592196359E-03));
#3303 = CARTESIAN_POINT('',(0.201780505094,0.370049692316,
    -1.394326884007E-02));
#3304 = CARTESIAN_POINT('',(0.188221712113,0.334215899804,
    -5.387181074463E-02));
#3305 = CARTESIAN_POINT('',(0.192759126245,0.359488969804,
    -7.700013903608E-02));
#3306 = CARTESIAN_POINT('',(0.190270461103,0.360604204404,
    -0.105463544062));
#3307 = PCURVE('',#921,#3308);
#3308 = DEFINITIONAL_REPRESENTATION('',(#3309),#3313);
#3309 = LINE('',#3310,#3311);
#3310 = CARTESIAN_POINT('',(2.,0.));
#3311 = VECTOR('',#3312,1.);
#3312 = DIRECTION('',(0.,1.));
#3313 = ( GEOMETRIC_REPRESENTATION_CONTEXT(2) 
PARAMETRIC_REPRESENTATION_CONTEXT() REPRESENTATION_CONTEXT('2D SPACE',''
  ) );
#3314 = PCURVE('',#1481,#3315);
#3315 = DEFINITIONAL_REPRESENTATION('',(#3316),#3320);
#3316 = LINE('',#3317,#3318);
#3317 = CARTESIAN_POINT('',(2.,0.));
#3318 = VECTOR('',#3319,1.);
#3319 = DIRECTION('',(0.,1.));
#3320 = ( GEOMETRIC_REPRESENTATION_CONTEXT(2) 
PARAMETRIC_REPRESENTATION_CONTEXT() REPRESENTATION_CONTEXT('2D SPACE',''
  ) );
#3321 = ORIENTED_EDGE('',*,*,#3322,.F.);
#3322 = EDGE_CURVE('',#3268,#3296,#3323,.T.);
#3323 = SURFACE_CURVE('',#3324,(#3335,#3342),.PCURVE_S1.);
#3324 = B_SPLINE_CURVE_WITH_KNOTS('',9,(#3325,#3326,#3327,#3328,#3329,
    #3330,#3331,#3332,#3333,#3334),.UNSPECIFIED.,.F.,.F.,(10,10),(1.,2.)
  ,.PIECEWISE_BEZIER_KNOTS.);
#3325 = CARTESIAN_POINT('',(0.190295799381,0.362715550426,
    -0.104695076956));
#3326 = CARTESIAN_POINT('',(0.190338877367,0.362709024435,
    -0.104697452222));
#3327 = CARTESIAN_POINT('',(0.190371308799,0.362640433935,
    -0.104722417122));
#3328 = CARTESIAN_POINT('',(0.19039233335,0.362509801081,-0.104769963593
    ));
#3329 = CARTESIAN_POINT('',(0.190401462953,0.362318708776,
    -0.104839515504));
#3330 = CARTESIAN_POINT('',(0.190398480205,0.362070167294,
    -0.104929977205));
#3331 = CARTESIAN_POINT('',(0.190383436762,0.361768480916,
    -0.105039782067));
#3332 = CARTESIAN_POINT('',(0.190356651737,0.36141911455,-0.105166941025
    ));
#3333 = CARTESIAN_POINT('',(0.190318710107,0.361028560362,
    -0.105309091124));
#3334 = CARTESIAN_POINT('',(0.190270461103,0.360604204404,
    -0.105463544062));
#3335 = PCURVE('',#921,#3336);
#3336 = DEFINITIONAL_REPRESENTATION('',(#3337),#3341);
#3337 = LINE('',#3338,#3339);
#3338 = CARTESIAN_POINT('',(0.,1.));
#3339 = VECTOR('',#3340,1.);
#3340 = DIRECTION('',(1.,0.));
#3341 = ( GEOMETRIC_REPRESENTATION_CONTEXT(2) 
PARAMETRIC_REPRESENTATION_CONTEXT() REPRESENTATION_CONTEXT('2D SPACE',''
  ) );
#3342 = PCURVE('',#3343,#3348);
#3343 = PLANE('',#3344);
#3344 = AXIS2_PLACEMENT_3D('',#3345,#3346,#3347);
#3345 = CARTESIAN_POINT('',(0.189928923695,0.358217672705,
    -0.106332170564));
#3346 = DIRECTION('',(-1.912825318152E-14,0.342020143326,-0.939692620786
    ));
#3347 = DIRECTION('',(-0.232003354325,-0.914053094275,-0.332688118855));
#3348 = DEFINITIONAL_REPRESENTATION('',(#3349),#3360);
#3349 = B_SPLINE_CURVE_WITH_KNOTS('',9,(#3350,#3351,#3352,#3353,#3354,
    #3355,#3356,#3357,#3358,#3359),.UNSPECIFIED.,.F.,.F.,(10,10),(1.,2.)
  ,.PIECEWISE_BEZIER_KNOTS.);
#3350 = CARTESIAN_POINT('',(-4.741057030704E-03,7.536282048735E-04));
#3351 = CARTESIAN_POINT('',(-4.744295943622E-03,7.101143819295E-04));
#3352 = CARTESIAN_POINT('',(-4.680819260204E-03,6.616333405418E-04));
#3353 = CARTESIAN_POINT('',(-4.550473516239E-03,6.089301323307E-04));
#3354 = CARTESIAN_POINT('',(-4.354784006889E-03,5.528703131597E-04));
#3355 = CARTESIAN_POINT('',(-4.096816356205E-03,4.944085714219E-04));
#3356 = CARTESIAN_POINT('',(-3.781038086636E-03,4.34557356325E-04));
#3357 = CARTESIAN_POINT('',(-3.413180188538E-03,3.743555061773E-04));
#3358 = CARTESIAN_POINT('',(-3.000098689688E-03,3.148368766721E-04));
#3359 = CARTESIAN_POINT('',(-2.549636224791E-03,2.569989691741E-04));
#3360 = ( GEOMETRIC_REPRESENTATION_CONTEXT(2) 
PARAMETRIC_REPRESENTATION_CONTEXT() REPRESENTATION_CONTEXT('2D SPACE',''
  ) );
#3361 = ADVANCED_FACE('',(#3362),#1481,.T.);
#3362 = FACE_BOUND('',#3363,.T.);
#3363 = EDGE_LOOP('',(#3364,#3365,#3366,#3393));
#3364 = ORIENTED_EDGE('',*,*,#3295,.F.);
#3365 = ORIENTED_EDGE('',*,*,#1445,.F.);
#3366 = ORIENTED_EDGE('',*,*,#3367,.T.);
#3367 = EDGE_CURVE('',#1325,#3368,#3370,.T.);
#3368 = VERTEX_POINT('',#3369);
#3369 = CARTESIAN_POINT('',(0.190090195162,0.359238535263,
    -0.105960606979));
#3370 = SURFACE_CURVE('',#3371,(#3379,#3386),.PCURVE_S1.);
#3371 = ( BOUNDED_CURVE() B_SPLINE_CURVE(6,(#3372,#3373,#3374,#3375,
#3376,#3377,#3378),.UNSPECIFIED.,.F.,.F.) B_SPLINE_CURVE_WITH_KNOTS((7,7
),(0.,1.),.PIECEWISE_BEZIER_KNOTS.) CURVE() 
GEOMETRIC_REPRESENTATION_ITEM() RATIONAL_B_SPLINE_CURVE((1.,1.,1.,1.,1.,
1.,1.)) REPRESENTATION_ITEM('') );
#3372 = CARTESIAN_POINT('',(0.191244974857,0.30415446485,
    5.245304345262E-02));
#3373 = CARTESIAN_POINT('',(0.184528520088,0.300372613032,
    2.171470265565E-02));
#3374 = CARTESIAN_POINT('',(0.218565672286,0.376570420298,
    2.079290798019E-02));
#3375 = CARTESIAN_POINT('',(0.174837242567,0.300910250769,
    -3.910796757691E-02));
#3376 = CARTESIAN_POINT('',(0.19607154644,0.351342249962,
    -4.763832906544E-02));
#3377 = CARTESIAN_POINT('',(0.19117269569,0.352090571448,
    -7.969293581889E-02));
#3378 = CARTESIAN_POINT('',(0.190090195162,0.359238535263,
    -0.105960606979));
#3379 = PCURVE('',#1481,#3380);
#3380 = DEFINITIONAL_REPRESENTATION('',(#3381),#3385);
#3381 = LINE('',#3382,#3383);
#3382 = CARTESIAN_POINT('',(3.,0.));
#3383 = VECTOR('',#3384,1.);
#3384 = DIRECTION('',(0.,1.));
#3385 = ( GEOMETRIC_REPRESENTATION_CONTEXT(2) 
PARAMETRIC_REPRESENTATION_CONTEXT() REPRESENTATION_CONTEXT('2D SPACE',''
  ) );
#3386 = PCURVE('',#1358,#3387);
#3387 = DEFINITIONAL_REPRESENTATION('',(#3388),#3392);
#3388 = LINE('',#3389,#3390);
#3389 = CARTESIAN_POINT('',(3.,0.));
#3390 = VECTOR('',#3391,1.);
#3391 = DIRECTION('',(0.,1.));
#3392 = ( GEOMETRIC_REPRESENTATION_CONTEXT(2) 
PARAMETRIC_REPRESENTATION_CONTEXT() REPRESENTATION_CONTEXT('2D SPACE',''
  ) );
#3393 = ORIENTED_EDGE('',*,*,#3394,.F.);
#3394 = EDGE_CURVE('',#3296,#3368,#3395,.T.);
#3395 = SURFACE_CURVE('',#3396,(#3407,#3414),.PCURVE_S1.);
#3396 = B_SPLINE_CURVE_WITH_KNOTS('',9,(#3397,#3398,#3399,#3400,#3401,
    #3402,#3403,#3404,#3405,#3406),.UNSPECIFIED.,.F.,.F.,(10,10),(2.,3.)
  ,.PIECEWISE_BEZIER_KNOTS.);
#3397 = CARTESIAN_POINT('',(0.190270461103,0.360604204404,
    -0.105463544062));
#3398 = CARTESIAN_POINT('',(0.190254585044,0.360464572496,-0.10551436592
    ));
#3399 = CARTESIAN_POINT('',(0.190237583366,0.360321252351,
    -0.105566530187));
#3400 = CARTESIAN_POINT('',(0.190219493462,0.360174527236,
    -0.105619933762));
#3401 = CARTESIAN_POINT('',(0.190200352721,0.36002468042,-0.105674473542
    ));
#3402 = CARTESIAN_POINT('',(0.190180198535,0.359871995174,
    -0.105730046427));
#3403 = CARTESIAN_POINT('',(0.190159068295,0.359716754766,
    -0.105786549315));
#3404 = CARTESIAN_POINT('',(0.190136999393,0.359559242465,
    -0.105843879104));
#3405 = CARTESIAN_POINT('',(0.190114029218,0.359399741541,
    -0.105901932692));
#3406 = CARTESIAN_POINT('',(0.190090195162,0.359238535263,
    -0.105960606979));
#3407 = PCURVE('',#1481,#3408);
#3408 = DEFINITIONAL_REPRESENTATION('',(#3409),#3413);
#3409 = LINE('',#3410,#3411);
#3410 = CARTESIAN_POINT('',(0.,1.));
#3411 = VECTOR('',#3412,1.);
#3412 = DIRECTION('',(1.,0.));
#3413 = ( GEOMETRIC_REPRESENTATION_CONTEXT(2) 
PARAMETRIC_REPRESENTATION_CONTEXT() REPRESENTATION_CONTEXT('2D SPACE',''
  ) );
#3414 = PCURVE('',#3343,#3415);
#3415 = DEFINITIONAL_REPRESENTATION('',(#3416),#3427);
#3416 = B_SPLINE_CURVE_WITH_KNOTS('',9,(#3417,#3418,#3419,#3420,#3421,
    #3422,#3423,#3424,#3425,#3426),.UNSPECIFIED.,.F.,.F.,(10,10),(2.,3.)
  ,.PIECEWISE_BEZIER_KNOTS.);
#3417 = CARTESIAN_POINT('',(-2.549636224791E-03,2.569989691741E-04));
#3418 = CARTESIAN_POINT('',(-2.401414120621E-03,2.379677356793E-04));
#3419 = CARTESIAN_POINT('',(-2.249113019857E-03,2.191208082511E-04));
#3420 = CARTESIAN_POINT('',(-2.093034821088E-03,2.004917531934E-04));
#3421 = CARTESIAN_POINT('',(-1.9334814229E-03,1.821141368104E-04));
#3422 = CARTESIAN_POINT('',(-1.770754723884E-03,1.640215254059E-04));
#3423 = CARTESIAN_POINT('',(-1.605156622627E-03,1.462474852839E-04));
#3424 = CARTESIAN_POINT('',(-1.436989017718E-03,1.288255827484E-04));
#3425 = CARTESIAN_POINT('',(-1.266553807745E-03,1.117893841034E-04));
#3426 = CARTESIAN_POINT('',(-1.094152891296E-03,9.517245565281E-05));
#3427 = ( GEOMETRIC_REPRESENTATION_CONTEXT(2) 
PARAMETRIC_REPRESENTATION_CONTEXT() REPRESENTATION_CONTEXT('2D SPACE',''
  ) );
#3428 = ADVANCED_FACE('',(#3429),#1358,.T.);
#3429 = FACE_BOUND('',#3430,.T.);
#3430 = EDGE_LOOP('',(#3431,#3432,#3433,#3460));
#3431 = ORIENTED_EDGE('',*,*,#3367,.F.);
#3432 = ORIENTED_EDGE('',*,*,#1324,.F.);
#3433 = ORIENTED_EDGE('',*,*,#3434,.T.);
#3434 = EDGE_CURVE('',#1180,#3435,#3437,.T.);
#3435 = VERTEX_POINT('',#3436);
#3436 = CARTESIAN_POINT('',(0.189984195476,0.35855344903,-0.106209957976
    ));
#3437 = SURFACE_CURVE('',#3438,(#3446,#3453),.PCURVE_S1.);
#3438 = ( BOUNDED_CURVE() B_SPLINE_CURVE(6,(#3439,#3440,#3441,#3442,
#3443,#3444,#3445),.UNSPECIFIED.,.F.,.F.) B_SPLINE_CURVE_WITH_KNOTS((7,7
),(0.,1.),.PIECEWISE_BEZIER_KNOTS.) CURVE() 
GEOMETRIC_REPRESENTATION_ITEM() RATIONAL_B_SPLINE_CURVE((1.,1.,1.,1.,1.,
1.,1.)) REPRESENTATION_ITEM('') );
#3439 = CARTESIAN_POINT('',(0.193425522383,0.304583087441,
    5.260904931734E-02));
#3440 = CARTESIAN_POINT('',(0.213243947489,0.333522005697,
    3.378009486972E-02));
#3441 = CARTESIAN_POINT('',(0.166634288094,0.296865768133,
    -8.217212940617E-03));
#3442 = CARTESIAN_POINT('',(0.20777362263,0.347749887448,
    -2.2059734042E-02));
#3443 = CARTESIAN_POINT('',(0.185249657517,0.334226347534,
    -5.386800808196E-02));
#3444 = CARTESIAN_POINT('',(0.191780674755,0.351042843641,
    -8.007427755408E-02));
#3445 = CARTESIAN_POINT('',(0.189984195476,0.35855344903,-0.106209957976
    ));
#3446 = PCURVE('',#1358,#3447);
#3447 = DEFINITIONAL_REPRESENTATION('',(#3448),#3452);
#3448 = LINE('',#3449,#3450);
#3449 = CARTESIAN_POINT('',(4.,0.));
#3450 = VECTOR('',#3451,1.);
#3451 = DIRECTION('',(0.,1.));
#3452 = ( GEOMETRIC_REPRESENTATION_CONTEXT(2) 
PARAMETRIC_REPRESENTATION_CONTEXT() REPRESENTATION_CONTEXT('2D SPACE',''
  ) );
#3453 = PCURVE('',#1229,#3454);
#3454 = DEFINITIONAL_REPRESENTATION('',(#3455),#3459);
#3455 = LINE('',#3456,#3457);
#3456 = CARTESIAN_POINT('',(4.,0.));
#3457 = VECTOR('',#3458,1.);
#3458 = DIRECTION('',(0.,1.));
#3459 = ( GEOMETRIC_REPRESENTATION_CONTEXT(2) 
PARAMETRIC_REPRESENTATION_CONTEXT() REPRESENTATION_CONTEXT('2D SPACE',''
  ) );
#3460 = ORIENTED_EDGE('',*,*,#3461,.F.);
#3461 = EDGE_CURVE('',#3368,#3435,#3462,.T.);
#3462 = SURFACE_CURVE('',#3463,(#3474,#3481),.PCURVE_S1.);
#3463 = B_SPLINE_CURVE_WITH_KNOTS('',9,(#3464,#3465,#3466,#3467,#3468,
    #3469,#3470,#3471,#3472,#3473),.UNSPECIFIED.,.F.,.F.,(10,10),(3.,4.)
  ,.PIECEWISE_BEZIER_KNOTS.);
#3464 = CARTESIAN_POINT('',(0.190090195162,0.359238535263,
    -0.105960606979));
#3465 = CARTESIAN_POINT('',(0.190079114057,0.35916358605,-0.105987886262
    ));
#3466 = CARTESIAN_POINT('',(0.190067847719,0.359088272394,
    -0.106015298191));
#3467 = CARTESIAN_POINT('',(0.190056400892,0.359012624969,
    -0.106042831602));
#3468 = CARTESIAN_POINT('',(0.190044778325,0.358936674449,
    -0.106070475331));
#3469 = CARTESIAN_POINT('',(0.190032984761,0.358860451508,
    -0.106098218212));
#3470 = CARTESIAN_POINT('',(0.190021024949,0.358783986822,
    -0.106126049082));
#3471 = CARTESIAN_POINT('',(0.190008903633,0.358707311064,
    -0.106153956776));
#3472 = CARTESIAN_POINT('',(0.18999662556,0.358630454908,-0.106181930128
    ));
#3473 = CARTESIAN_POINT('',(0.189984195476,0.35855344903,-0.106209957976
    ));
#3474 = PCURVE('',#1358,#3475);
#3475 = DEFINITIONAL_REPRESENTATION('',(#3476),#3480);
#3476 = LINE('',#3477,#3478);
#3477 = CARTESIAN_POINT('',(0.,1.));
#3478 = VECTOR('',#3479,1.);
#3479 = DIRECTION('',(1.,0.));
#3480 = ( GEOMETRIC_REPRESENTATION_CONTEXT(2) 
PARAMETRIC_REPRESENTATION_CONTEXT() REPRESENTATION_CONTEXT('2D SPACE',''
  ) );
#3481 = PCURVE('',#3343,#3482);
#3482 = DEFINITIONAL_REPRESENTATION('',(#3483),#3494);
#3483 = B_SPLINE_CURVE_WITH_KNOTS('',9,(#3484,#3485,#3486,#3487,#3488,
    #3489,#3490,#3491,#3492,#3493),.UNSPECIFIED.,.F.,.F.,(10,10),(3.,4.)
  ,.PIECEWISE_BEZIER_KNOTS.);
#3484 = CARTESIAN_POINT('',(-1.094152891296E-03,9.517245565281E-05));
#3485 = CARTESIAN_POINT('',(-1.01399898483E-03,8.744679063757E-05));
#3486 = CARTESIAN_POINT('',(-9.334248528118E-04,7.98113267023E-05));
#3487 = CARTESIAN_POINT('',(-8.524633486987E-04,7.226902054883E-05));
#3488 = CARTESIAN_POINT('',(-7.711473259474E-04,6.482282887901E-05));
#3489 = CARTESIAN_POINT('',(-6.895096380145E-04,5.747570839465E-05));
#3490 = CARTESIAN_POINT('',(-6.075831383569E-04,5.023061579781E-05));
#3491 = CARTESIAN_POINT('',(-5.254006804312E-04,4.309050779022E-05));
#3492 = CARTESIAN_POINT('',(-4.429951176945E-04,3.605834107374E-05));
#3493 = CARTESIAN_POINT('',(-3.603993036034E-04,2.913707235039E-05));
#3494 = ( GEOMETRIC_REPRESENTATION_CONTEXT(2) 
PARAMETRIC_REPRESENTATION_CONTEXT() REPRESENTATION_CONTEXT('2D SPACE',''
  ) );
#3495 = ADVANCED_FACE('',(#3496),#1229,.T.);
#3496 = FACE_BOUND('',#3497,.T.);
#3497 = EDGE_LOOP('',(#3498,#3499,#3500,#3527));
#3498 = ORIENTED_EDGE('',*,*,#3434,.F.);
#3499 = ORIENTED_EDGE('',*,*,#1179,.F.);
#3500 = ORIENTED_EDGE('',*,*,#3501,.T.);
#3501 = EDGE_CURVE('',#1002,#3502,#3504,.T.);
#3502 = VERTEX_POINT('',#3503);
#3503 = CARTESIAN_POINT('',(0.189928923695,0.358217672705,
    -0.106332170564));
#3504 = SURFACE_CURVE('',#3505,(#3513,#3520),.PCURVE_S1.);
#3505 = ( BOUNDED_CURVE() B_SPLINE_CURVE(6,(#3506,#3507,#3508,#3509,
#3510,#3511,#3512),.UNSPECIFIED.,.F.,.F.) B_SPLINE_CURVE_WITH_KNOTS((7,7
),(0.,1.),.PIECEWISE_BEZIER_KNOTS.) CURVE() 
GEOMETRIC_REPRESENTATION_ITEM() RATIONAL_B_SPLINE_CURVE((1.,1.,1.,1.,1.,
1.,1.)) REPRESENTATION_ITEM('') );
#3506 = CARTESIAN_POINT('',(0.198941330285,0.303817095646,
    5.233025110418E-02));
#3507 = CARTESIAN_POINT('',(0.185721813454,0.30891762075,
    2.482483111652E-02));
#3508 = CARTESIAN_POINT('',(0.196376152523,0.321622108872,
    7.933581978526E-04));
#3509 = CARTESIAN_POINT('',(0.188692928204,0.329503110852,
    -2.870101759434E-02));
#3510 = CARTESIAN_POINT('',(0.190820541724,0.338842027721,
    -5.21880378829E-02));
#3511 = CARTESIAN_POINT('',(0.191005275146,0.349292311994,
    -8.071141896806E-02));
#3512 = CARTESIAN_POINT('',(0.189928923695,0.358217672705,
    -0.106332170564));
#3513 = PCURVE('',#1229,#3514);
#3514 = DEFINITIONAL_REPRESENTATION('',(#3515),#3519);
#3515 = LINE('',#3516,#3517);
#3516 = CARTESIAN_POINT('',(5.,0.));
#3517 = VECTOR('',#3518,1.);
#3518 = DIRECTION('',(0.,1.));
#3519 = ( GEOMETRIC_REPRESENTATION_CONTEXT(2) 
PARAMETRIC_REPRESENTATION_CONTEXT() REPRESENTATION_CONTEXT('2D SPACE',''
  ) );
#3520 = PCURVE('',#1073,#3521);
#3521 = DEFINITIONAL_REPRESENTATION('',(#3522),#3526);
#3522 = LINE('',#3523,#3524);
#3523 = CARTESIAN_POINT('',(0.,0.));
#3524 = VECTOR('',#3525,1.);
#3525 = DIRECTION('',(0.,1.));
#3526 = ( GEOMETRIC_REPRESENTATION_CONTEXT(2) 
PARAMETRIC_REPRESENTATION_CONTEXT() REPRESENTATION_CONTEXT('2D SPACE',''
  ) );
#3527 = ORIENTED_EDGE('',*,*,#3528,.F.);
#3528 = EDGE_CURVE('',#3435,#3502,#3529,.T.);
#3529 = SURFACE_CURVE('',#3530,(#3541,#3548),.PCURVE_S1.);
#3530 = B_SPLINE_CURVE_WITH_KNOTS('',9,(#3531,#3532,#3533,#3534,#3535,
    #3536,#3537,#3538,#3539,#3540),.UNSPECIFIED.,.F.,.F.,(10,10),(4.,5.)
  ,.PIECEWISE_BEZIER_KNOTS.);
#3531 = CARTESIAN_POINT('',(0.189984195476,0.35855344903,-0.106209957976
    ));
#3532 = CARTESIAN_POINT('',(0.189978190458,0.358516247215,
    -0.106223498329));
#3533 = CARTESIAN_POINT('',(0.189972150019,0.358479010549,
    -0.106237051367));
#3534 = CARTESIAN_POINT('',(0.189966074739,0.358441742539,
    -0.106250615814));
#3535 = CARTESIAN_POINT('',(0.189959965193,0.358404446693,
    -0.106264190391));
#3536 = CARTESIAN_POINT('',(0.189953821959,0.35836712652,-0.106277773824
    ));
#3537 = CARTESIAN_POINT('',(0.189947645615,0.358329785527,
    -0.106291364834));
#3538 = CARTESIAN_POINT('',(0.189941436738,0.358292427221,
    -0.106304962145));
#3539 = CARTESIAN_POINT('',(0.189935195906,0.358255055111,-0.10631856448
    ));
#3540 = CARTESIAN_POINT('',(0.189928923695,0.358217672705,
    -0.106332170564));
#3541 = PCURVE('',#1229,#3542);
#3542 = DEFINITIONAL_REPRESENTATION('',(#3543),#3547);
#3543 = LINE('',#3544,#3545);
#3544 = CARTESIAN_POINT('',(0.,1.));
#3545 = VECTOR('',#3546,1.);
#3546 = DIRECTION('',(1.,0.));
#3547 = ( GEOMETRIC_REPRESENTATION_CONTEXT(2) 
PARAMETRIC_REPRESENTATION_CONTEXT() REPRESENTATION_CONTEXT('2D SPACE',''
  ) );
#3548 = PCURVE('',#3343,#3549);
#3549 = DEFINITIONAL_REPRESENTATION('',(#3550),#3561);
#3550 = B_SPLINE_CURVE_WITH_KNOTS('',9,(#3551,#3552,#3553,#3554,#3555,
    #3556,#3557,#3558,#3559,#3560),.UNSPECIFIED.,.F.,.F.,(10,10),(4.,5.)
  ,.PIECEWISE_BEZIER_KNOTS.);
#3551 = CARTESIAN_POINT('',(-3.603993036034E-04,2.913707235039E-05));
#3552 = CARTESIAN_POINT('',(-3.20496970201E-04,2.579338265848E-05));
#3553 = CARTESIAN_POINT('',(-2.805503432797E-04,2.247554202268E-05));
#3554 = CARTESIAN_POINT('',(-2.405631878835E-04,1.918385483413E-05));
#3555 = CARTESIAN_POINT('',(-2.005392690564E-04,1.591862548397E-05));
#3556 = CARTESIAN_POINT('',(-1.604823518426E-04,1.268015836341E-05));
#3557 = CARTESIAN_POINT('',(-1.203962012859E-04,9.468757863562E-06));
#3558 = CARTESIAN_POINT('',(-8.028458243053E-05,6.284728375577E-06));
#3559 = CARTESIAN_POINT('',(-4.015126032053E-05,3.128374290673E-06));
#3560 = CARTESIAN_POINT('',(1.110223024625E-16,-4.163336342344E-17));
#3561 = ( GEOMETRIC_REPRESENTATION_CONTEXT(2) 
PARAMETRIC_REPRESENTATION_CONTEXT() REPRESENTATION_CONTEXT('2D SPACE',''
  ) );
#3562 = ADVANCED_FACE('',(#3563),#1073,.T.);
#3563 = FACE_BOUND('',#3564,.T.);
#3564 = EDGE_LOOP('',(#3565,#3566,#3567,#3568));
#3565 = ORIENTED_EDGE('',*,*,#3501,.F.);
#3566 = ORIENTED_EDGE('',*,*,#1001,.F.);
#3567 = ORIENTED_EDGE('',*,*,#3267,.T.);
#3568 = ORIENTED_EDGE('',*,*,#3569,.F.);
#3569 = EDGE_CURVE('',#3502,#3268,#3570,.T.);
#3570 = SURFACE_CURVE('',#3571,(#3582,#3589),.PCURVE_S1.);
#3571 = B_SPLINE_CURVE_WITH_KNOTS('',9,(#3572,#3573,#3574,#3575,#3576,
    #3577,#3578,#3579,#3580,#3581),.UNSPECIFIED.,.F.,.F.,(10,10),(0.,1.)
  ,.PIECEWISE_BEZIER_KNOTS.);
#3572 = CARTESIAN_POINT('',(0.189928923695,0.358217672705,
    -0.106332170564));
#3573 = CARTESIAN_POINT('',(0.189517832302,0.355767565923,
    -0.107223936503));
#3574 = CARTESIAN_POINT('',(0.188971825807,0.353272467601,
    -0.108132078024));
#3575 = CARTESIAN_POINT('',(0.188458520201,0.351728844965,
    -0.108693910716));
#3576 = CARTESIAN_POINT('',(0.188209751935,0.352119637267,
    -0.108551673951));
#3577 = CARTESIAN_POINT('',(0.188430479245,0.35482574314,-0.107566731962
    ));
#3578 = CARTESIAN_POINT('',(0.189005073508,0.358429561416,-0.10625504938
    ));
#3579 = CARTESIAN_POINT('',(0.189628329277,0.361321167602,
    -0.105202590799));
#3580 = CARTESIAN_POINT('',(0.190087132802,0.36274716184,-0.104683571342
    ));
#3581 = CARTESIAN_POINT('',(0.190295799381,0.362715550426,
    -0.104695076956));
#3582 = PCURVE('',#1073,#3583);
#3583 = DEFINITIONAL_REPRESENTATION('',(#3584),#3588);
#3584 = LINE('',#3585,#3586);
#3585 = CARTESIAN_POINT('',(0.,1.));
#3586 = VECTOR('',#3587,1.);
#3587 = DIRECTION('',(1.,0.));
#3588 = ( GEOMETRIC_REPRESENTATION_CONTEXT(2) 
PARAMETRIC_REPRESENTATION_CONTEXT() REPRESENTATION_CONTEXT('2D SPACE',''
  ) );
#3589 = PCURVE('',#3343,#3590);
#3590 = DEFINITIONAL_REPRESENTATION('',(#3591),#3602);
#3591 = B_SPLINE_CURVE_WITH_KNOTS('',9,(#3592,#3593,#3594,#3595,#3596,
    #3597,#3598,#3599,#3600,#3601),.UNSPECIFIED.,.F.,.F.,(10,10),(0.,1.)
  ,.PIECEWISE_BEZIER_KNOTS.);
#3592 = CARTESIAN_POINT('',(0.,0.));
#3593 = CARTESIAN_POINT('',(2.631582200734E-03,-2.050389959167E-04));
#3594 = CARTESIAN_POINT('',(5.341037774818E-03,-2.899521397991E-04));
#3595 = CARTESIAN_POINT('',(7.057994505713E-03,-1.717614188186E-04));
#3596 = CARTESIAN_POINT('',(6.711184183137E-03,1.66703012316E-04));
#3597 = CARTESIAN_POINT('',(3.858771762576E-03,6.201163413913E-04));
#3598 = CARTESIAN_POINT('',(-4.998491408281E-06,9.509567217337E-04));
#3599 = CARTESIAN_POINT('',(-3.142817967201E-03,1.058623279502E-03));
#3600 = CARTESIAN_POINT('',(-4.72536797613E-03,9.644059441603E-04));
#3601 = CARTESIAN_POINT('',(-4.741057030704E-03,7.536282048735E-04));
#3602 = ( GEOMETRIC_REPRESENTATION_CONTEXT(2) 
PARAMETRIC_REPRESENTATION_CONTEXT() REPRESENTATION_CONTEXT('2D SPACE',''
  ) );
#3603 = ADVANCED_FACE('',(#3604),#1594,.T.);
#3604 = FACE_BOUND('',#3605,.T.);
#3605 = EDGE_LOOP('',(#3606,#3633,#3634,#3661));
#3606 = ORIENTED_EDGE('',*,*,#3607,.F.);
#3607 = EDGE_CURVE('',#1575,#3608,#3610,.T.);
#3608 = VERTEX_POINT('',#3609);
#3609 = CARTESIAN_POINT('',(0.190295799381,0.231884449574,0.225895076956
    ));
#3610 = SURFACE_CURVE('',#3611,(#3619,#3626),.PCURVE_S1.);
#3611 = ( BOUNDED_CURVE() B_SPLINE_CURVE(6,(#3612,#3613,#3614,#3615,
#3616,#3617,#3618),.UNSPECIFIED.,.F.,.F.) B_SPLINE_CURVE_WITH_KNOTS((7,7
),(0.,1.),.PIECEWISE_BEZIER_KNOTS.) CURVE() 
GEOMETRIC_REPRESENTATION_ITEM() RATIONAL_B_SPLINE_CURVE((1.,1.,1.,1.,1.,
1.,1.)) REPRESENTATION_ITEM('') );
#3612 = CARTESIAN_POINT('',(0.190189282869,0.290714470707,
    6.884484108514E-02));
#3613 = CARTESIAN_POINT('',(0.190038500156,0.280911166092,
    9.463858931245E-02));
#3614 = CARTESIAN_POINT('',(0.190253021635,0.276306698988,0.121618228779
    ));
#3615 = CARTESIAN_POINT('',(0.192596147285,0.24180451859,0.141423288026)
  );
#3616 = CARTESIAN_POINT('',(0.191449873883,0.256005925779,0.173478285576
    ));
#3617 = CARTESIAN_POINT('',(0.192552737361,0.228195989039,0.195683269886
    ));
#3618 = CARTESIAN_POINT('',(0.190295799381,0.231884449574,0.225895076956
    ));
#3619 = PCURVE('',#1594,#3620);
#3620 = DEFINITIONAL_REPRESENTATION('',(#3621),#3625);
#3621 = LINE('',#3622,#3623);
#3622 = CARTESIAN_POINT('',(1.,0.));
#3623 = VECTOR('',#3624,1.);
#3624 = DIRECTION('',(0.,1.));
#3625 = ( GEOMETRIC_REPRESENTATION_CONTEXT(2) 
PARAMETRIC_REPRESENTATION_CONTEXT() REPRESENTATION_CONTEXT('2D SPACE',''
  ) );
#3626 = PCURVE('',#1746,#3627);
#3627 = DEFINITIONAL_REPRESENTATION('',(#3628),#3632);
#3628 = LINE('',#3629,#3630);
#3629 = CARTESIAN_POINT('',(1.,0.));
#3630 = VECTOR('',#3631,1.);
#3631 = DIRECTION('',(0.,1.));
#3632 = ( GEOMETRIC_REPRESENTATION_CONTEXT(2) 
PARAMETRIC_REPRESENTATION_CONTEXT() REPRESENTATION_CONTEXT('2D SPACE',''
  ) );
#3633 = ORIENTED_EDGE('',*,*,#1572,.F.);
#3634 = ORIENTED_EDGE('',*,*,#3635,.T.);
#3635 = EDGE_CURVE('',#1573,#3636,#3638,.T.);
#3636 = VERTEX_POINT('',#3637);
#3637 = CARTESIAN_POINT('',(0.190270461103,0.233995795596,0.226663544062
    ));
#3638 = SURFACE_CURVE('',#3639,(#3647,#3654),.PCURVE_S1.);
#3639 = ( BOUNDED_CURVE() B_SPLINE_CURVE(6,(#3640,#3641,#3642,#3643,
#3644,#3645,#3646),.UNSPECIFIED.,.F.,.F.) B_SPLINE_CURVE_WITH_KNOTS((7,7
),(0.,1.),.PIECEWISE_BEZIER_KNOTS.) CURVE() 
GEOMETRIC_REPRESENTATION_ITEM() RATIONAL_B_SPLINE_CURVE((1.,1.,1.,1.,1.,
1.,1.)) REPRESENTATION_ITEM('') );
#3640 = CARTESIAN_POINT('',(0.190489475509,0.290634174395,
    6.881561561778E-02));
#3641 = CARTESIAN_POINT('',(0.191069301112,0.279295542063,
    9.405055025603E-02));
#3642 = CARTESIAN_POINT('',(0.187526575356,0.281706490599,0.123583592196
    ));
#3643 = CARTESIAN_POINT('',(0.201780505094,0.224550307684,0.13514326884)
  );
#3644 = CARTESIAN_POINT('',(0.188221712113,0.260384100196,0.175071810745
    ));
#3645 = CARTESIAN_POINT('',(0.192759126245,0.235111030196,0.198200139036
    ));
#3646 = CARTESIAN_POINT('',(0.190270461103,0.233995795596,0.226663544062
    ));
#3647 = PCURVE('',#1594,#3648);
#3648 = DEFINITIONAL_REPRESENTATION('',(#3649),#3653);
#3649 = LINE('',#3650,#3651);
#3650 = CARTESIAN_POINT('',(2.,0.));
#3651 = VECTOR('',#3652,1.);
#3652 = DIRECTION('',(0.,1.));
#3653 = ( GEOMETRIC_REPRESENTATION_CONTEXT(2) 
PARAMETRIC_REPRESENTATION_CONTEXT() REPRESENTATION_CONTEXT('2D SPACE',''
  ) );
#3654 = PCURVE('',#2154,#3655);
#3655 = DEFINITIONAL_REPRESENTATION('',(#3656),#3660);
#3656 = LINE('',#3657,#3658);
#3657 = CARTESIAN_POINT('',(2.,0.));
#3658 = VECTOR('',#3659,1.);
#3659 = DIRECTION('',(0.,1.));
#3660 = ( GEOMETRIC_REPRESENTATION_CONTEXT(2) 
PARAMETRIC_REPRESENTATION_CONTEXT() REPRESENTATION_CONTEXT('2D SPACE',''
  ) );
#3661 = ORIENTED_EDGE('',*,*,#3662,.F.);
#3662 = EDGE_CURVE('',#3608,#3636,#3663,.T.);
#3663 = SURFACE_CURVE('',#3664,(#3675,#3682),.PCURVE_S1.);
#3664 = B_SPLINE_CURVE_WITH_KNOTS('',9,(#3665,#3666,#3667,#3668,#3669,
    #3670,#3671,#3672,#3673,#3674),.UNSPECIFIED.,.F.,.F.,(10,10),(1.,2.)
  ,.PIECEWISE_BEZIER_KNOTS.);
#3665 = CARTESIAN_POINT('',(0.190295799381,0.231884449574,0.225895076956
    ));
#3666 = CARTESIAN_POINT('',(0.190338877367,0.231890975565,0.225897452222
    ));
#3667 = CARTESIAN_POINT('',(0.190371308799,0.231959566065,0.225922417122
    ));
#3668 = CARTESIAN_POINT('',(0.19039233335,0.232090198919,0.225969963593)
  );
#3669 = CARTESIAN_POINT('',(0.190401462953,0.232281291224,0.226039515504
    ));
#3670 = CARTESIAN_POINT('',(0.190398480205,0.232529832706,0.226129977205
    ));
#3671 = CARTESIAN_POINT('',(0.190383436762,0.232831519084,0.226239782067
    ));
#3672 = CARTESIAN_POINT('',(0.190356651737,0.23318088545,0.226366941025)
  );
#3673 = CARTESIAN_POINT('',(0.190318710107,0.233571439638,0.226509091124
    ));
#3674 = CARTESIAN_POINT('',(0.190270461103,0.233995795596,0.226663544062
    ));
#3675 = PCURVE('',#1594,#3676);
#3676 = DEFINITIONAL_REPRESENTATION('',(#3677),#3681);
#3677 = LINE('',#3678,#3679);
#3678 = CARTESIAN_POINT('',(0.,1.));
#3679 = VECTOR('',#3680,1.);
#3680 = DIRECTION('',(1.,0.));
#3681 = ( GEOMETRIC_REPRESENTATION_CONTEXT(2) 
PARAMETRIC_REPRESENTATION_CONTEXT() REPRESENTATION_CONTEXT('2D SPACE',''
  ) );
#3682 = PCURVE('',#3683,#3688);
#3683 = PLANE('',#3684);
#3684 = AXIS2_PLACEMENT_3D('',#3685,#3686,#3687);
#3685 = CARTESIAN_POINT('',(0.189928923695,0.236382327295,0.227532170564
    ));
#3686 = DIRECTION('',(-1.323157362932E-14,-0.342020143326,0.939692620786
    ));
#3687 = DIRECTION('',(-0.232003354325,0.914053094275,0.332688118855));
#3688 = DEFINITIONAL_REPRESENTATION('',(#3689),#3700);
#3689 = B_SPLINE_CURVE_WITH_KNOTS('',9,(#3690,#3691,#3692,#3693,#3694,
    #3695,#3696,#3697,#3698,#3699),.UNSPECIFIED.,.F.,.F.,(10,10),(1.,2.)
  ,.PIECEWISE_BEZIER_KNOTS.);
#3690 = CARTESIAN_POINT('',(-4.741057030704E-03,7.536282048735E-04));
#3691 = CARTESIAN_POINT('',(-4.744295943623E-03,7.101143819297E-04));
#3692 = CARTESIAN_POINT('',(-4.680819260205E-03,6.61633340542E-04));
#3693 = CARTESIAN_POINT('',(-4.550473516239E-03,6.089301323306E-04));
#3694 = CARTESIAN_POINT('',(-4.354784006888E-03,5.528703131595E-04));
#3695 = CARTESIAN_POINT('',(-4.096816356205E-03,4.944085714217E-04));
#3696 = CARTESIAN_POINT('',(-3.781038086636E-03,4.345573563251E-04));
#3697 = CARTESIAN_POINT('',(-3.413180188538E-03,3.743555061773E-04));
#3698 = CARTESIAN_POINT('',(-3.000098689688E-03,3.148368766721E-04));
#3699 = CARTESIAN_POINT('',(-2.549636224791E-03,2.56998969174E-04));
#3700 = ( GEOMETRIC_REPRESENTATION_CONTEXT(2) 
PARAMETRIC_REPRESENTATION_CONTEXT() REPRESENTATION_CONTEXT('2D SPACE',''
  ) );
#3701 = ADVANCED_FACE('',(#3702),#2154,.T.);
#3702 = FACE_BOUND('',#3703,.T.);
#3703 = EDGE_LOOP('',(#3704,#3705,#3706,#3733));
#3704 = ORIENTED_EDGE('',*,*,#3635,.F.);
#3705 = ORIENTED_EDGE('',*,*,#2118,.F.);
#3706 = ORIENTED_EDGE('',*,*,#3707,.T.);
#3707 = EDGE_CURVE('',#1998,#3708,#3710,.T.);
#3708 = VERTEX_POINT('',#3709);
#3709 = CARTESIAN_POINT('',(0.190090195162,0.235361464737,0.227160606979
    ));
#3710 = SURFACE_CURVE('',#3711,(#3719,#3726),.PCURVE_S1.);
#3711 = ( BOUNDED_CURVE() B_SPLINE_CURVE(6,(#3712,#3713,#3714,#3715,
#3716,#3717,#3718),.UNSPECIFIED.,.F.,.F.) B_SPLINE_CURVE_WITH_KNOTS((7,7
),(0.,1.),.PIECEWISE_BEZIER_KNOTS.) CURVE() 
GEOMETRIC_REPRESENTATION_ITEM() RATIONAL_B_SPLINE_CURVE((1.,1.,1.,1.,1.,
1.,1.)) REPRESENTATION_ITEM('') );
#3712 = CARTESIAN_POINT('',(0.191244974857,0.29044553515,
    6.874695654738E-02));
#3713 = CARTESIAN_POINT('',(0.184528520088,0.294227386968,
    9.948529734436E-02));
#3714 = CARTESIAN_POINT('',(0.218565672286,0.218029579702,0.10040709202)
  );
#3715 = CARTESIAN_POINT('',(0.174837242567,0.293689749231,0.160307967577
    ));
#3716 = CARTESIAN_POINT('',(0.19607154644,0.243257750038,0.168838329065)
  );
#3717 = CARTESIAN_POINT('',(0.19117269569,0.242509428552,0.200892935819)
  );
#3718 = CARTESIAN_POINT('',(0.190090195162,0.235361464737,0.227160606979
    ));
#3719 = PCURVE('',#2154,#3720);
#3720 = DEFINITIONAL_REPRESENTATION('',(#3721),#3725);
#3721 = LINE('',#3722,#3723);
#3722 = CARTESIAN_POINT('',(3.,0.));
#3723 = VECTOR('',#3724,1.);
#3724 = DIRECTION('',(0.,1.));
#3725 = ( GEOMETRIC_REPRESENTATION_CONTEXT(2) 
PARAMETRIC_REPRESENTATION_CONTEXT() REPRESENTATION_CONTEXT('2D SPACE',''
  ) );
#3726 = PCURVE('',#2031,#3727);
#3727 = DEFINITIONAL_REPRESENTATION('',(#3728),#3732);
#3728 = LINE('',#3729,#3730);
#3729 = CARTESIAN_POINT('',(3.,0.));
#3730 = VECTOR('',#3731,1.);
#3731 = DIRECTION('',(0.,1.));
#3732 = ( GEOMETRIC_REPRESENTATION_CONTEXT(2) 
PARAMETRIC_REPRESENTATION_CONTEXT() REPRESENTATION_CONTEXT('2D SPACE',''
  ) );
#3733 = ORIENTED_EDGE('',*,*,#3734,.F.);
#3734 = EDGE_CURVE('',#3636,#3708,#3735,.T.);
#3735 = SURFACE_CURVE('',#3736,(#3747,#3754),.PCURVE_S1.);
#3736 = B_SPLINE_CURVE_WITH_KNOTS('',9,(#3737,#3738,#3739,#3740,#3741,
    #3742,#3743,#3744,#3745,#3746),.UNSPECIFIED.,.F.,.F.,(10,10),(2.,3.)
  ,.PIECEWISE_BEZIER_KNOTS.);
#3737 = CARTESIAN_POINT('',(0.190270461103,0.233995795596,0.226663544062
    ));
#3738 = CARTESIAN_POINT('',(0.190254585044,0.234135427504,0.22671436592)
  );
#3739 = CARTESIAN_POINT('',(0.190237583366,0.234278747649,0.226766530187
    ));
#3740 = CARTESIAN_POINT('',(0.190219493462,0.234425472764,0.226819933762
    ));
#3741 = CARTESIAN_POINT('',(0.190200352721,0.23457531958,0.226874473542)
  );
#3742 = CARTESIAN_POINT('',(0.190180198535,0.234728004826,0.226930046427
    ));
#3743 = CARTESIAN_POINT('',(0.190159068295,0.234883245234,0.226986549315
    ));
#3744 = CARTESIAN_POINT('',(0.190136999393,0.235040757535,0.227043879104
    ));
#3745 = CARTESIAN_POINT('',(0.190114029218,0.235200258459,0.227101932692
    ));
#3746 = CARTESIAN_POINT('',(0.190090195162,0.235361464737,0.227160606979
    ));
#3747 = PCURVE('',#2154,#3748);
#3748 = DEFINITIONAL_REPRESENTATION('',(#3749),#3753);
#3749 = LINE('',#3750,#3751);
#3750 = CARTESIAN_POINT('',(0.,1.));
#3751 = VECTOR('',#3752,1.);
#3752 = DIRECTION('',(1.,0.));
#3753 = ( GEOMETRIC_REPRESENTATION_CONTEXT(2) 
PARAMETRIC_REPRESENTATION_CONTEXT() REPRESENTATION_CONTEXT('2D SPACE',''
  ) );
#3754 = PCURVE('',#3683,#3755);
#3755 = DEFINITIONAL_REPRESENTATION('',(#3756),#3767);
#3756 = B_SPLINE_CURVE_WITH_KNOTS('',9,(#3757,#3758,#3759,#3760,#3761,
    #3762,#3763,#3764,#3765,#3766),.UNSPECIFIED.,.F.,.F.,(10,10),(2.,3.)
  ,.PIECEWISE_BEZIER_KNOTS.);
#3757 = CARTESIAN_POINT('',(-2.549636224791E-03,2.56998969174E-04));
#3758 = CARTESIAN_POINT('',(-2.401414120621E-03,2.379677356794E-04));
#3759 = CARTESIAN_POINT('',(-2.249113019858E-03,2.191208082511E-04));
#3760 = CARTESIAN_POINT('',(-2.093034821088E-03,2.004917531934E-04));
#3761 = CARTESIAN_POINT('',(-1.933481422901E-03,1.821141368104E-04));
#3762 = CARTESIAN_POINT('',(-1.770754723884E-03,1.64021525406E-04));
#3763 = CARTESIAN_POINT('',(-1.605156622627E-03,1.462474852839E-04));
#3764 = CARTESIAN_POINT('',(-1.436989017718E-03,1.288255827483E-04));
#3765 = CARTESIAN_POINT('',(-1.266553807745E-03,1.117893841033E-04));
#3766 = CARTESIAN_POINT('',(-1.094152891296E-03,9.517245565283E-05));
#3767 = ( GEOMETRIC_REPRESENTATION_CONTEXT(2) 
PARAMETRIC_REPRESENTATION_CONTEXT() REPRESENTATION_CONTEXT('2D SPACE',''
  ) );
#3768 = ADVANCED_FACE('',(#3769),#2031,.T.);
#3769 = FACE_BOUND('',#3770,.T.);
#3770 = EDGE_LOOP('',(#3771,#3772,#3773,#3800));
#3771 = ORIENTED_EDGE('',*,*,#3707,.F.);
#3772 = ORIENTED_EDGE('',*,*,#1997,.F.);
#3773 = ORIENTED_EDGE('',*,*,#3774,.T.);
#3774 = EDGE_CURVE('',#1853,#3775,#3777,.T.);
#3775 = VERTEX_POINT('',#3776);
#3776 = CARTESIAN_POINT('',(0.189984195476,0.23604655097,0.227409957976)
  );
#3777 = SURFACE_CURVE('',#3778,(#3786,#3793),.PCURVE_S1.);
#3778 = ( BOUNDED_CURVE() B_SPLINE_CURVE(6,(#3779,#3780,#3781,#3782,
#3783,#3784,#3785),.UNSPECIFIED.,.F.,.F.) B_SPLINE_CURVE_WITH_KNOTS((7,7
),(0.,1.),.PIECEWISE_BEZIER_KNOTS.) CURVE() 
GEOMETRIC_REPRESENTATION_ITEM() RATIONAL_B_SPLINE_CURVE((1.,1.,1.,1.,1.,
1.,1.)) REPRESENTATION_ITEM('') );
#3779 = CARTESIAN_POINT('',(0.193425522383,0.290016912559,
    6.859095068266E-02));
#3780 = CARTESIAN_POINT('',(0.213243947489,0.261077994303,
    8.741990513028E-02));
#3781 = CARTESIAN_POINT('',(0.166634288094,0.297734231867,0.129417212941
    ));
#3782 = CARTESIAN_POINT('',(0.20777362263,0.246850112552,0.143259734042)
  );
#3783 = CARTESIAN_POINT('',(0.185249657517,0.260373652466,0.175068008082
    ));
#3784 = CARTESIAN_POINT('',(0.191780674755,0.243557156359,0.201274277554
    ));
#3785 = CARTESIAN_POINT('',(0.189984195476,0.23604655097,0.227409957976)
  );
#3786 = PCURVE('',#2031,#3787);
#3787 = DEFINITIONAL_REPRESENTATION('',(#3788),#3792);
#3788 = LINE('',#3789,#3790);
#3789 = CARTESIAN_POINT('',(4.,0.));
#3790 = VECTOR('',#3791,1.);
#3791 = DIRECTION('',(0.,1.));
#3792 = ( GEOMETRIC_REPRESENTATION_CONTEXT(2) 
PARAMETRIC_REPRESENTATION_CONTEXT() REPRESENTATION_CONTEXT('2D SPACE',''
  ) );
#3793 = PCURVE('',#1902,#3794);
#3794 = DEFINITIONAL_REPRESENTATION('',(#3795),#3799);
#3795 = LINE('',#3796,#3797);
#3796 = CARTESIAN_POINT('',(4.,0.));
#3797 = VECTOR('',#3798,1.);
#3798 = DIRECTION('',(0.,1.));
#3799 = ( GEOMETRIC_REPRESENTATION_CONTEXT(2) 
PARAMETRIC_REPRESENTATION_CONTEXT() REPRESENTATION_CONTEXT('2D SPACE',''
  ) );
#3800 = ORIENTED_EDGE('',*,*,#3801,.F.);
#3801 = EDGE_CURVE('',#3708,#3775,#3802,.T.);
#3802 = SURFACE_CURVE('',#3803,(#3814,#3821),.PCURVE_S1.);
#3803 = B_SPLINE_CURVE_WITH_KNOTS('',9,(#3804,#3805,#3806,#3807,#3808,
    #3809,#3810,#3811,#3812,#3813),.UNSPECIFIED.,.F.,.F.,(10,10),(3.,4.)
  ,.PIECEWISE_BEZIER_KNOTS.);
#3804 = CARTESIAN_POINT('',(0.190090195162,0.235361464737,0.227160606979
    ));
#3805 = CARTESIAN_POINT('',(0.190079114057,0.23543641395,0.227187886262)
  );
#3806 = CARTESIAN_POINT('',(0.190067847719,0.235511727606,0.227215298191
    ));
#3807 = CARTESIAN_POINT('',(0.190056400892,0.235587375031,0.227242831602
    ));
#3808 = CARTESIAN_POINT('',(0.190044778325,0.235663325551,0.227270475331
    ));
#3809 = CARTESIAN_POINT('',(0.190032984761,0.235739548492,0.227298218212
    ));
#3810 = CARTESIAN_POINT('',(0.190021024949,0.235816013178,0.227326049082
    ));
#3811 = CARTESIAN_POINT('',(0.190008903633,0.235892688936,0.227353956776
    ));
#3812 = CARTESIAN_POINT('',(0.18999662556,0.235969545092,0.227381930128)
  );
#3813 = CARTESIAN_POINT('',(0.189984195476,0.23604655097,0.227409957976)
  );
#3814 = PCURVE('',#2031,#3815);
#3815 = DEFINITIONAL_REPRESENTATION('',(#3816),#3820);
#3816 = LINE('',#3817,#3818);
#3817 = CARTESIAN_POINT('',(0.,1.));
#3818 = VECTOR('',#3819,1.);
#3819 = DIRECTION('',(1.,0.));
#3820 = ( GEOMETRIC_REPRESENTATION_CONTEXT(2) 
PARAMETRIC_REPRESENTATION_CONTEXT() REPRESENTATION_CONTEXT('2D SPACE',''
  ) );
#3821 = PCURVE('',#3683,#3822);
#3822 = DEFINITIONAL_REPRESENTATION('',(#3823),#3834);
#3823 = B_SPLINE_CURVE_WITH_KNOTS('',9,(#3824,#3825,#3826,#3827,#3828,
    #3829,#3830,#3831,#3832,#3833),.UNSPECIFIED.,.F.,.F.,(10,10),(3.,4.)
  ,.PIECEWISE_BEZIER_KNOTS.);
#3824 = CARTESIAN_POINT('',(-1.094152891296E-03,9.517245565283E-05));
#3825 = CARTESIAN_POINT('',(-1.01399898483E-03,8.744679063766E-05));
#3826 = CARTESIAN_POINT('',(-9.334248528121E-04,7.981132670232E-05));
#3827 = CARTESIAN_POINT('',(-8.52463348699E-04,7.226902054891E-05));
#3828 = CARTESIAN_POINT('',(-7.711473259475E-04,6.482282887904E-05));
#3829 = CARTESIAN_POINT('',(-6.895096380146E-04,5.747570839476E-05));
#3830 = CARTESIAN_POINT('',(-6.075831383569E-04,5.023061579779E-05));
#3831 = CARTESIAN_POINT('',(-5.254006804314E-04,4.309050779022E-05));
#3832 = CARTESIAN_POINT('',(-4.429951176946E-04,3.605834107373E-05));
#3833 = CARTESIAN_POINT('',(-3.603993036035E-04,2.913707235036E-05));
#3834 = ( GEOMETRIC_REPRESENTATION_CONTEXT(2) 
PARAMETRIC_REPRESENTATION_CONTEXT() REPRESENTATION_CONTEXT('2D SPACE',''
  ) );
#3835 = ADVANCED_FACE('',(#3836),#1902,.T.);
#3836 = FACE_BOUND('',#3837,.T.);
#3837 = EDGE_LOOP('',(#3838,#3839,#3840,#3867));
#3838 = ORIENTED_EDGE('',*,*,#3774,.F.);
#3839 = ORIENTED_EDGE('',*,*,#1852,.F.);
#3840 = ORIENTED_EDGE('',*,*,#3841,.T.);
#3841 = EDGE_CURVE('',#1675,#3842,#3844,.T.);
#3842 = VERTEX_POINT('',#3843);
#3843 = CARTESIAN_POINT('',(0.189928923695,0.236382327295,0.227532170564
    ));
#3844 = SURFACE_CURVE('',#3845,(#3853,#3860),.PCURVE_S1.);
#3845 = ( BOUNDED_CURVE() B_SPLINE_CURVE(6,(#3846,#3847,#3848,#3849,
#3850,#3851,#3852),.UNSPECIFIED.,.F.,.F.) B_SPLINE_CURVE_WITH_KNOTS((7,7
),(0.,1.),.PIECEWISE_BEZIER_KNOTS.) CURVE() 
GEOMETRIC_REPRESENTATION_ITEM() RATIONAL_B_SPLINE_CURVE((1.,1.,1.,1.,1.,
1.,1.)) REPRESENTATION_ITEM('') );
#3846 = CARTESIAN_POINT('',(0.198941330285,0.290782904354,
    6.886974889582E-02));
#3847 = CARTESIAN_POINT('',(0.185721813454,0.28568237925,
    9.637516888348E-02));
#3848 = CARTESIAN_POINT('',(0.196376152523,0.272977891128,0.120406641802
    ));
#3849 = CARTESIAN_POINT('',(0.188692928204,0.265096889148,0.149901017594
    ));
#3850 = CARTESIAN_POINT('',(0.190820541724,0.255757972279,0.173388037883
    ));
#3851 = CARTESIAN_POINT('',(0.191005275146,0.245307688006,0.201911418968
    ));
#3852 = CARTESIAN_POINT('',(0.189928923695,0.236382327295,0.227532170564
    ));
#3853 = PCURVE('',#1902,#3854);
#3854 = DEFINITIONAL_REPRESENTATION('',(#3855),#3859);
#3855 = LINE('',#3856,#3857);
#3856 = CARTESIAN_POINT('',(5.,0.));
#3857 = VECTOR('',#3858,1.);
#3858 = DIRECTION('',(0.,1.));
#3859 = ( GEOMETRIC_REPRESENTATION_CONTEXT(2) 
PARAMETRIC_REPRESENTATION_CONTEXT() REPRESENTATION_CONTEXT('2D SPACE',''
  ) );
#3860 = PCURVE('',#1746,#3861);
#3861 = DEFINITIONAL_REPRESENTATION('',(#3862),#3866);
#3862 = LINE('',#3863,#3864);
#3863 = CARTESIAN_POINT('',(0.,0.));
#3864 = VECTOR('',#3865,1.);
#3865 = DIRECTION('',(0.,1.));
#3866 = ( GEOMETRIC_REPRESENTATION_CONTEXT(2) 
PARAMETRIC_REPRESENTATION_CONTEXT() REPRESENTATION_CONTEXT('2D SPACE',''
  ) );
#3867 = ORIENTED_EDGE('',*,*,#3868,.F.);
#3868 = EDGE_CURVE('',#3775,#3842,#3869,.T.);
#3869 = SURFACE_CURVE('',#3870,(#3881,#3888),.PCURVE_S1.);
#3870 = B_SPLINE_CURVE_WITH_KNOTS('',9,(#3871,#3872,#3873,#3874,#3875,
    #3876,#3877,#3878,#3879,#3880),.UNSPECIFIED.,.F.,.F.,(10,10),(4.,5.)
  ,.PIECEWISE_BEZIER_KNOTS.);
#3871 = CARTESIAN_POINT('',(0.189984195476,0.23604655097,0.227409957976)
  );
#3872 = CARTESIAN_POINT('',(0.189978190458,0.236083752785,0.227423498329
    ));
#3873 = CARTESIAN_POINT('',(0.189972150019,0.236120989451,0.227437051367
    ));
#3874 = CARTESIAN_POINT('',(0.189966074739,0.236158257461,0.227450615814
    ));
#3875 = CARTESIAN_POINT('',(0.189959965193,0.236195553307,0.227464190391
    ));
#3876 = CARTESIAN_POINT('',(0.189953821959,0.23623287348,0.227477773824)
  );
#3877 = CARTESIAN_POINT('',(0.189947645615,0.236270214473,0.227491364834
    ));
#3878 = CARTESIAN_POINT('',(0.189941436738,0.236307572779,0.227504962145
    ));
#3879 = CARTESIAN_POINT('',(0.189935195906,0.236344944889,0.22751856448)
  );
#3880 = CARTESIAN_POINT('',(0.189928923695,0.236382327295,0.227532170564
    ));
#3881 = PCURVE('',#1902,#3882);
#3882 = DEFINITIONAL_REPRESENTATION('',(#3883),#3887);
#3883 = LINE('',#3884,#3885);
#3884 = CARTESIAN_POINT('',(0.,1.));
#3885 = VECTOR('',#3886,1.);
#3886 = DIRECTION('',(1.,0.));
#3887 = ( GEOMETRIC_REPRESENTATION_CONTEXT(2) 
PARAMETRIC_REPRESENTATION_CONTEXT() REPRESENTATION_CONTEXT('2D SPACE',''
  ) );
#3888 = PCURVE('',#3683,#3889);
#3889 = DEFINITIONAL_REPRESENTATION('',(#3890),#3901);
#3890 = B_SPLINE_CURVE_WITH_KNOTS('',9,(#3891,#3892,#3893,#3894,#3895,
    #3896,#3897,#3898,#3899,#3900),.UNSPECIFIED.,.F.,.F.,(10,10),(4.,5.)
  ,.PIECEWISE_BEZIER_KNOTS.);
#3891 = CARTESIAN_POINT('',(-3.603993036035E-04,2.913707235036E-05));
#3892 = CARTESIAN_POINT('',(-3.204969702011E-04,2.579338265851E-05));
#3893 = CARTESIAN_POINT('',(-2.805503432798E-04,2.247554202267E-05));
#3894 = CARTESIAN_POINT('',(-2.405631878836E-04,1.918385483413E-05));
#3895 = CARTESIAN_POINT('',(-2.005392690565E-04,1.591862548395E-05));
#3896 = CARTESIAN_POINT('',(-1.604823518426E-04,1.268015836337E-05));
#3897 = CARTESIAN_POINT('',(-1.20396201286E-04,9.468757863562E-06));
#3898 = CARTESIAN_POINT('',(-8.028458243065E-05,6.28472837555E-06));
#3899 = CARTESIAN_POINT('',(-4.015126032064E-05,3.128374290617E-06));
#3900 = CARTESIAN_POINT('',(0.,-5.551115123126E-17));
#3901 = ( GEOMETRIC_REPRESENTATION_CONTEXT(2) 
PARAMETRIC_REPRESENTATION_CONTEXT() REPRESENTATION_CONTEXT('2D SPACE',''
  ) );
#3902 = ADVANCED_FACE('',(#3903),#1746,.T.);
#3903 = FACE_BOUND('',#3904,.T.);
#3904 = EDGE_LOOP('',(#3905,#3906,#3907,#3908));
#3905 = ORIENTED_EDGE('',*,*,#3841,.F.);
#3906 = ORIENTED_EDGE('',*,*,#1674,.F.);
#3907 = ORIENTED_EDGE('',*,*,#3607,.T.);
#3908 = ORIENTED_EDGE('',*,*,#3909,.F.);
#3909 = EDGE_CURVE('',#3842,#3608,#3910,.T.);
#3910 = SURFACE_CURVE('',#3911,(#3922,#3929),.PCURVE_S1.);
#3911 = B_SPLINE_CURVE_WITH_KNOTS('',9,(#3912,#3913,#3914,#3915,#3916,
    #3917,#3918,#3919,#3920,#3921),.UNSPECIFIED.,.F.,.F.,(10,10),(0.,1.)
  ,.PIECEWISE_BEZIER_KNOTS.);
#3912 = CARTESIAN_POINT('',(0.189928923695,0.236382327295,0.227532170564
    ));
#3913 = CARTESIAN_POINT('',(0.189517832302,0.238832434077,0.228423936503
    ));
#3914 = CARTESIAN_POINT('',(0.188971825807,0.241327532399,0.229332078024
    ));
#3915 = CARTESIAN_POINT('',(0.188458520201,0.242871155035,0.229893910716
    ));
#3916 = CARTESIAN_POINT('',(0.188209751935,0.242480362733,0.229751673951
    ));
#3917 = CARTESIAN_POINT('',(0.188430479245,0.23977425686,0.228766731962)
  );
#3918 = CARTESIAN_POINT('',(0.189005073508,0.236170438584,0.22745504938)
  );
#3919 = CARTESIAN_POINT('',(0.189628329277,0.233278832398,0.226402590799
    ));
#3920 = CARTESIAN_POINT('',(0.190087132802,0.23185283816,0.225883571342)
  );
#3921 = CARTESIAN_POINT('',(0.190295799381,0.231884449574,0.225895076956
    ));
#3922 = PCURVE('',#1746,#3923);
#3923 = DEFINITIONAL_REPRESENTATION('',(#3924),#3928);
#3924 = LINE('',#3925,#3926);
#3925 = CARTESIAN_POINT('',(0.,1.));
#3926 = VECTOR('',#3927,1.);
#3927 = DIRECTION('',(1.,0.));
#3928 = ( GEOMETRIC_REPRESENTATION_CONTEXT(2) 
PARAMETRIC_REPRESENTATION_CONTEXT() REPRESENTATION_CONTEXT('2D SPACE',''
  ) );
#3929 = PCURVE('',#3683,#3930);
#3930 = DEFINITIONAL_REPRESENTATION('',(#3931),#3942);
#3931 = B_SPLINE_CURVE_WITH_KNOTS('',9,(#3932,#3933,#3934,#3935,#3936,
    #3937,#3938,#3939,#3940,#3941),.UNSPECIFIED.,.F.,.F.,(10,10),(0.,1.)
  ,.PIECEWISE_BEZIER_KNOTS.);
#3932 = CARTESIAN_POINT('',(0.,0.));
#3933 = CARTESIAN_POINT('',(2.631582200751E-03,-2.050389959206E-04));
#3934 = CARTESIAN_POINT('',(5.341037774761E-03,-2.899521397857E-04));
#3935 = CARTESIAN_POINT('',(7.057994505824E-03,-1.717614188451E-04));
#3936 = CARTESIAN_POINT('',(6.711184182991E-03,1.667030123507E-04));
#3937 = CARTESIAN_POINT('',(3.858771762711E-03,6.20116341359E-04));
#3938 = CARTESIAN_POINT('',(-4.998491497599E-06,9.50956721755E-04));
#3939 = CARTESIAN_POINT('',(-3.142817967161E-03,1.058623279493E-03));
#3940 = CARTESIAN_POINT('',(-4.72536797614E-03,9.644059441627E-04));
#3941 = CARTESIAN_POINT('',(-4.741057030704E-03,7.536282048735E-04));
#3942 = ( GEOMETRIC_REPRESENTATION_CONTEXT(2) 
PARAMETRIC_REPRESENTATION_CONTEXT() REPRESENTATION_CONTEXT('2D SPACE',''
  ) );
#3943 = ADVANCED_FACE('',(#3944),#2267,.T.);
#3944 = FACE_BOUND('',#3945,.T.);
#3945 = EDGE_LOOP('',(#3946,#3973,#3974,#4001));
#3946 = ORIENTED_EDGE('',*,*,#3947,.F.);
#3947 = EDGE_CURVE('',#2248,#3948,#3950,.T.);
#3948 = VERTEX_POINT('',#3949);
#3949 = CARTESIAN_POINT('',(0.190295799381,0.462595076956,0.126015550426
    ));
#3950 = SURFACE_CURVE('',#3951,(#3959,#3966),.PCURVE_S1.);
#3951 = ( BOUNDED_CURVE() B_SPLINE_CURVE(6,(#3952,#3953,#3954,#3955,
#3956,#3957,#3958),.UNSPECIFIED.,.F.,.F.) B_SPLINE_CURVE_WITH_KNOTS((7,7
),(0.,1.),.PIECEWISE_BEZIER_KNOTS.) CURVE() 
GEOMETRIC_REPRESENTATION_ITEM() RATIONAL_B_SPLINE_CURVE((1.,1.,1.,1.,1.,
1.,1.)) REPRESENTATION_ITEM('') );
#3952 = CARTESIAN_POINT('',(0.190189282869,0.305544841085,
    6.718552929323E-02));
#3953 = CARTESIAN_POINT('',(0.190038500156,0.331338589312,
    7.698883390808E-02));
#3954 = CARTESIAN_POINT('',(0.190253021635,0.358318228779,
    8.159330101156E-02));
#3955 = CARTESIAN_POINT('',(0.192596147285,0.378123288026,0.11609548141)
  );
#3956 = CARTESIAN_POINT('',(0.191449873883,0.410178285576,0.101894074221
    ));
#3957 = CARTESIAN_POINT('',(0.192552737361,0.432383269886,0.129704010961
    ));
#3958 = CARTESIAN_POINT('',(0.190295799381,0.462595076956,0.126015550426
    ));
#3959 = PCURVE('',#2267,#3960);
#3960 = DEFINITIONAL_REPRESENTATION('',(#3961),#3965);
#3961 = LINE('',#3962,#3963);
#3962 = CARTESIAN_POINT('',(1.,0.));
#3963 = VECTOR('',#3964,1.);
#3964 = DIRECTION('',(0.,1.));
#3965 = ( GEOMETRIC_REPRESENTATION_CONTEXT(2) 
PARAMETRIC_REPRESENTATION_CONTEXT() REPRESENTATION_CONTEXT('2D SPACE',''
  ) );
#3966 = PCURVE('',#2419,#3967);
#3967 = DEFINITIONAL_REPRESENTATION('',(#3968),#3972);
#3968 = LINE('',#3969,#3970);
#3969 = CARTESIAN_POINT('',(1.,0.));
#3970 = VECTOR('',#3971,1.);
#3971 = DIRECTION('',(0.,1.));
#3972 = ( GEOMETRIC_REPRESENTATION_CONTEXT(2) 
PARAMETRIC_REPRESENTATION_CONTEXT() REPRESENTATION_CONTEXT('2D SPACE',''
  ) );
#3973 = ORIENTED_EDGE('',*,*,#2245,.F.);
#3974 = ORIENTED_EDGE('',*,*,#3975,.T.);
#3975 = EDGE_CURVE('',#2246,#3976,#3978,.T.);
#3976 = VERTEX_POINT('',#3977);
#3977 = CARTESIAN_POINT('',(0.190270461103,0.463363544062,0.123904204404
    ));
#3978 = SURFACE_CURVE('',#3979,(#3987,#3994),.PCURVE_S1.);
#3979 = ( BOUNDED_CURVE() B_SPLINE_CURVE(6,(#3980,#3981,#3982,#3983,
#3984,#3985,#3986),.UNSPECIFIED.,.F.,.F.) B_SPLINE_CURVE_WITH_KNOTS((7,7
),(0.,1.),.PIECEWISE_BEZIER_KNOTS.) CURVE() 
GEOMETRIC_REPRESENTATION_ITEM() RATIONAL_B_SPLINE_CURVE((1.,1.,1.,1.,1.,
1.,1.)) REPRESENTATION_ITEM('') );
#3980 = CARTESIAN_POINT('',(0.190489475509,0.305515615618,
    6.726582560486E-02));
#3981 = CARTESIAN_POINT('',(0.191069301112,0.330750550256,
    7.860445793736E-02));
#3982 = CARTESIAN_POINT('',(0.187526575357,0.360283592196,
    7.619350940106E-02));
#3983 = CARTESIAN_POINT('',(0.201780505094,0.37184326884,0.133349692316)
  );
#3984 = CARTESIAN_POINT('',(0.188221712113,0.411771810745,
    9.75158998041E-02));
#3985 = CARTESIAN_POINT('',(0.192759126245,0.434900139036,0.122788969804
    ));
#3986 = CARTESIAN_POINT('',(0.190270461103,0.463363544062,0.123904204404
    ));
#3987 = PCURVE('',#2267,#3988);
#3988 = DEFINITIONAL_REPRESENTATION('',(#3989),#3993);
#3989 = LINE('',#3990,#3991);
#3990 = CARTESIAN_POINT('',(2.,0.));
#3991 = VECTOR('',#3992,1.);
#3992 = DIRECTION('',(0.,1.));
#3993 = ( GEOMETRIC_REPRESENTATION_CONTEXT(2) 
PARAMETRIC_REPRESENTATION_CONTEXT() REPRESENTATION_CONTEXT('2D SPACE',''
  ) );
#3994 = PCURVE('',#2827,#3995);
#3995 = DEFINITIONAL_REPRESENTATION('',(#3996),#4000);
#3996 = LINE('',#3997,#3998);
#3997 = CARTESIAN_POINT('',(2.,0.));
#3998 = VECTOR('',#3999,1.);
#3999 = DIRECTION('',(0.,1.));
#4000 = ( GEOMETRIC_REPRESENTATION_CONTEXT(2) 
PARAMETRIC_REPRESENTATION_CONTEXT() REPRESENTATION_CONTEXT('2D SPACE',''
  ) );
#4001 = ORIENTED_EDGE('',*,*,#4002,.F.);
#4002 = EDGE_CURVE('',#3948,#3976,#4003,.T.);
#4003 = SURFACE_CURVE('',#4004,(#4015,#4022),.PCURVE_S1.);
#4004 = B_SPLINE_CURVE_WITH_KNOTS('',9,(#4005,#4006,#4007,#4008,#4009,
    #4010,#4011,#4012,#4013,#4014),.UNSPECIFIED.,.F.,.F.,(10,10),(1.,2.)
  ,.PIECEWISE_BEZIER_KNOTS.);
#4005 = CARTESIAN_POINT('',(0.190295799381,0.462595076956,0.126015550426
    ));
#4006 = CARTESIAN_POINT('',(0.190338877367,0.462597452222,0.126009024435
    ));
#4007 = CARTESIAN_POINT('',(0.190371308799,0.462622417122,0.125940433935
    ));
#4008 = CARTESIAN_POINT('',(0.19039233335,0.462669963593,0.125809801081)
  );
#4009 = CARTESIAN_POINT('',(0.190401462953,0.462739515504,0.125618708776
    ));
#4010 = CARTESIAN_POINT('',(0.190398480205,0.462829977205,0.125370167294
    ));
#4011 = CARTESIAN_POINT('',(0.190383436762,0.462939782067,0.125068480916
    ));
#4012 = CARTESIAN_POINT('',(0.190356651737,0.463066941025,0.12471911455)
  );
#4013 = CARTESIAN_POINT('',(0.190318710107,0.463209091124,0.124328560362
    ));
#4014 = CARTESIAN_POINT('',(0.190270461103,0.463363544062,0.123904204404
    ));
#4015 = PCURVE('',#2267,#4016);
#4016 = DEFINITIONAL_REPRESENTATION('',(#4017),#4021);
#4017 = LINE('',#4018,#4019);
#4018 = CARTESIAN_POINT('',(0.,1.));
#4019 = VECTOR('',#4020,1.);
#4020 = DIRECTION('',(1.,0.));
#4021 = ( GEOMETRIC_REPRESENTATION_CONTEXT(2) 
PARAMETRIC_REPRESENTATION_CONTEXT() REPRESENTATION_CONTEXT('2D SPACE',''
  ) );
#4022 = PCURVE('',#4023,#4028);
#4023 = PLANE('',#4024);
#4024 = AXIS2_PLACEMENT_3D('',#4025,#4026,#4027);
#4025 = CARTESIAN_POINT('',(0.189928923695,0.464232170564,0.121517672705
    ));
#4026 = DIRECTION('',(-9.463451574011E-13,0.939692620786,0.342020143326)
  );
#4027 = DIRECTION('',(-0.232003354326,0.332688118855,-0.914053094275));
#4028 = DEFINITIONAL_REPRESENTATION('',(#4029),#4040);
#4029 = B_SPLINE_CURVE_WITH_KNOTS('',9,(#4030,#4031,#4032,#4033,#4034,
    #4035,#4036,#4037,#4038,#4039),.UNSPECIFIED.,.F.,.F.,(10,10),(1.,2.)
  ,.PIECEWISE_BEZIER_KNOTS.);
#4030 = CARTESIAN_POINT('',(-4.741057030704E-03,7.536282048738E-04));
#4031 = CARTESIAN_POINT('',(-4.744295943623E-03,7.101143819301E-04));
#4032 = CARTESIAN_POINT('',(-4.680819260205E-03,6.616333405423E-04));
#4033 = CARTESIAN_POINT('',(-4.550473516239E-03,6.089301323309E-04));
#4034 = CARTESIAN_POINT('',(-4.354784006889E-03,5.528703131599E-04));
#4035 = CARTESIAN_POINT('',(-4.096816356205E-03,4.944085714222E-04));
#4036 = CARTESIAN_POINT('',(-3.781038086636E-03,4.345573563255E-04));
#4037 = CARTESIAN_POINT('',(-3.413180188538E-03,3.743555061776E-04));
#4038 = CARTESIAN_POINT('',(-3.000098689688E-03,3.148368766723E-04));
#4039 = CARTESIAN_POINT('',(-2.549636224791E-03,2.569989691744E-04));
#4040 = ( GEOMETRIC_REPRESENTATION_CONTEXT(2) 
PARAMETRIC_REPRESENTATION_CONTEXT() REPRESENTATION_CONTEXT('2D SPACE',''
  ) );
#4041 = ADVANCED_FACE('',(#4042),#2827,.T.);
#4042 = FACE_BOUND('',#4043,.T.);
#4043 = EDGE_LOOP('',(#4044,#4045,#4046,#4073));
#4044 = ORIENTED_EDGE('',*,*,#3975,.F.);
#4045 = ORIENTED_EDGE('',*,*,#2791,.F.);
#4046 = ORIENTED_EDGE('',*,*,#4047,.T.);
#4047 = EDGE_CURVE('',#2671,#4048,#4050,.T.);
#4048 = VERTEX_POINT('',#4049);
#4049 = CARTESIAN_POINT('',(0.190090195162,0.463860606979,0.122538535263
    ));
#4050 = SURFACE_CURVE('',#4051,(#4059,#4066),.PCURVE_S1.);
#4051 = ( BOUNDED_CURVE() B_SPLINE_CURVE(6,(#4052,#4053,#4054,#4055,
#4056,#4057,#4058),.UNSPECIFIED.,.F.,.F.) B_SPLINE_CURVE_WITH_KNOTS((7,7
),(0.,1.),.PIECEWISE_BEZIER_KNOTS.) CURVE() 
GEOMETRIC_REPRESENTATION_ITEM() RATIONAL_B_SPLINE_CURVE((1.,1.,1.,1.,1.,
1.,1.)) REPRESENTATION_ITEM('') );
#4052 = CARTESIAN_POINT('',(0.191244974857,0.305446956547,
    6.745446485042E-02));
#4053 = CARTESIAN_POINT('',(0.184528520088,0.336185297344,
    6.367261303176E-02));
#4054 = CARTESIAN_POINT('',(0.218565672286,0.33710709202,0.139870420298)
  );
#4055 = CARTESIAN_POINT('',(0.174837242567,0.397007967577,
    6.421025076932E-02));
#4056 = CARTESIAN_POINT('',(0.19607154644,0.405538329065,0.114642249962)
  );
#4057 = CARTESIAN_POINT('',(0.19117269569,0.437592935819,0.115390571448)
  );
#4058 = CARTESIAN_POINT('',(0.190090195162,0.463860606979,0.122538535263
    ));
#4059 = PCURVE('',#2827,#4060);
#4060 = DEFINITIONAL_REPRESENTATION('',(#4061),#4065);
#4061 = LINE('',#4062,#4063);
#4062 = CARTESIAN_POINT('',(3.,0.));
#4063 = VECTOR('',#4064,1.);
#4064 = DIRECTION('',(0.,1.));
#4065 = ( GEOMETRIC_REPRESENTATION_CONTEXT(2) 
PARAMETRIC_REPRESENTATION_CONTEXT() REPRESENTATION_CONTEXT('2D SPACE',''
  ) );
#4066 = PCURVE('',#2704,#4067);
#4067 = DEFINITIONAL_REPRESENTATION('',(#4068),#4072);
#4068 = LINE('',#4069,#4070);
#4069 = CARTESIAN_POINT('',(3.,0.));
#4070 = VECTOR('',#4071,1.);
#4071 = DIRECTION('',(0.,1.));
#4072 = ( GEOMETRIC_REPRESENTATION_CONTEXT(2) 
PARAMETRIC_REPRESENTATION_CONTEXT() REPRESENTATION_CONTEXT('2D SPACE',''
  ) );
#4073 = ORIENTED_EDGE('',*,*,#4074,.F.);
#4074 = EDGE_CURVE('',#3976,#4048,#4075,.T.);
#4075 = SURFACE_CURVE('',#4076,(#4087,#4094),.PCURVE_S1.);
#4076 = B_SPLINE_CURVE_WITH_KNOTS('',9,(#4077,#4078,#4079,#4080,#4081,
    #4082,#4083,#4084,#4085,#4086),.UNSPECIFIED.,.F.,.F.,(10,10),(2.,3.)
  ,.PIECEWISE_BEZIER_KNOTS.);
#4077 = CARTESIAN_POINT('',(0.190270461103,0.463363544062,0.123904204404
    ));
#4078 = CARTESIAN_POINT('',(0.190254585044,0.46341436592,0.123764572496)
  );
#4079 = CARTESIAN_POINT('',(0.190237583366,0.463466530187,0.123621252351
    ));
#4080 = CARTESIAN_POINT('',(0.190219493462,0.463519933762,0.123474527236
    ));
#4081 = CARTESIAN_POINT('',(0.190200352721,0.463574473542,0.12332468042)
  );
#4082 = CARTESIAN_POINT('',(0.190180198535,0.463630046427,0.123171995174
    ));
#4083 = CARTESIAN_POINT('',(0.190159068295,0.463686549315,0.123016754766
    ));
#4084 = CARTESIAN_POINT('',(0.190136999393,0.463743879104,0.122859242465
    ));
#4085 = CARTESIAN_POINT('',(0.190114029218,0.463801932692,0.122699741541
    ));
#4086 = CARTESIAN_POINT('',(0.190090195162,0.463860606979,0.122538535263
    ));
#4087 = PCURVE('',#2827,#4088);
#4088 = DEFINITIONAL_REPRESENTATION('',(#4089),#4093);
#4089 = LINE('',#4090,#4091);
#4090 = CARTESIAN_POINT('',(0.,1.));
#4091 = VECTOR('',#4092,1.);
#4092 = DIRECTION('',(1.,0.));
#4093 = ( GEOMETRIC_REPRESENTATION_CONTEXT(2) 
PARAMETRIC_REPRESENTATION_CONTEXT() REPRESENTATION_CONTEXT('2D SPACE',''
  ) );
#4094 = PCURVE('',#4023,#4095);
#4095 = DEFINITIONAL_REPRESENTATION('',(#4096),#4107);
#4096 = B_SPLINE_CURVE_WITH_KNOTS('',9,(#4097,#4098,#4099,#4100,#4101,
    #4102,#4103,#4104,#4105,#4106),.UNSPECIFIED.,.F.,.F.,(10,10),(2.,3.)
  ,.PIECEWISE_BEZIER_KNOTS.);
#4097 = CARTESIAN_POINT('',(-2.549636224791E-03,2.569989691744E-04));
#4098 = CARTESIAN_POINT('',(-2.401414120621E-03,2.379677356796E-04));
#4099 = CARTESIAN_POINT('',(-2.249113019858E-03,2.191208082513E-04));
#4100 = CARTESIAN_POINT('',(-2.093034821088E-03,2.004917531937E-04));
#4101 = CARTESIAN_POINT('',(-1.933481422901E-03,1.821141368107E-04));
#4102 = CARTESIAN_POINT('',(-1.770754723884E-03,1.640215254062E-04));
#4103 = CARTESIAN_POINT('',(-1.605156622627E-03,1.462474852841E-04));
#4104 = CARTESIAN_POINT('',(-1.436989017718E-03,1.288255827486E-04));
#4105 = CARTESIAN_POINT('',(-1.266553807745E-03,1.117893841036E-04));
#4106 = CARTESIAN_POINT('',(-1.094152891296E-03,9.517245565299E-05));
#4107 = ( GEOMETRIC_REPRESENTATION_CONTEXT(2) 
PARAMETRIC_REPRESENTATION_CONTEXT() REPRESENTATION_CONTEXT('2D SPACE',''
  ) );
#4108 = ADVANCED_FACE('',(#4109),#2704,.T.);
#4109 = FACE_BOUND('',#4110,.T.);
#4110 = EDGE_LOOP('',(#4111,#4112,#4113,#4140));
#4111 = ORIENTED_EDGE('',*,*,#4047,.F.);
#4112 = ORIENTED_EDGE('',*,*,#2670,.F.);
#4113 = ORIENTED_EDGE('',*,*,#4114,.T.);
#4114 = EDGE_CURVE('',#2526,#4115,#4117,.T.);
#4115 = VERTEX_POINT('',#4116);
#4116 = CARTESIAN_POINT('',(0.189984195476,0.464109957976,0.12185344903)
  );
#4117 = SURFACE_CURVE('',#4118,(#4126,#4133),.PCURVE_S1.);
#4118 = ( BOUNDED_CURVE() B_SPLINE_CURVE(6,(#4119,#4120,#4121,#4122,
#4123,#4124,#4125),.UNSPECIFIED.,.F.,.F.) B_SPLINE_CURVE_WITH_KNOTS((7,7
),(0.,1.),.PIECEWISE_BEZIER_KNOTS.) CURVE() 
GEOMETRIC_REPRESENTATION_ITEM() RATIONAL_B_SPLINE_CURVE((1.,1.,1.,1.,1.,
1.,1.)) REPRESENTATION_ITEM('') );
#4119 = CARTESIAN_POINT('',(0.193425522383,0.305290950683,
    6.788308744105E-02));
#4120 = CARTESIAN_POINT('',(0.213243947489,0.32411990513,
    9.682200569679E-02));
#4121 = CARTESIAN_POINT('',(0.166634288094,0.366117212941,
    6.016576813255E-02));
#4122 = CARTESIAN_POINT('',(0.20777362263,0.379959734042,0.111049887448)
  );
#4123 = CARTESIAN_POINT('',(0.185249657517,0.411768008082,
    9.752634753391E-02));
#4124 = CARTESIAN_POINT('',(0.191780674755,0.437974277554,0.114342843641
    ));
#4125 = CARTESIAN_POINT('',(0.189984195476,0.464109957976,0.12185344903)
  );
#4126 = PCURVE('',#2704,#4127);
#4127 = DEFINITIONAL_REPRESENTATION('',(#4128),#4132);
#4128 = LINE('',#4129,#4130);
#4129 = CARTESIAN_POINT('',(4.,0.));
#4130 = VECTOR('',#4131,1.);
#4131 = DIRECTION('',(0.,1.));
#4132 = ( GEOMETRIC_REPRESENTATION_CONTEXT(2) 
PARAMETRIC_REPRESENTATION_CONTEXT() REPRESENTATION_CONTEXT('2D SPACE',''
  ) );
#4133 = PCURVE('',#2575,#4134);
#4134 = DEFINITIONAL_REPRESENTATION('',(#4135),#4139);
#4135 = LINE('',#4136,#4137);
#4136 = CARTESIAN_POINT('',(4.,0.));
#4137 = VECTOR('',#4138,1.);
#4138 = DIRECTION('',(0.,1.));
#4139 = ( GEOMETRIC_REPRESENTATION_CONTEXT(2) 
PARAMETRIC_REPRESENTATION_CONTEXT() REPRESENTATION_CONTEXT('2D SPACE',''
  ) );
#4140 = ORIENTED_EDGE('',*,*,#4141,.F.);
#4141 = EDGE_CURVE('',#4048,#4115,#4142,.T.);
#4142 = SURFACE_CURVE('',#4143,(#4154,#4161),.PCURVE_S1.);
#4143 = B_SPLINE_CURVE_WITH_KNOTS('',9,(#4144,#4145,#4146,#4147,#4148,
    #4149,#4150,#4151,#4152,#4153),.UNSPECIFIED.,.F.,.F.,(10,10),(3.,4.)
  ,.PIECEWISE_BEZIER_KNOTS.);
#4144 = CARTESIAN_POINT('',(0.190090195162,0.463860606979,0.122538535263
    ));
#4145 = CARTESIAN_POINT('',(0.190079114057,0.463887886262,0.12246358605)
  );
#4146 = CARTESIAN_POINT('',(0.190067847719,0.463915298191,0.122388272394
    ));
#4147 = CARTESIAN_POINT('',(0.190056400892,0.463942831602,0.122312624969
    ));
#4148 = CARTESIAN_POINT('',(0.190044778325,0.463970475331,0.122236674449
    ));
#4149 = CARTESIAN_POINT('',(0.190032984761,0.463998218212,0.122160451508
    ));
#4150 = CARTESIAN_POINT('',(0.190021024949,0.464026049082,0.122083986822
    ));
#4151 = CARTESIAN_POINT('',(0.190008903633,0.464053956776,0.122007311064
    ));
#4152 = CARTESIAN_POINT('',(0.18999662556,0.464081930128,0.121930454908)
  );
#4153 = CARTESIAN_POINT('',(0.189984195476,0.464109957976,0.12185344903)
  );
#4154 = PCURVE('',#2704,#4155);
#4155 = DEFINITIONAL_REPRESENTATION('',(#4156),#4160);
#4156 = LINE('',#4157,#4158);
#4157 = CARTESIAN_POINT('',(0.,1.));
#4158 = VECTOR('',#4159,1.);
#4159 = DIRECTION('',(1.,0.));
#4160 = ( GEOMETRIC_REPRESENTATION_CONTEXT(2) 
PARAMETRIC_REPRESENTATION_CONTEXT() REPRESENTATION_CONTEXT('2D SPACE',''
  ) );
#4161 = PCURVE('',#4023,#4162);
#4162 = DEFINITIONAL_REPRESENTATION('',(#4163),#4174);
#4163 = B_SPLINE_CURVE_WITH_KNOTS('',9,(#4164,#4165,#4166,#4167,#4168,
    #4169,#4170,#4171,#4172,#4173),.UNSPECIFIED.,.F.,.F.,(10,10),(3.,4.)
  ,.PIECEWISE_BEZIER_KNOTS.);
#4164 = CARTESIAN_POINT('',(-1.094152891296E-03,9.517245565299E-05));
#4165 = CARTESIAN_POINT('',(-1.01399898483E-03,8.74467906378E-05));
#4166 = CARTESIAN_POINT('',(-9.334248528121E-04,7.981132670257E-05));
#4167 = CARTESIAN_POINT('',(-8.524633486989E-04,7.226902054905E-05));
#4168 = CARTESIAN_POINT('',(-7.711473259475E-04,6.482282887924E-05));
#4169 = CARTESIAN_POINT('',(-6.895096380145E-04,5.747570839493E-05));
#4170 = CARTESIAN_POINT('',(-6.075831383569E-04,5.023061579798E-05));
#4171 = CARTESIAN_POINT('',(-5.254006804313E-04,4.309050779039E-05));
#4172 = CARTESIAN_POINT('',(-4.429951176946E-04,3.605834107395E-05));
#4173 = CARTESIAN_POINT('',(-3.603993036036E-04,2.913707235058E-05));
#4174 = ( GEOMETRIC_REPRESENTATION_CONTEXT(2) 
PARAMETRIC_REPRESENTATION_CONTEXT() REPRESENTATION_CONTEXT('2D SPACE',''
  ) );
#4175 = ADVANCED_FACE('',(#4176),#2575,.T.);
#4176 = FACE_BOUND('',#4177,.T.);
#4177 = EDGE_LOOP('',(#4178,#4179,#4180,#4207));
#4178 = ORIENTED_EDGE('',*,*,#4114,.F.);
#4179 = ORIENTED_EDGE('',*,*,#2525,.F.);
#4180 = ORIENTED_EDGE('',*,*,#4181,.T.);
#4181 = EDGE_CURVE('',#2348,#4182,#4184,.T.);
#4182 = VERTEX_POINT('',#4183);
#4183 = CARTESIAN_POINT('',(0.189928923695,0.464232170564,0.121517672705
    ));
#4184 = SURFACE_CURVE('',#4185,(#4193,#4200),.PCURVE_S1.);
#4185 = ( BOUNDED_CURVE() B_SPLINE_CURVE(6,(#4186,#4187,#4188,#4189,
#4190,#4191,#4192),.UNSPECIFIED.,.F.,.F.) B_SPLINE_CURVE_WITH_KNOTS((7,7
),(0.,1.),.PIECEWISE_BEZIER_KNOTS.) CURVE() 
GEOMETRIC_REPRESENTATION_ITEM() RATIONAL_B_SPLINE_CURVE((1.,1.,1.,1.,1.,
1.,1.)) REPRESENTATION_ITEM('') );
#4186 = CARTESIAN_POINT('',(0.198941330285,0.305569748896,
    6.71170956458E-02));
#4187 = CARTESIAN_POINT('',(0.185721813454,0.333075168883,
    7.22176207496E-02));
#4188 = CARTESIAN_POINT('',(0.196376152523,0.357106641802,
    8.492210887189E-02));
#4189 = CARTESIAN_POINT('',(0.188692928204,0.386601017594,
    9.280311085182E-02));
#4190 = CARTESIAN_POINT('',(0.190820541724,0.410088037883,0.102142027721
    ));
#4191 = CARTESIAN_POINT('',(0.191005275146,0.438611418968,0.112592311994
    ));
#4192 = CARTESIAN_POINT('',(0.189928923695,0.464232170564,0.121517672705
    ));
#4193 = PCURVE('',#2575,#4194);
#4194 = DEFINITIONAL_REPRESENTATION('',(#4195),#4199);
#4195 = LINE('',#4196,#4197);
#4196 = CARTESIAN_POINT('',(5.,0.));
#4197 = VECTOR('',#4198,1.);
#4198 = DIRECTION('',(0.,1.));
#4199 = ( GEOMETRIC_REPRESENTATION_CONTEXT(2) 
PARAMETRIC_REPRESENTATION_CONTEXT() REPRESENTATION_CONTEXT('2D SPACE',''
  ) );
#4200 = PCURVE('',#2419,#4201);
#4201 = DEFINITIONAL_REPRESENTATION('',(#4202),#4206);
#4202 = LINE('',#4203,#4204);
#4203 = CARTESIAN_POINT('',(0.,0.));
#4204 = VECTOR('',#4205,1.);
#4205 = DIRECTION('',(0.,1.));
#4206 = ( GEOMETRIC_REPRESENTATION_CONTEXT(2) 
PARAMETRIC_REPRESENTATION_CONTEXT() REPRESENTATION_CONTEXT('2D SPACE',''
  ) );
#4207 = ORIENTED_EDGE('',*,*,#4208,.F.);
#4208 = EDGE_CURVE('',#4115,#4182,#4209,.T.);
#4209 = SURFACE_CURVE('',#4210,(#4221,#4228),.PCURVE_S1.);
#4210 = B_SPLINE_CURVE_WITH_KNOTS('',9,(#4211,#4212,#4213,#4214,#4215,
    #4216,#4217,#4218,#4219,#4220),.UNSPECIFIED.,.F.,.F.,(10,10),(4.,5.)
  ,.PIECEWISE_BEZIER_KNOTS.);
#4211 = CARTESIAN_POINT('',(0.189984195476,0.464109957976,0.12185344903)
  );
#4212 = CARTESIAN_POINT('',(0.189978190458,0.464123498329,0.121816247215
    ));
#4213 = CARTESIAN_POINT('',(0.189972150019,0.464137051367,0.121779010549
    ));
#4214 = CARTESIAN_POINT('',(0.189966074739,0.464150615814,0.121741742539
    ));
#4215 = CARTESIAN_POINT('',(0.189959965193,0.464164190391,0.121704446693
    ));
#4216 = CARTESIAN_POINT('',(0.189953821959,0.464177773824,0.12166712652)
  );
#4217 = CARTESIAN_POINT('',(0.189947645615,0.464191364834,0.121629785527
    ));
#4218 = CARTESIAN_POINT('',(0.189941436738,0.464204962145,0.121592427221
    ));
#4219 = CARTESIAN_POINT('',(0.189935195906,0.46421856448,0.121555055111)
  );
#4220 = CARTESIAN_POINT('',(0.189928923695,0.464232170564,0.121517672705
    ));
#4221 = PCURVE('',#2575,#4222);
#4222 = DEFINITIONAL_REPRESENTATION('',(#4223),#4227);
#4223 = LINE('',#4224,#4225);
#4224 = CARTESIAN_POINT('',(0.,1.));
#4225 = VECTOR('',#4226,1.);
#4226 = DIRECTION('',(1.,0.));
#4227 = ( GEOMETRIC_REPRESENTATION_CONTEXT(2) 
PARAMETRIC_REPRESENTATION_CONTEXT() REPRESENTATION_CONTEXT('2D SPACE',''
  ) );
#4228 = PCURVE('',#4023,#4229);
#4229 = DEFINITIONAL_REPRESENTATION('',(#4230),#4241);
#4230 = B_SPLINE_CURVE_WITH_KNOTS('',9,(#4231,#4232,#4233,#4234,#4235,
    #4236,#4237,#4238,#4239,#4240),.UNSPECIFIED.,.F.,.F.,(10,10),(4.,5.)
  ,.PIECEWISE_BEZIER_KNOTS.);
#4231 = CARTESIAN_POINT('',(-3.603993036036E-04,2.913707235058E-05));
#4232 = CARTESIAN_POINT('',(-3.204969702012E-04,2.579338265871E-05));
#4233 = CARTESIAN_POINT('',(-2.805503432798E-04,2.247554202289E-05));
#4234 = CARTESIAN_POINT('',(-2.405631878835E-04,1.918385483432E-05));
#4235 = CARTESIAN_POINT('',(-2.005392690565E-04,1.591862548408E-05));
#4236 = CARTESIAN_POINT('',(-1.604823518426E-04,1.268015836353E-05));
#4237 = CARTESIAN_POINT('',(-1.203962012859E-04,9.468757863673E-06));
#4238 = CARTESIAN_POINT('',(-8.028458243052E-05,6.284728375688E-06));
#4239 = CARTESIAN_POINT('',(-4.015126032053E-05,3.128374290812E-06));
#4240 = CARTESIAN_POINT('',(0.,1.387778780781E-16));
#4241 = ( GEOMETRIC_REPRESENTATION_CONTEXT(2) 
PARAMETRIC_REPRESENTATION_CONTEXT() REPRESENTATION_CONTEXT('2D SPACE',''
  ) );
#4242 = ADVANCED_FACE('',(#4243),#2419,.T.);
#4243 = FACE_BOUND('',#4244,.T.);
#4244 = EDGE_LOOP('',(#4245,#4246,#4247,#4248));
#4245 = ORIENTED_EDGE('',*,*,#4181,.F.);
#4246 = ORIENTED_EDGE('',*,*,#2347,.F.);
#4247 = ORIENTED_EDGE('',*,*,#3947,.T.);
#4248 = ORIENTED_EDGE('',*,*,#4249,.F.);
#4249 = EDGE_CURVE('',#4182,#3948,#4250,.T.);
#4250 = SURFACE_CURVE('',#4251,(#4262,#4269),.PCURVE_S1.);
#4251 = B_SPLINE_CURVE_WITH_KNOTS('',9,(#4252,#4253,#4254,#4255,#4256,
    #4257,#4258,#4259,#4260,#4261),.UNSPECIFIED.,.F.,.F.,(10,10),(0.,1.)
  ,.PIECEWISE_BEZIER_KNOTS.);
#4252 = CARTESIAN_POINT('',(0.189928923695,0.464232170564,0.121517672705
    ));
#4253 = CARTESIAN_POINT('',(0.189517832302,0.465123936503,0.119067565923
    ));
#4254 = CARTESIAN_POINT('',(0.188971825808,0.466032078024,0.116572467601
    ));
#4255 = CARTESIAN_POINT('',(0.188458520201,0.466593910716,0.115028844965
    ));
#4256 = CARTESIAN_POINT('',(0.188209751935,0.466451673951,0.115419637267
    ));
#4257 = CARTESIAN_POINT('',(0.188430479245,0.465466731962,0.11812574314)
  );
#4258 = CARTESIAN_POINT('',(0.189005073508,0.46415504938,0.121729561416)
  );
#4259 = CARTESIAN_POINT('',(0.189628329277,0.463102590799,0.124621167602
    ));
#4260 = CARTESIAN_POINT('',(0.190087132802,0.462583571342,0.12604716184)
  );
#4261 = CARTESIAN_POINT('',(0.190295799381,0.462595076956,0.126015550426
    ));
#4262 = PCURVE('',#2419,#4263);
#4263 = DEFINITIONAL_REPRESENTATION('',(#4264),#4268);
#4264 = LINE('',#4265,#4266);
#4265 = CARTESIAN_POINT('',(0.,1.));
#4266 = VECTOR('',#4267,1.);
#4267 = DIRECTION('',(1.,0.));
#4268 = ( GEOMETRIC_REPRESENTATION_CONTEXT(2) 
PARAMETRIC_REPRESENTATION_CONTEXT() REPRESENTATION_CONTEXT('2D SPACE',''
  ) );
#4269 = PCURVE('',#4023,#4270);
#4270 = DEFINITIONAL_REPRESENTATION('',(#4271),#4282);
#4271 = B_SPLINE_CURVE_WITH_KNOTS('',9,(#4272,#4273,#4274,#4275,#4276,
    #4277,#4278,#4279,#4280,#4281),.UNSPECIFIED.,.F.,.F.,(10,10),(0.,1.)
  ,.PIECEWISE_BEZIER_KNOTS.);
#4272 = CARTESIAN_POINT('',(0.,0.));
#4273 = CARTESIAN_POINT('',(2.631582200744E-03,-2.050389959107E-04));
#4274 = CARTESIAN_POINT('',(5.341037774782E-03,-2.899521398191E-04));
#4275 = CARTESIAN_POINT('',(7.057994505782E-03,-1.717614187812E-04));
#4276 = CARTESIAN_POINT('',(6.711184183046E-03,1.667030122691E-04));
#4277 = CARTESIAN_POINT('',(3.85877176266E-03,6.201163414315E-04));
#4278 = CARTESIAN_POINT('',(-4.998491465014E-06,9.509567217089E-04));
#4279 = CARTESIAN_POINT('',(-3.142817967175E-03,1.058623279513E-03));
#4280 = CARTESIAN_POINT('',(-4.725367976137E-03,9.644059441583E-04));
#4281 = CARTESIAN_POINT('',(-4.741057030704E-03,7.536282048738E-04));
#4282 = ( GEOMETRIC_REPRESENTATION_CONTEXT(2) 
PARAMETRIC_REPRESENTATION_CONTEXT() REPRESENTATION_CONTEXT('2D SPACE',''
  ) );
#4283 = ADVANCED_FACE('',(#4284),#3003,.T.);
#4284 = FACE_BOUND('',#4285,.T.);
#4285 = EDGE_LOOP('',(#4286,#4287,#4288,#4289,#4290));
#4286 = ORIENTED_EDGE('',*,*,#3229,.T.);
#4287 = ORIENTED_EDGE('',*,*,#2982,.T.);
#4288 = ORIENTED_EDGE('',*,*,#3054,.T.);
#4289 = ORIENTED_EDGE('',*,*,#3121,.T.);
#4290 = ORIENTED_EDGE('',*,*,#3188,.T.);
#4291 = ADVANCED_FACE('',(#4292),#3343,.T.);
#4292 = FACE_BOUND('',#4293,.T.);
#4293 = EDGE_LOOP('',(#4294,#4295,#4296,#4297,#4298));
#4294 = ORIENTED_EDGE('',*,*,#3569,.T.);
#4295 = ORIENTED_EDGE('',*,*,#3322,.T.);
#4296 = ORIENTED_EDGE('',*,*,#3394,.T.);
#4297 = ORIENTED_EDGE('',*,*,#3461,.T.);
#4298 = ORIENTED_EDGE('',*,*,#3528,.T.);
#4299 = ADVANCED_FACE('',(#4300),#3683,.T.);
#4300 = FACE_BOUND('',#4301,.T.);
#4301 = EDGE_LOOP('',(#4302,#4303,#4304,#4305,#4306));
#4302 = ORIENTED_EDGE('',*,*,#3909,.T.);
#4303 = ORIENTED_EDGE('',*,*,#3662,.T.);
#4304 = ORIENTED_EDGE('',*,*,#3734,.T.);
#4305 = ORIENTED_EDGE('',*,*,#3801,.T.);
#4306 = ORIENTED_EDGE('',*,*,#3868,.T.);
#4307 = ADVANCED_FACE('',(#4308),#4023,.T.);
#4308 = FACE_BOUND('',#4309,.T.);
#4309 = EDGE_LOOP('',(#4310,#4311,#4312,#4313,#4314));
#4310 = ORIENTED_EDGE('',*,*,#4249,.T.);
#4311 = ORIENTED_EDGE('',*,*,#4002,.T.);
#4312 = ORIENTED_EDGE('',*,*,#4074,.T.);
#4313 = ORIENTED_EDGE('',*,*,#4141,.T.);
#4314 = ORIENTED_EDGE('',*,*,#4208,.T.);
#4315 = ( GEOMETRIC_REPRESENTATION_CONTEXT(3) 
GLOBAL_UNCERTAINTY_ASSIGNED_CONTEXT((#4319)) 
GLOBAL_UNIT_ASSIGNED_CONTEXT((#4316,#4317,#4318)) REPRESENTATION_CONTEXT
('Context #1','3D Context with UNIT and UNCERTAINTY') );
#4316 = ( LENGTH_UNIT() NAMED_UNIT(*) SI_UNIT($,.METRE.) );
#4317 = ( NAMED_UNIT(*) PLANE_ANGLE_UNIT() SI_UNIT($,.RADIAN.) );
#4318 = ( NAMED_UNIT(*) SI_UNIT($,.STERADIAN.) SOLID_ANGLE_UNIT() );
#4319 = UNCERTAINTY_MEASURE_WITH_UNIT(LENGTH_MEASURE(2.E-06),#4316,
  'distance_accuracy_value','confusion accuracy');
#4320 = PRODUCT_RELATED_PRODUCT_CATEGORY('part',$,(#7));
ENDSEC;
END-ISO-10303-21;
