ISO-10303-21;
HEADER;
FILE_DESCRIPTION(('Open CASCADE Model'),'2;1');
FILE_NAME('Open CASCADE Shape Model','2026-10-03T19:59:22',('Author'),(
    'Open CASCADE'),'Open CASCADE STEP processor 7.9','Open CASCADE 7.9'
  ,'Unknown');
FILE_SCHEMA(('AUTOMOTIVE_DESIGN { 1 0 10303 214 1 1 1 1 }'));
ENDSEC;
DATA;
#1 = APPLICATION_PROTOCOL_DEFINITION('international standard',
  'automotive_design',2000,#2);
#2 = APPLICATION_CONTEXT(
  'core data for automotive mechanical design processes');
#3 = SHAPE_DEFINITION_REPRESENTATION(#4,#10);
#4 = PRODUCT_DEFINITION_SHAPE('','',#5);
#5 = PRODUCT_DEFINITION('design','',#6,#9);
#6 = PRODUCT_DEFINITION_FORMATION('','',#7);
#7 = PRODUCT('Open CASCADE STEP translator 7.9 16',
  'Open CASCADE STEP translator 7.9 16','',(#8));
#8 = PRODUCT_CONTEXT('',#2,'mechanical');
#9 = PRODUCT_DEFINITION_CONTEXT('part definition',#2,'design');
#10 = ADVANCED_BREP_SHAPE_REPRESENTATION('',(#11,#15),#3482);
#11 = AXIS2_PLACEMENT_3D('',#12,#13,#14);
#12 = CARTESIAN_POINT('',(0.,0.,0.));
#13 = DIRECTION('',(0.,0.,1.));
#14 = DIRECTION('',(1.,0.,-0.));
#15 = BREP_WITH_VOIDS('',#16,(#2496));
#16 = CLOSED_SHELL('',(#17,#992,#1278,#2421,#2448,#2453,#2458,#2491));
#17 = ADVANCED_FACE('',(#18),#43,.F.);
#18 = FACE_BOUND('',#19,.F.);
#19 = EDGE_LOOP('',(#20,#366,#410,#444,#488,#522,#559));
#20 = ORIENTED_EDGE('',*,*,#21,.F.);
#21 = EDGE_CURVE('',#22,#24,#26,.T.);
#22 = VERTEX_POINT('',#23);
#23 = CARTESIAN_POINT('',(2.865572559851E-02,1.1517,-0.11191326987));
#24 = VERTEX_POINT('',#25);
#25 = CARTESIAN_POINT('',(-5.710212759559E-02,1.1517,-0.101945472391));
#26 = SURFACE_CURVE('',#27,(#42,#204),.PCURVE_S1.);
#27 = ( BOUNDED_CURVE() B_SPLINE_CURVE(3,(#28,#29,#30,#31,#32,#33,#34,
    #35,#36,#37,#38,#39,#40,#41),.UNSPECIFIED.,.F.,.F.) 
B_SPLINE_CURVE_WITH_KNOTS((4,1,1,1,1,1,1,1,1,1,1,4),(0.,
    7.403497122166E-02,0.140141996707,0.217436746402,0.324356276069,
    0.445043962199,0.566183629579,0.688413936752,0.79687361582,
0.87676871472,0.933264616408,1.),.UNSPECIFIED.) CURVE() 
GEOMETRIC_REPRESENTATION_ITEM() RATIONAL_B_SPLINE_CURVE((1.,1.,1.,1.,1.,
1.,1.,1.,1.,1.,1.,1.,1.,1.)) REPRESENTATION_ITEM('') );
#28 = CARTESIAN_POINT('',(2.865572559851E-02,1.1517,-0.11191326987));
#29 = CARTESIAN_POINT('',(2.969152468011E-02,1.1517,-0.111396140647));
#30 = CARTESIAN_POINT('',(2.064176265574E-02,1.1517,-0.105999313205));
#31 = CARTESIAN_POINT('',(6.749909523776E-04,1.1517,-0.102243063804));
#32 = CARTESIAN_POINT('',(-2.295249496185E-02,1.1517,-0.101682199301));
#33 = CARTESIAN_POINT('',(-5.191023943463E-02,1.1517,-0.101427051902));
#34 = CARTESIAN_POINT('',(-8.567066092743E-02,1.1517,-0.103360153266));
#35 = CARTESIAN_POINT('',(-0.120592512888,1.1517,-0.108480898387));
#36 = CARTESIAN_POINT('',(-0.154138401367,1.1517,-0.116318586946));
#37 = CARTESIAN_POINT('',(-0.183180921247,1.1517,-0.126594204817));
#38 = CARTESIAN_POINT('',(-0.206075670402,1.1517,-0.134008862152));
#39 = CARTESIAN_POINT('',(-0.222411198751,1.1517,-0.149286369463));
#40 = CARTESIAN_POINT('',(-0.228245187226,1.151699999999,-0.164592681676
    ));
#41 = CARTESIAN_POINT('',(-0.228578802254,1.1517,-0.167204640937));
#42 = PCURVE('',#43,#198);
#43 = ( BOUNDED_SURFACE() B_SPLINE_SURFACE(10,3,(
    (#44,#45,#46,#47,#48,#49,#50,#51,#52,#53,#54,#55,#56,#57)
    ,(#58,#59,#60,#61,#62,#63,#64,#65,#66,#67,#68,#69,#70,#71)
    ,(#72,#73,#74,#75,#76,#77,#78,#79,#80,#81,#82,#83,#84,#85)
    ,(#86,#87,#88,#89,#90,#91,#92,#93,#94,#95,#96,#97,#98,#99)
    ,(#100,#101,#102,#103,#104,#105,#106,#107,#108,#109,#110,#111,#112
      ,#113)
    ,(#114,#115,#116,#117,#118,#119,#120,#121,#122,#123,#124,#125,#126
      ,#127)
    ,(#128,#129,#130,#131,#132,#133,#134,#135,#136,#137,#138,#139,#140
      ,#141)
    ,(#142,#143,#144,#145,#146,#147,#148,#149,#150,#151,#152,#153,#154
      ,#155)
    ,(#156,#157,#158,#159,#160,#161,#162,#163,#164,#165,#166,#167,#168
      ,#169)
    ,(#170,#171,#172,#173,#174,#175,#176,#177,#178,#179,#180,#181,#182
      ,#183)
    ,(#184,#185,#186,#187,#188,#189,#190,#191,#192,#193,#194,#195,#196
,#197
    )),.UNSPECIFIED.,.F.,.F.,.F.) B_SPLINE_SURFACE_WITH_KNOTS((11,11),(4
    ,1,1,1,1,1,1,1,1,1,1,4),(0.,1.),(0.,7.403497122166E-02,
    0.140141996707,0.217436746402,0.324356276069,0.445043962199,
    0.566183629579,0.688413936752,0.79687361582,0.87676871472,
0.933264616408,1.),.UNSPECIFIED.) GEOMETRIC_REPRESENTATION_ITEM() 
RATIONAL_B_SPLINE_SURFACE((
    (1.,1.,1.,1.,1.,1.,1.,1.,1.,1.,1.,1.,1.,1.)
    ,(1.,1.,1.,1.,1.,1.,1.,1.,1.,1.,1.,1.,1.,1.)
    ,(1.,1.,1.,1.,1.,1.,1.,1.,1.,1.,1.,1.,1.,1.)
    ,(1.,1.,1.,1.,1.,1.,1.,1.,1.,1.,1.,1.,1.,1.)
    ,(1.,1.,1.,1.,1.,1.,1.,1.,1.,1.,1.,1.,1.,1.)
    ,(1.,1.,1.,1.,1.,1.,1.,1.,1.,1.,1.,1.,1.,1.)
    ,(1.,1.,1.,1.,1.,1.,1.,1.,1.,1.,1.,1.,1.,1.)
    ,(1.,1.,1.,1.,1.,1.,1.,1.,1.,1.,1.,1.,1.,1.)
    ,(1.,1.,1.,1.,1.,1.,1.,1.,1.,1.,1.,1.,1.,1.)
    ,(1.,1.,1.,1.,1.,1.,1.,1.,1.,1.,1.,1.,1.,1.)
,(1.,1.,1.,1.,1.,1.,1.,1.,1.,1.,1.,1.,1.,1.
))) REPRESENTATION_ITEM('') SURFACE() );
#44 = CARTESIAN_POINT('',(2.865572559851E-02,1.1517,-0.11191326987));
#45 = CARTESIAN_POINT('',(2.969152468011E-02,1.1517,-0.111396140647));
#46 = CARTESIAN_POINT('',(2.064176265574E-02,1.1517,-0.105999313205));
#47 = CARTESIAN_POINT('',(6.749909523776E-04,1.1517,-0.102243063804));
#48 = CARTESIAN_POINT('',(-2.295249496185E-02,1.1517,-0.101682199301));
#49 = CARTESIAN_POINT('',(-5.191023943463E-02,1.1517,-0.101427051902));
#50 = CARTESIAN_POINT('',(-8.567066092743E-02,1.1517,-0.103360153266));
#51 = CARTESIAN_POINT('',(-0.120592512888,1.1517,-0.108480898387));
#52 = CARTESIAN_POINT('',(-0.154138401367,1.1517,-0.116318586946));
#53 = CARTESIAN_POINT('',(-0.183180921247,1.1517,-0.126594204817));
#54 = CARTESIAN_POINT('',(-0.206075670402,1.1517,-0.134008862152));
#55 = CARTESIAN_POINT('',(-0.222411198751,1.1517,-0.149286369463));
#56 = CARTESIAN_POINT('',(-0.228245187226,1.151699999999,-0.164592681676
    ));
#57 = CARTESIAN_POINT('',(-0.228578802254,1.1517,-0.167204640937));
#58 = CARTESIAN_POINT('',(2.865572559851E-02,1.149840115829,
    -0.11191326987));
#59 = CARTESIAN_POINT('',(2.969152468025E-02,1.145745708987,
    -0.111396140647));
#60 = CARTESIAN_POINT('',(2.064176265568E-02,1.141407262922,
    -0.105999313205));
#61 = CARTESIAN_POINT('',(6.749909523956E-04,1.138742145404,
    -0.102243063804));
#62 = CARTESIAN_POINT('',(-2.295249496186E-02,1.13680895755,
    -0.101682199301));
#63 = CARTESIAN_POINT('',(-5.191023943463E-02,1.134594906371,
    -0.101427051902));
#64 = CARTESIAN_POINT('',(-8.567066092743E-02,1.134769587786,
    -0.103360153266));
#65 = CARTESIAN_POINT('',(-0.120592512888,1.134872417762,-0.108480898387
    ));
#66 = CARTESIAN_POINT('',(-0.154138401367,1.136677894387,-0.116318586946
    ));
#67 = CARTESIAN_POINT('',(-0.183180921247,1.137708403279,-0.126594204817
    ));
#68 = CARTESIAN_POINT('',(-0.206075670402,1.140565659977,-0.134008862152
    ));
#69 = CARTESIAN_POINT('',(-0.222411198751,1.142817373247,-0.149286369463
    ));
#70 = CARTESIAN_POINT('',(-0.228245187226,1.145241399291,-0.164592681675
    ));
#71 = CARTESIAN_POINT('',(-0.228578802254,1.150457152563,-0.167204640937
    ));
#72 = CARTESIAN_POINT('',(2.865572559851E-02,1.14797973796,
    -0.113085987136));
#73 = CARTESIAN_POINT('',(2.969152467999E-02,1.139791172839,
    -0.113999649275));
#74 = CARTESIAN_POINT('',(2.064176265579E-02,1.131114234051,
    -0.11128757434));
#75 = CARTESIAN_POINT('',(6.749909523629E-04,1.125783884052,
    -0.109389129567));
#76 = CARTESIAN_POINT('',(-2.295249496184E-02,1.121917459483,
    -0.109792028123));
#77 = CARTESIAN_POINT('',(-5.191023943463E-02,1.117489284777,
    -0.110654333644));
#78 = CARTESIAN_POINT('',(-8.567066092741E-02,1.117838654275,
    -0.112666150786));
#79 = CARTESIAN_POINT('',(-0.120592512888,1.118044317344,-0.117663275528
    ));
#80 = CARTESIAN_POINT('',(-0.154138401367,1.121655325099,-0.124270652495
    ));
#81 = CARTESIAN_POINT('',(-0.183180921247,1.123716378311,-0.132796147067
    ));
#82 = CARTESIAN_POINT('',(-0.206075670402,1.1294309705,-0.138861456608)
  );
#83 = CARTESIAN_POINT('',(-0.222411198751,1.133934490649,-0.151937817091
    ));
#84 = CARTESIAN_POINT('',(-0.228245187226,1.138782553346,-0.165240729452
    ));
#85 = CARTESIAN_POINT('',(-0.228578802254,1.149213975217,-0.167526108536
    ));
#86 = CARTESIAN_POINT('',(2.865572559851E-02,1.146696278393,
    -0.115428329786));
#87 = CARTESIAN_POINT('',(2.96915246802E-02,1.135674920741,
    -0.119207993061));
#88 = CARTESIAN_POINT('',(2.064176265571E-02,1.123998051466,
    -0.121868151161));
#89 = CARTESIAN_POINT('',(6.749909523905E-04,1.116825311852,
    -0.123686363119));
#90 = CARTESIAN_POINT('',(-2.295249496186E-02,1.111622289042,
    -0.126017581683));
#91 = CARTESIAN_POINT('',(-5.191023943463E-02,1.105663418483,
    -0.129115564041));
#92 = CARTESIAN_POINT('',(-8.567066092745E-02,1.106133549602,
    -0.131284881795));
#93 = CARTESIAN_POINT('',(-0.120592512888,1.106410306051,-0.136034674091
    ));
#94 = CARTESIAN_POINT('',(-0.154138401367,1.111269564218,-0.140180534092
    ));
#95 = CARTESIAN_POINT('',(-0.183180921247,1.114043055498,-0.145204529256
    ));
#96 = CARTESIAN_POINT('',(-0.206075670402,1.121733107196,-0.148570132734
    ));
#97 = CARTESIAN_POINT('',(-0.222411198751,1.127793250922,-0.157242696693
    ));
#98 = CARTESIAN_POINT('',(-0.228245187226,1.134317554017,-0.166537122474
    ));
#99 = CARTESIAN_POINT('',(-0.228578802254,1.148356317273,-0.168168196182
    ));
#100 = CARTESIAN_POINT('',(2.865572559851E-02,1.146549823732,
    -0.118485232807));
#101 = CARTESIAN_POINT('',(2.969152467998E-02,1.135224942693,
    -0.125981913628));
#102 = CARTESIAN_POINT('',(2.064176265579E-02,1.123222074362,
    -0.135625283334));
#103 = CARTESIAN_POINT('',(6.749909523602E-04,1.115847852193,
    -0.142277055919));
#104 = CARTESIAN_POINT('',(-2.295249496182E-02,1.110499168987,
    -0.147115368627));
#105 = CARTESIAN_POINT('',(-5.191023943464E-02,1.104373243935,
    -0.153120477731));
#106 = CARTESIAN_POINT('',(-8.567066092739E-02,1.104856568707,
    -0.15549455703));
#107 = CARTESIAN_POINT('',(-0.120592512888,1.105141080435,
    -0.159922752683));
#108 = CARTESIAN_POINT('',(-0.154138401367,1.110136501803,
    -0.160867945846));
#109 = CARTESIAN_POINT('',(-0.183180921247,1.112987771784,
    -0.161338950656));
#110 = CARTESIAN_POINT('',(-0.206075670402,1.120893202966,
    -0.161194260031));
#111 = CARTESIAN_POINT('',(-0.222411198751,1.127123526127,
    -0.164140372415));
#112 = CARTESIAN_POINT('',(-0.228245187226,1.133829756472,
    -0.168223291359));
#113 = CARTESIAN_POINT('',(-0.228578802254,1.148258450533,
    -0.169006160544));
#114 = CARTESIAN_POINT('',(2.865572559851E-02,1.147840777726,
    -0.121310017857));
#115 = CARTESIAN_POINT('',(2.969152468004E-02,1.139328613908,
    -0.132279663635));
#116 = CARTESIAN_POINT('',(2.064176265577E-02,1.130312895293,
    -0.14842171563));
#117 = CARTESIAN_POINT('',(6.749909523717E-04,1.124775575136,
    -0.159567746552));
#118 = CARTESIAN_POINT('',(-2.295249496186E-02,1.120758563921,
    -0.166738332649));
#119 = CARTESIAN_POINT('',(-5.191023943463E-02,1.116158141675,
    -0.175447154843));
#120 = CARTESIAN_POINT('',(-8.567066092746E-02,1.116521088207,
    -0.178011737275));
#121 = CARTESIAN_POINT('',(-0.120592512888,1.116734754411,
    -0.182140808734));
#122 = CARTESIAN_POINT('',(-0.154138401367,1.120486283155,-0.18010907808
    ));
#123 = CARTESIAN_POINT('',(-0.183180921247,1.122627484118,
    -0.176345456782));
#124 = CARTESIAN_POINT('',(-0.206075670402,1.128564556634,
    -0.172935718424));
#125 = CARTESIAN_POINT('',(-0.222411198751,1.133242989058,
    -0.170556136942));
#126 = CARTESIAN_POINT('',(-0.228245187226,1.138280543459,
    -0.169790778701));
#127 = CARTESIAN_POINT('',(-0.228578802254,1.149121116546,
    -0.169780496264));
#128 = CARTESIAN_POINT('',(2.865572559851E-02,1.150187368907,
    -0.122864045491));
#129 = CARTESIAN_POINT('',(2.969152468029E-02,1.146870292918,
    -0.135707241885));
#130 = CARTESIAN_POINT('',(2.064176265566E-02,1.143352519411,
    -0.155380101283));
#131 = CARTESIAN_POINT('',(6.749909523987E-04,1.141190710747,
    -0.168971697484));
#132 = CARTESIAN_POINT('',(-2.295249496184E-02,1.139622939419,
    -0.177410268965));
#133 = CARTESIAN_POINT('',(-5.191023943464E-02,1.137827236274,
    -0.187589690298));
#134 = CARTESIAN_POINT('',(-8.56706609274E-02,1.137968920665,
    -0.190257824438));
#135 = CARTESIAN_POINT('',(-0.120592512888,1.138052318427,
    -0.194224225586));
#136 = CARTESIAN_POINT('',(-0.154138401367,1.139516604421,-0.19057349383
    ));
#137 = CARTESIAN_POINT('',(-0.183180921247,1.140352414134,
    -0.184506785803));
#138 = CARTESIAN_POINT('',(-0.206075670402,1.142669647686,
    -0.179321486193));
#139 = CARTESIAN_POINT('',(-0.222411198751,1.144496089752,
    -0.174045090812));
#140 = CARTESIAN_POINT('',(-0.228245187226,1.146461431182,-0.17064403806
    ));
#141 = CARTESIAN_POINT('',(-0.228578802254,1.150689200668,
    -0.170206489423));
#142 = CARTESIAN_POINT('',(2.865572559851E-02,1.152726783957,
    -0.122687745955));
#143 = CARTESIAN_POINT('',(2.969152468014E-02,1.154981168758,
    -0.135331131976));
#144 = CARTESIAN_POINT('',(2.064176265573E-02,1.157371316963,
    -0.154618683136));
#145 = CARTESIAN_POINT('',(6.74990952383E-04,1.158839978934,
    -0.167942084149));
#146 = CARTESIAN_POINT('',(-2.295249496186E-02,1.159905142229,
    -0.176241993001));
#147 = CARTESIAN_POINT('',(-5.191023943463E-02,1.161125131602,
    -0.186260360377));
#148 = CARTESIAN_POINT('',(-8.567066092744E-02,1.161028874094,
    -0.188917177053));
#149 = CARTESIAN_POINT('',(-0.120592512888,1.160972213682,
    -0.192901383165));
#150 = CARTESIAN_POINT('',(-0.154138401367,1.159977377811,
    -0.189427887401));
#151 = CARTESIAN_POINT('',(-0.183180921247,1.159409537568,
    -0.183613333009));
#152 = CARTESIAN_POINT('',(-0.206075670402,1.157835193834,
    -0.178622361084));
#153 = CARTESIAN_POINT('',(-0.222411198751,1.156594361718,
    -0.173663237617));
#154 = CARTESIAN_POINT('',(-0.228245187226,1.155258980436,
    -0.170550358256));
#155 = CARTESIAN_POINT('',(-0.228578802254,1.15238613725,-0.170158161842
    ));
#156 = CARTESIAN_POINT('',(2.865572559851E-02,1.154672603022,
    -0.12114273998));
#157 = CARTESIAN_POINT('',(2.969152468013E-02,1.161217919147,
    -0.131893670264));
#158 = CARTESIAN_POINT('',(2.064176265573E-02,1.168153046185,
    -0.147635255127));
#159 = CARTESIAN_POINT('',(6.749909523804E-04,1.172413224566,
    -0.158505669787));
#160 = CARTESIAN_POINT('',(-2.295249496185E-02,1.175503451198,
    -0.165532828659));
#161 = CARTESIAN_POINT('',(-5.191023943464E-02,1.179042625218,
    -0.174075618446));
#162 = CARTESIAN_POINT('',(-8.567066092742E-02,1.178763396896,
    -0.176628478867));
#163 = CARTESIAN_POINT('',(-0.120592512888,1.178599022323,
    -0.180775929405));
#164 = CARTESIAN_POINT('',(-0.154138401367,1.175712952671,-0.17892708003
    ));
#165 = CARTESIAN_POINT('',(-0.183180921247,1.174065679811,
    -0.175423574898));
#166 = CARTESIAN_POINT('',(-0.206075670402,1.169498323355,
    -0.172214466075));
#167 = CARTESIAN_POINT('',(-0.222411198751,1.165898966287,
    -0.170161905185));
#168 = CARTESIAN_POINT('',(-0.228245187226,1.162024077584,
    -0.169694758266));
#169 = CARTESIAN_POINT('',(-0.228578802254,1.153686409749,
    -0.169734641718));
#170 = CARTESIAN_POINT('',(2.865572559851E-02,1.155646796791,
    -0.118903249933));
#171 = CARTESIAN_POINT('',(2.969152468014E-02,1.164335397964,
    -0.126920862875));
#172 = CARTESIAN_POINT('',(2.064176265573E-02,1.173541866452,
    -0.137534296215));
#173 = CARTESIAN_POINT('',(6.749909523813E-04,1.179197421477,
    -0.14485621622));
#174 = CARTESIAN_POINT('',(-2.295249496185E-02,1.183299773517,
    -0.150042511701));
#175 = CARTESIAN_POINT('',(-5.191023943463E-02,1.187998136041,
    -0.156450896488));
#176 = CARTESIAN_POINT('',(-8.567066092743E-02,1.187627450567,
    -0.158853403059));
#177 = CARTESIAN_POINT('',(-0.120592512888,1.18740923858,-0.163236977031
    ));
#178 = CARTESIAN_POINT('',(-0.154138401367,1.183577898187,-0.16373810523
    ));
#179 = CARTESIAN_POINT('',(-0.183180921247,1.181391090399,
    -0.163577450606));
#180 = CARTESIAN_POINT('',(-0.206075670402,1.17532780337,-0.162945690144
    ));
#181 = CARTESIAN_POINT('',(-0.222411198751,1.170549519407,
    -0.165097455507));
#182 = CARTESIAN_POINT('',(-0.228245187226,1.165405576375,
    -0.168456964621));
#183 = CARTESIAN_POINT('',(-0.228578802254,1.154337404175,
    -0.169120748234));
#184 = CARTESIAN_POINT('',(2.865572559851E-02,1.155646796791,
    -0.116664354193));
#185 = CARTESIAN_POINT('',(2.969152468019E-02,1.164335397965,
    -0.12194828296));
#186 = CARTESIAN_POINT('',(2.064176265571E-02,1.173541866451,
    -0.127433618029));
#187 = CARTESIAN_POINT('',(6.74990952388E-04,1.179197421478,
    -0.131207192249));
#188 = CARTESIAN_POINT('',(-2.295249496185E-02,1.183299773517,
    -0.134552668172));
#189 = CARTESIAN_POINT('',(-5.191023943463E-02,1.187998136041,
    -0.138826718713));
#190 = CARTESIAN_POINT('',(-8.567066092743E-02,1.187627450567,
    -0.141078874452));
#191 = CARTESIAN_POINT('',(-0.120592512888,1.18740923858,-0.145698564883
    ));
#192 = CARTESIAN_POINT('',(-0.154138401367,1.183577898187,
    -0.148549598747));
#193 = CARTESIAN_POINT('',(-0.183180921247,1.181391090399,
    -0.151731689856));
#194 = CARTESIAN_POINT('',(-0.206075670402,1.17532780337,-0.153677202916
    ));
#195 = CARTESIAN_POINT('',(-0.222411198751,1.170549519407,
    -0.160033153051));
#196 = CARTESIAN_POINT('',(-0.228245187226,1.165405576374,-0.16721923196
    ));
#197 = CARTESIAN_POINT('',(-0.228578802254,1.154337404175,
    -0.168507017661));
#198 = DEFINITIONAL_REPRESENTATION('',(#199),#203);
#199 = LINE('',#200,#201);
#200 = CARTESIAN_POINT('',(0.,0.));
#201 = VECTOR('',#202,1.);
#202 = DIRECTION('',(0.,1.));
#203 = ( GEOMETRIC_REPRESENTATION_CONTEXT(2) 
PARAMETRIC_REPRESENTATION_CONTEXT() REPRESENTATION_CONTEXT('2D SPACE',''
  ) );
#204 = PCURVE('',#205,#360);
#205 = ( BOUNDED_SURFACE() B_SPLINE_SURFACE(10,3,(
    (#206,#207,#208,#209,#210,#211,#212,#213,#214,#215,#216,#217,#218
      ,#219)
    ,(#220,#221,#222,#223,#224,#225,#226,#227,#228,#229,#230,#231,#232
      ,#233)
    ,(#234,#235,#236,#237,#238,#239,#240,#241,#242,#243,#244,#245,#246
      ,#247)
    ,(#248,#249,#250,#251,#252,#253,#254,#255,#256,#257,#258,#259,#260
      ,#261)
    ,(#262,#263,#264,#265,#266,#267,#268,#269,#270,#271,#272,#273,#274
      ,#275)
    ,(#276,#277,#278,#279,#280,#281,#282,#283,#284,#285,#286,#287,#288
      ,#289)
    ,(#290,#291,#292,#293,#294,#295,#296,#297,#298,#299,#300,#301,#302
      ,#303)
    ,(#304,#305,#306,#307,#308,#309,#310,#311,#312,#313,#314,#315,#316
      ,#317)
    ,(#318,#319,#320,#321,#322,#323,#324,#325,#326,#327,#328,#329,#330
      ,#331)
    ,(#332,#333,#334,#335,#336,#337,#338,#339,#340,#341,#342,#343,#344
      ,#345)
    ,(#346,#347,#348,#349,#350,#351,#352,#353,#354,#355,#356,#357,#358
,#359
    )),.UNSPECIFIED.,.F.,.F.,.F.) B_SPLINE_SURFACE_WITH_KNOTS((11,11),(4
    ,1,1,1,1,1,1,1,1,1,1,4),(1.,2.),(0.,7.403497122166E-02,
    0.140141996707,0.217436746402,0.324356276069,0.445043962199,
    0.566183629579,0.688413936752,0.79687361582,0.87676871472,
0.933264616408,1.),.UNSPECIFIED.) GEOMETRIC_REPRESENTATION_ITEM() 
RATIONAL_B_SPLINE_SURFACE((
    (1.,1.,1.,1.,1.,1.,1.,1.,1.,1.,1.,1.,1.,1.)
    ,(1.,1.,1.,1.,1.,1.,1.,1.,1.,1.,1.,1.,1.,1.)
    ,(1.,1.,1.,1.,1.,1.,1.,1.,1.,1.,1.,1.,1.,1.)
    ,(1.,1.,1.,1.,1.,1.,1.,1.,1.,1.,1.,1.,1.,1.)
    ,(1.,1.,1.,1.,1.,1.,1.,1.,1.,1.,1.,1.,1.,1.)
    ,(1.,1.,1.,1.,1.,1.,1.,1.,1.,1.,1.,1.,1.,1.)
    ,(1.,1.,1.,1.,1.,1.,1.,1.,1.,1.,1.,1.,1.,1.)
    ,(1.,1.,1.,1.,1.,1.,1.,1.,1.,1.,1.,1.,1.,1.)
    ,(1.,1.,1.,1.,1.,1.,1.,1.,1.,1.,1.,1.,1.,1.)
    ,(1.,1.,1.,1.,1.,1.,1.,1.,1.,1.,1.,1.,1.,1.)
,(1.,1.,1.,1.,1.,1.,1.,1.,1.,1.,1.,1.,1.,1.
))) REPRESENTATION_ITEM('') SURFACE() );
#206 = CARTESIAN_POINT('',(2.865572559851E-02,1.155646796791,
    -0.116664354193));
#207 = CARTESIAN_POINT('',(2.969152468019E-02,1.164335397965,
    -0.12194828296));
#208 = CARTESIAN_POINT('',(2.064176265571E-02,1.173541866451,
    -0.127433618029));
#209 = CARTESIAN_POINT('',(6.74990952388E-04,1.179197421478,
    -0.131207192249));
#210 = CARTESIAN_POINT('',(-2.295249496185E-02,1.183299773517,
    -0.134552668172));
#211 = CARTESIAN_POINT('',(-5.191023943463E-02,1.187998136041,
    -0.138826718713));
#212 = CARTESIAN_POINT('',(-8.567066092743E-02,1.187627450567,
    -0.141078874452));
#213 = CARTESIAN_POINT('',(-0.120592512888,1.18740923858,-0.145698564883
    ));
#214 = CARTESIAN_POINT('',(-0.154138401367,1.183577898187,
    -0.148549598747));
#215 = CARTESIAN_POINT('',(-0.183180921247,1.181391090399,
    -0.151731689856));
#216 = CARTESIAN_POINT('',(-0.206075670402,1.17532780337,-0.153677202916
    ));
#217 = CARTESIAN_POINT('',(-0.222411198751,1.170549519407,
    -0.160033153051));
#218 = CARTESIAN_POINT('',(-0.228245187226,1.165405576374,-0.16721923196
    ));
#219 = CARTESIAN_POINT('',(-0.228578802254,1.154337404175,
    -0.168507017661));
#220 = CARTESIAN_POINT('',(2.865572559851E-02,1.155646796791,
    -0.115918055612));
#221 = CARTESIAN_POINT('',(2.969152468011E-02,1.164335397963,
    -0.120290756321));
#222 = CARTESIAN_POINT('',(2.064176265574E-02,1.173541866452,
    -0.124066725301));
#223 = CARTESIAN_POINT('',(6.74990952378E-04,1.179197421477,
    -0.126657517592));
#224 = CARTESIAN_POINT('',(-2.295249496185E-02,1.183299773517,
    -0.129389386996));
#225 = CARTESIAN_POINT('',(-5.191023943463E-02,1.187998136041,
    -0.132951992788));
#226 = CARTESIAN_POINT('',(-8.567066092743E-02,1.187627450567,
    -0.135154031583));
#227 = CARTESIAN_POINT('',(-0.120592512888,1.18740923858,-0.139852427501
    ));
#228 = CARTESIAN_POINT('',(-0.154138401367,1.183577898187,
    -0.143486763252));
#229 = CARTESIAN_POINT('',(-0.183180921247,1.181391090399,-0.14778310294
    ));
#230 = CARTESIAN_POINT('',(-0.206075670402,1.17532780337,-0.150587707173
    ));
#231 = CARTESIAN_POINT('',(-0.222411198751,1.170549519407,
    -0.158345052233));
#232 = CARTESIAN_POINT('',(-0.228245187226,1.165405576374,
    -0.166806654406));
#233 = CARTESIAN_POINT('',(-0.228578802254,1.154337404175,
    -0.168302440804));
#234 = CARTESIAN_POINT('',(2.865572559851E-02,1.155538618135,
    -0.115171792309));
#235 = CARTESIAN_POINT('',(2.969152468014E-02,1.163989071452,
    -0.118633308032));
#236 = CARTESIAN_POINT('',(2.064176265573E-02,1.172943197739,
    -0.120699991721));
#237 = CARTESIAN_POINT('',(6.749909523814E-04,1.178443738364,
    -0.122108057993));
#238 = CARTESIAN_POINT('',(-2.295249496185E-02,1.1824336481,
    -0.124226349881));
#239 = CARTESIAN_POINT('',(-5.191023943463E-02,1.187003232119,
    -0.12707754456));
#240 = CARTESIAN_POINT('',(-8.567066092743E-02,1.186642706905,
    -0.129229468751));
#241 = CARTESIAN_POINT('',(-0.120592512888,1.186430475721,
    -0.134006566544));
#242 = CARTESIAN_POINT('',(-0.154138401367,1.182704150208,
    -0.138424166764));
#243 = CARTESIAN_POINT('',(-0.183180921247,1.180577278703,
    -0.143834703562));
#244 = CARTESIAN_POINT('',(-0.206075670402,1.174680187749,
    -0.147498355371));
#245 = CARTESIAN_POINT('',(-0.222411198751,1.170032856952,-0.15665703697
    ));
#246 = CARTESIAN_POINT('',(-0.228245187226,1.165029947472,
    -0.166394081355));
#247 = CARTESIAN_POINT('',(-0.228578802254,1.154265306334,
    -0.168097779115));
#248 = CARTESIAN_POINT('',(2.865572559851E-02,1.15532217742,
    -0.114451015199));
#249 = CARTESIAN_POINT('',(2.969152468008E-02,1.163296151416,
    -0.117032464492));
#250 = CARTESIAN_POINT('',(2.064176265575E-02,1.171745398751,
    -0.117448237965));
#251 = CARTESIAN_POINT('',(6.749909523744E-04,1.176935791061,
    -0.117713970373));
#252 = CARTESIAN_POINT('',(-2.295249496185E-02,1.180700729495,
    -0.119239639488));
#253 = CARTESIAN_POINT('',(-5.191023943463E-02,1.185012657247,
    -0.121403718975));
#254 = CARTESIAN_POINT('',(-8.567066092743E-02,1.184672460249,
    -0.123507240103));
#255 = CARTESIAN_POINT('',(-0.120592512888,1.184472195809,
    -0.128360351816));
#256 = CARTESIAN_POINT('',(-0.154138401367,1.180955979112,
    -0.133534467195));
#257 = CARTESIAN_POINT('',(-0.183180921247,1.17894903222,-0.140021147688
    ));
#258 = CARTESIAN_POINT('',(-0.206075670402,1.173384447016,
    -0.144514513184));
#259 = CARTESIAN_POINT('',(-0.222411198751,1.168999161714,
    -0.155026662503));
#260 = CARTESIAN_POINT('',(-0.228245187226,1.164278327141,-0.16599561888
    ));
#261 = CARTESIAN_POINT('',(-0.228578802254,1.154120595623,
    -0.167900236054));
#262 = CARTESIAN_POINT('',(2.865572559851E-02,1.155002310581,
    -0.113781421858));
#263 = CARTESIAN_POINT('',(2.969152468011E-02,1.162272119771,
    -0.115545299933));
#264 = CARTESIAN_POINT('',(2.064176265574E-02,1.169975231917,
    -0.1144273975));
#265 = CARTESIAN_POINT('',(6.749909523775E-04,1.174707271642,
    -0.11363191537));
#266 = CARTESIAN_POINT('',(-2.295249496185E-02,1.178139736311,
    -0.114607044997));
#267 = CARTESIAN_POINT('',(-5.191023943463E-02,1.182070886843,
    -0.11613280266));
#268 = CARTESIAN_POINT('',(-8.567066092743E-02,1.18176073186,
    -0.118191357941));
#269 = CARTESIAN_POINT('',(-0.120592512888,1.181578152593,
    -0.123115085595));
#270 = CARTESIAN_POINT('',(-0.154138401367,1.178372444688,
    -0.128991994843));
#271 = CARTESIAN_POINT('',(-0.183180921247,1.176542729724,
    -0.136478399053));
#272 = CARTESIAN_POINT('',(-0.206075670402,1.171469534604,
    -0.141742561019));
#273 = CARTESIAN_POINT('',(-0.222411198751,1.167471522156,
    -0.153512059539));
#274 = CARTESIAN_POINT('',(-0.228245187226,1.163167528096,
    -0.165625463774));
#275 = CARTESIAN_POINT('',(-0.228578802254,1.153906626629,
    -0.167716795142));
#276 = CARTESIAN_POINT('',(2.865572559851E-02,1.154588593901,
    -0.113187115834));
#277 = CARTESIAN_POINT('',(2.969152468022E-02,1.16094763433,
    -0.11422534825));
#278 = CARTESIAN_POINT('',(2.06417626557E-02,1.167685693099,
    -0.111746212401));
#279 = CARTESIAN_POINT('',(6.749909523916E-04,1.171824898288,
    -0.110008835908));
#280 = CARTESIAN_POINT('',(-2.295249496185E-02,1.174827340445,
    -0.110495327261));
#281 = CARTESIAN_POINT('',(-5.191023943463E-02,1.178265992625,
    -0.11145453433));
#282 = CARTESIAN_POINT('',(-8.567066092743E-02,1.177994694123,
    -0.113473179595));
#283 = CARTESIAN_POINT('',(-0.120592512888,1.177834988707,
    -0.118459583365));
#284 = CARTESIAN_POINT('',(-0.154138401367,1.175030894483,
    -0.124960266014));
#285 = CARTESIAN_POINT('',(-0.183180921247,1.173430409583,
    -0.133333988162));
#286 = CARTESIAN_POINT('',(-0.206075670402,1.168992785309,
    -0.139282278948));
#287 = CARTESIAN_POINT('',(-0.222411198751,1.165495658179,
    -0.152167757096));
#288 = CARTESIAN_POINT('',(-0.228245187226,1.161730845117,
    -0.165296921316));
#289 = CARTESIAN_POINT('',(-0.228578802254,1.153630052852,
    -0.167553938139));
#290 = CARTESIAN_POINT('',(2.865572559851E-02,1.154094895,
    -0.112689090996));
#291 = CARTESIAN_POINT('',(2.96915246801E-02,1.159367091316,
    -0.11311923676));
#292 = CARTESIAN_POINT('',(2.064176265574E-02,1.164953526726,
    -0.10949939558));
#293 = CARTESIAN_POINT('',(6.749909523773E-04,1.168385287004,
    -0.106972717334));
#294 = CARTESIAN_POINT('',(-2.295249496185E-02,1.170874572088,
    -0.107049732781));
#295 = CARTESIAN_POINT('',(-5.191023943463E-02,1.173725513127,
    -0.107534173903));
#296 = CARTESIAN_POINT('',(-8.567066092743E-02,1.17350058315,
    -0.109519374785));
#297 = CARTESIAN_POINT('',(-0.120592512888,1.173368173416,
    -0.114558300878));
#298 = CARTESIAN_POINT('',(-0.154138401367,1.171043336292,
    -0.121581701422));
#299 = CARTESIAN_POINT('',(-0.183180921247,1.169716394479,
    -0.130698991904));
#300 = CARTESIAN_POINT('',(-0.206075670402,1.166037221248,
    -0.137220575266));
#301 = CARTESIAN_POINT('',(-0.222411198751,1.163137793183,
    -0.151041246019));
#302 = CARTESIAN_POINT('',(-0.228245187226,1.16001645288,-0.165021588586
    ));
#303 = CARTESIAN_POINT('',(-0.228578802254,1.153300256003,
    -0.167417363225));
#304 = CARTESIAN_POINT('',(2.865572559851E-02,1.153538653799,
    -0.112304040941));
#305 = CARTESIAN_POINT('',(2.969152468002E-02,1.157586323442,
    -0.11226404188));
#306 = CARTESIAN_POINT('',(2.064176265578E-02,1.161875246626,
    -0.107762259443));
#307 = CARTESIAN_POINT('',(6.749909523668E-04,1.164509942123,
    -0.104625329135));
#308 = CARTESIAN_POINT('',(-2.295249496184E-02,1.166421062854,
    -0.104385756514));
#309 = CARTESIAN_POINT('',(-5.191023943464E-02,1.168609840876,
    -0.104503130296));
#310 = CARTESIAN_POINT('',(-8.567066092743E-02,1.168437153465,
    -0.106462473489));
#311 = CARTESIAN_POINT('',(-0.120592512888,1.16833549715,-0.111542007519
    ));
#312 = CARTESIAN_POINT('',(-0.154138401367,1.166550630318,
    -0.118969549387));
#313 = CARTESIAN_POINT('',(-0.183180921247,1.165531883111,
    -0.128661733787));
#314 = CARTESIAN_POINT('',(-0.206075670402,1.162707245314,
    -0.135626558675));
#315 = CARTESIAN_POINT('',(-0.222411198751,1.160481225555,
    -0.150170283168));
#316 = CARTESIAN_POINT('',(-0.228245187226,1.158084894721,
    -0.164808703333));
#317 = CARTESIAN_POINT('',(-0.228578802254,1.152928775295,
    -0.167311703182));
#318 = CARTESIAN_POINT('',(2.865572559851E-02,1.152939893476,
    -0.112043493427));
#319 = CARTESIAN_POINT('',(2.969152468013E-02,1.155669433524,
    -0.111685366728));
#320 = CARTESIAN_POINT('',(2.064176265573E-02,1.158561662544,
    -0.106586810968));
#321 = CARTESIAN_POINT('',(6.749909523806E-04,1.160338365563,
    -0.103036948224));
#322 = CARTESIAN_POINT('',(-2.295249496185E-02,1.161627127008,
    -0.102583153498));
#323 = CARTESIAN_POINT('',(-5.191023943463E-02,1.163103126229,
    -0.102452147927));
#324 = CARTESIAN_POINT('',(-8.567066092743E-02,1.162986674763,
    -0.104393994298));
#325 = CARTESIAN_POINT('',(-0.120592512888,1.162918122846,
    -0.109501006004));
#326 = CARTESIAN_POINT('',(-0.154138401367,1.161714501006,
    -0.117202013811));
#327 = CARTESIAN_POINT('',(-0.183180921247,1.161027508882,
    -0.127283204786));
#328 = CARTESIAN_POINT('',(-0.206075670402,1.159122722158,
    -0.134547954105));
#329 = CARTESIAN_POINT('',(-0.222411198751,1.157621599546,
    -0.149580936273));
#330 = CARTESIAN_POINT('',(-0.228245187226,1.156005662414,
    -0.164664658394));
#331 = CARTESIAN_POINT('',(-0.228578802254,1.152528736748,
    -0.167240243577));
#332 = CARTESIAN_POINT('',(2.865572559851E-02,1.15231996139,
    -0.11191326987));
#333 = CARTESIAN_POINT('',(2.969152468016E-02,1.153684763672,
    -0.111396140647));
#334 = CARTESIAN_POINT('',(2.064176265572E-02,1.155130912359,
    -0.105999313205));
#335 = CARTESIAN_POINT('',(6.749909523846E-04,1.156019284865,
    -0.102243063804));
#336 = CARTESIAN_POINT('',(-2.295249496185E-02,1.156663680817,
    -0.101682199301));
#337 = CARTESIAN_POINT('',(-5.191023943463E-02,1.157401697876,
    -0.101427051902));
#338 = CARTESIAN_POINT('',(-8.567066092743E-02,1.157343470738,
    -0.103360153266));
#339 = CARTESIAN_POINT('',(-0.120592512888,1.157309194079,
    -0.108480898387));
#340 = CARTESIAN_POINT('',(-0.154138401367,1.156707368538,
    -0.116318586946));
#341 = CARTESIAN_POINT('',(-0.183180921247,1.156363865574,
    -0.126594204817));
#342 = CARTESIAN_POINT('',(-0.206075670402,1.155411446674,
    -0.134008862152));
#343 = CARTESIAN_POINT('',(-0.222411198751,1.154660875585,
    -0.149286369463));
#344 = CARTESIAN_POINT('',(-0.228245187226,1.153852866901,
    -0.164592681675));
#345 = CARTESIAN_POINT('',(-0.228578802254,1.152114282479,
    -0.167204640937));
#346 = CARTESIAN_POINT('',(2.865572559851E-02,1.1517,-0.11191326987));
#347 = CARTESIAN_POINT('',(2.969152468002E-02,1.1517,-0.111396140647));
#348 = CARTESIAN_POINT('',(2.064176265578E-02,1.1517,-0.105999313205));
#349 = CARTESIAN_POINT('',(6.749909523673E-04,1.1517,-0.102243063804));
#350 = CARTESIAN_POINT('',(-2.295249496184E-02,1.1517,-0.101682199301));
#351 = CARTESIAN_POINT('',(-5.191023943463E-02,1.1517,-0.101427051902));
#352 = CARTESIAN_POINT('',(-8.567066092743E-02,1.1517,-0.103360153266));
#353 = CARTESIAN_POINT('',(-0.120592512888,1.1517,-0.108480898387));
#354 = CARTESIAN_POINT('',(-0.154138401367,1.1517,-0.116318586946));
#355 = CARTESIAN_POINT('',(-0.183180921247,1.1517,-0.126594204817));
#356 = CARTESIAN_POINT('',(-0.206075670402,1.1517,-0.134008862152));
#357 = CARTESIAN_POINT('',(-0.222411198751,1.1517,-0.149286369463));
#358 = CARTESIAN_POINT('',(-0.228245187226,1.1517,-0.164592681675));
#359 = CARTESIAN_POINT('',(-0.228578802254,1.1517,-0.167204640937));
#360 = DEFINITIONAL_REPRESENTATION('',(#361),#365);
#361 = LINE('',#362,#363);
#362 = CARTESIAN_POINT('',(2.,0.));
#363 = VECTOR('',#364,1.);
#364 = DIRECTION('',(0.,1.));
#365 = ( GEOMETRIC_REPRESENTATION_CONTEXT(2) 
PARAMETRIC_REPRESENTATION_CONTEXT() REPRESENTATION_CONTEXT('2D SPACE',''
  ) );
#366 = ORIENTED_EDGE('',*,*,#367,.T.);
#367 = EDGE_CURVE('',#22,#368,#370,.T.);
#368 = VERTEX_POINT('',#369);
#369 = CARTESIAN_POINT('',(2.865572559851E-02,1.155646796791,
    -0.116664354193));
#370 = SURFACE_CURVE('',#371,(#383,#390),.PCURVE_S1.);
#371 = B_SPLINE_CURVE_WITH_KNOTS('',10,(#372,#373,#374,#375,#376,#377,
    #378,#379,#380,#381,#382),.UNSPECIFIED.,.F.,.F.,(11,11),(0.,1.),
  .PIECEWISE_BEZIER_KNOTS.);
#372 = CARTESIAN_POINT('',(2.865572559851E-02,1.1517,-0.11191326987));
#373 = CARTESIAN_POINT('',(2.865572559851E-02,1.149840115829,
    -0.11191326987));
#374 = CARTESIAN_POINT('',(2.865572559851E-02,1.14797973796,
    -0.113085987136));
#375 = CARTESIAN_POINT('',(2.865572559851E-02,1.146696278393,
    -0.115428329786));
#376 = CARTESIAN_POINT('',(2.865572559851E-02,1.146549823732,
    -0.118485232807));
#377 = CARTESIAN_POINT('',(2.865572559851E-02,1.147840777726,
    -0.121310017857));
#378 = CARTESIAN_POINT('',(2.865572559851E-02,1.150187368907,
    -0.122864045491));
#379 = CARTESIAN_POINT('',(2.865572559851E-02,1.152726783957,
    -0.122687745955));
#380 = CARTESIAN_POINT('',(2.865572559851E-02,1.154672603022,
    -0.12114273998));
#381 = CARTESIAN_POINT('',(2.865572559851E-02,1.155646796791,
    -0.118903249933));
#382 = CARTESIAN_POINT('',(2.865572559851E-02,1.155646796791,
    -0.116664354193));
#383 = PCURVE('',#43,#384);
#384 = DEFINITIONAL_REPRESENTATION('',(#385),#389);
#385 = LINE('',#386,#387);
#386 = CARTESIAN_POINT('',(0.,0.));
#387 = VECTOR('',#388,1.);
#388 = DIRECTION('',(1.,0.));
#389 = ( GEOMETRIC_REPRESENTATION_CONTEXT(2) 
PARAMETRIC_REPRESENTATION_CONTEXT() REPRESENTATION_CONTEXT('2D SPACE',''
  ) );
#390 = PCURVE('',#391,#396);
#391 = PLANE('',#392);
#392 = AXIS2_PLACEMENT_3D('',#393,#394,#395);
#393 = CARTESIAN_POINT('',(2.865572559851E-02,1.1517,-0.11191326987));
#394 = DIRECTION('',(-1.,4.295869439372E-15,1.015620453342E-15));
#395 = DIRECTION('',(-7.332001805549E-16,6.52386416886E-02,
    -0.997869690706));
#396 = DEFINITIONAL_REPRESENTATION('',(#397),#409);
#397 = B_SPLINE_CURVE_WITH_KNOTS('',10,(#398,#399,#400,#401,#402,#403,
    #404,#405,#406,#407,#408),.UNSPECIFIED.,.F.,.F.,(11,11),(0.,1.),
  .PIECEWISE_BEZIER_KNOTS.);
#398 = CARTESIAN_POINT('',(0.,0.));
#399 = CARTESIAN_POINT('',(-1.213363169851E-04,1.855922042018E-03));
#400 = CARTESIAN_POINT('',(9.275141732668E-04,3.788843212692E-03));
#401 = CARTESIAN_POINT('',(3.181135750007E-03,5.222379866777E-03));
#402 = CARTESIAN_POINT('',(6.221972118674E-03,5.567950734799E-03));
#403 = CARTESIAN_POINT('',(9.124959587702E-03,4.464032011904E-03));
#404 = CARTESIAN_POINT('',(1.082876508394E-02,2.22382244812E-03));
#405 = CARTESIAN_POINT('',(1.081850910889E-02,-3.216844048965E-04));
#406 = CARTESIAN_POINT('',(9.403737066543E-03,-2.364152364812E-03));
#407 = CARTESIAN_POINT('',(7.232572904739E-03,-3.48237208834E-03));
#408 = CARTESIAN_POINT('',(4.998446704699E-03,-3.628434605333E-03));
#409 = ( GEOMETRIC_REPRESENTATION_CONTEXT(2) 
PARAMETRIC_REPRESENTATION_CONTEXT() REPRESENTATION_CONTEXT('2D SPACE',''
  ) );
#410 = ORIENTED_EDGE('',*,*,#411,.T.);
#411 = EDGE_CURVE('',#368,#412,#414,.T.);
#412 = VERTEX_POINT('',#413);
#413 = CARTESIAN_POINT('',(-0.228578802254,1.154337404175,
    -0.168507017661));
#414 = SURFACE_CURVE('',#415,(#430,#437),.PCURVE_S1.);
#415 = ( BOUNDED_CURVE() B_SPLINE_CURVE(3,(#416,#417,#418,#419,#420,#421
    ,#422,#423,#424,#425,#426,#427,#428,#429),.UNSPECIFIED.,.F.,.F.) 
B_SPLINE_CURVE_WITH_KNOTS((4,1,1,1,1,1,1,1,1,1,1,4),(0.,
    7.403497122166E-02,0.140141996707,0.217436746402,0.324356276069,
    0.445043962199,0.566183629579,0.688413936752,0.79687361582,
0.87676871472,0.933264616408,1.),.UNSPECIFIED.) CURVE() 
GEOMETRIC_REPRESENTATION_ITEM() RATIONAL_B_SPLINE_CURVE((1.,1.,1.,1.,1.,
1.,1.,1.,1.,1.,1.,1.,1.,1.)) REPRESENTATION_ITEM('') );
#416 = CARTESIAN_POINT('',(2.865572559851E-02,1.155646796791,
    -0.116664354193));
#417 = CARTESIAN_POINT('',(2.969152468019E-02,1.164335397965,
    -0.12194828296));
#418 = CARTESIAN_POINT('',(2.064176265571E-02,1.173541866451,
    -0.127433618029));
#419 = CARTESIAN_POINT('',(6.74990952388E-04,1.179197421478,
    -0.131207192249));
#420 = CARTESIAN_POINT('',(-2.295249496185E-02,1.183299773517,
    -0.134552668172));
#421 = CARTESIAN_POINT('',(-5.191023943463E-02,1.187998136041,
    -0.138826718713));
#422 = CARTESIAN_POINT('',(-8.567066092743E-02,1.187627450567,
    -0.141078874452));
#423 = CARTESIAN_POINT('',(-0.120592512888,1.18740923858,-0.145698564883
    ));
#424 = CARTESIAN_POINT('',(-0.154138401367,1.183577898187,
    -0.148549598747));
#425 = CARTESIAN_POINT('',(-0.183180921247,1.181391090399,
    -0.151731689856));
#426 = CARTESIAN_POINT('',(-0.206075670402,1.17532780337,-0.153677202916
    ));
#427 = CARTESIAN_POINT('',(-0.222411198751,1.170549519407,
    -0.160033153051));
#428 = CARTESIAN_POINT('',(-0.228245187226,1.165405576374,-0.16721923196
    ));
#429 = CARTESIAN_POINT('',(-0.228578802254,1.154337404175,
    -0.168507017661));
#430 = PCURVE('',#43,#431);
#431 = DEFINITIONAL_REPRESENTATION('',(#432),#436);
#432 = LINE('',#433,#434);
#433 = CARTESIAN_POINT('',(1.,0.));
#434 = VECTOR('',#435,1.);
#435 = DIRECTION('',(0.,1.));
#436 = ( GEOMETRIC_REPRESENTATION_CONTEXT(2) 
PARAMETRIC_REPRESENTATION_CONTEXT() REPRESENTATION_CONTEXT('2D SPACE',''
  ) );
#437 = PCURVE('',#205,#438);
#438 = DEFINITIONAL_REPRESENTATION('',(#439),#443);
#439 = LINE('',#440,#441);
#440 = CARTESIAN_POINT('',(1.,0.));
#441 = VECTOR('',#442,1.);
#442 = DIRECTION('',(0.,1.));
#443 = ( GEOMETRIC_REPRESENTATION_CONTEXT(2) 
PARAMETRIC_REPRESENTATION_CONTEXT() REPRESENTATION_CONTEXT('2D SPACE',''
  ) );
#444 = ORIENTED_EDGE('',*,*,#445,.F.);
#445 = EDGE_CURVE('',#446,#412,#448,.T.);
#446 = VERTEX_POINT('',#447);
#447 = CARTESIAN_POINT('',(-0.228578802254,1.1517,-0.167204640937));
#448 = SURFACE_CURVE('',#449,(#461,#468),.PCURVE_S1.);
#449 = B_SPLINE_CURVE_WITH_KNOTS('',10,(#450,#451,#452,#453,#454,#455,
    #456,#457,#458,#459,#460),.UNSPECIFIED.,.F.,.F.,(11,11),(0.,1.),
  .PIECEWISE_BEZIER_KNOTS.);
#450 = CARTESIAN_POINT('',(-0.228578802254,1.1517,-0.167204640937));
#451 = CARTESIAN_POINT('',(-0.228578802254,1.150457152563,
    -0.167204640937));
#452 = CARTESIAN_POINT('',(-0.228578802254,1.149213975217,
    -0.167526108536));
#453 = CARTESIAN_POINT('',(-0.228578802254,1.148356317273,
    -0.168168196182));
#454 = CARTESIAN_POINT('',(-0.228578802254,1.148258450533,
    -0.169006160544));
#455 = CARTESIAN_POINT('',(-0.228578802254,1.149121116546,
    -0.169780496264));
#456 = CARTESIAN_POINT('',(-0.228578802254,1.150689200668,
    -0.170206489423));
#457 = CARTESIAN_POINT('',(-0.228578802254,1.15238613725,-0.170158161842
    ));
#458 = CARTESIAN_POINT('',(-0.228578802254,1.153686409749,
    -0.169734641718));
#459 = CARTESIAN_POINT('',(-0.228578802254,1.154337404175,
    -0.169120748234));
#460 = CARTESIAN_POINT('',(-0.228578802254,1.154337404175,
    -0.168507017661));
#461 = PCURVE('',#43,#462);
#462 = DEFINITIONAL_REPRESENTATION('',(#463),#467);
#463 = LINE('',#464,#465);
#464 = CARTESIAN_POINT('',(0.,1.));
#465 = VECTOR('',#466,1.);
#466 = DIRECTION('',(1.,0.));
#467 = ( GEOMETRIC_REPRESENTATION_CONTEXT(2) 
PARAMETRIC_REPRESENTATION_CONTEXT() REPRESENTATION_CONTEXT('2D SPACE',''
  ) );
#468 = PCURVE('',#469,#474);
#469 = PLANE('',#470);
#470 = AXIS2_PLACEMENT_3D('',#471,#472,#473);
#471 = CARTESIAN_POINT('',(-0.228578802254,1.1517,-0.167204640937));
#472 = DIRECTION('',(1.,1.140662721535E-14,-5.020578273807E-16));
#473 = DIRECTION('',(9.15166508164E-15,-0.827052880808,-0.562124125392)
  );
#474 = DEFINITIONAL_REPRESENTATION('',(#475),#487);
#475 = B_SPLINE_CURVE_WITH_KNOTS('',10,(#476,#477,#478,#479,#480,#481,
    #482,#483,#484,#485,#486),.UNSPECIFIED.,.F.,.F.,(11,11),(0.,1.),
  .PIECEWISE_BEZIER_KNOTS.);
#476 = CARTESIAN_POINT('',(0.,0.));
#477 = CARTESIAN_POINT('',(1.027900553352E-03,-6.986345286404E-04));
#478 = CARTESIAN_POINT('',(2.23677865197E-03,-1.131583802936E-03));
#479 = CARTESIAN_POINT('',(3.307040081548E-03,-1.08265358737E-03));
#480 = CARTESIAN_POINT('',(3.859021034627E-03,-4.446260033056E-04));
#481 = CARTESIAN_POINT('',(3.580823412441E-03,6.807159630339E-04));
#482 = CARTESIAN_POINT('',(2.523395954602E-03,1.914492747779E-03));
#483 = CARTESIAN_POINT('',(1.092773566776E-03,2.828412274658E-03));
#484 = CARTESIAN_POINT('',(-2.206914287219E-04,3.20905327727E-03));
#485 = CARTESIAN_POINT('',(-1.104182582728E-03,3.067270574864E-03));
#486 = CARTESIAN_POINT('',(-1.44917534394E-03,2.559682936964E-03));
#487 = ( GEOMETRIC_REPRESENTATION_CONTEXT(2) 
PARAMETRIC_REPRESENTATION_CONTEXT() REPRESENTATION_CONTEXT('2D SPACE',''
  ) );
#488 = ORIENTED_EDGE('',*,*,#489,.F.);
#489 = EDGE_CURVE('',#490,#446,#492,.T.);
#490 = VERTEX_POINT('',#491);
#491 = CARTESIAN_POINT('',(-9.848831699529E-02,1.1517,-0.105396550163));
#492 = SURFACE_CURVE('',#493,(#508,#515),.PCURVE_S1.);
#493 = ( BOUNDED_CURVE() B_SPLINE_CURVE(3,(#494,#495,#496,#497,#498,#499
    ,#500,#501,#502,#503,#504,#505,#506,#507),.UNSPECIFIED.,.F.,.F.) 
B_SPLINE_CURVE_WITH_KNOTS((4,1,1,1,1,1,1,1,1,1,1,4),(0.,
    7.403497122166E-02,0.140141996707,0.217436746402,0.324356276069,
    0.445043962199,0.566183629579,0.688413936752,0.79687361582,
0.87676871472,0.933264616408,1.),.UNSPECIFIED.) CURVE() 
GEOMETRIC_REPRESENTATION_ITEM() RATIONAL_B_SPLINE_CURVE((1.,1.,1.,1.,1.,
1.,1.,1.,1.,1.,1.,1.,1.,1.)) REPRESENTATION_ITEM('') );
#494 = CARTESIAN_POINT('',(2.865572559851E-02,1.1517,-0.11191326987));
#495 = CARTESIAN_POINT('',(2.969152468011E-02,1.1517,-0.111396140647));
#496 = CARTESIAN_POINT('',(2.064176265574E-02,1.1517,-0.105999313205));
#497 = CARTESIAN_POINT('',(6.749909523776E-04,1.1517,-0.102243063804));
#498 = CARTESIAN_POINT('',(-2.295249496185E-02,1.1517,-0.101682199301));
#499 = CARTESIAN_POINT('',(-5.191023943463E-02,1.1517,-0.101427051902));
#500 = CARTESIAN_POINT('',(-8.567066092743E-02,1.1517,-0.103360153266));
#501 = CARTESIAN_POINT('',(-0.120592512888,1.1517,-0.108480898387));
#502 = CARTESIAN_POINT('',(-0.154138401367,1.1517,-0.116318586946));
#503 = CARTESIAN_POINT('',(-0.183180921247,1.1517,-0.126594204817));
#504 = CARTESIAN_POINT('',(-0.206075670402,1.1517,-0.134008862152));
#505 = CARTESIAN_POINT('',(-0.222411198751,1.1517,-0.149286369463));
#506 = CARTESIAN_POINT('',(-0.228245187226,1.151699999999,
    -0.164592681676));
#507 = CARTESIAN_POINT('',(-0.228578802254,1.1517,-0.167204640937));
#508 = PCURVE('',#43,#509);
#509 = DEFINITIONAL_REPRESENTATION('',(#510),#514);
#510 = LINE('',#511,#512);
#511 = CARTESIAN_POINT('',(0.,0.));
#512 = VECTOR('',#513,1.);
#513 = DIRECTION('',(0.,1.));
#514 = ( GEOMETRIC_REPRESENTATION_CONTEXT(2) 
PARAMETRIC_REPRESENTATION_CONTEXT() REPRESENTATION_CONTEXT('2D SPACE',''
  ) );
#515 = PCURVE('',#205,#516);
#516 = DEFINITIONAL_REPRESENTATION('',(#517),#521);
#517 = LINE('',#518,#519);
#518 = CARTESIAN_POINT('',(2.,0.));
#519 = VECTOR('',#520,1.);
#520 = DIRECTION('',(0.,1.));
#521 = ( GEOMETRIC_REPRESENTATION_CONTEXT(2) 
PARAMETRIC_REPRESENTATION_CONTEXT() REPRESENTATION_CONTEXT('2D SPACE',''
  ) );
#522 = ORIENTED_EDGE('',*,*,#523,.T.);
#523 = EDGE_CURVE('',#490,#524,#526,.T.);
#524 = VERTEX_POINT('',#525);
#525 = CARTESIAN_POINT('',(-9.749846912078E-02,1.148695432869,
    -0.105396550163));
#526 = SURFACE_CURVE('',#527,(#534,#544),.PCURVE_S1.);
#527 = B_SPLINE_CURVE_WITH_KNOTS('',5,(#528,#529,#530,#531,#532,#533),
  .UNSPECIFIED.,.F.,.F.,(6,6),(0.,1.),.PIECEWISE_BEZIER_KNOTS.);
#528 = CARTESIAN_POINT('',(-9.848831699529E-02,1.1517,-0.105396550163));
#529 = CARTESIAN_POINT('',(-9.848831699528E-02,1.150955730509,
    -0.105396550163));
#530 = CARTESIAN_POINT('',(-9.833805665896E-02,1.150211022602,
    -0.105396550163));
#531 = CARTESIAN_POINT('',(-9.803752681398E-02,1.149482941598,
    -0.105396550163));
#532 = CARTESIAN_POINT('',(-9.760777454805E-02,1.14878185167,
    -0.105396550163));
#533 = CARTESIAN_POINT('',(-9.707127848159E-02,1.148113526634,
    -0.105396550163));
#534 = PCURVE('',#43,#535);
#535 = DEFINITIONAL_REPRESENTATION('',(#536),#543);
#536 = B_SPLINE_CURVE_WITH_KNOTS('',5,(#537,#538,#539,#540,#541,#542),
  .UNSPECIFIED.,.F.,.F.,(6,6),(0.,1.),.PIECEWISE_BEZIER_KNOTS.);
#537 = CARTESIAN_POINT('',(0.,0.489788339774));
#538 = CARTESIAN_POINT('',(4.408862106652E-03,0.489788339774));
#539 = CARTESIAN_POINT('',(8.82030276088E-03,0.489266930845));
#540 = CARTESIAN_POINT('',(1.313593890623E-02,0.488224074654));
#541 = CARTESIAN_POINT('',(1.729674518413E-02,0.486733012964));
#542 = CARTESIAN_POINT('',(2.126934482253E-02,0.484871957927));
#543 = ( GEOMETRIC_REPRESENTATION_CONTEXT(2) 
PARAMETRIC_REPRESENTATION_CONTEXT() REPRESENTATION_CONTEXT('2D SPACE',''
  ) );
#544 = PCURVE('',#545,#550);
#545 = PLANE('',#546);
#546 = AXIS2_PLACEMENT_3D('',#547,#548,#549);
#547 = CARTESIAN_POINT('',(-0.130201480697,1.151776714678,
    -0.105396550163));
#548 = DIRECTION('',(0.,0.,-1.));
#549 = DIRECTION('',(0.99999944875,-1.049999421187E-03,0.));
#550 = DEFINITIONAL_REPRESENTATION('',(#551),#558);
#551 = B_SPLINE_CURVE_WITH_KNOTS('',5,(#552,#553,#554,#555,#556,#557),
  .UNSPECIFIED.,.F.,.F.,(6,6),(0.,1.),.PIECEWISE_BEZIER_KNOTS.);
#552 = CARTESIAN_POINT('',(3.171322677001E-02,4.341583214829E-05));
#553 = CARTESIAN_POINT('',(3.171400825255E-02,7.876849129376E-04));
#554 = CARTESIAN_POINT('',(3.186505044891E-02,1.532234635632E-03));
#555 = CARTESIAN_POINT('',(3.216634461286E-02,2.25999968231E-03));
#556 = CARTESIAN_POINT('',(3.25968327859E-02,2.960637984222E-03));
#557 = CARTESIAN_POINT('',(3.313403029753E-02,3.628399331534E-03));
#558 = ( GEOMETRIC_REPRESENTATION_CONTEXT(2) 
PARAMETRIC_REPRESENTATION_CONTEXT() REPRESENTATION_CONTEXT('2D SPACE',''
  ) );
#559 = ORIENTED_EDGE('',*,*,#560,.F.);
#560 = EDGE_CURVE('',#24,#524,#561,.T.);
#561 = SURFACE_CURVE('',#562,(#609,#659),.PCURVE_S1.);
#562 = B_SPLINE_CURVE_WITH_KNOTS('',7,(#563,#564,#565,#566,#567,#568,
    #569,#570,#571,#572,#573,#574,#575,#576,#577,#578,#579,#580,#581,
    #582,#583,#584,#585,#586,#587,#588,#589,#590,#591,#592,#593,#594,
    #595,#596,#597,#598,#599,#600,#601,#602,#603,#604,#605,#606,#607,
    #608),.UNSPECIFIED.,.F.,.F.,(8,7,7,6,6,6,6,8),(0.,3.134969791827E-02
    ,6.269939583654E-02,9.404909375481E-02,0.138096876448,0.284205896772
    ,0.752925056707,1.),.UNSPECIFIED.);
#563 = CARTESIAN_POINT('',(-5.710212759559E-02,1.1517,-0.101945472391));
#564 = CARTESIAN_POINT('',(-5.710205533313E-02,1.151597954754,
    -0.101945470011));
#565 = CARTESIAN_POINT('',(-5.71180658811E-02,1.151494305215,
    -0.101946393857));
#566 = CARTESIAN_POINT('',(-5.714648158408E-02,1.15139328322,
    -0.101948140783));
#567 = CARTESIAN_POINT('',(-5.719452075692E-02,1.151298757202,
    -0.101950877877));
#568 = CARTESIAN_POINT('',(-5.724673713902E-02,1.151209692968,
    -0.101953979938));
#569 = CARTESIAN_POINT('',(-5.730858868469E-02,1.151127200565,
    -0.10195756918));
#570 = CARTESIAN_POINT('',(-5.737625702019E-02,1.151048969919,
    -0.101961505804));
#571 = CARTESIAN_POINT('',(-5.744388659592E-02,1.150970961533,
    -0.101965438015));
#572 = CARTESIAN_POINT('',(-5.751712661712E-02,1.150898137925,
    -0.101969690354));
#573 = CARTESIAN_POINT('',(-5.759466708982E-02,1.150829839656,
    -0.101974186833));
#574 = CARTESIAN_POINT('',(-5.76754659138E-02,1.150765487999,
    -0.101978867667));
#575 = CARTESIAN_POINT('',(-5.77587488826E-02,1.15070458494,
    -0.101983689273));
#576 = CARTESIAN_POINT('',(-5.78440096835E-02,1.150646713172,
    -0.101988624276));
#577 = CARTESIAN_POINT('',(-5.793100989757E-02,1.150591536103,
    -0.101993661501));
#578 = CARTESIAN_POINT('',(-5.806865524704E-02,1.150504296685,
    -0.102001628462));
#579 = CARTESIAN_POINT('',(-5.821368039918E-02,1.150421755696,
    -0.10201002324));
#580 = CARTESIAN_POINT('',(-5.836467637767E-02,1.150343483142,
    -0.102018768484));
#581 = CARTESIAN_POINT('',(-5.852049500876E-02,1.150269086036,
    -0.102027801675));
#582 = CARTESIAN_POINT('',(-5.868024892127E-02,1.1501982084,
    -0.102037075119));
#583 = CARTESIAN_POINT('',(-5.884331154661E-02,1.150130531268,
    -0.102046555956));
#584 = CARTESIAN_POINT('',(-5.924255589083E-02,1.14997476666,
    -0.102069814311));
#585 = CARTESIAN_POINT('',(-5.948136344093E-02,1.149889515839,
    -0.102083761918));
#586 = CARTESIAN_POINT('',(-5.972459446637E-02,1.149809301895,
    -0.102098011544));
#587 = CARTESIAN_POINT('',(-5.997133710601E-02,1.149733520974,
    -0.102112517841));
#588 = CARTESIAN_POINT('',(-6.022091294027E-02,1.149661683688,
    -0.102127247544));
#589 = CARTESIAN_POINT('',(-6.047287699112E-02,1.149593415116,
    -0.102142179466));
#590 = CARTESIAN_POINT('',(-6.157000864592E-02,1.149312944846,
    -0.102207475835));
#591 = CARTESIAN_POINT('',(-6.243439685472E-02,1.149133598062,
    -0.102259633764));
#592 = CARTESIAN_POINT('',(-6.331096840114E-02,1.148978778432,
    -0.102313397805));
#593 = CARTESIAN_POINT('',(-6.419515750748E-02,1.148844024748,
    -0.102368603069));
#594 = CARTESIAN_POINT('',(-6.508432909552E-02,1.148726529939,
    -0.102425169871));
#595 = CARTESIAN_POINT('',(-6.597686189346E-02,1.148623267788,
    -0.102483072506));
#596 = CARTESIAN_POINT('',(-6.974795702296E-02,1.148242457621,
    -0.102732749129));
#597 = CARTESIAN_POINT('',(-7.2645585198E-02,1.148083085553,
    -0.102936882473));
#598 = CARTESIAN_POINT('',(-7.55475427375E-02,1.147997173581,
    -0.103155857191));
#599 = CARTESIAN_POINT('',(-7.844430508161E-02,1.147977482986,
    -0.103391167389));
#600 = CARTESIAN_POINT('',(-8.132907740667E-02,1.148003645679,
    -0.103643677021));
#601 = CARTESIAN_POINT('',(-8.419920190941E-02,1.148070373624,
    -0.103914935704));
#602 = CARTESIAN_POINT('',(-8.856194727033E-02,1.148221672529,
    -0.104359682974));
#603 = CARTESIAN_POINT('',(-9.006345974484E-02,1.148282950472,
    -0.104518629286));
#604 = CARTESIAN_POINT('',(-9.156035685148E-02,1.148352294713,
    -0.104683074998));
#605 = CARTESIAN_POINT('',(-9.305245243564E-02,1.148428865855,
    -0.104853066535));
#606 = CARTESIAN_POINT('',(-9.453958705029E-02,1.148511950246,
    -0.105028634976));
#607 = CARTESIAN_POINT('',(-9.602162795596E-02,1.148600959973,
    -0.105209796055));
#608 = CARTESIAN_POINT('',(-9.749846912078E-02,1.148695432869,
    -0.105396550163));
#609 = PCURVE('',#43,#610);
#610 = DEFINITIONAL_REPRESENTATION('',(#611),#658);
#611 = B_SPLINE_CURVE_WITH_KNOTS('',7,(#612,#613,#614,#615,#616,#617,
    #618,#619,#620,#621,#622,#623,#624,#625,#626,#627,#628,#629,#630,
    #631,#632,#633,#634,#635,#636,#637,#638,#639,#640,#641,#642,#643,
    #644,#645,#646,#647,#648,#649,#650,#651,#652,#653,#654,#655,#656,
    #657),.UNSPECIFIED.,.F.,.F.,(8,7,7,6,6,6,6,8),(0.,3.134969791827E-02
    ,6.269939583654E-02,9.404909375481E-02,0.138096876448,0.284205896772
    ,0.752925056707,1.),.UNSPECIFIED.);
#612 = CARTESIAN_POINT('',(0.,0.346605361925));
#613 = CARTESIAN_POINT('',(6.070842307453E-04,0.346605111409));
#614 = CARTESIAN_POINT('',(1.223709457701E-03,0.346660620165));
#615 = CARTESIAN_POINT('',(1.824666886526E-03,0.346759138183));
#616 = CARTESIAN_POINT('',(2.386866473175E-03,0.34692568843));
#617 = CARTESIAN_POINT('',(2.916477121334E-03,0.347106714665));
#618 = CARTESIAN_POINT('',(3.406888573382E-03,0.347321138404));
#619 = CARTESIAN_POINT('',(3.871842505414E-03,0.347555718606));
#620 = CARTESIAN_POINT('',(4.335475713421E-03,0.347790164555));
#621 = CARTESIAN_POINT('',(4.768163964244E-03,0.348044051876));
#622 = CARTESIAN_POINT('',(5.173837295331E-03,0.348312837301));
#623 = CARTESIAN_POINT('',(5.555945711356E-03,0.348592906695));
#624 = CARTESIAN_POINT('',(5.917459184219E-03,0.348881575046));
#625 = CARTESIAN_POINT('',(6.260867653046E-03,0.349177086474));
#626 = CARTESIAN_POINT('',(6.588181024189E-03,0.349478614225));
#627 = CARTESIAN_POINT('',(7.105689119449E-03,0.349955669314));
#628 = CARTESIAN_POINT('',(7.595046715702E-03,0.350458270191));
#629 = CARTESIAN_POINT('',(8.058831171164E-03,0.350981528529));
#630 = CARTESIAN_POINT('',(8.499399020475E-03,0.351521460956));
#631 = CARTESIAN_POINT('',(8.91888597469E-03,0.352074989058));
#632 = CARTESIAN_POINT('',(9.31920692129E-03,0.35263993938));
#633 = CARTESIAN_POINT('',(1.024007814577E-02,0.354023067909));
#634 = CARTESIAN_POINT('',(1.074364562739E-02,0.354850300928));
#635 = CARTESIAN_POINT('',(1.12170740719E-02,0.355692770432));
#636 = CARTESIAN_POINT('',(1.166399331773E-02,0.356547314455));
#637 = CARTESIAN_POINT('',(1.208734733891E-02,0.357411581118));
#638 = CARTESIAN_POINT('',(1.248939424504E-02,0.358284028632));
#639 = CARTESIAN_POINT('',(1.414005205466E-02,0.362082563073));
#640 = CARTESIAN_POINT('',(1.519270182998E-02,0.365074317861));
#641 = CARTESIAN_POINT('',(1.609969761306E-02,0.368107285959));
#642 = CARTESIAN_POINT('',(1.688807560088E-02,0.371165727718));
#643 = CARTESIAN_POINT('',(1.757483117461E-02,0.374240611743));
#644 = CARTESIAN_POINT('',(1.817813983449E-02,0.377326416285));
#645 = CARTESIAN_POINT('',(2.040280831279E-02,0.390361858813));
#646 = CARTESIAN_POINT('',(2.133325127858E-02,0.400371876197));
#647 = CARTESIAN_POINT('',(2.184349877569E-02,0.410393289472));
#648 = CARTESIAN_POINT('',(2.197001129166E-02,0.420397788531));
#649 = CARTESIAN_POINT('',(2.183151063904E-02,0.430363436106));
#650 = CARTESIAN_POINT('',(2.145154708004E-02,0.440286078237));
#651 = CARTESIAN_POINT('',(2.05754901416E-02,0.455382986101));
#652 = CARTESIAN_POINT('',(2.021919863118E-02,0.460581169721));
#653 = CARTESIAN_POINT('',(1.981508498948E-02,0.465765671501));
#654 = CARTESIAN_POINT('',(1.936834586596E-02,0.470935775021));
#655 = CARTESIAN_POINT('',(1.888337500178E-02,0.476090856149));
#656 = CARTESIAN_POINT('',(1.836376322983E-02,0.481230383048));
#657 = CARTESIAN_POINT('',(1.781229847468E-02,0.486353916171));
#658 = ( GEOMETRIC_REPRESENTATION_CONTEXT(2) 
PARAMETRIC_REPRESENTATION_CONTEXT() REPRESENTATION_CONTEXT('2D SPACE',''
  ) );
#659 = PCURVE('',#660,#943);
#660 = B_SPLINE_SURFACE_WITH_KNOTS('',3,1,(
    (#661,#662)
    ,(#663,#664)
    ,(#665,#666)
    ,(#667,#668)
    ,(#669,#670)
    ,(#671,#672)
    ,(#673,#674)
    ,(#675,#676)
    ,(#677,#678)
    ,(#679,#680)
    ,(#681,#682)
    ,(#683,#684)
    ,(#685,#686)
    ,(#687,#688)
    ,(#689,#690)
    ,(#691,#692)
    ,(#693,#694)
    ,(#695,#696)
    ,(#697,#698)
    ,(#699,#700)
    ,(#701,#702)
    ,(#703,#704)
    ,(#705,#706)
    ,(#707,#708)
    ,(#709,#710)
    ,(#711,#712)
    ,(#713,#714)
    ,(#715,#716)
    ,(#717,#718)
    ,(#719,#720)
    ,(#721,#722)
    ,(#723,#724)
    ,(#725,#726)
    ,(#727,#728)
    ,(#729,#730)
    ,(#731,#732)
    ,(#733,#734)
    ,(#735,#736)
    ,(#737,#738)
    ,(#739,#740)
    ,(#741,#742)
    ,(#743,#744)
    ,(#745,#746)
    ,(#747,#748)
    ,(#749,#750)
    ,(#751,#752)
    ,(#753,#754)
    ,(#755,#756)
    ,(#757,#758)
    ,(#759,#760)
    ,(#761,#762)
    ,(#763,#764)
    ,(#765,#766)
    ,(#767,#768)
    ,(#769,#770)
    ,(#771,#772)
    ,(#773,#774)
    ,(#775,#776)
    ,(#777,#778)
    ,(#779,#780)
    ,(#781,#782)
    ,(#783,#784)
    ,(#785,#786)
    ,(#787,#788)
    ,(#789,#790)
    ,(#791,#792)
    ,(#793,#794)
    ,(#795,#796)
    ,(#797,#798)
    ,(#799,#800)
    ,(#801,#802)
    ,(#803,#804)
    ,(#805,#806)
    ,(#807,#808)
    ,(#809,#810)
    ,(#811,#812)
    ,(#813,#814)
    ,(#815,#816)
    ,(#817,#818)
    ,(#819,#820)
    ,(#821,#822)
    ,(#823,#824)
    ,(#825,#826)
    ,(#827,#828)
    ,(#829,#830)
    ,(#831,#832)
    ,(#833,#834)
    ,(#835,#836)
    ,(#837,#838)
    ,(#839,#840)
    ,(#841,#842)
    ,(#843,#844)
    ,(#845,#846)
    ,(#847,#848)
    ,(#849,#850)
    ,(#851,#852)
    ,(#853,#854)
    ,(#855,#856)
    ,(#857,#858)
    ,(#859,#860)
    ,(#861,#862)
    ,(#863,#864)
    ,(#865,#866)
    ,(#867,#868)
    ,(#869,#870)
    ,(#871,#872)
    ,(#873,#874)
    ,(#875,#876)
    ,(#877,#878)
    ,(#879,#880)
    ,(#881,#882)
    ,(#883,#884)
    ,(#885,#886)
    ,(#887,#888)
    ,(#889,#890)
    ,(#891,#892)
    ,(#893,#894)
    ,(#895,#896)
    ,(#897,#898)
    ,(#899,#900)
    ,(#901,#902)
    ,(#903,#904)
    ,(#905,#906)
    ,(#907,#908)
    ,(#909,#910)
    ,(#911,#912)
    ,(#913,#914)
    ,(#915,#916)
    ,(#917,#918)
    ,(#919,#920)
    ,(#921,#922)
    ,(#923,#924)
    ,(#925,#926)
    ,(#927,#928)
    ,(#929,#930)
    ,(#931,#932)
    ,(#933,#934)
    ,(#935,#936)
    ,(#937,#938)
    ,(#939,#940)
    ,(#941,#942
    )),.UNSPECIFIED.,.F.,.F.,.F.,(4,1,1,1,1,1,1,1,1,1,1,1,1,1,1,1,1,1,1,
    1,1,1,1,1,1,1,1,1,1,1,1,1,1,1,1,1,1,1,1,1,1,1,1,1,1,1,1,1,1,1,1,1,1,
    1,1,1,1,1,1,1,1,1,1,1,1,1,1,1,1,1,1,1,1,1,1,1,1,1,1,1,1,1,1,1,1,1,1,
    1,1,1,1,1,1,1,1,1,1,1,1,1,1,1,1,1,1,1,1,1,1,1,1,1,1,1,1,1,1,1,1,1,1,
    1,1,1,1,1,1,1,1,1,1,1,1,1,1,1,1,1,4),(2,2),(0.,5.493229346796E-05,
    2.196124769434E-04,4.936907740161E-04,8.76585267959E-04,
    1.367483453999E-03,1.965344385883E-03,2.668901391719E-03,
    3.476665329131E-03,4.386928346159E-03,5.397768112358E-03,
    6.507052484009E-03,7.712444568328E-03,9.011408153789E-03,
    1.040121347698E-02,1.187894330052E-02,1.344149928111E-02,
    1.508560861183E-02,1.680783092722E-02,1.860456546473E-02,
    2.047205847988E-02,2.240641091606E-02,2.440358633311E-02,
    2.645941910044E-02,2.856962286237E-02,3.072979928358E-02,
    3.29354470825E-02,3.518197135937E-02,3.746469322371E-02,
    3.977885972286E-02,4.211965406967E-02,4.448220616218E-02,
    4.686160338266E-02,4.925290165623E-02,5.165113674233E-02,
    5.405133572418E-02,5.644852865349E-02,5.883776030002E-02,
    6.121410194909E-02,6.35726631848E-02,6.590860359362E-02,
    6.821714432296E-02,7.04935794324E-02,7.273328698245E-02,
    7.493173981779E-02,7.708451601825E-02,7.918730901354E-02,
    8.123593738573E-02,8.322635441834E-02,8.515465749402E-02,
    8.701709749482E-02,8.881008842565E-02,9.053021756571E-02,
    9.217425656694E-02,9.373917407681E-02,9.52221506936E-02,
    9.662059741029E-02,9.793217924668E-02,9.915484664431E-02,
    0.100286878647,0.101326944361,0.102274193495,0.10312839457,
    0.103890153609,0.104561272516,0.105145353842,0.105648832937,
    0.106082674285,0.10646471559,0.106821290305,0.10717786502,
    0.107559906325,0.107993747674,0.108497226768,0.109081308094,
    0.109752427001,0.11051418604,0.111368387115,0.112315636249,
    0.113355701963,0.114487733966,0.115710401363,0.1170219832,
    0.118420429917,0.119903406533,0.121468324043,0.123112363044,
    0.124832492185,0.126625483115,0.128487923116,0.130416226192,
    0.132406643224,0.134455271597,0.136558064592,0.138710840792,
    0.140909293628,0.143149001178,0.145425436287,0.147733977017,
    0.150069917425,0.152428478661,0.15480482031,0.157194051957,
    0.159591244886,0.161991443868,0.164389678954,0.166780977227,
    0.169160374448,0.17152292654,0.173863720887,0.176177887386,
    0.178460609251,0.180707133528,0.182912781327,0.185072957748,
    0.18718316151,0.189238994277,0.191236169694,0.19317052213,
    0.195038015145,0.196834749683,0.198556971998,0.200201081329,
    0.20176363731,0.203241367133,0.204631172456,0.205930136042,
    0.207135528126,0.208244812498,0.209255652264,0.210165915281,
    0.210973679218,0.211677236224,0.212275097156,0.212765995342,
    0.213148889836,0.213422968133,0.213587648317,0.21364258061),(0.,1.),
  .UNSPECIFIED.);
#661 = CARTESIAN_POINT('',(-0.130201480697,1.151776714678,
    -0.105396550163));
#662 = CARTESIAN_POINT('',(-0.161152181956,1.151810561457,1.2E-02));
#663 = CARTESIAN_POINT('',(-0.130188861475,1.15177819018,-0.105396550163
    ));
#664 = CARTESIAN_POINT('',(-0.16113399509,1.151812687956,1.2E-02));
#665 = CARTESIAN_POINT('',(-0.130138411176,1.151784087189,
    -0.105396550163));
#666 = CARTESIAN_POINT('',(-0.161061285947,1.151821186745,1.2E-02));
#667 = CARTESIAN_POINT('',(-0.130024996504,1.151797326952,
    -0.105396550163));
#668 = CARTESIAN_POINT('',(-0.160897832332,1.151840267937,1.2E-02));
#669 = CARTESIAN_POINT('',(-0.129836233199,1.151819306419,
    -0.105396550163));
#670 = CARTESIAN_POINT('',(-0.160625786009,1.151871944821,1.2E-02));
#671 = CARTESIAN_POINT('',(-0.129572512419,1.151849896709,
    -0.105396550163));
#672 = CARTESIAN_POINT('',(-0.160245710716,1.151916031651,1.2E-02));
#673 = CARTESIAN_POINT('',(-0.129234380655,1.151888919984,
    -0.105396550163));
#674 = CARTESIAN_POINT('',(-0.159758394057,1.151972272129,1.2E-02));
#675 = CARTESIAN_POINT('',(-0.128822538604,1.15193615195,-0.105396550163
    ));
#676 = CARTESIAN_POINT('',(-0.15916484588,1.152040343001,1.2E-02));
#677 = CARTESIAN_POINT('',(-0.128337839724,1.151991324916,
    -0.105396550163));
#678 = CARTESIAN_POINT('',(-0.15846629619,1.152119858468,1.2E-02));
#679 = CARTESIAN_POINT('',(-0.127781288471,1.152054131315,
    -0.105396550163));
#680 = CARTESIAN_POINT('',(-0.157664192614,1.152210375266,1.2E-02));
#681 = CARTESIAN_POINT('',(-0.127154038225,1.15212422758,-0.105396550163
    ));
#682 = CARTESIAN_POINT('',(-0.156760197406,1.152311398244,1.2E-02));
#683 = CARTESIAN_POINT('',(-0.126457388905,1.152201238233,
    -0.105396550163));
#684 = CARTESIAN_POINT('',(-0.155756184016,1.152422386261,1.2E-02));
#685 = CARTESIAN_POINT('',(-0.125692784285,1.152284760061,
    -0.105396550163));
#686 = CARTESIAN_POINT('',(-0.154654233213,1.152542758207,1.2E-02));
#687 = CARTESIAN_POINT('',(-0.124861809004,1.152374366248,
    -0.105396550163));
#688 = CARTESIAN_POINT('',(-0.153456628786,1.152671898952,1.2E-02));
#689 = CARTESIAN_POINT('',(-0.123966185286,1.15246961033,-0.105396550163
    ));
#690 = CARTESIAN_POINT('',(-0.152165852811,1.152809165049,1.2E-02));
#691 = CARTESIAN_POINT('',(-0.123007769377,1.15257002985,-0.105396550163
    ));
#692 = CARTESIAN_POINT('',(-0.150784580513,1.152953890006,1.2E-02));
#693 = CARTESIAN_POINT('',(-0.121988547694,1.152675149618,
    -0.105396550163));
#694 = CARTESIAN_POINT('',(-0.149315674725,1.153105388976,1.2E-02));
#695 = CARTESIAN_POINT('',(-0.120910632714,1.152784484478,
    -0.105396550163));
#696 = CARTESIAN_POINT('',(-0.147762179957,1.153262962752,1.2E-02));
#697 = CARTESIAN_POINT('',(-0.119776258591,1.152897541526,
    -0.105396550163));
#698 = CARTESIAN_POINT('',(-0.146127316077,1.153425900958,1.2E-02));
#699 = CARTESIAN_POINT('',(-0.118587776522,1.153013821723,
    -0.105396550163));
#700 = CARTESIAN_POINT('',(-0.14441447164,1.153593484376,1.2E-02));
#701 = CARTESIAN_POINT('',(-0.117347649873,1.153132820904,
    -0.105396550163));
#702 = CARTESIAN_POINT('',(-0.142627196858,1.153764986404,1.2E-02));
#703 = CARTESIAN_POINT('',(-0.116058449066,1.153254030187,
    -0.105396550163));
#704 = CARTESIAN_POINT('',(-0.140769196231,1.153939673639,1.2E-02));
#705 = CARTESIAN_POINT('',(-0.114722846248,1.153376935817,
    -0.105396550163));
#706 = CARTESIAN_POINT('',(-0.138844320865,1.154116805655,1.2E-02));
#707 = CARTESIAN_POINT('',(-0.113343609742,1.15350101852,-0.105396550163
    ));
#708 = CARTESIAN_POINT('',(-0.136856560479,1.154295634072,1.2E-02));
#709 = CARTESIAN_POINT('',(-0.111923598306,1.153625752442,
    -0.105396550163));
#710 = CARTESIAN_POINT('',(-0.134810035123,1.154475401029,1.2E-02));
#711 = CARTESIAN_POINT('',(-0.110465755196,1.153750603794,
    -0.105396550163));
#712 = CARTESIAN_POINT('',(-0.132708986631,1.154655337226,1.2E-02));
#713 = CARTESIAN_POINT('',(-0.108973102064,1.153875029324,
    -0.105396550163));
#714 = CARTESIAN_POINT('',(-0.130557769814,1.154834659726,1.2E-02));
#715 = CARTESIAN_POINT('',(-0.107448732681,1.153998474748,
    -0.105396550163));
#716 = CARTESIAN_POINT('',(-0.128360843428,1.155012569695,1.2E-02));
#717 = CARTESIAN_POINT('',(-0.105895806521,1.154120373299,
    -0.105396550163));
#718 = CARTESIAN_POINT('',(-0.126122760916,1.155188250305,1.2E-02));
#719 = CARTESIAN_POINT('',(-0.104317542203,1.154240144529,
    -0.105396550163));
#720 = CARTESIAN_POINT('',(-0.123848160964,1.155360865013,1.2E-02));
#721 = CARTESIAN_POINT('',(-0.102717210816,1.15435719351,-0.105396550163
    ));
#722 = CARTESIAN_POINT('',(-0.121541757877,1.155529556406,1.2E-02));
#723 = CARTESIAN_POINT('',(-0.101098129131,1.154470910575,
    -0.105396550163));
#724 = CARTESIAN_POINT('',(-0.119208331796,1.15569344583,1.2E-02));
#725 = CARTESIAN_POINT('',(-9.946365272593E-02,1.154580671707,
    -0.105396550163));
#726 = CARTESIAN_POINT('',(-0.116852718791,1.155851633951,1.2E-02));
#727 = CARTESIAN_POINT('',(-9.781716902306E-02,1.154685839685,
    -0.105396550163));
#728 = CARTESIAN_POINT('',(-0.114479800827,1.156003202401,1.2E-02));
#729 = CARTESIAN_POINT('',(-9.616209027126E-02,1.154785766049,
    -0.105396550163));
#730 = CARTESIAN_POINT('',(-0.11209449565,1.15614721662,1.2E-02));
#731 = CARTESIAN_POINT('',(-9.450184647235E-02,1.15487979395,
    -0.105396550163));
#732 = CARTESIAN_POINT('',(-0.109701746589,1.156282729954,1.2E-02));
#733 = CARTESIAN_POINT('',(-9.283987827497E-02,1.154967261878,
    -0.105396550163));
#734 = CARTESIAN_POINT('',(-0.107306512319,1.156408789032,1.2E-02));
#735 = CARTESIAN_POINT('',(-9.117962984774E-02,1.155047508267,
    -0.105396550163));
#736 = CARTESIAN_POINT('',(-0.104913756588,1.156524440403,1.2E-02));
#737 = CARTESIAN_POINT('',(-8.952454174674E-02,1.15511987692,
    -0.105396550163));
#738 = CARTESIAN_POINT('',(-0.102528437936,1.156628738355,1.2E-02));
#739 = CARTESIAN_POINT('',(-8.787804379149E-02,1.155183723172,
    -0.105396550163));
#740 = CARTESIAN_POINT('',(-0.100155499432,1.156720753791,1.2E-02));
#741 = CARTESIAN_POINT('',(-8.624354796373E-02,1.155238420669,
    -0.105396550163));
#742 = CARTESIAN_POINT('',(-9.779985843554E-02,1.156799584013,1.2E-02));
#743 = CARTESIAN_POINT('',(-8.462444134262E-02,1.15528336864,
    -0.105396550163));
#744 = CARTESIAN_POINT('',(-9.546639641635E-02,1.156864363182,1.2E-02));
#745 = CARTESIAN_POINT('',(-8.302407908992E-02,1.155317999455,
    -0.105396550163));
#746 = CARTESIAN_POINT('',(-9.315994884525E-02,1.156914273231,1.2E-02));
#747 = CARTESIAN_POINT('',(-8.144577749838E-02,1.155341786324,
    -0.105396550163));
#748 = CARTESIAN_POINT('',(-9.088529517472E-02,1.156948554949,1.2E-02));
#749 = CARTESIAN_POINT('',(-7.989280711575E-02,1.155354250898,
    -0.105396550163));
#750 = CARTESIAN_POINT('',(-8.86471489294E-02,1.156966518936,1.2E-02));
#751 = CARTESIAN_POINT('',(-7.836838595689E-02,1.155354970571,
    -0.105396550163));
#752 = CARTESIAN_POINT('',(-8.645014792338E-02,1.156967556131,1.2E-02));
#753 = CARTESIAN_POINT('',(-7.687567281549E-02,1.155343585267,
    -0.105396550163));
#754 = CARTESIAN_POINT('',(-8.429884462093E-02,1.156951147591,1.2E-02));
#755 = CARTESIAN_POINT('',(-7.541776068635E-02,1.155319803502,
    -0.105396550163));
#756 = CARTESIAN_POINT('',(-8.21976966568E-02,1.156916873231,1.2E-02));
#757 = CARTESIAN_POINT('',(-7.39976703083E-02,1.155283407517,
    -0.105396550163));
#758 = CARTESIAN_POINT('',(-8.015105753014E-02,1.156864419212,1.2E-02));
#759 = CARTESIAN_POINT('',(-7.261834383653E-02,1.155234257294,
    -0.105396550163));
#760 = CARTESIAN_POINT('',(-7.816316748511E-02,1.156793583742,1.2E-02));
#761 = CARTESIAN_POINT('',(-7.128263865124E-02,1.155172293316,
    -0.105396550163));
#762 = CARTESIAN_POINT('',(-7.623814458788E-02,1.156704281044,1.2E-02));
#763 = CARTESIAN_POINT('',(-6.999332130701E-02,1.155097537922,
    -0.105396550163));
#764 = CARTESIAN_POINT('',(-7.437997600638E-02,1.156596543314,1.2E-02));
#765 = CARTESIAN_POINT('',(-6.875306162292E-02,1.155010095185,
    -0.105396550163));
#766 = CARTESIAN_POINT('',(-7.259250949304E-02,1.156470520541,1.2E-02));
#767 = CARTESIAN_POINT('',(-6.75644269074E-02,1.154910149245,
    -0.105396550163));
#768 = CARTESIAN_POINT('',(-7.087944506159E-02,1.156326478109,1.2E-02));
#769 = CARTESIAN_POINT('',(-6.642987630176E-02,1.154797961104,
    -0.105396550163));
#770 = CARTESIAN_POINT('',(-6.924432683492E-02,1.156164792175,1.2E-02));
#771 = CARTESIAN_POINT('',(-6.535175521045E-02,1.154673863904,
    -0.105396550163));
#772 = CARTESIAN_POINT('',(-6.769053501795E-02,1.155985942865,1.2E-02));
#773 = CARTESIAN_POINT('',(-6.433228976052E-02,1.154538256779,
    -0.105396550163));
#774 = CARTESIAN_POINT('',(-6.622127791266E-02,1.155790505411,1.2E-02));
#775 = CARTESIAN_POINT('',(-6.337358119063E-02,1.154391597383,
    -0.105396550163));
#776 = CARTESIAN_POINT('',(-6.483958383141E-02,1.155579139386,1.2E-02));
#777 = CARTESIAN_POINT('',(-6.247759999835E-02,1.154234393242,
    -0.105396550163));
#778 = CARTESIAN_POINT('',(-6.354829266205E-02,1.155352576239,1.2E-02));
#779 = CARTESIAN_POINT('',(-6.16461795557E-02,1.154067192053,
    -0.105396550163));
#780 = CARTESIAN_POINT('',(-6.235004666663E-02,1.155111605311,1.2E-02));
#781 = CARTESIAN_POINT('',(-6.088100868922E-02,1.15389057098,
    -0.105396550163));
#782 = CARTESIAN_POINT('',(-6.124727978775E-02,1.154857058415,1.2E-02));
#783 = CARTESIAN_POINT('',(-6.018362238473E-02,1.15370512472,
    -0.105396550163));
#784 = CARTESIAN_POINT('',(-6.024220425226E-02,1.154589792628,1.2E-02));
#785 = CARTESIAN_POINT('',(-5.955538911584E-02,1.153511451537,
    -0.105396550163));
#786 = CARTESIAN_POINT('',(-5.933679230902E-02,1.154310670173,1.2E-02));
#787 = CARTESIAN_POINT('',(-5.899749261753E-02,1.153310134414,
    -0.105396550163));
#788 = CARTESIAN_POINT('',(-5.853274996093E-02,1.154020531243,1.2E-02));
#789 = CARTESIAN_POINT('',(-5.851090433168E-02,1.153101711544,
    -0.105396550163));
#790 = CARTESIAN_POINT('',(-5.783147725337E-02,1.153720151488,1.2E-02));
#791 = CARTESIAN_POINT('',(-5.809634636718E-02,1.152886616153,
    -0.105396550163));
#792 = CARTESIAN_POINT('',(-5.723401489214E-02,1.153410155273,1.2E-02));
#793 = CARTESIAN_POINT('',(-5.775425232541E-02,1.152665056474,
    -0.105396550163));
#794 = CARTESIAN_POINT('',(-5.674098778507E-02,1.153090842703,1.2E-02));
#795 = CARTESIAN_POINT('',(-5.748482411727E-02,1.152436734658,
    -0.105396550163));
#796 = CARTESIAN_POINT('',(-5.635268692681E-02,1.152761784517,1.2E-02));
#797 = CARTESIAN_POINT('',(-5.728845069858E-02,1.152200484388,
    -0.105396550163));
#798 = CARTESIAN_POINT('',(-5.606967288183E-02,1.152421299818,1.2E-02));
#799 = CARTESIAN_POINT('',(-5.716727995503E-02,1.151954210713,
    -0.105396550163));
#800 = CARTESIAN_POINT('',(-5.589504119037E-02,1.152066369352,1.2E-02));
#801 = CARTESIAN_POINT('',(-5.712665628143E-02,1.1517,-0.105396550163));
#802 = CARTESIAN_POINT('',(-5.583649421255E-02,1.1517,1.2E-02));
#803 = CARTESIAN_POINT('',(-5.716727995503E-02,1.151445789287,
    -0.105396550163));
#804 = CARTESIAN_POINT('',(-5.589504119037E-02,1.151333630648,1.2E-02));
#805 = CARTESIAN_POINT('',(-5.728845069858E-02,1.151199515612,
    -0.105396550163));
#806 = CARTESIAN_POINT('',(-5.606967288183E-02,1.150978700182,1.2E-02));
#807 = CARTESIAN_POINT('',(-5.748482411727E-02,1.150963265342,
    -0.105396550163));
#808 = CARTESIAN_POINT('',(-5.635268692681E-02,1.150638215483,1.2E-02));
#809 = CARTESIAN_POINT('',(-5.775425232541E-02,1.150734943526,
    -0.105396550163));
#810 = CARTESIAN_POINT('',(-5.674098778507E-02,1.150309157297,1.2E-02));
#811 = CARTESIAN_POINT('',(-5.809634636718E-02,1.150513383847,
    -0.105396550163));
#812 = CARTESIAN_POINT('',(-5.723401489214E-02,1.149989844727,1.2E-02));
#813 = CARTESIAN_POINT('',(-5.851090433168E-02,1.150298288456,
    -0.105396550163));
#814 = CARTESIAN_POINT('',(-5.783147725337E-02,1.149679848512,1.2E-02));
#815 = CARTESIAN_POINT('',(-5.899749261753E-02,1.150089865586,
    -0.105396550163));
#816 = CARTESIAN_POINT('',(-5.853274996093E-02,1.149379468757,1.2E-02));
#817 = CARTESIAN_POINT('',(-5.955538911584E-02,1.149888548463,
    -0.105396550163));
#818 = CARTESIAN_POINT('',(-5.933679230902E-02,1.149089329827,1.2E-02));
#819 = CARTESIAN_POINT('',(-6.018362238473E-02,1.14969487528,
    -0.105396550163));
#820 = CARTESIAN_POINT('',(-6.024220425226E-02,1.148810207372,1.2E-02));
#821 = CARTESIAN_POINT('',(-6.088100868922E-02,1.14950942902,
    -0.105396550163));
#822 = CARTESIAN_POINT('',(-6.124727978775E-02,1.148542941585,1.2E-02));
#823 = CARTESIAN_POINT('',(-6.16461795557E-02,1.149332807947,
    -0.105396550163));
#824 = CARTESIAN_POINT('',(-6.235004666663E-02,1.148288394689,1.2E-02));
#825 = CARTESIAN_POINT('',(-6.247759999835E-02,1.149165606758,
    -0.105396550163));
#826 = CARTESIAN_POINT('',(-6.354829266205E-02,1.148047423761,1.2E-02));
#827 = CARTESIAN_POINT('',(-6.337358119063E-02,1.149008402617,
    -0.105396550163));
#828 = CARTESIAN_POINT('',(-6.483958383141E-02,1.147820860614,1.2E-02));
#829 = CARTESIAN_POINT('',(-6.433228976052E-02,1.148861743221,
    -0.105396550163));
#830 = CARTESIAN_POINT('',(-6.622127791266E-02,1.147609494589,1.2E-02));
#831 = CARTESIAN_POINT('',(-6.535175521045E-02,1.148726136096,
    -0.105396550163));
#832 = CARTESIAN_POINT('',(-6.769053501795E-02,1.147414057135,1.2E-02));
#833 = CARTESIAN_POINT('',(-6.642987630176E-02,1.148602038896,
    -0.105396550163));
#834 = CARTESIAN_POINT('',(-6.924432683492E-02,1.147235207825,1.2E-02));
#835 = CARTESIAN_POINT('',(-6.75644269074E-02,1.148489850755,
    -0.105396550163));
#836 = CARTESIAN_POINT('',(-7.087944506159E-02,1.147073521891,1.2E-02));
#837 = CARTESIAN_POINT('',(-6.875306162292E-02,1.148389904815,
    -0.105396550163));
#838 = CARTESIAN_POINT('',(-7.259250949304E-02,1.146929479459,1.2E-02));
#839 = CARTESIAN_POINT('',(-6.999332130701E-02,1.148302462078,
    -0.105396550163));
#840 = CARTESIAN_POINT('',(-7.437997600638E-02,1.146803456686,1.2E-02));
#841 = CARTESIAN_POINT('',(-7.128263865124E-02,1.148227706684,
    -0.105396550163));
#842 = CARTESIAN_POINT('',(-7.623814458788E-02,1.146695718956,1.2E-02));
#843 = CARTESIAN_POINT('',(-7.261834383653E-02,1.148165742706,
    -0.105396550163));
#844 = CARTESIAN_POINT('',(-7.816316748511E-02,1.146606416258,1.2E-02));
#845 = CARTESIAN_POINT('',(-7.39976703083E-02,1.148116592483,
    -0.105396550163));
#846 = CARTESIAN_POINT('',(-8.015105753014E-02,1.146535580788,1.2E-02));
#847 = CARTESIAN_POINT('',(-7.541776068635E-02,1.148080196498,
    -0.105396550163));
#848 = CARTESIAN_POINT('',(-8.21976966568E-02,1.146483126769,1.2E-02));
#849 = CARTESIAN_POINT('',(-7.687567281549E-02,1.148056414733,
    -0.105396550163));
#850 = CARTESIAN_POINT('',(-8.429884462093E-02,1.146448852409,1.2E-02));
#851 = CARTESIAN_POINT('',(-7.836838595689E-02,1.148045029429,
    -0.105396550163));
#852 = CARTESIAN_POINT('',(-8.645014792338E-02,1.146432443869,1.2E-02));
#853 = CARTESIAN_POINT('',(-7.989280711575E-02,1.148045749102,
    -0.105396550163));
#854 = CARTESIAN_POINT('',(-8.86471489294E-02,1.146433481064,1.2E-02));
#855 = CARTESIAN_POINT('',(-8.144577749838E-02,1.148058213676,
    -0.105396550163));
#856 = CARTESIAN_POINT('',(-9.088529517472E-02,1.146451445051,1.2E-02));
#857 = CARTESIAN_POINT('',(-8.302407908992E-02,1.148082000545,
    -0.105396550163));
#858 = CARTESIAN_POINT('',(-9.315994884525E-02,1.146485726769,1.2E-02));
#859 = CARTESIAN_POINT('',(-8.462444134262E-02,1.14811663136,
    -0.105396550163));
#860 = CARTESIAN_POINT('',(-9.546639641635E-02,1.146535636818,1.2E-02));
#861 = CARTESIAN_POINT('',(-8.624354796373E-02,1.148161579331,
    -0.105396550163));
#862 = CARTESIAN_POINT('',(-9.779985843554E-02,1.146600415987,1.2E-02));
#863 = CARTESIAN_POINT('',(-8.787804379149E-02,1.148216276828,
    -0.105396550163));
#864 = CARTESIAN_POINT('',(-0.100155499432,1.146679246209,1.2E-02));
#865 = CARTESIAN_POINT('',(-8.952454174674E-02,1.14828012308,
    -0.105396550163));
#866 = CARTESIAN_POINT('',(-0.102528437936,1.146771261645,1.2E-02));
#867 = CARTESIAN_POINT('',(-9.117962984774E-02,1.148352491733,
    -0.105396550163));
#868 = CARTESIAN_POINT('',(-0.104913756588,1.146875559597,1.2E-02));
#869 = CARTESIAN_POINT('',(-9.283987827497E-02,1.148432738122,
    -0.105396550163));
#870 = CARTESIAN_POINT('',(-0.107306512319,1.146991210968,1.2E-02));
#871 = CARTESIAN_POINT('',(-9.450184647235E-02,1.14852020605,
    -0.105396550163));
#872 = CARTESIAN_POINT('',(-0.109701746589,1.147117270046,1.2E-02));
#873 = CARTESIAN_POINT('',(-9.616209027126E-02,1.148614233951,
    -0.105396550163));
#874 = CARTESIAN_POINT('',(-0.11209449565,1.14725278338,1.2E-02));
#875 = CARTESIAN_POINT('',(-9.781716902306E-02,1.148714160315,
    -0.105396550163));
#876 = CARTESIAN_POINT('',(-0.114479800827,1.147396797599,1.2E-02));
#877 = CARTESIAN_POINT('',(-9.946365272593E-02,1.148819328293,
    -0.105396550163));
#878 = CARTESIAN_POINT('',(-0.116852718791,1.147548366049,1.2E-02));
#879 = CARTESIAN_POINT('',(-0.101098129131,1.148929089425,
    -0.105396550163));
#880 = CARTESIAN_POINT('',(-0.119208331796,1.14770655417,1.2E-02));
#881 = CARTESIAN_POINT('',(-0.102717210816,1.14904280649,-0.105396550163
    ));
#882 = CARTESIAN_POINT('',(-0.121541757877,1.147870443594,1.2E-02));
#883 = CARTESIAN_POINT('',(-0.104317542203,1.149159855471,
    -0.105396550163));
#884 = CARTESIAN_POINT('',(-0.123848160964,1.148039134987,1.2E-02));
#885 = CARTESIAN_POINT('',(-0.105895806521,1.149279626701,
    -0.105396550163));
#886 = CARTESIAN_POINT('',(-0.126122760916,1.148211749695,1.2E-02));
#887 = CARTESIAN_POINT('',(-0.107448732681,1.149401525252,
    -0.105396550163));
#888 = CARTESIAN_POINT('',(-0.128360843428,1.148387430305,1.2E-02));
#889 = CARTESIAN_POINT('',(-0.108973102064,1.149524970676,
    -0.105396550163));
#890 = CARTESIAN_POINT('',(-0.130557769814,1.148565340274,1.2E-02));
#891 = CARTESIAN_POINT('',(-0.110465755196,1.149649396206,
    -0.105396550163));
#892 = CARTESIAN_POINT('',(-0.132708986631,1.148744662774,1.2E-02));
#893 = CARTESIAN_POINT('',(-0.111923598306,1.149774247558,
    -0.105396550163));
#894 = CARTESIAN_POINT('',(-0.134810035123,1.148924598971,1.2E-02));
#895 = CARTESIAN_POINT('',(-0.113343609742,1.14989898148,-0.105396550163
    ));
#896 = CARTESIAN_POINT('',(-0.136856560479,1.149104365928,1.2E-02));
#897 = CARTESIAN_POINT('',(-0.114722846248,1.150023064183,
    -0.105396550163));
#898 = CARTESIAN_POINT('',(-0.138844320865,1.149283194345,1.2E-02));
#899 = CARTESIAN_POINT('',(-0.116058449066,1.150145969813,
    -0.105396550163));
#900 = CARTESIAN_POINT('',(-0.140769196231,1.149460326361,1.2E-02));
#901 = CARTESIAN_POINT('',(-0.117347649873,1.150267179096,
    -0.105396550163));
#902 = CARTESIAN_POINT('',(-0.142627196858,1.149635013596,1.2E-02));
#903 = CARTESIAN_POINT('',(-0.118587776522,1.150386178277,
    -0.105396550163));
#904 = CARTESIAN_POINT('',(-0.14441447164,1.149806515624,1.2E-02));
#905 = CARTESIAN_POINT('',(-0.119776258591,1.150502458474,
    -0.105396550163));
#906 = CARTESIAN_POINT('',(-0.146127316077,1.149974099042,1.2E-02));
#907 = CARTESIAN_POINT('',(-0.120910632714,1.150615515522,
    -0.105396550163));
#908 = CARTESIAN_POINT('',(-0.147762179957,1.150137037248,1.2E-02));
#909 = CARTESIAN_POINT('',(-0.121988547694,1.150724850382,
    -0.105396550163));
#910 = CARTESIAN_POINT('',(-0.149315674725,1.150294611024,1.2E-02));
#911 = CARTESIAN_POINT('',(-0.123007769377,1.15082997015,-0.105396550163
    ));
#912 = CARTESIAN_POINT('',(-0.150784580513,1.150446109994,1.2E-02));
#913 = CARTESIAN_POINT('',(-0.123966185286,1.15093038967,-0.105396550163
    ));
#914 = CARTESIAN_POINT('',(-0.152165852811,1.150590834951,1.2E-02));
#915 = CARTESIAN_POINT('',(-0.124861809004,1.151025633752,
    -0.105396550163));
#916 = CARTESIAN_POINT('',(-0.153456628786,1.150728101048,1.2E-02));
#917 = CARTESIAN_POINT('',(-0.125692784285,1.151115239939,
    -0.105396550163));
#918 = CARTESIAN_POINT('',(-0.154654233213,1.150857241793,1.2E-02));
#919 = CARTESIAN_POINT('',(-0.126457388905,1.151198761767,
    -0.105396550163));
#920 = CARTESIAN_POINT('',(-0.155756184016,1.150977613739,1.2E-02));
#921 = CARTESIAN_POINT('',(-0.127154038225,1.15127577242,-0.105396550163
    ));
#922 = CARTESIAN_POINT('',(-0.156760197406,1.151088601756,1.2E-02));
#923 = CARTESIAN_POINT('',(-0.127781288471,1.151345868685,
    -0.105396550163));
#924 = CARTESIAN_POINT('',(-0.157664192614,1.151189624734,1.2E-02));
#925 = CARTESIAN_POINT('',(-0.128337839724,1.151408675084,
    -0.105396550163));
#926 = CARTESIAN_POINT('',(-0.15846629619,1.151280141532,1.2E-02));
#927 = CARTESIAN_POINT('',(-0.128822538604,1.15146384805,-0.105396550163
    ));
#928 = CARTESIAN_POINT('',(-0.15916484588,1.151359656999,1.2E-02));
#929 = CARTESIAN_POINT('',(-0.129234380655,1.151511080016,
    -0.105396550163));
#930 = CARTESIAN_POINT('',(-0.159758394057,1.151427727871,1.2E-02));
#931 = CARTESIAN_POINT('',(-0.129572512419,1.151550103291,
    -0.105396550163));
#932 = CARTESIAN_POINT('',(-0.160245710716,1.151483968349,1.2E-02));
#933 = CARTESIAN_POINT('',(-0.129836233199,1.151580693581,
    -0.105396550163));
#934 = CARTESIAN_POINT('',(-0.160625786009,1.151528055179,1.2E-02));
#935 = CARTESIAN_POINT('',(-0.130024996504,1.151602673048,
    -0.105396550163));
#936 = CARTESIAN_POINT('',(-0.160897832332,1.151559732063,1.2E-02));
#937 = CARTESIAN_POINT('',(-0.130138411176,1.151615912811,
    -0.105396550163));
#938 = CARTESIAN_POINT('',(-0.161061285947,1.151578813255,1.2E-02));
#939 = CARTESIAN_POINT('',(-0.130188861475,1.15162180982,-0.105396550163
    ));
#940 = CARTESIAN_POINT('',(-0.16113399509,1.151587312044,1.2E-02));
#941 = CARTESIAN_POINT('',(-0.130201480697,1.151623285322,
    -0.105396550163));
#942 = CARTESIAN_POINT('',(-0.161152181956,1.151589438543,1.2E-02));
#943 = DEFINITIONAL_REPRESENTATION('',(#944),#991);
#944 = B_SPLINE_CURVE_WITH_KNOTS('',7,(#945,#946,#947,#948,#949,#950,
    #951,#952,#953,#954,#955,#956,#957,#958,#959,#960,#961,#962,#963,
    #964,#965,#966,#967,#968,#969,#970,#971,#972,#973,#974,#975,#976,
    #977,#978,#979,#980,#981,#982,#983,#984,#985,#986,#987,#988,#989,
    #990),.UNSPECIFIED.,.F.,.F.,(8,7,7,6,6,6,6,8),(0.,3.134969791827E-02
    ,6.269939583654E-02,9.404909375481E-02,0.138096876448,0.284205896772
    ,0.752925056707,1.),.UNSPECIFIED.);
#945 = CARTESIAN_POINT('',(0.106821290314,2.939675626319E-02));
#946 = CARTESIAN_POINT('',(0.106965965245,2.939677654291E-02));
#947 = CARTESIAN_POINT('',(0.107113108142,2.938890709009E-02));
#948 = CARTESIAN_POINT('',(0.107258330082,2.937402653874E-02));
#949 = CARTESIAN_POINT('',(0.107408130627,2.935071159163E-02));
#950 = CARTESIAN_POINT('',(0.107551927444,2.932428780855E-02));
#951 = CARTESIAN_POINT('',(0.107698898858,2.929371414668E-02));
#952 = CARTESIAN_POINT('',(0.107845596927,2.926018144049E-02));
#953 = CARTESIAN_POINT('',(0.107992096835,2.922668633229E-02));
#954 = CARTESIAN_POINT('',(0.10813859272,2.919046431771E-02));
#955 = CARTESIAN_POINT('',(0.108285088547,2.915216268731E-02));
#956 = CARTESIAN_POINT('',(0.1084315863,2.911229070197E-02));
#957 = CARTESIAN_POINT('',(0.108578085989,2.907121959295E-02));
#958 = CARTESIAN_POINT('',(0.108724585643,2.902918256186E-02));
#959 = CARTESIAN_POINT('',(0.108871081314,2.89862747807E-02));
#960 = CARTESIAN_POINT('',(0.10910275915,2.891841111191E-02));
#961 = CARTESIAN_POINT('',(0.109339892518,2.884690323807E-02));
#962 = CARTESIAN_POINT('',(0.109581550142,2.877241003912E-02));
#963 = CARTESIAN_POINT('',(0.109826955725,2.869546407739E-02));
#964 = CARTESIAN_POINT('',(0.11007548795,2.861647159753E-02));
#965 = CARTESIAN_POINT('',(0.110326680481,2.853571252659E-02));
#966 = CARTESIAN_POINT('',(0.110936485705,2.833759465002E-02));
#967 = CARTESIAN_POINT('',(0.111297253765,2.82187870108E-02));
#968 = CARTESIAN_POINT('',(0.111661647125,2.809740673292E-02));
#969 = CARTESIAN_POINT('',(0.112028959333,2.79738400893E-02));
#970 = CARTESIAN_POINT('',(0.112398656496,2.784837044919E-02));
#971 = CARTESIAN_POINT('',(0.112770377284,2.772117827813E-02));
#972 = CARTESIAN_POINT('',(0.114383081031,2.716497480585E-02));
#973 = CARTESIAN_POINT('',(0.115639667419,2.672068637705E-02));
#974 = CARTESIAN_POINT('',(0.116907827819,2.626271686416E-02));
#975 = CARTESIAN_POINT('',(0.118182967808,2.579247081688E-02));
#976 = CARTESIAN_POINT('',(0.119462291486,2.531062699249E-02));
#977 = CARTESIAN_POINT('',(0.120744900619,2.481740437106E-02));
#978 = CARTESIAN_POINT('',(0.126158795304,2.269062447286E-02));
#979 = CARTESIAN_POINT('',(0.130307041659,2.095178849683E-02));
#980 = CARTESIAN_POINT('',(0.134468554372,1.90865316633E-02));
#981 = CARTESIAN_POINT('',(0.138629103828,1.708212695608E-02));
#982 = CARTESIAN_POINT('',(0.142784846578,1.493121509333E-02));
#983 = CARTESIAN_POINT('',(0.146932215326,1.262059623329E-02));
#984 = CARTESIAN_POINT('',(0.153259745731,8.83217766479E-03));
#985 = CARTESIAN_POINT('',(0.155441680545,7.478251070066E-03));
#986 = CARTESIAN_POINT('',(0.157621368492,6.077479819581E-03));
#987 = CARTESIAN_POINT('',(0.159798754056,4.629468469807E-03));
#988 = CARTESIAN_POINT('',(0.161973806262,3.133952284585E-03));
#989 = CARTESIAN_POINT('',(0.164146518674,1.590797235123E-03));
#990 = CARTESIAN_POINT('',(0.166316909402,0.));
#991 = ( GEOMETRIC_REPRESENTATION_CONTEXT(2) 
PARAMETRIC_REPRESENTATION_CONTEXT() REPRESENTATION_CONTEXT('2D SPACE',''
  ) );
#992 = ADVANCED_FACE('',(#993),#205,.F.);
#993 = FACE_BOUND('',#994,.F.);
#994 = EDGE_LOOP('',(#995,#996,#1033,#1034,#1204,#1240,#1241));
#995 = ORIENTED_EDGE('',*,*,#411,.F.);
#996 = ORIENTED_EDGE('',*,*,#997,.T.);
#997 = EDGE_CURVE('',#368,#22,#998,.T.);
#998 = SURFACE_CURVE('',#999,(#1011,#1018),.PCURVE_S1.);
#999 = B_SPLINE_CURVE_WITH_KNOTS('',10,(#1000,#1001,#1002,#1003,#1004,
    #1005,#1006,#1007,#1008,#1009,#1010),.UNSPECIFIED.,.F.,.F.,(11,11),(
    1.,2.),.PIECEWISE_BEZIER_KNOTS.);
#1000 = CARTESIAN_POINT('',(2.865572559851E-02,1.155646796791,
    -0.116664354193));
#1001 = CARTESIAN_POINT('',(2.865572559851E-02,1.155646796791,
    -0.115918055612));
#1002 = CARTESIAN_POINT('',(2.865572559851E-02,1.155538618135,
    -0.115171792309));
#1003 = CARTESIAN_POINT('',(2.865572559851E-02,1.15532217742,
    -0.114451015199));
#1004 = CARTESIAN_POINT('',(2.865572559851E-02,1.155002310581,
    -0.113781421858));
#1005 = CARTESIAN_POINT('',(2.865572559851E-02,1.154588593901,
    -0.113187115834));
#1006 = CARTESIAN_POINT('',(2.865572559851E-02,1.154094895,
    -0.112689090996));
#1007 = CARTESIAN_POINT('',(2.865572559851E-02,1.153538653799,
    -0.112304040941));
#1008 = CARTESIAN_POINT('',(2.865572559851E-02,1.152939893476,
    -0.112043493427));
#1009 = CARTESIAN_POINT('',(2.865572559851E-02,1.15231996139,
    -0.11191326987));
#1010 = CARTESIAN_POINT('',(2.865572559851E-02,1.1517,-0.11191326987));
#1011 = PCURVE('',#205,#1012);
#1012 = DEFINITIONAL_REPRESENTATION('',(#1013),#1017);
#1013 = LINE('',#1014,#1015);
#1014 = CARTESIAN_POINT('',(0.,0.));
#1015 = VECTOR('',#1016,1.);
#1016 = DIRECTION('',(1.,0.));
#1017 = ( GEOMETRIC_REPRESENTATION_CONTEXT(2) 
PARAMETRIC_REPRESENTATION_CONTEXT() REPRESENTATION_CONTEXT('2D SPACE',''
  ) );
#1018 = PCURVE('',#391,#1019);
#1019 = DEFINITIONAL_REPRESENTATION('',(#1020),#1032);
#1020 = B_SPLINE_CURVE_WITH_KNOTS('',10,(#1021,#1022,#1023,#1024,#1025,
    #1026,#1027,#1028,#1029,#1030,#1031),.UNSPECIFIED.,.F.,.F.,(11,11),(
    1.,2.),.PIECEWISE_BEZIER_KNOTS.);
#1021 = CARTESIAN_POINT('',(4.998446704699E-03,-3.628434605333E-03));
#1022 = CARTESIAN_POINT('',(4.253737971352E-03,-3.677122110996E-03));
#1023 = CARTESIAN_POINT('',(3.502007010924E-03,-3.617859113487E-03));
#1024 = CARTESIAN_POINT('',(2.768645080521E-03,-3.448902003343E-03));
#1025 = CARTESIAN_POINT('',(2.079610502699E-03,-3.173399939601E-03));
#1026 = CARTESIAN_POINT('',(1.459580219655E-03,-2.799336322411E-03));
#1027 = CARTESIAN_POINT('',(9.304080835846E-04,-2.339179616289E-03));
#1028 = CARTESIAN_POINT('',(5.098898831917E-04,-1.809243523986E-03));
#1029 = CARTESIAN_POINT('',(2.108351063616E-04,-1.228756510994E-03));
#1030 = CARTESIAN_POINT('',(4.044543899479E-05,-6.186406806696E-04));
#1031 = CARTESIAN_POINT('',(0.,2.22044604925E-16));
#1032 = ( GEOMETRIC_REPRESENTATION_CONTEXT(2) 
PARAMETRIC_REPRESENTATION_CONTEXT() REPRESENTATION_CONTEXT('2D SPACE',''
  ) );
#1033 = ORIENTED_EDGE('',*,*,#21,.T.);
#1034 = ORIENTED_EDGE('',*,*,#1035,.F.);
#1035 = EDGE_CURVE('',#1036,#24,#1038,.T.);
#1036 = VERTEX_POINT('',#1037);
#1037 = CARTESIAN_POINT('',(-9.749854554423E-02,1.154704562435,
    -0.105396550163));
#1038 = SURFACE_CURVE('',#1039,(#1092,#1148),.PCURVE_S1.);
#1039 = B_SPLINE_CURVE_WITH_KNOTS('',7,(#1040,#1041,#1042,#1043,#1044,
    #1045,#1046,#1047,#1048,#1049,#1050,#1051,#1052,#1053,#1054,#1055,
    #1056,#1057,#1058,#1059,#1060,#1061,#1062,#1063,#1064,#1065,#1066,
    #1067,#1068,#1069,#1070,#1071,#1072,#1073,#1074,#1075,#1076,#1077,
    #1078,#1079,#1080,#1081,#1082,#1083,#1084,#1085,#1086,#1087,#1088,
    #1089,#1090,#1091),.UNSPECIFIED.,.F.,.F.,(8,6,6,6,6,7,6,7,8),(0.,
    0.155792553492,0.28048012471,0.389646640106,0.489620051738,
    0.519665056817,0.675457610309,0.844207446508,1.),.UNSPECIFIED.);
#1040 = CARTESIAN_POINT('',(-9.749854554423E-02,1.154704562435,
    -0.105396550163));
#1041 = CARTESIAN_POINT('',(-9.584999603862E-02,1.154810026547,
    -0.105188086451));
#1042 = CARTESIAN_POINT('',(-9.418846141286E-02,1.154909082587,
    -0.104985756002));
#1043 = CARTESIAN_POINT('',(-9.251337710963E-02,1.155001053432,
    -0.104789601503));
#1044 = CARTESIAN_POINT('',(-9.082452696754E-02,1.155084988956,
    -0.104599672428));
#1045 = CARTESIAN_POINT('',(-8.912204322111E-02,1.155159666038,
    -0.104416025032));
#1046 = CARTESIAN_POINT('',(-8.740640650073E-02,1.155223588558,
    -0.104238722357));
#1047 = CARTESIAN_POINT('',(-8.429548307998E-02,1.155316112356,
    -0.103931066649));
#1048 = CARTESIAN_POINT('',(-8.290506358255E-02,1.155349171642,
    -0.103798430952));
#1049 = CARTESIAN_POINT('',(-8.150761803277E-02,1.155373222706,
    -0.103669893433));
#1050 = CARTESIAN_POINT('',(-8.010442849029E-02,1.155387144589,
    -0.103545447231));
#1051 = CARTESIAN_POINT('',(-7.869762838211E-02,1.155389637918,
    -0.103425112333));
#1052 = CARTESIAN_POINT('',(-7.729020250259E-02,1.15537922491,
    -0.10330893557));
#1053 = CARTESIAN_POINT('',(-7.465656794129E-02,1.155332381979,
    -0.10309897732));
#1054 = CARTESIAN_POINT('',(-7.343020871695E-02,1.155299357177,
    -0.103004243202));
#1055 = CARTESIAN_POINT('',(-7.220927919403E-02,1.155254075778,
    -0.102912808523));
#1056 = CARTESIAN_POINT('',(-7.099780923462E-02,1.155195322847,
    -0.102824779602));
#1057 = CARTESIAN_POINT('',(-6.980140614591E-02,1.155121864456,
    -0.102740328856));
#1058 = CARTESIAN_POINT('',(-6.86271721167E-02,1.155032544437,
    -0.102659674825));
#1059 = CARTESIAN_POINT('',(-6.643637115257E-02,1.154829161692,
    -0.102512902612));
#1060 = CARTESIAN_POINT('',(-6.541511840346E-02,1.154717836327,
    -0.102446149437));
#1061 = CARTESIAN_POINT('',(-6.442673704667E-02,1.154591717259,
    -0.102383024685));
#1062 = CARTESIAN_POINT('',(-6.34797740647E-02,1.154450321841,
    -0.102323804656));
#1063 = CARTESIAN_POINT('',(-6.258388463463E-02,1.154293535333,
    -0.10226880071));
#1064 = CARTESIAN_POINT('',(-6.174926698022E-02,1.154121773687,
    -0.102218340033));
#1065 = CARTESIAN_POINT('',(-6.075673956224E-02,1.153880368988,
    -0.102159044722));
#1066 = CARTESIAN_POINT('',(-6.053384037975E-02,1.153823333909,
    -0.102145782608));
#1067 = CARTESIAN_POINT('',(-6.031764207863E-02,1.153765074135,
    -0.102132967622));
#1068 = CARTESIAN_POINT('',(-6.010838952336E-02,1.153705625233,
    -0.102120607364));
#1069 = CARTESIAN_POINT('',(-5.990633004075E-02,1.153645025277,
    -0.102108709461));
#1070 = CARTESIAN_POINT('',(-5.971171342E-02,1.15358331485,
    -0.10209728157));
#1071 = CARTESIAN_POINT('',(-5.952479191262E-02,1.15352053704,
    -0.102086331373));
#1072 = CARTESIAN_POINT('',(-5.931995069624E-02,1.153451790752,
    -0.102074334068));
#1073 = CARTESIAN_POINT('',(-5.912446994762E-02,1.153381746407,
    -0.102062914148));
#1074 = CARTESIAN_POINT('',(-5.893834461872E-02,1.153310503227,
    -0.102052070424));
#1075 = CARTESIAN_POINT('',(-5.876187721176E-02,1.153238125039,
    -0.102041812012));
#1076 = CARTESIAN_POINT('',(-5.859544430151E-02,1.153164666778,
    -0.102032150455));
#1077 = CARTESIAN_POINT('',(-5.843926305763E-02,1.153090200995,
    -0.102023091834));
#1078 = CARTESIAN_POINT('',(-5.813489427447E-02,1.1529332331,
    -0.102005462394));
#1079 = CARTESIAN_POINT('',(-5.798980009596E-02,1.152850466218,
    -0.101997041565));
#1080 = CARTESIAN_POINT('',(-5.785357900052E-02,1.152766968571,
    -0.101989214131));
#1081 = CARTESIAN_POINT('',(-5.773532621998E-02,1.152682242772,
    -0.101982298314));
#1082 = CARTESIAN_POINT('',(-5.762390321665E-02,1.152597099584,
    -0.101975899263));
#1083 = CARTESIAN_POINT('',(-5.752830768283E-02,1.152511116819,
    -0.101970334165));
#1084 = CARTESIAN_POINT('',(-5.744399912275E-02,1.152424647907,
    -0.101965440609));
#1085 = CARTESIAN_POINT('',(-5.734473402831E-02,1.152322583889,
    -0.101959673542));
#1086 = CARTESIAN_POINT('',(-5.726149025847E-02,1.152219791301,
    -0.101954852529));
#1087 = CARTESIAN_POINT('',(-5.719946648785E-02,1.152116319902,
    -0.101951160722));
#1088 = CARTESIAN_POINT('',(-5.714721629667E-02,1.152012554811,
    -0.101948188407));
#1089 = CARTESIAN_POINT('',(-5.711879228645E-02,1.151908433749,
    -0.101946436231));
#1090 = CARTESIAN_POINT('',(-5.710205128617E-02,1.151804216866,
    -0.101945469636));
#1091 = CARTESIAN_POINT('',(-5.710212759559E-02,1.1517,-0.101945472391)
  );
#1092 = PCURVE('',#205,#1093);
#1093 = DEFINITIONAL_REPRESENTATION('',(#1094),#1147);
#1094 = B_SPLINE_CURVE_WITH_KNOTS('',7,(#1095,#1096,#1097,#1098,#1099,
    #1100,#1101,#1102,#1103,#1104,#1105,#1106,#1107,#1108,#1109,#1110,
    #1111,#1112,#1113,#1114,#1115,#1116,#1117,#1118,#1119,#1120,#1121,
    #1122,#1123,#1124,#1125,#1126,#1127,#1128,#1129,#1130,#1131,#1132,
    #1133,#1134,#1135,#1136,#1137,#1138,#1139,#1140,#1141,#1142,#1143,
    #1144,#1145,#1146),.UNSPECIFIED.,.F.,.F.,(8,6,6,6,6,7,6,7,8),(0.,
    0.155792553492,0.28048012471,0.389646640106,0.489620051738,
    0.519665056817,0.675457610309,0.844207446508,1.),.UNSPECIFIED.);
#1095 = CARTESIAN_POINT('',(1.946562745896,0.486354181303));
#1096 = CARTESIAN_POINT('',(1.944715856487,0.480634950042));
#1097 = CARTESIAN_POINT('',(1.942981043905,0.474873214963));
#1098 = CARTESIAN_POINT('',(1.941370532058,0.469067159818));
#1099 = CARTESIAN_POINT('',(1.939901686067,0.463216179109));
#1100 = CARTESIAN_POINT('',(1.938597012269,0.457320878087));
#1101 = CARTESIAN_POINT('',(1.937484158217,0.451383072755));
#1102 = CARTESIAN_POINT('',(1.935885154769,0.440621905154));
#1103 = CARTESIAN_POINT('',(1.935319211837,0.435814267055));
#1104 = CARTESIAN_POINT('',(1.934913394739,0.430984040228));
#1105 = CARTESIAN_POINT('',(1.934686159997,0.426135313386));
#1106 = CARTESIAN_POINT('',(1.9346591098,0.421275099292));
#1107 = CARTESIAN_POINT('',(1.934856992005,0.416413334761));
#1108 = CARTESIAN_POINT('',(1.935702359315,0.407316212232));
#1109 = CARTESIAN_POINT('',(1.936290845924,0.403080285608));
#1110 = CARTESIAN_POINT('',(1.937091848451,0.398863040293));
#1111 = CARTESIAN_POINT('',(1.938126319393,0.394678140814));
#1112 = CARTESIAN_POINT('',(1.939415969347,0.39054472164));
#1113 = CARTESIAN_POINT('',(1.940981761099,0.386487132094));
#1114 = CARTESIAN_POINT('',(1.94454627784,0.378915071106));
#1115 = CARTESIAN_POINT('',(1.946497125354,0.375384557254));
#1116 = CARTESIAN_POINT('',(1.94870797684,0.371966798322));
#1117 = CARTESIAN_POINT('',(1.951189027337,0.368691317454));
#1118 = CARTESIAN_POINT('',(1.953944376677,0.36559155659));
#1119 = CARTESIAN_POINT('',(1.956968769806,0.362702930717));
#1120 = CARTESIAN_POINT('',(1.961228575556,0.359266859172));
#1121 = CARTESIAN_POINT('',(1.962235591609,0.358495124953));
#1122 = CARTESIAN_POINT('',(1.963264845058,0.357746524201));
#1123 = CARTESIAN_POINT('',(1.964315745395,0.357021910612));
#1124 = CARTESIAN_POINT('',(1.965387651814,0.356322146847));
#1125 = CARTESIAN_POINT('',(1.966479873216,0.355648104539));
#1126 = CARTESIAN_POINT('',(1.967591668207,0.355000664286));
#1127 = CARTESIAN_POINT('',(1.968809159368,0.354291155452));
#1128 = CARTESIAN_POINT('',(1.970050448272,0.353614006666));
#1129 = CARTESIAN_POINT('',(1.971313788501,0.352969209039));
#1130 = CARTESIAN_POINT('',(1.972598063471,0.352357819547));
#1131 = CARTESIAN_POINT('',(1.973902306034,0.351781151852));
#1132 = CARTESIAN_POINT('',(1.975225218078,0.35123996712));
#1133 = CARTESIAN_POINT('',(1.978015339064,0.350185230312));
#1134 = CARTESIAN_POINT('',(1.979487420714,0.349682392445));
#1135 = CARTESIAN_POINT('',(1.980973226388,0.349210271031));
#1136 = CARTESIAN_POINT('',(1.982481801947,0.348800399569));
#1137 = CARTESIAN_POINT('',(1.983998363737,0.348414180827));
#1138 = CARTESIAN_POINT('',(1.985530583561,0.348082808474));
#1139 = CARTESIAN_POINT('',(1.98707197334,0.347790551261));
#1140 = CARTESIAN_POINT('',(1.988891364288,0.347446446914));
#1141 = CARTESIAN_POINT('',(1.990724471453,0.34715786368));
#1142 = CARTESIAN_POINT('',(1.992570322477,0.346942835118));
#1143 = CARTESIAN_POINT('',(1.994421801345,0.346761685545));
#1144 = CARTESIAN_POINT('',(1.996279989036,0.346663138567));
#1145 = CARTESIAN_POINT('',(1.998139988556,0.346605097394));
#1146 = CARTESIAN_POINT('',(2.,0.346605361925));
#1147 = ( GEOMETRIC_REPRESENTATION_CONTEXT(2) 
PARAMETRIC_REPRESENTATION_CONTEXT() REPRESENTATION_CONTEXT('2D SPACE',''
  ) );
#1148 = PCURVE('',#660,#1149);
#1149 = DEFINITIONAL_REPRESENTATION('',(#1150),#1203);
#1150 = B_SPLINE_CURVE_WITH_KNOTS('',7,(#1151,#1152,#1153,#1154,#1155,
    #1156,#1157,#1158,#1159,#1160,#1161,#1162,#1163,#1164,#1165,#1166,
    #1167,#1168,#1169,#1170,#1171,#1172,#1173,#1174,#1175,#1176,#1177,
    #1178,#1179,#1180,#1181,#1182,#1183,#1184,#1185,#1186,#1187,#1188,
    #1189,#1190,#1191,#1192,#1193,#1194,#1195,#1196,#1197,#1198,#1199,
    #1200,#1201,#1202),.UNSPECIFIED.,.F.,.F.,(8,6,6,6,6,7,6,7,8),(0.,
    0.155792553492,0.28048012471,0.389646640106,0.489620051738,
    0.519665056817,0.675457610309,0.844207446508,1.),.UNSPECIFIED.);
#1151 = CARTESIAN_POINT('',(4.732556085866E-02,0.));
#1152 = CARTESIAN_POINT('',(4.974829224864E-02,1.775722639138E-03));
#1153 = CARTESIAN_POINT('',(5.218349207326E-02,3.499201301028E-03));
#1154 = CARTESIAN_POINT('',(5.46321147622E-02,5.17007236406E-03));
#1155 = CARTESIAN_POINT('',(5.7094643585E-02,6.787914415823E-03));
#1156 = CARTESIAN_POINT('',(5.957109065103E-02,8.3522482531E-03));
#1157 = CARTESIAN_POINT('',(6.206099690955E-02,9.862536881869E-03));
#1158 = CARTESIAN_POINT('',(6.656623676425E-02,1.248319061962E-02));
#1159 = CARTESIAN_POINT('',(6.857647528654E-02,1.361299977149E-02));
#1160 = CARTESIAN_POINT('',(7.05936501635E-02,1.470790008352E-02));
#1161 = CARTESIAN_POINT('',(7.26161141944E-02,1.576794998874E-02));
#1162 = CARTESIAN_POINT('',(7.464107053084E-02,1.679297924251E-02));
#1163 = CARTESIAN_POINT('',(7.666457267676E-02,1.778258892258E-02));
#1164 = CARTESIAN_POINT('',(8.044741595535E-02,1.957104224462E-02));
#1165 = CARTESIAN_POINT('',(8.22074469027E-02,2.037800051996E-02));
#1166 = CARTESIAN_POINT('',(8.39585385807E-02,2.115685372428E-02));
#1167 = CARTESIAN_POINT('',(8.569529941822E-02,2.190669620845E-02));
#1168 = CARTESIAN_POINT('',(8.741020365967E-02,2.262605931096E-02));
#1169 = CARTESIAN_POINT('',(8.909377000195E-02,2.331308146383E-02));
#1170 = CARTESIAN_POINT('',(9.223752863154E-02,2.456330741496E-02));
#1171 = CARTESIAN_POINT('',(9.370419168523E-02,2.513192016203E-02));
#1172 = CARTESIAN_POINT('',(9.512567047181E-02,2.566962550351E-02));
#1173 = CARTESIAN_POINT('',(9.649059679288E-02,2.617406987624E-02));
#1174 = CARTESIAN_POINT('',(9.778627487741E-02,2.664260106362E-02));
#1175 = CARTESIAN_POINT('',(9.899966308695E-02,2.707243206906E-02));
#1176 = CARTESIAN_POINT('',(0.100454554301,2.757751770383E-02));
#1177 = CARTESIAN_POINT('',(0.100782203873,2.769048622133E-02));
#1178 = CARTESIAN_POINT('',(0.10110100788,2.779964604019E-02));
#1179 = CARTESIAN_POINT('',(0.101410680416,2.790493242277E-02));
#1180 = CARTESIAN_POINT('',(0.101710946129,2.80062803955E-02));
#1181 = CARTESIAN_POINT('',(0.102001540217,2.810362474891E-02));
#1182 = CARTESIAN_POINT('',(0.102282208431,2.819690003762E-02));
#1183 = CARTESIAN_POINT('',(0.10258974263,2.829909473973E-02));
#1184 = CARTESIAN_POINT('',(0.102885238018,2.839637118862E-02));
#1185 = CARTESIAN_POINT('',(0.103168730148,2.848873952914E-02));
#1186 = CARTESIAN_POINT('',(0.103439959929,2.857612209477E-02));
#1187 = CARTESIAN_POINT('',(0.103698632042,2.865842056898E-02));
#1188 = CARTESIAN_POINT('',(0.103944673357,2.873558314663E-02));
#1189 = CARTESIAN_POINT('',(0.10443171277,2.88857531525E-02));
#1190 = CARTESIAN_POINT('',(0.104669568548,2.895748293112E-02));
#1191 = CARTESIAN_POINT('',(0.104895222274,2.902415809842E-02));
#1192 = CARTESIAN_POINT('',(0.105103175194,2.908306797608E-02));
#1193 = CARTESIAN_POINT('',(0.105300589239,2.913757597833E-02));
#1194 = CARTESIAN_POINT('',(0.105483411332,2.918498024663E-02));
#1195 = CARTESIAN_POINT('',(0.105654905216,2.922666422973E-02));
#1196 = CARTESIAN_POINT('',(0.105857031009,2.927578890494E-02));
#1197 = CARTESIAN_POINT('',(0.10604405444,2.931685495483E-02));
#1198 = CARTESIAN_POINT('',(0.106213897225,2.934830227924E-02));
#1199 = CARTESIAN_POINT('',(0.106374451481,2.937362086596E-02));
#1200 = CARTESIAN_POINT('',(0.106526319941,2.938854614345E-02));
#1201 = CARTESIAN_POINT('',(0.106673335327,2.939677973818E-02));
#1202 = CARTESIAN_POINT('',(0.106821290297,2.939675626319E-02));
#1203 = ( GEOMETRIC_REPRESENTATION_CONTEXT(2) 
PARAMETRIC_REPRESENTATION_CONTEXT() REPRESENTATION_CONTEXT('2D SPACE',''
  ) );
#1204 = ORIENTED_EDGE('',*,*,#1205,.T.);
#1205 = EDGE_CURVE('',#1036,#490,#1206,.T.);
#1206 = SURFACE_CURVE('',#1207,(#1216,#1228),.PCURVE_S1.);
#1207 = B_SPLINE_CURVE_WITH_KNOTS('',4,(#1208,#1209,#1210,#1211,#1212,
    #1213,#1214,#1215),.UNSPECIFIED.,.F.,.F.,(5,3,5),(0.,0.117354515382,
    1.),.UNSPECIFIED.);
#1208 = CARTESIAN_POINT('',(-9.704895643972E-02,1.155314278129,
    -0.105396550163));
#1209 = CARTESIAN_POINT('',(-9.713382334473E-02,1.155209420197,
    -0.105396550163));
#1210 = CARTESIAN_POINT('',(-9.721529928643E-02,1.155104430541,
    -0.105396550163));
#1211 = CARTESIAN_POINT('',(-9.729341481836E-02,1.154999294373,
    -0.105396550163));
#1212 = CARTESIAN_POINT('',(-9.793035801196E-02,1.154102411931,
    -0.105396550163));
#1213 = CARTESIAN_POINT('',(-9.830234240468E-02,1.153303825979,
    -0.105396550163));
#1214 = CARTESIAN_POINT('',(-9.848831699529E-02,1.152501924565,
    -0.105396550163));
#1215 = CARTESIAN_POINT('',(-9.848831699529E-02,1.1517,-0.105396550163)
  );
#1216 = PCURVE('',#205,#1217);
#1217 = DEFINITIONAL_REPRESENTATION('',(#1218),#1227);
#1218 = B_SPLINE_CURVE_WITH_KNOTS('',4,(#1219,#1220,#1221,#1222,#1223,
    #1224,#1225,#1226),.UNSPECIFIED.,.F.,.F.,(5,3,5),(0.,0.117354515382,
    1.),.UNSPECIFIED.);
#1219 = CARTESIAN_POINT('',(1.935695543787,0.48479420026));
#1220 = CARTESIAN_POINT('',(1.937565531175,0.485088594136));
#1221 = CARTESIAN_POINT('',(1.939437374107,0.485371963596));
#1222 = CARTESIAN_POINT('',(1.941311296632,0.485642545914));
#1223 = CARTESIAN_POINT('',(1.957293346653,0.487852195195));
#1224 = CARTESIAN_POINT('',(1.971497911206,0.489143001176));
#1225 = CARTESIAN_POINT('',(1.98574881194,0.489788339774));
#1226 = CARTESIAN_POINT('',(2.,0.489788339774));
#1227 = ( GEOMETRIC_REPRESENTATION_CONTEXT(2) 
PARAMETRIC_REPRESENTATION_CONTEXT() REPRESENTATION_CONTEXT('2D SPACE',''
  ) );
#1228 = PCURVE('',#545,#1229);
#1229 = DEFINITIONAL_REPRESENTATION('',(#1230),#1239);
#1230 = B_SPLINE_CURVE_WITH_KNOTS('',4,(#1231,#1232,#1233,#1234,#1235,
    #1236,#1237,#1238),.UNSPECIFIED.,.F.,.F.,(5,3,5),(0.,0.117354515382,
    1.),.UNSPECIFIED.);
#1231 = CARTESIAN_POINT('',(3.314879154219E-02,-3.572371632621E-03));
#1232 = CARTESIAN_POINT('',(3.306403478473E-02,-3.467424647463E-03));
#1233 = CARTESIAN_POINT('',(3.298266912702E-02,-3.362349499937E-03));
#1234 = CARTESIAN_POINT('',(3.290466403107E-02,-3.257131368679E-03));
#1235 = CARTESIAN_POINT('',(3.226866291462E-02,-2.359580630994E-03));
#1236 = CARTESIAN_POINT('',(3.189751724175E-02,-1.560604535971E-03));
#1237 = CARTESIAN_POINT('',(3.171238474968E-02,-7.585082910516E-04));
#1238 = CARTESIAN_POINT('',(3.171322677001E-02,4.341583215006E-05));
#1239 = ( GEOMETRIC_REPRESENTATION_CONTEXT(2) 
PARAMETRIC_REPRESENTATION_CONTEXT() REPRESENTATION_CONTEXT('2D SPACE',''
  ) );
#1240 = ORIENTED_EDGE('',*,*,#489,.T.);
#1241 = ORIENTED_EDGE('',*,*,#1242,.F.);
#1242 = EDGE_CURVE('',#412,#446,#1243,.T.);
#1243 = SURFACE_CURVE('',#1244,(#1256,#1263),.PCURVE_S1.);
#1244 = B_SPLINE_CURVE_WITH_KNOTS('',10,(#1245,#1246,#1247,#1248,#1249,
    #1250,#1251,#1252,#1253,#1254,#1255),.UNSPECIFIED.,.F.,.F.,(11,11),(
    1.,2.),.PIECEWISE_BEZIER_KNOTS.);
#1245 = CARTESIAN_POINT('',(-0.228578802254,1.154337404175,
    -0.168507017661));
#1246 = CARTESIAN_POINT('',(-0.228578802254,1.154337404175,
    -0.168302440804));
#1247 = CARTESIAN_POINT('',(-0.228578802254,1.154265306334,
    -0.168097779115));
#1248 = CARTESIAN_POINT('',(-0.228578802254,1.154120595623,
    -0.167900236054));
#1249 = CARTESIAN_POINT('',(-0.228578802254,1.153906626629,
    -0.167716795142));
#1250 = CARTESIAN_POINT('',(-0.228578802254,1.153630052852,
    -0.167553938139));
#1251 = CARTESIAN_POINT('',(-0.228578802254,1.153300256003,
    -0.167417363225));
#1252 = CARTESIAN_POINT('',(-0.228578802254,1.152928775295,
    -0.167311703182));
#1253 = CARTESIAN_POINT('',(-0.228578802254,1.152528736748,
    -0.167240243577));
#1254 = CARTESIAN_POINT('',(-0.228578802254,1.152114282479,
    -0.167204640937));
#1255 = CARTESIAN_POINT('',(-0.228578802254,1.1517,-0.167204640937));
#1256 = PCURVE('',#205,#1257);
#1257 = DEFINITIONAL_REPRESENTATION('',(#1258),#1262);
#1258 = LINE('',#1259,#1260);
#1259 = CARTESIAN_POINT('',(0.,1.));
#1260 = VECTOR('',#1261,1.);
#1261 = DIRECTION('',(1.,0.));
#1262 = ( GEOMETRIC_REPRESENTATION_CONTEXT(2) 
PARAMETRIC_REPRESENTATION_CONTEXT() REPRESENTATION_CONTEXT('2D SPACE',''
  ) );
#1263 = PCURVE('',#469,#1264);
#1264 = DEFINITIONAL_REPRESENTATION('',(#1265),#1277);
#1265 = B_SPLINE_CURVE_WITH_KNOTS('',10,(#1266,#1267,#1268,#1269,#1270,
    #1271,#1272,#1273,#1274,#1275,#1276),.UNSPECIFIED.,.F.,.F.,(11,11),(
    1.,2.),.PIECEWISE_BEZIER_KNOTS.);
#1266 = CARTESIAN_POINT('',(-1.44917534394E-03,2.559682936964E-03));
#1267 = CARTESIAN_POINT('',(-1.564172931009E-03,2.390487057661E-03));
#1268 = CARTESIAN_POINT('',(-1.619589476836E-03,2.180693082066E-03));
#1269 = CARTESIAN_POINT('',(-1.610949786284E-03,1.935969142895E-03));
#1270 = CARTESIAN_POINT('',(-1.537102675532E-03,1.663976674756E-03));
#1271 = CARTESIAN_POINT('',(-1.399907387472E-03,1.373816528693E-03));
#1272 = CARTESIAN_POINT('',(-1.203920007121E-03,1.07547508674E-03));
#1273 = CARTESIAN_POINT('',(-9.560798770197E-04,7.792703764665E-04));
#1274 = CARTESIAN_POINT('',(-6.65396012639E-04,4.952981855274E-04));
#1275 = CARTESIAN_POINT('',(-3.426335177846E-04,2.328781762136E-04));
#1276 = CARTESIAN_POINT('',(1.110223024625E-16,-2.22044604925E-16));
#1277 = ( GEOMETRIC_REPRESENTATION_CONTEXT(2) 
PARAMETRIC_REPRESENTATION_CONTEXT() REPRESENTATION_CONTEXT('2D SPACE',''
  ) );
#1278 = ADVANCED_FACE('',(#1279),#660,.F.);
#1279 = FACE_BOUND('',#1280,.F.);
#1280 = EDGE_LOOP('',(#1281,#1310,#1606,#1607,#1608,#1906,#1928));
#1281 = ORIENTED_EDGE('',*,*,#1282,.F.);
#1282 = EDGE_CURVE('',#1283,#1285,#1287,.T.);
#1283 = VERTEX_POINT('',#1284);
#1284 = CARTESIAN_POINT('',(-0.130201480697,1.151776714678,
    -0.105396550163));
#1285 = VERTEX_POINT('',#1286);
#1286 = CARTESIAN_POINT('',(-0.153758460499,1.1518024759,
    -1.604451455233E-02));
#1287 = SURFACE_CURVE('',#1288,(#1291,#1298),.PCURVE_S1.);
#1288 = B_SPLINE_CURVE_WITH_KNOTS('',1,(#1289,#1290),.UNSPECIFIED.,.F.,
  .F.,(2,2),(0.,1.),.PIECEWISE_BEZIER_KNOTS.);
#1289 = CARTESIAN_POINT('',(-0.130201480697,1.151776714678,
    -0.105396550163));
#1290 = CARTESIAN_POINT('',(-0.161152181956,1.151810561457,1.2E-02));
#1291 = PCURVE('',#660,#1292);
#1292 = DEFINITIONAL_REPRESENTATION('',(#1293),#1297);
#1293 = LINE('',#1294,#1295);
#1294 = CARTESIAN_POINT('',(0.,0.));
#1295 = VECTOR('',#1296,1.);
#1296 = DIRECTION('',(0.,1.));
#1297 = ( GEOMETRIC_REPRESENTATION_CONTEXT(2) 
PARAMETRIC_REPRESENTATION_CONTEXT() REPRESENTATION_CONTEXT('2D SPACE',''
  ) );
#1298 = PCURVE('',#1299,#1304);
#1299 = B_SPLINE_SURFACE_WITH_KNOTS('',1,1,(
    (#1300,#1301)
    ,(#1302,#1303
    )),.UNSPECIFIED.,.F.,.F.,.F.,(2,2),(2,2),(0.,2.211229143563E-04),(0.
    ,1.),.PIECEWISE_BEZIER_KNOTS.);
#1300 = CARTESIAN_POINT('',(-0.130201480697,1.151623285322,
    -0.105396550163));
#1301 = CARTESIAN_POINT('',(-0.161152181956,1.151589438543,1.2E-02));
#1302 = CARTESIAN_POINT('',(-0.130201480697,1.151776714678,
    -0.105396550163));
#1303 = CARTESIAN_POINT('',(-0.161152181956,1.151810561457,1.2E-02));
#1304 = DEFINITIONAL_REPRESENTATION('',(#1305),#1309);
#1305 = LINE('',#1306,#1307);
#1306 = CARTESIAN_POINT('',(2.211229143563E-04,0.));
#1307 = VECTOR('',#1308,1.);
#1308 = DIRECTION('',(0.,1.));
#1309 = ( GEOMETRIC_REPRESENTATION_CONTEXT(2) 
PARAMETRIC_REPRESENTATION_CONTEXT() REPRESENTATION_CONTEXT('2D SPACE',''
  ) );
#1310 = ORIENTED_EDGE('',*,*,#1311,.T.);
#1311 = EDGE_CURVE('',#1283,#1036,#1312,.T.);
#1312 = SURFACE_CURVE('',#1313,(#1455,#1461),.PCURVE_S1.);
#1313 = B_SPLINE_CURVE_WITH_KNOTS('',3,(#1314,#1315,#1316,#1317,#1318,
    #1319,#1320,#1321,#1322,#1323,#1324,#1325,#1326,#1327,#1328,#1329,
    #1330,#1331,#1332,#1333,#1334,#1335,#1336,#1337,#1338,#1339,#1340,
    #1341,#1342,#1343,#1344,#1345,#1346,#1347,#1348,#1349,#1350,#1351,
    #1352,#1353,#1354,#1355,#1356,#1357,#1358,#1359,#1360,#1361,#1362,
    #1363,#1364,#1365,#1366,#1367,#1368,#1369,#1370,#1371,#1372,#1373,
    #1374,#1375,#1376,#1377,#1378,#1379,#1380,#1381,#1382,#1383,#1384,
    #1385,#1386,#1387,#1388,#1389,#1390,#1391,#1392,#1393,#1394,#1395,
    #1396,#1397,#1398,#1399,#1400,#1401,#1402,#1403,#1404,#1405,#1406,
    #1407,#1408,#1409,#1410,#1411,#1412,#1413,#1414,#1415,#1416,#1417,
    #1418,#1419,#1420,#1421,#1422,#1423,#1424,#1425,#1426,#1427,#1428,
    #1429,#1430,#1431,#1432,#1433,#1434,#1435,#1436,#1437,#1438,#1439,
    #1440,#1441,#1442,#1443,#1444,#1445,#1446,#1447,#1448,#1449,#1450,
    #1451,#1452,#1453,#1454),.UNSPECIFIED.,.F.,.F.,(4,1,1,1,1,1,1,1,1,1,
    1,1,1,1,1,1,1,1,1,1,1,1,1,1,1,1,1,1,1,1,1,1,1,1,1,1,1,1,1,1,1,1,1,1,
    1,1,1,1,1,1,1,1,1,1,1,1,1,1,1,1,1,1,1,1,1,1,1,1,1,1,1,1,1,1,1,1,1,1,
    1,1,1,1,1,1,1,1,1,1,1,1,1,1,1,1,1,1,1,1,1,1,1,1,1,1,1,1,1,1,1,1,1,1,
    1,1,1,1,1,1,1,1,1,1,1,1,1,1,1,1,1,1,1,1,1,1,1,1,1,1,4),(0.,
    3.81155721993E-05,1.523813169331E-04,3.425545367428E-04,
    6.082314602287E-04,9.48848319116E-04,1.363682837679E-03,
    1.851856117171E-03,2.412334894457E-03,3.04393415157E-03,
    3.745320051522E-03,4.515013175329E-03,5.351392035883E-03,
    6.252696845863E-03,7.217033519153E-03,8.242377888086E-03,
    9.326580122035E-03,1.046736933622E-02,1.166235838294E-02,
    1.290904882064E-02,1.420483605901E-02,1.554701468083E-02,
    1.693278394327E-02,1.835925346286E-02,1.982344908924E-02,
    2.132231897338E-02,2.285273983547E-02,2.441152343738E-02,
    2.599542326275E-02,2.760114140614E-02,2.922533566959E-02,
    3.086462686193E-02,3.251560629175E-02,3.417484344064E-02,
    3.583889379799E-02,3.750430683302E-02,3.916763407469E-02,
    4.08254372643E-02,4.247429654137E-02,4.411081861956E-02,
    4.573164490743E-02,4.733345952847E-02,4.891299719735E-02,
    5.046705091403E-02,5.199247944581E-02,5.348621457896E-02,
    5.494526813694E-02,5.636673878198E-02,5.774781864091E-02,
    5.90857998258E-02,6.037808095655E-02,6.162217383821E-02,
    6.281571050473E-02,6.395645091977E-02,6.504229173521E-02,
    6.607127666809E-02,6.704160929817E-02,6.79516694654E-02,
    6.880003505381E-02,6.958551195313E-02,7.030717670233E-02,
    7.096443931557E-02,7.155713917776E-02,7.208569678577E-02,
    7.255136241801E-02,7.295663575635E-02,7.330598206157E-02,
    7.360700920252E-02,7.387209412841E-02,7.411950868973E-02,
    7.436692325106E-02,7.463200817695E-02,7.49330353179E-02,
    7.528238162312E-02,7.568765496146E-02,7.61533205937E-02,
    7.668187820171E-02,7.72745780639E-02,7.793184067714E-02,
    7.865350542634E-02,7.943898232566E-02,8.028734791407E-02,
    8.11974080813E-02,8.216774071138E-02,8.319672564426E-02,
    8.42825664597E-02,8.542330687474E-02,8.661684354126E-02,
    8.786093642292E-02,8.915321755367E-02,9.049119873856E-02,
    9.187227859749E-02,9.329374924253E-02,9.475280280051E-02,
    9.624653793366E-02,9.777196646544E-02,9.932602018212E-02,
    0.100905557851,0.102507372472,0.10412819876,0.105764720838,
    0.107413580115,0.109071383305,0.110734710546,0.112400123581,
    0.114064173939,0.115723411088,0.117374390518,0.11901368171,
    0.120637875973,0.122243594117,0.123827493942,0.125386277544,
    0.126916698406,0.12841556829,0.129879763917,0.131306233436,
    0.132692002699,0.13403418132,0.135329968559,0.136576658997,
    0.137771648043,0.138912437257,0.139996639491,0.14102198386,
    0.141986320534,0.142887625344,0.143724004204,0.144493697328,
    0.145195083228,0.145826682485,0.146387161262,0.146875334542,
    0.14729016906,0.147630785919,0.147896462843,0.148086636063,
    0.148200901807,0.148239017379),.UNSPECIFIED.);
#1314 = CARTESIAN_POINT('',(-0.130201480697,1.151776714678,
    -0.105396550163));
#1315 = CARTESIAN_POINT('',(-0.130188861475,1.15177819018,
    -0.105396550163));
#1316 = CARTESIAN_POINT('',(-0.130138411176,1.151784087189,
    -0.105396550163));
#1317 = CARTESIAN_POINT('',(-0.130024996504,1.151797326952,
    -0.105396550163));
#1318 = CARTESIAN_POINT('',(-0.129836233199,1.151819306419,
    -0.105396550163));
#1319 = CARTESIAN_POINT('',(-0.129572512419,1.151849896709,
    -0.105396550163));
#1320 = CARTESIAN_POINT('',(-0.129234380655,1.151888919984,
    -0.105396550163));
#1321 = CARTESIAN_POINT('',(-0.128822538604,1.15193615195,
    -0.105396550163));
#1322 = CARTESIAN_POINT('',(-0.128337839724,1.151991324916,
    -0.105396550163));
#1323 = CARTESIAN_POINT('',(-0.127781288471,1.152054131315,
    -0.105396550163));
#1324 = CARTESIAN_POINT('',(-0.127154038225,1.15212422758,
    -0.105396550163));
#1325 = CARTESIAN_POINT('',(-0.126457388905,1.152201238233,
    -0.105396550163));
#1326 = CARTESIAN_POINT('',(-0.125692784285,1.152284760061,
    -0.105396550163));
#1327 = CARTESIAN_POINT('',(-0.124861809004,1.152374366248,
    -0.105396550163));
#1328 = CARTESIAN_POINT('',(-0.123966185286,1.15246961033,
    -0.105396550163));
#1329 = CARTESIAN_POINT('',(-0.123007769377,1.15257002985,
    -0.105396550163));
#1330 = CARTESIAN_POINT('',(-0.121988547694,1.152675149618,
    -0.105396550163));
#1331 = CARTESIAN_POINT('',(-0.120910632714,1.152784484478,
    -0.105396550163));
#1332 = CARTESIAN_POINT('',(-0.119776258591,1.152897541526,
    -0.105396550163));
#1333 = CARTESIAN_POINT('',(-0.118587776522,1.153013821723,
    -0.105396550163));
#1334 = CARTESIAN_POINT('',(-0.117347649873,1.153132820904,
    -0.105396550163));
#1335 = CARTESIAN_POINT('',(-0.116058449066,1.153254030187,
    -0.105396550163));
#1336 = CARTESIAN_POINT('',(-0.114722846248,1.153376935817,
    -0.105396550163));
#1337 = CARTESIAN_POINT('',(-0.113343609742,1.15350101852,
    -0.105396550163));
#1338 = CARTESIAN_POINT('',(-0.111923598306,1.153625752442,
    -0.105396550163));
#1339 = CARTESIAN_POINT('',(-0.110465755196,1.153750603794,
    -0.105396550163));
#1340 = CARTESIAN_POINT('',(-0.108973102064,1.153875029324,
    -0.105396550163));
#1341 = CARTESIAN_POINT('',(-0.107448732681,1.153998474748,
    -0.105396550163));
#1342 = CARTESIAN_POINT('',(-0.105895806521,1.154120373299,
    -0.105396550163));
#1343 = CARTESIAN_POINT('',(-0.104317542203,1.154240144529,
    -0.105396550163));
#1344 = CARTESIAN_POINT('',(-0.102717210816,1.15435719351,
    -0.105396550163));
#1345 = CARTESIAN_POINT('',(-0.101098129131,1.154470910575,
    -0.105396550163));
#1346 = CARTESIAN_POINT('',(-9.946365272593E-02,1.154580671707,
    -0.105396550163));
#1347 = CARTESIAN_POINT('',(-9.781716902306E-02,1.154685839685,
    -0.105396550163));
#1348 = CARTESIAN_POINT('',(-9.616209027126E-02,1.154785766049,
    -0.105396550163));
#1349 = CARTESIAN_POINT('',(-9.450184647235E-02,1.15487979395,
    -0.105396550163));
#1350 = CARTESIAN_POINT('',(-9.283987827497E-02,1.154967261878,
    -0.105396550163));
#1351 = CARTESIAN_POINT('',(-9.117962984774E-02,1.155047508267,
    -0.105396550163));
#1352 = CARTESIAN_POINT('',(-8.952454174674E-02,1.15511987692,
    -0.105396550163));
#1353 = CARTESIAN_POINT('',(-8.787804379149E-02,1.155183723172,
    -0.105396550163));
#1354 = CARTESIAN_POINT('',(-8.624354796373E-02,1.155238420669,
    -0.105396550163));
#1355 = CARTESIAN_POINT('',(-8.462444134262E-02,1.15528336864,
    -0.105396550163));
#1356 = CARTESIAN_POINT('',(-8.302407908992E-02,1.155317999455,
    -0.105396550163));
#1357 = CARTESIAN_POINT('',(-8.144577749838E-02,1.155341786324,
    -0.105396550163));
#1358 = CARTESIAN_POINT('',(-7.989280711575E-02,1.155354250898,
    -0.105396550163));
#1359 = CARTESIAN_POINT('',(-7.836838595689E-02,1.155354970571,
    -0.105396550163));
#1360 = CARTESIAN_POINT('',(-7.687567281549E-02,1.155343585267,
    -0.105396550163));
#1361 = CARTESIAN_POINT('',(-7.541776068635E-02,1.155319803502,
    -0.105396550163));
#1362 = CARTESIAN_POINT('',(-7.39976703083E-02,1.155283407517,
    -0.105396550163));
#1363 = CARTESIAN_POINT('',(-7.261834383653E-02,1.155234257294,
    -0.105396550163));
#1364 = CARTESIAN_POINT('',(-7.128263865124E-02,1.155172293316,
    -0.105396550163));
#1365 = CARTESIAN_POINT('',(-6.999332130701E-02,1.155097537922,
    -0.105396550163));
#1366 = CARTESIAN_POINT('',(-6.875306162292E-02,1.155010095185,
    -0.105396550163));
#1367 = CARTESIAN_POINT('',(-6.75644269074E-02,1.154910149245,
    -0.105396550163));
#1368 = CARTESIAN_POINT('',(-6.642987630176E-02,1.154797961104,
    -0.105396550163));
#1369 = CARTESIAN_POINT('',(-6.535175521045E-02,1.154673863904,
    -0.105396550163));
#1370 = CARTESIAN_POINT('',(-6.433228976052E-02,1.154538256779,
    -0.105396550163));
#1371 = CARTESIAN_POINT('',(-6.337358119063E-02,1.154391597383,
    -0.105396550163));
#1372 = CARTESIAN_POINT('',(-6.247759999835E-02,1.154234393242,
    -0.105396550163));
#1373 = CARTESIAN_POINT('',(-6.16461795557E-02,1.154067192053,
    -0.105396550163));
#1374 = CARTESIAN_POINT('',(-6.088100868922E-02,1.15389057098,
    -0.105396550163));
#1375 = CARTESIAN_POINT('',(-6.018362238473E-02,1.15370512472,
    -0.105396550163));
#1376 = CARTESIAN_POINT('',(-5.955538911584E-02,1.153511451537,
    -0.105396550163));
#1377 = CARTESIAN_POINT('',(-5.899749261753E-02,1.153310134414,
    -0.105396550163));
#1378 = CARTESIAN_POINT('',(-5.851090433168E-02,1.153101711544,
    -0.105396550163));
#1379 = CARTESIAN_POINT('',(-5.809634636718E-02,1.152886616153,
    -0.105396550163));
#1380 = CARTESIAN_POINT('',(-5.775425232541E-02,1.152665056474,
    -0.105396550163));
#1381 = CARTESIAN_POINT('',(-5.748482411727E-02,1.152436734658,
    -0.105396550163));
#1382 = CARTESIAN_POINT('',(-5.728845069858E-02,1.152200484388,
    -0.105396550163));
#1383 = CARTESIAN_POINT('',(-5.716727995503E-02,1.151954210713,
    -0.105396550163));
#1384 = CARTESIAN_POINT('',(-5.712665628143E-02,1.1517,-0.105396550163)
  );
#1385 = CARTESIAN_POINT('',(-5.716727995503E-02,1.151445789287,
    -0.105396550163));
#1386 = CARTESIAN_POINT('',(-5.728845069858E-02,1.151199515612,
    -0.105396550163));
#1387 = CARTESIAN_POINT('',(-5.748482411727E-02,1.150963265342,
    -0.105396550163));
#1388 = CARTESIAN_POINT('',(-5.775425232541E-02,1.150734943526,
    -0.105396550163));
#1389 = CARTESIAN_POINT('',(-5.809634636718E-02,1.150513383847,
    -0.105396550163));
#1390 = CARTESIAN_POINT('',(-5.851090433168E-02,1.150298288456,
    -0.105396550163));
#1391 = CARTESIAN_POINT('',(-5.899749261753E-02,1.150089865586,
    -0.105396550163));
#1392 = CARTESIAN_POINT('',(-5.955538911584E-02,1.149888548463,
    -0.105396550163));
#1393 = CARTESIAN_POINT('',(-6.018362238473E-02,1.14969487528,
    -0.105396550163));
#1394 = CARTESIAN_POINT('',(-6.088100868922E-02,1.14950942902,
    -0.105396550163));
#1395 = CARTESIAN_POINT('',(-6.16461795557E-02,1.149332807947,
    -0.105396550163));
#1396 = CARTESIAN_POINT('',(-6.247759999835E-02,1.149165606758,
    -0.105396550163));
#1397 = CARTESIAN_POINT('',(-6.337358119063E-02,1.149008402617,
    -0.105396550163));
#1398 = CARTESIAN_POINT('',(-6.433228976052E-02,1.148861743221,
    -0.105396550163));
#1399 = CARTESIAN_POINT('',(-6.535175521045E-02,1.148726136096,
    -0.105396550163));
#1400 = CARTESIAN_POINT('',(-6.642987630176E-02,1.148602038896,
    -0.105396550163));
#1401 = CARTESIAN_POINT('',(-6.75644269074E-02,1.148489850755,
    -0.105396550163));
#1402 = CARTESIAN_POINT('',(-6.875306162292E-02,1.148389904815,
    -0.105396550163));
#1403 = CARTESIAN_POINT('',(-6.999332130701E-02,1.148302462078,
    -0.105396550163));
#1404 = CARTESIAN_POINT('',(-7.128263865124E-02,1.148227706684,
    -0.105396550163));
#1405 = CARTESIAN_POINT('',(-7.261834383653E-02,1.148165742706,
    -0.105396550163));
#1406 = CARTESIAN_POINT('',(-7.39976703083E-02,1.148116592483,
    -0.105396550163));
#1407 = CARTESIAN_POINT('',(-7.541776068635E-02,1.148080196498,
    -0.105396550163));
#1408 = CARTESIAN_POINT('',(-7.687567281549E-02,1.148056414733,
    -0.105396550163));
#1409 = CARTESIAN_POINT('',(-7.836838595689E-02,1.148045029429,
    -0.105396550163));
#1410 = CARTESIAN_POINT('',(-7.989280711575E-02,1.148045749102,
    -0.105396550163));
#1411 = CARTESIAN_POINT('',(-8.144577749838E-02,1.148058213676,
    -0.105396550163));
#1412 = CARTESIAN_POINT('',(-8.302407908992E-02,1.148082000545,
    -0.105396550163));
#1413 = CARTESIAN_POINT('',(-8.462444134262E-02,1.14811663136,
    -0.105396550163));
#1414 = CARTESIAN_POINT('',(-8.624354796373E-02,1.148161579331,
    -0.105396550163));
#1415 = CARTESIAN_POINT('',(-8.787804379149E-02,1.148216276828,
    -0.105396550163));
#1416 = CARTESIAN_POINT('',(-8.952454174674E-02,1.14828012308,
    -0.105396550163));
#1417 = CARTESIAN_POINT('',(-9.117962984774E-02,1.148352491733,
    -0.105396550163));
#1418 = CARTESIAN_POINT('',(-9.283987827497E-02,1.148432738122,
    -0.105396550163));
#1419 = CARTESIAN_POINT('',(-9.450184647235E-02,1.14852020605,
    -0.105396550163));
#1420 = CARTESIAN_POINT('',(-9.616209027126E-02,1.148614233951,
    -0.105396550163));
#1421 = CARTESIAN_POINT('',(-9.781716902306E-02,1.148714160315,
    -0.105396550163));
#1422 = CARTESIAN_POINT('',(-9.946365272593E-02,1.148819328293,
    -0.105396550163));
#1423 = CARTESIAN_POINT('',(-0.101098129131,1.148929089425,
    -0.105396550163));
#1424 = CARTESIAN_POINT('',(-0.102717210816,1.14904280649,
    -0.105396550163));
#1425 = CARTESIAN_POINT('',(-0.104317542203,1.149159855471,
    -0.105396550163));
#1426 = CARTESIAN_POINT('',(-0.105895806521,1.149279626701,
    -0.105396550163));
#1427 = CARTESIAN_POINT('',(-0.107448732681,1.149401525252,
    -0.105396550163));
#1428 = CARTESIAN_POINT('',(-0.108973102064,1.149524970676,
    -0.105396550163));
#1429 = CARTESIAN_POINT('',(-0.110465755196,1.149649396206,
    -0.105396550163));
#1430 = CARTESIAN_POINT('',(-0.111923598306,1.149774247558,
    -0.105396550163));
#1431 = CARTESIAN_POINT('',(-0.113343609742,1.14989898148,
    -0.105396550163));
#1432 = CARTESIAN_POINT('',(-0.114722846248,1.150023064183,
    -0.105396550163));
#1433 = CARTESIAN_POINT('',(-0.116058449066,1.150145969813,
    -0.105396550163));
#1434 = CARTESIAN_POINT('',(-0.117347649873,1.150267179096,
    -0.105396550163));
#1435 = CARTESIAN_POINT('',(-0.118587776522,1.150386178277,
    -0.105396550163));
#1436 = CARTESIAN_POINT('',(-0.119776258591,1.150502458474,
    -0.105396550163));
#1437 = CARTESIAN_POINT('',(-0.120910632714,1.150615515522,
    -0.105396550163));
#1438 = CARTESIAN_POINT('',(-0.121988547694,1.150724850382,
    -0.105396550163));
#1439 = CARTESIAN_POINT('',(-0.123007769377,1.15082997015,
    -0.105396550163));
#1440 = CARTESIAN_POINT('',(-0.123966185286,1.15093038967,
    -0.105396550163));
#1441 = CARTESIAN_POINT('',(-0.124861809004,1.151025633752,
    -0.105396550163));
#1442 = CARTESIAN_POINT('',(-0.125692784285,1.151115239939,
    -0.105396550163));
#1443 = CARTESIAN_POINT('',(-0.126457388905,1.151198761767,
    -0.105396550163));
#1444 = CARTESIAN_POINT('',(-0.127154038225,1.15127577242,
    -0.105396550163));
#1445 = CARTESIAN_POINT('',(-0.127781288471,1.151345868685,
    -0.105396550163));
#1446 = CARTESIAN_POINT('',(-0.128337839724,1.151408675084,
    -0.105396550163));
#1447 = CARTESIAN_POINT('',(-0.128822538604,1.15146384805,
    -0.105396550163));
#1448 = CARTESIAN_POINT('',(-0.129234380655,1.151511080016,
    -0.105396550163));
#1449 = CARTESIAN_POINT('',(-0.129572512419,1.151550103291,
    -0.105396550163));
#1450 = CARTESIAN_POINT('',(-0.129836233199,1.151580693581,
    -0.105396550163));
#1451 = CARTESIAN_POINT('',(-0.130024996504,1.151602673048,
    -0.105396550163));
#1452 = CARTESIAN_POINT('',(-0.130138411176,1.151615912811,
    -0.105396550163));
#1453 = CARTESIAN_POINT('',(-0.130188861475,1.15162180982,
    -0.105396550163));
#1454 = CARTESIAN_POINT('',(-0.130201480697,1.151623285322,
    -0.105396550163));
#1455 = PCURVE('',#660,#1456);
#1456 = DEFINITIONAL_REPRESENTATION('',(#1457),#1460);
#1457 = B_SPLINE_CURVE_WITH_KNOTS('',1,(#1458,#1459),.UNSPECIFIED.,.F.,
  .F.,(2,2),(0.,0.148239017379),.PIECEWISE_BEZIER_KNOTS.);
#1458 = CARTESIAN_POINT('',(0.,0.));
#1459 = CARTESIAN_POINT('',(0.21364258061,0.));
#1460 = ( GEOMETRIC_REPRESENTATION_CONTEXT(2) 
PARAMETRIC_REPRESENTATION_CONTEXT() REPRESENTATION_CONTEXT('2D SPACE',''
  ) );
#1461 = PCURVE('',#545,#1462);
#1462 = DEFINITIONAL_REPRESENTATION('',(#1463),#1605);
#1463 = B_SPLINE_CURVE_WITH_KNOTS('',3,(#1464,#1465,#1466,#1467,#1468,
    #1469,#1470,#1471,#1472,#1473,#1474,#1475,#1476,#1477,#1478,#1479,
    #1480,#1481,#1482,#1483,#1484,#1485,#1486,#1487,#1488,#1489,#1490,
    #1491,#1492,#1493,#1494,#1495,#1496,#1497,#1498,#1499,#1500,#1501,
    #1502,#1503,#1504,#1505,#1506,#1507,#1508,#1509,#1510,#1511,#1512,
    #1513,#1514,#1515,#1516,#1517,#1518,#1519,#1520,#1521,#1522,#1523,
    #1524,#1525,#1526,#1527,#1528,#1529,#1530,#1531,#1532,#1533,#1534,
    #1535,#1536,#1537,#1538,#1539,#1540,#1541,#1542,#1543,#1544,#1545,
    #1546,#1547,#1548,#1549,#1550,#1551,#1552,#1553,#1554,#1555,#1556,
    #1557,#1558,#1559,#1560,#1561,#1562,#1563,#1564,#1565,#1566,#1567,
    #1568,#1569,#1570,#1571,#1572,#1573,#1574,#1575,#1576,#1577,#1578,
    #1579,#1580,#1581,#1582,#1583,#1584,#1585,#1586,#1587,#1588,#1589,
    #1590,#1591,#1592,#1593,#1594,#1595,#1596,#1597,#1598,#1599,#1600,
    #1601,#1602,#1603,#1604),.UNSPECIFIED.,.F.,.F.,(4,1,1,1,1,1,1,1,1,1,
    1,1,1,1,1,1,1,1,1,1,1,1,1,1,1,1,1,1,1,1,1,1,1,1,1,1,1,1,1,1,1,1,1,1,
    1,1,1,1,1,1,1,1,1,1,1,1,1,1,1,1,1,1,1,1,1,1,1,1,1,1,1,1,1,1,1,1,1,1,
    1,1,1,1,1,1,1,1,1,1,1,1,1,1,1,1,1,1,1,1,1,1,1,1,1,1,1,1,1,1,1,1,1,1,
    1,1,1,1,1,1,1,1,1,1,1,1,1,1,1,1,1,1,1,1,1,1,1,1,1,1,4),(0.,
    3.81155721993E-05,1.523813169331E-04,3.425545367428E-04,
    6.082314602287E-04,9.48848319116E-04,1.363682837679E-03,
    1.851856117171E-03,2.412334894457E-03,3.04393415157E-03,
    3.745320051522E-03,4.515013175329E-03,5.351392035883E-03,
    6.252696845863E-03,7.217033519153E-03,8.242377888086E-03,
    9.326580122035E-03,1.046736933622E-02,1.166235838294E-02,
    1.290904882064E-02,1.420483605901E-02,1.554701468083E-02,
    1.693278394327E-02,1.835925346286E-02,1.982344908924E-02,
    2.132231897338E-02,2.285273983547E-02,2.441152343738E-02,
    2.599542326275E-02,2.760114140614E-02,2.922533566959E-02,
    3.086462686193E-02,3.251560629175E-02,3.417484344064E-02,
    3.583889379799E-02,3.750430683302E-02,3.916763407469E-02,
    4.08254372643E-02,4.247429654137E-02,4.411081861956E-02,
    4.573164490743E-02,4.733345952847E-02,4.891299719735E-02,
    5.046705091403E-02,5.199247944581E-02,5.348621457896E-02,
    5.494526813694E-02,5.636673878198E-02,5.774781864091E-02,
    5.90857998258E-02,6.037808095655E-02,6.162217383821E-02,
    6.281571050473E-02,6.395645091977E-02,6.504229173521E-02,
    6.607127666809E-02,6.704160929817E-02,6.79516694654E-02,
    6.880003505381E-02,6.958551195313E-02,7.030717670233E-02,
    7.096443931557E-02,7.155713917776E-02,7.208569678577E-02,
    7.255136241801E-02,7.295663575635E-02,7.330598206157E-02,
    7.360700920252E-02,7.387209412841E-02,7.411950868973E-02,
    7.436692325106E-02,7.463200817695E-02,7.49330353179E-02,
    7.528238162312E-02,7.568765496146E-02,7.61533205937E-02,
    7.668187820171E-02,7.72745780639E-02,7.793184067714E-02,
    7.865350542634E-02,7.943898232566E-02,8.028734791407E-02,
    8.11974080813E-02,8.216774071138E-02,8.319672564426E-02,
    8.42825664597E-02,8.542330687474E-02,8.661684354126E-02,
    8.786093642292E-02,8.915321755367E-02,9.049119873856E-02,
    9.187227859749E-02,9.329374924253E-02,9.475280280051E-02,
    9.624653793366E-02,9.777196646544E-02,9.932602018212E-02,
    0.100905557851,0.102507372472,0.10412819876,0.105764720838,
    0.107413580115,0.109071383305,0.110734710546,0.112400123581,
    0.114064173939,0.115723411088,0.117374390518,0.11901368171,
    0.120637875973,0.122243594117,0.123827493942,0.125386277544,
    0.126916698406,0.12841556829,0.129879763917,0.131306233436,
    0.132692002699,0.13403418132,0.135329968559,0.136576658997,
    0.137771648043,0.138912437257,0.139996639491,0.14102198386,
    0.141986320534,0.142887625344,0.143724004204,0.144493697328,
    0.145195083228,0.145826682485,0.146387161262,0.146875334542,
    0.14729016906,0.147630785919,0.147896462843,0.148086636063,
    0.148200901807,0.148239017379),.UNSPECIFIED.);
#1464 = CARTESIAN_POINT('',(0.,0.));
#1465 = CARTESIAN_POINT('',(1.261766576299E-05,-1.488751890655E-06));
#1466 = CARTESIAN_POINT('',(6.306174443824E-05,-7.438729775489E-06));
#1467 = CARTESIAN_POINT('',(1.764624522947E-04,-2.079757072271E-05));
#1468 = CARTESIAN_POINT('',(3.652025746969E-04,-4.297522750929E-05));
#1469 = CARTESIAN_POINT('',(6.288910895499E-04,-7.384240657093E-05));
#1470 = CARTESIAN_POINT('',(9.669816928112E-04,-1.13220698275E-04));
#1471 = CARTESIAN_POINT('',(1.378773923118E-03,-1.608850725598E-04));
#1472 = CARTESIAN_POINT('',(1.863414604438E-03,-2.165669411744E-04));
#1473 = CARTESIAN_POINT('',(2.419899604237E-03,-2.799576840862E-04));
#1474 = CARTESIAN_POINT('',(3.047075904023E-03,-3.507125230335E-04));
#1475 = CARTESIAN_POINT('',(3.743643978511E-03,-4.284546148186E-04));
#1476 = CARTESIAN_POINT('',(4.508160478956E-03,-5.127792313953E-04));
#1477 = CARTESIAN_POINT('',(5.33904121557E-03,-6.032578932293E-04));
#1478 = CARTESIAN_POINT('',(6.234564433222E-03,-6.994423269036E-04));
#1479 = CARTESIAN_POINT('',(7.192874373947E-03,-8.008681273743E-04));
#1480 = CARTESIAN_POINT('',(8.211985119091E-03,-9.070580192798E-04));
#1481 = CARTESIAN_POINT('',(9.289784703264E-03,-1.017524629866E-03));
#1482 = CARTESIAN_POINT('',(1.042403949161E-02,-1.131772707709E-03));
#1483 = CARTESIAN_POINT('',(1.161239881131E-02,-1.249300745761E-03));
#1484 = CARTESIAN_POINT('',(1.285239982751E-02,-1.369601993438E-03));
#1485 = CARTESIAN_POINT('',(1.414147265358E-02,-1.49216486948E-03));
#1486 = CARTESIAN_POINT('',(1.547694568471E-02,-1.616472814306E-03));
#1487 = CARTESIAN_POINT('',(1.685605114366E-02,-1.742003646361E-03));
#1488 = CARTESIAN_POINT('',(1.827593082686E-02,-1.868228510685E-03));
#1489 = CARTESIAN_POINT('',(1.973364203867E-02,-1.994610528643E-03));
#1490 = CARTESIAN_POINT('',(2.12261637011E-02,-2.120603274562E-03));
#1491 = CARTESIAN_POINT('',(2.27504026261E-02,-2.24564921743E-03));
#1492 = CARTESIAN_POINT('',(2.430319993696E-02,-2.369178272955E-03));
#1493 = CARTESIAN_POINT('',(2.588133762519E-02,-2.490606613152E-03));
#1494 = CARTESIAN_POINT('',(2.748154522884E-02,-2.609335876712E-03));
#1495 = CARTESIAN_POINT('',(2.910050661805E-02,-2.724752913951E-03));
#1496 = CARTESIAN_POINT('',(3.07348668734E-02,-2.8362301852E-03));
#1497 = CARTESIAN_POINT('',(3.238123924233E-02,-2.943126911547E-03));
#1498 = CARTESIAN_POINT('',(3.403621215914E-02,-3.044791052463E-03));
#1499 = CARTESIAN_POINT('',(3.56963563136E-02,-3.140562156725E-03));
#1500 = CARTESIAN_POINT('',(3.735823175355E-02,-3.229775102142E-03));
#1501 = CARTESIAN_POINT('',(3.90183950069E-02,-3.311764706894E-03));
#1502 = CARTESIAN_POINT('',(4.06734062085E-02,-3.385871161783E-03));
#1503 = CARTESIAN_POINT('',(4.231983621758E-02,-3.451446199716E-03));
#1504 = CARTESIAN_POINT('',(4.395427371198E-02,-3.507859887161E-03));
#1505 = CARTESIAN_POINT('',(4.557333224523E-02,-3.554507893484E-03));
#1506 = CARTESIAN_POINT('',(4.717365725338E-02,-3.590819068896E-03));
#1507 = CARTESIAN_POINT('',(4.875193299869E-02,-3.616263141208E-03));
#1508 = CARTESIAN_POINT('',(5.030488943745E-02,-3.630358326491E-03));
#1509 = CARTESIAN_POINT('',(5.182930900032E-02,-3.632678639815E-03));
#1510 = CARTESIAN_POINT('',(5.332203327343E-02,-3.622860689819E-03));
#1511 = CARTESIAN_POINT('',(5.477996956973E-02,-3.600609745383E-03));
#1512 = CARTESIAN_POINT('',(5.620009738072E-02,-3.565704874086E-03));
#1513 = CARTESIAN_POINT('',(5.757947469984E-02,-3.518002970377E-03));
#1514 = CARTESIAN_POINT('',(5.891524421096E-02,-3.457441516045E-03));
#1515 = CARTESIAN_POINT('',(6.020463933758E-02,-3.384039946128E-03));
#1516 = CARTESIAN_POINT('',(6.14449901528E-02,-3.297899529118E-03));
#1517 = CARTESIAN_POINT('',(6.263372915626E-02,-3.19920171009E-03));
#1518 = CARTESIAN_POINT('',(6.376839693397E-02,-3.088204908136E-03));
#1519 = CARTESIAN_POINT('',(6.484664773296E-02,-2.965239803338E-03));
#1520 = CARTESIAN_POINT('',(6.586625500831E-02,-2.83070319123E-03));
#1521 = CARTESIAN_POINT('',(6.682511704199E-02,-2.685050519402E-03));
#1522 = CARTESIAN_POINT('',(6.772126280462E-02,-2.528787244914E-03));
#1523 = CARTESIAN_POINT('',(6.85528583501E-02,-2.362459138789E-03));
#1524 = CARTESIAN_POINT('',(6.931821424681E-02,-2.186641592581E-03));
#1525 = CARTESIAN_POINT('',(7.001579488533E-02,-2.001927689496E-03));
#1526 = CARTESIAN_POINT('',(7.064423116463E-02,-1.808914258337E-03));
#1527 = CARTESIAN_POINT('',(7.120233873827E-02,-1.60818303656E-03));
#1528 = CARTESIAN_POINT('',(7.168914559978E-02,-1.400271199619E-03));
#1529 = CARTESIAN_POINT('',(7.210392918579E-02,-1.185611212821E-03));
#1530 = CARTESIAN_POINT('',(7.244625567651E-02,-9.644108544469E-04));
#1531 = CARTESIAN_POINT('',(7.27159234739E-02,-7.363720632723E-04));
#1532 = CARTESIAN_POINT('',(7.291254484699E-02,-5.003281159286E-04));
#1533 = CARTESIAN_POINT('',(7.303397411096E-02,-2.541818056581E-04));
#1534 = CARTESIAN_POINT('',(7.307486468327E-02,-1.388765857868E-08));
#1535 = CARTESIAN_POINT('',(7.303450795316E-02,2.54239340008E-04));
#1536 = CARTESIAN_POINT('',(7.291359586362E-02,5.006401086998E-04));
#1537 = CARTESIAN_POINT('',(7.271747061583E-02,7.37096439996E-04));
#1538 = CARTESIAN_POINT('',(7.244828229399E-02,9.65701030095E-04));
#1539 = CARTESIAN_POINT('',(7.210642107834E-02,1.18761978556E-03));
#1540 = CARTESIAN_POINT('',(7.16920891924E-02,1.403150343604E-03));
#1541 = CARTESIAN_POINT('',(7.120572001867E-02,1.612084015383E-03));
#1542 = CARTESIAN_POINT('',(7.064803521076E-02,1.81398681916E-03));
#1543 = CARTESIAN_POINT('',(7.002000564492E-02,2.008319539457E-03));
#1544 = CARTESIAN_POINT('',(6.932281444333E-02,2.194497952974E-03));
#1545 = CARTESIAN_POINT('',(6.855782945067E-02,2.371922357115E-03));
#1546 = CARTESIAN_POINT('',(6.772658502749E-02,2.539996445208E-03));
#1547 = CARTESIAN_POINT('',(6.683076939338E-02,2.698141279162E-03));
#1548 = CARTESIAN_POINT('',(6.587221534426E-02,2.845807237878E-03));
#1549 = CARTESIAN_POINT('',(6.485289284371E-02,2.98248472625E-03));
#1550 = CARTESIAN_POINT('',(6.37749026487E-02,3.107713884092E-03));
#1551 = CARTESIAN_POINT('',(6.264047046596E-02,3.221093241004E-03));
#1552 = CARTESIAN_POINT('',(6.145194134886E-02,3.322287191558E-03));
#1553 = CARTESIAN_POINT('',(6.021177416328E-02,3.41103215247E-03));
#1554 = CARTESIAN_POINT('',(5.892253602291E-02,3.487141287317E-03));
#1555 = CARTESIAN_POINT('',(5.758689663607E-02,3.550507720992E-03));
#1556 = CARTESIAN_POINT('',(5.620762253236E-02,3.601106208694E-03));
#1557 = CARTESIAN_POINT('',(5.47875711529E-02,3.638993268142E-03));
#1558 = CARTESIAN_POINT('',(5.332968479827E-02,3.664305826361E-03));
#1559 = CARTESIAN_POINT('',(5.183698443429E-02,3.677258472226E-03));
#1560 = CARTESIAN_POINT('',(5.031256336011E-02,3.678139441571E-03));
#1561 = CARTESIAN_POINT('',(4.875958074575E-02,3.667305492294E-03));
#1562 = CARTESIAN_POINT('',(4.718125504805E-02,3.645175851497E-03));
#1563 = CARTESIAN_POINT('',(4.558085731522E-02,3.612225434963E-03));
#1564 = CARTESIAN_POINT('',(4.396170439129E-02,3.568977550671E-03));
#1565 = CARTESIAN_POINT('',(4.232715203221E-02,3.515996302571E-03));
#1566 = CARTESIAN_POINT('',(4.068058794607E-02,3.453878908438E-03));
#1567 = CARTESIAN_POINT('',(3.902542477039E-02,3.383248136645E-03));
#1568 = CARTESIAN_POINT('',(3.736509299971E-02,3.304745051669E-03));
#1569 = CARTESIAN_POINT('',(3.570303387721E-02,3.219022237542E-03));
#1570 = CARTESIAN_POINT('',(3.404269226427E-02,3.126737643337E-03));
#1571 = CARTESIAN_POINT('',(3.238750950221E-02,3.028549165883E-03));
#1572 = CARTESIAN_POINT('',(3.074091628065E-02,2.925110053406E-03));
#1573 = CARTESIAN_POINT('',(2.910632552705E-02,2.817065180716E-03));
#1574 = CARTESIAN_POINT('',(2.748712533213E-02,2.705048213141E-03));
#1575 = CARTESIAN_POINT('',(2.588667192575E-02,2.589679643641E-03));
#1576 = CARTESIAN_POINT('',(2.430828271808E-02,2.471565656685E-03));
#1577 = CARTESIAN_POINT('',(2.275522942041E-02,2.351297744299E-03));
#1578 = CARTESIAN_POINT('',(2.123073126016E-02,2.22945297537E-03));
#1579 = CARTESIAN_POINT('',(1.973794830427E-02,2.1065947993E-03));
#1580 = CARTESIAN_POINT('',(1.827997490476E-02,1.983274250185E-03));
#1581 = CARTESIAN_POINT('',(1.685983328046E-02,1.860031408233E-03));
#1582 = CARTESIAN_POINT('',(1.548046724798E-02,1.737396971244E-03));
#1583 = CARTESIAN_POINT('',(1.414473611517E-02,1.615893790791E-03));
#1584 = CARTESIAN_POINT('',(1.285540874975E-02,1.496038234949E-03));
#1585 = CARTESIAN_POINT('',(1.161515783541E-02,1.3783412518E-03));
#1586 = CARTESIAN_POINT('',(1.042655432743E-02,1.263309024716E-03));
#1587 = CARTESIAN_POINT('',(9.292062119413E-03,1.15144313122E-03));
#1588 = CARTESIAN_POINT('',(8.214032932159E-03,1.043240140844E-03));
#1589 = CARTESIAN_POINT('',(7.194701435625E-03,9.391906132912E-04));
#1590 = CARTESIAN_POINT('',(6.236180614025E-03,8.397774851212E-04));
#1591 = CARTESIAN_POINT('',(5.340457383911E-03,7.454738602177E-04));
#1592 = CARTESIAN_POINT('',(4.509388474407E-03,6.56740245512E-04));
#1593 = CARTESIAN_POINT('',(3.74469657822E-03,5.740212977512E-04));
#1594 = CARTESIAN_POINT('',(3.04796678145E-03,4.977421687311E-04));
#1595 = CARTESIAN_POINT('',(2.420643279587E-03,4.283045545757E-04));
#1596 = CARTESIAN_POINT('',(1.864026386424E-03,3.660825686518E-04));
#1597 = CARTESIAN_POINT('',(1.37926984194E-03,3.11418567124E-04));
#1598 = CARTESIAN_POINT('',(9.673784245581E-04,2.646190606692E-04));
#1599 = CARTESIAN_POINT('',(6.292058724643E-04,2.25950845278E-04));
#1600 = CARTESIAN_POINT('',(3.654531180393E-04,1.956374795491E-04));
#1601 = CARTESIAN_POINT('',(1.766668387808E-04,1.738562254845E-04));
#1602 = CARTESIAN_POINT('',(6.323832743749E-05,1.607355552173E-04));
#1603 = CARTESIAN_POINT('',(1.278186505152E-05,1.548915229008E-04));
#1604 = CARTESIAN_POINT('',(1.611007349467E-07,1.534292713616E-04));
#1605 = ( GEOMETRIC_REPRESENTATION_CONTEXT(2) 
PARAMETRIC_REPRESENTATION_CONTEXT() REPRESENTATION_CONTEXT('2D SPACE',''
  ) );
#1606 = ORIENTED_EDGE('',*,*,#1035,.T.);
#1607 = ORIENTED_EDGE('',*,*,#560,.T.);
#1608 = ORIENTED_EDGE('',*,*,#1609,.T.);
#1609 = EDGE_CURVE('',#524,#1610,#1612,.T.);
#1610 = VERTEX_POINT('',#1611);
#1611 = CARTESIAN_POINT('',(-0.130201480697,1.151623285322,
    -0.105396550163));
#1612 = SURFACE_CURVE('',#1613,(#1755,#1761),.PCURVE_S1.);
#1613 = B_SPLINE_CURVE_WITH_KNOTS('',3,(#1614,#1615,#1616,#1617,#1618,
    #1619,#1620,#1621,#1622,#1623,#1624,#1625,#1626,#1627,#1628,#1629,
    #1630,#1631,#1632,#1633,#1634,#1635,#1636,#1637,#1638,#1639,#1640,
    #1641,#1642,#1643,#1644,#1645,#1646,#1647,#1648,#1649,#1650,#1651,
    #1652,#1653,#1654,#1655,#1656,#1657,#1658,#1659,#1660,#1661,#1662,
    #1663,#1664,#1665,#1666,#1667,#1668,#1669,#1670,#1671,#1672,#1673,
    #1674,#1675,#1676,#1677,#1678,#1679,#1680,#1681,#1682,#1683,#1684,
    #1685,#1686,#1687,#1688,#1689,#1690,#1691,#1692,#1693,#1694,#1695,
    #1696,#1697,#1698,#1699,#1700,#1701,#1702,#1703,#1704,#1705,#1706,
    #1707,#1708,#1709,#1710,#1711,#1712,#1713,#1714,#1715,#1716,#1717,
    #1718,#1719,#1720,#1721,#1722,#1723,#1724,#1725,#1726,#1727,#1728,
    #1729,#1730,#1731,#1732,#1733,#1734,#1735,#1736,#1737,#1738,#1739,
    #1740,#1741,#1742,#1743,#1744,#1745,#1746,#1747,#1748,#1749,#1750,
    #1751,#1752,#1753,#1754),.UNSPECIFIED.,.F.,.F.,(4,1,1,1,1,1,1,1,1,1,
    1,1,1,1,1,1,1,1,1,1,1,1,1,1,1,1,1,1,1,1,1,1,1,1,1,1,1,1,1,1,1,1,1,1,
    1,1,1,1,1,1,1,1,1,1,1,1,1,1,1,1,1,1,1,1,1,1,1,1,1,1,1,1,1,1,1,1,1,1,
    1,1,1,1,1,1,1,1,1,1,1,1,1,1,1,1,1,1,1,1,1,1,1,1,1,1,1,1,1,1,1,1,1,1,
    1,1,1,1,1,1,1,1,1,1,1,1,1,1,1,1,1,1,1,1,1,1,1,1,1,1,4),(0.,
    3.81155721993E-05,1.523813169331E-04,3.425545367428E-04,
    6.082314602287E-04,9.48848319116E-04,1.363682837679E-03,
    1.851856117171E-03,2.412334894457E-03,3.04393415157E-03,
    3.745320051522E-03,4.515013175329E-03,5.351392035883E-03,
    6.252696845863E-03,7.217033519153E-03,8.242377888086E-03,
    9.326580122035E-03,1.046736933622E-02,1.166235838294E-02,
    1.290904882064E-02,1.420483605901E-02,1.554701468083E-02,
    1.693278394327E-02,1.835925346286E-02,1.982344908924E-02,
    2.132231897338E-02,2.285273983547E-02,2.441152343738E-02,
    2.599542326275E-02,2.760114140614E-02,2.922533566959E-02,
    3.086462686193E-02,3.251560629175E-02,3.417484344064E-02,
    3.583889379799E-02,3.750430683302E-02,3.916763407469E-02,
    4.08254372643E-02,4.247429654137E-02,4.411081861956E-02,
    4.573164490743E-02,4.733345952847E-02,4.891299719735E-02,
    5.046705091403E-02,5.199247944581E-02,5.348621457896E-02,
    5.494526813694E-02,5.636673878198E-02,5.774781864091E-02,
    5.90857998258E-02,6.037808095655E-02,6.162217383821E-02,
    6.281571050473E-02,6.395645091977E-02,6.504229173521E-02,
    6.607127666809E-02,6.704160929817E-02,6.79516694654E-02,
    6.880003505381E-02,6.958551195313E-02,7.030717670233E-02,
    7.096443931557E-02,7.155713917776E-02,7.208569678577E-02,
    7.255136241801E-02,7.295663575635E-02,7.330598206157E-02,
    7.360700920252E-02,7.387209412841E-02,7.411950868973E-02,
    7.436692325106E-02,7.463200817695E-02,7.49330353179E-02,
    7.528238162312E-02,7.568765496146E-02,7.61533205937E-02,
    7.668187820171E-02,7.72745780639E-02,7.793184067714E-02,
    7.865350542634E-02,7.943898232566E-02,8.028734791407E-02,
    8.11974080813E-02,8.216774071138E-02,8.319672564426E-02,
    8.42825664597E-02,8.542330687474E-02,8.661684354126E-02,
    8.786093642292E-02,8.915321755367E-02,9.049119873856E-02,
    9.187227859749E-02,9.329374924253E-02,9.475280280051E-02,
    9.624653793366E-02,9.777196646544E-02,9.932602018212E-02,
    0.100905557851,0.102507372472,0.10412819876,0.105764720838,
    0.107413580115,0.109071383305,0.110734710546,0.112400123581,
    0.114064173939,0.115723411088,0.117374390518,0.11901368171,
    0.120637875973,0.122243594117,0.123827493942,0.125386277544,
    0.126916698406,0.12841556829,0.129879763917,0.131306233436,
    0.132692002699,0.13403418132,0.135329968559,0.136576658997,
    0.137771648043,0.138912437257,0.139996639491,0.14102198386,
    0.141986320534,0.142887625344,0.143724004204,0.144493697328,
    0.145195083228,0.145826682485,0.146387161262,0.146875334542,
    0.14729016906,0.147630785919,0.147896462843,0.148086636063,
    0.148200901807,0.148239017379),.UNSPECIFIED.);
#1614 = CARTESIAN_POINT('',(-0.130201480697,1.151776714678,
    -0.105396550163));
#1615 = CARTESIAN_POINT('',(-0.130188861475,1.15177819018,
    -0.105396550163));
#1616 = CARTESIAN_POINT('',(-0.130138411176,1.151784087189,
    -0.105396550163));
#1617 = CARTESIAN_POINT('',(-0.130024996504,1.151797326952,
    -0.105396550163));
#1618 = CARTESIAN_POINT('',(-0.129836233199,1.151819306419,
    -0.105396550163));
#1619 = CARTESIAN_POINT('',(-0.129572512419,1.151849896709,
    -0.105396550163));
#1620 = CARTESIAN_POINT('',(-0.129234380655,1.151888919984,
    -0.105396550163));
#1621 = CARTESIAN_POINT('',(-0.128822538604,1.15193615195,
    -0.105396550163));
#1622 = CARTESIAN_POINT('',(-0.128337839724,1.151991324916,
    -0.105396550163));
#1623 = CARTESIAN_POINT('',(-0.127781288471,1.152054131315,
    -0.105396550163));
#1624 = CARTESIAN_POINT('',(-0.127154038225,1.15212422758,
    -0.105396550163));
#1625 = CARTESIAN_POINT('',(-0.126457388905,1.152201238233,
    -0.105396550163));
#1626 = CARTESIAN_POINT('',(-0.125692784285,1.152284760061,
    -0.105396550163));
#1627 = CARTESIAN_POINT('',(-0.124861809004,1.152374366248,
    -0.105396550163));
#1628 = CARTESIAN_POINT('',(-0.123966185286,1.15246961033,
    -0.105396550163));
#1629 = CARTESIAN_POINT('',(-0.123007769377,1.15257002985,
    -0.105396550163));
#1630 = CARTESIAN_POINT('',(-0.121988547694,1.152675149618,
    -0.105396550163));
#1631 = CARTESIAN_POINT('',(-0.120910632714,1.152784484478,
    -0.105396550163));
#1632 = CARTESIAN_POINT('',(-0.119776258591,1.152897541526,
    -0.105396550163));
#1633 = CARTESIAN_POINT('',(-0.118587776522,1.153013821723,
    -0.105396550163));
#1634 = CARTESIAN_POINT('',(-0.117347649873,1.153132820904,
    -0.105396550163));
#1635 = CARTESIAN_POINT('',(-0.116058449066,1.153254030187,
    -0.105396550163));
#1636 = CARTESIAN_POINT('',(-0.114722846248,1.153376935817,
    -0.105396550163));
#1637 = CARTESIAN_POINT('',(-0.113343609742,1.15350101852,
    -0.105396550163));
#1638 = CARTESIAN_POINT('',(-0.111923598306,1.153625752442,
    -0.105396550163));
#1639 = CARTESIAN_POINT('',(-0.110465755196,1.153750603794,
    -0.105396550163));
#1640 = CARTESIAN_POINT('',(-0.108973102064,1.153875029324,
    -0.105396550163));
#1641 = CARTESIAN_POINT('',(-0.107448732681,1.153998474748,
    -0.105396550163));
#1642 = CARTESIAN_POINT('',(-0.105895806521,1.154120373299,
    -0.105396550163));
#1643 = CARTESIAN_POINT('',(-0.104317542203,1.154240144529,
    -0.105396550163));
#1644 = CARTESIAN_POINT('',(-0.102717210816,1.15435719351,
    -0.105396550163));
#1645 = CARTESIAN_POINT('',(-0.101098129131,1.154470910575,
    -0.105396550163));
#1646 = CARTESIAN_POINT('',(-9.946365272593E-02,1.154580671707,
    -0.105396550163));
#1647 = CARTESIAN_POINT('',(-9.781716902306E-02,1.154685839685,
    -0.105396550163));
#1648 = CARTESIAN_POINT('',(-9.616209027126E-02,1.154785766049,
    -0.105396550163));
#1649 = CARTESIAN_POINT('',(-9.450184647235E-02,1.15487979395,
    -0.105396550163));
#1650 = CARTESIAN_POINT('',(-9.283987827497E-02,1.154967261878,
    -0.105396550163));
#1651 = CARTESIAN_POINT('',(-9.117962984774E-02,1.155047508267,
    -0.105396550163));
#1652 = CARTESIAN_POINT('',(-8.952454174674E-02,1.15511987692,
    -0.105396550163));
#1653 = CARTESIAN_POINT('',(-8.787804379149E-02,1.155183723172,
    -0.105396550163));
#1654 = CARTESIAN_POINT('',(-8.624354796373E-02,1.155238420669,
    -0.105396550163));
#1655 = CARTESIAN_POINT('',(-8.462444134262E-02,1.15528336864,
    -0.105396550163));
#1656 = CARTESIAN_POINT('',(-8.302407908992E-02,1.155317999455,
    -0.105396550163));
#1657 = CARTESIAN_POINT('',(-8.144577749838E-02,1.155341786324,
    -0.105396550163));
#1658 = CARTESIAN_POINT('',(-7.989280711575E-02,1.155354250898,
    -0.105396550163));
#1659 = CARTESIAN_POINT('',(-7.836838595689E-02,1.155354970571,
    -0.105396550163));
#1660 = CARTESIAN_POINT('',(-7.687567281549E-02,1.155343585267,
    -0.105396550163));
#1661 = CARTESIAN_POINT('',(-7.541776068635E-02,1.155319803502,
    -0.105396550163));
#1662 = CARTESIAN_POINT('',(-7.39976703083E-02,1.155283407517,
    -0.105396550163));
#1663 = CARTESIAN_POINT('',(-7.261834383653E-02,1.155234257294,
    -0.105396550163));
#1664 = CARTESIAN_POINT('',(-7.128263865124E-02,1.155172293316,
    -0.105396550163));
#1665 = CARTESIAN_POINT('',(-6.999332130701E-02,1.155097537922,
    -0.105396550163));
#1666 = CARTESIAN_POINT('',(-6.875306162292E-02,1.155010095185,
    -0.105396550163));
#1667 = CARTESIAN_POINT('',(-6.75644269074E-02,1.154910149245,
    -0.105396550163));
#1668 = CARTESIAN_POINT('',(-6.642987630176E-02,1.154797961104,
    -0.105396550163));
#1669 = CARTESIAN_POINT('',(-6.535175521045E-02,1.154673863904,
    -0.105396550163));
#1670 = CARTESIAN_POINT('',(-6.433228976052E-02,1.154538256779,
    -0.105396550163));
#1671 = CARTESIAN_POINT('',(-6.337358119063E-02,1.154391597383,
    -0.105396550163));
#1672 = CARTESIAN_POINT('',(-6.247759999835E-02,1.154234393242,
    -0.105396550163));
#1673 = CARTESIAN_POINT('',(-6.16461795557E-02,1.154067192053,
    -0.105396550163));
#1674 = CARTESIAN_POINT('',(-6.088100868922E-02,1.15389057098,
    -0.105396550163));
#1675 = CARTESIAN_POINT('',(-6.018362238473E-02,1.15370512472,
    -0.105396550163));
#1676 = CARTESIAN_POINT('',(-5.955538911584E-02,1.153511451537,
    -0.105396550163));
#1677 = CARTESIAN_POINT('',(-5.899749261753E-02,1.153310134414,
    -0.105396550163));
#1678 = CARTESIAN_POINT('',(-5.851090433168E-02,1.153101711544,
    -0.105396550163));
#1679 = CARTESIAN_POINT('',(-5.809634636718E-02,1.152886616153,
    -0.105396550163));
#1680 = CARTESIAN_POINT('',(-5.775425232541E-02,1.152665056474,
    -0.105396550163));
#1681 = CARTESIAN_POINT('',(-5.748482411727E-02,1.152436734658,
    -0.105396550163));
#1682 = CARTESIAN_POINT('',(-5.728845069858E-02,1.152200484388,
    -0.105396550163));
#1683 = CARTESIAN_POINT('',(-5.716727995503E-02,1.151954210713,
    -0.105396550163));
#1684 = CARTESIAN_POINT('',(-5.712665628143E-02,1.1517,-0.105396550163)
  );
#1685 = CARTESIAN_POINT('',(-5.716727995503E-02,1.151445789287,
    -0.105396550163));
#1686 = CARTESIAN_POINT('',(-5.728845069858E-02,1.151199515612,
    -0.105396550163));
#1687 = CARTESIAN_POINT('',(-5.748482411727E-02,1.150963265342,
    -0.105396550163));
#1688 = CARTESIAN_POINT('',(-5.775425232541E-02,1.150734943526,
    -0.105396550163));
#1689 = CARTESIAN_POINT('',(-5.809634636718E-02,1.150513383847,
    -0.105396550163));
#1690 = CARTESIAN_POINT('',(-5.851090433168E-02,1.150298288456,
    -0.105396550163));
#1691 = CARTESIAN_POINT('',(-5.899749261753E-02,1.150089865586,
    -0.105396550163));
#1692 = CARTESIAN_POINT('',(-5.955538911584E-02,1.149888548463,
    -0.105396550163));
#1693 = CARTESIAN_POINT('',(-6.018362238473E-02,1.14969487528,
    -0.105396550163));
#1694 = CARTESIAN_POINT('',(-6.088100868922E-02,1.14950942902,
    -0.105396550163));
#1695 = CARTESIAN_POINT('',(-6.16461795557E-02,1.149332807947,
    -0.105396550163));
#1696 = CARTESIAN_POINT('',(-6.247759999835E-02,1.149165606758,
    -0.105396550163));
#1697 = CARTESIAN_POINT('',(-6.337358119063E-02,1.149008402617,
    -0.105396550163));
#1698 = CARTESIAN_POINT('',(-6.433228976052E-02,1.148861743221,
    -0.105396550163));
#1699 = CARTESIAN_POINT('',(-6.535175521045E-02,1.148726136096,
    -0.105396550163));
#1700 = CARTESIAN_POINT('',(-6.642987630176E-02,1.148602038896,
    -0.105396550163));
#1701 = CARTESIAN_POINT('',(-6.75644269074E-02,1.148489850755,
    -0.105396550163));
#1702 = CARTESIAN_POINT('',(-6.875306162292E-02,1.148389904815,
    -0.105396550163));
#1703 = CARTESIAN_POINT('',(-6.999332130701E-02,1.148302462078,
    -0.105396550163));
#1704 = CARTESIAN_POINT('',(-7.128263865124E-02,1.148227706684,
    -0.105396550163));
#1705 = CARTESIAN_POINT('',(-7.261834383653E-02,1.148165742706,
    -0.105396550163));
#1706 = CARTESIAN_POINT('',(-7.39976703083E-02,1.148116592483,
    -0.105396550163));
#1707 = CARTESIAN_POINT('',(-7.541776068635E-02,1.148080196498,
    -0.105396550163));
#1708 = CARTESIAN_POINT('',(-7.687567281549E-02,1.148056414733,
    -0.105396550163));
#1709 = CARTESIAN_POINT('',(-7.836838595689E-02,1.148045029429,
    -0.105396550163));
#1710 = CARTESIAN_POINT('',(-7.989280711575E-02,1.148045749102,
    -0.105396550163));
#1711 = CARTESIAN_POINT('',(-8.144577749838E-02,1.148058213676,
    -0.105396550163));
#1712 = CARTESIAN_POINT('',(-8.302407908992E-02,1.148082000545,
    -0.105396550163));
#1713 = CARTESIAN_POINT('',(-8.462444134262E-02,1.14811663136,
    -0.105396550163));
#1714 = CARTESIAN_POINT('',(-8.624354796373E-02,1.148161579331,
    -0.105396550163));
#1715 = CARTESIAN_POINT('',(-8.787804379149E-02,1.148216276828,
    -0.105396550163));
#1716 = CARTESIAN_POINT('',(-8.952454174674E-02,1.14828012308,
    -0.105396550163));
#1717 = CARTESIAN_POINT('',(-9.117962984774E-02,1.148352491733,
    -0.105396550163));
#1718 = CARTESIAN_POINT('',(-9.283987827497E-02,1.148432738122,
    -0.105396550163));
#1719 = CARTESIAN_POINT('',(-9.450184647235E-02,1.14852020605,
    -0.105396550163));
#1720 = CARTESIAN_POINT('',(-9.616209027126E-02,1.148614233951,
    -0.105396550163));
#1721 = CARTESIAN_POINT('',(-9.781716902306E-02,1.148714160315,
    -0.105396550163));
#1722 = CARTESIAN_POINT('',(-9.946365272593E-02,1.148819328293,
    -0.105396550163));
#1723 = CARTESIAN_POINT('',(-0.101098129131,1.148929089425,
    -0.105396550163));
#1724 = CARTESIAN_POINT('',(-0.102717210816,1.14904280649,
    -0.105396550163));
#1725 = CARTESIAN_POINT('',(-0.104317542203,1.149159855471,
    -0.105396550163));
#1726 = CARTESIAN_POINT('',(-0.105895806521,1.149279626701,
    -0.105396550163));
#1727 = CARTESIAN_POINT('',(-0.107448732681,1.149401525252,
    -0.105396550163));
#1728 = CARTESIAN_POINT('',(-0.108973102064,1.149524970676,
    -0.105396550163));
#1729 = CARTESIAN_POINT('',(-0.110465755196,1.149649396206,
    -0.105396550163));
#1730 = CARTESIAN_POINT('',(-0.111923598306,1.149774247558,
    -0.105396550163));
#1731 = CARTESIAN_POINT('',(-0.113343609742,1.14989898148,
    -0.105396550163));
#1732 = CARTESIAN_POINT('',(-0.114722846248,1.150023064183,
    -0.105396550163));
#1733 = CARTESIAN_POINT('',(-0.116058449066,1.150145969813,
    -0.105396550163));
#1734 = CARTESIAN_POINT('',(-0.117347649873,1.150267179096,
    -0.105396550163));
#1735 = CARTESIAN_POINT('',(-0.118587776522,1.150386178277,
    -0.105396550163));
#1736 = CARTESIAN_POINT('',(-0.119776258591,1.150502458474,
    -0.105396550163));
#1737 = CARTESIAN_POINT('',(-0.120910632714,1.150615515522,
    -0.105396550163));
#1738 = CARTESIAN_POINT('',(-0.121988547694,1.150724850382,
    -0.105396550163));
#1739 = CARTESIAN_POINT('',(-0.123007769377,1.15082997015,
    -0.105396550163));
#1740 = CARTESIAN_POINT('',(-0.123966185286,1.15093038967,
    -0.105396550163));
#1741 = CARTESIAN_POINT('',(-0.124861809004,1.151025633752,
    -0.105396550163));
#1742 = CARTESIAN_POINT('',(-0.125692784285,1.151115239939,
    -0.105396550163));
#1743 = CARTESIAN_POINT('',(-0.126457388905,1.151198761767,
    -0.105396550163));
#1744 = CARTESIAN_POINT('',(-0.127154038225,1.15127577242,
    -0.105396550163));
#1745 = CARTESIAN_POINT('',(-0.127781288471,1.151345868685,
    -0.105396550163));
#1746 = CARTESIAN_POINT('',(-0.128337839724,1.151408675084,
    -0.105396550163));
#1747 = CARTESIAN_POINT('',(-0.128822538604,1.15146384805,
    -0.105396550163));
#1748 = CARTESIAN_POINT('',(-0.129234380655,1.151511080016,
    -0.105396550163));
#1749 = CARTESIAN_POINT('',(-0.129572512419,1.151550103291,
    -0.105396550163));
#1750 = CARTESIAN_POINT('',(-0.129836233199,1.151580693581,
    -0.105396550163));
#1751 = CARTESIAN_POINT('',(-0.130024996504,1.151602673048,
    -0.105396550163));
#1752 = CARTESIAN_POINT('',(-0.130138411176,1.151615912811,
    -0.105396550163));
#1753 = CARTESIAN_POINT('',(-0.130188861475,1.15162180982,
    -0.105396550163));
#1754 = CARTESIAN_POINT('',(-0.130201480697,1.151623285322,
    -0.105396550163));
#1755 = PCURVE('',#660,#1756);
#1756 = DEFINITIONAL_REPRESENTATION('',(#1757),#1760);
#1757 = B_SPLINE_CURVE_WITH_KNOTS('',1,(#1758,#1759),.UNSPECIFIED.,.F.,
  .F.,(2,2),(0.,0.148239017379),.PIECEWISE_BEZIER_KNOTS.);
#1758 = CARTESIAN_POINT('',(0.,0.));
#1759 = CARTESIAN_POINT('',(0.21364258061,0.));
#1760 = ( GEOMETRIC_REPRESENTATION_CONTEXT(2) 
PARAMETRIC_REPRESENTATION_CONTEXT() REPRESENTATION_CONTEXT('2D SPACE',''
  ) );
#1761 = PCURVE('',#545,#1762);
#1762 = DEFINITIONAL_REPRESENTATION('',(#1763),#1905);
#1763 = B_SPLINE_CURVE_WITH_KNOTS('',3,(#1764,#1765,#1766,#1767,#1768,
    #1769,#1770,#1771,#1772,#1773,#1774,#1775,#1776,#1777,#1778,#1779,
    #1780,#1781,#1782,#1783,#1784,#1785,#1786,#1787,#1788,#1789,#1790,
    #1791,#1792,#1793,#1794,#1795,#1796,#1797,#1798,#1799,#1800,#1801,
    #1802,#1803,#1804,#1805,#1806,#1807,#1808,#1809,#1810,#1811,#1812,
    #1813,#1814,#1815,#1816,#1817,#1818,#1819,#1820,#1821,#1822,#1823,
    #1824,#1825,#1826,#1827,#1828,#1829,#1830,#1831,#1832,#1833,#1834,
    #1835,#1836,#1837,#1838,#1839,#1840,#1841,#1842,#1843,#1844,#1845,
    #1846,#1847,#1848,#1849,#1850,#1851,#1852,#1853,#1854,#1855,#1856,
    #1857,#1858,#1859,#1860,#1861,#1862,#1863,#1864,#1865,#1866,#1867,
    #1868,#1869,#1870,#1871,#1872,#1873,#1874,#1875,#1876,#1877,#1878,
    #1879,#1880,#1881,#1882,#1883,#1884,#1885,#1886,#1887,#1888,#1889,
    #1890,#1891,#1892,#1893,#1894,#1895,#1896,#1897,#1898,#1899,#1900,
    #1901,#1902,#1903,#1904),.UNSPECIFIED.,.F.,.F.,(4,1,1,1,1,1,1,1,1,1,
    1,1,1,1,1,1,1,1,1,1,1,1,1,1,1,1,1,1,1,1,1,1,1,1,1,1,1,1,1,1,1,1,1,1,
    1,1,1,1,1,1,1,1,1,1,1,1,1,1,1,1,1,1,1,1,1,1,1,1,1,1,1,1,1,1,1,1,1,1,
    1,1,1,1,1,1,1,1,1,1,1,1,1,1,1,1,1,1,1,1,1,1,1,1,1,1,1,1,1,1,1,1,1,1,
    1,1,1,1,1,1,1,1,1,1,1,1,1,1,1,1,1,1,1,1,1,1,1,1,1,1,4),(0.,
    3.81155721993E-05,1.523813169331E-04,3.425545367428E-04,
    6.082314602287E-04,9.48848319116E-04,1.363682837679E-03,
    1.851856117171E-03,2.412334894457E-03,3.04393415157E-03,
    3.745320051522E-03,4.515013175329E-03,5.351392035883E-03,
    6.252696845863E-03,7.217033519153E-03,8.242377888086E-03,
    9.326580122035E-03,1.046736933622E-02,1.166235838294E-02,
    1.290904882064E-02,1.420483605901E-02,1.554701468083E-02,
    1.693278394327E-02,1.835925346286E-02,1.982344908924E-02,
    2.132231897338E-02,2.285273983547E-02,2.441152343738E-02,
    2.599542326275E-02,2.760114140614E-02,2.922533566959E-02,
    3.086462686193E-02,3.251560629175E-02,3.417484344064E-02,
    3.583889379799E-02,3.750430683302E-02,3.916763407469E-02,
    4.08254372643E-02,4.247429654137E-02,4.411081861956E-02,
    4.573164490743E-02,4.733345952847E-02,4.891299719735E-02,
    5.046705091403E-02,5.199247944581E-02,5.348621457896E-02,
    5.494526813694E-02,5.636673878198E-02,5.774781864091E-02,
    5.90857998258E-02,6.037808095655E-02,6.162217383821E-02,
    6.281571050473E-02,6.395645091977E-02,6.504229173521E-02,
    6.607127666809E-02,6.704160929817E-02,6.79516694654E-02,
    6.880003505381E-02,6.958551195313E-02,7.030717670233E-02,
    7.096443931557E-02,7.155713917776E-02,7.208569678577E-02,
    7.255136241801E-02,7.295663575635E-02,7.330598206157E-02,
    7.360700920252E-02,7.387209412841E-02,7.411950868973E-02,
    7.436692325106E-02,7.463200817695E-02,7.49330353179E-02,
    7.528238162312E-02,7.568765496146E-02,7.61533205937E-02,
    7.668187820171E-02,7.72745780639E-02,7.793184067714E-02,
    7.865350542634E-02,7.943898232566E-02,8.028734791407E-02,
    8.11974080813E-02,8.216774071138E-02,8.319672564426E-02,
    8.42825664597E-02,8.542330687474E-02,8.661684354126E-02,
    8.786093642292E-02,8.915321755367E-02,9.049119873856E-02,
    9.187227859749E-02,9.329374924253E-02,9.475280280051E-02,
    9.624653793366E-02,9.777196646544E-02,9.932602018212E-02,
    0.100905557851,0.102507372472,0.10412819876,0.105764720838,
    0.107413580115,0.109071383305,0.110734710546,0.112400123581,
    0.114064173939,0.115723411088,0.117374390518,0.11901368171,
    0.120637875973,0.122243594117,0.123827493942,0.125386277544,
    0.126916698406,0.12841556829,0.129879763917,0.131306233436,
    0.132692002699,0.13403418132,0.135329968559,0.136576658997,
    0.137771648043,0.138912437257,0.139996639491,0.14102198386,
    0.141986320534,0.142887625344,0.143724004204,0.144493697328,
    0.145195083228,0.145826682485,0.146387161262,0.146875334542,
    0.14729016906,0.147630785919,0.147896462843,0.148086636063,
    0.148200901807,0.148239017379),.UNSPECIFIED.);
#1764 = CARTESIAN_POINT('',(0.,0.));
#1765 = CARTESIAN_POINT('',(1.261766576299E-05,-1.488751890655E-06));
#1766 = CARTESIAN_POINT('',(6.306174443824E-05,-7.438729775489E-06));
#1767 = CARTESIAN_POINT('',(1.764624522947E-04,-2.079757072271E-05));
#1768 = CARTESIAN_POINT('',(3.652025746969E-04,-4.297522750929E-05));
#1769 = CARTESIAN_POINT('',(6.288910895499E-04,-7.384240657093E-05));
#1770 = CARTESIAN_POINT('',(9.669816928112E-04,-1.13220698275E-04));
#1771 = CARTESIAN_POINT('',(1.378773923118E-03,-1.608850725598E-04));
#1772 = CARTESIAN_POINT('',(1.863414604438E-03,-2.165669411744E-04));
#1773 = CARTESIAN_POINT('',(2.419899604237E-03,-2.799576840862E-04));
#1774 = CARTESIAN_POINT('',(3.047075904023E-03,-3.507125230335E-04));
#1775 = CARTESIAN_POINT('',(3.743643978511E-03,-4.284546148186E-04));
#1776 = CARTESIAN_POINT('',(4.508160478956E-03,-5.127792313953E-04));
#1777 = CARTESIAN_POINT('',(5.33904121557E-03,-6.032578932293E-04));
#1778 = CARTESIAN_POINT('',(6.234564433222E-03,-6.994423269036E-04));
#1779 = CARTESIAN_POINT('',(7.192874373947E-03,-8.008681273743E-04));
#1780 = CARTESIAN_POINT('',(8.211985119091E-03,-9.070580192798E-04));
#1781 = CARTESIAN_POINT('',(9.289784703264E-03,-1.017524629866E-03));
#1782 = CARTESIAN_POINT('',(1.042403949161E-02,-1.131772707709E-03));
#1783 = CARTESIAN_POINT('',(1.161239881131E-02,-1.249300745761E-03));
#1784 = CARTESIAN_POINT('',(1.285239982751E-02,-1.369601993438E-03));
#1785 = CARTESIAN_POINT('',(1.414147265358E-02,-1.49216486948E-03));
#1786 = CARTESIAN_POINT('',(1.547694568471E-02,-1.616472814306E-03));
#1787 = CARTESIAN_POINT('',(1.685605114366E-02,-1.742003646361E-03));
#1788 = CARTESIAN_POINT('',(1.827593082686E-02,-1.868228510685E-03));
#1789 = CARTESIAN_POINT('',(1.973364203867E-02,-1.994610528643E-03));
#1790 = CARTESIAN_POINT('',(2.12261637011E-02,-2.120603274562E-03));
#1791 = CARTESIAN_POINT('',(2.27504026261E-02,-2.24564921743E-03));
#1792 = CARTESIAN_POINT('',(2.430319993696E-02,-2.369178272955E-03));
#1793 = CARTESIAN_POINT('',(2.588133762519E-02,-2.490606613152E-03));
#1794 = CARTESIAN_POINT('',(2.748154522884E-02,-2.609335876712E-03));
#1795 = CARTESIAN_POINT('',(2.910050661805E-02,-2.724752913951E-03));
#1796 = CARTESIAN_POINT('',(3.07348668734E-02,-2.8362301852E-03));
#1797 = CARTESIAN_POINT('',(3.238123924233E-02,-2.943126911547E-03));
#1798 = CARTESIAN_POINT('',(3.403621215914E-02,-3.044791052463E-03));
#1799 = CARTESIAN_POINT('',(3.56963563136E-02,-3.140562156725E-03));
#1800 = CARTESIAN_POINT('',(3.735823175355E-02,-3.229775102142E-03));
#1801 = CARTESIAN_POINT('',(3.90183950069E-02,-3.311764706894E-03));
#1802 = CARTESIAN_POINT('',(4.06734062085E-02,-3.385871161783E-03));
#1803 = CARTESIAN_POINT('',(4.231983621758E-02,-3.451446199716E-03));
#1804 = CARTESIAN_POINT('',(4.395427371198E-02,-3.507859887161E-03));
#1805 = CARTESIAN_POINT('',(4.557333224523E-02,-3.554507893484E-03));
#1806 = CARTESIAN_POINT('',(4.717365725338E-02,-3.590819068896E-03));
#1807 = CARTESIAN_POINT('',(4.875193299869E-02,-3.616263141208E-03));
#1808 = CARTESIAN_POINT('',(5.030488943745E-02,-3.630358326491E-03));
#1809 = CARTESIAN_POINT('',(5.182930900032E-02,-3.632678639815E-03));
#1810 = CARTESIAN_POINT('',(5.332203327343E-02,-3.622860689819E-03));
#1811 = CARTESIAN_POINT('',(5.477996956973E-02,-3.600609745383E-03));
#1812 = CARTESIAN_POINT('',(5.620009738072E-02,-3.565704874086E-03));
#1813 = CARTESIAN_POINT('',(5.757947469984E-02,-3.518002970377E-03));
#1814 = CARTESIAN_POINT('',(5.891524421096E-02,-3.457441516045E-03));
#1815 = CARTESIAN_POINT('',(6.020463933758E-02,-3.384039946128E-03));
#1816 = CARTESIAN_POINT('',(6.14449901528E-02,-3.297899529118E-03));
#1817 = CARTESIAN_POINT('',(6.263372915626E-02,-3.19920171009E-03));
#1818 = CARTESIAN_POINT('',(6.376839693397E-02,-3.088204908136E-03));
#1819 = CARTESIAN_POINT('',(6.484664773296E-02,-2.965239803338E-03));
#1820 = CARTESIAN_POINT('',(6.586625500831E-02,-2.83070319123E-03));
#1821 = CARTESIAN_POINT('',(6.682511704199E-02,-2.685050519402E-03));
#1822 = CARTESIAN_POINT('',(6.772126280462E-02,-2.528787244914E-03));
#1823 = CARTESIAN_POINT('',(6.85528583501E-02,-2.362459138789E-03));
#1824 = CARTESIAN_POINT('',(6.931821424681E-02,-2.186641592581E-03));
#1825 = CARTESIAN_POINT('',(7.001579488533E-02,-2.001927689496E-03));
#1826 = CARTESIAN_POINT('',(7.064423116463E-02,-1.808914258337E-03));
#1827 = CARTESIAN_POINT('',(7.120233873827E-02,-1.60818303656E-03));
#1828 = CARTESIAN_POINT('',(7.168914559978E-02,-1.400271199619E-03));
#1829 = CARTESIAN_POINT('',(7.210392918579E-02,-1.185611212821E-03));
#1830 = CARTESIAN_POINT('',(7.244625567651E-02,-9.644108544469E-04));
#1831 = CARTESIAN_POINT('',(7.27159234739E-02,-7.363720632723E-04));
#1832 = CARTESIAN_POINT('',(7.291254484699E-02,-5.003281159286E-04));
#1833 = CARTESIAN_POINT('',(7.303397411096E-02,-2.541818056581E-04));
#1834 = CARTESIAN_POINT('',(7.307486468327E-02,-1.388765857868E-08));
#1835 = CARTESIAN_POINT('',(7.303450795316E-02,2.54239340008E-04));
#1836 = CARTESIAN_POINT('',(7.291359586362E-02,5.006401086998E-04));
#1837 = CARTESIAN_POINT('',(7.271747061583E-02,7.37096439996E-04));
#1838 = CARTESIAN_POINT('',(7.244828229399E-02,9.65701030095E-04));
#1839 = CARTESIAN_POINT('',(7.210642107834E-02,1.18761978556E-03));
#1840 = CARTESIAN_POINT('',(7.16920891924E-02,1.403150343604E-03));
#1841 = CARTESIAN_POINT('',(7.120572001867E-02,1.612084015383E-03));
#1842 = CARTESIAN_POINT('',(7.064803521076E-02,1.81398681916E-03));
#1843 = CARTESIAN_POINT('',(7.002000564492E-02,2.008319539457E-03));
#1844 = CARTESIAN_POINT('',(6.932281444333E-02,2.194497952974E-03));
#1845 = CARTESIAN_POINT('',(6.855782945067E-02,2.371922357115E-03));
#1846 = CARTESIAN_POINT('',(6.772658502749E-02,2.539996445208E-03));
#1847 = CARTESIAN_POINT('',(6.683076939338E-02,2.698141279162E-03));
#1848 = CARTESIAN_POINT('',(6.587221534426E-02,2.845807237878E-03));
#1849 = CARTESIAN_POINT('',(6.485289284371E-02,2.98248472625E-03));
#1850 = CARTESIAN_POINT('',(6.37749026487E-02,3.107713884092E-03));
#1851 = CARTESIAN_POINT('',(6.264047046596E-02,3.221093241004E-03));
#1852 = CARTESIAN_POINT('',(6.145194134886E-02,3.322287191558E-03));
#1853 = CARTESIAN_POINT('',(6.021177416328E-02,3.41103215247E-03));
#1854 = CARTESIAN_POINT('',(5.892253602291E-02,3.487141287317E-03));
#1855 = CARTESIAN_POINT('',(5.758689663607E-02,3.550507720992E-03));
#1856 = CARTESIAN_POINT('',(5.620762253236E-02,3.601106208694E-03));
#1857 = CARTESIAN_POINT('',(5.47875711529E-02,3.638993268142E-03));
#1858 = CARTESIAN_POINT('',(5.332968479827E-02,3.664305826361E-03));
#1859 = CARTESIAN_POINT('',(5.183698443429E-02,3.677258472226E-03));
#1860 = CARTESIAN_POINT('',(5.031256336011E-02,3.678139441571E-03));
#1861 = CARTESIAN_POINT('',(4.875958074575E-02,3.667305492294E-03));
#1862 = CARTESIAN_POINT('',(4.718125504805E-02,3.645175851497E-03));
#1863 = CARTESIAN_POINT('',(4.558085731522E-02,3.612225434963E-03));
#1864 = CARTESIAN_POINT('',(4.396170439129E-02,3.568977550671E-03));
#1865 = CARTESIAN_POINT('',(4.232715203221E-02,3.515996302571E-03));
#1866 = CARTESIAN_POINT('',(4.068058794607E-02,3.453878908438E-03));
#1867 = CARTESIAN_POINT('',(3.902542477039E-02,3.383248136645E-03));
#1868 = CARTESIAN_POINT('',(3.736509299971E-02,3.304745051669E-03));
#1869 = CARTESIAN_POINT('',(3.570303387721E-02,3.219022237542E-03));
#1870 = CARTESIAN_POINT('',(3.404269226427E-02,3.126737643337E-03));
#1871 = CARTESIAN_POINT('',(3.238750950221E-02,3.028549165883E-03));
#1872 = CARTESIAN_POINT('',(3.074091628065E-02,2.925110053406E-03));
#1873 = CARTESIAN_POINT('',(2.910632552705E-02,2.817065180716E-03));
#1874 = CARTESIAN_POINT('',(2.748712533213E-02,2.705048213141E-03));
#1875 = CARTESIAN_POINT('',(2.588667192575E-02,2.589679643641E-03));
#1876 = CARTESIAN_POINT('',(2.430828271808E-02,2.471565656685E-03));
#1877 = CARTESIAN_POINT('',(2.275522942041E-02,2.351297744299E-03));
#1878 = CARTESIAN_POINT('',(2.123073126016E-02,2.22945297537E-03));
#1879 = CARTESIAN_POINT('',(1.973794830427E-02,2.1065947993E-03));
#1880 = CARTESIAN_POINT('',(1.827997490476E-02,1.983274250185E-03));
#1881 = CARTESIAN_POINT('',(1.685983328046E-02,1.860031408233E-03));
#1882 = CARTESIAN_POINT('',(1.548046724798E-02,1.737396971244E-03));
#1883 = CARTESIAN_POINT('',(1.414473611517E-02,1.615893790791E-03));
#1884 = CARTESIAN_POINT('',(1.285540874975E-02,1.496038234949E-03));
#1885 = CARTESIAN_POINT('',(1.161515783541E-02,1.3783412518E-03));
#1886 = CARTESIAN_POINT('',(1.042655432743E-02,1.263309024716E-03));
#1887 = CARTESIAN_POINT('',(9.292062119413E-03,1.15144313122E-03));
#1888 = CARTESIAN_POINT('',(8.214032932159E-03,1.043240140844E-03));
#1889 = CARTESIAN_POINT('',(7.194701435625E-03,9.391906132912E-04));
#1890 = CARTESIAN_POINT('',(6.236180614025E-03,8.397774851212E-04));
#1891 = CARTESIAN_POINT('',(5.340457383911E-03,7.454738602177E-04));
#1892 = CARTESIAN_POINT('',(4.509388474407E-03,6.56740245512E-04));
#1893 = CARTESIAN_POINT('',(3.74469657822E-03,5.740212977512E-04));
#1894 = CARTESIAN_POINT('',(3.04796678145E-03,4.977421687311E-04));
#1895 = CARTESIAN_POINT('',(2.420643279587E-03,4.283045545757E-04));
#1896 = CARTESIAN_POINT('',(1.864026386424E-03,3.660825686518E-04));
#1897 = CARTESIAN_POINT('',(1.37926984194E-03,3.11418567124E-04));
#1898 = CARTESIAN_POINT('',(9.673784245581E-04,2.646190606692E-04));
#1899 = CARTESIAN_POINT('',(6.292058724643E-04,2.25950845278E-04));
#1900 = CARTESIAN_POINT('',(3.654531180393E-04,1.956374795491E-04));
#1901 = CARTESIAN_POINT('',(1.766668387808E-04,1.738562254845E-04));
#1902 = CARTESIAN_POINT('',(6.323832743749E-05,1.607355552173E-04));
#1903 = CARTESIAN_POINT('',(1.278186505152E-05,1.548915229008E-04));
#1904 = CARTESIAN_POINT('',(1.611007349467E-07,1.534292713616E-04));
#1905 = ( GEOMETRIC_REPRESENTATION_CONTEXT(2) 
PARAMETRIC_REPRESENTATION_CONTEXT() REPRESENTATION_CONTEXT('2D SPACE',''
  ) );
#1906 = ORIENTED_EDGE('',*,*,#1907,.T.);
#1907 = EDGE_CURVE('',#1610,#1908,#1910,.T.);
#1908 = VERTEX_POINT('',#1909);
#1909 = CARTESIAN_POINT('',(-0.153758460499,1.1515975241,
    -1.604451455233E-02));
#1910 = SURFACE_CURVE('',#1911,(#1914,#1921),.PCURVE_S1.);
#1911 = B_SPLINE_CURVE_WITH_KNOTS('',1,(#1912,#1913),.UNSPECIFIED.,.F.,
  .F.,(2,2),(0.,1.),.PIECEWISE_BEZIER_KNOTS.);
#1912 = CARTESIAN_POINT('',(-0.130201480697,1.151623285322,
    -0.105396550163));
#1913 = CARTESIAN_POINT('',(-0.161152181956,1.151589438543,1.2E-02));
#1914 = PCURVE('',#660,#1915);
#1915 = DEFINITIONAL_REPRESENTATION('',(#1916),#1920);
#1916 = LINE('',#1917,#1918);
#1917 = CARTESIAN_POINT('',(0.21364258061,0.));
#1918 = VECTOR('',#1919,1.);
#1919 = DIRECTION('',(0.,1.));
#1920 = ( GEOMETRIC_REPRESENTATION_CONTEXT(2) 
PARAMETRIC_REPRESENTATION_CONTEXT() REPRESENTATION_CONTEXT('2D SPACE',''
  ) );
#1921 = PCURVE('',#1299,#1922);
#1922 = DEFINITIONAL_REPRESENTATION('',(#1923),#1927);
#1923 = LINE('',#1924,#1925);
#1924 = CARTESIAN_POINT('',(0.,0.));
#1925 = VECTOR('',#1926,1.);
#1926 = DIRECTION('',(0.,1.));
#1927 = ( GEOMETRIC_REPRESENTATION_CONTEXT(2) 
PARAMETRIC_REPRESENTATION_CONTEXT() REPRESENTATION_CONTEXT('2D SPACE',''
  ) );
#1928 = ORIENTED_EDGE('',*,*,#1929,.T.);
#1929 = EDGE_CURVE('',#1908,#1285,#1930,.T.);
#1930 = SURFACE_CURVE('',#1931,(#2067,#2206),.PCURVE_S1.);
#1931 = B_SPLINE_CURVE_WITH_KNOTS('',8,(#1932,#1933,#1934,#1935,#1936,
    #1937,#1938,#1939,#1940,#1941,#1942,#1943,#1944,#1945,#1946,#1947,
    #1948,#1949,#1950,#1951,#1952,#1953,#1954,#1955,#1956,#1957,#1958,
    #1959,#1960,#1961,#1962,#1963,#1964,#1965,#1966,#1967,#1968,#1969,
    #1970,#1971,#1972,#1973,#1974,#1975,#1976,#1977,#1978,#1979,#1980,
    #1981,#1982,#1983,#1984,#1985,#1986,#1987,#1988,#1989,#1990,#1991,
    #1992,#1993,#1994,#1995,#1996,#1997,#1998,#1999,#2000,#2001,#2002,
    #2003,#2004,#2005,#2006,#2007,#2008,#2009,#2010,#2011,#2012,#2013,
    #2014,#2015,#2016,#2017,#2018,#2019,#2020,#2021,#2022,#2023,#2024,
    #2025,#2026,#2027,#2028,#2029,#2030,#2031,#2032,#2033,#2034,#2035,
    #2036,#2037,#2038,#2039,#2040,#2041,#2042,#2043,#2044,#2045,#2046,
    #2047,#2048,#2049,#2050,#2051,#2052,#2053,#2054,#2055,#2056,#2057,
    #2058,#2059,#2060,#2061,#2062,#2063,#2064,#2065,#2066),
  .UNSPECIFIED.,.F.,.F.,(9,7,7,7,7,7,7,7,7,7,7,7,7,7,7,7,7,7,7,9),(0.,
    0.11248965079,0.200147118609,0.226907599663,0.257854430014,
    0.329124521604,0.403789480305,0.434193145016,0.444163629061,
    0.451286915868,0.455573034316,0.459725006053,0.468788135441,
    0.487893364118,0.550357025779,0.626434006161,0.661878856097,
    0.702857828192,0.822625673317,1.),.UNSPECIFIED.);
#1932 = CARTESIAN_POINT('',(-0.153758460499,1.1515975241,
    -1.604451455233E-02));
#1933 = CARTESIAN_POINT('',(-0.151249010089,1.151306117661,
    -1.610914799211E-02));
#1934 = CARTESIAN_POINT('',(-0.148738260608,1.151025070437,
    -1.617282129473E-02));
#1935 = CARTESIAN_POINT('',(-0.146226204997,1.150753625291,
    -1.623528839488E-02));
#1936 = CARTESIAN_POINT('',(-0.143712822654,1.150491167864,
    -1.629628564486E-02));
#1937 = CARTESIAN_POINT('',(-0.14119807944,1.150237226571,
    -1.635553181459E-02));
#1938 = CARTESIAN_POINT('',(-0.138681927672,1.149991472606,
    -1.641272809159E-02));
#1939 = CARTESIAN_POINT('',(-0.136164306127,1.149753719936,
    -1.6467558081E-02));
#1940 = CARTESIAN_POINT('',(-0.131682081943,1.149344858032,
    -1.656030985055E-02));
#1941 = CARTESIAN_POINT('',(-0.129718176394,1.14917063537,
    -1.659930734691E-02));
#1942 = CARTESIAN_POINT('',(-0.12775327832,1.149001229084,
    -1.663622935864E-02));
#1943 = CARTESIAN_POINT('',(-0.125787520019,1.148836712386,
    -1.667174822312E-02));
#1944 = CARTESIAN_POINT('',(-0.123820232407,1.14867709839,
    -1.67034417473E-02));
#1945 = CARTESIAN_POINT('',(-0.121852519208,1.148522739273,
    -1.673502023164E-02));
#1946 = CARTESIAN_POINT('',(-0.119883723872,1.14837375382,
    -1.676333979654E-02));
#1947 = CARTESIAN_POINT('',(-0.117312405875,1.148186729069,
    -1.679586133329E-02));
#1948 = CARTESIAN_POINT('',(-0.11672084705,1.148144223428,
    -1.68030242614E-02));
#1949 = CARTESIAN_POINT('',(-0.116142270537,1.148103211079,
    -1.680968426241E-02));
#1950 = CARTESIAN_POINT('',(-0.115568767905,1.148063056559,
    -1.681594685966E-02));
#1951 = CARTESIAN_POINT('',(-0.114981372256,1.148022372616,
    -1.682204721847E-02));
#1952 = CARTESIAN_POINT('',(-0.11435006024,1.147979160796,
    -1.682831466348E-02));
#1953 = CARTESIAN_POINT('',(-0.113633754062,1.147930952027,
    -1.6835137196E-02));
#1954 = CARTESIAN_POINT('',(-0.111793384179,1.147810181113,
    -1.685193329143E-02));
#1955 = CARTESIAN_POINT('',(-0.11080629332,1.147747052958,
    -1.686052199645E-02));
#1956 = CARTESIAN_POINT('',(-0.109819119265,1.147685633643,
    -1.686914748308E-02));
#1957 = CARTESIAN_POINT('',(-0.108831888712,1.147625990019,
    -1.687798454881E-02));
#1958 = CARTESIAN_POINT('',(-0.107844601393,1.147568188688,
    -1.688702623779E-02));
#1959 = CARTESIAN_POINT('',(-0.106857244759,1.147512299803,
    -1.689618264667E-02));
#1960 = CARTESIAN_POINT('',(-0.105869808661,1.14745840088,
    -1.69053797304E-02));
#1961 = CARTESIAN_POINT('',(-0.102608082291,1.147287239233,
    -1.693602607432E-02));
#1962 = CARTESIAN_POINT('',(-0.100333531694,1.147178908499,
    -1.695778901673E-02));
#1963 = CARTESIAN_POINT('',(-9.805848713619E-02,1.14708267065,
    -1.697939200027E-02));
#1964 = CARTESIAN_POINT('',(-9.578284423717E-02,1.146999748725,
    -1.700030346556E-02));
#1965 = CARTESIAN_POINT('',(-9.350655745285E-02,1.146931605274,
    -1.701998913555E-02));
#1966 = CARTESIAN_POINT('',(-9.122964219487E-02,1.146880041085,
    -1.703788592226E-02));
#1967 = CARTESIAN_POINT('',(-8.895217694746E-02,1.146847293917,
    -1.705337583341E-02));
#1968 = CARTESIAN_POINT('',(-8.42879300856E-02,1.146824449094,
    -1.707873382446E-02));
#1969 = CARTESIAN_POINT('',(-8.190197819395E-02,1.146836672428,
    -1.708829338215E-02));
#1970 = CARTESIAN_POINT('',(-7.951571351995E-02,1.146875214928,
    -1.709366594993E-02));
#1971 = CARTESIAN_POINT('',(-7.712956240849E-02,1.146945249032,
    -1.709400497996E-02));
#1972 = CARTESIAN_POINT('',(-7.47445178068E-02,1.147051934456,
    -1.708838379185E-02));
#1973 = CARTESIAN_POINT('',(-7.236217213069E-02,1.147201083075,
    -1.707580794375E-02));
#1974 = CARTESIAN_POINT('',(-6.998537892951E-02,1.14740326615,
    -1.705524616159E-02));
#1975 = CARTESIAN_POINT('',(-6.665617213827E-02,1.147794605651,
    -1.701364037793E-02));
#1976 = CARTESIAN_POINT('',(-6.569542547019E-02,1.147920531736,
    -1.700011605728E-02));
#1977 = CARTESIAN_POINT('',(-6.473684747472E-02,1.148060244886,
    -1.698504055188E-02));
#1978 = CARTESIAN_POINT('',(-6.378109701333E-02,1.148216770947,
    -1.696835529597E-02));
#1979 = CARTESIAN_POINT('',(-6.282909266527E-02,1.148392941967,
    -1.694999665845E-02));
#1980 = CARTESIAN_POINT('',(-6.188212571E-02,1.148591962397,
    -1.69299155402E-02));
#1981 = CARTESIAN_POINT('',(-6.094294110687E-02,1.148820658387,
    -1.690812938104E-02));
#1982 = CARTESIAN_POINT('',(-5.971439411375E-02,1.149185511474,
    -1.687715816754E-02));
#1983 = CARTESIAN_POINT('',(-5.941267314186E-02,1.149280503411,
    -1.686934794228E-02));
#1984 = CARTESIAN_POINT('',(-5.911289918871E-02,1.1493812309,
    -1.686138497178E-02));
#1985 = CARTESIAN_POINT('',(-5.881531312973E-02,1.149488394071,
    -1.685327574516E-02));
#1986 = CARTESIAN_POINT('',(-5.852034942896E-02,1.149602869509,
    -1.684503304709E-02));
#1987 = CARTESIAN_POINT('',(-5.822886448498E-02,1.149726031465,
    -1.683668483548E-02));
#1988 = CARTESIAN_POINT('',(-5.79423649767E-02,1.149860073067,
    -1.682828311928E-02));
#1989 = CARTESIAN_POINT('',(-5.746381617533E-02,1.150114246057,
    -1.681393279278E-02));
#1990 = CARTESIAN_POINT('',(-5.726968801636E-02,1.150226543448,
    -1.680801444804E-02));
#1991 = CARTESIAN_POINT('',(-5.708032753038E-02,1.150347344591,
    -1.6802151845E-02));
#1992 = CARTESIAN_POINT('',(-5.689637981148E-02,1.150478604345,
    -1.679636846404E-02));
#1993 = CARTESIAN_POINT('',(-5.672029096793E-02,1.150622621546,
    -1.6790747499E-02));
#1994 = CARTESIAN_POINT('',(-5.655715044025E-02,1.150782255225,
    -1.678546662787E-02));
#1995 = CARTESIAN_POINT('',(-5.641574391919E-02,1.15096084303,
    -1.678083727841E-02));
#1996 = CARTESIAN_POINT('',(-5.624608000744E-02,1.151282751859,
    -1.677524910515E-02));
#1997 = CARTESIAN_POINT('',(-5.619512118293E-02,1.151411923665,
    -1.677355901999E-02));
#1998 = CARTESIAN_POINT('',(-5.61618702186E-02,1.151547951976,
    -1.677245177919E-02));
#1999 = CARTESIAN_POINT('',(-5.61493480322E-02,1.151687936519,
    -1.677203393991E-02));
#2000 = CARTESIAN_POINT('',(-5.615864607149E-02,1.151828191092,
    -1.677234412085E-02));
#2001 = CARTESIAN_POINT('',(-5.618890575505E-02,1.151964972618,
    -1.67733521529E-02));
#2002 = CARTESIAN_POINT('',(-5.623729791304E-02,1.152095210193,
    -1.677495822984E-02));
#2003 = CARTESIAN_POINT('',(-5.635877532448E-02,1.152335438981,
    -1.677896223347E-02));
#2004 = CARTESIAN_POINT('',(-5.643120065141E-02,1.152446466132,
    -1.67813405329E-02));
#2005 = CARTESIAN_POINT('',(-5.651346464072E-02,1.152550543769,
    -1.678402670934E-02));
#2006 = CARTESIAN_POINT('',(-5.660319140935E-02,1.152648099693,
    -1.678693691482E-02));
#2007 = CARTESIAN_POINT('',(-5.669848564751E-02,1.152739710224,
    -1.679000469454E-02));
#2008 = CARTESIAN_POINT('',(-5.679797550696E-02,1.152826049095,
    -1.679318198018E-02));
#2009 = CARTESIAN_POINT('',(-5.69008554894E-02,1.152907836353,
    -1.67964400831E-02));
#2010 = CARTESIAN_POINT('',(-5.723847257383E-02,1.153155942327,
    -1.680704089616E-02));
#2011 = CARTESIAN_POINT('',(-5.748351572957E-02,1.153306731133,
    -1.681460089942E-02));
#2012 = CARTESIAN_POINT('',(-5.773693972375E-02,1.153443343346,
    -1.682226641482E-02));
#2013 = CARTESIAN_POINT('',(-5.799564750752E-02,1.15356906753,
    -1.682992821029E-02));
#2014 = CARTESIAN_POINT('',(-5.825803118136E-02,1.153685854479,
    -1.683753146954E-02));
#2015 = CARTESIAN_POINT('',(-5.852343911517E-02,1.153794880558,
    -1.684505515733E-02));
#2016 = CARTESIAN_POINT('',(-5.879164306827E-02,1.153897111046,
    -1.685249138474E-02));
#2017 = CARTESIAN_POINT('',(-5.963286585111E-02,1.154197819225,
    -1.687528368264E-02));
#2018 = CARTESIAN_POINT('',(-6.021255387721E-02,1.154376431346,
    -1.689023994331E-02));
#2019 = CARTESIAN_POINT('',(-6.079812626858E-02,1.154536565384,
    -1.690459322861E-02));
#2020 = CARTESIAN_POINT('',(-6.138760539781E-02,1.154682467454,
    -1.691829132506E-02));
#2021 = CARTESIAN_POINT('',(-6.197994079762E-02,1.15481654416,
    -1.693131669871E-02));
#2022 = CARTESIAN_POINT('',(-6.257467082917E-02,1.154940142502,
    -1.694367306036E-02));
#2023 = CARTESIAN_POINT('',(-6.317158435037E-02,1.155054329798,
    -1.695537193088E-02));
#2024 = CARTESIAN_POINT('',(-6.572812486522E-02,1.155508359682,
    -1.700253776287E-02));
#2025 = CARTESIAN_POINT('',(-6.770336480374E-02,1.155769793897,
    -1.703166996899E-02));
#2026 = CARTESIAN_POINT('',(-6.968689747846E-02,1.155979270955,
    -1.705416026715E-02));
#2027 = CARTESIAN_POINT('',(-7.167578529564E-02,1.156144963913,
    -1.707067764655E-02));
#2028 = CARTESIAN_POINT('',(-7.366758726848E-02,1.156274199981,
    -1.708182113171E-02));
#2029 = CARTESIAN_POINT('',(-7.56605031915E-02,1.156374373601,
    -1.708815552589E-02));
#2030 = CARTESIAN_POINT('',(-7.765477171167E-02,1.156447717238,
    -1.709030794797E-02));
#2031 = CARTESIAN_POINT('',(-8.208153513074E-02,1.156559574866,
    -1.708686515935E-02));
#2032 = CARTESIAN_POINT('',(-8.451315411833E-02,1.156586844854,
    -1.707950796957E-02));
#2033 = CARTESIAN_POINT('',(-8.694478748763E-02,1.156585438744,
    -1.706763354333E-02));
#2034 = CARTESIAN_POINT('',(-8.937594859458E-02,1.156559503392,
    -1.705212706456E-02));
#2035 = CARTESIAN_POINT('',(-9.180636996635E-02,1.156512158846,
    -1.703380831243E-02));
#2036 = CARTESIAN_POINT('',(-9.423597814348E-02,1.156445803105,
    -1.701343048341E-02));
#2037 = CARTESIAN_POINT('',(-9.666486852193E-02,1.156362416874,
    -1.699167901345E-02));
#2038 = CARTESIAN_POINT('',(-0.10022469586,1.156217953795,
    -1.695868346411E-02));
#2039 = CARTESIAN_POINT('',(-0.101434985433,1.156165523741,
    -1.694728615874E-02));
#2040 = CARTESIAN_POINT('',(-0.102687814284,1.156107439005,
    -1.693539102644E-02));
#2041 = CARTESIAN_POINT('',(-0.103961787174,1.15604454099,
    -1.692327481131E-02));
#2042 = CARTESIAN_POINT('',(-0.105250432547,1.155977283633,
    -1.691107823005E-02));
#2043 = CARTESIAN_POINT('',(-0.106562186816,1.15590536538,
    -1.689880574293E-02));
#2044 = CARTESIAN_POINT('',(-0.107920378654,1.155827361166,
    -1.688632532478E-02));
#2045 = CARTESIAN_POINT('',(-0.111031322479,1.155639762957,
    -1.685838811375E-02));
#2046 = CARTESIAN_POINT('',(-0.112322772648,1.155556698971,
    -1.684736896386E-02));
#2047 = CARTESIAN_POINT('',(-0.113309322598,1.155491205957,
    -1.683848148492E-02));
#2048 = CARTESIAN_POINT('',(-0.114065467684,1.155440180959,
    -1.683115873035E-02));
#2049 = CARTESIAN_POINT('',(-0.114668775143,1.155398979845,
    -1.68250995157E-02));
#2050 = CARTESIAN_POINT('',(-0.115200260202,1.155362317138,
    -1.681970076829E-02));
#2051 = CARTESIAN_POINT('',(-0.115744802997,1.155324460378,
    -1.681391881933E-02));
#2052 = CARTESIAN_POINT('',(-0.118281996156,1.15514503223,
    -1.678505121094E-02));
#2053 = CARTESIAN_POINT('',(-0.120171314506,1.155005923174,
    -1.676004909247E-02));
#2054 = CARTESIAN_POINT('',(-0.122059476496,1.154861723241,
    -1.673161631465E-02));
#2055 = CARTESIAN_POINT('',(-0.123947034039,1.154712600705,
    -1.670177962803E-02));
#2056 = CARTESIAN_POINT('',(-0.125833754366,1.154558768963,
    -1.667033535803E-02));
#2057 = CARTESIAN_POINT('',(-0.127719299682,1.15440040849,
    -1.663642691572E-02));
#2058 = CARTESIAN_POINT('',(-0.129604029211,1.154237560715,
    -1.660077130683E-02));
#2059 = CARTESIAN_POINT('',(-0.134277994906,1.153822470625,
    -1.65080833999E-02));
#2060 = CARTESIAN_POINT('',(-0.137066079051,1.153564919826,
    -1.644906499706E-02));
#2061 = CARTESIAN_POINT('',(-0.139852352411,1.15329767046,
    -1.638702093647E-02));
#2062 = CARTESIAN_POINT('',(-0.142636873611,1.153020560161,
    -1.63223212976E-02));
#2063 = CARTESIAN_POINT('',(-0.145419688042,1.152733197978,
    -1.625531018601E-02));
#2064 = CARTESIAN_POINT('',(-0.148200859897,1.152434973157,
    -1.618641044251E-02));
#2065 = CARTESIAN_POINT('',(-0.150980453008,1.152125068157,
    -1.611606495206E-02));
#2066 = CARTESIAN_POINT('',(-0.153758460499,1.1518024759,
    -1.604451455233E-02));
#2067 = PCURVE('',#660,#2068);
#2068 = DEFINITIONAL_REPRESENTATION('',(#2069),#2205);
#2069 = B_SPLINE_CURVE_WITH_KNOTS('',8,(#2070,#2071,#2072,#2073,#2074,
    #2075,#2076,#2077,#2078,#2079,#2080,#2081,#2082,#2083,#2084,#2085,
    #2086,#2087,#2088,#2089,#2090,#2091,#2092,#2093,#2094,#2095,#2096,
    #2097,#2098,#2099,#2100,#2101,#2102,#2103,#2104,#2105,#2106,#2107,
    #2108,#2109,#2110,#2111,#2112,#2113,#2114,#2115,#2116,#2117,#2118,
    #2119,#2120,#2121,#2122,#2123,#2124,#2125,#2126,#2127,#2128,#2129,
    #2130,#2131,#2132,#2133,#2134,#2135,#2136,#2137,#2138,#2139,#2140,
    #2141,#2142,#2143,#2144,#2145,#2146,#2147,#2148,#2149,#2150,#2151,
    #2152,#2153,#2154,#2155,#2156,#2157,#2158,#2159,#2160,#2161,#2162,
    #2163,#2164,#2165,#2166,#2167,#2168,#2169,#2170,#2171,#2172,#2173,
    #2174,#2175,#2176,#2177,#2178,#2179,#2180,#2181,#2182,#2183,#2184,
    #2185,#2186,#2187,#2188,#2189,#2190,#2191,#2192,#2193,#2194,#2195,
    #2196,#2197,#2198,#2199,#2200,#2201,#2202,#2203,#2204),
  .UNSPECIFIED.,.F.,.F.,(9,7,7,7,7,7,7,7,7,7,7,7,7,7,7,7,7,7,7,9),(0.,
    0.11248965079,0.200147118609,0.226907599663,0.257854430014,
    0.329124521604,0.403789480305,0.434193145016,0.444163629061,
    0.451286915868,0.455573034316,0.459725006053,0.468788135441,
    0.487893364118,0.550357025779,0.626434006161,0.661878856097,
    0.702857828192,0.822625673317,1.),.UNSPECIFIED.);
#2070 = CARTESIAN_POINT('',(0.21364258061,0.761112958486));
#2071 = CARTESIAN_POINT('',(0.210935194743,0.760562401935));
#2072 = CARTESIAN_POINT('',(0.208226315256,0.760020023964));
#2073 = CARTESIAN_POINT('',(0.205515749781,0.759487920593));
#2074 = CARTESIAN_POINT('',(0.20280332328,0.758968337608));
#2075 = CARTESIAN_POINT('',(0.200088878055,0.758463670565));
#2076 = CARTESIAN_POINT('',(0.197372273742,0.757976464792));
#2077 = CARTESIAN_POINT('',(0.194653387314,0.757509415383));
#2078 = CARTESIAN_POINT('',(0.189811562369,0.756719343022));
#2079 = CARTESIAN_POINT('',(0.187689659686,0.756387156971));
#2080 = CARTESIAN_POINT('',(0.185566186614,0.756072650185));
#2081 = CARTESIAN_POINT('',(0.183441412579,0.7557700956));
#2082 = CARTESIAN_POINT('',(0.181314251594,0.755500125791));
#2083 = CARTESIAN_POINT('',(0.179186611275,0.755231135908));
#2084 = CARTESIAN_POINT('',(0.177057242487,0.75498990595));
#2085 = CARTESIAN_POINT('',(0.174275577967,0.754712883016));
#2086 = CARTESIAN_POINT('',(0.173635580518,0.754651868207));
#2087 = CARTESIAN_POINT('',(0.17300958214,0.7545951374));
#2088 = CARTESIAN_POINT('',(0.172389028466,0.754541791733));
#2089 = CARTESIAN_POINT('',(0.171753401093,0.754489828036));
#2090 = CARTESIAN_POINT('',(0.171070218741,0.754436441075));
#2091 = CARTESIAN_POINT('',(0.170295038416,0.754378325802));
#2092 = CARTESIAN_POINT('',(0.168303391655,0.754235254346));
#2093 = CARTESIAN_POINT('',(0.167235151886,0.754162094572));
#2094 = CARTESIAN_POINT('',(0.166166886687,0.754088621488));
#2095 = CARTESIAN_POINT('',(0.165098652566,0.754013346144));
#2096 = CARTESIAN_POINT('',(0.164030446119,0.75393632779));
#2097 = CARTESIAN_POINT('',(0.162962237044,0.753858332237));
#2098 = CARTESIAN_POINT('',(0.161894001144,0.75377999021));
#2099 = CARTESIAN_POINT('',(0.158365594486,0.753518940427));
#2100 = CARTESIAN_POINT('',(0.155905420784,0.753333560683));
#2101 = CARTESIAN_POINT('',(0.153444956039,0.753149543491));
#2102 = CARTESIAN_POINT('',(0.150984013306,0.752971416746));
#2103 = CARTESIAN_POINT('',(0.14852247315,0.752803731495));
#2104 = CARTESIAN_POINT('',(0.146060261894,0.752651284199));
#2105 = CARTESIAN_POINT('',(0.143597329881,0.752519339));
#2106 = CARTESIAN_POINT('',(0.138552574102,0.752303336136));
#2107 = CARTESIAN_POINT('',(0.135971543096,0.752221906505));
#2108 = CARTESIAN_POINT('',(0.133389783534,0.752176142232));
#2109 = CARTESIAN_POINT('',(0.130807013202,0.752173254328));
#2110 = CARTESIAN_POINT('',(0.128223761066,0.752221136383));
#2111 = CARTESIAN_POINT('',(0.125641251517,0.752328259191));
#2112 = CARTESIAN_POINT('',(0.123060832611,0.752503407287));
#2113 = CARTESIAN_POINT('',(0.119433230607,0.752857811088));
#2114 = CARTESIAN_POINT('',(0.118384700955,0.752973013116));
#2115 = CARTESIAN_POINT('',(0.117336855988,0.753101428349));
#2116 = CARTESIAN_POINT('',(0.116289284497,0.75324355566));
#2117 = CARTESIAN_POINT('',(0.115242166304,0.753399937065));
#2118 = CARTESIAN_POINT('',(0.114196181403,0.753570990799));
#2119 = CARTESIAN_POINT('',(0.113151829388,0.753756568307));
#2120 = CARTESIAN_POINT('',(0.111765901163,0.754020385373));
#2121 = CARTESIAN_POINT('',(0.111423946518,0.754086913949));
#2122 = CARTESIAN_POINT('',(0.111082039848,0.754154743629));
#2123 = CARTESIAN_POINT('',(0.110740142221,0.75422381914));
#2124 = CARTESIAN_POINT('',(0.110398325704,0.754294031578));
#2125 = CARTESIAN_POINT('',(0.110056667918,0.754365142796));
#2126 = CARTESIAN_POINT('',(0.109715146593,0.754436709773));
#2127 = CARTESIAN_POINT('',(0.109129473402,0.754558947832));
#2128 = CARTESIAN_POINT('',(0.108887185176,0.754609361109));
#2129 = CARTESIAN_POINT('',(0.108645112248,0.75465929957));
#2130 = CARTESIAN_POINT('',(0.10840158584,0.754708563206));
#2131 = CARTESIAN_POINT('',(0.108156900626,0.754756443362));
#2132 = CARTESIAN_POINT('',(0.107913049132,0.75480142655));
#2133 = CARTESIAN_POINT('',(0.107671115477,0.754840859987));
#2134 = CARTESIAN_POINT('',(0.107279038869,0.754888460817));
#2135 = CARTESIAN_POINT('',(0.10713004051,0.754902857195));
#2136 = CARTESIAN_POINT('',(0.106981620202,0.754912288825));
#2137 = CARTESIAN_POINT('',(0.106834008978,0.754915848038));
#2138 = CARTESIAN_POINT('',(0.106686405814,0.754913205874));
#2139 = CARTESIAN_POINT('',(0.106538001337,0.754904619318));
#2140 = CARTESIAN_POINT('',(0.106389001539,0.754890938533));
#2141 = CARTESIAN_POINT('',(0.106098913184,0.754856831878));
#2142 = CARTESIAN_POINT('',(0.105956788936,0.754836573196));
#2143 = CARTESIAN_POINT('',(0.105814550607,0.754813691974));
#2144 = CARTESIAN_POINT('',(0.10567211776,0.754788902443));
#2145 = CARTESIAN_POINT('',(0.105529739095,0.754762770672));
#2146 = CARTESIAN_POINT('',(0.105387673883,0.754735706115));
#2147 = CARTESIAN_POINT('',(0.105245873401,0.754707953145));
#2148 = CARTESIAN_POINT('',(0.10479323708,0.754617653958));
#2149 = CARTESIAN_POINT('',(0.104483157217,0.754553256808));
#2150 = CARTESIAN_POINT('',(0.104172901688,0.754487960891));
#2151 = CARTESIAN_POINT('',(0.103862464239,0.754422696661));
#2152 = CARTESIAN_POINT('',(0.103552071837,0.75435793105));
#2153 = CARTESIAN_POINT('',(0.103241903055,0.75429384324));
#2154 = CARTESIAN_POINT('',(0.102931806462,0.75423050043));
#2155 = CARTESIAN_POINT('',(0.101965873839,0.754036352494));
#2156 = CARTESIAN_POINT('',(0.101310458232,0.753908953004));
#2157 = CARTESIAN_POINT('',(0.100654497305,0.75378668974));
#2158 = CARTESIAN_POINT('',(9.999801598672E-02,0.753670007466));
#2159 = CARTESIAN_POINT('',(9.934117696695E-02,0.753559055538));
#2160 = CARTESIAN_POINT('',(9.868411863808E-02,0.753453802346));
#2161 = CARTESIAN_POINT('',(9.802679304326E-02,0.753354149754));
#2162 = CARTESIAN_POINT('',(9.521753849192E-02,0.752952384694));
#2163 = CARTESIAN_POINT('',(9.306347189001E-02,0.752704232546));
#2164 = CARTESIAN_POINT('',(9.090565585543E-02,0.752512657085));
#2165 = CARTESIAN_POINT('',(8.874636801812E-02,0.75237195977));
#2166 = CARTESIAN_POINT('',(8.658691427864E-02,0.752277038027));
#2167 = CARTESIAN_POINT('',(8.442748837967E-02,0.752223080784));
#2168 = CARTESIAN_POINT('',(8.226813072245E-02,0.752204746156));
#2169 = CARTESIAN_POINT('',(7.747671059588E-02,0.752234072304));
#2170 = CARTESIAN_POINT('',(7.484606213446E-02,0.752296741861));
#2171 = CARTESIAN_POINT('',(7.221607936453E-02,0.752397889861));
#2172 = CARTESIAN_POINT('',(6.958692604353E-02,0.752529976185));
#2173 = CARTESIAN_POINT('',(6.695869070008E-02,0.752686017841));
#2174 = CARTESIAN_POINT('',(6.433134381544E-02,0.752859598999));
#2175 = CARTESIAN_POINT('',(6.170469500486E-02,0.753044881019));
#2176 = CARTESIAN_POINT('',(5.785471596628E-02,0.753325941657));
#2177 = CARTESIAN_POINT('',(5.654573811766E-02,0.753423025475));
#2178 = CARTESIAN_POINT('',(5.519068339762E-02,0.753524349852));
#2179 = CARTESIAN_POINT('',(5.381267461423E-02,0.753627557443));
#2180 = CARTESIAN_POINT('',(5.24186981173E-02,0.753731449604));
#2181 = CARTESIAN_POINT('',(5.099961127636E-02,0.753835988341));
#2182 = CARTESIAN_POINT('',(4.953014995869E-02,0.753942298264));
#2183 = CARTESIAN_POINT('',(4.616396453583E-02,0.754180271279));
#2184 = CARTESIAN_POINT('',(4.4766301087E-02,0.754274133917));
#2185 = CARTESIAN_POINT('',(4.369861068557E-02,0.754349838688));
#2186 = CARTESIAN_POINT('',(4.288032640842E-02,0.754412214921));
#2187 = CARTESIAN_POINT('',(4.222746504424E-02,0.754463828147));
#2188 = CARTESIAN_POINT('',(4.165232808503E-02,0.754509815422));
#2189 = CARTESIAN_POINT('',(4.106308804939E-02,0.75455906686));
#2190 = CARTESIAN_POINT('',(3.83178969509E-02,0.754804965129));
#2191 = CARTESIAN_POINT('',(3.627415099841E-02,0.755017936621));
#2192 = CARTESIAN_POINT('',(3.423220452345E-02,0.755260130942));
#2193 = CARTESIAN_POINT('',(3.21911458459E-02,0.755514283953));
#2194 = CARTESIAN_POINT('',(3.015129653323E-02,0.75578213058));
#2195 = CARTESIAN_POINT('',(2.81132178724E-02,0.756070967366));
#2196 = CARTESIAN_POINT('',(2.607644124137E-02,0.756374686759));
#2197 = CARTESIAN_POINT('',(2.102646107055E-02,0.757164215129));
#2198 = CARTESIAN_POINT('',(1.801500371847E-02,0.757666942022));
#2199 = CARTESIAN_POINT('',(1.500636585583E-02,0.758195441884));
#2200 = CARTESIAN_POINT('',(1.200043969135E-02,0.758746562328));
#2201 = CARTESIAN_POINT('',(8.997087032684E-03,0.759317372215));
#2202 = CARTESIAN_POINT('',(5.99607879037E-03,0.75990426973));
#2203 = CARTESIAN_POINT('',(2.997125662494E-03,0.760503482316));
#2204 = CARTESIAN_POINT('',(0.,0.761112958486));
#2205 = ( GEOMETRIC_REPRESENTATION_CONTEXT(2) 
PARAMETRIC_REPRESENTATION_CONTEXT() REPRESENTATION_CONTEXT('2D SPACE',''
  ) );
#2206 = PCURVE('',#2207,#2283);
#2207 = SURFACE_OF_LINEAR_EXTRUSION('',#2208,#2281);
#2208 = B_SPLINE_CURVE_WITH_KNOTS('',3,(#2209,#2210,#2211,#2212,#2213,
    #2214,#2215,#2216,#2217,#2218,#2219,#2220,#2221,#2222,#2223,#2224,
    #2225,#2226,#2227,#2228,#2229,#2230,#2231,#2232,#2233,#2234,#2235,
    #2236,#2237,#2238,#2239,#2240,#2241,#2242,#2243,#2244,#2245,#2246,
    #2247,#2248,#2249,#2250,#2251,#2252,#2253,#2254,#2255,#2256,#2257,
    #2258,#2259,#2260,#2261,#2262,#2263,#2264,#2265,#2266,#2267,#2268,
    #2269,#2270,#2271,#2272,#2273,#2274,#2275,#2276,#2277,#2278,#2279,
    #2280),.UNSPECIFIED.,.F.,.F.,(4,1,1,1,1,1,1,1,1,1,1,1,1,1,1,1,1,1,1,
    1,1,1,1,1,1,1,1,1,1,1,1,1,1,1,1,1,1,1,1,1,1,1,1,1,1,1,1,1,1,1,1,1,1,
    1,1,1,1,1,1,1,1,1,1,1,1,1,1,1,1,4),(0.,1.588347631984E-03,
    3.198815221769E-03,4.88061288684E-03,6.675225637147E-03,
    8.61490186718E-03,1.072316246866E-02,1.301625265228E-02,
    1.550473540997E-02,1.819486584161E-02,2.108966221375E-02,
    2.418970437701E-02,2.749371918349E-02,3.099900869713E-02,
    3.470176470798E-02,3.85973011464E-02,4.268022670992E-02,
    4.69445733711E-02,5.138389185874E-02,5.599132210331E-02,
    6.075964454229E-02,6.568131675514E-02,7.074849890927E-02,
    7.59530707927E-02,8.128664268435E-02,8.674056190307E-02,
    9.230591654204E-02,9.797353761063E-02,0.103734000559,0.109577626942,
    0.115494486799,0.121604315586,0.127775660185,0.133985515283,
    0.140221641023,0.146471634927,0.152722963508,0.158962994189,
    0.165179027244,0.171358327522,0.177488155751,0.183555799282,
    0.189548602187,0.19545399467,0.201259521787,0.206952871541,
    0.212521902394,0.217954670323,0.223239455515,0.228364788828,
    0.233319478126,0.238092634611,0.242673699235,0.247052469267,
    0.251219125049,0.255164256961,0.258878892538,0.262354523675,
    0.265583133791,0.268557224763,0.271269843427,0.273714607373,
    0.275885729735,0.277778042652,0.279387019054,0.280708792432,
    0.281740174245,0.28247866865,0.282922484281,0.283070542831),
  .UNSPECIFIED.);
#2209 = CARTESIAN_POINT('',(0.,1.1017,0.));
#2210 = CARTESIAN_POINT('',(-7.751780628804E-05,1.1017,
    -5.259601519611E-04));
#2211 = CARTESIAN_POINT('',(-3.395820344762E-04,1.1017,
    -1.56412253408E-03));
#2212 = CARTESIAN_POINT('',(-1.019149829022E-03,1.1017,
    -3.052453021577E-03));
#2213 = CARTESIAN_POINT('',(-1.984105081218E-03,1.1017,
    -4.455764709438E-03));
#2214 = CARTESIAN_POINT('',(-3.223927446088E-03,1.1017,
    -5.776179273698E-03));
#2215 = CARTESIAN_POINT('',(-4.732417548795E-03,1.1017,
    -7.015082317938E-03));
#2216 = CARTESIAN_POINT('',(-6.503675452535E-03,1.1017,
    -8.174646335006E-03));
#2217 = CARTESIAN_POINT('',(-8.532482921452E-03,1.1017,
    -9.256351551849E-03));
#2218 = CARTESIAN_POINT('',(-1.08134217675E-02,1.1017,
    -1.026127369369E-02));
#2219 = CARTESIAN_POINT('',(-1.334072618643E-02,1.1017,
    -1.119020495364E-02));
#2220 = CARTESIAN_POINT('',(-1.610818845434E-02,1.1017,
    -1.204387589803E-02));
#2221 = CARTESIAN_POINT('',(-1.910919017303E-02,1.1017,
    -1.282309686717E-02));
#2222 = CARTESIAN_POINT('',(-2.233675196141E-02,1.1017,
    -1.352886506526E-02));
#2223 = CARTESIAN_POINT('',(-2.578359261985E-02,1.1017,-1.416243798E-02)
  );
#2224 = CARTESIAN_POINT('',(-2.944218326305E-02,1.1017,
    -1.472538727406E-02));
#2225 = CARTESIAN_POINT('',(-3.330479440725E-02,1.1017,
    -1.52196383057E-02));
#2226 = CARTESIAN_POINT('',(-3.736353462984E-02,1.1017,
    -1.564749886972E-02));
#2227 = CARTESIAN_POINT('',(-4.16103808351E-02,1.1017,
    -1.601167848587E-02));
#2228 = CARTESIAN_POINT('',(-4.603720030663E-02,1.1017,
    -1.631529869432E-02));
#2229 = CARTESIAN_POINT('',(-5.063576490998E-02,1.1017,
    -1.656189431119E-02));
#2230 = CARTESIAN_POINT('',(-5.539775790565E-02,1.1017,
    -1.675540545488E-02));
#2231 = CARTESIAN_POINT('',(-6.031477395935E-02,1.1017,
    -1.690016017131E-02));
#2232 = CARTESIAN_POINT('',(-6.537831307247E-02,1.1017,
    -1.700084765878E-02));
#2233 = CARTESIAN_POINT('',(-7.057976929502E-02,1.1017,
    -1.706248216119E-02));
#2234 = CARTESIAN_POINT('',(-7.591041521155E-02,1.1017,
    -1.709035834259E-02));
#2235 = CARTESIAN_POINT('',(-8.136138329515E-02,1.1017,
    -1.708999721928E-02));
#2236 = CARTESIAN_POINT('',(-8.692364529523E-02,1.1017,
    -1.706708962574E-02));
#2237 = CARTESIAN_POINT('',(-9.258799085732E-02,1.1017,
    -1.702741492624E-02));
#2238 = CARTESIAN_POINT('',(-9.834500655552E-02,1.1017,
    -1.697682613026E-02));
#2239 = CARTESIAN_POINT('',(-0.10418505648,1.1017,-1.692095920026E-02));
#2240 = CARTESIAN_POINT('',(-0.110141567937,1.1017,-1.686557677972E-02)
  );
#2241 = CARTESIAN_POINT('',(-0.116207374915,1.1017,-1.681427226161E-02)
  );
#2242 = CARTESIAN_POINT('',(-0.122370475868,1.1017,-1.672822987277E-02)
  );
#2243 = CARTESIAN_POINT('',(-0.128575353667,1.1017,-1.662236484523E-02)
  );
#2244 = CARTESIAN_POINT('',(-0.134806107382,1.1017,-1.649774518504E-02)
  );
#2245 = CARTESIAN_POINT('',(-0.141050382512,1.1017,-1.635885051196E-02)
  );
#2246 = CARTESIAN_POINT('',(-0.147295704014,1.1017,-1.620894970595E-02)
  );
#2247 = CARTESIAN_POINT('',(-0.153529509842,1.1017,-1.605131540454E-02)
  );
#2248 = CARTESIAN_POINT('',(-0.159739173629,1.1017,-1.588885999828E-02)
  );
#2249 = CARTESIAN_POINT('',(-0.165912031995,1.1017,-1.572420585599E-02)
  );
#2250 = CARTESIAN_POINT('',(-0.172035411958,1.1017,-1.555964916417E-02)
  );
#2251 = CARTESIAN_POINT('',(-0.178096659325,1.1017,-1.539716211333E-02)
  );
#2252 = CARTESIAN_POINT('',(-0.184083167476,1.1017,-1.523839439758E-02)
  );
#2253 = CARTESIAN_POINT('',(-0.189982406392,1.1017,-1.508468378004E-02)
  );
#2254 = CARTESIAN_POINT('',(-0.195781951711,1.1017,-1.493707226427E-02)
  );
#2255 = CARTESIAN_POINT('',(-0.201469513646,1.1017,-1.479632772258E-02)
  );
#2256 = CARTESIAN_POINT('',(-0.207032965662,1.1017,-1.466296980565E-02)
  );
#2257 = CARTESIAN_POINT('',(-0.212460372858,1.1017,-1.453729912374E-02)
  );
#2258 = CARTESIAN_POINT('',(-0.217740020014,1.1017,-1.441942858913E-02)
  );
#2259 = CARTESIAN_POINT('',(-0.222860439344,1.1017,-1.430931582756E-02)
  );
#2260 = CARTESIAN_POINT('',(-0.227810437995,1.1017,-1.420679559938E-02)
  );
#2261 = CARTESIAN_POINT('',(-0.232579125356,1.1017,-1.41116112441E-02));
#2262 = CARTESIAN_POINT('',(-0.23715594027,1.1017,-1.402344426294E-02));
#2263 = CARTESIAN_POINT('',(-0.241530678195,1.1017,-1.39419412808E-02));
#2264 = CARTESIAN_POINT('',(-0.245693518394,1.1017,-1.386673777558E-02)
  );
#2265 = CARTESIAN_POINT('',(-0.249635051162,1.1017,-1.37974781227E-02));
#2266 = CARTESIAN_POINT('',(-0.253346305081,1.1017,-1.373383167029E-02)
  );
#2267 = CARTESIAN_POINT('',(-0.25681877426,1.1017,-1.367550472917E-02));
#2268 = CARTESIAN_POINT('',(-0.260044445434,1.1017,-1.362224852547E-02)
  );
#2269 = CARTESIAN_POINT('',(-0.263015824783,1.1017,-1.357386331636E-02)
  );
#2270 = CARTESIAN_POINT('',(-0.265725964262,1.1017,-1.353019900667E-02)
  );
#2271 = CARTESIAN_POINT('',(-0.268168487179,1.1017,-1.349115272023E-02)
  );
#2272 = CARTESIAN_POINT('',(-0.270337612755,1.1017,-1.345666387259E-02)
  );
#2273 = CARTESIAN_POINT('',(-0.27222817933,1.1017,-1.342670735731E-02));
#2274 = CARTESIAN_POINT('',(-0.273835665889,1.1017,-1.340128549588E-02)
  );
#2275 = CARTESIAN_POINT('',(-0.275156211576,1.1017,-1.338041940966E-02)
  );
#2276 = CARTESIAN_POINT('',(-0.27618663286,1.1017,-1.336414045286E-02));
#2277 = CARTESIAN_POINT('',(-0.276924438042,1.1017,-1.335248229888E-02)
  );
#2278 = CARTESIAN_POINT('',(-0.277367838859,1.1017,-1.334547420142E-02)
  );
#2279 = CARTESIAN_POINT('',(-0.277565105605,1.1017,-1.334235577889E-02)
  );
#2280 = CARTESIAN_POINT('',(-0.277614452289,1.1017,-1.334157566135E-02)
  );
#2281 = VECTOR('',#2282,1.);
#2282 = DIRECTION('',(-0.,-1.,-0.));
#2283 = DEFINITIONAL_REPRESENTATION('',(#2284),#2420);
#2284 = B_SPLINE_CURVE_WITH_KNOTS('',8,(#2285,#2286,#2287,#2288,#2289,
    #2290,#2291,#2292,#2293,#2294,#2295,#2296,#2297,#2298,#2299,#2300,
    #2301,#2302,#2303,#2304,#2305,#2306,#2307,#2308,#2309,#2310,#2311,
    #2312,#2313,#2314,#2315,#2316,#2317,#2318,#2319,#2320,#2321,#2322,
    #2323,#2324,#2325,#2326,#2327,#2328,#2329,#2330,#2331,#2332,#2333,
    #2334,#2335,#2336,#2337,#2338,#2339,#2340,#2341,#2342,#2343,#2344,
    #2345,#2346,#2347,#2348,#2349,#2350,#2351,#2352,#2353,#2354,#2355,
    #2356,#2357,#2358,#2359,#2360,#2361,#2362,#2363,#2364,#2365,#2366,
    #2367,#2368,#2369,#2370,#2371,#2372,#2373,#2374,#2375,#2376,#2377,
    #2378,#2379,#2380,#2381,#2382,#2383,#2384,#2385,#2386,#2387,#2388,
    #2389,#2390,#2391,#2392,#2393,#2394,#2395,#2396,#2397,#2398,#2399,
    #2400,#2401,#2402,#2403,#2404,#2405,#2406,#2407,#2408,#2409,#2410,
    #2411,#2412,#2413,#2414,#2415,#2416,#2417,#2418,#2419),
  .UNSPECIFIED.,.F.,.F.,(9,7,7,7,7,7,7,7,7,7,7,7,7,7,7,7,7,7,7,9),(0.,
    0.11248965079,0.200147118609,0.226907599663,0.257854430014,
    0.329124521604,0.403789480305,0.434193145016,0.444163629061,
    0.451286915868,0.455573034316,0.459725006053,0.468788135441,
    0.487893364118,0.550357025779,0.626434006161,0.661878856097,
    0.702857828192,0.822625673317,1.),.UNSPECIFIED.);
#2285 = CARTESIAN_POINT('',(0.159184044912,-4.989752409977E-02));
#2286 = CARTESIAN_POINT('',(0.156673762363,-4.960611766084E-02));
#2287 = CARTESIAN_POINT('',(0.154162205766,-4.932507043671E-02));
#2288 = CARTESIAN_POINT('',(0.151649374328,-4.905362529102E-02));
#2289 = CARTESIAN_POINT('',(0.149135253349,-4.879116786374E-02));
#2290 = CARTESIAN_POINT('',(0.146619814214,-4.853722657109E-02));
#2291 = CARTESIAN_POINT('',(0.144103014402,-4.829147260557E-02));
#2292 = CARTESIAN_POINT('',(0.141584797478,-4.805371993597E-02));
#2293 = CARTESIAN_POINT('',(0.137101615535,-4.764485803211E-02));
#2294 = CARTESIAN_POINT('',(0.135137325241,-4.74706353698E-02));
#2295 = CARTESIAN_POINT('',(0.133172077791,-4.73012290841E-02));
#2296 = CARTESIAN_POINT('',(0.13120601059,-4.71367123856E-02));
#2297 = CARTESIAN_POINT('',(0.129238455884,-4.697709839037E-02));
#2298 = CARTESIAN_POINT('',(0.127270503896,-4.682273927349E-02));
#2299 = CARTESIAN_POINT('',(0.125301510427,-4.667375382032E-02));
#2300 = CARTESIAN_POINT('',(0.122729987293,-4.648672906866E-02));
#2301 = CARTESIAN_POINT('',(0.122138385099,-4.644422342796E-02));
#2302 = CARTESIAN_POINT('',(0.121559770011,-4.640321107898E-02));
#2303 = CARTESIAN_POINT('',(0.120986232797,-4.636305655892E-02));
#2304 = CARTESIAN_POINT('',(0.120398805096,-4.632237261625E-02));
#2305 = CARTESIAN_POINT('',(0.119767461754,-4.627916079636E-02));
#2306 = CARTESIAN_POINT('',(0.119051123156,-4.623095202707E-02));
#2307 = CARTESIAN_POINT('',(0.117210677734,-4.611018111324E-02));
#2308 = CARTESIAN_POINT('',(0.116223550847,-4.604705295808E-02));
#2309 = CARTESIAN_POINT('',(0.115236340175,-4.59856336431E-02));
#2310 = CARTESIAN_POINT('',(0.114249070513,-4.592599001919E-02));
#2311 = CARTESIAN_POINT('',(0.113261741742,-4.586818868755E-02));
#2312 = CARTESIAN_POINT('',(0.112274342397,-4.581229980337E-02));
#2313 = CARTESIAN_POINT('',(0.111286863232,-4.575840087957E-02));
#2314 = CARTESIAN_POINT('',(0.108024992151,-4.558723923301E-02));
#2315 = CARTESIAN_POINT('',(0.10575033765,-4.547890849933E-02));
#2316 = CARTESIAN_POINT('',(0.10347519068,-4.538267064986E-02));
#2317 = CARTESIAN_POINT('',(0.101199452037,-4.529974872482E-02));
#2318 = CARTESIAN_POINT('',(9.892308120302E-02,-4.523160527382E-02));
#2319 = CARTESIAN_POINT('',(9.664609763986E-02,-4.518004108547E-02));
#2320 = CARTESIAN_POINT('',(9.436858207667E-02,-4.514729391697E-02));
#2321 = CARTESIAN_POINT('',(8.970426822703E-02,-4.51244490944E-02));
#2322 = CARTESIAN_POINT('',(8.73183003514E-02,-4.51366724277E-02));
#2323 = CARTESIAN_POINT('',(8.493203826806E-02,-4.517521492755E-02));
#2324 = CARTESIAN_POINT('',(8.254590125286E-02,-4.524524903228E-02));
#2325 = CARTESIAN_POINT('',(8.016086939723E-02,-4.535193445637E-02));
#2326 = CARTESIAN_POINT('',(7.777851438484E-02,-4.55010830748E-02));
#2327 = CARTESIAN_POINT('',(7.540165540945E-02,-4.570326614968E-02));
#2328 = CARTESIAN_POINT('',(7.207219589085E-02,-4.609460565113E-02));
#2329 = CARTESIAN_POINT('',(7.111135671126E-02,-4.622053173595E-02));
#2330 = CARTESIAN_POINT('',(7.015266532681E-02,-4.636024488588E-02));
#2331 = CARTESIAN_POINT('',(6.919677597086E-02,-4.651677094677E-02));
#2332 = CARTESIAN_POINT('',(6.824460132492E-02,-4.669294196743E-02));
#2333 = CARTESIAN_POINT('',(6.729742710453E-02,-4.689196239653E-02));
#2334 = CARTESIAN_POINT('',(6.635799438488E-02,-4.712065838711E-02));
#2335 = CARTESIAN_POINT('',(6.512906217892E-02,-4.748551147396E-02));
#2336 = CARTESIAN_POINT('',(6.482724154968E-02,-4.758050341063E-02));
#2337 = CARTESIAN_POINT('',(6.452736335692E-02,-4.768123090002E-02));
#2338 = CARTESIAN_POINT('',(6.422966836098E-02,-4.778839407091E-02));
#2339 = CARTESIAN_POINT('',(6.393459101706E-02,-4.790286950882E-02));
#2340 = CARTESIAN_POINT('',(6.364298798839E-02,-4.80260314653E-02));
#2341 = CARTESIAN_POINT('',(6.33563666594E-02,-4.81600730671E-02));
#2342 = CARTESIAN_POINT('',(6.2877604851E-02,-4.841424605686E-02));
#2343 = CARTESIAN_POINT('',(6.268338736557E-02,-4.852654344791E-02));
#2344 = CARTESIAN_POINT('',(6.249393700375E-02,-4.864734459068E-02));
#2345 = CARTESIAN_POINT('',(6.230989922319E-02,-4.877860434455E-02));
#2346 = CARTESIAN_POINT('',(6.213372148149E-02,-4.892262154591E-02));
#2347 = CARTESIAN_POINT('',(6.19704962351E-02,-4.90822552251E-02));
#2348 = CARTESIAN_POINT('',(6.182901458366E-02,-4.926084303044E-02));
#2349 = CARTESIAN_POINT('',(6.165925942529E-02,-4.958275185867E-02));
#2350 = CARTESIAN_POINT('',(6.160827281209E-02,-4.971192366451E-02));
#2351 = CARTESIAN_POINT('',(6.157500356948E-02,-4.984795197646E-02));
#2352 = CARTESIAN_POINT('',(6.156247447137E-02,-4.998793651916E-02));
#2353 = CARTESIAN_POINT('',(6.15717776402E-02,-5.012819109182E-02));
#2354 = CARTESIAN_POINT('',(6.160205397087E-02,-5.026497261756E-02));
#2355 = CARTESIAN_POINT('',(6.165047255473E-02,-5.039521019275E-02));
#2356 = CARTESIAN_POINT('',(6.177201539378E-02,-5.063543898099E-02));
#2357 = CARTESIAN_POINT('',(6.184447943742E-02,-5.074646613204E-02));
#2358 = CARTESIAN_POINT('',(6.192678690642E-02,-5.085054376915E-02));
#2359 = CARTESIAN_POINT('',(6.201656046098E-02,-5.094809969342E-02));
#2360 = CARTESIAN_POINT('',(6.211190364665E-02,-5.103971022415E-02));
#2361 = CARTESIAN_POINT('',(6.221144379148E-02,-5.112604909546E-02));
#2362 = CARTESIAN_POINT('',(6.231437490311E-02,-5.120783635292E-02));
#2363 = CARTESIAN_POINT('',(6.265215691484E-02,-5.145594232664E-02));
#2364 = CARTESIAN_POINT('',(6.289731556377E-02,-5.160673113273E-02));
#2365 = CARTESIAN_POINT('',(6.315085428466E-02,-5.174334334554E-02));
#2366 = CARTESIAN_POINT('',(6.340967425077E-02,-5.186906752955E-02));
#2367 = CARTESIAN_POINT('',(6.367216676867E-02,-5.198585447861E-02));
#2368 = CARTESIAN_POINT('',(6.393768001033E-02,-5.2094880558E-02));
#2369 = CARTESIAN_POINT('',(6.420598574521E-02,-5.219711104635E-02));
#2370 = CARTESIAN_POINT('',(6.504751338061E-02,-5.249781922473E-02));
#2371 = CARTESIAN_POINT('',(6.562739113108E-02,-5.267643134588E-02));
#2372 = CARTESIAN_POINT('',(6.621313638463E-02,-5.283656538362E-02));
#2373 = CARTESIAN_POINT('',(6.680277194915E-02,-5.298246745397E-02));
#2374 = CARTESIAN_POINT('',(6.739524804026E-02,-5.311654415953E-02));
#2375 = CARTESIAN_POINT('',(6.7990103942E-02,-5.324014250249E-02));
#2376 = CARTESIAN_POINT('',(6.85871296676E-02,-5.335432979765E-02));
#2377 = CARTESIAN_POINT('',(7.114409678096E-02,-5.380835968217E-02));
#2378 = CARTESIAN_POINT('',(7.311953378748E-02,-5.406979389664E-02));
#2379 = CARTESIAN_POINT('',(7.510317061101E-02,-5.427927095509E-02));
#2380 = CARTESIAN_POINT('',(7.709210754413E-02,-5.444496391326E-02));
#2381 = CARTESIAN_POINT('',(7.908392585902E-02,-5.457419998139E-02));
#2382 = CARTESIAN_POINT('',(8.107684018708E-02,-5.467437360089E-02));
#2383 = CARTESIAN_POINT('',(8.30711055648E-02,-5.474771723797E-02));
#2384 = CARTESIAN_POINT('',(8.749786618894E-02,-5.485957486598E-02));
#2385 = CARTESIAN_POINT('',(8.992948907598E-02,-5.488684485407E-02));
#2386 = CARTESIAN_POINT('',(9.236114417821E-02,-5.488543874393E-02));
#2387 = CARTESIAN_POINT('',(9.479234978687E-02,-5.485950339155E-02));
#2388 = CARTESIAN_POINT('',(9.722283785682E-02,-5.481215884571E-02));
#2389 = CARTESIAN_POINT('',(9.965253080486E-02,-5.47458031049E-02));
#2390 = CARTESIAN_POINT('',(0.102081518308,-5.466241687435E-02));
#2391 = CARTESIAN_POINT('',(0.105641498277,-5.451795379537E-02));
#2392 = CARTESIAN_POINT('',(0.106851841386,-5.446552374078E-02));
#2393 = CARTESIAN_POINT('',(0.108104726644,-5.440743900485E-02));
#2394 = CARTESIAN_POINT('',(0.109378757274,-5.434454099005E-02));
#2395 = CARTESIAN_POINT('',(0.110667460722,-5.427728363264E-02));
#2396 = CARTESIAN_POINT('',(0.111979272882,-5.420536537959E-02));
#2397 = CARTESIAN_POINT('',(0.11333752232,-5.412736116553E-02));
#2398 = CARTESIAN_POINT('',(0.116448590216,-5.393976295689E-02));
#2399 = CARTESIAN_POINT('',(0.117740085159,-5.38566989712E-02));
#2400 = CARTESIAN_POINT('',(0.118726674249,-5.379120595717E-02));
#2401 = CARTESIAN_POINT('',(0.119482854858,-5.374018095881E-02));
#2402 = CARTESIAN_POINT('',(0.120086193022,-5.369897984451E-02));
#2403 = CARTESIAN_POINT('',(0.120617705777,-5.366231713839E-02));
#2404 = CARTESIAN_POINT('',(0.121162279635,-5.362446037813E-02));
#2405 = CARTESIAN_POINT('',(0.123699638536,-5.344503222955E-02));
#2406 = CARTESIAN_POINT('',(0.125589119311,-5.330592317376E-02));
#2407 = CARTESIAN_POINT('',(0.127477483132,-5.316172324134E-02));
#2408 = CARTESIAN_POINT('',(0.129365272954,-5.30126007048E-02));
#2409 = CARTESIAN_POINT('',(0.131252257327,-5.285876896318E-02));
#2410 = CARTESIAN_POINT('',(0.133138103816,-5.27004084897E-02));
#2411 = CARTESIAN_POINT('',(0.135023170135,-5.253756071519E-02));
#2412 = CARTESIAN_POINT('',(0.139698053307,-5.212247062487E-02));
#2413 = CARTESIAN_POINT('',(0.142486757963,-5.186491982553E-02));
#2414 = CARTESIAN_POINT('',(0.145273719384,-5.159767046032E-02));
#2415 = CARTESIAN_POINT('',(0.148058990443,-5.132056016128E-02));
#2416 = CARTESIAN_POINT('',(0.150842609621,-5.103319797779E-02));
#2417 = CARTESIAN_POINT('',(0.153624633073,-5.073497315656E-02));
#2418 = CARTESIAN_POINT('',(0.156405116228,-5.042506815677E-02));
#2419 = CARTESIAN_POINT('',(0.159184044912,-5.010247590023E-02));
#2420 = ( GEOMETRIC_REPRESENTATION_CONTEXT(2) 
PARAMETRIC_REPRESENTATION_CONTEXT() REPRESENTATION_CONTEXT('2D SPACE',''
  ) );
#2421 = ADVANCED_FACE('',(#2422),#545,.T.);
#2422 = FACE_BOUND('',#2423,.T.);
#2423 = EDGE_LOOP('',(#2424,#2425,#2445,#2446,#2447));
#2424 = ORIENTED_EDGE('',*,*,#1609,.T.);
#2425 = ORIENTED_EDGE('',*,*,#2426,.T.);
#2426 = EDGE_CURVE('',#1610,#1283,#2427,.T.);
#2427 = SURFACE_CURVE('',#2428,(#2432,#2439),.PCURVE_S1.);
#2428 = LINE('',#2429,#2430);
#2429 = CARTESIAN_POINT('',(-0.130201480697,1.151623285322,
    -0.105396550163));
#2430 = VECTOR('',#2431,1.);
#2431 = DIRECTION('',(0.,1.,0.));
#2432 = PCURVE('',#545,#2433);
#2433 = DEFINITIONAL_REPRESENTATION('',(#2434),#2438);
#2434 = LINE('',#2435,#2436);
#2435 = CARTESIAN_POINT('',(1.611007349294E-07,1.534292713615E-04));
#2436 = VECTOR('',#2437,1.);
#2437 = DIRECTION('',(-1.049999421187E-03,-0.99999944875));
#2438 = ( GEOMETRIC_REPRESENTATION_CONTEXT(2) 
PARAMETRIC_REPRESENTATION_CONTEXT() REPRESENTATION_CONTEXT('2D SPACE',''
  ) );
#2439 = PCURVE('',#1299,#2440);
#2440 = DEFINITIONAL_REPRESENTATION('',(#2441),#2444);
#2441 = B_SPLINE_CURVE_WITH_KNOTS('',1,(#2442,#2443),.UNSPECIFIED.,.F.,
  .F.,(2,2),(0.,1.534293559393E-04),.PIECEWISE_BEZIER_KNOTS.);
#2442 = CARTESIAN_POINT('',(0.,0.));
#2443 = CARTESIAN_POINT('',(2.211229143563E-04,0.));
#2444 = ( GEOMETRIC_REPRESENTATION_CONTEXT(2) 
PARAMETRIC_REPRESENTATION_CONTEXT() REPRESENTATION_CONTEXT('2D SPACE',''
  ) );
#2445 = ORIENTED_EDGE('',*,*,#1311,.T.);
#2446 = ORIENTED_EDGE('',*,*,#1205,.T.);
#2447 = ORIENTED_EDGE('',*,*,#523,.T.);
#2448 = ADVANCED_FACE('',(#2449),#469,.F.);
#2449 = FACE_BOUND('',#2450,.F.);
#2450 = EDGE_LOOP('',(#2451,#2452));
#2451 = ORIENTED_EDGE('',*,*,#445,.T.);
#2452 = ORIENTED_EDGE('',*,*,#1242,.T.);
#2453 = ADVANCED_FACE('',(#2454),#391,.F.);
#2454 = FACE_BOUND('',#2455,.F.);
#2455 = EDGE_LOOP('',(#2456,#2457));
#2456 = ORIENTED_EDGE('',*,*,#367,.F.);
#2457 = ORIENTED_EDGE('',*,*,#997,.F.);
#2458 = ADVANCED_FACE('',(#2459),#1299,.F.);
#2459 = FACE_BOUND('',#2460,.F.);
#2460 = EDGE_LOOP('',(#2461,#2462,#2463,#2464));
#2461 = ORIENTED_EDGE('',*,*,#1907,.F.);
#2462 = ORIENTED_EDGE('',*,*,#2426,.T.);
#2463 = ORIENTED_EDGE('',*,*,#1282,.T.);
#2464 = ORIENTED_EDGE('',*,*,#2465,.T.);
#2465 = EDGE_CURVE('',#1285,#1908,#2466,.T.);
#2466 = SURFACE_CURVE('',#2467,(#2473,#2482),.PCURVE_S1.);
#2467 = B_SPLINE_CURVE_WITH_KNOTS('',4,(#2468,#2469,#2470,#2471,#2472),
  .UNSPECIFIED.,.F.,.F.,(5,5),(0.,1.),.PIECEWISE_BEZIER_KNOTS.);
#2468 = CARTESIAN_POINT('',(-0.153758460499,1.1518024759,
    -1.604451455233E-02));
#2469 = CARTESIAN_POINT('',(-0.153758460499,1.15175123795,
    -1.604451455233E-02));
#2470 = CARTESIAN_POINT('',(-0.153758460499,1.1517,-1.604451455233E-02)
  );
#2471 = CARTESIAN_POINT('',(-0.153758460499,1.15164876205,
    -1.604451455233E-02));
#2472 = CARTESIAN_POINT('',(-0.153758460499,1.1515975241,
    -1.604451455233E-02));
#2473 = PCURVE('',#1299,#2474);
#2474 = DEFINITIONAL_REPRESENTATION('',(#2475),#2481);
#2475 = B_SPLINE_CURVE_WITH_KNOTS('',4,(#2476,#2477,#2478,#2479,#2480),
  .UNSPECIFIED.,.F.,.F.,(5,5),(0.,1.),.PIECEWISE_BEZIER_KNOTS.);
#2476 = CARTESIAN_POINT('',(2.211229143563E-04,0.761112958486));
#2477 = CARTESIAN_POINT('',(1.658421857672E-04,0.761112958486));
#2478 = CARTESIAN_POINT('',(1.105614571782E-04,0.761112958486));
#2479 = CARTESIAN_POINT('',(5.528072858905E-05,0.761112958486));
#2480 = CARTESIAN_POINT('',(0.,0.761112958486));
#2481 = ( GEOMETRIC_REPRESENTATION_CONTEXT(2) 
PARAMETRIC_REPRESENTATION_CONTEXT() REPRESENTATION_CONTEXT('2D SPACE',''
  ) );
#2482 = PCURVE('',#2207,#2483);
#2483 = DEFINITIONAL_REPRESENTATION('',(#2484),#2490);
#2484 = B_SPLINE_CURVE_WITH_KNOTS('',4,(#2485,#2486,#2487,#2488,#2489),
  .UNSPECIFIED.,.F.,.F.,(5,5),(0.,1.),.PIECEWISE_BEZIER_KNOTS.);
#2485 = CARTESIAN_POINT('',(0.159184044912,-5.010247590023E-02));
#2486 = CARTESIAN_POINT('',(0.159184044912,-5.005123795011E-02));
#2487 = CARTESIAN_POINT('',(0.159184044912,-5.E-02));
#2488 = CARTESIAN_POINT('',(0.159184044912,-4.994876204989E-02));
#2489 = CARTESIAN_POINT('',(0.159184044912,-4.989752409977E-02));
#2490 = ( GEOMETRIC_REPRESENTATION_CONTEXT(2) 
PARAMETRIC_REPRESENTATION_CONTEXT() REPRESENTATION_CONTEXT('2D SPACE',''
  ) );
#2491 = ADVANCED_FACE('',(#2492),#2207,.T.);
#2492 = FACE_BOUND('',#2493,.T.);
#2493 = EDGE_LOOP('',(#2494,#2495));
#2494 = ORIENTED_EDGE('',*,*,#2465,.T.);
#2495 = ORIENTED_EDGE('',*,*,#1929,.T.);
#2496 = ORIENTED_CLOSED_SHELL('',*,#2497,.F.);
#2497 = CLOSED_SHELL('',(#2498,#3095,#3435,#3466,#3471,#3476));
#2498 = ADVANCED_FACE('',(#2499),#2518,.F.);
#2499 = FACE_BOUND('',#2500,.F.);
#2500 = EDGE_LOOP('',(#2501,#2709,#2753,#2781,#2825,#2853,#2976));
#2501 = ORIENTED_EDGE('',*,*,#2502,.F.);
#2502 = EDGE_CURVE('',#2503,#2505,#2507,.T.);
#2503 = VERTEX_POINT('',#2504);
#2504 = CARTESIAN_POINT('',(1.62430063769E-03,1.1517,-0.104394508237));
#2505 = VERTEX_POINT('',#2506);
#2506 = CARTESIAN_POINT('',(-5.711867883347E-02,1.1517,-0.103458372841)
  );
#2507 = SURFACE_CURVE('',#2508,(#2517,#2613),.PCURVE_S1.);
#2508 = ( BOUNDED_CURVE() B_SPLINE_CURVE(7,(#2509,#2510,#2511,#2512,
    #2513,#2514,#2515,#2516),.UNSPECIFIED.,.F.,.F.) 
B_SPLINE_CURVE_WITH_KNOTS((8,8),(0.,1.),.PIECEWISE_BEZIER_KNOTS.) CURVE(
) GEOMETRIC_REPRESENTATION_ITEM() RATIONAL_B_SPLINE_CURVE((1.,1.,1.,1.,
1.,1.,1.,1.)) REPRESENTATION_ITEM('') );
#2509 = CARTESIAN_POINT('',(1.62430063769E-03,1.1517,-0.104394508237));
#2510 = CARTESIAN_POINT('',(-2.815388103349E-02,1.1517,-0.102084312597)
  );
#2511 = CARTESIAN_POINT('',(-5.686392703166E-02,1.1517,-0.102902415365)
  );
#2512 = CARTESIAN_POINT('',(-9.021878433896E-02,1.1517,-0.102837414571)
  );
#2513 = CARTESIAN_POINT('',(-0.118596013756,1.1517,-0.107029882307));
#2514 = CARTESIAN_POINT('',(-0.149167976062,1.1517,-0.116387388609));
#2515 = CARTESIAN_POINT('',(-0.179568359113,1.1517,-0.124181838811));
#2516 = CARTESIAN_POINT('',(-0.207651247446,1.1517,-0.138320186395));
#2517 = PCURVE('',#2518,#2607);
#2518 = ( BOUNDED_SURFACE() B_SPLINE_SURFACE(10,7,(
    (#2519,#2520,#2521,#2522,#2523,#2524,#2525,#2526)
    ,(#2527,#2528,#2529,#2530,#2531,#2532,#2533,#2534)
    ,(#2535,#2536,#2537,#2538,#2539,#2540,#2541,#2542)
    ,(#2543,#2544,#2545,#2546,#2547,#2548,#2549,#2550)
    ,(#2551,#2552,#2553,#2554,#2555,#2556,#2557,#2558)
    ,(#2559,#2560,#2561,#2562,#2563,#2564,#2565,#2566)
    ,(#2567,#2568,#2569,#2570,#2571,#2572,#2573,#2574)
    ,(#2575,#2576,#2577,#2578,#2579,#2580,#2581,#2582)
    ,(#2583,#2584,#2585,#2586,#2587,#2588,#2589,#2590)
    ,(#2591,#2592,#2593,#2594,#2595,#2596,#2597,#2598)
    ,(#2599,#2600,#2601,#2602,#2603,#2604,#2605,#2606
)),.UNSPECIFIED.,.F.,.F.,.F.) B_SPLINE_SURFACE_WITH_KNOTS((11,11),(8,8),
  (0.,1.),(0.,1.),.PIECEWISE_BEZIER_KNOTS.) 
GEOMETRIC_REPRESENTATION_ITEM() RATIONAL_B_SPLINE_SURFACE((
    (1.,1.,1.,1.,1.,1.,1.,1.)
    ,(1.,1.,1.,1.,1.,1.,1.,1.)
    ,(1.,1.,1.,1.,1.,1.,1.,1.)
    ,(1.,1.,1.,1.,1.,1.,1.,1.)
    ,(1.,1.,1.,1.,1.,1.,1.,1.)
    ,(1.,1.,1.,1.,1.,1.,1.,1.)
    ,(1.,1.,1.,1.,1.,1.,1.,1.)
    ,(1.,1.,1.,1.,1.,1.,1.,1.)
    ,(1.,1.,1.,1.,1.,1.,1.,1.)
    ,(1.,1.,1.,1.,1.,1.,1.,1.)
,(1.,1.,1.,1.,1.,1.,1.,1.))) REPRESENTATION_ITEM('') SURFACE() );
#2519 = CARTESIAN_POINT('',(1.62430063769E-03,1.1517,-0.104394508237));
#2520 = CARTESIAN_POINT('',(-2.815388103349E-02,1.1517,-0.102084312597)
  );
#2521 = CARTESIAN_POINT('',(-5.686392703166E-02,1.1517,-0.102902415365)
  );
#2522 = CARTESIAN_POINT('',(-9.021878433896E-02,1.1517,-0.102837414571)
  );
#2523 = CARTESIAN_POINT('',(-0.118596013756,1.1517,-0.107029882307));
#2524 = CARTESIAN_POINT('',(-0.149167976062,1.1517,-0.116387388609));
#2525 = CARTESIAN_POINT('',(-0.179568359113,1.1517,-0.124181838811));
#2526 = CARTESIAN_POINT('',(-0.207651247446,1.1517,-0.138320186395));
#2527 = CARTESIAN_POINT('',(1.624300637691E-03,1.139724308788,
    -0.104394508237));
#2528 = CARTESIAN_POINT('',(-2.81538810335E-02,1.138523087825,
    -0.102084312597));
#2529 = CARTESIAN_POINT('',(-5.686392703164E-02,1.127405616921,
    -0.102902415365));
#2530 = CARTESIAN_POINT('',(-9.021878433901E-02,1.146378170358,
    -0.102837414571));
#2531 = CARTESIAN_POINT('',(-0.118596013756,1.123864615989,
    -0.107029882307));
#2532 = CARTESIAN_POINT('',(-0.149167976062,1.143847026838,
    -0.116387388609));
#2533 = CARTESIAN_POINT('',(-0.179568359113,1.135418058724,
    -0.124181838811));
#2534 = CARTESIAN_POINT('',(-0.207651247446,1.141518236015,
    -0.138320186395));
#2535 = CARTESIAN_POINT('',(1.62430063769E-03,1.127748248674,
    -0.110931854402));
#2536 = CARTESIAN_POINT('',(-2.815388103345E-02,1.125345769745,
    -0.109668929665));
#2537 = CARTESIAN_POINT('',(-5.686392703177E-02,1.103110485473,
    -0.114776995473));
#2538 = CARTESIAN_POINT('',(-9.021878433876E-02,1.141056176778,
    -0.10771026636));
#2539 = CARTESIAN_POINT('',(-0.118596013756,1.096028374533,
    -0.120504256932));
#2540 = CARTESIAN_POINT('',(-0.149167976062,1.135993811769,
    -0.122540519859));
#2541 = CARTESIAN_POINT('',(-0.179568359113,1.119135615895,
    -0.13096224436));
#2542 = CARTESIAN_POINT('',(-0.207651247446,1.131336158388,
    -0.142424513191));
#2543 = CARTESIAN_POINT('',(1.624300637691E-03,1.119468668586,
    -0.124011276926));
#2544 = CARTESIAN_POINT('',(-2.815388103356E-02,1.116235706892,
    -0.124843651764));
#2545 = CARTESIAN_POINT('',(-5.686392703143E-02,1.086314186465,
    -0.138534747717));
#2546 = CARTESIAN_POINT('',(-9.021878433938E-02,1.13737684722,
    -0.117459495765));
#2547 = CARTESIAN_POINT('',(-0.118596013755,1.076783949538,
    -0.147462755763));
#2548 = CARTESIAN_POINT('',(-0.149167976063,1.130564536831,
    -0.13485123455));
#2549 = CARTESIAN_POINT('',(-0.179568359113,1.107878842954,
    -0.144527961519));
#2550 = CARTESIAN_POINT('',(-0.207651247446,1.124296837747,
    -0.150636136531));
#2551 = CARTESIAN_POINT('',(1.62430063769E-03,1.118565396528,
    -0.141018271837));
#2552 = CARTESIAN_POINT('',(-2.81538810334E-02,1.115241832183,
    -0.144575136166));
#2553 = CARTESIAN_POINT('',(-5.686392703192E-02,1.084481771374,
    -0.169426629281));
#2554 = CARTESIAN_POINT('',(-9.02187843385E-02,1.136975445737,
    -0.130136285932));
#2555 = CARTESIAN_POINT('',(-0.118596013756,1.074684452819,
    -0.18251652451));
#2556 = CARTESIAN_POINT('',(-0.149167976062,1.129972222681,
    -0.150858689138));
#2557 = CARTESIAN_POINT('',(-0.179568359113,1.106650769991,
    -0.162167278722));
#2558 = CARTESIAN_POINT('',(-0.207651247446,1.12352887348,
    -0.161313598482));
#2559 = CARTESIAN_POINT('',(1.624300637691E-03,1.126816273287,
    -0.156836301998));
#2560 = CARTESIAN_POINT('',(-2.81538810336E-02,1.124320312627,
    -0.162927185839));
#2561 = CARTESIAN_POINT('',(-5.686392703131E-02,1.101219841604,
    -0.198158848983));
#2562 = CARTESIAN_POINT('',(-9.021878433958E-02,1.140642019967,
    -0.141926837426));
#2563 = CARTESIAN_POINT('',(-0.118596013755,1.093862161953,
    -0.215119672455));
#2564 = CARTESIAN_POINT('',(-0.149167976063,1.135382675637,
    -0.165747057179));
#2565 = CARTESIAN_POINT('',(-0.179568359113,1.117868518383,
    -0.178573425307));
#2566 = CARTESIAN_POINT('',(-0.207651247446,1.130543790477,
    -0.171244595468));
#2567 = CARTESIAN_POINT('',(1.62430063769E-03,1.141987348535,
    -0.165439028915));
#2568 = CARTESIAN_POINT('',(-2.815388103338E-02,1.141013121632,
    -0.17290805388));
#2569 = CARTESIAN_POINT('',(-5.6863927032E-02,1.131996513065,
    -0.213785032355));
#2570 = CARTESIAN_POINT('',(-9.021878433837E-02,1.147383833553,
    -0.148339196842));
#2571 = CARTESIAN_POINT('',(-0.118596013756,1.129124653126,
    -0.232851082475));
#2572 = CARTESIAN_POINT('',(-0.149167976062,1.145330998829,
    -0.173844181989));
#2573 = CARTESIAN_POINT('',(-0.179568359113,1.138494848166,
    -0.187496002735));
#2574 = CARTESIAN_POINT('',(-0.207651247446,1.143442278326,
    -0.176645625445));
#2575 = CARTESIAN_POINT('',(1.624300637691E-03,1.158298760067,
    -0.164497237749));
#2576 = CARTESIAN_POINT('',(-2.815388103356E-02,1.158960648287,
    -0.171815389491));
#2577 = CARTESIAN_POINT('',(-5.68639270314E-02,1.165086517908,
    -0.212074342057));
#2578 = CARTESIAN_POINT('',(-9.021878433942E-02,1.154632396668,
    -0.147637198105));
#2579 = CARTESIAN_POINT('',(-0.118596013755,1.167037655016,
    -0.23090992062));
#2580 = CARTESIAN_POINT('',(-0.149167976063,1.156027089338,
    -0.172957742064));
#2581 = CARTESIAN_POINT('',(-0.179568359113,1.160671559303,
    -0.18651919565));
#2582 = CARTESIAN_POINT('',(-0.207651247446,1.157310283065,
    -0.176054342893));
#2583 = CARTESIAN_POINT('',(1.62430063769E-03,1.170843236295,
    -0.155864583478));
#2584 = CARTESIAN_POINT('',(-2.815388103346E-02,1.172763397422,
    -0.161799799788));
#2585 = CARTESIAN_POINT('',(-5.686392703175E-02,1.190534761827,
    -0.196393797981));
#2586 = CARTESIAN_POINT('',(-9.02187843388E-02,1.160206986406,
    -0.141202531229));
#2587 = CARTESIAN_POINT('',(-0.118596013756,1.196195079581,
    -0.213116826189));
#2588 = CARTESIAN_POINT('',(-0.149167976062,1.164253039168,
    -0.164832448797));
#2589 = CARTESIAN_POINT('',(-0.179568359113,1.177726810785,
    -0.177565578166));
#2590 = CARTESIAN_POINT('',(-0.207651247446,1.167975629558,
    -0.170634523695));
#2591 = CARTESIAN_POINT('',(1.62430063769E-03,1.177113206044,
    -0.143377816589));
#2592 = CARTESIAN_POINT('',(-2.81538810335E-02,1.179662276098,
    -0.147312675673));
#2593 = CARTESIAN_POINT('',(-5.686392703163E-02,1.203254282084,
    -0.173712558535));
#2594 = CARTESIAN_POINT('',(-9.021878433902E-02,1.162993273254,
    -0.131895059536));
#2595 = CARTESIAN_POINT('',(-0.118596013756,1.21076851944,-0.18737987259
    ));
#2596 = CARTESIAN_POINT('',(-0.149167976062,1.168364526625,
    -0.153079558003));
#2597 = CARTESIAN_POINT('',(-0.179568359113,1.186251352496,
    -0.164614551655));
#2598 = CARTESIAN_POINT('',(-0.207651247446,1.173306374235,
    -0.162794985961));
#2599 = CARTESIAN_POINT('',(1.62430063769E-03,1.177113206044,
    -0.130891434334));
#2600 = CARTESIAN_POINT('',(-2.815388103348E-02,1.179662276098,
    -0.13282599781));
#2601 = CARTESIAN_POINT('',(-5.686392703168E-02,1.203254282084,
    -0.151032017746));
#2602 = CARTESIAN_POINT('',(-9.021878433892E-02,1.162993273253,
    -0.122587874543));
#2603 = CARTESIAN_POINT('',(-0.118596013756,1.210768519442,
    -0.161643711774));
#2604 = CARTESIAN_POINT('',(-0.149167976062,1.168364526624,
    -0.141327029236));
#2605 = CARTESIAN_POINT('',(-0.179568359113,1.186251352496,
    -0.151663924078));
#2606 = CARTESIAN_POINT('',(-0.207651247446,1.173306374235,
    -0.15495568971));
#2607 = DEFINITIONAL_REPRESENTATION('',(#2608),#2612);
#2608 = LINE('',#2609,#2610);
#2609 = CARTESIAN_POINT('',(0.,0.));
#2610 = VECTOR('',#2611,1.);
#2611 = DIRECTION('',(0.,1.));
#2612 = ( GEOMETRIC_REPRESENTATION_CONTEXT(2) 
PARAMETRIC_REPRESENTATION_CONTEXT() REPRESENTATION_CONTEXT('2D SPACE',''
  ) );
#2613 = PCURVE('',#2614,#2703);
#2614 = ( BOUNDED_SURFACE() B_SPLINE_SURFACE(10,7,(
    (#2615,#2616,#2617,#2618,#2619,#2620,#2621,#2622)
    ,(#2623,#2624,#2625,#2626,#2627,#2628,#2629,#2630)
    ,(#2631,#2632,#2633,#2634,#2635,#2636,#2637,#2638)
    ,(#2639,#2640,#2641,#2642,#2643,#2644,#2645,#2646)
    ,(#2647,#2648,#2649,#2650,#2651,#2652,#2653,#2654)
    ,(#2655,#2656,#2657,#2658,#2659,#2660,#2661,#2662)
    ,(#2663,#2664,#2665,#2666,#2667,#2668,#2669,#2670)
    ,(#2671,#2672,#2673,#2674,#2675,#2676,#2677,#2678)
    ,(#2679,#2680,#2681,#2682,#2683,#2684,#2685,#2686)
    ,(#2687,#2688,#2689,#2690,#2691,#2692,#2693,#2694)
    ,(#2695,#2696,#2697,#2698,#2699,#2700,#2701,#2702
)),.UNSPECIFIED.,.F.,.F.,.F.) B_SPLINE_SURFACE_WITH_KNOTS((11,11),(8,8),
  (1.,2.),(0.,1.),.PIECEWISE_BEZIER_KNOTS.) 
GEOMETRIC_REPRESENTATION_ITEM() RATIONAL_B_SPLINE_SURFACE((
    (1.,1.,1.,1.,1.,1.,1.,1.)
    ,(1.,1.,1.,1.,1.,1.,1.,1.)
    ,(1.,1.,1.,1.,1.,1.,1.,1.)
    ,(1.,1.,1.,1.,1.,1.,1.,1.)
    ,(1.,1.,1.,1.,1.,1.,1.,1.)
    ,(1.,1.,1.,1.,1.,1.,1.,1.)
    ,(1.,1.,1.,1.,1.,1.,1.,1.)
    ,(1.,1.,1.,1.,1.,1.,1.,1.)
    ,(1.,1.,1.,1.,1.,1.,1.,1.)
    ,(1.,1.,1.,1.,1.,1.,1.,1.)
,(1.,1.,1.,1.,1.,1.,1.,1.))) REPRESENTATION_ITEM('') SURFACE() );
#2615 = CARTESIAN_POINT('',(1.62430063769E-03,1.177113206044,
    -0.130891434334));
#2616 = CARTESIAN_POINT('',(-2.815388103348E-02,1.179662276098,
    -0.13282599781));
#2617 = CARTESIAN_POINT('',(-5.686392703168E-02,1.203254282084,
    -0.151032017746));
#2618 = CARTESIAN_POINT('',(-9.021878433892E-02,1.162993273253,
    -0.122587874543));
#2619 = CARTESIAN_POINT('',(-0.118596013756,1.210768519442,
    -0.161643711774));
#2620 = CARTESIAN_POINT('',(-0.149167976062,1.168364526624,
    -0.141327029236));
#2621 = CARTESIAN_POINT('',(-0.179568359113,1.186251352496,
    -0.151663924078));
#2622 = CARTESIAN_POINT('',(-0.207651247446,1.173306374235,
    -0.15495568971));
#2623 = CARTESIAN_POINT('',(1.62430063769E-03,1.177113206044,
    -0.126729306915));
#2624 = CARTESIAN_POINT('',(-2.815388103348E-02,1.179662276098,
    -0.127997105189));
#2625 = CARTESIAN_POINT('',(-5.686392703168E-02,1.203254282084,
    -0.143471837483));
#2626 = CARTESIAN_POINT('',(-9.021878433893E-02,1.162993273253,
    -0.119485479545));
#2627 = CARTESIAN_POINT('',(-0.118596013756,1.210768519441,
    -0.153064991502));
#2628 = CARTESIAN_POINT('',(-0.149167976062,1.168364526624,
    -0.137409519647));
#2629 = CARTESIAN_POINT('',(-0.179568359113,1.186251352496,
    -0.147347048219));
#2630 = CARTESIAN_POINT('',(-0.207651247446,1.173306374235,
    -0.15234259096));
#2631 = CARTESIAN_POINT('',(1.62430063769E-03,1.176416649668,
    -0.122567376236));
#2632 = CARTESIAN_POINT('',(-2.815388103348E-02,1.178895851678,
    -0.123168440823));
#2633 = CARTESIAN_POINT('',(-5.686392703168E-02,1.201841218977,
    -0.13591201458));
#2634 = CARTESIAN_POINT('',(-9.021878433893E-02,1.162683733344,
    -0.116383231194));
#2635 = CARTESIAN_POINT('',(-0.118596013756,1.209149496884,
    -0.144486676736));
#2636 = CARTESIAN_POINT('',(-0.149167976062,1.167907764803,
    -0.133492195234));
#2637 = CARTESIAN_POINT('',(-0.179568359113,1.185304326574,
    -0.143030376413));
#2638 = CARTESIAN_POINT('',(-0.207651247446,1.172714160182,
    -0.149729615728));
#2639 = CARTESIAN_POINT('',(1.62430063769E-03,1.175022999884,
    -0.118547582747));
#2640 = CARTESIAN_POINT('',(-2.815388103349E-02,1.177362411938,
    -0.118504683767));
#2641 = CARTESIAN_POINT('',(-5.686392703166E-02,1.199014003316,
    -0.128610372814));
#2642 = CARTESIAN_POINT('',(-9.021878433896E-02,1.162064414876,
    -0.113386930034));
#2643 = CARTESIAN_POINT('',(-0.118596013756,1.205910203532,
    -0.136201326379));
#2644 = CARTESIAN_POINT('',(-0.149167976062,1.166993889006,
    -0.129708654281));
#2645 = CARTESIAN_POINT('',(-0.179568359113,1.18340954459,
    -0.138861126478));
#2646 = CARTESIAN_POINT('',(-0.207651247446,1.171529275491,
    -0.147205878156));
#2647 = CARTESIAN_POINT('',(1.62430063769E-03,1.172963395015,
    -0.114813242529));
#2648 = CARTESIAN_POINT('',(-2.815388103349E-02,1.175096218531,
    -0.114172109074));
#2649 = CARTESIAN_POINT('',(-5.686392703166E-02,1.194835803595,
    -0.12182723468));
#2650 = CARTESIAN_POINT('',(-9.021878433896E-02,1.161149155285,
    -0.110603401985));
#2651 = CARTESIAN_POINT('',(-0.118596013756,1.201123014932,
    -0.128504334695));
#2652 = CARTESIAN_POINT('',(-0.149167976062,1.165643317963,
    -0.126193789852));
#2653 = CARTESIAN_POINT('',(-0.179568359113,1.180609341668,
    -0.134987943004));
#2654 = CARTESIAN_POINT('',(-0.207651247446,1.169778194046,
    -0.144861356047));
#2655 = CARTESIAN_POINT('',(1.62430063769E-03,1.170299496219,
    -0.111498781715));
#2656 = CARTESIAN_POINT('',(-2.815388103349E-02,1.172165117532,
    -0.110326677697));
#2657 = CARTESIAN_POINT('',(-5.686392703164E-02,1.189431708192,
    -0.115806774778));
#2658 = CARTESIAN_POINT('',(-9.021878433901E-02,1.159965355926,
    -0.108132846518));
#2659 = CARTESIAN_POINT('',(-0.118596013756,1.194931251581,
    -0.121672772535));
#2660 = CARTESIAN_POINT('',(-0.149167976062,1.163896485536,
    -0.123074127546));
#2661 = CARTESIAN_POINT('',(-0.179568359113,1.176987551243,
    -0.131550250104));
#2662 = CARTESIAN_POINT('',(-0.207651247446,1.167513340323,
    -0.142780445844));
#2663 = CARTESIAN_POINT('',(1.62430063769E-03,1.167120596324,
    -0.108721283693));
#2664 = CARTESIAN_POINT('',(-2.81538810335E-02,1.16866735828,
    -0.10710422957));
#2665 = CARTESIAN_POINT('',(-5.686392703163E-02,1.182982860234,
    -0.110761665963));
#2666 = CARTESIAN_POINT('',(-9.021878433902E-02,1.158552697283,
    -0.106062536049));
#2667 = CARTESIAN_POINT('',(-0.118596013756,1.187542458923,
    -0.115947964956));
#2668 = CARTESIAN_POINT('',(-0.149167976062,1.161811944851,
    -0.12045986949));
#2669 = CARTESIAN_POINT('',(-0.179568359113,1.17266557429,
    -0.128669484343));
#2670 = CARTESIAN_POINT('',(-0.207651247446,1.164810631319,
    -0.141036655738));
#2671 = CARTESIAN_POINT('',(1.62430063769E-03,1.163538990025,
    -0.106573849091));
#2672 = CARTESIAN_POINT('',(-2.815388103348E-02,1.164726499184,
    -0.104612779871));
#2673 = CARTESIAN_POINT('',(-5.686392703171E-02,1.175717065391,
    -0.106861018275));
#2674 = CARTESIAN_POINT('',(-9.021878433887E-02,1.156961081548,
    -0.10446186656));
#2675 = CARTESIAN_POINT('',(-0.118596013756,1.17921764619,
    -0.111521805231));
#2676 = CARTESIAN_POINT('',(-0.149167976062,1.159463332345,
    -0.118438644573));
#2677 = CARTESIAN_POINT('',(-0.179568359113,1.167796084723,
    -0.126442207842));
#2678 = CARTESIAN_POINT('',(-0.207651247446,1.161765540279,
    -0.13968843688));
#2679 = CARTESIAN_POINT('',(1.62430063769E-03,1.159683605449,
    -0.105120768544));
#2680 = CARTESIAN_POINT('',(-2.815388103347E-02,1.160484400498,
    -0.102926918477));
#2681 = CARTESIAN_POINT('',(-5.686392703171E-02,1.167895872597,
    -0.104221610643));
#2682 = CARTESIAN_POINT('',(-9.021878433887E-02,1.155247802577,
    -0.103378759445));
#2683 = CARTESIAN_POINT('',(-0.118596013756,1.170256484091,
    -0.108526805247));
#2684 = CARTESIAN_POINT('',(-0.149167976062,1.156935191708,
    -0.117070964922));
#2685 = CARTESIAN_POINT('',(-0.179568359113,1.162554370975,
    -0.124935101571));
#2686 = CARTESIAN_POINT('',(-0.207651247446,1.15848768223,
    -0.138776152709));
#2687 = CARTESIAN_POINT('',(1.62430063769E-03,1.155691897071,
    -0.104394508237));
#2688 = CARTESIAN_POINT('',(-2.815388103349E-02,1.156092304058,
    -0.102084312597));
#2689 = CARTESIAN_POINT('',(-5.686392703165E-02,1.159798127693,
    -0.102902415365));
#2690 = CARTESIAN_POINT('',(-9.021878433899E-02,1.153473943214,
    -0.102837414571));
#2691 = CARTESIAN_POINT('',(-0.118596013756,1.160978461337,
    -0.107029882307));
#2692 = CARTESIAN_POINT('',(-0.149167976062,1.154317657721,
    -0.116387388609));
#2693 = CARTESIAN_POINT('',(-0.179568359113,1.157127313759,
    -0.124181838811));
#2694 = CARTESIAN_POINT('',(-0.207651247446,1.155093921328,
    -0.138320186395));
#2695 = CARTESIAN_POINT('',(1.62430063769E-03,1.1517,-0.104394508237));
#2696 = CARTESIAN_POINT('',(-2.815388103348E-02,1.1517,-0.102084312597)
  );
#2697 = CARTESIAN_POINT('',(-5.686392703169E-02,1.1517,-0.102902415365)
  );
#2698 = CARTESIAN_POINT('',(-9.021878433891E-02,1.1517,-0.102837414571)
  );
#2699 = CARTESIAN_POINT('',(-0.118596013756,1.1517,-0.107029882307));
#2700 = CARTESIAN_POINT('',(-0.149167976062,1.1517,-0.116387388609));
#2701 = CARTESIAN_POINT('',(-0.179568359113,1.1517,-0.124181838811));
#2702 = CARTESIAN_POINT('',(-0.207651247446,1.1517,-0.138320186395));
#2703 = DEFINITIONAL_REPRESENTATION('',(#2704),#2708);
#2704 = LINE('',#2705,#2706);
#2705 = CARTESIAN_POINT('',(2.,0.));
#2706 = VECTOR('',#2707,1.);
#2707 = DIRECTION('',(0.,1.));
#2708 = ( GEOMETRIC_REPRESENTATION_CONTEXT(2) 
PARAMETRIC_REPRESENTATION_CONTEXT() REPRESENTATION_CONTEXT('2D SPACE',''
  ) );
#2709 = ORIENTED_EDGE('',*,*,#2710,.T.);
#2710 = EDGE_CURVE('',#2503,#2711,#2713,.T.);
#2711 = VERTEX_POINT('',#2712);
#2712 = CARTESIAN_POINT('',(1.62430063769E-03,1.177113206044,
    -0.130891434334));
#2713 = SURFACE_CURVE('',#2714,(#2726,#2733),.PCURVE_S1.);
#2714 = B_SPLINE_CURVE_WITH_KNOTS('',10,(#2715,#2716,#2717,#2718,#2719,
    #2720,#2721,#2722,#2723,#2724,#2725),.UNSPECIFIED.,.F.,.F.,(11,11),(
    0.,1.),.PIECEWISE_BEZIER_KNOTS.);
#2715 = CARTESIAN_POINT('',(1.62430063769E-03,1.1517,-0.104394508237));
#2716 = CARTESIAN_POINT('',(1.624300637691E-03,1.139724308788,
    -0.104394508237));
#2717 = CARTESIAN_POINT('',(1.62430063769E-03,1.127748248674,
    -0.110931854402));
#2718 = CARTESIAN_POINT('',(1.624300637691E-03,1.119468668586,
    -0.124011276926));
#2719 = CARTESIAN_POINT('',(1.62430063769E-03,1.118565396528,
    -0.141018271837));
#2720 = CARTESIAN_POINT('',(1.624300637691E-03,1.126816273287,
    -0.156836301998));
#2721 = CARTESIAN_POINT('',(1.62430063769E-03,1.141987348535,
    -0.165439028915));
#2722 = CARTESIAN_POINT('',(1.624300637691E-03,1.158298760067,
    -0.164497237749));
#2723 = CARTESIAN_POINT('',(1.62430063769E-03,1.170843236295,
    -0.155864583478));
#2724 = CARTESIAN_POINT('',(1.62430063769E-03,1.177113206044,
    -0.143377816589));
#2725 = CARTESIAN_POINT('',(1.62430063769E-03,1.177113206044,
    -0.130891434334));
#2726 = PCURVE('',#2518,#2727);
#2727 = DEFINITIONAL_REPRESENTATION('',(#2728),#2732);
#2728 = LINE('',#2729,#2730);
#2729 = CARTESIAN_POINT('',(0.,0.));
#2730 = VECTOR('',#2731,1.);
#2731 = DIRECTION('',(1.,0.));
#2732 = ( GEOMETRIC_REPRESENTATION_CONTEXT(2) 
PARAMETRIC_REPRESENTATION_CONTEXT() REPRESENTATION_CONTEXT('2D SPACE',''
  ) );
#2733 = PCURVE('',#2734,#2739);
#2734 = PLANE('',#2735);
#2735 = AXIS2_PLACEMENT_3D('',#2736,#2737,#2738);
#2736 = CARTESIAN_POINT('',(1.62430063769E-03,1.1517,-0.104394508237));
#2737 = DIRECTION('',(-1.,-3.925013344814E-17,5.271579171384E-18));
#2738 = DIRECTION('',(-8.210936541866E-18,7.52688236291E-02,
    -0.997163278601));
#2739 = DEFINITIONAL_REPRESENTATION('',(#2740),#2752);
#2740 = B_SPLINE_CURVE_WITH_KNOTS('',10,(#2741,#2742,#2743,#2744,#2745,
    #2746,#2747,#2748,#2749,#2750,#2751),.UNSPECIFIED.,.F.,.F.,(11,11),(
    0.,1.),.PIECEWISE_BEZIER_KNOTS.);
#2741 = CARTESIAN_POINT('',(0.,0.));
#2742 = CARTESIAN_POINT('',(-9.01396189658E-04,1.194171951234E-02));
#2743 = CARTESIAN_POINT('',(4.715981389004E-03,2.437586523619E-02));
#2744 = CARTESIAN_POINT('',(1.713510698166E-02,3.361643120858E-02));
#2745 = CARTESIAN_POINT('',(3.402586956133E-02,3.579723743666E-02));
#2746 = CARTESIAN_POINT('',(5.042006216495E-02,2.876037063827E-02));
#2747 = CARTESIAN_POINT('',(6.014029452995E-02,1.427984863896E-02));
#2748 = CARTESIAN_POINT('',(6.042891572044E-02,-2.056179476184E-03));
#2749 = CARTESIAN_POINT('',(5.27649578532E-02,-1.521484025141E-02));
#2750 = CARTESIAN_POINT('',(4.07855456904E-02,-2.240688809805E-02));
#2751 = CARTESIAN_POINT('',(2.833458382295E-02,-2.334672340175E-02));
#2752 = ( GEOMETRIC_REPRESENTATION_CONTEXT(2) 
PARAMETRIC_REPRESENTATION_CONTEXT() REPRESENTATION_CONTEXT('2D SPACE',''
  ) );
#2753 = ORIENTED_EDGE('',*,*,#2754,.T.);
#2754 = EDGE_CURVE('',#2711,#2755,#2757,.T.);
#2755 = VERTEX_POINT('',#2756);
#2756 = CARTESIAN_POINT('',(-0.207651247446,1.173306374235,
    -0.15495568971));
#2757 = SURFACE_CURVE('',#2758,(#2767,#2774),.PCURVE_S1.);
#2758 = ( BOUNDED_CURVE() B_SPLINE_CURVE(7,(#2759,#2760,#2761,#2762,
    #2763,#2764,#2765,#2766),.UNSPECIFIED.,.F.,.F.) 
B_SPLINE_CURVE_WITH_KNOTS((8,8),(0.,1.),.PIECEWISE_BEZIER_KNOTS.) CURVE(
) GEOMETRIC_REPRESENTATION_ITEM() RATIONAL_B_SPLINE_CURVE((1.,1.,1.,1.,
1.,1.,1.,1.)) REPRESENTATION_ITEM('') );
#2759 = CARTESIAN_POINT('',(1.62430063769E-03,1.177113206044,
    -0.130891434334));
#2760 = CARTESIAN_POINT('',(-2.815388103348E-02,1.179662276098,
    -0.13282599781));
#2761 = CARTESIAN_POINT('',(-5.686392703168E-02,1.203254282084,
    -0.151032017746));
#2762 = CARTESIAN_POINT('',(-9.021878433892E-02,1.162993273253,
    -0.122587874543));
#2763 = CARTESIAN_POINT('',(-0.118596013756,1.210768519442,
    -0.161643711774));
#2764 = CARTESIAN_POINT('',(-0.149167976062,1.168364526624,
    -0.141327029236));
#2765 = CARTESIAN_POINT('',(-0.179568359113,1.186251352496,
    -0.151663924078));
#2766 = CARTESIAN_POINT('',(-0.207651247446,1.173306374235,
    -0.15495568971));
#2767 = PCURVE('',#2518,#2768);
#2768 = DEFINITIONAL_REPRESENTATION('',(#2769),#2773);
#2769 = LINE('',#2770,#2771);
#2770 = CARTESIAN_POINT('',(1.,0.));
#2771 = VECTOR('',#2772,1.);
#2772 = DIRECTION('',(0.,1.));
#2773 = ( GEOMETRIC_REPRESENTATION_CONTEXT(2) 
PARAMETRIC_REPRESENTATION_CONTEXT() REPRESENTATION_CONTEXT('2D SPACE',''
  ) );
#2774 = PCURVE('',#2614,#2775);
#2775 = DEFINITIONAL_REPRESENTATION('',(#2776),#2780);
#2776 = LINE('',#2777,#2778);
#2777 = CARTESIAN_POINT('',(1.,0.));
#2778 = VECTOR('',#2779,1.);
#2779 = DIRECTION('',(0.,1.));
#2780 = ( GEOMETRIC_REPRESENTATION_CONTEXT(2) 
PARAMETRIC_REPRESENTATION_CONTEXT() REPRESENTATION_CONTEXT('2D SPACE',''
  ) );
#2781 = ORIENTED_EDGE('',*,*,#2782,.F.);
#2782 = EDGE_CURVE('',#2783,#2755,#2785,.T.);
#2783 = VERTEX_POINT('',#2784);
#2784 = CARTESIAN_POINT('',(-0.207651247446,1.1517,-0.138320186395));
#2785 = SURFACE_CURVE('',#2786,(#2798,#2805),.PCURVE_S1.);
#2786 = B_SPLINE_CURVE_WITH_KNOTS('',10,(#2787,#2788,#2789,#2790,#2791,
    #2792,#2793,#2794,#2795,#2796,#2797),.UNSPECIFIED.,.F.,.F.,(11,11),(
    0.,1.),.PIECEWISE_BEZIER_KNOTS.);
#2787 = CARTESIAN_POINT('',(-0.207651247446,1.1517,-0.138320186395));
#2788 = CARTESIAN_POINT('',(-0.207651247446,1.141518236015,
    -0.138320186395));
#2789 = CARTESIAN_POINT('',(-0.207651247446,1.131336158388,
    -0.142424513191));
#2790 = CARTESIAN_POINT('',(-0.207651247446,1.124296837747,
    -0.150636136531));
#2791 = CARTESIAN_POINT('',(-0.207651247446,1.12352887348,
    -0.161313598482));
#2792 = CARTESIAN_POINT('',(-0.207651247446,1.130543790477,
    -0.171244595468));
#2793 = CARTESIAN_POINT('',(-0.207651247446,1.143442278326,
    -0.176645625445));
#2794 = CARTESIAN_POINT('',(-0.207651247446,1.157310283065,
    -0.176054342893));
#2795 = CARTESIAN_POINT('',(-0.207651247446,1.167975629558,
    -0.170634523695));
#2796 = CARTESIAN_POINT('',(-0.207651247446,1.173306374235,
    -0.162794985961));
#2797 = CARTESIAN_POINT('',(-0.207651247446,1.173306374235,
    -0.15495568971));
#2798 = PCURVE('',#2518,#2799);
#2799 = DEFINITIONAL_REPRESENTATION('',(#2800),#2804);
#2800 = LINE('',#2801,#2802);
#2801 = CARTESIAN_POINT('',(0.,1.));
#2802 = VECTOR('',#2803,1.);
#2803 = DIRECTION('',(1.,0.));
#2804 = ( GEOMETRIC_REPRESENTATION_CONTEXT(2) 
PARAMETRIC_REPRESENTATION_CONTEXT() REPRESENTATION_CONTEXT('2D SPACE',''
  ) );
#2805 = PCURVE('',#2806,#2811);
#2806 = PLANE('',#2807);
#2807 = AXIS2_PLACEMENT_3D('',#2808,#2809,#2810);
#2808 = CARTESIAN_POINT('',(-0.207651247446,1.1517,-0.138320186395));
#2809 = DIRECTION('',(-1.,5.207712488916E-15,-1.9858562789E-15));
#2810 = DIRECTION('',(2.505128830265E-15,0.101688936561,-0.99481624443)
  );
#2811 = DEFINITIONAL_REPRESENTATION('',(#2812),#2824);
#2812 = B_SPLINE_CURVE_WITH_KNOTS('',10,(#2813,#2814,#2815,#2816,#2817,
    #2818,#2819,#2820,#2821,#2822,#2823),.UNSPECIFIED.,.F.,.F.,(11,11),(
    0.,1.),.PIECEWISE_BEZIER_KNOTS.);
#2813 = CARTESIAN_POINT('',(0.,0.));
#2814 = CARTESIAN_POINT('',(-1.035372751937E-03,1.012898420914E-02));
#2815 = CARTESIAN_POINT('',(2.012273571777E-03,2.067564506161E-02));
#2816 = CARTESIAN_POINT('',(9.4655088329E-03,2.851350683016E-02));
#2817 = CARTESIAN_POINT('',(2.000952796228E-02,3.036326990878E-02));
#2818 = CARTESIAN_POINT('',(3.060238453605E-02,2.439458904919E-02));
#2819 = CARTESIAN_POINT('',(3.728705040688E-02,1.211218880359E-02));
#2820 = CARTESIAN_POINT('',(3.810905557362E-02,-1.744054482577E-03));
#2821 = CARTESIAN_POINT('',(3.380187913642E-02,-1.290525007662E-02));
#2822 = CARTESIAN_POINT('',(2.654505740666E-02,-1.900555573147E-02));
#2823 = CARTESIAN_POINT('',(1.87463981515E-02,-1.980272543058E-02));
#2824 = ( GEOMETRIC_REPRESENTATION_CONTEXT(2) 
PARAMETRIC_REPRESENTATION_CONTEXT() REPRESENTATION_CONTEXT('2D SPACE',''
  ) );
#2825 = ORIENTED_EDGE('',*,*,#2826,.F.);
#2826 = EDGE_CURVE('',#2827,#2783,#2829,.T.);
#2827 = VERTEX_POINT('',#2828);
#2828 = CARTESIAN_POINT('',(-8.582855833345E-02,1.1517,-0.105396550163)
  );
#2829 = SURFACE_CURVE('',#2830,(#2839,#2846),.PCURVE_S1.);
#2830 = ( BOUNDED_CURVE() B_SPLINE_CURVE(7,(#2831,#2832,#2833,#2834,
    #2835,#2836,#2837,#2838),.UNSPECIFIED.,.F.,.F.) 
B_SPLINE_CURVE_WITH_KNOTS((8,8),(0.,1.),.PIECEWISE_BEZIER_KNOTS.) CURVE(
) GEOMETRIC_REPRESENTATION_ITEM() RATIONAL_B_SPLINE_CURVE((1.,1.,1.,1.,
1.,1.,1.,1.)) REPRESENTATION_ITEM('') );
#2831 = CARTESIAN_POINT('',(1.62430063769E-03,1.1517,-0.104394508237));
#2832 = CARTESIAN_POINT('',(-2.815388103349E-02,1.1517,-0.102084312597)
  );
#2833 = CARTESIAN_POINT('',(-5.686392703166E-02,1.1517,-0.102902415365)
  );
#2834 = CARTESIAN_POINT('',(-9.021878433896E-02,1.1517,-0.102837414571)
  );
#2835 = CARTESIAN_POINT('',(-0.118596013756,1.1517,-0.107029882307));
#2836 = CARTESIAN_POINT('',(-0.149167976062,1.1517,-0.116387388609));
#2837 = CARTESIAN_POINT('',(-0.179568359113,1.1517,-0.124181838811));
#2838 = CARTESIAN_POINT('',(-0.207651247446,1.1517,-0.138320186395));
#2839 = PCURVE('',#2518,#2840);
#2840 = DEFINITIONAL_REPRESENTATION('',(#2841),#2845);
#2841 = LINE('',#2842,#2843);
#2842 = CARTESIAN_POINT('',(0.,0.));
#2843 = VECTOR('',#2844,1.);
#2844 = DIRECTION('',(0.,1.));
#2845 = ( GEOMETRIC_REPRESENTATION_CONTEXT(2) 
PARAMETRIC_REPRESENTATION_CONTEXT() REPRESENTATION_CONTEXT('2D SPACE',''
  ) );
#2846 = PCURVE('',#2614,#2847);
#2847 = DEFINITIONAL_REPRESENTATION('',(#2848),#2852);
#2848 = LINE('',#2849,#2850);
#2849 = CARTESIAN_POINT('',(2.,0.));
#2850 = VECTOR('',#2851,1.);
#2851 = DIRECTION('',(0.,1.));
#2852 = ( GEOMETRIC_REPRESENTATION_CONTEXT(2) 
PARAMETRIC_REPRESENTATION_CONTEXT() REPRESENTATION_CONTEXT('2D SPACE',''
  ) );
#2853 = ORIENTED_EDGE('',*,*,#2854,.F.);
#2854 = EDGE_CURVE('',#2855,#2827,#2857,.T.);
#2855 = VERTEX_POINT('',#2856);
#2856 = CARTESIAN_POINT('',(-8.381833030647E-02,1.148099611274,
    -0.105396550163));
#2857 = SURFACE_CURVE('',#2858,(#2866,#2876),.PCURVE_S1.);
#2858 = B_SPLINE_CURVE_WITH_KNOTS('',6,(#2859,#2860,#2861,#2862,#2863,
    #2864,#2865),.UNSPECIFIED.,.F.,.F.,(7,7),(0.,1.),
  .PIECEWISE_BEZIER_KNOTS.);
#2859 = CARTESIAN_POINT('',(-8.376071139043E-02,1.148049810401,
    -0.105396550163));
#2860 = CARTESIAN_POINT('',(-8.434756428175E-02,1.14855317233,
    -0.105396550163));
#2861 = CARTESIAN_POINT('',(-8.487734372689E-02,1.149100620724,
    -0.105396550163));
#2862 = CARTESIAN_POINT('',(-8.53266336028E-02,1.149696716535,
    -0.105396550163));
#2863 = CARTESIAN_POINT('',(-8.566016513115E-02,1.150339377977,
    -0.105396550163));
#2864 = CARTESIAN_POINT('',(-8.582855833345E-02,1.151018372013,
    -0.105396550163));
#2865 = CARTESIAN_POINT('',(-8.582855833345E-02,1.1517,-0.105396550163)
  );
#2866 = PCURVE('',#2518,#2867);
#2867 = DEFINITIONAL_REPRESENTATION('',(#2868),#2875);
#2868 = B_SPLINE_CURVE_WITH_KNOTS('',5,(#2869,#2870,#2871,#2872,#2873,
    #2874),.UNSPECIFIED.,.F.,.F.,(6,6),(1.643010110053E-02,1.),
  .PIECEWISE_BEZIER_KNOTS.);
#2869 = CARTESIAN_POINT('',(2.221073786107E-02,0.405672689975));
#2870 = CARTESIAN_POINT('',(1.850724568669E-02,0.408899921331));
#2871 = CARTESIAN_POINT('',(1.441035717323E-02,0.411718445756));
#2872 = CARTESIAN_POINT('',(9.884284476673E-03,0.413958135245));
#2873 = CARTESIAN_POINT('',(4.955396693205E-03,0.415114121281));
#2874 = CARTESIAN_POINT('',(0.,0.415112821522));
#2875 = ( GEOMETRIC_REPRESENTATION_CONTEXT(2) 
PARAMETRIC_REPRESENTATION_CONTEXT() REPRESENTATION_CONTEXT('2D SPACE',''
  ) );
#2876 = PCURVE('',#2877,#2966);
#2877 = ( BOUNDED_SURFACE() B_SPLINE_SURFACE(10,7,(
    (#2878,#2879,#2880,#2881,#2882,#2883,#2884,#2885)
    ,(#2886,#2887,#2888,#2889,#2890,#2891,#2892,#2893)
    ,(#2894,#2895,#2896,#2897,#2898,#2899,#2900,#2901)
    ,(#2902,#2903,#2904,#2905,#2906,#2907,#2908,#2909)
    ,(#2910,#2911,#2912,#2913,#2914,#2915,#2916,#2917)
    ,(#2918,#2919,#2920,#2921,#2922,#2923,#2924,#2925)
    ,(#2926,#2927,#2928,#2929,#2930,#2931,#2932,#2933)
    ,(#2934,#2935,#2936,#2937,#2938,#2939,#2940,#2941)
    ,(#2942,#2943,#2944,#2945,#2946,#2947,#2948,#2949)
    ,(#2950,#2951,#2952,#2953,#2954,#2955,#2956,#2957)
    ,(#2958,#2959,#2960,#2961,#2962,#2963,#2964,#2965
)),.UNSPECIFIED.,.F.,.F.,.F.) B_SPLINE_SURFACE_WITH_KNOTS((11,11),(8,8),
  (0.,1.),(0.,1.),.PIECEWISE_BEZIER_KNOTS.) 
GEOMETRIC_REPRESENTATION_ITEM() RATIONAL_B_SPLINE_SURFACE((
    (1.,1.,1.,1.,1.,1.,1.,1.)
    ,(1.,1.,1.,1.,1.,1.,1.,1.)
    ,(1.,1.,1.,1.,1.,1.,1.,1.)
    ,(1.,1.,1.,1.,1.,1.,1.,1.)
    ,(1.,1.,1.,1.,1.,1.,1.,1.)
    ,(1.,1.,1.,1.,1.,1.,1.,1.)
    ,(1.,1.,1.,1.,1.,1.,1.,1.)
    ,(1.,1.,1.,1.,1.,1.,1.,1.)
    ,(1.,1.,1.,1.,1.,1.,1.,1.)
    ,(1.,1.,1.,1.,1.,1.,1.,1.)
,(1.,1.,1.,1.,1.,1.,1.,1.))) REPRESENTATION_ITEM('') SURFACE() );
#2878 = CARTESIAN_POINT('',(1.62430063769E-03,1.1517,-0.104394508237));
#2879 = CARTESIAN_POINT('',(-2.815388103349E-02,1.1517,-0.102084312597)
  );
#2880 = CARTESIAN_POINT('',(-5.686392703166E-02,1.1517,-0.102902415365)
  );
#2881 = CARTESIAN_POINT('',(-9.021878433896E-02,1.1517,-0.102837414571)
  );
#2882 = CARTESIAN_POINT('',(-0.118596013756,1.1517,-0.107029882307));
#2883 = CARTESIAN_POINT('',(-0.149167976062,1.1517,-0.116387388609));
#2884 = CARTESIAN_POINT('',(-0.179568359113,1.1517,-0.124181838811));
#2885 = CARTESIAN_POINT('',(-0.207651247446,1.1517,-0.138320186395));
#2886 = CARTESIAN_POINT('',(1.624300637691E-03,1.139724308788,
    -0.104394508237));
#2887 = CARTESIAN_POINT('',(-2.81538810335E-02,1.138523087825,
    -0.102084312597));
#2888 = CARTESIAN_POINT('',(-5.686392703164E-02,1.127405616921,
    -0.102902415365));
#2889 = CARTESIAN_POINT('',(-9.021878433901E-02,1.146378170358,
    -0.102837414571));
#2890 = CARTESIAN_POINT('',(-0.118596013756,1.123864615989,
    -0.107029882307));
#2891 = CARTESIAN_POINT('',(-0.149167976062,1.143847026838,
    -0.116387388609));
#2892 = CARTESIAN_POINT('',(-0.179568359113,1.135418058724,
    -0.124181838811));
#2893 = CARTESIAN_POINT('',(-0.207651247446,1.141518236015,
    -0.138320186395));
#2894 = CARTESIAN_POINT('',(1.62430063769E-03,1.127748248674,
    -0.110931854402));
#2895 = CARTESIAN_POINT('',(-2.815388103345E-02,1.125345769745,
    -0.109668929665));
#2896 = CARTESIAN_POINT('',(-5.686392703177E-02,1.103110485473,
    -0.114776995473));
#2897 = CARTESIAN_POINT('',(-9.021878433876E-02,1.141056176778,
    -0.10771026636));
#2898 = CARTESIAN_POINT('',(-0.118596013756,1.096028374533,
    -0.120504256932));
#2899 = CARTESIAN_POINT('',(-0.149167976062,1.135993811769,
    -0.122540519859));
#2900 = CARTESIAN_POINT('',(-0.179568359113,1.119135615895,
    -0.13096224436));
#2901 = CARTESIAN_POINT('',(-0.207651247446,1.131336158388,
    -0.142424513191));
#2902 = CARTESIAN_POINT('',(1.624300637691E-03,1.119468668586,
    -0.124011276926));
#2903 = CARTESIAN_POINT('',(-2.815388103356E-02,1.116235706892,
    -0.124843651764));
#2904 = CARTESIAN_POINT('',(-5.686392703143E-02,1.086314186465,
    -0.138534747717));
#2905 = CARTESIAN_POINT('',(-9.021878433938E-02,1.13737684722,
    -0.117459495765));
#2906 = CARTESIAN_POINT('',(-0.118596013755,1.076783949538,
    -0.147462755763));
#2907 = CARTESIAN_POINT('',(-0.149167976063,1.130564536831,
    -0.13485123455));
#2908 = CARTESIAN_POINT('',(-0.179568359113,1.107878842954,
    -0.144527961519));
#2909 = CARTESIAN_POINT('',(-0.207651247446,1.124296837747,
    -0.150636136531));
#2910 = CARTESIAN_POINT('',(1.62430063769E-03,1.118565396528,
    -0.141018271837));
#2911 = CARTESIAN_POINT('',(-2.81538810334E-02,1.115241832183,
    -0.144575136166));
#2912 = CARTESIAN_POINT('',(-5.686392703192E-02,1.084481771374,
    -0.169426629281));
#2913 = CARTESIAN_POINT('',(-9.02187843385E-02,1.136975445737,
    -0.130136285932));
#2914 = CARTESIAN_POINT('',(-0.118596013756,1.074684452819,
    -0.18251652451));
#2915 = CARTESIAN_POINT('',(-0.149167976062,1.129972222681,
    -0.150858689138));
#2916 = CARTESIAN_POINT('',(-0.179568359113,1.106650769991,
    -0.162167278722));
#2917 = CARTESIAN_POINT('',(-0.207651247446,1.12352887348,
    -0.161313598482));
#2918 = CARTESIAN_POINT('',(1.624300637691E-03,1.126816273287,
    -0.156836301998));
#2919 = CARTESIAN_POINT('',(-2.81538810336E-02,1.124320312627,
    -0.162927185839));
#2920 = CARTESIAN_POINT('',(-5.686392703131E-02,1.101219841604,
    -0.198158848983));
#2921 = CARTESIAN_POINT('',(-9.021878433958E-02,1.140642019967,
    -0.141926837426));
#2922 = CARTESIAN_POINT('',(-0.118596013755,1.093862161953,
    -0.215119672455));
#2923 = CARTESIAN_POINT('',(-0.149167976063,1.135382675637,
    -0.165747057179));
#2924 = CARTESIAN_POINT('',(-0.179568359113,1.117868518383,
    -0.178573425307));
#2925 = CARTESIAN_POINT('',(-0.207651247446,1.130543790477,
    -0.171244595468));
#2926 = CARTESIAN_POINT('',(1.62430063769E-03,1.141987348535,
    -0.165439028915));
#2927 = CARTESIAN_POINT('',(-2.815388103338E-02,1.141013121632,
    -0.17290805388));
#2928 = CARTESIAN_POINT('',(-5.6863927032E-02,1.131996513065,
    -0.213785032355));
#2929 = CARTESIAN_POINT('',(-9.021878433837E-02,1.147383833553,
    -0.148339196842));
#2930 = CARTESIAN_POINT('',(-0.118596013756,1.129124653126,
    -0.232851082475));
#2931 = CARTESIAN_POINT('',(-0.149167976062,1.145330998829,
    -0.173844181989));
#2932 = CARTESIAN_POINT('',(-0.179568359113,1.138494848166,
    -0.187496002735));
#2933 = CARTESIAN_POINT('',(-0.207651247446,1.143442278326,
    -0.176645625445));
#2934 = CARTESIAN_POINT('',(1.624300637691E-03,1.158298760067,
    -0.164497237749));
#2935 = CARTESIAN_POINT('',(-2.815388103356E-02,1.158960648287,
    -0.171815389491));
#2936 = CARTESIAN_POINT('',(-5.68639270314E-02,1.165086517908,
    -0.212074342057));
#2937 = CARTESIAN_POINT('',(-9.021878433942E-02,1.154632396668,
    -0.147637198105));
#2938 = CARTESIAN_POINT('',(-0.118596013755,1.167037655016,
    -0.23090992062));
#2939 = CARTESIAN_POINT('',(-0.149167976063,1.156027089338,
    -0.172957742064));
#2940 = CARTESIAN_POINT('',(-0.179568359113,1.160671559303,
    -0.18651919565));
#2941 = CARTESIAN_POINT('',(-0.207651247446,1.157310283065,
    -0.176054342893));
#2942 = CARTESIAN_POINT('',(1.62430063769E-03,1.170843236295,
    -0.155864583478));
#2943 = CARTESIAN_POINT('',(-2.815388103346E-02,1.172763397422,
    -0.161799799788));
#2944 = CARTESIAN_POINT('',(-5.686392703175E-02,1.190534761827,
    -0.196393797981));
#2945 = CARTESIAN_POINT('',(-9.02187843388E-02,1.160206986406,
    -0.141202531229));
#2946 = CARTESIAN_POINT('',(-0.118596013756,1.196195079581,
    -0.213116826189));
#2947 = CARTESIAN_POINT('',(-0.149167976062,1.164253039168,
    -0.164832448797));
#2948 = CARTESIAN_POINT('',(-0.179568359113,1.177726810785,
    -0.177565578166));
#2949 = CARTESIAN_POINT('',(-0.207651247446,1.167975629558,
    -0.170634523695));
#2950 = CARTESIAN_POINT('',(1.62430063769E-03,1.177113206044,
    -0.143377816589));
#2951 = CARTESIAN_POINT('',(-2.81538810335E-02,1.179662276098,
    -0.147312675673));
#2952 = CARTESIAN_POINT('',(-5.686392703163E-02,1.203254282084,
    -0.173712558535));
#2953 = CARTESIAN_POINT('',(-9.021878433902E-02,1.162993273254,
    -0.131895059536));
#2954 = CARTESIAN_POINT('',(-0.118596013756,1.21076851944,-0.18737987259
    ));
#2955 = CARTESIAN_POINT('',(-0.149167976062,1.168364526625,
    -0.153079558003));
#2956 = CARTESIAN_POINT('',(-0.179568359113,1.186251352496,
    -0.164614551655));
#2957 = CARTESIAN_POINT('',(-0.207651247446,1.173306374235,
    -0.162794985961));
#2958 = CARTESIAN_POINT('',(1.62430063769E-03,1.177113206044,
    -0.130891434334));
#2959 = CARTESIAN_POINT('',(-2.815388103348E-02,1.179662276098,
    -0.13282599781));
#2960 = CARTESIAN_POINT('',(-5.686392703168E-02,1.203254282084,
    -0.151032017746));
#2961 = CARTESIAN_POINT('',(-9.021878433892E-02,1.162993273253,
    -0.122587874543));
#2962 = CARTESIAN_POINT('',(-0.118596013756,1.210768519442,
    -0.161643711774));
#2963 = CARTESIAN_POINT('',(-0.149167976062,1.168364526624,
    -0.141327029236));
#2964 = CARTESIAN_POINT('',(-0.179568359113,1.186251352496,
    -0.151663924078));
#2965 = CARTESIAN_POINT('',(-0.207651247446,1.173306374235,
    -0.15495568971));
#2966 = DEFINITIONAL_REPRESENTATION('',(#2967),#2975);
#2967 = B_SPLINE_CURVE_WITH_KNOTS('',6,(#2968,#2969,#2970,#2971,#2972,
    #2973,#2974),.UNSPECIFIED.,.F.,.F.,(7,7),(0.,1.),
  .PIECEWISE_BEZIER_KNOTS.);
#2968 = CARTESIAN_POINT('',(2.251900919842E-02,0.405402147213));
#2969 = CARTESIAN_POINT('',(1.940291621615E-02,0.408157624895));
#2970 = CARTESIAN_POINT('',(1.601948918876E-02,0.410645381895));
#2971 = CARTESIAN_POINT('',(1.234080752834E-02,0.412755398627));
#2972 = CARTESIAN_POINT('',(8.380037282858E-03,0.414321922101));
#2973 = CARTESIAN_POINT('',(4.198140393194E-03,0.415112821522));
#2974 = CARTESIAN_POINT('',(0.,0.415112821522));
#2975 = ( GEOMETRIC_REPRESENTATION_CONTEXT(2) 
PARAMETRIC_REPRESENTATION_CONTEXT() REPRESENTATION_CONTEXT('2D SPACE',''
  ) );
#2976 = ORIENTED_EDGE('',*,*,#2977,.T.);
#2977 = EDGE_CURVE('',#2855,#2505,#2978,.T.);
#2978 = SURFACE_CURVE('',#2979,(#3019,#3052),.PCURVE_S1.);
#2979 = B_SPLINE_CURVE_WITH_KNOTS('',8,(#2980,#2981,#2982,#2983,#2984,
    #2985,#2986,#2987,#2988,#2989,#2990,#2991,#2992,#2993,#2994,#2995,
    #2996,#2997,#2998,#2999,#3000,#3001,#3002,#3003,#3004,#3005,#3006,
    #3007,#3008,#3009,#3010,#3011,#3012,#3013,#3014,#3015,#3016,#3017,
    #3018),.UNSPECIFIED.,.F.,.F.,(9,7,7,8,8,9),(0.,0.287922816286,
    0.382625875648,0.424154367428,0.712077183714,1.),.UNSPECIFIED.);
#2980 = CARTESIAN_POINT('',(-8.381833030647E-02,1.148099611274,
    -0.105396550163));
#2981 = CARTESIAN_POINT('',(-8.164296702888E-02,1.148049570167,
    -0.105193712626));
#2982 = CARTESIAN_POINT('',(-7.946398770458E-02,1.148021216783,
    -0.105001514327));
#2983 = CARTESIAN_POINT('',(-7.728097948569E-02,1.148018569479,
    -0.104819219826));
#2984 = CARTESIAN_POINT('',(-7.509435090589E-02,1.148044608658,
    -0.104646135726));
#2985 = CARTESIAN_POINT('',(-7.290579701785E-02,1.148106067411,
    -0.104481567851));
#2986 = CARTESIAN_POINT('',(-7.071798264098E-02,1.148210226866,
    -0.10432481319));
#2987 = CARTESIAN_POINT('',(-6.853458857306E-02,1.148365802151,
    -0.104175180682));
#2988 = CARTESIAN_POINT('',(-6.564721638919E-02,1.148677028678,
    -0.103984952049));
#2989 = CARTESIAN_POINT('',(-6.493434520945E-02,1.148762622486,
    -0.103938610896));
#2990 = CARTESIAN_POINT('',(-6.4223129023E-02,1.148857550772,
    -0.103892966226));
#2991 = CARTESIAN_POINT('',(-6.351402393475E-02,1.148963350329,
    -0.103848007146));
#2992 = CARTESIAN_POINT('',(-6.280784928887E-02,1.149081663139,
    -0.103803744132));
#2993 = CARTESIAN_POINT('',(-6.21058569887E-02,1.149214455826,
    -0.103760210011));
#2994 = CARTESIAN_POINT('',(-6.141008605937E-02,1.149365125701,
    -0.103717474952));
#2995 = CARTESIAN_POINT('',(-6.042314559278E-02,1.14961739247,
    -0.103657346249));
#2996 = CARTESIAN_POINT('',(-6.01245538493E-02,1.149699018237,
    -0.103639219993));
#2997 = CARTESIAN_POINT('',(-5.982825758801E-02,1.149785903034,
    -0.103621294498));
#2998 = CARTESIAN_POINT('',(-5.953476217668E-02,1.149878918263,
    -0.103603592114));
#2999 = CARTESIAN_POINT('',(-5.924490961166E-02,1.14997900795,
    -0.1035861544));
#3000 = CARTESIAN_POINT('',(-5.895995428139E-02,1.150087287583,
    -0.103569047145));
#3001 = CARTESIAN_POINT('',(-5.86818528673E-02,1.150205508259,
    -0.103552375763));
#3002 = CARTESIAN_POINT('',(-5.841376838204E-02,1.150336886116,
    -0.103536311059));
#3003 = CARTESIAN_POINT('',(-5.830363799413E-02,1.150390789008,
    -0.103529714537));
#3004 = CARTESIAN_POINT('',(-5.819547894676E-02,1.150446964508,
    -0.103523230119));
#3005 = CARTESIAN_POINT('',(-5.808923172208E-02,1.150505477402,
    -0.103516864839));
#3006 = CARTESIAN_POINT('',(-5.798530052902E-02,1.150566576027,
    -0.103510639934));
#3007 = CARTESIAN_POINT('',(-5.788426387566E-02,1.150630579476,
    -0.103504584179));
#3008 = CARTESIAN_POINT('',(-5.778674661103E-02,1.150697806238,
    -0.10349873228));
#3009 = CARTESIAN_POINT('',(-5.769345343613E-02,1.150768544266,
    -0.103493128317));
#3010 = CARTESIAN_POINT('',(-5.760536388433E-02,1.150843062491,
    -0.103487834247));
#3011 = CARTESIAN_POINT('',(-5.750090549195E-02,1.1509312473,
    -0.103481560458));
#3012 = CARTESIAN_POINT('',(-5.74057898342E-02,1.151025397243,
    -0.103475784484));
#3013 = CARTESIAN_POINT('',(-5.731376932993E-02,1.15112383434,
    -0.103470352561));
#3014 = CARTESIAN_POINT('',(-5.724500586272E-02,1.151231094163,
    -0.103465996585));
#3015 = CARTESIAN_POINT('',(-5.717764082516E-02,1.151342304378,
    -0.103462073698));
#3016 = CARTESIAN_POINT('',(-5.714008659203E-02,1.151459685598,
    -0.10345966565));
#3017 = CARTESIAN_POINT('',(-5.711866051002E-02,1.151580220525,
    -0.103458372166));
#3018 = CARTESIAN_POINT('',(-5.711867883347E-02,1.1517,-0.103458372841)
  );
#3019 = PCURVE('',#2518,#3020);
#3020 = DEFINITIONAL_REPRESENTATION('',(#3021),#3051);
#3021 = B_SPLINE_CURVE_WITH_KNOTS('',6,(#3022,#3023,#3024,#3025,#3026,
    #3027,#3028,#3029,#3030,#3031,#3032,#3033,#3034,#3035,#3036,#3037,
    #3038,#3039,#3040,#3041,#3042,#3043,#3044,#3045,#3046,#3047,#3048,
    #3049,#3050),.UNSPECIFIED.,.F.,.F.,(7,5,5,6,6,7),(0.,0.212077183714,
    0.318115775571,0.424154367428,0.712077183714,1.),.UNSPECIFIED.);
#3022 = CARTESIAN_POINT('',(2.221073643561E-02,0.405672689034));
#3023 = CARTESIAN_POINT('',(2.25126303547E-02,0.395641260001));
#3024 = CARTESIAN_POINT('',(2.267651473434E-02,0.385596418163));
#3025 = CARTESIAN_POINT('',(2.2687368633E-02,0.375534285539));
#3026 = CARTESIAN_POINT('',(2.251289313723E-02,0.365457924766));
#3027 = CARTESIAN_POINT('',(2.210351136163E-02,0.355377339094));
#3028 = CARTESIAN_POINT('',(2.103655056338E-02,0.340275051391));
#3029 = CARTESIAN_POINT('',(2.060197308694E-02,0.335245921995));
#3030 = CARTESIAN_POINT('',(2.00817095914E-02,0.330220478876));
#3031 = CARTESIAN_POINT('',(1.946075681798E-02,0.325201618641));
#3032 = CARTESIAN_POINT('',(1.871603467724E-02,0.320196739835));
#3033 = CARTESIAN_POINT('',(1.691756778366E-02,0.310236612977));
#3034 = CARTESIAN_POINT('',(1.584835816683E-02,0.305293970158));
#3035 = CARTESIAN_POINT('',(1.462377816434E-02,0.300340097444));
#3036 = CARTESIAN_POINT('',(1.304996491049E-02,0.295557262039));
#3037 = CARTESIAN_POINT('',(1.124786285984E-02,0.290709061244));
#3038 = CARTESIAN_POINT('',(8.476516173997E-03,0.286415710597));
#3039 = CARTESIAN_POINT('',(8.030044783954E-03,0.285727293624));
#3040 = CARTESIAN_POINT('',(7.559004485242E-03,0.285050975746));
#3041 = CARTESIAN_POINT('',(7.058575923236E-03,0.284394150827));
#3042 = CARTESIAN_POINT('',(6.523939743314E-03,0.283764212731));
#3043 = CARTESIAN_POINT('',(5.950276590854E-03,0.283168555321));
#3044 = CARTESIAN_POINT('',(5.332767111232E-03,0.282614572461));
#3045 = CARTESIAN_POINT('',(4.601123500403E-03,0.281960688665));
#3046 = CARTESIAN_POINT('',(3.806175355064E-03,0.281375369832));
#3047 = CARTESIAN_POINT('',(2.939686895039E-03,0.280870979608));
#3048 = CARTESIAN_POINT('',(1.996205016971E-03,0.280504733095));
#3049 = CARTESIAN_POINT('',(9.94665631425E-04,0.280326354952));
#3050 = CARTESIAN_POINT('',(1.667177792869E-17,0.280325737498));
#3051 = ( GEOMETRIC_REPRESENTATION_CONTEXT(2) 
PARAMETRIC_REPRESENTATION_CONTEXT() REPRESENTATION_CONTEXT('2D SPACE',''
  ) );
#3052 = PCURVE('',#2877,#3053);
#3053 = DEFINITIONAL_REPRESENTATION('',(#3054),#3094);
#3054 = B_SPLINE_CURVE_WITH_KNOTS('',8,(#3055,#3056,#3057,#3058,#3059,
    #3060,#3061,#3062,#3063,#3064,#3065,#3066,#3067,#3068,#3069,#3070,
    #3071,#3072,#3073,#3074,#3075,#3076,#3077,#3078,#3079,#3080,#3081,
    #3082,#3083,#3084,#3085,#3086,#3087,#3088,#3089,#3090,#3091,#3092,
    #3093),.UNSPECIFIED.,.F.,.F.,(9,7,7,8,8,9),(0.,0.287922816286,
    0.382625875648,0.424154367428,0.712077183714,1.),.UNSPECIFIED.);
#3055 = CARTESIAN_POINT('',(2.221073643694E-02,0.405672688989));
#3056 = CARTESIAN_POINT('',(2.25168783327E-02,0.39545852588));
#3057 = CARTESIAN_POINT('',(2.269171606787E-02,0.385230795897));
#3058 = CARTESIAN_POINT('',(2.271060232088E-02,0.374986781756));
#3059 = CARTESIAN_POINT('',(2.255547447142E-02,0.364727489095));
#3060 = CARTESIAN_POINT('',(2.218489228985E-02,0.354459816983));
#3061 = CARTESIAN_POINT('',(2.155402276237E-02,0.344195069655));
#3062 = CARTESIAN_POINT('',(2.060878638579E-02,0.333949218023));
#3063 = CARTESIAN_POINT('',(1.870795273601E-02,0.320395710924));
#3064 = CARTESIAN_POINT('',(1.818463220839E-02,0.317049109509));
#3065 = CARTESIAN_POINT('',(1.760361182534E-02,0.313709892023));
#3066 = CARTESIAN_POINT('',(1.695524894617E-02,0.310380155704));
#3067 = CARTESIAN_POINT('',(1.62292159518E-02,0.307063703562));
#3068 = CARTESIAN_POINT('',(1.541312118618E-02,0.303766373291));
#3069 = CARTESIAN_POINT('',(1.448559903431E-02,0.300497709783));
#3070 = CARTESIAN_POINT('',(1.292952840834E-02,0.295860333106));
#3071 = CARTESIAN_POINT('',(1.242566930529E-02,0.294457216118));
#3072 = CARTESIAN_POINT('',(1.188895364766E-02,0.293064771874));
#3073 = CARTESIAN_POINT('',(1.13139242947E-02,0.291685374717));
#3074 = CARTESIAN_POINT('',(1.069466247956E-02,0.290322981973));
#3075 = CARTESIAN_POINT('',(1.002417164188E-02,0.288983491588));
#3076 = CARTESIAN_POINT('',(9.291487758782E-03,0.287676107194));
#3077 = CARTESIAN_POINT('',(8.476516173995E-03,0.286415710597));
#3078 = CARTESIAN_POINT('',(8.142143515362E-03,0.285897933641));
#3079 = CARTESIAN_POINT('',(7.793556768091E-03,0.285389407007));
#3080 = CARTESIAN_POINT('',(7.430349563704E-03,0.28488985162));
#3081 = CARTESIAN_POINT('',(7.050969510281E-03,0.284401168925));
#3082 = CARTESIAN_POINT('',(6.65342261185E-03,0.283926080234));
#3083 = CARTESIAN_POINT('',(6.235719026279E-03,0.283467525242));
#3084 = CARTESIAN_POINT('',(5.796060161666E-03,0.283028819734));
#3085 = CARTESIAN_POINT('',(5.332767111232E-03,0.282614572461));
#3086 = CARTESIAN_POINT('',(4.784507106014E-03,0.282123349447));
#3087 = CARTESIAN_POINT('',(4.19896346991E-03,0.281676045094));
#3088 = CARTESIAN_POINT('',(3.586599588686E-03,0.281243280206));
#3089 = CARTESIAN_POINT('',(2.919119761189E-03,0.280919881025));
#3090 = CARTESIAN_POINT('',(2.226932778278E-03,0.280603050958));
#3091 = CARTESIAN_POINT('',(1.496173719671E-03,0.280426423331));
#3092 = CARTESIAN_POINT('',(7.457374006801E-04,0.280325651354));
#3093 = CARTESIAN_POINT('',(0.,0.280325737498));
#3094 = ( GEOMETRIC_REPRESENTATION_CONTEXT(2) 
PARAMETRIC_REPRESENTATION_CONTEXT() REPRESENTATION_CONTEXT('2D SPACE',''
  ) );
#3095 = ADVANCED_FACE('',(#3096),#2614,.F.);
#3096 = FACE_BOUND('',#3097,.F.);
#3097 = EDGE_LOOP('',(#3098,#3099,#3136,#3137,#3365,#3397,#3398));
#3098 = ORIENTED_EDGE('',*,*,#2754,.F.);
#3099 = ORIENTED_EDGE('',*,*,#3100,.T.);
#3100 = EDGE_CURVE('',#2711,#2503,#3101,.T.);
#3101 = SURFACE_CURVE('',#3102,(#3114,#3121),.PCURVE_S1.);
#3102 = B_SPLINE_CURVE_WITH_KNOTS('',10,(#3103,#3104,#3105,#3106,#3107,
    #3108,#3109,#3110,#3111,#3112,#3113),.UNSPECIFIED.,.F.,.F.,(11,11),(
    1.,2.),.PIECEWISE_BEZIER_KNOTS.);
#3103 = CARTESIAN_POINT('',(1.62430063769E-03,1.177113206044,
    -0.130891434334));
#3104 = CARTESIAN_POINT('',(1.62430063769E-03,1.177113206044,
    -0.126729306915));
#3105 = CARTESIAN_POINT('',(1.62430063769E-03,1.176416649668,
    -0.122567376236));
#3106 = CARTESIAN_POINT('',(1.62430063769E-03,1.175022999884,
    -0.118547582747));
#3107 = CARTESIAN_POINT('',(1.62430063769E-03,1.172963395015,
    -0.114813242529));
#3108 = CARTESIAN_POINT('',(1.62430063769E-03,1.170299496219,
    -0.111498781715));
#3109 = CARTESIAN_POINT('',(1.62430063769E-03,1.167120596324,
    -0.108721283693));
#3110 = CARTESIAN_POINT('',(1.62430063769E-03,1.163538990025,
    -0.106573849091));
#3111 = CARTESIAN_POINT('',(1.62430063769E-03,1.159683605449,
    -0.105120768544));
#3112 = CARTESIAN_POINT('',(1.62430063769E-03,1.155691897071,
    -0.104394508237));
#3113 = CARTESIAN_POINT('',(1.62430063769E-03,1.1517,-0.104394508237));
#3114 = PCURVE('',#2614,#3115);
#3115 = DEFINITIONAL_REPRESENTATION('',(#3116),#3120);
#3116 = LINE('',#3117,#3118);
#3117 = CARTESIAN_POINT('',(0.,0.));
#3118 = VECTOR('',#3119,1.);
#3119 = DIRECTION('',(1.,0.));
#3120 = ( GEOMETRIC_REPRESENTATION_CONTEXT(2) 
PARAMETRIC_REPRESENTATION_CONTEXT() REPRESENTATION_CONTEXT('2D SPACE',''
  ) );
#3121 = PCURVE('',#2734,#3122);
#3122 = DEFINITIONAL_REPRESENTATION('',(#3123),#3135);
#3123 = B_SPLINE_CURVE_WITH_KNOTS('',10,(#3124,#3125,#3126,#3127,#3128,
    #3129,#3130,#3131,#3132,#3133,#3134),.UNSPECIFIED.,.F.,.F.,(11,11),(
    1.,2.),.PIECEWISE_BEZIER_KNOTS.);
#3124 = CARTESIAN_POINT('',(2.833458382295E-02,-2.334672340175E-02));
#3125 = CARTESIAN_POINT('',(2.418426320047E-02,-2.366000183633E-02));
#3126 = CARTESIAN_POINT('',(1.998170977963E-02,-2.32786850232E-02));
#3127 = CARTESIAN_POINT('',(1.586842094501E-02,-2.21915537618E-02));
#3128 = CARTESIAN_POINT('',(1.198964997451E-02,-2.041887081312E-02));
#3129 = CARTESIAN_POINT('',(8.484082833852E-03,-1.801200432237E-02));
#3130 = CARTESIAN_POINT('',(5.475191744253E-03,-1.505118108934E-02));
#3131 = CARTESIAN_POINT('',(3.064265523269E-03,-1.164136968666E-02));
#3132 = CARTESIAN_POINT('',(1.325116698847E-03,-7.906293425784E-03));
#3133 = CARTESIAN_POINT('',(3.004653965554E-04,-3.980573170795E-03));
#3134 = CARTESIAN_POINT('',(0.,4.440892098501E-16));
#3135 = ( GEOMETRIC_REPRESENTATION_CONTEXT(2) 
PARAMETRIC_REPRESENTATION_CONTEXT() REPRESENTATION_CONTEXT('2D SPACE',''
  ) );
#3136 = ORIENTED_EDGE('',*,*,#2502,.T.);
#3137 = ORIENTED_EDGE('',*,*,#3138,.T.);
#3138 = EDGE_CURVE('',#2505,#3139,#3141,.T.);
#3139 = VERTEX_POINT('',#3140);
#3140 = CARTESIAN_POINT('',(-8.381845630111E-02,1.155300386008,
    -0.105396550163));
#3141 = SURFACE_CURVE('',#3142,(#3185,#3230),.PCURVE_S1.);
#3142 = B_SPLINE_CURVE_WITH_KNOTS('',7,(#3143,#3144,#3145,#3146,#3147,
    #3148,#3149,#3150,#3151,#3152,#3153,#3154,#3155,#3156,#3157,#3158,
    #3159,#3160,#3161,#3162,#3163,#3164,#3165,#3166,#3167,#3168,#3169,
    #3170,#3171,#3172,#3173,#3174,#3175,#3176,#3177,#3178,#3179,#3180,
    #3181,#3182,#3183,#3184),.UNSPECIFIED.,.F.,.F.,(8,7,7,7,7,6,8),(0.,
    0.121829921749,0.243659843498,0.365489765247,0.487319686996,
    0.609149608745,1.),.UNSPECIFIED.);
#3143 = CARTESIAN_POINT('',(-5.711867883347E-02,1.1517,-0.103458372841)
  );
#3144 = CARTESIAN_POINT('',(-5.711865844317E-02,1.151748304606,
    -0.103458372089));
#3145 = CARTESIAN_POINT('',(-5.712219710721E-02,1.151796605178,
    -0.103458586235));
#3146 = CARTESIAN_POINT('',(-5.712899424938E-02,1.151844889158,
    -0.103459004158));
#3147 = CARTESIAN_POINT('',(-5.713910055396E-02,1.151893135306,
    -0.10345962767));
#3148 = CARTESIAN_POINT('',(-5.715271700651E-02,1.151941318323,
    -0.103460464069));
#3149 = CARTESIAN_POINT('',(-5.716999393483E-02,1.151989413478,
    -0.1034615187));
#3150 = CARTESIAN_POINT('',(-5.719083004976E-02,1.152037401229,
    -0.103462787512));
#3151 = CARTESIAN_POINT('',(-5.722248443548E-02,1.152110419253,
    -0.103464716286));
#3152 = CARTESIAN_POINT('',(-5.72625812046E-02,1.152183183045,
    -0.103467148388));
#3153 = CARTESIAN_POINT('',(-5.731030411581E-02,1.152255643297,
    -0.103470052829));
#3154 = CARTESIAN_POINT('',(-5.736684227401E-02,1.152327658851,
    -0.103473471507));
#3155 = CARTESIAN_POINT('',(-5.743210990028E-02,1.152399156687,
    -0.103477399438));
#3156 = CARTESIAN_POINT('',(-5.750483853625E-02,1.152470118445,
    -0.103481787965));
#3157 = CARTESIAN_POINT('',(-5.758604168292E-02,1.152540393477,
    -0.103486670971));
#3158 = CARTESIAN_POINT('',(-5.768298854422E-02,1.152624439262,
    -0.103492504453));
#3159 = CARTESIAN_POINT('',(-5.779260519559E-02,1.152707442458,
    -0.103499064254));
#3160 = CARTESIAN_POINT('',(-5.79104780032E-02,1.152789687601,
    -0.103506189825));
#3161 = CARTESIAN_POINT('',(-5.804453333204E-02,1.15287017565,
    -0.103514152736));
#3162 = CARTESIAN_POINT('',(-5.818453292309E-02,1.152949915203,
    -0.103522590292));
#3163 = CARTESIAN_POINT('',(-5.833766162606E-02,1.153027903188,
    -0.103531743921));
#3164 = CARTESIAN_POINT('',(-5.849986582725E-02,1.153104507038,
    -0.103541466955));
#3165 = CARTESIAN_POINT('',(-5.86721525277E-02,1.153185806389,
    -0.103551791538));
#3166 = CARTESIAN_POINT('',(-5.885517167935E-02,1.15326549513,
    -0.103562775712));
#3167 = CARTESIAN_POINT('',(-5.9050357943E-02,1.153343160935,
    -0.103574456973));
#3168 = CARTESIAN_POINT('',(-5.925293829847E-02,1.153419437227,
    -0.103586671248));
#3169 = CARTESIAN_POINT('',(-5.946774648449E-02,1.15349331405,
    -0.103599563252));
#3170 = CARTESIAN_POINT('',(-5.968970008869E-02,1.153565583832,
    -0.103612963365));
#3171 = CARTESIAN_POINT('',(-5.992059343009E-02,1.153635772451,
    -0.103626918535));
#3172 = CARTESIAN_POINT('',(-6.049853239028E-02,1.153811550726,
    -0.103661854518));
#3173 = CARTESIAN_POINT('',(-6.112835751642E-02,1.153975002453,
    -0.103700136348));
#3174 = CARTESIAN_POINT('',(-6.180167823625E-02,1.154125851482,
    -0.103741369045));
#3175 = CARTESIAN_POINT('',(-6.25104317716E-02,1.154264335395,
    -0.103785196067));
#3176 = CARTESIAN_POINT('',(-6.324783469202E-02,1.154390904368,
    -0.103831323004));
#3177 = CARTESIAN_POINT('',(-6.400871312919E-02,1.154506108742,
    -0.103879533867));
#3178 = CARTESIAN_POINT('',(-6.7293187026E-02,1.154946083896,
    -0.10409063834));
#3179 = CARTESIAN_POINT('',(-6.997432729983E-02,1.155168701393,
    -0.104270091917));
#3180 = CARTESIAN_POINT('',(-7.273753014391E-02,1.15530781812,
    -0.104465385116));
#3181 = CARTESIAN_POINT('',(-7.552612096821E-02,1.155375903953,
    -0.104675701683));
#3182 = CARTESIAN_POINT('',(-7.830315526009E-02,1.15539144612,
    -0.104900283392));
#3183 = CARTESIAN_POINT('',(-8.106172232974E-02,1.155363820571,
    -0.10513950219));
#3184 = CARTESIAN_POINT('',(-8.381845630111E-02,1.155300386008,
    -0.105396550163));
#3185 = PCURVE('',#2614,#3186);
#3186 = DEFINITIONAL_REPRESENTATION('',(#3187),#3229);
#3187 = B_SPLINE_CURVE_WITH_KNOTS('',8,(#3188,#3189,#3190,#3191,#3192,
    #3193,#3194,#3195,#3196,#3197,#3198,#3199,#3200,#3201,#3202,#3203,
    #3204,#3205,#3206,#3207,#3208,#3209,#3210,#3211,#3212,#3213,#3214,
    #3215,#3216,#3217,#3218,#3219,#3220,#3221,#3222,#3223,#3224,#3225,
    #3226,#3227,#3228),.UNSPECIFIED.,.F.,.F.,(9,8,8,8,8,9),(0.,
    0.121829921749,0.243659843498,0.365489765247,0.487319686996,1.),
  .UNSPECIFIED.);
#3188 = CARTESIAN_POINT('',(2.,0.280325737498));
#3189 = CARTESIAN_POINT('',(1.999209675471,0.280325446932));
#3190 = CARTESIAN_POINT('',(1.998420105455,0.280337358724));
#3191 = CARTESIAN_POINT('',(1.99763128995,0.280361472873));
#3192 = CARTESIAN_POINT('',(1.996843228958,0.28039778938));
#3193 = CARTESIAN_POINT('',(1.996055922478,0.280446308245));
#3194 = CARTESIAN_POINT('',(1.995269370511,0.280507029467));
#3195 = CARTESIAN_POINT('',(1.994483573055,0.280579953046));
#3196 = CARTESIAN_POINT('',(1.993698530112,0.280665078983));
#3197 = CARTESIAN_POINT('',(1.992501935779,0.280795370064));
#3198 = CARTESIAN_POINT('',(1.991311928896,0.280954814737));
#3199 = CARTESIAN_POINT('',(1.990128509464,0.281143413002));
#3200 = CARTESIAN_POINT('',(1.988951677482,0.281361164858));
#3201 = CARTESIAN_POINT('',(1.987781432951,0.281608070306));
#3202 = CARTESIAN_POINT('',(1.986617775871,0.281884129346));
#3203 = CARTESIAN_POINT('',(1.985460706241,0.282189341977));
#3204 = CARTESIAN_POINT('',(1.984310224061,0.282523708201));
#3205 = CARTESIAN_POINT('',(1.982938490953,0.282922991204));
#3206 = CARTESIAN_POINT('',(1.981580697281,0.283363630489));
#3207 = CARTESIAN_POINT('',(1.980238154113,0.283844635768));
#3208 = CARTESIAN_POINT('',(1.978912172516,0.284365016756));
#3209 = CARTESIAN_POINT('',(1.97760406356,0.284923783168));
#3210 = CARTESIAN_POINT('',(1.976315138312,0.285519944719));
#3211 = CARTESIAN_POINT('',(1.975046707841,0.286152511121));
#3212 = CARTESIAN_POINT('',(1.973800083216,0.28682049209));
#3213 = CARTESIAN_POINT('',(1.97247608745,0.287528976812));
#3214 = CARTESIAN_POINT('',(1.971176713006,0.288276967045));
#3215 = CARTESIAN_POINT('',(1.969902580027,0.289062750099));
#3216 = CARTESIAN_POINT('',(1.968654308657,0.289884613283));
#3217 = CARTESIAN_POINT('',(1.967432519039,0.290740843906));
#3218 = CARTESIAN_POINT('',(1.966237831318,0.29162972928));
#3219 = CARTESIAN_POINT('',(1.965070865636,0.292549556713));
#3220 = CARTESIAN_POINT('',(1.963932242138,0.293498613515));
#3221 = CARTESIAN_POINT('',(1.951934516808,0.303500249993));
#3222 = CARTESIAN_POINT('',(1.943034072141,0.3167122778));
#3223 = CARTESIAN_POINT('',(1.937425497134,0.331476910256));
#3224 = CARTESIAN_POINT('',(1.933976070708,0.345552148905));
#3225 = CARTESIAN_POINT('',(1.931993871665,0.361193497843));
#3226 = CARTESIAN_POINT('',(1.931559739343,0.37589137692));
#3227 = CARTESIAN_POINT('',(1.932027299013,0.39082572016));
#3228 = CARTESIAN_POINT('',(1.933367243827,0.405673280627));
#3229 = ( GEOMETRIC_REPRESENTATION_CONTEXT(2) 
PARAMETRIC_REPRESENTATION_CONTEXT() REPRESENTATION_CONTEXT('2D SPACE',''
  ) );
#3230 = PCURVE('',#3231,#3320);
#3231 = ( BOUNDED_SURFACE() B_SPLINE_SURFACE(10,7,(
    (#3232,#3233,#3234,#3235,#3236,#3237,#3238,#3239)
    ,(#3240,#3241,#3242,#3243,#3244,#3245,#3246,#3247)
    ,(#3248,#3249,#3250,#3251,#3252,#3253,#3254,#3255)
    ,(#3256,#3257,#3258,#3259,#3260,#3261,#3262,#3263)
    ,(#3264,#3265,#3266,#3267,#3268,#3269,#3270,#3271)
    ,(#3272,#3273,#3274,#3275,#3276,#3277,#3278,#3279)
    ,(#3280,#3281,#3282,#3283,#3284,#3285,#3286,#3287)
    ,(#3288,#3289,#3290,#3291,#3292,#3293,#3294,#3295)
    ,(#3296,#3297,#3298,#3299,#3300,#3301,#3302,#3303)
    ,(#3304,#3305,#3306,#3307,#3308,#3309,#3310,#3311)
    ,(#3312,#3313,#3314,#3315,#3316,#3317,#3318,#3319
)),.UNSPECIFIED.,.F.,.F.,.F.) B_SPLINE_SURFACE_WITH_KNOTS((11,11),(8,8),
  (1.,2.),(0.,1.),.PIECEWISE_BEZIER_KNOTS.) 
GEOMETRIC_REPRESENTATION_ITEM() RATIONAL_B_SPLINE_SURFACE((
    (1.,1.,1.,1.,1.,1.,1.,1.)
    ,(1.,1.,1.,1.,1.,1.,1.,1.)
    ,(1.,1.,1.,1.,1.,1.,1.,1.)
    ,(1.,1.,1.,1.,1.,1.,1.,1.)
    ,(1.,1.,1.,1.,1.,1.,1.,1.)
    ,(1.,1.,1.,1.,1.,1.,1.,1.)
    ,(1.,1.,1.,1.,1.,1.,1.,1.)
    ,(1.,1.,1.,1.,1.,1.,1.,1.)
    ,(1.,1.,1.,1.,1.,1.,1.,1.)
    ,(1.,1.,1.,1.,1.,1.,1.,1.)
,(1.,1.,1.,1.,1.,1.,1.,1.))) REPRESENTATION_ITEM('') SURFACE() );
#3232 = CARTESIAN_POINT('',(1.62430063769E-03,1.177113206044,
    -0.130891434334));
#3233 = CARTESIAN_POINT('',(-2.815388103348E-02,1.179662276098,
    -0.13282599781));
#3234 = CARTESIAN_POINT('',(-5.686392703168E-02,1.203254282084,
    -0.151032017746));
#3235 = CARTESIAN_POINT('',(-9.021878433892E-02,1.162993273253,
    -0.122587874543));
#3236 = CARTESIAN_POINT('',(-0.118596013756,1.210768519442,
    -0.161643711774));
#3237 = CARTESIAN_POINT('',(-0.149167976062,1.168364526624,
    -0.141327029236));
#3238 = CARTESIAN_POINT('',(-0.179568359113,1.186251352496,
    -0.151663924078));
#3239 = CARTESIAN_POINT('',(-0.207651247446,1.173306374235,
    -0.15495568971));
#3240 = CARTESIAN_POINT('',(1.62430063769E-03,1.177113206044,
    -0.126729306915));
#3241 = CARTESIAN_POINT('',(-2.815388103348E-02,1.179662276098,
    -0.127997105189));
#3242 = CARTESIAN_POINT('',(-5.686392703168E-02,1.203254282084,
    -0.143471837483));
#3243 = CARTESIAN_POINT('',(-9.021878433893E-02,1.162993273253,
    -0.119485479545));
#3244 = CARTESIAN_POINT('',(-0.118596013756,1.210768519441,
    -0.153064991502));
#3245 = CARTESIAN_POINT('',(-0.149167976062,1.168364526624,
    -0.137409519647));
#3246 = CARTESIAN_POINT('',(-0.179568359113,1.186251352496,
    -0.147347048219));
#3247 = CARTESIAN_POINT('',(-0.207651247446,1.173306374235,
    -0.15234259096));
#3248 = CARTESIAN_POINT('',(1.62430063769E-03,1.176416649668,
    -0.122567376236));
#3249 = CARTESIAN_POINT('',(-2.815388103348E-02,1.178895851678,
    -0.123168440823));
#3250 = CARTESIAN_POINT('',(-5.686392703168E-02,1.201841218977,
    -0.13591201458));
#3251 = CARTESIAN_POINT('',(-9.021878433893E-02,1.162683733344,
    -0.116383231194));
#3252 = CARTESIAN_POINT('',(-0.118596013756,1.209149496884,
    -0.144486676736));
#3253 = CARTESIAN_POINT('',(-0.149167976062,1.167907764803,
    -0.133492195234));
#3254 = CARTESIAN_POINT('',(-0.179568359113,1.185304326574,
    -0.143030376413));
#3255 = CARTESIAN_POINT('',(-0.207651247446,1.172714160182,
    -0.149729615728));
#3256 = CARTESIAN_POINT('',(1.62430063769E-03,1.175022999884,
    -0.118547582747));
#3257 = CARTESIAN_POINT('',(-2.815388103349E-02,1.177362411938,
    -0.118504683767));
#3258 = CARTESIAN_POINT('',(-5.686392703166E-02,1.199014003316,
    -0.128610372814));
#3259 = CARTESIAN_POINT('',(-9.021878433896E-02,1.162064414876,
    -0.113386930034));
#3260 = CARTESIAN_POINT('',(-0.118596013756,1.205910203532,
    -0.136201326379));
#3261 = CARTESIAN_POINT('',(-0.149167976062,1.166993889006,
    -0.129708654281));
#3262 = CARTESIAN_POINT('',(-0.179568359113,1.18340954459,
    -0.138861126478));
#3263 = CARTESIAN_POINT('',(-0.207651247446,1.171529275491,
    -0.147205878156));
#3264 = CARTESIAN_POINT('',(1.62430063769E-03,1.172963395015,
    -0.114813242529));
#3265 = CARTESIAN_POINT('',(-2.815388103349E-02,1.175096218531,
    -0.114172109074));
#3266 = CARTESIAN_POINT('',(-5.686392703166E-02,1.194835803595,
    -0.12182723468));
#3267 = CARTESIAN_POINT('',(-9.021878433896E-02,1.161149155285,
    -0.110603401985));
#3268 = CARTESIAN_POINT('',(-0.118596013756,1.201123014932,
    -0.128504334695));
#3269 = CARTESIAN_POINT('',(-0.149167976062,1.165643317963,
    -0.126193789852));
#3270 = CARTESIAN_POINT('',(-0.179568359113,1.180609341668,
    -0.134987943004));
#3271 = CARTESIAN_POINT('',(-0.207651247446,1.169778194046,
    -0.144861356047));
#3272 = CARTESIAN_POINT('',(1.62430063769E-03,1.170299496219,
    -0.111498781715));
#3273 = CARTESIAN_POINT('',(-2.815388103349E-02,1.172165117532,
    -0.110326677697));
#3274 = CARTESIAN_POINT('',(-5.686392703164E-02,1.189431708192,
    -0.115806774778));
#3275 = CARTESIAN_POINT('',(-9.021878433901E-02,1.159965355926,
    -0.108132846518));
#3276 = CARTESIAN_POINT('',(-0.118596013756,1.194931251581,
    -0.121672772535));
#3277 = CARTESIAN_POINT('',(-0.149167976062,1.163896485536,
    -0.123074127546));
#3278 = CARTESIAN_POINT('',(-0.179568359113,1.176987551243,
    -0.131550250104));
#3279 = CARTESIAN_POINT('',(-0.207651247446,1.167513340323,
    -0.142780445844));
#3280 = CARTESIAN_POINT('',(1.62430063769E-03,1.167120596324,
    -0.108721283693));
#3281 = CARTESIAN_POINT('',(-2.81538810335E-02,1.16866735828,
    -0.10710422957));
#3282 = CARTESIAN_POINT('',(-5.686392703163E-02,1.182982860234,
    -0.110761665963));
#3283 = CARTESIAN_POINT('',(-9.021878433902E-02,1.158552697283,
    -0.106062536049));
#3284 = CARTESIAN_POINT('',(-0.118596013756,1.187542458923,
    -0.115947964956));
#3285 = CARTESIAN_POINT('',(-0.149167976062,1.161811944851,
    -0.12045986949));
#3286 = CARTESIAN_POINT('',(-0.179568359113,1.17266557429,
    -0.128669484343));
#3287 = CARTESIAN_POINT('',(-0.207651247446,1.164810631319,
    -0.141036655738));
#3288 = CARTESIAN_POINT('',(1.62430063769E-03,1.163538990025,
    -0.106573849091));
#3289 = CARTESIAN_POINT('',(-2.815388103348E-02,1.164726499184,
    -0.104612779871));
#3290 = CARTESIAN_POINT('',(-5.686392703171E-02,1.175717065391,
    -0.106861018275));
#3291 = CARTESIAN_POINT('',(-9.021878433887E-02,1.156961081548,
    -0.10446186656));
#3292 = CARTESIAN_POINT('',(-0.118596013756,1.17921764619,
    -0.111521805231));
#3293 = CARTESIAN_POINT('',(-0.149167976062,1.159463332345,
    -0.118438644573));
#3294 = CARTESIAN_POINT('',(-0.179568359113,1.167796084723,
    -0.126442207842));
#3295 = CARTESIAN_POINT('',(-0.207651247446,1.161765540279,
    -0.13968843688));
#3296 = CARTESIAN_POINT('',(1.62430063769E-03,1.159683605449,
    -0.105120768544));
#3297 = CARTESIAN_POINT('',(-2.815388103347E-02,1.160484400498,
    -0.102926918477));
#3298 = CARTESIAN_POINT('',(-5.686392703171E-02,1.167895872597,
    -0.104221610643));
#3299 = CARTESIAN_POINT('',(-9.021878433887E-02,1.155247802577,
    -0.103378759445));
#3300 = CARTESIAN_POINT('',(-0.118596013756,1.170256484091,
    -0.108526805247));
#3301 = CARTESIAN_POINT('',(-0.149167976062,1.156935191708,
    -0.117070964922));
#3302 = CARTESIAN_POINT('',(-0.179568359113,1.162554370975,
    -0.124935101571));
#3303 = CARTESIAN_POINT('',(-0.207651247446,1.15848768223,
    -0.138776152709));
#3304 = CARTESIAN_POINT('',(1.62430063769E-03,1.155691897071,
    -0.104394508237));
#3305 = CARTESIAN_POINT('',(-2.815388103349E-02,1.156092304058,
    -0.102084312597));
#3306 = CARTESIAN_POINT('',(-5.686392703165E-02,1.159798127693,
    -0.102902415365));
#3307 = CARTESIAN_POINT('',(-9.021878433899E-02,1.153473943214,
    -0.102837414571));
#3308 = CARTESIAN_POINT('',(-0.118596013756,1.160978461337,
    -0.107029882307));
#3309 = CARTESIAN_POINT('',(-0.149167976062,1.154317657721,
    -0.116387388609));
#3310 = CARTESIAN_POINT('',(-0.179568359113,1.157127313759,
    -0.124181838811));
#3311 = CARTESIAN_POINT('',(-0.207651247446,1.155093921328,
    -0.138320186395));
#3312 = CARTESIAN_POINT('',(1.62430063769E-03,1.1517,-0.104394508237));
#3313 = CARTESIAN_POINT('',(-2.815388103348E-02,1.1517,-0.102084312597)
  );
#3314 = CARTESIAN_POINT('',(-5.686392703169E-02,1.1517,-0.102902415365)
  );
#3315 = CARTESIAN_POINT('',(-9.021878433891E-02,1.1517,-0.102837414571)
  );
#3316 = CARTESIAN_POINT('',(-0.118596013756,1.1517,-0.107029882307));
#3317 = CARTESIAN_POINT('',(-0.149167976062,1.1517,-0.116387388609));
#3318 = CARTESIAN_POINT('',(-0.179568359113,1.1517,-0.124181838811));
#3319 = CARTESIAN_POINT('',(-0.207651247446,1.1517,-0.138320186395));
#3320 = DEFINITIONAL_REPRESENTATION('',(#3321),#3364);
#3321 = B_SPLINE_CURVE_WITH_KNOTS('',7,(#3322,#3323,#3324,#3325,#3326,
    #3327,#3328,#3329,#3330,#3331,#3332,#3333,#3334,#3335,#3336,#3337,
    #3338,#3339,#3340,#3341,#3342,#3343,#3344,#3345,#3346,#3347,#3348,
    #3349,#3350,#3351,#3352,#3353,#3354,#3355,#3356,#3357,#3358,#3359,
    #3360,#3361,#3362,#3363),.UNSPECIFIED.,.F.,.F.,(8,7,7,7,7,6,8),(0.,
    0.121829921749,0.243659843498,0.365489765247,0.487319686996,
    0.609149608745,1.),.UNSPECIFIED.);
#3322 = CARTESIAN_POINT('',(2.,0.280325737498));
#3323 = CARTESIAN_POINT('',(1.999097778637,0.280325641598));
#3324 = CARTESIAN_POINT('',(1.998195632851,0.280342284816));
#3325 = CARTESIAN_POINT('',(1.997293808466,0.28037425347));
#3326 = CARTESIAN_POINT('',(1.996392714443,0.28042178584));
#3327 = CARTESIAN_POINT('',(1.995492836166,0.280485827004));
#3328 = CARTESIAN_POINT('',(1.994594648707,0.280567083665));
#3329 = CARTESIAN_POINT('',(1.993698530112,0.280665078983));
#3330 = CARTESIAN_POINT('',(1.992334997692,0.280813954243));
#3331 = CARTESIAN_POINT('',(1.990976361641,0.281002533522));
#3332 = CARTESIAN_POINT('',(1.989623573442,0.281226976684));
#3333 = CARTESIAN_POINT('',(1.988279328795,0.281492873791));
#3334 = CARTESIAN_POINT('',(1.986945031401,0.281799818648));
#3335 = CARTESIAN_POINT('',(1.985621043629,0.282141842545));
#3336 = CARTESIAN_POINT('',(1.984310224061,0.282523708201));
#3337 = CARTESIAN_POINT('',(1.982742539415,0.282979610244));
#3338 = CARTESIAN_POINT('',(1.98119483341,0.283495077574));
#3339 = CARTESIAN_POINT('',(1.979661751552,0.284049350268));
#3340 = CARTESIAN_POINT('',(1.97816217219,0.284679691656));
#3341 = CARTESIAN_POINT('',(1.976677067759,0.285337952581));
#3342 = CARTESIAN_POINT('',(1.975225352038,0.286057908784));
#3343 = CARTESIAN_POINT('',(1.973800083216,0.28682049209));
#3344 = CARTESIAN_POINT('',(1.972287454779,0.287630477082));
#3345 = CARTESIAN_POINT('',(1.970805586468,0.28849087511));
#3346 = CARTESIAN_POINT('',(1.969362235141,0.289408419886));
#3347 = CARTESIAN_POINT('',(1.967945435938,0.290360665486));
#3348 = CARTESIAN_POINT('',(1.966574174728,0.29137032418));
#3349 = CARTESIAN_POINT('',(1.965233485215,0.29241349779));
#3350 = CARTESIAN_POINT('',(1.963932242138,0.293498613515));
#3351 = CARTESIAN_POINT('',(1.960673437882,0.296214718658));
#3352 = CARTESIAN_POINT('',(1.95764835161,0.299174219418));
#3353 = CARTESIAN_POINT('',(1.954861426291,0.30233756484));
#3354 = CARTESIAN_POINT('',(1.952307227515,0.305666792248));
#3355 = CARTESIAN_POINT('',(1.949976383496,0.309130002491));
#3356 = CARTESIAN_POINT('',(1.947857834392,0.312702901439));
#3357 = CARTESIAN_POINT('',(1.939777367078,0.328123782377));
#3358 = CARTESIAN_POINT('',(1.93571705648,0.340706717219));
#3359 = CARTESIAN_POINT('',(1.933190425835,0.35367057527));
#3360 = CARTESIAN_POINT('',(1.931960987557,0.366752628826));
#3361 = CARTESIAN_POINT('',(1.931689305935,0.379782429634));
#3362 = CARTESIAN_POINT('',(1.932202968409,0.392729358337));
#3363 = CARTESIAN_POINT('',(1.933367243824,0.405673280593));
#3364 = ( GEOMETRIC_REPRESENTATION_CONTEXT(2) 
PARAMETRIC_REPRESENTATION_CONTEXT() REPRESENTATION_CONTEXT('2D SPACE',''
  ) );
#3365 = ORIENTED_EDGE('',*,*,#3366,.T.);
#3366 = EDGE_CURVE('',#3139,#2827,#3367,.T.);
#3367 = SURFACE_CURVE('',#3368,(#3377,#3385),.PCURVE_S1.);
#3368 = B_SPLINE_CURVE_WITH_KNOTS('',4,(#3369,#3370,#3371,#3372,#3373,
    #3374,#3375,#3376),.UNSPECIFIED.,.F.,.F.,(5,3,5),(0.,0.114943604785,
    1.),.UNSPECIFIED.);
#3369 = CARTESIAN_POINT('',(-8.374865661994E-02,1.155360619855,
    -0.105396550163));
#3370 = CARTESIAN_POINT('',(-8.386772211098E-02,1.155258816552,
    -0.105396550163));
#3371 = CARTESIAN_POINT('',(-8.398227325869E-02,1.155156648345,
    -0.105396550163));
#3372 = CARTESIAN_POINT('',(-8.409237104715E-02,1.155054072555,
    -0.105396550163));
#3373 = CARTESIAN_POINT('',(-8.501078903951E-02,1.154158818722,
    -0.105396550163));
#3374 = CARTESIAN_POINT('',(-8.555606895606E-02,1.153346014023,
    -0.105396550163));
#3375 = CARTESIAN_POINT('',(-8.582855833345E-02,1.152523007583,
    -0.105396550163));
#3376 = CARTESIAN_POINT('',(-8.582855833345E-02,1.1517,-0.105396550163)
  );
#3377 = PCURVE('',#2614,#3378);
#3378 = DEFINITIONAL_REPRESENTATION('',(#3379),#3384);
#3379 = B_SPLINE_CURVE_WITH_KNOTS('',3,(#3380,#3381,#3382,#3383),
  .UNSPECIFIED.,.F.,.F.,(4,4),(1.698847245249E-02,1.),
  .PIECEWISE_BEZIER_KNOTS.);
#3380 = CARTESIAN_POINT('',(1.93336724207,0.405673281014));
#3381 = CARTESIAN_POINT('',(1.954959279119,0.411944340783));
#3382 = CARTESIAN_POINT('',(1.977480768484,0.415115626051));
#3383 = CARTESIAN_POINT('',(2.,0.415112821521));
#3384 = ( GEOMETRIC_REPRESENTATION_CONTEXT(2) 
PARAMETRIC_REPRESENTATION_CONTEXT() REPRESENTATION_CONTEXT('2D SPACE',''
  ) );
#3385 = PCURVE('',#3231,#3386);
#3386 = DEFINITIONAL_REPRESENTATION('',(#3387),#3396);
#3387 = B_SPLINE_CURVE_WITH_KNOTS('',4,(#3388,#3389,#3390,#3391,#3392,
    #3393,#3394,#3395),.UNSPECIFIED.,.F.,.F.,(5,3,5),(0.,0.114943604785,
    1.),.UNSPECIFIED.);
#3388 = CARTESIAN_POINT('',(1.932248634945,0.405344960139));
#3389 = CARTESIAN_POINT('',(1.934139373948,0.405904012968));
#3390 = CARTESIAN_POINT('',(1.936036165891,0.406443199797));
#3391 = CARTESIAN_POINT('',(1.937939745864,0.406959435466));
#3392 = CARTESIAN_POINT('',(1.954547973648,0.411271982841));
#3393 = CARTESIAN_POINT('',(1.969586589856,0.413832998081));
#3394 = CARTESIAN_POINT('',(1.984793311982,0.415112821522));
#3395 = CARTESIAN_POINT('',(2.,0.415112821521));
#3396 = ( GEOMETRIC_REPRESENTATION_CONTEXT(2) 
PARAMETRIC_REPRESENTATION_CONTEXT() REPRESENTATION_CONTEXT('2D SPACE',''
  ) );
#3397 = ORIENTED_EDGE('',*,*,#2826,.T.);
#3398 = ORIENTED_EDGE('',*,*,#3399,.F.);
#3399 = EDGE_CURVE('',#2755,#2783,#3400,.T.);
#3400 = SURFACE_CURVE('',#3401,(#3413,#3420),.PCURVE_S1.);
#3401 = B_SPLINE_CURVE_WITH_KNOTS('',10,(#3402,#3403,#3404,#3405,#3406,
    #3407,#3408,#3409,#3410,#3411,#3412),.UNSPECIFIED.,.F.,.F.,(11,11),(
    1.,2.),.PIECEWISE_BEZIER_KNOTS.);
#3402 = CARTESIAN_POINT('',(-0.207651247446,1.173306374235,
    -0.15495568971));
#3403 = CARTESIAN_POINT('',(-0.207651247446,1.173306374235,
    -0.15234259096));
#3404 = CARTESIAN_POINT('',(-0.207651247446,1.172714160182,
    -0.149729615728));
#3405 = CARTESIAN_POINT('',(-0.207651247446,1.171529275491,
    -0.147205878156));
#3406 = CARTESIAN_POINT('',(-0.207651247446,1.169778194046,
    -0.144861356047));
#3407 = CARTESIAN_POINT('',(-0.207651247446,1.167513340323,
    -0.142780445844));
#3408 = CARTESIAN_POINT('',(-0.207651247446,1.164810631319,
    -0.141036655738));
#3409 = CARTESIAN_POINT('',(-0.207651247446,1.161765540279,
    -0.13968843688));
#3410 = CARTESIAN_POINT('',(-0.207651247446,1.15848768223,
    -0.138776152709));
#3411 = CARTESIAN_POINT('',(-0.207651247446,1.155093921328,
    -0.138320186395));
#3412 = CARTESIAN_POINT('',(-0.207651247446,1.1517,-0.138320186395));
#3413 = PCURVE('',#2614,#3414);
#3414 = DEFINITIONAL_REPRESENTATION('',(#3415),#3419);
#3415 = LINE('',#3416,#3417);
#3416 = CARTESIAN_POINT('',(0.,1.));
#3417 = VECTOR('',#3418,1.);
#3418 = DIRECTION('',(1.,0.));
#3419 = ( GEOMETRIC_REPRESENTATION_CONTEXT(2) 
PARAMETRIC_REPRESENTATION_CONTEXT() REPRESENTATION_CONTEXT('2D SPACE',''
  ) );
#3420 = PCURVE('',#2806,#3421);
#3421 = DEFINITIONAL_REPRESENTATION('',(#3422),#3434);
#3422 = B_SPLINE_CURVE_WITH_KNOTS('',10,(#3423,#3424,#3425,#3426,#3427,
    #3428,#3429,#3430,#3431,#3432,#3433),.UNSPECIFIED.,.F.,.F.,(11,11),(
    1.,2.),.PIECEWISE_BEZIER_KNOTS.);
#3423 = CARTESIAN_POINT('',(1.87463981515E-02,-1.980272543058E-02));
#3424 = CARTESIAN_POINT('',(1.614684506645E-02,-2.006844866363E-02));
#3425 = CARTESIAN_POINT('',(1.348719324194E-02,-1.974501517694E-02));
#3426 = CARTESIAN_POINT('',(1.085604844512E-02,-1.882290882796E-02));
#3427 = CARTESIAN_POINT('',(8.345614154925E-03,-1.731931652064E-02));
#3428 = CARTESIAN_POINT('',(6.045180315391E-03,-1.527780879194E-02));
#3429 = CARTESIAN_POINT('',(4.035593987036E-03,-1.27664341325E-02));
#3430 = CARTESIAN_POINT('',(2.384711896484E-03,-9.874227041364E-03));
#3431 = CARTESIAN_POINT('',(1.143834884243E-03,-6.706129814887E-03));
#3432 = CARTESIAN_POINT('',(3.451242506489E-04,-3.376328069733E-03));
#3433 = CARTESIAN_POINT('',(0.,0.));
#3434 = ( GEOMETRIC_REPRESENTATION_CONTEXT(2) 
PARAMETRIC_REPRESENTATION_CONTEXT() REPRESENTATION_CONTEXT('2D SPACE',''
  ) );
#3435 = ADVANCED_FACE('',(#3436),#2877,.F.);
#3436 = FACE_BOUND('',#3437,.F.);
#3437 = EDGE_LOOP('',(#3438,#3464,#3465));
#3438 = ORIENTED_EDGE('',*,*,#3439,.F.);
#3439 = EDGE_CURVE('',#2505,#2827,#3440,.T.);
#3440 = SURFACE_CURVE('',#3441,(#3450,#3457),.PCURVE_S1.);
#3441 = ( BOUNDED_CURVE() B_SPLINE_CURVE(7,(#3442,#3443,#3444,#3445,
    #3446,#3447,#3448,#3449),.UNSPECIFIED.,.F.,.F.) 
B_SPLINE_CURVE_WITH_KNOTS((8,8),(0.,1.),.PIECEWISE_BEZIER_KNOTS.) CURVE(
) GEOMETRIC_REPRESENTATION_ITEM() RATIONAL_B_SPLINE_CURVE((1.,1.,1.,1.,
1.,1.,1.,1.)) REPRESENTATION_ITEM('') );
#3442 = CARTESIAN_POINT('',(1.62430063769E-03,1.1517,-0.104394508237));
#3443 = CARTESIAN_POINT('',(-2.815388103349E-02,1.1517,-0.102084312597)
  );
#3444 = CARTESIAN_POINT('',(-5.686392703166E-02,1.1517,-0.102902415365)
  );
#3445 = CARTESIAN_POINT('',(-9.021878433896E-02,1.1517,-0.102837414571)
  );
#3446 = CARTESIAN_POINT('',(-0.118596013756,1.1517,-0.107029882307));
#3447 = CARTESIAN_POINT('',(-0.149167976062,1.1517,-0.116387388609));
#3448 = CARTESIAN_POINT('',(-0.179568359113,1.1517,-0.124181838811));
#3449 = CARTESIAN_POINT('',(-0.207651247446,1.1517,-0.138320186395));
#3450 = PCURVE('',#2877,#3451);
#3451 = DEFINITIONAL_REPRESENTATION('',(#3452),#3456);
#3452 = LINE('',#3453,#3454);
#3453 = CARTESIAN_POINT('',(0.,0.));
#3454 = VECTOR('',#3455,1.);
#3455 = DIRECTION('',(0.,1.));
#3456 = ( GEOMETRIC_REPRESENTATION_CONTEXT(2) 
PARAMETRIC_REPRESENTATION_CONTEXT() REPRESENTATION_CONTEXT('2D SPACE',''
  ) );
#3457 = PCURVE('',#3231,#3458);
#3458 = DEFINITIONAL_REPRESENTATION('',(#3459),#3463);
#3459 = LINE('',#3460,#3461);
#3460 = CARTESIAN_POINT('',(2.,0.));
#3461 = VECTOR('',#3462,1.);
#3462 = DIRECTION('',(0.,1.));
#3463 = ( GEOMETRIC_REPRESENTATION_CONTEXT(2) 
PARAMETRIC_REPRESENTATION_CONTEXT() REPRESENTATION_CONTEXT('2D SPACE',''
  ) );
#3464 = ORIENTED_EDGE('',*,*,#2977,.F.);
#3465 = ORIENTED_EDGE('',*,*,#2854,.T.);
#3466 = ADVANCED_FACE('',(#3467),#2806,.T.);
#3467 = FACE_BOUND('',#3468,.F.);
#3468 = EDGE_LOOP('',(#3469,#3470));
#3469 = ORIENTED_EDGE('',*,*,#2782,.T.);
#3470 = ORIENTED_EDGE('',*,*,#3399,.T.);
#3471 = ADVANCED_FACE('',(#3472),#2734,.F.);
#3472 = FACE_BOUND('',#3473,.F.);
#3473 = EDGE_LOOP('',(#3474,#3475));
#3474 = ORIENTED_EDGE('',*,*,#2710,.F.);
#3475 = ORIENTED_EDGE('',*,*,#3100,.F.);
#3476 = ADVANCED_FACE('',(#3477),#3231,.F.);
#3477 = FACE_BOUND('',#3478,.F.);
#3478 = EDGE_LOOP('',(#3479,#3480,#3481));
#3479 = ORIENTED_EDGE('',*,*,#3138,.F.);
#3480 = ORIENTED_EDGE('',*,*,#3439,.T.);
#3481 = ORIENTED_EDGE('',*,*,#3366,.F.);
#3482 = ( GEOMETRIC_REPRESENTATION_CONTEXT(3) 
GLOBAL_UNCERTAINTY_ASSIGNED_CONTEXT((#3486)) 
GLOBAL_UNIT_ASSIGNED_CONTEXT((#3483,#3484,#3485)) REPRESENTATION_CONTEXT
('Context #1','3D Context with UNIT and UNCERTAINTY') );
#3483 = ( LENGTH_UNIT() NAMED_UNIT(*) SI_UNIT($,.METRE.) );
#3484 = ( NAMED_UNIT(*) PLANE_ANGLE_UNIT() SI_UNIT($,.RADIAN.) );
#3485 = ( NAMED_UNIT(*) SI_UNIT($,.STERADIAN.) SOLID_ANGLE_UNIT() );
#3486 = UNCERTAINTY_MEASURE_WITH_UNIT(LENGTH_MEASURE(2.E-06),#3483,
  'distance_accuracy_value','confusion accuracy');
#3487 = PRODUCT_RELATED_PRODUCT_CATEGORY('part',$,(#7));
ENDSEC;
END-ISO-10303-21;
