ISO-10303-21;
HEADER;
FILE_DESCRIPTION(('Open CASCADE Model'),'2;1');
FILE_NAME('Open CASCADE Shape Model','2026-10-03T19:58:05',('Author'),(
    'Open CASCADE'),'Open CASCADE STEP processor 7.9','Open CASCADE 7.9'
  ,'Unknown');
FILE_SCHEMA(('AUTOMOTIVE_DESIGN { 1 0 10303 214 1 1 1 1 }'));
ENDSEC;
DATA;
#1 = APPLICATION_PROTOCOL_DEFINITION('international standard',
  'automotive_design',2000,#2);
#2 = APPLICATION_CONTEXT(
  'core data for automotive mechanical design processes');
#3 = SHAPE_DEFINITION_REPRESENTATION(#4,#10);
#4 = PRODUCT_DEFINITION_SHAPE('','',#5);
#5 = PRODUCT_DEFINITION('design','',#6,#9);
#6 = PRODUCT_DEFINITION_FORMATION('','',#7);
#7 = PRODUCT('Open CASCADE STEP translator 7.9 10',
  'Open CASCADE STEP translator 7.9 10','',(#8));
#8 = PRODUCT_CONTEXT('',#2,'mechanical');
#9 = PRODUCT_DEFINITION_CONTEXT('part definition',#2,'design');
#10 = ADVANCED_BREP_SHAPE_REPRESENTATION('',(#11,#15),#7611);
#11 = AXIS2_PLACEMENT_3D('',#12,#13,#14);
#12 = CARTESIAN_POINT('',(0.,0.,0.));
#13 = DIRECTION('',(0.,0.,1.));
#14 = DIRECTION('',(1.,0.,-0.));
#15 = MANIFOLD_SOLID_BREP('',#16);
#16 = CLOSED_SHELL('',(#17,#6750,#6809,#6816,#6843,#6979,#7538,#7571,
    #7606));
#17 = ADVANCED_FACE('',(#18,#5684,#5819,#6314,#6444),#170,.F.);
#18 = FACE_BOUND('',#19,.F.);
#19 = EDGE_LOOP('',(#20,#608,#669,#973,#5308,#5612));
#20 = ORIENTED_EDGE('',*,*,#21,.F.);
#21 = EDGE_CURVE('',#22,#24,#26,.T.);
#22 = VERTEX_POINT('',#23);
#23 = CARTESIAN_POINT('',(-1.054976372631,8.401923384433E-03,0.417));
#24 = VERTEX_POINT('',#25);
#25 = CARTESIAN_POINT('',(-1.054976372631,-8.401923384433E-03,0.417));
#26 = SURFACE_CURVE('',#27,(#169,#458),.PCURVE_S1.);
#27 = B_SPLINE_CURVE_WITH_KNOTS('',3,(#28,#29,#30,#31,#32,#33,#34,#35,
    #36,#37,#38,#39,#40,#41,#42,#43,#44,#45,#46,#47,#48,#49,#50,#51,#52,
    #53,#54,#55,#56,#57,#58,#59,#60,#61,#62,#63,#64,#65,#66,#67,#68,#69,
    #70,#71,#72,#73,#74,#75,#76,#77,#78,#79,#80,#81,#82,#83,#84,#85,#86,
    #87,#88,#89,#90,#91,#92,#93,#94,#95,#96,#97,#98,#99,#100,#101,#102,
    #103,#104,#105,#106,#107,#108,#109,#110,#111,#112,#113,#114,#115,
    #116,#117,#118,#119,#120,#121,#122,#123,#124,#125,#126,#127,#128,
    #129,#130,#131,#132,#133,#134,#135,#136,#137,#138,#139,#140,#141,
    #142,#143,#144,#145,#146,#147,#148,#149,#150,#151,#152,#153,#154,
    #155,#156,#157,#158,#159,#160,#161,#162,#163,#164,#165,#166,#167,
    #168),.UNSPECIFIED.,.F.,.F.,(4,1,1,1,1,1,1,1,1,1,1,1,1,1,1,1,1,1,1,1
    ,1,1,1,1,1,1,1,1,1,1,1,1,1,1,1,1,1,1,1,1,1,1,1,1,1,1,1,1,1,1,1,1,1,1
    ,1,1,1,1,1,1,1,1,1,1,1,1,1,1,1,1,1,1,1,1,1,1,1,1,1,1,1,1,1,1,1,1,1,1
    ,1,1,1,1,1,1,1,1,1,1,1,1,1,1,1,1,1,1,1,1,1,1,1,1,1,1,1,1,1,1,1,1,1,1
    ,1,1,1,1,1,1,1,1,1,1,1,1,1,1,1,1,4),(0.,8.528740116105E-05,
    3.409665183878E-04,7.664886332953E-04,1.36094100807E-03,
    2.123049545568E-03,3.051182456738E-03,4.143354882185E-03,
    5.397234404322E-03,6.810147379244E-03,8.379086013592E-03,
    1.010071611113E-02,1.197138541648E-02,1.398713248895E-02,
    1.61436960473E-02,1.843652473606E-02,2.086078727443E-02,
    2.341138296064E-02,2.608295251534E-02,2.886988925856E-02,
    3.176635062427E-02,3.476627002516E-02,3.786336908689E-02,
    4.105117027654E-02,4.432300995331E-02,4.767205187145E-02,
    5.109130116512E-02,5.457361884281E-02,5.811173681502E-02,
    6.169827347246E-02,6.53257498239E-02,6.898660619194E-02,
    7.267321945248E-02,7.637792078849E-02,8.009301391283E-02,
    8.381079369712E-02,8.7523565126E-02,9.122366247929E-02,
    9.490346862954E-02,9.855543433035E-02,0.102172097364,0.105746101418,
    0.109270214557,0.112737347194,0.116140569464,0.11947312795,
    0.122728461776,0.12590021812,0.128982267274,0.131968717508,
    0.13485393006,0.137632534734,0.1402994468,0.142849886049,
    0.145279399274,0.14758388783,0.149759642681,0.151803390346,
    0.15371235485,0.15548434343,0.157117868135,0.158612322715,
    0.159968246442,0.161187726851,0.162275025766,0.163237557422,
    0.164087378673,0.164843250756,0.165532772823,0.166192775773,
    0.166852778723,0.16754230079,0.168298172873,0.169147994123,
    0.17011052578,0.171197824695,0.172417305104,0.173773228831,
    0.175267683411,0.176901208116,0.178673196696,0.180582161199,
    0.182625908864,0.184801663716,0.187106152272,0.189535665496,
    0.192086104746,0.194753016811,0.197531621486,0.200416834037,
    0.203403284272,0.206485333426,0.209657089769,0.212912423596,
    0.216244982082,0.219648204351,0.223115336989,0.226639450128,
    0.230213454181,0.233830117215,0.237482082916,0.241161889066,
    0.24486198642,0.248574757849,0.252292537633,0.256007630757,
    0.259712332093,0.263398945354,0.267059801722,0.270687278073,
    0.274273814731,0.277811932703,0.281294250381,0.284713499674,
    0.288062541592,0.291334381269,0.294522182459,0.29761928152,
    0.300619200921,0.303515662287,0.30630259903,0.308974168585,
    0.311524764271,0.31394902681,0.316241855498,0.318398419057,
    0.320414166129,0.322284835435,0.324006465532,0.325575404166,
    0.326988317141,0.328242196663,0.329334369089,0.330262502,
    0.331024610538,0.331619062912,0.332044585027,0.332300264144,
    0.332385551546),.UNSPECIFIED.);
#28 = CARTESIAN_POINT('',(-1.133,2.0538E-04,0.417));
#29 = CARTESIAN_POINT('',(-1.132971846642,2.093301976898E-04,0.417));
#30 = CARTESIAN_POINT('',(-1.132859292948,2.251175391493E-04,0.417));
#31 = CARTESIAN_POINT('',(-1.132606267342,2.605626787695E-04,0.417));
#32 = CARTESIAN_POINT('',(-1.13218514056,3.194055309502E-04,0.417));
#33 = CARTESIAN_POINT('',(-1.131596785187,4.013010663006E-04,0.417));
#34 = CARTESIAN_POINT('',(-1.130842420329,5.057732036197E-04,0.417));
#35 = CARTESIAN_POINT('',(-1.129923609099,6.322214869488E-04,0.417));
#36 = CARTESIAN_POINT('',(-1.128842255402,7.79929278446E-04,0.417));
#37 = CARTESIAN_POINT('',(-1.127600600011,9.480731929615E-04,0.417));
#38 = CARTESIAN_POINT('',(-1.126201215944,1.135733461122E-03,0.417));
#39 = CARTESIAN_POINT('',(-1.124647003154,1.341904879935E-03,0.417));
#40 = CARTESIAN_POINT('',(-1.122941182541,1.565507995073E-03,0.417));
#41 = CARTESIAN_POINT('',(-1.121087289291,1.805400157434E-03,0.417));
#42 = CARTESIAN_POINT('',(-1.119089165568,2.060386108639E-03,0.417));
#43 = CARTESIAN_POINT('',(-1.116950952557,2.329227775272E-03,0.417));
#44 = CARTESIAN_POINT('',(-1.114677081887,2.61065298921E-03,0.417));
#45 = CARTESIAN_POINT('',(-1.11227226645,2.903362899936E-03,0.417));
#46 = CARTESIAN_POINT('',(-1.109741490625,3.206037902644E-03,0.417));
#47 = CARTESIAN_POINT('',(-1.107089999941,3.517341971075E-03,0.417));
#48 = CARTESIAN_POINT('',(-1.104323290193,3.835925354125E-03,0.417));
#49 = CARTESIAN_POINT('',(-1.101447096036,4.160425667669E-03,0.417));
#50 = CARTESIAN_POINT('',(-1.098467379076,4.48946748521E-03,0.417));
#51 = CARTESIAN_POINT('',(-1.095390315499,4.821660600037E-03,0.417));
#52 = CARTESIAN_POINT('',(-1.092222283242,5.155597195099E-03,0.417));
#53 = CARTESIAN_POINT('',(-1.088969848751,5.489848212187E-03,0.417));
#54 = CARTESIAN_POINT('',(-1.085639753346,5.822959257195E-03,0.417));
#55 = CARTESIAN_POINT('',(-1.082238899223,6.153446411148E-03,0.417));
#56 = CARTESIAN_POINT('',(-1.078774335125,6.47979233615E-03,0.417));
#57 = CARTESIAN_POINT('',(-1.075253241709,6.800443070107E-03,0.417));
#58 = CARTESIAN_POINT('',(-1.071682916641,7.113805893819E-03,0.417));
#59 = CARTESIAN_POINT('',(-1.068070759454,7.418248628556E-03,0.417));
#60 = CARTESIAN_POINT('',(-1.064424256198,7.712100682354E-03,0.417));
#61 = CARTESIAN_POINT('',(-1.060750963913,7.993656109816E-03,0.417));
#62 = CARTESIAN_POINT('',(-1.057058494964,8.261178884924E-03,0.417));
#63 = CARTESIAN_POINT('',(-1.053354501268,8.512910511159E-03,0.417));
#64 = CARTESIAN_POINT('',(-1.049646658435,8.74708001049E-03,0.417));
#65 = CARTESIAN_POINT('',(-1.045942649881,8.961916245209E-03,0.417));
#66 = CARTESIAN_POINT('',(-1.042250150919,9.155662437082E-03,0.417));
#67 = CARTESIAN_POINT('',(-1.038576812872,9.326592659771E-03,0.417));
#68 = CARTESIAN_POINT('',(-1.034930247243,9.473029996189E-03,0.417));
#69 = CARTESIAN_POINT('',(-1.03131800996,9.593365975095E-03,0.417));
#70 = CARTESIAN_POINT('',(-1.027747585735,9.686080833843E-03,0.417));
#71 = CARTESIAN_POINT('',(-1.024226372557,9.74976409914E-03,0.417));
#72 = CARTESIAN_POINT('',(-1.020761666359,9.783134937149E-03,0.417));
#73 = CARTESIAN_POINT('',(-1.017360645864,9.785061700074E-03,0.417));
#74 = CARTESIAN_POINT('',(-1.014030357655,9.754580089689E-03,0.417));
#75 = CARTESIAN_POINT('',(-1.010777701474,9.690909369871E-03,0.417));
#76 = CARTESIAN_POINT('',(-1.007609415781,9.593466090161E-03,0.417));
#77 = CARTESIAN_POINT('',(-1.004532063583,9.461874830343E-03,0.417));
#78 = CARTESIAN_POINT('',(-1.001552018548,9.295975540817E-03,0.417));
#79 = CARTESIAN_POINT('',(-0.998675451403,9.095827133471E-03,0.417));
#80 = CARTESIAN_POINT('',(-0.995908316616,8.86170707046E-03,0.417));
#81 = CARTESIAN_POINT('',(-0.99325633933,8.594106800379E-03,0.417));
#82 = CARTESIAN_POINT('',(-0.990725002507,8.29372299841E-03,0.417));
#83 = CARTESIAN_POINT('',(-0.988319534189,7.961444672642E-03,0.417));
#84 = CARTESIAN_POINT('',(-0.986044894723,7.598336293024E-03,0.417));
#85 = CARTESIAN_POINT('',(-0.983905763693,7.20561716466E-03,0.417));
#86 = CARTESIAN_POINT('',(-0.981906526161,6.784637272431E-03,0.417));
#87 = CARTESIAN_POINT('',(-0.98005125754,6.336849700375E-03,0.417));
#88 = CARTESIAN_POINT('',(-0.978343706093,5.863779357474E-03,0.417));
#89 = CARTESIAN_POINT('',(-0.976787271493,5.366986785292E-03,0.417));
#90 = CARTESIAN_POINT('',(-0.975384977319,4.848023840982E-03,0.417));
#91 = CARTESIAN_POINT('',(-0.974139435627,4.308373226441E-03,0.417));
#92 = CARTESIAN_POINT('',(-0.973052804423,3.749355677893E-03,0.417));
#93 = CARTESIAN_POINT('',(-0.972126756656,3.171968571299E-03,0.417));
#94 = CARTESIAN_POINT('',(-0.971362525889,2.57661203492E-03,0.417));
#95 = CARTESIAN_POINT('',(-0.970761263001,1.962661882771E-03,0.417));
#96 = CARTESIAN_POINT('',(-0.970325096582,1.328292605203E-03,0.417));
#97 = CARTESIAN_POINT('',(-0.970059114526,6.716589717512E-04,0.417));
#98 = CARTESIAN_POINT('',(-0.969971089264,0.,0.417));
#99 = CARTESIAN_POINT('',(-0.970059114526,-6.716589717512E-04,0.417));
#100 = CARTESIAN_POINT('',(-0.970325096582,-1.328292605203E-03,0.417));
#101 = CARTESIAN_POINT('',(-0.970761263001,-1.962661882771E-03,0.417));
#102 = CARTESIAN_POINT('',(-0.971362525889,-2.57661203492E-03,0.417));
#103 = CARTESIAN_POINT('',(-0.972126756656,-3.171968571299E-03,0.417));
#104 = CARTESIAN_POINT('',(-0.973052804423,-3.749355677893E-03,0.417));
#105 = CARTESIAN_POINT('',(-0.974139435627,-4.308373226441E-03,0.417));
#106 = CARTESIAN_POINT('',(-0.975384977319,-4.848023840982E-03,0.417));
#107 = CARTESIAN_POINT('',(-0.976787271493,-5.366986785292E-03,0.417));
#108 = CARTESIAN_POINT('',(-0.978343706093,-5.863779357474E-03,0.417));
#109 = CARTESIAN_POINT('',(-0.98005125754,-6.336849700375E-03,0.417));
#110 = CARTESIAN_POINT('',(-0.981906526161,-6.784637272431E-03,0.417));
#111 = CARTESIAN_POINT('',(-0.983905763693,-7.20561716466E-03,0.417));
#112 = CARTESIAN_POINT('',(-0.986044894723,-7.598336293024E-03,0.417));
#113 = CARTESIAN_POINT('',(-0.988319534189,-7.961444672642E-03,0.417));
#114 = CARTESIAN_POINT('',(-0.990725002507,-8.29372299841E-03,0.417));
#115 = CARTESIAN_POINT('',(-0.99325633933,-8.594106800379E-03,0.417));
#116 = CARTESIAN_POINT('',(-0.995908316616,-8.86170707046E-03,0.417));
#117 = CARTESIAN_POINT('',(-0.998675451403,-9.095827133471E-03,0.417));
#118 = CARTESIAN_POINT('',(-1.001552018548,-9.295975540817E-03,0.417));
#119 = CARTESIAN_POINT('',(-1.004532063583,-9.461874830343E-03,0.417));
#120 = CARTESIAN_POINT('',(-1.007609415781,-9.593466090161E-03,0.417));
#121 = CARTESIAN_POINT('',(-1.010777701474,-9.690909369871E-03,0.417));
#122 = CARTESIAN_POINT('',(-1.014030357655,-9.754580089689E-03,0.417));
#123 = CARTESIAN_POINT('',(-1.017360645864,-9.785061700074E-03,0.417));
#124 = CARTESIAN_POINT('',(-1.020761666359,-9.783134937149E-03,0.417));
#125 = CARTESIAN_POINT('',(-1.024226372557,-9.74976409914E-03,0.417));
#126 = CARTESIAN_POINT('',(-1.027747585735,-9.686080833843E-03,0.417));
#127 = CARTESIAN_POINT('',(-1.03131800996,-9.593365975095E-03,0.417));
#128 = CARTESIAN_POINT('',(-1.034930247243,-9.473029996189E-03,0.417));
#129 = CARTESIAN_POINT('',(-1.038576812872,-9.326592659771E-03,0.417));
#130 = CARTESIAN_POINT('',(-1.042250150919,-9.155662437082E-03,0.417));
#131 = CARTESIAN_POINT('',(-1.045942649881,-8.961916245209E-03,0.417));
#132 = CARTESIAN_POINT('',(-1.049646658435,-8.74708001049E-03,0.417));
#133 = CARTESIAN_POINT('',(-1.053354501268,-8.512910511159E-03,0.417));
#134 = CARTESIAN_POINT('',(-1.057058494964,-8.261178884924E-03,0.417));
#135 = CARTESIAN_POINT('',(-1.060750963913,-7.993656109816E-03,0.417));
#136 = CARTESIAN_POINT('',(-1.064424256198,-7.712100682354E-03,0.417));
#137 = CARTESIAN_POINT('',(-1.068070759454,-7.418248628556E-03,0.417));
#138 = CARTESIAN_POINT('',(-1.071682916641,-7.113805893819E-03,0.417));
#139 = CARTESIAN_POINT('',(-1.075253241709,-6.800443070107E-03,0.417));
#140 = CARTESIAN_POINT('',(-1.078774335125,-6.47979233615E-03,0.417));
#141 = CARTESIAN_POINT('',(-1.082238899223,-6.153446411148E-03,0.417));
#142 = CARTESIAN_POINT('',(-1.085639753346,-5.822959257195E-03,0.417));
#143 = CARTESIAN_POINT('',(-1.088969848751,-5.489848212187E-03,0.417));
#144 = CARTESIAN_POINT('',(-1.092222283242,-5.155597195099E-03,0.417));
#145 = CARTESIAN_POINT('',(-1.095390315499,-4.821660600037E-03,0.417));
#146 = CARTESIAN_POINT('',(-1.098467379076,-4.48946748521E-03,0.417));
#147 = CARTESIAN_POINT('',(-1.101447096036,-4.160425667669E-03,0.417));
#148 = CARTESIAN_POINT('',(-1.104323290193,-3.835925354125E-03,0.417));
#149 = CARTESIAN_POINT('',(-1.107089999941,-3.517341971075E-03,0.417));
#150 = CARTESIAN_POINT('',(-1.109741490625,-3.206037902644E-03,0.417));
#151 = CARTESIAN_POINT('',(-1.11227226645,-2.903362899936E-03,0.417));
#152 = CARTESIAN_POINT('',(-1.114677081887,-2.61065298921E-03,0.417));
#153 = CARTESIAN_POINT('',(-1.116950952557,-2.329227775272E-03,0.417));
#154 = CARTESIAN_POINT('',(-1.119089165568,-2.060386108639E-03,0.417));
#155 = CARTESIAN_POINT('',(-1.121087289291,-1.805400157434E-03,0.417));
#156 = CARTESIAN_POINT('',(-1.122941182541,-1.565507995073E-03,0.417));
#157 = CARTESIAN_POINT('',(-1.124647003154,-1.341904879935E-03,0.417));
#158 = CARTESIAN_POINT('',(-1.126201215944,-1.135733461122E-03,0.417));
#159 = CARTESIAN_POINT('',(-1.127600600011,-9.480731929614E-04,0.417));
#160 = CARTESIAN_POINT('',(-1.128842255402,-7.79929278446E-04,0.417));
#161 = CARTESIAN_POINT('',(-1.129923609099,-6.322214869488E-04,0.417));
#162 = CARTESIAN_POINT('',(-1.130842420329,-5.057732036197E-04,0.417));
#163 = CARTESIAN_POINT('',(-1.131596785187,-4.013010663006E-04,0.417));
#164 = CARTESIAN_POINT('',(-1.13218514056,-3.194055309502E-04,0.417));
#165 = CARTESIAN_POINT('',(-1.132606267342,-2.605626787695E-04,0.417));
#166 = CARTESIAN_POINT('',(-1.132859292948,-2.251175391493E-04,0.417));
#167 = CARTESIAN_POINT('',(-1.132971846642,-2.093301976898E-04,0.417));
#168 = CARTESIAN_POINT('',(-1.133,-2.0538E-04,0.417));
#169 = PCURVE('',#170,#453);
#170 = B_SPLINE_SURFACE_WITH_KNOTS('',3,1,(
    (#171,#172)
    ,(#173,#174)
    ,(#175,#176)
    ,(#177,#178)
    ,(#179,#180)
    ,(#181,#182)
    ,(#183,#184)
    ,(#185,#186)
    ,(#187,#188)
    ,(#189,#190)
    ,(#191,#192)
    ,(#193,#194)
    ,(#195,#196)
    ,(#197,#198)
    ,(#199,#200)
    ,(#201,#202)
    ,(#203,#204)
    ,(#205,#206)
    ,(#207,#208)
    ,(#209,#210)
    ,(#211,#212)
    ,(#213,#214)
    ,(#215,#216)
    ,(#217,#218)
    ,(#219,#220)
    ,(#221,#222)
    ,(#223,#224)
    ,(#225,#226)
    ,(#227,#228)
    ,(#229,#230)
    ,(#231,#232)
    ,(#233,#234)
    ,(#235,#236)
    ,(#237,#238)
    ,(#239,#240)
    ,(#241,#242)
    ,(#243,#244)
    ,(#245,#246)
    ,(#247,#248)
    ,(#249,#250)
    ,(#251,#252)
    ,(#253,#254)
    ,(#255,#256)
    ,(#257,#258)
    ,(#259,#260)
    ,(#261,#262)
    ,(#263,#264)
    ,(#265,#266)
    ,(#267,#268)
    ,(#269,#270)
    ,(#271,#272)
    ,(#273,#274)
    ,(#275,#276)
    ,(#277,#278)
    ,(#279,#280)
    ,(#281,#282)
    ,(#283,#284)
    ,(#285,#286)
    ,(#287,#288)
    ,(#289,#290)
    ,(#291,#292)
    ,(#293,#294)
    ,(#295,#296)
    ,(#297,#298)
    ,(#299,#300)
    ,(#301,#302)
    ,(#303,#304)
    ,(#305,#306)
    ,(#307,#308)
    ,(#309,#310)
    ,(#311,#312)
    ,(#313,#314)
    ,(#315,#316)
    ,(#317,#318)
    ,(#319,#320)
    ,(#321,#322)
    ,(#323,#324)
    ,(#325,#326)
    ,(#327,#328)
    ,(#329,#330)
    ,(#331,#332)
    ,(#333,#334)
    ,(#335,#336)
    ,(#337,#338)
    ,(#339,#340)
    ,(#341,#342)
    ,(#343,#344)
    ,(#345,#346)
    ,(#347,#348)
    ,(#349,#350)
    ,(#351,#352)
    ,(#353,#354)
    ,(#355,#356)
    ,(#357,#358)
    ,(#359,#360)
    ,(#361,#362)
    ,(#363,#364)
    ,(#365,#366)
    ,(#367,#368)
    ,(#369,#370)
    ,(#371,#372)
    ,(#373,#374)
    ,(#375,#376)
    ,(#377,#378)
    ,(#379,#380)
    ,(#381,#382)
    ,(#383,#384)
    ,(#385,#386)
    ,(#387,#388)
    ,(#389,#390)
    ,(#391,#392)
    ,(#393,#394)
    ,(#395,#396)
    ,(#397,#398)
    ,(#399,#400)
    ,(#401,#402)
    ,(#403,#404)
    ,(#405,#406)
    ,(#407,#408)
    ,(#409,#410)
    ,(#411,#412)
    ,(#413,#414)
    ,(#415,#416)
    ,(#417,#418)
    ,(#419,#420)
    ,(#421,#422)
    ,(#423,#424)
    ,(#425,#426)
    ,(#427,#428)
    ,(#429,#430)
    ,(#431,#432)
    ,(#433,#434)
    ,(#435,#436)
    ,(#437,#438)
    ,(#439,#440)
    ,(#441,#442)
    ,(#443,#444)
    ,(#445,#446)
    ,(#447,#448)
    ,(#449,#450)
    ,(#451,#452
    )),.UNSPECIFIED.,.F.,.F.,.F.,(4,1,1,1,1,1,1,1,1,1,1,1,1,1,1,1,1,1,1,
    1,1,1,1,1,1,1,1,1,1,1,1,1,1,1,1,1,1,1,1,1,1,1,1,1,1,1,1,1,1,1,1,1,1,
    1,1,1,1,1,1,1,1,1,1,1,1,1,1,1,1,1,1,1,1,1,1,1,1,1,1,1,1,1,1,1,1,1,1,
    1,1,1,1,1,1,1,1,1,1,1,1,1,1,1,1,1,1,1,1,1,1,1,1,1,1,1,1,1,1,1,1,1,1,
    1,1,1,1,1,1,1,1,1,1,1,1,1,1,1,1,1,4),(2,2),(0.,2.210862529794E-04,
    8.838704065969E-04,1.9869300457E-03,3.527899125828E-03,
    5.503474868851E-03,7.909427269837E-03,1.074061107732E-02,
    1.399098008216E-02,1.765360353133E-02,2.172068447295E-02,
    2.618357983733E-02,3.1032822066E-02,3.62581421149E-02,
    4.184849367842E-02,4.779207850595E-02,5.407637271061E-02,
    6.068815399898E-02,6.761352977996E-02,7.483796613821E-02,
    8.234631768283E-02,9.012285830376E-02,9.815131288608E-02,
    0.106414890046,0.114896315962,0.123577869376,0.132441417849,
    0.141468455331,0.150640141119,0.159937340236,0.169340665269,
    0.178830519644,0.188387142321,0.197990653808,0.207621103408,
    0.217258517501,0.226882948685,0.236474525499,0.246013502445,
    0.25548030999,0.264855604202,0.274120315678,0.283255697439,
    0.292243371503,0.301065373925,0.309704198164,0.318142836793,
    0.326364821702,0.334354263163,0.342095888341,0.349575080147,
    0.356777917702,0.363691220108,0.370302595872,0.376600501167,
    0.382574311285,0.388214411474,0.393512316055,0.398460829005,
    0.403054266139,0.407288770313,0.411162769975,0.414677663056,
    0.417838860963,0.420657411415,0.423152533958,0.425355482969,
    0.427314892264,0.429102305739,0.430813198288,0.432524090837,
    0.434311504312,0.436270913607,0.438473862618,0.440968985161,
    0.443787535613,0.44694873352,0.450463626601,0.454337626263,
    0.458572130437,0.463165567571,0.468114080521,0.473411985102,
    0.479052085291,0.485025895409,0.491323800704,0.497935176468,
    0.504848478874,0.512051316429,0.519530508235,0.527272133413,
    0.535261574874,0.543483559783,0.551922198412,0.560561022651,
    0.569383025073,0.578370699137,0.587506080898,0.596770792374,
    0.606146086586,0.615612894131,0.625151871077,0.634743447891,
    0.644367879075,0.654005293168,0.663635742768,0.673239254255,
    0.682795876932,0.692285731307,0.70168905634,0.710986255457,
    0.720157941245,0.729184978727,0.7380485272,0.746730080614,
    0.75521150653,0.76347508369,0.771503538272,0.779280078893,
    0.786788430438,0.794012866796,0.800938242577,0.807550023865,
    0.81383431807,0.819777902898,0.825368254461,0.83059357451,
    0.835442816739,0.839905712103,0.843972793045,0.847635416494,
    0.850885785499,0.853716969306,0.856122921707,0.85809849745,
    0.85963946653,0.860742526169,0.861405310323,0.861626396576),(0.,1.),
  .UNSPECIFIED.);
#171 = CARTESIAN_POINT('',(-1.086364494589,5.323962744646E-04,-2.33E-02)
  );
#172 = CARTESIAN_POINT('',(-1.133,2.0538E-04,0.417));
#173 = CARTESIAN_POINT('',(-1.08629151405,5.426361738388E-04,-2.33E-02)
  );
#174 = CARTESIAN_POINT('',(-1.132971846642,2.093301976898E-04,0.417));
#175 = CARTESIAN_POINT('',(-1.085999746755,5.8356090739E-04,-2.33E-02));
#176 = CARTESIAN_POINT('',(-1.132859292948,2.251175391493E-04,0.417));
#177 = CARTESIAN_POINT('',(-1.085343841164,6.754435653005E-04,-2.33E-02)
  );
#178 = CARTESIAN_POINT('',(-1.132606267342,2.605626787695E-04,0.417));
#179 = CARTESIAN_POINT('',(-1.084252175326,8.279789401174E-04,-2.33E-02)
  );
#180 = CARTESIAN_POINT('',(-1.13218514056,3.194055309502E-04,0.417));
#181 = CARTESIAN_POINT('',(-1.0827270112,1.040272629453E-03,-2.33E-02));
#182 = CARTESIAN_POINT('',(-1.131596785187,4.013010663006E-04,0.417));
#183 = CARTESIAN_POINT('',(-1.080771509007,1.311090511886E-03,-2.33E-02)
  );
#184 = CARTESIAN_POINT('',(-1.130842420329,5.057732036197E-04,0.417));
#185 = CARTESIAN_POINT('',(-1.078389720732,1.638876055546E-03,-2.33E-02)
  );
#186 = CARTESIAN_POINT('',(-1.129923609099,6.322214869488E-04,0.417));
#187 = CARTESIAN_POINT('',(-1.075586581773,2.021771556094E-03,-2.33E-02)
  );
#188 = CARTESIAN_POINT('',(-1.128842255402,7.79929278446E-04,0.417));
#189 = CARTESIAN_POINT('',(-1.07236790077,2.457642593497E-03,-2.33E-02)
  );
#190 = CARTESIAN_POINT('',(-1.127600600011,9.480731929615E-04,0.417));
#191 = CARTESIAN_POINT('',(-1.06874034763,2.944104895734E-03,-2.33E-02)
  );
#192 = CARTESIAN_POINT('',(-1.126201215944,1.135733461122E-03,0.417));
#193 = CARTESIAN_POINT('',(-1.064711439757,3.478552725502E-03,-2.33E-02)
  );
#194 = CARTESIAN_POINT('',(-1.124647003154,1.341904879935E-03,0.417));
#195 = CARTESIAN_POINT('',(-1.060289526525,4.058187867474E-03,-2.33E-02)
  );
#196 = CARTESIAN_POINT('',(-1.122941182541,1.565507995073E-03,0.417));
#197 = CARTESIAN_POINT('',(-1.055483772025,4.680048289686E-03,-2.33E-02)
  );
#198 = CARTESIAN_POINT('',(-1.121087289291,1.805400157434E-03,0.417));
#199 = CARTESIAN_POINT('',(-1.050304136101,5.341035583787E-03,-2.33E-02)
  );
#200 = CARTESIAN_POINT('',(-1.119089165568,2.060386108639E-03,0.417));
#201 = CARTESIAN_POINT('',(-1.04476135374,6.037940354147E-03,-2.33E-02)
  );
#202 = CARTESIAN_POINT('',(-1.116950952557,2.329227775272E-03,0.417));
#203 = CARTESIAN_POINT('',(-1.038866912835,6.767464823135E-03,-2.33E-02)
  );
#204 = CARTESIAN_POINT('',(-1.114677081887,2.61065298921E-03,0.417));
#205 = CARTESIAN_POINT('',(-1.032633030376,7.526242045695E-03,-2.33E-02)
  );
#206 = CARTESIAN_POINT('',(-1.11227226645,2.903362899936E-03,0.417));
#207 = CARTESIAN_POINT('',(-1.02607262712,8.310851276463E-03,-2.33E-02)
  );
#208 = CARTESIAN_POINT('',(-1.109741490625,3.206037902644E-03,0.417));
#209 = CARTESIAN_POINT('',(-1.019199300789,9.117829201571E-03,-2.33E-02)
  );
#210 = CARTESIAN_POINT('',(-1.107089999941,3.517341971075E-03,0.417));
#211 = CARTESIAN_POINT('',(-1.012027297857,9.943676928915E-03,-2.33E-02)
  );
#212 = CARTESIAN_POINT('',(-1.104323290193,3.835925354125E-03,0.417));
#213 = CARTESIAN_POINT('',(-1.004571483979,1.078486281845E-02,-2.33E-02)
  );
#214 = CARTESIAN_POINT('',(-1.101447096036,4.160425667669E-03,0.417));
#215 = CARTESIAN_POINT('',(-0.996847313133,1.163782142105E-02,-2.33E-02)
  );
#216 = CARTESIAN_POINT('',(-1.098467379076,4.48946748521E-03,0.417));
#217 = CARTESIAN_POINT('',(-0.988870795533,1.249894897358E-02,-2.33E-02)
  );
#218 = CARTESIAN_POINT('',(-1.095390315499,4.821660600037E-03,0.417));
#219 = CARTESIAN_POINT('',(-0.980658464385,1.336459606247E-02,-2.33E-02)
  );
#220 = CARTESIAN_POINT('',(-1.092222283242,5.155597195099E-03,0.417));
#221 = CARTESIAN_POINT('',(-0.972227341559,1.423105821183E-02,-2.33E-02)
  );
#222 = CARTESIAN_POINT('',(-1.088969848751,5.489848212187E-03,0.417));
#223 = CARTESIAN_POINT('',(-0.96359490224,1.509456526872E-02,-2.33E-02)
  );
#224 = CARTESIAN_POINT('',(-1.085639753346,5.822959257195E-03,0.417));
#225 = CARTESIAN_POINT('',(-0.954779038647,1.595127054442E-02,-2.33E-02)
  );
#226 = CARTESIAN_POINT('',(-1.082238899223,6.153446411148E-03,0.417));
#227 = CARTESIAN_POINT('',(-0.94579802288,1.679724071999E-02,-2.33E-02)
  );
#228 = CARTESIAN_POINT('',(-1.078774335125,6.47979233615E-03,0.417));
#229 = CARTESIAN_POINT('',(-0.936670468996,1.762844753741E-02,-2.33E-02)
  );
#230 = CARTESIAN_POINT('',(-1.075253241709,6.800443070107E-03,0.417));
#231 = CARTESIAN_POINT('',(-0.927415294369,1.844076227059E-02,-2.33E-02)
  );
#232 = CARTESIAN_POINT('',(-1.071682916641,7.113805893819E-03,0.417));
#233 = CARTESIAN_POINT('',(-0.918051680438,1.922995390445E-02,-2.33E-02)
  );
#234 = CARTESIAN_POINT('',(-1.068070759454,7.418248628556E-03,0.417));
#235 = CARTESIAN_POINT('',(-0.908599032913,1.999169184722E-02,-2.33E-02)
  );
#236 = CARTESIAN_POINT('',(-1.064424256198,7.712100682354E-03,0.417));
#237 = CARTESIAN_POINT('',(-0.899076941533,2.07215538622E-02,-2.33E-02)
  );
#238 = CARTESIAN_POINT('',(-1.060750963913,7.993656109816E-03,0.417));
#239 = CARTESIAN_POINT('',(-0.889505139451,2.14150397362E-02,-2.33E-02)
  );
#240 = CARTESIAN_POINT('',(-1.057058494964,8.261178884924E-03,0.417));
#241 = CARTESIAN_POINT('',(-0.879903462342,2.206759100688E-02,-2.33E-02)
  );
#242 = CARTESIAN_POINT('',(-1.053354501268,8.512910511159E-03,0.417));
#243 = CARTESIAN_POINT('',(-0.87029180731,2.26746168567E-02,-2.33E-02));
#244 = CARTESIAN_POINT('',(-1.049646658435,8.74708001049E-03,0.417));
#245 = CARTESIAN_POINT('',(-0.860690091687,2.323152605421E-02,-2.33E-02)
  );
#246 = CARTESIAN_POINT('',(-1.045942649881,8.961916245209E-03,0.417));
#247 = CARTESIAN_POINT('',(-0.8511182118,2.373376459129E-02,-2.33E-02));
#248 = CARTESIAN_POINT('',(-1.042250150919,9.155662437082E-03,0.417));
#249 = CARTESIAN_POINT('',(-0.841596001795,2.417685843564E-02,-2.33E-02)
  );
#250 = CARTESIAN_POINT('',(-1.038576812872,9.326592659771E-03,0.417));
#251 = CARTESIAN_POINT('',(-0.832143192586,2.45564605992E-02,-2.33E-02)
  );
#252 = CARTESIAN_POINT('',(-1.034930247243,9.473029996189E-03,0.417));
#253 = CARTESIAN_POINT('',(-0.822779371026,2.486840152262E-02,-2.33E-02)
  );
#254 = CARTESIAN_POINT('',(-1.03131800996,9.593365975095E-03,0.417));
#255 = CARTESIAN_POINT('',(-0.813523939358,2.510874160143E-02,-2.33E-02)
  );
#256 = CARTESIAN_POINT('',(-1.027747585735,9.686080833843E-03,0.417));
#257 = CARTESIAN_POINT('',(-0.804396075022,2.527382453643E-02,-2.33E-02)
  );
#258 = CARTESIAN_POINT('',(-1.024226372557,9.74976409914E-03,0.417));
#259 = CARTESIAN_POINT('',(-0.795414690895,2.53603300863E-02,-2.33E-02)
  );
#260 = CARTESIAN_POINT('',(-1.020761666359,9.783134937149E-03,0.417));
#261 = CARTESIAN_POINT('',(-0.786598396024,2.53653247372E-02,-2.33E-02)
  );
#262 = CARTESIAN_POINT('',(-1.017360645864,9.785061700074E-03,0.417));
#263 = CARTESIAN_POINT('',(-0.777965456909,2.528630878721E-02,-2.33E-02)
  );
#264 = CARTESIAN_POINT('',(-1.014030357655,9.754580089689E-03,0.417));
#265 = CARTESIAN_POINT('',(-0.769533759407,2.512125837323E-02,-2.33E-02)
  );
#266 = CARTESIAN_POINT('',(-1.010777701474,9.690909369871E-03,0.417));
#267 = CARTESIAN_POINT('',(-0.761320771289,2.486866104589E-02,-2.33E-02)
  );
#268 = CARTESIAN_POINT('',(-1.007609415781,9.593466090161E-03,0.417));
#269 = CARTESIAN_POINT('',(-0.753343505511,2.452754362219E-02,-2.33E-02)
  );
#270 = CARTESIAN_POINT('',(-1.004532063583,9.461874830343E-03,0.417));
#271 = CARTESIAN_POINT('',(-0.745618484213,2.409749121358E-02,-2.33E-02)
  );
#272 = CARTESIAN_POINT('',(-1.001552018548,9.295975540817E-03,0.417));
#273 = CARTESIAN_POINT('',(-0.73816170346,2.35786565344E-02,-2.33E-02));
#274 = CARTESIAN_POINT('',(-0.998675451403,9.095827133471E-03,0.417));
#275 = CARTESIAN_POINT('',(-0.73098859872,2.297175883586E-02,-2.33E-02)
  );
#276 = CARTESIAN_POINT('',(-0.995908316616,8.86170707046E-03,0.417));
#277 = CARTESIAN_POINT('',(-0.724114010994,2.227807207553E-02,-2.33E-02)
  );
#278 = CARTESIAN_POINT('',(-0.99325633933,8.594106800379E-03,0.417));
#279 = CARTESIAN_POINT('',(-0.717552153491,2.149940220954E-02,-2.33E-02)
  );
#280 = CARTESIAN_POINT('',(-0.990725002507,8.29372299841E-03,0.417));
#281 = CARTESIAN_POINT('',(-0.711316578601,2.063805376897E-02,-2.33E-02)
  );
#282 = CARTESIAN_POINT('',(-0.988319534189,7.961444672642E-03,0.417));
#283 = CARTESIAN_POINT('',(-0.705420144783,1.969678612589E-02,-2.33E-02)
  );
#284 = CARTESIAN_POINT('',(-0.986044894723,7.598336293024E-03,0.417));
#285 = CARTESIAN_POINT('',(-0.69987498269,1.867876002378E-02,-2.33E-02)
  );
#286 = CARTESIAN_POINT('',(-0.983905763693,7.20561716466E-03,0.417));
#287 = CARTESIAN_POINT('',(-0.694692459493,1.758747496074E-02,-2.33E-02)
  );
#288 = CARTESIAN_POINT('',(-0.981906526161,6.784637272431E-03,0.417));
#289 = CARTESIAN_POINT('',(-0.689883139688,1.642669769365E-02,-2.33E-02)
  );
#290 = CARTESIAN_POINT('',(-0.98005125754,6.336849700375E-03,0.417));
#291 = CARTESIAN_POINT('',(-0.685456739704,1.52003811676E-02,-2.33E-02)
  );
#292 = CARTESIAN_POINT('',(-0.978343706093,5.863779357474E-03,0.417));
#293 = CARTESIAN_POINT('',(-0.681422072343,1.391257069622E-02,-2.33E-02)
  );
#294 = CARTESIAN_POINT('',(-0.976787271493,5.366986785292E-03,0.417));
#295 = CARTESIAN_POINT('',(-0.677786975477,1.256728908099E-02,-2.33E-02)
  );
#296 = CARTESIAN_POINT('',(-0.975384977319,4.848023840982E-03,0.417));
#297 = CARTESIAN_POINT('',(-0.674558220213,1.116837985568E-02,-2.33E-02)
  );
#298 = CARTESIAN_POINT('',(-0.974139435627,4.308373226441E-03,0.417));
#299 = CARTESIAN_POINT('',(-0.671741400634,9.719266698573E-03,-2.33E-02)
  );
#300 = CARTESIAN_POINT('',(-0.973052804423,3.749355677893E-03,0.417));
#301 = CARTESIAN_POINT('',(-0.669340853448,8.22253505735E-03,-2.33E-02)
  );
#302 = CARTESIAN_POINT('',(-0.972126756656,3.171968571299E-03,0.417));
#303 = CARTESIAN_POINT('',(-0.667359776356,6.679222164438E-03,-2.33E-02)
  );
#304 = CARTESIAN_POINT('',(-0.971362525889,2.57661203492E-03,0.417));
#305 = CARTESIAN_POINT('',(-0.665801152725,5.087709973811E-03,-2.33E-02)
  );
#306 = CARTESIAN_POINT('',(-0.970761263001,1.962661882771E-03,0.417));
#307 = CARTESIAN_POINT('',(-0.66467050039,3.443266308351E-03,-2.33E-02)
  );
#308 = CARTESIAN_POINT('',(-0.970325096582,1.328292605203E-03,0.417));
#309 = CARTESIAN_POINT('',(-0.663981008444,1.741107869662E-03,-2.33E-02)
  );
#310 = CARTESIAN_POINT('',(-0.970059114526,6.716589717512E-04,0.417));
#311 = CARTESIAN_POINT('',(-0.663752824973,8.666470651742E-20,-2.33E-02)
  );
#312 = CARTESIAN_POINT('',(-0.969971089264,0.,0.417));
#313 = CARTESIAN_POINT('',(-0.663981008444,-1.741107869662E-03,-2.33E-02
    ));
#314 = CARTESIAN_POINT('',(-0.970059114526,-6.716589717512E-04,0.417));
#315 = CARTESIAN_POINT('',(-0.66467050039,-3.443266308351E-03,-2.33E-02)
  );
#316 = CARTESIAN_POINT('',(-0.970325096582,-1.328292605203E-03,0.417));
#317 = CARTESIAN_POINT('',(-0.665801152725,-5.087709973811E-03,-2.33E-02
    ));
#318 = CARTESIAN_POINT('',(-0.970761263001,-1.962661882771E-03,0.417));
#319 = CARTESIAN_POINT('',(-0.667359776356,-6.679222164438E-03,-2.33E-02
    ));
#320 = CARTESIAN_POINT('',(-0.971362525889,-2.57661203492E-03,0.417));
#321 = CARTESIAN_POINT('',(-0.669340853448,-8.22253505735E-03,-2.33E-02)
  );
#322 = CARTESIAN_POINT('',(-0.972126756656,-3.171968571299E-03,0.417));
#323 = CARTESIAN_POINT('',(-0.671741400634,-9.719266698573E-03,-2.33E-02
    ));
#324 = CARTESIAN_POINT('',(-0.973052804423,-3.749355677893E-03,0.417));
#325 = CARTESIAN_POINT('',(-0.674558220213,-1.116837985568E-02,-2.33E-02
    ));
#326 = CARTESIAN_POINT('',(-0.974139435627,-4.308373226441E-03,0.417));
#327 = CARTESIAN_POINT('',(-0.677786975477,-1.256728908099E-02,-2.33E-02
    ));
#328 = CARTESIAN_POINT('',(-0.975384977319,-4.848023840982E-03,0.417));
#329 = CARTESIAN_POINT('',(-0.681422072343,-1.391257069622E-02,-2.33E-02
    ));
#330 = CARTESIAN_POINT('',(-0.976787271493,-5.366986785292E-03,0.417));
#331 = CARTESIAN_POINT('',(-0.685456739704,-1.52003811676E-02,-2.33E-02)
  );
#332 = CARTESIAN_POINT('',(-0.978343706093,-5.863779357474E-03,0.417));
#333 = CARTESIAN_POINT('',(-0.689883139688,-1.642669769365E-02,-2.33E-02
    ));
#334 = CARTESIAN_POINT('',(-0.98005125754,-6.336849700375E-03,0.417));
#335 = CARTESIAN_POINT('',(-0.694692459493,-1.758747496074E-02,-2.33E-02
    ));
#336 = CARTESIAN_POINT('',(-0.981906526161,-6.784637272431E-03,0.417));
#337 = CARTESIAN_POINT('',(-0.69987498269,-1.867876002378E-02,-2.33E-02)
  );
#338 = CARTESIAN_POINT('',(-0.983905763693,-7.20561716466E-03,0.417));
#339 = CARTESIAN_POINT('',(-0.705420144783,-1.969678612589E-02,-2.33E-02
    ));
#340 = CARTESIAN_POINT('',(-0.986044894723,-7.598336293024E-03,0.417));
#341 = CARTESIAN_POINT('',(-0.711316578601,-2.063805376897E-02,-2.33E-02
    ));
#342 = CARTESIAN_POINT('',(-0.988319534189,-7.961444672642E-03,0.417));
#343 = CARTESIAN_POINT('',(-0.717552153491,-2.149940220954E-02,-2.33E-02
    ));
#344 = CARTESIAN_POINT('',(-0.990725002507,-8.29372299841E-03,0.417));
#345 = CARTESIAN_POINT('',(-0.724114010994,-2.227807207553E-02,-2.33E-02
    ));
#346 = CARTESIAN_POINT('',(-0.99325633933,-8.594106800379E-03,0.417));
#347 = CARTESIAN_POINT('',(-0.73098859872,-2.297175883586E-02,-2.33E-02)
  );
#348 = CARTESIAN_POINT('',(-0.995908316616,-8.86170707046E-03,0.417));
#349 = CARTESIAN_POINT('',(-0.73816170346,-2.35786565344E-02,-2.33E-02)
  );
#350 = CARTESIAN_POINT('',(-0.998675451403,-9.095827133471E-03,0.417));
#351 = CARTESIAN_POINT('',(-0.745618484213,-2.409749121358E-02,-2.33E-02
    ));
#352 = CARTESIAN_POINT('',(-1.001552018548,-9.295975540817E-03,0.417));
#353 = CARTESIAN_POINT('',(-0.753343505511,-2.452754362219E-02,-2.33E-02
    ));
#354 = CARTESIAN_POINT('',(-1.004532063583,-9.461874830343E-03,0.417));
#355 = CARTESIAN_POINT('',(-0.761320771289,-2.486866104589E-02,-2.33E-02
    ));
#356 = CARTESIAN_POINT('',(-1.007609415781,-9.593466090161E-03,0.417));
#357 = CARTESIAN_POINT('',(-0.769533759407,-2.512125837323E-02,-2.33E-02
    ));
#358 = CARTESIAN_POINT('',(-1.010777701474,-9.690909369871E-03,0.417));
#359 = CARTESIAN_POINT('',(-0.777965456909,-2.528630878721E-02,-2.33E-02
    ));
#360 = CARTESIAN_POINT('',(-1.014030357655,-9.754580089689E-03,0.417));
#361 = CARTESIAN_POINT('',(-0.786598396024,-2.53653247372E-02,-2.33E-02)
  );
#362 = CARTESIAN_POINT('',(-1.017360645864,-9.785061700074E-03,0.417));
#363 = CARTESIAN_POINT('',(-0.795414690895,-2.53603300863E-02,-2.33E-02)
  );
#364 = CARTESIAN_POINT('',(-1.020761666359,-9.783134937149E-03,0.417));
#365 = CARTESIAN_POINT('',(-0.804396075022,-2.527382453643E-02,-2.33E-02
    ));
#366 = CARTESIAN_POINT('',(-1.024226372557,-9.74976409914E-03,0.417));
#367 = CARTESIAN_POINT('',(-0.813523939358,-2.510874160143E-02,-2.33E-02
    ));
#368 = CARTESIAN_POINT('',(-1.027747585735,-9.686080833843E-03,0.417));
#369 = CARTESIAN_POINT('',(-0.822779371026,-2.486840152262E-02,-2.33E-02
    ));
#370 = CARTESIAN_POINT('',(-1.03131800996,-9.593365975095E-03,0.417));
#371 = CARTESIAN_POINT('',(-0.832143192586,-2.45564605992E-02,-2.33E-02)
  );
#372 = CARTESIAN_POINT('',(-1.034930247243,-9.473029996189E-03,0.417));
#373 = CARTESIAN_POINT('',(-0.841596001795,-2.417685843564E-02,-2.33E-02
    ));
#374 = CARTESIAN_POINT('',(-1.038576812872,-9.326592659771E-03,0.417));
#375 = CARTESIAN_POINT('',(-0.8511182118,-2.373376459129E-02,-2.33E-02)
  );
#376 = CARTESIAN_POINT('',(-1.042250150919,-9.155662437082E-03,0.417));
#377 = CARTESIAN_POINT('',(-0.860690091687,-2.323152605421E-02,-2.33E-02
    ));
#378 = CARTESIAN_POINT('',(-1.045942649881,-8.961916245209E-03,0.417));
#379 = CARTESIAN_POINT('',(-0.87029180731,-2.26746168567E-02,-2.33E-02)
  );
#380 = CARTESIAN_POINT('',(-1.049646658435,-8.74708001049E-03,0.417));
#381 = CARTESIAN_POINT('',(-0.879903462342,-2.206759100688E-02,-2.33E-02
    ));
#382 = CARTESIAN_POINT('',(-1.053354501268,-8.512910511159E-03,0.417));
#383 = CARTESIAN_POINT('',(-0.889505139451,-2.14150397362E-02,-2.33E-02)
  );
#384 = CARTESIAN_POINT('',(-1.057058494964,-8.261178884924E-03,0.417));
#385 = CARTESIAN_POINT('',(-0.899076941533,-2.07215538622E-02,-2.33E-02)
  );
#386 = CARTESIAN_POINT('',(-1.060750963913,-7.993656109816E-03,0.417));
#387 = CARTESIAN_POINT('',(-0.908599032913,-1.999169184722E-02,-2.33E-02
    ));
#388 = CARTESIAN_POINT('',(-1.064424256198,-7.712100682354E-03,0.417));
#389 = CARTESIAN_POINT('',(-0.918051680438,-1.922995390445E-02,-2.33E-02
    ));
#390 = CARTESIAN_POINT('',(-1.068070759454,-7.418248628556E-03,0.417));
#391 = CARTESIAN_POINT('',(-0.927415294369,-1.844076227059E-02,-2.33E-02
    ));
#392 = CARTESIAN_POINT('',(-1.071682916641,-7.113805893819E-03,0.417));
#393 = CARTESIAN_POINT('',(-0.936670468996,-1.762844753741E-02,-2.33E-02
    ));
#394 = CARTESIAN_POINT('',(-1.075253241709,-6.800443070107E-03,0.417));
#395 = CARTESIAN_POINT('',(-0.94579802288,-1.679724071999E-02,-2.33E-02)
  );
#396 = CARTESIAN_POINT('',(-1.078774335125,-6.47979233615E-03,0.417));
#397 = CARTESIAN_POINT('',(-0.954779038647,-1.595127054442E-02,-2.33E-02
    ));
#398 = CARTESIAN_POINT('',(-1.082238899223,-6.153446411148E-03,0.417));
#399 = CARTESIAN_POINT('',(-0.96359490224,-1.509456526872E-02,-2.33E-02)
  );
#400 = CARTESIAN_POINT('',(-1.085639753346,-5.822959257195E-03,0.417));
#401 = CARTESIAN_POINT('',(-0.972227341559,-1.423105821183E-02,-2.33E-02
    ));
#402 = CARTESIAN_POINT('',(-1.088969848751,-5.489848212187E-03,0.417));
#403 = CARTESIAN_POINT('',(-0.980658464385,-1.336459606247E-02,-2.33E-02
    ));
#404 = CARTESIAN_POINT('',(-1.092222283242,-5.155597195099E-03,0.417));
#405 = CARTESIAN_POINT('',(-0.988870795533,-1.249894897358E-02,-2.33E-02
    ));
#406 = CARTESIAN_POINT('',(-1.095390315499,-4.821660600037E-03,0.417));
#407 = CARTESIAN_POINT('',(-0.996847313133,-1.163782142105E-02,-2.33E-02
    ));
#408 = CARTESIAN_POINT('',(-1.098467379076,-4.48946748521E-03,0.417));
#409 = CARTESIAN_POINT('',(-1.004571483979,-1.078486281845E-02,-2.33E-02
    ));
#410 = CARTESIAN_POINT('',(-1.101447096036,-4.160425667669E-03,0.417));
#411 = CARTESIAN_POINT('',(-1.012027297857,-9.943676928915E-03,-2.33E-02
    ));
#412 = CARTESIAN_POINT('',(-1.104323290193,-3.835925354125E-03,0.417));
#413 = CARTESIAN_POINT('',(-1.019199300789,-9.117829201571E-03,-2.33E-02
    ));
#414 = CARTESIAN_POINT('',(-1.107089999941,-3.517341971075E-03,0.417));
#415 = CARTESIAN_POINT('',(-1.02607262712,-8.310851276463E-03,-2.33E-02)
  );
#416 = CARTESIAN_POINT('',(-1.109741490625,-3.206037902644E-03,0.417));
#417 = CARTESIAN_POINT('',(-1.032633030376,-7.526242045695E-03,-2.33E-02
    ));
#418 = CARTESIAN_POINT('',(-1.11227226645,-2.903362899936E-03,0.417));
#419 = CARTESIAN_POINT('',(-1.038866912835,-6.767464823135E-03,-2.33E-02
    ));
#420 = CARTESIAN_POINT('',(-1.114677081887,-2.61065298921E-03,0.417));
#421 = CARTESIAN_POINT('',(-1.04476135374,-6.037940354147E-03,-2.33E-02)
  );
#422 = CARTESIAN_POINT('',(-1.116950952557,-2.329227775272E-03,0.417));
#423 = CARTESIAN_POINT('',(-1.050304136101,-5.341035583787E-03,-2.33E-02
    ));
#424 = CARTESIAN_POINT('',(-1.119089165568,-2.060386108639E-03,0.417));
#425 = CARTESIAN_POINT('',(-1.055483772025,-4.680048289686E-03,-2.33E-02
    ));
#426 = CARTESIAN_POINT('',(-1.121087289291,-1.805400157434E-03,0.417));
#427 = CARTESIAN_POINT('',(-1.060289526525,-4.058187867474E-03,-2.33E-02
    ));
#428 = CARTESIAN_POINT('',(-1.122941182541,-1.565507995073E-03,0.417));
#429 = CARTESIAN_POINT('',(-1.064711439757,-3.478552725502E-03,-2.33E-02
    ));
#430 = CARTESIAN_POINT('',(-1.124647003154,-1.341904879935E-03,0.417));
#431 = CARTESIAN_POINT('',(-1.06874034763,-2.944104895734E-03,-2.33E-02)
  );
#432 = CARTESIAN_POINT('',(-1.126201215944,-1.135733461122E-03,0.417));
#433 = CARTESIAN_POINT('',(-1.07236790077,-2.457642593497E-03,-2.33E-02)
  );
#434 = CARTESIAN_POINT('',(-1.127600600011,-9.480731929614E-04,0.417));
#435 = CARTESIAN_POINT('',(-1.075586581773,-2.021771556094E-03,-2.33E-02
    ));
#436 = CARTESIAN_POINT('',(-1.128842255402,-7.79929278446E-04,0.417));
#437 = CARTESIAN_POINT('',(-1.078389720732,-1.638876055546E-03,-2.33E-02
    ));
#438 = CARTESIAN_POINT('',(-1.129923609099,-6.322214869488E-04,0.417));
#439 = CARTESIAN_POINT('',(-1.080771509007,-1.311090511886E-03,-2.33E-02
    ));
#440 = CARTESIAN_POINT('',(-1.130842420329,-5.057732036197E-04,0.417));
#441 = CARTESIAN_POINT('',(-1.0827270112,-1.040272629453E-03,-2.33E-02)
  );
#442 = CARTESIAN_POINT('',(-1.131596785187,-4.013010663006E-04,0.417));
#443 = CARTESIAN_POINT('',(-1.084252175326,-8.279789401174E-04,-2.33E-02
    ));
#444 = CARTESIAN_POINT('',(-1.13218514056,-3.194055309502E-04,0.417));
#445 = CARTESIAN_POINT('',(-1.085343841164,-6.754435653005E-04,-2.33E-02
    ));
#446 = CARTESIAN_POINT('',(-1.132606267342,-2.605626787695E-04,0.417));
#447 = CARTESIAN_POINT('',(-1.085999746755,-5.8356090739E-04,-2.33E-02)
  );
#448 = CARTESIAN_POINT('',(-1.132859292948,-2.251175391493E-04,0.417));
#449 = CARTESIAN_POINT('',(-1.08629151405,-5.426361738388E-04,-2.33E-02)
  );
#450 = CARTESIAN_POINT('',(-1.132971846642,-2.093301976898E-04,0.417));
#451 = CARTESIAN_POINT('',(-1.086364494589,-5.323962744646E-04,-2.33E-02
    ));
#452 = CARTESIAN_POINT('',(-1.133,-2.0538E-04,0.417));
#453 = DEFINITIONAL_REPRESENTATION('',(#454),#457);
#454 = B_SPLINE_CURVE_WITH_KNOTS('',1,(#455,#456),.UNSPECIFIED.,.F.,.F.,
  (2,2),(0.,0.332385551546),.PIECEWISE_BEZIER_KNOTS.);
#455 = CARTESIAN_POINT('',(0.,1.));
#456 = CARTESIAN_POINT('',(0.861626396576,1.));
#457 = ( GEOMETRIC_REPRESENTATION_CONTEXT(2) 
PARAMETRIC_REPRESENTATION_CONTEXT() REPRESENTATION_CONTEXT('2D SPACE',''
  ) );
#458 = PCURVE('',#459,#464);
#459 = PLANE('',#460);
#460 = AXIS2_PLACEMENT_3D('',#461,#462,#463);
#461 = CARTESIAN_POINT('',(-1.133,2.0538E-04,0.417));
#462 = DIRECTION('',(3.526104613573E-16,9.564485198099E-15,-1.));
#463 = DIRECTION('',(0.999999206201,-1.259998999813E-03,
    3.405589396721E-16));
#464 = DEFINITIONAL_REPRESENTATION('',(#465),#607);
#465 = B_SPLINE_CURVE_WITH_KNOTS('',3,(#466,#467,#468,#469,#470,#471,
    #472,#473,#474,#475,#476,#477,#478,#479,#480,#481,#482,#483,#484,
    #485,#486,#487,#488,#489,#490,#491,#492,#493,#494,#495,#496,#497,
    #498,#499,#500,#501,#502,#503,#504,#505,#506,#507,#508,#509,#510,
    #511,#512,#513,#514,#515,#516,#517,#518,#519,#520,#521,#522,#523,
    #524,#525,#526,#527,#528,#529,#530,#531,#532,#533,#534,#535,#536,
    #537,#538,#539,#540,#541,#542,#543,#544,#545,#546,#547,#548,#549,
    #550,#551,#552,#553,#554,#555,#556,#557,#558,#559,#560,#561,#562,
    #563,#564,#565,#566,#567,#568,#569,#570,#571,#572,#573,#574,#575,
    #576,#577,#578,#579,#580,#581,#582,#583,#584,#585,#586,#587,#588,
    #589,#590,#591,#592,#593,#594,#595,#596,#597,#598,#599,#600,#601,
    #602,#603,#604,#605,#606),.UNSPECIFIED.,.F.,.F.,(4,1,1,1,1,1,1,1,1,1
    ,1,1,1,1,1,1,1,1,1,1,1,1,1,1,1,1,1,1,1,1,1,1,1,1,1,1,1,1,1,1,1,1,1,1
    ,1,1,1,1,1,1,1,1,1,1,1,1,1,1,1,1,1,1,1,1,1,1,1,1,1,1,1,1,1,1,1,1,1,1
    ,1,1,1,1,1,1,1,1,1,1,1,1,1,1,1,1,1,1,1,1,1,1,1,1,1,1,1,1,1,1,1,1,1,1
    ,1,1,1,1,1,1,1,1,1,1,1,1,1,1,1,1,1,1,1,1,1,1,1,1,1,1,4),(0.,
    8.528740116105E-05,3.409665183878E-04,7.664886332953E-04,
    1.36094100807E-03,2.123049545568E-03,3.051182456738E-03,
    4.143354882185E-03,5.397234404322E-03,6.810147379244E-03,
    8.379086013592E-03,1.010071611113E-02,1.197138541648E-02,
    1.398713248895E-02,1.61436960473E-02,1.843652473606E-02,
    2.086078727443E-02,2.341138296064E-02,2.608295251534E-02,
    2.886988925856E-02,3.176635062427E-02,3.476627002516E-02,
    3.786336908689E-02,4.105117027654E-02,4.432300995331E-02,
    4.767205187145E-02,5.109130116512E-02,5.457361884281E-02,
    5.811173681502E-02,6.169827347246E-02,6.53257498239E-02,
    6.898660619194E-02,7.267321945248E-02,7.637792078849E-02,
    8.009301391283E-02,8.381079369712E-02,8.7523565126E-02,
    9.122366247929E-02,9.490346862954E-02,9.855543433035E-02,
    0.102172097364,0.105746101418,0.109270214557,0.112737347194,
    0.116140569464,0.11947312795,0.122728461776,0.12590021812,
    0.128982267274,0.131968717508,0.13485393006,0.137632534734,
    0.1402994468,0.142849886049,0.145279399274,0.14758388783,
    0.149759642681,0.151803390346,0.15371235485,0.15548434343,
    0.157117868135,0.158612322715,0.159968246442,0.161187726851,
    0.162275025766,0.163237557422,0.164087378673,0.164843250756,
    0.165532772823,0.166192775773,0.166852778723,0.16754230079,
    0.168298172873,0.169147994123,0.17011052578,0.171197824695,
    0.172417305104,0.173773228831,0.175267683411,0.176901208116,
    0.178673196696,0.180582161199,0.182625908864,0.184801663716,
    0.187106152272,0.189535665496,0.192086104746,0.194753016811,
    0.197531621486,0.200416834037,0.203403284272,0.206485333426,
    0.209657089769,0.212912423596,0.216244982082,0.219648204351,
    0.223115336989,0.226639450128,0.230213454181,0.233830117215,
    0.237482082916,0.241161889066,0.24486198642,0.248574757849,
    0.252292537633,0.256007630757,0.259712332093,0.263398945354,
    0.267059801722,0.270687278073,0.274273814731,0.277811932703,
    0.281294250381,0.284713499674,0.288062541592,0.291334381269,
    0.294522182459,0.29761928152,0.300619200921,0.303515662287,
    0.30630259903,0.308974168585,0.311524764271,0.31394902681,
    0.316241855498,0.318398419057,0.320414166129,0.322284835435,
    0.324006465532,0.325575404166,0.326988317141,0.328242196663,
    0.329334369089,0.330262502,0.331024610538,0.331619062912,
    0.332044585027,0.332300264144,0.332385551546),.UNSPECIFIED.);
#466 = CARTESIAN_POINT('',(0.,0.));
#467 = CARTESIAN_POINT('',(2.814835867615E-05,-3.985667757419E-06));
#468 = CARTESIAN_POINT('',(1.406820709555E-04,-1.991481422641E-05));
#469 = CARTESIAN_POINT('',(3.936628156427E-04,-5.567873772123E-05));
#470 = CARTESIAN_POINT('',(8.147151212754E-04,-1.150521625165E-04));
#471 = CARTESIAN_POINT('',(1.402966838399E-03,-1.97688960039E-04));
#472 = CARTESIAN_POINT('',(2.157199463398E-03,-3.031115133956E-04));
#473 = CARTESIAN_POINT('',(3.075850639586E-03,-4.307173975813E-04));
#474 = CARTESIAN_POINT('',(4.157017366224E-03,-5.797875764045E-04));
#475 = CARTESIAN_POINT('',(5.398459910345E-03,-7.494958419981E-04));
#476 = CARTESIAN_POINT('',(6.797606414888E-03,-9.389191837185E-04));
#477 = CARTESIAN_POINT('',(8.35155819525E-03,-1.147048745435E-03));
#478 = CARTESIAN_POINT('',(1.005709571488E-02,-1.372801015343E-03));
#479 = CARTESIAN_POINT('',(1.191068522899E-02,-1.615028890918E-03));
#480 = CARTESIAN_POINT('',(1.390848608385E-02,-1.872532273608E-03));
#481 = CARTESIAN_POINT('',(1.604635865757E-02,-2.144067873091E-03));
#482 = CARTESIAN_POINT('',(1.831987292659E-02,-2.428357938402E-03));
#483 = CARTESIAN_POINT('',(2.07243176405E-02,-2.724097681821E-03));
#484 = CARTESIAN_POINT('',(2.325471008648E-02,-3.029961219274E-03));
#485 = CARTESIAN_POINT('',(2.590580642275E-02,-3.344605916202E-03));
#486 = CARTESIAN_POINT('',(2.867211255949E-02,-3.666675097875E-03));
#487 = CARTESIAN_POINT('',(3.154789556405E-02,-3.994799155593E-03));
#488 = CARTESIAN_POINT('',(3.452719556616E-02,-4.32759515233E-03));
#489 = CARTESIAN_POINT('',(3.760383813766E-02,-4.663665100493E-03));
#490 = CARTESIAN_POINT('',(4.077144712024E-02,-5.001593147951E-03));
#491 = CARTESIAN_POINT('',(4.402345787363E-02,-5.339941963917E-03));
#492 = CARTESIAN_POINT('',(4.735313091571E-02,-5.677248661381E-03));
#493 = CARTESIAN_POINT('',(5.075356592525E-02,-6.012020625787E-03));
#494 = CARTESIAN_POINT('',(5.421771607702E-02,-6.342731639033E-03));
#495 = CARTESIAN_POINT('',(5.773840267833E-02,-6.667818692641E-03));
#496 = CARTESIAN_POINT('',(6.130833007546E-02,-6.98567987362E-03));
#497 = CARTESIAN_POINT('',(6.492010079768E-02,-7.294673681134E-03));
#498 = CARTESIAN_POINT('',(6.856623090635E-02,-7.593120092129E-03));
#499 = CARTESIAN_POINT('',(7.223916551607E-02,-7.879303640698E-03));
#500 = CARTESIAN_POINT('',(7.593129445476E-02,-8.151478710628E-03));
#501 = CARTESIAN_POINT('',(7.963496802959E-02,-8.407877165392E-03));
#502 = CARTESIAN_POINT('',(8.334251286584E-02,-8.646718357099E-03));
#503 = CARTESIAN_POINT('',(8.704624778602E-02,-8.866221468355E-03));
#504 = CARTESIAN_POINT('',(9.073849969737E-02,-9.064620051432E-03));
#505 = CARTESIAN_POINT('',(9.441161945632E-02,-9.240178540702E-03));
#506 = CARTESIAN_POINT('',(9.80579976795E-02,-9.391210429923E-03));
#507 = CARTESIAN_POINT('',(0.101670080472,-9.51609772867E-03));
#508 = CARTESIAN_POINT('',(0.105240385042,-9.613311244774E-03));
#509 = CARTESIAN_POINT('',(0.108761515184,-9.681431184601E-03));
#510 = CARTESIAN_POINT('',(0.112226176585,-9.719167522465E-03));
#511 = CARTESIAN_POINT('',(0.115627191952,-9.725379566281E-03));
#512 = CARTESIAN_POINT('',(0.118957515924,-9.699094139905E-03));
#513 = CARTESIAN_POINT('',(0.122210249748,-9.639521814164E-03));
#514 = CARTESIAN_POINT('',(0.125378655705,-9.546070648609E-03));
#515 = CARTESIAN_POINT('',(0.128456171265,-9.41835695394E-03));
#516 = CARTESIAN_POINT('',(0.131436422968,-9.256212649869E-03));
#517 = CARTESIAN_POINT('',(0.134313240016,-9.059688873125E-03));
#518 = CARTESIAN_POINT('',(0.137080667597,-8.829055583022E-03));
#519 = CARTESIAN_POINT('',(0.139732979954,-8.56479701409E-03));
#520 = CARTESIAN_POINT('',(0.142264693251,-8.267602932431E-03));
#521 = CARTESIAN_POINT('',(0.14467057833,-7.938355758099E-03));
#522 = CARTESIAN_POINT('',(0.146945673507,-7.578113710169E-03));
#523 = CARTESIAN_POINT('',(0.149085297664,-7.188090196503E-03));
#524 = CARTESIAN_POINT('',(0.151085064044,-6.769629675739E-03));
#525 = CARTESIAN_POINT('',(0.152940895403,-6.324180095742E-03));
#526 = CARTESIAN_POINT('',(0.154649041563,-5.853261641479E-03));
#527 = CARTESIAN_POINT('',(0.156206100886,-5.35843056969E-03));
#528 = CARTESIAN_POINT('',(0.15760904784,-4.841234926589E-03));
#529 = CARTESIAN_POINT('',(0.158855268502,-4.303154121708E-03));
#530 = CARTESIAN_POINT('',(0.159942603206,-3.745506171138E-03));
#531 = CARTESIAN_POINT('',(0.160869377745,-3.169286342134E-03));
#532 = CARTESIAN_POINT('',(0.161634358054,-2.574893208351E-03));
#533 = CARTESIAN_POINT('',(0.16223639404,-1.961701134192E-03));
#534 = CARTESIAN_POINT('',(0.162673359418,-1.327881929438E-03));
#535 = CARTESIAN_POINT('',(0.162940168621,-6.715839543457E-04));
#536 = CARTESIAN_POINT('',(0.163029040102,-3.64274981813E-08));
#537 = CARTESIAN_POINT('',(0.1629418612,6.717329228322E-04));
#538 = CARTESIAN_POINT('',(0.162676706713,1.328701172174E-03));
#539 = CARTESIAN_POINT('',(0.162241339944,1.963619515433E-03));
#540 = CARTESIAN_POINT('',(0.161640851111,2.578326770865E-03));
#541 = CARTESIAN_POINT('',(0.160877371099,3.174645764653E-03));
#542 = CARTESIAN_POINT('',(0.159952051575,3.753199232177E-03));
#543 = CARTESIAN_POINT('',(0.158866125594,4.313585491209E-03));
#544 = CARTESIAN_POINT('',(0.15762126485,4.854805058661E-03));
#545 = CARTESIAN_POINT('',(0.156219625682,5.375534480277E-03));
#546 = CARTESIAN_POINT('',(0.154663818275,5.874287764144E-03));
#547 = CARTESIAN_POINT('',(0.152956864252,6.349509244638E-03));
#548 = CARTESIAN_POINT('',(0.151102161316,6.799634097846E-03));
#549 = CARTESIAN_POINT('',(0.149103455805,7.223132693193E-03));
#550 = CARTESIAN_POINT('',(0.146964821299,7.618546812775E-03));
#551 = CARTESIAN_POINT('',(0.144690641155,7.98452094761E-03));
#552 = CARTESIAN_POINT('',(0.142285593417,8.319829897291E-03));
#553 = CARTESIAN_POINT('',(0.139754637086,8.623402942681E-03));
#554 = CARTESIAN_POINT('',(0.137102999081,8.894344489068E-03));
#555 = CARTESIAN_POINT('',(0.134336161482,9.131950953299E-03));
#556 = CARTESIAN_POINT('',(0.131459848808,9.335723673493E-03));
#557 = CARTESIAN_POINT('',(0.128480015171,9.505377685092E-03));
#558 = CARTESIAN_POINT('',(0.125402831221,9.640846301144E-03));
#559 = CARTESIAN_POINT('',(0.122234670821,9.742281540309E-03));
#560 = CARTESIAN_POINT('',(0.118982097446,9.81005055312E-03));
#561 = CARTESIAN_POINT('',(0.115651850288,9.844728299121E-03));
#562 = CARTESIAN_POINT('',(0.112250830065,9.847086820147E-03));
#563 = CARTESIAN_POINT('',(0.10878608457,9.818081534972E-03));
#564 = CARTESIAN_POINT('',(0.105264793947,9.758835045309E-03));
#565 = CARTESIAN_POINT('',(0.101694255735,9.670618991111E-03));
#566 = CARTESIAN_POINT('',(9.808186969614E-02,9.554834523091E-03));
#567 = CARTESIAN_POINT('',(9.443512245117E-02,9.41299197196E-03));
#568 = CARTESIAN_POINT('',(9.07615719484E-02,9.24669028722E-03));
#569 = CARTESIAN_POINT('',(8.706883179703E-02,9.057596794142E-03));
#570 = CARTESIAN_POINT('',(8.336455548997E-02,8.847427777032E-03));
#571 = CARTESIAN_POINT('',(7.965642054705E-02,8.617930341846E-03));
#572 = CARTESIAN_POINT('',(7.595211260902E-02,8.370865943789E-03));
#573 = CARTESIAN_POINT('',(7.225930951348E-02,8.107995888222E-03));
#574 = CARTESIAN_POINT('',(6.858566538464E-02,7.831069028863E-03));
#575 = CARTESIAN_POINT('',(6.493879476939E-02,7.541811798781E-03));
#576 = CARTESIAN_POINT('',(6.132625685208E-02,7.241920620153E-03));
#577 = CARTESIAN_POINT('',(5.775553978126E-02,6.933056651203E-03));
#578 = CARTESIAN_POINT('',(5.423404514074E-02,6.61684274596E-03));
#579 = CARTESIAN_POINT('',(5.076907259789E-02,6.294862427309E-03));
#580 = CARTESIAN_POINT('',(4.736780476139E-02,5.968660608489E-03));
#581 = CARTESIAN_POINT('',(4.403729228014E-02,5.639745744785E-03));
#582 = CARTESIAN_POINT('',(4.078443921486E-02,5.30959305723E-03));
#583 = CARTESIAN_POINT('',(3.761598871273E-02,4.979648444723E-03));
#584 = CARTESIAN_POINT('',(3.453850901524E-02,4.651332690619E-03));
#585 = CARTESIAN_POINT('',(3.155837982841E-02,4.32604557466E-03));
#586 = CARTESIAN_POINT('',(2.868177908371E-02,4.005169520466E-03));
#587 = CARTESIAN_POINT('',(2.591467011748E-02,3.690072441823E-03));
#588 = CARTESIAN_POINT('',(2.326278929558E-02,3.382109496114E-03));
#589 = CARTESIAN_POINT('',(2.07316341092E-02,3.082623508677E-03));
#590 = CARTESIAN_POINT('',(1.83264517669E-02,2.79294389535E-03));
#591 = CARTESIAN_POINT('',(1.605222830691E-02,2.514383979577E-03));
#592 = CARTESIAN_POINT('',(1.391367825272E-02,2.248236672605E-03));
#593 = CARTESIAN_POINT('',(1.191523483377E-02,1.9957685577E-03));
#594 = CARTESIAN_POINT('',(1.00610407919E-02,1.758212489406E-03));
#595 = CARTESIAN_POINT('',(8.354939792863E-03,1.536758884031E-03));
#596 = CARTESIAN_POINT('',(6.800468460937E-03,1.332545935436E-03));
#597 = CARTESIAN_POINT('',(5.400849052895E-03,1.146649038766E-03));
#598 = CARTESIAN_POINT('',(4.158982786445E-03,9.800697422733E-04));
#599 = CARTESIAN_POINT('',(3.077443836468E-03,8.337245726026E-04));
#600 = CARTESIAN_POINT('',(2.15847401086E-03,7.084340908792E-04));
#601 = CARTESIAN_POINT('',(1.403978116284E-03,6.049125354573E-04));
#602 = CARTESIAN_POINT('',(8.155200225741E-04,5.237583922964E-04));
#603 = CARTESIAN_POINT('',(3.943194330722E-04,4.65446206149E-04));
#604 = CARTESIAN_POINT('',(1.412493667035E-04,4.303199066761E-04));
#605 = CARTESIAN_POINT('',(2.867587035538E-05,4.1467439529E-04));
#606 = CARTESIAN_POINT('',(5.175571891058E-07,4.107596739391E-04));
#607 = ( GEOMETRIC_REPRESENTATION_CONTEXT(2) 
PARAMETRIC_REPRESENTATION_CONTEXT() REPRESENTATION_CONTEXT('2D SPACE',''
  ) );
#608 = ORIENTED_EDGE('',*,*,#609,.T.);
#609 = EDGE_CURVE('',#22,#610,#612,.T.);
#610 = VERTEX_POINT('',#611);
#611 = CARTESIAN_POINT('',(-0.950900937755,1.631537812735E-02,-2.33E-02)
  );
#612 = SURFACE_CURVE('',#613,(#628,#646),.PCURVE_S1.);
#613 = B_SPLINE_CURVE_WITH_KNOTS('',7,(#614,#615,#616,#617,#618,#619,
    #620,#621,#622,#623,#624,#625,#626,#627),.UNSPECIFIED.,.F.,.F.,(8,6,
    8),(0.,0.371673663547,1.),.UNSPECIFIED.);
#614 = CARTESIAN_POINT('',(-1.054976372631,8.401923384433E-03,0.417));
#615 = CARTESIAN_POINT('',(-1.049860150121,8.837524925558E-03,
    0.395350093234));
#616 = CARTESIAN_POINT('',(-1.044592961921,9.269970554572E-03,
    0.37309676904));
#617 = CARTESIAN_POINT('',(-1.039226044153,9.700055870118E-03,
    0.350439685809));
#618 = CARTESIAN_POINT('',(-1.033793010427,1.01277378349E-02,
    0.327510562944));
#619 = CARTESIAN_POINT('',(-1.02831532487,1.055310919459E-02,
    0.304393556417));
#620 = CARTESIAN_POINT('',(-1.022804074575,1.097649835198E-02,
    0.28113078727));
#621 = CARTESIAN_POINT('',(-1.007890944269,1.211213286322E-02,
    0.218162940577));
#622 = CARTESIAN_POINT('',(-0.998446174832,1.282076459636E-02,
    0.178262881605));
#623 = CARTESIAN_POINT('',(-0.988961445784,1.352590931858E-02,
    0.138156310865));
#624 = CARTESIAN_POINT('',(-0.979454978342,1.422769322848E-02,
    9.791273942507E-02));
#625 = CARTESIAN_POINT('',(-0.969939272955,1.492638045368E-02,
    5.757839599778E-02));
#626 = CARTESIAN_POINT('',(-0.96042053251,1.562216838883E-02,
    1.717352331332E-02));
#627 = CARTESIAN_POINT('',(-0.950900937755,1.631537812735E-02,-2.33E-02)
  );
#628 = PCURVE('',#170,#629);
#629 = DEFINITIONAL_REPRESENTATION('',(#630),#645);
#630 = B_SPLINE_CURVE_WITH_KNOTS('',7,(#631,#632,#633,#634,#635,#636,
    #637,#638,#639,#640,#641,#642,#643,#644),.UNSPECIFIED.,.F.,.F.,(8,6,
    8),(0.,0.371673663547,1.),.UNSPECIFIED.);
#631 = CARTESIAN_POINT('',(0.203409313689,1.));
#632 = CARTESIAN_POINT('',(0.194872962937,0.950829191991));
#633 = CARTESIAN_POINT('',(0.187677219093,0.900287915149));
#634 = CARTESIAN_POINT('',(0.1815273707,0.848829629363));
#635 = CARTESIAN_POINT('',(0.176192031226,0.796753492947));
#636 = CARTESIAN_POINT('',(0.171513850009,0.744250639149));
#637 = CARTESIAN_POINT('',(0.16736821736,0.691416732387));
#638 = CARTESIAN_POINT('',(0.157395051632,0.548405497564));
#639 = CARTESIAN_POINT('',(0.152392912892,0.45778533183));
#640 = CARTESIAN_POINT('',(0.148209294256,0.366696140961));
#641 = CARTESIAN_POINT('',(0.144643104975,0.275295797014));
#642 = CARTESIAN_POINT('',(0.1415439801,0.183689293658));
#643 = CARTESIAN_POINT('',(0.138817610203,9.192260575363E-02));
#644 = CARTESIAN_POINT('',(0.136391063501,0.));
#645 = ( GEOMETRIC_REPRESENTATION_CONTEXT(2) 
PARAMETRIC_REPRESENTATION_CONTEXT() REPRESENTATION_CONTEXT('2D SPACE',''
  ) );
#646 = PCURVE('',#647,#652);
#647 = CONICAL_SURFACE('',#648,1.736268718319E-02,1.542767254261E-02);
#648 = AXIS2_PLACEMENT_3D('',#649,#650,#651);
#649 = CARTESIAN_POINT('',(-0.944355914444,0.,-6.592525343434E-02));
#650 = DIRECTION('',(0.232881711129,0.,-0.972505068687));
#651 = DIRECTION('',(-0.972505068687,0.,-0.232881711129));
#652 = DEFINITIONAL_REPRESENTATION('',(#653),#668);
#653 = B_SPLINE_CURVE_WITH_KNOTS('',7,(#654,#655,#656,#657,#658,#659,
    #660,#661,#662,#663,#664,#665,#666,#667),.UNSPECIFIED.,.F.,.F.,(8,6,
    8),(0.,0.371673663547,1.),.UNSPECIFIED.);
#654 = CARTESIAN_POINT('',(-4.185702655135,-0.495408738349));
#655 = CARTESIAN_POINT('',(-4.214130490352,-0.47316261963));
#656 = CARTESIAN_POINT('',(-4.23949308887,-0.450294517262));
#657 = CARTESIAN_POINT('',(-4.262502194936,-0.427010531971));
#658 = CARTESIAN_POINT('',(-4.283608968675,-0.403446589588));
#659 = CARTESIAN_POINT('',(-4.303146888208,-0.379689530774));
#660 = CARTESIAN_POINT('',(-4.32137847174,-0.355782900469));
#661 = CARTESIAN_POINT('',(-4.36748967698,-0.291073355093));
#662 = CARTESIAN_POINT('',(-4.393291264587,-0.250070831437));
#663 = CARTESIAN_POINT('',(-4.416894748284,-0.208858168159));
#664 = CARTESIAN_POINT('',(-4.438775499859,-0.167507208577));
#665 = CARTESIAN_POINT('',(-4.459319132381,-0.126065821368));
#666 = CARTESIAN_POINT('',(-4.478801490886,-8.45551373353E-02));
#667 = CARTESIAN_POINT('',(-4.497465067247,-4.29774912495E-02));
#668 = ( GEOMETRIC_REPRESENTATION_CONTEXT(2) 
PARAMETRIC_REPRESENTATION_CONTEXT() REPRESENTATION_CONTEXT('2D SPACE',''
  ) );
#669 = ORIENTED_EDGE('',*,*,#670,.T.);
#670 = EDGE_CURVE('',#610,#671,#673,.T.);
#671 = VERTEX_POINT('',#672);
#672 = CARTESIAN_POINT('',(-0.831017787681,2.45866077678E-02,-2.33E-02)
  );
#673 = SURFACE_CURVE('',#674,(#816,#823),.PCURVE_S1.);
#674 = B_SPLINE_CURVE_WITH_KNOTS('',3,(#675,#676,#677,#678,#679,#680,
    #681,#682,#683,#684,#685,#686,#687,#688,#689,#690,#691,#692,#693,
    #694,#695,#696,#697,#698,#699,#700,#701,#702,#703,#704,#705,#706,
    #707,#708,#709,#710,#711,#712,#713,#714,#715,#716,#717,#718,#719,
    #720,#721,#722,#723,#724,#725,#726,#727,#728,#729,#730,#731,#732,
    #733,#734,#735,#736,#737,#738,#739,#740,#741,#742,#743,#744,#745,
    #746,#747,#748,#749,#750,#751,#752,#753,#754,#755,#756,#757,#758,
    #759,#760,#761,#762,#763,#764,#765,#766,#767,#768,#769,#770,#771,
    #772,#773,#774,#775,#776,#777,#778,#779,#780,#781,#782,#783,#784,
    #785,#786,#787,#788,#789,#790,#791,#792,#793,#794,#795,#796,#797,
    #798,#799,#800,#801,#802,#803,#804,#805,#806,#807,#808,#809,#810,
    #811,#812,#813,#814,#815),.UNSPECIFIED.,.F.,.F.,(4,1,1,1,1,1,1,1,1,1
    ,1,1,1,1,1,1,1,1,1,1,1,1,1,1,1,1,1,1,1,1,1,1,1,1,1,1,1,1,1,1,1,1,1,1
    ,1,1,1,1,1,1,1,1,1,1,1,1,1,1,1,1,1,1,1,1,1,1,1,1,1,1,1,1,1,1,1,1,1,1
    ,1,1,1,1,1,1,1,1,1,1,1,1,1,1,1,1,1,1,1,1,1,1,1,1,1,1,1,1,1,1,1,1,1,1
    ,1,1,1,1,1,1,1,1,1,1,1,1,1,1,1,1,1,1,1,1,1,1,1,1,1,1,4),(0.,
    2.210862529794E-04,8.838704065969E-04,1.9869300457E-03,
    3.527899125828E-03,5.503474868851E-03,7.909427269837E-03,
    1.074061107732E-02,1.399098008216E-02,1.765360353133E-02,
    2.172068447295E-02,2.618357983733E-02,3.1032822066E-02,
    3.62581421149E-02,4.184849367842E-02,4.779207850595E-02,
    5.407637271061E-02,6.068815399898E-02,6.761352977996E-02,
    7.483796613821E-02,8.234631768283E-02,9.012285830376E-02,
    9.815131288608E-02,0.106414890046,0.114896315962,0.123577869376,
    0.132441417849,0.141468455331,0.150640141119,0.159937340236,
    0.169340665269,0.178830519644,0.188387142321,0.197990653808,
    0.207621103408,0.217258517501,0.226882948685,0.236474525499,
    0.246013502445,0.25548030999,0.264855604202,0.274120315678,
    0.283255697439,0.292243371503,0.301065373925,0.309704198164,
    0.318142836793,0.326364821702,0.334354263163,0.342095888341,
    0.349575080147,0.356777917702,0.363691220108,0.370302595872,
    0.376600501167,0.382574311285,0.388214411474,0.393512316055,
    0.398460829005,0.403054266139,0.407288770313,0.411162769975,
    0.414677663056,0.417838860963,0.420657411415,0.423152533958,
    0.425355482969,0.427314892264,0.429102305739,0.430813198288,
    0.432524090837,0.434311504312,0.436270913607,0.438473862618,
    0.440968985161,0.443787535613,0.44694873352,0.450463626601,
    0.454337626263,0.458572130437,0.463165567571,0.468114080521,
    0.473411985102,0.479052085291,0.485025895409,0.491323800704,
    0.497935176468,0.504848478874,0.512051316429,0.519530508235,
    0.527272133413,0.535261574874,0.543483559783,0.551922198412,
    0.560561022651,0.569383025073,0.578370699137,0.587506080898,
    0.596770792374,0.606146086586,0.615612894131,0.625151871077,
    0.634743447891,0.644367879075,0.654005293168,0.663635742768,
    0.673239254255,0.682795876932,0.692285731307,0.70168905634,
    0.710986255457,0.720157941245,0.729184978727,0.7380485272,
    0.746730080614,0.75521150653,0.76347508369,0.771503538272,
    0.779280078893,0.786788430438,0.794012866796,0.800938242577,
    0.807550023865,0.81383431807,0.819777902898,0.825368254461,
    0.83059357451,0.835442816739,0.839905712103,0.843972793045,
    0.847635416494,0.850885785499,0.853716969306,0.856122921707,
    0.85809849745,0.85963946653,0.860742526169,0.861405310323,
    0.861626396576),.UNSPECIFIED.);
#675 = CARTESIAN_POINT('',(-1.086364494589,5.323962744646E-04,-2.33E-02)
  );
#676 = CARTESIAN_POINT('',(-1.08629151405,5.426361738388E-04,-2.33E-02)
  );
#677 = CARTESIAN_POINT('',(-1.085999746755,5.8356090739E-04,-2.33E-02));
#678 = CARTESIAN_POINT('',(-1.085343841164,6.754435653005E-04,-2.33E-02)
  );
#679 = CARTESIAN_POINT('',(-1.084252175326,8.279789401174E-04,-2.33E-02)
  );
#680 = CARTESIAN_POINT('',(-1.0827270112,1.040272629453E-03,-2.33E-02));
#681 = CARTESIAN_POINT('',(-1.080771509007,1.311090511886E-03,-2.33E-02)
  );
#682 = CARTESIAN_POINT('',(-1.078389720732,1.638876055546E-03,-2.33E-02)
  );
#683 = CARTESIAN_POINT('',(-1.075586581773,2.021771556094E-03,-2.33E-02)
  );
#684 = CARTESIAN_POINT('',(-1.07236790077,2.457642593497E-03,-2.33E-02)
  );
#685 = CARTESIAN_POINT('',(-1.06874034763,2.944104895734E-03,-2.33E-02)
  );
#686 = CARTESIAN_POINT('',(-1.064711439757,3.478552725502E-03,-2.33E-02)
  );
#687 = CARTESIAN_POINT('',(-1.060289526525,4.058187867474E-03,-2.33E-02)
  );
#688 = CARTESIAN_POINT('',(-1.055483772025,4.680048289686E-03,-2.33E-02)
  );
#689 = CARTESIAN_POINT('',(-1.050304136101,5.341035583787E-03,-2.33E-02)
  );
#690 = CARTESIAN_POINT('',(-1.04476135374,6.037940354147E-03,-2.33E-02)
  );
#691 = CARTESIAN_POINT('',(-1.038866912835,6.767464823135E-03,-2.33E-02)
  );
#692 = CARTESIAN_POINT('',(-1.032633030376,7.526242045695E-03,-2.33E-02)
  );
#693 = CARTESIAN_POINT('',(-1.02607262712,8.310851276463E-03,-2.33E-02)
  );
#694 = CARTESIAN_POINT('',(-1.019199300789,9.117829201571E-03,-2.33E-02)
  );
#695 = CARTESIAN_POINT('',(-1.012027297857,9.943676928915E-03,-2.33E-02)
  );
#696 = CARTESIAN_POINT('',(-1.004571483979,1.078486281845E-02,-2.33E-02)
  );
#697 = CARTESIAN_POINT('',(-0.996847313133,1.163782142105E-02,-2.33E-02)
  );
#698 = CARTESIAN_POINT('',(-0.988870795533,1.249894897358E-02,-2.33E-02)
  );
#699 = CARTESIAN_POINT('',(-0.980658464385,1.336459606247E-02,-2.33E-02)
  );
#700 = CARTESIAN_POINT('',(-0.972227341559,1.423105821183E-02,-2.33E-02)
  );
#701 = CARTESIAN_POINT('',(-0.96359490224,1.509456526872E-02,-2.33E-02)
  );
#702 = CARTESIAN_POINT('',(-0.954779038647,1.595127054442E-02,-2.33E-02)
  );
#703 = CARTESIAN_POINT('',(-0.94579802288,1.679724071999E-02,-2.33E-02)
  );
#704 = CARTESIAN_POINT('',(-0.936670468996,1.762844753741E-02,-2.33E-02)
  );
#705 = CARTESIAN_POINT('',(-0.927415294369,1.844076227059E-02,-2.33E-02)
  );
#706 = CARTESIAN_POINT('',(-0.918051680438,1.922995390445E-02,-2.33E-02)
  );
#707 = CARTESIAN_POINT('',(-0.908599032913,1.999169184722E-02,-2.33E-02)
  );
#708 = CARTESIAN_POINT('',(-0.899076941533,2.07215538622E-02,-2.33E-02)
  );
#709 = CARTESIAN_POINT('',(-0.889505139451,2.14150397362E-02,-2.33E-02)
  );
#710 = CARTESIAN_POINT('',(-0.879903462342,2.206759100688E-02,-2.33E-02)
  );
#711 = CARTESIAN_POINT('',(-0.87029180731,2.26746168567E-02,-2.33E-02));
#712 = CARTESIAN_POINT('',(-0.860690091687,2.323152605421E-02,-2.33E-02)
  );
#713 = CARTESIAN_POINT('',(-0.8511182118,2.373376459129E-02,-2.33E-02));
#714 = CARTESIAN_POINT('',(-0.841596001795,2.417685843564E-02,-2.33E-02)
  );
#715 = CARTESIAN_POINT('',(-0.832143192586,2.45564605992E-02,-2.33E-02)
  );
#716 = CARTESIAN_POINT('',(-0.822779371026,2.486840152262E-02,-2.33E-02)
  );
#717 = CARTESIAN_POINT('',(-0.813523939358,2.510874160143E-02,-2.33E-02)
  );
#718 = CARTESIAN_POINT('',(-0.804396075022,2.527382453643E-02,-2.33E-02)
  );
#719 = CARTESIAN_POINT('',(-0.795414690895,2.53603300863E-02,-2.33E-02)
  );
#720 = CARTESIAN_POINT('',(-0.786598396024,2.53653247372E-02,-2.33E-02)
  );
#721 = CARTESIAN_POINT('',(-0.777965456909,2.528630878721E-02,-2.33E-02)
  );
#722 = CARTESIAN_POINT('',(-0.769533759407,2.512125837323E-02,-2.33E-02)
  );
#723 = CARTESIAN_POINT('',(-0.761320771289,2.486866104589E-02,-2.33E-02)
  );
#724 = CARTESIAN_POINT('',(-0.753343505511,2.452754362219E-02,-2.33E-02)
  );
#725 = CARTESIAN_POINT('',(-0.745618484213,2.409749121358E-02,-2.33E-02)
  );
#726 = CARTESIAN_POINT('',(-0.73816170346,2.35786565344E-02,-2.33E-02));
#727 = CARTESIAN_POINT('',(-0.73098859872,2.297175883586E-02,-2.33E-02)
  );
#728 = CARTESIAN_POINT('',(-0.724114010994,2.227807207553E-02,-2.33E-02)
  );
#729 = CARTESIAN_POINT('',(-0.717552153491,2.149940220954E-02,-2.33E-02)
  );
#730 = CARTESIAN_POINT('',(-0.711316578601,2.063805376897E-02,-2.33E-02)
  );
#731 = CARTESIAN_POINT('',(-0.705420144783,1.969678612589E-02,-2.33E-02)
  );
#732 = CARTESIAN_POINT('',(-0.69987498269,1.867876002378E-02,-2.33E-02)
  );
#733 = CARTESIAN_POINT('',(-0.694692459493,1.758747496074E-02,-2.33E-02)
  );
#734 = CARTESIAN_POINT('',(-0.689883139688,1.642669769365E-02,-2.33E-02)
  );
#735 = CARTESIAN_POINT('',(-0.685456739704,1.52003811676E-02,-2.33E-02)
  );
#736 = CARTESIAN_POINT('',(-0.681422072343,1.391257069622E-02,-2.33E-02)
  );
#737 = CARTESIAN_POINT('',(-0.677786975477,1.256728908099E-02,-2.33E-02)
  );
#738 = CARTESIAN_POINT('',(-0.674558220213,1.116837985568E-02,-2.33E-02)
  );
#739 = CARTESIAN_POINT('',(-0.671741400634,9.719266698573E-03,-2.33E-02)
  );
#740 = CARTESIAN_POINT('',(-0.669340853448,8.22253505735E-03,-2.33E-02)
  );
#741 = CARTESIAN_POINT('',(-0.667359776356,6.679222164438E-03,-2.33E-02)
  );
#742 = CARTESIAN_POINT('',(-0.665801152725,5.087709973811E-03,-2.33E-02)
  );
#743 = CARTESIAN_POINT('',(-0.66467050039,3.443266308351E-03,-2.33E-02)
  );
#744 = CARTESIAN_POINT('',(-0.663981008444,1.741107869662E-03,-2.33E-02)
  );
#745 = CARTESIAN_POINT('',(-0.663752824973,8.666470651742E-20,-2.33E-02)
  );
#746 = CARTESIAN_POINT('',(-0.663981008444,-1.741107869662E-03,-2.33E-02
    ));
#747 = CARTESIAN_POINT('',(-0.66467050039,-3.443266308351E-03,-2.33E-02)
  );
#748 = CARTESIAN_POINT('',(-0.665801152725,-5.087709973811E-03,-2.33E-02
    ));
#749 = CARTESIAN_POINT('',(-0.667359776356,-6.679222164438E-03,-2.33E-02
    ));
#750 = CARTESIAN_POINT('',(-0.669340853448,-8.22253505735E-03,-2.33E-02)
  );
#751 = CARTESIAN_POINT('',(-0.671741400634,-9.719266698573E-03,-2.33E-02
    ));
#752 = CARTESIAN_POINT('',(-0.674558220213,-1.116837985568E-02,-2.33E-02
    ));
#753 = CARTESIAN_POINT('',(-0.677786975477,-1.256728908099E-02,-2.33E-02
    ));
#754 = CARTESIAN_POINT('',(-0.681422072343,-1.391257069622E-02,-2.33E-02
    ));
#755 = CARTESIAN_POINT('',(-0.685456739704,-1.52003811676E-02,-2.33E-02)
  );
#756 = CARTESIAN_POINT('',(-0.689883139688,-1.642669769365E-02,-2.33E-02
    ));
#757 = CARTESIAN_POINT('',(-0.694692459493,-1.758747496074E-02,-2.33E-02
    ));
#758 = CARTESIAN_POINT('',(-0.69987498269,-1.867876002378E-02,-2.33E-02)
  );
#759 = CARTESIAN_POINT('',(-0.705420144783,-1.969678612589E-02,-2.33E-02
    ));
#760 = CARTESIAN_POINT('',(-0.711316578601,-2.063805376897E-02,-2.33E-02
    ));
#761 = CARTESIAN_POINT('',(-0.717552153491,-2.149940220954E-02,-2.33E-02
    ));
#762 = CARTESIAN_POINT('',(-0.724114010994,-2.227807207553E-02,-2.33E-02
    ));
#763 = CARTESIAN_POINT('',(-0.73098859872,-2.297175883586E-02,-2.33E-02)
  );
#764 = CARTESIAN_POINT('',(-0.73816170346,-2.35786565344E-02,-2.33E-02)
  );
#765 = CARTESIAN_POINT('',(-0.745618484213,-2.409749121358E-02,-2.33E-02
    ));
#766 = CARTESIAN_POINT('',(-0.753343505511,-2.452754362219E-02,-2.33E-02
    ));
#767 = CARTESIAN_POINT('',(-0.761320771289,-2.486866104589E-02,-2.33E-02
    ));
#768 = CARTESIAN_POINT('',(-0.769533759407,-2.512125837323E-02,-2.33E-02
    ));
#769 = CARTESIAN_POINT('',(-0.777965456909,-2.528630878721E-02,-2.33E-02
    ));
#770 = CARTESIAN_POINT('',(-0.786598396024,-2.53653247372E-02,-2.33E-02)
  );
#771 = CARTESIAN_POINT('',(-0.795414690895,-2.53603300863E-02,-2.33E-02)
  );
#772 = CARTESIAN_POINT('',(-0.804396075022,-2.527382453643E-02,-2.33E-02
    ));
#773 = CARTESIAN_POINT('',(-0.813523939358,-2.510874160143E-02,-2.33E-02
    ));
#774 = CARTESIAN_POINT('',(-0.822779371026,-2.486840152262E-02,-2.33E-02
    ));
#775 = CARTESIAN_POINT('',(-0.832143192586,-2.45564605992E-02,-2.33E-02)
  );
#776 = CARTESIAN_POINT('',(-0.841596001795,-2.417685843564E-02,-2.33E-02
    ));
#777 = CARTESIAN_POINT('',(-0.8511182118,-2.373376459129E-02,-2.33E-02)
  );
#778 = CARTESIAN_POINT('',(-0.860690091687,-2.323152605421E-02,-2.33E-02
    ));
#779 = CARTESIAN_POINT('',(-0.87029180731,-2.26746168567E-02,-2.33E-02)
  );
#780 = CARTESIAN_POINT('',(-0.879903462342,-2.206759100688E-02,-2.33E-02
    ));
#781 = CARTESIAN_POINT('',(-0.889505139451,-2.14150397362E-02,-2.33E-02)
  );
#782 = CARTESIAN_POINT('',(-0.899076941533,-2.07215538622E-02,-2.33E-02)
  );
#783 = CARTESIAN_POINT('',(-0.908599032913,-1.999169184722E-02,-2.33E-02
    ));
#784 = CARTESIAN_POINT('',(-0.918051680438,-1.922995390445E-02,-2.33E-02
    ));
#785 = CARTESIAN_POINT('',(-0.927415294369,-1.844076227059E-02,-2.33E-02
    ));
#786 = CARTESIAN_POINT('',(-0.936670468996,-1.762844753741E-02,-2.33E-02
    ));
#787 = CARTESIAN_POINT('',(-0.94579802288,-1.679724071999E-02,-2.33E-02)
  );
#788 = CARTESIAN_POINT('',(-0.954779038647,-1.595127054442E-02,-2.33E-02
    ));
#789 = CARTESIAN_POINT('',(-0.96359490224,-1.509456526872E-02,-2.33E-02)
  );
#790 = CARTESIAN_POINT('',(-0.972227341559,-1.423105821183E-02,-2.33E-02
    ));
#791 = CARTESIAN_POINT('',(-0.980658464385,-1.336459606247E-02,-2.33E-02
    ));
#792 = CARTESIAN_POINT('',(-0.988870795533,-1.249894897358E-02,-2.33E-02
    ));
#793 = CARTESIAN_POINT('',(-0.996847313133,-1.163782142105E-02,-2.33E-02
    ));
#794 = CARTESIAN_POINT('',(-1.004571483979,-1.078486281845E-02,-2.33E-02
    ));
#795 = CARTESIAN_POINT('',(-1.012027297857,-9.943676928915E-03,-2.33E-02
    ));
#796 = CARTESIAN_POINT('',(-1.019199300789,-9.117829201571E-03,-2.33E-02
    ));
#797 = CARTESIAN_POINT('',(-1.02607262712,-8.310851276463E-03,-2.33E-02)
  );
#798 = CARTESIAN_POINT('',(-1.032633030376,-7.526242045695E-03,-2.33E-02
    ));
#799 = CARTESIAN_POINT('',(-1.038866912835,-6.767464823135E-03,-2.33E-02
    ));
#800 = CARTESIAN_POINT('',(-1.04476135374,-6.037940354147E-03,-2.33E-02)
  );
#801 = CARTESIAN_POINT('',(-1.050304136101,-5.341035583787E-03,-2.33E-02
    ));
#802 = CARTESIAN_POINT('',(-1.055483772025,-4.680048289686E-03,-2.33E-02
    ));
#803 = CARTESIAN_POINT('',(-1.060289526525,-4.058187867474E-03,-2.33E-02
    ));
#804 = CARTESIAN_POINT('',(-1.064711439757,-3.478552725502E-03,-2.33E-02
    ));
#805 = CARTESIAN_POINT('',(-1.06874034763,-2.944104895734E-03,-2.33E-02)
  );
#806 = CARTESIAN_POINT('',(-1.07236790077,-2.457642593497E-03,-2.33E-02)
  );
#807 = CARTESIAN_POINT('',(-1.075586581773,-2.021771556094E-03,-2.33E-02
    ));
#808 = CARTESIAN_POINT('',(-1.078389720732,-1.638876055546E-03,-2.33E-02
    ));
#809 = CARTESIAN_POINT('',(-1.080771509007,-1.311090511886E-03,-2.33E-02
    ));
#810 = CARTESIAN_POINT('',(-1.0827270112,-1.040272629453E-03,-2.33E-02)
  );
#811 = CARTESIAN_POINT('',(-1.084252175326,-8.279789401174E-04,-2.33E-02
    ));
#812 = CARTESIAN_POINT('',(-1.085343841164,-6.754435653005E-04,-2.33E-02
    ));
#813 = CARTESIAN_POINT('',(-1.085999746755,-5.8356090739E-04,-2.33E-02)
  );
#814 = CARTESIAN_POINT('',(-1.08629151405,-5.426361738388E-04,-2.33E-02)
  );
#815 = CARTESIAN_POINT('',(-1.086364494589,-5.323962744646E-04,-2.33E-02
    ));
#816 = PCURVE('',#170,#817);
#817 = DEFINITIONAL_REPRESENTATION('',(#818),#822);
#818 = LINE('',#819,#820);
#819 = CARTESIAN_POINT('',(0.,0.));
#820 = VECTOR('',#821,1.);
#821 = DIRECTION('',(1.,0.));
#822 = ( GEOMETRIC_REPRESENTATION_CONTEXT(2) 
PARAMETRIC_REPRESENTATION_CONTEXT() REPRESENTATION_CONTEXT('2D SPACE',''
  ) );
#823 = PCURVE('',#824,#829);
#824 = PLANE('',#825);
#825 = AXIS2_PLACEMENT_3D('',#826,#827,#828);
#826 = CARTESIAN_POINT('',(-1.086364494589,5.323962744646E-04,-2.33E-02)
  );
#827 = DIRECTION('',(-8.330255857484E-18,-9.465145658321E-17,-1.));
#828 = DIRECTION('',(0.999999206201,-1.259998999813E-03,
    -8.210988504309E-18));
#829 = DEFINITIONAL_REPRESENTATION('',(#830),#972);
#830 = B_SPLINE_CURVE_WITH_KNOTS('',3,(#831,#832,#833,#834,#835,#836,
    #837,#838,#839,#840,#841,#842,#843,#844,#845,#846,#847,#848,#849,
    #850,#851,#852,#853,#854,#855,#856,#857,#858,#859,#860,#861,#862,
    #863,#864,#865,#866,#867,#868,#869,#870,#871,#872,#873,#874,#875,
    #876,#877,#878,#879,#880,#881,#882,#883,#884,#885,#886,#887,#888,
    #889,#890,#891,#892,#893,#894,#895,#896,#897,#898,#899,#900,#901,
    #902,#903,#904,#905,#906,#907,#908,#909,#910,#911,#912,#913,#914,
    #915,#916,#917,#918,#919,#920,#921,#922,#923,#924,#925,#926,#927,
    #928,#929,#930,#931,#932,#933,#934,#935,#936,#937,#938,#939,#940,
    #941,#942,#943,#944,#945,#946,#947,#948,#949,#950,#951,#952,#953,
    #954,#955,#956,#957,#958,#959,#960,#961,#962,#963,#964,#965,#966,
    #967,#968,#969,#970,#971),.UNSPECIFIED.,.F.,.F.,(4,1,1,1,1,1,1,1,1,1
    ,1,1,1,1,1,1,1,1,1,1,1,1,1,1,1,1,1,1,1,1,1,1,1,1,1,1,1,1,1,1,1,1,1,1
    ,1,1,1,1,1,1,1,1,1,1,1,1,1,1,1,1,1,1,1,1,1,1,1,1,1,1,1,1,1,1,1,1,1,1
    ,1,1,1,1,1,1,1,1,1,1,1,1,1,1,1,1,1,1,1,1,1,1,1,1,1,1,1,1,1,1,1,1,1,1
    ,1,1,1,1,1,1,1,1,1,1,1,1,1,1,1,1,1,1,1,1,1,1,1,1,1,1,4),(0.,
    2.210862529794E-04,8.838704065969E-04,1.9869300457E-03,
    3.527899125828E-03,5.503474868851E-03,7.909427269837E-03,
    1.074061107732E-02,1.399098008216E-02,1.765360353133E-02,
    2.172068447295E-02,2.618357983733E-02,3.1032822066E-02,
    3.62581421149E-02,4.184849367842E-02,4.779207850595E-02,
    5.407637271061E-02,6.068815399898E-02,6.761352977996E-02,
    7.483796613821E-02,8.234631768283E-02,9.012285830376E-02,
    9.815131288608E-02,0.106414890046,0.114896315962,0.123577869376,
    0.132441417849,0.141468455331,0.150640141119,0.159937340236,
    0.169340665269,0.178830519644,0.188387142321,0.197990653808,
    0.207621103408,0.217258517501,0.226882948685,0.236474525499,
    0.246013502445,0.25548030999,0.264855604202,0.274120315678,
    0.283255697439,0.292243371503,0.301065373925,0.309704198164,
    0.318142836793,0.326364821702,0.334354263163,0.342095888341,
    0.349575080147,0.356777917702,0.363691220108,0.370302595872,
    0.376600501167,0.382574311285,0.388214411474,0.393512316055,
    0.398460829005,0.403054266139,0.407288770313,0.411162769975,
    0.414677663056,0.417838860963,0.420657411415,0.423152533958,
    0.425355482969,0.427314892264,0.429102305739,0.430813198288,
    0.432524090837,0.434311504312,0.436270913607,0.438473862618,
    0.440968985161,0.443787535613,0.44694873352,0.450463626601,
    0.454337626263,0.458572130437,0.463165567571,0.468114080521,
    0.473411985102,0.479052085291,0.485025895409,0.491323800704,
    0.497935176468,0.504848478874,0.512051316429,0.519530508235,
    0.527272133413,0.535261574874,0.543483559783,0.551922198412,
    0.560561022651,0.569383025073,0.578370699137,0.587506080898,
    0.596770792374,0.606146086586,0.615612894131,0.625151871077,
    0.634743447891,0.644367879075,0.654005293168,0.663635742768,
    0.673239254255,0.682795876932,0.692285731307,0.70168905634,
    0.710986255457,0.720157941245,0.729184978727,0.7380485272,
    0.746730080614,0.75521150653,0.76347508369,0.771503538272,
    0.779280078893,0.786788430438,0.794012866796,0.800938242577,
    0.807550023865,0.81383431807,0.819777902898,0.825368254461,
    0.83059357451,0.835442816739,0.839905712103,0.843972793045,
    0.847635416494,0.850885785499,0.853716969306,0.856122921707,
    0.85809849745,0.85963946653,0.860742526169,0.861405310323,
    0.861626396576),.UNSPECIFIED.);
#831 = CARTESIAN_POINT('',(0.,0.));
#832 = CARTESIAN_POINT('',(7.296757859288E-05,-1.033184665159E-05));
#833 = CARTESIAN_POINT('',(3.646830775168E-04,-5.162417421753E-05));
#834 = CARTESIAN_POINT('',(1.020472375322E-03,-1.443331995797E-04));
#835 = CARTESIAN_POINT('',(2.111945151996E-03,-2.982439511777E-04));
#836 = CARTESIAN_POINT('',(3.636840578252E-03,-5.124591772693E-04));
#837 = CARTESIAN_POINT('',(5.591999988267E-03,-7.85740775534E-04));
#838 = CARTESIAN_POINT('',(7.973373363158E-03,-1.116527109842E-03));
#839 = CARTESIAN_POINT('',(1.077602764954E-02,-1.502954258733E-03));
#840 = CARTESIAN_POINT('',(1.399415689996E-02,-1.942880484987E-03));
#841 = CARTESIAN_POINT('',(1.762109421834E-02,-2.433913114398E-03));
#842 = CARTESIAN_POINT('',(2.164932548995E-02,-2.973436939813E-03));
#843 = CARTESIAN_POINT('',(2.607050487164E-02,-3.558643227919E-03));
#844 = CARTESIAN_POINT('',(3.0875472014E-02,-4.186558402364E-03));
#845 = CARTESIAN_POINT('',(3.605427098298E-02,-4.854071507857E-03));
#846 = CARTESIAN_POINT('',(4.159617084436E-02,-5.557959625245E-03));
#847 = CARTESIAN_POINT('',(4.748968787019E-02,-6.294910504782E-03));
#848 = CARTESIAN_POINT('',(5.372260932235E-02,-7.061541810689E-03));
#849 = CARTESIAN_POINT('',(6.028201876423E-02,-7.854416520176E-03));
#850 = CARTESIAN_POINT('',(6.715432284776E-02,-8.670054189009E-03));
#851 = CARTESIAN_POINT('',(7.432527951944E-02,-9.504937977316E-03));
#852 = CARTESIAN_POINT('',(8.178002758545E-02,-1.035551751715E-02));
#853 = CARTESIAN_POINT('',(8.950311757297E-02,-1.121820789021E-02));
#854 = CARTESIAN_POINT('',(9.747854382151E-02,-1.208938516337E-02));
#855 = CARTESIAN_POINT('',(0.105689777736,-1.296537909415E-02));
#856 = CARTESIAN_POINT('',(0.114119802128,-1.384246376204E-02));
#857 = CARTESIAN_POINT('',(0.122751146576,-1.471684699839E-02));
#858 = CARTESIAN_POINT('',(0.131565923724,-1.558465957335E-02));
#859 = CARTESIAN_POINT('',(0.14054586644,-1.644194514826E-02));
#860 = CARTESIAN_POINT('',(0.149672365759,-1.728465201465E-02));
#861 = CARTESIAN_POINT('',(0.158926509523,-1.810862761378E-02));
#862 = CARTESIAN_POINT('',(0.168289121641,-1.890961676537E-02));
#863 = CARTESIAN_POINT('',(0.177740801873,-1.96832644299E-02));
#864 = CARTESIAN_POINT('',(0.187261966069,-2.042512369113E-02));
#865 = CARTESIAN_POINT('',(0.196832886761,-2.113066947569E-02));
#866 = CARTESIAN_POINT('',(0.206433734035,-2.179531833193E-02));
#867 = CARTESIAN_POINT('',(0.216044616585,-2.241445437562E-02));
#868 = CARTESIAN_POINT('',(0.225645622882,-2.298346128314E-02));
#869 = CARTESIAN_POINT('',(0.23521686235,-2.349775998062E-02));
#870 = CARTESIAN_POINT('',(0.244738506499,-2.395285144833E-02));
#871 = CARTESIAN_POINT('',(0.254190829906,-2.434436384071E-02));
#872 = CARTESIAN_POINT('',(0.263554250987,-2.466810292232E-02));
#873 = CARTESIAN_POINT('',(0.27280937248,-2.492010464498E-02));
#874 = CARTESIAN_POINT('',(0.281937021566,-2.509668854887E-02));
#875 = CARTESIAN_POINT('',(0.290918289566,-2.519451056509E-02));
#876 = CARTESIAN_POINT('',(0.299734571146,-2.521061373475E-02));
#877 = CARTESIAN_POINT('',(0.308367602968,-2.514247534213E-02));
#878 = CARTESIAN_POINT('',(0.31679950174,-2.498804898959E-02));
#879 = CARTESIAN_POINT('',(0.325012801611,-2.474580021957E-02));
#880 = CARTESIAN_POINT('',(0.332990490864,-2.441473441356E-02));
#881 = CARTESIAN_POINT('',(0.340716047897,-2.399441586543E-02));
#882 = CARTESIAN_POINT('',(0.348173476461,-2.348497713439E-02));
#883 = CARTESIAN_POINT('',(0.355347340198,-2.288711802241E-02));
#884 = CARTESIAN_POINT('',(0.362222796511,-2.220209378638E-02));
#885 = CARTESIAN_POINT('',(0.368785629929,-2.143169247239E-02));
#886 = CARTESIAN_POINT('',(0.375022285167,-2.057820153368E-02));
#887 = CARTESIAN_POINT('',(0.380919900301,-1.964436413849E-02));
#888 = CARTESIAN_POINT('',(0.386466340704,-1.863332574318E-02));
#889 = CARTESIAN_POINT('',(0.391650234805,-1.754857152044E-02));
#890 = CARTESIAN_POINT('',(0.396461013371,-1.639385491293E-02));
#891 = CARTESIAN_POINT('',(0.400888954999,-1.517311661988E-02));
#892 = CARTESIAN_POINT('',(0.404925241797,-1.38903908476E-02));
#893 = CARTESIAN_POINT('',(0.408562030831,-1.254969051867E-02));
#894 = CARTESIAN_POINT('',(0.411792546156,-1.115485063222E-02));
#895 = CARTESIAN_POINT('',(0.41461118938,-9.709287815262E-03));
#896 = CARTESIAN_POINT('',(0.417013620541,-8.215582049197E-03));
#897 = CARTESIAN_POINT('',(0.418996640633,-6.67476653652E-03));
#898 = CARTESIAN_POINT('',(0.42055726833,-5.085219473449E-03));
#899 = CARTESIAN_POINT('',(0.421689991766,-3.442201734159E-03));
#900 = CARTESIAN_POINT('',(0.422381627882,-1.740913405804E-03));
#901 = CARTESIAN_POINT('',(0.422612004966,-9.442917707253E-08));
#902 = CARTESIAN_POINT('',(0.422386015471,1.74129956934E-03));
#903 = CARTESIAN_POINT('',(0.42169866879,3.44432541602E-03));
#904 = CARTESIAN_POINT('',(0.420570089349,5.090192396934E-03));
#905 = CARTESIAN_POINT('',(0.419013472259,6.683667188437E-03));
#906 = CARTESIAN_POINT('',(0.417034341313,8.229475011423E-03));
#907 = CARTESIAN_POINT('',(0.414635681913,9.729230151594E-03));
#908 = CARTESIAN_POINT('',(0.411820690451,1.118189134825E-02));
#909 = CARTESIAN_POINT('',(0.408593700374,1.258486769151E-02));
#910 = CARTESIAN_POINT('',(0.404960301447,1.393472845728E-02));
#911 = CARTESIAN_POINT('',(0.400927259929,1.522762158323E-02));
#912 = CARTESIAN_POINT('',(0.396502408616,1.645951439538E-02));
#913 = CARTESIAN_POINT('',(0.391694555207,1.762635047919E-02));
#914 = CARTESIAN_POINT('',(0.386513411142,1.872416465001E-02));
#915 = CARTESIAN_POINT('',(0.380969536162,1.974917684271E-02));
#916 = CARTESIAN_POINT('',(0.375074293021,2.069787323932E-02));
#917 = CARTESIAN_POINT('',(0.36883980838,2.156707781428E-02));
#918 = CARTESIAN_POINT('',(0.362278937208,2.235401499606E-02));
#919 = CARTESIAN_POINT('',(0.355405228984,2.30563631794E-02));
#920 = CARTESIAN_POINT('',(0.348232894629,2.367229850098E-02));
#921 = CARTESIAN_POINT('',(0.340776773526,2.42005283046E-02));
#922 = CARTESIAN_POINT('',(0.333052300225,2.464031389095E-02));
#923 = CARTESIAN_POINT('',(0.325075470587,2.499148239076E-02));
#924 = CARTESIAN_POINT('',(0.316862807261,2.525442787441E-02));
#925 = CARTESIAN_POINT('',(0.308431324415,2.543010208779E-02));
#926 = CARTESIAN_POINT('',(0.299798491713,2.551999546971E-02));
#927 = CARTESIAN_POINT('',(0.290982197547,2.552610934549E-02));
#928 = CARTESIAN_POINT('',(0.282000711553,2.545092039931E-02));
#929 = CARTESIAN_POINT('',(0.272872646458,2.529733869528E-02));
#930 = CARTESIAN_POINT('',(0.263616919309,2.50686606419E-02));
#931 = CARTESIAN_POINT('',(0.254252712137,2.47685183719E-02));
#932 = CARTESIAN_POINT('',(0.244799432134,2.440082703981E-02));
#933 = CARTESIAN_POINT('',(0.235276671389,2.396973152227E-02));
#934 = CARTESIAN_POINT('',(0.225704166281,2.347955394296E-02));
#935 = CARTESIAN_POINT('',(0.216101756574,2.29347433396E-02));
#936 = CARTESIAN_POINT('',(0.20648934432,2.233982864736E-02));
#937 = CARTESIAN_POINT('',(0.196886852618,2.169937599823E-02));
#938 = CARTESIAN_POINT('',(0.187314184343,2.101795113577E-02));
#939 = CARTESIAN_POINT('',(0.177791180896,2.030008752577E-02));
#940 = CARTESIAN_POINT('',(0.168337581086,1.955026051409E-02));
#941 = CARTESIAN_POINT('',(0.158972980207,1.877286765088E-02));
#942 = CARTESIAN_POINT('',(0.149716789411,1.797221507329E-02));
#943 = CARTESIAN_POINT('',(0.140588195453,1.715250962444E-02));
#944 = CARTESIAN_POINT('',(0.131606120894,1.631785619129E-02));
#945 = CARTESIAN_POINT('',(0.12278918485,1.547225957495E-02));
#946 = CARTESIAN_POINT('',(0.114155664366,1.461963006842E-02));
#947 = CARTESIAN_POINT('',(0.105723456491,1.376379181319E-02));
#948 = CARTESIAN_POINT('',(9.751004114792E-02,1.290849294047E-02));
#949 = CARTESIAN_POINT('',(8.953244485967E-02,1.205741647571E-02));
#950 = CARTESIAN_POINT('',(8.180720541818E-02,1.121419099773E-02));
#951 = CARTESIAN_POINT('',(7.435033756541E-02,1.038240009395E-02));
#952 = CARTESIAN_POINT('',(6.717729975911E-02,9.565589738685E-03));
#953 = CARTESIAN_POINT('',(6.030296209282E-02,8.767272838458E-03));
#954 = CARTESIAN_POINT('',(5.374157543725E-02,7.990930332053E-03));
#955 = CARTESIAN_POINT('',(4.750674186801E-02,7.240008397473E-03));
#956 = CARTESIAN_POINT('',(4.161138644198E-02,6.517911497225E-03));
#957 = CARTESIAN_POINT('',(3.606773038197E-02,5.827991180298E-03));
#958 = CARTESIAN_POINT('',(3.088726572632E-02,5.173530746973E-03));
#959 = CARTESIAN_POINT('',(2.608073149694E-02,4.557726064256E-03));
#960 = CARTESIAN_POINT('',(2.165809143586E-02,3.983662988647E-03));
#961 = CARTESIAN_POINT('',(1.762851335679E-02,3.454292003015E-03));
#962 = CARTESIAN_POINT('',(1.400035015438E-02,2.972400800259E-03));
#963 = CARTESIAN_POINT('',(1.078112250982E-02,2.540585643694E-03));
#964 = CARTESIAN_POINT('',(7.977503327539E-03,2.161222399373E-03));
#965 = CARTESIAN_POINT('',(5.595303933734E-03,1.836438166754E-03));
#966 = CARTESIAN_POINT('',(3.639462063197E-03,1.568084430102E-03));
#967 = CARTESIAN_POINT('',(2.114031657269E-03,1.357712614559E-03));
#968 = CARTESIAN_POINT('',(1.022174491755E-03,1.206552858688E-03));
#969 = CARTESIAN_POINT('',(3.661536498365E-04,1.115496714102E-03));
#970 = CARTESIAN_POINT('',(7.433502066534E-05,1.074939639538E-03));
#971 = CARTESIAN_POINT('',(1.341637546837E-06,1.064791703698E-03));
#972 = ( GEOMETRIC_REPRESENTATION_CONTEXT(2) 
PARAMETRIC_REPRESENTATION_CONTEXT() REPRESENTATION_CONTEXT('2D SPACE',''
  ) );
#973 = ORIENTED_EDGE('',*,*,#974,.T.);
#974 = EDGE_CURVE('',#671,#975,#977,.T.);
#975 = VERTEX_POINT('',#976);
#976 = CARTESIAN_POINT('',(-0.831017702472,-2.458661082841E-02,-2.33E-02
    ));
#977 = SURFACE_CURVE('',#978,(#1158,#1341),.PCURVE_S1.);
#978 = B_SPLINE_CURVE_WITH_KNOTS('',8,(#979,#980,#981,#982,#983,#984,
    #985,#986,#987,#988,#989,#990,#991,#992,#993,#994,#995,#996,#997,
    #998,#999,#1000,#1001,#1002,#1003,#1004,#1005,#1006,#1007,#1008,
    #1009,#1010,#1011,#1012,#1013,#1014,#1015,#1016,#1017,#1018,#1019,
    #1020,#1021,#1022,#1023,#1024,#1025,#1026,#1027,#1028,#1029,#1030,
    #1031,#1032,#1033,#1034,#1035,#1036,#1037,#1038,#1039,#1040,#1041,
    #1042,#1043,#1044,#1045,#1046,#1047,#1048,#1049,#1050,#1051,#1052,
    #1053,#1054,#1055,#1056,#1057,#1058,#1059,#1060,#1061,#1062,#1063,
    #1064,#1065,#1066,#1067,#1068,#1069,#1070,#1071,#1072,#1073,#1074,
    #1075,#1076,#1077,#1078,#1079,#1080,#1081,#1082,#1083,#1084,#1085,
    #1086,#1087,#1088,#1089,#1090,#1091,#1092,#1093,#1094,#1095,#1096,
    #1097,#1098,#1099,#1100,#1101,#1102,#1103,#1104,#1105,#1106,#1107,
    #1108,#1109,#1110,#1111,#1112,#1113,#1114,#1115,#1116,#1117,#1118,
    #1119,#1120,#1121,#1122,#1123,#1124,#1125,#1126,#1127,#1128,#1129,
    #1130,#1131,#1132,#1133,#1134,#1135,#1136,#1137,#1138,#1139,#1140,
    #1141,#1142,#1143,#1144,#1145,#1146,#1147,#1148,#1149,#1150,#1151,
    #1152,#1153,#1154,#1155,#1156,#1157),.UNSPECIFIED.,.F.,.F.,(9,7,7,7,
    7,7,7,7,8,8,8,8,8,8,8,8,8,7,7,7,7,7,7,7,9),(0.,4.498953736779E-02,
    7.206736658904E-02,0.110377705683,0.141173553962,0.176609088649,
    0.186821619957,0.204701794672,0.213761457714,0.258750995081,
    0.303740532449,0.348730069817,0.393719607185,0.438709144553,
    0.48369868192,0.528688219288,0.573677756656,0.618667294024,
    0.635046166755,0.6550012634,0.729288102462,0.784424790906,
    0.859284394648,0.91219510524,1.),.UNSPECIFIED.);
#979 = CARTESIAN_POINT('',(-0.831017787681,2.45866077678E-02,-2.33E-02)
  );
#980 = CARTESIAN_POINT('',(-0.827006156578,2.472601730465E-02,
    -2.30352682258E-02));
#981 = CARTESIAN_POINT('',(-0.822996547186,2.48510364976E-02,
    -2.277257892934E-02));
#982 = CARTESIAN_POINT('',(-0.818988250238,2.496109429681E-02,
    -2.25145130523E-02));
#983 = CARTESIAN_POINT('',(-0.814981159188,2.505551712124E-02,
    -2.226306903851E-02));
#984 = CARTESIAN_POINT('',(-0.810975090263,2.513359332275E-02,
    -2.202024162557E-02));
#985 = CARTESIAN_POINT('',(-0.806969479424,2.51945952414E-02,
    -2.178834498056E-02));
#986 = CARTESIAN_POINT('',(-0.80296345621,2.523775885194E-02,
    -2.157008017997E-02));
#987 = CARTESIAN_POINT('',(-0.796544504459,2.52769473707E-02,
    -2.124696388773E-02));
#988 = CARTESIAN_POINT('',(-0.794132304882,2.528489613276E-02,
    -2.113146066659E-02));
#989 = CARTESIAN_POINT('',(-0.791719456474,2.528589281018E-02,
    -2.102258813424E-02));
#990 = CARTESIAN_POINT('',(-0.789305744315,2.527974612742E-02,
    -2.092097878434E-02));
#991 = CARTESIAN_POINT('',(-0.78689097783,2.52662480108E-02,
    -2.082714684023E-02));
#992 = CARTESIAN_POINT('',(-0.784474990789,2.524517358851E-02,
    -2.074148825492E-02));
#993 = CARTESIAN_POINT('',(-0.782057641308,2.521628119059E-02,
    -2.066428071105E-02));
#994 = CARTESIAN_POINT('',(-0.776216593071,2.512701569745E-02,
    -2.049872936739E-02));
#995 = CARTESIAN_POINT('',(-0.772791625121,2.505851456802E-02,
    -2.041820607839E-02));
#996 = CARTESIAN_POINT('',(-0.769363285684,2.497310280545E-02,
    -2.035578594205E-02));
#997 = CARTESIAN_POINT('',(-0.765932055516,2.486984869576E-02,
    -2.030870352163E-02));
#998 = CARTESIAN_POINT('',(-0.762498568776,2.474766669552E-02,
    -2.027339705608E-02));
#999 = CARTESIAN_POINT('',(-0.759063247327,2.460533185745E-02,
    -2.024704065861E-02));
#1000 = CARTESIAN_POINT('',(-0.755626519019,2.444143695237E-02,
    -2.022696741336E-02));
#1001 = CARTESIAN_POINT('',(-0.749426861554,2.41038553171E-02,
    -2.019267108503E-02));
#1002 = CARTESIAN_POINT('',(-0.74666408907,2.393834833677E-02,
    -2.017825459887E-02));
#1003 = CARTESIAN_POINT('',(-0.74390177049,2.375692023749E-02,
    -2.016211333584E-02));
#1004 = CARTESIAN_POINT('',(-0.741140675616,2.355854754432E-02,
    -2.014135055466E-02));
#1005 = CARTESIAN_POINT('',(-0.738381876054,2.334203441636E-02,
    -2.011279334861E-02));
#1006 = CARTESIAN_POINT('',(-0.735626745215,2.310601264673E-02,
    -2.007299264547E-02));
#1007 = CARTESIAN_POINT('',(-0.732876958314,2.284894166259E-02,
    -2.001822320756E-02));
#1008 = CARTESIAN_POINT('',(-0.726978855298,2.224705713078E-02,
    -1.985958385118E-02));
#1009 = CARTESIAN_POINT('',(-0.723833351602,2.189492630816E-02,
    -1.975024813231E-02));
#1010 = CARTESIAN_POINT('',(-0.720701129382,2.150975769872E-02,
    -1.960923708294E-02));
#1011 = CARTESIAN_POINT('',(-0.717586089581,2.1088530514E-02,
    -1.943151786772E-02));
#1012 = CARTESIAN_POINT('',(-0.71449454339,2.062774833688E-02,
    -1.921100977961E-02));
#1013 = CARTESIAN_POINT('',(-0.711434860616,2.012337485213E-02,
    -1.894167357088E-02));
#1014 = CARTESIAN_POINT('',(-0.708415109009,1.957111850603E-02,
    -1.862294454354E-02));
#1015 = CARTESIAN_POINT('',(-0.704580879305,1.879295728945E-02,
    -1.816767521851E-02));
#1016 = CARTESIAN_POINT('',(-0.703726650096,1.861456126583E-02,
    -1.806303209687E-02));
#1017 = CARTESIAN_POINT('',(-0.702875946841,1.843176778751E-02,
    -1.795600034819E-02));
#1018 = CARTESIAN_POINT('',(-0.70202865666,1.82444553805E-02,
    -1.78470924692E-02));
#1019 = CARTESIAN_POINT('',(-0.701184603895,1.805249133377E-02,
    -1.773691313948E-02));
#1020 = CARTESIAN_POINT('',(-0.700343550101,1.785573169919E-02,
    -1.762615922151E-02));
#1021 = CARTESIAN_POINT('',(-0.699505194052,1.765402129156E-02,
    -1.751561976058E-02));
#1022 = CARTESIAN_POINT('',(-0.697205426831,1.708518823415E-02,
    -1.721458961309E-02));
#1023 = CARTESIAN_POINT('',(-0.695749226709,1.670733870982E-02,
    -1.702602664494E-02));
#1024 = CARTESIAN_POINT('',(-0.694297505462,1.631316532899E-02,
    -1.684660873626E-02));
#1025 = CARTESIAN_POINT('',(-0.692849302866,1.590136676517E-02,
    -1.667986270356E-02));
#1026 = CARTESIAN_POINT('',(-0.691404428736,1.547049416818E-02,
    -1.652833267132E-02));
#1027 = CARTESIAN_POINT('',(-0.689962934654,1.501912143798E-02,
    -1.639436804884E-02));
#1028 = CARTESIAN_POINT('',(-0.688525393066,1.454551175601E-02,
    -1.628008733666E-02));
#1029 = CARTESIAN_POINT('',(-0.686368721116,1.379403028797E-02,
    -1.613914328946E-02));
#1030 = CARTESIAN_POINT('',(-0.685644757628,1.353505953139E-02,
    -1.60972641015E-02));
#1031 = CARTESIAN_POINT('',(-0.684922533966,1.326934161452E-02,
    -1.606098908149E-02));
#1032 = CARTESIAN_POINT('',(-0.684202301172,1.299647765053E-02,
    -1.603059759515E-02));
#1033 = CARTESIAN_POINT('',(-0.683484268643,1.271611869318E-02,
    -1.600639779649E-02));
#1034 = CARTESIAN_POINT('',(-0.682768752126,1.242788807428E-02,
    -1.598858493334E-02));
#1035 = CARTESIAN_POINT('',(-0.682056321715,1.213130374122E-02,
    -1.597709965278E-02));
#1036 = CARTESIAN_POINT('',(-0.681347949848,1.182570059445E-02,
    -1.597148630667E-02));
#1037 = CARTESIAN_POINT('',(-0.68058642301,1.149705104348E-02,
    -1.596550562388E-02));
#1038 = CARTESIAN_POINT('',(-0.679829567146,1.115799600245E-02,
    -1.596644421536E-02));
#1039 = CARTESIAN_POINT('',(-0.679078184469,1.080777841027E-02,
    -1.597414977621E-02));
#1040 = CARTESIAN_POINT('',(-0.67833339046,1.044549158618E-02,
    -1.598837510061E-02));
#1041 = CARTESIAN_POINT('',(-0.677596613865,1.007007922979E-02,
    -1.600877808175E-02));
#1042 = CARTESIAN_POINT('',(-0.676869596697,9.680335421004E-03,
    -1.603492171191E-02));
#1043 = CARTESIAN_POINT('',(-0.676154394233,9.274904620104E-03,
    -1.606627408238E-02));
#1044 = CARTESIAN_POINT('',(-0.675453375016,8.852281667696E-03,
    -1.610220838353E-02));
#1045 = CARTESIAN_POINT('',(-0.675063258927,8.616935811658E-03,
    -1.612215494332E-02));
#1046 = CARTESIAN_POINT('',(-0.674677670265,8.376185708176E-03,
    -1.614362813267E-02));
#1047 = CARTESIAN_POINT('',(-0.674297039567,8.129782218013E-03,
    -1.616637131889E-02));
#1048 = CARTESIAN_POINT('',(-0.67392190859,7.877435718555E-03,
    -1.619018011164E-02));
#1049 = CARTESIAN_POINT('',(-0.673552930307,7.618816103815E-03,
    -1.621490236296E-02));
#1050 = CARTESIAN_POINT('',(-0.67319086891,7.353552784429E-03,
    -1.624043816724E-02));
#1051 = CARTESIAN_POINT('',(-0.672836599808,7.081234687657E-03,
    -1.626673986122E-02));
#1052 = CARTESIAN_POINT('',(-0.672491109629,6.801410257384E-03,
    -1.6293812024E-02));
#1053 = CARTESIAN_POINT('',(-0.672132669648,6.511163251578E-03,
    -1.632188357855E-02));
#1054 = CARTESIAN_POINT('',(-0.671783241546,6.213189357312E-03,
    -1.635090483459E-02));
#1055 = CARTESIAN_POINT('',(-0.671443998955,5.906902893041E-03,
    -1.63808074757E-02));
#1056 = CARTESIAN_POINT('',(-0.671116285585,5.591818984876E-03,
    -1.641144041472E-02));
#1057 = CARTESIAN_POINT('',(-0.670801615226,5.267553566587E-03,
    -1.644256979372E-02));
#1058 = CARTESIAN_POINT('',(-0.670501671743,4.933823379602E-03,
    -1.647387898402E-02));
#1059 = CARTESIAN_POINT('',(-0.670218309082,4.590445973007E-03,
    -1.65049685862E-02));
#1060 = CARTESIAN_POINT('',(-0.669953551265,4.237339703547E-03,
    -1.653535643006E-02));
#1061 = CARTESIAN_POINT('',(-0.669696868057,3.894888386041E-03,
    -1.656484092843E-02));
#1062 = CARTESIAN_POINT('',(-0.6694582265,3.543392910339E-03,
    -1.659367146858E-02));
#1063 = CARTESIAN_POINT('',(-0.669239465997,3.182535340893E-03,
    -1.662145936657E-02));
#1064 = CARTESIAN_POINT('',(-0.66904271149,2.812562253354E-03,
    -1.66476854941E-02));
#1065 = CARTESIAN_POINT('',(-0.668870258598,2.434163383421E-03,
    -1.667173787942E-02));
#1066 = CARTESIAN_POINT('',(-0.668724458756,2.048350275698E-03,
    -1.669294930822E-02));
#1067 = CARTESIAN_POINT('',(-0.668607604358,1.656334932543E-03,
    -1.671063492455E-02));
#1068 = CARTESIAN_POINT('',(-0.668521813893,1.259408462922E-03,
    -1.672412983167E-02));
#1069 = CARTESIAN_POINT('',(-0.668434799157,8.571747123195E-04,
    -1.673772431541E-02));
#1070 = CARTESIAN_POINT('',(-0.668377975768,4.498387835503E-04,
    -1.674731769892E-02));
#1071 = CARTESIAN_POINT('',(-0.668353732314,3.996248301457E-05,
    -1.67517244332E-02));
#1072 = CARTESIAN_POINT('',(-0.66836363348,-3.704779597438E-04,
    -1.674998517752E-02));
#1073 = CARTESIAN_POINT('',(-0.668407310154,-7.795657635153E-04,
    -1.674222476683E-02));
#1074 = CARTESIAN_POINT('',(-0.668482710043,-1.185240378619E-03,
    -1.672963030874E-02));
#1075 = CARTESIAN_POINT('',(-0.668587708804,-1.585417181815E-03,
    -1.671354940993E-02));
#1076 = CARTESIAN_POINT('',(-0.668723081705,-1.978430082927E-03,
    -1.669370853194E-02));
#1077 = CARTESIAN_POINT('',(-0.668864602572,-2.390120535958E-03,
    -1.66730313532E-02));
#1078 = CARTESIAN_POINT('',(-0.669037702925,-2.794567106051E-03,
    -1.66486398652E-02));
#1079 = CARTESIAN_POINT('',(-0.669239640282,-3.190047107976E-03,
    -1.662138309789E-02));
#1080 = CARTESIAN_POINT('',(-0.669467750495,-3.575520086762E-03,
    -1.659203095028E-02));
#1081 = CARTESIAN_POINT('',(-0.669719432235,-3.950498741362E-03,
    -1.656126425339E-02));
#1082 = CARTESIAN_POINT('',(-0.669992131481,-4.314919848323E-03,
    -1.652966483327E-02));
#1083 = CARTESIAN_POINT('',(-0.670283326012,-4.669015185454E-03,
    -1.649770557391E-02));
#1084 = CARTESIAN_POINT('',(-0.670590509894,-5.013182455497E-03,
    -1.646574048023E-02));
#1085 = CARTESIAN_POINT('',(-0.670943045324,-5.408327867939E-03,
    -1.642910682149E-02));
#1086 = CARTESIAN_POINT('',(-0.67131735717,-5.789932275077E-03,
    -1.639230843862E-02));
#1087 = CARTESIAN_POINT('',(-0.67171012928,-6.158773846055E-03,
    -1.635626567553E-02));
#1088 = CARTESIAN_POINT('',(-0.672118647033,-6.515549786543E-03,
    -1.632141635931E-02));
#1089 = CARTESIAN_POINT('',(-0.672540756064,-6.860896520073E-03,
    -1.628787271015E-02));
#1090 = CARTESIAN_POINT('',(-0.672974820992,-7.195409869385E-03,
    -1.625557825128E-02));
#1091 = CARTESIAN_POINT('',(-0.673419684142,-7.519665237766E-03,
    -1.622446471897E-02));
#1092 = CARTESIAN_POINT('',(-0.673874624273,-7.83423779039E-03,
    -1.619460897247E-02));
#1093 = CARTESIAN_POINT('',(-0.674431219129,-8.219245893862E-03,
    -1.615812003003E-02));
#1094 = CARTESIAN_POINT('',(-0.675001593852,-8.590183681447E-03,
    -1.61237394318E-02));
#1095 = CARTESIAN_POINT('',(-0.675584088381,-8.94781185792E-03,
    -1.609210200149E-02));
#1096 = CARTESIAN_POINT('',(-0.67617687,-9.293167338529E-03,
    -1.606368331531E-02));
#1097 = CARTESIAN_POINT('',(-0.676778167919,-9.627363986713E-03,
    -1.60388415163E-02));
#1098 = CARTESIAN_POINT('',(-0.677386507841,-9.951393351824E-03,
    -1.601785912871E-02));
#1099 = CARTESIAN_POINT('',(-0.678000946545,-1.026592540685E-02,
    -1.600098487236E-02));
#1100 = CARTESIAN_POINT('',(-0.678621306452,-1.057110928613E-02,
    -1.598847547699E-02));
#1101 = CARTESIAN_POINT('',(-0.680376249264,-1.143459745572E-02,
    -1.595282913986E-02));
#1102 = CARTESIAN_POINT('',(-0.68217222301,-1.222690593747E-02,
    -1.595381066041E-02));
#1103 = CARTESIAN_POINT('',(-0.683999786005,-1.295898289842E-02,
    -1.598674424053E-02));
#1104 = CARTESIAN_POINT('',(-0.685828451157,-1.364544201644E-02,
    -1.607732238686E-02));
#1105 = CARTESIAN_POINT('',(-0.687676602218,-1.428641341983E-02,
    -1.619461844072E-02));
#1106 = CARTESIAN_POINT('',(-0.689527943214,-1.488999650256E-02,
    -1.634843716443E-02));
#1107 = CARTESIAN_POINT('',(-0.691385573073,-1.545943517131E-02,
    -1.653151925487E-02));
#1108 = CARTESIAN_POINT('',(-0.693928040634,-1.619331077987E-02,
    -1.681394862073E-02));
#1109 = CARTESIAN_POINT('',(-0.694607439296,-1.638507832881E-02,
    -1.689241999894E-02));
#1110 = CARTESIAN_POINT('',(-0.695287669638,-1.657286415704E-02,
    -1.69737667369E-02));
#1111 = CARTESIAN_POINT('',(-0.695968785132,-1.67567835021E-02,
    -1.705770925074E-02));
#1112 = CARTESIAN_POINT('',(-0.696650891994,-1.693695030927E-02,
    -1.714388288894E-02));
#1113 = CARTESIAN_POINT('',(-0.697334149184,-1.711347723163E-02,
    -1.723183793236E-02));
#1114 = CARTESIAN_POINT('',(-0.69801876841,-1.728647563004E-02,
    -1.732103959422E-02));
#1115 = CARTESIAN_POINT('',(-0.699541087035,-1.766268365054E-02,
    -1.752034766318E-02));
#1116 = CARTESIAN_POINT('',(-0.700379505587,-1.786419851541E-02,
    -1.763089419778E-02));
#1117 = CARTESIAN_POINT('',(-0.701220631757,-1.806076767687E-02,
    -1.774162935589E-02));
#1118 = CARTESIAN_POINT('',(-0.70206476486,-1.825254684196E-02,
    -1.78517668697E-02));
#1119 = CARTESIAN_POINT('',(-0.702912141543,-1.843967991568E-02,
    -1.796061247153E-02));
#1120 = CARTESIAN_POINT('',(-0.703762935787,-1.862229900101E-02,
    -1.806756389389E-02));
#1121 = CARTESIAN_POINT('',(-0.704617258906,-1.880052439884E-02,
    -1.817211086947E-02));
#1122 = CARTESIAN_POINT('',(-0.708668860662,-1.962193114878E-02,
    -1.86526752242E-02));
#1123 = CARTESIAN_POINT('',(-0.711912398089,-2.020975358934E-02,
    -1.899114626709E-02));
#1124 = CARTESIAN_POINT('',(-0.715201311338,-2.074291028775E-02,
    -1.927191069523E-02));
#1125 = CARTESIAN_POINT('',(-0.718525532865,-2.12266506728E-02,
    -1.949661597963E-02));
#1126 = CARTESIAN_POINT('',(-0.721874848724,-2.166586787323E-02,
    -1.967345571718E-02));
#1127 = CARTESIAN_POINT('',(-0.725241828963,-2.206480097798E-02,
    -1.981028409449E-02));
#1128 = CARTESIAN_POINT('',(-0.728622227797,-2.242706692725E-02,
    -1.991328372541E-02));
#1129 = CARTESIAN_POINT('',(-0.734529424258,-2.300016296637E-02,
    -2.004894285826E-02));
#1130 = CARTESIAN_POINT('',(-0.737051276927,-2.322592345338E-02,
    -2.009242030562E-02));
#1131 = CARTESIAN_POINT('',(-0.73957701835,-2.343455966106E-02,
    -2.012464276326E-02));
#1132 = CARTESIAN_POINT('',(-0.742105457786,-2.362720801473E-02,
    -2.014842586697E-02));
#1133 = CARTESIAN_POINT('',(-0.744635606934,-2.380488519946E-02,
    -2.016637732927E-02));
#1134 = CARTESIAN_POINT('',(-0.747166679928,-2.396848816001E-02,
    -2.018089693941E-02));
#1135 = CARTESIAN_POINT('',(-0.749698093342,-2.411879410087E-02,
    -2.019417656338E-02));
#1136 = CARTESIAN_POINT('',(-0.755666335527,-2.444336746564E-02,
    -2.022719422938E-02));
#1137 = CARTESIAN_POINT('',(-0.759103021841,-2.460704067978E-02,
    -2.024732640538E-02));
#1138 = CARTESIAN_POINT('',(-0.762538298402,-2.474916594762E-02,
    -2.027376241907E-02));
#1139 = CARTESIAN_POINT('',(-0.765971736121,-2.487114987132E-02,
    -2.030917429681E-02));
#1140 = CARTESIAN_POINT('',(-0.76940291114,-2.497421682762E-02,
    -2.035639466851E-02));
#1141 = CARTESIAN_POINT('',(-0.772831191042,-2.505945064134E-02,
    -2.041897884298E-02));
#1142 = CARTESIAN_POINT('',(-0.77625609967,-2.512778094088E-02,
    -2.049967463417E-02));
#1143 = CARTESIAN_POINT('',(-0.782097039214,-2.521676724563E-02,
    -2.066551776084E-02));
#1144 = CARTESIAN_POINT('',(-0.784514338806,-2.524554737391E-02,
    -2.074284562943E-02));
#1145 = CARTESIAN_POINT('',(-0.786930277546,-2.526651273659E-02,
    -2.082862160315E-02));
#1146 = CARTESIAN_POINT('',(-0.78934499781,-2.527990474673E-02,
    -2.092256601003E-02));
#1147 = CARTESIAN_POINT('',(-0.791758666151,-2.528594807448E-02,
    -2.102428144715E-02));
#1148 = CARTESIAN_POINT('',(-0.794171473296,-2.528485064719E-02,
    -2.113325278066E-02));
#1149 = CARTESIAN_POINT('',(-0.79658363415,-2.527680364933E-02,
    -2.124884714578E-02));
#1150 = CARTESIAN_POINT('',(-0.80299767203,-2.523738586398E-02,
    -2.157191438421E-02));
#1151 = CARTESIAN_POINT('',(-0.806998723815,-2.519415575414E-02,
    -2.179008794596E-02));
#1152 = CARTESIAN_POINT('',(-0.810999514414,-2.513311679823E-02,
    -2.202172274597E-02));
#1153 = CARTESIAN_POINT('',(-0.815000734186,-2.505505015028E-02,
    -2.226425198603E-02));
#1154 = CARTESIAN_POINT('',(-0.819002860838,-2.496069317206E-02,
    -2.25154565369E-02));
#1155 = CARTESIAN_POINT('',(-0.823006227668,-2.485074009208E-02,
    -2.277326751944E-02));
#1156 = CARTESIAN_POINT('',(-0.827011091808,-2.472584266454E-02,
    -2.303556888569E-02));
#1157 = CARTESIAN_POINT('',(-0.831017702472,-2.458661082841E-02,
    -2.33E-02));
#1158 = PCURVE('',#170,#1159);
#1159 = DEFINITIONAL_REPRESENTATION('',(#1160),#1340);
#1160 = B_SPLINE_CURVE_WITH_KNOTS('',8,(#1161,#1162,#1163,#1164,#1165,
    #1166,#1167,#1168,#1169,#1170,#1171,#1172,#1173,#1174,#1175,#1176,
    #1177,#1178,#1179,#1180,#1181,#1182,#1183,#1184,#1185,#1186,#1187,
    #1188,#1189,#1190,#1191,#1192,#1193,#1194,#1195,#1196,#1197,#1198,
    #1199,#1200,#1201,#1202,#1203,#1204,#1205,#1206,#1207,#1208,#1209,
    #1210,#1211,#1212,#1213,#1214,#1215,#1216,#1217,#1218,#1219,#1220,
    #1221,#1222,#1223,#1224,#1225,#1226,#1227,#1228,#1229,#1230,#1231,
    #1232,#1233,#1234,#1235,#1236,#1237,#1238,#1239,#1240,#1241,#1242,
    #1243,#1244,#1245,#1246,#1247,#1248,#1249,#1250,#1251,#1252,#1253,
    #1254,#1255,#1256,#1257,#1258,#1259,#1260,#1261,#1262,#1263,#1264,
    #1265,#1266,#1267,#1268,#1269,#1270,#1271,#1272,#1273,#1274,#1275,
    #1276,#1277,#1278,#1279,#1280,#1281,#1282,#1283,#1284,#1285,#1286,
    #1287,#1288,#1289,#1290,#1291,#1292,#1293,#1294,#1295,#1296,#1297,
    #1298,#1299,#1300,#1301,#1302,#1303,#1304,#1305,#1306,#1307,#1308,
    #1309,#1310,#1311,#1312,#1313,#1314,#1315,#1316,#1317,#1318,#1319,
    #1320,#1321,#1322,#1323,#1324,#1325,#1326,#1327,#1328,#1329,#1330,
    #1331,#1332,#1333,#1334,#1335,#1336,#1337,#1338,#1339),
  .UNSPECIFIED.,.F.,.F.,(9,7,7,7,7,7,7,7,8,8,8,8,8,8,8,8,8,7,7,7,7,7,7,7
    ,9),(0.,4.498953736779E-02,7.206736658904E-02,0.110377705683,
    0.141173553962,0.176609088649,0.186821619957,0.204701794672,
    0.213761457714,0.258750995081,0.303740532449,0.348730069817,
    0.393719607185,0.438709144553,0.48369868192,0.528688219288,
    0.573677756656,0.618667294024,0.635046166755,0.6550012634,
    0.729288102462,0.784424790906,0.859284394648,0.91219510524,1.),
  .UNSPECIFIED.);
#1161 = CARTESIAN_POINT('',(0.256575554686,0.));
#1162 = CARTESIAN_POINT('',(0.260712184229,6.012531778337E-04));
#1163 = CARTESIAN_POINT('',(0.264848827138,1.197867523644E-03));
#1164 = CARTESIAN_POINT('',(0.268984975399,1.78398125756E-03));
#1165 = CARTESIAN_POINT('',(0.273119720981,2.355055556424E-03));
#1166 = CARTESIAN_POINT('',(0.277252167688,2.906560014614E-03));
#1167 = CARTESIAN_POINT('',(0.281381577896,3.433238745029E-03));
#1168 = CARTESIAN_POINT('',(0.285507254177,3.92895712022E-03));
#1169 = CARTESIAN_POINT('',(0.292108382497,4.66281197427E-03));
#1170 = CARTESIAN_POINT('',(0.294586938743,4.925140434718E-03));
#1171 = CARTESIAN_POINT('',(0.297063610468,5.172409415765E-03));
#1172 = CARTESIAN_POINT('',(0.299538214379,5.403182411221E-03));
#1173 = CARTESIAN_POINT('',(0.302010597968,5.616291527976E-03));
#1174 = CARTESIAN_POINT('',(0.304480639521,5.810837485994E-03));
#1175 = CARTESIAN_POINT('',(0.306948248108,5.986189618319E-03));
#1176 = CARTESIAN_POINT('',(0.312901014581,6.362186310728E-03));
#1177 = CARTESIAN_POINT('',(0.316383925777,6.545069092919E-03));
#1178 = CARTESIAN_POINT('',(0.319861552268,6.686836379623E-03));
#1179 = CARTESIAN_POINT('',(0.323334709978,6.793768971985E-03));
#1180 = CARTESIAN_POINT('',(0.326804587748,6.873956265997E-03));
#1181 = CARTESIAN_POINT('',(0.330272316284,6.933816355648E-03));
#1182 = CARTESIAN_POINT('',(0.333739094004,6.979406283536E-03));
#1183 = CARTESIAN_POINT('',(0.339994472276,7.057299375351E-03));
#1184 = CARTESIAN_POINT('',(0.342782555235,7.090041792261E-03));
#1185 = CARTESIAN_POINT('',(0.345572240915,7.126701485725E-03));
#1186 = CARTESIAN_POINT('',(0.34836463742,7.173857472942E-03));
#1187 = CARTESIAN_POINT('',(0.35116083868,7.238715992253E-03));
#1188 = CARTESIAN_POINT('',(0.353961924444,7.329110503139E-03));
#1189 = CARTESIAN_POINT('',(0.356768960285,7.453501686222E-03));
#1190 = CARTESIAN_POINT('',(0.362821051045,7.813800020028E-03));
#1191 = CARTESIAN_POINT('',(0.366067525565,8.062120980449E-03));
#1192 = CARTESIAN_POINT('',(0.369324787836,8.382382278124E-03));
#1193 = CARTESIAN_POINT('',(0.372593198387,8.786014381741E-03));
#1194 = CARTESIAN_POINT('',(0.37587180676,9.28682766385E-03));
#1195 = CARTESIAN_POINT('',(0.379158099836,9.898538335508E-03));
#1196 = CARTESIAN_POINT('',(0.382446803328,1.062242892678E-02));
#1197 = CARTESIAN_POINT('',(0.386673294096,1.165642693956E-02));
#1198 = CARTESIAN_POINT('',(0.38761817339,1.189409017289E-02));
#1199 = CARTESIAN_POINT('',(0.388562221668,1.21371784052E-02));
#1200 = CARTESIAN_POINT('',(0.389505290608,1.238452766479E-02));
#1201 = CARTESIAN_POINT('',(0.39044723623,1.263476461621E-02));
#1202 = CARTESIAN_POINT('',(0.39138791889,1.288630656028E-02));
#1203 = CARTESIAN_POINT('',(0.392327203288,1.313736143407E-02));
#1204 = CARTESIAN_POINT('',(0.394906740797,1.382105470567E-02));
#1205 = CARTESIAN_POINT('',(0.396543772561,1.424931491043E-02));
#1206 = CARTESIAN_POINT('',(0.398175290018,1.465680505051E-02));
#1207 = CARTESIAN_POINT('',(0.399800544927,1.503551509525E-02));
#1208 = CARTESIAN_POINT('',(0.401418678793,1.537966688322E-02));
#1209 = CARTESIAN_POINT('',(0.403028671554,1.568392448594E-02));
#1210 = CARTESIAN_POINT('',(0.404629364694,1.594347641004E-02));
#1211 = CARTESIAN_POINT('',(0.407025290455,1.626358553383E-02));
#1212 = CARTESIAN_POINT('',(0.407828306402,1.635870065524E-02));
#1213 = CARTESIAN_POINT('',(0.408628448081,1.644108770954E-02));
#1214 = CARTESIAN_POINT('',(0.409425523202,1.651011220725E-02));
#1215 = CARTESIAN_POINT('',(0.410219322851,1.656507427551E-02));
#1216 = CARTESIAN_POINT('',(0.411009638604,1.660553047164E-02));
#1217 = CARTESIAN_POINT('',(0.411796279641,1.663161559669E-02));
#1218 = CARTESIAN_POINT('',(0.412579089861,1.664436450905E-02));
#1219 = CARTESIAN_POINT('',(0.413420675075,1.665794770866E-02));
#1220 = CARTESIAN_POINT('',(0.414257801928,1.665581599965E-02));
#1221 = CARTESIAN_POINT('',(0.415090257309,1.663831529364E-02));
#1222 = CARTESIAN_POINT('',(0.415917816049,1.660600703928E-02));
#1223 = CARTESIAN_POINT('',(0.416740240919,1.655966822223E-02));
#1224 = CARTESIAN_POINT('',(0.417557282631,1.650029136519E-02));
#1225 = CARTESIAN_POINT('',(0.418368679834,1.642908452787E-02));
#1226 = CARTESIAN_POINT('',(0.41917415912,1.6347471307E-02));
#1227 = CARTESIAN_POINT('',(0.41962259159,1.630216910442E-02));
#1228 = CARTESIAN_POINT('',(0.42006916371,1.625339965326E-02));
#1229 = CARTESIAN_POINT('',(0.420513848777,1.620174581221E-02));
#1230 = CARTESIAN_POINT('',(0.420956608633,1.614767178824E-02));
#1231 = CARTESIAN_POINT('',(0.421397393669,1.609152313659E-02));
#1232 = CARTESIAN_POINT('',(0.421836142819,1.603352676076E-02));
#1233 = CARTESIAN_POINT('',(0.422272783566,1.597379091252E-02));
#1234 = CARTESIAN_POINT('',(0.422707231937,1.591230519192E-02));
#1235 = CARTESIAN_POINT('',(0.4231578171,1.584854967398E-02));
#1236 = CARTESIAN_POINT('',(0.42360596164,1.57826372142E-02));
#1237 = CARTESIAN_POINT('',(0.424051598283,1.571472297137E-02));
#1238 = CARTESIAN_POINT('',(0.424494666843,1.564515009147E-02));
#1239 = CARTESIAN_POINT('',(0.424935114227,1.557444970765E-02));
#1240 = CARTESIAN_POINT('',(0.425372894432,1.550334094022E-02));
#1241 = CARTESIAN_POINT('',(0.425807968548,1.543273089667E-02));
#1242 = CARTESIAN_POINT('',(0.426240304755,1.536371467168E-02));
#1243 = CARTESIAN_POINT('',(0.426659675872,1.529675010578E-02));
#1244 = CARTESIAN_POINT('',(0.427077034167,1.523127079587E-02));
#1245 = CARTESIAN_POINT('',(0.427491660051,1.516815951268E-02));
#1246 = CARTESIAN_POINT('',(0.427903751449,1.510859528935E-02));
#1247 = CARTESIAN_POINT('',(0.428313977295,1.505396802312E-02));
#1248 = CARTESIAN_POINT('',(0.428723031024,1.500579307694E-02));
#1249 = CARTESIAN_POINT('',(0.429131184076,1.496562588111E-02));
#1250 = CARTESIAN_POINT('',(0.429537839384,1.493497653494E-02));
#1251 = CARTESIAN_POINT('',(0.429950237716,1.490410103246E-02));
#1252 = CARTESIAN_POINT('',(0.430362119317,1.488231274377E-02));
#1253 = CARTESIAN_POINT('',(0.430773523795,1.487230426254E-02));
#1254 = CARTESIAN_POINT('',(0.431184703532,1.487625442308E-02));
#1255 = CARTESIAN_POINT('',(0.431596038092,1.489387970287E-02));
#1256 = CARTESIAN_POINT('',(0.432007966395,1.492248396833E-02));
#1257 = CARTESIAN_POINT('',(0.432420936645,1.495900656386E-02));
#1258 = CARTESIAN_POINT('',(0.432835374014,1.500406874418E-02));
#1259 = CARTESIAN_POINT('',(0.433269735013,1.505103031297E-02));
#1260 = CARTESIAN_POINT('',(0.433704774931,1.510642774199E-02));
#1261 = CARTESIAN_POINT('',(0.434141984491,1.516833273247E-02));
#1262 = CARTESIAN_POINT('',(0.434581936375,1.523499670616E-02));
#1263 = CARTESIAN_POINT('',(0.435024641609,1.530487337408E-02));
#1264 = CARTESIAN_POINT('',(0.435469905943,1.537664130531E-02));
#1265 = CARTESIAN_POINT('',(0.435917686235,1.544922649578E-02));
#1266 = CARTESIAN_POINT('',(0.436368446831,1.552182493703E-02));
#1267 = CARTESIAN_POINT('',(0.436886063782,1.560502652398E-02));
#1268 = CARTESIAN_POINT('',(0.437407250142,1.56886022289E-02));
#1269 = CARTESIAN_POINT('',(0.437932115124,1.577046178622E-02));
#1270 = CARTESIAN_POINT('',(0.438460643717,1.584961081237E-02));
#1271 = CARTESIAN_POINT('',(0.438992721475,1.592579443527E-02));
#1272 = CARTESIAN_POINT('',(0.439528159299,1.599914092373E-02));
#1273 = CARTESIAN_POINT('',(0.440066718226,1.606980531689E-02));
#1274 = CARTESIAN_POINT('',(0.440608134212,1.613761305367E-02));
#1275 = CARTESIAN_POINT('',(0.441270774185,1.622048596405E-02));
#1276 = CARTESIAN_POINT('',(0.441937922099,1.629857044788E-02));
#1277 = CARTESIAN_POINT('',(0.442609370762,1.637042470704E-02));
#1278 = CARTESIAN_POINT('',(0.44328494238,1.643496862297E-02));
#1279 = CARTESIAN_POINT('',(0.443964481077,1.649138878879E-02));
#1280 = CARTESIAN_POINT('',(0.444647845416,1.653904354143E-02));
#1281 = CARTESIAN_POINT('',(0.445334900907,1.657736799373E-02));
#1282 = CARTESIAN_POINT('',(0.446025512532,1.660577906656E-02));
#1283 = CARTESIAN_POINT('',(0.447979223605,1.668673826969E-02));
#1284 = CARTESIAN_POINT('',(0.449961156675,1.668450906108E-02));
#1285 = CARTESIAN_POINT('',(0.451968019128,1.660971101401E-02));
#1286 = CARTESIAN_POINT('',(0.453998250795,1.640399185359E-02));
#1287 = CARTESIAN_POINT('',(0.456046563305,1.613759154958E-02));
#1288 = CARTESIAN_POINT('',(0.458110548558,1.57882417342E-02));
#1289 = CARTESIAN_POINT('',(0.460188137787,1.537242958241E-02));
#1290 = CARTESIAN_POINT('',(0.463038360377,1.473098201062E-02));
#1291 = CARTESIAN_POINT('',(0.463800609084,1.455275948459E-02));
#1292 = CARTESIAN_POINT('',(0.464564310251,1.436800650261E-02));
#1293 = CARTESIAN_POINT('',(0.46532937987,1.417735804965E-02));
#1294 = CARTESIAN_POINT('',(0.466095733297,1.398164231447E-02));
#1295 = CARTESIAN_POINT('',(0.466863285248,1.378188068962E-02));
#1296 = CARTESIAN_POINT('',(0.467631949796,1.357928777147E-02));
#1297 = CARTESIAN_POINT('',(0.469339411965,1.312662352218E-02));
#1298 = CARTESIAN_POINT('',(0.470278707733,1.287555258284E-02));
#1299 = CARTESIAN_POINT('',(0.471219397232,1.262405324576E-02));
#1300 = CARTESIAN_POINT('',(0.472161345406,1.237391126574E-02));
#1301 = CARTESIAN_POINT('',(0.473104412591,1.212670344872E-02));
#1302 = CARTESIAN_POINT('',(0.474048454508,1.188379765185E-02));
#1303 = CARTESIAN_POINT('',(0.474993322272,1.164635278339E-02));
#1304 = CARTESIAN_POINT('',(0.47945888573,1.055490523688E-02));
#1305 = CARTESIAN_POINT('',(0.482987557666,9.786176999561E-03));
#1306 = CARTESIAN_POINT('',(0.486512595237,9.148510798939E-03));
#1307 = CARTESIAN_POINT('',(0.490027934512,8.638164933845E-03));
#1308 = CARTESIAN_POINT('',(0.493530965252,8.236530281225E-03));
#1309 = CARTESIAN_POINT('',(0.497020982348,7.925768579406E-03));
#1310 = CARTESIAN_POINT('',(0.500498854013,7.691838007254E-03));
#1311 = CARTESIAN_POINT('',(0.506542633903,7.383731868587E-03));
#1312 = CARTESIAN_POINT('',(0.509111877198,7.284986814396E-03));
#1313 = CARTESIAN_POINT('',(0.511676492673,7.211803853602E-03));
#1314 = CARTESIAN_POINT('',(0.514237330871,7.157788174048E-03));
#1315 = CARTESIAN_POINT('',(0.516795236829,7.11701719449E-03));
#1316 = CARTESIAN_POINT('',(0.519351050082,7.084040564596E-03));
#1317 = CARTESIAN_POINT('',(0.521905604657,7.053880164942E-03));
#1318 = CARTESIAN_POINT('',(0.527927465821,6.978891143809E-03));
#1319 = CARTESIAN_POINT('',(0.531394222513,6.933167373654E-03));
#1320 = CARTESIAN_POINT('',(0.534861939721,6.873126461346E-03));
#1321 = CARTESIAN_POINT('',(0.538331816666,6.792699757419E-03));
#1322 = CARTESIAN_POINT('',(0.541804985027,6.685453853026E-03));
#1323 = CARTESIAN_POINT('',(0.54528263071,6.543314006399E-03));
#1324 = CARTESIAN_POINT('',(0.548765563594,6.360039440902E-03));
#1325 = CARTESIAN_POINT('',(0.554718355256,5.983380057148E-03));
#1326 = CARTESIAN_POINT('',(0.557185968079,5.807754645846E-03));
#1327 = CARTESIAN_POINT('',(0.559656012884,5.612942077782E-03));
#1328 = CARTESIAN_POINT('',(0.562128398204,5.399577537981E-03));
#1329 = CARTESIAN_POINT('',(0.564603001936,5.168563599481E-03));
#1330 = CARTESIAN_POINT('',(0.567079671339,4.921070223339E-03));
#1331 = CARTESIAN_POINT('',(0.569558223039,4.658534758622E-03));
#1332 = CARTESIAN_POINT('',(0.576154366721,3.924791314543E-03));
#1333 = CARTESIAN_POINT('',(0.580274989001,3.429280159067E-03));
#1334 = CARTESIAN_POINT('',(0.58439942379,2.903196125438E-03));
#1335 = CARTESIAN_POINT('',(0.588526854152,2.352368871163E-03));
#1336 = CARTESIAN_POINT('',(0.592656499149,1.781838435384E-03));
#1337 = CARTESIAN_POINT('',(0.596787580703,1.196303612449E-03));
#1338 = CARTESIAN_POINT('',(0.600919290455,6.005703254913E-04));
#1339 = CARTESIAN_POINT('',(0.605050756626,0.));
#1340 = ( GEOMETRIC_REPRESENTATION_CONTEXT(2) 
PARAMETRIC_REPRESENTATION_CONTEXT() REPRESENTATION_CONTEXT('2D SPACE',''
  ) );
#1341 = PCURVE('',#1342,#5126);
#1342 = ( BOUNDED_SURFACE() B_SPLINE_SURFACE(3,7,(
    (#1343,#1344,#1345,#1346,#1347,#1348,#1349,#1350,#1351,#1352,#1353
      ,#1354,#1355)
    ,(#1356,#1357,#1358,#1359,#1360,#1361,#1362,#1363,#1364,#1365,#1366
      ,#1367,#1368)
    ,(#1369,#1370,#1371,#1372,#1373,#1374,#1375,#1376,#1377,#1378,#1379
      ,#1380,#1381)
    ,(#1382,#1383,#1384,#1385,#1386,#1387,#1388,#1389,#1390,#1391,#1392
      ,#1393,#1394)
    ,(#1395,#1396,#1397,#1398,#1399,#1400,#1401,#1402,#1403,#1404,#1405
      ,#1406,#1407)
    ,(#1408,#1409,#1410,#1411,#1412,#1413,#1414,#1415,#1416,#1417,#1418
      ,#1419,#1420)
    ,(#1421,#1422,#1423,#1424,#1425,#1426,#1427,#1428,#1429,#1430,#1431
      ,#1432,#1433)
    ,(#1434,#1435,#1436,#1437,#1438,#1439,#1440,#1441,#1442,#1443,#1444
      ,#1445,#1446)
    ,(#1447,#1448,#1449,#1450,#1451,#1452,#1453,#1454,#1455,#1456,#1457
      ,#1458,#1459)
    ,(#1460,#1461,#1462,#1463,#1464,#1465,#1466,#1467,#1468,#1469,#1470
      ,#1471,#1472)
    ,(#1473,#1474,#1475,#1476,#1477,#1478,#1479,#1480,#1481,#1482,#1483
      ,#1484,#1485)
    ,(#1486,#1487,#1488,#1489,#1490,#1491,#1492,#1493,#1494,#1495,#1496
      ,#1497,#1498)
    ,(#1499,#1500,#1501,#1502,#1503,#1504,#1505,#1506,#1507,#1508,#1509
      ,#1510,#1511)
    ,(#1512,#1513,#1514,#1515,#1516,#1517,#1518,#1519,#1520,#1521,#1522
      ,#1523,#1524)
    ,(#1525,#1526,#1527,#1528,#1529,#1530,#1531,#1532,#1533,#1534,#1535
      ,#1536,#1537)
    ,(#1538,#1539,#1540,#1541,#1542,#1543,#1544,#1545,#1546,#1547,#1548
      ,#1549,#1550)
    ,(#1551,#1552,#1553,#1554,#1555,#1556,#1557,#1558,#1559,#1560,#1561
      ,#1562,#1563)
    ,(#1564,#1565,#1566,#1567,#1568,#1569,#1570,#1571,#1572,#1573,#1574
      ,#1575,#1576)
    ,(#1577,#1578,#1579,#1580,#1581,#1582,#1583,#1584,#1585,#1586,#1587
      ,#1588,#1589)
    ,(#1590,#1591,#1592,#1593,#1594,#1595,#1596,#1597,#1598,#1599,#1600
      ,#1601,#1602)
    ,(#1603,#1604,#1605,#1606,#1607,#1608,#1609,#1610,#1611,#1612,#1613
      ,#1614,#1615)
    ,(#1616,#1617,#1618,#1619,#1620,#1621,#1622,#1623,#1624,#1625,#1626
      ,#1627,#1628)
    ,(#1629,#1630,#1631,#1632,#1633,#1634,#1635,#1636,#1637,#1638,#1639
      ,#1640,#1641)
    ,(#1642,#1643,#1644,#1645,#1646,#1647,#1648,#1649,#1650,#1651,#1652
      ,#1653,#1654)
    ,(#1655,#1656,#1657,#1658,#1659,#1660,#1661,#1662,#1663,#1664,#1665
      ,#1666,#1667)
    ,(#1668,#1669,#1670,#1671,#1672,#1673,#1674,#1675,#1676,#1677,#1678
      ,#1679,#1680)
    ,(#1681,#1682,#1683,#1684,#1685,#1686,#1687,#1688,#1689,#1690,#1691
      ,#1692,#1693)
    ,(#1694,#1695,#1696,#1697,#1698,#1699,#1700,#1701,#1702,#1703,#1704
      ,#1705,#1706)
    ,(#1707,#1708,#1709,#1710,#1711,#1712,#1713,#1714,#1715,#1716,#1717
      ,#1718,#1719)
    ,(#1720,#1721,#1722,#1723,#1724,#1725,#1726,#1727,#1728,#1729,#1730
      ,#1731,#1732)
    ,(#1733,#1734,#1735,#1736,#1737,#1738,#1739,#1740,#1741,#1742,#1743
      ,#1744,#1745)
    ,(#1746,#1747,#1748,#1749,#1750,#1751,#1752,#1753,#1754,#1755,#1756
      ,#1757,#1758)
    ,(#1759,#1760,#1761,#1762,#1763,#1764,#1765,#1766,#1767,#1768,#1769
      ,#1770,#1771)
    ,(#1772,#1773,#1774,#1775,#1776,#1777,#1778,#1779,#1780,#1781,#1782
      ,#1783,#1784)
    ,(#1785,#1786,#1787,#1788,#1789,#1790,#1791,#1792,#1793,#1794,#1795
      ,#1796,#1797)
    ,(#1798,#1799,#1800,#1801,#1802,#1803,#1804,#1805,#1806,#1807,#1808
      ,#1809,#1810)
    ,(#1811,#1812,#1813,#1814,#1815,#1816,#1817,#1818,#1819,#1820,#1821
      ,#1822,#1823)
    ,(#1824,#1825,#1826,#1827,#1828,#1829,#1830,#1831,#1832,#1833,#1834
      ,#1835,#1836)
    ,(#1837,#1838,#1839,#1840,#1841,#1842,#1843,#1844,#1845,#1846,#1847
      ,#1848,#1849)
    ,(#1850,#1851,#1852,#1853,#1854,#1855,#1856,#1857,#1858,#1859,#1860
      ,#1861,#1862)
    ,(#1863,#1864,#1865,#1866,#1867,#1868,#1869,#1870,#1871,#1872,#1873
      ,#1874,#1875)
    ,(#1876,#1877,#1878,#1879,#1880,#1881,#1882,#1883,#1884,#1885,#1886
      ,#1887,#1888)
    ,(#1889,#1890,#1891,#1892,#1893,#1894,#1895,#1896,#1897,#1898,#1899
      ,#1900,#1901)
    ,(#1902,#1903,#1904,#1905,#1906,#1907,#1908,#1909,#1910,#1911,#1912
      ,#1913,#1914)
    ,(#1915,#1916,#1917,#1918,#1919,#1920,#1921,#1922,#1923,#1924,#1925
      ,#1926,#1927)
    ,(#1928,#1929,#1930,#1931,#1932,#1933,#1934,#1935,#1936,#1937,#1938
      ,#1939,#1940)
    ,(#1941,#1942,#1943,#1944,#1945,#1946,#1947,#1948,#1949,#1950,#1951
      ,#1952,#1953)
    ,(#1954,#1955,#1956,#1957,#1958,#1959,#1960,#1961,#1962,#1963,#1964
      ,#1965,#1966)
    ,(#1967,#1968,#1969,#1970,#1971,#1972,#1973,#1974,#1975,#1976,#1977
      ,#1978,#1979)
    ,(#1980,#1981,#1982,#1983,#1984,#1985,#1986,#1987,#1988,#1989,#1990
      ,#1991,#1992)
    ,(#1993,#1994,#1995,#1996,#1997,#1998,#1999,#2000,#2001,#2002,#2003
      ,#2004,#2005)
    ,(#2006,#2007,#2008,#2009,#2010,#2011,#2012,#2013,#2014,#2015,#2016
      ,#2017,#2018)
    ,(#2019,#2020,#2021,#2022,#2023,#2024,#2025,#2026,#2027,#2028,#2029
      ,#2030,#2031)
    ,(#2032,#2033,#2034,#2035,#2036,#2037,#2038,#2039,#2040,#2041,#2042
      ,#2043,#2044)
    ,(#2045,#2046,#2047,#2048,#2049,#2050,#2051,#2052,#2053,#2054,#2055
      ,#2056,#2057)
    ,(#2058,#2059,#2060,#2061,#2062,#2063,#2064,#2065,#2066,#2067,#2068
      ,#2069,#2070)
    ,(#2071,#2072,#2073,#2074,#2075,#2076,#2077,#2078,#2079,#2080,#2081
      ,#2082,#2083)
    ,(#2084,#2085,#2086,#2087,#2088,#2089,#2090,#2091,#2092,#2093,#2094
      ,#2095,#2096)
    ,(#2097,#2098,#2099,#2100,#2101,#2102,#2103,#2104,#2105,#2106,#2107
      ,#2108,#2109)
    ,(#2110,#2111,#2112,#2113,#2114,#2115,#2116,#2117,#2118,#2119,#2120
      ,#2121,#2122)
    ,(#2123,#2124,#2125,#2126,#2127,#2128,#2129,#2130,#2131,#2132,#2133
      ,#2134,#2135)
    ,(#2136,#2137,#2138,#2139,#2140,#2141,#2142,#2143,#2144,#2145,#2146
      ,#2147,#2148)
    ,(#2149,#2150,#2151,#2152,#2153,#2154,#2155,#2156,#2157,#2158,#2159
      ,#2160,#2161)
    ,(#2162,#2163,#2164,#2165,#2166,#2167,#2168,#2169,#2170,#2171,#2172
      ,#2173,#2174)
    ,(#2175,#2176,#2177,#2178,#2179,#2180,#2181,#2182,#2183,#2184,#2185
      ,#2186,#2187)
    ,(#2188,#2189,#2190,#2191,#2192,#2193,#2194,#2195,#2196,#2197,#2198
      ,#2199,#2200)
    ,(#2201,#2202,#2203,#2204,#2205,#2206,#2207,#2208,#2209,#2210,#2211
      ,#2212,#2213)
    ,(#2214,#2215,#2216,#2217,#2218,#2219,#2220,#2221,#2222,#2223,#2224
      ,#2225,#2226)
    ,(#2227,#2228,#2229,#2230,#2231,#2232,#2233,#2234,#2235,#2236,#2237
      ,#2238,#2239)
    ,(#2240,#2241,#2242,#2243,#2244,#2245,#2246,#2247,#2248,#2249,#2250
      ,#2251,#2252)
    ,(#2253,#2254,#2255,#2256,#2257,#2258,#2259,#2260,#2261,#2262,#2263
      ,#2264,#2265)
    ,(#2266,#2267,#2268,#2269,#2270,#2271,#2272,#2273,#2274,#2275,#2276
      ,#2277,#2278)
    ,(#2279,#2280,#2281,#2282,#2283,#2284,#2285,#2286,#2287,#2288,#2289
      ,#2290,#2291)
    ,(#2292,#2293,#2294,#2295,#2296,#2297,#2298,#2299,#2300,#2301,#2302
      ,#2303,#2304)
    ,(#2305,#2306,#2307,#2308,#2309,#2310,#2311,#2312,#2313,#2314,#2315
      ,#2316,#2317)
    ,(#2318,#2319,#2320,#2321,#2322,#2323,#2324,#2325,#2326,#2327,#2328
      ,#2329,#2330)
    ,(#2331,#2332,#2333,#2334,#2335,#2336,#2337,#2338,#2339,#2340,#2341
      ,#2342,#2343)
    ,(#2344,#2345,#2346,#2347,#2348,#2349,#2350,#2351,#2352,#2353,#2354
      ,#2355,#2356)
    ,(#2357,#2358,#2359,#2360,#2361,#2362,#2363,#2364,#2365,#2366,#2367
      ,#2368,#2369)
    ,(#2370,#2371,#2372,#2373,#2374,#2375,#2376,#2377,#2378,#2379,#2380
      ,#2381,#2382)
    ,(#2383,#2384,#2385,#2386,#2387,#2388,#2389,#2390,#2391,#2392,#2393
      ,#2394,#2395)
    ,(#2396,#2397,#2398,#2399,#2400,#2401,#2402,#2403,#2404,#2405,#2406
      ,#2407,#2408)
    ,(#2409,#2410,#2411,#2412,#2413,#2414,#2415,#2416,#2417,#2418,#2419
      ,#2420,#2421)
    ,(#2422,#2423,#2424,#2425,#2426,#2427,#2428,#2429,#2430,#2431,#2432
      ,#2433,#2434)
    ,(#2435,#2436,#2437,#2438,#2439,#2440,#2441,#2442,#2443,#2444,#2445
      ,#2446,#2447)
    ,(#2448,#2449,#2450,#2451,#2452,#2453,#2454,#2455,#2456,#2457,#2458
      ,#2459,#2460)
    ,(#2461,#2462,#2463,#2464,#2465,#2466,#2467,#2468,#2469,#2470,#2471
      ,#2472,#2473)
    ,(#2474,#2475,#2476,#2477,#2478,#2479,#2480,#2481,#2482,#2483,#2484
      ,#2485,#2486)
    ,(#2487,#2488,#2489,#2490,#2491,#2492,#2493,#2494,#2495,#2496,#2497
      ,#2498,#2499)
    ,(#2500,#2501,#2502,#2503,#2504,#2505,#2506,#2507,#2508,#2509,#2510
      ,#2511,#2512)
    ,(#2513,#2514,#2515,#2516,#2517,#2518,#2519,#2520,#2521,#2522,#2523
      ,#2524,#2525)
    ,(#2526,#2527,#2528,#2529,#2530,#2531,#2532,#2533,#2534,#2535,#2536
      ,#2537,#2538)
    ,(#2539,#2540,#2541,#2542,#2543,#2544,#2545,#2546,#2547,#2548,#2549
      ,#2550,#2551)
    ,(#2552,#2553,#2554,#2555,#2556,#2557,#2558,#2559,#2560,#2561,#2562
      ,#2563,#2564)
    ,(#2565,#2566,#2567,#2568,#2569,#2570,#2571,#2572,#2573,#2574,#2575
      ,#2576,#2577)
    ,(#2578,#2579,#2580,#2581,#2582,#2583,#2584,#2585,#2586,#2587,#2588
      ,#2589,#2590)
    ,(#2591,#2592,#2593,#2594,#2595,#2596,#2597,#2598,#2599,#2600,#2601
      ,#2602,#2603)
    ,(#2604,#2605,#2606,#2607,#2608,#2609,#2610,#2611,#2612,#2613,#2614
      ,#2615,#2616)
    ,(#2617,#2618,#2619,#2620,#2621,#2622,#2623,#2624,#2625,#2626,#2627
      ,#2628,#2629)
    ,(#2630,#2631,#2632,#2633,#2634,#2635,#2636,#2637,#2638,#2639,#2640
      ,#2641,#2642)
    ,(#2643,#2644,#2645,#2646,#2647,#2648,#2649,#2650,#2651,#2652,#2653
      ,#2654,#2655)
    ,(#2656,#2657,#2658,#2659,#2660,#2661,#2662,#2663,#2664,#2665,#2666
      ,#2667,#2668)
    ,(#2669,#2670,#2671,#2672,#2673,#2674,#2675,#2676,#2677,#2678,#2679
      ,#2680,#2681)
    ,(#2682,#2683,#2684,#2685,#2686,#2687,#2688,#2689,#2690,#2691,#2692
      ,#2693,#2694)
    ,(#2695,#2696,#2697,#2698,#2699,#2700,#2701,#2702,#2703,#2704,#2705
      ,#2706,#2707)
    ,(#2708,#2709,#2710,#2711,#2712,#2713,#2714,#2715,#2716,#2717,#2718
      ,#2719,#2720)
    ,(#2721,#2722,#2723,#2724,#2725,#2726,#2727,#2728,#2729,#2730,#2731
      ,#2732,#2733)
    ,(#2734,#2735,#2736,#2737,#2738,#2739,#2740,#2741,#2742,#2743,#2744
      ,#2745,#2746)
    ,(#2747,#2748,#2749,#2750,#2751,#2752,#2753,#2754,#2755,#2756,#2757
      ,#2758,#2759)
    ,(#2760,#2761,#2762,#2763,#2764,#2765,#2766,#2767,#2768,#2769,#2770
      ,#2771,#2772)
    ,(#2773,#2774,#2775,#2776,#2777,#2778,#2779,#2780,#2781,#2782,#2783
      ,#2784,#2785)
    ,(#2786,#2787,#2788,#2789,#2790,#2791,#2792,#2793,#2794,#2795,#2796
      ,#2797,#2798)
    ,(#2799,#2800,#2801,#2802,#2803,#2804,#2805,#2806,#2807,#2808,#2809
      ,#2810,#2811)
    ,(#2812,#2813,#2814,#2815,#2816,#2817,#2818,#2819,#2820,#2821,#2822
      ,#2823,#2824)
    ,(#2825,#2826,#2827,#2828,#2829,#2830,#2831,#2832,#2833,#2834,#2835
      ,#2836,#2837)
    ,(#2838,#2839,#2840,#2841,#2842,#2843,#2844,#2845,#2846,#2847,#2848
      ,#2849,#2850)
    ,(#2851,#2852,#2853,#2854,#2855,#2856,#2857,#2858,#2859,#2860,#2861
      ,#2862,#2863)
    ,(#2864,#2865,#2866,#2867,#2868,#2869,#2870,#2871,#2872,#2873,#2874
      ,#2875,#2876)
    ,(#2877,#2878,#2879,#2880,#2881,#2882,#2883,#2884,#2885,#2886,#2887
      ,#2888,#2889)
    ,(#2890,#2891,#2892,#2893,#2894,#2895,#2896,#2897,#2898,#2899,#2900
      ,#2901,#2902)
    ,(#2903,#2904,#2905,#2906,#2907,#2908,#2909,#2910,#2911,#2912,#2913
      ,#2914,#2915)
    ,(#2916,#2917,#2918,#2919,#2920,#2921,#2922,#2923,#2924,#2925,#2926
      ,#2927,#2928)
    ,(#2929,#2930,#2931,#2932,#2933,#2934,#2935,#2936,#2937,#2938,#2939
      ,#2940,#2941)
    ,(#2942,#2943,#2944,#2945,#2946,#2947,#2948,#2949,#2950,#2951,#2952
      ,#2953,#2954)
    ,(#2955,#2956,#2957,#2958,#2959,#2960,#2961,#2962,#2963,#2964,#2965
      ,#2966,#2967)
    ,(#2968,#2969,#2970,#2971,#2972,#2973,#2974,#2975,#2976,#2977,#2978
      ,#2979,#2980)
    ,(#2981,#2982,#2983,#2984,#2985,#2986,#2987,#2988,#2989,#2990,#2991
      ,#2992,#2993)
    ,(#2994,#2995,#2996,#2997,#2998,#2999,#3000,#3001,#3002,#3003,#3004
      ,#3005,#3006)
    ,(#3007,#3008,#3009,#3010,#3011,#3012,#3013,#3014,#3015,#3016,#3017
      ,#3018,#3019)
    ,(#3020,#3021,#3022,#3023,#3024,#3025,#3026,#3027,#3028,#3029,#3030
      ,#3031,#3032)
    ,(#3033,#3034,#3035,#3036,#3037,#3038,#3039,#3040,#3041,#3042,#3043
      ,#3044,#3045)
    ,(#3046,#3047,#3048,#3049,#3050,#3051,#3052,#3053,#3054,#3055,#3056
      ,#3057,#3058)
    ,(#3059,#3060,#3061,#3062,#3063,#3064,#3065,#3066,#3067,#3068,#3069
      ,#3070,#3071)
    ,(#3072,#3073,#3074,#3075,#3076,#3077,#3078,#3079,#3080,#3081,#3082
      ,#3083,#3084)
    ,(#3085,#3086,#3087,#3088,#3089,#3090,#3091,#3092,#3093,#3094,#3095
      ,#3096,#3097)
    ,(#3098,#3099,#3100,#3101,#3102,#3103,#3104,#3105,#3106,#3107,#3108
      ,#3109,#3110)
    ,(#3111,#3112,#3113,#3114,#3115,#3116,#3117,#3118,#3119,#3120,#3121
      ,#3122,#3123)
    ,(#3124,#3125,#3126,#3127,#3128,#3129,#3130,#3131,#3132,#3133,#3134
      ,#3135,#3136)
    ,(#3137,#3138,#3139,#3140,#3141,#3142,#3143,#3144,#3145,#3146,#3147
      ,#3148,#3149)
    ,(#3150,#3151,#3152,#3153,#3154,#3155,#3156,#3157,#3158,#3159,#3160
      ,#3161,#3162)
    ,(#3163,#3164,#3165,#3166,#3167,#3168,#3169,#3170,#3171,#3172,#3173
      ,#3174,#3175)
    ,(#3176,#3177,#3178,#3179,#3180,#3181,#3182,#3183,#3184,#3185,#3186
      ,#3187,#3188)
    ,(#3189,#3190,#3191,#3192,#3193,#3194,#3195,#3196,#3197,#3198,#3199
      ,#3200,#3201)
    ,(#3202,#3203,#3204,#3205,#3206,#3207,#3208,#3209,#3210,#3211,#3212
      ,#3213,#3214)
    ,(#3215,#3216,#3217,#3218,#3219,#3220,#3221,#3222,#3223,#3224,#3225
      ,#3226,#3227)
    ,(#3228,#3229,#3230,#3231,#3232,#3233,#3234,#3235,#3236,#3237,#3238
      ,#3239,#3240)
    ,(#3241,#3242,#3243,#3244,#3245,#3246,#3247,#3248,#3249,#3250,#3251
      ,#3252,#3253)
    ,(#3254,#3255,#3256,#3257,#3258,#3259,#3260,#3261,#3262,#3263,#3264
      ,#3265,#3266)
    ,(#3267,#3268,#3269,#3270,#3271,#3272,#3273,#3274,#3275,#3276,#3277
      ,#3278,#3279)
    ,(#3280,#3281,#3282,#3283,#3284,#3285,#3286,#3287,#3288,#3289,#3290
      ,#3291,#3292)
    ,(#3293,#3294,#3295,#3296,#3297,#3298,#3299,#3300,#3301,#3302,#3303
      ,#3304,#3305)
    ,(#3306,#3307,#3308,#3309,#3310,#3311,#3312,#3313,#3314,#3315,#3316
      ,#3317,#3318)
    ,(#3319,#3320,#3321,#3322,#3323,#3324,#3325,#3326,#3327,#3328,#3329
      ,#3330,#3331)
    ,(#3332,#3333,#3334,#3335,#3336,#3337,#3338,#3339,#3340,#3341,#3342
      ,#3343,#3344)
    ,(#3345,#3346,#3347,#3348,#3349,#3350,#3351,#3352,#3353,#3354,#3355
      ,#3356,#3357)
    ,(#3358,#3359,#3360,#3361,#3362,#3363,#3364,#3365,#3366,#3367,#3368
      ,#3369,#3370)
    ,(#3371,#3372,#3373,#3374,#3375,#3376,#3377,#3378,#3379,#3380,#3381
      ,#3382,#3383)
    ,(#3384,#3385,#3386,#3387,#3388,#3389,#3390,#3391,#3392,#3393,#3394
      ,#3395,#3396)
    ,(#3397,#3398,#3399,#3400,#3401,#3402,#3403,#3404,#3405,#3406,#3407
      ,#3408,#3409)
    ,(#3410,#3411,#3412,#3413,#3414,#3415,#3416,#3417,#3418,#3419,#3420
      ,#3421,#3422)
    ,(#3423,#3424,#3425,#3426,#3427,#3428,#3429,#3430,#3431,#3432,#3433
      ,#3434,#3435)
    ,(#3436,#3437,#3438,#3439,#3440,#3441,#3442,#3443,#3444,#3445,#3446
      ,#3447,#3448)
    ,(#3449,#3450,#3451,#3452,#3453,#3454,#3455,#3456,#3457,#3458,#3459
      ,#3460,#3461)
    ,(#3462,#3463,#3464,#3465,#3466,#3467,#3468,#3469,#3470,#3471,#3472
      ,#3473,#3474)
    ,(#3475,#3476,#3477,#3478,#3479,#3480,#3481,#3482,#3483,#3484,#3485
      ,#3486,#3487)
    ,(#3488,#3489,#3490,#3491,#3492,#3493,#3494,#3495,#3496,#3497,#3498
      ,#3499,#3500)
    ,(#3501,#3502,#3503,#3504,#3505,#3506,#3507,#3508,#3509,#3510,#3511
      ,#3512,#3513)
    ,(#3514,#3515,#3516,#3517,#3518,#3519,#3520,#3521,#3522,#3523,#3524
      ,#3525,#3526)
    ,(#3527,#3528,#3529,#3530,#3531,#3532,#3533,#3534,#3535,#3536,#3537
      ,#3538,#3539)
    ,(#3540,#3541,#3542,#3543,#3544,#3545,#3546,#3547,#3548,#3549,#3550
      ,#3551,#3552)
    ,(#3553,#3554,#3555,#3556,#3557,#3558,#3559,#3560,#3561,#3562,#3563
      ,#3564,#3565)
    ,(#3566,#3567,#3568,#3569,#3570,#3571,#3572,#3573,#3574,#3575,#3576
      ,#3577,#3578)
    ,(#3579,#3580,#3581,#3582,#3583,#3584,#3585,#3586,#3587,#3588,#3589
      ,#3590,#3591)
    ,(#3592,#3593,#3594,#3595,#3596,#3597,#3598,#3599,#3600,#3601,#3602
      ,#3603,#3604)
    ,(#3605,#3606,#3607,#3608,#3609,#3610,#3611,#3612,#3613,#3614,#3615
      ,#3616,#3617)
    ,(#3618,#3619,#3620,#3621,#3622,#3623,#3624,#3625,#3626,#3627,#3628
      ,#3629,#3630)
    ,(#3631,#3632,#3633,#3634,#3635,#3636,#3637,#3638,#3639,#3640,#3641
      ,#3642,#3643)
    ,(#3644,#3645,#3646,#3647,#3648,#3649,#3650,#3651,#3652,#3653,#3654
      ,#3655,#3656)
    ,(#3657,#3658,#3659,#3660,#3661,#3662,#3663,#3664,#3665,#3666,#3667
      ,#3668,#3669)
    ,(#3670,#3671,#3672,#3673,#3674,#3675,#3676,#3677,#3678,#3679,#3680
      ,#3681,#3682)
    ,(#3683,#3684,#3685,#3686,#3687,#3688,#3689,#3690,#3691,#3692,#3693
      ,#3694,#3695)
    ,(#3696,#3697,#3698,#3699,#3700,#3701,#3702,#3703,#3704,#3705,#3706
      ,#3707,#3708)
    ,(#3709,#3710,#3711,#3712,#3713,#3714,#3715,#3716,#3717,#3718,#3719
      ,#3720,#3721)
    ,(#3722,#3723,#3724,#3725,#3726,#3727,#3728,#3729,#3730,#3731,#3732
      ,#3733,#3734)
    ,(#3735,#3736,#3737,#3738,#3739,#3740,#3741,#3742,#3743,#3744,#3745
      ,#3746,#3747)
    ,(#3748,#3749,#3750,#3751,#3752,#3753,#3754,#3755,#3756,#3757,#3758
      ,#3759,#3760)
    ,(#3761,#3762,#3763,#3764,#3765,#3766,#3767,#3768,#3769,#3770,#3771
      ,#3772,#3773)
    ,(#3774,#3775,#3776,#3777,#3778,#3779,#3780,#3781,#3782,#3783,#3784
      ,#3785,#3786)
    ,(#3787,#3788,#3789,#3790,#3791,#3792,#3793,#3794,#3795,#3796,#3797
      ,#3798,#3799)
    ,(#3800,#3801,#3802,#3803,#3804,#3805,#3806,#3807,#3808,#3809,#3810
      ,#3811,#3812)
    ,(#3813,#3814,#3815,#3816,#3817,#3818,#3819,#3820,#3821,#3822,#3823
      ,#3824,#3825)
    ,(#3826,#3827,#3828,#3829,#3830,#3831,#3832,#3833,#3834,#3835,#3836
      ,#3837,#3838)
    ,(#3839,#3840,#3841,#3842,#3843,#3844,#3845,#3846,#3847,#3848,#3849
      ,#3850,#3851)
    ,(#3852,#3853,#3854,#3855,#3856,#3857,#3858,#3859,#3860,#3861,#3862
      ,#3863,#3864)
    ,(#3865,#3866,#3867,#3868,#3869,#3870,#3871,#3872,#3873,#3874,#3875
      ,#3876,#3877)
    ,(#3878,#3879,#3880,#3881,#3882,#3883,#3884,#3885,#3886,#3887,#3888
      ,#3889,#3890)
    ,(#3891,#3892,#3893,#3894,#3895,#3896,#3897,#3898,#3899,#3900,#3901
      ,#3902,#3903)
    ,(#3904,#3905,#3906,#3907,#3908,#3909,#3910,#3911,#3912,#3913,#3914
      ,#3915,#3916)
    ,(#3917,#3918,#3919,#3920,#3921,#3922,#3923,#3924,#3925,#3926,#3927
      ,#3928,#3929)
    ,(#3930,#3931,#3932,#3933,#3934,#3935,#3936,#3937,#3938,#3939,#3940
      ,#3941,#3942)
    ,(#3943,#3944,#3945,#3946,#3947,#3948,#3949,#3950,#3951,#3952,#3953
      ,#3954,#3955)
    ,(#3956,#3957,#3958,#3959,#3960,#3961,#3962,#3963,#3964,#3965,#3966
      ,#3967,#3968)
    ,(#3969,#3970,#3971,#3972,#3973,#3974,#3975,#3976,#3977,#3978,#3979
      ,#3980,#3981)
    ,(#3982,#3983,#3984,#3985,#3986,#3987,#3988,#3989,#3990,#3991,#3992
      ,#3993,#3994)
    ,(#3995,#3996,#3997,#3998,#3999,#4000,#4001,#4002,#4003,#4004,#4005
      ,#4006,#4007)
    ,(#4008,#4009,#4010,#4011,#4012,#4013,#4014,#4015,#4016,#4017,#4018
      ,#4019,#4020)
    ,(#4021,#4022,#4023,#4024,#4025,#4026,#4027,#4028,#4029,#4030,#4031
      ,#4032,#4033)
    ,(#4034,#4035,#4036,#4037,#4038,#4039,#4040,#4041,#4042,#4043,#4044
      ,#4045,#4046)
    ,(#4047,#4048,#4049,#4050,#4051,#4052,#4053,#4054,#4055,#4056,#4057
      ,#4058,#4059)
    ,(#4060,#4061,#4062,#4063,#4064,#4065,#4066,#4067,#4068,#4069,#4070
      ,#4071,#4072)
    ,(#4073,#4074,#4075,#4076,#4077,#4078,#4079,#4080,#4081,#4082,#4083
      ,#4084,#4085)
    ,(#4086,#4087,#4088,#4089,#4090,#4091,#4092,#4093,#4094,#4095,#4096
      ,#4097,#4098)
    ,(#4099,#4100,#4101,#4102,#4103,#4104,#4105,#4106,#4107,#4108,#4109
      ,#4110,#4111)
    ,(#4112,#4113,#4114,#4115,#4116,#4117,#4118,#4119,#4120,#4121,#4122
      ,#4123,#4124)
    ,(#4125,#4126,#4127,#4128,#4129,#4130,#4131,#4132,#4133,#4134,#4135
      ,#4136,#4137)
    ,(#4138,#4139,#4140,#4141,#4142,#4143,#4144,#4145,#4146,#4147,#4148
      ,#4149,#4150)
    ,(#4151,#4152,#4153,#4154,#4155,#4156,#4157,#4158,#4159,#4160,#4161
      ,#4162,#4163)
    ,(#4164,#4165,#4166,#4167,#4168,#4169,#4170,#4171,#4172,#4173,#4174
      ,#4175,#4176)
    ,(#4177,#4178,#4179,#4180,#4181,#4182,#4183,#4184,#4185,#4186,#4187
      ,#4188,#4189)
    ,(#4190,#4191,#4192,#4193,#4194,#4195,#4196,#4197,#4198,#4199,#4200
      ,#4201,#4202)
    ,(#4203,#4204,#4205,#4206,#4207,#4208,#4209,#4210,#4211,#4212,#4213
      ,#4214,#4215)
    ,(#4216,#4217,#4218,#4219,#4220,#4221,#4222,#4223,#4224,#4225,#4226
      ,#4227,#4228)
    ,(#4229,#4230,#4231,#4232,#4233,#4234,#4235,#4236,#4237,#4238,#4239
      ,#4240,#4241)
    ,(#4242,#4243,#4244,#4245,#4246,#4247,#4248,#4249,#4250,#4251,#4252
      ,#4253,#4254)
    ,(#4255,#4256,#4257,#4258,#4259,#4260,#4261,#4262,#4263,#4264,#4265
      ,#4266,#4267)
    ,(#4268,#4269,#4270,#4271,#4272,#4273,#4274,#4275,#4276,#4277,#4278
      ,#4279,#4280)
    ,(#4281,#4282,#4283,#4284,#4285,#4286,#4287,#4288,#4289,#4290,#4291
      ,#4292,#4293)
    ,(#4294,#4295,#4296,#4297,#4298,#4299,#4300,#4301,#4302,#4303,#4304
      ,#4305,#4306)
    ,(#4307,#4308,#4309,#4310,#4311,#4312,#4313,#4314,#4315,#4316,#4317
      ,#4318,#4319)
    ,(#4320,#4321,#4322,#4323,#4324,#4325,#4326,#4327,#4328,#4329,#4330
      ,#4331,#4332)
    ,(#4333,#4334,#4335,#4336,#4337,#4338,#4339,#4340,#4341,#4342,#4343
      ,#4344,#4345)
    ,(#4346,#4347,#4348,#4349,#4350,#4351,#4352,#4353,#4354,#4355,#4356
      ,#4357,#4358)
    ,(#4359,#4360,#4361,#4362,#4363,#4364,#4365,#4366,#4367,#4368,#4369
      ,#4370,#4371)
    ,(#4372,#4373,#4374,#4375,#4376,#4377,#4378,#4379,#4380,#4381,#4382
      ,#4383,#4384)
    ,(#4385,#4386,#4387,#4388,#4389,#4390,#4391,#4392,#4393,#4394,#4395
      ,#4396,#4397)
    ,(#4398,#4399,#4400,#4401,#4402,#4403,#4404,#4405,#4406,#4407,#4408
      ,#4409,#4410)
    ,(#4411,#4412,#4413,#4414,#4415,#4416,#4417,#4418,#4419,#4420,#4421
      ,#4422,#4423)
    ,(#4424,#4425,#4426,#4427,#4428,#4429,#4430,#4431,#4432,#4433,#4434
      ,#4435,#4436)
    ,(#4437,#4438,#4439,#4440,#4441,#4442,#4443,#4444,#4445,#4446,#4447
      ,#4448,#4449)
    ,(#4450,#4451,#4452,#4453,#4454,#4455,#4456,#4457,#4458,#4459,#4460
      ,#4461,#4462)
    ,(#4463,#4464,#4465,#4466,#4467,#4468,#4469,#4470,#4471,#4472,#4473
      ,#4474,#4475)
    ,(#4476,#4477,#4478,#4479,#4480,#4481,#4482,#4483,#4484,#4485,#4486
      ,#4487,#4488)
    ,(#4489,#4490,#4491,#4492,#4493,#4494,#4495,#4496,#4497,#4498,#4499
      ,#4500,#4501)
    ,(#4502,#4503,#4504,#4505,#4506,#4507,#4508,#4509,#4510,#4511,#4512
      ,#4513,#4514)
    ,(#4515,#4516,#4517,#4518,#4519,#4520,#4521,#4522,#4523,#4524,#4525
      ,#4526,#4527)
    ,(#4528,#4529,#4530,#4531,#4532,#4533,#4534,#4535,#4536,#4537,#4538
      ,#4539,#4540)
    ,(#4541,#4542,#4543,#4544,#4545,#4546,#4547,#4548,#4549,#4550,#4551
      ,#4552,#4553)
    ,(#4554,#4555,#4556,#4557,#4558,#4559,#4560,#4561,#4562,#4563,#4564
      ,#4565,#4566)
    ,(#4567,#4568,#4569,#4570,#4571,#4572,#4573,#4574,#4575,#4576,#4577
      ,#4578,#4579)
    ,(#4580,#4581,#4582,#4583,#4584,#4585,#4586,#4587,#4588,#4589,#4590
      ,#4591,#4592)
    ,(#4593,#4594,#4595,#4596,#4597,#4598,#4599,#4600,#4601,#4602,#4603
      ,#4604,#4605)
    ,(#4606,#4607,#4608,#4609,#4610,#4611,#4612,#4613,#4614,#4615,#4616
      ,#4617,#4618)
    ,(#4619,#4620,#4621,#4622,#4623,#4624,#4625,#4626,#4627,#4628,#4629
      ,#4630,#4631)
    ,(#4632,#4633,#4634,#4635,#4636,#4637,#4638,#4639,#4640,#4641,#4642
      ,#4643,#4644)
    ,(#4645,#4646,#4647,#4648,#4649,#4650,#4651,#4652,#4653,#4654,#4655
      ,#4656,#4657)
    ,(#4658,#4659,#4660,#4661,#4662,#4663,#4664,#4665,#4666,#4667,#4668
      ,#4669,#4670)
    ,(#4671,#4672,#4673,#4674,#4675,#4676,#4677,#4678,#4679,#4680,#4681
      ,#4682,#4683)
    ,(#4684,#4685,#4686,#4687,#4688,#4689,#4690,#4691,#4692,#4693,#4694
      ,#4695,#4696)
    ,(#4697,#4698,#4699,#4700,#4701,#4702,#4703,#4704,#4705,#4706,#4707
      ,#4708,#4709)
    ,(#4710,#4711,#4712,#4713,#4714,#4715,#4716,#4717,#4718,#4719,#4720
      ,#4721,#4722)
    ,(#4723,#4724,#4725,#4726,#4727,#4728,#4729,#4730,#4731,#4732,#4733
      ,#4734,#4735)
    ,(#4736,#4737,#4738,#4739,#4740,#4741,#4742,#4743,#4744,#4745,#4746
      ,#4747,#4748)
    ,(#4749,#4750,#4751,#4752,#4753,#4754,#4755,#4756,#4757,#4758,#4759
      ,#4760,#4761)
    ,(#4762,#4763,#4764,#4765,#4766,#4767,#4768,#4769,#4770,#4771,#4772
      ,#4773,#4774)
    ,(#4775,#4776,#4777,#4778,#4779,#4780,#4781,#4782,#4783,#4784,#4785
      ,#4786,#4787)
    ,(#4788,#4789,#4790,#4791,#4792,#4793,#4794,#4795,#4796,#4797,#4798
      ,#4799,#4800)
    ,(#4801,#4802,#4803,#4804,#4805,#4806,#4807,#4808,#4809,#4810,#4811
      ,#4812,#4813)
    ,(#4814,#4815,#4816,#4817,#4818,#4819,#4820,#4821,#4822,#4823,#4824
      ,#4825,#4826)
    ,(#4827,#4828,#4829,#4830,#4831,#4832,#4833,#4834,#4835,#4836,#4837
      ,#4838,#4839)
    ,(#4840,#4841,#4842,#4843,#4844,#4845,#4846,#4847,#4848,#4849,#4850
      ,#4851,#4852)
    ,(#4853,#4854,#4855,#4856,#4857,#4858,#4859,#4860,#4861,#4862,#4863
      ,#4864,#4865)
    ,(#4866,#4867,#4868,#4869,#4870,#4871,#4872,#4873,#4874,#4875,#4876
      ,#4877,#4878)
    ,(#4879,#4880,#4881,#4882,#4883,#4884,#4885,#4886,#4887,#4888,#4889
      ,#4890,#4891)
    ,(#4892,#4893,#4894,#4895,#4896,#4897,#4898,#4899,#4900,#4901,#4902
      ,#4903,#4904)
    ,(#4905,#4906,#4907,#4908,#4909,#4910,#4911,#4912,#4913,#4914,#4915
      ,#4916,#4917)
    ,(#4918,#4919,#4920,#4921,#4922,#4923,#4924,#4925,#4926,#4927,#4928
      ,#4929,#4930)
    ,(#4931,#4932,#4933,#4934,#4935,#4936,#4937,#4938,#4939,#4940,#4941
      ,#4942,#4943)
    ,(#4944,#4945,#4946,#4947,#4948,#4949,#4950,#4951,#4952,#4953,#4954
      ,#4955,#4956)
    ,(#4957,#4958,#4959,#4960,#4961,#4962,#4963,#4964,#4965,#4966,#4967
      ,#4968,#4969)
    ,(#4970,#4971,#4972,#4973,#4974,#4975,#4976,#4977,#4978,#4979,#4980
      ,#4981,#4982)
    ,(#4983,#4984,#4985,#4986,#4987,#4988,#4989,#4990,#4991,#4992,#4993
      ,#4994,#4995)
    ,(#4996,#4997,#4998,#4999,#5000,#5001,#5002,#5003,#5004,#5005,#5006
      ,#5007,#5008)
    ,(#5009,#5010,#5011,#5012,#5013,#5014,#5015,#5016,#5017,#5018,#5019
      ,#5020,#5021)
    ,(#5022,#5023,#5024,#5025,#5026,#5027,#5028,#5029,#5030,#5031,#5032
      ,#5033,#5034)
    ,(#5035,#5036,#5037,#5038,#5039,#5040,#5041,#5042,#5043,#5044,#5045
      ,#5046,#5047)
    ,(#5048,#5049,#5050,#5051,#5052,#5053,#5054,#5055,#5056,#5057,#5058
      ,#5059,#5060)
    ,(#5061,#5062,#5063,#5064,#5065,#5066,#5067,#5068,#5069,#5070,#5071
      ,#5072,#5073)
    ,(#5074,#5075,#5076,#5077,#5078,#5079,#5080,#5081,#5082,#5083,#5084
      ,#5085,#5086)
    ,(#5087,#5088,#5089,#5090,#5091,#5092,#5093,#5094,#5095,#5096,#5097
      ,#5098,#5099)
    ,(#5100,#5101,#5102,#5103,#5104,#5105,#5106,#5107,#5108,#5109,#5110
      ,#5111,#5112)
    ,(#5113,#5114,#5115,#5116,#5117,#5118,#5119,#5120,#5121,#5122,#5123
      ,#5124,#5125
)),.UNSPECIFIED.,.T.,.F.,.F.) B_SPLINE_SURFACE_WITH_KNOTS((4,1,1,1,1,1,1
    ,1,1,1,1,1,1,1,1,1,1,1,1,1,1,1,1,1,1,1,1,1,1,1,1,1,1,1,1,1,1,1,1,1,1
    ,1,1,1,1,1,1,1,1,1,1,1,1,1,1,1,1,1,1,1,1,1,1,1,1,1,1,1,1,1,1,1,1,1,1
    ,1,1,1,1,1,1,1,1,1,1,1,1,1,1,1,1,1,1,1,1,1,1,1,1,1,1,1,1,1,1,1,1,1,1
    ,1,1,1,1,1,1,1,1,1,1,1,1,1,1,1,1,1,1,1,1,1,1,1,1,1,1,1,1,1,1,1,1,1,1
    ,1,1,1,1,1,1,1,1,1,1,1,1,1,1,1,1,1,1,1,1,1,1,1,1,1,1,1,1,1,1,1,1,1,1
    ,1,1,1,1,1,1,1,1,1,1,1,1,1,1,1,1,1,1,1,1,1,1,1,1,1,1,1,1,1,1,1,1,1,1
    ,1,1,1,1,1,1,1,1,1,1,1,1,1,1,1,1,1,1,1,1,1,1,1,1,1,1,1,1,1,1,1,1,1,1
    ,1,1,1,1,1,1,1,1,1,1,1,1,1,1,1,1,1,1,1,1,1,1,1,1,1,1,1,1,1,1,1,1,1,1
    ,1,1,1,1,1,1,1,1,1,4),(8,5,8),(0.,2.067441813473E-02,
    2.196411759156E-02,2.208553914064E-02,2.247081458268E-02,
    2.282025262967E-02,2.296205185465E-02,2.615547726568E-02,
    2.687700818417E-02,2.752288941684E-02,2.80037462266E-02,
    2.801063413836E-02,2.938017408259E-02,2.993564295839E-02,
    4.481413536648E-02,4.692807157525E-02,5.083742270278E-02,
    6.129946072256E-02,7.759132093996E-02,7.860973957631E-02,
    8.032811107759E-02,8.328892121849E-02,9.040276363107E-02,
    9.194958173924E-02,0.101169765859,0.106405725751,0.109225093088,
    0.116008119079,0.117317011143,0.121386330596,0.121910455237,
    0.124814744578,0.125212015956,0.126651197657,0.126889176154,
    0.128042453224,0.129648204812,0.133306859635,0.135735468906,
    0.138977532677,0.14234554185,0.143373393603,0.144578892694,
    0.14491119012,0.147569161194,0.155765605926,0.163053243084,
    0.167709383272,0.171538522726,0.171790980674,0.172813390004,
    0.173052867497,0.174783483614,0.199187130203,0.199308331021,
    0.199613966443,0.201414299656,0.20931431436,0.213438497502,
    0.215165135968,0.215265383563,0.215327994039,0.21765802483,
    0.219313168729,0.22101115267,0.221898618629,0.257477899629,
    0.257516881932,0.259117465353,0.267093130406,0.268726055594,
    0.269013753645,0.270231324666,0.270921465201,0.271059467526,
    0.271111389077,0.271185479662,0.271727485888,0.272261092969,
    0.299690415694,0.299868627896,0.302906936667,0.316128888661,
    0.319457062887,0.322525250658,0.326864161109,0.328784280653,
    0.332771961156,0.332804620691,0.333460428547,0.333750024667,
    0.337938513718,0.338264980985,0.342756992882,0.344146640755,
    0.353821456958,0.358788218585,0.358833473039,0.35916135263,
    0.363808279023,0.364227352043,0.37054661562,0.374922593913,
    0.375673650377,0.376102476361,0.381809451833,0.382200743224,
    0.382961114148,0.385315025756,0.389224069388,0.393896121297,
    0.395627710886,0.400014203457,0.402081964648,0.404699503005,
    0.407634803306,0.408119266649,0.411023964268,0.413260373028,
    0.420553017675,0.425257253929,0.425429769265,0.432835618029,
    0.436138129867,0.441044700363,0.441857388785,0.442980242524,
    0.445533457568,0.448374638111,0.449250629604,0.452314087978,
    0.456792197368,0.459202839683,0.464189660632,0.465756247334,
    0.465987431149,0.466205151988,0.467395382224,0.469823628885,
    0.471840899476,0.474501119515,0.478215426014,0.487390903627,
    0.489587442506,0.5,0.510412557494,0.512609096373,0.521784573986,
    0.525498880485,0.528159100524,0.530176371115,0.532604617776,
    0.533794848012,0.534012568851,0.534243752666,0.535810339368,
    0.540797160317,0.543207802632,0.547685912022,0.550749370396,
    0.551625361889,0.554466542432,0.557019757476,0.558142611215,
    0.558955299637,0.563861870133,0.567164381971,0.574570230735,
    0.574742746071,0.579446982325,0.586739626972,0.588976035732,
    0.591880733351,0.592365196694,0.595300496995,0.597918035352,
    0.599985796543,0.604372289114,0.606103878703,0.610775930612,
    0.614684974244,0.617038885852,0.617799256776,0.618190548167,
    0.623897523639,0.624326349623,0.625077406087,0.62945338438,
    0.635772647957,0.636191720977,0.64083864737,0.641166526961,
    0.641211781415,0.646178543042,0.655853359245,0.657243007118,
    0.661735019015,0.662061486282,0.666249975333,0.666539571453,
    0.667195379309,0.667228038844,0.671215719347,0.673135838891,
    0.677474749342,0.680542937113,0.683871111339,0.697093063333,
    0.700131372104,0.700309584306,0.727738907031,0.728272514112,
    0.728814520338,0.728888610923,0.728940532474,0.729078534799,
    0.729768675334,0.730986246355,0.731273944406,0.732906869594,
    0.740882534647,0.742483118068,0.742522100371,0.778101381371,
    0.77898884733,0.780686831271,0.78234197517,0.784672005961,
    0.784734616437,0.784834864032,0.786561502498,0.79068568564,
    0.798585700344,0.800386033557,0.800691668979,0.800812869797,
    0.825216516386,0.826947132503,0.827186609996,0.828209019326,
    0.828461477274,0.832290616728,0.836946756916,0.844234394074,
    0.852430838806,0.85508880988,0.855421107306,0.856626606397,
    0.85765445815,0.861022467323,0.864264531094,0.866693140365,
    0.870351795188,0.871957546776,0.873110823846,0.873348802343,
    0.874787984044,0.875185255422,0.878089544763,0.878613669404,
    0.882682988857,0.883991880921,0.890774906912,0.893594274249,
    0.898830234141,0.908050418261,0.909597236369,0.916711078782,
    0.919671888922,0.921390260424,0.92240867906,0.938700539277,
    0.949162577297,0.953071928425,0.955185864634,0.970064357042,
    0.970619825917,0.971989365862,0.971996253773,0.972477110583,
    0.973122991816,0.973844522734,0.977037948145,0.97717974737,
    0.977529185417,0.977914460859,0.978035882408,0.979325581865,1.),(0.,
0.593791034576,1.),.UNSPECIFIED.) GEOMETRIC_REPRESENTATION_ITEM() 
RATIONAL_B_SPLINE_SURFACE((
    (1.,1.,1.,1.,1.,1.,1.,1.,1.,1.,1.,1.,1.)
    ,(1.,1.,1.,1.,1.,1.,1.,1.,1.,1.,1.,1.,1.)
    ,(1.,1.,1.,1.,1.,1.,1.,1.,1.,1.,1.,1.,1.)
    ,(1.,1.,1.,1.,1.,1.,1.,1.,1.,1.,1.,1.,1.)
    ,(1.,1.,1.,1.,1.,1.,1.,1.,1.,1.,1.,1.,1.)
    ,(1.,1.,1.,1.,1.,1.,1.,1.,1.,1.,1.,1.,1.)
    ,(1.,1.,1.,1.,1.,1.,1.,1.,1.,1.,1.,1.,1.)
    ,(1.,1.,1.,1.,1.,1.,1.,1.,1.,1.,1.,1.,1.)
    ,(1.,1.,1.,1.,1.,1.,1.,1.,1.,1.,1.,1.,1.)
    ,(1.,1.,1.,1.,1.,1.,1.,1.,1.,1.,1.,1.,1.)
    ,(1.,1.,1.,1.,1.,1.,1.,1.,1.,1.,1.,1.,1.)
    ,(1.,1.,1.,1.,1.,1.,1.,1.,1.,1.,1.,1.,1.)
    ,(1.,1.,1.,1.,1.,1.,1.,1.,1.,1.,1.,1.,1.)
    ,(1.,1.,1.,1.,1.,1.,1.,1.,1.,1.,1.,1.,1.)
    ,(1.,1.,1.,1.,1.,1.,1.,1.,1.,1.,1.,1.,1.)
    ,(1.,1.,1.,1.,1.,1.,1.,1.,1.,1.,1.,1.,1.)
    ,(1.,1.,1.,1.,1.,1.,1.,1.,1.,1.,1.,1.,1.)
    ,(1.,1.,1.,1.,1.,1.,1.,1.,1.,1.,1.,1.,1.)
    ,(1.,1.,1.,1.,1.,1.,1.,1.,1.,1.,1.,1.,1.)
    ,(1.,1.,1.,1.,1.,1.,1.,1.,1.,1.,1.,1.,1.)
    ,(1.,1.,1.,1.,1.,1.,1.,1.,1.,1.,1.,1.,1.)
    ,(1.,1.,1.,1.,1.,1.,1.,1.,1.,1.,1.,1.,1.)
    ,(1.,1.,1.,1.,1.,1.,1.,1.,1.,1.,1.,1.,1.)
    ,(1.,1.,1.,1.,1.,1.,1.,1.,1.,1.,1.,1.,1.)
    ,(1.,1.,1.,1.,1.,1.,1.,1.,1.,1.,1.,1.,1.)
    ,(1.,1.,1.,1.,1.,1.,1.,1.,1.,1.,1.,1.,1.)
    ,(1.,1.,1.,1.,1.,1.,1.,1.,1.,1.,1.,1.,1.)
    ,(1.,1.,1.,1.,1.,1.,1.,1.,1.,1.,1.,1.,1.)
    ,(1.,1.,1.,1.,1.,1.,1.,1.,1.,1.,1.,1.,1.)
    ,(1.,1.,1.,1.,1.,1.,1.,1.,1.,1.,1.,1.,1.)
    ,(1.,1.,1.,1.,1.,1.,1.,1.,1.,1.,1.,1.,1.)
    ,(1.,1.,1.,1.,1.,1.,1.,1.,1.,1.,1.,1.,1.)
    ,(1.,1.,1.,1.,1.,1.,1.,1.,1.,1.,1.,1.,1.)
    ,(1.,1.,1.,1.,1.,1.,1.,1.,1.,1.,1.,1.,1.)
    ,(1.,1.,1.,1.,1.,1.,1.,1.,1.,1.,1.,1.,1.)
    ,(1.,1.,1.,1.,1.,1.,1.,1.,1.,1.,1.,1.,1.)
    ,(1.,1.,1.,1.,1.,1.,1.,1.,1.,1.,1.,1.,1.)
    ,(1.,1.,1.,1.,1.,1.,1.,1.,1.,1.,1.,1.,1.)
    ,(1.,1.,1.,1.,1.,1.,1.,1.,1.,1.,1.,1.,1.)
    ,(1.,1.,1.,1.,1.,1.,1.,1.,1.,1.,1.,1.,1.)
    ,(1.,1.,1.,1.,1.,1.,1.,1.,1.,1.,1.,1.,1.)
    ,(1.,1.,1.,1.,1.,1.,1.,1.,1.,1.,1.,1.,1.)
    ,(1.,1.,1.,1.,1.,1.,1.,1.,1.,1.,1.,1.,1.)
    ,(1.,1.,1.,1.,1.,1.,1.,1.,1.,1.,1.,1.,1.)
    ,(1.,1.,1.,1.,1.,1.,1.,1.,1.,1.,1.,1.,1.)
    ,(1.,1.,1.,1.,1.,1.,1.,1.,1.,1.,1.,1.,1.)
    ,(1.,1.,1.,1.,1.,1.,1.,1.,1.,1.,1.,1.,1.)
    ,(1.,1.,1.,1.,1.,1.,1.,1.,1.,1.,1.,1.,1.)
    ,(1.,1.,1.,1.,1.,1.,1.,1.,1.,1.,1.,1.,1.)
    ,(1.,1.,1.,1.,1.,1.,1.,1.,1.,1.,1.,1.,1.)
    ,(1.,1.,1.,1.,1.,1.,1.,1.,1.,1.,1.,1.,1.)
    ,(1.,1.,1.,1.,1.,1.,1.,1.,1.,1.,1.,1.,1.)
    ,(1.,1.,1.,1.,1.,1.,1.,1.,1.,1.,1.,1.,1.)
    ,(1.,1.,1.,1.,1.,1.,1.,1.,1.,1.,1.,1.,1.)
    ,(1.,1.,1.,1.,1.,1.,1.,1.,1.,1.,1.,1.,1.)
    ,(1.,1.,1.,1.,1.,1.,1.,1.,1.,1.,1.,1.,1.)
    ,(1.,1.,1.,1.,1.,1.,1.,1.,1.,1.,1.,1.,1.)
    ,(1.,1.,1.,1.,1.,1.,1.,1.,1.,1.,1.,1.,1.)
    ,(1.,1.,1.,1.,1.,1.,1.,1.,1.,1.,1.,1.,1.)
    ,(1.,1.,1.,1.,1.,1.,1.,1.,1.,1.,1.,1.,1.)
    ,(1.,1.,1.,1.,1.,1.,1.,1.,1.,1.,1.,1.,1.)
    ,(1.,1.,1.,1.,1.,1.,1.,1.,1.,1.,1.,1.,1.)
    ,(1.,1.,1.,1.,1.,1.,1.,1.,1.,1.,1.,1.,1.)
    ,(1.,1.,1.,1.,1.,1.,1.,1.,1.,1.,1.,1.,1.)
    ,(1.,1.,1.,1.,1.,1.,1.,1.,1.,1.,1.,1.,1.)
    ,(1.,1.,1.,1.,1.,1.,1.,1.,1.,1.,1.,1.,1.)
    ,(1.,1.,1.,1.,1.,1.,1.,1.,1.,1.,1.,1.,1.)
    ,(1.,1.,1.,1.,1.,1.,1.,1.,1.,1.,1.,1.,1.)
    ,(1.,1.,1.,1.,1.,1.,1.,1.,1.,1.,1.,1.,1.)
    ,(1.,1.,1.,1.,1.,1.,1.,1.,1.,1.,1.,1.,1.)
    ,(1.,1.,1.,1.,1.,1.,1.,1.,1.,1.,1.,1.,1.)
    ,(1.,1.,1.,1.,1.,1.,1.,1.,1.,1.,1.,1.,1.)
    ,(1.,1.,1.,1.,1.,1.,1.,1.,1.,1.,1.,1.,1.)
    ,(1.,1.,1.,1.,1.,1.,1.,1.,1.,1.,1.,1.,1.)
    ,(1.,1.,1.,1.,1.,1.,1.,1.,1.,1.,1.,1.,1.)
    ,(1.,1.,1.,1.,1.,1.,1.,1.,1.,1.,1.,1.,1.)
    ,(1.,1.,1.,1.,1.,1.,1.,1.,1.,1.,1.,1.,1.)
    ,(1.,1.,1.,1.,1.,1.,1.,1.,1.,1.,1.,1.,1.)
    ,(1.,1.,1.,1.,1.,1.,1.,1.,1.,1.,1.,1.,1.)
    ,(1.,1.,1.,1.,1.,1.,1.,1.,1.,1.,1.,1.,1.)
    ,(1.,1.,1.,1.,1.,1.,1.,1.,1.,1.,1.,1.,1.)
    ,(1.,1.,1.,1.,1.,1.,1.,1.,1.,1.,1.,1.,1.)
    ,(1.,1.,1.,1.,1.,1.,1.,1.,1.,1.,1.,1.,1.)
    ,(1.,1.,1.,1.,1.,1.,1.,1.,1.,1.,1.,1.,1.)
    ,(1.,1.,1.,1.,1.,1.,1.,1.,1.,1.,1.,1.,1.)
    ,(1.,1.,1.,1.,1.,1.,1.,1.,1.,1.,1.,1.,1.)
    ,(1.,1.,1.,1.,1.,1.,1.,1.,1.,1.,1.,1.,1.)
    ,(1.,1.,1.,1.,1.,1.,1.,1.,1.,1.,1.,1.,1.)
    ,(1.,1.,1.,1.,1.,1.,1.,1.,1.,1.,1.,1.,1.)
    ,(1.,1.,1.,1.,1.,1.,1.,1.,1.,1.,1.,1.,1.)
    ,(1.,1.,1.,1.,1.,1.,1.,1.,1.,1.,1.,1.,1.)
    ,(1.,1.,1.,1.,1.,1.,1.,1.,1.,1.,1.,1.,1.)
    ,(1.,1.,1.,1.,1.,1.,1.,1.,1.,1.,1.,1.,1.)
    ,(1.,1.,1.,1.,1.,1.,1.,1.,1.,1.,1.,1.,1.)
    ,(1.,1.,1.,1.,1.,1.,1.,1.,1.,1.,1.,1.,1.)
    ,(1.,1.,1.,1.,1.,1.,1.,1.,1.,1.,1.,1.,1.)
    ,(1.,1.,1.,1.,1.,1.,1.,1.,1.,1.,1.,1.,1.)
    ,(1.,1.,1.,1.,1.,1.,1.,1.,1.,1.,1.,1.,1.)
    ,(1.,1.,1.,1.,1.,1.,1.,1.,1.,1.,1.,1.,1.)
    ,(1.,1.,1.,1.,1.,1.,1.,1.,1.,1.,1.,1.,1.)
    ,(1.,1.,1.,1.,1.,1.,1.,1.,1.,1.,1.,1.,1.)
    ,(1.,1.,1.,1.,1.,1.,1.,1.,1.,1.,1.,1.,1.)
    ,(1.,1.,1.,1.,1.,1.,1.,1.,1.,1.,1.,1.,1.)
    ,(1.,1.,1.,1.,1.,1.,1.,1.,1.,1.,1.,1.,1.)
    ,(1.,1.,1.,1.,1.,1.,1.,1.,1.,1.,1.,1.,1.)
    ,(1.,1.,1.,1.,1.,1.,1.,1.,1.,1.,1.,1.,1.)
    ,(1.,1.,1.,1.,1.,1.,1.,1.,1.,1.,1.,1.,1.)
    ,(1.,1.,1.,1.,1.,1.,1.,1.,1.,1.,1.,1.,1.)
    ,(1.,1.,1.,1.,1.,1.,1.,1.,1.,1.,1.,1.,1.)
    ,(1.,1.,1.,1.,1.,1.,1.,1.,1.,1.,1.,1.,1.)
    ,(1.,1.,1.,1.,1.,1.,1.,1.,1.,1.,1.,1.,1.)
    ,(1.,1.,1.,1.,1.,1.,1.,1.,1.,1.,1.,1.,1.)
    ,(1.,1.,1.,1.,1.,1.,1.,1.,1.,1.,1.,1.,1.)
    ,(1.,1.,1.,1.,1.,1.,1.,1.,1.,1.,1.,1.,1.)
    ,(1.,1.,1.,1.,1.,1.,1.,1.,1.,1.,1.,1.,1.)
    ,(1.,1.,1.,1.,1.,1.,1.,1.,1.,1.,1.,1.,1.)
    ,(1.,1.,1.,1.,1.,1.,1.,1.,1.,1.,1.,1.,1.)
    ,(1.,1.,1.,1.,1.,1.,1.,1.,1.,1.,1.,1.,1.)
    ,(1.,1.,1.,1.,1.,1.,1.,1.,1.,1.,1.,1.,1.)
    ,(1.,1.,1.,1.,1.,1.,1.,1.,1.,1.,1.,1.,1.)
    ,(1.,1.,1.,1.,1.,1.,1.,1.,1.,1.,1.,1.,1.)
    ,(1.,1.,1.,1.,1.,1.,1.,1.,1.,1.,1.,1.,1.)
    ,(1.,1.,1.,1.,1.,1.,1.,1.,1.,1.,1.,1.,1.)
    ,(1.,1.,1.,1.,1.,1.,1.,1.,1.,1.,1.,1.,1.)
    ,(1.,1.,1.,1.,1.,1.,1.,1.,1.,1.,1.,1.,1.)
    ,(1.,1.,1.,1.,1.,1.,1.,1.,1.,1.,1.,1.,1.)
    ,(1.,1.,1.,1.,1.,1.,1.,1.,1.,1.,1.,1.,1.)
    ,(1.,1.,1.,1.,1.,1.,1.,1.,1.,1.,1.,1.,1.)
    ,(1.,1.,1.,1.,1.,1.,1.,1.,1.,1.,1.,1.,1.)
    ,(1.,1.,1.,1.,1.,1.,1.,1.,1.,1.,1.,1.,1.)
    ,(1.,1.,1.,1.,1.,1.,1.,1.,1.,1.,1.,1.,1.)
    ,(1.,1.,1.,1.,1.,1.,1.,1.,1.,1.,1.,1.,1.)
    ,(1.,1.,1.,1.,1.,1.,1.,1.,1.,1.,1.,1.,1.)
    ,(1.,1.,1.,1.,1.,1.,1.,1.,1.,1.,1.,1.,1.)
    ,(1.,1.,1.,1.,1.,1.,1.,1.,1.,1.,1.,1.,1.)
    ,(1.,1.,1.,1.,1.,1.,1.,1.,1.,1.,1.,1.,1.)
    ,(1.,1.,1.,1.,1.,1.,1.,1.,1.,1.,1.,1.,1.)
    ,(1.,1.,1.,1.,1.,1.,1.,1.,1.,1.,1.,1.,1.)
    ,(1.,1.,1.,1.,1.,1.,1.,1.,1.,1.,1.,1.,1.)
    ,(1.,1.,1.,1.,1.,1.,1.,1.,1.,1.,1.,1.,1.)
    ,(1.,1.,1.,1.,1.,1.,1.,1.,1.,1.,1.,1.,1.)
    ,(1.,1.,1.,1.,1.,1.,1.,1.,1.,1.,1.,1.,1.)
    ,(1.,1.,1.,1.,1.,1.,1.,1.,1.,1.,1.,1.,1.)
    ,(1.,1.,1.,1.,1.,1.,1.,1.,1.,1.,1.,1.,1.)
    ,(1.,1.,1.,1.,1.,1.,1.,1.,1.,1.,1.,1.,1.)
    ,(1.,1.,1.,1.,1.,1.,1.,1.,1.,1.,1.,1.,1.)
    ,(1.,1.,1.,1.,1.,1.,1.,1.,1.,1.,1.,1.,1.)
    ,(1.,1.,1.,1.,1.,1.,1.,1.,1.,1.,1.,1.,1.)
    ,(1.,1.,1.,1.,1.,1.,1.,1.,1.,1.,1.,1.,1.)
    ,(1.,1.,1.,1.,1.,1.,1.,1.,1.,1.,1.,1.,1.)
    ,(1.,1.,1.,1.,1.,1.,1.,1.,1.,1.,1.,1.,1.)
    ,(1.,1.,1.,1.,1.,1.,1.,1.,1.,1.,1.,1.,1.)
    ,(1.,1.,1.,1.,1.,1.,1.,1.,1.,1.,1.,1.,1.)
    ,(1.,1.,1.,1.,1.,1.,1.,1.,1.,1.,1.,1.,1.)
    ,(1.,1.,1.,1.,1.,1.,1.,1.,1.,1.,1.,1.,1.)
    ,(1.,1.,1.,1.,1.,1.,1.,1.,1.,1.,1.,1.,1.)
    ,(1.,1.,1.,1.,1.,1.,1.,1.,1.,1.,1.,1.,1.)
    ,(1.,1.,1.,1.,1.,1.,1.,1.,1.,1.,1.,1.,1.)
    ,(1.,1.,1.,1.,1.,1.,1.,1.,1.,1.,1.,1.,1.)
    ,(1.,1.,1.,1.,1.,1.,1.,1.,1.,1.,1.,1.,1.)
    ,(1.,1.,1.,1.,1.,1.,1.,1.,1.,1.,1.,1.,1.)
    ,(1.,1.,1.,1.,1.,1.,1.,1.,1.,1.,1.,1.,1.)
    ,(1.,1.,1.,1.,1.,1.,1.,1.,1.,1.,1.,1.,1.)
    ,(1.,1.,1.,1.,1.,1.,1.,1.,1.,1.,1.,1.,1.)
    ,(1.,1.,1.,1.,1.,1.,1.,1.,1.,1.,1.,1.,1.)
    ,(1.,1.,1.,1.,1.,1.,1.,1.,1.,1.,1.,1.,1.)
    ,(1.,1.,1.,1.,1.,1.,1.,1.,1.,1.,1.,1.,1.)
    ,(1.,1.,1.,1.,1.,1.,1.,1.,1.,1.,1.,1.,1.)
    ,(1.,1.,1.,1.,1.,1.,1.,1.,1.,1.,1.,1.,1.)
    ,(1.,1.,1.,1.,1.,1.,1.,1.,1.,1.,1.,1.,1.)
    ,(1.,1.,1.,1.,1.,1.,1.,1.,1.,1.,1.,1.,1.)
    ,(1.,1.,1.,1.,1.,1.,1.,1.,1.,1.,1.,1.,1.)
    ,(1.,1.,1.,1.,1.,1.,1.,1.,1.,1.,1.,1.,1.)
    ,(1.,1.,1.,1.,1.,1.,1.,1.,1.,1.,1.,1.,1.)
    ,(1.,1.,1.,1.,1.,1.,1.,1.,1.,1.,1.,1.,1.)
    ,(1.,1.,1.,1.,1.,1.,1.,1.,1.,1.,1.,1.,1.)
    ,(1.,1.,1.,1.,1.,1.,1.,1.,1.,1.,1.,1.,1.)
    ,(1.,1.,1.,1.,1.,1.,1.,1.,1.,1.,1.,1.,1.)
    ,(1.,1.,1.,1.,1.,1.,1.,1.,1.,1.,1.,1.,1.)
    ,(1.,1.,1.,1.,1.,1.,1.,1.,1.,1.,1.,1.,1.)
    ,(1.,1.,1.,1.,1.,1.,1.,1.,1.,1.,1.,1.,1.)
    ,(1.,1.,1.,1.,1.,1.,1.,1.,1.,1.,1.,1.,1.)
    ,(1.,1.,1.,1.,1.,1.,1.,1.,1.,1.,1.,1.,1.)
    ,(1.,1.,1.,1.,1.,1.,1.,1.,1.,1.,1.,1.,1.)
    ,(1.,1.,1.,1.,1.,1.,1.,1.,1.,1.,1.,1.,1.)
    ,(1.,1.,1.,1.,1.,1.,1.,1.,1.,1.,1.,1.,1.)
    ,(1.,1.,1.,1.,1.,1.,1.,1.,1.,1.,1.,1.,1.)
    ,(1.,1.,1.,1.,1.,1.,1.,1.,1.,1.,1.,1.,1.)
    ,(1.,1.,1.,1.,1.,1.,1.,1.,1.,1.,1.,1.,1.)
    ,(1.,1.,1.,1.,1.,1.,1.,1.,1.,1.,1.,1.,1.)
    ,(1.,1.,1.,1.,1.,1.,1.,1.,1.,1.,1.,1.,1.)
    ,(1.,1.,1.,1.,1.,1.,1.,1.,1.,1.,1.,1.,1.)
    ,(1.,1.,1.,1.,1.,1.,1.,1.,1.,1.,1.,1.,1.)
    ,(1.,1.,1.,1.,1.,1.,1.,1.,1.,1.,1.,1.,1.)
    ,(1.,1.,1.,1.,1.,1.,1.,1.,1.,1.,1.,1.,1.)
    ,(1.,1.,1.,1.,1.,1.,1.,1.,1.,1.,1.,1.,1.)
    ,(1.,1.,1.,1.,1.,1.,1.,1.,1.,1.,1.,1.,1.)
    ,(1.,1.,1.,1.,1.,1.,1.,1.,1.,1.,1.,1.,1.)
    ,(1.,1.,1.,1.,1.,1.,1.,1.,1.,1.,1.,1.,1.)
    ,(1.,1.,1.,1.,1.,1.,1.,1.,1.,1.,1.,1.,1.)
    ,(1.,1.,1.,1.,1.,1.,1.,1.,1.,1.,1.,1.,1.)
    ,(1.,1.,1.,1.,1.,1.,1.,1.,1.,1.,1.,1.,1.)
    ,(1.,1.,1.,1.,1.,1.,1.,1.,1.,1.,1.,1.,1.)
    ,(1.,1.,1.,1.,1.,1.,1.,1.,1.,1.,1.,1.,1.)
    ,(1.,1.,1.,1.,1.,1.,1.,1.,1.,1.,1.,1.,1.)
    ,(1.,1.,1.,1.,1.,1.,1.,1.,1.,1.,1.,1.,1.)
    ,(1.,1.,1.,1.,1.,1.,1.,1.,1.,1.,1.,1.,1.)
    ,(1.,1.,1.,1.,1.,1.,1.,1.,1.,1.,1.,1.,1.)
    ,(1.,1.,1.,1.,1.,1.,1.,1.,1.,1.,1.,1.,1.)
    ,(1.,1.,1.,1.,1.,1.,1.,1.,1.,1.,1.,1.,1.)
    ,(1.,1.,1.,1.,1.,1.,1.,1.,1.,1.,1.,1.,1.)
    ,(1.,1.,1.,1.,1.,1.,1.,1.,1.,1.,1.,1.,1.)
    ,(1.,1.,1.,1.,1.,1.,1.,1.,1.,1.,1.,1.,1.)
    ,(1.,1.,1.,1.,1.,1.,1.,1.,1.,1.,1.,1.,1.)
    ,(1.,1.,1.,1.,1.,1.,1.,1.,1.,1.,1.,1.,1.)
    ,(1.,1.,1.,1.,1.,1.,1.,1.,1.,1.,1.,1.,1.)
    ,(1.,1.,1.,1.,1.,1.,1.,1.,1.,1.,1.,1.,1.)
    ,(1.,1.,1.,1.,1.,1.,1.,1.,1.,1.,1.,1.,1.)
    ,(1.,1.,1.,1.,1.,1.,1.,1.,1.,1.,1.,1.,1.)
    ,(1.,1.,1.,1.,1.,1.,1.,1.,1.,1.,1.,1.,1.)
    ,(1.,1.,1.,1.,1.,1.,1.,1.,1.,1.,1.,1.,1.)
    ,(1.,1.,1.,1.,1.,1.,1.,1.,1.,1.,1.,1.,1.)
    ,(1.,1.,1.,1.,1.,1.,1.,1.,1.,1.,1.,1.,1.)
    ,(1.,1.,1.,1.,1.,1.,1.,1.,1.,1.,1.,1.,1.)
    ,(1.,1.,1.,1.,1.,1.,1.,1.,1.,1.,1.,1.,1.)
    ,(1.,1.,1.,1.,1.,1.,1.,1.,1.,1.,1.,1.,1.)
    ,(1.,1.,1.,1.,1.,1.,1.,1.,1.,1.,1.,1.,1.)
    ,(1.,1.,1.,1.,1.,1.,1.,1.,1.,1.,1.,1.,1.)
    ,(1.,1.,1.,1.,1.,1.,1.,1.,1.,1.,1.,1.,1.)
    ,(1.,1.,1.,1.,1.,1.,1.,1.,1.,1.,1.,1.,1.)
    ,(1.,1.,1.,1.,1.,1.,1.,1.,1.,1.,1.,1.,1.)
    ,(1.,1.,1.,1.,1.,1.,1.,1.,1.,1.,1.,1.,1.)
    ,(1.,1.,1.,1.,1.,1.,1.,1.,1.,1.,1.,1.,1.)
    ,(1.,1.,1.,1.,1.,1.,1.,1.,1.,1.,1.,1.,1.)
    ,(1.,1.,1.,1.,1.,1.,1.,1.,1.,1.,1.,1.,1.)
    ,(1.,1.,1.,1.,1.,1.,1.,1.,1.,1.,1.,1.,1.)
    ,(1.,1.,1.,1.,1.,1.,1.,1.,1.,1.,1.,1.,1.)
    ,(1.,1.,1.,1.,1.,1.,1.,1.,1.,1.,1.,1.,1.)
    ,(1.,1.,1.,1.,1.,1.,1.,1.,1.,1.,1.,1.,1.)
    ,(1.,1.,1.,1.,1.,1.,1.,1.,1.,1.,1.,1.,1.)
    ,(1.,1.,1.,1.,1.,1.,1.,1.,1.,1.,1.,1.,1.)
    ,(1.,1.,1.,1.,1.,1.,1.,1.,1.,1.,1.,1.,1.)
    ,(1.,1.,1.,1.,1.,1.,1.,1.,1.,1.,1.,1.,1.)
    ,(1.,1.,1.,1.,1.,1.,1.,1.,1.,1.,1.,1.,1.)
    ,(1.,1.,1.,1.,1.,1.,1.,1.,1.,1.,1.,1.,1.)
    ,(1.,1.,1.,1.,1.,1.,1.,1.,1.,1.,1.,1.,1.)
    ,(1.,1.,1.,1.,1.,1.,1.,1.,1.,1.,1.,1.,1.)
    ,(1.,1.,1.,1.,1.,1.,1.,1.,1.,1.,1.,1.,1.)
    ,(1.,1.,1.,1.,1.,1.,1.,1.,1.,1.,1.,1.,1.)
    ,(1.,1.,1.,1.,1.,1.,1.,1.,1.,1.,1.,1.,1.)
    ,(1.,1.,1.,1.,1.,1.,1.,1.,1.,1.,1.,1.,1.)
    ,(1.,1.,1.,1.,1.,1.,1.,1.,1.,1.,1.,1.,1.)
    ,(1.,1.,1.,1.,1.,1.,1.,1.,1.,1.,1.,1.,1.)
    ,(1.,1.,1.,1.,1.,1.,1.,1.,1.,1.,1.,1.,1.)
    ,(1.,1.,1.,1.,1.,1.,1.,1.,1.,1.,1.,1.,1.)
    ,(1.,1.,1.,1.,1.,1.,1.,1.,1.,1.,1.,1.,1.)
    ,(1.,1.,1.,1.,1.,1.,1.,1.,1.,1.,1.,1.,1.)
    ,(1.,1.,1.,1.,1.,1.,1.,1.,1.,1.,1.,1.,1.)
    ,(1.,1.,1.,1.,1.,1.,1.,1.,1.,1.,1.,1.,1.)
    ,(1.,1.,1.,1.,1.,1.,1.,1.,1.,1.,1.,1.,1.)
    ,(1.,1.,1.,1.,1.,1.,1.,1.,1.,1.,1.,1.,1.)
    ,(1.,1.,1.,1.,1.,1.,1.,1.,1.,1.,1.,1.,1.)
    ,(1.,1.,1.,1.,1.,1.,1.,1.,1.,1.,1.,1.,1.)
    ,(1.,1.,1.,1.,1.,1.,1.,1.,1.,1.,1.,1.,1.)
    ,(1.,1.,1.,1.,1.,1.,1.,1.,1.,1.,1.,1.,1.)
    ,(1.,1.,1.,1.,1.,1.,1.,1.,1.,1.,1.,1.,1.)
    ,(1.,1.,1.,1.,1.,1.,1.,1.,1.,1.,1.,1.,1.)
    ,(1.,1.,1.,1.,1.,1.,1.,1.,1.,1.,1.,1.,1.)
    ,(1.,1.,1.,1.,1.,1.,1.,1.,1.,1.,1.,1.,1.)
    ,(1.,1.,1.,1.,1.,1.,1.,1.,1.,1.,1.,1.,1.)
    ,(1.,1.,1.,1.,1.,1.,1.,1.,1.,1.,1.,1.,1.)
    ,(1.,1.,1.,1.,1.,1.,1.,1.,1.,1.,1.,1.,1.)
    ,(1.,1.,1.,1.,1.,1.,1.,1.,1.,1.,1.,1.,1.)
    ,(1.,1.,1.,1.,1.,1.,1.,1.,1.,1.,1.,1.,1.)
    ,(1.,1.,1.,1.,1.,1.,1.,1.,1.,1.,1.,1.,1.)
    ,(1.,1.,1.,1.,1.,1.,1.,1.,1.,1.,1.,1.,1.)
    ,(1.,1.,1.,1.,1.,1.,1.,1.,1.,1.,1.,1.,1.)
    ,(1.,1.,1.,1.,1.,1.,1.,1.,1.,1.,1.,1.,1.)
    ,(1.,1.,1.,1.,1.,1.,1.,1.,1.,1.,1.,1.,1.)
    ,(1.,1.,1.,1.,1.,1.,1.,1.,1.,1.,1.,1.,1.)
    ,(1.,1.,1.,1.,1.,1.,1.,1.,1.,1.,1.,1.,1.)
    ,(1.,1.,1.,1.,1.,1.,1.,1.,1.,1.,1.,1.,1.)
    ,(1.,1.,1.,1.,1.,1.,1.,1.,1.,1.,1.,1.,1.)
    ,(1.,1.,1.,1.,1.,1.,1.,1.,1.,1.,1.,1.,1.)
    ,(1.,1.,1.,1.,1.,1.,1.,1.,1.,1.,1.,1.,1.)
    ,(1.,1.,1.,1.,1.,1.,1.,1.,1.,1.,1.,1.,1.)
    ,(1.,1.,1.,1.,1.,1.,1.,1.,1.,1.,1.,1.,1.)
    ,(1.,1.,1.,1.,1.,1.,1.,1.,1.,1.,1.,1.,1.)
    ,(1.,1.,1.,1.,1.,1.,1.,1.,1.,1.,1.,1.,1.)
    ,(1.,1.,1.,1.,1.,1.,1.,1.,1.,1.,1.,1.,1.)
,(1.,1.,1.,1.,1.,1.,1.,1.,1.,1.,1.,1.,1.
))) REPRESENTATION_ITEM('') SURFACE() );
#1343 = CARTESIAN_POINT('',(-0.140072685044,1.301042606983E-18,
    -0.284962122344));
#1344 = CARTESIAN_POINT('',(-0.219464880853,-1.447582026135E-17,
    -0.280374714612));
#1345 = CARTESIAN_POINT('',(-0.306845441023,3.826331015409E-17,
    -0.271493490186));
#1346 = CARTESIAN_POINT('',(-0.378529419797,-5.55452560905E-17,
    -0.255710722478));
#1347 = CARTESIAN_POINT('',(-0.464910641462,4.513434179038E-17,
    -0.252356986069));
#1348 = CARTESIAN_POINT('',(-0.543143347446,-1.574357544287E-17,
    -0.238002727962));
#1349 = CARTESIAN_POINT('',(-0.679712028593,1.070016797337E-17,
    -0.224746784011));
#1350 = CARTESIAN_POINT('',(-0.814439493872,-5.427099532965E-18,
    -0.204498471304));
#1351 = CARTESIAN_POINT('',(-0.870762235092,1.167743729035E-17,
    -0.205714065515));
#1352 = CARTESIAN_POINT('',(-0.924170894077,-1.513242869214E-17,
    -0.186229036527));
#1353 = CARTESIAN_POINT('',(-0.979757214421,1.001689171601E-17,
    -0.188950682501));
#1354 = CARTESIAN_POINT('',(-1.035715843861,-5.720696098521E-19,
    -0.18201018687));
#1355 = CARTESIAN_POINT('',(-1.090096475199,-4.336808689942E-19,
    -0.177135215021));
#1356 = CARTESIAN_POINT('',(-0.140072685044,-4.731461499121E-03,
    -0.28145925152));
#1357 = CARTESIAN_POINT('',(-0.219464880853,-2.813650798159E-03,
    -0.278164272943));
#1358 = CARTESIAN_POINT('',(-0.306845441023,-8.179298394929E-03,
    -0.26610599902));
#1359 = CARTESIAN_POINT('',(-0.378529419796,-7.655256493468E-04,
    -0.254063094115));
#1360 = CARTESIAN_POINT('',(-0.464910641462,-5.247042225679E-03,
    -0.248960165942));
#1361 = CARTESIAN_POINT('',(-0.543143347446,-2.710597232249E-03,
    -0.235230418191));
#1362 = CARTESIAN_POINT('',(-0.679712028593,-3.332319207606E-03,
    -0.222192413837));
#1363 = CARTESIAN_POINT('',(-0.814439493872,-1.546404176774E-03,
    -0.202156579324));
#1364 = CARTESIAN_POINT('',(-0.870762235093,-3.845606517362E-03,
    -0.201579701855));
#1365 = CARTESIAN_POINT('',(-0.924170894077,1.383166810671E-03,
    -0.186388903485));
#1366 = CARTESIAN_POINT('',(-0.979757214421,-3.604641808583E-03,
    -0.185287022096));
#1367 = CARTESIAN_POINT('',(-1.035715843861,-1.100501242831E-03,
    -0.181774162105));
#1368 = CARTESIAN_POINT('',(-1.090096475199,-2.701714911572E-03,
    -0.176073195575));
#1369 = CARTESIAN_POINT('',(-0.140072685044,-1.108272851392E-02,
    -0.279144671366));
#1370 = CARTESIAN_POINT('',(-0.219464880853,-7.018513761718E-03,
    -0.276414240288));
#1371 = CARTESIAN_POINT('',(-0.306845441023,-1.817564788542E-02,
    -0.263078519408));
#1372 = CARTESIAN_POINT('',(-0.378529419796,-3.250078565721E-03,
    -0.252612826846));
#1373 = CARTESIAN_POINT('',(-0.464910641462,-1.079777470473E-02,
    -0.246591375998));
#1374 = CARTESIAN_POINT('',(-0.543143347446,-7.301766265227E-03,
    -0.233423845827));
#1375 = CARTESIAN_POINT('',(-0.679712028593,-6.815229190598E-03,
    -0.220229904006));
#1376 = CARTESIAN_POINT('',(-0.814439493872,-4.907649607227E-03,
    -0.200604630204));
#1377 = CARTESIAN_POINT('',(-0.870762235093,-5.35009235328E-03,
    -0.198060081427));
#1378 = CARTESIAN_POINT('',(-0.924170894077,-2.743368890221E-03,
    -0.187120543013));
#1379 = CARTESIAN_POINT('',(-0.979757214421,-4.742519773828E-03,
    -0.182094540738));
#1380 = CARTESIAN_POINT('',(-1.035715843861,-3.927523038665E-03,
    -0.180815927249));
#1381 = CARTESIAN_POINT('',(-1.090096475199,-4.208890005145E-03,
    -0.174372931255));
#1382 = CARTESIAN_POINT('',(-0.140072685044,-1.844105274816E-02,
    -0.277885376016));
#1383 = CARTESIAN_POINT('',(-0.219464880853,-1.222343230442E-02,
    -0.275229171167));
#1384 = CARTESIAN_POINT('',(-0.306845441023,-2.903911782032E-02,
    -0.261835876956));
#1385 = CARTESIAN_POINT('',(-0.378529419796,-7.063616162253E-03,
    -0.251612951426));
#1386 = CARTESIAN_POINT('',(-0.464910641462,-1.63949835412E-02,
    -0.245069666152));
#1387 = CARTESIAN_POINT('',(-0.543143347446,-1.313566474724E-02,
    -0.232501181906));
#1388 = CARTESIAN_POINT('',(-0.679712028593,-1.031832532788E-02,
    -0.218797792247));
#1389 = CARTESIAN_POINT('',(-0.814439493872,-9.465178842906E-03,
    -0.199749319512));
#1390 = CARTESIAN_POINT('',(-0.870762235093,-5.316576909133E-03,
    -0.195254338872));
#1391 = CARTESIAN_POINT('',(-0.924170894077,-1.049249824622E-02,
    -0.188174985515));
#1392 = CARTESIAN_POINT('',(-0.979757214421,-4.060962070992E-03,
    -0.179258573019));
#1393 = CARTESIAN_POINT('',(-1.035715843861,-7.680391040738E-03,
    -0.179328700861));
#1394 = CARTESIAN_POINT('',(-1.090096475199,-4.772711384874E-03,
    -0.172263930204));
#1395 = CARTESIAN_POINT('',(-0.140072685044,-1.904449973114E-02,
    -0.277788387036));
#1396 = CARTESIAN_POINT('',(-0.219464880853,-1.265149312503E-02,
    -0.275135637071));
#1397 = CARTESIAN_POINT('',(-0.306845441023,-2.992743175797E-02,
    -0.261744137295));
#1398 = CARTESIAN_POINT('',(-0.378529419796,-7.379706516121E-03,
    -0.25153372171));
#1399 = CARTESIAN_POINT('',(-0.464910641462,-1.685103200597E-02,
    -0.24495052459));
#1400 = CARTESIAN_POINT('',(-0.543143347446,-1.361596469269E-02,
    -0.232430540493));
#1401 = CARTESIAN_POINT('',(-0.679712028593,-1.060374335246E-02,
    -0.218684242182));
#1402 = CARTESIAN_POINT('',(-0.814439493872,-9.84137168342E-03,
    -0.199683151417));
#1403 = CARTESIAN_POINT('',(-0.870762235093,-5.307923866834E-03,
    -0.195030630314));
#1404 = CARTESIAN_POINT('',(-0.924170894077,-1.113827741637E-02,
    -0.188261253283));
#1405 = CARTESIAN_POINT('',(-0.979757214421,-3.998251194318E-03,
    -0.17903054159));
#1406 = CARTESIAN_POINT('',(-1.035715843861,-7.989337979941E-03,
    -0.179204744291));
#1407 = CARTESIAN_POINT('',(-1.090096475199,-4.813923176296E-03,
    -0.172090437492));
#1408 = CARTESIAN_POINT('',(-0.140072685044,-1.933293545818E-02,
    -0.27774309219));
#1409 = CARTESIAN_POINT('',(-0.219464880853,-1.285630426364E-02,
    -0.275091550958));
#1410 = CARTESIAN_POINT('',(-0.306845441023,-3.035158786477E-02,
    -0.26170200255));
#1411 = CARTESIAN_POINT('',(-0.378529419796,-7.531360648741E-03,
    -0.251496327859));
#1412 = CARTESIAN_POINT('',(-0.464910641462,-1.706850975567E-02,
    -0.244894528625));
#1413 = CARTESIAN_POINT('',(-0.543143347446,-1.384585558444E-02,
    -0.232397629048));
#1414 = CARTESIAN_POINT('',(-0.679712028593,-1.073985081636E-02,
    -0.218630623513));
#1415 = CARTESIAN_POINT('',(-0.814439493872,-1.002159710967E-02,
    -0.199652200532));
#1416 = CARTESIAN_POINT('',(-0.870762235092,-5.302795063544E-03,
    -0.194924777257));
#1417 = CARTESIAN_POINT('',(-0.924170894077,-1.144865647116E-02,
    -0.18830244558));
#1418 = CARTESIAN_POINT('',(-0.97975721442,-3.967152059343E-03,
    -0.178922325479));
#1419 = CARTESIAN_POINT('',(-1.035715843861,-8.137193046804E-03,
    -0.17914515329));
#1420 = CARTESIAN_POINT('',(-1.090096475199,-4.832773844129E-03,
    -0.172007421929));
#1421 = CARTESIAN_POINT('',(-0.140072685044,-1.962947571913E-02,
    -0.277698087031));
#1422 = CARTESIAN_POINT('',(-0.219464880853,-1.306718055281E-02,
    -0.275047166781));
#1423 = CARTESIAN_POINT('',(-0.306845441023,-3.078700136298E-02,
    -0.261661141262));
#1424 = CARTESIAN_POINT('',(-0.378529419796,-7.688125803393E-03,
    -0.251458657013));
#1425 = CARTESIAN_POINT('',(-0.464910641462,-1.729134984656E-02,
    -0.244838297813));
#1426 = CARTESIAN_POINT('',(-0.543143347446,-1.408267501248E-02,
    -0.232365078419));
#1427 = CARTESIAN_POINT('',(-0.679712028593,-1.087931319482E-02,
    -0.218576423423));
#1428 = CARTESIAN_POINT('',(-0.814439493872,-1.020749520591E-02,
    -0.199621408914));
#1429 = CARTESIAN_POINT('',(-0.870762235092,-5.296092347902E-03,
    -0.19481741806));
#1430 = CARTESIAN_POINT('',(-0.924170894077,-1.177012376246E-02,
    -0.188344816187));
#1431 = CARTESIAN_POINT('',(-0.97975721442,-3.933663318708E-03,
    -0.178812173368));
#1432 = CARTESIAN_POINT('',(-1.035715843861,-8.28940381833E-03,
    -0.17908338773));
#1433 = CARTESIAN_POINT('',(-1.090096475199,-4.85092471984E-03,
    -0.171921948522));
#1434 = CARTESIAN_POINT('',(-0.140072685044,-2.087951947649E-02,
    -0.277512712471));
#1435 = CARTESIAN_POINT('',(-0.219464880853,-1.395692523665E-02,
    -0.274862698406));
#1436 = CARTESIAN_POINT('',(-0.306845441023,-3.262073441881E-02,
    -0.261495688281));
#1437 = CARTESIAN_POINT('',(-0.378529419796,-8.351165036187E-03,
    -0.25130204335));
#1438 = CARTESIAN_POINT('',(-0.464910641462,-1.822877644686E-02,
    -0.244604960793));
#1439 = CARTESIAN_POINT('',(-0.543143347446,-1.508219341765E-02,
    -0.23223144515));
#1440 = CARTESIAN_POINT('',(-0.679712028593,-1.14659975087E-02,
    -0.218350506781));
#1441 = CARTESIAN_POINT('',(-0.814439493872,-1.099272868299E-02,
    -0.199494475417));
#1442 = CARTESIAN_POINT('',(-0.870762235093,-5.26406487798E-03,
    -0.194368752831));
#1443 = CARTESIAN_POINT('',(-0.924170894077,-1.313139176876E-02,
    -0.1885236443));
#1444 = CARTESIAN_POINT('',(-0.979757214421,-3.788645462907E-03,
    -0.178350818311));
#1445 = CARTESIAN_POINT('',(-1.035715843861,-8.931415814793E-03,
    -0.178821634748));
#1446 = CARTESIAN_POINT('',(-1.090096475199,-4.924061767189E-03,
    -0.171561309373));
#1447 = CARTESIAN_POINT('',(-0.140072685044,-2.228154005466E-02,
    -0.277337067321));
#1448 = CARTESIAN_POINT('',(-0.219464880853,-1.496096933598E-02,
    -0.274675427258));
#1449 = CARTESIAN_POINT('',(-0.306845441023,-3.466441603581E-02,
    -0.261360455267));
#1450 = CARTESIAN_POINT('',(-0.378529419796,-9.111446864003E-03,
    -0.251142816612));
#1451 = CARTESIAN_POINT('',(-0.464910641462,-1.926559823122E-02,
    -0.244370626752));
#1452 = CARTESIAN_POINT('',(-0.543143347446,-1.621240590627E-02,
    -0.232108250254));
#1453 = CARTESIAN_POINT('',(-0.679712028593,-1.211492203299E-02,
    -0.218116071384));
#1454 = CARTESIAN_POINT('',(-0.814439493872,-1.188535872114E-02,
    -0.199373479306));
#1455 = CARTESIAN_POINT('',(-0.870762235092,-5.19925911173E-03,
    -0.19389380631));
#1456 = CARTESIAN_POINT('',(-0.924170894077,-1.470445589557E-02,
    -0.188726544379));
#1457 = CARTESIAN_POINT('',(-0.97975721442,-3.597395815709E-03,
    -0.177855153023));
#1458 = CARTESIAN_POINT('',(-1.035715843861,-9.653863223123E-03,
    -0.178517795286));
#1459 = CARTESIAN_POINT('',(-1.090096475199,-4.981115366984E-03,
    -0.171154403457));
#1460 = CARTESIAN_POINT('',(-0.140072685044,-2.388922398418E-02,
    -0.277174669096));
#1461 = CARTESIAN_POINT('',(-0.219464880853,-1.611454898845E-02,
    -0.274482518474));
#1462 = CARTESIAN_POINT('',(-0.306845441023,-3.700374166168E-02,
    -0.261270505396));
#1463 = CARTESIAN_POINT('',(-0.378529419796,-9.987960376837E-03,
    -0.250974090189));
#1464 = CARTESIAN_POINT('',(-0.464910641462,-2.045079633118E-02,
    -0.24414097856));
#1465 = CARTESIAN_POINT('',(-0.543143347446,-1.751160043231E-02,
    -0.231995799536));
#1466 = CARTESIAN_POINT('',(-0.679712028593,-1.28575016756E-02,
    -0.21787433019));
#1467 = CARTESIAN_POINT('',(-0.814439493872,-1.291371558692E-02,
    -0.199256174092));
#1468 = CARTESIAN_POINT('',(-0.870762235092,-5.108135550529E-03,
    -0.193384625089));
#1469 = CARTESIAN_POINT('',(-0.924170894077,-1.653508838853E-02,
    -0.188958362219));
#1470 = CARTESIAN_POINT('',(-0.979757214421,-3.357309700718E-03,
    -0.177308616848));
#1471 = CARTESIAN_POINT('',(-1.035715843861,-1.047097781763E-02,
    -0.178157164761));
#1472 = CARTESIAN_POINT('',(-1.090096475199,-5.019952199663E-03,
    -0.17068631776));
#1473 = CARTESIAN_POINT('',(-0.140072685044,-2.454510547894E-02,
    -0.277113742808));
#1474 = CARTESIAN_POINT('',(-0.219464880853,-1.658560881958E-02,
    -0.274406991565));
#1475 = CARTESIAN_POINT('',(-0.306845441023,-3.795727577591E-02,
    -0.261242290945));
#1476 = CARTESIAN_POINT('',(-0.378529419796,-1.034648259476E-02,
    -0.250907628178));
#1477 = CARTESIAN_POINT('',(-0.464910641462,-2.093362701149E-02,
    -0.244052274721));
#1478 = CARTESIAN_POINT('',(-0.543143347446,-1.804211798065E-02,
    -0.231954011754));
#1479 = CARTESIAN_POINT('',(-0.679712028593,-1.316025352615E-02,
    -0.217779289163));
#1480 = CARTESIAN_POINT('',(-0.814439493872,-1.333370664952E-02,
    -0.199211205174));
#1481 = CARTESIAN_POINT('',(-0.870762235093,-5.069165075306E-03,
    -0.193181676899));
#1482 = CARTESIAN_POINT('',(-0.924170894077,-1.728464248421E-02,
    -0.189052741224));
#1483 = CARTESIAN_POINT('',(-0.979757214421,-3.256985364E-03,
    -0.177088465708));
#1484 = CARTESIAN_POINT('',(-1.035715843861,-1.080230412254E-02,
    -0.178008378276));
#1485 = CARTESIAN_POINT('',(-1.090096475199,-5.032289987463E-03,
    -0.170495200116));
#1486 = CARTESIAN_POINT('',(-0.140072685044,-2.494955966417E-02,
    -0.27707880718));
#1487 = CARTESIAN_POINT('',(-0.219464880853,-1.687609481117E-02,
    -0.274361838154));
#1488 = CARTESIAN_POINT('',(-0.306845441023,-3.854531989816E-02,
    -0.261229399885));
#1489 = CARTESIAN_POINT('',(-0.378529419796,-1.056749103443E-02,
    -0.250867453402));
#1490 = CARTESIAN_POINT('',(-0.464910641462,-2.12314215047E-02,
    -0.244000297461));
#1491 = CARTESIAN_POINT('',(-0.543143347446,-1.836936791487E-02,
    -0.231930193076));
#1492 = CARTESIAN_POINT('',(-0.679712028593,-1.334693279417E-02,
    -0.217722465137));
#1493 = CARTESIAN_POINT('',(-0.814439493872,-1.359280521386E-02,
    -0.199184861912));
#1494 = CARTESIAN_POINT('',(-0.870762235093,-5.044497826455E-03,
    -0.193058885073));
#1495 = CARTESIAN_POINT('',(-0.924170894077,-1.774776058812E-02,
    -0.189110799199));
#1496 = CARTESIAN_POINT('',(-0.979757214421,-3.194157571648E-03,
    -0.176954027889));
#1497 = CARTESIAN_POINT('',(-1.035715843861,-1.100539189681E-02,
    -0.177915809433));
#1498 = CARTESIAN_POINT('',(-1.090096475199,-5.038220564567E-03,
    -0.170377292332));
#1499 = CARTESIAN_POINT('',(-0.140072685044,-2.561372194479E-02,
    -0.277023276901));
#1500 = CARTESIAN_POINT('',(-0.219464880853,-1.735322023922E-02,
    -0.274288801297));
#1501 = CARTESIAN_POINT('',(-0.306845441023,-3.95107763056E-02,
    -0.261211140768));
#1502 = CARTESIAN_POINT('',(-0.378529419796,-1.093055526616E-02,
    -0.250802281008));
#1503 = CARTESIAN_POINT('',(-0.464910641462,-2.172040406027E-02,
    -0.243916732364));
#1504 = CARTESIAN_POINT('',(-0.543143347446,-1.89067973645E-02,
    -0.231892445326));
#1505 = CARTESIAN_POINT('',(-0.679712028593,-1.365349341935E-02,
    -0.217630383997));
#1506 = CARTESIAN_POINT('',(-0.814439493872,-1.401829644607E-02,
    -0.199142555717));
#1507 = CARTESIAN_POINT('',(-0.870762235093,-5.003676195722E-03,
    -0.192858881137));
#1508 = CARTESIAN_POINT('',(-0.924170894077,-1.850864893695E-02,
    -0.18920601707));
#1509 = CARTESIAN_POINT('',(-0.979757214421,-3.09042962286E-03,
    -0.176734145643));
#1510 = CARTESIAN_POINT('',(-1.035715843861,-1.133791081574E-02,
    -0.177763231039));
#1511 = CARTESIAN_POINT('',(-1.090096475199,-5.046819450697E-03,
    -0.170183648297));
#1512 = CARTESIAN_POINT('',(-0.140072685044,-2.630903138105E-02,
    -0.276970525075));
#1513 = CARTESIAN_POINT('',(-0.219464880853,-1.785304544654E-02,
    -0.274215586669));
#1514 = CARTESIAN_POINT('',(-0.306845441023,-4.052098543734E-02,
    -0.261200552563));
#1515 = CARTESIAN_POINT('',(-0.378529419797,-1.131105203887E-02,
    -0.250736386999));
#1516 = CARTESIAN_POINT('',(-0.464910641462,-2.223223005618E-02,
    -0.243834485358));
#1517 = CARTESIAN_POINT('',(-0.543143347446,-1.946956251066E-02,
    -0.231856924604));
#1518 = CARTESIAN_POINT('',(-0.679712028593,-1.39744640652E-02,
    -0.217537588243));
#1519 = CARTESIAN_POINT('',(-0.814439493872,-1.44637988643E-02,
    -0.199101054094));
#1520 = CARTESIAN_POINT('',(-0.870762235092,-4.960023244165E-03,
    -0.192654284876));
#1521 = CARTESIAN_POINT('',(-0.924170894077,-1.930636096087E-02,
    -0.189305347159));
#1522 = CARTESIAN_POINT('',(-0.97975721442,-2.980210484924E-03,
    -0.176506529004));
#1523 = CARTESIAN_POINT('',(-1.035715843861,-1.168316211266E-02,
    -0.17760183038));
#1524 = CARTESIAN_POINT('',(-1.090096475199,-5.052485236689E-03,
    -0.169980849358));
#1525 = CARTESIAN_POINT('',(-0.140072685044,-3.240915299796E-02,
    -0.276570708224));
#1526 = CARTESIAN_POINT('',(-0.219464880853,-2.224826335694E-02,
    -0.273619163657));
#1527 = CARTESIAN_POINT('',(-0.306845441023,-4.937042895394E-02,
    -0.261196054929));
#1528 = CARTESIAN_POINT('',(-0.378529419797,-1.465335453973E-02,
    -0.250191188076));
#1529 = CARTESIAN_POINT('',(-0.464910641462,-2.67244690727E-02,
    -0.243171674332));
#1530 = CARTESIAN_POINT('',(-0.543143347446,-2.440416205165E-02,
    -0.231591157067));
#1531 = CARTESIAN_POINT('',(-0.679712028593,-1.679372736215E-02,
    -0.21676489365));
#1532 = CARTESIAN_POINT('',(-0.814439493872,-1.836705517763E-02,
    -0.198767800783));
#1533 = CARTESIAN_POINT('',(-0.870762235093,-4.579745739539E-03,
    -0.190914518653));
#1534 = CARTESIAN_POINT('',(-0.924170894077,-2.629396685215E-02,
    -0.19017035969));
#1535 = CARTESIAN_POINT('',(-0.979757214421,-2.005937183821E-03,
    -0.174535650174));
#1536 = CARTESIAN_POINT('',(-1.035715843861,-1.4666349572E-02,
    -0.176166498523));
#1537 = CARTESIAN_POINT('',(-1.090096475199,-5.066285684348E-03,
    -0.168202030697));
#1538 = CARTESIAN_POINT('',(-0.140072685044,-3.9207835258E-02,
    -0.276637588364));
#1539 = CARTESIAN_POINT('',(-0.219464880853,-2.725775915657E-02,
    -0.273360788865));
#1540 = CARTESIAN_POINT('',(-0.306845441023,-5.910120452924E-02,
    -0.261873033727));
#1541 = CARTESIAN_POINT('',(-0.378529419797,-1.841285672641E-02,
    -0.249873351329));
#1542 = CARTESIAN_POINT('',(-0.464910641462,-3.17587910445E-02,
    -0.242904707903));
#1543 = CARTESIAN_POINT('',(-0.543143347446,-2.986998833882E-02,
    -0.231667297437));
#1544 = CARTESIAN_POINT('',(-0.679712028593,-1.997477593848E-02,
    -0.216239930232));
#1545 = CARTESIAN_POINT('',(-0.814439493872,-2.265583453215E-02,
    -0.198642632212));
#1546 = CARTESIAN_POINT('',(-0.870762235093,-4.224921436729E-03,
    -0.189423838053));
#1547 = CARTESIAN_POINT('',(-0.924170894077,-3.391124791146E-02,
    -0.191074151528));
#1548 = CARTESIAN_POINT('',(-0.979757214421,-9.009798700246E-04,
    -0.17253698053));
#1549 = CARTESIAN_POINT('',(-1.035715843861,-1.75747128964E-02,
    -0.174408336986));
#1550 = CARTESIAN_POINT('',(-1.090096475199,-4.798577544476E-03,
    -0.166226029954));
#1551 = CARTESIAN_POINT('',(-0.140072685044,-4.751103406608E-02,
    -0.277011449699));
#1552 = CARTESIAN_POINT('',(-0.219464880853,-3.340640832974E-02,
    -0.273495418582));
#1553 = CARTESIAN_POINT('',(-0.306845441023,-7.116343997522E-02,
    -0.262742281862));
#1554 = CARTESIAN_POINT('',(-0.378529419797,-2.243458851543E-02,
    -0.249873565212));
#1555 = CARTESIAN_POINT('',(-0.464910641462,-3.858100655241E-02,
    -0.242810790149));
#1556 = CARTESIAN_POINT('',(-0.543143347446,-3.606484493111E-02,
    -0.231917233985));
#1557 = CARTESIAN_POINT('',(-0.679712028593,-2.432576515176E-02,
    -0.215772696068));
#1558 = CARTESIAN_POINT('',(-0.814439493872,-2.718121598022E-02,
    -0.198455400803));
#1559 = CARTESIAN_POINT('',(-0.870762235093,-5.520133932074E-03,
    -0.187831486516));
#1560 = CARTESIAN_POINT('',(-0.924170894077,-4.018813111932E-02,
    -0.19185809871));
#1561 = CARTESIAN_POINT('',(-0.979757214421,-9.826446120917E-04,
    -0.169703568539));
#1562 = CARTESIAN_POINT('',(-1.035715843861,-1.931559017406E-02,
    -0.17212636467));
#1563 = CARTESIAN_POINT('',(-1.090096475199,-4.634795492473E-03,
    -0.163937440715));
#1564 = CARTESIAN_POINT('',(-0.140072685044,-5.410297937721E-02,
    -0.277375017935));
#1565 = CARTESIAN_POINT('',(-0.219464880853,-3.833680142836E-02,
    -0.273742648201));
#1566 = CARTESIAN_POINT('',(-0.306845441023,-8.070452384041E-02,
    -0.263371500213));
#1567 = CARTESIAN_POINT('',(-0.378529419797,-2.556970178373E-02,
    -0.250033129824));
#1568 = CARTESIAN_POINT('',(-0.464910641462,-4.410411655781E-02,
    -0.242742744805));
#1569 = CARTESIAN_POINT('',(-0.543143347446,-4.089106211864E-02,
    -0.232170851853));
#1570 = CARTESIAN_POINT('',(-0.679712028593,-2.78555499433E-02,
    -0.215411041127));
#1571 = CARTESIAN_POINT('',(-0.814439493872,-3.062063360785E-02,
    -0.198312256827));
#1572 = CARTESIAN_POINT('',(-0.870762235092,-6.822955715651E-03,
    -0.186505925435));
#1573 = CARTESIAN_POINT('',(-0.924170894078,-4.461443993228E-02,
    -0.19254456727));
#1574 = CARTESIAN_POINT('',(-0.97975721442,-1.207993911972E-03,
    -0.167199549358));
#1575 = CARTESIAN_POINT('',(-1.035715843861,-2.02667127691E-02,
    -0.170329431277));
#1576 = CARTESIAN_POINT('',(-1.090096475199,-4.545667780077E-03,
    -0.162149226804));
#1577 = CARTESIAN_POINT('',(-0.140072685044,-6.643957514717E-02,
    -0.278244979872));
#1578 = CARTESIAN_POINT('',(-0.219464880853,-4.8101517684E-02,
    -0.274731542331));
#1579 = CARTESIAN_POINT('',(-0.306845441023,-9.774440162235E-02,
    -0.264206748742));
#1580 = CARTESIAN_POINT('',(-0.378529419797,-3.194820616757E-02,
    -0.250819087209));
#1581 = CARTESIAN_POINT('',(-0.464910641462,-5.431199997969E-02,
    -0.242731215218));
#1582 = CARTESIAN_POINT('',(-0.543143347446,-4.982149768767E-02,
    -0.232684654202));
#1583 = CARTESIAN_POINT('',(-0.679712028593,-3.439175459535E-02,
    -0.214831171198));
#1584 = CARTESIAN_POINT('',(-0.814439493872,-3.66963290428E-02,
    -0.197829760238));
#1585 = CARTESIAN_POINT('',(-0.870762235093,-8.934276051093E-03,
    -0.184145056684));
#1586 = CARTESIAN_POINT('',(-0.924170894077,-5.253021145396E-02,
    -0.193354791817));
#1587 = CARTESIAN_POINT('',(-0.979757214421,-5.281489011935E-04,
    -0.161588951128));
#1588 = CARTESIAN_POINT('',(-1.035715843861,-2.06312451181E-02,
    -0.166997768689));
#1589 = CARTESIAN_POINT('',(-1.090096475199,-4.530441279495E-03,
    -0.158886286619));
#1590 = CARTESIAN_POINT('',(-0.140072685044,-7.721556973983E-02,
    -0.278857839972));
#1591 = CARTESIAN_POINT('',(-0.219464880853,-5.618035048763E-02,
    -0.275757018656));
#1592 = CARTESIAN_POINT('',(-0.306845441023,-0.114404880308,
    -0.264722666342));
#1593 = CARTESIAN_POINT('',(-0.378529419797,-3.409572213097E-02,
    -0.250479346158));
#1594 = CARTESIAN_POINT('',(-0.464910641462,-6.682823554458E-02,
    -0.244063209559));
#1595 = CARTESIAN_POINT('',(-0.543143347446,-5.519456624996E-02,
    -0.231863150649));
#1596 = CARTESIAN_POINT('',(-0.679712028593,-4.251828042741E-02,
    -0.215244363704));
#1597 = CARTESIAN_POINT('',(-0.814439493872,-3.854256375753E-02,
    -0.195472050302));
#1598 = CARTESIAN_POINT('',(-0.870762235092,-1.946226773424E-02,
    -0.18591067684));
#1599 = CARTESIAN_POINT('',(-0.924170894077,-4.674460084424E-02,
    -0.187361808628));
#1600 = CARTESIAN_POINT('',(-0.97975721442,-2.180266047166E-03,
    -0.157406643789));
#1601 = CARTESIAN_POINT('',(-1.035715843861,-1.938355142552E-02,
    -0.163837274516));
#1602 = CARTESIAN_POINT('',(-1.090096475199,-4.647864496003E-03,
    -0.155986137288));
#1603 = CARTESIAN_POINT('',(-0.140072685044,-8.406055990443E-02,
    -0.278853787203));
#1604 = CARTESIAN_POINT('',(-0.219464880853,-6.280343288956E-02,
    -0.277374827433));
#1605 = CARTESIAN_POINT('',(-0.306845441023,-0.122266013903,
    -0.262177760062));
#1606 = CARTESIAN_POINT('',(-0.378529419797,-3.808022305011E-02,
    -0.252283292861));
#1607 = CARTESIAN_POINT('',(-0.464910641462,-7.307631290364E-02,
    -0.243168454671));
#1608 = CARTESIAN_POINT('',(-0.543143347446,-5.924382605769E-02,
    -0.231565955649));
#1609 = CARTESIAN_POINT('',(-0.679712028593,-4.654547503989E-02,
    -0.214351923928));
#1610 = CARTESIAN_POINT('',(-0.814439493872,-4.002653415053E-02,
    -0.194016983528));
#1611 = CARTESIAN_POINT('',(-0.870762235093,-2.262896213791E-02,
    -0.184011834343));
#1612 = CARTESIAN_POINT('',(-0.924170894077,-4.403017002295E-02,
    -0.184311896469));
#1613 = CARTESIAN_POINT('',(-0.979757214421,-2.669505184997E-03,
    -0.154320826955));
#1614 = CARTESIAN_POINT('',(-1.035715843861,-1.8796907284E-02,
    -0.161717990519));
#1615 = CARTESIAN_POINT('',(-1.090096475199,-4.701827993645E-03,
    -0.15398802646));
#1616 = CARTESIAN_POINT('',(-0.140072685044,-8.608354487482E-02,
    -0.278831478669));
#1617 = CARTESIAN_POINT('',(-0.219464880853,-6.48343612144E-02,
    -0.277899237231));
#1618 = CARTESIAN_POINT('',(-0.306845441023,-0.124456622037,
    -0.261283060579));
#1619 = CARTESIAN_POINT('',(-0.378529419797,-3.938279461578E-02,
    -0.252911173174));
#1620 = CARTESIAN_POINT('',(-0.464910641462,-7.484396677564E-02,
    -0.242821406939));
#1621 = CARTESIAN_POINT('',(-0.543143347446,-6.046822150338E-02,
    -0.231484509382));
#1622 = CARTESIAN_POINT('',(-0.679712028593,-4.768305512827E-02,
    -0.214033374334));
#1623 = CARTESIAN_POINT('',(-0.814439493872,-4.047479316408E-02,
    -0.193583055359));
#1624 = CARTESIAN_POINT('',(-0.870762235092,-2.339761448661E-02,
    -0.183308050779));
#1625 = CARTESIAN_POINT('',(-0.924170894077,-4.327594246553E-02,
    -0.183444794683));
#1626 = CARTESIAN_POINT('',(-0.97975721442,-2.785950978569E-03,
    -0.153388516919));
#1627 = CARTESIAN_POINT('',(-1.035715843861,-1.863633961908E-02,
    -0.161085587067));
#1628 = CARTESIAN_POINT('',(-1.090096475199,-4.716481274625E-03,
    -0.153389120733));
#1629 = CARTESIAN_POINT('',(-0.140072685044,-9.017038566743E-02,
    -0.278704531988));
#1630 = CARTESIAN_POINT('',(-0.219464880853,-6.918222173104E-02,
    -0.279105057176));
#1631 = CARTESIAN_POINT('',(-0.306845441023,-0.128450454235,
    -0.258991438125));
#1632 = CARTESIAN_POINT('',(-0.378529419797,-4.240130229669E-02,
    -0.254465774793));
#1633 = CARTESIAN_POINT('',(-0.464910641462,-7.818698684872E-02,
    -0.241864460013));
#1634 = CARTESIAN_POINT('',(-0.543143347446,-6.300814763934E-02,
    -0.231310828238));
#1635 = CARTESIAN_POINT('',(-0.679712028593,-4.98290443353E-02,
    -0.213220205451));
#1636 = CARTESIAN_POINT('',(-0.814439493872,-4.137321679131E-02,
    -0.192654209169));
#1637 = CARTESIAN_POINT('',(-0.870762235092,-2.444411410697E-02,
    -0.181451950823));
#1638 = CARTESIAN_POINT('',(-0.924170894078,-4.189071270708E-02,
    -0.181778456646));
#1639 = CARTESIAN_POINT('',(-0.97975721442,-2.943655843944E-03,
    -0.151450333819));
#1640 = CARTESIAN_POINT('',(-1.035715843861,-1.836324684197E-02,
    -0.159780571045));
#1641 = CARTESIAN_POINT('',(-1.090096475199,-4.741717057585E-03,
    -0.152147368625));
#1642 = CARTESIAN_POINT('',(-0.140072685044,-9.396139966759E-02,
    -0.278385680013));
#1643 = CARTESIAN_POINT('',(-0.219464880853,-7.365013730202E-02,
    -0.280474869466));
#1644 = CARTESIAN_POINT('',(-0.306845441023,-0.131443171601,
    -0.255901532177));
#1645 = CARTESIAN_POINT('',(-0.378529419797,-4.573660622054E-02,
    -0.256345608768));
#1646 = CARTESIAN_POINT('',(-0.464910641462,-8.106355500405E-02,
    -0.240558497296));
#1647 = CARTESIAN_POINT('',(-0.543143347446,-6.53492942619E-02,
    -0.231017157958));
#1648 = CARTESIAN_POINT('',(-0.679712028593,-5.166937125146E-02,
    -0.212188807183));
#1649 = CARTESIAN_POINT('',(-0.814439493872,-4.199121383248E-02,
    -0.191544206914));
#1650 = CARTESIAN_POINT('',(-0.870762235092,-2.48343471851E-02,
    -0.179044137582));
#1651 = CARTESIAN_POINT('',(-0.924170894078,-4.052556731136E-02,
    -0.180311143425));
#1652 = CARTESIAN_POINT('',(-0.97975721442,-3.189423893035E-03,
    -0.149578633483));
#1653 = CARTESIAN_POINT('',(-1.035715843861,-1.818217873505E-02,
    -0.158496151925));
#1654 = CARTESIAN_POINT('',(-1.090096475199,-4.756620678231E-03,
    -0.150919524641));
#1655 = CARTESIAN_POINT('',(-0.140072685044,-9.940728446355E-02,
    -0.277567724743));
#1656 = CARTESIAN_POINT('',(-0.219464880853,-8.06383271613E-02,
    -0.282652654911));
#1657 = CARTESIAN_POINT('',(-0.306845441023,-0.134877900498,
    -0.250228326294));
#1658 = CARTESIAN_POINT('',(-0.378529419797,-5.103456331342E-02,
    -0.259262185504));
#1659 = CARTESIAN_POINT('',(-0.464910641462,-8.513473934381E-02,
    -0.238374796317));
#1660 = CARTESIAN_POINT('',(-0.543143347446,-6.851970663958E-02,
    -0.230131509589));
#1661 = CARTESIAN_POINT('',(-0.679712028593,-5.427005678763E-02,
    -0.210503754314));
#1662 = CARTESIAN_POINT('',(-0.814439493872,-4.233069350534E-02,
    -0.189265027592));
#1663 = CARTESIAN_POINT('',(-0.870762235093,-2.472585112437E-02,
    -0.175056350878));
#1664 = CARTESIAN_POINT('',(-0.924170894077,-3.922416339644E-02,
    -0.178467729148));
#1665 = CARTESIAN_POINT('',(-0.979757214421,-3.399330439458E-03,
    -0.146645732217));
#1666 = CARTESIAN_POINT('',(-1.035715843861,-1.802236035627E-02,
    -0.156530909484));
#1667 = CARTESIAN_POINT('',(-1.090096475199,-4.769050070846E-03,
    -0.149025972407));
#1668 = CARTESIAN_POINT('',(-0.140072685044,-0.103832668771,
    -0.276454227161));
#1669 = CARTESIAN_POINT('',(-0.219464880853,-8.716192300137E-02,
    -0.284780793262));
#1670 = CARTESIAN_POINT('',(-0.306845441023,-0.136290268613,
    -0.243862460503));
#1671 = CARTESIAN_POINT('',(-0.378529419797,-5.636286189734E-02,
    -0.262183996628));
#1672 = CARTESIAN_POINT('',(-0.464910641462,-8.80303043588E-02,
    -0.235972323662));
#1673 = CARTESIAN_POINT('',(-0.543143347446,-7.10469022497E-02,
    -0.228972551693));
#1674 = CARTESIAN_POINT('',(-0.679712028593,-5.610508397643E-02,
    -0.208717513396));
#1675 = CARTESIAN_POINT('',(-0.814439493872,-4.215388660855E-02,
    -0.18672779244));
#1676 = CARTESIAN_POINT('',(-0.870762235092,-2.355220544019E-02,
    -0.171026266056));
#1677 = CARTESIAN_POINT('',(-0.924170894077,-3.930198599741E-02,
    -0.177454037157));
#1678 = CARTESIAN_POINT('',(-0.97975721442,-3.293123045591E-03,
    -0.143906203112));
#1679 = CARTESIAN_POINT('',(-1.035715843861,-1.80153515629E-02,
    -0.154789113731));
#1680 = CARTESIAN_POINT('',(-1.090096475199,-4.769137936339E-03,
    -0.147326673194));
#1681 = CARTESIAN_POINT('',(-0.140072685044,-0.107804425521,
    -0.274550706105));
#1682 = CARTESIAN_POINT('',(-0.219464880853,-9.509946792033E-02,
    -0.287830015893));
#1683 = CARTESIAN_POINT('',(-0.306845441023,-0.133882337004,
    -0.233654065746));
#1684 = CARTESIAN_POINT('',(-0.378529419797,-6.443909957609E-02,
    -0.267204871407));
#1685 = CARTESIAN_POINT('',(-0.464910641462,-8.869911480705E-02,
    -0.231411384033));
#1686 = CARTESIAN_POINT('',(-0.543143347446,-7.38620079395E-02,
    -0.227708592123));
#1687 = CARTESIAN_POINT('',(-0.679712028593,-5.645679039455E-02,
    -0.205511697417));
#1688 = CARTESIAN_POINT('',(-0.814439493872,-4.189393229808E-02,
    -0.18388940208));
#1689 = CARTESIAN_POINT('',(-0.870762235093,-2.213641905728E-02,
    -0.166781005541));
#1690 = CARTESIAN_POINT('',(-0.924170894077,-3.996137366871E-02,
    -0.176560537756));
#1691 = CARTESIAN_POINT('',(-0.979757214421,-3.064079533908E-03,
    -0.140947735235));
#1692 = CARTESIAN_POINT('',(-1.035715843861,-1.812235403196E-02,
    -0.152914794148));
#1693 = CARTESIAN_POINT('',(-1.090096475199,-4.75883648922E-03,
    -0.14548788298));
#1694 = CARTESIAN_POINT('',(-0.140072685044,-0.110788090831,
    -0.272539596513));
#1695 = CARTESIAN_POINT('',(-0.219464880853,-0.101663313863,
    -0.290256046393));
#1696 = CARTESIAN_POINT('',(-0.306845441023,-0.13128779292,
    -0.224372943409));
#1697 = CARTESIAN_POINT('',(-0.378529419797,-7.070182487364E-02,
    -0.270963005636));
#1698 = CARTESIAN_POINT('',(-0.464910641462,-8.948598028914E-02,
    -0.227669897413));
#1699 = CARTESIAN_POINT('',(-0.543143347446,-7.56007245567E-02,
    -0.226031441879));
#1700 = CARTESIAN_POINT('',(-0.679712028593,-5.655797006087E-02,
    -0.202602505359));
#1701 = CARTESIAN_POINT('',(-0.814439493872,-4.145458059787E-02,
    -0.181276569745));
#1702 = CARTESIAN_POINT('',(-0.870762235093,-2.155388812853E-02,
    -0.1636643435));
#1703 = CARTESIAN_POINT('',(-0.924170894077,-4.032322430962E-02,
    -0.175570189155));
#1704 = CARTESIAN_POINT('',(-0.979757214421,-2.930554124686E-03,
    -0.138478796507));
#1705 = CARTESIAN_POINT('',(-1.035715843861,-1.824372024069E-02,
    -0.151300214237));
#1706 = CARTESIAN_POINT('',(-1.090096475199,-4.746534435926E-03,
    -0.143907044119));
#1707 = CARTESIAN_POINT('',(-0.140072685044,-0.112587203131,
    -0.270711971607));
#1708 = CARTESIAN_POINT('',(-0.219464880853,-0.106052304192,
    -0.29168645476));
#1709 = CARTESIAN_POINT('',(-0.306845441023,-0.129325478,-0.217443245052
    ));
#1710 = CARTESIAN_POINT('',(-0.378529419797,-7.416642151703E-02,
    -0.272767382223));
#1711 = CARTESIAN_POINT('',(-0.464910641462,-9.065915090277E-02,
    -0.225423580275));
#1712 = CARTESIAN_POINT('',(-0.543143347446,-7.608068706279E-02,
    -0.224101537404));
#1713 = CARTESIAN_POINT('',(-0.679712028593,-5.656477261411E-02,
    -0.200423995501));
#1714 = CARTESIAN_POINT('',(-0.814439493872,-4.101694450123E-02,
    -0.179257331798));
#1715 = CARTESIAN_POINT('',(-0.870762235093,-2.153444530048E-02,
    -0.161719980162));
#1716 = CARTESIAN_POINT('',(-0.924170894077,-4.047266983375E-02,
    -0.174703064653));
#1717 = CARTESIAN_POINT('',(-0.979757214421,-2.872098545003E-03,
    -0.13670974107));
#1718 = CARTESIAN_POINT('',(-1.035715843861,-1.835325523802E-02,
    -0.150109892863));
#1719 = CARTESIAN_POINT('',(-1.090096475199,-4.735178972377E-03,
    -0.14274360469));
#1720 = CARTESIAN_POINT('',(-0.140072685044,-0.114176460436,
    -0.26830432543));
#1721 = CARTESIAN_POINT('',(-0.219464880853,-0.112111134145,
    -0.294327336613));
#1722 = CARTESIAN_POINT('',(-0.306845441023,-0.123659701706,
    -0.206619495279));
#1723 = CARTESIAN_POINT('',(-0.378529419797,-8.080235573443E-02,
    -0.27723340311));
#1724 = CARTESIAN_POINT('',(-0.464910641462,-8.982372694857E-02,
    -0.22103468056));
#1725 = CARTESIAN_POINT('',(-0.543143347446,-7.665038093326E-02,
    -0.221975601011));
#1726 = CARTESIAN_POINT('',(-0.679712028593,-5.618206684737E-02,
    -0.197681173817));
#1727 = CARTESIAN_POINT('',(-0.814439493872,-4.079113970278E-02,
    -0.177214286259));
#1728 = CARTESIAN_POINT('',(-0.870762235093,-2.139882032781E-02,
    -0.159469749493));
#1729 = CARTESIAN_POINT('',(-0.924170894077,-4.074564280061E-02,
    -0.1737985938));
#1730 = CARTESIAN_POINT('',(-0.979757214421,-2.792161775605E-03,
    -0.134729213356));
#1731 = CARTESIAN_POINT('',(-1.035715843861,-1.84833578513E-02,
    -0.148784004515));
#1732 = CARTESIAN_POINT('',(-1.090096475199,-4.721976997851E-03,
    -0.141446638742));
#1733 = CARTESIAN_POINT('',(-0.140072685044,-0.114810809969,
    -0.267013551712));
#1734 = CARTESIAN_POINT('',(-0.219464880853,-0.115293177167,
    -0.295825478695));
#1735 = CARTESIAN_POINT('',(-0.306845441023,-0.120045284665,
    -0.200597330087));
#1736 = CARTESIAN_POINT('',(-0.378529419797,-8.465389852656E-02,
    -0.279954865557));
#1737 = CARTESIAN_POINT('',(-0.464910641462,-8.885057451533E-02,
    -0.218408490542));
#1738 = CARTESIAN_POINT('',(-0.543143347446,-7.693568728269E-02,
    -0.220948680398));
#1739 = CARTESIAN_POINT('',(-0.679712028593,-5.587365093581E-02,
    -0.196252059659));
#1740 = CARTESIAN_POINT('',(-0.814439493872,-4.078079684929E-02,
    -0.176300962583));
#1741 = CARTESIAN_POINT('',(-0.870762235093,-2.127212485797E-02,
    -0.158331432252));
#1742 = CARTESIAN_POINT('',(-0.924170894077,-4.09228281406E-02,
    -0.17338886984));
#1743 = CARTESIAN_POINT('',(-0.979757214421,-2.746040382536E-03,
    -0.133762484839));
#1744 = CARTESIAN_POINT('',(-1.035715843861,-1.854834136927E-02,
    -0.148140926937));
#1745 = CARTESIAN_POINT('',(-1.090096475199,-4.715494568229E-03,
    -0.140817131152));
#1746 = CARTESIAN_POINT('',(-0.140072685044,-0.115458549976,
    -0.265232207167));
#1747 = CARTESIAN_POINT('',(-0.219464880853,-0.119068924092,
    -0.297497088616));
#1748 = CARTESIAN_POINT('',(-0.306845441023,-0.11554355946,
    -0.193017833775));
#1749 = CARTESIAN_POINT('',(-0.378529419796,-8.913986053421E-02,
    -0.283052421599));
#1750 = CARTESIAN_POINT('',(-0.464910641462,-8.758378856849E-02,
    -0.215044918136));
#1751 = CARTESIAN_POINT('',(-0.543143347446,-7.720609326069E-02,
    -0.21956502807));
#1752 = CARTESIAN_POINT('',(-0.679712028593,-5.547200322354E-02,
    -0.194431155434));
#1753 = CARTESIAN_POINT('',(-0.814439493872,-4.081510934739E-02,
    -0.175177171645));
#1754 = CARTESIAN_POINT('',(-0.870762235093,-2.109872635411E-02,
    -0.15687626588));
#1755 = CARTESIAN_POINT('',(-0.924170894077,-4.116415345334E-02,
    -0.172878369042));
#1756 = CARTESIAN_POINT('',(-0.979757214421,-2.68653040547E-03,
    -0.132531856009));
#1757 = CARTESIAN_POINT('',(-1.035715843861,-1.862897360236E-02,
    -0.147323982456));
#1758 = CARTESIAN_POINT('',(-1.090096475199,-4.707519405683E-03,
    -0.140017568114));
#1759 = CARTESIAN_POINT('',(-0.140072685044,-0.115728392919,
    -0.264268885623));
#1760 = CARTESIAN_POINT('',(-0.219464880853,-0.120916133123,
    -0.298282295759));
#1761 = CARTESIAN_POINT('',(-0.306845441023,-0.113240851164,
    -0.189140232102));
#1762 = CARTESIAN_POINT('',(-0.378529419797,-9.130331440383E-02,
    -0.284523656881));
#1763 = CARTESIAN_POINT('',(-0.464910641462,-8.691958976091E-02,
    -0.213311779327));
#1764 = CARTESIAN_POINT('',(-0.543143347446,-7.730931141706E-02,
    -0.218829490834));
#1765 = CARTESIAN_POINT('',(-0.679712028593,-5.526692720936E-02,
    -0.193502707289));
#1766 = CARTESIAN_POINT('',(-0.814439493872,-4.084858312491E-02,
    -0.174616013252));
#1767 = CARTESIAN_POINT('',(-0.870762235093,-2.100742633256E-02,
    -0.156131654067));
#1768 = CARTESIAN_POINT('',(-0.924170894077,-4.129220943725E-02,
    -0.172620902418));
#1769 = CARTESIAN_POINT('',(-0.979757214421,-2.656088453822E-03,
    -0.131903046734));
#1770 = CARTESIAN_POINT('',(-1.035715843861,-1.866920039221E-02,
    -0.146907104217));
#1771 = CARTESIAN_POINT('',(-1.090096475199,-4.703565643516E-03,
    -0.139609639622));
#1772 = CARTESIAN_POINT('',(-0.140072685044,-0.115987319375,
    -0.263007299959));
#1773 = CARTESIAN_POINT('',(-0.219464880853,-0.122968725299,
    -0.299047906095));
#1774 = CARTESIAN_POINT('',(-0.306845441023,-0.110585402637,
    -0.184503951859));
#1775 = CARTESIAN_POINT('',(-0.378529419797,-9.370704500705E-02,
    -0.286106746337));
#1776 = CARTESIAN_POINT('',(-0.464910641462,-8.615165010259E-02,
    -0.211208123578));
#1777 = CARTESIAN_POINT('',(-0.543143347446,-7.738109672055E-02,
    -0.217871768463));
#1778 = CARTESIAN_POINT('',(-0.679712028593,-5.504418964272E-02,
    -0.192378111374));
#1779 = CARTESIAN_POINT('',(-0.814439493872,-4.089252993903E-02,
    -0.173922164027));
#1780 = CARTESIAN_POINT('',(-0.870762235093,-2.090583881982E-02,
    -0.155217491319));
#1781 = CARTESIAN_POINT('',(-0.924170894077,-4.144740150389E-02,
    -0.172299370492));
#1782 = CARTESIAN_POINT('',(-0.979757214421,-2.62030607387E-03,
    -0.131123650151));
#1783 = CARTESIAN_POINT('',(-1.035715843861,-1.871670922255E-02,
    -0.146390325136));
#1784 = CARTESIAN_POINT('',(-1.090096475199,-4.698914598784E-03,
    -0.139104239166));
#1785 = CARTESIAN_POINT('',(-0.140072685044,-0.116082703063,
    -0.262439151933));
#1786 = CARTESIAN_POINT('',(-0.219464880853,-0.123804105481,
    -0.299327753949));
#1787 = CARTESIAN_POINT('',(-0.306845441023,-0.109478822649,
    -0.182522663241));
#1788 = CARTESIAN_POINT('',(-0.378529419797,-9.468697125969E-02,
    -0.286737230564));
#1789 = CARTESIAN_POINT('',(-0.464910641462,-8.583163520042E-02,
    -0.210300519294));
#1790 = CARTESIAN_POINT('',(-0.543143347446,-7.73983536101E-02,
    -0.217441061805));
#1791 = CARTESIAN_POINT('',(-0.679712028593,-5.495541928208E-02,
    -0.19189316618));
#1792 = CARTESIAN_POINT('',(-0.814439493872,-4.091180693601E-02,
    -0.173618488696));
#1793 = CARTESIAN_POINT('',(-0.870762235093,-2.086469567919E-02,
    -0.154819927413));
#1794 = CARTESIAN_POINT('',(-0.924170894077,-4.151414720275E-02,
    -0.172157869064));
#1795 = CARTESIAN_POINT('',(-0.979757214421,-2.60518878642E-03,
    -0.130782589931));
#1796 = CARTESIAN_POINT('',(-1.035715843861,-1.873688689934E-02,
    -0.146164144611));
#1797 = CARTESIAN_POINT('',(-1.090096475199,-4.696943558801E-03,
    -0.138883114184));
#1798 = CARTESIAN_POINT('',(-0.140072685044,-0.116192556646,
    -0.261645702236));
#1799 = CARTESIAN_POINT('',(-0.219464880853,-0.124863856873,
    -0.299639484319));
#1800 = CARTESIAN_POINT('',(-0.306845441023,-0.10804792724,
    -0.179886715624));
#1801 = CARTESIAN_POINT('',(-0.378529419797,-9.592740283002E-02,
    -0.28751444914));
#1802 = CARTESIAN_POINT('',(-0.464910641462,-8.542234412543E-02,
    -0.20908416132));
#1803 = CARTESIAN_POINT('',(-0.543143347446,-7.740261729137E-02,
    -0.216837745892));
#1804 = CARTESIAN_POINT('',(-0.679712028593,-5.484961730332E-02,
    -0.191243943004));
#1805 = CARTESIAN_POINT('',(-0.814439493872,-4.093576468843E-02,
    -0.17320217647));
#1806 = CARTESIAN_POINT('',(-0.870762235093,-2.08148493114E-02,
    -0.15428212703));
#1807 = CARTESIAN_POINT('',(-0.924170894077,-4.160239485726E-02,
    -0.17196290981));
#1808 = CARTESIAN_POINT('',(-0.979757214421,-2.585533379155E-03,
    -0.130317338918));
#1809 = CARTESIAN_POINT('',(-1.035715843861,-1.876346995308E-02,
    -0.145855450274));
#1810 = CARTESIAN_POINT('',(-1.090096475199,-4.694350733829E-03,
    -0.138581441404));
#1811 = CARTESIAN_POINT('',(-0.140072685044,-0.116291347186,
    -0.260789797676));
#1812 = CARTESIAN_POINT('',(-0.219464880853,-0.125916472506,
    -0.299908678388));
#1813 = CARTESIAN_POINT('',(-0.306845441023,-0.106601256839,
    -0.177154120675));
#1814 = CARTESIAN_POINT('',(-0.378529419797,-9.715787879804E-02,
    -0.288266057109));
#1815 = CARTESIAN_POINT('',(-0.464910641462,-8.501170046177E-02,
    -0.207814498128));
#1816 = CARTESIAN_POINT('',(-0.543143347446,-7.739111890004E-02,
    -0.216185963635));
#1817 = CARTESIAN_POINT('',(-0.679712028593,-5.475058661786E-02,
    -0.190567066064));
#1818 = CARTESIAN_POINT('',(-0.814439493872,-4.095919818825E-02,
    -0.172759749739));
#1819 = CARTESIAN_POINT('',(-0.870762235093,-2.076747934703E-02,
    -0.153716645042));
#1820 = CARTESIAN_POINT('',(-0.924170894077,-4.169335368344E-02,
    -0.171754849791));
#1821 = CARTESIAN_POINT('',(-0.979757214421,-2.565573100405E-03,
    -0.12982478237));
#1822 = CARTESIAN_POINT('',(-1.035715843861,-1.879076137674E-02,
    -0.14552851521));
#1823 = CARTESIAN_POINT('',(-1.090096475199,-4.691692531666E-03,
    -0.138262050557));
#1824 = CARTESIAN_POINT('',(-0.140072685044,-0.116434537784,
    -0.258895528554));
#1825 = CARTESIAN_POINT('',(-0.219464880853,-0.127892585228,
    -0.300240934451));
#1826 = CARTESIAN_POINT('',(-0.306845441023,-0.103774694297,
    -0.171535948768));
#1827 = CARTESIAN_POINT('',(-0.378529419797,-9.94801131033E-02,
    -0.289605327116));
#1828 = CARTESIAN_POINT('',(-0.464910641462,-8.420213661606E-02,
    -0.205151414122));
#1829 = CARTESIAN_POINT('',(-0.543143347446,-7.731763866209E-02,
    -0.214751287162));
#1830 = CARTESIAN_POINT('',(-0.679712028593,-5.458412379836E-02,
    -0.189154398454));
#1831 = CARTESIAN_POINT('',(-0.814439493872,-4.100389976278E-02,
    -0.171807858767));
#1832 = CARTESIAN_POINT('',(-0.870762235093,-2.068600678927E-02,
    -0.152519904788));
#1833 = CARTESIAN_POINT('',(-0.924170894077,-4.187844263275E-02,
    -0.17130343158));
#1834 = CARTESIAN_POINT('',(-0.979757214421,-2.525738208287E-03,
    -0.128769702095));
#1835 = CARTESIAN_POINT('',(-1.035715843861,-1.884536716612E-02,
    -0.144828228625));
#1836 = CARTESIAN_POINT('',(-1.090096475199,-4.68636327688E-03,
    -0.137578265324));
#1837 = CARTESIAN_POINT('',(-0.140072685044,-0.116469192186,
    -0.256501639078));
#1838 = CARTESIAN_POINT('',(-0.219464880853,-0.129681469601,
    -0.300126313394));
#1839 = CARTESIAN_POINT('',(-0.306845441023,-0.10094345449,
    -0.165287339391));
#1840 = CARTESIAN_POINT('',(-0.378529419797,-0.101677289518,
    -0.290696912671));
#1841 = CARTESIAN_POINT('',(-0.464910641462,-8.330397262983E-02,
    -0.202017099307));
#1842 = CARTESIAN_POINT('',(-0.543143347446,-7.717991432222E-02,
    -0.212993417403));
#1843 = CARTESIAN_POINT('',(-0.679712028593,-5.445693138608E-02,
    -0.187519652386));
#1844 = CARTESIAN_POINT('',(-0.814439493872,-4.105501476293E-02,
    -0.170663906713));
#1845 = CARTESIAN_POINT('',(-0.870762235093,-2.061916887416E-02,
    -0.151109748749));
#1846 = CARTESIAN_POINT('',(-0.924170894077,-4.208834591245E-02,
    -0.170751306277));
#1847 = CARTESIAN_POINT('',(-0.979757214421,-2.477095664223E-03,
    -0.127502671969));
#1848 = CARTESIAN_POINT('',(-1.035715843861,-1.890312107129E-02,
    -0.143988508158));
#1849 = CARTESIAN_POINT('',(-1.090096475199,-4.680781454401E-03,
    -0.136758924289));
#1850 = CARTESIAN_POINT('',(-0.140072685044,-0.116380960382,
    -0.253481415007));
#1851 = CARTESIAN_POINT('',(-0.219464880853,-0.131208112793,
    -0.299411927879));
#1852 = CARTESIAN_POINT('',(-0.306845441023,-9.810495978188E-02,
    -0.158243126772));
#1853 = CARTESIAN_POINT('',(-0.378529419796,-0.103909219698,
    -0.291627837342));
#1854 = CARTESIAN_POINT('',(-0.464910641462,-8.205481558867E-02,
    -0.198079781439));
#1855 = CARTESIAN_POINT('',(-0.543143347446,-7.713192027156E-02,
    -0.210968918837));
#1856 = CARTESIAN_POINT('',(-0.679712028593,-5.431385624408E-02,
    -0.185540999275));
#1857 = CARTESIAN_POINT('',(-0.814439493872,-4.113415396237E-02,
    -0.169293305592));
#1858 = CARTESIAN_POINT('',(-0.870762235093,-2.057770747134E-02,
    -0.149419127601));
#1859 = CARTESIAN_POINT('',(-0.924170894077,-4.230054807821E-02,
    -0.170059857986));
#1860 = CARTESIAN_POINT('',(-0.979757214421,-2.426040586715E-03,
    -0.125966317304));
#1861 = CARTESIAN_POINT('',(-1.035715843861,-1.896219881958E-02,
    -0.142969506598));
#1862 = CARTESIAN_POINT('',(-1.090096475199,-4.675067772008E-03,
    -0.135765739094));
#1863 = CARTESIAN_POINT('',(-0.140072685044,-0.116214963003,
    -0.250482852254));
#1864 = CARTESIAN_POINT('',(-0.219464880853,-0.13187475871,
    -0.298000289143));
#1865 = CARTESIAN_POINT('',(-0.306845441023,-9.648468124813E-02,
    -0.152414232947));
#1866 = CARTESIAN_POINT('',(-0.378529419796,-0.105090389994,
    -0.291665663445));
#1867 = CARTESIAN_POINT('',(-0.464910641462,-8.113087057137E-02,
    -0.194514475191));
#1868 = CARTESIAN_POINT('',(-0.543143347446,-7.71043078527E-02,
    -0.209028005553));
#1869 = CARTESIAN_POINT('',(-0.679712028593,-5.422391045629E-02,
    -0.183659784762));
#1870 = CARTESIAN_POINT('',(-0.814439493872,-4.120618030628E-02,
    -0.167965065078));
#1871 = CARTESIAN_POINT('',(-0.870762235092,-2.059818507831E-02,
    -0.147813116326));
#1872 = CARTESIAN_POINT('',(-0.924170894077,-4.244054126244E-02,
    -0.16935600249));
#1873 = CARTESIAN_POINT('',(-0.97975721442,-2.391942536447E-03,
    -0.124482320129));
#1874 = CARTESIAN_POINT('',(-1.035715843861,-1.900921087311E-02,
    -0.141981266991));
#1875 = CARTESIAN_POINT('',(-1.090096475199,-4.670439417119E-03,
    -0.134803867253));
#1876 = CARTESIAN_POINT('',(-0.140072685044,-0.11604409935,
    -0.247921435028));
#1877 = CARTESIAN_POINT('',(-0.219464880853,-0.131340336378,
    -0.295839582679));
#1878 = CARTESIAN_POINT('',(-0.306845441023,-9.699040789443E-02,
    -0.149136943544));
#1879 = CARTESIAN_POINT('',(-0.378529419796,-0.104367124569,
    -0.290187838909));
#1880 = CARTESIAN_POINT('',(-0.464910641462,-8.117990254235E-02,
    -0.192227416296));
#1881 = CARTESIAN_POINT('',(-0.543143347446,-7.699342753927E-02,
    -0.207313065132));
#1882 = CARTESIAN_POINT('',(-0.679712028593,-5.423424518292E-02,
    -0.182141540229));
#1883 = CARTESIAN_POINT('',(-0.814439493872,-4.124808207073E-02,
    -0.166828348211));
#1884 = CARTESIAN_POINT('',(-0.870762235092,-2.06650557894E-02,
    -0.146484148244));
#1885 = CARTESIAN_POINT('',(-0.924170894077,-4.250536412848E-02,
    -0.168733487824));
#1886 = CARTESIAN_POINT('',(-0.97975721442,-2.375449765779E-03,
    -0.123231399416));
#1887 = CARTESIAN_POINT('',(-1.035715843861,-1.903970568515E-02,
    -0.141145373204));
#1888 = CARTESIAN_POINT('',(-1.090096475199,-4.667362601411E-03,
    -0.133991404137));
#1889 = CARTESIAN_POINT('',(-0.140072685044,-0.115928556966,
    -0.24605174011));
#1890 = CARTESIAN_POINT('',(-0.219464880853,-0.13068021154,
    -0.294015824786));
#1891 = CARTESIAN_POINT('',(-0.306845441023,-9.781808137374E-02,
    -0.147140384132));
#1892 = CARTESIAN_POINT('',(-0.378529419796,-0.103516839607,
    -0.288820022465));
#1893 = CARTESIAN_POINT('',(-0.464910641462,-8.137537909737E-02,
    -0.190691929346));
#1894 = CARTESIAN_POINT('',(-0.543143347446,-7.690745695362E-02,
    -0.206050765012));
#1895 = CARTESIAN_POINT('',(-0.679712028593,-5.4261165438E-02,
    -0.181044494158));
#1896 = CARTESIAN_POINT('',(-0.814439493872,-4.127707179565E-02,
    -0.165993547319));
#1897 = CARTESIAN_POINT('',(-0.870762235093,-2.07207753551E-02,
    -0.145510836359));
#1898 = CARTESIAN_POINT('',(-0.924170894077,-4.253796106178E-02,
    -0.168271107305));
#1899 = CARTESIAN_POINT('',(-0.979757214421,-2.366705527739E-03,
    -0.122313784906));
#1900 = CARTESIAN_POINT('',(-1.035715843861,-1.905810125196E-02,
    -0.140532145646));
#1901 = CARTESIAN_POINT('',(-1.090096475199,-4.665482932666E-03,
    -0.133395731464));
#1902 = CARTESIAN_POINT('',(-0.140072685044,-0.115879658622,
    -0.245198956529));
#1903 = CARTESIAN_POINT('',(-0.219464880853,-0.130369127228,
    -0.293172450548));
#1904 = CARTESIAN_POINT('',(-0.306845441023,-9.821449798647E-02,
    -0.146241757749));
#1905 = CARTESIAN_POINT('',(-0.378529419796,-0.103128633732,
    -0.288194283297));
#1906 = CARTESIAN_POINT('',(-0.464910641462,-8.147048763982E-02,
    -0.189993867566));
#1907 = CARTESIAN_POINT('',(-0.543143347446,-7.687169330171E-02,
    -0.20547555446));
#1908 = CARTESIAN_POINT('',(-0.679712028593,-5.427546215558E-02,
    -0.180543680435));
#1909 = CARTESIAN_POINT('',(-0.814439493872,-4.129080036494E-02,
    -0.165611601686));
#1910 = CARTESIAN_POINT('',(-0.870762235093,-2.074634076033E-02,
    -0.14506420038));
#1911 = CARTESIAN_POINT('',(-0.924170894077,-4.255032514332E-02,
    -0.168058608674));
#1912 = CARTESIAN_POINT('',(-0.979757214421,-2.363264564352E-03,
    -0.121893277211));
#1913 = CARTESIAN_POINT('',(-1.035715843861,-1.906564401859E-02,
    -0.140251227382));
#1914 = CARTESIAN_POINT('',(-1.090096475199,-4.664707502999E-03,
    -0.133122925034));
#1915 = CARTESIAN_POINT('',(-0.140072685044,-0.115806539049,
    -0.243810493566));
#1916 = CARTESIAN_POINT('',(-0.219464880853,-0.129871739715,
    -0.291802947511));
#1917 = CARTESIAN_POINT('',(-0.306845441023,-9.885825992314E-02,
    -0.144769009789));
#1918 = CARTESIAN_POINT('',(-0.378529419796,-0.102509296439,
    -0.287183924411));
#1919 = CARTESIAN_POINT('',(-0.464910641462,-8.16267705027E-02,
    -0.1888536555));
#1920 = CARTESIAN_POINT('',(-0.543143347446,-7.681802101261E-02,
    -0.204538726878));
#1921 = CARTESIAN_POINT('',(-0.679712028593,-5.430021941613E-02,
    -0.17972596849));
#1922 = CARTESIAN_POINT('',(-0.814439493872,-4.131400764752E-02,
    -0.164987606319));
#1923 = CARTESIAN_POINT('',(-0.870762235093,-2.078693723133E-02,
    -0.144332033284));
#1924 = CARTESIAN_POINT('',(-0.924170894077,-4.256853050263E-02,
    -0.167710868134));
#1925 = CARTESIAN_POINT('',(-0.979757214421,-2.3580612818E-03,
    -0.12120523477));
#1926 = CARTESIAN_POINT('',(-1.035715843861,-1.907703148875E-02,
    -0.139791797789));
#1927 = CARTESIAN_POINT('',(-1.090096475199,-4.663532883641E-03,
    -0.132676826411));
#1928 = CARTESIAN_POINT('',(-0.140072685044,-0.115646576667,
    -0.240140006635));
#1929 = CARTESIAN_POINT('',(-0.219464880853,-0.128638245866,
    -0.288231972785));
#1930 = CARTESIAN_POINT('',(-0.306845441023,-0.100514424005,
    -0.140793677797));
#1931 = CARTESIAN_POINT('',(-0.378529419797,-0.10095985798,
    -0.284575616556));
#1932 = CARTESIAN_POINT('',(-0.464910641462,-8.20390351149E-02,
    -0.185813916961));
#1933 = CARTESIAN_POINT('',(-0.543143347446,-7.670099364328E-02,
    -0.202061693409));
#1934 = CARTESIAN_POINT('',(-0.679712028593,-5.437214638321E-02,
    -0.177551674239));
#1935 = CARTESIAN_POINT('',(-0.814439493872,-4.138016677054E-02,
    -0.163327367392));
#1936 = CARTESIAN_POINT('',(-0.870762235092,-2.08870809128E-02,
    -0.142369644075));
#1937 = CARTESIAN_POINT('',(-0.924170894077,-4.260788034991E-02,
    -0.166783362566));
#1938 = CARTESIAN_POINT('',(-0.97975721442,-2.346083433419E-03,
    -0.119368732012));
#1939 = CARTESIAN_POINT('',(-1.035715843861,-1.910254626188E-02,
    -0.138566755523));
#1940 = CARTESIAN_POINT('',(-1.090096475199,-4.660881781532E-03,
    -0.131487643759));
#1941 = CARTESIAN_POINT('',(-0.140072685044,-0.115569131371,
    -0.234350880843));
#1942 = CARTESIAN_POINT('',(-0.219464880853,-0.127203310887,
    -0.282916524163));
#1943 = CARTESIAN_POINT('',(-0.306845441023,-0.102732641589,
    -0.133991328018));
#1944 = CARTESIAN_POINT('',(-0.378529419797,-9.912168584551E-02,
    -0.280878075632));
#1945 = CARTESIAN_POINT('',(-0.464910641462,-8.260468039466E-02,
    -0.180844856332));
#1946 = CARTESIAN_POINT('',(-0.543143347446,-7.667460970513E-02,
    -0.198164350695));
#1947 = CARTESIAN_POINT('',(-0.679712028593,-5.44857856786E-02,
    -0.174037103188));
#1948 = CARTESIAN_POINT('',(-0.814439493872,-4.152297820539E-02,
    -0.160659078495));
#1949 = CARTESIAN_POINT('',(-0.870762235092,-2.092235930684E-02,
    -0.139075430897));
#1950 = CARTESIAN_POINT('',(-0.924170894077,-4.267412765151E-02,
    -0.165313322398));
#1951 = CARTESIAN_POINT('',(-0.97975721442,-2.324125841991E-03,
    -0.116370009026));
#1952 = CARTESIAN_POINT('',(-1.035715843861,-1.91184945817E-02,
    -0.136580242295));
#1953 = CARTESIAN_POINT('',(-1.090096475199,-4.659221755432E-03,
    -0.129560199038));
#1954 = CARTESIAN_POINT('',(-0.140072685044,-0.115654153817,
    -0.228078188997));
#1955 = CARTESIAN_POINT('',(-0.219464880853,-0.126460529548,
    -0.277680157841));
#1956 = CARTESIAN_POINT('',(-0.306845441023,-0.104215416422,
    -0.125763295016));
#1957 = CARTESIAN_POINT('',(-0.378529419797,-9.81219171226E-02,
    -0.277480027264));
#1958 = CARTESIAN_POINT('',(-0.464910641462,-8.302572939762E-02,
    -0.175300410906));
#1959 = CARTESIAN_POINT('',(-0.543143347446,-7.676829526761E-02,
    -0.193886345515));
#1960 = CARTESIAN_POINT('',(-0.679712028593,-5.464371558713E-02,
    -0.17019782477));
#1961 = CARTESIAN_POINT('',(-0.814439493872,-4.157135550141E-02,
    -0.15760103811));
#1962 = CARTESIAN_POINT('',(-0.870762235092,-2.101597143465E-02,
    -0.1354470147));
#1963 = CARTESIAN_POINT('',(-0.924170894077,-4.263891415421E-02,
    -0.163637892824));
#1964 = CARTESIAN_POINT('',(-0.97975721442,-2.324793203674E-03,
    -0.113035991404));
#1965 = CARTESIAN_POINT('',(-1.035715843861,-1.910240290771E-02,
    -0.134373427062));
#1966 = CARTESIAN_POINT('',(-1.090096475199,-4.660630234764E-03,
    -0.127421880466));
#1967 = CARTESIAN_POINT('',(-0.140072685044,-0.115761097343,
    -0.223202439969));
#1968 = CARTESIAN_POINT('',(-0.219464880853,-0.12648101448,
    -0.274019362758));
#1969 = CARTESIAN_POINT('',(-0.306845441023,-0.10441021058,
    -0.118661394172));
#1970 = CARTESIAN_POINT('',(-0.378529419797,-9.826294926294E-02,
    -0.275409655966));
#1971 = CARTESIAN_POINT('',(-0.464910641462,-8.294613009067E-02,
    -0.170760111715));
#1972 = CARTESIAN_POINT('',(-0.543143347446,-7.698776417891E-02,
    -0.190600330272));
#1973 = CARTESIAN_POINT('',(-0.679712028593,-5.463226490183E-02,
    -0.167119303038));
#1974 = CARTESIAN_POINT('',(-0.814439493872,-4.162357344147E-02,
    -0.155206412722));
#1975 = CARTESIAN_POINT('',(-0.870762235092,-2.105066514634E-02,
    -0.132573240445));
#1976 = CARTESIAN_POINT('',(-0.924170894077,-4.258927687002E-02,
    -0.162326787527));
#1977 = CARTESIAN_POINT('',(-0.97975721442,-2.33182566092E-03,
    -0.110418010011));
#1978 = CARTESIAN_POINT('',(-1.035715843861,-1.907501596274E-02,
    -0.132644907004));
#1979 = CARTESIAN_POINT('',(-1.090096475199,-4.663198685918E-03,
    -0.125747914438));
#1980 = CARTESIAN_POINT('',(-0.140072685044,-0.115820397757,
    -0.220501715267));
#1981 = CARTESIAN_POINT('',(-0.219464880853,-0.126687512947,
    -0.272126251432));
#1982 = CARTESIAN_POINT('',(-0.306845441023,-0.104182087012,
    -0.11450924089));
#1983 = CARTESIAN_POINT('',(-0.378529419797,-9.860782715457E-02,
    -0.274408212611));
#1984 = CARTESIAN_POINT('',(-0.464910641462,-8.280726064333E-02,
    -0.168224677324));
#1985 = CARTESIAN_POINT('',(-0.543143347446,-7.711708080729E-02,
    -0.188763258957));
#1986 = CARTESIAN_POINT('',(-0.679712028593,-5.459869436294E-02,
    -0.165406655809));
#1987 = CARTESIAN_POINT('',(-0.814439493872,-4.165081233299E-02,
    -0.153873878327));
#1988 = CARTESIAN_POINT('',(-0.870762235092,-2.106182921327E-02,
    -0.130974989985));
#1989 = CARTESIAN_POINT('',(-0.924170894077,-4.255258470329E-02,
    -0.16159912507));
#1990 = CARTESIAN_POINT('',(-0.97975721442,-2.33871405115E-03,
    -0.108965963924));
#1991 = CARTESIAN_POINT('',(-1.035715843861,-1.905521265396E-02,
    -0.13168725852));
#1992 = CARTESIAN_POINT('',(-1.090096475199,-4.66507285129E-03,
    -0.124820802417));
#1993 = CARTESIAN_POINT('',(-0.140072685044,-0.115851396013,
    -0.218920942609));
#1994 = CARTESIAN_POINT('',(-0.219464880853,-0.12688415875,
    -0.271077915747));
#1995 = CARTESIAN_POINT('',(-0.306845441023,-0.103899667851,
    -0.111972162302));
#1996 = CARTESIAN_POINT('',(-0.378529419797,-9.89379059925E-02,
    -0.273914147482));
#1997 = CARTESIAN_POINT('',(-0.464910641462,-8.266065891418E-02,
    -0.166701333089));
#1998 = CARTESIAN_POINT('',(-0.543143347446,-7.720189112516E-02,
    -0.187692905366));
#1999 = CARTESIAN_POINT('',(-0.679712028593,-5.456888097738E-02,
    -0.164401176761));
#2000 = CARTESIAN_POINT('',(-0.814439493872,-4.166755240704E-02,
    -0.153095174119));
#2001 = CARTESIAN_POINT('',(-0.870762235092,-2.106523846448E-02,
    -0.130038810899));
#2002 = CARTESIAN_POINT('',(-0.924170894077,-4.252956235154E-02,
    -0.161174316382));
#2003 = CARTESIAN_POINT('',(-0.97975721442,-2.343428696921E-03,
    -0.108117273501));
#2004 = CARTESIAN_POINT('',(-1.035715843861,-1.904263966431E-02,
    -0.131127855518));
#2005 = CARTESIAN_POINT('',(-1.090096475199,-4.666265448629E-03,
    -0.124279295101));
#2006 = CARTESIAN_POINT('',(-0.140072685044,-0.115860233337,
    -0.218451616234));
#2007 = CARTESIAN_POINT('',(-0.219464880853,-0.126949233476,
    -0.270771932859));
#2008 = CARTESIAN_POINT('',(-0.306845441023,-0.103802439845,
    -0.111209400165));
#2009 = CARTESIAN_POINT('',(-0.378529419797,-9.904759092077E-02,
    -0.273775851895));
#2010 = CARTESIAN_POINT('',(-0.464910641462,-8.261103760356E-02,
    -0.166245375973));
#2011 = CARTESIAN_POINT('',(-0.543143347446,-7.72279312092E-02,
    -0.187375611352));
#2012 = CARTESIAN_POINT('',(-0.679712028593,-5.455908597296E-02,
    -0.164102376443));
#2013 = CARTESIAN_POINT('',(-0.814439493872,-4.167259980642E-02,
    -0.15286410915));
#2014 = CARTESIAN_POINT('',(-0.870762235092,-2.106595982658E-02,
    -0.129760807355));
#2015 = CARTESIAN_POINT('',(-0.924170894077,-4.252258895357E-02,
    -0.161048301825));
#2016 = CARTESIAN_POINT('',(-0.97975721442,-2.344890973209E-03,
    -0.107865423178));
#2017 = CARTESIAN_POINT('',(-1.035715843861,-1.903881791776E-02,
    -0.130961881509));
#2018 = CARTESIAN_POINT('',(-1.090096475199,-4.666628178422E-03,
    -0.124118635939));
#2019 = CARTESIAN_POINT('',(-0.140072685044,-0.115876816099,
    -0.217523403018));
#2020 = CARTESIAN_POINT('',(-0.219464880853,-0.127085423297,
    -0.270172382382));
#2021 = CARTESIAN_POINT('',(-0.306845441023,-0.103593314843,
    -0.109690424247));
#2022 = CARTESIAN_POINT('',(-0.378529419797,-9.927935144239E-02,
    -0.273512067164));
#2023 = CARTESIAN_POINT('',(-0.464910641462,-8.250440018423E-02,
    -0.165339338746));
#2024 = CARTESIAN_POINT('',(-0.543143347446,-7.728057008483E-02,
    -0.186748751627));
#2025 = CARTESIAN_POINT('',(-0.679712028593,-5.453815312864E-02,
    -0.163511182686));
#2026 = CARTESIAN_POINT('',(-0.814439493872,-4.168265334155E-02,
    -0.152407394534));
#2027 = CARTESIAN_POINT('',(-0.870762235092,-2.106689472919E-02,
    -0.129211031972));
#2028 = CARTESIAN_POINT('',(-0.924170894077,-4.250852519201E-02,
    -0.160799317783));
#2029 = CARTESIAN_POINT('',(-0.97975721442,-2.347909220335E-03,
    -0.107367660149));
#2030 = CARTESIAN_POINT('',(-1.035715843861,-1.903110032064E-02,
    -0.130633898315));
#2031 = CARTESIAN_POINT('',(-1.090096475199,-4.667360955387E-03,
    -0.123801165124));
#2032 = CARTESIAN_POINT('',(-0.140072685044,-0.116010935397,
    -0.209332213333));
#2033 = CARTESIAN_POINT('',(-0.219464880853,-0.128371647927,
    -0.264942639355));
#2034 = CARTESIAN_POINT('',(-0.306845441023,-0.101546786209,
    -9.616847667072E-02));
#2035 = CARTESIAN_POINT('',(-0.378529419797,-0.101502564908,
    -0.271296164371));
#2036 = CARTESIAN_POINT('',(-0.464910641462,-8.1457534339E-02,
    -0.157294140584));
#2037 = CARTESIAN_POINT('',(-0.543143347446,-7.775900854054E-02,
    -0.181224797504));
#2038 = CARTESIAN_POINT('',(-0.679712028593,-5.43328760391E-02,
    -0.158291393273));
#2039 = CARTESIAN_POINT('',(-0.814439493872,-4.177209550468E-02,
    -0.148380601475));
#2040 = CARTESIAN_POINT('',(-0.870762235092,-2.106863323683E-02,
    -0.124360250413));
#2041 = CARTESIAN_POINT('',(-0.924170894077,-4.238066045408E-02,
    -0.158605370443));
#2042 = CARTESIAN_POINT('',(-0.97975721442,-2.376294524099E-03,
    -0.102979662628));
#2043 = CARTESIAN_POINT('',(-1.035715843861,-1.896084968629E-02,
    -0.127743276097));
#2044 = CARTESIAN_POINT('',(-1.090096475199,-4.67403454535E-03,
    -0.121003322834));
#2045 = CARTESIAN_POINT('',(-0.140072685044,-0.115994098352,
    -0.201044981433));
#2046 = CARTESIAN_POINT('',(-0.219464880853,-0.129565817976,
    -0.25941664108));
#2047 = CARTESIAN_POINT('',(-0.306845441023,-9.915270761669E-02,
    -8.289583176583E-02));
#2048 = CARTESIAN_POINT('',(-0.378529419797,-0.103954772861,
    -0.268733192978));
#2049 = CARTESIAN_POINT('',(-0.464910641462,-7.994415313137E-02,
    -0.149254438769));
#2050 = CARTESIAN_POINT('',(-0.543143347446,-7.82766505624E-02,
    -0.175626097459));
#2051 = CARTESIAN_POINT('',(-0.679712028593,-5.393368521321E-02,
    -0.153026359489));
#2052 = CARTESIAN_POINT('',(-0.814439493872,-4.185034119275E-02,
    -0.144334898489));
#2053 = CARTESIAN_POINT('',(-0.870762235092,-2.100628900406E-02,
    -0.119476329243));
#2054 = CARTESIAN_POINT('',(-0.924170894077,-4.220112211269E-02,
    -0.156422869341));
#2055 = CARTESIAN_POINT('',(-0.97975721442,-2.429323149351E-03,
    -9.859997118394E-02));
#2056 = CARTESIAN_POINT('',(-1.035715843861,-1.88655277698E-02,
    -0.124865417732));
#2057 = CARTESIAN_POINT('',(-1.090096475199,-4.683091779594E-03,
    -0.118219374136));
#2058 = CARTESIAN_POINT('',(-0.140072685044,-0.115951125972,
    -0.193179023682));
#2059 = CARTESIAN_POINT('',(-0.219464880853,-0.130033684932,
    -0.254011944478));
#2060 = CARTESIAN_POINT('',(-0.306845441023,-9.809742702016E-02,
    -7.057244872487E-02));
#2061 = CARTESIAN_POINT('',(-0.378529419797,-0.104996061272,
    -0.266094069925));
#2062 = CARTESIAN_POINT('',(-0.464910641462,-7.920933098813E-02,
    -0.141667275477));
#2063 = CARTESIAN_POINT('',(-0.543143347446,-7.853443142914E-02,
    -0.170311665225));
#2064 = CARTESIAN_POINT('',(-0.679712028593,-5.36390567568E-02,
    -0.148027041088));
#2065 = CARTESIAN_POINT('',(-0.814439493872,-4.190121229639E-02,
    -0.140516117729));
#2066 = CARTESIAN_POINT('',(-0.870762235093,-2.094616244425E-02,
    -0.114831619174));
#2067 = CARTESIAN_POINT('',(-0.924170894077,-4.207499991143E-02,
    -0.154397374031));
#2068 = CARTESIAN_POINT('',(-0.979757214421,-2.494859999804E-03,
    -9.446429602766E-02));
#2069 = CARTESIAN_POINT('',(-1.035715843861,-1.880615581528E-02,
    -0.12214563879));
#2070 = CARTESIAN_POINT('',(-1.090096475199,-4.688401090374E-03,
    -0.115585702271));
#2071 = CARTESIAN_POINT('',(-0.140072685044,-0.115947230164,
    -0.19247344302));
#2072 = CARTESIAN_POINT('',(-0.219464880853,-0.130074613945,
    -0.253526892542));
#2073 = CARTESIAN_POINT('',(-0.306845441023,-9.800467070902E-02,
    -6.946746064012E-02));
#2074 = CARTESIAN_POINT('',(-0.378529419797,-0.10508745566,
    -0.265857019134));
#2075 = CARTESIAN_POINT('',(-0.464910641462,-7.91445149343E-02,
    -0.140986770264));
#2076 = CARTESIAN_POINT('',(-0.543143347446,-7.855719030598E-02,
    -0.169834957562));
#2077 = CARTESIAN_POINT('',(-0.679712028593,-5.361276011641E-02,
    -0.147578596114));
#2078 = CARTESIAN_POINT('',(-0.814439493872,-4.190574028136E-02,
    -0.14017360436));
#2079 = CARTESIAN_POINT('',(-0.870762235092,-2.094076302282E-02,
    -0.114414970775));
#2080 = CARTESIAN_POINT('',(-0.924170894077,-4.206376287401E-02,
    -0.154215759185));
#2081 = CARTESIAN_POINT('',(-0.97975721442,-2.500758505289E-03,
    -9.409335592963E-02));
#2082 = CARTESIAN_POINT('',(-1.035715843861,-1.880087931381E-02,
    -0.121901691345));
#2083 = CARTESIAN_POINT('',(-1.090096475199,-4.688872183596E-03,
    -0.115349473855));
#2084 = CARTESIAN_POINT('',(-0.140072685044,-0.115928855903,
    -0.189302555101));
#2085 = CARTESIAN_POINT('',(-0.219464880853,-0.130235314032,
    -0.251341600485));
#2086 = CARTESIAN_POINT('',(-0.306845441023,-9.763056298731E-02,
    -6.451102021205E-02));
#2087 = CARTESIAN_POINT('',(-0.378529419797,-0.105453115121,
    -0.264784672726));
#2088 = CARTESIAN_POINT('',(-0.464910641462,-7.887794512785E-02,
    -0.137930026764));
#2089 = CARTESIAN_POINT('',(-0.543143347446,-7.865133672177E-02,
    -0.167692638121));
#2090 = CARTESIAN_POINT('',(-0.679712028593,-5.349754434772E-02,
    -0.145563182481));
#2091 = CARTESIAN_POINT('',(-0.814439493872,-4.192536900925E-02,
    -0.138635096346));
#2092 = CARTESIAN_POINT('',(-0.870762235092,-2.091614100602E-02,
    -0.112542141612));
#2093 = CARTESIAN_POINT('',(-0.924170894077,-4.201531471542E-02,
    -0.153401276183));
#2094 = CARTESIAN_POINT('',(-0.97975721442,-2.527525863429E-03,
    -9.2427010219E-02));
#2095 = CARTESIAN_POINT('',(-1.035715843861,-1.877828861765E-02,
    -0.120805780819));
#2096 = CARTESIAN_POINT('',(-1.090096475199,-4.690875587939E-03,
    -0.114288143853));
#2097 = CARTESIAN_POINT('',(-0.140072685044,-0.115899651079,
    -0.184917090826));
#2098 = CARTESIAN_POINT('',(-0.219464880853,-0.130301355075,
    -0.248285549305));
#2099 = CARTESIAN_POINT('',(-0.306845441023,-9.74074172236E-02,
    -5.771378472289E-02));
#2100 = CARTESIAN_POINT('',(-0.378529419797,-0.105650929191,
    -0.263258902029));
#2101 = CARTESIAN_POINT('',(-0.464910641462,-7.868208605925E-02,
    -0.133710200512));
#2102 = CARTESIAN_POINT('',(-0.543143347446,-7.872682214062E-02,
    -0.164730366426));
#2103 = CARTESIAN_POINT('',(-0.679712028593,-5.335953920083E-02,
    -0.142774385476));
#2104 = CARTESIAN_POINT('',(-0.814439493872,-4.19492924162E-02,
    -0.136512521565));
#2105 = CARTESIAN_POINT('',(-0.870762235092,-2.087487872633E-02,
    -0.109946924047));
#2106 = CARTESIAN_POINT('',(-0.924170894077,-4.197007081973E-02,
    -0.152288387119));
#2107 = CARTESIAN_POINT('',(-0.97975721442,-2.562902133022E-03,
    -9.012473087657E-02));
#2108 = CARTESIAN_POINT('',(-1.035715843861,-1.875425357578E-02,
    -0.119292170613));
#2109 = CARTESIAN_POINT('',(-1.090096475199,-4.692944103475E-03,
    -0.112821593432));
#2110 = CARTESIAN_POINT('',(-0.140072685044,-0.115875245043,
    -0.180557330469));
#2111 = CARTESIAN_POINT('',(-0.219464880853,-0.130116175182,
    -0.245205980126));
#2112 = CARTESIAN_POINT('',(-0.306845441023,-9.769724468172E-02,
    -5.102874154293E-02));
#2113 = CARTESIAN_POINT('',(-0.378529419796,-0.105318154312,
    -0.261685600733));
#2114 = CARTESIAN_POINT('',(-0.464910641462,-7.88143239358E-02,
    -0.129529438981));
#2115 = CARTESIAN_POINT('',(-0.543143347446,-7.870185967966E-02,
    -0.161782263351));
#2116 = CARTESIAN_POINT('',(-0.679712028593,-5.328185469092E-02,
    -0.140004484263));
#2117 = CARTESIAN_POINT('',(-0.814439493872,-4.19572036195E-02,
    -0.134403021795));
#2118 = CARTESIAN_POINT('',(-0.870762235092,-2.086661109927E-02,
    -0.107377198628));
#2119 = CARTESIAN_POINT('',(-0.924170894077,-4.192400532168E-02,
    -0.15118125535));
#2120 = CARTESIAN_POINT('',(-0.97975721442,-2.599884235639E-03,
    -8.783807069506E-02));
#2121 = CARTESIAN_POINT('',(-1.035715843861,-1.87375990972E-02,
    -0.117786853101));
#2122 = CARTESIAN_POINT('',(-1.090096475199,-4.694248181693E-03,
    -0.111362598215));
#2123 = CARTESIAN_POINT('',(-0.140072685044,-0.115866688411,
    -0.17867187208));
#2124 = CARTESIAN_POINT('',(-0.219464880853,-0.129978443619,
    -0.243866387187));
#2125 = CARTESIAN_POINT('',(-0.306845441023,-9.794324719449E-02,
    -4.815099599382E-02));
#2126 = CARTESIAN_POINT('',(-0.378529419797,-0.105050674581,
    -0.260995468804));
#2127 = CARTESIAN_POINT('',(-0.464910641462,-7.894913799715E-02,
    -0.12772274082));
#2128 = CARTESIAN_POINT('',(-0.543143347446,-7.866853670735E-02,
    -0.16050740983));
#2129 = CARTESIAN_POINT('',(-0.679712028593,-5.326188111364E-02,
    -0.138806132089));
#2130 = CARTESIAN_POINT('',(-0.814439493872,-4.19584951967E-02,
    -0.133491657596));
#2131 = CARTESIAN_POINT('',(-0.870762235092,-2.086701425708E-02,
    -0.106265590464));
#2132 = CARTESIAN_POINT('',(-0.924170894077,-4.190531827764E-02,
    -0.150702944517));
#2133 = CARTESIAN_POINT('',(-0.97975721442,-2.615564316672E-03,
    -8.684889236738E-02));
#2134 = CARTESIAN_POINT('',(-1.035715843861,-1.873184410264E-02,
    -0.117135441192));
#2135 = CARTESIAN_POINT('',(-1.090096475199,-4.694665881826E-03,
    -0.110731117583));
#2136 = CARTESIAN_POINT('',(-0.140072685044,-0.115864213154,
    -0.178073398853));
#2137 = CARTESIAN_POINT('',(-0.219464880853,-0.129928702709,
    -0.243440383863));
#2138 = CARTESIAN_POINT('',(-0.306845441023,-9.803406421315E-02,
    -4.723893752499E-02));
#2139 = CARTESIAN_POINT('',(-0.378529419797,-0.104952728568,
    -0.260775359519));
#2140 = CARTESIAN_POINT('',(-0.464910641462,-7.900023422884E-02,
    -0.127149479491));
#2141 = CARTESIAN_POINT('',(-0.543143347446,-7.865553110481E-02,
    -0.160102713015));
#2142 = CARTESIAN_POINT('',(-0.679712028593,-5.325709719723E-02,
    -0.138425768664));
#2143 = CARTESIAN_POINT('',(-0.814439493872,-4.195858834074E-02,
    -0.133202405301));
#2144 = CARTESIAN_POINT('',(-0.870762235092,-2.086760699416E-02,
    -0.105912737619));
#2145 = CARTESIAN_POINT('',(-0.924170894077,-4.189947467728E-02,
    -0.150551137863));
#2146 = CARTESIAN_POINT('',(-0.97975721442,-2.620503614722E-03,
    -8.653486920399E-02));
#2147 = CARTESIAN_POINT('',(-1.035715843861,-1.873015581583E-02,
    -0.116928619304));
#2148 = CARTESIAN_POINT('',(-1.090096475199,-4.694784459623E-03,
    -0.110530613139));
#2149 = CARTESIAN_POINT('',(-0.140072685044,-0.115860975742,
    -0.17728382898));
#2150 = CARTESIAN_POINT('',(-0.219464880853,-0.129862368943,
    -0.242878261365));
#2151 = CARTESIAN_POINT('',(-0.306845441023,-9.815538251527E-02,
    -4.60358156955E-02));
#2152 = CARTESIAN_POINT('',(-0.378529419797,-0.104821967963,
    -0.260484843788));
#2153 = CARTESIAN_POINT('',(-0.464910641462,-7.906862685443E-02,
    -0.126393197592));
#2154 = CARTESIAN_POINT('',(-0.543143347446,-7.863808572286E-02,
    -0.159568788988));
#2155 = CARTESIAN_POINT('',(-0.679712028593,-5.32509701978E-02,
    -0.137923954523));
#2156 = CARTESIAN_POINT('',(-0.814439493872,-4.195867323346E-02,
    -0.132820795812));
#2157 = CARTESIAN_POINT('',(-0.870762235092,-2.086844415208E-02,
    -0.105447215347));
#2158 = CARTESIAN_POINT('',(-0.924170894077,-4.189177528927E-02,
    -0.150350860087));
#2159 = CARTESIAN_POINT('',(-0.97975721442,-2.62701556984E-03,
    -8.612057126278E-02));
#2160 = CARTESIAN_POINT('',(-1.035715843861,-1.872794469936E-02,
    -0.116655751432));
#2161 = CARTESIAN_POINT('',(-1.090096475199,-4.694939255697E-03,
    -0.110266078852));
#2162 = CARTESIAN_POINT('',(-0.140072685044,-0.115856392335,
    -0.176002253918));
#2163 = CARTESIAN_POINT('',(-0.219464880853,-0.129737679739,
    -0.241963603449));
#2164 = CARTESIAN_POINT('',(-0.306845441023,-9.838827512305E-02,
    -4.408693349374E-02));
#2165 = CARTESIAN_POINT('',(-0.378529419797,-0.104572885939,
    -0.26001031242));
#2166 = CARTESIAN_POINT('',(-0.464910641462,-7.920311076777E-02,
    -0.125166286348));
#2167 = CARTESIAN_POINT('',(-0.543143347446,-7.860290202227E-02,
    -0.158702044888));
#2168 = CARTESIAN_POINT('',(-0.679712028593,-5.324544705522E-02,
    -0.137109500303));
#2169 = CARTESIAN_POINT('',(-0.814439493872,-4.195789372068E-02,
    -0.132201462387));
#2170 = CARTESIAN_POINT('',(-0.870762235092,-2.08711260589E-02,
    -0.104691590683));
#2171 = CARTESIAN_POINT('',(-0.924170894077,-4.18795159097E-02,
    -0.150025823658));
#2172 = CARTESIAN_POINT('',(-0.97975721442,-2.637477393312E-03,
    -8.544799273907E-02));
#2173 = CARTESIAN_POINT('',(-1.035715843861,-1.872474295791E-02,
    -0.116212700493));
#2174 = CARTESIAN_POINT('',(-1.090096475199,-4.695151331128E-03,
    -0.109836529174));
#2175 = CARTESIAN_POINT('',(-0.140072685044,-0.115851386348,
    -0.174203961664));
#2176 = CARTESIAN_POINT('',(-0.219464880853,-0.12952543307,
    -0.240678393258));
#2177 = CARTESIAN_POINT('',(-0.306845441023,-9.879519204907E-02,
    -4.135535270982E-02));
#2178 = CARTESIAN_POINT('',(-0.378529419797,-0.104138124799,
    -0.259342141844));
#2179 = CARTESIAN_POINT('',(-0.464910641462,-7.944912127401E-02,
    -0.123445247313));
#2180 = CARTESIAN_POINT('',(-0.543143347446,-7.853617784632E-02,
    -0.157485660759));
#2181 = CARTESIAN_POINT('',(-0.679712028593,-5.32496639887E-02,
    -0.13596740795));
#2182 = CARTESIAN_POINT('',(-0.814439493872,-4.195378660395E-02,
    -0.131332242655));
#2183 = CARTESIAN_POINT('',(-0.870762235093,-2.087854851519E-02,
    -0.103631583055));
#2184 = CARTESIAN_POINT('',(-0.924170894077,-4.186259244275E-02,
    -0.149569658069));
#2185 = CARTESIAN_POINT('',(-0.979757214421,-2.651836894757E-03,
    -8.450400676899E-02));
#2186 = CARTESIAN_POINT('',(-1.035715843861,-1.872111186573E-02,
    -0.115590674498));
#2187 = CARTESIAN_POINT('',(-1.090096475199,-4.695361652387E-03,
    -0.109233393913));
#2188 = CARTESIAN_POINT('',(-0.140072685044,-0.115848483522,
    -0.172862775941));
#2189 = CARTESIAN_POINT('',(-0.219464880853,-0.129345948059,
    -0.239720957224));
#2190 = CARTESIAN_POINT('',(-0.306845441023,-9.914482625667E-02,
    -3.931592678876E-02));
#2191 = CARTESIAN_POINT('',(-0.378529419797,-0.103763677745,
    -0.25884613463));
#2192 = CARTESIAN_POINT('',(-0.464910641462,-7.966729363274E-02,
    -0.122160245996));
#2193 = CARTESIAN_POINT('',(-0.543143347446,-7.847610271721E-02,
    -0.156579067618));
#2194 = CARTESIAN_POINT('',(-0.679712028593,-5.325993736798E-02,
    -0.135115721216));
#2195 = CARTESIAN_POINT('',(-0.814439493872,-4.194891909151E-02,
    -0.130683979976));
#2196 = CARTESIAN_POINT('',(-0.870762235093,-2.088620275802E-02,
    -0.102841089099));
#2197 = CARTESIAN_POINT('',(-0.924170894077,-4.185021950101E-02,
    -0.149229432235));
#2198 = CARTESIAN_POINT('',(-0.979757214421,-2.662270156043E-03,
    -8.379982198781E-02));
#2199 = CARTESIAN_POINT('',(-1.035715843861,-1.871892918536E-02,
    -0.115126553286));
#2200 = CARTESIAN_POINT('',(-1.090096475199,-4.695465656076E-03,
    -0.108783327578));
#2201 = CARTESIAN_POINT('',(-0.140072685044,-0.115827674138,
    -0.160796600633));
#2202 = CARTESIAN_POINT('',(-0.219464880853,-0.127595312039,
    -0.231118415197));
#2203 = CARTESIAN_POINT('',(-0.306845441023,-0.102590804468,
    -2.094886415341E-02));
#2204 = CARTESIAN_POINT('',(-0.378529419797,-0.100058827421,
    -0.254397033872));
#2205 = CARTESIAN_POINT('',(-0.464910641462,-8.186988922222E-02,
    -0.11059809776));
#2206 = CARTESIAN_POINT('',(-0.543143347446,-7.786543701127E-02,
    -0.148424733087));
#2207 = CARTESIAN_POINT('',(-0.679712028593,-5.340037240582E-02,
    -0.127454798309));
#2208 = CARTESIAN_POINT('',(-0.814439493872,-4.189277886464E-02,
    -0.124851565665));
#2209 = CARTESIAN_POINT('',(-0.870762235093,-2.096886745056E-02,
    -9.57300319965E-02));
#2210 = CARTESIAN_POINT('',(-0.924170894077,-4.174098785637E-02,
    -0.146168277191));
#2211 = CARTESIAN_POINT('',(-0.979757214421,-2.75372118547E-03,
    -7.74635428308E-02));
#2212 = CARTESIAN_POINT('',(-1.035715843861,-1.870282441794E-02,
    -0.110949619733));
#2213 = CARTESIAN_POINT('',(-1.090096475199,-4.696048339613E-03,
    -0.104732612678));
#2214 = CARTESIAN_POINT('',(-0.140072685044,-0.11587623204,
    -0.149311839833));
#2215 = CARTESIAN_POINT('',(-0.219464880853,-0.124420680992,
    -0.223265284983));
#2216 = CARTESIAN_POINT('',(-0.306845441023,-0.109287745693,
    -2.861830942703E-03));
#2217 = CARTESIAN_POINT('',(-0.378529419796,-9.261567696833E-02,
    -0.250664260123));
#2218 = CARTESIAN_POINT('',(-0.464910641462,-8.688673284287E-02,
    -9.943516772721E-02));
#2219 = CARTESIAN_POINT('',(-0.543143347446,-7.640084027226E-02,
    -0.140709188563));
#2220 = CARTESIAN_POINT('',(-0.679712028593,-5.414666531219E-02,
    -0.120171018457));
#2221 = CARTESIAN_POINT('',(-0.814439493872,-4.168265404179E-02,
    -0.119300685785));
#2222 = CARTESIAN_POINT('',(-0.870762235093,-2.122016776601E-02,
    -8.896863228774E-02));
#2223 = CARTESIAN_POINT('',(-0.924170894077,-4.167088559569E-02,
    -0.143251922095));
#2224 = CARTESIAN_POINT('',(-0.979757214421,-2.803973631635E-03,
    -7.141937879886E-02));
#2225 = CARTESIAN_POINT('',(-1.035715843861,-1.873441165083E-02,
    -0.106955417405));
#2226 = CARTESIAN_POINT('',(-1.090096475199,-4.691937245631E-03,
    -0.100855484788));
#2227 = CARTESIAN_POINT('',(-0.140072685044,-0.115864047363,
    -0.137613900636));
#2228 = CARTESIAN_POINT('',(-0.219464880853,-0.123622333731,
    -0.21468174317));
#2229 = CARTESIAN_POINT('',(-0.306845441023,-0.111070364252,
    1.449920307176E-02));
#2230 = CARTESIAN_POINT('',(-0.378529419797,-9.021598060745E-02,
    -0.24596124323));
#2231 = CARTESIAN_POINT('',(-0.464910641462,-8.888105206397E-02,
    -8.83886216157E-02));
#2232 = CARTESIAN_POINT('',(-0.543143347446,-7.558837542121E-02,
    -0.132761360799));
#2233 = CARTESIAN_POINT('',(-0.679712028593,-5.456432485923E-02,
    -0.112740939236));
#2234 = CARTESIAN_POINT('',(-0.814439493872,-4.155055164902E-02,
    -0.113641241646));
#2235 = CARTESIAN_POINT('',(-0.870762235092,-2.123643229294E-02,
    -8.2092574671E-02));
#2236 = CARTESIAN_POINT('',(-0.924170894077,-4.180327670492E-02,
    -0.14025827626));
#2237 = CARTESIAN_POINT('',(-0.97975721442,-2.663310181702E-03,
    -6.526132848398E-02));
#2238 = CARTESIAN_POINT('',(-1.035715843861,-1.878209752665E-02,
    -0.102881066924));
#2239 = CARTESIAN_POINT('',(-1.090096475199,-4.687031745089E-03,
    -9.689906048224E-02));
#2240 = CARTESIAN_POINT('',(-0.140072685044,-0.115860164217,
    -0.134591951454));
#2241 = CARTESIAN_POINT('',(-0.219464880853,-0.123445169146,
    -0.21245736414));
#2242 = CARTESIAN_POINT('',(-0.306845441023,-0.111470748344,
    1.897144309582E-02));
#2243 = CARTESIAN_POINT('',(-0.378529419797,-8.965788050306E-02,
    -0.244735558201));
#2244 = CARTESIAN_POINT('',(-0.464910641462,-8.935907598293E-02,
    -8.553880727116E-02));
#2245 = CARTESIAN_POINT('',(-0.543143347446,-7.538659736581E-02,
    -0.130707122354));
#2246 = CARTESIAN_POINT('',(-0.679712028593,-5.46681299955E-02,
    -0.110821381536));
#2247 = CARTESIAN_POINT('',(-0.814439493872,-4.151740381807E-02,
    -0.112179161573));
#2248 = CARTESIAN_POINT('',(-0.870762235092,-2.123777522013E-02,
    -8.031639980637E-02));
#2249 = CARTESIAN_POINT('',(-0.924170894077,-4.183990562185E-02,
    -0.139484646543));
#2250 = CARTESIAN_POINT('',(-0.97975721442,-2.624686690212E-03,
    -6.367048850014E-02));
#2251 = CARTESIAN_POINT('',(-1.035715843861,-1.87946005413E-02,
    -0.101828461452));
#2252 = CARTESIAN_POINT('',(-1.090096475199,-4.685756002309E-03,
    -9.587690337964E-02));
#2253 = CARTESIAN_POINT('',(-0.140072685044,-0.115851292846,
    -0.131069576047));
#2254 = CARTESIAN_POINT('',(-0.219464880853,-0.123459865738,
    -0.20981231394));
#2255 = CARTESIAN_POINT('',(-0.306845441023,-0.111487774943,
    2.408993629975E-02));
#2256 = CARTESIAN_POINT('',(-0.378529419797,-8.946693365863E-02,
    -0.243227707392));
#2257 = CARTESIAN_POINT('',(-0.464910641462,-8.963929772116E-02,
    -8.224563237187E-02));
#2258 = CARTESIAN_POINT('',(-0.543143347446,-7.521256318136E-02,
    -0.128305077718));
#2259 = CARTESIAN_POINT('',(-0.679712028593,-5.475767837619E-02,
    -0.108583131294));
#2260 = CARTESIAN_POINT('',(-0.814439493872,-4.148634062907E-02,
    -0.110474585723));
#2261 = CARTESIAN_POINT('',(-0.870762235092,-2.121834172522E-02,
    -7.82471150346E-02));
#2262 = CARTESIAN_POINT('',(-0.924170894077,-4.189976225974E-02,
    -0.138581002404));
#2263 = CARTESIAN_POINT('',(-0.97975721442,-2.563540983127E-03,
    -6.181622361236E-02));
#2264 = CARTESIAN_POINT('',(-1.035715843861,-1.881031325285E-02,
    -0.100601178447));
#2265 = CARTESIAN_POINT('',(-1.090096475199,-4.684225636467E-03,
    -9.46850083316E-02));
#2266 = CARTESIAN_POINT('',(-0.140072685044,-0.115842535256,
    -0.127958599448));
#2267 = CARTESIAN_POINT('',(-0.219464880853,-0.123669098722,
    -0.207422071644));
#2268 = CARTESIAN_POINT('',(-0.306845441023,-0.111093107932,
    2.851322532523E-02));
#2269 = CARTESIAN_POINT('',(-0.378529419797,-8.976167935016E-02,
    -0.241814268184));
#2270 = CARTESIAN_POINT('',(-0.464910641462,-8.957786535038E-02,
    -7.936697950619E-02));
#2271 = CARTESIAN_POINT('',(-0.543143347446,-7.513341366653E-02,
    -0.126175841671));
#2272 = CARTESIAN_POINT('',(-0.679712028593,-5.479573260822E-02,
    -0.106605578683));
#2273 = CARTESIAN_POINT('',(-0.814439493872,-4.146868975517E-02,
    -0.108969192283));
#2274 = CARTESIAN_POINT('',(-0.870762235092,-2.117660503122E-02,
    -7.642093128428E-02));
#2275 = CARTESIAN_POINT('',(-0.924170894077,-4.197024870055E-02,
    -0.137781151889));
#2276 = CARTESIAN_POINT('',(-0.97975721442,-2.492851663725E-03,
    -6.017919337049E-02));
#2277 = CARTESIAN_POINT('',(-1.035715843861,-1.882468374246E-02,
    -9.951742684001E-02));
#2278 = CARTESIAN_POINT('',(-1.090096475199,-4.682899569337E-03,
    -9.363243904347E-02));
#2279 = CARTESIAN_POINT('',(-0.140072685044,-0.11583973744,
    -0.126971988333));
#2280 = CARTESIAN_POINT('',(-0.219464880853,-0.123747975225,
    -0.206660515655));
#2281 = CARTESIAN_POINT('',(-0.306845441023,-0.110941658168,
    2.990969898546E-02));
#2282 = CARTESIAN_POINT('',(-0.378529419797,-8.988547138964E-02,
    -0.241360719514));
#2283 = CARTESIAN_POINT('',(-0.464910641462,-8.953779344353E-02,
    -7.845597261105E-02));
#2284 = CARTESIAN_POINT('',(-0.543143347446,-7.511340730523E-02,
    -0.125500090954));
#2285 = CARTESIAN_POINT('',(-0.679712028593,-5.480490175108E-02,
    -0.105978355896));
#2286 = CARTESIAN_POINT('',(-0.814439493872,-4.146387759773E-02,
    -0.108491803669));
#2287 = CARTESIAN_POINT('',(-0.870762235092,-2.116128727957E-02,
    -7.584180912356E-02));
#2288 = CARTESIAN_POINT('',(-0.924170894077,-4.199424138645E-02,
    -0.137527448189));
#2289 = CARTESIAN_POINT('',(-0.97975721442,-2.469203430341E-03,
    -5.966005763517E-02));
#2290 = CARTESIAN_POINT('',(-1.035715843861,-1.882927902314E-02,
    -9.917374792082E-02));
#2291 = CARTESIAN_POINT('',(-1.090096475199,-4.682481471635E-03,
    -9.329864295594E-02));
#2292 = CARTESIAN_POINT('',(-0.140072685044,-0.11583777246,
    -0.126281723471));
#2293 = CARTESIAN_POINT('',(-0.219464880853,-0.123810025406,
    -0.20612576877));
#2294 = CARTESIAN_POINT('',(-0.306845441023,-0.110821271873,
    3.088323416981E-02));
#2295 = CARTESIAN_POINT('',(-0.378529419797,-8.998877442786E-02,
    -0.241040487384));
#2296 = CARTESIAN_POINT('',(-0.464910641462,-8.949838784562E-02,
    -7.781966337015E-02));
#2297 = CARTESIAN_POINT('',(-0.543143347446,-7.510223052088E-02,
    -0.125027045962));
#2298 = CARTESIAN_POINT('',(-0.679712028593,-5.480970890076E-02,
    -0.105539494886));
#2299 = CARTESIAN_POINT('',(-0.814439493872,-4.146094725124E-02,
    -0.108157824714));
#2300 = CARTESIAN_POINT('',(-0.870762235092,-2.11494178775E-02,
    -7.54366529344E-02));
#2301 = CARTESIAN_POINT('',(-0.924170894077,-4.201192428397E-02,
    -0.137349927473));
#2302 = CARTESIAN_POINT('',(-0.97975721442,-2.451997174023E-03,
    -5.929687240405E-02));
#2303 = CARTESIAN_POINT('',(-1.035715843861,-1.883251221796E-02,
    -9.893331087973E-02));
#2304 = CARTESIAN_POINT('',(-1.090096475199,-4.682190380131E-03,
    -9.306511703518E-02));
#2305 = CARTESIAN_POINT('',(-0.140072685044,-0.115835950696,
    -0.125638450769));
#2306 = CARTESIAN_POINT('',(-0.219464880853,-0.123876679795,
    -0.205625811483));
#2307 = CARTESIAN_POINT('',(-0.306845441023,-0.110690619819,
    3.178765107906E-02));
#2308 = CARTESIAN_POINT('',(-0.378529419797,-9.010635790283E-02,
    -0.240739789592));
#2309 = CARTESIAN_POINT('',(-0.464910641462,-8.944730893098E-02,
    -7.722742698081E-02));
#2310 = CARTESIAN_POINT('',(-0.543143347446,-7.509535853677E-02,
    -0.124585963734));
#2311 = CARTESIAN_POINT('',(-0.679712028593,-5.481216230359E-02,
    -0.105130429625));
#2312 = CARTESIAN_POINT('',(-0.814439493872,-4.145877278266E-02,
    -0.107846621217));
#2313 = CARTESIAN_POINT('',(-0.870762235092,-2.113692747481E-02,
    -7.505908317581E-02));
#2314 = CARTESIAN_POINT('',(-0.924170894077,-4.202945931423E-02,
    -0.137184474267));
#2315 = CARTESIAN_POINT('',(-0.97975721442,-2.435245899428E-03,
    -5.895844549269E-02));
#2316 = CARTESIAN_POINT('',(-1.035715843861,-1.883553408946E-02,
    -9.87092586713E-02));
#2317 = CARTESIAN_POINT('',(-1.090096475199,-4.681921186863E-03,
    -9.284750265182E-02));
#2318 = CARTESIAN_POINT('',(-0.140072685044,-0.115835170637,
    -0.125361700468));
#2319 = CARTESIAN_POINT('',(-0.219464880853,-0.123906963913,
    -0.205410431552));
#2320 = CARTESIAN_POINT('',(-0.306845441023,-0.110631048377,
    3.217624075917E-02));
#2321 = CARTESIAN_POINT('',(-0.378529419797,-9.016084158302E-02,
    -0.240610001286));
#2322 = CARTESIAN_POINT('',(-0.464910641462,-8.942270085133E-02,
    -7.697279269713E-02));
#2323 = CARTESIAN_POINT('',(-0.543143347446,-7.509306070633E-02,
    -0.124396150694));
#2324 = CARTESIAN_POINT('',(-0.679712028593,-5.481283769791E-02,
    -0.104954427047));
#2325 = CARTESIAN_POINT('',(-0.814439493872,-4.145794137634E-02,
    -0.107712741638));
#2326 = CARTESIAN_POINT('',(-0.870762235092,-2.113128323759E-02,
    -7.489664504051E-02));
#2327 = CARTESIAN_POINT('',(-0.924170894077,-4.20371985891E-02,
    -0.137113289317));
#2328 = CARTESIAN_POINT('',(-0.97975721442,-2.427912515011E-03,
    -5.881285420555E-02));
#2329 = CARTESIAN_POINT('',(-1.035715843861,-1.883683443336E-02,
    -9.861286966865E-02));
#2330 = CARTESIAN_POINT('',(-1.090096475199,-4.681805804931E-03,
    -9.275388294518E-02));
#2331 = CARTESIAN_POINT('',(-0.140072685044,-0.115834936903,
    -0.125278675865));
#2332 = CARTESIAN_POINT('',(-0.219464880853,-0.123916159199,
    -0.205345798838));
#2333 = CARTESIAN_POINT('',(-0.306845441023,-0.110612946834,
    3.229278304552E-02));
#2334 = CARTESIAN_POINT('',(-0.378529419797,-9.01774536336E-02,
    -0.240571037144));
#2335 = CARTESIAN_POINT('',(-0.464910641462,-8.941513792374E-02,
    -7.689641328121E-02));
#2336 = CARTESIAN_POINT('',(-0.543143347446,-7.509241665882E-02,
    -0.124339203907));
#2337 = CARTESIAN_POINT('',(-0.679712028593,-5.48130141284E-02,
    -0.104901625551));
#2338 = CARTESIAN_POINT('',(-0.814439493872,-4.145769912477E-02,
    -0.107672578532));
#2339 = CARTESIAN_POINT('',(-0.870762235092,-2.112957130589E-02,
    -7.484791390772E-02));
#2340 = CARTESIAN_POINT('',(-0.924170894077,-4.203953377066E-02,
    -0.137091933748));
#2341 = CARTESIAN_POINT('',(-0.97975721442,-2.425703900374E-03,
    -5.876917760935E-02));
#2342 = CARTESIAN_POINT('',(-1.035715843861,-1.883722453376E-02,
    -9.858395336604E-02));
#2343 = CARTESIAN_POINT('',(-1.090096475199,-4.681771220791E-03,
    -9.272579740031E-02));
#2344 = CARTESIAN_POINT('',(-0.140072685044,-0.115834345984,
    -0.125068602435));
#2345 = CARTESIAN_POINT('',(-0.219464880853,-0.123939610085,
    -0.20518222989));
#2346 = CARTESIAN_POINT('',(-0.306845441023,-0.110566759623,
    3.258760854394E-02));
#2347 = CARTESIAN_POINT('',(-0.378529419797,-9.021993387192E-02,
    -0.240472401802));
#2348 = CARTESIAN_POINT('',(-0.464910641462,-8.939569917319E-02,
    -7.670317105176E-02));
#2349 = CARTESIAN_POINT('',(-0.543143347446,-7.509086302427E-02,
    -0.124195108738));
#2350 = CARTESIAN_POINT('',(-0.679712028593,-5.481341663586E-02,
    -0.10476802251));
#2351 = CARTESIAN_POINT('',(-0.814439493872,-4.145709813028E-02,
    -0.107570956533));
#2352 = CARTESIAN_POINT('',(-0.870762235092,-2.112520852839E-02,
    -7.472461175742E-02));
#2353 = CARTESIAN_POINT('',(-0.924170894077,-4.204546474188E-02,
    -0.137037898348));
#2354 = CARTESIAN_POINT('',(-0.97975721442,-2.420101179352E-03,
    -5.865866558657E-02));
#2355 = CARTESIAN_POINT('',(-1.035715843861,-1.883821157155E-02,
    -9.851078812727E-02));
#2356 = CARTESIAN_POINT('',(-1.090096475199,-4.681683765222E-03,
    -9.265473414802E-02));
#2357 = CARTESIAN_POINT('',(-0.140072685044,-0.115833333255,
    -0.124707037233));
#2358 = CARTESIAN_POINT('',(-0.219464880853,-0.123981520915,
    -0.204900443571));
#2359 = CARTESIAN_POINT('',(-0.306845441023,-0.110484027136,
    3.309457993659E-02));
#2360 = CARTESIAN_POINT('',(-0.378529419797,-9.029680690881E-02,
    -0.240302257462));
#2361 = CARTESIAN_POINT('',(-0.464910641462,-8.935969966054E-02,
    -7.637071503084E-02));
#2362 = CARTESIAN_POINT('',(-0.543143347446,-7.508882858079E-02,
    -0.123947058512));
#2363 = CARTESIAN_POINT('',(-0.679712028593,-5.481373915238E-02,
    -0.104538057409));
#2364 = CARTESIAN_POINT('',(-0.814439493872,-4.145616497508E-02,
    -0.107396059225));
#2365 = CARTESIAN_POINT('',(-0.870762235092,-2.111743798198E-02,
    -7.451239204767E-02));
#2366 = CARTESIAN_POINT('',(-0.924170894077,-4.205586001638E-02,
    -0.136944893012));
#2367 = CARTESIAN_POINT('',(-0.97975721442,-2.410338218037E-03,
    -5.846846701876E-02));
#2368 = CARTESIAN_POINT('',(-1.035715843861,-1.883991010518E-02,
    -9.83848639747E-02));
#2369 = CARTESIAN_POINT('',(-1.090096475199,-4.681533676834E-03,
    -9.25324274565E-02));
#2370 = CARTESIAN_POINT('',(-0.140072685044,-0.115808473732,
    -0.115741967336));
#2371 = CARTESIAN_POINT('',(-0.219464880853,-0.125086631364,
    -0.197903760753));
#2372 = CARTESIAN_POINT('',(-0.306845441023,-0.108294822073,
    4.564793791294E-02));
#2373 = CARTESIAN_POINT('',(-0.378529419797,-9.236344795982E-02,
    -0.236069879674));
#2374 = CARTESIAN_POINT('',(-0.464910641462,-8.835812382497E-02,
    -6.813212366573E-02));
#2375 = CARTESIAN_POINT('',(-0.543143347446,-7.506619317171E-02,
    -0.117795314568));
#2376 = CARTESIAN_POINT('',(-0.679712028593,-5.480542836617E-02,
    -9.883503072889E-02));
#2377 = CARTESIAN_POINT('',(-0.814439493872,-4.143761731029E-02,
    -0.103059973545));
#2378 = CARTESIAN_POINT('',(-0.870762235092,-2.091350317872E-02,
    -6.925022546105E-02));
#2379 = CARTESIAN_POINT('',(-0.924170894077,-4.232157467284E-02,
    -0.134638820898));
#2380 = CARTESIAN_POINT('',(-0.97975721442,-2.163263345198E-03,
    -5.375275313191E-02));
#2381 = CARTESIAN_POINT('',(-1.035715843861,-1.88819970217E-02,
    -9.526273093988E-02));
#2382 = CARTESIAN_POINT('',(-1.090096475199,-4.67783242449E-03,
    -8.949995055749E-02));
#2383 = CARTESIAN_POINT('',(-0.140072685044,-0.115791949775,
    -0.106872935764));
#2384 = CARTESIAN_POINT('',(-0.219464880853,-0.127843836009,
    -0.190771804466));
#2385 = CARTESIAN_POINT('',(-0.306845441023,-0.10264996349,
    5.770354469005E-02));
#2386 = CARTESIAN_POINT('',(-0.378529419797,-9.847479365719E-02,
    -0.231603529037));
#2387 = CARTESIAN_POINT('',(-0.464910641462,-8.459859046721E-02,
    -6.006867014013E-02));
#2388 = CARTESIAN_POINT('',(-0.543143347446,-7.576070518507E-02,
    -0.111689825874));
#2389 = CARTESIAN_POINT('',(-0.679712028593,-5.437151533177E-02,
    -9.315971596383E-02));
#2390 = CARTESIAN_POINT('',(-0.814439493872,-4.15423862678E-02,
    -9.87877945514E-02));
#2391 = CARTESIAN_POINT('',(-0.870762235092,-2.042399298641E-02,
    -6.403804841264E-02));
#2392 = CARTESIAN_POINT('',(-0.924170894077,-4.278551947218E-02,
    -0.132359610732));
#2393 = CARTESIAN_POINT('',(-0.97975721442,-1.795020011427E-03,
    -4.909514014538E-02));
#2394 = CARTESIAN_POINT('',(-1.035715843861,-1.892261245689E-02,
    -9.21790025799E-02));
#2395 = CARTESIAN_POINT('',(-1.090096475199,-4.674702380495E-03,
    -8.650390279438E-02));
#2396 = CARTESIAN_POINT('',(-0.140072685044,-0.115872028349,
    -9.714479441728E-02));
#2397 = CARTESIAN_POINT('',(-0.219464880853,-0.130219627972,
    -0.1844407662));
#2398 = CARTESIAN_POINT('',(-0.306845441023,-9.787265861712E-02,
    7.364331047818E-02));
#2399 = CARTESIAN_POINT('',(-0.378529419796,-0.104197444429,
    -0.22899290286));
#2400 = CARTESIAN_POINT('',(-0.464910641462,-8.094292744845E-02,
    -5.047909332144E-02));
#2401 = CARTESIAN_POINT('',(-0.543143347446,-7.653387787334E-02,
    -0.105212550703));
#2402 = CARTESIAN_POINT('',(-0.679712028593,-5.393468359776E-02,
    -8.696735729868E-02));
#2403 = CARTESIAN_POINT('',(-0.814439493872,-4.170243444671E-02,
    -9.41348378581E-02));
#2404 = CARTESIAN_POINT('',(-0.870762235093,-1.999621983471E-02,
    -5.835481461799E-02));
#2405 = CARTESIAN_POINT('',(-0.924170894077,-4.317105581041E-02,
    -0.129878965785));
#2406 = CARTESIAN_POINT('',(-0.979757214421,-1.544348774673E-03,
    -4.401975823384E-02));
#2407 = CARTESIAN_POINT('',(-1.035715843861,-1.89469526277E-02,
    -8.882247412905E-02));
#2408 = CARTESIAN_POINT('',(-1.090096475199,-4.672543177556E-03,
    -8.324400555452E-02));
#2409 = CARTESIAN_POINT('',(-0.140072685044,-0.115921148063,
    -9.192222835133E-02));
#2410 = CARTESIAN_POINT('',(-0.219464880853,-0.131452112242,
    -0.181136457319));
#2411 = CARTESIAN_POINT('',(-0.306845441023,-9.539959078261E-02,
    8.237169700421E-02));
#2412 = CARTESIAN_POINT('',(-0.378529419796,-0.107205610721,
    -0.227735166449));
#2413 = CARTESIAN_POINT('',(-0.464910641462,-7.901116220779E-02,
    -4.528409702253E-02));
#2414 = CARTESIAN_POINT('',(-0.543143347446,-7.694930838539E-02,
    -0.101748975545));
#2415 = CARTESIAN_POINT('',(-0.679712028593,-5.370281962752E-02,
    -8.364502217641E-02));
#2416 = CARTESIAN_POINT('',(-0.814439493872,-4.179111379061E-02,
    -9.1638953722E-02));
#2417 = CARTESIAN_POINT('',(-0.870762235093,-1.977351775654E-02,
    -5.530587348661E-02));
#2418 = CARTESIAN_POINT('',(-0.924170894077,-4.337023777048E-02,
    -0.128548437284));
#2419 = CARTESIAN_POINT('',(-0.979757214421,-1.41940037457E-03,
    -4.129711437516E-02));
#2420 = CARTESIAN_POINT('',(-1.035715843861,-1.895875795488E-02,
    -8.702213315482E-02));
#2421 = CARTESIAN_POINT('',(-1.090096475199,-4.671463340456E-03,
    -8.149557014135E-02));
#2422 = CARTESIAN_POINT('',(-0.140072685044,-0.116000167712,
    -8.568524363038E-02));
#2423 = CARTESIAN_POINT('',(-0.219464880853,-0.132407945362,
    -0.177937099377));
#2424 = CARTESIAN_POINT('',(-0.306845441023,-9.337579484063E-02,
    9.410300134735E-02));
#2425 = CARTESIAN_POINT('',(-0.378529419797,-0.110099175931,
    -0.227274508733));
#2426 = CARTESIAN_POINT('',(-0.464910641462,-7.706080072507E-02,
    -3.872438261164E-02));
#2427 = CARTESIAN_POINT('',(-0.543143347446,-7.741255512097E-02,
    -9.769895086424E-02));
#2428 = CARTESIAN_POINT('',(-0.679712028593,-5.346397817434E-02,
    -7.968156549646E-02));
#2429 = CARTESIAN_POINT('',(-0.814439493872,-4.190949166619E-02,
    -8.866474205272E-02));
#2430 = CARTESIAN_POINT('',(-0.870762235092,-1.956676451586E-02,
    -5.167002545163E-02));
#2431 = CARTESIAN_POINT('',(-0.924170894077,-4.35473787615E-02,
    -0.126963883818));
#2432 = CARTESIAN_POINT('',(-0.97975721442,-1.339713599699E-03,
    -3.805145189123E-02));
#2433 = CARTESIAN_POINT('',(-1.035715843861,-1.8964497931E-02,
    -8.487758223082E-02));
#2434 = CARTESIAN_POINT('',(-1.090096475199,-4.670677242165E-03,
    -7.941338856914E-02));
#2435 = CARTESIAN_POINT('',(-0.140072685044,-0.116026319835,
    -7.948118463747E-02));
#2436 = CARTESIAN_POINT('',(-0.219464880853,-0.1336777241,
    -0.175241281637));
#2437 = CARTESIAN_POINT('',(-0.306845441023,-9.075469981612E-02,
    0.106606921745));
#2438 = CARTESIAN_POINT('',(-0.378529419797,-0.113094136186,
    -0.227471404608));
#2439 = CARTESIAN_POINT('',(-0.464910641462,-7.543620832953E-02,
    -3.194190267368E-02));
#2440 = CARTESIAN_POINT('',(-0.543143347446,-7.779883423928E-02,
    -9.371292663607E-02));
#2441 = CARTESIAN_POINT('',(-0.679712028593,-5.33109133322E-02,
    -7.573573337143E-02));
#2442 = CARTESIAN_POINT('',(-0.814439493872,-4.204020179123E-02,
    -8.567659691234E-02));
#2443 = CARTESIAN_POINT('',(-0.870762235092,-1.948359257951E-02,
    -4.803428828824E-02));
#2444 = CARTESIAN_POINT('',(-0.924170894077,-4.36068063217E-02,
    -0.125375842851));
#2445 = CARTESIAN_POINT('',(-0.97975721442,-1.381726508927E-03,
    -3.479995733888E-02));
#2446 = CARTESIAN_POINT('',(-1.035715843861,-1.895837533128E-02,
    -8.273108885661E-02));
#2447 = CARTESIAN_POINT('',(-1.090096475199,-4.670527221717E-03,
    -7.733031989499E-02));
#2448 = CARTESIAN_POINT('',(-0.140072685044,-0.116025491604,
    -7.609825816178E-02));
#2449 = CARTESIAN_POINT('',(-0.219464880853,-0.134348004292,
    -0.173734760979));
#2450 = CARTESIAN_POINT('',(-0.306845441023,-8.936701484754E-02,
    0.113340081657));
#2451 = CARTESIAN_POINT('',(-0.378529419797,-0.114562951445,
    -0.227479759387));
#2452 = CARTESIAN_POINT('',(-0.464910641462,-7.47133186789E-02,
    -2.828565506254E-02));
#2453 = CARTESIAN_POINT('',(-0.543143347446,-7.797654293141E-02,
    -9.153231613612E-02));
#2454 = CARTESIAN_POINT('',(-0.679712028593,-5.325474484768E-02,
    -7.35894109222E-02));
#2455 = CARTESIAN_POINT('',(-0.814439493872,-4.211186499661E-02,
    -8.403675326473E-02));
#2456 = CARTESIAN_POINT('',(-0.870762235092,-1.946969018117E-02,
    -4.604828775781E-02));
#2457 = CARTESIAN_POINT('',(-0.924170894077,-4.361047268646E-02,
    -0.124505695456));
#2458 = CARTESIAN_POINT('',(-0.97975721442,-1.433408387293E-03,
    -3.302074049978E-02));
#2459 = CARTESIAN_POINT('',(-1.035715843861,-1.895231680871E-02,
    -8.155680678618E-02));
#2460 = CARTESIAN_POINT('',(-1.090096475199,-4.670586661446E-03,
    -7.619098665509E-02));
#2461 = CARTESIAN_POINT('',(-0.140072685044,-0.116005892755,
    -7.317387418813E-02));
#2462 = CARTESIAN_POINT('',(-0.219464880853,-0.134937835542,
    -0.172352201882));
#2463 = CARTESIAN_POINT('',(-0.306845441023,-8.813333331635E-02,
    0.119006235068));
#2464 = CARTESIAN_POINT('',(-0.378529419797,-0.115742192627,
    -0.227352906387));
#2465 = CARTESIAN_POINT('',(-0.464910641462,-7.419654756603E-02,
    -2.514891677623E-02));
#2466 = CARTESIAN_POINT('',(-0.543143347446,-7.810662132585E-02,
    -8.964410511136E-02));
#2467 = CARTESIAN_POINT('',(-0.679712028593,-5.323065113501E-02,
    -7.173607188112E-02));
#2468 = CARTESIAN_POINT('',(-0.814439493872,-4.217612701033E-02,
    -8.260779886732E-02));
#2469 = CARTESIAN_POINT('',(-0.870762235092,-1.949099774198E-02,
    -4.432586969387E-02));
#2470 = CARTESIAN_POINT('',(-0.924170894077,-4.358253856776E-02,
    -0.123748783491));
#2471 = CARTESIAN_POINT('',(-0.97975721442,-1.509553345459E-03,
    -3.147484962298E-02));
#2472 = CARTESIAN_POINT('',(-1.035715843861,-1.894417503109E-02,
    -8.053687460332E-02));
#2473 = CARTESIAN_POINT('',(-1.090096475199,-4.670786971198E-03,
    -7.520167725562E-02));
#2474 = CARTESIAN_POINT('',(-0.140072685044,-0.115962047619,
    -6.997862263988E-02));
#2475 = CARTESIAN_POINT('',(-0.219464880853,-0.135588598716,
    -0.170644946267));
#2476 = CARTESIAN_POINT('',(-0.306845441023,-8.675137940045E-02,
    0.124826517976));
#2477 = CARTESIAN_POINT('',(-0.378529419797,-0.116930774136,
    -0.226884580728));
#2478 = CARTESIAN_POINT('',(-0.464910641462,-7.374030413963E-02,
    -2.183335926058E-02));
#2479 = CARTESIAN_POINT('',(-0.543143347446,-7.821153698636E-02,
    -8.754427345829E-02));
#2480 = CARTESIAN_POINT('',(-0.679712028593,-5.323596314395E-02,
    -6.972669139281E-02));
#2481 = CARTESIAN_POINT('',(-0.814439493872,-4.224651716678E-02,
    -8.102850487379E-02));
#2482 = CARTESIAN_POINT('',(-0.870762235092,-1.955123263416E-02,
    -4.244121573139E-02));
#2483 = CARTESIAN_POINT('',(-0.924170894077,-4.351854637241E-02,
    -0.122914446504));
#2484 = CARTESIAN_POINT('',(-0.97975721442,-1.625697770062E-03,
    -2.977696895576E-02));
#2485 = CARTESIAN_POINT('',(-1.035715843861,-1.893232507504E-02,
    -7.941670004024E-02));
#2486 = CARTESIAN_POINT('',(-1.090096475199,-4.67115326239E-03,
    -7.411544818372E-02));
#2487 = CARTESIAN_POINT('',(-0.140072685044,-0.115923258566,
    -6.813661653805E-02));
#2488 = CARTESIAN_POINT('',(-0.219464880853,-0.135974639476,
    -0.16952789967));
#2489 = CARTESIAN_POINT('',(-0.306845441023,-8.591764922823E-02,
    0.127933419493));
#2490 = CARTESIAN_POINT('',(-0.378529419797,-0.117579244269,
    -0.226396588571));
#2491 = CARTESIAN_POINT('',(-0.464910641462,-7.352105121527E-02,
    -1.99946389127E-02));
#2492 = CARTESIAN_POINT('',(-0.543143347446,-7.825656277199E-02,
    -8.631053296776E-02));
#2493 = CARTESIAN_POINT('',(-0.679712028593,-5.325024904456E-02,
    -6.857529986975E-02));
#2494 = CARTESIAN_POINT('',(-0.814439493872,-4.229026976507E-02,
    -8.010849598472E-02));
#2495 = CARTESIAN_POINT('',(-0.870762235092,-1.9604487849E-02,
    -4.135195951118E-02));
#2496 = CARTESIAN_POINT('',(-0.924170894077,-4.346363030006E-02,
    -0.122429605947));
#2497 = CARTESIAN_POINT('',(-0.97975721442,-1.71132358779E-03,
    -2.879276613551E-02));
#2498 = CARTESIAN_POINT('',(-1.035715843861,-1.892383799907E-02,
    -7.87674701875E-02));
#2499 = CARTESIAN_POINT('',(-1.090096475199,-4.671447630446E-03,
    -7.348606241421E-02));
#2500 = CARTESIAN_POINT('',(-0.140072685044,-0.115884272879,
    -6.669321126034E-02));
#2501 = CARTESIAN_POINT('',(-0.219464880853,-0.136286031916,
    -0.168553094493));
#2502 = CARTESIAN_POINT('',(-0.306845441023,-8.523535258423E-02,
    0.130183713142));
#2503 = CARTESIAN_POINT('',(-0.378529419797,-0.118073488017,
    -0.22585476925));
#2504 = CARTESIAN_POINT('',(-0.464910641462,-7.336727840613E-02,
    -1.860637652516E-02));
#2505 = CARTESIAN_POINT('',(-0.543143347446,-7.828237880194E-02,
    -8.532735049819E-02));
#2506 = CARTESIAN_POINT('',(-0.679712028593,-5.326868482079E-02,
    -6.767567706848E-02));
#2507 = CARTESIAN_POINT('',(-0.814439493872,-4.232179292959E-02,
    -7.938213588572E-02));
#2508 = CARTESIAN_POINT('',(-0.870762235092,-1.966389604567E-02,
    -4.049623663983E-02));
#2509 = CARTESIAN_POINT('',(-0.924170894077,-4.340648204949E-02,
    -0.122047399354));
#2510 = CARTESIAN_POINT('',(-0.97975721442,-1.790216590284E-03,
    -2.801809117169E-02));
#2511 = CARTESIAN_POINT('',(-1.035715843861,-1.891616083449E-02,
    -7.825652574829E-02));
#2512 = CARTESIAN_POINT('',(-1.090096475199,-4.671725497113E-03,
    -7.299083262154E-02));
#2513 = CARTESIAN_POINT('',(-0.140072685044,-0.115875815514,
    -6.639154393537E-02));
#2514 = CARTESIAN_POINT('',(-0.219464880853,-0.136351432032,
    -0.168345775508));
#2515 = CARTESIAN_POINT('',(-0.306845441023,-8.509171070982E-02,
    0.130647371909));
#2516 = CARTESIAN_POINT('',(-0.378529419797,-0.11817628316,
    -0.225735781984));
#2517 = CARTESIAN_POINT('',(-0.464910641462,-7.333578921238E-02,
    -1.831812933216E-02));
#2518 = CARTESIAN_POINT('',(-0.543143347446,-7.828743245796E-02,
    -8.512127646934E-02));
#2519 = CARTESIAN_POINT('',(-0.679712028593,-5.327279978761E-02,
    -6.748775235517E-02));
#2520 = CARTESIAN_POINT('',(-0.814439493872,-4.232827947415E-02,
    -7.923013310965E-02));
#2521 = CARTESIAN_POINT('',(-0.870762235092,-1.967695411763E-02,
    -4.03173147497E-02));
#2522 = CARTESIAN_POINT('',(-0.924170894077,-4.339402505005E-02,
    -0.121967437025));
#2523 = CARTESIAN_POINT('',(-0.97975721442,-1.807131090294E-03,
    -2.78560622399E-02));
#2524 = CARTESIAN_POINT('',(-1.035715843861,-1.891451924265E-02,
    -7.81496604835E-02));
#2525 = CARTESIAN_POINT('',(-1.090096475199,-4.671785269343E-03,
    -7.288725760474E-02));
#2526 = CARTESIAN_POINT('',(-0.140072685044,-0.115829182853,
    -6.480981945754E-02));
#2527 = CARTESIAN_POINT('',(-0.219464880853,-0.136696821254,
    -0.167231676197));
#2528 = CARTESIAN_POINT('',(-0.306845441023,-8.433055282386E-02,
    0.13302837149));
#2529 = CARTESIAN_POINT('',(-0.378529419797,-0.118712019597,
    -0.225068641594));
#2530 = CARTESIAN_POINT('',(-0.464910641462,-7.317503367532E-02,
    -1.68210162813E-02));
#2531 = CARTESIAN_POINT('',(-0.543143347446,-7.831146844783E-02,
    -8.403633745696E-02));
#2532 = CARTESIAN_POINT('',(-0.679712028593,-5.329625286724E-02,
    -6.650303956004E-02));
#2533 = CARTESIAN_POINT('',(-0.814439493872,-4.236142865794E-02,
    -7.843171650296E-02));
#2534 = CARTESIAN_POINT('',(-0.870762235092,-1.97502811372E-02,
    -3.937858767928E-02));
#2535 = CARTESIAN_POINT('',(-0.924170894077,-4.332461870357E-02,
    -0.121547561108));
#2536 = CARTESIAN_POINT('',(-0.97975721442,-1.899040312988E-03,
    -2.700558403203E-02));
#2537 = CARTESIAN_POINT('',(-1.035715843861,-1.890563135461E-02,
    -7.758874904378E-02));
#2538 = CARTESIAN_POINT('',(-1.090096475199,-4.672111029396E-03,
    -7.234364162698E-02));
#2539 = CARTESIAN_POINT('',(-0.140072685044,-0.115775506598,
    -6.333735319469E-02));
#2540 = CARTESIAN_POINT('',(-0.219464880853,-0.13703634353,
    -0.166067189224));
#2541 = CARTESIAN_POINT('',(-0.306845441023,-8.357866525057E-02,
    0.135013366351));
#2542 = CARTESIAN_POINT('',(-0.378529419797,-0.119200996504,
    -0.224249218481));
#2543 = CARTESIAN_POINT('',(-0.464910641462,-7.304271892847E-02,
    -1.549263316934E-02));
#2544 = CARTESIAN_POINT('',(-0.543143347446,-7.832310773794E-02,
    -8.300619445998E-02));
#2545 = CARTESIAN_POINT('',(-0.679712028593,-5.332630925535E-02,
    -6.558909976373E-02));
#2546 = CARTESIAN_POINT('',(-0.814439493872,-4.238824336485E-02,
    -7.768208386228E-02));
#2547 = CARTESIAN_POINT('',(-0.870762235092,-1.984053498783E-02,
    -3.850205171684E-02));
#2548 = CARTESIAN_POINT('',(-0.924170894077,-4.324110172244E-02,
    -0.121153931919));
#2549 = CARTESIAN_POINT('',(-0.97975721442,-1.999186253239E-03,
    -2.620974997234E-02));
#2550 = CARTESIAN_POINT('',(-1.035715843861,-1.889608698664E-02,
    -7.706394656217E-02));
#2551 = CARTESIAN_POINT('',(-1.090096475199,-4.672469329049E-03,
    -7.183513632038E-02));
#2552 = CARTESIAN_POINT('',(-0.140072685044,-0.115673759355,
    -6.057867358172E-02));
#2553 = CARTESIAN_POINT('',(-0.219464880853,-0.137874970058,
    -0.163472203613));
#2554 = CARTESIAN_POINT('',(-0.306845441023,-8.189593631266E-02,
    0.138028377856));
#2555 = CARTESIAN_POINT('',(-0.378529419797,-0.120214126782,
    -0.222175131606));
#2556 = CARTESIAN_POINT('',(-0.464910641462,-7.27773352649E-02,
    -1.319765748789E-02));
#2557 = CARTESIAN_POINT('',(-0.543143347446,-7.832924298318E-02,
    -8.103621411109E-02));
#2558 = CARTESIAN_POINT('',(-0.679712028593,-5.339514582067E-02,
    -6.389052386094E-02));
#2559 = CARTESIAN_POINT('',(-0.814439493872,-4.242441579129E-02,
    -7.627206996828E-02));
#2560 = CARTESIAN_POINT('',(-0.870762235092,-2.006216232345E-02,
    -3.686300909721E-02));
#2561 = CARTESIAN_POINT('',(-0.924170894077,-4.302900626959E-02,
    -0.120414143091));
#2562 = CARTESIAN_POINT('',(-0.97975721442,-2.221378486268E-03,
    -2.471815587948E-02));
#2563 = CARTESIAN_POINT('',(-1.035715843861,-1.887519603186E-02,
    -7.608035842229E-02));
#2564 = CARTESIAN_POINT('',(-1.090096475199,-4.673247061678E-03,
    -7.088234239044E-02));
#2565 = CARTESIAN_POINT('',(-0.140072685044,-0.115603827238,
    -5.867774595606E-02));
#2566 = CARTESIAN_POINT('',(-0.219464880853,-0.138594569358,
    -0.161384268934));
#2567 = CARTESIAN_POINT('',(-0.306845441023,-8.055134166491E-02,
    0.139595873035));
#2568 = CARTESIAN_POINT('',(-0.378529419797,-0.120971332019,
    -0.220355926802));
#2569 = CARTESIAN_POINT('',(-0.464910641462,-7.258560533569E-02,
    -1.175706421638E-02));
#2570 = CARTESIAN_POINT('',(-0.543143347446,-7.832123720777E-02,
    -7.965004080619E-02));
#2571 = CARTESIAN_POINT('',(-0.679712028593,-5.345206545024E-02,
    -6.273027509557E-02));
#2572 = CARTESIAN_POINT('',(-0.814439493872,-4.243846953219E-02,
    -7.529687636089E-02));
#2573 = CARTESIAN_POINT('',(-0.870762235092,-2.025428152476E-02,
    -3.573627420675E-02));
#2574 = CARTESIAN_POINT('',(-0.924170894077,-4.284074104401E-02,
    -0.119902883883));
#2575 = CARTESIAN_POINT('',(-0.97975721442,-2.400325250311E-03,
    -2.3690307896E-02));
#2576 = CARTESIAN_POINT('',(-1.035715843861,-1.885855104695E-02,
    -7.540259395367E-02));
#2577 = CARTESIAN_POINT('',(-1.090096475199,-4.673861409735E-03,
    -7.022598221919E-02));
#2578 = CARTESIAN_POINT('',(-0.140072685044,-0.115472257334,
    -5.388453682377E-02));
#2579 = CARTESIAN_POINT('',(-0.219464880853,-0.140542343196,
    -0.155393854625));
#2580 = CARTESIAN_POINT('',(-0.306845441023,-7.727407620736E-02,
    0.142336640035));
#2581 = CARTESIAN_POINT('',(-0.378529419796,-0.122572122541,
    -0.214864057169));
#2582 = CARTESIAN_POINT('',(-0.464910641462,-7.221826560039E-02,
    -8.474680093953E-03));
#2583 = CARTESIAN_POINT('',(-0.543143347446,-7.824873580515E-02,
    -7.609912348034E-02));
#2584 = CARTESIAN_POINT('',(-0.679712028593,-5.361847929786E-02,
    -5.983879133401E-02));
#2585 = CARTESIAN_POINT('',(-0.814439493872,-4.243582277254E-02,
    -7.284975045932E-02));
#2586 = CARTESIAN_POINT('',(-0.870762235093,-2.082551043834E-02,
    -3.291301482333E-02));
#2587 = CARTESIAN_POINT('',(-0.924170894077,-4.227341989629E-02,
    -0.118625603072));
#2588 = CARTESIAN_POINT('',(-0.979757214421,-2.898249162462E-03,
    -2.111123467127E-02));
#2589 = CARTESIAN_POINT('',(-1.035715843861,-1.881350315206E-02,
    -7.370529555894E-02));
#2590 = CARTESIAN_POINT('',(-1.090096475199,-4.675652474916E-03,
    -6.858245589782E-02));
#2591 = CARTESIAN_POINT('',(-0.140072685044,-0.115447151219,
    -4.886841630862E-02));
#2592 = CARTESIAN_POINT('',(-0.219464880853,-0.142656232326,
    -0.147843458713));
#2593 = CARTESIAN_POINT('',(-0.306845441023,-7.447075769486E-02,
    0.143082026992));
#2594 = CARTESIAN_POINT('',(-0.378529419797,-0.123359037571,
    -0.207547278688));
#2595 = CARTESIAN_POINT('',(-0.464910641462,-7.214443332001E-02,
    -5.666934595496E-03));
#2596 = CARTESIAN_POINT('',(-0.543143347446,-7.806254133675E-02,
    -7.229389334673E-02));
#2597 = CARTESIAN_POINT('',(-0.679712028593,-5.383394060202E-02,
    -5.688188720288E-02));
#2598 = CARTESIAN_POINT('',(-0.814439493872,-4.235598562325E-02,
    -7.032355176396E-02));
#2599 = CARTESIAN_POINT('',(-0.870762235092,-2.157366675636E-02,
    -3.000514011419E-02));
#2600 = CARTESIAN_POINT('',(-0.924170894077,-4.151810448495E-02,
    -0.117312097531));
#2601 = CARTESIAN_POINT('',(-0.97975721442,-3.493473502282E-03,
    -1.845090913757E-02));
#2602 = CARTESIAN_POINT('',(-1.035715843861,-1.876151615733E-02,
    -7.195639199189E-02));
#2603 = CARTESIAN_POINT('',(-1.090096475199,-4.677993268616E-03,
    -6.689114904318E-02));
#2604 = CARTESIAN_POINT('',(-0.140072685044,-0.11577605928,
    -4.402113891438E-02));
#2605 = CARTESIAN_POINT('',(-0.219464880853,-0.143257989885,
    -0.140047918246));
#2606 = CARTESIAN_POINT('',(-0.306845441023,-7.59339779569E-02,
    0.143132592322));
#2607 = CARTESIAN_POINT('',(-0.378529419796,-0.120609229548,
    -0.200132164491));
#2608 = CARTESIAN_POINT('',(-0.464910641462,-7.316476904256E-02,
    -3.271841544783E-03));
#2609 = CARTESIAN_POINT('',(-0.543143347446,-7.767544973409E-02,
    -6.867269770611E-02));
#2610 = CARTESIAN_POINT('',(-0.679712028593,-5.406476849248E-02,
    -5.412463804579E-02));
#2611 = CARTESIAN_POINT('',(-0.814439493872,-4.215985059778E-02,
    -6.803178303184E-02));
#2612 = CARTESIAN_POINT('',(-0.870762235092,-2.232205776212E-02,
    -2.732103203674E-02));
#2613 = CARTESIAN_POINT('',(-0.924170894077,-4.075244883503E-02,
    -0.11611995813));
#2614 = CARTESIAN_POINT('',(-0.97975721442,-4.013434300748E-03,
    -1.601006589277E-02));
#2615 = CARTESIAN_POINT('',(-1.035715843861,-1.871792612899E-02,
    -7.035316970321E-02));
#2616 = CARTESIAN_POINT('',(-1.090096475199,-4.680157517368E-03,
    -6.534204671518E-02));
#2617 = CARTESIAN_POINT('',(-0.140072685044,-0.115953370573,
    -4.221725293383E-02));
#2618 = CARTESIAN_POINT('',(-0.219464880853,-0.142932969546,
    -0.137636415581));
#2619 = CARTESIAN_POINT('',(-0.306845441023,-7.771501010017E-02,
    0.144098313925));
#2620 = CARTESIAN_POINT('',(-0.378529419796,-0.118532082635,
    -0.19826177397));
#2621 = CARTESIAN_POINT('',(-0.464910641462,-7.392348006031E-02,
    -2.040000922267E-03));
#2622 = CARTESIAN_POINT('',(-0.543143347446,-7.747137874455E-02,
    -6.739481197074E-02));
#2623 = CARTESIAN_POINT('',(-0.679712028593,-5.416592540323E-02,
    -5.308697263201E-02));
#2624 = CARTESIAN_POINT('',(-0.814439493872,-4.20663204923E-02,
    -6.721164412324E-02));
#2625 = CARTESIAN_POINT('',(-0.870762235092,-2.259785923993E-02,
    -2.633412543377E-02));
#2626 = CARTESIAN_POINT('',(-0.924170894077,-4.047154552312E-02,
    -0.115691577208));
#2627 = CARTESIAN_POINT('',(-0.97975721442,-4.191767849603E-03,
    -1.5121421714E-02));
#2628 = CARTESIAN_POINT('',(-1.035715843861,-1.870323214106E-02,
    -6.977012614239E-02));
#2629 = CARTESIAN_POINT('',(-1.090096475199,-4.680909776347E-03,
    -6.477870367446E-02));
#2630 = CARTESIAN_POINT('',(-0.140072685044,-0.116124110763,
    -4.051850085178E-02));
#2631 = CARTESIAN_POINT('',(-0.219464880853,-0.142588495983,
    -0.135399732272));
#2632 = CARTESIAN_POINT('',(-0.306845441023,-7.94778987685E-02,
    0.145073612668));
#2633 = CARTESIAN_POINT('',(-0.378529419796,-0.116503165774,
    -0.196562044627));
#2634 = CARTESIAN_POINT('',(-0.464910641462,-7.466416897976E-02,
    -8.563406400883E-04));
#2635 = CARTESIAN_POINT('',(-0.543143347446,-7.727505827505E-02,
    -6.619622343434E-02));
#2636 = CARTESIAN_POINT('',(-0.679712028593,-5.426224553702E-02,
    -5.210897264476E-02));
#2637 = CARTESIAN_POINT('',(-0.814439493872,-4.197683025304E-02,
    -6.644155393899E-02));
#2638 = CARTESIAN_POINT('',(-0.870762235092,-2.285739994521E-02,
    -2.540555250159E-02));
#2639 = CARTESIAN_POINT('',(-0.924170894077,-4.020729366724E-02,
    -0.115289211669));
#2640 = CARTESIAN_POINT('',(-0.97975721442,-4.358665452985E-03,
    -1.428591911616E-02));
#2641 = CARTESIAN_POINT('',(-1.035715843861,-1.868949946384E-02,
    -6.922199457698E-02));
#2642 = CARTESIAN_POINT('',(-1.090096475199,-4.681614531313E-03,
    -6.424909418753E-02));
#2643 = CARTESIAN_POINT('',(-0.140072685044,-0.116366490431,
    -3.865088420418E-02));
#2644 = CARTESIAN_POINT('',(-0.219464880853,-0.141585330695,
    -0.133490061088));
#2645 = CARTESIAN_POINT('',(-0.306845441023,-8.27281846154E-02,
    0.147155882473));
#2646 = CARTESIAN_POINT('',(-0.378529419796,-0.113180747195,
    -0.195613173543));
#2647 = CARTESIAN_POINT('',(-0.464910641462,-7.586512867598E-02,
    7.875115277384E-04));
#2648 = CARTESIAN_POINT('',(-0.543143347446,-7.69989250539E-02,
    -6.49476713854E-02));
#2649 = CARTESIAN_POINT('',(-0.679712028593,-5.438351971849E-02,
    -5.102239297543E-02));
#2650 = CARTESIAN_POINT('',(-0.814439493872,-4.185804705588E-02,
    -6.562744139763E-02));
#2651 = CARTESIAN_POINT('',(-0.870762235092,-2.313952361417E-02,
    -2.439665536226E-02));
#2652 = CARTESIAN_POINT('',(-0.924170894077,-3.992139754876E-02,
    -0.114862012674));
#2653 = CARTESIAN_POINT('',(-0.97975721442,-4.526663778856E-03,
    -1.338699876093E-02));
#2654 = CARTESIAN_POINT('',(-1.035715843861,-1.867595219495E-02,
    -6.863290275728E-02));
#2655 = CARTESIAN_POINT('',(-1.090096475199,-4.682334255039E-03,
    -6.367992058822E-02));
#2656 = CARTESIAN_POINT('',(-0.140072685044,-0.116809484157,
    -3.475899530936E-02));
#2657 = CARTESIAN_POINT('',(-0.219464880853,-0.136014981188,
    -0.132147078872));
#2658 = CARTESIAN_POINT('',(-0.306845441023,-9.503691373585E-02,
    0.155758271227));
#2659 = CARTESIAN_POINT('',(-0.378529419797,-0.102226672786,
    -0.196586956404));
#2660 = CARTESIAN_POINT('',(-0.464910641462,-7.962327152771E-02,
    5.202520575596E-03));
#2661 = CARTESIAN_POINT('',(-0.543143347446,-7.624457838552E-02,
    -6.238802262222E-02));
#2662 = CARTESIAN_POINT('',(-0.679712028593,-5.46847636489E-02,
    -4.864870439703E-02));
#2663 = CARTESIAN_POINT('',(-0.814439493872,-4.155151577139E-02,
    -6.393899529637E-02));
#2664 = CARTESIAN_POINT('',(-0.870762235092,-2.372803114928E-02,
    -2.224213697571E-02));
#2665 = CARTESIAN_POINT('',(-0.924170894077,-3.932962362255E-02,
    -0.11397148771));
#2666 = CARTESIAN_POINT('',(-0.97975721442,-4.841113890864E-03,
    -1.148711719139E-02));
#2667 = CARTESIAN_POINT('',(-1.035715843861,-1.865131807886E-02,
    -6.738898048506E-02));
#2668 = CARTESIAN_POINT('',(-1.090096475199,-4.683698025139E-03,
    -6.247792743428E-02));
#2669 = CARTESIAN_POINT('',(-0.140072685044,-0.117129975552,
    -3.10414917115E-02));
#2670 = CARTESIAN_POINT('',(-0.219464880853,-0.125820503093,
    -0.13456283591));
#2671 = CARTESIAN_POINT('',(-0.306845441023,-0.114483007852,
    0.169948251769));
#2672 = CARTESIAN_POINT('',(-0.378529419797,-8.617217252417E-02,
    -0.201644022183));
#2673 = CARTESIAN_POINT('',(-0.464910641462,-8.497113151303E-02,
    1.083780837244E-02));
#2674 = CARTESIAN_POINT('',(-0.543143347446,-7.526480153829E-02,
    -6.001444861688E-02));
#2675 = CARTESIAN_POINT('',(-0.679712028593,-5.504626642214E-02,
    -4.621424395058E-02));
#2676 = CARTESIAN_POINT('',(-0.814439493872,-4.117623245382E-02,
    -6.233427077894E-02));
#2677 = CARTESIAN_POINT('',(-0.870762235093,-2.429410582736E-02,
    -2.010263126325E-02));
#2678 = CARTESIAN_POINT('',(-0.924170894077,-3.87679539944E-02,
    -0.113118376578));
#2679 = CARTESIAN_POINT('',(-0.979757214421,-5.094316574362E-03,
    -9.628891978817E-03));
#2680 = CARTESIAN_POINT('',(-1.035715843861,-1.863255321962E-02,
    -6.617404764496E-02));
#2681 = CARTESIAN_POINT('',(-1.090096475199,-4.684818797995E-03,
    -6.1303727781E-02));
#2682 = CARTESIAN_POINT('',(-0.140072685044,-0.116713400998,
    -2.775443110749E-02));
#2683 = CARTESIAN_POINT('',(-0.219464880853,-0.10991370643,
    -0.141364991325));
#2684 = CARTESIAN_POINT('',(-0.306845441023,-0.140621776031,
    0.189766698507));
#2685 = CARTESIAN_POINT('',(-0.378529419797,-6.504039997703E-02,
    -0.211011746139));
#2686 = CARTESIAN_POINT('',(-0.464910641462,-9.175717027672E-02,
    1.812514926064E-02));
#2687 = CARTESIAN_POINT('',(-0.543143347446,-7.387085192237E-02,
    -5.799721337205E-02));
#2688 = CARTESIAN_POINT('',(-0.679712028593,-5.550154011701E-02,
    -4.339191279683E-02));
#2689 = CARTESIAN_POINT('',(-0.814439493872,-4.066141639978E-02,
    -6.079653082965E-02));
#2690 = CARTESIAN_POINT('',(-0.870762235093,-2.480902616093E-02,
    -1.780394675619E-02));
#2691 = CARTESIAN_POINT('',(-0.924170894077,-3.826782465566E-02,
    -0.112281617431));
#2692 = CARTESIAN_POINT('',(-0.979757214421,-5.22018038011E-03,
    -7.706371878864E-03));
#2693 = CARTESIAN_POINT('',(-1.035715843861,-1.862592425978E-02,
    -6.492161376267E-02));
#2694 = CARTESIAN_POINT('',(-1.090096475199,-4.685413059153E-03,
    -6.009219440547E-02));
#2695 = CARTESIAN_POINT('',(-0.140072685044,-0.116246657079,
    -2.63506472658E-02));
#2696 = CARTESIAN_POINT('',(-0.219464880853,-0.101341220521,
    -0.145321642623));
#2697 = CARTESIAN_POINT('',(-0.306845441023,-0.153704493375,
    0.199775464926));
#2698 = CARTESIAN_POINT('',(-0.378529419797,-5.445211840098E-02,
    -0.215948625073));
#2699 = CARTESIAN_POINT('',(-0.464910641462,-9.505796288199E-02,
    2.176337892812E-02));
#2700 = CARTESIAN_POINT('',(-0.543143347446,-7.313346391858E-02,
    -5.708734841777E-02));
#2701 = CARTESIAN_POINT('',(-0.679712028593,-5.571195084563E-02,
    -4.199180987992E-02));
#2702 = CARTESIAN_POINT('',(-0.814439493872,-4.039191551707E-02,
    -6.005699309575E-02));
#2703 = CARTESIAN_POINT('',(-0.870762235093,-2.502448818082E-02,
    -1.668468829925E-02));
#2704 = CARTESIAN_POINT('',(-0.924170894077,-3.805621226131E-02,
    -0.111876489067));
#2705 = CARTESIAN_POINT('',(-0.979757214421,-5.241285345075E-03,
    -6.773213672708E-03));
#2706 = CARTESIAN_POINT('',(-1.035715843861,-1.862640534154E-02,
    -6.431316284718E-02));
#2707 = CARTESIAN_POINT('',(-1.090096475199,-4.685536429206E-03,
    -5.950345794448E-02));
#2708 = CARTESIAN_POINT('',(-0.140072685044,-0.11558818639,
    -2.466846752751E-02));
#2709 = CARTESIAN_POINT('',(-0.219464880853,-9.049215369208E-02,
    -0.150396406508));
#2710 = CARTESIAN_POINT('',(-0.306845441023,-0.169983673431,
    0.212253803047));
#2711 = CARTESIAN_POINT('',(-0.378529419797,-4.126919541519E-02,
    -0.222152438601));
#2712 = CARTESIAN_POINT('',(-0.464910641462,-9.913703525294E-02,
    2.629116569874E-02));
#2713 = CARTESIAN_POINT('',(-0.543143347446,-7.220362385549E-02,
    -5.597839706955E-02));
#2714 = CARTESIAN_POINT('',(-0.679712028593,-5.596813121072E-02,
    -4.024906742832E-02));
#2715 = CARTESIAN_POINT('',(-0.814439493872,-4.005291239013E-02,
    -5.914197812802E-02));
#2716 = CARTESIAN_POINT('',(-0.870762235093,-2.528063065993E-02,
    -1.529633606699E-02));
#2717 = CARTESIAN_POINT('',(-0.924170894077,-3.780351621963E-02,
    -0.111374603618));
#2718 = CARTESIAN_POINT('',(-0.979757214421,-5.25559639142E-03,
    -5.616502925487E-03));
#2719 = CARTESIAN_POINT('',(-1.035715843861,-1.862809517952E-02,
    -6.35587903929E-02));
#2720 = CARTESIAN_POINT('',(-1.090096475199,-4.685640562386E-03,
    -5.877347972854E-02));
#2721 = CARTESIAN_POINT('',(-0.140072685044,-0.114557746855,
    -2.33686054715E-02));
#2722 = CARTESIAN_POINT('',(-0.219464880853,-7.933030415622E-02,
    -0.155884743623));
#2723 = CARTESIAN_POINT('',(-0.306845441023,-0.185409681847,
    0.224206839698));
#2724 = CARTESIAN_POINT('',(-0.378529419797,-2.868782941717E-02,
    -0.228303984012));
#2725 = CARTESIAN_POINT('',(-0.464910641462,-0.102868397155,
    3.061772390464E-02));
#2726 = CARTESIAN_POINT('',(-0.543143347446,-7.125323244414E-02,
    -5.501493012594E-02));
#2727 = CARTESIAN_POINT('',(-0.679712028593,-5.61814818407E-02,
    -3.856709169743E-02));
#2728 = CARTESIAN_POINT('',(-0.814439493872,-3.970983496865E-02,
    -5.828185610964E-02));
#2729 = CARTESIAN_POINT('',(-0.870762235093,-2.546579062547E-02,
    -1.397633177123E-02));
#2730 = CARTESIAN_POINT('',(-0.924170894077,-3.761370464234E-02,
    -0.110900239649));
#2731 = CARTESIAN_POINT('',(-0.979757214421,-5.209449074651E-03,
    -4.520261763606E-03));
#2732 = CARTESIAN_POINT('',(-1.035715843861,-1.863519959349E-02,
    -6.284303738528E-02));
#2733 = CARTESIAN_POINT('',(-1.090096475199,-4.685493982926E-03,
    -5.808062706603E-02));
#2734 = CARTESIAN_POINT('',(-0.140072685044,-0.113134978546,
    -2.225595607313E-02));
#2735 = CARTESIAN_POINT('',(-0.219464880853,-6.948780576552E-02,
    -0.160299451571));
#2736 = CARTESIAN_POINT('',(-0.306845441023,-0.197477727398,
    0.233855114166));
#2737 = CARTESIAN_POINT('',(-0.378529419797,-1.805990486887E-02,
    -0.233117372162));
#2738 = CARTESIAN_POINT('',(-0.464910641462,-0.105658193524,
    3.447919445803E-02));
#2739 = CARTESIAN_POINT('',(-0.543143347446,-7.030048655228E-02,
    -5.401942064649E-02));
#2740 = CARTESIAN_POINT('',(-0.679712028593,-5.628488709884E-02,
    -3.684094928308E-02));
#2741 = CARTESIAN_POINT('',(-0.814439493872,-3.936159916071E-02,
    -5.736857226152E-02));
#2742 = CARTESIAN_POINT('',(-0.870762235093,-2.55492714789E-02,
    -1.259208404162E-02));
#2743 = CARTESIAN_POINT('',(-0.924170894077,-3.749806345713E-02,
    -0.110400980681));
#2744 = CARTESIAN_POINT('',(-0.979757214421,-5.0804907682E-03,
    -3.368907784572E-03));
#2745 = CARTESIAN_POINT('',(-1.035715843861,-1.864998272327E-02,
    -6.208991540656E-02));
#2746 = CARTESIAN_POINT('',(-1.090096475199,-4.68501720832E-03,
    -5.735123996744E-02));
#2747 = CARTESIAN_POINT('',(-0.140072685044,-0.112375517239,
    -2.171134563131E-02));
#2748 = CARTESIAN_POINT('',(-0.219464880853,-6.463245425576E-02,
    -0.162431402416));
#2749 = CARTESIAN_POINT('',(-0.306845441023,-0.203259961376,
    0.238517352957));
#2750 = CARTESIAN_POINT('',(-0.378529419797,-1.286750042905E-02,
    -0.235427459576));
#2751 = CARTESIAN_POINT('',(-0.464910641462,-0.106978681551,
    3.63900002916E-02));
#2752 = CARTESIAN_POINT('',(-0.543143347446,-6.981727982908E-02,
    -5.351286776447E-02));
#2753 = CARTESIAN_POINT('',(-0.679712028593,-5.632615419511E-02,
    -3.596263187096E-02));
#2754 = CARTESIAN_POINT('',(-0.814439493872,-3.918479098605E-02,
    -5.690093285551E-02));
#2755 = CARTESIAN_POINT('',(-0.870762235093,-2.558107618006E-02,
    -1.188473612488E-02));
#2756 = CARTESIAN_POINT('',(-0.924170894077,-3.744717130094E-02,
    -0.110145776662));
#2757 = CARTESIAN_POINT('',(-0.979757214421,-5.006710457322E-03,
    -2.780473323393E-03));
#2758 = CARTESIAN_POINT('',(-1.035715843861,-1.865825368222E-02,
    -6.170488351992E-02));
#2759 = CARTESIAN_POINT('',(-1.090096475199,-4.684741926038E-03,
    -5.697830568622E-02));
#2760 = CARTESIAN_POINT('',(-0.140072685044,-0.110685068999,
    -2.074693655212E-02));
#2761 = CARTESIAN_POINT('',(-0.219464880853,-5.578312496294E-02,
    -0.166091574145));
#2762 = CARTESIAN_POINT('',(-0.306845441023,-0.212900008869,
    0.246524084737));
#2763 = CARTESIAN_POINT('',(-0.378529419797,-3.651028490126E-03,
    -0.239337998954));
#2764 = CARTESIAN_POINT('',(-0.464910641462,-0.109093902843,
    3.991079164555E-02));
#2765 = CARTESIAN_POINT('',(-0.543143347446,-6.886172233014E-02,
    -5.251644854368E-02));
#2766 = CARTESIAN_POINT('',(-0.679712028593,-5.63477267162E-02,
    -3.42246133848E-02));
#2767 = CARTESIAN_POINT('',(-0.814439493872,-3.883606284976E-02,
    -5.595952239186E-02));
#2768 = CARTESIAN_POINT('',(-0.870762235093,-2.558703281219E-02,
    -1.046940766825E-02));
#2769 = CARTESIAN_POINT('',(-0.924170894077,-3.738946043157E-02,
    -0.109633692755));
#2770 = CARTESIAN_POINT('',(-0.979757214421,-4.815598900942E-03,
    -1.60197390354E-03));
#2771 = CARTESIAN_POINT('',(-1.035715843861,-1.867875480526E-02,
    -6.093292698228E-02));
#2772 = CARTESIAN_POINT('',(-1.090096475199,-4.684014596897E-03,
    -5.623040996095E-02));
#2773 = CARTESIAN_POINT('',(-0.140072685044,-0.107581319225,
    -1.960546793524E-02));
#2774 = CARTESIAN_POINT('',(-0.219464880853,-4.491685167376E-02,
    -0.169628079282));
#2775 = CARTESIAN_POINT('',(-0.306845441023,-0.221631270727,
    0.254397758036));
#2776 = CARTESIAN_POINT('',(-0.378529419797,6.595001999045E-03,
    -0.242618310229));
#2777 = CARTESIAN_POINT('',(-0.464910641462,-0.110500409003,
    4.412434966853E-02));
#2778 = CARTESIAN_POINT('',(-0.543143347446,-6.743128957694E-02,
    -5.098778004908E-02));
#2779 = CARTESIAN_POINT('',(-0.679712028593,-5.616286715374E-02,
    -3.163280083314E-02));
#2780 = CARTESIAN_POINT('',(-0.814439493872,-3.831677413549E-02,
    -5.446503420078E-02));
#2781 = CARTESIAN_POINT('',(-0.870762235092,-2.541341898698E-02,
    -8.293198176791E-03));
#2782 = CARTESIAN_POINT('',(-0.924170894077,-3.744134291484E-02,
    -0.108821861883));
#2783 = CARTESIAN_POINT('',(-0.979757214421,-4.37471877921E-03,
    2.286013553257E-04));
#2784 = CARTESIAN_POINT('',(-1.035715843861,-1.872364060708E-02,
    -5.972891959954E-02));
#2785 = CARTESIAN_POINT('',(-1.090096475199,-4.682286728001E-03,
    -5.50634842495E-02));
#2786 = CARTESIAN_POINT('',(-0.140072685044,-0.104166897239,
    -1.891559064481E-02));
#2787 = CARTESIAN_POINT('',(-0.219464880853,-3.87953380554E-02,
    -0.169640563968));
#2788 = CARTESIAN_POINT('',(-0.306845441023,-0.221311099947,
    0.255007550962));
#2789 = CARTESIAN_POINT('',(-0.378529419796,1.007534531403E-02,
    -0.240892352117));
#2790 = CARTESIAN_POINT('',(-0.464910641462,-0.10886510457,
    4.581508733597E-02));
#2791 = CARTESIAN_POINT('',(-0.543143347446,-6.621636257828E-02,
    -4.950643616744E-02));
#2792 = CARTESIAN_POINT('',(-0.679712028593,-5.562255756589E-02,
    -2.942811900033E-02));
#2793 = CARTESIAN_POINT('',(-0.814439493872,-3.789639455945E-02,
    -5.299429517447E-02));
#2794 = CARTESIAN_POINT('',(-0.870762235092,-2.492031554094E-02,
    -6.29692849078E-03));
#2795 = CARTESIAN_POINT('',(-0.924170894077,-3.777764913253E-02,
    -0.108039915112));
#2796 = CARTESIAN_POINT('',(-0.97975721442,-3.728946820776E-03,
    1.951193061179E-03));
#2797 = CARTESIAN_POINT('',(-1.035715843861,-1.878678313231E-02,
    -5.859069451281E-02));
#2798 = CARTESIAN_POINT('',(-1.090096475199,-4.679791267291E-03,
    -5.395934058201E-02));
#2799 = CARTESIAN_POINT('',(-0.140072685044,-0.100328062075,
    -1.842226360101E-02));
#2800 = CARTESIAN_POINT('',(-0.219464880853,-3.467048694855E-02,
    -0.16783797732));
#2801 = CARTESIAN_POINT('',(-0.306845441023,-0.216470729041,
    0.252069622714));
#2802 = CARTESIAN_POINT('',(-0.378529419797,1.083425023392E-02,
    -0.236958337818));
#2803 = CARTESIAN_POINT('',(-0.464910641462,-0.105955545137,
    4.679150981549E-02));
#2804 = CARTESIAN_POINT('',(-0.543143347446,-6.482435542545E-02,
    -4.814066426852E-02));
#2805 = CARTESIAN_POINT('',(-0.679712028593,-5.482283569184E-02,
    -2.726583538793E-02));
#2806 = CARTESIAN_POINT('',(-0.814439493872,-3.750152218589E-02,
    -5.143010935441E-02));
#2807 = CARTESIAN_POINT('',(-0.870762235092,-2.409821702373E-02,
    -4.233770849326E-03));
#2808 = CARTESIAN_POINT('',(-0.924170894078,-3.843433090489E-02,
    -0.107228055699));
#2809 = CARTESIAN_POINT('',(-0.97975721442,-2.835694768275E-03,
    3.75594670504E-03));
#2810 = CARTESIAN_POINT('',(-1.035715843861,-1.88725515662E-02,
    -5.739794681029E-02));
#2811 = CARTESIAN_POINT('',(-1.090096475199,-4.676414094859E-03,
    -5.280085509122E-02));
#2812 = CARTESIAN_POINT('',(-0.140072685044,-9.725338630473E-02,
    -1.819390196731E-02));
#2813 = CARTESIAN_POINT('',(-0.219464880853,-3.293674216183E-02,
    -0.165361896366));
#2814 = CARTESIAN_POINT('',(-0.306845441023,-0.210125995173,
    0.24771404251));
#2815 = CARTESIAN_POINT('',(-0.378529419797,9.854327247108E-03,
    -0.232865701918));
#2816 = CARTESIAN_POINT('',(-0.464910641462,-0.103188213787,
    4.721966334697E-02));
#2817 = CARTESIAN_POINT('',(-0.543143347446,-6.361491345163E-02,
    -4.729354407848E-02));
#2818 = CARTESIAN_POINT('',(-0.679712028593,-5.406633184152E-02,
    -2.572141056712E-02));
#2819 = CARTESIAN_POINT('',(-0.814439493872,-3.722591952957E-02,
    -5.022846655567E-02));
#2820 = CARTESIAN_POINT('',(-0.870762235092,-2.326287231822E-02,
    -2.692260312663E-03));
#2821 = CARTESIAN_POINT('',(-0.924170894078,-3.914396648561E-02,
    -0.106608425287));
#2822 = CARTESIAN_POINT('',(-0.97975721442,-2.007914555689E-03,
    5.120633341003E-03));
#2823 = CARTESIAN_POINT('',(-1.035715843861,-1.895091697867E-02,
    -5.649101638437E-02));
#2824 = CARTESIAN_POINT('',(-1.090096475199,-4.67327250249E-03,
    -5.191953919961E-02));
#2825 = CARTESIAN_POINT('',(-0.140072685044,-9.37469251845E-02,
    -1.805300697796E-02));
#2826 = CARTESIAN_POINT('',(-0.219464880853,-3.244241994672E-02,
    -0.161332056705));
#2827 = CARTESIAN_POINT('',(-0.306845441023,-0.200553218778,
    0.240506108284));
#2828 = CARTESIAN_POINT('',(-0.378529419796,7.157464186821E-03,
    -0.226832108149));
#2829 = CARTESIAN_POINT('',(-0.464910641462,-9.940317370817E-02,
    4.704369654364E-02));
#2830 = CARTESIAN_POINT('',(-0.543143347446,-6.223585681403E-02,
    -4.637616212558E-02));
#2831 = CARTESIAN_POINT('',(-0.679712028593,-5.295800821797E-02,
    -2.426354424688E-02));
#2832 = CARTESIAN_POINT('',(-0.814439493872,-3.697702274045E-02,
    -4.883063347984E-02));
#2833 = CARTESIAN_POINT('',(-0.870762235092,-2.207489455332E-02,
    -1.075870243176E-03));
#2834 = CARTESIAN_POINT('',(-0.924170894077,-4.016962936096E-02,
    -0.105871082589));
#2835 = CARTESIAN_POINT('',(-0.97975721442,-9.329927374517E-04,
    6.604478590475E-03));
#2836 = CARTESIAN_POINT('',(-1.035715843861,-1.905079634876E-02,
    -5.548089950269E-02));
#2837 = CARTESIAN_POINT('',(-1.090096475199,-4.669041701272E-03,
    -5.093967553733E-02));
#2838 = CARTESIAN_POINT('',(-0.140072685044,-9.076711209276E-02,
    -1.798627495303E-02));
#2839 = CARTESIAN_POINT('',(-0.219464880853,-3.28380311226E-02,
    -0.157167701082));
#2840 = CARTESIAN_POINT('',(-0.306845441023,-0.191130995175,
    0.233033878833));
#2841 = CARTESIAN_POINT('',(-0.378529419796,3.971051992135E-03,
    -0.220797360091));
#2842 = CARTESIAN_POINT('',(-0.464910641462,-9.576876048866E-02,
    4.642181441765E-02));
#2843 = CARTESIAN_POINT('',(-0.543143347446,-6.109347261056E-02,
    -4.556373278264E-02));
#2844 = CARTESIAN_POINT('',(-0.679712028593,-5.183601497158E-02,
    -2.323127210089E-02));
#2845 = CARTESIAN_POINT('',(-0.814439493872,-3.680973331961E-02,
    -4.760504560233E-02));
#2846 = CARTESIAN_POINT('',(-0.870762235092,-2.091623551775E-02,
    2.188633802816E-04));
#2847 = CARTESIAN_POINT('',(-0.924170894077,-4.116992671787E-02,
    -0.105223798006));
#2848 = CARTESIAN_POINT('',(-0.97975721442,5.74429107417E-05,
    7.838374240504E-03));
#2849 = CARTESIAN_POINT('',(-1.035715843861,-1.914080997854E-02,
    -5.463226929974E-02));
#2850 = CARTESIAN_POINT('',(-1.090096475199,-4.665010233469E-03,
    -5.011454005133E-02));
#2851 = CARTESIAN_POINT('',(-0.140072685044,-8.840525309319E-02,
    -1.79619297101E-02));
#2852 = CARTESIAN_POINT('',(-0.219464880853,-3.384190804142E-02,
    -0.153141484622));
#2853 = CARTESIAN_POINT('',(-0.306845441023,-0.182571414201,
    0.225821552414));
#2854 = CARTESIAN_POINT('',(-0.378529419796,6.557446093667E-04,
    -0.215042655974));
#2855 = CARTESIAN_POINT('',(-0.464910641462,-9.244301998317E-02,
    4.538894894538E-02));
#2856 = CARTESIAN_POINT('',(-0.543143347446,-6.025027977268E-02,
    -4.481394422646E-02));
#2857 = CARTESIAN_POINT('',(-0.679712028593,-5.073699262179E-02,
    -2.264092200749E-02));
#2858 = CARTESIAN_POINT('',(-0.814439493872,-3.672466300705E-02,
    -4.657075300422E-02));
#2859 = CARTESIAN_POINT('',(-0.870762235092,-1.984829808994E-02,
    1.169170455181E-03));
#2860 = CARTESIAN_POINT('',(-0.924170894077,-4.208139930107E-02,
    -0.104676942426));
#2861 = CARTESIAN_POINT('',(-0.97975721442,9.11953592498E-04,
    8.801227730245E-03));
#2862 = CARTESIAN_POINT('',(-1.035715843861,-1.921485179276E-02,
    -5.395990355185E-02));
#2863 = CARTESIAN_POINT('',(-1.090096475199,-4.661513584888E-03,
    -4.94595551095E-02));
#2864 = CARTESIAN_POINT('',(-0.140072685044,-8.595276306898E-02,
    -1.794039490183E-02));
#2865 = CARTESIAN_POINT('',(-0.219464880853,-3.524005388173E-02,
    -0.148516774474));
#2866 = CARTESIAN_POINT('',(-0.306845441023,-0.173146975341,
    0.217586961726));
#2867 = CARTESIAN_POINT('',(-0.378529419796,-3.146958205479E-03,
    -0.208494905748));
#2868 = CARTESIAN_POINT('',(-0.464910641462,-8.875949564072E-02,
    4.401609266204E-02));
#2869 = CARTESIAN_POINT('',(-0.543143347446,-5.939031069067E-02,
    -4.397380746233E-02));
#2870 = CARTESIAN_POINT('',(-0.679712028593,-4.947593821327E-02,
    -2.214370117792E-02));
#2871 = CARTESIAN_POINT('',(-0.814439493872,-3.665155698268E-02,
    -4.546084356029E-02));
#2872 = CARTESIAN_POINT('',(-0.870762235092,-1.86521058684E-02,
    2.127348858789E-03));
#2873 = CARTESIAN_POINT('',(-0.924170894077,-4.309633770347E-02,
    -0.104086951218));
#2874 = CARTESIAN_POINT('',(-0.97975721442,1.841366175567E-03,
    9.800715492153E-03));
#2875 = CARTESIAN_POINT('',(-1.035715843861,-1.929182968789E-02,
    -5.325576420139E-02));
#2876 = CARTESIAN_POINT('',(-1.090096475199,-4.65776055867E-03,
    -4.877302976648E-02));
#2877 = CARTESIAN_POINT('',(-0.140072685044,-8.379369154074E-02,
    -1.792263821128E-02));
#2878 = CARTESIAN_POINT('',(-0.219464880853,-3.674518652598E-02,
    -0.144071684862));
#2879 = CARTESIAN_POINT('',(-0.306845441023,-0.164427147973,
    0.209704952199));
#2880 = CARTESIAN_POINT('',(-0.378529419797,-6.776287980241E-03,
    -0.202239605303));
#2881 = CARTESIAN_POINT('',(-0.464910641462,-8.532582869332E-02,
    4.255057198565E-02));
#2882 = CARTESIAN_POINT('',(-0.543143347446,-5.864272789079E-02,
    -4.31808073723E-02));
#2883 = CARTESIAN_POINT('',(-0.679712028593,-4.826160665855E-02,
    -2.18043333987E-02));
#2884 = CARTESIAN_POINT('',(-0.814439493872,-3.659838884694E-02,
    -4.445247543304E-02));
#2885 = CARTESIAN_POINT('',(-0.870762235092,-1.752273557965E-02,
    2.948450988449E-03));
#2886 = CARTESIAN_POINT('',(-0.924170894077,-4.404963815204E-02,
    -0.103547796072));
#2887 = CARTESIAN_POINT('',(-0.97975721442,2.696689145322E-03,
    1.068172775174E-02));
#2888 = CARTESIAN_POINT('',(-1.035715843861,-1.935944237847E-02,
    -5.262965448432E-02));
#2889 = CARTESIAN_POINT('',(-1.090096475199,-4.654358188879E-03,
    -4.816209316482E-02));
#2890 = CARTESIAN_POINT('',(-0.140072685044,-7.909440498906E-02,
    -1.788785811496E-02));
#2891 = CARTESIAN_POINT('',(-0.219464880853,-4.012774507192E-02,
    -0.133646335478));
#2892 = CARTESIAN_POINT('',(-0.306845441023,-0.145321176927,
    0.191219578992));
#2893 = CARTESIAN_POINT('',(-0.378529419797,-1.476671786065E-02,
    -0.18749175185));
#2894 = CARTESIAN_POINT('',(-0.464910641462,-7.75799234896E-02,
    3.872982347356E-02));
#2895 = CARTESIAN_POINT('',(-0.543143347446,-5.698492636638E-02,
    -4.132464064999E-02));
#2896 = CARTESIAN_POINT('',(-0.679712028593,-4.534958897501E-02,
    -2.132027618046E-02));
#2897 = CARTESIAN_POINT('',(-0.814439493872,-3.647545688635E-02,
    -4.219673682957E-02));
#2898 = CARTESIAN_POINT('',(-0.870762235092,-1.48659723803E-02,
    4.693096915609E-03));
#2899 = CARTESIAN_POINT('',(-0.924170894077,-4.627637692753E-02,
    -0.102322727943));
#2900 = CARTESIAN_POINT('',(-0.97975721442,4.651269075566E-03,
    1.260307881864E-02));
#2901 = CARTESIAN_POINT('',(-1.035715843861,-1.949912051139E-02,
    -5.124725819851E-02));
#2902 = CARTESIAN_POINT('',(-1.090096475199,-4.646931278747E-03,
    -4.681215379085E-02));
#2903 = CARTESIAN_POINT('',(-0.140072685044,-7.386544381077E-02,
    -1.785715710481E-02));
#2904 = CARTESIAN_POINT('',(-0.219464880853,-4.282129103832E-02,
    -0.121218925976));
#2905 = CARTESIAN_POINT('',(-0.306845441023,-0.125825838154,
    0.168999911657));
#2906 = CARTESIAN_POINT('',(-0.378529419797,-2.256459193231E-02,
    -0.169362953425));
#2907 = CARTESIAN_POINT('',(-0.464910641462,-6.888423215732E-02,
    3.33889229054E-02));
#2908 = CARTESIAN_POINT('',(-0.543143347446,-5.502765374774E-02,
    -3.899423091216E-02));
#2909 = CARTESIAN_POINT('',(-0.679712028593,-4.159954561736E-02,
    -2.128251810346E-02));
#2910 = CARTESIAN_POINT('',(-0.814439493872,-3.631540340266E-02,
    -3.9549407337E-02));
#2911 = CARTESIAN_POINT('',(-0.870762235092,-1.149862713797E-02,
    6.500321774357E-03));
#2912 = CARTESIAN_POINT('',(-0.924170894077,-4.903868888859E-02,
    -0.100825052208));
#2913 = CARTESIAN_POINT('',(-0.97975721442,6.982211400366E-03,
    1.473799845228E-02));
#2914 = CARTESIAN_POINT('',(-1.035715843861,-1.962789617182E-02,
    -4.966801568495E-02));
#2915 = CARTESIAN_POINT('',(-1.090096475199,-4.63912995999E-03,
    -4.526972404562E-02));
#2916 = CARTESIAN_POINT('',(-0.140072685044,-6.954304200485E-02,
    -1.783944225663E-02));
#2917 = CARTESIAN_POINT('',(-0.219464880853,-4.549983619045E-02,
    -0.108759236844));
#2918 = CARTESIAN_POINT('',(-0.306845441023,-0.108727845014,
    0.146488683365));
#2919 = CARTESIAN_POINT('',(-0.378529419797,-3.020111072541E-02,
    -0.150493639869));
#2920 = CARTESIAN_POINT('',(-0.464910641462,-6.087880084301E-02,
    2.707058033979E-02));
#2921 = CARTESIAN_POINT('',(-0.543143347446,-5.347821937835E-02,
    -3.659667319274E-02));
#2922 = CARTESIAN_POINT('',(-0.679712028593,-3.801746359481E-02,
    -2.1744270381E-02));
#2923 = CARTESIAN_POINT('',(-0.814439493872,-3.618767270537E-02,
    -3.715105743762E-02));
#2924 = CARTESIAN_POINT('',(-0.870762235092,-8.272281339617E-03,
    7.665742490852E-03));
#2925 = CARTESIAN_POINT('',(-0.924170894077,-5.150833162653E-02,
    -9.934238780099E-02));
#2926 = CARTESIAN_POINT('',(-0.97975721442,8.931071147296E-03,
    1.645710087004E-02));
#2927 = CARTESIAN_POINT('',(-1.035715843861,-1.966839044151E-02,
    -4.832154490769E-02));
#2928 = CARTESIAN_POINT('',(-1.090096475199,-4.634979455542E-03,
    -4.396147172481E-02));
#2929 = CARTESIAN_POINT('',(-0.140072685044,-6.52376876051E-02,
    -1.782472672376E-02));
#2930 = CARTESIAN_POINT('',(-0.219464880853,-4.878675288636E-02,
    -9.5110015633E-02));
#2931 = CARTESIAN_POINT('',(-0.306845441023,-9.051665169421E-02,
    0.12175042655));
#2932 = CARTESIAN_POINT('',(-0.378529419796,-3.893134617917E-02,
    -0.129595498305));
#2933 = CARTESIAN_POINT('',(-0.464910641462,-5.237832601775E-02,
    1.984180628962E-02));
#2934 = CARTESIAN_POINT('',(-0.543143347446,-5.200761561138E-02,
    -3.399264690122E-02));
#2935 = CARTESIAN_POINT('',(-0.679712028593,-3.42760074189E-02,
    -2.235981528296E-02));
#2936 = CARTESIAN_POINT('',(-0.814439493872,-3.606167643207E-02,
    -3.469396509051E-02));
#2937 = CARTESIAN_POINT('',(-0.870762235093,-4.900377682673E-03,
    8.746963854387E-03));
#2938 = CARTESIAN_POINT('',(-0.924170894077,-5.399732734367E-02,
    -9.780131602412E-02));
#2939 = CARTESIAN_POINT('',(-0.979757214421,1.08378091276E-02,
    1.815482412733E-02));
#2940 = CARTESIAN_POINT('',(-1.035715843861,-1.967079574744E-02,
    -4.696561776519E-02));
#2941 = CARTESIAN_POINT('',(-1.090096475199,-4.632291359069E-03,
    -4.264732621987E-02));
#2942 = CARTESIAN_POINT('',(-0.140072685044,-6.150231072499E-02,
    -1.781602934833E-02));
#2943 = CARTESIAN_POINT('',(-0.219464880853,-5.247128651273E-02,
    -8.158352335277E-02));
#2944 = CARTESIAN_POINT('',(-0.306845441023,-7.312902872879E-02,
    9.714013401887E-02));
#2945 = CARTESIAN_POINT('',(-0.378529419796,-4.801464342983E-02,
    -0.108609486864));
#2946 = CARTESIAN_POINT('',(-0.464910641462,-4.429744710344E-02,
    1.230191171984E-02));
#2947 = CARTESIAN_POINT('',(-0.543143347446,-5.082961844374E-02,
    -3.143786571303E-02));
#2948 = CARTESIAN_POINT('',(-0.679712028593,-3.079206127481E-02,
    -2.310523985346E-02));
#2949 = CARTESIAN_POINT('',(-0.814439493872,-3.595311895241E-02,
    -3.246913186883E-02));
#2950 = CARTESIAN_POINT('',(-0.870762235093,-1.756350871328E-03,
    9.577898806627E-03));
#2951 = CARTESIAN_POINT('',(-0.924170894077,-5.619452805666E-02,
    -9.637702099615E-02));
#2952 = CARTESIAN_POINT('',(-0.979757214421,1.244179627706E-02,
    1.960775369773E-02));
#2953 = CARTESIAN_POINT('',(-1.035715843861,-1.961946655608E-02,
    -4.576874210255E-02));
#2954 = CARTESIAN_POINT('',(-1.090096475199,-4.631999976742E-03,
    -4.149189430998E-02));
#2955 = CARTESIAN_POINT('',(-0.140072685044,-5.62853706914E-02,
    -1.781086328561E-02));
#2956 = CARTESIAN_POINT('',(-0.219464880853,-5.672283000372E-02,
    -6.285779809672E-02));
#2957 = CARTESIAN_POINT('',(-0.306845441023,-5.063953379671E-02,
    6.319261760475E-02));
#2958 = CARTESIAN_POINT('',(-0.378529419796,-5.88327434633E-02,
    -7.989817241232E-02));
#2959 = CARTESIAN_POINT('',(-0.464910641462,-3.394811911891E-02,
    1.992993777595E-03));
#2960 = CARTESIAN_POINT('',(-0.543143347446,-4.914384108312E-02,
    -2.756304867795E-02));
#2961 = CARTESIAN_POINT('',(-0.679712028593,-2.572470301393E-02,
    -2.431842651156E-02));
#2962 = CARTESIAN_POINT('',(-0.814439493872,-3.579475301412E-02,
    -2.912623934086E-02));
#2963 = CARTESIAN_POINT('',(-0.870762235093,3.155314318016E-03,
    1.005038795606E-02));
#2964 = CARTESIAN_POINT('',(-0.924170894077,-5.938476631565E-02,
    -9.353075848807E-02));
#2965 = CARTESIAN_POINT('',(-0.979757214421,1.446357556621E-02,
    2.136888128512E-02));
#2966 = CARTESIAN_POINT('',(-1.035715843861,-1.9401219527E-02,
    -4.404322977221E-02));
#2967 = CARTESIAN_POINT('',(-1.090096475199,-4.637873310074E-03,
    -3.986009836118E-02));
#2968 = CARTESIAN_POINT('',(-0.140072685044,-5.333168848705E-02,
    -1.781082575452E-02));
#2969 = CARTESIAN_POINT('',(-0.219464880853,-5.887814402338E-02,
    -5.227391284918E-02));
#2970 = CARTESIAN_POINT('',(-0.306845441023,-3.836934645743E-02,
    4.396366292489E-02));
#2971 = CARTESIAN_POINT('',(-0.378529419796,-6.457314328383E-02,
    -6.351904577983E-02));
#2972 = CARTESIAN_POINT('',(-0.464910641462,-2.814754105995E-02,
    -4.154671462261E-03));
#2973 = CARTESIAN_POINT('',(-0.543143347446,-4.82705570256E-02,
    -2.511896800748E-02));
#2974 = CARTESIAN_POINT('',(-0.679712028593,-2.27536440641E-02,
    -2.510975836178E-02));
#2975 = CARTESIAN_POINT('',(-0.814439493872,-3.57241693296E-02,
    -2.709042754177E-02));
#2976 = CARTESIAN_POINT('',(-0.870762235093,6.20609583278E-03,
    9.890111035185E-03));
#2977 = CARTESIAN_POINT('',(-0.924170894077,-6.126365826881E-02,
    -9.138590813074E-02));
#2978 = CARTESIAN_POINT('',(-0.979757214421,1.548840789865E-02,
    2.219708622695E-02));
#2979 = CARTESIAN_POINT('',(-1.035715843861,-1.920411271318E-02,
    -4.303930097611E-02));
#2980 = CARTESIAN_POINT('',(-1.090096475199,-4.644458929227E-03,
    -3.893067235613E-02));
#2981 = CARTESIAN_POINT('',(-0.140072685044,-5.112111951398E-02,
    -1.781212464069E-02));
#2982 = CARTESIAN_POINT('',(-0.219464880853,-6.046605750856E-02,
    -4.434988910276E-02));
#2983 = CARTESIAN_POINT('',(-0.306845441023,-2.918241037115E-02,
    2.947987286012E-02));
#2984 = CARTESIAN_POINT('',(-0.378529419796,-6.899633891581E-02,
    -5.097221832714E-02));
#2985 = CARTESIAN_POINT('',(-0.464910641462,-2.357613979614E-02,
    -9.171688763807E-03));
#2986 = CARTESIAN_POINT('',(-0.543143347446,-4.772416350798E-02,
    -2.310966084237E-02));
#2987 = CARTESIAN_POINT('',(-0.679712028593,-2.048468555949E-02,
    -2.572889629163E-02));
#2988 = CARTESIAN_POINT('',(-0.814439493872,-3.568170818828E-02,
    -2.551032521351E-02));
#2989 = CARTESIAN_POINT('',(-0.870762235093,8.594878949938E-03,
    9.635160880486E-03));
#2990 = CARTESIAN_POINT('',(-0.924170894077,-6.263536526161E-02,
    -8.962708911493E-02));
#2991 = CARTESIAN_POINT('',(-0.979757214421,1.612489870632E-02,
    2.283007898726E-02));
#2992 = CARTESIAN_POINT('',(-1.035715843861,-1.900627263146E-02,
    -4.228661601125E-02));
#2993 = CARTESIAN_POINT('',(-1.090096475199,-4.651458549824E-03,
    -3.82341961371E-02));
#2994 = CARTESIAN_POINT('',(-0.140072685044,-4.967733954748E-02,
    -1.781326302106E-02));
#2995 = CARTESIAN_POINT('',(-0.219464880853,-6.14998677996E-02,
    -3.91784166261E-02));
#2996 = CARTESIAN_POINT('',(-0.306845441023,-2.317573951424E-02,
    2.00070448999E-02));
#2997 = CARTESIAN_POINT('',(-0.378529419797,-7.192142099015E-02,
    -4.271832898276E-02));
#2998 = CARTESIAN_POINT('',(-0.464910641462,-2.053297140083E-02,
    -1.253951877951E-02));
#2999 = CARTESIAN_POINT('',(-0.543143347446,-4.739155308307E-02,
    -2.176160481552E-02));
#3000 = CARTESIAN_POINT('',(-0.679712028593,-1.899554648574E-02,
    -2.613048113821E-02));
#3001 = CARTESIAN_POINT('',(-0.814439493872,-3.565373500337E-02,
    -2.447397017342E-02));
#3002 = CARTESIAN_POINT('',(-0.870762235092,1.017416646435E-02,
    9.451113626403E-03));
#3003 = CARTESIAN_POINT('',(-0.924170894077,-6.35192237122E-02,
    -8.845338139295E-02));
#3004 = CARTESIAN_POINT('',(-0.97975721442,1.65084614401E-02,
    2.32513752039E-02));
#3005 = CARTESIAN_POINT('',(-1.035715843861,-1.886531322104E-02,
    -4.179530022913E-02));
#3006 = CARTESIAN_POINT('',(-1.090096475199,-4.656507524698E-03,
    -3.777918829862E-02));
#3007 = CARTESIAN_POINT('',(-0.140072685044,-4.759857854343E-02,
    -1.781567296583E-02));
#3008 = CARTESIAN_POINT('',(-0.219464880853,-6.293510964373E-02,
    -3.184586883156E-02));
#3009 = CARTESIAN_POINT('',(-0.306845441023,-1.45999854568E-02,
    6.540527033106E-03));
#3010 = CARTESIAN_POINT('',(-0.378529419796,-7.613123572017E-02,
    -3.090170516853E-02));
#3011 = CARTESIAN_POINT('',(-0.464910641462,-1.606383712384E-02,
    -1.748179838015E-02));
#3012 = CARTESIAN_POINT('',(-0.543143347446,-4.694835907914E-02,
    -1.979130189844E-02));
#3013 = CARTESIAN_POINT('',(-0.679712028593,-1.685756863972E-02,
    -2.664368831806E-02));
#3014 = CARTESIAN_POINT('',(-0.814439493872,-3.559783419004E-02,
    -2.300988219788E-02));
#3015 = CARTESIAN_POINT('',(-0.870762235093,1.24790038208E-02,
    9.193374762543E-03));
#3016 = CARTESIAN_POINT('',(-0.924170894077,-6.474023411415E-02,
    -8.673385446081E-02));
#3017 = CARTESIAN_POINT('',(-0.979757214421,1.696064857281E-02,
    2.389916700523E-02));
#3018 = CARTESIAN_POINT('',(-1.035715843861,-1.862818127675E-02,
    -4.109096242463E-02));
#3019 = CARTESIAN_POINT('',(-1.090096475199,-4.66514263756E-03,
    -3.712402604508E-02));
#3020 = CARTESIAN_POINT('',(-0.140072685044,-4.562211865508E-02,
    -1.78189571636E-02));
#3021 = CARTESIAN_POINT('',(-0.219464880853,-6.408118834745E-02,
    -2.535027433535E-02));
#3022 = CARTESIAN_POINT('',(-0.306845441023,-6.842829737648E-03,
    -5.378899056897E-03));
#3023 = CARTESIAN_POINT('',(-0.378529419797,-7.980099527653E-02,
    -2.046598851045E-02));
#3024 = CARTESIAN_POINT('',(-0.464910641462,-1.192256263213E-02,
    -2.183621928022E-02));
#3025 = CARTESIAN_POINT('',(-0.543143347446,-4.647525591706E-02,
    -1.808115576524E-02));
#3026 = CARTESIAN_POINT('',(-0.679712028593,-1.491903028587E-02,
    -2.687742084097E-02));
#3027 = CARTESIAN_POINT('',(-0.814439493873,-3.54726965559E-02,
    -2.176487590187E-02));
#3028 = CARTESIAN_POINT('',(-0.870762235092,1.46372447702E-02,
    9.053445952759E-03));
#3029 = CARTESIAN_POINT('',(-0.924170894078,-6.575966052629E-02,
    -8.506379682955E-02));
#3030 = CARTESIAN_POINT('',(-0.97975721442,1.720598898102E-02,
    2.455118816603E-02));
#3031 = CARTESIAN_POINT('',(-1.035715843861,-1.834660594775E-02,
    -4.040556668191E-02));
#3032 = CARTESIAN_POINT('',(-1.090096475199,-4.675435614909E-03,
    -3.65019984288E-02));
#3033 = CARTESIAN_POINT('',(-0.140072685044,-4.350146819852E-02,
    -1.782314233418E-02));
#3034 = CARTESIAN_POINT('',(-0.219464880853,-6.502958953301E-02,
    -1.900781974912E-02));
#3035 = CARTESIAN_POINT('',(-0.306845441023,9.421650316878E-04,
    -1.695589779184E-02));
#3036 = CARTESIAN_POINT('',(-0.378529419797,-8.321842867984E-02,
    -1.047466811093E-02));
#3037 = CARTESIAN_POINT('',(-0.464910641462,-7.74933885707E-03,
    -2.583589544566E-02));
#3038 = CARTESIAN_POINT('',(-0.543143347446,-4.584586264781E-02,
    -1.654855697878E-02));
#3039 = CARTESIAN_POINT('',(-0.679712028593,-1.297833123687E-02,
    -2.67913368763E-02));
#3040 = CARTESIAN_POINT('',(-0.814439493873,-3.52455590015E-02,
    -2.063962127036E-02));
#3041 = CARTESIAN_POINT('',(-0.870762235092,1.687417772756E-02,
    9.104301903758E-03));
#3042 = CARTESIAN_POINT('',(-0.924170894078,-6.670536439728E-02,
    -8.331397015391E-02));
#3043 = CARTESIAN_POINT('',(-0.97975721442,1.730646567805E-02,
    2.530650569456E-02));
#3044 = CARTESIAN_POINT('',(-1.035715843861,-1.800059310998E-02,
    -3.966082157957E-02));
#3045 = CARTESIAN_POINT('',(-1.090096475199,-4.687224420133E-03,
    -3.583211455362E-02));
#3046 = CARTESIAN_POINT('',(-0.140072685044,-4.089038826194E-02,
    -1.782913683395E-02));
#3047 = CARTESIAN_POINT('',(-0.219464880853,-6.580587222138E-02,
    -1.208358013077E-02));
#3048 = CARTESIAN_POINT('',(-0.306845441023,9.779277436186E-03,
    -2.95010899676E-02));
#3049 = CARTESIAN_POINT('',(-0.378529419797,-8.670427691822E-02,
    1.309974153624E-04));
#3050 = CARTESIAN_POINT('',(-0.464910641462,-2.984002909606E-03,
    -2.981998220885E-02));
#3051 = CARTESIAN_POINT('',(-0.543143347446,-4.490628202067E-02,
    -1.50768469588E-02));
#3052 = CARTESIAN_POINT('',(-0.679712028593,-1.077209864963E-02,
    -2.623540477215E-02));
#3053 = CARTESIAN_POINT('',(-0.814439493872,-3.483951145876E-02,
    -1.955003144488E-02));
#3054 = CARTESIAN_POINT('',(-0.870762235092,1.951347014126E-02,
    9.461212643605E-03));
#3055 = CARTESIAN_POINT('',(-0.924170894078,-6.766178717522E-02,
    -8.123320731118E-02));
#3056 = CARTESIAN_POINT('',(-0.97975721442,1.720599214347E-02,
    2.631971809935E-02));
#3057 = CARTESIAN_POINT('',(-1.035715843861,-1.751582381497E-02,
    -3.873227187876E-02));
#3058 = CARTESIAN_POINT('',(-1.090096475199,-4.702392252928E-03,
    -3.500274932508E-02));
#3059 = CARTESIAN_POINT('',(-0.140072685044,-3.784904040772E-02,
    -1.783775730309E-02));
#3060 = CARTESIAN_POINT('',(-0.219464880853,-6.570987732577E-02,
    -6.301730058443E-03));
#3061 = CARTESIAN_POINT('',(-0.306845441023,1.817513063865E-02,
    -3.975442912783E-02));
#3062 = CARTESIAN_POINT('',(-0.378529419797,-8.896856056025E-02,
    8.280610809698E-03));
#3063 = CARTESIAN_POINT('',(-0.464910641462,1.688682268431E-03,
    -3.229560698489E-02));
#3064 = CARTESIAN_POINT('',(-0.543143347446,-4.346113952605E-02,
    -1.422025251247E-02));
#3065 = CARTESIAN_POINT('',(-0.679712028593,-8.549592484878E-03,
    -2.478118700058E-02));
#3066 = CARTESIAN_POINT('',(-0.814439493872,-3.411123719348E-02,
    -1.884756037269E-02));
#3067 = CARTESIAN_POINT('',(-0.870762235092,2.241618341397E-02,
    1.005431177284E-02));
#3068 = CARTESIAN_POINT('',(-0.924170894077,-6.831448908131E-02,
    -7.868903095036E-02));
#3069 = CARTESIAN_POINT('',(-0.97975721442,1.653728948817E-02,
    2.765718755982E-02));
#3070 = CARTESIAN_POINT('',(-1.035715843861,-1.681532763551E-02,
    -3.762122013366E-02));
#3071 = CARTESIAN_POINT('',(-1.090096475199,-4.718896408122E-03,
    -3.401620237038E-02));
#3072 = CARTESIAN_POINT('',(-0.140072685044,-3.426512728559E-02,
    -1.78492761105E-02));
#3073 = CARTESIAN_POINT('',(-0.219464880853,-6.40202234029E-02,
    -2.896894775077E-03));
#3074 = CARTESIAN_POINT('',(-0.306845441023,2.501345938359E-02,
    -4.527568813926E-02));
#3075 = CARTESIAN_POINT('',(-0.378529419797,-8.858920558647E-02,
    1.143222308306E-02));
#3076 = CARTESIAN_POINT('',(-0.464910641462,5.487042366222E-03,
    -3.171676079392E-02));
#3077 = CARTESIAN_POINT('',(-0.543143347446,-4.102448003688E-02,
    -1.461117178388E-02));
#3078 = CARTESIAN_POINT('',(-0.679712028593,-6.665067349761E-03,
    -2.181023124931E-02));
#3079 = CARTESIAN_POINT('',(-0.814439493872,-3.256967374437E-02,
    -1.917439411985E-02));
#3080 = CARTESIAN_POINT('',(-0.870762235092,2.417878299749E-02,
    1.265455236637E-02));
#3081 = CARTESIAN_POINT('',(-0.924170894077,-6.682377795147E-02,
    -7.78348433072E-02));
#3082 = CARTESIAN_POINT('',(-0.97975721442,1.456469184615E-02,
    3.014508583803E-02));
#3083 = CARTESIAN_POINT('',(-1.035715843861,-1.578887770755E-02,
    -3.634867970609E-02));
#3084 = CARTESIAN_POINT('',(-1.090096475199,-4.732833389646E-03,
    -3.281489411933E-02));
#3085 = CARTESIAN_POINT('',(-0.140072685044,-3.159447641684E-02,
    -1.785877836306E-02));
#3086 = CARTESIAN_POINT('',(-0.219464880853,-6.145958677869E-02,
    -2.950848911003E-03));
#3087 = CARTESIAN_POINT('',(-0.306845441023,2.755569797672E-02,
    -4.435800639868E-02));
#3088 = CARTESIAN_POINT('',(-0.378529419797,-8.568347376018E-02,
    8.72050772591E-03));
#3089 = CARTESIAN_POINT('',(-0.464910641462,6.738045029565E-03,
    -2.836573457922E-02));
#3090 = CARTESIAN_POINT('',(-0.543143347446,-3.847768058979E-02,
    -1.618335295886E-02));
#3091 = CARTESIAN_POINT('',(-0.679712028593,-6.006095840307E-03,
    -1.843562477596E-02));
#3092 = CARTESIAN_POINT('',(-0.814439493872,-3.068896937659E-02,
    -2.058481871018E-02));
#3093 = CARTESIAN_POINT('',(-0.870762235092,2.349459547608E-02,
    1.68870300283E-02));
#3094 = CARTESIAN_POINT('',(-0.924170894078,-6.309726841447E-02,
    -7.994655324994E-02));
#3095 = CARTESIAN_POINT('',(-0.97975721442,1.187283616943E-02,
    3.306798633793E-02));
#3096 = CARTESIAN_POINT('',(-1.035715843861,-1.483704046861E-02,
    -3.546071178788E-02));
#3097 = CARTESIAN_POINT('',(-1.090096475199,-4.736854882405E-03,
    -3.188089904423E-02));
#3098 = CARTESIAN_POINT('',(-0.140072685044,-2.959351198846E-02,
    -1.786624624391E-02));
#3099 = CARTESIAN_POINT('',(-0.219464880853,-5.869515868262E-02,
    -4.239801155416E-03));
#3100 = CARTESIAN_POINT('',(-0.306845441023,2.776818578608E-02,
    -4.123253520126E-02));
#3101 = CARTESIAN_POINT('',(-0.378529419797,-8.168841814929E-02,
    4.193697879281E-03));
#3102 = CARTESIAN_POINT('',(-0.464910641462,6.466864273843E-03,
    -2.431865188543E-02));
#3103 = CARTESIAN_POINT('',(-0.543143347446,-3.595552203548E-02,
    -1.812753505583E-02));
#3104 = CARTESIAN_POINT('',(-0.679712028593,-6.142779815212E-03,
    -1.528377049801E-02));
#3105 = CARTESIAN_POINT('',(-0.814439493872,-2.861734022239E-02,
    -2.24019161602E-02));
#3106 = CARTESIAN_POINT('',(-0.870762235092,2.083128273384E-02,
    2.222186539508E-02));
#3107 = CARTESIAN_POINT('',(-0.924170894077,-5.75196787007E-02,
    -8.455875342593E-02));
#3108 = CARTESIAN_POINT('',(-0.97975721442,8.69126283992E-03,
    3.637981907014E-02));
#3109 = CARTESIAN_POINT('',(-1.035715843861,-1.396751901465E-02,
    -3.487390027024E-02));
#3110 = CARTESIAN_POINT('',(-1.090096475199,-4.73299977104E-03,
    -3.114509946942E-02));
#3111 = CARTESIAN_POINT('',(-0.140072685044,-2.900067443639E-02,
    -1.786848040998E-02));
#3112 = CARTESIAN_POINT('',(-0.219464880853,-5.781483572347E-02,
    -4.701078089486E-03));
#3113 = CARTESIAN_POINT('',(-0.306845441023,2.770896395892E-02,
    -4.015335667514E-02));
#3114 = CARTESIAN_POINT('',(-0.378529419797,-8.037440145276E-02,
    2.699457701099E-03));
#3115 = CARTESIAN_POINT('',(-0.464910641462,6.300552571666E-03,
    -2.302829072567E-02));
#3116 = CARTESIAN_POINT('',(-0.543143347446,-3.516414454152E-02,
    -1.875080320251E-02));
#3117 = CARTESIAN_POINT('',(-0.679712028593,-6.227024337031E-03,
    -1.431866464496E-02));
#3118 = CARTESIAN_POINT('',(-0.814439493872,-2.795588105405E-02,
    -2.298656278913E-02));
#3119 = CARTESIAN_POINT('',(-0.870762235092,1.988693247159E-02,
    2.393727645106E-02));
#3120 = CARTESIAN_POINT('',(-0.924170894077,-5.566793039482E-02,
    -8.612640206367E-02));
#3121 = CARTESIAN_POINT('',(-0.97975721442,7.676175749268E-03,
    3.741885331997E-02));
#3122 = CARTESIAN_POINT('',(-1.035715843861,-1.369971135286E-02,
    -3.470267073715E-02));
#3123 = CARTESIAN_POINT('',(-1.090096475199,-4.731227259704E-03,
    -3.092388941973E-02));
#3124 = CARTESIAN_POINT('',(-0.140072685044,-2.851885861331E-02,
    -1.787030036871E-02));
#3125 = CARTESIAN_POINT('',(-0.219464880853,-5.708731556297E-02,
    -5.091138673696E-03));
#3126 = CARTESIAN_POINT('',(-0.306845441023,2.763684509795E-02,
    -3.924715893342E-02));
#3127 = CARTESIAN_POINT('',(-0.378529419797,-7.928096732001E-02,
    1.456264605739E-03));
#3128 = CARTESIAN_POINT('',(-0.464910641462,6.148685476277E-03,
    -2.196272456071E-02));
#3129 = CARTESIAN_POINT('',(-0.543143347446,-3.451239916532E-02,
    -1.926611823865E-02));
#3130 = CARTESIAN_POINT('',(-0.679712028593,-6.303890237157E-03,
    -1.352898231284E-02));
#3131 = CARTESIAN_POINT('',(-0.814439493872,-2.740905048212E-02,
    -2.347021017407E-02));
#3132 = CARTESIAN_POINT('',(-0.870762235092,1.908939239732E-02,
    2.535600719186E-02));
#3133 = CARTESIAN_POINT('',(-0.924170894077,-5.41243089142E-02,
    -8.743824427204E-02));
#3134 = CARTESIAN_POINT('',(-0.97975721442,6.837425759058E-03,
    3.827354015116E-02));
#3135 = CARTESIAN_POINT('',(-1.035715843861,-1.34800896999E-02,
    -3.456388073927E-02));
#3136 = CARTESIAN_POINT('',(-1.090096475199,-4.729656399323E-03,
    -3.074344472405E-02));
#3137 = CARTESIAN_POINT('',(-0.140072685044,-2.73935610958E-02,
    -1.787458024881E-02));
#3138 = CARTESIAN_POINT('',(-0.219464880853,-5.530223330291E-02,
    -6.107917945E-03));
#3139 = CARTESIAN_POINT('',(-0.306845441023,2.729771945876E-02,
    -3.692837427614E-02));
#3140 = CARTESIAN_POINT('',(-0.378529419797,-7.654639907996E-02,
    -1.645665690087E-03));
#3141 = CARTESIAN_POINT('',(-0.464910641462,5.676194006491E-03,
    -1.935936548538E-02));
#3142 = CARTESIAN_POINT('',(-0.543143347446,-3.292975244827E-02,
    -2.052976869609E-02));
#3143 = CARTESIAN_POINT('',(-0.679712028593,-6.542029436976E-03,
    -1.16509819781E-02));
#3144 = CARTESIAN_POINT('',(-0.814439493872,-2.606678113805E-02,
    -2.465757405404E-02));
#3145 = CARTESIAN_POINT('',(-0.870762235092,1.701563279963E-02,
    2.883567662229E-02));
#3146 = CARTESIAN_POINT('',(-0.924170894077,-5.024765383583E-02,
    -9.076088886141E-02));
#3147 = CARTESIAN_POINT('',(-0.97975721442,4.78410469797E-03,
    4.033507373234E-02));
#3148 = CARTESIAN_POINT('',(-1.035715843861,-1.295343741076E-02,
    -3.424142758015E-02));
#3149 = CARTESIAN_POINT('',(-1.090096475199,-4.725017151724E-03,
    -3.031710354856E-02));
#3150 = CARTESIAN_POINT('',(-0.140072685044,-2.574889291512E-02,
    -1.788091609254E-02));
#3151 = CARTESIAN_POINT('',(-0.219464880853,-5.239773442739E-02,
    -7.961410192585E-03));
#3152 = CARTESIAN_POINT('',(-0.306845441023,2.622021257813E-02,
    -3.284391126795E-02));
#3153 = CARTESIAN_POINT('',(-0.378529419797,-7.194574342677E-02,
    -6.841779221246E-03));
#3154 = CARTESIAN_POINT('',(-0.464910641462,4.609698477889E-03,
    -1.520391561043E-02));
#3155 = CARTESIAN_POINT('',(-0.543143347446,-3.043364485915E-02,
    -2.253397782457E-02));
#3156 = CARTESIAN_POINT('',(-0.679712028593,-7.050972036155E-03,
    -8.881015418735E-03));
#3157 = CARTESIAN_POINT('',(-0.814439493872,-2.391495855324E-02,
    -2.652037216603E-02));
#3158 = CARTESIAN_POINT('',(-0.870762235092,1.338310025393E-02,
    3.425770269595E-02));
#3159 = CARTESIAN_POINT('',(-0.924170894077,-4.381129081866E-02,
    -9.621251580848E-02));
#3160 = CARTESIAN_POINT('',(-0.97975721442,1.563795046628E-03,
    4.339359568383E-02));
#3161 = CARTESIAN_POINT('',(-1.035715843861,-1.214684248282E-02,
    -3.375502286731E-02));
#3162 = CARTESIAN_POINT('',(-1.090096475199,-4.714288113478E-03,
    -2.967437789559E-02));
#3163 = CARTESIAN_POINT('',(-0.140072685044,-2.368743145436E-02,
    -1.788888747972E-02));
#3164 = CARTESIAN_POINT('',(-0.219464880853,-4.847781417327E-02,
    -1.045833619704E-02));
#3165 = CARTESIAN_POINT('',(-0.306845441023,2.434942703513E-02,
    -2.748353220404E-02));
#3166 = CARTESIAN_POINT('',(-0.378529419797,-6.570699388498E-02,
    -1.338124669979E-02));
#3167 = CARTESIAN_POINT('',(-0.464910641462,3.061158225365E-03,
    -1.023050275822E-02));
#3168 = CARTESIAN_POINT('',(-0.543143347446,-2.721731818269E-02,
    -2.489191775024E-02));
#3169 = CARTESIAN_POINT('',(-0.679712028593,-7.722789289938E-03,
    -5.774451102328E-03));
#3170 = CARTESIAN_POINT('',(-0.814439493872,-2.110861927346E-02,
    -2.87366691839E-02));
#3171 = CARTESIAN_POINT('',(-0.870762235092,8.523053945447E-03,
    4.062948329898E-02));
#3172 = CARTESIAN_POINT('',(-0.924170894077,-3.535879836195E-02,
    -0.10274933188));
#3173 = CARTESIAN_POINT('',(-0.97975721442,-2.377655812019E-03,
    4.665771574106E-02));
#3174 = CARTESIAN_POINT('',(-1.035715843861,-1.112601723738E-02,
    -3.305352399911E-02));
#3175 = CARTESIAN_POINT('',(-1.090096475199,-4.693819261766E-03,
    -2.883493875554E-02));
#3176 = CARTESIAN_POINT('',(-0.140072685044,-2.126700397436E-02,
    -1.789818559374E-02));
#3177 = CARTESIAN_POINT('',(-0.219464880853,-4.365462276278E-02,
    -1.339403347696E-02));
#3178 = CARTESIAN_POINT('',(-0.306845441023,2.17752677287E-02,
    -2.133005744048E-02));
#3179 = CARTESIAN_POINT('',(-0.378529419797,-5.811975106628E-02,
    -2.058396874243E-02));
#3180 = CARTESIAN_POINT('',(-0.464910641462,1.238777430915E-03,
    -5.06506004192E-03));
#3181 = CARTESIAN_POINT('',(-0.543143347446,-2.347345971473E-02,
    -2.726532636729E-02));
#3182 = CARTESIAN_POINT('',(-0.679712028593,-8.38916651543E-03,
    -2.801002999933E-03));
#3183 = CARTESIAN_POINT('',(-0.814439493872,-1.784476114961E-02,
    -3.094902400331E-02));
#3184 = CARTESIAN_POINT('',(-0.870762235092,3.060533336189E-03,
    4.667965553348E-02));
#3185 = CARTESIAN_POINT('',(-0.924170894077,-2.57838883244E-02,
    -0.108826592868));
#3186 = CARTESIAN_POINT('',(-0.97975721442,-6.438657946765E-03,
    4.912564583314E-02));
#3187 = CARTESIAN_POINT('',(-1.035715843861,-9.964076988418E-03,
    -3.204535931307E-02));
#3188 = CARTESIAN_POINT('',(-1.090096475199,-4.660112754954E-03,
    -2.78036468925E-02));
#3189 = CARTESIAN_POINT('',(-0.140072685044,-1.681427505629E-02,
    -1.79148063112E-02));
#3190 = CARTESIAN_POINT('',(-0.219464880853,-3.445973213303E-02,
    -1.8584352774E-02));
#3191 = CARTESIAN_POINT('',(-0.306845441023,1.657582673963E-02,
    -1.076912925968E-02));
#3192 = CARTESIAN_POINT('',(-0.378529419797,-4.406862537384E-02,
    -3.227689529553E-02));
#3193 = CARTESIAN_POINT('',(-0.464910641462,-1.694661881546E-03,
    2.590844531189E-03));
#3194 = CARTESIAN_POINT('',(-0.543143347446,-1.689887296267E-02,
    -3.058172363073E-02));
#3195 = CARTESIAN_POINT('',(-0.679712028593,-9.047510478878E-03,
    9.878501719261E-04));
#3196 = CARTESIAN_POINT('',(-0.814439493872,-1.219197271052E-02,
    -3.396232328169E-02));
#3197 = CARTESIAN_POINT('',(-0.870762235093,-5.393321520935E-03,
    5.405097380335E-02));
#3198 = CARTESIAN_POINT('',(-0.924170894077,-1.023929064865E-02,
    -0.115950737048));
#3199 = CARTESIAN_POINT('',(-0.979757214421,-1.209755497801E-02,
    5.091689357532E-02));
#3200 = CARTESIAN_POINT('',(-1.035715843861,-7.721048183709E-03,
    -3.042300261375E-02));
#3201 = CARTESIAN_POINT('',(-1.090096475199,-4.570558444105E-03,
    -2.577918450286E-02));
#3202 = CARTESIAN_POINT('',(-0.140072685044,-1.254849702046E-02,
    -1.792887243915E-02));
#3203 = CARTESIAN_POINT('',(-0.219464880853,-2.602134694584E-02,
    -2.174621067136E-02));
#3204 = CARTESIAN_POINT('',(-0.306845441023,1.280324003982E-02,
    -4.979051035308E-03));
#3205 = CARTESIAN_POINT('',(-0.378529419797,-3.295847490939E-02,
    -3.72734655309E-02));
#3206 = CARTESIAN_POINT('',(-0.464910641462,-1.687092279527E-03,
    4.083220718168E-03));
#3207 = CARTESIAN_POINT('',(-0.543143347446,-1.229965423341E-02,
    -3.05454765545E-02));
#3208 = CARTESIAN_POINT('',(-0.679712028593,-7.312471725537E-03,
    1.644261211557E-04));
#3209 = CARTESIAN_POINT('',(-0.814439493872,-8.747733017268E-03,
    -3.338822115578E-02));
#3210 = CARTESIAN_POINT('',(-0.870762235093,-5.584532227127E-03,
    4.866790655903E-02));
#3211 = CARTESIAN_POINT('',(-0.924170894077,-5.702906972528E-03,
    -0.107965349687));
#3212 = CARTESIAN_POINT('',(-0.979757214421,-1.064095917925E-02,
    4.404446444281E-02));
#3213 = CARTESIAN_POINT('',(-1.035715843861,-5.745283508018E-03,
    -2.916860900372E-02));
#3214 = CARTESIAN_POINT('',(-1.090096475199,-4.232049395981E-03,
    -2.398515503508E-02));
#3215 = CARTESIAN_POINT('',(-0.140072685044,-6.428683702568E-03,
    -1.794383899965E-02));
#3216 = CARTESIAN_POINT('',(-0.219464880853,-1.329367147159E-02,
    -2.641927533003E-02));
#3217 = CARTESIAN_POINT('',(-0.306845441023,6.335700777472E-03,
    3.806120189274E-03));
#3218 = CARTESIAN_POINT('',(-0.378529419797,-1.63093810258E-02,
    -4.543794810087E-02));
#3219 = CARTESIAN_POINT('',(-0.464910641462,-1.646383436873E-03,
    7.643702919104E-03));
#3220 = CARTESIAN_POINT('',(-0.543143347446,-5.819119796809E-03,
    -3.156497602401E-02));
#3221 = CARTESIAN_POINT('',(-0.679712028593,-4.440338530441E-03,
    2.596819417861E-04));
#3222 = CARTESIAN_POINT('',(-0.814439493872,-3.924276440199E-03,
    -3.412940943103E-02));
#3223 = CARTESIAN_POINT('',(-0.870762235092,-5.161105317749E-03,
    4.840254521059E-02));
#3224 = CARTESIAN_POINT('',(-0.924170894077,2.185515768542E-04,
    -0.108190970419));
#3225 = CARTESIAN_POINT('',(-0.97975721442,-7.909885498835E-03,
    4.30451739952E-02));
#3226 = CARTESIAN_POINT('',(-1.035715843861,-2.340793556088E-03,
    -3.04536106196E-02));
#3227 = CARTESIAN_POINT('',(-1.090096475199,-2.798085426664E-03,
    -2.284705743511E-02));
#3228 = CARTESIAN_POINT('',(-0.140072685044,-2.927345865711E-17,
    -1.795262916326E-02));
#3229 = CARTESIAN_POINT('',(-0.219464880853,-1.889927927698E-16,
    -2.932651018097E-02));
#3230 = CARTESIAN_POINT('',(-0.306845441023,-5.024707234003E-16,
    9.073234659089E-03));
#3231 = CARTESIAN_POINT('',(-0.378529419796,1.31727604542E-15,
    -4.987235841714E-02));
#3232 = CARTESIAN_POINT('',(-0.464910641462,-1.187555184585E-15,
    8.972161528859E-03));
#3233 = CARTESIAN_POINT('',(-0.543143347446,1.957661828079E-16,
    -3.170056649171E-02));
#3234 = CARTESIAN_POINT('',(-0.679712028593,-5.462804687806E-17,
    -5.665066975852E-04));
#3235 = CARTESIAN_POINT('',(-0.814439493872,-1.398735423044E-16,
    -3.413647124981E-02));
#3236 = CARTESIAN_POINT('',(-0.870762235093,3.616370428758E-16,
    4.673058503991E-02));
#3237 = CARTESIAN_POINT('',(-0.924170894077,-1.09201495784E-15,
    -0.106968328059));
#3238 = CARTESIAN_POINT('',(-0.979757214421,7.77252853332E-16,
    4.116527201423E-02));
#3239 = CARTESIAN_POINT('',(-1.035715843861,-1.807626619615E-16,
    -3.074906381286E-02));
#3240 = CARTESIAN_POINT('',(-1.090096475199,0.,-2.369291533026E-02));
#3241 = CARTESIAN_POINT('',(-0.140072685044,6.428683702568E-03,
    -1.79438372145E-02));
#3242 = CARTESIAN_POINT('',(-0.219464880853,1.329367147159E-02,
    -2.641927597074E-02));
#3243 = CARTESIAN_POINT('',(-0.306845441023,-6.335700777472E-03,
    3.806125622607E-03));
#3244 = CARTESIAN_POINT('',(-0.378529419796,1.63093810258E-02,
    -4.543794856435E-02));
#3245 = CARTESIAN_POINT('',(-0.464910641462,1.646383436872E-03,
    7.64370419183E-03));
#3246 = CARTESIAN_POINT('',(-0.543143347446,5.819119796809E-03,
    -3.15649744188E-02));
#3247 = CARTESIAN_POINT('',(-0.679712028593,4.440338530441E-03,
    2.596824248362E-04));
#3248 = CARTESIAN_POINT('',(-0.814439493872,3.924276440199E-03,
    -3.412940777261E-02));
#3249 = CARTESIAN_POINT('',(-0.870762235092,5.16110531775E-03,
    4.840254682859E-02));
#3250 = CARTESIAN_POINT('',(-0.924170894077,-2.185515768568E-04,
    -0.108190970055));
#3251 = CARTESIAN_POINT('',(-0.97975721442,7.909885498837E-03,
    4.304517583578E-02));
#3252 = CARTESIAN_POINT('',(-1.035715843861,2.340793556088E-03,
    -3.045361045667E-02));
#3253 = CARTESIAN_POINT('',(-1.090096475199,2.798085426664E-03,
    -2.284705704692E-02));
#3254 = CARTESIAN_POINT('',(-0.140072685044,1.254849702046E-02,
    -1.792886904358E-02));
#3255 = CARTESIAN_POINT('',(-0.219464880853,2.602134694584E-02,
    -2.174621160699E-02));
#3256 = CARTESIAN_POINT('',(-0.306845441023,-1.280324003982E-02,
    -4.979041900509E-03));
#3257 = CARTESIAN_POINT('',(-0.378529419796,3.29584749094E-02,
    -3.727346378985E-02));
#3258 = CARTESIAN_POINT('',(-0.464910641462,1.687092279521E-03,
    4.083220190362E-03));
#3259 = CARTESIAN_POINT('',(-0.543143347446,1.229965423341E-02,
    -3.05454725604E-02));
#3260 = CARTESIAN_POINT('',(-0.679712028593,7.312471725536E-03,
    1.644252615243E-04));
#3261 = CARTESIAN_POINT('',(-0.814439493872,8.747733017268E-03,
    -3.338821712951E-02));
#3262 = CARTESIAN_POINT('',(-0.870762235093,5.584532227127E-03,
    4.866790640376E-02));
#3263 = CARTESIAN_POINT('',(-0.924170894077,5.702906972526E-03,
    -0.107965346151));
#3264 = CARTESIAN_POINT('',(-0.979757214421,1.064095917925E-02,
    4.404446563602E-02));
#3265 = CARTESIAN_POINT('',(-1.035715843861,5.745283508018E-03,
    -2.916860783086E-02));
#3266 = CARTESIAN_POINT('',(-1.090096475199,4.232049395981E-03,
    -2.398515561402E-02));
#3267 = CARTESIAN_POINT('',(-0.140072685044,1.681427505629E-02,
    -1.791480185999E-02));
#3268 = CARTESIAN_POINT('',(-0.219464880853,3.445973213304E-02,
    -1.858435498865E-02));
#3269 = CARTESIAN_POINT('',(-0.306845441023,-1.657582673964E-02,
    -1.076911579511E-02));
#3270 = CARTESIAN_POINT('',(-0.378529419796,4.406862537386E-02,
    -3.227689362515E-02));
#3271 = CARTESIAN_POINT('',(-0.464910641462,1.694661881537E-03,
    2.590843509376E-03));
#3272 = CARTESIAN_POINT('',(-0.543143347446,1.689887296268E-02,
    -3.058171900361E-02));
#3273 = CARTESIAN_POINT('',(-0.679712028593,9.047510478876E-03,
    9.878490393399E-04));
#3274 = CARTESIAN_POINT('',(-0.814439493872,1.219197271053E-02,
    -3.396231898694E-02));
#3275 = CARTESIAN_POINT('',(-0.870762235092,5.393321520932E-03,
    5.405097767787E-02));
#3276 = CARTESIAN_POINT('',(-0.924170894077,1.023929064865E-02,
    -0.115950740452));
#3277 = CARTESIAN_POINT('',(-0.97975721442,1.209755497801E-02,
    5.091690099962E-02));
#3278 = CARTESIAN_POINT('',(-1.035715843861,7.721048183709E-03,
    -3.042300353518E-02));
#3279 = CARTESIAN_POINT('',(-1.090096475199,4.570558444105E-03,
    -2.577918605348E-02));
#3280 = CARTESIAN_POINT('',(-0.140072685044,2.126700397436E-02,
    -1.789818017477E-02));
#3281 = CARTESIAN_POINT('',(-0.219464880853,4.365462276278E-02,
    -1.339403442615E-02));
#3282 = CARTESIAN_POINT('',(-0.306845441023,-2.177526772871E-02,
    -2.133004630615E-02));
#3283 = CARTESIAN_POINT('',(-0.378529419797,5.811975106629E-02,
    -2.058395732265E-02));
#3284 = CARTESIAN_POINT('',(-0.464910641462,-1.238777430922E-03,
    -5.065071028822E-03));
#3285 = CARTESIAN_POINT('',(-0.543143347446,2.347345971474E-02,
    -2.726531705745E-02));
#3286 = CARTESIAN_POINT('',(-0.679712028593,8.389166515428E-03,
    -2.80101040882E-03));
#3287 = CARTESIAN_POINT('',(-0.814439493873,1.784476114962E-02,
    -3.094901503431E-02));
#3288 = CARTESIAN_POINT('',(-0.870762235092,-3.060533336192E-03,
    4.667964651787E-02));
#3289 = CARTESIAN_POINT('',(-0.924170894078,2.57838883244E-02,
    -0.108826583507));
#3290 = CARTESIAN_POINT('',(-0.97975721442,6.438657946764E-03,
    4.912564813811E-02));
#3291 = CARTESIAN_POINT('',(-1.035715843861,9.964076988418E-03,
    -3.204536277424E-02));
#3292 = CARTESIAN_POINT('',(-1.090096475199,4.660112754954E-03,
    -2.780364720313E-02));
#3293 = CARTESIAN_POINT('',(-0.140072685044,2.368743145436E-02,
    -1.788888157607E-02));
#3294 = CARTESIAN_POINT('',(-0.219464880853,4.847781417328E-02,
    -1.04583364627E-02));
#3295 = CARTESIAN_POINT('',(-0.306845441023,-2.434942703516E-02,
    -2.748352269168E-02));
#3296 = CARTESIAN_POINT('',(-0.378529419797,6.5706993885E-02,
    -1.338122916398E-02));
#3297 = CARTESIAN_POINT('',(-0.464910641462,-3.06115822538E-03,
    -1.023052021449E-02));
#3298 = CARTESIAN_POINT('',(-0.543143347446,2.721731818269E-02,
    -2.489190568797E-02));
#3299 = CARTESIAN_POINT('',(-0.679712028593,7.722789289935E-03,
    -5.774462528861E-03));
#3300 = CARTESIAN_POINT('',(-0.814439493872,2.110861927346E-02,
    -2.873665753448E-02));
#3301 = CARTESIAN_POINT('',(-0.870762235092,-8.523053945451E-03,
    4.062946659227E-02));
#3302 = CARTESIAN_POINT('',(-0.924170894078,3.535879836196E-02,
    -0.1027493154));
#3303 = CARTESIAN_POINT('',(-0.97975721442,2.377655812019E-03,
    4.665771491699E-02));
#3304 = CARTESIAN_POINT('',(-1.035715843861,1.112601723738E-02,
    -3.305352913688E-02));
#3305 = CARTESIAN_POINT('',(-1.090096475199,4.693819261766E-03,
    -2.883493751848E-02));
#3306 = CARTESIAN_POINT('',(-0.140072685044,2.574889291512E-02,
    -1.788090980427E-02));
#3307 = CARTESIAN_POINT('',(-0.219464880853,5.239773442738E-02,
    -7.961409593686E-03));
#3308 = CARTESIAN_POINT('',(-0.306845441023,-2.622021257812E-02,
    -3.284390400092E-02));
#3309 = CARTESIAN_POINT('',(-0.378529419797,7.194574342675E-02,
    -6.841755137065E-03));
#3310 = CARTESIAN_POINT('',(-0.464910641462,-4.60969847788E-03,
    -1.520393995252E-02));
#3311 = CARTESIAN_POINT('',(-0.543143347446,3.043364485914E-02,
    -2.253396291134E-02));
#3312 = CARTESIAN_POINT('',(-0.679712028593,7.050972036157E-03,
    -8.881031119342E-03));
#3313 = CARTESIAN_POINT('',(-0.814439493872,2.391495855324E-02,
    -2.652035770848E-02));
#3314 = CARTESIAN_POINT('',(-0.870762235092,-1.338310025393E-02,
    3.425767721303E-02));
#3315 = CARTESIAN_POINT('',(-0.924170894077,4.381129081865E-02,
    -9.621249032636E-02));
#3316 = CARTESIAN_POINT('',(-0.97975721442,-1.563795046625E-03,
    4.339358935643E-02));
#3317 = CARTESIAN_POINT('',(-1.035715843861,1.214684248282E-02,
    -3.375502815118E-02));
#3318 = CARTESIAN_POINT('',(-1.090096475199,4.714288113478E-03,
    -2.967437499705E-02));
#3319 = CARTESIAN_POINT('',(-0.140072685044,2.73935610958E-02,
    -1.787457367632E-02));
#3320 = CARTESIAN_POINT('',(-0.219464880853,5.530223330291E-02,
    -6.107916860585E-03));
#3321 = CARTESIAN_POINT('',(-0.306845441023,-2.729771945875E-02,
    -3.692836855492E-02));
#3322 = CARTESIAN_POINT('',(-0.378529419797,7.654639907995E-02,
    -1.645636488948E-03));
#3323 = CARTESIAN_POINT('',(-0.464910641462,-5.676194006488E-03,
    -1.935939543076E-02));
#3324 = CARTESIAN_POINT('',(-0.543143347446,3.292975244827E-02,
    -2.05297516538E-02));
#3325 = CARTESIAN_POINT('',(-0.679712028593,6.542029436976E-03,
    -1.165100110923E-02));
#3326 = CARTESIAN_POINT('',(-0.814439493872,2.606678113805E-02,
    -2.465755758407E-02));
#3327 = CARTESIAN_POINT('',(-0.870762235093,-1.701563279963E-02,
    2.883564483748E-02));
#3328 = CARTESIAN_POINT('',(-0.924170894077,5.024765383583E-02,
    -9.076085721284E-02));
#3329 = CARTESIAN_POINT('',(-0.979757214421,-4.78410469797E-03,
    4.033506280365E-02));
#3330 = CARTESIAN_POINT('',(-1.035715843861,1.295343741076E-02,
    -3.424143228637E-02));
#3331 = CARTESIAN_POINT('',(-1.090096475199,4.725017151724E-03,
    -3.031709917908E-02));
#3332 = CARTESIAN_POINT('',(-0.140072685044,2.851885861331E-02,
    -1.787029361524E-02));
#3333 = CARTESIAN_POINT('',(-0.219464880853,5.708731556296E-02,
    -5.091137945435E-03));
#3334 = CARTESIAN_POINT('',(-0.306845441023,-2.763684509792E-02,
    -3.924715289429E-02));
#3335 = CARTESIAN_POINT('',(-0.378529419797,7.928096731999E-02,
    1.456295711002E-03));
#3336 = CARTESIAN_POINT('',(-0.464910641462,-6.148685476264E-03,
    -2.196275714411E-02));
#3337 = CARTESIAN_POINT('',(-0.543143347446,3.451239916531E-02,
    -1.926610048572E-02));
#3338 = CARTESIAN_POINT('',(-0.679712028593,6.303890237159E-03,
    -1.352900308877E-02));
#3339 = CARTESIAN_POINT('',(-0.814439493872,2.740905048212E-02,
    -2.347019299601E-02));
#3340 = CARTESIAN_POINT('',(-0.870762235093,-1.908939239732E-02,
    2.535597317678E-02));
#3341 = CARTESIAN_POINT('',(-0.924170894077,5.41243089142E-02,
    -8.743821116316E-02));
#3342 = CARTESIAN_POINT('',(-0.979757214421,-6.837425759057E-03,
    3.827352724851E-02));
#3343 = CARTESIAN_POINT('',(-1.035715843861,1.34800896999E-02,
    -3.456388484679E-02));
#3344 = CARTESIAN_POINT('',(-1.090096475199,4.729656399323E-03,
    -3.074343934274E-02));
#3345 = CARTESIAN_POINT('',(-0.140072685044,2.900067443639E-02,
    -1.786847358132E-02));
#3346 = CARTESIAN_POINT('',(-0.219464880853,5.781483572345E-02,
    -4.70107763223E-03));
#3347 = CARTESIAN_POINT('',(-0.306845441023,-2.770896395889E-02,
    -4.015335026033E-02));
#3348 = CARTESIAN_POINT('',(-0.378529419797,8.037440145273E-02,
    2.699489336388E-03));
#3349 = CARTESIAN_POINT('',(-0.464910641462,-6.300552571652E-03,
    -2.302832421265E-02));
#3350 = CARTESIAN_POINT('',(-0.543143347446,3.516414454152E-02,
    -1.875078529749E-02));
#3351 = CARTESIAN_POINT('',(-0.679712028593,6.227024337034E-03,
    -1.431868596253E-02));
#3352 = CARTESIAN_POINT('',(-0.814439493872,2.795588105405E-02,
    -2.298654545868E-02));
#3353 = CARTESIAN_POINT('',(-0.870762235093,-1.988693247158E-02,
    2.393724196008E-02));
#3354 = CARTESIAN_POINT('',(-0.924170894077,5.566793039482E-02,
    -8.612636896348E-02));
#3355 = CARTESIAN_POINT('',(-0.979757214421,-7.676175749265E-03,
    3.741883987115E-02));
#3356 = CARTESIAN_POINT('',(-1.035715843861,1.369971135286E-02,
    -3.470267456924E-02));
#3357 = CARTESIAN_POINT('',(-1.090096475199,4.731227259704E-03,
    -3.092388361038E-02));
#3358 = CARTESIAN_POINT('',(-0.140072685044,2.959351198846E-02,
    -1.786623932365E-02));
#3359 = CARTESIAN_POINT('',(-0.219464880853,5.869515868259E-02,
    -4.239801082065E-03));
#3360 = CARTESIAN_POINT('',(-0.306845441023,-2.776818578601E-02,
    -4.1232528222E-02));
#3361 = CARTESIAN_POINT('',(-0.378529419797,8.168841814922E-02,
    4.1937300455E-03));
#3362 = CARTESIAN_POINT('',(-0.464910641462,-6.466864273809E-03,
    -2.431868638909E-02));
#3363 = CARTESIAN_POINT('',(-0.543143347446,3.595552203547E-02,
    -1.81275170261E-02));
#3364 = CARTESIAN_POINT('',(-0.679712028593,6.142779815218E-03,
    -1.528379241471E-02));
#3365 = CARTESIAN_POINT('',(-0.814439493872,2.861734022238E-02,
    -2.240189870422E-02));
#3366 = CARTESIAN_POINT('',(-0.870762235093,-2.083128273383E-02,
    2.222183051569E-02));
#3367 = CARTESIAN_POINT('',(-0.924170894077,5.75196787007E-02,
    -8.455872059721E-02));
#3368 = CARTESIAN_POINT('',(-0.979757214421,-8.691262839917E-03,
    3.637980507378E-02));
#3369 = CARTESIAN_POINT('',(-1.035715843861,1.396751901465E-02,
    -3.487390375699E-02));
#3370 = CARTESIAN_POINT('',(-1.090096475199,4.73299977104E-03,
    -3.114509313588E-02));
#3371 = CARTESIAN_POINT('',(-0.140072685044,3.159447641684E-02,
    -1.785877114597E-02));
#3372 = CARTESIAN_POINT('',(-0.219464880853,6.145958677871E-02,
    -2.950850888234E-03));
#3373 = CARTESIAN_POINT('',(-0.306845441023,-2.755569797675E-02,
    -4.435799598094E-02));
#3374 = CARTESIAN_POINT('',(-0.378529419796,8.568347376022E-02,
    8.720539868356E-03));
#3375 = CARTESIAN_POINT('',(-0.464910641462,-6.738045029586E-03,
    -2.836577109966E-02));
#3376 = CARTESIAN_POINT('',(-0.543143347446,3.84776805898E-02,
    -1.618333541085E-02));
#3377 = CARTESIAN_POINT('',(-0.679712028593,6.006095840303E-03,
    -1.843564773051E-02));
#3378 = CARTESIAN_POINT('',(-0.814439493872,3.068896937659E-02,
    -2.058480173256E-02));
#3379 = CARTESIAN_POINT('',(-0.870762235093,-2.349459547609E-02,
    1.688699670441E-02));
#3380 = CARTESIAN_POINT('',(-0.924170894077,6.309726841448E-02,
    -7.994652507642E-02));
#3381 = CARTESIAN_POINT('',(-0.979757214421,-1.187283616943E-02,
    3.306797228894E-02));
#3382 = CARTESIAN_POINT('',(-1.035715843861,1.483704046861E-02,
    -3.546071403842E-02));
#3383 = CARTESIAN_POINT('',(-1.090096475199,4.736854882405E-03,
    -3.188089098088E-02));
#3384 = CARTESIAN_POINT('',(-0.140072685044,3.426512728559E-02,
    -1.784926855918E-02));
#3385 = CARTESIAN_POINT('',(-0.219464880853,6.402022340289E-02,
    -2.896904986199E-03));
#3386 = CARTESIAN_POINT('',(-0.306845441023,-2.501345938357E-02,
    -4.527566190864E-02));
#3387 = CARTESIAN_POINT('',(-0.378529419797,8.858920558645E-02,
    1.143224209404E-02));
#3388 = CARTESIAN_POINT('',(-0.464910641462,-5.487042366215E-03,
    -3.171679018132E-02));
#3389 = CARTESIAN_POINT('',(-0.543143347446,4.102448003687E-02,
    -1.461116049596E-02));
#3390 = CARTESIAN_POINT('',(-0.679712028593,6.665067349762E-03,
    -2.181024921283E-02));
#3391 = CARTESIAN_POINT('',(-0.814439493872,3.256967374437E-02,
    -1.917438343671E-02));
#3392 = CARTESIAN_POINT('',(-0.870762235092,-2.417878299748E-02,
    1.265453870438E-02));
#3393 = CARTESIAN_POINT('',(-0.924170894077,6.682377795147E-02,
    -7.783484332428E-02));
#3394 = CARTESIAN_POINT('',(-0.97975721442,-1.456469184615E-02,
    3.014508323505E-02));
#3395 = CARTESIAN_POINT('',(-1.035715843861,1.578887770755E-02,
    -3.634868039593E-02));
#3396 = CARTESIAN_POINT('',(-1.090096475199,4.732833389646E-03,
    -3.281488414079E-02));
#3397 = CARTESIAN_POINT('',(-0.140072685044,3.784904040772E-02,
    -1.783774940776E-02));
#3398 = CARTESIAN_POINT('',(-0.219464880853,6.570987732579E-02,
    -6.301762559716E-03));
#3399 = CARTESIAN_POINT('',(-0.306845441023,-1.817513063868E-02,
    -3.97543593454E-02));
#3400 = CARTESIAN_POINT('',(-0.378529419796,8.896856056029E-02,
    8.280587896359E-03));
#3401 = CARTESIAN_POINT('',(-0.464910641462,-1.688682268451E-03,
    -3.229561123375E-02));
#3402 = CARTESIAN_POINT('',(-0.543143347446,4.346113952605E-02,
    -1.422025660367E-02));
#3403 = CARTESIAN_POINT('',(-0.679712028593,8.549592484876E-03,
    -2.478118991817E-02));
#3404 = CARTESIAN_POINT('',(-0.814439493872,3.411123719348E-02,
    -1.884756406298E-02));
#3405 = CARTESIAN_POINT('',(-0.870762235092,-2.241618341397E-02,
    1.005433549604E-02));
#3406 = CARTESIAN_POINT('',(-0.924170894077,6.831448908131E-02,
    -7.868907637214E-02));
#3407 = CARTESIAN_POINT('',(-0.97975721442,-1.653728948817E-02,
    2.765720589238E-02));
#3408 = CARTESIAN_POINT('',(-1.035715843861,1.681532763551E-02,
    -3.762121819465E-02));
#3409 = CARTESIAN_POINT('',(-1.090096475199,4.718896408122E-03,
    -3.401619137389E-02));
#3410 = CARTESIAN_POINT('',(-0.140072685044,4.089038826194E-02,
    -1.782912873194E-02));
#3411 = CARTESIAN_POINT('',(-0.219464880853,6.580587222138E-02,
    -1.208364037368E-02));
#3412 = CARTESIAN_POINT('',(-0.306845441023,-9.779277436187E-03,
    -2.950096605347E-02));
#3413 = CARTESIAN_POINT('',(-0.378529419796,8.670427691822E-02,
    1.309211028667E-04));
#3414 = CARTESIAN_POINT('',(-0.464910641462,2.984002909604E-03,
    -2.981995506053E-02));
#3415 = CARTESIAN_POINT('',(-0.543143347446,4.490628202067E-02,
    -1.507686768947E-02));
#3416 = CARTESIAN_POINT('',(-0.679712028593,1.077209864963E-02,
    -2.623539044375E-02));
#3417 = CARTESIAN_POINT('',(-0.814439493872,3.483951145876E-02,
    -1.955004946747E-02));
#3418 = CARTESIAN_POINT('',(-0.870762235092,-1.951347014125E-02,
    9.461269042696E-03));
#3419 = CARTESIAN_POINT('',(-0.924170894077,6.766178717522E-02,
    -8.123328675802E-02));
#3420 = CARTESIAN_POINT('',(-0.97975721442,-1.720599214347E-02,
    2.631975394798E-02));
#3421 = CARTESIAN_POINT('',(-1.035715843861,1.751582381497E-02,
    -3.873226702699E-02));
#3422 = CARTESIAN_POINT('',(-1.090096475199,4.702392252928E-03,
    -3.500273902541E-02));
#3423 = CARTESIAN_POINT('',(-0.140072685044,4.350146819852E-02,
    -1.782313414079E-02));
#3424 = CARTESIAN_POINT('',(-0.219464880853,6.502958953301E-02,
    -1.900790594283E-02));
#3425 = CARTESIAN_POINT('',(-0.306845441023,-9.421650317052E-04,
    -1.695572345361E-02));
#3426 = CARTESIAN_POINT('',(-0.378529419797,8.321842867986E-02,
    -1.047479426976E-02));
#3427 = CARTESIAN_POINT('',(-0.464910641462,7.749338857058E-03,
    -2.583583998062E-02));
#3428 = CARTESIAN_POINT('',(-0.543143347446,4.584586264781E-02,
    -1.654859151523E-02));
#3429 = CARTESIAN_POINT('',(-0.679712028593,1.297833123687E-02,
    -2.679130732663E-02));
#3430 = CARTESIAN_POINT('',(-0.814439493872,3.52455590015E-02,
    -2.063964925567E-02));
#3431 = CARTESIAN_POINT('',(-0.870762235092,-1.687417772757E-02,
    9.10437419036E-03));
#3432 = CARTESIAN_POINT('',(-0.924170894077,6.670536439729E-02,
    -8.331405686903E-02));
#3433 = CARTESIAN_POINT('',(-0.97975721442,-1.730646567806E-02,
    2.530654852503E-02));
#3434 = CARTESIAN_POINT('',(-1.035715843861,1.800059310998E-02,
    -3.966081313883E-02));
#3435 = CARTESIAN_POINT('',(-1.090096475199,4.687224420133E-03,
    -3.583210690501E-02));
#3436 = CARTESIAN_POINT('',(-0.140072685044,4.562211865508E-02,
    -1.781894893395E-02));
#3437 = CARTESIAN_POINT('',(-0.219464880853,6.408118834746E-02,
    -2.535038208959E-02));
#3438 = CARTESIAN_POINT('',(-0.306845441023,6.842829737617E-03,
    -5.37868265948E-03));
#3439 = CARTESIAN_POINT('',(-0.378529419797,7.980099527656E-02,
    -2.046615686478E-02));
#3440 = CARTESIAN_POINT('',(-0.464910641462,1.192256263211E-02,
    -2.183613948752E-02));
#3441 = CARTESIAN_POINT('',(-0.543143347446,4.647525591706E-02,
    -1.808120191097E-02));
#3442 = CARTESIAN_POINT('',(-0.679712028593,1.491903028586E-02,
    -2.687737779983E-02));
#3443 = CARTESIAN_POINT('',(-0.814439493872,3.547269655591E-02,
    -2.176491174628E-02));
#3444 = CARTESIAN_POINT('',(-0.870762235092,-1.46372447702E-02,
    9.05352936511E-03));
#3445 = CARTESIAN_POINT('',(-0.924170894077,6.575966052629E-02,
    -8.506388292999E-02));
#3446 = CARTESIAN_POINT('',(-0.97975721442,-1.720598898102E-02,
    2.455123329982E-02));
#3447 = CARTESIAN_POINT('',(-1.035715843861,1.834660594775E-02,
    -4.040555495063E-02));
#3448 = CARTESIAN_POINT('',(-1.090096475199,4.675435614909E-03,
    -3.650199396357E-02));
#3449 = CARTESIAN_POINT('',(-0.140072685044,4.759857854343E-02,
    -1.78156647358E-02));
#3450 = CARTESIAN_POINT('',(-0.219464880853,6.293510964373E-02,
    -3.184599667688E-02));
#3451 = CARTESIAN_POINT('',(-0.306845441023,1.459998545679E-02,
    6.540782751991E-03));
#3452 = CARTESIAN_POINT('',(-0.378529419797,7.613123572019E-02,
    -3.090191345881E-02));
#3453 = CARTESIAN_POINT('',(-0.464910641462,1.606383712384E-02,
    -1.748169531679E-02));
#3454 = CARTESIAN_POINT('',(-0.543143347446,4.694835907914E-02,
    -1.979135894265E-02));
#3455 = CARTESIAN_POINT('',(-0.679712028593,1.685756863972E-02,
    -2.664363198344E-02));
#3456 = CARTESIAN_POINT('',(-0.814439493872,3.559783419004E-02,
    -2.300992486419E-02));
#3457 = CARTESIAN_POINT('',(-0.870762235092,-1.24790038208E-02,
    9.193466376567E-03));
#3458 = CARTESIAN_POINT('',(-0.924170894077,6.474023411414E-02,
    -8.673393412017E-02));
#3459 = CARTESIAN_POINT('',(-0.97975721442,-1.69606485728E-02,
    2.389921115011E-02));
#3460 = CARTESIAN_POINT('',(-1.035715843861,1.862818127675E-02,
    -4.109094730084E-02));
#3461 = CARTESIAN_POINT('',(-1.090096475199,4.66514263756E-03,
    -3.712402548303E-02));
#3462 = CARTESIAN_POINT('',(-0.140072685044,4.967733954748E-02,
    -1.781325484341E-02));
#3463 = CARTESIAN_POINT('',(-0.219464880853,6.149986779958E-02,
    -3.91785614985E-02));
#3464 = CARTESIAN_POINT('',(-0.306845441023,2.317573951428E-02,
    2.000733368195E-02));
#3465 = CARTESIAN_POINT('',(-0.378529419797,7.192142099012E-02,
    -4.271857049886E-02));
#3466 = CARTESIAN_POINT('',(-0.464910641462,2.053297140084E-02,
    -1.253939742415E-02));
#3467 = CARTESIAN_POINT('',(-0.543143347446,4.739155308307E-02,
    -2.176166999596E-02));
#3468 = CARTESIAN_POINT('',(-0.679712028593,1.899554648574E-02,
    -2.613041305981E-02));
#3469 = CARTESIAN_POINT('',(-0.814439493872,3.565373500337E-02,
    -2.447401690978E-02));
#3470 = CARTESIAN_POINT('',(-0.870762235092,-1.017416646434E-02,
    9.451206749961E-03));
#3471 = CARTESIAN_POINT('',(-0.924170894077,6.35192237122E-02,
    -8.845344402259E-02));
#3472 = CARTESIAN_POINT('',(-0.97975721442,-1.65084614401E-02,
    2.325141245188E-02));
#3473 = CARTESIAN_POINT('',(-1.035715843861,1.886531322104E-02,
    -4.179528104005E-02));
#3474 = CARTESIAN_POINT('',(-1.090096475199,4.656507524698E-03,
    -3.777919346058E-02));
#3475 = CARTESIAN_POINT('',(-0.140072685044,5.112111951398E-02,
    -1.781211652504E-02));
#3476 = CARTESIAN_POINT('',(-0.219464880853,6.046605750857E-02,
    -4.435004269133E-02));
#3477 = CARTESIAN_POINT('',(-0.306845441023,2.918241037113E-02,
    2.948017832238E-02));
#3478 = CARTESIAN_POINT('',(-0.378529419797,6.899633891583E-02,
    -5.097247619532E-02));
#3479 = CARTESIAN_POINT('',(-0.464910641462,2.357613979613E-02,
    -9.171559351152E-03));
#3480 = CARTESIAN_POINT('',(-0.543143347446,4.772416350798E-02,
    -2.310972934737E-02));
#3481 = CARTESIAN_POINT('',(-0.679712028593,2.048468555949E-02,
    -2.572882168898E-02));
#3482 = CARTESIAN_POINT('',(-0.814439493872,3.568170818828E-02,
    -2.551037313107E-02));
#3483 = CARTESIAN_POINT('',(-0.870762235092,-8.59487894994E-03,
    9.63525320658E-03));
#3484 = CARTESIAN_POINT('',(-0.924170894077,6.263536526162E-02,
    -8.962713902798E-02));
#3485 = CARTESIAN_POINT('',(-0.97975721442,-1.612489870632E-02,
    2.283011161587E-02));
#3486 = CARTESIAN_POINT('',(-1.035715843861,1.900627263146E-02,
    -4.228659513325E-02));
#3487 = CARTESIAN_POINT('',(-1.090096475199,4.651458549824E-03,
    -3.823420583534E-02));
#3488 = CARTESIAN_POINT('',(-0.140072685044,5.333168848705E-02,
    -1.78108177546E-02));
#3489 = CARTESIAN_POINT('',(-0.219464880853,5.887814402335E-02,
    -5.227407655766E-02));
#3490 = CARTESIAN_POINT('',(-0.306845441023,3.836934645749E-02,
    4.396398735778E-02));
#3491 = CARTESIAN_POINT('',(-0.378529419797,6.457314328378E-02,
    -6.351932150491E-02));
#3492 = CARTESIAN_POINT('',(-0.464910641462,2.814754105998E-02,
    -4.154534789702E-03));
#3493 = CARTESIAN_POINT('',(-0.543143347446,4.827055702559E-02,
    -2.511903905834E-02));
#3494 = CARTESIAN_POINT('',(-0.679712028593,2.275364406411E-02,
    -2.510967577917E-02));
#3495 = CARTESIAN_POINT('',(-0.814439493872,3.572416932959E-02,
    -2.709047539585E-02));
#3496 = CARTESIAN_POINT('',(-0.870762235092,-6.206095832773E-03,
    9.890199276157E-03));
#3497 = CARTESIAN_POINT('',(-0.924170894077,6.126365826881E-02,
    -9.138593651643E-02));
#3498 = CARTESIAN_POINT('',(-0.97975721442,-1.548840789865E-02,
    2.219711101906E-02));
#3499 = CARTESIAN_POINT('',(-1.035715843861,1.920411271318E-02,
    -4.30392782773E-02));
#3500 = CARTESIAN_POINT('',(-1.090096475199,4.644458929227E-03,
    -3.893068937896E-02));
#3501 = CARTESIAN_POINT('',(-0.140072685044,5.62853706914E-02,
    -1.781085552209E-02));
#3502 = CARTESIAN_POINT('',(-0.219464880853,5.672283000369E-02,
    -6.285796228662E-02));
#3503 = CARTESIAN_POINT('',(-0.306845441023,5.063953379678E-02,
    6.319294082812E-02));
#3504 = CARTESIAN_POINT('',(-0.378529419797,5.883274346323E-02,
    -7.989844290402E-02));
#3505 = CARTESIAN_POINT('',(-0.464910641462,3.394811911894E-02,
    1.99311935875E-03));
#3506 = CARTESIAN_POINT('',(-0.543143347446,4.914384108311E-02,
    -2.756311226378E-02));
#3507 = CARTESIAN_POINT('',(-0.679712028593,2.572470301393E-02,
    -2.431834262309E-02));
#3508 = CARTESIAN_POINT('',(-0.814439493872,3.579475301412E-02,
    -2.912627841742E-02));
#3509 = CARTESIAN_POINT('',(-0.870762235092,-3.15531431801E-03,
    1.005045582427E-02));
#3510 = CARTESIAN_POINT('',(-0.924170894078,5.938476631565E-02,
    -9.35307463824E-02));
#3511 = CARTESIAN_POINT('',(-0.97975721442,-1.44635755662E-02,
    2.136889011963E-02));
#3512 = CARTESIAN_POINT('',(-1.035715843861,1.9401219527E-02,
    -4.404320722012E-02));
#3513 = CARTESIAN_POINT('',(-1.090096475199,4.637873310074E-03,
    -3.986012645182E-02));
#3514 = CARTESIAN_POINT('',(-0.140072685044,6.150231072499E-02,
    -1.781602221958E-02));
#3515 = CARTESIAN_POINT('',(-0.219464880853,5.247128651273E-02,
    -8.158365983973E-02));
#3516 = CARTESIAN_POINT('',(-0.306845441023,7.312902872879E-02,
    9.714039855652E-02));
#3517 = CARTESIAN_POINT('',(-0.378529419797,4.801464342984E-02,
    -0.108609689287));
#3518 = CARTESIAN_POINT('',(-0.464910641462,4.429744710344E-02,
    1.230197643382E-02));
#3519 = CARTESIAN_POINT('',(-0.543143347446,5.082961844374E-02,
    -3.143788905112E-02));
#3520 = CARTESIAN_POINT('',(-0.679712028593,3.079206127481E-02,
    -2.310518257582E-02));
#3521 = CARTESIAN_POINT('',(-0.814439493872,3.595311895241E-02,
    -3.246912975374E-02));
#3522 = CARTESIAN_POINT('',(-0.870762235092,1.756350871328E-03,
    9.577858039856E-03));
#3523 = CARTESIAN_POINT('',(-0.924170894077,5.619452805666E-02,
    -9.63768628705E-02));
#3524 = CARTESIAN_POINT('',(-0.97975721442,-1.244179627706E-02,
    1.960768547983E-02));
#3525 = CARTESIAN_POINT('',(-1.035715843861,1.961946655608E-02,
    -4.576872052305E-02));
#3526 = CARTESIAN_POINT('',(-1.090096475199,4.631999976742E-03,
    -4.149194224339E-02));
#3527 = CARTESIAN_POINT('',(-0.140072685044,6.52376876051E-02,
    -1.782472025296E-02));
#3528 = CARTESIAN_POINT('',(-0.219464880853,4.878675288637E-02,
    -9.511011851043E-02));
#3529 = CARTESIAN_POINT('',(-0.306845441023,9.051665169419E-02,
    0.121750624782));
#3530 = CARTESIAN_POINT('',(-0.378529419797,3.893134617921E-02,
    -0.129595633487));
#3531 = CARTESIAN_POINT('',(-0.464910641462,5.237832601773E-02,
    1.984181866047E-02));
#3532 = CARTESIAN_POINT('',(-0.543143347446,5.200761561139E-02,
    -3.399262931283E-02));
#3533 = CARTESIAN_POINT('',(-0.679712028593,3.427600741889E-02,
    -2.235979175005E-02));
#3534 = CARTESIAN_POINT('',(-0.814439493872,3.606167643207E-02,
    -3.469392233133E-02));
#3535 = CARTESIAN_POINT('',(-0.870762235092,4.900377682657E-03,
    8.746813209721E-03));
#3536 = CARTESIAN_POINT('',(-0.924170894077,5.399732734369E-02,
    -9.780103160375E-02));
#3537 = CARTESIAN_POINT('',(-0.97975721442,-1.083780912761E-02,
    1.815467712244E-02));
#3538 = CARTESIAN_POINT('',(-1.035715843861,1.967079574744E-02,
    -4.696559854285E-02));
#3539 = CARTESIAN_POINT('',(-1.090096475199,4.632291359069E-03,
    -4.264738688143E-02));
#3540 = CARTESIAN_POINT('',(-0.140072685044,6.954304200485E-02,
    -1.783943671983E-02));
#3541 = CARTESIAN_POINT('',(-0.219464880853,4.549983619047E-02,
    -0.108759270583));
#3542 = CARTESIAN_POINT('',(-0.306845441023,0.108727845014,0.14648875109
    ));
#3543 = CARTESIAN_POINT('',(-0.378529419797,3.020111072545E-02,
    -0.150493656261));
#3544 = CARTESIAN_POINT('',(-0.464910641462,6.087880084298E-02,
    2.707052496343E-02));
#3545 = CARTESIAN_POINT('',(-0.543143347446,5.347821937835E-02,
    -3.659661161621E-02));
#3546 = CARTESIAN_POINT('',(-0.679712028593,3.801746359481E-02,
    -2.174428140696E-02));
#3547 = CARTESIAN_POINT('',(-0.814439493872,3.618767270537E-02,
    -3.715097876753E-02));
#3548 = CARTESIAN_POINT('',(-0.870762235092,8.272281339614E-03,
    7.66549756233E-03));
#3549 = CARTESIAN_POINT('',(-0.924170894077,5.150833162653E-02,
    -9.934202036029E-02));
#3550 = CARTESIAN_POINT('',(-0.97975721442,-8.931071147297E-03,
    1.64568803008E-02));
#3551 = CARTESIAN_POINT('',(-1.035715843861,1.966839044151E-02,
    -4.832153151572E-02));
#3552 = CARTESIAN_POINT('',(-1.090096475199,4.634979455542E-03,
    -4.396154279005E-02));
#3553 = CARTESIAN_POINT('',(-0.140072685044,7.386544381077E-02,
    -1.785715261562E-02));
#3554 = CARTESIAN_POINT('',(-0.219464880853,4.282129103833E-02,
    -0.121218870712));
#3555 = CARTESIAN_POINT('',(-0.306845441023,0.125825838154,
    0.168999813375));
#3556 = CARTESIAN_POINT('',(-0.378529419797,2.256459193234E-02,
    -0.169362823509));
#3557 = CARTESIAN_POINT('',(-0.464910641462,6.888423215731E-02,
    3.338879414251E-02));
#3558 = CARTESIAN_POINT('',(-0.543143347446,5.502765374774E-02,
    -3.899412694242E-02));
#3559 = CARTESIAN_POINT('',(-0.679712028593,4.159954561737E-02,
    -2.128256137185E-02));
#3560 = CARTESIAN_POINT('',(-0.814439493872,3.631540340266E-02,
    -3.954929925571E-02));
#3561 = CARTESIAN_POINT('',(-0.870762235093,1.149862713798E-02,
    6.500001550316E-03));
#3562 = CARTESIAN_POINT('',(-0.924170894077,4.903868888858E-02,
    -0.10082463979));
#3563 = CARTESIAN_POINT('',(-0.979757214421,-6.98221140036E-03,
    1.473771478658E-02));
#3564 = CARTESIAN_POINT('',(-1.035715843861,1.962789617182E-02,
    -4.966801006712E-02));
#3565 = CARTESIAN_POINT('',(-1.090096475199,4.63912995999E-03,
    -4.526980284533E-02));
#3566 = CARTESIAN_POINT('',(-0.140072685044,7.909440498906E-02,
    -1.788785522487E-02));
#3567 = CARTESIAN_POINT('',(-0.219464880853,4.012774507186E-02,
    -0.133646126378));
#3568 = CARTESIAN_POINT('',(-0.306845441023,0.145321176927,
    0.191219193019));
#3569 = CARTESIAN_POINT('',(-0.378529419797,1.476671786054E-02,
    -0.1874913674));
#3570 = CARTESIAN_POINT('',(-0.464910641462,7.757992348966E-02,
    3.87295741657E-02));
#3571 = CARTESIAN_POINT('',(-0.543143347446,5.698492636637E-02,
    -4.132447953121E-02));
#3572 = CARTESIAN_POINT('',(-0.679712028593,4.534958897502E-02,
    -2.132036850595E-02));
#3573 = CARTESIAN_POINT('',(-0.814439493872,3.647545688634E-02,
    -4.21965984063E-02));
#3574 = CARTESIAN_POINT('',(-0.870762235092,1.486597238031E-02,
    4.692675070506E-03));
#3575 = CARTESIAN_POINT('',(-0.924170894077,4.627637692752E-02,
    -0.102322316733));
#3576 = CARTESIAN_POINT('',(-0.97975721442,-4.651269075562E-03,
    1.260274872689E-02));
#3577 = CARTESIAN_POINT('',(-1.035715843861,1.949912051139E-02,
    -5.124726559802E-02));
#3578 = CARTESIAN_POINT('',(-1.090096475199,4.646931278747E-03,
    -4.681223063631E-02));
#3579 = CARTESIAN_POINT('',(-0.140072685044,8.379369154074E-02,
    -1.79226370013E-02));
#3580 = CARTESIAN_POINT('',(-0.219464880853,3.674518652596E-02,
    -0.144071347937));
#3581 = CARTESIAN_POINT('',(-0.306845441023,0.164427147973,
    0.209704330816));
#3582 = CARTESIAN_POINT('',(-0.378529419796,6.776287980223E-03,
    -0.202239024873));
#3583 = CARTESIAN_POINT('',(-0.464910641462,8.532582869333E-02,
    4.255024719607E-02));
#3584 = CARTESIAN_POINT('',(-0.543143347446,5.864272789079E-02,
    -4.318061914484E-02));
#3585 = CARTESIAN_POINT('',(-0.679712028593,4.826160665855E-02,
    -2.180444690846E-02));
#3586 = CARTESIAN_POINT('',(-0.814439493872,3.659838884694E-02,
    -4.445234550604E-02));
#3587 = CARTESIAN_POINT('',(-0.870762235093,1.752273557964E-02,
    2.94799970894E-03));
#3588 = CARTESIAN_POINT('',(-0.924170894077,4.404963815204E-02,
    -0.103547449907));
#3589 = CARTESIAN_POINT('',(-0.979757214421,-2.696689145327E-03,
    1.068139600137E-02));
#3590 = CARTESIAN_POINT('',(-1.035715843861,1.935944237847E-02,
    -5.26296758931E-02));
#3591 = CARTESIAN_POINT('',(-1.090096475199,4.654358188879E-03,
    -4.816215680167E-02));
#3592 = CARTESIAN_POINT('',(-0.140072685044,8.595276306898E-02,
    -1.794039452293E-02));
#3593 = CARTESIAN_POINT('',(-0.219464880853,3.524005388176E-02,
    -0.148516385301));
#3594 = CARTESIAN_POINT('',(-0.306845441023,0.173146975341,
    0.217586245245));
#3595 = CARTESIAN_POINT('',(-0.378529419797,3.146958205546E-03,
    -0.208494250411));
#3596 = CARTESIAN_POINT('',(-0.464910641462,8.875949564068E-02,
    4.401574540697E-02));
#3597 = CARTESIAN_POINT('',(-0.543143347446,5.939031069068E-02,
    -4.397361469208E-02));
#3598 = CARTESIAN_POINT('',(-0.679712028593,4.947593821326E-02,
    -2.214381674694E-02));
#3599 = CARTESIAN_POINT('',(-0.814439493872,3.665155698268E-02,
    -4.546072843932E-02));
#3600 = CARTESIAN_POINT('',(-0.870762235093,1.865210586839E-02,
    2.126903899636E-03));
#3601 = CARTESIAN_POINT('',(-0.924170894077,4.309633770348E-02,
    -0.1040866521));
#3602 = CARTESIAN_POINT('',(-0.979757214421,-1.841366175575E-03,
    9.800393977155E-03));
#3603 = CARTESIAN_POINT('',(-1.035715843861,1.929182968789E-02,
    -5.325579258612E-02));
#3604 = CARTESIAN_POINT('',(-1.090096475199,4.65776055867E-03,
    -4.877308433007E-02));
#3605 = CARTESIAN_POINT('',(-0.140072685044,8.840525309319E-02,
    -1.796193031979E-02));
#3606 = CARTESIAN_POINT('',(-0.219464880853,3.384190804136E-02,
    -0.1531410418));
#3607 = CARTESIAN_POINT('',(-0.306845441023,0.182571414201,
    0.225820738439));
#3608 = CARTESIAN_POINT('',(-0.378529419797,-6.55744609475E-04,
    -0.215041925752));
#3609 = CARTESIAN_POINT('',(-0.464910641462,9.244301998323E-02,
    4.538858267277E-02));
#3610 = CARTESIAN_POINT('',(-0.543143347446,6.025027977267E-02,
    -4.481375044693E-02));
#3611 = CARTESIAN_POINT('',(-0.679712028593,5.07369926218E-02,
    -2.264103660637E-02));
#3612 = CARTESIAN_POINT('',(-0.814439493872,3.672466300705E-02,
    -4.65706606306E-02));
#3613 = CARTESIAN_POINT('',(-0.870762235093,1.984829808995E-02,
    1.16874677936E-03));
#3614 = CARTESIAN_POINT('',(-0.924170894077,4.208139930106E-02,
    -0.104676708522));
#3615 = CARTESIAN_POINT('',(-0.979757214421,-9.119535924886E-04,
    8.800926680226E-03));
#3616 = CARTESIAN_POINT('',(-1.035715843861,1.921485179276E-02,
    -5.395994019055E-02));
#3617 = CARTESIAN_POINT('',(-1.090096475199,4.661513584888E-03,
    -4.945959689849E-02));
#3618 = CARTESIAN_POINT('',(-0.140072685044,9.076711209276E-02,
    -1.798627655177E-02));
#3619 = CARTESIAN_POINT('',(-0.219464880853,3.283803112257E-02,
    -0.157167212109));
#3620 = CARTESIAN_POINT('',(-0.306845441023,0.191130995175,0.23303298102
    ));
#3621 = CARTESIAN_POINT('',(-0.378529419797,-3.971051992188E-03,
    -0.220796567232));
#3622 = CARTESIAN_POINT('',(-0.464910641462,9.576876048869E-02,
    4.642143561223E-02));
#3623 = CARTESIAN_POINT('',(-0.543143347446,6.109347261056E-02,
    -4.556354172586E-02));
#3624 = CARTESIAN_POINT('',(-0.679712028593,5.183601497159E-02,
    -2.323138297747E-02));
#3625 = CARTESIAN_POINT('',(-0.814439493872,3.680973331961E-02,
    -4.760498049583E-02));
#3626 = CARTESIAN_POINT('',(-0.870762235093,2.091623551776E-02,
    2.184736173218E-04));
#3627 = CARTESIAN_POINT('',(-0.924170894077,4.116992671786E-02,
    -0.105223638104));
#3628 = CARTESIAN_POINT('',(-0.979757214421,-5.744291073646E-05,
    7.838101485924E-03));
#3629 = CARTESIAN_POINT('',(-1.035715843861,1.914080997854E-02,
    -5.463231420408E-02));
#3630 = CARTESIAN_POINT('',(-1.090096475199,4.665010233469E-03,
    -5.011456712155E-02));
#3631 = CARTESIAN_POINT('',(-0.140072685044,9.37469251845E-02,
    -1.805300983226E-02));
#3632 = CARTESIAN_POINT('',(-0.219464880853,3.244241994671E-02,
    -0.161331521061));
#3633 = CARTESIAN_POINT('',(-0.306845441023,0.200553218778,
    0.240505124743));
#3634 = CARTESIAN_POINT('',(-0.378529419797,-7.157464186842E-03,
    -0.226831252199));
#3635 = CARTESIAN_POINT('',(-0.464910641462,9.940317370818E-02,
    4.704330846423E-02));
#3636 = CARTESIAN_POINT('',(-0.543143347446,6.223585681403E-02,
    -4.637597879849E-02));
#3637 = CARTESIAN_POINT('',(-0.679712028593,5.295800821797E-02,
    -2.426364927561E-02));
#3638 = CARTESIAN_POINT('',(-0.814439493872,3.697702274045E-02,
    -4.883061013422E-02));
#3639 = CARTESIAN_POINT('',(-0.870762235093,2.207489455332E-02,
    -1.076190087103E-03));
#3640 = CARTESIAN_POINT('',(-0.924170894077,4.016962936095E-02,
    -0.105871038706));
#3641 = CARTESIAN_POINT('',(-0.979757214421,9.329927374523E-04,
    6.604261133394E-03));
#3642 = CARTESIAN_POINT('',(-1.035715843861,1.905079634876E-02,
    -5.548095551043E-02));
#3643 = CARTESIAN_POINT('',(-1.090096475199,4.669041701272E-03,
    -5.093967829904E-02));
#3644 = CARTESIAN_POINT('',(-0.140072685044,9.725338630473E-02,
    -1.819390624655E-02));
#3645 = CARTESIAN_POINT('',(-0.219464880853,3.293674216183E-02,
    -0.165361325989));
#3646 = CARTESIAN_POINT('',(-0.306845441023,0.210125995173,
    0.247712995675));
#3647 = CARTESIAN_POINT('',(-0.378529419796,-9.854327247121E-03,
    -0.23286480661));
#3648 = CARTESIAN_POINT('',(-0.464910641462,0.103188213787,
    4.721928377709E-02));
#3649 = CARTESIAN_POINT('',(-0.543143347446,6.361491345162E-02,
    -4.729337991999E-02));
#3650 = CARTESIAN_POINT('',(-0.679712028593,5.406633184152E-02,
    -2.572150339332E-02));
#3651 = CARTESIAN_POINT('',(-0.814439493872,3.722591952957E-02,
    -5.022850018135E-02));
#3652 = CARTESIAN_POINT('',(-0.870762235093,2.326287231823E-02,
    -2.692467186958E-03));
#3653 = CARTESIAN_POINT('',(-0.924170894077,3.914396648559E-02,
    -0.106608542364));
#3654 = CARTESIAN_POINT('',(-0.979757214421,2.007914555697E-03,
    5.120503167107E-03));
#3655 = CARTESIAN_POINT('',(-1.035715843861,1.895091697867E-02,
    -5.649108620276E-02));
#3656 = CARTESIAN_POINT('',(-1.090096475199,4.67327250249E-03,
    -5.191950677047E-02));
#3657 = CARTESIAN_POINT('',(-0.140072685044,0.100328062075,
    -1.842226900385E-02));
#3658 = CARTESIAN_POINT('',(-0.219464880853,3.467048694853E-02,
    -0.167837407424));
#3659 = CARTESIAN_POINT('',(-0.306845441023,0.216470729041,
    0.252068578437));
#3660 = CARTESIAN_POINT('',(-0.378529419797,-1.083425023395E-02,
    -0.236957462287));
#3661 = CARTESIAN_POINT('',(-0.464910641462,0.105955545137,
    4.679116782009E-02));
#3662 = CARTESIAN_POINT('',(-0.543143347446,6.482435542544E-02,
    -4.814053138289E-02));
#3663 = CARTESIAN_POINT('',(-0.679712028593,5.482283569184E-02,
    -2.726591144151E-02));
#3664 = CARTESIAN_POINT('',(-0.814439493872,3.750152218588E-02,
    -5.143019862926E-02));
#3665 = CARTESIAN_POINT('',(-0.870762235092,2.409821702374E-02,
    -4.233854684196E-03));
#3666 = CARTESIAN_POINT('',(-0.924170894077,3.843433090489E-02,
    -0.107228319922));
#3667 = CARTESIAN_POINT('',(-0.97975721442,2.835694768278E-03,
    3.755903674405E-03));
#3668 = CARTESIAN_POINT('',(-1.035715843861,1.88725515662E-02,
    -5.739802162314E-02));
#3669 = CARTESIAN_POINT('',(-1.090096475199,4.676414094859E-03,
    -5.280078431632E-02));
#3670 = CARTESIAN_POINT('',(-0.140072685044,0.104166897239,
    -1.891559712595E-02));
#3671 = CARTESIAN_POINT('',(-0.219464880853,3.879533805541E-02,
    -0.169640064761));
#3672 = CARTESIAN_POINT('',(-0.306845441023,0.221311099947,
    0.255006646847));
#3673 = CARTESIAN_POINT('',(-0.378529419797,-1.007534531401E-02,
    -0.240891640519));
#3674 = CARTESIAN_POINT('',(-0.464910641462,0.10886510457,
    4.581488070785E-02));
#3675 = CARTESIAN_POINT('',(-0.543143347446,6.621636257828E-02,
    -4.950638485204E-02));
#3676 = CARTESIAN_POINT('',(-0.679712028593,5.56225575659E-02,
    -2.942814529542E-02));
#3677 = CARTESIAN_POINT('',(-0.814439493872,3.789639455945E-02,
    -5.299447240247E-02));
#3678 = CARTESIAN_POINT('',(-0.870762235092,2.492031554094E-02,
    -6.296780238799E-03));
#3679 = CARTESIAN_POINT('',(-0.924170894078,3.777764913252E-02,
    -0.108040427169));
#3680 = CARTESIAN_POINT('',(-0.97975721442,3.728946820777E-03,
    1.951312926529E-03));
#3681 = CARTESIAN_POINT('',(-1.035715843861,1.878678313231E-02,
    -5.859077261018E-02));
#3682 = CARTESIAN_POINT('',(-1.090096475199,4.679791267291E-03,
    -5.395921415696E-02));
#3683 = CARTESIAN_POINT('',(-0.140072685044,0.107581319225,
    -1.960547496501E-02));
#3684 = CARTESIAN_POINT('',(-0.219464880853,4.491685167374E-02,
    -0.169627710493));
#3685 = CARTESIAN_POINT('',(-0.306845441023,0.221631270727,
    0.254397108878));
#3686 = CARTESIAN_POINT('',(-0.378529419796,-6.595001999069E-03,
    -0.242617873082));
#3687 = CARTESIAN_POINT('',(-0.464910641462,0.110500409003,
    4.412434374051E-02));
#3688 = CARTESIAN_POINT('',(-0.543143347446,6.743128957694E-02,
    -5.098784452963E-02));
#3689 = CARTESIAN_POINT('',(-0.679712028593,5.616286715374E-02,
    -3.16327491537E-02));
#3690 = CARTESIAN_POINT('',(-0.814439493872,3.831677413549E-02,
    -5.44653119036E-02));
#3691 = CARTESIAN_POINT('',(-0.870762235092,2.541341898698E-02,
    -8.292742541574E-03));
#3692 = CARTESIAN_POINT('',(-0.924170894077,3.744134291484E-02,
    -0.108822684344));
#3693 = CARTESIAN_POINT('',(-0.979757214421,4.374718779206E-03,
    2.289396287364E-04));
#3694 = CARTESIAN_POINT('',(-1.035715843861,1.872364060708E-02,
    -5.97289999042E-02));
#3695 = CARTESIAN_POINT('',(-1.090096475199,4.682286728001E-03,
    -5.506330076658E-02));
#3696 = CARTESIAN_POINT('',(-0.140072685044,0.110685068999,
    -2.074694317586E-02));
#3697 = CARTESIAN_POINT('',(-0.219464880853,5.578312496291E-02,
    -0.16609138012));
#3698 = CARTESIAN_POINT('',(-0.306845441023,0.212900008869,
    0.246523762352));
#3699 = CARTESIAN_POINT('',(-0.378529419797,3.651028490058E-03,
    -0.239337873966));
#3700 = CARTESIAN_POINT('',(-0.464910641462,0.109093902843,
    3.991098606988E-02));
#3701 = CARTESIAN_POINT('',(-0.543143347446,6.886172233013E-02,
    -5.251664766886E-02));
#3702 = CARTESIAN_POINT('',(-0.679712028593,5.634772671621E-02,
    -3.422446393854E-02));
#3703 = CARTESIAN_POINT('',(-0.814439493872,3.883606284975E-02,
    -5.595989900316E-02));
#3704 = CARTESIAN_POINT('',(-0.870762235092,2.558703281221E-02,
    -1.046858844556E-02));
#3705 = CARTESIAN_POINT('',(-0.924170894077,3.738946043155E-02,
    -0.109634833096));
#3706 = CARTESIAN_POINT('',(-0.979757214421,4.815598900955E-03,
    -1.601368050342E-03));
#3707 = CARTESIAN_POINT('',(-1.035715843861,1.867875480526E-02,
    -6.093300563981E-02));
#3708 = CARTESIAN_POINT('',(-1.090096475199,4.684014596897E-03,
    -5.62301652185E-02));
#3709 = CARTESIAN_POINT('',(-0.140072685044,0.112375517239,
    -2.171135141239E-02));
#3710 = CARTESIAN_POINT('',(-0.219464880853,6.463245425572E-02,
    -0.162431368611));
#3711 = CARTESIAN_POINT('',(-0.306845441023,0.203259961376,
    0.238517325774));
#3712 = CARTESIAN_POINT('',(-0.378529419797,1.286750042897E-02,
    -0.235427599033));
#3713 = CARTESIAN_POINT('',(-0.464910641462,0.106978681551,
    3.639033746049E-02));
#3714 = CARTESIAN_POINT('',(-0.543143347446,6.981727982907E-02,
    -5.351315383292E-02));
#3715 = CARTESIAN_POINT('',(-0.679712028593,5.632615419511E-02,
    -3.596241838015E-02));
#3716 = CARTESIAN_POINT('',(-0.814439493872,3.918479098605E-02,
    -5.690135910447E-02));
#3717 = CARTESIAN_POINT('',(-0.870762235092,2.558107618007E-02,
    -1.188369711896E-02));
#3718 = CARTESIAN_POINT('',(-0.924170894077,3.744717130092E-02,
    -0.110147071178));
#3719 = CARTESIAN_POINT('',(-0.97975721442,5.00671045733E-03,
    -2.779699422445E-03));
#3720 = CARTESIAN_POINT('',(-1.035715843861,1.865825368222E-02,
    -6.170495821899E-02));
#3721 = CARTESIAN_POINT('',(-1.090096475199,4.684741926038E-03,
    -5.697802310183E-02));
#3722 = CARTESIAN_POINT('',(-0.140072685044,0.113134978546,
    -2.225596127143E-02));
#3723 = CARTESIAN_POINT('',(-0.219464880853,6.94878057655E-02,
    -0.160299516115));
#3724 = CARTESIAN_POINT('',(-0.306845441023,0.197477727398,
    0.233855268349));
#3725 = CARTESIAN_POINT('',(-0.378529419796,1.805990486884E-02,
    -0.233117672655));
#3726 = CARTESIAN_POINT('',(-0.464910641462,0.105658193524,
    3.44796136264E-02));
#3727 = CARTESIAN_POINT('',(-0.543143347446,7.030048655228E-02,
    -5.401975184354E-02));
#3728 = CARTESIAN_POINT('',(-0.679712028593,5.628488709884E-02,
    -3.684070152626E-02));
#3729 = CARTESIAN_POINT('',(-0.814439493872,3.936159916071E-02,
    -5.736902109587E-02));
#3730 = CARTESIAN_POINT('',(-0.870762235092,2.554927147888E-02,
    -1.259093349454E-02));
#3731 = CARTESIAN_POINT('',(-0.924170894077,3.749806345714E-02,
    -0.110402343976));
#3732 = CARTESIAN_POINT('',(-0.979757214421,5.08049076819E-03,
    -3.368050892428E-03));
#3733 = CARTESIAN_POINT('',(-1.035715843861,1.864998272327E-02,
    -6.208998755179E-02));
#3734 = CARTESIAN_POINT('',(-1.090096475199,4.68501720832E-03,
    -5.735093914602E-02));
#3735 = CARTESIAN_POINT('',(-0.140072685044,0.114557746855,
    -2.336860940811E-02));
#3736 = CARTESIAN_POINT('',(-0.219464880853,7.933030415626E-02,
    -0.155885013187));
#3737 = CARTESIAN_POINT('',(-0.306845441023,0.185409681847,
    0.224207372188));
#3738 = CARTESIAN_POINT('',(-0.378529419797,2.868782941723E-02,
    -0.228304619855));
#3739 = CARTESIAN_POINT('',(-0.464910641462,0.102868397155,
    3.061831137628E-02));
#3740 = CARTESIAN_POINT('',(-0.543143347446,7.125323244415E-02,
    -5.50153510059E-02));
#3741 = CARTESIAN_POINT('',(-0.679712028593,5.61814818407E-02,
    -3.856677488237E-02));
#3742 = CARTESIAN_POINT('',(-0.814439493872,3.970983496865E-02,
    -5.82823478021E-02));
#3743 = CARTESIAN_POINT('',(-0.870762235092,2.546579062547E-02,
    -1.397496046857E-02));
#3744 = CARTESIAN_POINT('',(-0.924170894077,3.761370464234E-02,
    -0.11090173257));
#3745 = CARTESIAN_POINT('',(-0.97975721442,5.209449074652E-03,
    -4.519243130747E-03));
#3746 = CARTESIAN_POINT('',(-1.035715843861,1.863519959349E-02,
    -6.28431041486E-02));
#3747 = CARTESIAN_POINT('',(-1.090096475199,4.685493982926E-03,
    -5.808029109998E-02));
#3748 = CARTESIAN_POINT('',(-0.140072685044,0.11558818639,
    -2.466846964044E-02));
#3749 = CARTESIAN_POINT('',(-0.219464880853,9.049215369195E-02,
    -0.150396931469));
#3750 = CARTESIAN_POINT('',(-0.306845441023,0.169983673432,
    0.212254807758));
#3751 = CARTESIAN_POINT('',(-0.378529419797,4.126919541494E-02,
    -0.222153490018));
#3752 = CARTESIAN_POINT('',(-0.464910641462,9.913703525308E-02,
    2.62919499902E-02));
#3753 = CARTESIAN_POINT('',(-0.543143347446,7.220362385546E-02,
    -5.597890884099E-02));
#3754 = CARTESIAN_POINT('',(-0.679712028593,5.596813121074E-02,
    -4.024867598547E-02));
#3755 = CARTESIAN_POINT('',(-0.814439493872,4.005291239012E-02,
    -5.914250243834E-02));
#3756 = CARTESIAN_POINT('',(-0.870762235092,2.528063065995E-02,
    -1.529474517208E-02));
#3757 = CARTESIAN_POINT('',(-0.924170894077,3.780351621961E-02,
    -0.111376193725));
#3758 = CARTESIAN_POINT('',(-0.97975721442,5.255596391432E-03,
    -5.615334464154E-03));
#3759 = CARTESIAN_POINT('',(-1.035715843861,1.862809517951E-02,
    -6.355885009287E-02));
#3760 = CARTESIAN_POINT('',(-1.090096475199,4.685640562386E-03,
    -5.87731131864E-02));
#3761 = CARTESIAN_POINT('',(-0.140072685044,0.116246657079,
    -2.635064662651E-02));
#3762 = CARTESIAN_POINT('',(-0.219464880853,0.101341220521,
    -0.145322415494));
#3763 = CARTESIAN_POINT('',(-0.306845441023,0.153704493375,
    0.199776935025));
#3764 = CARTESIAN_POINT('',(-0.378529419797,5.445211840119E-02,
    -0.215950087984));
#3765 = CARTESIAN_POINT('',(-0.464910641462,9.505796288187E-02,
    2.176434852843E-02));
#3766 = CARTESIAN_POINT('',(-0.543143347446,7.313346391862E-02,
    -5.708793737407E-02));
#3767 = CARTESIAN_POINT('',(-0.679712028593,5.571195084561E-02,
    -4.199135063444E-02));
#3768 = CARTESIAN_POINT('',(-0.814439493872,4.039191551708E-02,
    -6.005752012084E-02));
#3769 = CARTESIAN_POINT('',(-0.870762235092,2.502448818079E-02,
    -1.668290575849E-02));
#3770 = CARTESIAN_POINT('',(-0.924170894077,3.805621226134E-02,
    -0.111878133904));
#3771 = CARTESIAN_POINT('',(-0.97975721442,5.24128534506E-03,
    -6.771905641689E-03));
#3772 = CARTESIAN_POINT('',(-1.035715843861,1.862640534155E-02,
    -6.431321303483E-02));
#3773 = CARTESIAN_POINT('',(-1.090096475199,4.685536429206E-03,
    -5.950306479513E-02));
#3774 = CARTESIAN_POINT('',(-0.140072685044,0.116713400998,
    -2.775442814069E-02));
#3775 = CARTESIAN_POINT('',(-0.219464880853,0.10991370643,-0.14136595983
    ));
#3776 = CARTESIAN_POINT('',(-0.306845441023,0.140621776031,
    0.189768537166));
#3777 = CARTESIAN_POINT('',(-0.378529419797,6.5040399977E-02,
    -0.211013535315));
#3778 = CARTESIAN_POINT('',(-0.464910641462,9.175717027674E-02,
    1.81262641708E-02));
#3779 = CARTESIAN_POINT('',(-0.543143347446,7.387085192236E-02,
    -5.799786140544E-02));
#3780 = CARTESIAN_POINT('',(-0.679712028593,5.550154011702E-02,
    -4.339140078745E-02));
#3781 = CARTESIAN_POINT('',(-0.814439493872,4.066141639978E-02,
    -6.079705485857E-02));
#3782 = CARTESIAN_POINT('',(-0.870762235092,2.480902616094E-02,
    -1.780201640576E-02));
#3783 = CARTESIAN_POINT('',(-0.924170894078,3.826782465565E-02,
    -0.112283298772));
#3784 = CARTESIAN_POINT('',(-0.97975721442,5.220180380115E-03,
    -7.704954290017E-03));
#3785 = CARTESIAN_POINT('',(-1.035715843861,1.862592425978E-02,
    -6.492165595691E-02));
#3786 = CARTESIAN_POINT('',(-1.090096475199,4.685413059153E-03,
    -6.009178069872E-02));
#3787 = CARTESIAN_POINT('',(-0.140072685044,0.117129975552,
    -3.104148332299E-02));
#3788 = CARTESIAN_POINT('',(-0.219464880853,0.125820503093,
    -0.134564155564));
#3789 = CARTESIAN_POINT('',(-0.306845441023,0.114483007852,
    0.169950763347));
#3790 = CARTESIAN_POINT('',(-0.378529419797,8.617217252432E-02,
    -0.201646410602));
#3791 = CARTESIAN_POINT('',(-0.464910641462,8.497113151295E-02,
    1.083917457814E-02));
#3792 = CARTESIAN_POINT('',(-0.543143347446,7.526480153831E-02,
    -6.001518538263E-02));
#3793 = CARTESIAN_POINT('',(-0.679712028593,5.504626642213E-02,
    -4.621364424757E-02));
#3794 = CARTESIAN_POINT('',(-0.814439493872,4.117623245382E-02,
    -6.233473800913E-02));
#3795 = CARTESIAN_POINT('',(-0.870762235092,2.429410582735E-02,
    -2.010046640077E-02));
#3796 = CARTESIAN_POINT('',(-0.924170894078,3.876795399441E-02,
    -0.113120060978));
#3797 = CARTESIAN_POINT('',(-0.97975721442,5.094316574355E-03,
    -9.627278461078E-03));
#3798 = CARTESIAN_POINT('',(-1.035715843861,1.863255321962E-02,
    -6.617407051109E-02));
#3799 = CARTESIAN_POINT('',(-1.090096475199,4.684818797995E-03,
    -6.130328032277E-02));
#3800 = CARTESIAN_POINT('',(-0.140072685044,0.116809484157,
    -3.475898431959E-02));
#3801 = CARTESIAN_POINT('',(-0.219464880853,0.136014981188,
    -0.132148547059));
#3802 = CARTESIAN_POINT('',(-0.306845441023,9.503691373578E-02,
    0.155761108593));
#3803 = CARTESIAN_POINT('',(-0.378529419797,0.102226672786,
    -0.196589696527));
#3804 = CARTESIAN_POINT('',(-0.464910641462,7.962327152766E-02,
    5.204056251989E-03));
#3805 = CARTESIAN_POINT('',(-0.543143347446,7.624457838554E-02,
    -6.238880878848E-02));
#3806 = CARTESIAN_POINT('',(-0.679712028593,5.468476364889E-02,
    -4.864800692311E-02));
#3807 = CARTESIAN_POINT('',(-0.814439493872,4.155151577139E-02,
    -6.393935194987E-02));
#3808 = CARTESIAN_POINT('',(-0.870762235092,2.372803114926E-02,
    -2.223987567352E-02));
#3809 = CARTESIAN_POINT('',(-0.924170894077,3.932962362256E-02,
    -0.113973044917));
#3810 = CARTESIAN_POINT('',(-0.97975721442,4.841113890856E-03,
    -1.148539056183E-02));
#3811 = CARTESIAN_POINT('',(-1.035715843861,1.865131807887E-02,
    -6.73889800175E-02));
#3812 = CARTESIAN_POINT('',(-1.090096475199,4.683698025139E-03,
    -6.247747025065E-02));
#3813 = CARTESIAN_POINT('',(-0.140072685044,0.116366490431,
    -3.865087593339E-02));
#3814 = CARTESIAN_POINT('',(-0.219464880853,0.141585330695,
    -0.133491365957));
#3815 = CARTESIAN_POINT('',(-0.306845441023,8.272818461549E-02,
    0.147158462506));
#3816 = CARTESIAN_POINT('',(-0.378529419797,0.113180747195,
    -0.195615755262));
#3817 = CARTESIAN_POINT('',(-0.464910641462,7.586512867603E-02,
    7.889577578677E-04));
#3818 = CARTESIAN_POINT('',(-0.543143347446,7.699892505389E-02,
    -6.494839619853E-02));
#3819 = CARTESIAN_POINT('',(-0.679712028593,5.438351971849E-02,
    -5.102164677085E-02));
#3820 = CARTESIAN_POINT('',(-0.814439493872,4.185804705588E-02,
    -6.562764550647E-02));
#3821 = CARTESIAN_POINT('',(-0.870762235092,2.313952361417E-02,
    -2.439441323423E-02));
#3822 = CARTESIAN_POINT('',(-0.924170894078,3.992139754876E-02,
    -0.114863350776));
#3823 = CARTESIAN_POINT('',(-0.97975721442,4.526663778858E-03,
    -1.338522615827E-02));
#3824 = CARTESIAN_POINT('',(-1.035715843861,1.867595219495E-02,
    -6.863287619082E-02));
#3825 = CARTESIAN_POINT('',(-1.090096475199,4.682334255039E-03,
    -6.36794735589E-02));
#3826 = CARTESIAN_POINT('',(-0.140072685044,0.116124110763,
    -4.051849587324E-02));
#3827 = CARTESIAN_POINT('',(-0.219464880853,0.142588495983,
    -0.135400848099));
#3828 = CARTESIAN_POINT('',(-0.306845441023,7.947789876843E-02,
    0.14507585978));
#3829 = CARTESIAN_POINT('',(-0.378529419797,0.116503165774,
    -0.19656436364));
#3830 = CARTESIAN_POINT('',(-0.464910641462,7.466416897973E-02,
    -8.550334322972E-04));
#3831 = CARTESIAN_POINT('',(-0.543143347446,7.727505827505E-02,
    -6.619687751919E-02));
#3832 = CARTESIAN_POINT('',(-0.679712028593,5.426224553701E-02,
    -5.210822293893E-02));
#3833 = CARTESIAN_POINT('',(-0.814439493872,4.197683025305E-02,
    -6.644167175587E-02));
#3834 = CARTESIAN_POINT('',(-0.870762235092,2.28573999452E-02,
    -2.540336221931E-02));
#3835 = CARTESIAN_POINT('',(-0.924170894077,4.020729366725E-02,
    -0.115290414238));
#3836 = CARTESIAN_POINT('',(-0.97975721442,4.358665452978E-03,
    -1.42841501001E-02));
#3837 = CARTESIAN_POINT('',(-1.035715843861,1.868949946384E-02,
    -6.922195488168E-02));
#3838 = CARTESIAN_POINT('',(-1.090096475199,4.681614531313E-03,
    -6.424865925798E-02));
#3839 = CARTESIAN_POINT('',(-0.140072685044,0.115953370573,
    -4.221725372833E-02));
#3840 = CARTESIAN_POINT('',(-0.219464880853,0.142932969546,
    -0.137637322831));
#3841 = CARTESIAN_POINT('',(-0.306845441023,7.771501010004E-02,
    0.144100184788));
#3842 = CARTESIAN_POINT('',(-0.378529419797,0.118532082635,
    -0.198263801125));
#3843 = CARTESIAN_POINT('',(-0.464910641462,7.392348006024E-02,
    -2.038831879976E-03));
#3844 = CARTESIAN_POINT('',(-0.543143347446,7.747137874457E-02,
    -6.739538164786E-02));
#3845 = CARTESIAN_POINT('',(-0.679712028593,5.416592540322E-02,
    -5.308623315054E-02));
#3846 = CARTESIAN_POINT('',(-0.814439493872,4.206632049231E-02,
    -6.721167451979E-02));
#3847 = CARTESIAN_POINT('',(-0.870762235092,2.259785923993E-02,
    -2.633202498502E-02));
#3848 = CARTESIAN_POINT('',(-0.924170894077,4.047154552313E-02,
    -0.115692625922));
#3849 = CARTESIAN_POINT('',(-0.97975721442,4.191767849601E-03,
    -1.511968348992E-02));
#3850 = CARTESIAN_POINT('',(-1.035715843861,1.870323214106E-02,
    -6.977007375728E-02));
#3851 = CARTESIAN_POINT('',(-1.090096475199,4.680909776347E-03,
    -6.477828792279E-02));
#3852 = CARTESIAN_POINT('',(-0.140072685044,0.11577605928,
    -4.402114605411E-02));
#3853 = CARTESIAN_POINT('',(-0.219464880853,0.143257989885,
    -0.140048601432));
#3854 = CARTESIAN_POINT('',(-0.306845441023,7.593397795692E-02,
    0.143134058389));
#3855 = CARTESIAN_POINT('',(-0.378529419797,0.120609229548,
    -0.200133878119));
#3856 = CARTESIAN_POINT('',(-0.464910641462,7.316476904257E-02,
    -3.270819721516E-03));
#3857 = CARTESIAN_POINT('',(-0.543143347446,7.767544973408E-02,
    -6.867317622527E-02));
#3858 = CARTESIAN_POINT('',(-0.679712028593,5.406476849249E-02,
    -5.412391049082E-02));
#3859 = CARTESIAN_POINT('',(-0.814439493872,4.215985059777E-02,
    -6.803171990342E-02));
#3860 = CARTESIAN_POINT('',(-0.870762235092,2.232205776212E-02,
    -2.731903047636E-02));
#3861 = CARTESIAN_POINT('',(-0.924170894077,4.075244883503E-02,
    -0.11612084098));
#3862 = CARTESIAN_POINT('',(-0.97975721442,4.013434300753E-03,
    -1.600836263681E-02));
#3863 = CARTESIAN_POINT('',(-1.035715843861,1.871792612899E-02,
    -7.035310378354E-02));
#3864 = CARTESIAN_POINT('',(-1.090096475199,4.680157517368E-03,
    -6.534165200192E-02));
#3865 = CARTESIAN_POINT('',(-0.140072685044,0.115447151219,
    -4.886844839091E-02));
#3866 = CARTESIAN_POINT('',(-0.219464880853,0.142656232326,
    -0.147843443308));
#3867 = CARTESIAN_POINT('',(-0.306845441023,7.447075769488E-02,
    0.143082207878));
#3868 = CARTESIAN_POINT('',(-0.378529419797,0.123359037571,
    -0.207548013064));
#3869 = CARTESIAN_POINT('',(-0.464910641462,7.214443332002E-02,
    -5.666328680901E-03));
#3870 = CARTESIAN_POINT('',(-0.543143347446,7.806254133675E-02,
    -7.229407029356E-02));
#3871 = CARTESIAN_POINT('',(-0.679712028593,5.383394060202E-02,
    -5.688123146706E-02));
#3872 = CARTESIAN_POINT('',(-0.814439493872,4.235598562324E-02,
    -7.032321168988E-02));
#3873 = CARTESIAN_POINT('',(-0.870762235092,2.157366675636E-02,
    -3.000353378153E-02));
#3874 = CARTESIAN_POINT('',(-0.924170894077,4.151810448495E-02,
    -0.117312442756));
#3875 = CARTESIAN_POINT('',(-0.97975721442,3.493473502284E-03,
    -1.84493839987E-02));
#3876 = CARTESIAN_POINT('',(-1.035715843861,1.876151615733E-02,
    -7.195628751197E-02));
#3877 = CARTESIAN_POINT('',(-1.090096475199,4.677993268616E-03,
    -6.689083582547E-02));
#3878 = CARTESIAN_POINT('',(-0.140072685044,0.115472257334,
    -5.388459905225E-02));
#3879 = CARTESIAN_POINT('',(-0.219464880853,0.140542343196,
    -0.155392155938));
#3880 = CARTESIAN_POINT('',(-0.306845441023,7.72740762073E-02,
    0.142333621801));
#3881 = CARTESIAN_POINT('',(-0.378529419797,0.122572122541,
    -0.214862024155));
#3882 = CARTESIAN_POINT('',(-0.464910641462,7.221826560036E-02,
    -8.475220230327E-03));
#3883 = CARTESIAN_POINT('',(-0.543143347446,7.824873580516E-02,
    -7.609875105458E-02));
#3884 = CARTESIAN_POINT('',(-0.679712028593,5.361847929785E-02,
    -5.983841077516E-02));
#3885 = CARTESIAN_POINT('',(-0.814439493872,4.243582277254E-02,
    -7.284906164215E-02));
#3886 = CARTESIAN_POINT('',(-0.870762235092,2.082551043833E-02,
    -3.291229211606E-02));
#3887 = CARTESIAN_POINT('',(-0.924170894077,4.22734198963E-02,
    -0.118625099449));
#3888 = CARTESIAN_POINT('',(-0.97975721442,2.898249162456E-03,
    -2.111021154057E-02));
#3889 = CARTESIAN_POINT('',(-1.035715843861,1.881350315206E-02,
    -7.370514671967E-02));
#3890 = CARTESIAN_POINT('',(-1.090096475199,4.675652474916E-03,
    -6.858231959597E-02));
#3891 = CARTESIAN_POINT('',(-0.140072685044,0.115603827238,
    -5.86778096325E-02));
#3892 = CARTESIAN_POINT('',(-0.219464880853,0.138594569358,
    -0.161381299999));
#3893 = CARTESIAN_POINT('',(-0.306845441023,8.055134166493E-02,
    0.139590369749));
#3894 = CARTESIAN_POINT('',(-0.378529419797,0.120971332019,
    -0.220351484786));
#3895 = CARTESIAN_POINT('',(-0.464910641462,7.258560533569E-02,
    -1.175872500112E-02));
#3896 = CARTESIAN_POINT('',(-0.543143347446,7.832123720777E-02,
    -7.96491080665E-02));
#3897 = CARTESIAN_POINT('',(-0.679712028593,5.345206545024E-02,
    -6.273030938403E-02));
#3898 = CARTESIAN_POINT('',(-0.814439493872,4.243846953219E-02,
    -7.529587351639E-02));
#3899 = CARTESIAN_POINT('',(-0.870762235092,2.025428152476E-02,
    -3.573679598669E-02));
#3900 = CARTESIAN_POINT('',(-0.924170894078,4.284074104402E-02,
    -0.119901374083));
#3901 = CARTESIAN_POINT('',(-0.97975721442,2.400325250306E-03,
    -2.369006068859E-02));
#3902 = CARTESIAN_POINT('',(-1.035715843861,1.885855104695E-02,
    -7.540240349895E-02));
#3903 = CARTESIAN_POINT('',(-1.090096475199,4.673861409735E-03,
    -7.022610010357E-02));
#3904 = CARTESIAN_POINT('',(-0.140072685044,0.115673759355,
    -6.057873102489E-02));
#3905 = CARTESIAN_POINT('',(-0.219464880853,0.137874970058,
    -0.163468840171));
#3906 = CARTESIAN_POINT('',(-0.306845441023,8.189593631274E-02,
    0.138022081371));
#3907 = CARTESIAN_POINT('',(-0.378529419797,0.120214126782,
    -0.222169843471));
#3908 = CARTESIAN_POINT('',(-0.464910641462,7.277733526494E-02,
    -1.319974349489E-02));
#3909 = CARTESIAN_POINT('',(-0.543143347446,7.832924298317E-02,
    -8.103506085989E-02));
#3910 = CARTESIAN_POINT('',(-0.679712028593,5.339514582068E-02,
    -6.38907494301E-02));
#3911 = CARTESIAN_POINT('',(-0.814439493872,4.242441579128E-02,
    -7.62709543754E-02));
#3912 = CARTESIAN_POINT('',(-0.870762235092,2.006216232346E-02,
    -3.686408925294E-02));
#3913 = CARTESIAN_POINT('',(-0.924170894078,4.302900626958E-02,
    -0.120412225398));
#3914 = CARTESIAN_POINT('',(-0.97975721442,2.221378486274E-03,
    -2.471825738026E-02));
#3915 = CARTESIAN_POINT('',(-1.035715843861,1.887519603186E-02,
    -7.608016154087E-02));
#3916 = CARTESIAN_POINT('',(-1.090096475199,4.673247061678E-03,
    -7.088257775387E-02));
#3917 = CARTESIAN_POINT('',(-0.140072685044,0.115775506598,
    -6.333738999295E-02));
#3918 = CARTESIAN_POINT('',(-0.219464880853,0.13703634353,
    -0.166063497455));
#3919 = CARTESIAN_POINT('',(-0.306845441023,8.357866525059E-02,
    0.135006357456));
#3920 = CARTESIAN_POINT('',(-0.378529419797,0.119200996504,
    -0.22424298735));
#3921 = CARTESIAN_POINT('',(-0.464910641462,7.304271892848E-02,
    -1.549527726218E-02));
#3922 = CARTESIAN_POINT('',(-0.543143347446,7.832310773793E-02,
    -8.300472640462E-02));
#3923 = CARTESIAN_POINT('',(-0.679712028593,5.332630925535E-02,
    -6.558965099268E-02));
#3924 = CARTESIAN_POINT('',(-0.814439493872,4.238824336485E-02,
    -7.768080968555E-02));
#3925 = CARTESIAN_POINT('',(-0.870762235092,1.984053498784E-02,
    -3.85040865553E-02));
#3926 = CARTESIAN_POINT('',(-0.924170894078,4.324110172242E-02,
    -0.121151326632));
#3927 = CARTESIAN_POINT('',(-0.97975721442,1.999186253248E-03,
    -2.621046873465E-02));
#3928 = CARTESIAN_POINT('',(-1.035715843861,1.889608698664E-02,
    -7.706374189813E-02));
#3929 = CARTESIAN_POINT('',(-1.090096475199,4.672469329049E-03,
    -7.183555557318E-02));
#3930 = CARTESIAN_POINT('',(-0.140072685044,0.115829182853,
    -6.480983931723E-02));
#3931 = CARTESIAN_POINT('',(-0.219464880853,0.136696821254,
    -0.167227936333));
#3932 = CARTESIAN_POINT('',(-0.306845441023,8.43305528239E-02,
    0.133021211355));
#3933 = CARTESIAN_POINT('',(-0.378529419797,0.118712019597,
    -0.225062057952));
#3934 = CARTESIAN_POINT('',(-0.464910641462,7.317503367534E-02,
    -1.682392502992E-02));
#3935 = CARTESIAN_POINT('',(-0.543143347446,7.831146844783E-02,
    -8.403470544551E-02));
#3936 = CARTESIAN_POINT('',(-0.679712028593,5.329625286724E-02,
    -6.650378757567E-02));
#3937 = CARTESIAN_POINT('',(-0.814439493872,4.236142865794E-02,
    -7.843036146432E-02));
#3938 = CARTESIAN_POINT('',(-0.870762235092,1.97502811372E-02,
    -3.938120055865E-02));
#3939 = CARTESIAN_POINT('',(-0.924170894078,4.332461870357E-02,
    -0.121544545992));
#3940 = CARTESIAN_POINT('',(-0.97975721442,1.89904031299E-03,
    -2.700668546222E-02));
#3941 = CARTESIAN_POINT('',(-1.035715843861,1.890563135461E-02,
    -7.758854110964E-02));
#3942 = CARTESIAN_POINT('',(-1.090096475199,4.672111029396E-03,
    -7.234416548804E-02));
#3943 = CARTESIAN_POINT('',(-0.140072685044,0.115875815514,
    -6.639153768317E-02));
#3944 = CARTESIAN_POINT('',(-0.219464880853,0.136351432032,
    -0.168342081634));
#3945 = CARTESIAN_POINT('',(-0.306845441023,8.509171070976E-02,
    0.130640251179));
#3946 = CARTESIAN_POINT('',(-0.378529419797,0.11817628316,-0.22572897493
    ));
#3947 = CARTESIAN_POINT('',(-0.464910641462,7.333578921235E-02,
    -1.832127972592E-02));
#3948 = CARTESIAN_POINT('',(-0.543143347446,7.828743245797E-02,
    -8.511948651914E-02));
#3949 = CARTESIAN_POINT('',(-0.679712028593,5.327279978761E-02,
    -6.74887244186E-02));
#3950 = CARTESIAN_POINT('',(-0.814439493872,4.232827947415E-02,
    -7.922871141574E-02));
#3951 = CARTESIAN_POINT('',(-0.870762235092,1.967695411762E-02,
    -4.032057180287E-02));
#3952 = CARTESIAN_POINT('',(-0.924170894078,4.339402505006E-02,
    -0.121964003792));
#3953 = CARTESIAN_POINT('',(-0.97975721442,1.807131090291E-03,
    -2.78575986859E-02));
#3954 = CARTESIAN_POINT('',(-1.035715843861,1.891451924265E-02,
    -7.81494514897E-02));
#3955 = CARTESIAN_POINT('',(-1.090096475199,4.671785269343E-03,
    -7.288789737591E-02));
#3956 = CARTESIAN_POINT('',(-0.140072685044,0.115884272879,
    -6.669319972303E-02));
#3957 = CARTESIAN_POINT('',(-0.219464880853,0.136286031916,
    -0.168549413178));
#3958 = CARTESIAN_POINT('',(-0.306845441023,8.523535258441E-02,
    0.130176607879));
#3959 = CARTESIAN_POINT('',(-0.378529419797,0.118073488016,
    -0.225847925776));
#3960 = CARTESIAN_POINT('',(-0.464910641462,7.336727840623E-02,
    -1.860957128452E-02));
#3961 = CARTESIAN_POINT('',(-0.543143347446,7.828237880191E-02,
    -8.5325531189E-02));
#3962 = CARTESIAN_POINT('',(-0.679712028593,5.326868482081E-02,
    -6.767669233981E-02));
#3963 = CARTESIAN_POINT('',(-0.814439493872,4.232179292958E-02,
    -7.938070233146E-02));
#3964 = CARTESIAN_POINT('',(-0.870762235092,1.966389604571E-02,
    -4.049961735248E-02));
#3965 = CARTESIAN_POINT('',(-0.924170894078,4.340648204945E-02,
    -0.122043887444));
#3966 = CARTESIAN_POINT('',(-0.97975721442,1.790216590306E-03,
    -2.801971145868E-02));
#3967 = CARTESIAN_POINT('',(-1.035715843861,1.891616083448E-02,
    -7.825631665472E-02));
#3968 = CARTESIAN_POINT('',(-1.090096475199,4.671725497113E-03,
    -7.29914946333E-02));
#3969 = CARTESIAN_POINT('',(-0.140072685044,0.115923258566,
    -6.813657874409E-02));
#3970 = CARTESIAN_POINT('',(-0.219464880853,0.135974639476,
    -0.169524291817));
#3971 = CARTESIAN_POINT('',(-0.306845441023,8.591764922834E-02,
    0.127926416056));
#3972 = CARTESIAN_POINT('',(-0.378529419797,0.117579244269,
    -0.226389592841));
#3973 = CARTESIAN_POINT('',(-0.464910641462,7.352105121533E-02,
    -1.999803962174E-02));
#3974 = CARTESIAN_POINT('',(-0.543143347446,7.825656277197E-02,
    -8.630857614967E-02));
#3975 = CARTESIAN_POINT('',(-0.679712028593,5.325024904457E-02,
    -6.857652329723E-02));
#3976 = CARTESIAN_POINT('',(-0.814439493872,4.229026976506E-02,
    -8.010700899523E-02));
#3977 = CARTESIAN_POINT('',(-0.870762235092,1.9604487849E-02,
    -4.13559336852E-02));
#3978 = CARTESIAN_POINT('',(-0.924170894078,4.346363030005E-02,
    -0.122425722721));
#3979 = CARTESIAN_POINT('',(-0.97975721442,1.711323587794E-03,
    -2.879478996195E-02));
#3980 = CARTESIAN_POINT('',(-1.035715843861,1.892383799907E-02,
    -7.876726100526E-02));
#3981 = CARTESIAN_POINT('',(-1.090096475199,4.671447630446E-03,
    -7.348683124967E-02));
#3982 = CARTESIAN_POINT('',(-0.140072685044,0.115962047619,
    -6.997854419195E-02));
#3983 = CARTESIAN_POINT('',(-0.219464880853,0.135588598716,
    -0.170641531511));
#3984 = CARTESIAN_POINT('',(-0.306845441023,8.675137940043E-02,
    0.124819851208));
#3985 = CARTESIAN_POINT('',(-0.378529419797,0.116930774136,
    -0.226877554545));
#3986 = CARTESIAN_POINT('',(-0.464910641462,7.374030413963E-02,
    -2.183697532319E-02));
#3987 = CARTESIAN_POINT('',(-0.543143347446,7.821153698636E-02,
    -8.754216350312E-02));
#3988 = CARTESIAN_POINT('',(-0.679712028593,5.323596314395E-02,
    -6.972819058382E-02));
#3989 = CARTESIAN_POINT('',(-0.814439493872,4.224651716678E-02,
    -8.102697466663E-02));
#3990 = CARTESIAN_POINT('',(-0.870762235092,1.955123263416E-02,
    -4.244595924178E-02));
#3991 = CARTESIAN_POINT('',(-0.924170894078,4.351854637241E-02,
    -0.122910128532));
#3992 = CARTESIAN_POINT('',(-0.97975721442,1.625697770061E-03,
    -2.977952503755E-02));
#3993 = CARTESIAN_POINT('',(-1.035715843861,1.893232507504E-02,
    -7.941649365002E-02));
#3994 = CARTESIAN_POINT('',(-1.090096475199,4.67115326239E-03,
    -7.411635634361E-02));
#3995 = CARTESIAN_POINT('',(-0.140072685044,0.116005892755,
    -7.317371771142E-02));
#3996 = CARTESIAN_POINT('',(-0.219464880853,0.134937835542,
    -0.172349407372));
#3997 = CARTESIAN_POINT('',(-0.306845441023,8.813333331625E-02,
    0.119000720882));
#3998 = CARTESIAN_POINT('',(-0.378529419797,0.115742192627,
    -0.227346330607));
#3999 = CARTESIAN_POINT('',(-0.464910641462,7.419654756598E-02,
    -2.515271903388E-02));
#4000 = CARTESIAN_POINT('',(-0.543143347446,7.810662132586E-02,
    -8.964183737046E-02));
#4001 = CARTESIAN_POINT('',(-0.679712028593,5.3230651135E-02,
    -7.17380282688E-02));
#4002 = CARTESIAN_POINT('',(-0.814439493872,4.217612701033E-02,
    -8.260631524966E-02));
#4003 = CARTESIAN_POINT('',(-0.870762235092,1.949099774198E-02,
    -4.433184761232E-02));
#4004 = CARTESIAN_POINT('',(-0.924170894078,4.358253856775E-02,
    -0.123743861838));
#4005 = CARTESIAN_POINT('',(-0.97975721442,1.509553345464E-03,
    -3.147833582245E-02));
#4006 = CARTESIAN_POINT('',(-1.035715843861,1.894417503109E-02,
    -8.053668037341E-02));
#4007 = CARTESIAN_POINT('',(-1.090096475199,4.670786971198E-03,
    -7.520282795005E-02));
#4008 = CARTESIAN_POINT('',(-0.140072685044,0.116025491604,
    -7.609802795461E-02));
#4009 = CARTESIAN_POINT('',(-0.219464880853,0.134348004292,
    -0.173732787085));
#4010 = CARTESIAN_POINT('',(-0.306845441023,8.936701484737E-02,
    0.113336109396));
#4011 = CARTESIAN_POINT('',(-0.378529419797,0.114562951445,
    -0.227474019248));
#4012 = CARTESIAN_POINT('',(-0.464910641462,7.47133186788E-02,
    -2.828950161905E-02));
#4013 = CARTESIAN_POINT('',(-0.543143347446,7.797654293144E-02,
    -9.152998416482E-02));
#4014 = CARTESIAN_POINT('',(-0.679712028593,5.325474484767E-02,
    -7.359180048397E-02));
#4015 = CARTESIAN_POINT('',(-0.814439493872,4.211186499662E-02,
    -8.40354005774E-02));
#4016 = CARTESIAN_POINT('',(-0.870762235092,1.946969018115E-02,
    -4.60553069495E-02));
#4017 = CARTESIAN_POINT('',(-0.924170894077,4.361047268649E-02,
    -0.124500355738));
#4018 = CARTESIAN_POINT('',(-0.97975721442,1.433408387278E-03,
    -3.302507535811E-02));
#4019 = CARTESIAN_POINT('',(-1.035715843861,1.895231680871E-02,
    -8.155662999754E-02));
#4020 = CARTESIAN_POINT('',(-1.090096475199,4.670586661446E-03,
    -7.619235702388E-02));
#4021 = CARTESIAN_POINT('',(-0.140072685044,0.116026319835,
    -7.948088102851E-02));
#4022 = CARTESIAN_POINT('',(-0.219464880853,0.1336777241,-0.175240748416
    ));
#4023 = CARTESIAN_POINT('',(-0.306845441023,9.075469981614E-02,
    0.106605672124));
#4024 = CARTESIAN_POINT('',(-0.378529419797,0.113094136186,
    -0.227467588577));
#4025 = CARTESIAN_POINT('',(-0.464910641462,7.543620832954E-02,
    -3.194533906883E-02));
#4026 = CARTESIAN_POINT('',(-0.543143347446,7.779883423928E-02,
    -9.371078154569E-02));
#4027 = CARTESIAN_POINT('',(-0.679712028593,5.33109133322E-02,
    -7.573853791317E-02));
#4028 = CARTESIAN_POINT('',(-0.814439493873,4.204020179123E-02,
    -8.567551976846E-02));
#4029 = CARTESIAN_POINT('',(-0.870762235092,1.948359257951E-02,
    -4.804233218876E-02));
#4030 = CARTESIAN_POINT('',(-0.924170894078,4.360680632171E-02,
    -0.125370209493));
#4031 = CARTESIAN_POINT('',(-0.97975721442,1.381726508923E-03,
    -3.480523358964E-02));
#4032 = CARTESIAN_POINT('',(-1.035715843861,1.895837533128E-02,
    -8.273093939133E-02));
#4033 = CARTESIAN_POINT('',(-1.090096475199,4.670527221717E-03,
    -7.733193166284E-02));
#4034 = CARTESIAN_POINT('',(-0.140072685044,0.116000167712,
    -8.568484086298E-02));
#4035 = CARTESIAN_POINT('',(-0.219464880853,0.132407945362,
    -0.177939586812));
#4036 = CARTESIAN_POINT('',(-0.306845441023,9.337579484054E-02,
    9.410735346148E-02));
#4037 = CARTESIAN_POINT('',(-0.378529419797,0.110099175931,
    -0.227274775003));
#4038 = CARTESIAN_POINT('',(-0.464910641462,7.706080072502E-02,
    -3.87269999815E-02));
#4039 = CARTESIAN_POINT('',(-0.543143347446,7.741255512099E-02,
    -9.769739197415E-02));
#4040 = CARTESIAN_POINT('',(-0.679712028593,5.346397817433E-02,
    -7.968503244789E-02));
#4041 = CARTESIAN_POINT('',(-0.814439493872,4.19094916662E-02,
    -8.866431589899E-02));
#4042 = CARTESIAN_POINT('',(-0.870762235092,1.956676451583E-02,
    -5.167964438476E-02));
#4043 = CARTESIAN_POINT('',(-0.924170894077,4.354737876153E-02,
    -0.126957999107));
#4044 = CARTESIAN_POINT('',(-0.97975721442,1.339713599686E-03,
    -3.805835465847E-02));
#4045 = CARTESIAN_POINT('',(-1.035715843861,1.8964497931E-02,
    -8.487749214366E-02));
#4046 = CARTESIAN_POINT('',(-1.090096475199,4.670677242165E-03,
    -7.941541233759E-02));
#4047 = CARTESIAN_POINT('',(-0.140072685044,0.115921148063,
    -9.19218643007E-02));
#4048 = CARTESIAN_POINT('',(-0.219464880853,0.131452112242,
    -0.181144675823));
#4049 = CARTESIAN_POINT('',(-0.306845441023,9.53995907826E-02,
    8.238651648722E-02));
#4050 = CARTESIAN_POINT('',(-0.378529419797,0.107205610721,
    -0.227744389644));
#4051 = CARTESIAN_POINT('',(-0.464910641462,7.901116220778E-02,
    -4.5284034358E-02));
#4052 = CARTESIAN_POINT('',(-0.543143347446,7.694930838539E-02,
    -0.101748786051));
#4053 = CARTESIAN_POINT('',(-0.679712028593,5.370281962752E-02,
    -8.36487184687E-02));
#4054 = CARTESIAN_POINT('',(-0.814439493872,4.179111379062E-02,
    -9.163951940895E-02));
#4055 = CARTESIAN_POINT('',(-0.870762235092,1.977351775653E-02,
    -5.531614744401E-02));
#4056 = CARTESIAN_POINT('',(-0.924170894077,4.337023777049E-02,
    -0.128543045685));
#4057 = CARTESIAN_POINT('',(-0.97975721442,1.41940037456E-03,
    -4.130528391317E-02));
#4058 = CARTESIAN_POINT('',(-1.035715843861,1.895875795488E-02,
    -8.702212190114E-02));
#4059 = CARTESIAN_POINT('',(-1.090096475199,4.671463340456E-03,
    -8.149789888194E-02));
#4060 = CARTESIAN_POINT('',(-0.140072685044,0.115872028349,
    -9.714473151232E-02));
#4061 = CARTESIAN_POINT('',(-0.219464880853,0.130219627972,
    -0.184450260115));
#4062 = CARTESIAN_POINT('',(-0.306845441023,9.787265861715E-02,
    7.36601984083E-02));
#4063 = CARTESIAN_POINT('',(-0.378529419797,0.104197444429,
    -0.229005213582));
#4064 = CARTESIAN_POINT('',(-0.464910641462,8.094292744847E-02,
    -5.047800411227E-02));
#4065 = CARTESIAN_POINT('',(-0.543143347446,7.653387787334E-02,
    -0.105213405167));
#4066 = CARTESIAN_POINT('',(-0.679712028593,5.393468359777E-02,
    -8.697086108618E-02));
#4067 = CARTESIAN_POINT('',(-0.814439493872,4.17024344467E-02,
    -9.413618839573E-02));
#4068 = CARTESIAN_POINT('',(-0.870762235092,1.999621983471E-02,
    -5.836456222471E-02));
#4069 = CARTESIAN_POINT('',(-0.924170894077,4.31710558104E-02,
    -0.129874550033));
#4070 = CARTESIAN_POINT('',(-0.97975721442,1.544348774676E-03,
    -4.40283369208E-02));
#4071 = CARTESIAN_POINT('',(-1.035715843861,1.89469526277E-02,
    -8.882252776347E-02));
#4072 = CARTESIAN_POINT('',(-1.090096475199,4.672543177556E-03,
    -8.324640063253E-02));
#4073 = CARTESIAN_POINT('',(-0.140072685044,0.115791949775,
    -0.106873546496));
#4074 = CARTESIAN_POINT('',(-0.219464880853,0.127843836009,
    -0.190782743075));
#4075 = CARTESIAN_POINT('',(-0.306845441023,0.10264996349,
    5.772230101066E-02));
#4076 = CARTESIAN_POINT('',(-0.378529419797,9.847479365732E-02,
    -0.231620206336));
#4077 = CARTESIAN_POINT('',(-0.464910641462,8.459859046714E-02,
    -6.006600174991E-02));
#4078 = CARTESIAN_POINT('',(-0.543143347446,7.576070518509E-02,
    -0.111692573468));
#4079 = CARTESIAN_POINT('',(-0.679712028593,5.437151533175E-02,
    -9.316269374525E-02));
#4080 = CARTESIAN_POINT('',(-0.814439493872,4.15423862678E-02,
    -9.879057080463E-02));
#4081 = CARTESIAN_POINT('',(-0.870762235092,2.042399298639E-02,
    -6.404638421759E-02));
#4082 = CARTESIAN_POINT('',(-0.924170894077,4.27855194722E-02,
    -0.13235722009));
#4083 = CARTESIAN_POINT('',(-0.97975721442,1.795020011418E-03,
    -4.910420933135E-02));
#4084 = CARTESIAN_POINT('',(-1.035715843861,1.892261245689E-02,
    -9.217917530107E-02));
#4085 = CARTESIAN_POINT('',(-1.090096475199,4.674702380495E-03,
    -8.650634299279E-02));
#4086 = CARTESIAN_POINT('',(-0.140072685044,0.115808473732,
    -0.115744064897));
#4087 = CARTESIAN_POINT('',(-0.219464880853,0.125086631364,
    -0.197908864206));
#4088 = CARTESIAN_POINT('',(-0.306845441023,0.108294822073,
    4.565298360352E-02));
#4089 = CARTESIAN_POINT('',(-0.378529419797,9.236344795979E-02,
    -0.236079735692));
#4090 = CARTESIAN_POINT('',(-0.464910641462,8.835812382499E-02,
    -6.813058621053E-02));
#4091 = CARTESIAN_POINT('',(-0.543143347446,7.50661931717E-02,
    -0.117799375769));
#4092 = CARTESIAN_POINT('',(-0.679712028593,5.480542836618E-02,
    -9.883619653545E-02));
#4093 = CARTESIAN_POINT('',(-0.814439493872,4.143761731028E-02,
    -0.103063754553));
#4094 = CARTESIAN_POINT('',(-0.870762235092,2.091350317873E-02,
    -6.925385591371E-02));
#4095 = CARTESIAN_POINT('',(-0.924170894077,4.232157467284E-02,
    -0.134639911735));
#4096 = CARTESIAN_POINT('',(-0.97975721442,2.163263345197E-03,
    -5.376011245233E-02));
#4097 = CARTESIAN_POINT('',(-1.035715843861,1.88819970217E-02,
    -9.526299752333E-02));
#4098 = CARTESIAN_POINT('',(-1.090096475199,4.67783242449E-03,
    -8.950180909599E-02));
#4099 = CARTESIAN_POINT('',(-0.140072685044,0.115833333255,
    -0.12470897216));
#4100 = CARTESIAN_POINT('',(-0.219464880853,0.123981520915,
    -0.204892122808));
#4101 = CARTESIAN_POINT('',(-0.306845441023,0.110484027136,
    3.307648189028E-02));
#4102 = CARTESIAN_POINT('',(-0.378529419797,9.02968069089E-02,
    -0.240294966776));
#4103 = CARTESIAN_POINT('',(-0.464910641462,8.935969966049E-02,
    -7.637020225524E-02));
#4104 = CARTESIAN_POINT('',(-0.543143347446,7.50888285808E-02,
    -0.123950192807));
#4105 = CARTESIAN_POINT('',(-0.679712028593,5.481373915237E-02,
    -0.104534545907));
#4106 = CARTESIAN_POINT('',(-0.814439493872,4.145616497508E-02,
    -0.107398964033));
#4107 = CARTESIAN_POINT('',(-0.870762235092,2.111743798198E-02,
    -7.450540229254E-02));
#4108 = CARTESIAN_POINT('',(-0.924170894077,4.205586001638E-02,
    -0.13695102524));
#4109 = CARTESIAN_POINT('',(-0.97975721442,2.410338218036E-03,
    -5.846961699501E-02));
#4110 = CARTESIAN_POINT('',(-1.035715843861,1.883991010518E-02,
    -9.838510553698E-02));
#4111 = CARTESIAN_POINT('',(-1.090096475199,4.681533676834E-03,
    -9.25324273667E-02));
#4112 = CARTESIAN_POINT('',(-0.140072685044,0.115834345984,
    -0.125070528137));
#4113 = CARTESIAN_POINT('',(-0.219464880853,0.123939610085,
    -0.205173354654));
#4114 = CARTESIAN_POINT('',(-0.306845441023,0.110566759623,
    3.256855991706E-02));
#4115 = CARTESIAN_POINT('',(-0.378529419797,9.021993387171E-02,
    -0.240464400028));
#4116 = CARTESIAN_POINT('',(-0.464910641462,8.939569917331E-02,
    -7.670270227025E-02));
#4117 = CARTESIAN_POINT('',(-0.543143347446,7.509086302424E-02,
    -0.124198200645));
#4118 = CARTESIAN_POINT('',(-0.679712028593,5.481341663588E-02,
    -0.104764319282));
#4119 = CARTESIAN_POINT('',(-0.814439493872,4.145709813027E-02,
    -0.107573822425));
#4120 = CARTESIAN_POINT('',(-0.870762235092,2.112520852842E-02,
    -7.471718503401E-02));
#4121 = CARTESIAN_POINT('',(-0.924170894077,4.204546474185E-02,
    -0.137044236014));
#4122 = CARTESIAN_POINT('',(-0.97975721442,2.420101179364E-03,
    -5.865955815891E-02));
#4123 = CARTESIAN_POINT('',(-1.035715843861,1.883821157155E-02,
    -9.8511028486E-02));
#4124 = CARTESIAN_POINT('',(-1.090096475199,4.681683765222E-03,
    -9.265465710472E-02));
#4125 = CARTESIAN_POINT('',(-0.140072685044,0.115834936903,
    -0.125280595292));
#4126 = CARTESIAN_POINT('',(-0.219464880853,0.123916159199,
    -0.205336596579));
#4127 = CARTESIAN_POINT('',(-0.306845441023,0.110612946834,
    3.227317535268E-02));
#4128 = CARTESIAN_POINT('',(-0.378529419797,9.017745363359E-02,
    -0.240562614338));
#4129 = CARTESIAN_POINT('',(-0.464910641462,8.941513792375E-02,
    -7.689597204004E-02));
#4130 = CARTESIAN_POINT('',(-0.543143347446,7.509241665882E-02,
    -0.124342268944));
#4131 = CARTESIAN_POINT('',(-0.679712028593,5.48130141284E-02,
    -0.104897810436));
#4132 = CARTESIAN_POINT('',(-0.814439493872,4.145769912477E-02,
    -0.107675420325));
#4133 = CARTESIAN_POINT('',(-0.870762235092,2.112957130589E-02,
    -7.484023090487E-02));
#4134 = CARTESIAN_POINT('',(-0.924170894077,4.203953377066E-02,
    -0.137098390922));
#4135 = CARTESIAN_POINT('',(-0.97975721442,2.425703900374E-03,
    -5.876991865694E-02));
#4136 = CARTESIAN_POINT('',(-1.035715843861,1.883722453376E-02,
    -9.858419281352E-02));
#4137 = CARTESIAN_POINT('',(-1.090096475199,4.681771220791E-03,
    -9.272567500582E-02));
#4138 = CARTESIAN_POINT('',(-0.140072685044,0.115835170637,
    -0.125363617341));
#4139 = CARTESIAN_POINT('',(-0.219464880853,0.123906963913,
    -0.205401099649));
#4140 = CARTESIAN_POINT('',(-0.306845441023,0.110631048377,
    3.215641155727E-02));
#4141 = CARTESIAN_POINT('',(-0.378529419797,9.016084158314E-02,
    -0.240601411431));
#4142 = CARTESIAN_POINT('',(-0.464910641462,8.942270085126E-02,
    -7.697236251011E-02));
#4143 = CARTESIAN_POINT('',(-0.543143347446,7.509306070635E-02,
    -0.124399204924));
#4144 = CARTESIAN_POINT('',(-0.679712028593,5.48128376979E-02,
    -0.104950567677));
#4145 = CARTESIAN_POINT('',(-0.814439493872,4.145794137635E-02,
    -0.107715573784));
#4146 = CARTESIAN_POINT('',(-0.870762235092,2.113128323758E-02,
    -7.488886055702E-02));
#4147 = CARTESIAN_POINT('',(-0.924170894077,4.203719858911E-02,
    -0.137119793737));
#4148 = CARTESIAN_POINT('',(-0.97975721442,2.427912515007E-03,
    -5.881353520626E-02));
#4149 = CARTESIAN_POINT('',(-1.035715843861,1.883683443336E-02,
    -9.861310873928E-02));
#4150 = CARTESIAN_POINT('',(-1.090096475199,4.681805804931E-03,
    -9.275374257561E-02));
#4151 = CARTESIAN_POINT('',(-0.140072685044,0.115835950696,
    -0.125640358756));
#4152 = CARTESIAN_POINT('',(-0.219464880853,0.123876679796,
    -0.205616045427));
#4153 = CARTESIAN_POINT('',(-0.306845441023,0.110690619819,
    3.176708070346E-02));
#4154 = CARTESIAN_POINT('',(-0.378529419797,9.010635790294E-02,
    -0.240730639626));
#4155 = CARTESIAN_POINT('',(-0.464910641462,8.944730893092E-02,
    -7.722703450401E-02));
#4156 = CARTESIAN_POINT('',(-0.543143347446,7.509535853679E-02,
    -0.124588981002));
#4157 = CARTESIAN_POINT('',(-0.679712028593,5.481216230358E-02,
    -0.10512642256));
#4158 = CARTESIAN_POINT('',(-0.814439493872,4.145877278267E-02,
    -0.107849420603));
#4159 = CARTESIAN_POINT('',(-0.870762235092,2.11369274748E-02,
    -7.505095942189E-02));
#4160 = CARTESIAN_POINT('',(-0.924170894077,4.202945931424E-02,
    -0.137191136269));
#4161 = CARTESIAN_POINT('',(-0.97975721442,2.43524589942E-03,
    -5.895892551236E-02));
#4162 = CARTESIAN_POINT('',(-1.035715843861,1.883553408946E-02,
    -9.870949640359E-02));
#4163 = CARTESIAN_POINT('',(-1.090096475199,4.681921186863E-03,
    -9.284730210713E-02));
#4164 = CARTESIAN_POINT('',(-0.140072685044,0.11583777246,
    -0.126283606991));
#4165 = CARTESIAN_POINT('',(-0.219464880853,0.123810025406,
    -0.206114972862));
#4166 = CARTESIAN_POINT('',(-0.306845441023,0.110821271873,
    3.086091185135E-02));
#4167 = CARTESIAN_POINT('',(-0.378529419797,8.998877442786E-02,
    -0.241030001305));
#4168 = CARTESIAN_POINT('',(-0.464910641462,8.949838784562E-02,
    -7.781936804355E-02));
#4169 = CARTESIAN_POINT('',(-0.543143347446,7.510223052088E-02,
    -0.125029967389));
#4170 = CARTESIAN_POINT('',(-0.679712028593,5.480970890077E-02,
    -0.105535143011));
#4171 = CARTESIAN_POINT('',(-0.814439493872,4.146094725124E-02,
    -0.108160541772));
#4172 = CARTESIAN_POINT('',(-0.870762235092,2.11494178775E-02,
    -7.542773072741E-02));
#4173 = CARTESIAN_POINT('',(-0.924170894077,4.201192428397E-02,
    -0.137356956694));
#4174 = CARTESIAN_POINT('',(-0.97975721442,2.451997174025E-03,
    -5.929687675512E-02));
#4175 = CARTESIAN_POINT('',(-1.035715843861,1.883251221796E-02,
    -9.893354470274E-02));
#4176 = CARTESIAN_POINT('',(-1.090096475199,4.682190380131E-03,
    -9.30647740315E-02));
#4177 = CARTESIAN_POINT('',(-0.140072685044,0.11583973744,
    -0.126973835831));
#4178 = CARTESIAN_POINT('',(-0.219464880853,0.123747975225,
    -0.206648573045));
#4179 = CARTESIAN_POINT('',(-0.306845441023,0.110941658168,
    2.988544550589E-02));
#4180 = CARTESIAN_POINT('',(-0.378529419797,8.988547138965E-02,
    -0.241348738133));
#4181 = CARTESIAN_POINT('',(-0.464910641462,8.953779344353E-02,
    -7.845578935221E-02));
#4182 = CARTESIAN_POINT('',(-0.543143347446,7.511340730523E-02,
    -0.125502888789));
#4183 = CARTESIAN_POINT('',(-0.679712028593,5.480490175108E-02,
    -0.105973630028));
#4184 = CARTESIAN_POINT('',(-0.814439493872,4.146387759773E-02,
    -0.108494417835));
#4185 = CARTESIAN_POINT('',(-0.870762235092,2.116128727958E-02,
    -7.583200795536E-02));
#4186 = CARTESIAN_POINT('',(-0.924170894077,4.199424138645E-02,
    -0.137534874296));
#4187 = CARTESIAN_POINT('',(-0.97975721442,2.469203430342E-03,
    -5.965952836032E-02));
#4188 = CARTESIAN_POINT('',(-1.035715843861,1.882927902314E-02,
    -9.917397601491E-02));
#4189 = CARTESIAN_POINT('',(-1.090096475199,4.682481471635E-03,
    -9.329814098834E-02));
#4190 = CARTESIAN_POINT('',(-0.140072685044,0.115842535256,
    -0.127960383771));
#4191 = CARTESIAN_POINT('',(-0.219464880853,0.123669098722,
    -0.207408411473));
#4192 = CARTESIAN_POINT('',(-0.306845441023,0.111093107932,
    2.84860930195E-02));
#4193 = CARTESIAN_POINT('',(-0.378529419797,8.976167935011E-02,
    -0.241800016353));
#4194 = CARTESIAN_POINT('',(-0.464910641462,8.957786535041E-02,
    -7.93669975001E-02));
#4195 = CARTESIAN_POINT('',(-0.543143347446,7.513341366652E-02,
    -0.126178435851));
#4196 = CARTESIAN_POINT('',(-0.679712028593,5.479573260823E-02,
    -0.106600318349));
#4197 = CARTESIAN_POINT('',(-0.814439493872,4.146868975516E-02,
    -0.108971642628));
#4198 = CARTESIAN_POINT('',(-0.870762235092,2.117660503124E-02,
    -7.640985464751E-02));
#4199 = CARTESIAN_POINT('',(-0.924170894077,4.197024870053E-02,
    -0.137789148837));
#4200 = CARTESIAN_POINT('',(-0.97975721442,2.492851663733E-03,
    -6.017787103701E-02));
#4201 = CARTESIAN_POINT('',(-1.035715843861,1.882468374245E-02,
    -9.951764587721E-02));
#4202 = CARTESIAN_POINT('',(-1.090096475199,4.682899569337E-03,
    -9.36317035898E-02));
#4203 = CARTESIAN_POINT('',(-0.140072685044,0.115851292846,
    -0.131071113489));
#4204 = CARTESIAN_POINT('',(-0.219464880853,0.123459865738,
    -0.209792951204));
#4205 = CARTESIAN_POINT('',(-0.306845441023,0.111487774943,
    2.405330323646E-02));
#4206 = CARTESIAN_POINT('',(-0.378529419796,8.946693365846E-02,
    -0.243205802443));
#4207 = CARTESIAN_POINT('',(-0.464910641462,8.963929772126E-02,
    -8.224643773666E-02));
#4208 = CARTESIAN_POINT('',(-0.543143347446,7.521256318133E-02,
    -0.128306924174));
#4209 = CARTESIAN_POINT('',(-0.679712028593,5.47576783762E-02,
    -0.108576187418));
#4210 = CARTESIAN_POINT('',(-0.814439493872,4.148634062907E-02,
    -0.110476452809));
#4211 = CARTESIAN_POINT('',(-0.870762235092,2.121834172523E-02,
    -7.823194424458E-02));
#4212 = CARTESIAN_POINT('',(-0.924170894077,4.189976225973E-02,
    -0.138590814391));
#4213 = CARTESIAN_POINT('',(-0.97975721442,2.563540983132E-03,
    -6.181227450581E-02));
#4214 = CARTESIAN_POINT('',(-1.035715843861,1.881031325285E-02,
    -0.100601366259));
#4215 = CARTESIAN_POINT('',(-1.090096475199,4.684225636467E-03,
    -9.468351197267E-02));
#4216 = CARTESIAN_POINT('',(-0.140072685044,0.115860164217,
    -0.134592918625));
#4217 = CARTESIAN_POINT('',(-0.219464880853,0.123445169146,
    -0.212430775012));
#4218 = CARTESIAN_POINT('',(-0.306845441023,0.111470748344,
    1.892319451567E-02));
#4219 = CARTESIAN_POINT('',(-0.378529419796,8.965788050307E-02,
    -0.244703295731));
#4220 = CARTESIAN_POINT('',(-0.464910641462,8.935907598292E-02,
    -8.554117234428E-02));
#4221 = CARTESIAN_POINT('',(-0.543143347446,7.538659736581E-02,
    -0.130707510473));
#4222 = CARTESIAN_POINT('',(-0.679712028593,5.46681299955E-02,
    -0.110812721539));
#4223 = CARTESIAN_POINT('',(-0.814439493872,4.151740381807E-02,
    -0.112179880373));
#4224 = CARTESIAN_POINT('',(-0.870762235092,2.123777522012E-02,
    -8.029684066818E-02));
#4225 = CARTESIAN_POINT('',(-0.924170894077,4.183990562186E-02,
    -0.139495950692));
#4226 = CARTESIAN_POINT('',(-0.97975721442,2.624686690207E-03,
    -6.366310540734E-02));
#4227 = CARTESIAN_POINT('',(-1.035715843861,1.87946005413E-02,
    -0.101828584111));
#4228 = CARTESIAN_POINT('',(-1.090096475199,4.685756002309E-03,
    -9.587442409246E-02));
#4229 = CARTESIAN_POINT('',(-0.140072685044,0.115864047363,
    -0.137614044185));
#4230 = CARTESIAN_POINT('',(-0.219464880853,0.123622333731,
    -0.214652334562));
#4231 = CARTESIAN_POINT('',(-0.306845441023,0.111070364252,
    1.444770357621E-02));
#4232 = CARTESIAN_POINT('',(-0.378529419796,9.021598060729E-02,
    -0.245924550451));
#4233 = CARTESIAN_POINT('',(-0.464910641462,8.888105206406E-02,
    -8.83909938426E-02));
#4234 = CARTESIAN_POINT('',(-0.543143347446,7.558837542119E-02,
    -0.13276051613));
#4235 = CARTESIAN_POINT('',(-0.679712028593,5.456432485924E-02,
    -0.112731003604));
#4236 = CARTESIAN_POINT('',(-0.814439493872,4.155055164902E-02,
    -0.113640802419));
#4237 = CARTESIAN_POINT('',(-0.870762235092,2.123643229294E-02,
    -8.206970812033E-02));
#4238 = CARTESIAN_POINT('',(-0.924170894077,4.180327670491E-02,
    -0.140270415587));
#4239 = CARTESIAN_POINT('',(-0.97975721442,2.663310181703E-03,
    -6.52508784298E-02));
#4240 = CARTESIAN_POINT('',(-1.035715843861,1.878209752665E-02,
    -0.102881121282));
#4241 = CARTESIAN_POINT('',(-1.090096475199,4.687031745089E-03,
    -9.689571119836E-02));
#4242 = CARTESIAN_POINT('',(-0.140072685044,0.11587623204,
    -0.149308562208));
#4243 = CARTESIAN_POINT('',(-0.219464880853,0.124420680992,
    -0.223226796597));
#4244 = CARTESIAN_POINT('',(-0.306845441023,0.109287745693,
    -2.922008770391E-03));
#4245 = CARTESIAN_POINT('',(-0.378529419797,9.261567696838E-02,
    -0.250613102042));
#4246 = CARTESIAN_POINT('',(-0.464910641462,8.688673284285E-02,
    -9.943681650601E-02));
#4247 = CARTESIAN_POINT('',(-0.543143347446,7.640084027226E-02,
    -0.140703601796));
#4248 = CARTESIAN_POINT('',(-0.679712028593,5.414666531218E-02,
    -0.120156304622));
#4249 = CARTESIAN_POINT('',(-0.814439493872,4.16826540418E-02,
    -0.119295673071));
#4250 = CARTESIAN_POINT('',(-0.870762235092,2.1220167766E-02,
    -8.893330588618E-02));
#4251 = CARTESIAN_POINT('',(-0.924170894078,4.16708855957E-02,
    -0.143267001156));
#4252 = CARTESIAN_POINT('',(-0.97975721442,2.803973631633E-03,
    -7.139701345725E-02));
#4253 = CARTESIAN_POINT('',(-1.035715843861,1.873441165083E-02,
    -0.106955200822));
#4254 = CARTESIAN_POINT('',(-1.090096475199,4.691937245631E-03,
    -0.100848760311));
#4255 = CARTESIAN_POINT('',(-0.140072685044,0.115827674138,
    -0.160785022428));
#4256 = CARTESIAN_POINT('',(-0.219464880853,0.127595312039,
    -0.231109862286));
#4257 = CARTESIAN_POINT('',(-0.306845441023,0.102590804468,
    -2.093463791641E-02));
#4258 = CARTESIAN_POINT('',(-0.378529419797,0.100058827421,
    -0.254388722545));
#4259 = CARTESIAN_POINT('',(-0.464910641462,8.186988922215E-02,
    -0.110583102296));
#4260 = CARTESIAN_POINT('',(-0.543143347446,7.786543701129E-02,
    -0.148415139011));
#4261 = CARTESIAN_POINT('',(-0.679712028593,5.340037240581E-02,
    -0.127438812834));
#4262 = CARTESIAN_POINT('',(-0.814439493872,4.189277886465E-02,
    -0.124840141012));
#4263 = CARTESIAN_POINT('',(-0.870762235092,2.096886745053E-02,
    -9.568980427523E-02));
#4264 = CARTESIAN_POINT('',(-0.924170894078,4.17409878564E-02,
    -0.146179995361));
#4265 = CARTESIAN_POINT('',(-0.97975721442,2.753721185453E-03,
    -7.742857999705E-02));
#4266 = CARTESIAN_POINT('',(-1.035715843861,1.870282441795E-02,
    -0.110948998571));
#4267 = CARTESIAN_POINT('',(-1.090096475199,4.696048339613E-03,
    -0.104722421218));
#4268 = CARTESIAN_POINT('',(-0.140072685044,0.115848483522,
    -0.172858224967));
#4269 = CARTESIAN_POINT('',(-0.219464880853,0.129345948059,
    -0.239786700461));
#4270 = CARTESIAN_POINT('',(-0.306845441023,9.914482625669E-02,
    -3.918897821241E-02));
#4271 = CARTESIAN_POINT('',(-0.378529419797,0.103763677745,
    -0.258936515016));
#4272 = CARTESIAN_POINT('',(-0.464910641462,7.966729363275E-02,
    -0.122133564479));
#4273 = CARTESIAN_POINT('',(-0.543143347446,7.847610271721E-02,
    -0.156580904755));
#4274 = CARTESIAN_POINT('',(-0.679712028593,5.325993736798E-02,
    -0.13511421544));
#4275 = CARTESIAN_POINT('',(-0.814439493872,4.194891909151E-02,
    -0.130676762941));
#4276 = CARTESIAN_POINT('',(-0.870762235092,2.088620275803E-02,
    -0.102822924454));
#4277 = CARTESIAN_POINT('',(-0.924170894077,4.185021950101E-02,
    -0.149232165254));
#4278 = CARTESIAN_POINT('',(-0.97975721442,2.662270156047E-03,
    -8.376926886143E-02));
#4279 = CARTESIAN_POINT('',(-1.035715843861,1.871892918536E-02,
    -0.115126214963));
#4280 = CARTESIAN_POINT('',(-1.090096475199,4.695465656076E-03,
    -0.108774513772));
#4281 = CARTESIAN_POINT('',(-0.140072685044,0.115851386348,
    -0.174200319354));
#4282 = CARTESIAN_POINT('',(-0.219464880853,0.12952543307,
    -0.240752339475));
#4283 = CARTESIAN_POINT('',(-0.306845441023,9.879519204907E-02,
    -4.121635023606E-02));
#4284 = CARTESIAN_POINT('',(-0.378529419797,0.104138124799,
    -0.25944323585));
#4285 = CARTESIAN_POINT('',(-0.464910641462,7.944912127401E-02,
    -0.1234176011));
#4286 = CARTESIAN_POINT('',(-0.543143347446,7.853617784632E-02,
    -0.157488851091));
#4287 = CARTESIAN_POINT('',(-0.679712028593,5.32496639887E-02,
    -0.135967657734));
#4288 = CARTESIAN_POINT('',(-0.814439493872,4.195378660395E-02,
    -0.131325574723));
#4289 = CARTESIAN_POINT('',(-0.870762235093,2.087854851519E-02,
    -0.103616093651));
#4290 = CARTESIAN_POINT('',(-0.924170894077,4.186259244274E-02,
    -0.149571347288));
#4291 = CARTESIAN_POINT('',(-0.979757214421,2.651836894759E-03,
    -8.447408632883E-02));
#4292 = CARTESIAN_POINT('',(-1.035715843861,1.872111186573E-02,
    -0.11559037328));
#4293 = CARTESIAN_POINT('',(-1.090096475199,4.695361652387E-03,
    -0.109224773604));
#4294 = CARTESIAN_POINT('',(-0.140072685044,0.115856392335,
    -0.176000065311));
#4295 = CARTESIAN_POINT('',(-0.219464880853,0.129737679739,
    -0.242048207933));
#4296 = CARTESIAN_POINT('',(-0.306845441023,9.838827512296E-02,
    -4.39329449068E-02));
#4297 = CARTESIAN_POINT('',(-0.378529419797,0.104572885939,
    -0.26012535464));
#4298 = CARTESIAN_POINT('',(-0.464910641462,7.920311076772E-02,
    -0.125137566805));
#4299 = CARTESIAN_POINT('',(-0.543143347446,7.860290202229E-02,
    -0.158707292037));
#4300 = CARTESIAN_POINT('',(-0.679712028593,5.32454470552E-02,
    -0.137112324721));
#4301 = CARTESIAN_POINT('',(-0.814439493872,4.195789372069E-02,
    -0.132195695001));
#4302 = CARTESIAN_POINT('',(-0.870762235093,2.087112605889E-02,
    -0.104680076142));
#4303 = CARTESIAN_POINT('',(-0.924170894077,4.187951590972E-02,
    -0.150026041153));
#4304 = CARTESIAN_POINT('',(-0.979757214421,2.637477393301E-03,
    -8.541917918724E-02));
#4305 = CARTESIAN_POINT('',(-1.035715843861,1.872474295791E-02,
    -0.116212459533));
#4306 = CARTESIAN_POINT('',(-1.090096475199,4.695151331128E-03,
    -0.109828241822));
#4307 = CARTESIAN_POINT('',(-0.140072685044,0.115860975742,
    -0.177282886801));
#4308 = CARTESIAN_POINT('',(-0.219464880853,0.129862368943,
    -0.242969487279));
#4309 = CARTESIAN_POINT('',(-0.306845441023,9.815538251522E-02,
    -4.587345103915E-02));
#4310 = CARTESIAN_POINT('',(-0.378529419797,0.104821967963,
    -0.260608302909));
#4311 = CARTESIAN_POINT('',(-0.464910641462,7.90686268544E-02,
    -0.126364452463));
#4312 = CARTESIAN_POINT('',(-0.543143347446,7.863808572287E-02,
    -0.159575496736));
#4313 = CARTESIAN_POINT('',(-0.679712028593,5.325097019779E-02,
    -0.137928907469));
#4314 = CARTESIAN_POINT('',(-0.814439493872,4.195867323346E-02,
    -0.132815781018));
#4315 = CARTESIAN_POINT('',(-0.870762235093,2.086844415208E-02,
    -0.105438901412));
#4316 = CARTESIAN_POINT('',(-0.924170894077,4.189177528927E-02,
    -0.150349955287));
#4317 = CARTESIAN_POINT('',(-0.979757214421,2.627015569839E-03,
    -8.609277823807E-02));
#4318 = CARTESIAN_POINT('',(-1.035715843861,1.872794469937E-02,
    -0.116655562508));
#4319 = CARTESIAN_POINT('',(-1.090096475199,4.694939255697E-03,
    -0.110258093766));
#4320 = CARTESIAN_POINT('',(-0.140072685044,0.115864213154,
    -0.178073308232));
#4321 = CARTESIAN_POINT('',(-0.219464880853,0.129928702709,
    -0.243535078479));
#4322 = CARTESIAN_POINT('',(-0.306845441023,9.803406421299E-02,
    -4.707271506041E-02));
#4323 = CARTESIAN_POINT('',(-0.378529419797,0.104952728568,
    -0.260903116138));
#4324 = CARTESIAN_POINT('',(-0.464910641462,7.900023422875E-02,
    -0.127121050731));
#4325 = CARTESIAN_POINT('',(-0.543143347446,7.865553110483E-02,
    -0.160110321875));
#4326 = CARTESIAN_POINT('',(-0.679712028593,5.325709719721E-02,
    -0.138432089581));
#4327 = CARTESIAN_POINT('',(-0.814439493872,4.195858834075E-02,
    -0.133197926396));
#4328 = CARTESIAN_POINT('',(-0.870762235093,2.086760699414E-02,
    -0.105906510435));
#4329 = CARTESIAN_POINT('',(-0.924170894077,4.189947467731E-02,
    -0.150549527111));
#4330 = CARTESIAN_POINT('',(-0.979757214421,2.62050361471E-03,
    -8.650779294362E-02));
#4331 = CARTESIAN_POINT('',(-1.035715843861,1.873015581583E-02,
    -0.116928466285));
#4332 = CARTESIAN_POINT('',(-1.090096475199,4.694784459623E-03,
    -0.110522839738));
#4333 = CARTESIAN_POINT('',(-0.140072685044,0.115866688411,
    -0.178672431238));
#4334 = CARTESIAN_POINT('',(-0.219464880853,0.129978443619,
    -0.243963679833));
#4335 = CARTESIAN_POINT('',(-0.306845441023,9.794324719458E-02,
    -4.798191609659E-02));
#4336 = CARTESIAN_POINT('',(-0.378529419797,0.10505067458,
    -0.261126437332));
#4337 = CARTESIAN_POINT('',(-0.464910641462,7.894913799719E-02,
    -0.127694568789));
#4338 = CARTESIAN_POINT('',(-0.543143347446,7.866853670734E-02,
    -0.160515701817));
#4339 = CARTESIAN_POINT('',(-0.679712028593,5.326188111365E-02,
    -0.138813492721));
#4340 = CARTESIAN_POINT('',(-0.814439493872,4.19584951967E-02,
    -0.133487588655));
#4341 = CARTESIAN_POINT('',(-0.870762235093,2.086701425708E-02,
    -0.106260950872));
#4342 = CARTESIAN_POINT('',(-0.924170894077,4.190531827764E-02,
    -0.150700797943));
#4343 = CARTESIAN_POINT('',(-0.979757214421,2.615564316672E-03,
    -8.682236393787E-02));
#4344 = CARTESIAN_POINT('',(-1.035715843861,1.873184410264E-02,
    -0.117135315587));
#4345 = CARTESIAN_POINT('',(-1.090096475199,4.694665881826E-03,
    -0.110723505949));
#4346 = CARTESIAN_POINT('',(-0.140072685044,0.115875245043,
    -0.180560089868));
#4347 = CARTESIAN_POINT('',(-0.219464880853,0.130116175182,
    -0.245310357393));
#4348 = CARTESIAN_POINT('',(-0.306845441023,9.769724468147E-02,
    -5.085300693328E-02));
#4349 = CARTESIAN_POINT('',(-0.378529419797,0.105318154313,
    -0.261825088117));
#4350 = CARTESIAN_POINT('',(-0.464910641462,7.881432393566E-02,
    -0.129502666432));
#4351 = CARTESIAN_POINT('',(-0.543143347446,7.87018596797E-02,
    -0.161792713296));
#4352 = CARTESIAN_POINT('',(-0.679712028593,5.32818546909E-02,
    -0.140015215535));
#4353 = CARTESIAN_POINT('',(-0.814439493872,4.195720361951E-02,
    -0.134400380502));
#4354 = CARTESIAN_POINT('',(-0.870762235093,2.086661109924E-02,
    -0.107377766872));
#4355 = CARTESIAN_POINT('',(-0.924170894077,4.192400532172E-02,
    -0.151177396053));
#4356 = CARTESIAN_POINT('',(-0.979757214421,2.599884235619E-03,
    -8.781342882492E-02));
#4357 = CARTESIAN_POINT('',(-1.035715843861,1.87375990972E-02,
    -0.117786820935));
#4358 = CARTESIAN_POINT('',(-1.090096475199,4.694248181693E-03,
    -0.11135554279));
#4359 = CARTESIAN_POINT('',(-0.140072685044,0.115899651079,
    -0.184925852445));
#4360 = CARTESIAN_POINT('',(-0.219464880853,0.130301355075,
    -0.248398477252));
#4361 = CARTESIAN_POINT('',(-0.306845441023,9.740741722353E-02,
    -5.753876446744E-02));
#4362 = CARTESIAN_POINT('',(-0.378529419797,0.105650929191,
    -0.263407209664));
#4363 = CARTESIAN_POINT('',(-0.464910641462,7.868208605922E-02,
    -0.133690055154));
#4364 = CARTESIAN_POINT('',(-0.543143347446,7.872682214063E-02,
    -0.164746105675));
#4365 = CARTESIAN_POINT('',(-0.679712028593,5.335953920082E-02,
    -0.142792993858));
#4366 = CARTESIAN_POINT('',(-0.814439493872,4.194929241621E-02,
    -0.136514537506));
#4367 = CARTESIAN_POINT('',(-0.870762235093,2.087487872632E-02,
    -0.109960821999));
#4368 = CARTESIAN_POINT('',(-0.924170894077,4.197007081974E-02,
    -0.152280523903));
#4369 = CARTESIAN_POINT('',(-0.979757214421,2.562902133014E-03,
    -9.010566177556E-02));
#4370 = CARTESIAN_POINT('',(-1.035715843861,1.875425357579E-02,
    -0.119292411997));
#4371 = CARTESIAN_POINT('',(-1.090096475199,4.692944103475E-03,
    -0.112816183441));
#4372 = CARTESIAN_POINT('',(-0.140072685044,0.115928855903,
    -0.189318165714));
#4373 = CARTESIAN_POINT('',(-0.219464880853,0.130235314032,
    -0.251445670197));
#4374 = CARTESIAN_POINT('',(-0.306845441023,9.763056298725E-02,
    -6.436985997144E-02));
#4375 = CARTESIAN_POINT('',(-0.378529419797,0.105453115121,
    -0.264916408232));
#4376 = CARTESIAN_POINT('',(-0.464910641462,7.887794512782E-02,
    -0.137925209247));
#4377 = CARTESIAN_POINT('',(-0.543143347446,7.865133672178E-02,
    -0.167711982206));
#4378 = CARTESIAN_POINT('',(-0.679712028593,5.349754434772E-02,
    -0.145591151981));
#4379 = CARTESIAN_POINT('',(-0.814439493872,4.192536900925E-02,
    -0.138642087561));
#4380 = CARTESIAN_POINT('',(-0.870762235093,2.091614100602E-02,
    -0.112576128646));
#4381 = CARTESIAN_POINT('',(-0.924170894077,4.201531471542E-02,
    -0.153387390525));
#4382 = CARTESIAN_POINT('',(-0.979757214421,2.527525863429E-03,
    -9.241675811013E-02));
#4383 = CARTESIAN_POINT('',(-1.035715843861,1.877828861765E-02,
    -0.120806388053));
#4384 = CARTESIAN_POINT('',(-1.090096475199,4.690875587939E-03,
    -0.114285203967));
#4385 = CARTESIAN_POINT('',(-0.140072685044,0.115947230164,
    -0.192493275616));
#4386 = CARTESIAN_POINT('',(-0.219464880853,0.130074613945,
    -0.25361519646));
#4387 = CARTESIAN_POINT('',(-0.306845441023,9.800467070912E-02,
    -6.936505144263E-02));
#4388 = CARTESIAN_POINT('',(-0.378529419797,0.10508745566,-0.26596484361
    ));
#4389 = CARTESIAN_POINT('',(-0.464910641462,7.914451493435E-02,
    -0.140994667867));
#4390 = CARTESIAN_POINT('',(-0.543143347446,7.855719030596E-02,
    -0.169856229713));
#4391 = CARTESIAN_POINT('',(-0.679712028593,5.361276011642E-02,
    -0.147612063205));
#4392 = CARTESIAN_POINT('',(-0.814439493872,4.190574028135E-02,
    -0.140185008622));
#4393 = CARTESIAN_POINT('',(-0.870762235093,2.094076302283E-02,
    -0.114461629378));
#4394 = CARTESIAN_POINT('',(-0.924170894077,4.206376287399E-02,
    -0.154200413873));
#4395 = CARTESIAN_POINT('',(-0.979757214421,2.500758505297E-03,
    -9.409062509841E-02));
#4396 = CARTESIAN_POINT('',(-1.035715843861,1.880087931381E-02,
    -0.121902722775));
#4397 = CARTESIAN_POINT('',(-1.090096475199,4.688872183596E-03,
    -0.115348878225));
#4398 = CARTESIAN_POINT('',(-0.140072685044,0.115951125972,
    -0.19319974716));
#4399 = CARTESIAN_POINT('',(-0.219464880853,0.130033684932,
    -0.254096276521));
#4400 = CARTESIAN_POINT('',(-0.306845441023,9.809742702018E-02,
    -7.047934020051E-02));
#4401 = CARTESIAN_POINT('',(-0.378529419797,0.104996061272,
    -0.266195974214));
#4402 = CARTESIAN_POINT('',(-0.464910641462,7.920933098814E-02,
    -0.141678089572));
#4403 = CARTESIAN_POINT('',(-0.543143347446,7.853443142913E-02,
    -0.17033331169));
#4404 = CARTESIAN_POINT('',(-0.679712028593,5.36390567568E-02,
    -0.148061677339));
#4405 = CARTESIAN_POINT('',(-0.814439493872,4.190121229639E-02,
    -0.140528520632));
#4406 = CARTESIAN_POINT('',(-0.870762235093,2.094616244426E-02,
    -0.114881050729));
#4407 = CARTESIAN_POINT('',(-0.924170894077,4.207499991142E-02,
    -0.154381771927));
#4408 = CARTESIAN_POINT('',(-0.979757214421,2.49485999981E-03,
    -9.446331996782E-02));
#4409 = CARTESIAN_POINT('',(-1.035715843861,1.880615581528E-02,
    -0.122146770347));
#4410 = CARTESIAN_POINT('',(-1.090096475199,4.688401090374E-03,
    -0.115585656205));
#4411 = CARTESIAN_POINT('',(-0.140072685044,0.115994098352,
    -0.201075521739));
#4412 = CARTESIAN_POINT('',(-0.219464880853,0.129565817975,
    -0.259455636307));
#4413 = CARTESIAN_POINT('',(-0.306845441023,9.915270761678E-02,
    -8.290794796213E-02));
#4414 = CARTESIAN_POINT('',(-0.378529419797,0.103954772861,
    -0.268767719538));
#4415 = CARTESIAN_POINT('',(-0.464910641462,7.994415313142E-02,
    -0.149297978779));
#4416 = CARTESIAN_POINT('',(-0.543143347446,7.827665056238E-02,
    -0.175651778037));
#4417 = CARTESIAN_POINT('',(-0.679712028593,5.393368521322E-02,
    -0.153073918272));
#4418 = CARTESIAN_POINT('',(-0.814439493872,4.185034119275E-02,
    -0.144358455417));
#4419 = CARTESIAN_POINT('',(-0.870762235092,2.100628900407E-02,
    -0.119556616038));
#4420 = CARTESIAN_POINT('',(-0.924170894077,4.220112211268E-02,
    -0.156404486616));
#4421 = CARTESIAN_POINT('',(-0.979757214421,2.429323149357E-03,
    -9.861878201829E-02));
#4422 = CARTESIAN_POINT('',(-1.035715843861,1.88655277698E-02,
    -0.124867667699));
#4423 = CARTESIAN_POINT('',(-1.090096475199,4.683091779594E-03,
    -0.118225518189));
#4424 = CARTESIAN_POINT('',(-0.140072685044,0.116010935397,
    -0.20936599175));
#4425 = CARTESIAN_POINT('',(-0.219464880853,0.128371647927,
    -0.264869458255));
#4426 = CARTESIAN_POINT('',(-0.306845441023,0.101546786209,
    -9.638496205386E-02));
#4427 = CARTESIAN_POINT('',(-0.378529419796,0.101502564908,
    -0.271175602801));
#4428 = CARTESIAN_POINT('',(-0.464910641462,8.14575343391E-02,
    -0.157385259866));
#4429 = CARTESIAN_POINT('',(-0.543143347446,7.775900854051E-02,
    -0.181246020163));
#4430 = CARTESIAN_POINT('',(-0.679712028593,5.433287603911E-02,
    -0.158345945433));
#4431 = CARTESIAN_POINT('',(-0.814439493872,4.177209550467E-02,
    -0.148416889713));
#4432 = CARTESIAN_POINT('',(-0.870762235092,2.106863323685E-02,
    -0.124470228763));
#4433 = CARTESIAN_POINT('',(-0.924170894077,4.238066045405E-02,
    -0.158587938381));
#4434 = CARTESIAN_POINT('',(-0.97975721442,2.376294524112E-03,
    -0.103033474974));
#4435 = CARTESIAN_POINT('',(-1.035715843861,1.896084968629E-02,
    -0.12774676361));
#4436 = CARTESIAN_POINT('',(-1.090096475199,4.67403454535E-03,
    -0.12101981488));
#4437 = CARTESIAN_POINT('',(-0.140072685044,0.115876816099,
    -0.217526227289));
#4438 = CARTESIAN_POINT('',(-0.219464880853,0.127085423297,
    -0.269915915883));
#4439 = CARTESIAN_POINT('',(-0.306845441023,0.103593314843,
    -0.110143866654));
#4440 = CARTESIAN_POINT('',(-0.378529419796,9.927935144237E-02,
    -0.273154932895));
#4441 = CARTESIAN_POINT('',(-0.464910641462,8.250440018424E-02,
    -0.165463389361));
#4442 = CARTESIAN_POINT('',(-0.543143347446,7.728057008483E-02,
    -0.186737250424));
#4443 = CARTESIAN_POINT('',(-0.679712028593,5.453815312864E-02,
    -0.163550254613));
#4444 = CARTESIAN_POINT('',(-0.814439493872,4.168265334155E-02,
    -0.15244106036));
#4445 = CARTESIAN_POINT('',(-0.870762235092,2.10668947292E-02,
    -0.129323216416));
#4446 = CARTESIAN_POINT('',(-0.924170894078,4.2508525192E-02,
    -0.160785471576));
#4447 = CARTESIAN_POINT('',(-0.97975721442,2.347909220341E-03,
    -0.107448231528));
#4448 = CARTESIAN_POINT('',(-1.035715843861,1.903110032063E-02,
    -0.130637606987));
#4449 = CARTESIAN_POINT('',(-1.090096475199,4.667360955387E-03,
    -0.123825582745));
#4450 = CARTESIAN_POINT('',(-0.140072685044,0.115860233337,
    -0.218450619588));
#4451 = CARTESIAN_POINT('',(-0.219464880853,0.126949233476,
    -0.270496530119));
#4452 = CARTESIAN_POINT('',(-0.306845441023,0.103802439845,
    -0.111685323794));
#4453 = CARTESIAN_POINT('',(-0.378529419796,9.904759092058E-02,
    -0.273395445004));
#4454 = CARTESIAN_POINT('',(-0.464910641462,8.261103760367E-02,
    -0.166371227557));
#4455 = CARTESIAN_POINT('',(-0.543143347446,7.722793120918E-02,
    -0.187360414652));
#4456 = CARTESIAN_POINT('',(-0.679712028593,5.455908597298E-02,
    -0.164139365661));
#4457 = CARTESIAN_POINT('',(-0.814439493872,4.167259980641E-02,
    -0.152897379255));
#4458 = CARTESIAN_POINT('',(-0.870762235092,2.10659598266E-02,
    -0.12987295466));
#4459 = CARTESIAN_POINT('',(-0.924170894078,4.252258895355E-02,
    -0.161034900252));
#4460 = CARTESIAN_POINT('',(-0.97975721442,2.344890973219E-03,
    -0.107948941061));
#4461 = CARTESIAN_POINT('',(-1.035715843861,1.903881791776E-02,
    -0.130965606197));
#4462 = CARTESIAN_POINT('',(-1.090096475199,4.666628178422E-03,
    -0.124143927753));
#4463 = CARTESIAN_POINT('',(-0.140072685044,0.115851396013,
    -0.218917911621));
#4464 = CARTESIAN_POINT('',(-0.219464880853,0.12688415875,
    -0.270793691584));
#4465 = CARTESIAN_POINT('',(-0.306845441023,0.103899667851,
    -0.11245777576));
#4466 = CARTESIAN_POINT('',(-0.378529419796,9.893790599267E-02,
    -0.273523340151));
#4467 = CARTESIAN_POINT('',(-0.464910641462,8.266065891408E-02,
    -0.166827378044));
#4468 = CARTESIAN_POINT('',(-0.543143347446,7.720189112519E-02,
    -0.187675857168));
#4469 = CARTESIAN_POINT('',(-0.679712028593,5.456888097736E-02,
    -0.164436999695));
#4470 = CARTESIAN_POINT('',(-0.814439493872,4.166755240705E-02,
    -0.153128213866));
#4471 = CARTESIAN_POINT('',(-0.870762235092,2.106523846446E-02,
    -0.130150843765));
#4472 = CARTESIAN_POINT('',(-0.924170894078,4.252956235156E-02,
    -0.161161152817));
#4473 = CARTESIAN_POINT('',(-0.97975721442,2.343428696909E-03,
    -0.108202252552));
#4474 = CARTESIAN_POINT('',(-1.035715843861,1.904263966431E-02,
    -0.131131585355));
#4475 = CARTESIAN_POINT('',(-1.090096475199,4.666265448629E-03,
    -0.124305020987));
#4476 = CARTESIAN_POINT('',(-0.140072685044,0.115820397757,
    -0.220491554043));
#4477 = CARTESIAN_POINT('',(-0.219464880853,0.126687512947,
    -0.271817112699));
#4478 = CARTESIAN_POINT('',(-0.306845441023,0.104182087012,
    -0.115018058418));
#4479 = CARTESIAN_POINT('',(-0.378529419796,9.860782715466E-02,
    -0.273990202375));
#4480 = CARTESIAN_POINT('',(-0.464910641462,8.280726064329E-02,
    -0.168347619828));
#4481 = CARTESIAN_POINT('',(-0.543143347446,7.71170808073E-02,
    -0.188740220381));
#4482 = CARTESIAN_POINT('',(-0.679712028593,5.459869436293E-02,
    -0.165438069976));
#4483 = CARTESIAN_POINT('',(-0.814439493872,4.1650812333E-02,
    -0.153906063962));
#4484 = CARTESIAN_POINT('',(-0.870762235092,2.106182921325E-02,
    -0.131086275688));
#4485 = CARTESIAN_POINT('',(-0.924170894078,4.25525847033E-02,
    -0.161586818979));
#4486 = CARTESIAN_POINT('',(-0.97975721442,2.338714051141E-03,
    -0.109055754058));
#4487 = CARTESIAN_POINT('',(-1.035715843861,1.905521265396E-02,
    -0.131690995449));
#4488 = CARTESIAN_POINT('',(-1.090096475199,4.66507285129E-03,
    -0.12484796044));
#4489 = CARTESIAN_POINT('',(-0.140072685044,0.115761097343,
    -0.223178666744));
#4490 = CARTESIAN_POINT('',(-0.219464880853,0.12648101448,
    -0.273695222663));
#4491 = CARTESIAN_POINT('',(-0.306845441023,0.10441021058,
    -0.119156655416));
#4492 = CARTESIAN_POINT('',(-0.378529419796,9.826294926296E-02,
    -0.274988578133));
#4493 = CARTESIAN_POINT('',(-0.464910641462,8.294613009066E-02,
    -0.170857602866));
#4494 = CARTESIAN_POINT('',(-0.543143347446,7.698776417891E-02,
    -0.190568271413));
#4495 = CARTESIAN_POINT('',(-0.679712028593,5.463226490183E-02,
    -0.167140599812));
#4496 = CARTESIAN_POINT('',(-0.814439493872,4.162357344147E-02,
    -0.155236681295));
#4497 = CARTESIAN_POINT('',(-0.870762235092,2.105066514634E-02,
    -0.132681269671));
#4498 = CARTESIAN_POINT('',(-0.924170894078,4.258927687002E-02,
    -0.162316244079));
#4499 = CARTESIAN_POINT('',(-0.97975721442,2.331825660917E-03,
    -0.110515402369));
#4500 = CARTESIAN_POINT('',(-1.035715843861,1.907501596274E-02,
    -0.132648599096));
#4501 = CARTESIAN_POINT('',(-1.090096475199,4.663198685918E-03,
    -0.12577735144));
#4502 = CARTESIAN_POINT('',(-0.140072685044,0.115654153817,
    -0.228029928316));
#4503 = CARTESIAN_POINT('',(-0.219464880853,0.126460529548,
    -0.277393682744));
#4504 = CARTESIAN_POINT('',(-0.306845441023,0.104215416422,
    -0.126130060412));
#4505 = CARTESIAN_POINT('',(-0.378529419796,9.812191712256E-02,
    -0.277120577025));
#4506 = CARTESIAN_POINT('',(-0.464910641462,8.302572939764E-02,
    -0.175345991582));
#4507 = CARTESIAN_POINT('',(-0.543143347446,7.67682952676E-02,
    -0.193828615194));
#4508 = CARTESIAN_POINT('',(-0.679712028593,5.464371558714E-02,
    -0.170196929044));
#4509 = CARTESIAN_POINT('',(-0.814439493872,4.15713555014E-02,
    -0.157623472143));
#4510 = CARTESIAN_POINT('',(-0.870762235092,2.101597143466E-02,
    -0.135542806326));
#4511 = CARTESIAN_POINT('',(-0.924170894078,4.26389141542E-02,
    -0.163630785819));
#4512 = CARTESIAN_POINT('',(-0.97975721442,2.32479320368E-03,
    -0.113144192779));
#4513 = CARTESIAN_POINT('',(-1.035715843861,1.910240290771E-02,
    -0.134376775587));
#4514 = CARTESIAN_POINT('',(-1.090096475199,4.660630234764E-03,
    -0.127454583848));
#4515 = CARTESIAN_POINT('',(-0.140072685044,0.115569131371,
    -0.234283215253));
#4516 = CARTESIAN_POINT('',(-0.219464880853,0.127203310887,
    -0.282831342909));
#4517 = CARTESIAN_POINT('',(-0.306845441023,0.102732641589,
    -0.133959535324));
#4518 = CARTESIAN_POINT('',(-0.378529419797,9.912168584539E-02,
    -0.280809022179));
#4519 = CARTESIAN_POINT('',(-0.464910641462,8.260468039473E-02,
    -0.180751176364));
#4520 = CARTESIAN_POINT('',(-0.543143347446,7.667460970511E-02,
    -0.198099907403));
#4521 = CARTESIAN_POINT('',(-0.679712028593,5.448578567861E-02,
    -0.173979460968));
#4522 = CARTESIAN_POINT('',(-0.814439493873,4.152297820538E-02,
    -0.160669676776));
#4523 = CARTESIAN_POINT('',(-0.870762235092,2.092235930685E-02,
    -0.139136596503));
#4524 = CARTESIAN_POINT('',(-0.924170894078,4.267412765149E-02,
    -0.165313603558));
#4525 = CARTESIAN_POINT('',(-0.97975721442,2.324125841999E-03,
    -0.116484618846));
#4526 = CARTESIAN_POINT('',(-1.035715843861,1.91184945817E-02,
    -0.136582660301));
#4527 = CARTESIAN_POINT('',(-1.090096475199,4.659221755432E-03,
    -0.129595114494));
#4528 = CARTESIAN_POINT('',(-0.140072685044,0.115646576667,
    -0.240090120637));
#4529 = CARTESIAN_POINT('',(-0.219464880853,0.128638245866,
    -0.288480058684));
#4530 = CARTESIAN_POINT('',(-0.306845441023,0.100514424005,
    -0.140245830676));
#4531 = CARTESIAN_POINT('',(-0.378529419797,0.10095985798,
    -0.284930074709));
#4532 = CARTESIAN_POINT('',(-0.464910641462,8.203903511501E-02,
    -0.18559842798));
#4533 = CARTESIAN_POINT('',(-0.543143347446,7.670099364325E-02,
    -0.202000423476));
#4534 = CARTESIAN_POINT('',(-0.679712028593,5.437214638323E-02,
    -0.177465935353));
#4535 = CARTESIAN_POINT('',(-0.814439493872,4.138016677053E-02,
    -0.163295511071));
#4536 = CARTESIAN_POINT('',(-0.870762235092,2.088708091282E-02,
    -0.142400532943));
#4537 = CARTESIAN_POINT('',(-0.924170894078,4.260788034988E-02,
    -0.166781563033));
#4538 = CARTESIAN_POINT('',(-0.97975721442,2.346083433432E-03,
    -0.119480359442));
#4539 = CARTESIAN_POINT('',(-1.035715843861,1.910254626188E-02,
    -0.138567387914));
#4540 = CARTESIAN_POINT('',(-1.090096475199,4.660881781532E-03,
    -0.131521468534));
#4541 = CARTESIAN_POINT('',(-0.140072685044,0.115806539049,
    -0.243797218339));
#4542 = CARTESIAN_POINT('',(-0.219464880853,0.129871739715,
    -0.292333604573));
#4543 = CARTESIAN_POINT('',(-0.306845441023,9.885825992315E-02,
    -0.143838455358));
#4544 = CARTESIAN_POINT('',(-0.378529419797,0.102509296439,
    -0.287895302489));
#4545 = CARTESIAN_POINT('',(-0.464910641462,8.162677050271E-02,
    -0.18855124923));
#4546 = CARTESIAN_POINT('',(-0.543143347446,7.68180210126E-02,
    -0.204504484807));
#4547 = CARTESIAN_POINT('',(-0.679712028593,5.430021941614E-02,
    -0.17962243761));
#4548 = CARTESIAN_POINT('',(-0.814439493872,4.131400764752E-02,
    -0.164938349074));
#4549 = CARTESIAN_POINT('',(-0.870762235092,2.078693723135E-02,
    -0.144310562533));
#4550 = CARTESIAN_POINT('',(-0.924170894077,4.256853050262E-02,
    -0.167720647591));
#4551 = CARTESIAN_POINT('',(-0.97975721442,2.358061281811E-03,
    -0.121305924862));
#4552 = CARTESIAN_POINT('',(-1.035715843861,1.907703148875E-02,
    -0.139791205388));
#4553 = CARTESIAN_POINT('',(-1.090096475199,4.663532883641E-03,
    -0.132708258957));
#4554 = CARTESIAN_POINT('',(-0.140072685044,0.115879658622,
    -0.245202411571));
#4555 = CARTESIAN_POINT('',(-0.219464880853,0.130369127228,
    -0.293816837792));
#4556 = CARTESIAN_POINT('',(-0.306845441023,9.821449798647E-02,
    -0.145162415368));
#4557 = CARTESIAN_POINT('',(-0.378529419796,0.103128633732,
    -0.289048647781));
#4558 = CARTESIAN_POINT('',(-0.464910641462,8.147048763982E-02,
    -0.189658574944));
#4559 = CARTESIAN_POINT('',(-0.543143347446,7.687169330171E-02,
    -0.205453979751));
#4560 = CARTESIAN_POINT('',(-0.679712028593,5.427546215558E-02,
    -0.180434000711));
#4561 = CARTESIAN_POINT('',(-0.814439493872,4.129080036494E-02,
    -0.165556577338));
#4562 = CARTESIAN_POINT('',(-0.870762235092,2.074634076033E-02,
    -0.145021148584));
#4563 = CARTESIAN_POINT('',(-0.924170894078,4.255032514332E-02,
    -0.168072999591));
#4564 = CARTESIAN_POINT('',(-0.97975721442,2.363264564351E-03,
    -0.121989146139));
#4565 = CARTESIAN_POINT('',(-1.035715843861,1.906564401859E-02,
    -0.140250136338));
#4566 = CARTESIAN_POINT('',(-1.090096475199,4.664707502999E-03,
    -0.133153269679));
#4567 = CARTESIAN_POINT('',(-0.140072685044,0.115928556966,
    -0.246066382181));
#4568 = CARTESIAN_POINT('',(-0.219464880853,0.13068021154,
    -0.294731292856));
#4569 = CARTESIAN_POINT('',(-0.306845441023,9.781808137396E-02,
    -0.145969383756));
#4570 = CARTESIAN_POINT('',(-0.378529419797,0.103516839607,
    -0.289764129563));
#4571 = CARTESIAN_POINT('',(-0.464910641462,8.13753790975E-02,
    -0.190336651318));
#4572 = CARTESIAN_POINT('',(-0.543143347446,7.690745695359E-02,
    -0.206037705343));
#4573 = CARTESIAN_POINT('',(-0.679712028593,5.426116543802E-02,
    -0.180931253));
#4574 = CARTESIAN_POINT('',(-0.814439493872,4.127707179564E-02,
    -0.165935225599));
#4575 = CARTESIAN_POINT('',(-0.870762235092,2.072077535512E-02,
    -0.145454040898));
#4576 = CARTESIAN_POINT('',(-0.924170894077,4.253796106176E-02,
    -0.168288359382));
#4577 = CARTESIAN_POINT('',(-0.97975721442,2.366705527753E-03,
    -0.122406488705));
#4578 = CARTESIAN_POINT('',(-1.035715843861,1.905810125195E-02,
    -0.140530736273));
#4579 = CARTESIAN_POINT('',(-1.090096475199,4.665482932666E-03,
    -0.133425350408));
#4580 = CARTESIAN_POINT('',(-0.140072685044,0.11604409935,
    -0.247962508032));
#4581 = CARTESIAN_POINT('',(-0.219464880853,0.131340336378,
    -0.296705859634));
#4582 = CARTESIAN_POINT('',(-0.306845441023,9.699040789442E-02,
    -0.147774126048));
#4583 = CARTESIAN_POINT('',(-0.378529419797,0.104367124569,
    -0.291329144557));
#4584 = CARTESIAN_POINT('',(-0.464910641462,8.117990254234E-02,
    -0.191831245305));
#4585 = CARTESIAN_POINT('',(-0.543143347446,7.699342753927E-02,
    -0.20732074511));
#4586 = CARTESIAN_POINT('',(-0.679712028593,5.423424518292E-02,
    -0.18202153242));
#4587 = CARTESIAN_POINT('',(-0.814439493872,4.124808207073E-02,
    -0.166763445184));
#4588 = CARTESIAN_POINT('',(-0.870762235092,2.06650557894E-02,
    -0.146396343378));
#4589 = CARTESIAN_POINT('',(-0.924170894077,4.250536412849E-02,
    -0.168756622232));
#4590 = CARTESIAN_POINT('',(-0.97975721442,2.375449765777E-03,
    -0.123316608357));
#4591 = CARTESIAN_POINT('',(-1.035715843861,1.903970568515E-02,
    -0.141143214028));
#4592 = CARTESIAN_POINT('',(-1.090096475199,4.667362601411E-03,
    -0.134019241144));
#4593 = CARTESIAN_POINT('',(-0.140072685044,0.116214963003,
    -0.250563004921));
#4594 = CARTESIAN_POINT('',(-0.219464880853,0.131874758711,
    -0.298984907348));
#4595 = CARTESIAN_POINT('',(-0.306845441023,9.648468124806E-02,
    -0.150938253213));
#4596 = CARTESIAN_POINT('',(-0.378529419797,0.105090389994,
    -0.292971540864));
#4597 = CARTESIAN_POINT('',(-0.464910641462,8.113087057132E-02,
    -0.194114780179));
#4598 = CARTESIAN_POINT('',(-0.543143347446,7.710430785271E-02,
    -0.209063102819));
#4599 = CARTESIAN_POINT('',(-0.679712028593,5.422391045628E-02,
    -0.18353687077));
#4600 = CARTESIAN_POINT('',(-0.814439493872,4.120618030628E-02,
    -0.167891634086));
#4601 = CARTESIAN_POINT('',(-0.870762235092,2.059818507829E-02,
    -0.147682807783));
#4602 = CARTESIAN_POINT('',(-0.924170894077,4.244054126246E-02,
    -0.169384690011));
#4603 = CARTESIAN_POINT('',(-0.97975721442,2.39194253644E-03,
    -0.124556056919));
#4604 = CARTESIAN_POINT('',(-1.035715843861,1.900921087311E-02,
    -0.141977903101));
#4605 = CARTESIAN_POINT('',(-1.090096475199,4.670439417119E-03,
    -0.134828730742));
#4606 = CARTESIAN_POINT('',(-0.140072685044,0.116380960382,
    -0.25359952855));
#4607 = CARTESIAN_POINT('',(-0.219464880853,0.131208112793,
    -0.300222354457));
#4608 = CARTESIAN_POINT('',(-0.306845441023,9.810495978192E-02,
    -0.157174488648));
#4609 = CARTESIAN_POINT('',(-0.378529419797,0.103909219698,
    -0.292629331243));
#4610 = CARTESIAN_POINT('',(-0.464910641462,8.20548155887E-02,
    -0.197915891107));
#4611 = CARTESIAN_POINT('',(-0.543143347446,7.713192027155E-02,
    -0.211012448731));
#4612 = CARTESIAN_POINT('',(-0.679712028593,5.431385624409E-02,
    -0.185439516835));
#4613 = CARTESIAN_POINT('',(-0.814439493873,4.113415396236E-02,
    -0.169206123175));
#4614 = CARTESIAN_POINT('',(-0.870762235092,2.057770747135E-02,
    -0.149250384496));
#4615 = CARTESIAN_POINT('',(-0.924170894078,4.23005480782E-02,
    -0.170083003559));
#4616 = CARTESIAN_POINT('',(-0.97975721442,2.426040586723E-03,
    -0.12602588081));
#4617 = CARTESIAN_POINT('',(-1.035715843861,1.896219881958E-02,
    -0.142964206803));
#4618 = CARTESIAN_POINT('',(-1.090096475199,4.675067772008E-03,
    -0.135786038006));
#4619 = CARTESIAN_POINT('',(-0.140072685044,0.116469192186,
    -0.256639925667));
#4620 = CARTESIAN_POINT('',(-0.219464880853,0.129681469601,
    -0.300562651429));
#4621 = CARTESIAN_POINT('',(-0.306845441023,0.10094345449,
    -0.164911769885));
#4622 = CARTESIAN_POINT('',(-0.378529419797,0.101677289518,
    -0.291148621835));
#4623 = CARTESIAN_POINT('',(-0.464910641462,8.330397262984E-02,
    -0.202160003027));
#4624 = CARTESIAN_POINT('',(-0.543143347446,7.717991432222E-02,
    -0.213053432598));
#4625 = CARTESIAN_POINT('',(-0.679712028593,5.445693138608E-02,
    -0.187451759834));
#4626 = CARTESIAN_POINT('',(-0.814439493872,4.105501476293E-02,
    -0.170563261923));
#4627 = CARTESIAN_POINT('',(-0.870762235092,2.061916887415E-02,
    -0.150915807693));
#4628 = CARTESIAN_POINT('',(-0.924170894077,4.208834591246E-02,
    -0.170754308078));
#4629 = CARTESIAN_POINT('',(-0.97975721442,2.47709566422E-03,
    -0.127547821395));
#4630 = CARTESIAN_POINT('',(-1.035715843861,1.890312107129E-02,
    -0.143980656864));
#4631 = CARTESIAN_POINT('',(-1.090096475199,4.680781454401E-03,
    -0.136773519198));
#4632 = CARTESIAN_POINT('',(-0.140072685044,0.116434537784,
    -0.259025884606));
#4633 = CARTESIAN_POINT('',(-0.219464880853,0.127892585228,
    -0.300254082651));
#4634 = CARTESIAN_POINT('',(-0.306845441023,0.103774694298,
    -0.171832694132));
#4635 = CARTESIAN_POINT('',(-0.378529419797,9.948011310312E-02,
    -0.289536361342));
#4636 = CARTESIAN_POINT('',(-0.464910641462,8.420213661616E-02,
    -0.205500863766));
#4637 = CARTESIAN_POINT('',(-0.543143347446,7.731763866206E-02,
    -0.214853102054));
#4638 = CARTESIAN_POINT('',(-0.679712028593,5.458412379839E-02,
    -0.18911488468));
#4639 = CARTESIAN_POINT('',(-0.814439493872,4.100389976276E-02,
    -0.171701815469));
#4640 = CARTESIAN_POINT('',(-0.870762235092,2.06860067893E-02,
    -0.152312021303));
#4641 = CARTESIAN_POINT('',(-0.924170894077,4.187844263271E-02,
    -0.171284052516));
#4642 = CARTESIAN_POINT('',(-0.97975721442,2.525738208305E-03,
    -0.128800921833));
#4643 = CARTESIAN_POINT('',(-1.035715843861,1.884536716611E-02,
    -0.144817972408));
#4644 = CARTESIAN_POINT('',(-1.090096475199,4.68636327688E-03,
    -0.137587233791));
#4645 = CARTESIAN_POINT('',(-0.140072685044,0.116291347186,
    -0.260887403582));
#4646 = CARTESIAN_POINT('',(-0.219464880853,0.125916472506,
    -0.299460370922));
#4647 = CARTESIAN_POINT('',(-0.306845441023,0.106601256839,
    -0.178116849285));
#4648 = CARTESIAN_POINT('',(-0.378529419797,9.715787879812E-02,
    -0.28765100061));
#4649 = CARTESIAN_POINT('',(-0.464910641462,8.501170046173E-02,
    -0.208345614341));
#4650 = CARTESIAN_POINT('',(-0.543143347446,7.739111890005E-02,
    -0.2163131932));
#4651 = CARTESIAN_POINT('',(-0.679712028593,5.475058661785E-02,
    -0.190565781512));
#4652 = CARTESIAN_POINT('',(-0.814439493872,4.095919818826E-02,
    -0.172650275131));
#4653 = CARTESIAN_POINT('',(-0.870762235092,2.076747934702E-02,
    -0.153502688227));
#4654 = CARTESIAN_POINT('',(-0.924170894077,4.169335368345E-02,
    -0.171717072558));
#4655 = CARTESIAN_POINT('',(-0.97975721442,2.565573100401E-03,
    -0.129841189718));
#4656 = CARTESIAN_POINT('',(-1.035715843861,1.879076137674E-02,
    -0.145516178384));
#4657 = CARTESIAN_POINT('',(-1.090096475199,4.691692531666E-03,
    -0.138265611441));
#4658 = CARTESIAN_POINT('',(-0.140072685044,0.116192556646,
    -0.261720714261));
#4659 = CARTESIAN_POINT('',(-0.219464880853,0.124863856874,
    -0.298946240248));
#4660 = CARTESIAN_POINT('',(-0.306845441023,0.10804792724,-0.18118998495
    ));
#4661 = CARTESIAN_POINT('',(-0.378529419797,9.592740283011E-02,
    -0.28660983432));
#4662 = CARTESIAN_POINT('',(-0.464910641462,8.542234412538E-02,
    -0.209707352576));
#4663 = CARTESIAN_POINT('',(-0.543143347446,7.740261729138E-02,
    -0.216971137966));
#4664 = CARTESIAN_POINT('',(-0.679712028593,5.484961730331E-02,
    -0.191265812772));
#4665 = CARTESIAN_POINT('',(-0.814439493872,4.093576468843E-02,
    -0.173090811432));
#4666 = CARTESIAN_POINT('',(-0.870762235092,2.08148493114E-02,
    -0.154067611049));
#4667 = CARTESIAN_POINT('',(-0.924170894077,4.160239485726E-02,
    -0.171915955813));
#4668 = CARTESIAN_POINT('',(-0.97975721442,2.585533379156E-03,
    -0.130326509184));
#4669 = CARTESIAN_POINT('',(-1.035715843861,1.876346995308E-02,
    -0.145842069614));
#4670 = CARTESIAN_POINT('',(-1.090096475199,4.694350733829E-03,
    -0.138582297108));
#4671 = CARTESIAN_POINT('',(-0.140072685044,0.116082703063,
    -0.262489040381));
#4672 = CARTESIAN_POINT('',(-0.219464880853,0.123804105481,
    -0.29838821691));
#4673 = CARTESIAN_POINT('',(-0.306845441023,0.109478822649,
    -0.184162814662));
#4674 = CARTESIAN_POINT('',(-0.378529419797,9.468697125973E-02,
    -0.2855403642));
#4675 = CARTESIAN_POINT('',(-0.464910641462,8.58316352004E-02,
    -0.211015704943));
#4676 = CARTESIAN_POINT('',(-0.543143347446,7.73983536101E-02,
    -0.217576453257));
#4677 = CARTESIAN_POINT('',(-0.679712028593,5.495541928207E-02,
    -0.191939954783));
#4678 = CARTESIAN_POINT('',(-0.814439493872,4.091180693601E-02,
    -0.173505079661));
#4679 = CARTESIAN_POINT('',(-0.870762235092,2.08646956792E-02,
    -0.154606021056));
#4680 = CARTESIAN_POINT('',(-0.924170894077,4.151414720275E-02,
    -0.172102117032));
#4681 = CARTESIAN_POINT('',(-0.97975721442,2.605188786422E-03,
    -0.130784669247));
#4682 = CARTESIAN_POINT('',(-1.035715843861,1.873688689934E-02,
    -0.146149809756));
#4683 = CARTESIAN_POINT('',(-1.090096475199,4.696943558801E-03,
    -0.138881327628));
#4684 = CARTESIAN_POINT('',(-0.140072685044,0.115987319375,
    -0.263035374473));
#4685 = CARTESIAN_POINT('',(-0.219464880853,0.122968725299,
    -0.297914457114));
#4686 = CARTESIAN_POINT('',(-0.306845441023,0.110585402637,
    -0.186404723776));
#4687 = CARTESIAN_POINT('',(-0.378529419797,9.370704500695E-02,
    -0.284678651468));
#4688 = CARTESIAN_POINT('',(-0.464910641462,8.615165010265E-02,
    -0.211995482421));
#4689 = CARTESIAN_POINT('',(-0.543143347446,7.738109672053E-02,
    -0.218005042718));
#4690 = CARTESIAN_POINT('',(-0.679712028593,5.504418964273E-02,
    -0.192445961996));
#4691 = CARTESIAN_POINT('',(-0.814439493872,4.089252993902E-02,
    -0.173806999443));
#4692 = CARTESIAN_POINT('',(-0.870762235092,2.090583881984E-02,
    -0.155005073565));
#4693 = CARTESIAN_POINT('',(-0.924170894077,4.144740150388E-02,
    -0.172237042107));
#4694 = CARTESIAN_POINT('',(-0.97975721442,2.620306073876E-03,
    -0.131120316745));
#4695 = CARTESIAN_POINT('',(-1.035715843861,1.871670922255E-02,
    -0.146375318988));
#4696 = CARTESIAN_POINT('',(-1.090096475199,4.698914598784E-03,
    -0.139100440979));
#4697 = CARTESIAN_POINT('',(-0.140072685044,0.115728392919,
    -0.264237745502));
#4698 = CARTESIAN_POINT('',(-0.219464880853,0.120916133123,
    -0.296673231725));
#4699 = CARTESIAN_POINT('',(-0.306845441023,0.113240851164,
    -0.191666278317));
#4700 = CARTESIAN_POINT('',(-0.378529419796,9.130331440398E-02,
    -0.282527902725));
#4701 = CARTESIAN_POINT('',(-0.464910641462,8.691958976083E-02,
    -0.214272418946));
#4702 = CARTESIAN_POINT('',(-0.543143347446,7.730931141708E-02,
    -0.218949810311));
#4703 = CARTESIAN_POINT('',(-0.679712028593,5.526692720934E-02,
    -0.193623453056));
#4704 = CARTESIAN_POINT('',(-0.814439493872,4.084858312492E-02,
    -0.174497377388));
#4705 = CARTESIAN_POINT('',(-0.870762235093,2.100742633253E-02,
    -0.155924324735));
#4706 = CARTESIAN_POINT('',(-0.924170894077,4.129220943727E-02,
    -0.172543712753));
#4707 = CARTESIAN_POINT('',(-0.979757214421,2.656088453808E-03,
    -0.131886810175));
#4708 = CARTESIAN_POINT('',(-1.035715843861,1.866920039222E-02,
    -0.146890649092));
#4709 = CARTESIAN_POINT('',(-1.090096475199,4.703565643516E-03,
    -0.139601088501));
#4710 = CARTESIAN_POINT('',(-0.140072685044,0.115458549976,
    -0.26513935717));
#4711 = CARTESIAN_POINT('',(-0.219464880853,0.119068924092,
    -0.295462189474));
#4712 = CARTESIAN_POINT('',(-0.306845441023,0.11554355946,
    -0.196084864141));
#4713 = CARTESIAN_POINT('',(-0.378529419796,8.913986053428E-02,
    -0.280545781304));
#4714 = CARTESIAN_POINT('',(-0.464910641462,8.758378856845E-02,
    -0.216155149261));
#4715 = CARTESIAN_POINT('',(-0.543143347446,7.72060932607E-02,
    -0.219663583812));
#4716 = CARTESIAN_POINT('',(-0.679712028593,5.547200322354E-02,
    -0.194600538871));
#4717 = CARTESIAN_POINT('',(-0.814439493872,4.081510934739E-02,
    -0.175057013838));
#4718 = CARTESIAN_POINT('',(-0.870762235093,2.10987263541E-02,
    -0.156675103994));
#4719 = CARTESIAN_POINT('',(-0.924170894077,4.116415345335E-02,
    -0.172789633308));
#4720 = CARTESIAN_POINT('',(-0.979757214421,2.686530405464E-03,
    -0.132504434032));
#4721 = CARTESIAN_POINT('',(-1.035715843861,1.862897360236E-02,
    -0.147306487697));
#4722 = CARTESIAN_POINT('',(-1.090096475199,4.707519405683E-03,
    -0.140004968487));
#4723 = CARTESIAN_POINT('',(-0.140072685044,0.114810809969,
    -0.266774326356));
#4724 = CARTESIAN_POINT('',(-0.219464880853,0.115293177167,
    -0.292938571132));
#4725 = CARTESIAN_POINT('',(-0.306845441023,0.120045284665,
    -0.204704906394));
#4726 = CARTESIAN_POINT('',(-0.378529419796,8.465389852649E-02,
    -0.276398205337));
#4727 = CARTESIAN_POINT('',(-0.464910641462,8.885057451537E-02,
    -0.219797663347));
#4728 = CARTESIAN_POINT('',(-0.543143347446,7.693568728268E-02,
    -0.22098838759));
#4729 = CARTESIAN_POINT('',(-0.679712028593,5.587365093582E-02,
    -0.196514706415));
#4730 = CARTESIAN_POINT('',(-0.814439493872,4.078079684928E-02,
    -0.176187771117));
#4731 = CARTESIAN_POINT('',(-0.870762235093,2.127212485798E-02,
    -0.158140830465));
#4732 = CARTESIAN_POINT('',(-0.924170894077,4.092282814059E-02,
    -0.173281432493));
#4733 = CARTESIAN_POINT('',(-0.979757214421,2.746040382542E-03,
    -0.133711583787));
#4734 = CARTESIAN_POINT('',(-1.035715843861,1.854834136926E-02,
    -0.148121749844));
#4735 = CARTESIAN_POINT('',(-1.090096475199,4.715494568229E-03,
    -0.140796355832));
#4736 = CARTESIAN_POINT('',(-0.140072685044,0.114176460436,
    -0.267923598321));
#4737 = CARTESIAN_POINT('',(-0.219464880853,0.112111134145,
    -0.290736620009));
#4738 = CARTESIAN_POINT('',(-0.306845441023,0.123659701706,
    -0.211552590076));
#4739 = CARTESIAN_POINT('',(-0.378529419796,8.080235573452E-02,
    -0.272778982547));
#4740 = CARTESIAN_POINT('',(-0.464910641462,8.982372694853E-02,
    -0.222633202167));
#4741 = CARTESIAN_POINT('',(-0.543143347446,7.665038093327E-02,
    -0.221951608492));
#4742 = CARTESIAN_POINT('',(-0.679712028593,5.618206684736E-02,
    -0.19801310111));
#4743 = CARTESIAN_POINT('',(-0.814439493872,4.079113970278E-02,
    -0.177118214293));
#4744 = CARTESIAN_POINT('',(-0.870762235093,2.13988203278E-02,
    -0.159284974699));
#4745 = CARTESIAN_POINT('',(-0.924170894077,4.074564280061E-02,
    -0.173681055235));
#4746 = CARTESIAN_POINT('',(-0.979757214421,2.792161775606E-03,
    -0.134658210788));
#4747 = CARTESIAN_POINT('',(-1.035715843861,1.84833578513E-02,
    -0.148763893182));
#4748 = CARTESIAN_POINT('',(-1.090096475199,4.721976997851E-03,
    -0.141419209499));
#4749 = CARTESIAN_POINT('',(-0.140072685044,0.112587203131,
    -0.269986669205));
#4750 = CARTESIAN_POINT('',(-0.219464880853,0.106052304192,
    -0.286893997827));
#4751 = CARTESIAN_POINT('',(-0.306845441023,0.129325478,-0.223466609806)
  );
#4752 = CARTESIAN_POINT('',(-0.378529419797,7.416642151703E-02,
    -0.266963805317));
#4753 = CARTESIAN_POINT('',(-0.464910641462,9.065915090277E-02,
    -0.227079674421));
#4754 = CARTESIAN_POINT('',(-0.543143347446,7.608068706279E-02,
    -0.223965168729));
#4755 = CARTESIAN_POINT('',(-0.679712028593,5.656477261411E-02,
    -0.200821392783));
#4756 = CARTESIAN_POINT('',(-0.814439493872,4.101694450123E-02,
    -0.179256666379));
#4757 = CARTESIAN_POINT('',(-0.870762235092,2.153444530048E-02,
    -0.161515913689));
#4758 = CARTESIAN_POINT('',(-0.924170894078,4.047266983375E-02,
    -0.17458880177));
#4759 = CARTESIAN_POINT('',(-0.97975721442,2.872098545002E-03,
    -0.136592982504));
#4760 = CARTESIAN_POINT('',(-1.035715843861,1.835325523802E-02,
    -0.150089166279));
#4761 = CARTESIAN_POINT('',(-1.090096475199,4.735178972377E-03,
    -0.142702625169));
#4762 = CARTESIAN_POINT('',(-0.140072685044,0.110788090831,
    -0.271438053875));
#4763 = CARTESIAN_POINT('',(-0.219464880853,0.101663313863,
    -0.284844644698));
#4764 = CARTESIAN_POINT('',(-0.306845441023,0.13128779292,
    -0.230318815126));
#4765 = CARTESIAN_POINT('',(-0.378529419796,7.070182487368E-02,
    -0.264865686033));
#4766 = CARTESIAN_POINT('',(-0.464910641462,8.948598028912E-02,
    -0.228764364123));
#4767 = CARTESIAN_POINT('',(-0.543143347446,7.56007245567E-02,
    -0.225822330294));
#4768 = CARTESIAN_POINT('',(-0.679712028593,5.655797006087E-02,
    -0.202953689236));
#4769 = CARTESIAN_POINT('',(-0.814439493872,4.145458059787E-02,
    -0.181428626727));
#4770 = CARTESIAN_POINT('',(-0.870762235092,2.155388812853E-02,
    -0.163424056556));
#4771 = CARTESIAN_POINT('',(-0.924170894078,4.032322430962E-02,
    -0.17547989294));
#4772 = CARTESIAN_POINT('',(-0.97975721442,2.930554124687E-03,
    -0.13831891971));
#4773 = CARTESIAN_POINT('',(-1.035715843861,1.824372024069E-02,
    -0.1512805098));
#4774 = CARTESIAN_POINT('',(-1.090096475199,4.746534435926E-03,
    -0.143854419909));
#4775 = CARTESIAN_POINT('',(-0.140072685044,0.107804425521,
    -0.272866868415));
#4776 = CARTESIAN_POINT('',(-0.219464880853,9.509946792028E-02,
    -0.281493855573));
#4777 = CARTESIAN_POINT('',(-0.306845441023,0.133882337004,
    -0.239612768941));
#4778 = CARTESIAN_POINT('',(-0.378529419796,6.443909957598E-02,
    -0.26018570264));
#4779 = CARTESIAN_POINT('',(-0.464910641462,8.869911480711E-02,
    -0.232170791745));
#4780 = CARTESIAN_POINT('',(-0.543143347446,7.386200793949E-02,
    -0.227058806363));
#4781 = CARTESIAN_POINT('',(-0.679712028593,5.645679039456E-02,
    -0.205813355172));
#4782 = CARTESIAN_POINT('',(-0.814439493872,4.189393229807E-02,
    -0.184174045622));
#4783 = CARTESIAN_POINT('',(-0.870762235092,2.213641905729E-02,
    -0.166711071669));
#4784 = CARTESIAN_POINT('',(-0.924170894078,3.99613736687E-02,
    -0.176416212455));
#4785 = CARTESIAN_POINT('',(-0.97975721442,3.064079533911E-03,
    -0.140763083736));
#4786 = CARTESIAN_POINT('',(-1.035715843861,1.812235403196E-02,
    -0.152896916696));
#4787 = CARTESIAN_POINT('',(-1.090096475199,4.75883648922E-03,
    -0.1454227387));
#4788 = CARTESIAN_POINT('',(-0.140072685044,0.103832668771,
    -0.27403872717));
#4789 = CARTESIAN_POINT('',(-0.219464880853,8.716192300137E-02,
    -0.277398255266));
#4790 = CARTESIAN_POINT('',(-0.306845441023,0.136290268613,
    -0.249751993232));
#4791 = CARTESIAN_POINT('',(-0.378529419796,5.636286189734E-02,
    -0.253867968427));
#4792 = CARTESIAN_POINT('',(-0.464910641462,8.80303043588E-02,
    -0.236553155019));
#4793 = CARTESIAN_POINT('',(-0.543143347446,7.10469022497E-02,
    -0.227587550575));
#4794 = CARTESIAN_POINT('',(-0.679712028593,5.610508397643E-02,
    -0.208925105987));
#4795 = CARTESIAN_POINT('',(-0.814439493872,4.215388660855E-02,
    -0.187062296237));
#4796 = CARTESIAN_POINT('',(-0.870762235092,2.355220544019E-02,
    -0.171434572373));
#4797 = CARTESIAN_POINT('',(-0.924170894078,3.930198599741E-02,
    -0.177129348773));
#4798 = CARTESIAN_POINT('',(-0.97975721442,3.293123045592E-03,
    -0.143737274221));
#4799 = CARTESIAN_POINT('',(-1.035715843861,1.80153515629E-02,
    -0.154773253455));
#4800 = CARTESIAN_POINT('',(-1.090096475199,4.769137936339E-03,
    -0.14725120077));
#4801 = CARTESIAN_POINT('',(-0.140072685044,9.940728446355E-02,
    -0.274432278669));
#4802 = CARTESIAN_POINT('',(-0.219464880853,8.063832716134E-02,
    -0.274836797233));
#4803 = CARTESIAN_POINT('',(-0.306845441023,0.134877900498,
    -0.25498884532));
#4804 = CARTESIAN_POINT('',(-0.378529419796,5.103456331348E-02,
    -0.250647106585));
#4805 = CARTESIAN_POINT('',(-0.464910641462,8.513473934378E-02,
    -0.238174785334));
#4806 = CARTESIAN_POINT('',(-0.543143347446,6.851970663958E-02,
    -0.228222432925));
#4807 = CARTESIAN_POINT('',(-0.679712028593,5.427005678763E-02,
    -0.21019276433));
#4808 = CARTESIAN_POINT('',(-0.814439493872,4.233069350534E-02,
    -0.189589545857));
#4809 = CARTESIAN_POINT('',(-0.870762235092,2.472585112436E-02,
    -0.17593986244));
#4810 = CARTESIAN_POINT('',(-0.924170894078,3.922416339645E-02,
    -0.17806258288));
#4811 = CARTESIAN_POINT('',(-0.97975721442,3.399330439456E-03,
    -0.146506353204));
#4812 = CARTESIAN_POINT('',(-1.035715843861,1.802236035627E-02,
    -0.156523620249));
#4813 = CARTESIAN_POINT('',(-1.090096475199,4.769050070846E-03,
    -0.148951113331));
#4814 = CARTESIAN_POINT('',(-0.140072685044,9.396139966759E-02,
    -0.274479780076));
#4815 = CARTESIAN_POINT('',(-0.219464880853,7.365013730204E-02,
    -0.2724064095));
#4816 = CARTESIAN_POINT('',(-0.306845441023,0.131443171601,
    -0.25915904749));
#4817 = CARTESIAN_POINT('',(-0.378529419796,4.573660622058E-02,
    -0.247542581962));
#4818 = CARTESIAN_POINT('',(-0.464910641462,8.106355500403E-02,
    -0.239547335083));
#4819 = CARTESIAN_POINT('',(-0.543143347446,6.534929426191E-02,
    -0.228444961144));
#4820 = CARTESIAN_POINT('',(-0.679712028593,5.166937125146E-02,
    -0.211331086996));
#4821 = CARTESIAN_POINT('',(-0.814439493873,4.199121383248E-02,
    -0.191583527244));
#4822 = CARTESIAN_POINT('',(-0.870762235092,2.483434718509E-02,
    -0.180213550174));
#4823 = CARTESIAN_POINT('',(-0.924170894078,4.052556731137E-02,
    -0.180135387499));
#4824 = CARTESIAN_POINT('',(-0.97975721442,3.189423893031E-03,
    -0.149435649451));
#4825 = CARTESIAN_POINT('',(-1.035715843861,1.818217873505E-02,
    -0.158510797832));
#4826 = CARTESIAN_POINT('',(-1.090096475199,4.756620678231E-03,
    -0.150858392973));
#4827 = CARTESIAN_POINT('',(-0.140072685044,9.017038566743E-02,
    -0.274321703814));
#4828 = CARTESIAN_POINT('',(-0.219464880853,6.9182221731E-02,
    -0.270960325268));
#4829 = CARTESIAN_POINT('',(-0.306845441022,0.128450454235,
    -0.261233645129));
#4830 = CARTESIAN_POINT('',(-0.378529419797,4.240130229661E-02,
    -0.245524613559));
#4831 = CARTESIAN_POINT('',(-0.464910641462,7.818698684876E-02,
    -0.240441577965));
#4832 = CARTESIAN_POINT('',(-0.543143347446,6.300814763933E-02,
    -0.228230458189));
#4833 = CARTESIAN_POINT('',(-0.679712028592,4.98290443353E-02,
    -0.212080695934));
#4834 = CARTESIAN_POINT('',(-0.814439493873,4.137321679131E-02,
    -0.192323341279));
#4835 = CARTESIAN_POINT('',(-0.870762235092,2.444411410697E-02,
    -0.182732059758));
#4836 = CARTESIAN_POINT('',(-0.924170894078,4.189071270708E-02,
    -0.181856020116));
#4837 = CARTESIAN_POINT('',(-0.97975721442,2.943655843946E-03,
    -0.151305907074));
#4838 = CARTESIAN_POINT('',(-1.035715843861,1.836324684197E-02,
    -0.159814241388));
#4839 = CARTESIAN_POINT('',(-1.090096475199,4.741717057585E-03,
    -0.152102378034));
#4840 = CARTESIAN_POINT('',(-0.140072685044,8.608354487482E-02,
    -0.27402569083));
#4841 = CARTESIAN_POINT('',(-0.219464880853,6.483436121444E-02,
    -0.269860089347));
#4842 = CARTESIAN_POINT('',(-0.306845441023,0.124456622037,
    -0.262361387933));
#4843 = CARTESIAN_POINT('',(-0.378529419797,3.938279461585E-02,
    -0.24402079277));
#4844 = CARTESIAN_POINT('',(-0.464910641462,7.48439667756E-02,
    -0.240971371729));
#4845 = CARTESIAN_POINT('',(-0.543143347446,6.046822150339E-02,
    -0.227930629631));
#4846 = CARTESIAN_POINT('',(-0.679712028593,4.768305512826E-02,
    -0.212601978235));
#4847 = CARTESIAN_POINT('',(-0.814439493872,4.047479316408E-02,
    -0.192823499089));
#4848 = CARTESIAN_POINT('',(-0.870762235092,2.33976144866E-02,
    -0.184420102731));
#4849 = CARTESIAN_POINT('',(-0.924170894077,4.327594246554E-02,
    -0.183801076676));
#4850 = CARTESIAN_POINT('',(-0.97975721442,2.785950978562E-03,
    -0.153296920924));
#4851 = CARTESIAN_POINT('',(-1.035715843861,1.863633961908E-02,
    -0.161139942374));
#4852 = CARTESIAN_POINT('',(-1.090096475199,4.716481274625E-03,
    -0.153371206991));
#4853 = CARTESIAN_POINT('',(-0.140072685044,8.406055990443E-02,
    -0.27386041516));
#4854 = CARTESIAN_POINT('',(-0.219464880853,6.280343288956E-02,
    -0.269440903142));
#4855 = CARTESIAN_POINT('',(-0.306845441023,0.122266013903,
    -0.262643025388));
#4856 = CARTESIAN_POINT('',(-0.378529419797,3.808022305011E-02,
    -0.243495685485));
#4857 = CARTESIAN_POINT('',(-0.464910641462,7.307631290364E-02,
    -0.241083055622));
#4858 = CARTESIAN_POINT('',(-0.543143347446,5.924382605769E-02,
    -0.22781259146));
#4859 = CARTESIAN_POINT('',(-0.679712028593,4.654547503989E-02,
    -0.21276064902));
#4860 = CARTESIAN_POINT('',(-0.814439493872,4.002653415054E-02,
    -0.193062510952));
#4861 = CARTESIAN_POINT('',(-0.870762235092,2.26289621379E-02,
    -0.184928926889));
#4862 = CARTESIAN_POINT('',(-0.924170894077,4.403017002295E-02,
    -0.184841974399));
#4863 = CARTESIAN_POINT('',(-0.97975721442,2.669505184992E-03,
    -0.154246863428));
#4864 = CARTESIAN_POINT('',(-1.035715843861,1.8796907284E-02,
    -0.161784941013));
#4865 = CARTESIAN_POINT('',(-1.090096475199,4.701827993645E-03,
    -0.153985798073));
#4866 = CARTESIAN_POINT('',(-0.140072685044,7.721556973983E-02,
    -0.273274204871));
#4867 = CARTESIAN_POINT('',(-0.219464880853,5.618035048757E-02,
    -0.268289628679));
#4868 = CARTESIAN_POINT('',(-0.306845441023,0.114404880309,
    -0.263030166518));
#4869 = CARTESIAN_POINT('',(-0.378529419797,3.409572213084E-02,
    -0.24221229308));
#4870 = CARTESIAN_POINT('',(-0.464910641462,6.682823554465E-02,
    -0.241117784459));
#4871 = CARTESIAN_POINT('',(-0.543143347446,5.519456624995E-02,
    -0.227515928855));
#4872 = CARTESIAN_POINT('',(-0.679712028593,4.251828042741E-02,
    -0.2130711973));
#4873 = CARTESIAN_POINT('',(-0.814439493872,3.854256375752E-02,
    -0.193909160556));
#4874 = CARTESIAN_POINT('',(-0.870762235092,1.946226773424E-02,
    -0.185930226945));
#4875 = CARTESIAN_POINT('',(-0.924170894077,4.674460084424E-02,
    -0.188540057524));
#4876 = CARTESIAN_POINT('',(-0.97975721442,2.180266047167E-03,
    -0.157387019057));
#4877 = CARTESIAN_POINT('',(-1.035715843861,1.938355142552E-02,
    -0.163943111865));
#4878 = CARTESIAN_POINT('',(-1.090096475199,4.647864496003E-03,
    -0.156041610583));
#4879 = CARTESIAN_POINT('',(-0.140072685044,6.643957514717E-02,
    -0.272153308174));
#4880 = CARTESIAN_POINT('',(-0.219464880853,4.8101517684E-02,
    -0.269075645079));
#4881 = CARTESIAN_POINT('',(-0.306845441022,9.774440162236E-02,
    -0.258247785998));
#4882 = CARTESIAN_POINT('',(-0.378529419797,3.194820616756E-02,
    -0.245130733032));
#4883 = CARTESIAN_POINT('',(-0.464910641462,5.431199997969E-02,
    -0.237712466023));
#4884 = CARTESIAN_POINT('',(-0.543143347446,4.982149768767E-02,
    -0.228244274376));
#4885 = CARTESIAN_POINT('',(-0.679712028592,3.439175459535E-02,
    -0.211278538714));
#4886 = CARTESIAN_POINT('',(-0.814439493873,3.66963290428E-02,
    -0.195900658638));
#4887 = CARTESIAN_POINT('',(-0.870762235092,8.934276051095E-03,
    -0.180343666484));
#4888 = CARTESIAN_POINT('',(-0.924170894078,5.253021145396E-02,
    -0.196207450809));
#4889 = CARTESIAN_POINT('',(-0.97975721442,5.281489011963E-04,
    -0.161552562544));
#4890 = CARTESIAN_POINT('',(-1.035715843861,2.06312451181E-02,
    -0.167131861651));
#4891 = CARTESIAN_POINT('',(-1.090096475199,4.530441279495E-03,
    -0.159066849381));
#4892 = CARTESIAN_POINT('',(-0.140072685044,5.410297937721E-02,
    -0.271845668309));
#4893 = CARTESIAN_POINT('',(-0.219464880853,3.833680142836E-02,
    -0.270256492557));
#4894 = CARTESIAN_POINT('',(-0.306845441023,8.070452384041E-02,
    -0.255965338079));
#4895 = CARTESIAN_POINT('',(-0.378529419796,2.556970178373E-02,
    -0.245345764822));
#4896 = CARTESIAN_POINT('',(-0.464910641462,4.410411655781E-02,
    -0.238690802341));
#4897 = CARTESIAN_POINT('',(-0.543143347446,4.089106211864E-02,
    -0.227194704661));
#4898 = CARTESIAN_POINT('',(-0.679712028593,2.78555499433E-02,
    -0.212603141623));
#4899 = CARTESIAN_POINT('',(-0.814439493872,3.062063360785E-02,
    -0.194939686862));
#4900 = CARTESIAN_POINT('',(-0.870762235092,6.822955715649E-03,
    -0.183944451742));
#4901 = CARTESIAN_POINT('',(-0.924170894078,4.461443993229E-02,
    -0.191532501602));
#4902 = CARTESIAN_POINT('',(-0.97975721442,1.207993911971E-03,
    -0.167915842144));
#4903 = CARTESIAN_POINT('',(-1.035715843861,2.02667127691E-02,
    -0.170251233478));
#4904 = CARTESIAN_POINT('',(-1.090096475199,4.545667780077E-03,
    -0.162313731455));
#4905 = CARTESIAN_POINT('',(-0.140072685044,4.751103406608E-02,
    -0.27220526082));
#4906 = CARTESIAN_POINT('',(-0.219464880853,3.340640832975E-02,
    -0.271670262995));
#4907 = CARTESIAN_POINT('',(-0.306845441023,7.11634399752E-02,
    -0.254777285925));
#4908 = CARTESIAN_POINT('',(-0.378529419797,2.243458851545E-02,
    -0.246391639613));
#4909 = CARTESIAN_POINT('',(-0.464910641462,3.85810065524E-02,
    -0.239299483718));
#4910 = CARTESIAN_POINT('',(-0.543143347446,3.606484493112E-02,
    -0.227192082273));
#4911 = CARTESIAN_POINT('',(-0.679712028593,2.432576515176E-02,
    -0.213419746431));
#4912 = CARTESIAN_POINT('',(-0.814439493872,2.718121598022E-02,
    -0.194812344794));
#4913 = CARTESIAN_POINT('',(-0.870762235092,5.520133932068E-03,
    -0.185185795131));
#4914 = CARTESIAN_POINT('',(-0.924170894077,4.018813111933E-02,
    -0.190367642427));
#4915 = CARTESIAN_POINT('',(-0.97975721442,9.826446120881E-04,
    -0.169910472147));
#4916 = CARTESIAN_POINT('',(-1.035715843861,1.931559017406E-02,
    -0.171950657376));
#4917 = CARTESIAN_POINT('',(-1.090096475199,4.634795492473E-03,
    -0.164007262487));
#4918 = CARTESIAN_POINT('',(-0.140072685044,3.9207835258E-02,
    -0.272991084518));
#4919 = CARTESIAN_POINT('',(-0.219464880853,2.725775915662E-02,
    -0.273812277089));
#4920 = CARTESIAN_POINT('',(-0.306845441023,5.910120452916E-02,
    -0.253565894994));
#4921 = CARTESIAN_POINT('',(-0.378529419797,1.841285672649E-02,
    -0.248017130708));
#4922 = CARTESIAN_POINT('',(-0.464910641462,3.175879104445E-02,
    -0.240324348609));
#4923 = CARTESIAN_POINT('',(-0.543143347446,2.986998833883E-02,
    -0.227447263375));
#4924 = CARTESIAN_POINT('',(-0.679712028593,1.997477593847E-02,
    -0.214651710544));
#4925 = CARTESIAN_POINT('',(-0.814439493872,2.265583453216E-02,
    -0.194813044169));
#4926 = CARTESIAN_POINT('',(-0.870762235092,4.224921436722E-03,
    -0.186844028936));
#4927 = CARTESIAN_POINT('',(-0.924170894077,3.391124791147E-02,
    -0.189099591928));
#4928 = CARTESIAN_POINT('',(-0.97975721442,9.009798700217E-04,
    -0.172172514871));
#4929 = CARTESIAN_POINT('',(-1.035715843861,1.75747128964E-02,
    -0.174050723201));
#4930 = CARTESIAN_POINT('',(-1.090096475199,4.798577544476E-03,
    -0.166121830621));
#4931 = CARTESIAN_POINT('',(-0.140072685044,3.240915299796E-02,
    -0.274497366932));
#4932 = CARTESIAN_POINT('',(-0.219464880853,2.224826335693E-02,
    -0.276509730205));
#4933 = CARTESIAN_POINT('',(-0.306845441022,4.937042895397E-02,
    -0.253263205696));
#4934 = CARTESIAN_POINT('',(-0.378529419797,1.46533545397E-02,
    -0.250263756936));
#4935 = CARTESIAN_POINT('',(-0.464910641462,2.672446907272E-02,
    -0.241696768087));
#4936 = CARTESIAN_POINT('',(-0.543143347446,2.440416205164E-02,
    -0.228419825715));
#4937 = CARTESIAN_POINT('',(-0.679712028593,1.679372736215E-02,
    -0.216095247816));
#4938 = CARTESIAN_POINT('',(-0.814439493872,1.836705517763E-02,
    -0.195372425068));
#4939 = CARTESIAN_POINT('',(-0.870762235092,4.579745739545E-03,
    -0.188112911132));
#4940 = CARTESIAN_POINT('',(-0.924170894077,2.629396685215E-02,
    -0.18916481697));
#4941 = CARTESIAN_POINT('',(-0.97975721442,2.005937183825E-03,
    -0.173159825943));
#4942 = CARTESIAN_POINT('',(-1.035715843861,1.4666349572E-02,
    -0.175892552126));
#4943 = CARTESIAN_POINT('',(-1.090096475199,5.066285684348E-03,
    -0.167813342097));
#4944 = CARTESIAN_POINT('',(-0.140072685044,2.630903138105E-02,
    -0.277075238523));
#4945 = CARTESIAN_POINT('',(-0.219464880853,1.785304544655E-02,
    -0.279782622507));
#4946 = CARTESIAN_POINT('',(-0.306845441023,4.052098543732E-02,
    -0.254844441151));
#4947 = CARTESIAN_POINT('',(-0.378529419797,1.131105203889E-02,
    -0.252787369631));
#4948 = CARTESIAN_POINT('',(-0.464910641462,2.223223005617E-02,
    -0.244142693259));
#4949 = CARTESIAN_POINT('',(-0.543143347446,1.946956251066E-02,
    -0.230226636584));
#4950 = CARTESIAN_POINT('',(-0.679712028593,1.39744640652E-02,
    -0.218303567963));
#4951 = CARTESIAN_POINT('',(-0.814439493872,1.44637988643E-02,
    -0.196665974578));
#4952 = CARTESIAN_POINT('',(-0.870762235092,4.960023244168E-03,
    -0.19037627899));
#4953 = CARTESIAN_POINT('',(-0.924170894077,1.930636096087E-02,
    -0.189543959127));
#4954 = CARTESIAN_POINT('',(-0.979757214421,2.980210484926E-03,
    -0.175028654922));
#4955 = CARTESIAN_POINT('',(-1.035715843861,1.168316211266E-02,
    -0.177609192883));
#4956 = CARTESIAN_POINT('',(-1.090096475199,5.052485236689E-03,
    -0.169606817665));
#4957 = CARTESIAN_POINT('',(-0.140072685044,2.561372194479E-02,
    -0.277388112372));
#4958 = CARTESIAN_POINT('',(-0.219464880853,1.735322023924E-02,
    -0.280155210188));
#4959 = CARTESIAN_POINT('',(-0.306845441023,3.951077630556E-02,
    -0.255067681429));
#4960 = CARTESIAN_POINT('',(-0.378529419797,1.09305552662E-02,
    -0.253074614856));
#4961 = CARTESIAN_POINT('',(-0.464910641462,2.172040406025E-02,
    -0.244443194047));
#4962 = CARTESIAN_POINT('',(-0.543143347446,1.89067973645E-02,
    -0.230446669098));
#4963 = CARTESIAN_POINT('',(-0.679712028593,1.365349341935E-02,
    -0.218569723278));
#4964 = CARTESIAN_POINT('',(-0.814439493872,1.401829644607E-02,
    -0.196825648351));
#4965 = CARTESIAN_POINT('',(-0.870762235093,5.003676195717E-03,
    -0.19065219848));
#4966 = CARTESIAN_POINT('',(-0.924170894077,1.850864893695E-02,
    -0.189591711754));
#4967 = CARTESIAN_POINT('',(-0.979757214421,3.090429622858E-03,
    -0.175257679058));
#4968 = CARTESIAN_POINT('',(-1.035715843861,1.133791081574E-02,
    -0.177805817828));
#4969 = CARTESIAN_POINT('',(-1.090096475199,5.046819450697E-03,
    -0.169815636439));
#4970 = CARTESIAN_POINT('',(-0.140072685044,2.494955966417E-02,
    -0.277697865704));
#4971 = CARTESIAN_POINT('',(-0.219464880853,1.687609481117E-02,
    -0.28049038202));
#4972 = CARTESIAN_POINT('',(-0.306845441023,3.854531989816E-02,
    -0.25533379694));
#4973 = CARTESIAN_POINT('',(-0.378529419797,1.056749103442E-02,
    -0.253335693714));
#4974 = CARTESIAN_POINT('',(-0.464910641462,2.12314215047E-02,
    -0.244750272266));
#4975 = CARTESIAN_POINT('',(-0.543143347446,1.836936791486E-02,
    -0.230666272129));
#4976 = CARTESIAN_POINT('',(-0.679712028593,1.334693279417E-02,
    -0.218834726019));
#4977 = CARTESIAN_POINT('',(-0.814439493872,1.359280521386E-02,
    -0.196986837976));
#4978 = CARTESIAN_POINT('',(-0.870762235093,5.044497826456E-03,
    -0.1909293813));
#4979 = CARTESIAN_POINT('',(-0.924170894077,1.774776058812E-02,
    -0.189639842319));
#4980 = CARTESIAN_POINT('',(-0.979757214421,3.194157571649E-03,
    -0.175489160438));
#4981 = CARTESIAN_POINT('',(-1.035715843861,1.100539189681E-02,
    -0.177994236707));
#4982 = CARTESIAN_POINT('',(-1.090096475199,5.038220564567E-03,
    -0.17001841724));
#4983 = CARTESIAN_POINT('',(-0.140072685044,2.454510547894E-02,
    -0.277888865033));
#4984 = CARTESIAN_POINT('',(-0.219464880853,1.658560881959E-02,
    -0.28069001655));
#4985 = CARTESIAN_POINT('',(-0.306845441023,3.795727577589E-02,
    -0.25550729215));
#4986 = CARTESIAN_POINT('',(-0.378529419797,1.034648259477E-02,
    -0.253491839525));
#4987 = CARTESIAN_POINT('',(-0.464910641462,2.093362701148E-02,
    -0.244941616846));
#4988 = CARTESIAN_POINT('',(-0.543143347446,1.804211798066E-02,
    -0.230802058723));
#4989 = CARTESIAN_POINT('',(-0.679712028593,1.316025352615E-02,
    -0.218998448214));
#4990 = CARTESIAN_POINT('',(-0.814439493872,1.333370664952E-02,
    -0.197086885231));
#4991 = CARTESIAN_POINT('',(-0.870762235093,5.069165075307E-03,
    -0.191101143485));
#4992 = CARTESIAN_POINT('',(-0.924170894077,1.728464248421E-02,
    -0.189669699786));
#4993 = CARTESIAN_POINT('',(-0.979757214421,3.256985364001E-03,
    -0.175632895342));
#4994 = CARTESIAN_POINT('',(-1.035715843861,1.080230412254E-02,
    -0.178109108925));
#4995 = CARTESIAN_POINT('',(-1.090096475199,5.032289987463E-03,
    -0.170142626648));
#4996 = CARTESIAN_POINT('',(-0.140072685044,2.388922398418E-02,
    -0.278206883195));
#4997 = CARTESIAN_POINT('',(-0.219464880853,1.611454898845E-02,
    -0.280987494994));
#4998 = CARTESIAN_POINT('',(-0.306845441023,3.700374166167E-02,
    -0.255848985027));
#4999 = CARTESIAN_POINT('',(-0.378529419797,9.987960376848E-03,
    -0.253715040128));
#5000 = CARTESIAN_POINT('',(-0.464910641462,2.045079633118E-02,
    -0.245277260968));
#5001 = CARTESIAN_POINT('',(-0.543143347446,1.751160043231E-02,
    -0.231028718767));
#5002 = CARTESIAN_POINT('',(-0.679712028593,1.285750167559E-02,
    -0.219273563942));
#5003 = CARTESIAN_POINT('',(-0.814439493872,1.291371558692E-02,
    -0.197256114144));
#5004 = CARTESIAN_POINT('',(-0.870762235093,5.108135550527E-03,
    -0.191391381861));
#5005 = CARTESIAN_POINT('',(-0.924170894077,1.653508838853E-02,
    -0.189719933309));
#5006 = CARTESIAN_POINT('',(-0.979757214421,3.357309700717E-03,
    -0.17587691861));
#5007 = CARTESIAN_POINT('',(-1.035715843861,1.047097781763E-02,
    -0.178295866402));
#5008 = CARTESIAN_POINT('',(-1.090096475199,5.019952199663E-03,
    -0.170346854258));
#5009 = CARTESIAN_POINT('',(-0.140072685044,2.228154005466E-02,
    -0.279008699944));
#5010 = CARTESIAN_POINT('',(-0.219464880853,1.496096933598E-02,
    -0.281666167105));
#5011 = CARTESIAN_POINT('',(-0.306845441023,3.466441603582E-02,
    -0.256803547304));
#5012 = CARTESIAN_POINT('',(-0.378529419797,9.111446863986E-03,
    -0.254237208623));
#5013 = CARTESIAN_POINT('',(-0.464910641462,1.926559823123E-02,
    -0.246129486776));
#5014 = CARTESIAN_POINT('',(-0.543143347446,1.621240590627E-02,
    -0.231613103242));
#5015 = CARTESIAN_POINT('',(-0.679712028593,1.211492203299E-02,
    -0.219973277202));
#5016 = CARTESIAN_POINT('',(-0.814439493872,1.188535872114E-02,
    -0.19769375293));
#5017 = CARTESIAN_POINT('',(-0.870762235093,5.199259111733E-03,
    -0.192138106657));
#5018 = CARTESIAN_POINT('',(-0.924170894077,1.470445589556E-02,
    -0.189848390642));
#5019 = CARTESIAN_POINT('',(-0.979757214421,3.597395815711E-03,
    -0.17650972774));
#5020 = CARTESIAN_POINT('',(-1.035715843861,9.653863223123E-03,
    -0.178755014847));
#5021 = CARTESIAN_POINT('',(-1.090096475199,4.981115366984E-03,
    -0.170856208119));
#5022 = CARTESIAN_POINT('',(-0.140072685044,2.087951947649E-02,
    -0.279757579972));
#5023 = CARTESIAN_POINT('',(-0.219464880853,1.395692523668E-02,
    -0.282097049777));
#5024 = CARTESIAN_POINT('',(-0.306845441023,3.262073441876E-02,
    -0.257989400767));
#5025 = CARTESIAN_POINT('',(-0.378529419797,8.351165036237E-03,
    -0.254536917806));
#5026 = CARTESIAN_POINT('',(-0.464910641462,1.822877644683E-02,
    -0.247013034811));
#5027 = CARTESIAN_POINT('',(-0.543143347446,1.508219341765E-02,
    -0.232155218633));
#5028 = CARTESIAN_POINT('',(-0.679712028593,1.146599750869E-02,
    -0.220669489303));
#5029 = CARTESIAN_POINT('',(-0.814439493872,1.099272868299E-02,
    -0.198128080828));
#5030 = CARTESIAN_POINT('',(-0.870762235092,5.264064877975E-03,
    -0.19288913473));
#5031 = CARTESIAN_POINT('',(-0.924170894077,1.313139176877E-02,
    -0.189969608352));
#5032 = CARTESIAN_POINT('',(-0.979757214421,3.788645462904E-03,
    -0.177156314941));
#5033 = CARTESIAN_POINT('',(-1.035715843861,8.931415814794E-03,
    -0.179158696118));
#5034 = CARTESIAN_POINT('',(-1.090096475199,4.924061767189E-03,
    -0.17132374087));
#5035 = CARTESIAN_POINT('',(-0.140072685044,1.962947571913E-02,
    -0.280438742364));
#5036 = CARTESIAN_POINT('',(-0.219464880853,1.30671805528E-02,
    -0.282424192624));
#5037 = CARTESIAN_POINT('',(-0.306845441023,3.0787001363E-02,
    -0.259124371799));
#5038 = CARTESIAN_POINT('',(-0.378529419797,7.688125803378E-03,
    -0.254842192871));
#5039 = CARTESIAN_POINT('',(-0.464910641462,1.729134984657E-02,
    -0.247750600349));
#5040 = CARTESIAN_POINT('',(-0.543143347446,1.408267501248E-02,
    -0.232710985731));
#5041 = CARTESIAN_POINT('',(-0.679712028593,1.087931319482E-02,
    -0.221250319914));
#5042 = CARTESIAN_POINT('',(-0.814439493872,1.020749520591E-02,
    -0.198613756992));
#5043 = CARTESIAN_POINT('',(-0.870762235092,5.296092347904E-03,
    -0.193599858348));
#5044 = CARTESIAN_POINT('',(-0.924170894078,1.177012376245E-02,
    -0.190101573308));
#5045 = CARTESIAN_POINT('',(-0.97975721442,3.933663318709E-03,
    -0.177820555909));
#5046 = CARTESIAN_POINT('',(-1.035715843861,8.28940381833E-03,
    -0.179520989344));
#5047 = CARTESIAN_POINT('',(-1.090096475199,4.85092471984E-03,
    -0.171762098617));
#5048 = CARTESIAN_POINT('',(-0.140072685044,1.933293545818E-02,
    -0.280600770801));
#5049 = CARTESIAN_POINT('',(-0.219464880853,1.285630426365E-02,
    -0.282499746352));
#5050 = CARTESIAN_POINT('',(-0.306845441023,3.035158786476E-02,
    -0.259396346647));
#5051 = CARTESIAN_POINT('',(-0.378529419797,7.531360648757E-03,
    -0.254915875494));
#5052 = CARTESIAN_POINT('',(-0.464910641462,1.706850975567E-02,
    -0.247923815843));
#5053 = CARTESIAN_POINT('',(-0.543143347446,1.384585558444E-02,
    -0.232845323716));
#5054 = CARTESIAN_POINT('',(-0.679712028593,1.073985081636E-02,
    -0.221386707782));
#5055 = CARTESIAN_POINT('',(-0.814439493872,1.002159710968E-02,
    -0.198732383566));
#5056 = CARTESIAN_POINT('',(-0.870762235092,5.302795063542E-03,
    -0.19377054003));
#5057 = CARTESIAN_POINT('',(-0.924170894077,1.144865647116E-02,
    -0.190133018718));
#5058 = CARTESIAN_POINT('',(-0.979757214421,3.967152059343E-03,
    -0.177981494973));
#5059 = CARTESIAN_POINT('',(-1.035715843861,8.137193046804E-03,
    -0.179606998222));
#5060 = CARTESIAN_POINT('',(-1.090096475199,4.832773844129E-03,
    -0.171866859957));
#5061 = CARTESIAN_POINT('',(-0.140072685044,1.904449973114E-02,
    -0.280758872254));
#5062 = CARTESIAN_POINT('',(-0.219464880853,1.265149312505E-02,
    -0.282570577277));
#5063 = CARTESIAN_POINT('',(-0.306845441023,2.992743175794E-02,
    -0.259663858435));
#5064 = CARTESIAN_POINT('',(-0.378529419797,7.379706516152E-03,
    -0.254990179818));
#5065 = CARTESIAN_POINT('',(-0.464910641462,1.685103200595E-02,
    -0.248088926898));
#5066 = CARTESIAN_POINT('',(-0.543143347446,1.36159646927E-02,
    -0.232979855331));
#5067 = CARTESIAN_POINT('',(-0.679712028593,1.060374335245E-02,
    -0.221516780688));
#5068 = CARTESIAN_POINT('',(-0.814439493872,9.841371683422E-03,
    -0.198853021787));
#5069 = CARTESIAN_POINT('',(-0.870762235092,5.30792386683E-03,
    -0.19393947413));
#5070 = CARTESIAN_POINT('',(-0.924170894077,1.113827741638E-02,
    -0.190164354434));
#5071 = CARTESIAN_POINT('',(-0.979757214421,3.998251194315E-03,
    -0.178142025832));
#5072 = CARTESIAN_POINT('',(-1.035715843861,7.989337979942E-03,
    -0.179690868469));
#5073 = CARTESIAN_POINT('',(-1.090096475199,4.813923176296E-03,
    -0.171969907122));
#5074 = CARTESIAN_POINT('',(-0.140072685044,1.844105274816E-02,
    -0.281090141016));
#5075 = CARTESIAN_POINT('',(-0.219464880853,1.222343230445E-02,
    -0.282714340987));
#5076 = CARTESIAN_POINT('',(-0.306845441023,2.903911782027E-02,
    -0.26022863447));
#5077 = CARTESIAN_POINT('',(-0.378529419797,7.063616162298E-03,
    -0.255147645934));
#5078 = CARTESIAN_POINT('',(-0.464910641462,1.639498354117E-02,
    -0.248430764755));
#5079 = CARTESIAN_POINT('',(-0.543143347446,1.313566474725E-02,
    -0.233265828936));
#5080 = CARTESIAN_POINT('',(-0.679712028593,1.031832532788E-02,
    -0.22178601468));
#5081 = CARTESIAN_POINT('',(-0.814439493872,9.465178842909E-03,
    -0.199111768889));
#5082 = CARTESIAN_POINT('',(-0.870762235093,5.316576909126E-03,
    -0.194299004972));
#5083 = CARTESIAN_POINT('',(-0.924170894077,1.049249824623E-02,
    -0.190230840304));
#5084 = CARTESIAN_POINT('',(-0.979757214421,4.060962070988E-03,
    -0.178482417955));
#5085 = CARTESIAN_POINT('',(-1.035715843861,7.680391040739E-03,
    -0.17986681135));
#5086 = CARTESIAN_POINT('',(-1.090096475199,4.772711384874E-03,
    -0.172187193466));
#5087 = CARTESIAN_POINT('',(-0.140072685044,1.108272851392E-02,
    -0.285144227852));
#5088 = CARTESIAN_POINT('',(-0.219464880853,7.018513761722E-03,
    -0.284302670906));
#5089 = CARTESIAN_POINT('',(-0.306845441023,1.817564788542E-02,
    -0.267313837749));
#5090 = CARTESIAN_POINT('',(-0.378529419797,3.250078565727E-03,
    -0.257098794858));
#5091 = CARTESIAN_POINT('',(-0.464910641462,1.079777470472E-02,
    -0.252505075831));
#5092 = CARTESIAN_POINT('',(-0.543143347446,7.301766265228E-03,
    -0.236887503111));
#5093 = CARTESIAN_POINT('',(-0.679712028593,6.815229190598E-03,
    -0.224989197006));
#5094 = CARTESIAN_POINT('',(-0.814439493872,4.907649607227E-03,
    -0.20246121536));
#5095 = CARTESIAN_POINT('',(-0.870762235092,5.35009235328E-03,
    -0.19895188818));
#5096 = CARTESIAN_POINT('',(-0.924170894077,2.743368890221E-03,
    -0.19101563082));
#5097 = CARTESIAN_POINT('',(-0.97975721442,4.742519773828E-03,
    -0.182814992979));
#5098 = CARTESIAN_POINT('',(-1.035715843861,3.927523038665E-03,
    -0.182017548416));
#5099 = CARTESIAN_POINT('',(-1.090096475199,4.208890005145E-03,
    -0.174895340002));
#5100 = CARTESIAN_POINT('',(-0.140072685044,4.731461499121E-03,
    -0.288464993168));
#5101 = CARTESIAN_POINT('',(-0.219464880853,2.813650798162E-03,
    -0.282585156282));
#5102 = CARTESIAN_POINT('',(-0.306845441023,8.179298394924E-03,
    -0.276880981351));
#5103 = CARTESIAN_POINT('',(-0.378529419797,7.655256493511E-04,
    -0.257358350843));
#5104 = CARTESIAN_POINT('',(-0.464910641462,5.247042225677E-03,
    -0.255753806195));
#5105 = CARTESIAN_POINT('',(-0.543143347446,2.710597232249E-03,
    -0.240775037733));
#5106 = CARTESIAN_POINT('',(-0.679712028593,3.332319207605E-03,
    -0.227301154184));
#5107 = CARTESIAN_POINT('',(-0.814439493872,1.546404176774E-03,
    -0.206840363284));
#5108 = CARTESIAN_POINT('',(-0.870762235092,3.845606517362E-03,
    -0.209848429175));
#5109 = CARTESIAN_POINT('',(-0.924170894078,-1.383166810671E-03,
    -0.18606916957));
#5110 = CARTESIAN_POINT('',(-0.97975721442,3.604641808583E-03,
    -0.192614342906));
#5111 = CARTESIAN_POINT('',(-1.035715843861,1.100501242831E-03,
    -0.182246211636));
#5112 = CARTESIAN_POINT('',(-1.090096475199,2.701714911572E-03,
    -0.178197234467));
#5113 = CARTESIAN_POINT('',(-0.140072685044,1.734723475977E-18,
    -0.284962122344));
#5114 = CARTESIAN_POINT('',(-0.219464880853,-3.598972149747E-16,
    -0.280374714612));
#5115 = CARTESIAN_POINT('',(-0.306845441023,6.452763771324E-16,
    -0.271493490186));
#5116 = CARTESIAN_POINT('',(-0.378529419797,-6.270846468964E-16,
    -0.255710722478));
#5117 = CARTESIAN_POINT('',(-0.464910641462,3.724812787901E-16,
    -0.252356986069));
#5118 = CARTESIAN_POINT('',(-0.543143347446,-1.019813670046E-16,
    -0.238002727962));
#5119 = CARTESIAN_POINT('',(-0.679712028593,7.161093643579E-17,
    -0.224746784011));
#5120 = CARTESIAN_POINT('',(-0.814439493872,-3.11866081004E-17,
    -0.204498471304));
#5121 = CARTESIAN_POINT('',(-0.870762235092,2.000997032452E-17,
    -0.205714065515));
#5122 = CARTESIAN_POINT('',(-0.924170894077,-2.717295736849E-17,
    -0.186229036527));
#5123 = CARTESIAN_POINT('',(-0.97975721442,3.238525657076E-17,
    -0.188950682501));
#5124 = CARTESIAN_POINT('',(-1.035715843861,-8.310570293245E-18,
    -0.18201018687));
#5125 = CARTESIAN_POINT('',(-1.090096475199,1.301042606983E-18,
    -0.177135215021));
#5126 = DEFINITIONAL_REPRESENTATION('',(#5127),#5307);
#5127 = B_SPLINE_CURVE_WITH_KNOTS('',8,(#5128,#5129,#5130,#5131,#5132,
    #5133,#5134,#5135,#5136,#5137,#5138,#5139,#5140,#5141,#5142,#5143,
    #5144,#5145,#5146,#5147,#5148,#5149,#5150,#5151,#5152,#5153,#5154,
    #5155,#5156,#5157,#5158,#5159,#5160,#5161,#5162,#5163,#5164,#5165,
    #5166,#5167,#5168,#5169,#5170,#5171,#5172,#5173,#5174,#5175,#5176,
    #5177,#5178,#5179,#5180,#5181,#5182,#5183,#5184,#5185,#5186,#5187,
    #5188,#5189,#5190,#5191,#5192,#5193,#5194,#5195,#5196,#5197,#5198,
    #5199,#5200,#5201,#5202,#5203,#5204,#5205,#5206,#5207,#5208,#5209,
    #5210,#5211,#5212,#5213,#5214,#5215,#5216,#5217,#5218,#5219,#5220,
    #5221,#5222,#5223,#5224,#5225,#5226,#5227,#5228,#5229,#5230,#5231,
    #5232,#5233,#5234,#5235,#5236,#5237,#5238,#5239,#5240,#5241,#5242,
    #5243,#5244,#5245,#5246,#5247,#5248,#5249,#5250,#5251,#5252,#5253,
    #5254,#5255,#5256,#5257,#5258,#5259,#5260,#5261,#5262,#5263,#5264,
    #5265,#5266,#5267,#5268,#5269,#5270,#5271,#5272,#5273,#5274,#5275,
    #5276,#5277,#5278,#5279,#5280,#5281,#5282,#5283,#5284,#5285,#5286,
    #5287,#5288,#5289,#5290,#5291,#5292,#5293,#5294,#5295,#5296,#5297,
    #5298,#5299,#5300,#5301,#5302,#5303,#5304,#5305,#5306),
  .UNSPECIFIED.,.F.,.F.,(9,7,7,7,7,7,7,7,8,8,8,8,8,8,8,8,8,7,7,7,7,7,7,7
    ,9),(0.,4.498953736779E-02,7.206736658904E-02,0.110377705683,
    0.141173553962,0.176609088649,0.186821619957,0.204701794672,
    0.213761457714,0.258750995081,0.303740532449,0.348730069817,
    0.393719607185,0.438709144553,0.48369868192,0.528688219288,
    0.573677756656,0.618667294024,0.635046166755,0.6550012634,
    0.729288102462,0.784424790906,0.859284394648,0.91219510524,1.),
  .UNSPECIFIED.);
#5128 = CARTESIAN_POINT('',(0.559108481451,0.726928891152));
#5129 = CARTESIAN_POINT('',(0.558763335303,0.722703059118));
#5130 = CARTESIAN_POINT('',(0.558354278936,0.718479199906));
#5131 = CARTESIAN_POINT('',(0.557882311069,0.714257702565));
#5132 = CARTESIAN_POINT('',(0.557348994102,0.7100380455));
#5133 = CARTESIAN_POINT('',(0.556757057139,0.705819571434));
#5134 = CARTESIAN_POINT('',(0.55611076362,0.701601760042));
#5135 = CARTESIAN_POINT('',(0.555416043556,0.69738399825));
#5136 = CARTESIAN_POINT('',(0.554237661335,0.690625499384));
#5137 = CARTESIAN_POINT('',(0.553780019255,0.688085730961));
#5138 = CARTESIAN_POINT('',(0.553309222777,0.685545263126));
#5139 = CARTESIAN_POINT('',(0.552827121753,0.683003841472));
#5140 = CARTESIAN_POINT('',(0.552335657255,0.680461236994));
#5141 = CARTESIAN_POINT('',(0.551836861573,0.67791724609));
#5142 = CARTESIAN_POINT('',(0.551332858214,0.675371690559));
#5143 = CARTESIAN_POINT('',(0.550108677689,0.669220474308));
#5144 = CARTESIAN_POINT('',(0.549384636937,0.665613319687));
#5145 = CARTESIAN_POINT('',(0.548661444584,0.662002219486));
#5146 = CARTESIAN_POINT('',(0.547943129165,0.658387605275));
#5147 = CARTESIAN_POINT('',(0.547233593668,0.654770078225));
#5148 = CARTESIAN_POINT('',(0.546537590648,0.651150029064));
#5149 = CARTESIAN_POINT('',(0.545859121603,0.647527874218));
#5150 = CARTESIAN_POINT('',(0.54466531329,0.640992578141));
#5151 = CARTESIAN_POINT('',(0.544143837639,0.638079828997));
#5152 = CARTESIAN_POINT('',(0.54363309564,0.635167144434));
#5153 = CARTESIAN_POINT('',(0.543131477731,0.632255342423));
#5154 = CARTESIAN_POINT('',(0.542635502808,0.629345575186));
#5155 = CARTESIAN_POINT('',(0.542139818228,0.626439329192));
#5156 = CARTESIAN_POINT('',(0.541637199809,0.623538425157));
#5157 = CARTESIAN_POINT('',(0.540521473495,0.617315700807));
#5158 = CARTESIAN_POINT('',(0.539903364555,0.613996778905));
#5159 = CARTESIAN_POINT('',(0.53924806256,0.610691685223));
#5160 = CARTESIAN_POINT('',(0.538538146484,0.607404682652));
#5161 = CARTESIAN_POINT('',(0.537750603662,0.604142614631));
#5162 = CARTESIAN_POINT('',(0.536856673737,0.600914528941));
#5163 = CARTESIAN_POINT('',(0.53582586959,0.59772917474));
#5164 = CARTESIAN_POINT('',(0.534290823962,0.593685768767));
#5165 = CARTESIAN_POINT('',(0.533933837997,0.592785013828));
#5166 = CARTESIAN_POINT('',(0.53356331935,0.59188805041));
#5167 = CARTESIAN_POINT('',(0.53317942617,0.590994754835));
#5168 = CARTESIAN_POINT('',(0.532782372784,0.590104937365));
#5169 = CARTESIAN_POINT('',(0.532372429703,0.58921834221));
#5170 = CARTESIAN_POINT('',(0.531949923619,0.588334647522));
#5171 = CARTESIAN_POINT('',(0.53075436882,0.585910653128));
#5172 = CARTESIAN_POINT('',(0.5299557042,0.584375956279));
#5173 = CARTESIAN_POINT('',(0.529122530419,0.582846123421));
#5174 = CARTESIAN_POINT('',(0.528255800507,0.581320125598));
#5175 = CARTESIAN_POINT('',(0.527355918651,0.579797747402));
#5176 = CARTESIAN_POINT('',(0.526423367799,0.578279029341));
#5177 = CARTESIAN_POINT('',(0.525458179883,0.57676456149));
#5178 = CARTESIAN_POINT('',(0.523951523908,0.574492592967));
#5179 = CARTESIAN_POINT('',(0.523436427994,0.573729945257));
#5180 = CARTESIAN_POINT('',(0.522912331372,0.572969147986));
#5181 = CARTESIAN_POINT('',(0.522379052535,0.572210464128));
#5182 = CARTESIAN_POINT('',(0.521836563112,0.571454112846));
#5183 = CARTESIAN_POINT('',(0.521284692991,0.570700425375));
#5184 = CARTESIAN_POINT('',(0.520722835429,0.569950000906));
#5185 = CARTESIAN_POINT('',(0.52014965217,0.569203862475));
#5186 = CARTESIAN_POINT('',(0.519533295082,0.568401735134));
#5187 = CARTESIAN_POINT('',(0.518904067187,0.567604540626));
#5188 = CARTESIAN_POINT('',(0.518260831675,0.56681312237));
#5189 = CARTESIAN_POINT('',(0.517602170624,0.56602865379));
#5190 = CARTESIAN_POINT('',(0.516926384992,0.565252638321));
#5191 = CARTESIAN_POINT('',(0.516231494624,0.564486909405));
#5192 = CARTESIAN_POINT('',(0.515515238249,0.563733630491));
#5193 = CARTESIAN_POINT('',(0.514775073478,0.562995295039));
#5194 = CARTESIAN_POINT('',(0.514362864761,0.562584412525));
#5195 = CARTESIAN_POINT('',(0.513943200478,0.562178300058));
#5196 = CARTESIAN_POINT('',(0.513515562539,0.561777410894));
#5197 = CARTESIAN_POINT('',(0.513079412607,0.561382315435));
#5198 = CARTESIAN_POINT('',(0.512634192098,0.560993701226));
#5199 = CARTESIAN_POINT('',(0.512179322182,0.560612372959));
#5200 = CARTESIAN_POINT('',(0.511714203784,0.560239252469));
#5201 = CARTESIAN_POINT('',(0.51123821758,0.55987537874));
#5202 = CARTESIAN_POINT('',(0.51074449271,0.559497866147));
#5203 = CARTESIAN_POINT('',(0.510239771962,0.559129845722));
#5204 = CARTESIAN_POINT('',(0.509723166369,0.558772553385));
#5205 = CARTESIAN_POINT('',(0.509193923242,0.558427404199));
#5206 = CARTESIAN_POINT('',(0.508651426174,0.558095992364));
#5207 = CARTESIAN_POINT('',(0.508095195038,0.557780091226));
#5208 = CARTESIAN_POINT('',(0.507524885989,0.557481653269));
#5209 = CARTESIAN_POINT('',(0.50694029146,0.557202810119));
#5210 = CARTESIAN_POINT('',(0.506373348209,0.556932471155));
#5211 = CARTESIAN_POINT('',(0.505793158864,0.556681133834));
#5212 = CARTESIAN_POINT('',(0.505199153059,0.556450735348));
#5213 = CARTESIAN_POINT('',(0.504591650986,0.556243513634));
#5214 = CARTESIAN_POINT('',(0.503971660064,0.556061886401));
#5215 = CARTESIAN_POINT('',(0.503340671615,0.555908330156));
#5216 = CARTESIAN_POINT('',(0.502700457535,0.555785259231));
#5217 = CARTESIAN_POINT('',(0.502052866967,0.555694904811));
#5218 = CARTESIAN_POINT('',(0.5013966187,0.555603260989));
#5219 = CARTESIAN_POINT('',(0.500732700631,0.555543414666));
#5220 = CARTESIAN_POINT('',(0.500065042281,0.55551788149));
#5221 = CARTESIAN_POINT('',(0.499396565505,0.555528309386));
#5222 = CARTESIAN_POINT('',(0.498730083827,0.555574309606));
#5223 = CARTESIAN_POINT('',(0.498068663828,0.555653720676));
#5224 = CARTESIAN_POINT('',(0.497415448579,0.555764305251));
#5225 = CARTESIAN_POINT('',(0.496772943117,0.555906879856));
#5226 = CARTESIAN_POINT('',(0.496099903313,0.556055929492));
#5227 = CARTESIAN_POINT('',(0.495437612255,0.556238238631));
#5228 = CARTESIAN_POINT('',(0.494788635805,0.556450918911));
#5229 = CARTESIAN_POINT('',(0.494154491616,0.556691164484));
#5230 = CARTESIAN_POINT('',(0.493535849051,0.55695623568));
#5231 = CARTESIAN_POINT('',(0.492932729093,0.557243442673));
#5232 = CARTESIAN_POINT('',(0.492344704263,0.557550129145));
#5233 = CARTESIAN_POINT('',(0.491771098535,0.557873655951));
#5234 = CARTESIAN_POINT('',(0.491112482031,0.558244947118));
#5235 = CARTESIAN_POINT('',(0.490473780713,0.558639173665));
#5236 = CARTESIAN_POINT('',(0.48985339036,0.559052843183));
#5237 = CARTESIAN_POINT('',(0.489250158548,0.559483096819));
#5238 = CARTESIAN_POINT('',(0.488663236937,0.559927665811));
#5239 = CARTESIAN_POINT('',(0.488091933558,0.560384828022));
#5240 = CARTESIAN_POINT('',(0.487535565104,0.560853364462));
#5241 = CARTESIAN_POINT('',(0.48699330922,0.561332515829));
#5242 = CARTESIAN_POINT('',(0.48632960461,0.561918731837));
#5243 = CARTESIAN_POINT('',(0.48568613922,0.562519463542));
#5244 = CARTESIAN_POINT('',(0.485061582878,0.563132963134));
#5245 = CARTESIAN_POINT('',(0.484454163817,0.563757300991));
#5246 = CARTESIAN_POINT('',(0.483862001879,0.564390612743));
#5247 = CARTESIAN_POINT('',(0.483283441727,0.565031346337));
#5248 = CARTESIAN_POINT('',(0.482717386045,0.565678509096));
#5249 = CARTESIAN_POINT('',(0.482163628753,0.566331914785));
#5250 = CARTESIAN_POINT('',(0.480597120632,0.568180341183));
#5251 = CARTESIAN_POINT('',(0.479120590836,0.570072034738));
#5252 = CARTESIAN_POINT('',(0.477727705462,0.571997069491));
#5253 = CARTESIAN_POINT('',(0.476367819661,0.573923354809));
#5254 = CARTESIAN_POINT('',(0.475082197238,0.575870274006));
#5255 = CARTESIAN_POINT('',(0.473845002984,0.577820690508));
#5256 = CARTESIAN_POINT('',(0.47266302355,0.579777893403));
#5257 = CARTESIAN_POINT('',(0.47112628844,0.582456907395));
#5258 = CARTESIAN_POINT('',(0.470723449483,0.583172819632));
#5259 = CARTESIAN_POINT('',(0.470327989735,0.583889635342));
#5260 = CARTESIAN_POINT('',(0.469940011602,0.584607412483));
#5261 = CARTESIAN_POINT('',(0.469559651058,0.585326264709));
#5262 = CARTESIAN_POINT('',(0.46918707765,0.586046361375));
#5263 = CARTESIAN_POINT('',(0.468822494495,0.586767927531));
#5264 = CARTESIAN_POINT('',(0.468031928233,0.588372481418));
#5265 = CARTESIAN_POINT('',(0.467609908599,0.589256244066));
#5266 = CARTESIAN_POINT('',(0.467200462017,0.590142917715));
#5267 = CARTESIAN_POINT('',(0.466803914225,0.59103282224));
#5268 = CARTESIAN_POINT('',(0.466420534058,0.591926211548));
#5269 = CARTESIAN_POINT('',(0.46605053345,0.592823273583));
#5270 = CARTESIAN_POINT('',(0.465694067433,0.593724130319));
#5271 = CARTESIAN_POINT('',(0.464074516684,0.597996779687));
#5272 = CARTESIAN_POINT('',(0.462983064492,0.601418265552));
#5273 = CARTESIAN_POINT('',(0.462046369674,0.604888295953));
#5274 = CARTESIAN_POINT('',(0.461226768782,0.608395956045));
#5275 = CARTESIAN_POINT('',(0.460489388915,0.611930205305));
#5276 = CARTESIAN_POINT('',(0.459806981806,0.615482986202));
#5277 = CARTESIAN_POINT('',(0.459159645869,0.61904965178));
#5278 = CARTESIAN_POINT('',(0.45806185119,0.62528165817));
#5279 = CARTESIAN_POINT('',(0.457603884702,0.627941956754));
#5280 = CARTESIAN_POINT('',(0.45714922092,0.63060609093));
#5281 = CARTESIAN_POINT('',(0.456692839393,0.633272768149));
#5282 = CARTESIAN_POINT('',(0.456231015062,0.635940920291));
#5283 = CARTESIAN_POINT('',(0.455761318252,0.638609703671));
#5284 = CARTESIAN_POINT('',(0.455282614676,0.64127849903));
#5285 = CARTESIAN_POINT('',(0.454133042755,0.647569839874));
#5286 = CARTESIAN_POINT('',(0.453454399254,0.651191944136));
#5287 = CARTESIAN_POINT('',(0.452758257136,0.654811939935));
#5288 = CARTESIAN_POINT('',(0.452048619962,0.658429409689));
#5289 = CARTESIAN_POINT('',(0.45133023461,0.66204396068));
#5290 = CARTESIAN_POINT('',(0.450607008962,0.665654993651));
#5291 = CARTESIAN_POINT('',(0.449882985343,0.669262081929));
#5292 = CARTESIAN_POINT('',(0.448658923887,0.675413178277));
#5293 = CARTESIAN_POINT('',(0.448154996366,0.677958679362));
#5294 = CARTESIAN_POINT('',(0.447656302146,0.680502617844));
#5295 = CARTESIAN_POINT('',(0.447164964512,0.683045172445));
#5296 = CARTESIAN_POINT('',(0.446683015004,0.685586547107));
#5297 = CARTESIAN_POINT('',(0.446212393422,0.688126970989));
#5298 = CARTESIAN_POINT('',(0.445754947824,0.690666698472));
#5299 = CARTESIAN_POINT('',(0.444578051189,0.697419972871));
#5300 = CARTESIAN_POINT('',(0.443884470806,0.701632669596));
#5301 = CARTESIAN_POINT('',(0.443239339577,0.705845245862));
#5302 = CARTESIAN_POINT('',(0.442648445992,0.710058542702));
#5303 = CARTESIAN_POINT('',(0.442115962223,0.714273164486));
#5304 = CARTESIAN_POINT('',(0.441644685516,0.71848954776));
#5305 = CARTESIAN_POINT('',(0.441236279579,0.722708030083));
#5306 = CARTESIAN_POINT('',(0.440891515979,0.726928918866));
#5307 = ( GEOMETRIC_REPRESENTATION_CONTEXT(2) 
PARAMETRIC_REPRESENTATION_CONTEXT() REPRESENTATION_CONTEXT('2D SPACE',''
  ) );
#5308 = ORIENTED_EDGE('',*,*,#5309,.T.);
#5309 = EDGE_CURVE('',#975,#5310,#5312,.T.);
#5310 = VERTEX_POINT('',#5311);
#5311 = CARTESIAN_POINT('',(-0.950900937755,-1.631537812735E-02,
    -2.33E-02));
#5312 = SURFACE_CURVE('',#5313,(#5455,#5462),.PCURVE_S1.);
#5313 = B_SPLINE_CURVE_WITH_KNOTS('',3,(#5314,#5315,#5316,#5317,#5318,
    #5319,#5320,#5321,#5322,#5323,#5324,#5325,#5326,#5327,#5328,#5329,
    #5330,#5331,#5332,#5333,#5334,#5335,#5336,#5337,#5338,#5339,#5340,
    #5341,#5342,#5343,#5344,#5345,#5346,#5347,#5348,#5349,#5350,#5351,
    #5352,#5353,#5354,#5355,#5356,#5357,#5358,#5359,#5360,#5361,#5362,
    #5363,#5364,#5365,#5366,#5367,#5368,#5369,#5370,#5371,#5372,#5373,
    #5374,#5375,#5376,#5377,#5378,#5379,#5380,#5381,#5382,#5383,#5384,
    #5385,#5386,#5387,#5388,#5389,#5390,#5391,#5392,#5393,#5394,#5395,
    #5396,#5397,#5398,#5399,#5400,#5401,#5402,#5403,#5404,#5405,#5406,
    #5407,#5408,#5409,#5410,#5411,#5412,#5413,#5414,#5415,#5416,#5417,
    #5418,#5419,#5420,#5421,#5422,#5423,#5424,#5425,#5426,#5427,#5428,
    #5429,#5430,#5431,#5432,#5433,#5434,#5435,#5436,#5437,#5438,#5439,
    #5440,#5441,#5442,#5443,#5444,#5445,#5446,#5447,#5448,#5449,#5450,
    #5451,#5452,#5453,#5454),.UNSPECIFIED.,.F.,.F.,(4,1,1,1,1,1,1,1,1,1,
    1,1,1,1,1,1,1,1,1,1,1,1,1,1,1,1,1,1,1,1,1,1,1,1,1,1,1,1,1,1,1,1,1,1,
    1,1,1,1,1,1,1,1,1,1,1,1,1,1,1,1,1,1,1,1,1,1,1,1,1,1,1,1,1,1,1,1,1,1,
    1,1,1,1,1,1,1,1,1,1,1,1,1,1,1,1,1,1,1,1,1,1,1,1,1,1,1,1,1,1,1,1,1,1,
    1,1,1,1,1,1,1,1,1,1,1,1,1,1,1,1,1,1,1,1,1,1,1,1,1,1,4),(0.,
    2.210862529794E-04,8.838704065969E-04,1.9869300457E-03,
    3.527899125828E-03,5.503474868851E-03,7.909427269837E-03,
    1.074061107732E-02,1.399098008216E-02,1.765360353133E-02,
    2.172068447295E-02,2.618357983733E-02,3.1032822066E-02,
    3.62581421149E-02,4.184849367842E-02,4.779207850595E-02,
    5.407637271061E-02,6.068815399898E-02,6.761352977996E-02,
    7.483796613821E-02,8.234631768283E-02,9.012285830376E-02,
    9.815131288608E-02,0.106414890046,0.114896315962,0.123577869376,
    0.132441417849,0.141468455331,0.150640141119,0.159937340236,
    0.169340665269,0.178830519644,0.188387142321,0.197990653808,
    0.207621103408,0.217258517501,0.226882948685,0.236474525499,
    0.246013502445,0.25548030999,0.264855604202,0.274120315678,
    0.283255697439,0.292243371503,0.301065373925,0.309704198164,
    0.318142836793,0.326364821702,0.334354263163,0.342095888341,
    0.349575080147,0.356777917702,0.363691220108,0.370302595872,
    0.376600501167,0.382574311285,0.388214411474,0.393512316055,
    0.398460829005,0.403054266139,0.407288770313,0.411162769975,
    0.414677663056,0.417838860963,0.420657411415,0.423152533958,
    0.425355482969,0.427314892264,0.429102305739,0.430813198288,
    0.432524090837,0.434311504312,0.436270913607,0.438473862618,
    0.440968985161,0.443787535613,0.44694873352,0.450463626601,
    0.454337626263,0.458572130437,0.463165567571,0.468114080521,
    0.473411985102,0.479052085291,0.485025895409,0.491323800704,
    0.497935176468,0.504848478874,0.512051316429,0.519530508235,
    0.527272133413,0.535261574874,0.543483559783,0.551922198412,
    0.560561022651,0.569383025073,0.578370699137,0.587506080898,
    0.596770792374,0.606146086586,0.615612894131,0.625151871077,
    0.634743447891,0.644367879075,0.654005293168,0.663635742768,
    0.673239254255,0.682795876932,0.692285731307,0.70168905634,
    0.710986255457,0.720157941245,0.729184978727,0.7380485272,
    0.746730080614,0.75521150653,0.76347508369,0.771503538272,
    0.779280078893,0.786788430438,0.794012866796,0.800938242577,
    0.807550023865,0.81383431807,0.819777902898,0.825368254461,
    0.83059357451,0.835442816739,0.839905712103,0.843972793045,
    0.847635416494,0.850885785499,0.853716969306,0.856122921707,
    0.85809849745,0.85963946653,0.860742526169,0.861405310323,
    0.861626396576),.UNSPECIFIED.);
#5314 = CARTESIAN_POINT('',(-1.086364494589,5.323962744646E-04,-2.33E-02
    ));
#5315 = CARTESIAN_POINT('',(-1.08629151405,5.426361738388E-04,-2.33E-02)
  );
#5316 = CARTESIAN_POINT('',(-1.085999746755,5.8356090739E-04,-2.33E-02)
  );
#5317 = CARTESIAN_POINT('',(-1.085343841164,6.754435653005E-04,-2.33E-02
    ));
#5318 = CARTESIAN_POINT('',(-1.084252175326,8.279789401174E-04,-2.33E-02
    ));
#5319 = CARTESIAN_POINT('',(-1.0827270112,1.040272629453E-03,-2.33E-02)
  );
#5320 = CARTESIAN_POINT('',(-1.080771509007,1.311090511886E-03,-2.33E-02
    ));
#5321 = CARTESIAN_POINT('',(-1.078389720732,1.638876055546E-03,-2.33E-02
    ));
#5322 = CARTESIAN_POINT('',(-1.075586581773,2.021771556094E-03,-2.33E-02
    ));
#5323 = CARTESIAN_POINT('',(-1.07236790077,2.457642593497E-03,-2.33E-02)
  );
#5324 = CARTESIAN_POINT('',(-1.06874034763,2.944104895734E-03,-2.33E-02)
  );
#5325 = CARTESIAN_POINT('',(-1.064711439757,3.478552725502E-03,-2.33E-02
    ));
#5326 = CARTESIAN_POINT('',(-1.060289526525,4.058187867474E-03,-2.33E-02
    ));
#5327 = CARTESIAN_POINT('',(-1.055483772025,4.680048289686E-03,-2.33E-02
    ));
#5328 = CARTESIAN_POINT('',(-1.050304136101,5.341035583787E-03,-2.33E-02
    ));
#5329 = CARTESIAN_POINT('',(-1.04476135374,6.037940354147E-03,-2.33E-02)
  );
#5330 = CARTESIAN_POINT('',(-1.038866912835,6.767464823135E-03,-2.33E-02
    ));
#5331 = CARTESIAN_POINT('',(-1.032633030376,7.526242045695E-03,-2.33E-02
    ));
#5332 = CARTESIAN_POINT('',(-1.02607262712,8.310851276463E-03,-2.33E-02)
  );
#5333 = CARTESIAN_POINT('',(-1.019199300789,9.117829201571E-03,-2.33E-02
    ));
#5334 = CARTESIAN_POINT('',(-1.012027297857,9.943676928915E-03,-2.33E-02
    ));
#5335 = CARTESIAN_POINT('',(-1.004571483979,1.078486281845E-02,-2.33E-02
    ));
#5336 = CARTESIAN_POINT('',(-0.996847313133,1.163782142105E-02,-2.33E-02
    ));
#5337 = CARTESIAN_POINT('',(-0.988870795533,1.249894897358E-02,-2.33E-02
    ));
#5338 = CARTESIAN_POINT('',(-0.980658464385,1.336459606247E-02,-2.33E-02
    ));
#5339 = CARTESIAN_POINT('',(-0.972227341559,1.423105821183E-02,-2.33E-02
    ));
#5340 = CARTESIAN_POINT('',(-0.96359490224,1.509456526872E-02,-2.33E-02)
  );
#5341 = CARTESIAN_POINT('',(-0.954779038647,1.595127054442E-02,-2.33E-02
    ));
#5342 = CARTESIAN_POINT('',(-0.94579802288,1.679724071999E-02,-2.33E-02)
  );
#5343 = CARTESIAN_POINT('',(-0.936670468996,1.762844753741E-02,-2.33E-02
    ));
#5344 = CARTESIAN_POINT('',(-0.927415294369,1.844076227059E-02,-2.33E-02
    ));
#5345 = CARTESIAN_POINT('',(-0.918051680438,1.922995390445E-02,-2.33E-02
    ));
#5346 = CARTESIAN_POINT('',(-0.908599032913,1.999169184722E-02,-2.33E-02
    ));
#5347 = CARTESIAN_POINT('',(-0.899076941533,2.07215538622E-02,-2.33E-02)
  );
#5348 = CARTESIAN_POINT('',(-0.889505139451,2.14150397362E-02,-2.33E-02)
  );
#5349 = CARTESIAN_POINT('',(-0.879903462342,2.206759100688E-02,-2.33E-02
    ));
#5350 = CARTESIAN_POINT('',(-0.87029180731,2.26746168567E-02,-2.33E-02)
  );
#5351 = CARTESIAN_POINT('',(-0.860690091687,2.323152605421E-02,-2.33E-02
    ));
#5352 = CARTESIAN_POINT('',(-0.8511182118,2.373376459129E-02,-2.33E-02)
  );
#5353 = CARTESIAN_POINT('',(-0.841596001795,2.417685843564E-02,-2.33E-02
    ));
#5354 = CARTESIAN_POINT('',(-0.832143192586,2.45564605992E-02,-2.33E-02)
  );
#5355 = CARTESIAN_POINT('',(-0.822779371026,2.486840152262E-02,-2.33E-02
    ));
#5356 = CARTESIAN_POINT('',(-0.813523939358,2.510874160143E-02,-2.33E-02
    ));
#5357 = CARTESIAN_POINT('',(-0.804396075022,2.527382453643E-02,-2.33E-02
    ));
#5358 = CARTESIAN_POINT('',(-0.795414690895,2.53603300863E-02,-2.33E-02)
  );
#5359 = CARTESIAN_POINT('',(-0.786598396024,2.53653247372E-02,-2.33E-02)
  );
#5360 = CARTESIAN_POINT('',(-0.777965456909,2.528630878721E-02,-2.33E-02
    ));
#5361 = CARTESIAN_POINT('',(-0.769533759407,2.512125837323E-02,-2.33E-02
    ));
#5362 = CARTESIAN_POINT('',(-0.761320771289,2.486866104589E-02,-2.33E-02
    ));
#5363 = CARTESIAN_POINT('',(-0.753343505511,2.452754362219E-02,-2.33E-02
    ));
#5364 = CARTESIAN_POINT('',(-0.745618484213,2.409749121358E-02,-2.33E-02
    ));
#5365 = CARTESIAN_POINT('',(-0.73816170346,2.35786565344E-02,-2.33E-02)
  );
#5366 = CARTESIAN_POINT('',(-0.73098859872,2.297175883586E-02,-2.33E-02)
  );
#5367 = CARTESIAN_POINT('',(-0.724114010994,2.227807207553E-02,-2.33E-02
    ));
#5368 = CARTESIAN_POINT('',(-0.717552153491,2.149940220954E-02,-2.33E-02
    ));
#5369 = CARTESIAN_POINT('',(-0.711316578601,2.063805376897E-02,-2.33E-02
    ));
#5370 = CARTESIAN_POINT('',(-0.705420144783,1.969678612589E-02,-2.33E-02
    ));
#5371 = CARTESIAN_POINT('',(-0.69987498269,1.867876002378E-02,-2.33E-02)
  );
#5372 = CARTESIAN_POINT('',(-0.694692459493,1.758747496074E-02,-2.33E-02
    ));
#5373 = CARTESIAN_POINT('',(-0.689883139688,1.642669769365E-02,-2.33E-02
    ));
#5374 = CARTESIAN_POINT('',(-0.685456739704,1.52003811676E-02,-2.33E-02)
  );
#5375 = CARTESIAN_POINT('',(-0.681422072343,1.391257069622E-02,-2.33E-02
    ));
#5376 = CARTESIAN_POINT('',(-0.677786975477,1.256728908099E-02,-2.33E-02
    ));
#5377 = CARTESIAN_POINT('',(-0.674558220213,1.116837985568E-02,-2.33E-02
    ));
#5378 = CARTESIAN_POINT('',(-0.671741400634,9.719266698573E-03,-2.33E-02
    ));
#5379 = CARTESIAN_POINT('',(-0.669340853448,8.22253505735E-03,-2.33E-02)
  );
#5380 = CARTESIAN_POINT('',(-0.667359776356,6.679222164438E-03,-2.33E-02
    ));
#5381 = CARTESIAN_POINT('',(-0.665801152725,5.087709973811E-03,-2.33E-02
    ));
#5382 = CARTESIAN_POINT('',(-0.66467050039,3.443266308351E-03,-2.33E-02)
  );
#5383 = CARTESIAN_POINT('',(-0.663981008444,1.741107869662E-03,-2.33E-02
    ));
#5384 = CARTESIAN_POINT('',(-0.663752824973,8.666470651742E-20,-2.33E-02
    ));
#5385 = CARTESIAN_POINT('',(-0.663981008444,-1.741107869662E-03,
    -2.33E-02));
#5386 = CARTESIAN_POINT('',(-0.66467050039,-3.443266308351E-03,-2.33E-02
    ));
#5387 = CARTESIAN_POINT('',(-0.665801152725,-5.087709973811E-03,
    -2.33E-02));
#5388 = CARTESIAN_POINT('',(-0.667359776356,-6.679222164438E-03,
    -2.33E-02));
#5389 = CARTESIAN_POINT('',(-0.669340853448,-8.22253505735E-03,-2.33E-02
    ));
#5390 = CARTESIAN_POINT('',(-0.671741400634,-9.719266698573E-03,
    -2.33E-02));
#5391 = CARTESIAN_POINT('',(-0.674558220213,-1.116837985568E-02,
    -2.33E-02));
#5392 = CARTESIAN_POINT('',(-0.677786975477,-1.256728908099E-02,
    -2.33E-02));
#5393 = CARTESIAN_POINT('',(-0.681422072343,-1.391257069622E-02,
    -2.33E-02));
#5394 = CARTESIAN_POINT('',(-0.685456739704,-1.52003811676E-02,-2.33E-02
    ));
#5395 = CARTESIAN_POINT('',(-0.689883139688,-1.642669769365E-02,
    -2.33E-02));
#5396 = CARTESIAN_POINT('',(-0.694692459493,-1.758747496074E-02,
    -2.33E-02));
#5397 = CARTESIAN_POINT('',(-0.69987498269,-1.867876002378E-02,-2.33E-02
    ));
#5398 = CARTESIAN_POINT('',(-0.705420144783,-1.969678612589E-02,
    -2.33E-02));
#5399 = CARTESIAN_POINT('',(-0.711316578601,-2.063805376897E-02,
    -2.33E-02));
#5400 = CARTESIAN_POINT('',(-0.717552153491,-2.149940220954E-02,
    -2.33E-02));
#5401 = CARTESIAN_POINT('',(-0.724114010994,-2.227807207553E-02,
    -2.33E-02));
#5402 = CARTESIAN_POINT('',(-0.73098859872,-2.297175883586E-02,-2.33E-02
    ));
#5403 = CARTESIAN_POINT('',(-0.73816170346,-2.35786565344E-02,-2.33E-02)
  );
#5404 = CARTESIAN_POINT('',(-0.745618484213,-2.409749121358E-02,
    -2.33E-02));
#5405 = CARTESIAN_POINT('',(-0.753343505511,-2.452754362219E-02,
    -2.33E-02));
#5406 = CARTESIAN_POINT('',(-0.761320771289,-2.486866104589E-02,
    -2.33E-02));
#5407 = CARTESIAN_POINT('',(-0.769533759407,-2.512125837323E-02,
    -2.33E-02));
#5408 = CARTESIAN_POINT('',(-0.777965456909,-2.528630878721E-02,
    -2.33E-02));
#5409 = CARTESIAN_POINT('',(-0.786598396024,-2.53653247372E-02,-2.33E-02
    ));
#5410 = CARTESIAN_POINT('',(-0.795414690895,-2.53603300863E-02,-2.33E-02
    ));
#5411 = CARTESIAN_POINT('',(-0.804396075022,-2.527382453643E-02,
    -2.33E-02));
#5412 = CARTESIAN_POINT('',(-0.813523939358,-2.510874160143E-02,
    -2.33E-02));
#5413 = CARTESIAN_POINT('',(-0.822779371026,-2.486840152262E-02,
    -2.33E-02));
#5414 = CARTESIAN_POINT('',(-0.832143192586,-2.45564605992E-02,-2.33E-02
    ));
#5415 = CARTESIAN_POINT('',(-0.841596001795,-2.417685843564E-02,
    -2.33E-02));
#5416 = CARTESIAN_POINT('',(-0.8511182118,-2.373376459129E-02,-2.33E-02)
  );
#5417 = CARTESIAN_POINT('',(-0.860690091687,-2.323152605421E-02,
    -2.33E-02));
#5418 = CARTESIAN_POINT('',(-0.87029180731,-2.26746168567E-02,-2.33E-02)
  );
#5419 = CARTESIAN_POINT('',(-0.879903462342,-2.206759100688E-02,
    -2.33E-02));
#5420 = CARTESIAN_POINT('',(-0.889505139451,-2.14150397362E-02,-2.33E-02
    ));
#5421 = CARTESIAN_POINT('',(-0.899076941533,-2.07215538622E-02,-2.33E-02
    ));
#5422 = CARTESIAN_POINT('',(-0.908599032913,-1.999169184722E-02,
    -2.33E-02));
#5423 = CARTESIAN_POINT('',(-0.918051680438,-1.922995390445E-02,
    -2.33E-02));
#5424 = CARTESIAN_POINT('',(-0.927415294369,-1.844076227059E-02,
    -2.33E-02));
#5425 = CARTESIAN_POINT('',(-0.936670468996,-1.762844753741E-02,
    -2.33E-02));
#5426 = CARTESIAN_POINT('',(-0.94579802288,-1.679724071999E-02,-2.33E-02
    ));
#5427 = CARTESIAN_POINT('',(-0.954779038647,-1.595127054442E-02,
    -2.33E-02));
#5428 = CARTESIAN_POINT('',(-0.96359490224,-1.509456526872E-02,-2.33E-02
    ));
#5429 = CARTESIAN_POINT('',(-0.972227341559,-1.423105821183E-02,
    -2.33E-02));
#5430 = CARTESIAN_POINT('',(-0.980658464385,-1.336459606247E-02,
    -2.33E-02));
#5431 = CARTESIAN_POINT('',(-0.988870795533,-1.249894897358E-02,
    -2.33E-02));
#5432 = CARTESIAN_POINT('',(-0.996847313133,-1.163782142105E-02,
    -2.33E-02));
#5433 = CARTESIAN_POINT('',(-1.004571483979,-1.078486281845E-02,
    -2.33E-02));
#5434 = CARTESIAN_POINT('',(-1.012027297857,-9.943676928915E-03,
    -2.33E-02));
#5435 = CARTESIAN_POINT('',(-1.019199300789,-9.117829201571E-03,
    -2.33E-02));
#5436 = CARTESIAN_POINT('',(-1.02607262712,-8.310851276463E-03,-2.33E-02
    ));
#5437 = CARTESIAN_POINT('',(-1.032633030376,-7.526242045695E-03,
    -2.33E-02));
#5438 = CARTESIAN_POINT('',(-1.038866912835,-6.767464823135E-03,
    -2.33E-02));
#5439 = CARTESIAN_POINT('',(-1.04476135374,-6.037940354147E-03,-2.33E-02
    ));
#5440 = CARTESIAN_POINT('',(-1.050304136101,-5.341035583787E-03,
    -2.33E-02));
#5441 = CARTESIAN_POINT('',(-1.055483772025,-4.680048289686E-03,
    -2.33E-02));
#5442 = CARTESIAN_POINT('',(-1.060289526525,-4.058187867474E-03,
    -2.33E-02));
#5443 = CARTESIAN_POINT('',(-1.064711439757,-3.478552725502E-03,
    -2.33E-02));
#5444 = CARTESIAN_POINT('',(-1.06874034763,-2.944104895734E-03,-2.33E-02
    ));
#5445 = CARTESIAN_POINT('',(-1.07236790077,-2.457642593497E-03,-2.33E-02
    ));
#5446 = CARTESIAN_POINT('',(-1.075586581773,-2.021771556094E-03,
    -2.33E-02));
#5447 = CARTESIAN_POINT('',(-1.078389720732,-1.638876055546E-03,
    -2.33E-02));
#5448 = CARTESIAN_POINT('',(-1.080771509007,-1.311090511886E-03,
    -2.33E-02));
#5449 = CARTESIAN_POINT('',(-1.0827270112,-1.040272629453E-03,-2.33E-02)
  );
#5450 = CARTESIAN_POINT('',(-1.084252175326,-8.279789401174E-04,
    -2.33E-02));
#5451 = CARTESIAN_POINT('',(-1.085343841164,-6.754435653005E-04,
    -2.33E-02));
#5452 = CARTESIAN_POINT('',(-1.085999746755,-5.8356090739E-04,-2.33E-02)
  );
#5453 = CARTESIAN_POINT('',(-1.08629151405,-5.426361738388E-04,-2.33E-02
    ));
#5454 = CARTESIAN_POINT('',(-1.086364494589,-5.323962744646E-04,
    -2.33E-02));
#5455 = PCURVE('',#170,#5456);
#5456 = DEFINITIONAL_REPRESENTATION('',(#5457),#5461);
#5457 = LINE('',#5458,#5459);
#5458 = CARTESIAN_POINT('',(0.,0.));
#5459 = VECTOR('',#5460,1.);
#5460 = DIRECTION('',(1.,0.));
#5461 = ( GEOMETRIC_REPRESENTATION_CONTEXT(2) 
PARAMETRIC_REPRESENTATION_CONTEXT() REPRESENTATION_CONTEXT('2D SPACE',''
  ) );
#5462 = PCURVE('',#5463,#5468);
#5463 = PLANE('',#5464);
#5464 = AXIS2_PLACEMENT_3D('',#5465,#5466,#5467);
#5465 = CARTESIAN_POINT('',(-1.086364494589,5.323962744646E-04,-2.33E-02
    ));
#5466 = DIRECTION('',(-8.330255857484E-18,-9.465145658321E-17,-1.));
#5467 = DIRECTION('',(0.999999206201,-1.259998999813E-03,
    -8.210988504309E-18));
#5468 = DEFINITIONAL_REPRESENTATION('',(#5469),#5611);
#5469 = B_SPLINE_CURVE_WITH_KNOTS('',3,(#5470,#5471,#5472,#5473,#5474,
    #5475,#5476,#5477,#5478,#5479,#5480,#5481,#5482,#5483,#5484,#5485,
    #5486,#5487,#5488,#5489,#5490,#5491,#5492,#5493,#5494,#5495,#5496,
    #5497,#5498,#5499,#5500,#5501,#5502,#5503,#5504,#5505,#5506,#5507,
    #5508,#5509,#5510,#5511,#5512,#5513,#5514,#5515,#5516,#5517,#5518,
    #5519,#5520,#5521,#5522,#5523,#5524,#5525,#5526,#5527,#5528,#5529,
    #5530,#5531,#5532,#5533,#5534,#5535,#5536,#5537,#5538,#5539,#5540,
    #5541,#5542,#5543,#5544,#5545,#5546,#5547,#5548,#5549,#5550,#5551,
    #5552,#5553,#5554,#5555,#5556,#5557,#5558,#5559,#5560,#5561,#5562,
    #5563,#5564,#5565,#5566,#5567,#5568,#5569,#5570,#5571,#5572,#5573,
    #5574,#5575,#5576,#5577,#5578,#5579,#5580,#5581,#5582,#5583,#5584,
    #5585,#5586,#5587,#5588,#5589,#5590,#5591,#5592,#5593,#5594,#5595,
    #5596,#5597,#5598,#5599,#5600,#5601,#5602,#5603,#5604,#5605,#5606,
    #5607,#5608,#5609,#5610),.UNSPECIFIED.,.F.,.F.,(4,1,1,1,1,1,1,1,1,1,
    1,1,1,1,1,1,1,1,1,1,1,1,1,1,1,1,1,1,1,1,1,1,1,1,1,1,1,1,1,1,1,1,1,1,
    1,1,1,1,1,1,1,1,1,1,1,1,1,1,1,1,1,1,1,1,1,1,1,1,1,1,1,1,1,1,1,1,1,1,
    1,1,1,1,1,1,1,1,1,1,1,1,1,1,1,1,1,1,1,1,1,1,1,1,1,1,1,1,1,1,1,1,1,1,
    1,1,1,1,1,1,1,1,1,1,1,1,1,1,1,1,1,1,1,1,1,1,1,1,1,1,4),(0.,
    2.210862529794E-04,8.838704065969E-04,1.9869300457E-03,
    3.527899125828E-03,5.503474868851E-03,7.909427269837E-03,
    1.074061107732E-02,1.399098008216E-02,1.765360353133E-02,
    2.172068447295E-02,2.618357983733E-02,3.1032822066E-02,
    3.62581421149E-02,4.184849367842E-02,4.779207850595E-02,
    5.407637271061E-02,6.068815399898E-02,6.761352977996E-02,
    7.483796613821E-02,8.234631768283E-02,9.012285830376E-02,
    9.815131288608E-02,0.106414890046,0.114896315962,0.123577869376,
    0.132441417849,0.141468455331,0.150640141119,0.159937340236,
    0.169340665269,0.178830519644,0.188387142321,0.197990653808,
    0.207621103408,0.217258517501,0.226882948685,0.236474525499,
    0.246013502445,0.25548030999,0.264855604202,0.274120315678,
    0.283255697439,0.292243371503,0.301065373925,0.309704198164,
    0.318142836793,0.326364821702,0.334354263163,0.342095888341,
    0.349575080147,0.356777917702,0.363691220108,0.370302595872,
    0.376600501167,0.382574311285,0.388214411474,0.393512316055,
    0.398460829005,0.403054266139,0.407288770313,0.411162769975,
    0.414677663056,0.417838860963,0.420657411415,0.423152533958,
    0.425355482969,0.427314892264,0.429102305739,0.430813198288,
    0.432524090837,0.434311504312,0.436270913607,0.438473862618,
    0.440968985161,0.443787535613,0.44694873352,0.450463626601,
    0.454337626263,0.458572130437,0.463165567571,0.468114080521,
    0.473411985102,0.479052085291,0.485025895409,0.491323800704,
    0.497935176468,0.504848478874,0.512051316429,0.519530508235,
    0.527272133413,0.535261574874,0.543483559783,0.551922198412,
    0.560561022651,0.569383025073,0.578370699137,0.587506080898,
    0.596770792374,0.606146086586,0.615612894131,0.625151871077,
    0.634743447891,0.644367879075,0.654005293168,0.663635742768,
    0.673239254255,0.682795876932,0.692285731307,0.70168905634,
    0.710986255457,0.720157941245,0.729184978727,0.7380485272,
    0.746730080614,0.75521150653,0.76347508369,0.771503538272,
    0.779280078893,0.786788430438,0.794012866796,0.800938242577,
    0.807550023865,0.81383431807,0.819777902898,0.825368254461,
    0.83059357451,0.835442816739,0.839905712103,0.843972793045,
    0.847635416494,0.850885785499,0.853716969306,0.856122921707,
    0.85809849745,0.85963946653,0.860742526169,0.861405310323,
    0.861626396576),.UNSPECIFIED.);
#5470 = CARTESIAN_POINT('',(0.,0.));
#5471 = CARTESIAN_POINT('',(7.296757859288E-05,-1.033184665159E-05));
#5472 = CARTESIAN_POINT('',(3.646830775168E-04,-5.162417421753E-05));
#5473 = CARTESIAN_POINT('',(1.020472375322E-03,-1.443331995797E-04));
#5474 = CARTESIAN_POINT('',(2.111945151996E-03,-2.982439511777E-04));
#5475 = CARTESIAN_POINT('',(3.636840578252E-03,-5.124591772693E-04));
#5476 = CARTESIAN_POINT('',(5.591999988267E-03,-7.85740775534E-04));
#5477 = CARTESIAN_POINT('',(7.973373363158E-03,-1.116527109842E-03));
#5478 = CARTESIAN_POINT('',(1.077602764954E-02,-1.502954258733E-03));
#5479 = CARTESIAN_POINT('',(1.399415689996E-02,-1.942880484987E-03));
#5480 = CARTESIAN_POINT('',(1.762109421834E-02,-2.433913114398E-03));
#5481 = CARTESIAN_POINT('',(2.164932548995E-02,-2.973436939813E-03));
#5482 = CARTESIAN_POINT('',(2.607050487164E-02,-3.558643227919E-03));
#5483 = CARTESIAN_POINT('',(3.0875472014E-02,-4.186558402364E-03));
#5484 = CARTESIAN_POINT('',(3.605427098298E-02,-4.854071507857E-03));
#5485 = CARTESIAN_POINT('',(4.159617084436E-02,-5.557959625245E-03));
#5486 = CARTESIAN_POINT('',(4.748968787019E-02,-6.294910504782E-03));
#5487 = CARTESIAN_POINT('',(5.372260932235E-02,-7.061541810689E-03));
#5488 = CARTESIAN_POINT('',(6.028201876423E-02,-7.854416520176E-03));
#5489 = CARTESIAN_POINT('',(6.715432284776E-02,-8.670054189009E-03));
#5490 = CARTESIAN_POINT('',(7.432527951944E-02,-9.504937977316E-03));
#5491 = CARTESIAN_POINT('',(8.178002758545E-02,-1.035551751715E-02));
#5492 = CARTESIAN_POINT('',(8.950311757297E-02,-1.121820789021E-02));
#5493 = CARTESIAN_POINT('',(9.747854382151E-02,-1.208938516337E-02));
#5494 = CARTESIAN_POINT('',(0.105689777736,-1.296537909415E-02));
#5495 = CARTESIAN_POINT('',(0.114119802128,-1.384246376204E-02));
#5496 = CARTESIAN_POINT('',(0.122751146576,-1.471684699839E-02));
#5497 = CARTESIAN_POINT('',(0.131565923724,-1.558465957335E-02));
#5498 = CARTESIAN_POINT('',(0.14054586644,-1.644194514826E-02));
#5499 = CARTESIAN_POINT('',(0.149672365759,-1.728465201465E-02));
#5500 = CARTESIAN_POINT('',(0.158926509523,-1.810862761378E-02));
#5501 = CARTESIAN_POINT('',(0.168289121641,-1.890961676537E-02));
#5502 = CARTESIAN_POINT('',(0.177740801873,-1.96832644299E-02));
#5503 = CARTESIAN_POINT('',(0.187261966069,-2.042512369113E-02));
#5504 = CARTESIAN_POINT('',(0.196832886761,-2.113066947569E-02));
#5505 = CARTESIAN_POINT('',(0.206433734035,-2.179531833193E-02));
#5506 = CARTESIAN_POINT('',(0.216044616585,-2.241445437562E-02));
#5507 = CARTESIAN_POINT('',(0.225645622882,-2.298346128314E-02));
#5508 = CARTESIAN_POINT('',(0.23521686235,-2.349775998062E-02));
#5509 = CARTESIAN_POINT('',(0.244738506499,-2.395285144833E-02));
#5510 = CARTESIAN_POINT('',(0.254190829906,-2.434436384071E-02));
#5511 = CARTESIAN_POINT('',(0.263554250987,-2.466810292232E-02));
#5512 = CARTESIAN_POINT('',(0.27280937248,-2.492010464498E-02));
#5513 = CARTESIAN_POINT('',(0.281937021566,-2.509668854887E-02));
#5514 = CARTESIAN_POINT('',(0.290918289566,-2.519451056509E-02));
#5515 = CARTESIAN_POINT('',(0.299734571146,-2.521061373475E-02));
#5516 = CARTESIAN_POINT('',(0.308367602968,-2.514247534213E-02));
#5517 = CARTESIAN_POINT('',(0.31679950174,-2.498804898959E-02));
#5518 = CARTESIAN_POINT('',(0.325012801611,-2.474580021957E-02));
#5519 = CARTESIAN_POINT('',(0.332990490864,-2.441473441356E-02));
#5520 = CARTESIAN_POINT('',(0.340716047897,-2.399441586543E-02));
#5521 = CARTESIAN_POINT('',(0.348173476461,-2.348497713439E-02));
#5522 = CARTESIAN_POINT('',(0.355347340198,-2.288711802241E-02));
#5523 = CARTESIAN_POINT('',(0.362222796511,-2.220209378638E-02));
#5524 = CARTESIAN_POINT('',(0.368785629929,-2.143169247239E-02));
#5525 = CARTESIAN_POINT('',(0.375022285167,-2.057820153368E-02));
#5526 = CARTESIAN_POINT('',(0.380919900301,-1.964436413849E-02));
#5527 = CARTESIAN_POINT('',(0.386466340704,-1.863332574318E-02));
#5528 = CARTESIAN_POINT('',(0.391650234805,-1.754857152044E-02));
#5529 = CARTESIAN_POINT('',(0.396461013371,-1.639385491293E-02));
#5530 = CARTESIAN_POINT('',(0.400888954999,-1.517311661988E-02));
#5531 = CARTESIAN_POINT('',(0.404925241797,-1.38903908476E-02));
#5532 = CARTESIAN_POINT('',(0.408562030831,-1.254969051867E-02));
#5533 = CARTESIAN_POINT('',(0.411792546156,-1.115485063222E-02));
#5534 = CARTESIAN_POINT('',(0.41461118938,-9.709287815262E-03));
#5535 = CARTESIAN_POINT('',(0.417013620541,-8.215582049197E-03));
#5536 = CARTESIAN_POINT('',(0.418996640633,-6.67476653652E-03));
#5537 = CARTESIAN_POINT('',(0.42055726833,-5.085219473449E-03));
#5538 = CARTESIAN_POINT('',(0.421689991766,-3.442201734159E-03));
#5539 = CARTESIAN_POINT('',(0.422381627882,-1.740913405804E-03));
#5540 = CARTESIAN_POINT('',(0.422612004966,-9.442917707253E-08));
#5541 = CARTESIAN_POINT('',(0.422386015471,1.74129956934E-03));
#5542 = CARTESIAN_POINT('',(0.42169866879,3.44432541602E-03));
#5543 = CARTESIAN_POINT('',(0.420570089349,5.090192396934E-03));
#5544 = CARTESIAN_POINT('',(0.419013472259,6.683667188437E-03));
#5545 = CARTESIAN_POINT('',(0.417034341313,8.229475011423E-03));
#5546 = CARTESIAN_POINT('',(0.414635681913,9.729230151594E-03));
#5547 = CARTESIAN_POINT('',(0.411820690451,1.118189134825E-02));
#5548 = CARTESIAN_POINT('',(0.408593700374,1.258486769151E-02));
#5549 = CARTESIAN_POINT('',(0.404960301447,1.393472845728E-02));
#5550 = CARTESIAN_POINT('',(0.400927259929,1.522762158323E-02));
#5551 = CARTESIAN_POINT('',(0.396502408616,1.645951439538E-02));
#5552 = CARTESIAN_POINT('',(0.391694555207,1.762635047919E-02));
#5553 = CARTESIAN_POINT('',(0.386513411142,1.872416465001E-02));
#5554 = CARTESIAN_POINT('',(0.380969536162,1.974917684271E-02));
#5555 = CARTESIAN_POINT('',(0.375074293021,2.069787323932E-02));
#5556 = CARTESIAN_POINT('',(0.36883980838,2.156707781428E-02));
#5557 = CARTESIAN_POINT('',(0.362278937208,2.235401499606E-02));
#5558 = CARTESIAN_POINT('',(0.355405228984,2.30563631794E-02));
#5559 = CARTESIAN_POINT('',(0.348232894629,2.367229850098E-02));
#5560 = CARTESIAN_POINT('',(0.340776773526,2.42005283046E-02));
#5561 = CARTESIAN_POINT('',(0.333052300225,2.464031389095E-02));
#5562 = CARTESIAN_POINT('',(0.325075470587,2.499148239076E-02));
#5563 = CARTESIAN_POINT('',(0.316862807261,2.525442787441E-02));
#5564 = CARTESIAN_POINT('',(0.308431324415,2.543010208779E-02));
#5565 = CARTESIAN_POINT('',(0.299798491713,2.551999546971E-02));
#5566 = CARTESIAN_POINT('',(0.290982197547,2.552610934549E-02));
#5567 = CARTESIAN_POINT('',(0.282000711553,2.545092039931E-02));
#5568 = CARTESIAN_POINT('',(0.272872646458,2.529733869528E-02));
#5569 = CARTESIAN_POINT('',(0.263616919309,2.50686606419E-02));
#5570 = CARTESIAN_POINT('',(0.254252712137,2.47685183719E-02));
#5571 = CARTESIAN_POINT('',(0.244799432134,2.440082703981E-02));
#5572 = CARTESIAN_POINT('',(0.235276671389,2.396973152227E-02));
#5573 = CARTESIAN_POINT('',(0.225704166281,2.347955394296E-02));
#5574 = CARTESIAN_POINT('',(0.216101756574,2.29347433396E-02));
#5575 = CARTESIAN_POINT('',(0.20648934432,2.233982864736E-02));
#5576 = CARTESIAN_POINT('',(0.196886852618,2.169937599823E-02));
#5577 = CARTESIAN_POINT('',(0.187314184343,2.101795113577E-02));
#5578 = CARTESIAN_POINT('',(0.177791180896,2.030008752577E-02));
#5579 = CARTESIAN_POINT('',(0.168337581086,1.955026051409E-02));
#5580 = CARTESIAN_POINT('',(0.158972980207,1.877286765088E-02));
#5581 = CARTESIAN_POINT('',(0.149716789411,1.797221507329E-02));
#5582 = CARTESIAN_POINT('',(0.140588195453,1.715250962444E-02));
#5583 = CARTESIAN_POINT('',(0.131606120894,1.631785619129E-02));
#5584 = CARTESIAN_POINT('',(0.12278918485,1.547225957495E-02));
#5585 = CARTESIAN_POINT('',(0.114155664366,1.461963006842E-02));
#5586 = CARTESIAN_POINT('',(0.105723456491,1.376379181319E-02));
#5587 = CARTESIAN_POINT('',(9.751004114792E-02,1.290849294047E-02));
#5588 = CARTESIAN_POINT('',(8.953244485967E-02,1.205741647571E-02));
#5589 = CARTESIAN_POINT('',(8.180720541818E-02,1.121419099773E-02));
#5590 = CARTESIAN_POINT('',(7.435033756541E-02,1.038240009395E-02));
#5591 = CARTESIAN_POINT('',(6.717729975911E-02,9.565589738685E-03));
#5592 = CARTESIAN_POINT('',(6.030296209282E-02,8.767272838458E-03));
#5593 = CARTESIAN_POINT('',(5.374157543725E-02,7.990930332053E-03));
#5594 = CARTESIAN_POINT('',(4.750674186801E-02,7.240008397473E-03));
#5595 = CARTESIAN_POINT('',(4.161138644198E-02,6.517911497225E-03));
#5596 = CARTESIAN_POINT('',(3.606773038197E-02,5.827991180298E-03));
#5597 = CARTESIAN_POINT('',(3.088726572632E-02,5.173530746973E-03));
#5598 = CARTESIAN_POINT('',(2.608073149694E-02,4.557726064256E-03));
#5599 = CARTESIAN_POINT('',(2.165809143586E-02,3.983662988647E-03));
#5600 = CARTESIAN_POINT('',(1.762851335679E-02,3.454292003015E-03));
#5601 = CARTESIAN_POINT('',(1.400035015438E-02,2.972400800259E-03));
#5602 = CARTESIAN_POINT('',(1.078112250982E-02,2.540585643694E-03));
#5603 = CARTESIAN_POINT('',(7.977503327539E-03,2.161222399373E-03));
#5604 = CARTESIAN_POINT('',(5.595303933734E-03,1.836438166754E-03));
#5605 = CARTESIAN_POINT('',(3.639462063197E-03,1.568084430102E-03));
#5606 = CARTESIAN_POINT('',(2.114031657269E-03,1.357712614559E-03));
#5607 = CARTESIAN_POINT('',(1.022174491755E-03,1.206552858688E-03));
#5608 = CARTESIAN_POINT('',(3.661536498365E-04,1.115496714102E-03));
#5609 = CARTESIAN_POINT('',(7.433502066534E-05,1.074939639538E-03));
#5610 = CARTESIAN_POINT('',(1.341637546837E-06,1.064791703698E-03));
#5611 = ( GEOMETRIC_REPRESENTATION_CONTEXT(2) 
PARAMETRIC_REPRESENTATION_CONTEXT() REPRESENTATION_CONTEXT('2D SPACE',''
  ) );
#5612 = ORIENTED_EDGE('',*,*,#5613,.T.);
#5613 = EDGE_CURVE('',#5310,#24,#5614,.T.);
#5614 = SURFACE_CURVE('',#5615,(#5636,#5660),.PCURVE_S1.);
#5615 = B_SPLINE_CURVE_WITH_KNOTS('',7,(#5616,#5617,#5618,#5619,#5620,
    #5621,#5622,#5623,#5624,#5625,#5626,#5627,#5628,#5629,#5630,#5631,
    #5632,#5633,#5634,#5635),.UNSPECIFIED.,.F.,.F.,(8,6,6,8),(0.,
    0.518182492676,0.918307392624,1.),.UNSPECIFIED.);
#5616 = CARTESIAN_POINT('',(-0.950900937755,-1.631537812735E-02,
    -2.33E-02));
#5617 = CARTESIAN_POINT('',(-0.958750973171,-1.574374444565E-02,
    1.007522232804E-02));
#5618 = CARTESIAN_POINT('',(-0.966601687817,-1.517026543565E-02,
    4.340911243896E-02));
#5619 = CARTESIAN_POINT('',(-0.974450748968,-1.459484223876E-02,
    7.669592253663E-02));
#5620 = CARTESIAN_POINT('',(-0.982294402093,-1.401740045313E-02,
    0.109923126408));
#5621 = CARTESIAN_POINT('',(-0.990126725974,-1.343780611003E-02,
    0.143069562536));
#5622 = CARTESIAN_POINT('',(-0.997939715469,-1.285593158674E-02,
    0.176105132177));
#5623 = CARTESIAN_POINT('',(-1.011728605913,-1.181980659025E-02,
    0.234368709213));
#5624 = CARTESIAN_POINT('',(-1.017713572912,-1.136698097493E-02,
    0.259644109645));
#5625 = CARTESIAN_POINT('',(-1.023673633956,-1.091225263141E-02,
    0.284803783112));
#5626 = CARTESIAN_POINT('',(-1.02960039611,-1.045532997421E-02,
    0.30981615179));
#5627 = CARTESIAN_POINT('',(-1.035477640623,-9.996046937546E-03,
    0.334618049355));
#5628 = CARTESIAN_POINT('',(-1.041280177786,-9.534330332395E-03,
    0.359111314928));
#5629 = CARTESIAN_POINT('',(-1.048128751019,-8.974351299838E-03,
    0.388045719568));
#5630 = CARTESIAN_POINT('',(-1.049284995017,-8.879278584891E-03,
    0.392931623614));
#5631 = CARTESIAN_POINT('',(-1.050435910536,-8.784075370311E-03,
    0.397796048698));
#5632 = CARTESIAN_POINT('',(-1.051581046925,-8.688739501703E-03,
    0.40263722695));
#5633 = CARTESIAN_POINT('',(-1.052719893389,-8.593269421785E-03,
    0.407453150367));
#5634 = CARTESIAN_POINT('',(-1.053851878987,-8.497664170383E-03,
    0.412241570808));
#5635 = CARTESIAN_POINT('',(-1.054976372631,-8.401923384433E-03,0.417));
#5636 = PCURVE('',#170,#5637);
#5637 = DEFINITIONAL_REPRESENTATION('',(#5638),#5659);
#5638 = B_SPLINE_CURVE_WITH_KNOTS('',7,(#5639,#5640,#5641,#5642,#5643,
    #5644,#5645,#5646,#5647,#5648,#5649,#5650,#5651,#5652,#5653,#5654,
    #5655,#5656,#5657,#5658),.UNSPECIFIED.,.F.,.F.,(8,6,6,8),(0.,
    0.518182492676,0.918307392624,1.),.UNSPECIFIED.);
#5639 = CARTESIAN_POINT('',(0.725235333075,0.));
#5640 = CARTESIAN_POINT('',(0.723234357399,7.580109545319E-02));
#5641 = CARTESIAN_POINT('',(0.721029097441,0.151508318053));
#5642 = CARTESIAN_POINT('',(0.718579274838,0.227108613529));
#5643 = CARTESIAN_POINT('',(0.715833257641,0.302573532609));
#5644 = CARTESIAN_POINT('',(0.712718504263,0.37785501371));
#5645 = CARTESIAN_POINT('',(0.709136597395,0.452884697199));
#5646 = CARTESIAN_POINT('',(0.701655874163,0.585211694782));
#5647 = CARTESIAN_POINT('',(0.698017281714,0.642616646933));
#5648 = CARTESIAN_POINT('',(0.69391912931,0.699758762461));
#5649 = CARTESIAN_POINT('',(0.689255057575,0.756566322484));
#5650 = CARTESIAN_POINT('',(0.683883404297,0.81289586499));
#5651 = CARTESIAN_POINT('',(0.677600336781,0.868524449076));
#5652 = CARTESIAN_POINT('',(0.668565339131,0.9342396538));
#5653 = CARTESIAN_POINT('',(0.666982779092,0.945336415202));
#5654 = CARTESIAN_POINT('',(0.665346997315,0.956384394045));
#5655 = CARTESIAN_POINT('',(0.663655340102,0.967379575177));
#5656 = CARTESIAN_POINT('',(0.661905054022,0.978317398062));
#5657 = CARTESIAN_POINT('',(0.660093285915,0.989192756774));
#5658 = CARTESIAN_POINT('',(0.658217082887,1.));
#5659 = ( GEOMETRIC_REPRESENTATION_CONTEXT(2) 
PARAMETRIC_REPRESENTATION_CONTEXT() REPRESENTATION_CONTEXT('2D SPACE',''
  ) );
#5660 = PCURVE('',#647,#5661);
#5661 = DEFINITIONAL_REPRESENTATION('',(#5662),#5683);
#5662 = B_SPLINE_CURVE_WITH_KNOTS('',7,(#5663,#5664,#5665,#5666,#5667,
    #5668,#5669,#5670,#5671,#5672,#5673,#5674,#5675,#5676,#5677,#5678,
    #5679,#5680,#5681,#5682),.UNSPECIFIED.,.F.,.F.,(8,6,6,8),(0.,
    0.518182492676,0.918307392624,1.),.UNSPECIFIED.);
#5663 = CARTESIAN_POINT('',(-1.785720239939,-4.297749126581E-02));
#5664 = CARTESIAN_POINT('',(-1.801110573163,-7.726319382864E-02));
#5665 = CARTESIAN_POINT('',(-1.8170601771,-0.111508858663));
#5666 = CARTESIAN_POINT('',(-1.83370315362,-0.145708353235));
#5667 = CARTESIAN_POINT('',(-1.851189144905,-0.17984862054));
#5668 = CARTESIAN_POINT('',(-1.869715242172,-0.213907702799));
#5669 = CARTESIAN_POINT('',(-1.889518852723,-0.247854464054));
#5670 = CARTESIAN_POINT('',(-1.927574640099,-0.307727268443));
#5671 = CARTESIAN_POINT('',(-1.945140991011,-0.333701512832));
#5672 = CARTESIAN_POINT('',(-1.963881066973,-0.35955741202));
#5673 = CARTESIAN_POINT('',(-1.984026457963,-0.385262301851));
#5674 = CARTESIAN_POINT('',(-2.005879398817,-0.410750975705));
#5675 = CARTESIAN_POINT('',(-2.029843479268,-0.435922105407));
#5676 = CARTESIAN_POINT('',(-2.062064902937,-0.465655868032));
#5677 = CARTESIAN_POINT('',(-2.067644013999,-0.47067670257));
#5678 = CARTESIAN_POINT('',(-2.073344509419,-0.475675407799));
#5679 = CARTESIAN_POINT('',(-2.079172217853,-0.480650159505));
#5680 = CARTESIAN_POINT('',(-2.085133350906,-0.485598885938));
#5681 = CARTESIAN_POINT('',(-2.091234503128,-0.490519267818));
#5682 = CARTESIAN_POINT('',(-2.09748265202,-0.49540873833));
#5683 = ( GEOMETRIC_REPRESENTATION_CONTEXT(2) 
PARAMETRIC_REPRESENTATION_CONTEXT() REPRESENTATION_CONTEXT('2D SPACE',''
  ) );
#5684 = FACE_BOUND('',#5685,.F.);
#5685 = EDGE_LOOP('',(#5686));
#5686 = ORIENTED_EDGE('',*,*,#5687,.F.);
#5687 = EDGE_CURVE('',#5688,#5688,#5690,.T.);
#5688 = VERTEX_POINT('',#5689);
#5689 = CARTESIAN_POINT('',(-0.957,1.615913217036E-02,0.1325));
#5690 = SURFACE_CURVE('',#5691,(#5712,#5763),.PCURVE_S1.);
#5691 = B_SPLINE_CURVE_WITH_KNOTS('',6,(#5692,#5693,#5694,#5695,#5696,
    #5697,#5698,#5699,#5700,#5701,#5702,#5703,#5704,#5705,#5706,#5707,
    #5708,#5709,#5710,#5711),.UNSPECIFIED.,.T.,.F.,(7,5,3,5,7),(0.,
    0.47028140907,1.,1.525539850243,2.095276989275),.UNSPECIFIED.);
#5692 = CARTESIAN_POINT('',(-0.957,1.615913217036E-02,0.1325));
#5693 = CARTESIAN_POINT('',(-0.958292764951,1.606224125497E-02,0.1325));
#5694 = CARTESIAN_POINT('',(-0.959585464827,1.59647428776E-02,
    0.132135410384));
#5695 = CARTESIAN_POINT('',(-0.960749942347,1.587579065633E-02,
    0.131405936295));
#5696 = CARTESIAN_POINT('',(-0.961656112321,1.58054363027E-02,
    0.130373035867));
#5697 = CARTESIAN_POINT('',(-0.962222614372,1.576107927357E-02,
    0.129155306879));
#5698 = CARTESIAN_POINT('',(-0.962662036672,1.572645230208E-02,
    0.126441898241));
#5699 = CARTESIAN_POINT('',(-0.962438266578,1.57437273832E-02,
    0.124930747457));
#5700 = CARTESIAN_POINT('',(-0.961728019049,1.579977653881E-02,
    0.123526090162));
#5701 = CARTESIAN_POINT('',(-0.959480339517,1.597830683505E-02,
    0.121339474914));
#5702 = CARTESIAN_POINT('',(-0.956252063786,1.623022362252E-02,
    0.120868582171));
#5703 = CARTESIAN_POINT('',(-0.953475765863,1.643864211602E-02,
    0.122317012011));
#5704 = CARTESIAN_POINT('',(-0.952399521226,1.651657808135E-02,
    0.123445824963));
#5705 = CARTESIAN_POINT('',(-0.951750354911,1.656167900745E-02,
    0.124814126433));
#5706 = CARTESIAN_POINT('',(-0.951337093256,1.658586959251E-02,
    0.12779627947));
#5707 = CARTESIAN_POINT('',(-0.95165199557,1.655908460967E-02,
    0.129420749791));
#5708 = CARTESIAN_POINT('',(-0.952529271982,1.649211983229E-02,
    0.130893734259));
#5709 = CARTESIAN_POINT('',(-0.953867852077,1.639300044454E-02,
    0.131965018542));
#5710 = CARTESIAN_POINT('',(-0.955433839053,1.627651373125E-02,0.1325));
#5711 = CARTESIAN_POINT('',(-0.957,1.615913217036E-02,0.1325));
#5712 = PCURVE('',#170,#5713);
#5713 = DEFINITIONAL_REPRESENTATION('',(#5714),#5762);
#5714 = B_SPLINE_CURVE_WITH_KNOTS('',3,(#5715,#5716,#5717,#5718,#5719,
    #5720,#5721,#5722,#5723,#5724,#5725,#5726,#5727,#5728,#5729,#5730,
    #5731,#5732,#5733,#5734,#5735,#5736,#5737,#5738,#5739,#5740,#5741,
    #5742,#5743,#5744,#5745,#5746,#5747,#5748,#5749,#5750,#5751,#5752,
    #5753,#5754,#5755,#5756,#5757,#5758,#5759,#5760,#5761),
  .UNSPECIFIED.,.T.,.F.,(4,1,1,1,1,1,1,1,1,1,1,1,1,1,1,1,1,1,1,1,1,1,1,1
    ,1,1,1,1,1,1,1,1,1,1,1,1,1,1,1,1,1,1,1,1,4),(0.,4.761993157444E-02,
    9.523986314887E-02,0.142859794723,0.190479726298,0.238099657872,
    0.285719589447,0.333339521021,0.380959452595,0.42857938417,
    0.476199315744,0.523819247319,0.571439178893,0.619059110468,
    0.666679042042,0.714298973617,0.761918905191,0.809538836765,
    0.85715876834,0.904778699914,0.952398631489,1.000018563063,
    1.047638494638,1.095258426212,1.142878357786,1.190498289361,
    1.238118220935,1.28573815251,1.333358084084,1.380978015659,
    1.428597947233,1.476217878808,1.523837810382,1.571457741956,
    1.619077673531,1.666697605105,1.71431753668,1.761937468254,
    1.809557399829,1.857177331403,1.904797262977,1.952417194552,
    2.000037126126,2.047657057701,2.095276989275),
  .QUASI_UNIFORM_KNOTS.);
#5715 = CARTESIAN_POINT('',(0.187486471471,0.353849647967));
#5716 = CARTESIAN_POINT('',(0.187151070147,0.353850076811));
#5717 = CARTESIAN_POINT('',(0.186462540502,0.353764400013));
#5718 = CARTESIAN_POINT('',(0.185398804551,0.353384494148));
#5719 = CARTESIAN_POINT('',(0.184326266376,0.35275943632));
#5720 = CARTESIAN_POINT('',(0.183267416093,0.351902374511));
#5721 = CARTESIAN_POINT('',(0.182244306585,0.350830655607));
#5722 = CARTESIAN_POINT('',(0.181278136706,0.349566121624));
#5723 = CARTESIAN_POINT('',(0.180388780245,0.348134501227));
#5724 = CARTESIAN_POINT('',(0.179594378125,0.346564941448));
#5725 = CARTESIAN_POINT('',(0.178910968009,0.344889411278));
#5726 = CARTESIAN_POINT('',(0.178352147207,0.343142005577));
#5727 = CARTESIAN_POINT('',(0.177928813117,0.341358308882));
#5728 = CARTESIAN_POINT('',(0.177649046694,0.339574573699));
#5729 = CARTESIAN_POINT('',(0.177517924949,0.337827118018));
#5730 = CARTESIAN_POINT('',(0.177537491579,0.336151538069));
#5731 = CARTESIAN_POINT('',(0.177706767034,0.334581945201));
#5732 = CARTESIAN_POINT('',(0.178021817472,0.333150274082));
#5733 = CARTESIAN_POINT('',(0.178475871194,0.331885649615));
#5734 = CARTESIAN_POINT('',(0.179059480616,0.330813815811));
#5735 = CARTESIAN_POINT('',(0.179760726076,0.329956626234));
#5736 = CARTESIAN_POINT('',(0.180565461915,0.329331594365));
#5737 = CARTESIAN_POINT('',(0.181457597848,0.328951510825));
#5738 = CARTESIAN_POINT('',(0.182419441831,0.328824101397));
#5739 = CARTESIAN_POINT('',(0.183431965683,0.32895186993));
#5740 = CARTESIAN_POINT('',(0.184475117224,0.329332148709));
#5741 = CARTESIAN_POINT('',(0.185528244649,0.329957163034));
#5742 = CARTESIAN_POINT('',(0.186570481074,0.3308141946));
#5743 = CARTESIAN_POINT('',(0.187581122248,0.331885828742));
#5744 = CARTESIAN_POINT('',(0.188539994559,0.333150289762));
#5745 = CARTESIAN_POINT('',(0.189427819289,0.334581862363));
#5746 = CARTESIAN_POINT('',(0.190226576028,0.336151402901));
#5747 = CARTESIAN_POINT('',(0.190919866632,0.337826927549));
#5748 = CARTESIAN_POINT('',(0.191493283939,0.339574325357));
#5749 = CARTESIAN_POINT('',(0.191934772767,0.34135801716));
#5750 = CARTESIAN_POINT('',(0.192234764378,0.343141738501));
#5751 = CARTESIAN_POINT('',(0.19238654065,0.3448892029));
#5752 = CARTESIAN_POINT('',(0.192386386996,0.346564793494));
#5753 = CARTESIAN_POINT('',(0.192233713776,0.348134378424));
#5754 = CARTESIAN_POINT('',(0.191931111554,0.34956600892));
#5755 = CARTESIAN_POINT('',(0.191484340981,0.350830559423));
#5756 = CARTESIAN_POINT('',(0.190902257056,0.351902312778));
#5757 = CARTESIAN_POINT('',(0.190196640393,0.352759419027));
#5758 = CARTESIAN_POINT('',(0.189382023887,0.353384510608));
#5759 = CARTESIAN_POINT('',(0.18847517513,0.35376441423));
#5760 = CARTESIAN_POINT('',(0.187822058646,0.353850081726));
#5761 = CARTESIAN_POINT('',(0.187486471471,0.353849647967));
#5762 = ( GEOMETRIC_REPRESENTATION_CONTEXT(2) 
PARAMETRIC_REPRESENTATION_CONTEXT() REPRESENTATION_CONTEXT('2D SPACE',''
  ) );
#5763 = PCURVE('',#5764,#5769);
#5764 = CYLINDRICAL_SURFACE('',#5765,5.5E-03);
#5765 = AXIS2_PLACEMENT_3D('',#5766,#5767,#5768);
#5766 = CARTESIAN_POINT('',(-0.957,-4.030803412778E-02,0.127));
#5767 = DIRECTION('',(0.,1.,0.));
#5768 = DIRECTION('',(0.,-0.,1.));
#5769 = DEFINITIONAL_REPRESENTATION('',(#5770),#5818);
#5770 = B_SPLINE_CURVE_WITH_KNOTS('',3,(#5771,#5772,#5773,#5774,#5775,
    #5776,#5777,#5778,#5779,#5780,#5781,#5782,#5783,#5784,#5785,#5786,
    #5787,#5788,#5789,#5790,#5791,#5792,#5793,#5794,#5795,#5796,#5797,
    #5798,#5799,#5800,#5801,#5802,#5803,#5804,#5805,#5806,#5807,#5808,
    #5809,#5810,#5811,#5812,#5813,#5814,#5815,#5816,#5817),
  .UNSPECIFIED.,.F.,.F.,(4,1,1,1,1,1,1,1,1,1,1,1,1,1,1,1,1,1,1,1,1,1,1,1
    ,1,1,1,1,1,1,1,1,1,1,1,1,1,1,1,1,1,1,1,1,4),(0.,4.761993157444E-02,
    9.523986314887E-02,0.142859794723,0.190479726298,0.238099657872,
    0.285719589447,0.333339521021,0.380959452595,0.42857938417,
    0.476199315744,0.523819247319,0.571439178893,0.619059110468,
    0.666679042042,0.714298973617,0.761918905191,0.809538836765,
    0.85715876834,0.904778699914,0.952398631489,1.000018563063,
    1.047638494638,1.095258426212,1.142878357786,1.190498289361,
    1.238118220935,1.28573815251,1.333358084084,1.380978015659,
    1.428597947233,1.476217878808,1.523837810382,1.571457741956,
    1.619077673531,1.666697605105,1.71431753668,1.761937468254,
    1.809557399829,1.857177331403,1.904797262977,1.952417194552,
    2.000037126126,2.047657057701,2.095276989275),
  .QUASI_UNIFORM_KNOTS.);
#5771 = CARTESIAN_POINT('',(6.28318530718,5.646716629814E-02));
#5772 = CARTESIAN_POINT('',(6.235584452048,5.644754442337E-02));
#5773 = CARTESIAN_POINT('',(6.140382555402,5.640823707067E-02));
#5774 = CARTESIAN_POINT('',(5.997579707154,5.635024181118E-02));
#5775 = CARTESIAN_POINT('',(5.854776785924,5.629437421053E-02));
#5776 = CARTESIAN_POINT('',(5.711975911505,5.624177757194E-02));
#5777 = CARTESIAN_POINT('',(5.569177273992,5.619355049142E-02));
#5778 = CARTESIAN_POINT('',(5.42637969324,5.615072219399E-02));
#5779 = CARTESIAN_POINT('',(5.283582036618,5.61142283553E-02));
#5780 = CARTESIAN_POINT('',(5.140784467887,5.608488761519E-02));
#5781 = CARTESIAN_POINT('',(4.997988927085,5.606337892839E-02));
#5782 = CARTESIAN_POINT('',(4.855193970751,5.605021896523E-02));
#5783 = CARTESIAN_POINT('',(4.712400425151,5.604574260484E-02));
#5784 = CARTESIAN_POINT('',(4.5696042943,5.605010234199E-02));
#5785 = CARTESIAN_POINT('',(4.426805515995,5.60632485048E-02));
#5786 = CARTESIAN_POINT('',(4.284006422853,5.608493160387E-02));
#5787 = CARTESIAN_POINT('',(4.141207570155,5.611470717633E-02));
#5788 = CARTESIAN_POINT('',(3.998407494793,5.615194558845E-02));
#5789 = CARTESIAN_POINT('',(3.85560435376,5.61958461326E-02));
#5790 = CARTESIAN_POINT('',(3.712798261948,5.624545561168E-02));
#5791 = CARTESIAN_POINT('',(3.569992442444,5.629969130298E-02));
#5792 = CARTESIAN_POINT('',(3.427191451169,5.63573685401E-02));
#5793 = CARTESIAN_POINT('',(3.284397348446,5.641723206671E-02));
#5794 = CARTESIAN_POINT('',(3.141600549399,5.647799430865E-02));
#5795 = CARTESIAN_POINT('',(2.998793678033,5.653836294745E-02));
#5796 = CARTESIAN_POINT('',(2.85598248148,5.659706519052E-02));
#5797 = CARTESIAN_POINT('',(2.713174071343,5.665288166445E-02));
#5798 = CARTESIAN_POINT('',(2.570372284533,5.670467386496E-02));
#5799 = CARTESIAN_POINT('',(2.427576173966,5.675140802058E-02));
#5800 = CARTESIAN_POINT('',(2.284782053888,5.679217460656E-02));
#5801 = CARTESIAN_POINT('',(2.14198686637,5.68262037056E-02));
#5802 = CARTESIAN_POINT('',(1.99919035803,5.685287619258E-02));
#5803 = CARTESIAN_POINT('',(1.856395353626,5.687173063813E-02));
#5804 = CARTESIAN_POINT('',(1.713601293018,5.688246637422E-02));
#5805 = CARTESIAN_POINT('',(1.570808008315,5.688494105466E-02));
#5806 = CARTESIAN_POINT('',(1.428013229137,5.687916875551E-02));
#5807 = CARTESIAN_POINT('',(1.285213751721,5.686531353363E-02));
#5808 = CARTESIAN_POINT('',(1.142413412416,5.684368105977E-02));
#5809 = CARTESIAN_POINT('',(0.999614740309,5.681471102661E-02));
#5810 = CARTESIAN_POINT('',(0.856817592452,5.677896842534E-02));
#5811 = CARTESIAN_POINT('',(0.714019418891,5.673713415456E-02));
#5812 = CARTESIAN_POINT('',(0.571217635831,5.668999500909E-02));
#5813 = CARTESIAN_POINT('',(0.428412068451,5.663843239473E-02));
#5814 = CARTESIAN_POINT('',(0.2856053883,5.658341233715E-02));
#5815 = CARTESIAN_POINT('',(0.142802011355,5.652596716599E-02));
#5816 = CARTESIAN_POINT('',(4.760056300722E-02,5.648679224339E-02));
#5817 = CARTESIAN_POINT('',(0.,5.646716629814E-02));
#5818 = ( GEOMETRIC_REPRESENTATION_CONTEXT(2) 
PARAMETRIC_REPRESENTATION_CONTEXT() REPRESENTATION_CONTEXT('2D SPACE',''
  ) );
#5819 = FACE_BOUND('',#5820,.F.);
#5820 = EDGE_LOOP('',(#5821,#5878));
#5821 = ORIENTED_EDGE('',*,*,#5822,.F.);
#5822 = EDGE_CURVE('',#5823,#5825,#5827,.T.);
#5823 = VERTEX_POINT('',#5824);
#5824 = CARTESIAN_POINT('',(-0.951645580933,-1.658749880873E-02,
    0.111947949421));
#5825 = VERTEX_POINT('',#5826);
#5826 = CARTESIAN_POINT('',(-0.951645580933,-1.65244636625E-02,
    0.142052050579));
#5827 = SURFACE_CURVE('',#5828,(#5841,#5857),.PCURVE_S1.);
#5828 = B_SPLINE_CURVE_WITH_KNOTS('',6,(#5829,#5830,#5831,#5832,#5833,
    #5834,#5835,#5836,#5837,#5838,#5839,#5840),.UNSPECIFIED.,.F.,.F.,(7,
    5,7),(0.,0.426489288699,1.),.UNSPECIFIED.);
#5829 = CARTESIAN_POINT('',(-0.951645580933,-1.658749880873E-02,
    0.111947949421));
#5830 = CARTESIAN_POINT('',(-0.949015097526,-1.678679991265E-02,
    0.112883683089));
#5831 = CARTESIAN_POINT('',(-0.946581100387,-1.696501534986E-02,
    0.114370953318));
#5832 = CARTESIAN_POINT('',(-0.944488106883,-1.711092194211E-02,
    0.116358242047));
#5833 = CARTESIAN_POINT('',(-0.942862906643,-1.721671700803E-02,
    0.118742819509));
#5834 = CARTESIAN_POINT('',(-0.941785782866,-1.72804034212E-02,
    0.121383030058));
#5835 = CARTESIAN_POINT('',(-0.940609589232,-1.73332318278E-02,
    0.127820180365));
#5836 = CARTESIAN_POINT('',(-0.940975628455,-1.728912309169E-02,
    0.131701912764));
#5837 = CARTESIAN_POINT('',(-0.942449678534,-1.71729767339E-02,
    0.13540860743));
#5838 = CARTESIAN_POINT('',(-0.944925609272,-1.699790526282E-02,
    0.13853780361));
#5839 = CARTESIAN_POINT('',(-0.948108020997,-1.677531965502E-02,
    0.140793645403));
#5840 = CARTESIAN_POINT('',(-0.951645580933,-1.65244636625E-02,
    0.142052050579));
#5841 = PCURVE('',#170,#5842);
#5842 = DEFINITIONAL_REPRESENTATION('',(#5843),#5856);
#5843 = B_SPLINE_CURVE_WITH_KNOTS('',6,(#5844,#5845,#5846,#5847,#5848,
    #5849,#5850,#5851,#5852,#5853,#5854,#5855),.UNSPECIFIED.,.F.,.F.,(7,
    5,7),(0.,0.426489288699,1.),.UNSPECIFIED.);
#5844 = CARTESIAN_POINT('',(0.676817134589,0.307172267592));
#5845 = CARTESIAN_POINT('',(0.673146611216,0.309297486008));
#5846 = CARTESIAN_POINT('',(0.66945836576,0.312675342535));
#5847 = CARTESIAN_POINT('',(0.665938491807,0.31718883045));
#5848 = CARTESIAN_POINT('',(0.662777814359,0.32260463209));
#5849 = CARTESIAN_POINT('',(0.660148382099,0.328601022161));
#5850 = CARTESIAN_POINT('',(0.655511682713,0.343220941096));
#5851 = CARTESIAN_POINT('',(0.654031856114,0.352037049203));
#5852 = CARTESIAN_POINT('',(0.654021727755,0.36045561533));
#5853 = CARTESIAN_POINT('',(0.655621619758,0.367562579173));
#5854 = CARTESIAN_POINT('',(0.658623607129,0.372685999097));
#5855 = CARTESIAN_POINT('',(0.662606713034,0.375544062184));
#5856 = ( GEOMETRIC_REPRESENTATION_CONTEXT(2) 
PARAMETRIC_REPRESENTATION_CONTEXT() REPRESENTATION_CONTEXT('2D SPACE',''
  ) );
#5857 = PCURVE('',#5858,#5863);
#5858 = CYLINDRICAL_SURFACE('',#5859,1.597604551174E-02);
#5859 = AXIS2_PLACEMENT_3D('',#5860,#5861,#5862);
#5860 = CARTESIAN_POINT('',(-0.957,-0.478,0.127));
#5861 = DIRECTION('',(0.,1.,0.));
#5862 = DIRECTION('',(-1.,0.,0.));
#5863 = DEFINITIONAL_REPRESENTATION('',(#5864),#5877);
#5864 = B_SPLINE_CURVE_WITH_KNOTS('',6,(#5865,#5866,#5867,#5868,#5869,
    #5870,#5871,#5872,#5873,#5874,#5875,#5876),.UNSPECIFIED.,.F.,.F.,(7,
    5,7),(0.,0.426489288699,1.),.UNSPECIFIED.);
#5865 = CARTESIAN_POINT('',(4.370621396978,0.461412501191));
#5866 = CARTESIAN_POINT('',(4.195862257496,0.461213200087));
#5867 = CARTESIAN_POINT('',(4.021118795664,0.46103498465));
#5868 = CARTESIAN_POINT('',(3.84639733081,0.460889078058));
#5869 = CARTESIAN_POINT('',(3.671696063154,0.460783282992));
#5870 = CARTESIAN_POINT('',(3.497006924985,0.460719596579));
#5871 = CARTESIAN_POINT('',(3.087410889905,0.460666768172));
#5872 = CARTESIAN_POINT('',(2.852503705103,0.460710876908));
#5873 = CARTESIAN_POINT('',(2.617572143339,0.460827023266));
#5874 = CARTESIAN_POINT('',(2.382598805739,0.461002094737));
#5875 = CARTESIAN_POINT('',(2.147585704551,0.461224680345));
#5876 = CARTESIAN_POINT('',(1.912563910202,0.461475536337));
#5877 = ( GEOMETRIC_REPRESENTATION_CONTEXT(2) 
PARAMETRIC_REPRESENTATION_CONTEXT() REPRESENTATION_CONTEXT('2D SPACE',''
  ) );
#5878 = ORIENTED_EDGE('',*,*,#5879,.T.);
#5879 = EDGE_CURVE('',#5823,#5825,#5880,.T.);
#5880 = SURFACE_CURVE('',#5881,(#5975,#6072),.PCURVE_S1.);
#5881 = B_SPLINE_CURVE_WITH_KNOTS('',8,(#5882,#5883,#5884,#5885,#5886,
    #5887,#5888,#5889,#5890,#5891,#5892,#5893,#5894,#5895,#5896,#5897,
    #5898,#5899,#5900,#5901,#5902,#5903,#5904,#5905,#5906,#5907,#5908,
    #5909,#5910,#5911,#5912,#5913,#5914,#5915,#5916,#5917,#5918,#5919,
    #5920,#5921,#5922,#5923,#5924,#5925,#5926,#5927,#5928,#5929,#5930,
    #5931,#5932,#5933,#5934,#5935,#5936,#5937,#5938,#5939,#5940,#5941,
    #5942,#5943,#5944,#5945,#5946,#5947,#5948,#5949,#5950,#5951,#5952,
    #5953,#5954,#5955,#5956,#5957,#5958,#5959,#5960,#5961,#5962,#5963,
    #5964,#5965,#5966,#5967,#5968,#5969,#5970,#5971,#5972,#5973,#5974),
  .UNSPECIFIED.,.F.,.F.,(9,7,7,7,7,7,7,7,7,7,7,7,7,9),(0.,0.245666204359
    ,0.403047303997,0.473573854847,0.496534615657,0.507926691808,
    0.521483404794,0.533346477389,0.540575261258,0.557035367989,
    0.588115073772,0.632149100329,0.774926417811,1.),.UNSPECIFIED.);
#5882 = CARTESIAN_POINT('',(-0.951646177652,-1.658745333466E-02,
    0.111948012082));
#5883 = CARTESIAN_POINT('',(-0.942287094336,-1.730068013403E-02,
    0.110965208445));
#5884 = CARTESIAN_POINT('',(-0.932908928511,-1.796615756929E-02,
    0.110078223693));
#5885 = CARTESIAN_POINT('',(-0.923509081028,-1.85789400328E-02,
    0.109299619591));
#5886 = CARTESIAN_POINT('',(-0.914091251816,-1.913192426959E-02,
    0.108649106756));
#5887 = CARTESIAN_POINT('',(-0.904664946427,-1.961598461832E-02,
    0.108151876842));
#5888 = CARTESIAN_POINT('',(-0.895246305758,-2.001951676055E-02,
    0.107839892253));
#5889 = CARTESIAN_POINT('',(-0.885860258969,-2.032738997821E-02,
    0.107756133376));
#5890 = CARTESIAN_POINT('',(-0.870575725893,-2.064225627828E-02,
    0.108093561631));
#5891 = CARTESIAN_POINT('',(-0.864652718434,-2.07172531285E-02,
    0.108344012648));
#5892 = CARTESIAN_POINT('',(-0.858770649686,-2.073960197244E-02,
    0.108727742718));
#5893 = CARTESIAN_POINT('',(-0.852943620202,-2.070314207331E-02,
    0.109267998538));
#5894 = CARTESIAN_POINT('',(-0.847190140767,-2.059981605042E-02,
    0.109983384356));
#5895 = CARTESIAN_POINT('',(-0.841561754162,-2.042144932328E-02,
    0.110915499421));
#5896 = CARTESIAN_POINT('',(-0.836107327096,-2.015872750484E-02,
    0.112092226781));
#5897 = CARTESIAN_POINT('',(-0.828632070647,-1.964525305532E-02,
    0.114290628814));
#5898 = CARTESIAN_POINT('',(-0.826387922992,-1.946863009896E-02,
    0.115036187332));
#5899 = CARTESIAN_POINT('',(-0.824215249085,-1.927332561053E-02,
    0.115857284567));
#5900 = CARTESIAN_POINT('',(-0.822126514609,-1.905868174736E-02,
    0.116765089172));
#5901 = CARTESIAN_POINT('',(-0.820149752892,-1.88250676602E-02,
    0.117772125724));
#5902 = CARTESIAN_POINT('',(-0.818325778092,-1.857444229007E-02,
    0.11889305202));
#5903 = CARTESIAN_POINT('',(-0.816711415909,-1.831184970809E-02,
    0.120146246943));
#5904 = CARTESIAN_POINT('',(-0.814977088037,-1.796335607713E-02,
    0.12201590339));
#5905 = CARTESIAN_POINT('',(-0.814584178095,-1.787785313583E-02,
    0.122491152558));
#5906 = CARTESIAN_POINT('',(-0.814227547285,-1.77928870446E-02,
    0.122982779487));
#5907 = CARTESIAN_POINT('',(-0.813911375007,-1.770908086761E-02,
    0.123490899354));
#5908 = CARTESIAN_POINT('',(-0.813640025326,-1.76271626139E-02,
    0.124015281531));
#5909 = CARTESIAN_POINT('',(-0.813417552212,-1.754792089923E-02,
    0.124555199222));
#5910 = CARTESIAN_POINT('',(-0.813247471742,-1.747218566653E-02,
    0.125109267927));
#5911 = CARTESIAN_POINT('',(-0.813075907042,-1.736543252361E-02,
    0.125956098404));
#5912 = CARTESIAN_POINT('',(-0.813032786983,-1.733112372923E-02,
    0.126239880992));
#5913 = CARTESIAN_POINT('',(-0.81300351044,-1.729798245198E-02,
    0.126526324804));
#5914 = CARTESIAN_POINT('',(-0.812988235626,-1.726609475092E-02,
    0.126815121688));
#5915 = CARTESIAN_POINT('',(-0.812987209621,-1.723555787372E-02,
    0.127105951066));
#5916 = CARTESIAN_POINT('',(-0.813000768376,-1.720648025668E-02,
    0.127398479935));
#5917 = CARTESIAN_POINT('',(-0.813029336705,-1.717898152469E-02,
    0.127692362865));
#5918 = CARTESIAN_POINT('',(-0.813125897832,-1.712250321922E-02,
    0.128338151864));
#5919 = CARTESIAN_POINT('',(-0.813200634432,-1.709426041898E-02,
    0.128690556689));
#5920 = CARTESIAN_POINT('',(-0.813298031211,-1.706865231073E-02,
    0.129043613477));
#5921 = CARTESIAN_POINT('',(-0.813418476077,-1.704586174441E-02,
    0.129396473302));
#5922 = CARTESIAN_POINT('',(-0.813562208249,-1.702604670686E-02,
    0.129748275156));
#5923 = CARTESIAN_POINT('',(-0.813729174788,-1.700932082891E-02,
    0.13009813979));
#5924 = CARTESIAN_POINT('',(-0.813918887121,-1.699573389247E-02,
    0.130445163555));
#5925 = CARTESIAN_POINT('',(-0.814315259013,-1.69760802437E-02,
    0.131088778866));
#5926 = CARTESIAN_POINT('',(-0.814517029712,-1.696930436393E-02,
    0.131386317957));
#5927 = CARTESIAN_POINT('',(-0.814734951809,-1.696490568224E-02,
    0.131680446499));
#5928 = CARTESIAN_POINT('',(-0.814968322508,-1.696284334524E-02,
    0.131970660639));
#5929 = CARTESIAN_POINT('',(-0.815216374085,-1.696305466232E-02,
    0.132256535688));
#5930 = CARTESIAN_POINT('',(-0.815478273882,-1.696545510554E-02,
    0.132537726124));
#5931 = CARTESIAN_POINT('',(-0.815753124309,-1.696993830976E-02,
    0.132813965587));
#5932 = CARTESIAN_POINT('',(-0.816214748407,-1.698029893444E-02,
    0.133250262928));
#5933 = CARTESIAN_POINT('',(-0.816393960154,-1.698494410802E-02,
    0.133413561039));
#5934 = CARTESIAN_POINT('',(-0.816577432038,-1.69902902019E-02,
    0.133574910685));
#5935 = CARTESIAN_POINT('',(-0.816764987658,-1.699631309972E-02,
    0.133734274261));
#5936 = CARTESIAN_POINT('',(-0.816956440259,-1.700298596014E-02,
    0.133891627082));
#5937 = CARTESIAN_POINT('',(-0.817151592734,-1.701027921681E-02,
    0.134046957387));
#5938 = CARTESIAN_POINT('',(-0.817350237626,-1.70181605784E-02,
    0.134200266338));
#5939 = CARTESIAN_POINT('',(-0.818011932444,-1.704580046521E-02,
    0.134696085425));
#5940 = CARTESIAN_POINT('',(-0.818488898633,-1.706791702327E-02,
    0.135030047573));
#5941 = CARTESIAN_POINT('',(-0.818981010971,-1.709259939838E-02,
    0.135353567353));
#5942 = CARTESIAN_POINT('',(-0.819486435046,-1.711952786204E-02,
    0.135666821713));
#5943 = CARTESIAN_POINT('',(-0.820003546754,-1.714840826158E-02,
    0.13597005166));
#5944 = CARTESIAN_POINT('',(-0.820530932293,-1.71789720202E-02,
    0.13626356226));
#5945 = CARTESIAN_POINT('',(-0.821067388169,-1.721097613698E-02,
    0.136547722642));
#5946 = CARTESIAN_POINT('',(-0.822640099593,-1.730694196188E-02,
    0.137342676009));
#5947 = CARTESIAN_POINT('',(-0.823696816487,-1.737405725871E-02,
    0.137830173133));
#5948 = CARTESIAN_POINT('',(-0.824775463765,-1.744409680956E-02,
    0.138288431835));
#5949 = CARTESIAN_POINT('',(-0.825871291751,-1.751596463499E-02,
    0.13871983062));
#5950 = CARTESIAN_POINT('',(-0.826980656111,-1.758881552462E-02,
    0.139126461875));
#5951 = CARTESIAN_POINT('',(-0.828100673038,-1.766198686618E-02,
    0.139510296964));
#5952 = CARTESIAN_POINT('',(-0.829229282707,-1.773496782301E-02,
    0.139873206579));
#5953 = CARTESIAN_POINT('',(-0.831975837715,-1.791003676825E-02,
    0.14070369428));
#5954 = CARTESIAN_POINT('',(-0.833600106216,-1.801144992437E-02,
    0.141151509902));
#5955 = CARTESIAN_POINT('',(-0.83523465265,-1.811057161624E-02,
    0.141564689912));
#5956 = CARTESIAN_POINT('',(-0.836876440413,-1.820662812495E-02,
    0.141946761537));
#5957 = CARTESIAN_POINT('',(-0.838523193787,-1.829908806952E-02,
    0.142300562606));
#5958 = CARTESIAN_POINT('',(-0.840173321581,-1.838760475168E-02,
    0.14262843164));
#5959 = CARTESIAN_POINT('',(-0.84182584077,-1.847195850067E-02,
    0.142932397948));
#5960 = CARTESIAN_POINT('',(-0.848844771405,-1.881152491791E-02,
    0.144128652345));
#5961 = CARTESIAN_POINT('',(-0.854220314476,-1.902515708244E-02,
    0.144809910159));
#5962 = CARTESIAN_POINT('',(-0.859590503768,-1.918836515352E-02,
    0.145320258204));
#5963 = CARTESIAN_POINT('',(-0.864944551664,-1.930258557614E-02,
    0.145688373472));
#5964 = CARTESIAN_POINT('',(-0.870276191188,-1.937048900087E-02,
    0.145936544945));
#5965 = CARTESIAN_POINT('',(-0.875583939034,-1.939489381827E-02,
    0.146083845189));
#5966 = CARTESIAN_POINT('',(-0.880871456165,-1.937891819042E-02,
    0.146142276044));
#5967 = CARTESIAN_POINT('',(-0.894462632732,-1.923990811395E-02,
    0.146091940694));
#5968 = CARTESIAN_POINT('',(-0.902729269261,-1.90607115204E-02,
    0.145867430118));
#5969 = CARTESIAN_POINT('',(-0.910954835532,-1.879815900158E-02,
    0.145490530709));
#5970 = CARTESIAN_POINT('',(-0.919144755965,-1.846183380881E-02,
    0.144988417793));
#5971 = CARTESIAN_POINT('',(-0.927303563595,-1.806000513695E-02,
    0.144380272613));
#5972 = CARTESIAN_POINT('',(-0.935436118535,-1.759959821815E-02,
    0.143680979545));
#5973 = CARTESIAN_POINT('',(-0.943548157963,-1.708624597938E-02,
    0.142902366415));
#5974 = CARTESIAN_POINT('',(-0.951646177652,-1.652442226346E-02,
    0.142051987918));
#5975 = PCURVE('',#170,#5976);
#5976 = DEFINITIONAL_REPRESENTATION('',(#5977),#6071);
#5977 = B_SPLINE_CURVE_WITH_KNOTS('',8,(#5978,#5979,#5980,#5981,#5982,
    #5983,#5984,#5985,#5986,#5987,#5988,#5989,#5990,#5991,#5992,#5993,
    #5994,#5995,#5996,#5997,#5998,#5999,#6000,#6001,#6002,#6003,#6004,
    #6005,#6006,#6007,#6008,#6009,#6010,#6011,#6012,#6013,#6014,#6015,
    #6016,#6017,#6018,#6019,#6020,#6021,#6022,#6023,#6024,#6025,#6026,
    #6027,#6028,#6029,#6030,#6031,#6032,#6033,#6034,#6035,#6036,#6037,
    #6038,#6039,#6040,#6041,#6042,#6043,#6044,#6045,#6046,#6047,#6048,
    #6049,#6050,#6051,#6052,#6053,#6054,#6055,#6056,#6057,#6058,#6059,
    #6060,#6061,#6062,#6063,#6064,#6065,#6066,#6067,#6068,#6069,#6070),
  .UNSPECIFIED.,.F.,.F.,(9,7,7,7,7,7,7,7,7,7,7,7,7,9),(0.,0.245666204359
    ,0.403047303997,0.473573854847,0.496534615657,0.507926691808,
    0.521483404794,0.533346477389,0.540575261258,0.557035367989,
    0.588115073772,0.632149100329,0.774926417811,1.),.UNSPECIFIED.);
#5978 = CARTESIAN_POINT('',(0.676817844148,0.307172409907));
#5979 = CARTESIAN_POINT('',(0.665688936338,0.30494028718));
#5980 = CARTESIAN_POINT('',(0.654541063494,0.302925786266));
#5981 = CARTESIAN_POINT('',(0.643358544361,0.301157437182));
#5982 = CARTESIAN_POINT('',(0.63212821393,0.299680006259));
#5983 = CARTESIAN_POINT('',(0.620839267125,0.298550708248));
#5984 = CARTESIAN_POINT('',(0.609482071508,0.297842135484));
#5985 = CARTESIAN_POINT('',(0.598045948987,0.297651904101));
#5986 = CARTESIAN_POINT('',(0.579129450175,0.298418263981));
#5987 = CARTESIAN_POINT('',(0.571724808177,0.298987083006));
#5988 = CARTESIAN_POINT('',(0.564281748754,0.299858602585));
#5989 = CARTESIAN_POINT('',(0.556795488205,0.301085620117));
#5990 = CARTESIAN_POINT('',(0.549268372701,0.302710389181));
#5991 = CARTESIAN_POINT('',(0.541724262565,0.304827389102));
#5992 = CARTESIAN_POINT('',(0.534191455786,0.307499947265));
#5993 = CARTESIAN_POINT('',(0.523385243393,0.312492911228));
#5994 = CARTESIAN_POINT('',(0.52007056642,0.314186207886));
#5995 = CARTESIAN_POINT('',(0.516779372064,0.316051066471));
#5996 = CARTESIAN_POINT('',(0.51351717256,0.318112852992));
#5997 = CARTESIAN_POINT('',(0.51030761042,0.320400013));
#5998 = CARTESIAN_POINT('',(0.507188468292,0.322945836974));
#5999 = CARTESIAN_POINT('',(0.504215115532,0.325792066642));
#6000 = CARTESIAN_POINT('',(0.500602260695,0.330038390621));
#6001 = CARTESIAN_POINT('',(0.499742443135,0.331117766428));
#6002 = CARTESIAN_POINT('',(0.498913962362,0.332234339059));
#6003 = CARTESIAN_POINT('',(0.498122032857,0.333388370097));
#6004 = CARTESIAN_POINT('',(0.497372415851,0.334579335751));
#6005 = CARTESIAN_POINT('',(0.496670922299,0.335805585332));
#6006 = CARTESIAN_POINT('',(0.496023260066,0.337063974397));
#6007 = CARTESIAN_POINT('',(0.495143469466,0.338987277775));
#6008 = CARTESIAN_POINT('',(0.494866548109,0.339631798755));
#6009 = CARTESIAN_POINT('',(0.494604807824,0.340282363852));
#6010 = CARTESIAN_POINT('',(0.494358721817,0.340938273196));
#6011 = CARTESIAN_POINT('',(0.494128889925,0.341598798697));
#6012 = CARTESIAN_POINT('',(0.493916038618,0.342263184045));
#6013 = CARTESIAN_POINT('',(0.493721021,0.342930644709));
#6014 = CARTESIAN_POINT('',(0.493335131618,0.344397346954));
#6015 = CARTESIAN_POINT('',(0.493152386079,0.345197721301));
#6016 = CARTESIAN_POINT('',(0.492997817884,0.345999576373));
#6017 = CARTESIAN_POINT('',(0.492872672228,0.346800984106));
#6018 = CARTESIAN_POINT('',(0.492778019088,0.347599988998));
#6019 = CARTESIAN_POINT('',(0.492714570488,0.348394594117));
#6020 = CARTESIAN_POINT('',(0.49268249778,0.349182747115));
#6021 = CARTESIAN_POINT('',(0.492680156062,0.350644512529));
#6022 = CARTESIAN_POINT('',(0.492702858128,0.351320276987));
#6023 = CARTESIAN_POINT('',(0.492749051963,0.351988295478));
#6024 = CARTESIAN_POINT('',(0.492818282682,0.352647423663));
#6025 = CARTESIAN_POINT('',(0.49290994366,0.353296696998));
#6026 = CARTESIAN_POINT('',(0.493023276539,0.353935330738));
#6027 = CARTESIAN_POINT('',(0.493157371217,0.354562719934));
#6028 = CARTESIAN_POINT('',(0.49340488089,0.35555362918));
#6029 = CARTESIAN_POINT('',(0.493505870218,0.355924508378));
#6030 = CARTESIAN_POINT('',(0.49361396648,0.356290962265));
#6031 = CARTESIAN_POINT('',(0.493728977962,0.356652905431));
#6032 = CARTESIAN_POINT('',(0.493850688597,0.357010281812));
#6033 = CARTESIAN_POINT('',(0.49397885797,0.357363064699));
#6034 = CARTESIAN_POINT('',(0.494113221309,0.35771125673));
#6035 = CARTESIAN_POINT('',(0.494572883373,0.3588373505));
#6036 = CARTESIAN_POINT('',(0.494923288484,0.359595838231));
#6037 = CARTESIAN_POINT('',(0.495302007956,0.360330609478));
#6038 = CARTESIAN_POINT('',(0.495706556417,0.361042066121));
#6039 = CARTESIAN_POINT('',(0.496134659996,0.361730755529));
#6040 = CARTESIAN_POINT('',(0.496584256323,0.362397370566));
#6041 = CARTESIAN_POINT('',(0.497053494528,0.363042749585));
#6042 = CARTESIAN_POINT('',(0.498460735234,0.364848230772));
#6043 = CARTESIAN_POINT('',(0.499444929658,0.365955423876));
#6044 = CARTESIAN_POINT('',(0.500482373023,0.366996211298));
#6045 = CARTESIAN_POINT('',(0.501564943031,0.367975995049));
#6046 = CARTESIAN_POINT('',(0.502686155767,0.368899527311));
#6047 = CARTESIAN_POINT('',(0.503840609916,0.369771285406));
#6048 = CARTESIAN_POINT('',(0.505024059983,0.370595518007));
#6049 = CARTESIAN_POINT('',(0.507948541139,0.372481704019));
#6050 = CARTESIAN_POINT('',(0.509714605095,0.37349877334));
#6051 = CARTESIAN_POINT('',(0.511523531047,0.374437178997));
#6052 = CARTESIAN_POINT('',(0.51336833474,0.375304931949));
#6053 = CARTESIAN_POINT('',(0.515243581222,0.376108477415));
#6054 = CARTESIAN_POINT('',(0.517145139047,0.376853126596));
#6055 = CARTESIAN_POINT('',(0.519069934474,0.377543488413));
#6056 = CARTESIAN_POINT('',(0.52732473562,0.380260395969));
#6057 = CARTESIAN_POINT('',(0.533843435995,0.381807654234));
#6058 = CARTESIAN_POINT('',(0.540495478015,0.382966745864));
#6059 = CARTESIAN_POINT('',(0.547239745188,0.383802801436));
#6060 = CARTESIAN_POINT('',(0.554046857351,0.384366443209));
#6061 = CARTESIAN_POINT('',(0.560896853182,0.384700988393));
#6062 = CARTESIAN_POINT('',(0.567782646735,0.384833695308));
#6063 = CARTESIAN_POINT('',(0.585614467164,0.384719374731));
#6064 = CARTESIAN_POINT('',(0.596588444815,0.384209471082));
#6065 = CARTESIAN_POINT('',(0.607595593934,0.383353465159));
#6066 = CARTESIAN_POINT('',(0.618615299021,0.382213076978));
#6067 = CARTESIAN_POINT('',(0.629633546425,0.380831870572));
#6068 = CARTESIAN_POINT('',(0.640641071559,0.379243651022));
#6069 = CARTESIAN_POINT('',(0.651632648466,0.377475281432));
#6070 = CARTESIAN_POINT('',(0.662607521741,0.375543919868));
#6071 = ( GEOMETRIC_REPRESENTATION_CONTEXT(2) 
PARAMETRIC_REPRESENTATION_CONTEXT() REPRESENTATION_CONTEXT('2D SPACE',''
  ) );
#6072 = PCURVE('',#6073,#6218);
#6073 = SURFACE_OF_LINEAR_EXTRUSION('',#6074,#6216);
#6074 = B_SPLINE_CURVE_WITH_KNOTS('',3,(#6075,#6076,#6077,#6078,#6079,
    #6080,#6081,#6082,#6083,#6084,#6085,#6086,#6087,#6088,#6089,#6090,
    #6091,#6092,#6093,#6094,#6095,#6096,#6097,#6098,#6099,#6100,#6101,
    #6102,#6103,#6104,#6105,#6106,#6107,#6108,#6109,#6110,#6111,#6112,
    #6113,#6114,#6115,#6116,#6117,#6118,#6119,#6120,#6121,#6122,#6123,
    #6124,#6125,#6126,#6127,#6128,#6129,#6130,#6131,#6132,#6133,#6134,
    #6135,#6136,#6137,#6138,#6139,#6140,#6141,#6142,#6143,#6144,#6145,
    #6146,#6147,#6148,#6149,#6150,#6151,#6152,#6153,#6154,#6155,#6156,
    #6157,#6158,#6159,#6160,#6161,#6162,#6163,#6164,#6165,#6166,#6167,
    #6168,#6169,#6170,#6171,#6172,#6173,#6174,#6175,#6176,#6177,#6178,
    #6179,#6180,#6181,#6182,#6183,#6184,#6185,#6186,#6187,#6188,#6189,
    #6190,#6191,#6192,#6193,#6194,#6195,#6196,#6197,#6198,#6199,#6200,
    #6201,#6202,#6203,#6204,#6205,#6206,#6207,#6208,#6209,#6210,#6211,
    #6212,#6213,#6214,#6215),.UNSPECIFIED.,.F.,.F.,(4,1,1,1,1,1,1,1,1,1,
    1,1,1,1,1,1,1,1,1,1,1,1,1,1,1,1,1,1,1,1,1,1,1,1,1,1,1,1,1,1,1,1,1,1,
    1,1,1,1,1,1,1,1,1,1,1,1,1,1,1,1,1,1,1,1,1,1,1,1,1,1,1,1,1,1,1,1,1,1,
    1,1,1,1,1,1,1,1,1,1,1,1,1,1,1,1,1,1,1,1,1,1,1,1,1,1,1,1,1,1,1,1,1,1,
    1,1,1,1,1,1,1,1,1,1,1,1,1,1,1,1,1,1,1,1,1,1,1,1,1,1,4),(0.,
    1.259881466402E-04,5.036751174505E-04,1.132229495033E-03,
    2.010268862613E-03,3.135864650429E-03,4.506548780761E-03,
    6.119321980726E-03,7.970663606776E-03,1.005654280763E-02,
    1.237243084376E-02,1.491331438173E-02,1.767370958976E-02,
    2.064767687679E-02,2.382883613886E-02,2.721038240277E-02,
    3.078510178633E-02,3.454538772504E-02,3.848325744521E-02,
    4.259036869267E-02,4.685803675249E-02,5.12772518181E-02,
    5.583869678761E-02,6.053276557972E-02,6.534958207227E-02,
    7.02790197718E-02,7.531072232367E-02,8.043412496761E-02,
    8.563847703433E-02,9.091286556337E-02,9.624624010174E-02,
    0.101627438716,0.107045215217,0.112488267562,0.117945267351,
    0.123404890296,0.128855847484,0.134286917237,0.139686977281,
    0.145045036972,0.150350269244,0.155592041978,0.160759948488,
    0.165843836862,0.170833837966,0.175720391986,0.180494273535,
    0.18514661547,0.189668931795,0.194053140198,0.198291585092,
    0.202377062322,0.206302847137,0.210062727503,0.213651045562,
    0.217062750932,0.220293470883,0.223339604316,0.226198449252,
    0.228868377677,0.231349077656,0.233641891298,0.235750288839,
    0.237680532349,0.239442590363,0.241051345261,0.242528036432,
    0.243901619855,0.245209273217,0.246494955108,0.247780637,
    0.249088290362,0.250461873784,0.251938564956,0.253547319854,
    0.255309377868,0.257239621378,0.259348018919,0.261640832561,
    0.26412153254,0.266791460965,0.269650305901,0.272696439334,
    0.275927159285,0.279338864655,0.282927182714,0.28668706308,
    0.290612847895,0.294698325125,0.298936770018,0.303320978421,
    0.307843294747,0.312495636682,0.317269518231,0.322156072251,
    0.327146073355,0.332229961729,0.337397868238,0.342639640973,
    0.347944873245,0.353302932936,0.35870299298,0.364134062732,
    0.369585019921,0.375044642866,0.380501642655,0.385944695,
    0.391362471501,0.396743670115,0.402077044654,0.407351433183,
    0.412555785249,0.417679187893,0.422710890445,0.427640328145,
    0.432457144637,0.437151213429,0.441712658399,0.446131873464,
    0.450399541524,0.454506652772,0.458444522492,0.462204808431,
    0.465779527814,0.469161074078,0.47234223334,0.475316200627,
    0.478076595835,0.480617479373,0.482933367409,0.48501924661,
    0.486870588236,0.488483361436,0.489854045566,0.490979641354,
    0.491857680722,0.492486235099,0.49286392207,0.492989910217),
  .UNSPECIFIED.);
#6075 = CARTESIAN_POINT('',(-1.052,-0.468,0.12740152));
#6076 = CARTESIAN_POINT('',(-1.051958720115,-0.468,0.127409242641));
#6077 = CARTESIAN_POINT('',(-1.051793689695,-0.468,0.127440106625));
#6078 = CARTESIAN_POINT('',(-1.051422695784,-0.468,0.127509400963));
#6079 = CARTESIAN_POINT('',(-1.050805226573,-0.468,0.127624437269));
#6080 = CARTESIAN_POINT('',(-1.049942561186,-0.468,0.127784541082));
#6081 = CARTESIAN_POINT('',(-1.048836486731,-0.468,0.127988781753));
#6082 = CARTESIAN_POINT('',(-1.047489294642,-0.468,0.1282359855));
#6083 = CARTESIAN_POINT('',(-1.045903775975,-0.468,0.128524751413));
#6084 = CARTESIAN_POINT('',(-1.044083215689,-0.468,0.128853469898));
#6085 = CARTESIAN_POINT('',(-1.042031385887,-0.468,0.129220342928));
#6086 = CARTESIAN_POINT('',(-1.039752538062,-0.468,0.129623405443));
#6087 = CARTESIAN_POINT('',(-1.037251394337,-0.468,0.130060547211));
#6088 = CARTESIAN_POINT('',(-1.034533137721,-0.468,0.130529534436));
#6089 = CARTESIAN_POINT('',(-1.031603401411,-0.468,0.131028030452));
#6090 = CARTESIAN_POINT('',(-1.028468257135,-0.468,0.131553614867));
#6091 = CARTESIAN_POINT('',(-1.025134202589,-0.468,0.132103800615));
#6092 = CARTESIAN_POINT('',(-1.021608147969,-0.468,0.132676048443));
#6093 = CARTESIAN_POINT('',(-1.017897401643,-0.468,0.133267778508));
#6094 = CARTESIAN_POINT('',(-1.01400965498,-0.468,0.133876378847));
#6095 = CARTESIAN_POINT('',(-1.009952966379,-0.468,0.134499210656));
#6096 = CARTESIAN_POINT('',(-1.005735744525,-0.468,0.135133610423));
#6097 = CARTESIAN_POINT('',(-1.001366730916,-0.468,0.13577688914));
#6098 = CARTESIAN_POINT('',(-0.996854981688,-0.468,0.136426328905));
#6099 = CARTESIAN_POINT('',(-0.992209848784,-0.468,0.137079177393));
#6100 = CARTESIAN_POINT('',(-0.987440960511,-0.468,0.137732640764));
#6101 = CARTESIAN_POINT('',(-0.982558201516,-0.468,0.138383875663));
#6102 = CARTESIAN_POINT('',(-0.977571692234,-0.468,0.139029981028));
#6103 = CARTESIAN_POINT('',(-0.972491767849,-0.468,0.139667990484));
#6104 = CARTESIAN_POINT('',(-0.967328956813,-0.468,0.140294866075));
#6105 = CARTESIAN_POINT('',(-0.962093958968,-0.468,0.140907494095));
#6106 = CARTESIAN_POINT('',(-0.956797623323,-0.468,0.141502683709));
#6107 = CARTESIAN_POINT('',(-0.95145092553,-0.468,0.142077169));
#6108 = CARTESIAN_POINT('',(-0.94606494511,-0.468,0.142627614936));
#6109 = CARTESIAN_POINT('',(-0.940650842479,-0.468,0.143150627676));
#6110 = CARTESIAN_POINT('',(-0.935219835821,-0.468,0.143642769432));
#6111 = CARTESIAN_POINT('',(-0.929783177856,-0.468,0.144100577984));
#6112 = CARTESIAN_POINT('',(-0.924352132551,-0.468,0.144520590749));
#6113 = CARTESIAN_POINT('',(-0.918937951828,-0.468,0.144899373151));
#6114 = CARTESIAN_POINT('',(-0.913551852299,-0.468,0.145233550833));
#6115 = CARTESIAN_POINT('',(-0.90820499209,-0.468,0.145519845141));
#6116 = CARTESIAN_POINT('',(-0.902908447776,-0.468,0.145755111089));
#6117 = CARTESIAN_POINT('',(-0.89767319148,-0.468,0.145936376953));
#6118 = CARTESIAN_POINT('',(-0.892510068169,-0.468,0.146060884474));
#6119 = CARTESIAN_POINT('',(-0.887429773179,-0.468,0.146126128621));
#6120 = CARTESIAN_POINT('',(-0.882442829995,-0.468,0.146129895766));
#6121 = CARTESIAN_POINT('',(-0.877559568324,-0.468,0.146070299162));
#6122 = CARTESIAN_POINT('',(-0.872790102481,-0.468,0.145945810586));
#6123 = CARTESIAN_POINT('',(-0.868144310107,-0.468,0.145755287107));
#6124 = CARTESIAN_POINT('',(-0.863631811227,-0.468,0.145497991992));
#6125 = CARTESIAN_POINT('',(-0.859261947667,-0.468,0.145173608917));
#6126 = CARTESIAN_POINT('',(-0.855043762816,-0.468,0.144782248776));
#6127 = CARTESIAN_POINT('',(-0.850985981707,-0.468,0.144324448565));
#6128 = CARTESIAN_POINT('',(-0.847096991379,-0.468,0.14380116199));
#6129 = CARTESIAN_POINT('',(-0.843384821427,-0.468,0.143213741653));
#6130 = CARTESIAN_POINT('',(-0.8398571246,-0.468,0.142563912808));
#6131 = CARTESIAN_POINT('',(-0.836521157263,-0.468,0.141853738846));
#6132 = CARTESIAN_POINT('',(-0.833383759394,-0.468,0.141085578689));
#6133 = CARTESIAN_POINT('',(-0.830451333742,-0.468,0.140262036174));
#6134 = CARTESIAN_POINT('',(-0.827729823688,-0.468,0.139385901144));
#6135 = CARTESIAN_POINT('',(-0.825224689445,-0.468,0.138460081152));
#6136 = CARTESIAN_POINT('',(-0.822940882924,-0.468,0.137487521101));
#6137 = CARTESIAN_POINT('',(-0.820882823653,-0.468,0.136471105618));
#6138 = CARTESIAN_POINT('',(-0.819054383924,-0.468,0.135413535203));
#6139 = CARTESIAN_POINT('',(-0.817458904729,-0.468,0.134317165636));
#6140 = CARTESIAN_POINT('',(-0.816099293046,-0.468,0.133183805945));
#6141 = CARTESIAN_POINT('',(-0.814978291585,-0.468,0.132014526037));
#6142 = CARTESIAN_POINT('',(-0.814099029928,-0.468,0.130809637657));
#6143 = CARTESIAN_POINT('',(-0.813465723979,-0.468,0.129569337051));
#6144 = CARTESIAN_POINT('',(-0.81308376735,-0.468,0.128295110551));
#6145 = CARTESIAN_POINT('',(-0.812958471175,-0.468,0.127));
#6146 = CARTESIAN_POINT('',(-0.81308376735,-0.468,0.125704889449));
#6147 = CARTESIAN_POINT('',(-0.813465723979,-0.468,0.124430662949));
#6148 = CARTESIAN_POINT('',(-0.814099029928,-0.468,0.123190362343));
#6149 = CARTESIAN_POINT('',(-0.814978291585,-0.468,0.121985473963));
#6150 = CARTESIAN_POINT('',(-0.816099293046,-0.468,0.120816194055));
#6151 = CARTESIAN_POINT('',(-0.817458904729,-0.468,0.119682834364));
#6152 = CARTESIAN_POINT('',(-0.819054383924,-0.468,0.118586464797));
#6153 = CARTESIAN_POINT('',(-0.820882823653,-0.468,0.117528894382));
#6154 = CARTESIAN_POINT('',(-0.822940882924,-0.468,0.116512478899));
#6155 = CARTESIAN_POINT('',(-0.825224689445,-0.468,0.115539918848));
#6156 = CARTESIAN_POINT('',(-0.827729823688,-0.468,0.114614098856));
#6157 = CARTESIAN_POINT('',(-0.830451333742,-0.468,0.113737963826));
#6158 = CARTESIAN_POINT('',(-0.833383759394,-0.468,0.112914421311));
#6159 = CARTESIAN_POINT('',(-0.836521157263,-0.468,0.112146261154));
#6160 = CARTESIAN_POINT('',(-0.8398571246,-0.468,0.111436087192));
#6161 = CARTESIAN_POINT('',(-0.843384821427,-0.468,0.110786258347));
#6162 = CARTESIAN_POINT('',(-0.847096991379,-0.468,0.11019883801));
#6163 = CARTESIAN_POINT('',(-0.850985981707,-0.468,0.109675551435));
#6164 = CARTESIAN_POINT('',(-0.855043762816,-0.468,0.109217751224));
#6165 = CARTESIAN_POINT('',(-0.859261947667,-0.468,0.108826391083));
#6166 = CARTESIAN_POINT('',(-0.863631811227,-0.468,0.108502008008));
#6167 = CARTESIAN_POINT('',(-0.868144310107,-0.468,0.108244712893));
#6168 = CARTESIAN_POINT('',(-0.872790102481,-0.468,0.108054189414));
#6169 = CARTESIAN_POINT('',(-0.877559568324,-0.468,0.107929700838));
#6170 = CARTESIAN_POINT('',(-0.882442829995,-0.468,0.107870104234));
#6171 = CARTESIAN_POINT('',(-0.887429773179,-0.468,0.107873871379));
#6172 = CARTESIAN_POINT('',(-0.892510068169,-0.468,0.107939115526));
#6173 = CARTESIAN_POINT('',(-0.89767319148,-0.468,0.108063623047));
#6174 = CARTESIAN_POINT('',(-0.902908447776,-0.468,0.108244888911));
#6175 = CARTESIAN_POINT('',(-0.90820499209,-0.468,0.108480154859));
#6176 = CARTESIAN_POINT('',(-0.913551852299,-0.468,0.108766449167));
#6177 = CARTESIAN_POINT('',(-0.918937951828,-0.468,0.109100626849));
#6178 = CARTESIAN_POINT('',(-0.924352132551,-0.468,0.109479409251));
#6179 = CARTESIAN_POINT('',(-0.929783177856,-0.468,0.109899422016));
#6180 = CARTESIAN_POINT('',(-0.935219835821,-0.468,0.110357230568));
#6181 = CARTESIAN_POINT('',(-0.940650842479,-0.468,0.110849372324));
#6182 = CARTESIAN_POINT('',(-0.94606494511,-0.468,0.111372385064));
#6183 = CARTESIAN_POINT('',(-0.95145092553,-0.468,0.111922831));
#6184 = CARTESIAN_POINT('',(-0.956797623323,-0.468,0.112497316291));
#6185 = CARTESIAN_POINT('',(-0.962093958968,-0.468,0.113092505905));
#6186 = CARTESIAN_POINT('',(-0.967328956813,-0.468,0.113705133925));
#6187 = CARTESIAN_POINT('',(-0.972491767849,-0.468,0.114332009516));
#6188 = CARTESIAN_POINT('',(-0.977571692234,-0.468,0.114970018972));
#6189 = CARTESIAN_POINT('',(-0.982558201516,-0.468,0.115616124337));
#6190 = CARTESIAN_POINT('',(-0.987440960511,-0.468,0.116267359236));
#6191 = CARTESIAN_POINT('',(-0.992209848784,-0.468,0.116920822607));
#6192 = CARTESIAN_POINT('',(-0.996854981688,-0.468,0.117573671095));
#6193 = CARTESIAN_POINT('',(-1.001366730916,-0.468,0.11822311086));
#6194 = CARTESIAN_POINT('',(-1.005735744525,-0.468,0.118866389577));
#6195 = CARTESIAN_POINT('',(-1.009952966379,-0.468,0.119500789344));
#6196 = CARTESIAN_POINT('',(-1.01400965498,-0.468,0.120123621153));
#6197 = CARTESIAN_POINT('',(-1.017897401643,-0.468,0.120732221492));
#6198 = CARTESIAN_POINT('',(-1.021608147969,-0.468,0.121323951557));
#6199 = CARTESIAN_POINT('',(-1.025134202589,-0.468,0.121896199385));
#6200 = CARTESIAN_POINT('',(-1.028468257135,-0.468,0.122446385133));
#6201 = CARTESIAN_POINT('',(-1.031603401411,-0.468,0.122971969548));
#6202 = CARTESIAN_POINT('',(-1.034533137721,-0.468,0.123470465564));
#6203 = CARTESIAN_POINT('',(-1.037251394337,-0.468,0.123939452789));
#6204 = CARTESIAN_POINT('',(-1.039752538062,-0.468,0.124376594557));
#6205 = CARTESIAN_POINT('',(-1.042031385887,-0.468,0.124779657072));
#6206 = CARTESIAN_POINT('',(-1.044083215689,-0.468,0.125146530102));
#6207 = CARTESIAN_POINT('',(-1.045903775975,-0.468,0.125475248587));
#6208 = CARTESIAN_POINT('',(-1.047489294642,-0.468,0.1257640145));
#6209 = CARTESIAN_POINT('',(-1.048836486731,-0.468,0.126011218247));
#6210 = CARTESIAN_POINT('',(-1.049942561186,-0.468,0.126215458918));
#6211 = CARTESIAN_POINT('',(-1.050805226573,-0.468,0.126375562731));
#6212 = CARTESIAN_POINT('',(-1.051422695784,-0.468,0.126490599037));
#6213 = CARTESIAN_POINT('',(-1.051793689695,-0.468,0.126559893375));
#6214 = CARTESIAN_POINT('',(-1.051958720115,-0.468,0.126590757359));
#6215 = CARTESIAN_POINT('',(-1.052,-0.468,0.12659848));
#6216 = VECTOR('',#6217,1.);
#6217 = DIRECTION('',(-0.,-1.,-0.));
#6218 = DEFINITIONAL_REPRESENTATION('',(#6219),#6313);
#6219 = B_SPLINE_CURVE_WITH_KNOTS('',8,(#6220,#6221,#6222,#6223,#6224,
    #6225,#6226,#6227,#6228,#6229,#6230,#6231,#6232,#6233,#6234,#6235,
    #6236,#6237,#6238,#6239,#6240,#6241,#6242,#6243,#6244,#6245,#6246,
    #6247,#6248,#6249,#6250,#6251,#6252,#6253,#6254,#6255,#6256,#6257,
    #6258,#6259,#6260,#6261,#6262,#6263,#6264,#6265,#6266,#6267,#6268,
    #6269,#6270,#6271,#6272,#6273,#6274,#6275,#6276,#6277,#6278,#6279,
    #6280,#6281,#6282,#6283,#6284,#6285,#6286,#6287,#6288,#6289,#6290,
    #6291,#6292,#6293,#6294,#6295,#6296,#6297,#6298,#6299,#6300,#6301,
    #6302,#6303,#6304,#6305,#6306,#6307,#6308,#6309,#6310,#6311,#6312),
  .UNSPECIFIED.,.F.,.F.,(9,7,7,7,7,7,7,7,7,7,7,7,7,9),(0.,0.245666204359
    ,0.403047303997,0.473573854847,0.496534615657,0.507926691808,
    0.521483404794,0.533346477389,0.540575261258,0.557035367989,
    0.588115073772,0.632149100329,0.774926417811,1.),.UNSPECIFIED.);
#6220 = CARTESIAN_POINT('',(0.391547092527,-0.451412546665));
#6221 = CARTESIAN_POINT('',(0.382136558731,-0.450699319866));
#6222 = CARTESIAN_POINT('',(0.372716973218,-0.450033842431));
#6223 = CARTESIAN_POINT('',(0.363286248598,-0.449421059967));
#6224 = CARTESIAN_POINT('',(0.353847874955,-0.44886807573));
#6225 = CARTESIAN_POINT('',(0.34441121523,-0.448384015382));
#6226 = CARTESIAN_POINT('',(0.334991502198,-0.447980483239));
#6227 = CARTESIAN_POINT('',(0.325609537004,-0.447672610022));
#6228 = CARTESIAN_POINT('',(0.310321413683,-0.447357743722));
#6229 = CARTESIAN_POINT('',(0.304394251365,-0.447282746871));
#6230 = CARTESIAN_POINT('',(0.298503075885,-0.447260398028));
#6231 = CARTESIAN_POINT('',(0.292654233111,-0.447296857927));
#6232 = CARTESIAN_POINT('',(0.286865895068,-0.44740018395));
#6233 = CARTESIAN_POINT('',(0.281167548954,-0.447578550677));
#6234 = CARTESIAN_POINT('',(0.275602871917,-0.447841272495));
#6235 = CARTESIAN_POINT('',(0.267811459949,-0.448354746945));
#6236 = CARTESIAN_POINT('',(0.265448759774,-0.448531369901));
#6237 = CARTESIAN_POINT('',(0.263128098881,-0.448726674389));
#6238 = CARTESIAN_POINT('',(0.260858720771,-0.448941318253));
#6239 = CARTESIAN_POINT('',(0.258649983192,-0.44917493234));
#6240 = CARTESIAN_POINT('',(0.256522755219,-0.44942555771));
#6241 = CARTESIAN_POINT('',(0.254506914892,-0.449688150292));
#6242 = CARTESIAN_POINT('',(0.251958224664,-0.450036643923));
#6243 = CARTESIAN_POINT('',(0.251343065472,-0.450122146864));
#6244 = CARTESIAN_POINT('',(0.250738377644,-0.450207112955));
#6245 = CARTESIAN_POINT('',(0.250143777666,-0.450290919132));
#6246 = CARTESIAN_POINT('',(0.249558098186,-0.450372837386));
#6247 = CARTESIAN_POINT('',(0.248979037274,-0.450452079101));
#6248 = CARTESIAN_POINT('',(0.248403192587,-0.450527814333));
#6249 = CARTESIAN_POINT('',(0.247540342316,-0.450634567476));
#6250 = CARTESIAN_POINT('',(0.247254050054,-0.450668876271));
#6251 = CARTESIAN_POINT('',(0.246967145168,-0.450702017548));
#6252 = CARTESIAN_POINT('',(0.246679144343,-0.450733905249));
#6253 = CARTESIAN_POINT('',(0.246389539434,-0.450764442126));
#6254 = CARTESIAN_POINT('',(0.246097797461,-0.450793519743));
#6255 = CARTESIAN_POINT('',(0.245803360609,-0.450821018475));
#6256 = CARTESIAN_POINT('',(0.245151362401,-0.450877496781));
#6257 = CARTESIAN_POINT('',(0.244792283351,-0.450905739581));
#6258 = CARTESIAN_POINT('',(0.244427674603,-0.450931347689));
#6259 = CARTESIAN_POINT('',(0.244056673235,-0.450954138256));
#6260 = CARTESIAN_POINT('',(0.243678432398,-0.450973953293));
#6261 = CARTESIAN_POINT('',(0.243292265825,-0.450990679171));
#6262 = CARTESIAN_POINT('',(0.242897792344,-0.451004266108));
#6263 = CARTESIAN_POINT('',(0.24214267925,-0.451023919756));
#6264 = CARTESIAN_POINT('',(0.241783853945,-0.451030695636));
#6265 = CARTESIAN_POINT('',(0.241418612519,-0.451035094318));
#6266 = CARTESIAN_POINT('',(0.241047041677,-0.451037156655));
#6267 = CARTESIAN_POINT('',(0.240669306785,-0.451036945338));
#6268 = CARTESIAN_POINT('',(0.240285651875,-0.451034544894));
#6269 = CARTESIAN_POINT('',(0.239896399638,-0.45103006169));
#6270 = CARTESIAN_POINT('',(0.239261593733,-0.451019701066));
#6271 = CARTESIAN_POINT('',(0.2390192802,-0.451015055892));
#6272 = CARTESIAN_POINT('',(0.238775102412,-0.451009709798));
#6273 = CARTESIAN_POINT('',(0.238529148911,-0.4510036869));
#6274 = CARTESIAN_POINT('',(0.238281505203,-0.45099701404));
#6275 = CARTESIAN_POINT('',(0.23803225376,-0.450989720783));
#6276 = CARTESIAN_POINT('',(0.237781474014,-0.450981839422));
#6277 = CARTESIAN_POINT('',(0.236954905107,-0.450954199535));
#6278 = CARTESIAN_POINT('',(0.236373078232,-0.450932082977));
#6279 = CARTESIAN_POINT('',(0.235784710088,-0.450907400602));
#6280 = CARTESIAN_POINT('',(0.235190657448,-0.450880472138));
#6281 = CARTESIAN_POINT('',(0.234591685509,-0.450851591738));
#6282 = CARTESIAN_POINT('',(0.233988467895,-0.45082102798));
#6283 = CARTESIAN_POINT('',(0.233381586653,-0.450789023863));
#6284 = CARTESIAN_POINT('',(0.231619637467,-0.450693058038));
#6285 = CARTESIAN_POINT('',(0.230456833596,-0.450625942741));
#6286 = CARTESIAN_POINT('',(0.229285833453,-0.45055590319));
#6287 = CARTESIAN_POINT('',(0.228108951557,-0.450484035365));
#6288 = CARTESIAN_POINT('',(0.226928082541,-0.450411184475));
#6289 = CARTESIAN_POINT('',(0.225744622643,-0.450338013134));
#6290 = CARTESIAN_POINT('',(0.224559334284,-0.450265032177));
#6291 = CARTESIAN_POINT('',(0.221690144935,-0.450089963232));
#6292 = CARTESIAN_POINT('',(0.22000584089,-0.449988550076));
#6293 = CARTESIAN_POINT('',(0.218320577435,-0.449889428384));
#6294 = CARTESIAN_POINT('',(0.216635539753,-0.449793371875));
#6295 = CARTESIAN_POINT('',(0.214951677343,-0.44970091193));
#6296 = CARTESIAN_POINT('',(0.213269618966,-0.449612395248));
#6297 = CARTESIAN_POINT('',(0.211589587603,-0.449528041499));
#6298 = CARTESIAN_POINT('',(0.204469632635,-0.449188475082));
#6299 = CARTESIAN_POINT('',(0.199056083622,-0.448974842918));
#6300 = CARTESIAN_POINT('',(0.193665371189,-0.448811634846));
#6301 = CARTESIAN_POINT('',(0.188301656829,-0.448697414424));
#6302 = CARTESIAN_POINT('',(0.182966645411,-0.448629510999));
#6303 = CARTESIAN_POINT('',(0.177657971651,-0.448605106182));
#6304 = CARTESIAN_POINT('',(0.172370797458,-0.44862108181));
#6305 = CARTESIAN_POINT('',(0.158779617903,-0.448760091886));
#6306 = CARTESIAN_POINT('',(0.150512193613,-0.44893928848));
#6307 = CARTESIAN_POINT('',(0.14228018151,-0.449201840998));
#6308 = CARTESIAN_POINT('',(0.134076451614,-0.449538166191));
#6309 = CARTESIAN_POINT('',(0.125896144345,-0.449939994863));
#6310 = CARTESIAN_POINT('',(0.117734380447,-0.450400401782));
#6311 = CARTESIAN_POINT('',(0.109585355308,-0.450913754021));
#6312 = CARTESIAN_POINT('',(0.10144281769,-0.451475577737));
#6313 = ( GEOMETRIC_REPRESENTATION_CONTEXT(2) 
PARAMETRIC_REPRESENTATION_CONTEXT() REPRESENTATION_CONTEXT('2D SPACE',''
  ) );
#6314 = FACE_BOUND('',#6315,.F.);
#6315 = EDGE_LOOP('',(#6316));
#6316 = ORIENTED_EDGE('',*,*,#6317,.F.);
#6317 = EDGE_CURVE('',#6318,#6318,#6320,.T.);
#6318 = VERTEX_POINT('',#6319);
#6319 = CARTESIAN_POINT('',(-0.957,-1.615913217036E-02,0.1325));
#6320 = SURFACE_CURVE('',#6321,(#6342,#6393),.PCURVE_S1.);
#6321 = B_SPLINE_CURVE_WITH_KNOTS('',6,(#6322,#6323,#6324,#6325,#6326,
    #6327,#6328,#6329,#6330,#6331,#6332,#6333,#6334,#6335,#6336,#6337,
    #6338,#6339,#6340,#6341),.UNSPECIFIED.,.T.,.F.,(7,5,3,5,7),(0.,
    0.505472356921,1.,1.420029680828,1.851620395882),.UNSPECIFIED.);
#6322 = CARTESIAN_POINT('',(-0.957,-1.615913217036E-02,0.1325));
#6323 = CARTESIAN_POINT('',(-0.955427652179,-1.627697742876E-02,0.1325)
  );
#6324 = CARTESIAN_POINT('',(-0.953855501536,-1.639392184044E-02,
    0.131960809237));
#6325 = CARTESIAN_POINT('',(-0.952513383108,-1.649329218806E-02,
    0.130880971617));
#6326 = CARTESIAN_POINT('',(-0.951638193847,-1.656014044219E-02,
    0.129397457424));
#6327 = CARTESIAN_POINT('',(-0.951330957516,-1.658639229459E-02,
    0.127764164219));
#6328 = CARTESIAN_POINT('',(-0.951778705166,-1.655985563921E-02,
    0.124686089981));
#6329 = CARTESIAN_POINT('',(-0.952510792666,-1.650877267656E-02,
    0.123238365979));
#6330 = CARTESIAN_POINT('',(-0.95372371738,-1.642060734921E-02,
    0.122078258647));
#6331 = CARTESIAN_POINT('',(-0.956568679406,-1.620580849337E-02,
    0.120836626471));
#6332 = CARTESIAN_POINT('',(-0.959687370945,-1.596165679437E-02,
    0.121491513574));
#6333 = CARTESIAN_POINT('',(-0.961759534572,-1.57973362107E-02,
    0.123699160957));
#6334 = CARTESIAN_POINT('',(-0.962375847397,-1.574870083048E-02,
    0.124945691371));
#6335 = CARTESIAN_POINT('',(-0.962607550023,-1.573069413651E-02,
    0.126284248377));
#6336 = CARTESIAN_POINT('',(-0.962326584503,-1.575292821317E-02,
    0.128918247073));
#6337 = CARTESIAN_POINT('',(-0.961793280383,-1.579477773722E-02,
    0.130211345394));
#6338 = CARTESIAN_POINT('',(-0.960883868834,-1.586555103012E-02,
    0.131320044607));
#6339 = CARTESIAN_POINT('',(-0.959684975289,-1.595723800936E-02,
    0.132106812225));
#6340 = CARTESIAN_POINT('',(-0.958342528094,-1.605851157737E-02,0.1325)
  );
#6341 = CARTESIAN_POINT('',(-0.957,-1.615913217036E-02,0.1325));
#6342 = PCURVE('',#170,#6343);
#6343 = DEFINITIONAL_REPRESENTATION('',(#6344),#6392);
#6344 = B_SPLINE_CURVE_WITH_KNOTS('',3,(#6345,#6346,#6347,#6348,#6349,
    #6350,#6351,#6352,#6353,#6354,#6355,#6356,#6357,#6358,#6359,#6360,
    #6361,#6362,#6363,#6364,#6365,#6366,#6367,#6368,#6369,#6370,#6371,
    #6372,#6373,#6374,#6375,#6376,#6377,#6378,#6379,#6380,#6381,#6382,
    #6383,#6384,#6385,#6386,#6387,#6388,#6389,#6390,#6391),
  .UNSPECIFIED.,.T.,.F.,(4,1,1,1,1,1,1,1,1,1,1,1,1,1,1,1,1,1,1,1,1,1,1,1
    ,1,1,1,1,1,1,1,1,1,1,1,1,1,1,1,1,1,1,1,1,4),(0.,4.20822817246E-02,
    8.416456344919E-02,0.126246845174,0.168329126898,0.210411408623,
    0.252493690348,0.294575972072,0.336658253797,0.378740535521,
    0.420822817246,0.462905098971,0.504987380695,0.54706966242,
    0.589151944144,0.631234225869,0.673316507594,0.715398789318,
    0.757481071043,0.799563352767,0.841645634492,0.883727916217,
    0.925810197941,0.967892479666,1.00997476139,1.052057043115,
    1.09413932484,1.136221606564,1.178303888289,1.220386170013,
    1.262468451738,1.304550733462,1.346633015187,1.388715296912,
    1.430797578636,1.472879860361,1.514962142085,1.55704442381,
    1.599126705535,1.641208987259,1.683291268984,1.725373550708,
    1.767455832433,1.809538114158,1.851620395882),
  .QUASI_UNIFORM_KNOTS.);
#6345 = CARTESIAN_POINT('',(0.674139925105,0.353849647967));
#6346 = CARTESIAN_POINT('',(0.673804338216,0.353850082392));
#6347 = CARTESIAN_POINT('',(0.673151222652,0.353764417689));
#6348 = CARTESIAN_POINT('',(0.672244375311,0.353384518864));
#6349 = CARTESIAN_POINT('',(0.67142975864,0.352759426663));
#6350 = CARTESIAN_POINT('',(0.670724140747,0.351902316179));
#6351 = CARTESIAN_POINT('',(0.670142055329,0.35083055788));
#6352 = CARTESIAN_POINT('',(0.669695283794,0.349566004585));
#6353 = CARTESIAN_POINT('',(0.669392681488,0.348134374707));
#6354 = CARTESIAN_POINT('',(0.669240008899,0.346564793099));
#6355 = CARTESIAN_POINT('',(0.669239855904,0.344889206165));
#6356 = CARTESIAN_POINT('',(0.669391632408,0.343141743315));
#6357 = CARTESIAN_POINT('',(0.669691622522,0.341358019792));
#6358 = CARTESIAN_POINT('',(0.670133112821,0.339574328669));
#6359 = CARTESIAN_POINT('',(0.670706523656,0.337826935815));
#6360 = CARTESIAN_POINT('',(0.671399810772,0.336151408942));
#6361 = CARTESIAN_POINT('',(0.672198580993,0.334581833921));
#6362 = CARTESIAN_POINT('',(0.67308643121,0.333150193454));
#6363 = CARTESIAN_POINT('',(0.674045333413,0.331885641327));
#6364 = CARTESIAN_POINT('',(0.675056001525,0.330813913604));
#6365 = CARTESIAN_POINT('',(0.67609825819,0.329956812108));
#6366 = CARTESIAN_POINT('',(0.677151399001,0.329331777525));
#6367 = CARTESIAN_POINT('',(0.678194558769,0.328951547409));
#6368 = CARTESIAN_POINT('',(0.679207082978,0.328823900633));
#6369 = CARTESIAN_POINT('',(0.680168911091,0.328951486852));
#6370 = CARTESIAN_POINT('',(0.681060969281,0.329331745147));
#6371 = CARTESIAN_POINT('',(0.681865604578,0.329956896713));
#6372 = CARTESIAN_POINT('',(0.682566790272,0.330814133548));
#6373 = CARTESIAN_POINT('',(0.683150387378,0.331885950732));
#6374 = CARTESIAN_POINT('',(0.683604465295,0.333150516057));
#6375 = CARTESIAN_POINT('',(0.683919555939,0.334582110016));
#6376 = CARTESIAN_POINT('',(0.684088869028,0.336151628729));
#6377 = CARTESIAN_POINT('',(0.68410845962,0.337827150967));
#6378 = CARTESIAN_POINT('',(0.683977347068,0.33957457207));
#6379 = CARTESIAN_POINT('',(0.683697581257,0.341358292387));
#6380 = CARTESIAN_POINT('',(0.683274250549,0.343142006928));
#6381 = CARTESIAN_POINT('',(0.68271543334,0.344889403332));
#6382 = CARTESIAN_POINT('',(0.682032017348,0.346564942811));
#6383 = CARTESIAN_POINT('',(0.68123761414,0.348134503857));
#6384 = CARTESIAN_POINT('',(0.680348259278,0.34956612239));
#6385 = CARTESIAN_POINT('',(0.679382091606,0.350830653558));
#6386 = CARTESIAN_POINT('',(0.678358982541,0.35190237196));
#6387 = CARTESIAN_POINT('',(0.6773001307,0.352759435835));
#6388 = CARTESIAN_POINT('',(0.676227590529,0.353384496257));
#6389 = CARTESIAN_POINT('',(0.675163854899,0.353764401651));
#6390 = CARTESIAN_POINT('',(0.674475325986,0.353850077429));
#6391 = CARTESIAN_POINT('',(0.674139925105,0.353849647967));
#6392 = ( GEOMETRIC_REPRESENTATION_CONTEXT(2) 
PARAMETRIC_REPRESENTATION_CONTEXT() REPRESENTATION_CONTEXT('2D SPACE',''
  ) );
#6393 = PCURVE('',#5764,#6394);
#6394 = DEFINITIONAL_REPRESENTATION('',(#6395),#6443);
#6395 = B_SPLINE_CURVE_WITH_KNOTS('',3,(#6396,#6397,#6398,#6399,#6400,
    #6401,#6402,#6403,#6404,#6405,#6406,#6407,#6408,#6409,#6410,#6411,
    #6412,#6413,#6414,#6415,#6416,#6417,#6418,#6419,#6420,#6421,#6422,
    #6423,#6424,#6425,#6426,#6427,#6428,#6429,#6430,#6431,#6432,#6433,
    #6434,#6435,#6436,#6437,#6438,#6439,#6440,#6441,#6442),
  .UNSPECIFIED.,.F.,.F.,(4,1,1,1,1,1,1,1,1,1,1,1,1,1,1,1,1,1,1,1,1,1,1,1
    ,1,1,1,1,1,1,1,1,1,1,1,1,1,1,1,1,1,1,1,1,4),(0.,4.20822817246E-02,
    8.416456344919E-02,0.126246845174,0.168329126898,0.210411408623,
    0.252493690348,0.294575972072,0.336658253797,0.378740535521,
    0.420822817246,0.462905098971,0.504987380695,0.54706966242,
    0.589151944144,0.631234225869,0.673316507594,0.715398789318,
    0.757481071043,0.799563352767,0.841645634492,0.883727916217,
    0.925810197941,0.967892479666,1.00997476139,1.052057043115,
    1.09413932484,1.136221606564,1.178303888289,1.220386170013,
    1.262468451738,1.304550733462,1.346633015187,1.388715296912,
    1.430797578636,1.472879860361,1.514962142085,1.55704442381,
    1.599126705535,1.641208987259,1.683291268984,1.725373550708,
    1.767455832433,1.809538114158,1.851620395882),
  .QUASI_UNIFORM_KNOTS.);
#6396 = CARTESIAN_POINT('',(0.,2.414890195743E-02));
#6397 = CARTESIAN_POINT('',(4.760051599192E-02,2.412927600675E-02));
#6398 = CARTESIAN_POINT('',(0.142801710508,2.409010104371E-02));
#6399 = CARTESIAN_POINT('',(0.285604611838,2.403265579441E-02));
#6400 = CARTESIAN_POINT('',(0.428411277147,2.397763575165E-02));
#6401 = CARTESIAN_POINT('',(0.571217247246,2.392607321847E-02));
#6402 = CARTESIAN_POINT('',(0.71401956236,2.387893417178E-02));
#6403 = CARTESIAN_POINT('',(0.856818059346,2.383709996595E-02));
#6404 = CARTESIAN_POINT('',(0.999615155093,2.380135736926E-02));
#6405 = CARTESIAN_POINT('',(1.142413484693,2.377238728694E-02));
#6406 = CARTESIAN_POINT('',(1.285213466399,2.375075474475E-02));
#6407 = CARTESIAN_POINT('',(1.428012831314,2.373689948344E-02));
#6408 = CARTESIAN_POINT('',(1.570807794004,2.373112718916E-02));
#6409 = CARTESIAN_POINT('',(1.713601054894,2.373360190858E-02));
#6410 = CARTESIAN_POINT('',(1.856394569897,2.374433742918E-02));
#6411 = CARTESIAN_POINT('',(1.999189420298,2.376319157779E-02));
#6412 = CARTESIAN_POINT('',(2.141988672128,2.378986350907E-02));
#6413 = CARTESIAN_POINT('',(2.284788965443,2.382389141246E-02));
#6414 = CARTESIAN_POINT('',(2.427588617626,2.386465611956E-02));
#6415 = CARTESIAN_POINT('',(2.57038839287,2.391138816257E-02));
#6416 = CARTESIAN_POINT('',(2.713190759029,2.396317894071E-02));
#6417 = CARTESIAN_POINT('',(2.855997253973,2.401899581643E-02));
#6418 = CARTESIAN_POINT('',(2.998806262641,2.407770119674E-02));
#6419 = CARTESIAN_POINT('',(3.141612843858,2.413807555681E-02));
#6420 = CARTESIAN_POINT('',(3.284411810258,2.419884452186E-02));
#6421 = CARTESIAN_POINT('',(3.427203052692,2.425870958601E-02));
#6422 = CARTESIAN_POINT('',(3.569999197303,2.43163840224E-02));
#6423 = CARTESIAN_POINT('',(3.712804079297,2.437061692426E-02));
#6424 = CARTESIAN_POINT('',(3.855611594656,2.442022455359E-02));
#6425 = CARTESIAN_POINT('',(3.998416134041,2.446412427539E-02));
#6426 = CARTESIAN_POINT('',(4.14121576549,2.450136236986E-02));
#6427 = CARTESIAN_POINT('',(4.28401216742,2.453113761691E-02));
#6428 = CARTESIAN_POINT('',(4.426807925305,2.455282013178E-02));
#6429 = CARTESIAN_POINT('',(4.569604095417,2.456596564272E-02));
#6430 = CARTESIAN_POINT('',(4.712399118476,2.457032496772E-02));
#6431 = CARTESIAN_POINT('',(4.855194091891,2.456584947182E-02));
#6432 = CARTESIAN_POINT('',(4.997988169504,2.455268982623E-02));
#6433 = CARTESIAN_POINT('',(5.140784609398,2.45311804906E-02));
#6434 = CARTESIAN_POINT('',(5.283582343079,2.450183962028E-02));
#6435 = CARTESIAN_POINT('',(5.426379781808,2.446534596954E-02));
#6436 = CARTESIAN_POINT('',(5.569177036595,2.442251792691E-02));
#6437 = CARTESIAN_POINT('',(5.711975618268,2.437429089943E-02));
#6438 = CARTESIAN_POINT('',(5.854776723916,2.432169408586E-02));
#6439 = CARTESIAN_POINT('',(5.997579901798,2.426582626203E-02));
#6440 = CARTESIAN_POINT('',(6.140382687272,2.420783104519E-02));
#6441 = CARTESIAN_POINT('',(6.235584495038,2.416852377991E-02));
#6442 = CARTESIAN_POINT('',(6.28318530718,2.414890195743E-02));
#6443 = ( GEOMETRIC_REPRESENTATION_CONTEXT(2) 
PARAMETRIC_REPRESENTATION_CONTEXT() REPRESENTATION_CONTEXT('2D SPACE',''
  ) );
#6444 = FACE_BOUND('',#6445,.F.);
#6445 = EDGE_LOOP('',(#6446,#6498));
#6446 = ORIENTED_EDGE('',*,*,#6447,.F.);
#6447 = EDGE_CURVE('',#6448,#6450,#6452,.T.);
#6448 = VERTEX_POINT('',#6449);
#6449 = CARTESIAN_POINT('',(-0.951645580933,1.65244636625E-02,
    0.142052050579));
#6450 = VERTEX_POINT('',#6451);
#6451 = CARTESIAN_POINT('',(-0.951645580933,1.658749880873E-02,
    0.111947949421));
#6452 = SURFACE_CURVE('',#6453,(#6466,#6482),.PCURVE_S1.);
#6453 = B_SPLINE_CURVE_WITH_KNOTS('',6,(#6454,#6455,#6456,#6457,#6458,
    #6459,#6460,#6461,#6462,#6463,#6464,#6465),.UNSPECIFIED.,.F.,.F.,(7,
    5,7),(0.,0.566140856677,1.),.UNSPECIFIED.);
#6454 = CARTESIAN_POINT('',(-0.951645580933,1.65244636625E-02,
    0.142052050579));
#6455 = CARTESIAN_POINT('',(-0.948153480825,1.677209600074E-02,
    0.140809816686));
#6456 = CARTESIAN_POINT('',(-0.945007452768,1.699217956476E-02,
    0.138595602245));
#6457 = CARTESIAN_POINT('',(-0.94254549057,1.716620460112E-02,
    0.135528840935));
#6458 = CARTESIAN_POINT('',(-0.941052374198,1.728309450683E-02,
    0.13189183635));
#6459 = CARTESIAN_POINT('',(-0.940634939762,1.733027897657E-02,
    0.128069301052));
#6460 = CARTESIAN_POINT('',(-0.941694357016,1.728577947819E-02,
    0.121611906602));
#6461 = CARTESIAN_POINT('',(-0.942751415298,1.722395938101E-02,
    0.118908348094));
#6462 = CARTESIAN_POINT('',(-0.944379907176,1.711845513423E-02,
    0.116461717705));
#6463 = CARTESIAN_POINT('',(-0.946497040214,1.697116894393E-02,
    0.114422516906));
#6464 = CARTESIAN_POINT('',(-0.948969641732,1.679024391456E-02,
    0.112899852937));
#6465 = CARTESIAN_POINT('',(-0.951645580933,1.658749880873E-02,
    0.111947949421));
#6466 = PCURVE('',#170,#6467);
#6467 = DEFINITIONAL_REPRESENTATION('',(#6468),#6481);
#6468 = B_SPLINE_CURVE_WITH_KNOTS('',6,(#6469,#6470,#6471,#6472,#6473,
    #6474,#6475,#6476,#6477,#6478,#6479,#6480),.UNSPECIFIED.,.F.,.F.,(7,
    5,7),(0.,0.566140856677,1.),.UNSPECIFIED.);
#6469 = CARTESIAN_POINT('',(0.199019683542,0.375544062184));
#6470 = CARTESIAN_POINT('',(0.202951604078,0.372722726971));
#6471 = CARTESIAN_POINT('',(0.205927424657,0.367693850204));
#6472 = CARTESIAN_POINT('',(0.207542381053,0.360728687111));
#6473 = CARTESIAN_POINT('',(0.207593390283,0.352468399614));
#6474 = CARTESIAN_POINT('',(0.206207391304,0.343786738705));
#6475 = CARTESIAN_POINT('',(0.201703607593,0.329120841703));
#6476 = CARTESIAN_POINT('',(0.199066400857,0.322980577093));
#6477 = CARTESIAN_POINT('',(0.195870229168,0.317423842165));
#6478 = CARTESIAN_POINT('',(0.19229550265,0.312792452659));
#6479 = CARTESIAN_POINT('',(0.188543213456,0.309334210623));
#6480 = CARTESIAN_POINT('',(0.184809261987,0.307172267592));
#6481 = ( GEOMETRIC_REPRESENTATION_CONTEXT(2) 
PARAMETRIC_REPRESENTATION_CONTEXT() REPRESENTATION_CONTEXT('2D SPACE',''
  ) );
#6482 = PCURVE('',#5858,#6483);
#6483 = DEFINITIONAL_REPRESENTATION('',(#6484),#6497);
#6484 = B_SPLINE_CURVE_WITH_KNOTS('',6,(#6485,#6486,#6487,#6488,#6489,
    #6490,#6491,#6492,#6493,#6494,#6495,#6496),.UNSPECIFIED.,.F.,.F.,(7,
    5,7),(0.,0.566140856677,1.),.UNSPECIFIED.);
#6485 = CARTESIAN_POINT('',(1.912563910202,0.494524463663));
#6486 = CARTESIAN_POINT('',(2.144565529493,0.494772096001));
#6487 = CARTESIAN_POINT('',(2.376558733469,0.494992179565));
#6488 = CARTESIAN_POINT('',(2.608513654961,0.495166204601));
#6489 = CARTESIAN_POINT('',(2.84042790759,0.495283094507));
#6490 = CARTESIAN_POINT('',(3.0723176539,0.495330278977));
#6491 = CARTESIAN_POINT('',(3.481913557262,0.495285779478));
#6492 = CARTESIAN_POINT('',(3.659620558038,0.495223959381));
#6493 = CARTESIAN_POINT('',(3.837339659122,0.495118455134));
#6494 = CARTESIAN_POINT('',(4.015079567895,0.494971168944));
#6495 = CARTESIAN_POINT('',(4.192842350434,0.494790243915));
#6496 = CARTESIAN_POINT('',(4.370621396978,0.494587498809));
#6497 = ( GEOMETRIC_REPRESENTATION_CONTEXT(2) 
PARAMETRIC_REPRESENTATION_CONTEXT() REPRESENTATION_CONTEXT('2D SPACE',''
  ) );
#6498 = ORIENTED_EDGE('',*,*,#6499,.T.);
#6499 = EDGE_CURVE('',#6448,#6450,#6500,.T.);
#6500 = SURFACE_CURVE('',#6501,(#6582,#6666),.PCURVE_S1.);
#6501 = B_SPLINE_CURVE_WITH_KNOTS('',7,(#6502,#6503,#6504,#6505,#6506,
    #6507,#6508,#6509,#6510,#6511,#6512,#6513,#6514,#6515,#6516,#6517,
    #6518,#6519,#6520,#6521,#6522,#6523,#6524,#6525,#6526,#6527,#6528,
    #6529,#6530,#6531,#6532,#6533,#6534,#6535,#6536,#6537,#6538,#6539,
    #6540,#6541,#6542,#6543,#6544,#6545,#6546,#6547,#6548,#6549,#6550,
    #6551,#6552,#6553,#6554,#6555,#6556,#6557,#6558,#6559,#6560,#6561,
    #6562,#6563,#6564,#6565,#6566,#6567,#6568,#6569,#6570,#6571,#6572,
    #6573,#6574,#6575,#6576,#6577,#6578,#6579,#6580,#6581),
  .UNSPECIFIED.,.F.,.F.,(8,6,6,6,6,6,6,6,6,6,6,6,6,8),(0.,0.246467763804
    ,0.377886744488,0.44003957061,0.457988375718,0.466024484958,
    0.4783226117,0.491879062177,0.503848294215,0.527292875449,
    0.563354681214,0.615525892403,0.790569938417,1.),.UNSPECIFIED.);
#6502 = CARTESIAN_POINT('',(-0.951646177652,1.652442226346E-02,
    0.142051987918));
#6503 = CARTESIAN_POINT('',(-0.941504440316,1.722803484708E-02,
    0.14311697858));
#6504 = CARTESIAN_POINT('',(-0.93134259936,1.785386035326E-02,
    0.144067083018));
#6505 = CARTESIAN_POINT('',(-0.921144312441,1.839282594836E-02,
    0.144885169015));
#6506 = CARTESIAN_POINT('',(-0.91089781431,1.883190403599E-02,
    0.145547343017));
#6507 = CARTESIAN_POINT('',(-0.900592747784,1.915486768928E-02,
    0.146011348699));
#6508 = CARTESIAN_POINT('',(-0.890222245161,1.934047852105E-02,
    0.14622930361));
#6509 = CARTESIAN_POINT('',(-0.874193888559,1.937869188605E-02,
    0.146022518398));
#6510 = CARTESIAN_POINT('',(-0.868606558219,1.934621419338E-02,
    0.145850568532));
#6511 = CARTESIAN_POINT('',(-0.862994351206,1.92650433538E-02,
    0.145561708268));
#6512 = CARTESIAN_POINT('',(-0.857353791772,1.913064189618E-02,
    0.145137968594));
#6513 = CARTESIAN_POINT('',(-0.851693972056,1.894097756827E-02,
    0.14454263292));
#6514 = CARTESIAN_POINT('',(-0.846031465935,1.869277415536E-02,
    0.143746256368));
#6515 = CARTESIAN_POINT('',(-0.8377333614,1.825603588872E-02,
    0.14213678339));
#6516 = CARTESIAN_POINT('',(-0.835085819725,1.810553905888E-02,
    0.141555691292));
#6517 = CARTESIAN_POINT('',(-0.832448485705,1.794544080518E-02,
    0.140899586086));
#6518 = CARTESIAN_POINT('',(-0.829828744926,1.77777969783E-02,
    0.140153702812));
#6519 = CARTESIAN_POINT('',(-0.827244612643,1.760626050735E-02,
    0.13930259838));
#6520 = CARTESIAN_POINT('',(-0.824728893024,1.74382695597E-02,
    0.138325208206));
#6521 = CARTESIAN_POINT('',(-0.821651275015,1.724617276735E-02,
    0.136851304188));
#6522 = CARTESIAN_POINT('',(-0.820972985125,1.720476462771E-02,
    0.136507370293));
#6523 = CARTESIAN_POINT('',(-0.820307820625,1.716537734714E-02,
    0.136149052591));
#6524 = CARTESIAN_POINT('',(-0.819658041283,1.712848029838E-02,
    0.135775577125));
#6525 = CARTESIAN_POINT('',(-0.81902646663,1.709462542683E-02,
    0.135386227051));
#6526 = CARTESIAN_POINT('',(-0.818416572736,1.706444528348E-02,
    0.134980458182));
#6527 = CARTESIAN_POINT('',(-0.817571125507,1.702710236623E-02,
    0.134368876378));
#6528 = CARTESIAN_POINT('',(-0.817314777583,1.70164208306E-02,
    0.134176416718));
#6529 = CARTESIAN_POINT('',(-0.817063977372,1.700667616626E-02,
    0.133980618095));
#6530 = CARTESIAN_POINT('',(-0.816819150018,1.699793464207E-02,
    0.133781486131));
#6531 = CARTESIAN_POINT('',(-0.816580713661,1.699025908047E-02,
    0.133579049505));
#6532 = CARTESIAN_POINT('',(-0.816349079432,1.698370885747E-02,
    0.133373359958));
#6533 = CARTESIAN_POINT('',(-0.815781196237,1.697012347793E-02,
    0.132844849907));
#6534 = CARTESIAN_POINT('',(-0.815454598947,1.696466424699E-02,
    0.132517801697));
#6535 = CARTESIAN_POINT('',(-0.815146607667,1.69622000199E-02,
    0.132183642473));
#6536 = CARTESIAN_POINT('',(-0.814858816572,1.696291726346E-02,
    0.131842856209));
#6537 = CARTESIAN_POINT('',(-0.814592665932,1.696695110125E-02,
    0.131496116034));
#6538 = CARTESIAN_POINT('',(-0.814349442113,1.697438531361E-02,
    0.131144284232));
#6539 = CARTESIAN_POINT('',(-0.813888688485,1.699723125744E-02,
    0.130396128028));
#6540 = CARTESIAN_POINT('',(-0.813676003556,1.701335068606E-02,
    0.129998810377));
#6541 = CARTESIAN_POINT('',(-0.813493931066,1.703366431934E-02,
    0.129597954023));
#6542 = CARTESIAN_POINT('',(-0.813343021089,1.705805916948E-02,
    0.129194992581));
#6543 = CARTESIAN_POINT('',(-0.813223048082,1.708630754614E-02,
    0.128791314971));
#6544 = CARTESIAN_POINT('',(-0.813133393481,1.71181190375E-02,
    0.128388281844));
#6545 = CARTESIAN_POINT('',(-0.813020483957,1.718415946949E-02,
    0.127633156773));
#6546 = CARTESIAN_POINT('',(-0.812990373464,1.721764235967E-02,
    0.127280527081));
#6547 = CARTESIAN_POINT('',(-0.812982169634,1.725340015976E-02,
    0.126930029156));
#6548 = CARTESIAN_POINT('',(-0.812995144827,1.729121783545E-02,
    0.126582302443));
#6549 = CARTESIAN_POINT('',(-0.813028770943,1.733090632012E-02,
    0.126237949608));
#6550 = CARTESIAN_POINT('',(-0.813082719422,1.737230251492E-02,
    0.125897536533));
#6551 = CARTESIAN_POINT('',(-0.813302085601,1.749942991109E-02,
    0.124903565868));
#6552 = CARTESIAN_POINT('',(-0.813523436028,1.758947046314E-02,
    0.124262612483));
#6553 = CARTESIAN_POINT('',(-0.813816236281,1.768396404708E-02,
    0.123642323453));
#6554 = CARTESIAN_POINT('',(-0.814173745823,1.77814946103E-02,
    0.123044511945));
#6555 = CARTESIAN_POINT('',(-0.814588413974,1.788076580978E-02,
    0.122469712238));
#6556 = CARTESIAN_POINT('',(-0.815053134057,1.79807098765E-02,
    0.121917678969));
#6557 = CARTESIAN_POINT('',(-0.816345986385,1.823423928755E-02,
    0.120572974033));
#6558 = CARTESIAN_POINT('',(-0.817234244709,1.838762912926E-02,
    0.119810898098));
#6559 = CARTESIAN_POINT('',(-0.818207001429,1.853818487751E-02,
    0.119097886501));
#6560 = CARTESIAN_POINT('',(-0.819248235998,1.868424012481E-02,
    0.118429993763));
#6561 = CARTESIAN_POINT('',(-0.820345771787,1.882483056125E-02,
    0.117803292135));
#6562 = CARTESIAN_POINT('',(-0.821490869454,1.895948135212E-02,
    0.117214062755));
#6563 = CARTESIAN_POINT('',(-0.82439500175,1.927391663582E-02,
    0.115855949227));
#6564 = CARTESIAN_POINT('',(-0.826197478949,1.944675023365E-02,
    0.11512488017));
#6565 = CARTESIAN_POINT('',(-0.828066761482,1.960585366481E-02,
    0.114456234802));
#6566 = CARTESIAN_POINT('',(-0.829989325006,1.97511370029E-02,
    0.113842883975));
#6567 = CARTESIAN_POINT('',(-0.831955649744,1.988287939983E-02,
    0.113279423615));
#6568 = CARTESIAN_POINT('',(-0.833959258968,2.000154644638E-02,
    0.112761484125));
#6569 = CARTESIAN_POINT('',(-0.842828586019,2.046346205913E-02,
    0.11068648105));
#6570 = CARTESIAN_POINT('',(-0.850010585258,2.067656648975E-02,
    0.109559045886));
#6571 = CARTESIAN_POINT('',(-0.857376933793,2.076691014866E-02,
    0.10875571612));
#6572 = CARTESIAN_POINT('',(-0.864861366021,2.075289730158E-02,
    0.108235308564));
#6573 = CARTESIAN_POINT('',(-0.872404228088,2.065019492916E-02,
    0.107936980968));
#6574 = CARTESIAN_POINT('',(-0.879988776227,2.047114511762E-02,
    0.107829909177));
#6575 = CARTESIAN_POINT('',(-0.896743835384,1.992891403512E-02,
    0.107951654027));
#6576 = CARTESIAN_POINT('',(-0.905907360511,1.953730919054E-02,
    0.108250715044));
#6577 = CARTESIAN_POINT('',(-0.915081818075,1.906606782179E-02,
    0.108734101901));
#6578 = CARTESIAN_POINT('',(-0.9242505943,1.85272511528E-02,
    0.109367951086));
#6579 = CARTESIAN_POINT('',(-0.933403500018,1.793007821945E-02,
    0.110126879066));
#6580 = CARTESIAN_POINT('',(-0.942535391167,1.728175820037E-02,
    0.110991282263));
#6581 = CARTESIAN_POINT('',(-0.951646177652,1.658745333466E-02,
    0.111948012082));
#6582 = PCURVE('',#170,#6583);
#6583 = DEFINITIONAL_REPRESENTATION('',(#6584),#6665);
#6584 = B_SPLINE_CURVE_WITH_KNOTS('',7,(#6585,#6586,#6587,#6588,#6589,
    #6590,#6591,#6592,#6593,#6594,#6595,#6596,#6597,#6598,#6599,#6600,
    #6601,#6602,#6603,#6604,#6605,#6606,#6607,#6608,#6609,#6610,#6611,
    #6612,#6613,#6614,#6615,#6616,#6617,#6618,#6619,#6620,#6621,#6622,
    #6623,#6624,#6625,#6626,#6627,#6628,#6629,#6630,#6631,#6632,#6633,
    #6634,#6635,#6636,#6637,#6638,#6639,#6640,#6641,#6642,#6643,#6644,
    #6645,#6646,#6647,#6648,#6649,#6650,#6651,#6652,#6653,#6654,#6655,
    #6656,#6657,#6658,#6659,#6660,#6661,#6662,#6663,#6664),
  .UNSPECIFIED.,.F.,.F.,(8,6,6,6,6,6,6,6,6,6,6,6,6,8),(0.,0.246467763804
    ,0.377886744488,0.44003957061,0.457988375718,0.466024484958,
    0.4783226117,0.491879062177,0.503848294215,0.527292875449,
    0.563354681214,0.615525892403,0.790569938417,1.),.UNSPECIFIED.);
#6585 = CARTESIAN_POINT('',(0.199018874835,0.375543919868));
#6586 = CARTESIAN_POINT('',(0.212763504549,0.37796270402));
#6587 = CARTESIAN_POINT('',(0.226531920953,0.380120561022));
#6588 = CARTESIAN_POINT('',(0.240324828001,0.381978580547));
#6589 = CARTESIAN_POINT('',(0.254131728318,0.383482496064));
#6590 = CARTESIAN_POINT('',(0.267923509469,0.384536335906));
#6591 = CARTESIAN_POINT('',(0.28165852104,0.385031350466));
#6592 = CARTESIAN_POINT('',(0.302506822631,0.384561704288));
#6593 = CARTESIAN_POINT('',(0.309704530178,0.384171175408));
#6594 = CARTESIAN_POINT('',(0.316848436892,0.383515122116));
#6595 = CARTESIAN_POINT('',(0.323925507111,0.382552733577));
#6596 = CARTESIAN_POINT('',(0.330890103394,0.38120061985));
#6597 = CARTESIAN_POINT('',(0.33769184632,0.379391906355));
#6598 = CARTESIAN_POINT('',(0.347287183727,0.375736505542));
#6599 = CARTESIAN_POINT('',(0.350291763425,0.374416741522));
#6600 = CARTESIAN_POINT('',(0.353219417783,0.372926609326));
#6601 = CARTESIAN_POINT('',(0.356047922603,0.37123257509));
#6602 = CARTESIAN_POINT('',(0.358740296444,0.369299564796));
#6603 = CARTESIAN_POINT('',(0.361235819725,0.367079737011));
#6604 = CARTESIAN_POINT('',(0.364057461395,0.363732237538));
#6605 = CARTESIAN_POINT('',(0.364663468268,0.362951102187));
#6606 = CARTESIAN_POINT('',(0.365240314554,0.362137298641));
#6607 = CARTESIAN_POINT('',(0.365784452999,0.3612890691));
#6608 = CARTESIAN_POINT('',(0.366291674807,0.36040478549));
#6609 = CARTESIAN_POINT('',(0.36675708838,0.35948321186));
#6610 = CARTESIAN_POINT('',(0.367362250977,0.358094200268));
#6611 = CARTESIAN_POINT('',(0.367540019514,0.35765708998));
#6612 = CARTESIAN_POINT('',(0.367707837863,0.35721239631));
#6613 = CARTESIAN_POINT('',(0.367865169725,0.356760132025));
#6614 = CARTESIAN_POINT('',(0.3680115083,0.356300362265));
#6615 = CARTESIAN_POINT('',(0.368146376292,0.355833204538));
#6616 = CARTESIAN_POINT('',(0.368457482863,0.354632863745));
#6617 = CARTESIAN_POINT('',(0.368617780536,0.353890078802));
#6618 = CARTESIAN_POINT('',(0.368748251622,0.353131143478));
#6619 = CARTESIAN_POINT('',(0.368847289496,0.35235715696));
#6620 = CARTESIAN_POINT('',(0.368913648204,0.351569648045));
#6621 = CARTESIAN_POINT('',(0.368946442464,0.350770575135));
#6622 = CARTESIAN_POINT('',(0.368943720386,0.349071378669));
#6623 = CARTESIAN_POINT('',(0.368901194655,0.348168999267));
#6624 = CARTESIAN_POINT('',(0.368816687188,0.347258582837));
#6625 = CARTESIAN_POINT('',(0.368690761507,0.346343385375));
#6626 = CARTESIAN_POINT('',(0.368524940667,0.345426561369));
#6627 = CARTESIAN_POINT('',(0.368321219985,0.344511201098));
#6628 = CARTESIAN_POINT('',(0.367869997144,0.34279617709));
#6629 = CARTESIAN_POINT('',(0.367630733547,0.341995292031));
#6630 = CARTESIAN_POINT('',(0.367365583323,0.341199248595));
#6631 = CARTESIAN_POINT('',(0.367076048868,0.340409499077));
#6632 = CARTESIAN_POINT('',(0.366763340634,0.339627412236));
#6633 = CARTESIAN_POINT('',(0.366428377127,0.338854273297));
#6634 = CARTESIAN_POINT('',(0.365373314429,0.336596788253));
#6635 = CARTESIAN_POINT('',(0.364593520566,0.335141068551));
#6636 = CARTESIAN_POINT('',(0.363741534405,0.333732281293));
#6637 = CARTESIAN_POINT('',(0.362827553046,0.332374544503));
#6638 = CARTESIAN_POINT('',(0.361861673013,0.331069071629));
#6639 = CARTESIAN_POINT('',(0.360852723678,0.329815305403));
#6640 = CARTESIAN_POINT('',(0.358198752295,0.32676124014));
#6641 = CARTESIAN_POINT('',(0.356504887806,0.325030429476));
#6642 = CARTESIAN_POINT('',(0.354748080233,0.323411052693));
#6643 = CARTESIAN_POINT('',(0.352945166027,0.321894148905));
#6644 = CARTESIAN_POINT('',(0.351108020474,0.320470797491));
#6645 = CARTESIAN_POINT('',(0.349244333113,0.319132552247));
#6646 = CARTESIAN_POINT('',(0.344629948132,0.316048033675));
#6647 = CARTESIAN_POINT('',(0.341858143257,0.314387645175));
#6648 = CARTESIAN_POINT('',(0.339057692466,0.312869032029));
#6649 = CARTESIAN_POINT('',(0.336239002738,0.311476002668));
#6650 = CARTESIAN_POINT('',(0.333408871068,0.310196283476));
#6651 = CARTESIAN_POINT('',(0.33057119143,0.309019950318));
#6652 = CARTESIAN_POINT('',(0.318187094667,0.304307247446));
#6653 = CARTESIAN_POINT('',(0.308609367846,0.301746640669));
#6654 = CARTESIAN_POINT('',(0.299060289517,0.299922135181));
#6655 = CARTESIAN_POINT('',(0.28957271835,0.298740196602));
#6656 = CARTESIAN_POINT('',(0.280161651195,0.298062641308));
#6657 = CARTESIAN_POINT('',(0.270816453156,0.297819462132));
#6658 = CARTESIAN_POINT('',(0.250367540039,0.298095966448));
#6659 = CARTESIAN_POINT('',(0.23931080168,0.298775187473));
#6660 = CARTESIAN_POINT('',(0.228320820703,0.299873045425));
#6661 = CARTESIAN_POINT('',(0.217386406822,0.301312630221));
#6662 = CARTESIAN_POINT('',(0.206497282007,0.303036291315));
#6663 = CARTESIAN_POINT('',(0.195642209897,0.304999505479));
#6664 = CARTESIAN_POINT('',(0.184808552428,0.307172409907));
#6665 = ( GEOMETRIC_REPRESENTATION_CONTEXT(2) 
PARAMETRIC_REPRESENTATION_CONTEXT() REPRESENTATION_CONTEXT('2D SPACE',''
  ) );
#6666 = PCURVE('',#6073,#6667);
#6667 = DEFINITIONAL_REPRESENTATION('',(#6668),#6749);
#6668 = B_SPLINE_CURVE_WITH_KNOTS('',7,(#6669,#6670,#6671,#6672,#6673,
    #6674,#6675,#6676,#6677,#6678,#6679,#6680,#6681,#6682,#6683,#6684,
    #6685,#6686,#6687,#6688,#6689,#6690,#6691,#6692,#6693,#6694,#6695,
    #6696,#6697,#6698,#6699,#6700,#6701,#6702,#6703,#6704,#6705,#6706,
    #6707,#6708,#6709,#6710,#6711,#6712,#6713,#6714,#6715,#6716,#6717,
    #6718,#6719,#6720,#6721,#6722,#6723,#6724,#6725,#6726,#6727,#6728,
    #6729,#6730,#6731,#6732,#6733,#6734,#6735,#6736,#6737,#6738,#6739,
    #6740,#6741,#6742,#6743,#6744,#6745,#6746,#6747,#6748),
  .UNSPECIFIED.,.F.,.F.,(8,6,6,6,6,6,6,6,6,6,6,6,6,8),(0.,0.246467763804
    ,0.377886744488,0.44003957061,0.457988375718,0.466024484958,
    0.4783226117,0.491879062177,0.503848294215,0.527292875449,
    0.563354681214,0.615525892403,0.790569938417,1.),.UNSPECIFIED.);
#6669 = CARTESIAN_POINT('',(0.10144281769,-0.484524422263));
#6670 = CARTESIAN_POINT('',(0.111640308056,-0.485228034847));
#6671 = CARTESIAN_POINT('',(0.121845751584,-0.485853860353));
#6672 = CARTESIAN_POINT('',(0.132075470966,-0.486392825948));
#6673 = CARTESIAN_POINT('',(0.142340336139,-0.486831904036));
#6674 = CARTESIAN_POINT('',(0.152652497616,-0.487154867689));
#6675 = CARTESIAN_POINT('',(0.163019306871,-0.487340478521));
#6676 = CARTESIAN_POINT('',(0.179048877841,-0.487378691886));
#6677 = CARTESIAN_POINT('',(0.184637821032,-0.487346214193));
#6678 = CARTESIAN_POINT('',(0.190255811462,-0.487265043354));
#6679 = CARTESIAN_POINT('',(0.19590799558,-0.487130641896));
#6680 = CARTESIAN_POINT('',(0.201595425165,-0.486940977568));
#6681 = CARTESIAN_POINT('',(0.207305902078,-0.486692774155));
#6682 = CARTESIAN_POINT('',(0.215758406058,-0.486256035889));
#6683 = CARTESIAN_POINT('',(0.218468223778,-0.486105539059));
#6684 = CARTESIAN_POINT('',(0.221183493512,-0.485945440805));
#6685 = CARTESIAN_POINT('',(0.223904701251,-0.485777796978));
#6686 = CARTESIAN_POINT('',(0.226620711481,-0.485606260507));
#6687 = CARTESIAN_POINT('',(0.229311944576,-0.48543826956));
#6688 = CARTESIAN_POINT('',(0.23272373963,-0.485246172767));
#6689 = CARTESIAN_POINT('',(0.233483926049,-0.485204764628));
#6690 = CARTESIAN_POINT('',(0.234238969674,-0.485165377347));
#6691 = CARTESIAN_POINT('',(0.234987735614,-0.485128480298));
#6692 = CARTESIAN_POINT('',(0.23572881606,-0.485094625427));
#6693 = CARTESIAN_POINT('',(0.236460562383,-0.485064445283));
#6694 = CARTESIAN_POINT('',(0.23750372687,-0.485027102366));
#6695 = CARTESIAN_POINT('',(0.237824094711,-0.485016420831));
#6696 = CARTESIAN_POINT('',(0.238142036607,-0.485006676166));
#6697 = CARTESIAN_POINT('',(0.238457369777,-0.484997934642));
#6698 = CARTESIAN_POINT('',(0.238769912813,-0.48499025908));
#6699 = CARTESIAN_POINT('',(0.239079485683,-0.484983708857));
#6700 = CARTESIAN_POINT('',(0.239854848304,-0.484970123478));
#6701 = CARTESIAN_POINT('',(0.240316436549,-0.484964664247));
#6702 = CARTESIAN_POINT('',(0.240769961088,-0.48496220002));
#6703 = CARTESIAN_POINT('',(0.241214877856,-0.484962917263));
#6704 = CARTESIAN_POINT('',(0.241650812087,-0.484966951101));
#6705 = CARTESIAN_POINT('',(0.242077558319,-0.484974385314));
#6706 = CARTESIAN_POINT('',(0.242955322623,-0.484997231257));
#6707 = CARTESIAN_POINT('',(0.243404580226,-0.485013350686));
#6708 = CARTESIAN_POINT('',(0.243842743702,-0.485033664319));
#6709 = CARTESIAN_POINT('',(0.244270602769,-0.485058059169));
#6710 = CARTESIAN_POINT('',(0.244689460994,-0.485086307546));
#6711 = CARTESIAN_POINT('',(0.245100750425,-0.485118119037));
#6712 = CARTESIAN_POINT('',(0.245863135964,-0.485184159469));
#6713 = CARTESIAN_POINT('',(0.246215810825,-0.48521764236));
#6714 = CARTESIAN_POINT('',(0.246564742844,-0.48525340016));
#6715 = CARTESIAN_POINT('',(0.246910948026,-0.485291217835));
#6716 = CARTESIAN_POINT('',(0.247255386343,-0.48533090632));
#6717 = CARTESIAN_POINT('',(0.247598961741,-0.485372302515));
#6718 = CARTESIAN_POINT('',(0.248615466707,-0.485499429911));
#6719 = CARTESIAN_POINT('',(0.249287799488,-0.485589470463));
#6720 = CARTESIAN_POINT('',(0.249966913776,-0.485683964047));
#6721 = CARTESIAN_POINT('',(0.250657517209,-0.48578149461));
#6722 = CARTESIAN_POINT('',(0.251362166058,-0.48588076581));
#6723 = CARTESIAN_POINT('',(0.252081799511,-0.485980709876));
#6724 = CARTESIAN_POINT('',(0.253946022216,-0.486234239288));
#6725 = CARTESIAN_POINT('',(0.255110726133,-0.486387629129));
#6726 = CARTESIAN_POINT('',(0.256311305244,-0.486538184878));
#6727 = CARTESIAN_POINT('',(0.257544822851,-0.486684240125));
#6728 = CARTESIAN_POINT('',(0.258806750994,-0.486824830561));
#6729 = CARTESIAN_POINT('',(0.260093235407,-0.486959481352));
#6730 = CARTESIAN_POINT('',(0.263298740135,-0.487273916636));
#6731 = CARTESIAN_POINT('',(0.265241206136,-0.487446750234));
#6732 = CARTESIAN_POINT('',(0.267223755081,-0.487605853665));
#6733 = CARTESIAN_POINT('',(0.269239915555,-0.487751137003));
#6734 = CARTESIAN_POINT('',(0.271284275544,-0.4878828794));
#6735 = CARTESIAN_POINT('',(0.273353009831,-0.488001546446));
#6736 = CARTESIAN_POINT('',(0.28246143236,-0.488463462059));
#6737 = CARTESIAN_POINT('',(0.289711711126,-0.48867656649));
#6738 = CARTESIAN_POINT('',(0.297114536379,-0.488766910149));
#6739 = CARTESIAN_POINT('',(0.304607286583,-0.488752897302));
#6740 = CARTESIAN_POINT('',(0.312153016945,-0.488650194929));
#6741 = CARTESIAN_POINT('',(0.319736291798,-0.488471145118));
#6742 = CARTESIAN_POINT('',(0.336491692978,-0.487928914035));
#6743 = CARTESIAN_POINT('',(0.345657138367,-0.487537309191));
#6744 = CARTESIAN_POINT('',(0.354841827324,-0.487066067822));
#6745 = CARTESIAN_POINT('',(0.364030807611,-0.486527251153));
#6746 = CARTESIAN_POINT('',(0.373213977924,-0.485930078219));
#6747 = CARTESIAN_POINT('',(0.382386220545,-0.4852817582));
#6748 = CARTESIAN_POINT('',(0.391547092527,-0.484587453335));
#6749 = ( GEOMETRIC_REPRESENTATION_CONTEXT(2) 
PARAMETRIC_REPRESENTATION_CONTEXT() REPRESENTATION_CONTEXT('2D SPACE',''
  ) );
#6750 = ADVANCED_FACE('',(#6751),#6073,.T.);
#6751 = FACE_BOUND('',#6752,.T.);
#6752 = EDGE_LOOP('',(#6753,#6754,#6781,#6782));
#6753 = ORIENTED_EDGE('',*,*,#5879,.T.);
#6754 = ORIENTED_EDGE('',*,*,#6755,.F.);
#6755 = EDGE_CURVE('',#6448,#5825,#6756,.T.);
#6756 = SURFACE_CURVE('',#6757,(#6763,#6772),.PCURVE_S1.);
#6757 = B_SPLINE_CURVE_WITH_KNOTS('',4,(#6758,#6759,#6760,#6761,#6762),
  .UNSPECIFIED.,.F.,.F.,(5,5),(0.,1.),.PIECEWISE_BEZIER_KNOTS.);
#6758 = CARTESIAN_POINT('',(-0.951645580933,0.4680006,0.142052050579));
#6759 = CARTESIAN_POINT('',(-0.951645580933,0.2340003,0.142052050579));
#6760 = CARTESIAN_POINT('',(-0.951645580933,-1.110223024625E-15,
    0.142052050579));
#6761 = CARTESIAN_POINT('',(-0.951645580933,-0.2340003,0.142052050579));
#6762 = CARTESIAN_POINT('',(-0.951645580933,-0.4680006,0.142052050579));
#6763 = PCURVE('',#6073,#6764);
#6764 = DEFINITIONAL_REPRESENTATION('',(#6765),#6771);
#6765 = B_SPLINE_CURVE_WITH_KNOTS('',4,(#6766,#6767,#6768,#6769,#6770),
  .UNSPECIFIED.,.F.,.F.,(5,5),(0.,1.),.PIECEWISE_BEZIER_KNOTS.);
#6766 = CARTESIAN_POINT('',(0.10144341769,-0.9360006));
#6767 = CARTESIAN_POINT('',(0.10144341769,-0.7020003));
#6768 = CARTESIAN_POINT('',(0.10144341769,-0.468));
#6769 = CARTESIAN_POINT('',(0.10144341769,-0.2339997));
#6770 = CARTESIAN_POINT('',(0.10144341769,6.000000001283E-07));
#6771 = ( GEOMETRIC_REPRESENTATION_CONTEXT(2) 
PARAMETRIC_REPRESENTATION_CONTEXT() REPRESENTATION_CONTEXT('2D SPACE',''
  ) );
#6772 = PCURVE('',#5858,#6773);
#6773 = DEFINITIONAL_REPRESENTATION('',(#6774),#6780);
#6774 = B_SPLINE_CURVE_WITH_KNOTS('',4,(#6775,#6776,#6777,#6778,#6779),
  .UNSPECIFIED.,.F.,.F.,(5,5),(0.,1.),.PIECEWISE_BEZIER_KNOTS.);
#6775 = CARTESIAN_POINT('',(1.912563910202,0.9460006));
#6776 = CARTESIAN_POINT('',(1.912563910202,0.7120003));
#6777 = CARTESIAN_POINT('',(1.912563910202,0.478));
#6778 = CARTESIAN_POINT('',(1.912563910202,0.2439997));
#6779 = CARTESIAN_POINT('',(1.912563910202,9.9994E-03));
#6780 = ( GEOMETRIC_REPRESENTATION_CONTEXT(2) 
PARAMETRIC_REPRESENTATION_CONTEXT() REPRESENTATION_CONTEXT('2D SPACE',''
  ) );
#6781 = ORIENTED_EDGE('',*,*,#6499,.T.);
#6782 = ORIENTED_EDGE('',*,*,#6783,.T.);
#6783 = EDGE_CURVE('',#6450,#5823,#6784,.T.);
#6784 = SURFACE_CURVE('',#6785,(#6791,#6800),.PCURVE_S1.);
#6785 = B_SPLINE_CURVE_WITH_KNOTS('',4,(#6786,#6787,#6788,#6789,#6790),
  .UNSPECIFIED.,.F.,.F.,(5,5),(0.,1.),.PIECEWISE_BEZIER_KNOTS.);
#6786 = CARTESIAN_POINT('',(-0.951645580933,0.4680006,0.111947949421));
#6787 = CARTESIAN_POINT('',(-0.951645580933,0.2340003,0.111947949421));
#6788 = CARTESIAN_POINT('',(-0.951645580933,-2.775557561563E-16,
    0.111947949421));
#6789 = CARTESIAN_POINT('',(-0.951645580933,-0.2340003,0.111947949421));
#6790 = CARTESIAN_POINT('',(-0.951645580933,-0.4680006,0.111947949421));
#6791 = PCURVE('',#6073,#6792);
#6792 = DEFINITIONAL_REPRESENTATION('',(#6793),#6799);
#6793 = B_SPLINE_CURVE_WITH_KNOTS('',4,(#6794,#6795,#6796,#6797,#6798),
  .UNSPECIFIED.,.F.,.F.,(5,5),(0.,1.),.PIECEWISE_BEZIER_KNOTS.);
#6794 = CARTESIAN_POINT('',(0.391546492527,-0.9360006));
#6795 = CARTESIAN_POINT('',(0.391546492527,-0.7020003));
#6796 = CARTESIAN_POINT('',(0.391546492527,-0.468));
#6797 = CARTESIAN_POINT('',(0.391546492527,-0.2339997));
#6798 = CARTESIAN_POINT('',(0.391546492527,6.000000001283E-07));
#6799 = ( GEOMETRIC_REPRESENTATION_CONTEXT(2) 
PARAMETRIC_REPRESENTATION_CONTEXT() REPRESENTATION_CONTEXT('2D SPACE',''
  ) );
#6800 = PCURVE('',#5858,#6801);
#6801 = DEFINITIONAL_REPRESENTATION('',(#6802),#6808);
#6802 = B_SPLINE_CURVE_WITH_KNOTS('',4,(#6803,#6804,#6805,#6806,#6807),
  .UNSPECIFIED.,.F.,.F.,(5,5),(0.,1.),.PIECEWISE_BEZIER_KNOTS.);
#6803 = CARTESIAN_POINT('',(4.370621396978,0.9460006));
#6804 = CARTESIAN_POINT('',(4.370621396978,0.7120003));
#6805 = CARTESIAN_POINT('',(4.370621396978,0.478));
#6806 = CARTESIAN_POINT('',(4.370621396978,0.2439997));
#6807 = CARTESIAN_POINT('',(4.370621396978,9.9994E-03));
#6808 = ( GEOMETRIC_REPRESENTATION_CONTEXT(2) 
PARAMETRIC_REPRESENTATION_CONTEXT() REPRESENTATION_CONTEXT('2D SPACE',''
  ) );
#6809 = ADVANCED_FACE('',(#6810),#5858,.T.);
#6810 = FACE_BOUND('',#6811,.T.);
#6811 = EDGE_LOOP('',(#6812,#6813,#6814,#6815));
#6812 = ORIENTED_EDGE('',*,*,#6447,.F.);
#6813 = ORIENTED_EDGE('',*,*,#6755,.T.);
#6814 = ORIENTED_EDGE('',*,*,#5822,.F.);
#6815 = ORIENTED_EDGE('',*,*,#6783,.F.);
#6816 = ADVANCED_FACE('',(#6817),#5764,.F.);
#6817 = FACE_BOUND('',#6818,.F.);
#6818 = EDGE_LOOP('',(#6819,#6820,#6841,#6842));
#6819 = ORIENTED_EDGE('',*,*,#5687,.T.);
#6820 = ORIENTED_EDGE('',*,*,#6821,.F.);
#6821 = EDGE_CURVE('',#6318,#5688,#6822,.T.);
#6822 = SEAM_CURVE('',#6823,(#6827,#6834),.PCURVE_S1.);
#6823 = LINE('',#6824,#6825);
#6824 = CARTESIAN_POINT('',(-0.957,-4.030803412778E-02,0.1325));
#6825 = VECTOR('',#6826,1.);
#6826 = DIRECTION('',(0.,1.,0.));
#6827 = PCURVE('',#5764,#6828);
#6828 = DEFINITIONAL_REPRESENTATION('',(#6829),#6833);
#6829 = LINE('',#6830,#6831);
#6830 = CARTESIAN_POINT('',(0.,-0.));
#6831 = VECTOR('',#6832,1.);
#6832 = DIRECTION('',(0.,1.));
#6833 = ( GEOMETRIC_REPRESENTATION_CONTEXT(2) 
PARAMETRIC_REPRESENTATION_CONTEXT() REPRESENTATION_CONTEXT('2D SPACE',''
  ) );
#6834 = PCURVE('',#5764,#6835);
#6835 = DEFINITIONAL_REPRESENTATION('',(#6836),#6840);
#6836 = LINE('',#6837,#6838);
#6837 = CARTESIAN_POINT('',(6.28318530718,-0.));
#6838 = VECTOR('',#6839,1.);
#6839 = DIRECTION('',(0.,1.));
#6840 = ( GEOMETRIC_REPRESENTATION_CONTEXT(2) 
PARAMETRIC_REPRESENTATION_CONTEXT() REPRESENTATION_CONTEXT('2D SPACE',''
  ) );
#6841 = ORIENTED_EDGE('',*,*,#6317,.T.);
#6842 = ORIENTED_EDGE('',*,*,#6821,.T.);
#6843 = ADVANCED_FACE('',(#6844),#5463,.T.);
#6844 = FACE_BOUND('',#6845,.T.);
#6845 = EDGE_LOOP('',(#6846,#6950,#6951));
#6846 = ORIENTED_EDGE('',*,*,#6847,.F.);
#6847 = EDGE_CURVE('',#975,#6848,#6850,.T.);
#6848 = VERTEX_POINT('',#6849);
#6849 = CARTESIAN_POINT('',(-0.9498845457,-1.607157973144E-02,-2.33E-02)
  );
#6850 = SURFACE_CURVE('',#6851,(#6882,#6916),.PCURVE_S1.);
#6851 = B_SPLINE_CURVE_WITH_KNOTS('',5,(#6852,#6853,#6854,#6855,#6856,
    #6857,#6858,#6859,#6860,#6861,#6862,#6863,#6864,#6865,#6866,#6867,
    #6868,#6869,#6870,#6871,#6872,#6873,#6874,#6875,#6876,#6877,#6878,
    #6879,#6880,#6881),.UNSPECIFIED.,.F.,.F.,(6,4,4,4,4,4,4,6),(0.,
    0.260606839138,0.468582131665,0.668311914494,0.826472818316,
    0.900554826966,0.952235248312,1.),.UNSPECIFIED.);
#6852 = CARTESIAN_POINT('',(-0.822803318423,-2.532582041561E-02,
    -2.33E-02));
#6853 = CARTESIAN_POINT('',(-0.829495497545,-2.474151040962E-02,
    -2.33E-02));
#6854 = CARTESIAN_POINT('',(-0.836179136794,-2.411654831417E-02,
    -2.33E-02));
#6855 = CARTESIAN_POINT('',(-0.842849068089,-2.347099362075E-02,
    -2.33E-02));
#6856 = CARTESIAN_POINT('',(-0.849506710786,-2.28294980858E-02,-2.33E-02
    ));
#6857 = CARTESIAN_POINT('',(-0.8614680347,-2.172774739359E-02,-2.33E-02)
  );
#6858 = CARTESIAN_POINT('',(-0.866773470466,-2.125695897666E-02,
    -2.33E-02));
#6859 = CARTESIAN_POINT('',(-0.87207954652,-2.081658399695E-02,-2.33E-02
    ));
#6860 = CARTESIAN_POINT('',(-0.877390716159,-2.041713238552E-02,
    -2.33E-02));
#6861 = CARTESIAN_POINT('',(-0.887815731326,-1.970772964003E-02,
    -2.33E-02));
#6862 = CARTESIAN_POINT('',(-0.892928980163,-1.939497534513E-02,
    -2.33E-02));
#6863 = CARTESIAN_POINT('',(-0.898049300666,-1.9114456294E-02,-2.33E-02)
  );
#6864 = CARTESIAN_POINT('',(-0.903175482896,-1.885235622174E-02,
    -2.33E-02));
#6865 = CARTESIAN_POINT('',(-0.912367795297,-1.839026997713E-02,
    -2.33E-02));
#6866 = CARTESIAN_POINT('',(-0.916432606534,-1.818882503027E-02,
    -2.33E-02));
#6867 = CARTESIAN_POINT('',(-0.9204989249,-1.798232198415E-02,-2.33E-02)
  );
#6868 = CARTESIAN_POINT('',(-0.924565879358,-1.77641008915E-02,-2.33E-02
    ));
#6869 = CARTESIAN_POINT('',(-0.930537610392,-1.741838406855E-02,
    -2.33E-02));
#6870 = CARTESIAN_POINT('',(-0.932442486494,-1.730436130981E-02,
    -2.33E-02));
#6871 = CARTESIAN_POINT('',(-0.934347277219,-1.718608030854E-02,
    -2.33E-02));
#6872 = CARTESIAN_POINT('',(-0.936251933501,-1.706316391134E-02,
    -2.33E-02));
#6873 = CARTESIAN_POINT('',(-0.939485020813,-1.684622258955E-02,
    -2.33E-02));
#6874 = CARTESIAN_POINT('',(-0.940813726097,-1.675468853563E-02,
    -2.33E-02));
#6875 = CARTESIAN_POINT('',(-0.942142547138,-1.666068714015E-02,
    -2.33E-02));
#6876 = CARTESIAN_POINT('',(-0.943471488762,-1.656417184079E-02,
    -2.33E-02));
#6877 = CARTESIAN_POINT('',(-0.946028922508,-1.637359609347E-02,
    -2.33E-02));
#6878 = CARTESIAN_POINT('',(-0.947257211436,-1.62799172944E-02,-2.33E-02
    ));
#6879 = CARTESIAN_POINT('',(-0.948485423126,-1.618408945169E-02,
    -2.33E-02));
#6880 = CARTESIAN_POINT('',(-0.949713562345,-1.608613119319E-02,
    -2.33E-02));
#6881 = CARTESIAN_POINT('',(-0.950941637599,-1.598608591754E-02,
    -2.33E-02));
#6882 = PCURVE('',#5463,#6883);
#6883 = DEFINITIONAL_REPRESENTATION('',(#6884),#6915);
#6884 = B_SPLINE_CURVE_WITH_KNOTS('',5,(#6885,#6886,#6887,#6888,#6889,
    #6890,#6891,#6892,#6893,#6894,#6895,#6896,#6897,#6898,#6899,#6900,
    #6901,#6902,#6903,#6904,#6905,#6906,#6907,#6908,#6909,#6910,#6911,
    #6912,#6913,#6914),.UNSPECIFIED.,.F.,.F.,(6,4,4,4,4,4,4,6),(0.,
    0.260606839138,0.468582131665,0.668311914494,0.826472818316,
    0.900554826966,0.952235248312,1.),.UNSPECIFIED.);
#6885 = CARTESIAN_POINT('',(0.263593548279,2.552610934549E-02));
#6886 = CARTESIAN_POINT('',(0.256900638239,2.495023194232E-02));
#6887 = CARTESIAN_POINT('',(0.250216216843,2.433369172173E-02));
#6888 = CARTESIAN_POINT('',(0.243545477445,2.369654164752E-02));
#6889 = CARTESIAN_POINT('',(0.236887031749,2.306343524493E-02));
#6890 = CARTESIAN_POINT('',(0.224924329125,2.197675668345E-02));
#6891 = CARTESIAN_POINT('',(0.219618304378,2.1512653484E-02));
#6892 = CARTESIAN_POINT('',(0.214311677664,2.107896450437E-02));
#6893 = CARTESIAN_POINT('',(0.209000008932,2.068620527846E-02));
#6894 = CARTESIAN_POINT('',(0.198574108194,1.998993860478E-02));
#6895 = CARTESIAN_POINT('',(0.193460469345,1.968362724656E-02));
#6896 = CARTESIAN_POINT('',(0.188339799453,1.940956001682E-02));
#6897 = CARTESIAN_POINT('',(0.183213291046,1.915391913709E-02));
#6898 = CARTESIAN_POINT('',(0.174020403714,1.870341556372E-02));
#6899 = CARTESIAN_POINT('',(0.169955341884,1.850709243487E-02));
#6900 = CARTESIAN_POINT('',(0.165888766552,1.830571310973E-02));
#6901 = CARTESIAN_POINT('',(0.161821540364,1.809261654886E-02));
#6902 = CARTESIAN_POINT('',(0.155849378467,1.775442437547E-02));
#6903 = CARTESIAN_POINT('',(0.153944360209,1.764280184922E-02));
#6904 = CARTESIAN_POINT('',(0.152039421961,1.752692097626E-02));
#6905 = CARTESIAN_POINT('',(0.150134612317,1.740640454164E-02));
#6906 = CARTESIAN_POINT('',(0.146901254226,1.719353707883E-02));
#6907 = CARTESIAN_POINT('',(0.145572434664,1.71036772649E-02));
#6908 = CARTESIAN_POINT('',(0.144243496236,1.701135025722E-02));
#6909 = CARTESIAN_POINT('',(0.142914434057,1.691650949959E-02));
#6910 = CARTESIAN_POINT('',(0.140356762216,1.672915626752E-02));
#6911 = CARTESIAN_POINT('',(0.139128356228,1.663702518563E-02));
#6912 = CARTESIAN_POINT('',(0.13790002477,1.654274496448E-02));
#6913 = CARTESIAN_POINT('',(0.136671763099,1.644633423793E-02));
#6914 = CARTESIAN_POINT('',(0.135443562762,1.634783641529E-02));
#6915 = ( GEOMETRIC_REPRESENTATION_CONTEXT(2) 
PARAMETRIC_REPRESENTATION_CONTEXT() REPRESENTATION_CONTEXT('2D SPACE',''
  ) );
#6916 = PCURVE('',#1342,#6917);
#6917 = DEFINITIONAL_REPRESENTATION('',(#6918),#6949);
#6918 = B_SPLINE_CURVE_WITH_KNOTS('',5,(#6919,#6920,#6921,#6922,#6923,
    #6924,#6925,#6926,#6927,#6928,#6929,#6930,#6931,#6932,#6933,#6934,
    #6935,#6936,#6937,#6938,#6939,#6940,#6941,#6942,#6943,#6944,#6945,
    #6946,#6947,#6948),.UNSPECIFIED.,.F.,.F.,(6,4,4,4,4,4,4,6),(0.,
    0.260606839138,0.468582131665,0.668311914494,0.826472818316,
    0.900554826966,0.952235248312,1.),.UNSPECIFIED.);
#6919 = CARTESIAN_POINT('',(0.440278837832,0.718276214023));
#6920 = CARTESIAN_POINT('',(0.440665687116,0.725324723437));
#6921 = CARTESIAN_POINT('',(0.441286201329,0.73236569575));
#6922 = CARTESIAN_POINT('',(0.442121041636,0.739394135542));
#6923 = CARTESIAN_POINT('',(0.443114115621,0.746411624913));
#6924 = CARTESIAN_POINT('',(0.445030195455,0.759022628527));
#6925 = CARTESIAN_POINT('',(0.44592696176,0.764617352708));
#6926 = CARTESIAN_POINT('',(0.446827573753,0.770213755276));
#6927 = CARTESIAN_POINT('',(0.447678555563,0.775816285358));
#6928 = CARTESIAN_POINT('',(0.449187074348,0.786814019334));
#6929 = CARTESIAN_POINT('',(0.449850667679,0.792208561112));
#6930 = CARTESIAN_POINT('',(0.45041032103,0.797610654652));
#6931 = CARTESIAN_POINT('',(0.450856166011,0.803018653135));
#6932 = CARTESIAN_POINT('',(0.451448430689,0.812715157961));
#6933 = CARTESIAN_POINT('',(0.45163793765,0.81700251638));
#6934 = CARTESIAN_POINT('',(0.451755304374,0.821290870433));
#6935 = CARTESIAN_POINT('',(0.451804680792,0.825579128138));
#6936 = CARTESIAN_POINT('',(0.451789404326,0.831874453036));
#6937 = CARTESIAN_POINT('',(0.451771403666,0.833882347302));
#6938 = CARTESIAN_POINT('',(0.451741095911,0.835889933286));
#6939 = CARTESIAN_POINT('',(0.451699476423,0.837897145245));
#6940 = CARTESIAN_POINT('',(0.451611606225,0.841303901921));
#6941 = CARTESIAN_POINT('',(0.451570556968,0.842703861237));
#6942 = CARTESIAN_POINT('',(0.451524961304,0.844103819252));
#6943 = CARTESIAN_POINT('',(0.4514752591,0.845503777335));
#6944 = CARTESIAN_POINT('',(0.451372653697,0.848197625662));
#6945 = CARTESIAN_POINT('',(0.451320367177,0.84949132622));
#6946 = CARTESIAN_POINT('',(0.451265257472,0.850784823563));
#6947 = CARTESIAN_POINT('',(0.451207768947,0.852078122118));
#6948 = CARTESIAN_POINT('',(0.451148609643,0.853371245703));
#6949 = ( GEOMETRIC_REPRESENTATION_CONTEXT(2) 
PARAMETRIC_REPRESENTATION_CONTEXT() REPRESENTATION_CONTEXT('2D SPACE',''
  ) );
#6950 = ORIENTED_EDGE('',*,*,#5309,.T.);
#6951 = ORIENTED_EDGE('',*,*,#6952,.F.);
#6952 = EDGE_CURVE('',#6848,#5310,#6953,.T.);
#6953 = SURFACE_CURVE('',#6954,(#6959,#6966),.PCURVE_S1.);
#6954 = ELLIPSE('',#6955,1.715843064815E-02,1.668654688286E-02);
#6955 = AXIS2_PLACEMENT_3D('',#6956,#6957,#6958);
#6956 = CARTESIAN_POINT('',(-0.954499810021,2.505761518811E-20,-2.33E-02
    ));
#6957 = DIRECTION('',(-8.330255857484E-18,-9.465145658321E-17,-1.));
#6958 = DIRECTION('',(1.,3.952608422508E-16,-8.330255857484E-18));
#6959 = PCURVE('',#5463,#6960);
#6960 = DEFINITIONAL_REPRESENTATION('',(#6961),#6965);
#6961 = ELLIPSE('',#6962,1.715843064815E-02,1.668654688286E-02);
#6962 = AXIS2_PLACEMENT_2D('',#6963,#6964);
#6963 = CARTESIAN_POINT('',(0.131865250713,3.662464811824E-04));
#6964 = DIRECTION('',(0.999999206201,-1.259998999814E-03));
#6965 = ( GEOMETRIC_REPRESENTATION_CONTEXT(2) 
PARAMETRIC_REPRESENTATION_CONTEXT() REPRESENTATION_CONTEXT('2D SPACE',''
  ) );
#6966 = PCURVE('',#647,#6967);
#6967 = DEFINITIONAL_REPRESENTATION('',(#6968),#6978);
#6968 = B_SPLINE_CURVE_WITH_KNOTS('',8,(#6969,#6970,#6971,#6972,#6973,
    #6974,#6975,#6976,#6977),.UNSPECIFIED.,.F.,.F.,(9,9),(3.14159265359,
    9.424777960769),.PIECEWISE_BEZIER_KNOTS.);
#6969 = CARTESIAN_POINT('',(-6.28318530718,-4.781148746815E-02));
#6970 = CARTESIAN_POINT('',(-5.494879958036,-4.781148746815E-02));
#6971 = CARTESIAN_POINT('',(-4.706612039477,-4.498422978916E-02));
#6972 = CARTESIAN_POINT('',(-3.920792953859,-3.944865930785E-02));
#6973 = CARTESIAN_POINT('',(-3.141592653563,-3.422869238239E-02));
#6974 = CARTESIAN_POINT('',(-2.36239235334,-3.944865930786E-02));
#6975 = CARTESIAN_POINT('',(-1.576573267696,-4.498422978916E-02));
#6976 = CARTESIAN_POINT('',(-0.788305349144,-4.781148746815E-02));
#6977 = CARTESIAN_POINT('',(-7.751897306071E-16,-4.781148746815E-02));
#6978 = ( GEOMETRIC_REPRESENTATION_CONTEXT(2) 
PARAMETRIC_REPRESENTATION_CONTEXT() REPRESENTATION_CONTEXT('2D SPACE',''
  ) );
#6979 = ADVANCED_FACE('',(#6980),#1342,.F.);
#6980 = FACE_BOUND('',#6981,.F.);
#6981 = EDGE_LOOP('',(#6982,#6983,#7078,#7537));
#6982 = ORIENTED_EDGE('',*,*,#974,.F.);
#6983 = ORIENTED_EDGE('',*,*,#6984,.F.);
#6984 = EDGE_CURVE('',#6985,#671,#6987,.T.);
#6985 = VERTEX_POINT('',#6986);
#6986 = CARTESIAN_POINT('',(-0.949884545177,1.607157958935E-02,-2.33E-02
    ));
#6987 = SURFACE_CURVE('',#6988,(#7016,#7047),.PCURVE_S1.);
#6988 = B_SPLINE_CURVE_WITH_KNOTS('',6,(#6989,#6990,#6991,#6992,#6993,
    #6994,#6995,#6996,#6997,#6998,#6999,#7000,#7001,#7002,#7003,#7004,
    #7005,#7006,#7007,#7008,#7009,#7010,#7011,#7012,#7013,#7014,#7015),
  .UNSPECIFIED.,.F.,.F.,(7,5,5,5,5,7),(0.,8.568410494219E-02,
    0.339174763759,0.630761964559,0.813645950578,1.),.UNSPECIFIED.);
#6989 = CARTESIAN_POINT('',(-0.950901348529,1.598936700763E-02,-2.33E-02
    ));
#6990 = CARTESIAN_POINT('',(-0.94980150032,1.607891703548E-02,-2.33E-02)
  );
#6991 = CARTESIAN_POINT('',(-0.947864410716,1.623537043736E-02,-2.33E-02
    ));
#6992 = CARTESIAN_POINT('',(-0.945881838486,1.638744218994E-02,-2.33E-02
    ));
#6993 = CARTESIAN_POINT('',(-0.944187922426,1.651242125256E-02,-2.33E-02
    ));
#6994 = CARTESIAN_POINT('',(-0.94267524714,1.662288457289E-02,-2.33E-02)
  );
#6995 = CARTESIAN_POINT('',(-0.935295389334,1.713956501812E-02,-2.33E-02
    ));
#6996 = CARTESIAN_POINT('',(-0.929778233252,1.748528429093E-02,-2.33E-02
    ));
#6997 = CARTESIAN_POINT('',(-0.924260109524,1.779317264035E-02,-2.33E-02
    ));
#6998 = CARTESIAN_POINT('',(-0.918742384434,1.80749192664E-02,-2.33E-02)
  );
#6999 = CARTESIAN_POINT('',(-0.913226988631,1.834662349411E-02,-2.33E-02
    ));
#7000 = CARTESIAN_POINT('',(-0.901377388304,1.894331960236E-02,-2.33E-02
    ));
#7001 = CARTESIAN_POINT('',(-0.8950438529,1.92704005931E-02,-2.33E-02));
#7002 = CARTESIAN_POINT('',(-0.888719419422,1.962704926399E-02,-2.33E-02
    ));
#7003 = CARTESIAN_POINT('',(-0.882406972645,2.00392154826E-02,-2.33E-02)
  );
#7004 = CARTESIAN_POINT('',(-0.876103190936,2.050832570417E-02,-2.33E-02
    ));
#7005 = CARTESIAN_POINT('',(-0.865852378106,2.1346355338E-02,-2.33E-02)
  );
#7006 = CARTESIAN_POINT('',(-0.861902759213,2.168749944956E-02,-2.33E-02
    ));
#7007 = CARTESIAN_POINT('',(-0.857953146931,2.204411042562E-02,-2.33E-02
    ));
#7008 = CARTESIAN_POINT('',(-0.854002057434,2.241198639292E-02,-2.33E-02
    ));
#7009 = CARTESIAN_POINT('',(-0.850048259847,2.278638189984E-02,-2.33E-02
    ));
#7010 = CARTESIAN_POINT('',(-0.842058620023,2.354677588709E-02,-2.33E-02
    ));
#7011 = CARTESIAN_POINT('',(-0.838022667512,2.393284339661E-02,-2.33E-02
    ));
#7012 = CARTESIAN_POINT('',(-0.833982499101,2.431648040626E-02,-2.33E-02
    ));
#7013 = CARTESIAN_POINT('',(-0.829938017848,2.469323884068E-02,-2.33E-02
    ));
#7014 = CARTESIAN_POINT('',(-0.825889656105,2.50589505103E-02,-2.33E-02)
  );
#7015 = CARTESIAN_POINT('',(-0.821838375519,2.540972711136E-02,-2.33E-02
    ));
#7016 = PCURVE('',#1342,#7017);
#7017 = DEFINITIONAL_REPRESENTATION('',(#7018),#7046);
#7018 = B_SPLINE_CURVE_WITH_KNOTS('',6,(#7019,#7020,#7021,#7022,#7023,
    #7024,#7025,#7026,#7027,#7028,#7029,#7030,#7031,#7032,#7033,#7034,
    #7035,#7036,#7037,#7038,#7039,#7040,#7041,#7042,#7043,#7044,#7045),
  .UNSPECIFIED.,.F.,.F.,(7,5,5,5,5,7),(0.,8.568410494219E-02,
    0.339174763759,0.630761964559,0.813645950578,1.),.UNSPECIFIED.);
#7019 = CARTESIAN_POINT('',(0.548849443617,0.853328823317));
#7020 = CARTESIAN_POINT('',(0.548796503857,0.852170715914));
#7021 = CARTESIAN_POINT('',(0.548703615063,0.85013095818));
#7022 = CARTESIAN_POINT('',(0.548617924623,0.848042852797));
#7023 = CARTESIAN_POINT('',(0.548550751267,0.846258501146));
#7024 = CARTESIAN_POINT('',(0.548493245508,0.844665030127));
#7025 = CARTESIAN_POINT('',(0.548251007521,0.836889832452));
#7026 = CARTESIAN_POINT('',(0.548143496932,0.831075073256));
#7027 = CARTESIAN_POINT('',(0.548135777329,0.825257476669));
#7028 = CARTESIAN_POINT('',(0.548246519538,0.819438821358));
#7029 = CARTESIAN_POINT('',(0.548485429442,0.813621536859));
#7030 = CARTESIAN_POINT('',(0.54927338475,0.801121858667));
#7031 = CARTESIAN_POINT('',(0.549864390171,0.794439947683));
#7032 = CARTESIAN_POINT('',(0.550618528257,0.787767326551));
#7033 = CARTESIAN_POINT('',(0.551527420935,0.781107646063));
#7034 = CARTESIAN_POINT('',(0.552533908187,0.774457895675));
#7035 = CARTESIAN_POINT('',(0.554222937643,0.763646342707));
#7036 = CARTESIAN_POINT('',(0.554886524859,0.759481119762));
#7037 = CARTESIAN_POINT('',(0.555546284451,0.755316437758));
#7038 = CARTESIAN_POINT('',(0.556185324192,0.751150794983));
#7039 = CARTESIAN_POINT('',(0.556788246919,0.746982930463));
#7040 = CARTESIAN_POINT('',(0.557908594117,0.738562007424));
#7041 = CARTESIAN_POINT('',(0.558424110044,0.734308857137));
#7042 = CARTESIAN_POINT('',(0.558876726833,0.730051935626));
#7043 = CARTESIAN_POINT('',(0.559256640193,0.725791116254));
#7044 = CARTESIAN_POINT('',(0.559557218553,0.721526797708));
#7045 = CARTESIAN_POINT('',(0.55977500306,0.717259904003));
#7046 = ( GEOMETRIC_REPRESENTATION_CONTEXT(2) 
PARAMETRIC_REPRESENTATION_CONTEXT() REPRESENTATION_CONTEXT('2D SPACE',''
  ) );
#7047 = PCURVE('',#824,#7048);
#7048 = DEFINITIONAL_REPRESENTATION('',(#7049),#7077);
#7049 = B_SPLINE_CURVE_WITH_KNOTS('',6,(#7050,#7051,#7052,#7053,#7054,
    #7055,#7056,#7057,#7058,#7059,#7060,#7061,#7062,#7063,#7064,#7065,
    #7066,#7067,#7068,#7069,#7070,#7071,#7072,#7073,#7074,#7075,#7076),
  .UNSPECIFIED.,.F.,.F.,(7,5,5,5,5,7),(0.,8.568410494219E-02,
    0.339174763759,0.630761964559,0.813645950578,1.),.UNSPECIFIED.);
#7050 = CARTESIAN_POINT('',(0.135443562762,-1.562764189199E-02));
#7051 = CARTESIAN_POINT('',(0.136543297265,-1.571857765639E-02));
#7052 = CARTESIAN_POINT('',(0.1384801882,-1.587747166504E-02));
#7053 = CARTESIAN_POINT('',(0.140462567246,-1.603204133594E-02));
#7054 = CARTESIAN_POINT('',(0.142156324487,-1.615915463188E-02));
#7055 = CARTESIAN_POINT('',(0.143668859389,-1.627152383388E-02));
#7056 = CARTESIAN_POINT('',(0.15104806032,-1.679750248243E-02));
#7057 = CARTESIAN_POINT('',(0.156564776417,-1.715017309195E-02));
#7058 = CARTESIAN_POINT('',(0.162082507825,-1.746501402734E-02));
#7059 = CARTESIAN_POINT('',(0.167599873535,-1.775371275784E-02));
#7060 = CARTESIAN_POINT('',(0.173114922613,-1.803236616306E-02));
#7061 = CARTESIAN_POINT('',(0.184963761698,-1.864399228222E-02));
#7062 = CARTESIAN_POINT('',(0.191296879952,-1.89790532616E-02));
#7063 = CARTESIAN_POINT('',(0.197620859033,-1.934367042924E-02));
#7064 = CARTESIAN_POINT('',(0.20393278147,-1.97637899973E-02));
#7065 = CARTESIAN_POINT('',(0.210235967097,-2.024084260514E-02));
#7066 = CARTESIAN_POINT('',(0.220485715873,-2.109178758765E-02));
#7067 = CARTESIAN_POINT('',(0.224434901789,-2.143790794427E-02));
#7068 = CARTESIAN_POINT('',(0.228384061607,-2.179949514477E-02));
#7069 = CARTESIAN_POINT('',(0.232334684444,-2.217234918886E-02));
#7070 = CARTESIAN_POINT('',(0.236288007155,-2.255172617959E-02));
#7071 = CARTESIAN_POINT('',(0.244276682541,-2.332218650143E-02));
#7072 = CARTESIAN_POINT('',(0.248312145403,-2.371333900062E-02));
#7073 = CARTESIAN_POINT('',(0.252351827225,-2.410206631389E-02));
#7074 = CARTESIAN_POINT('',(0.256395830553,-2.448392049158E-02));
#7075 = CARTESIAN_POINT('',(0.260443728285,-2.485473280265E-02));
#7076 = CARTESIAN_POINT('',(0.264494563677,-2.521061373475E-02));
#7077 = ( GEOMETRIC_REPRESENTATION_CONTEXT(2) 
PARAMETRIC_REPRESENTATION_CONTEXT() REPRESENTATION_CONTEXT('2D SPACE',''
  ) );
#7078 = ORIENTED_EDGE('',*,*,#7079,.T.);
#7079 = EDGE_CURVE('',#6985,#6848,#7080,.T.);
#7080 = SURFACE_CURVE('',#7081,(#7231,#7384),.PCURVE_S1.);
#7081 = B_SPLINE_CURVE_WITH_KNOTS('',8,(#7082,#7083,#7084,#7085,#7086,
    #7087,#7088,#7089,#7090,#7091,#7092,#7093,#7094,#7095,#7096,#7097,
    #7098,#7099,#7100,#7101,#7102,#7103,#7104,#7105,#7106,#7107,#7108,
    #7109,#7110,#7111,#7112,#7113,#7114,#7115,#7116,#7117,#7118,#7119,
    #7120,#7121,#7122,#7123,#7124,#7125,#7126,#7127,#7128,#7129,#7130,
    #7131,#7132,#7133,#7134,#7135,#7136,#7137,#7138,#7139,#7140,#7141,
    #7142,#7143,#7144,#7145,#7146,#7147,#7148,#7149,#7150,#7151,#7152,
    #7153,#7154,#7155,#7156,#7157,#7158,#7159,#7160,#7161,#7162,#7163,
    #7164,#7165,#7166,#7167,#7168,#7169,#7170,#7171,#7172,#7173,#7174,
    #7175,#7176,#7177,#7178,#7179,#7180,#7181,#7182,#7183,#7184,#7185,
    #7186,#7187,#7188,#7189,#7190,#7191,#7192,#7193,#7194,#7195,#7196,
    #7197,#7198,#7199,#7200,#7201,#7202,#7203,#7204,#7205,#7206,#7207,
    #7208,#7209,#7210,#7211,#7212,#7213,#7214,#7215,#7216,#7217,#7218,
    #7219,#7220,#7221,#7222,#7223,#7224,#7225,#7226,#7227,#7228,#7229,
    #7230),.UNSPECIFIED.,.F.,.F.,(9,7,7,7,7,7,7,7,7,7,7,7,7,7,7,7,7,7,7,
    7,7,9),(0.,2.809293580894E-02,4.787836123282E-02,6.019532551251E-02,
    0.117268754254,0.163654301097,0.239223107452,0.257215585632,
    0.337583277246,0.423548874022,0.500317449614,0.577086030476,
    0.663451479613,0.742619650123,0.761811624806,0.859772562736,
    0.902565387505,0.939700815904,0.957903961473,0.971837994727,
    0.987453051121,1.),.UNSPECIFIED.);
#7082 = CARTESIAN_POINT('',(-0.950530516252,1.633902968926E-02,
    -2.482469576867E-02));
#7083 = CARTESIAN_POINT('',(-0.95042080941,1.630244668681E-02,
    -2.461778561923E-02));
#7084 = CARTESIAN_POINT('',(-0.950313974867,1.626403598044E-02,
    -2.440096330182E-02));
#7085 = CARTESIAN_POINT('',(-0.950210187751,1.622379636797E-02,
    -2.417362978187E-02));
#7086 = CARTESIAN_POINT('',(-0.950109646462,1.61817263662E-02,
    -2.393509543449E-02));
#7087 = CARTESIAN_POINT('',(-0.950012572677,1.6137824211E-02,
    -2.368458004441E-02));
#7088 = CARTESIAN_POINT('',(-0.949919211347,1.609208785723E-02,
    -2.342121280602E-02));
#7089 = CARTESIAN_POINT('',(-0.949829830695,1.604451497877E-02,
    -2.314403232337E-02));
#7090 = CARTESIAN_POINT('',(-0.949684781623,1.596030284474E-02,
    -2.264630327688E-02));
#7091 = CARTESIAN_POINT('',(-0.949627012291,1.592458765522E-02,
    -2.243303757025E-02));
#7092 = CARTESIAN_POINT('',(-0.949571010031,1.588798605972E-02,
    -2.221386890498E-02));
#7093 = CARTESIAN_POINT('',(-0.949516156917,1.585053806622E-02,
    -2.199133230613E-02));
#7094 = CARTESIAN_POINT('',(-0.949461733039,1.581228864505E-02,
    -2.176836759715E-02));
#7095 = CARTESIAN_POINT('',(-0.949407028252,1.577328134299E-02,
    -2.154786858795E-02));
#7096 = CARTESIAN_POINT('',(-0.949351453924,1.573355189744E-02,
    -2.133223226303E-02));
#7097 = CARTESIAN_POINT('',(-0.94925929562,1.566795304903E-02,
    -2.0992597916E-02));
#7098 = CARTESIAN_POINT('',(-0.949223454941,1.56425132879E-02,
    -2.086476327879E-02));
#7099 = CARTESIAN_POINT('',(-0.949187044565,1.561680801296E-02,
    -2.073976427501E-02));
#7100 = CARTESIAN_POINT('',(-0.949149995563,1.559084158756E-02,
    -2.061788380011E-02));
#7101 = CARTESIAN_POINT('',(-0.94911225817,1.556461729254E-02,
    -2.049932742784E-02));
#7102 = CARTESIAN_POINT('',(-0.949073801778,1.553813732623E-02,
    -2.03842234103E-02));
#7103 = CARTESIAN_POINT('',(-0.949034614943,1.551140280444E-02,
    -2.027262267789E-02));
#7104 = CARTESIAN_POINT('',(-0.948809775425,1.535935394519E-02,
    -1.966348267552E-02));
#7105 = CARTESIAN_POINT('',(-0.948609249703,1.522883760372E-02,
    -1.923746888662E-02));
#7106 = CARTESIAN_POINT('',(-0.948393137482,1.509290855448E-02,
    -1.888685319465E-02));
#7107 = CARTESIAN_POINT('',(-0.948166174065,1.495135123306E-02,
    -1.859296851724E-02));
#7108 = CARTESIAN_POINT('',(-0.947930767065,1.48040983639E-02,
    -1.834662913473E-02));
#7109 = CARTESIAN_POINT('',(-0.947688081944,1.465116218805E-02,
    -1.814369080325E-02));
#7110 = CARTESIAN_POINT('',(-0.947440628648,1.449248021673E-02,
    -1.797454920332E-02));
#7111 = CARTESIAN_POINT('',(-0.946985781928,1.419444175892E-02,
    -1.77206755677E-02));
#7112 = CARTESIAN_POINT('',(-0.946779696111,1.40570250474E-02,
    -1.762554523827E-02));
#7113 = CARTESIAN_POINT('',(-0.946572477216,1.391580767532E-02,
    -1.754528675317E-02));
#7114 = CARTESIAN_POINT('',(-0.946364850549,1.37708008633E-02,
    -1.747728783654E-02));
#7115 = CARTESIAN_POINT('',(-0.946157325109,1.362203079583E-02,
    -1.741981210058E-02));
#7116 = CARTESIAN_POINT('',(-0.945950275451,1.346953369362E-02,
    -1.737166583782E-02));
#7117 = CARTESIAN_POINT('',(-0.945744023541,1.331335088586E-02,
    -1.733186481328E-02));
#7118 = CARTESIAN_POINT('',(-0.945204778082,1.289314243426E-02,
    -1.724624995823E-02));
#7119 = CARTESIAN_POINT('',(-0.944873592465,1.262309450754E-02,
    -1.721278400389E-02));
#7120 = CARTESIAN_POINT('',(-0.944546918581,1.234356204256E-02,
    -1.719399118944E-02));
#7121 = CARTESIAN_POINT('',(-0.944225533625,1.205478254198E-02,
    -1.718805779625E-02));
#7122 = CARTESIAN_POINT('',(-0.94391002901,1.175701752962E-02,
    -1.719388505889E-02));
#7123 = CARTESIAN_POINT('',(-0.943601116971,1.145053646811E-02,
    -1.720985410221E-02));
#7124 = CARTESIAN_POINT('',(-0.943299651942,1.113561613521E-02,
    -1.723373914793E-02));
#7125 = CARTESIAN_POINT('',(-0.942936537231,1.073563665566E-02,
    -1.727091891569E-02));
#7126 = CARTESIAN_POINT('',(-0.942867171348,1.065825638757E-02,
    -1.72784176657E-02));
#7127 = CARTESIAN_POINT('',(-0.942798279149,1.058041866947E-02,
    -1.728624040435E-02));
#7128 = CARTESIAN_POINT('',(-0.942729870727,1.050212756355E-02,
    -1.729436224072E-02));
#7129 = CARTESIAN_POINT('',(-0.942661956156,1.042338717958E-02,
    -1.730275822945E-02));
#7130 = CARTESIAN_POINT('',(-0.942594545488,1.034420167496E-02,
    -1.731140337073E-02));
#7131 = CARTESIAN_POINT('',(-0.942527648759,1.026457525463E-02,
    -1.732027261027E-02));
#7132 = CARTESIAN_POINT('',(-0.942164806148,9.82689132884E-03,
    -1.736984624556E-02));
#7133 = CARTESIAN_POINT('',(-0.941878774202,9.460557696236E-03,
    -1.74143812442E-02));
#7134 = CARTESIAN_POINT('',(-0.941603551794,9.085911510793E-03,
    -1.746277410021E-02));
#7135 = CARTESIAN_POINT('',(-0.9413394805,8.703365530573E-03,
    -1.751489624035E-02));
#7136 = CARTESIAN_POINT('',(-0.941086871819,8.313345034264E-03,
    -1.757066225316E-02));
#7137 = CARTESIAN_POINT('',(-0.940846007169,7.916287821171E-03,
    -1.763002988899E-02));
#7138 = CARTESIAN_POINT('',(-0.940617137893,7.512644211226E-03,
    -1.769300006001E-02));
#7139 = CARTESIAN_POINT('',(-0.940168741962,6.664568089256E-03,
    -1.783087372397E-02));
#7140 = CARTESIAN_POINT('',(-0.93995080382,6.219254142918E-03,
    -1.790697515702E-02));
#7141 = CARTESIAN_POINT('',(-0.939748399479,5.767473039048E-03,
    -1.798225634935E-02));
#7142 = CARTESIAN_POINT('',(-0.939556433868,5.30990332138E-03,
    -1.807769148424E-02));
#7143 = CARTESIAN_POINT('',(-0.939385086793,4.846922677086E-03,
    -1.815424570932E-02));
#7144 = CARTESIAN_POINT('',(-0.93922851972,4.37928907106E-03,
    -1.823564739032E-02));
#7145 = CARTESIAN_POINT('',(-0.939089903044,3.907550118803E-03,
    -1.831012641774E-02));
#7146 = CARTESIAN_POINT('',(-0.93886140291,3.007990263468E-03,
    -1.843939867013E-02));
#7147 = CARTESIAN_POINT('',(-0.938767943406,2.580867567067E-03,
    -1.849524199457E-02));
#7148 = CARTESIAN_POINT('',(-0.93868923063,2.151431242709E-03,
    -1.854473340859E-02));
#7149 = CARTESIAN_POINT('',(-0.93862565652,1.720135540815E-03,
    -1.858666349382E-02));
#7150 = CARTESIAN_POINT('',(-0.938577591872,1.287440234015E-03,
    -1.861982547239E-02));
#7151 = CARTESIAN_POINT('',(-0.938545386346,8.53810617146E-04,
    -1.864301520691E-02));
#7152 = CARTESIAN_POINT('',(-0.93852936846,4.19717507257E-04,
    -1.865503120046E-02));
#7153 = CARTESIAN_POINT('',(-0.938530322728,-4.484430498482E-04,
    -1.865431799275E-02));
#7154 = CARTESIAN_POINT('',(-0.938547280173,-8.825126582097E-04,
    -1.864164629515E-02));
#7155 = CARTESIAN_POINT('',(-0.938580409245,-1.316095383049E-03,
    -1.861785996765E-02));
#7156 = CARTESIAN_POINT('',(-0.938629380282,-1.748720583241E-03,
    -1.858416155797E-02));
#7157 = CARTESIAN_POINT('',(-0.938693842644,-2.17992317496E-03,
    -1.854175569777E-02));
#7158 = CARTESIAN_POINT('',(-0.938773424713,-2.609243631688E-03,
    -1.849184910264E-02));
#7159 = CARTESIAN_POINT('',(-0.938867733892,-3.036227984207E-03,
    -1.843565057206E-02));
#7160 = CARTESIAN_POINT('',(-0.93909855829,-3.937657033167E-03,
    -1.83054308239E-02));
#7161 = CARTESIAN_POINT('',(-0.939239089256,-4.411358899024E-03,
    -1.822922596733E-02));
#7162 = CARTESIAN_POINT('',(-0.939396236037,-4.880920235158E-03,
    -1.815189632886E-02));
#7163 = CARTESIAN_POINT('',(-0.939571686574,-5.345675022459E-03,
    -1.806613016129E-02));
#7164 = CARTESIAN_POINT('',(-0.939763502019,-5.80503205309E-03,
    -1.797870435636E-02));
#7165 = CARTESIAN_POINT('',(-0.939969031039,-6.25843777606E-03,
    -1.789909201716E-02));
#7166 = CARTESIAN_POINT('',(-0.940188855929,-6.705307792869E-03,
    -1.782400922629E-02));
#7167 = CARTESIAN_POINT('',(-0.940637363016,-7.548166258332E-03,
    -1.768747311918E-02));
#7168 = CARTESIAN_POINT('',(-0.940863703965,-7.945295393455E-03,
    -1.762570992329E-02));
#7169 = CARTESIAN_POINT('',(-0.941101669496,-8.336006125421E-03,
    -1.756744306872E-02));
#7170 = CARTESIAN_POINT('',(-0.941351018035,-8.719868534519E-03,
    -1.751267317805E-02));
#7171 = CARTESIAN_POINT('',(-0.941611479641,-9.096464516376E-03,
    -1.746144176861E-02));
#7172 = CARTESIAN_POINT('',(-0.941882755999,-9.465387781956E-03,
    -1.741383125247E-02));
#7173 = CARTESIAN_POINT('',(-0.942164520426,-9.826243857561E-03,
    -1.736996493644E-02));
#7174 = CARTESIAN_POINT('',(-0.942527179742,-1.026408052169E-02,
    -1.732032041098E-02));
#7175 = CARTESIAN_POINT('',(-0.9425985383,-1.03490144018E-02,
    -1.731085896617E-02));
#7176 = CARTESIAN_POINT('',(-0.942670481441,-1.04334465596E-02,
    -1.730165295914E-02));
#7177 = CARTESIAN_POINT('',(-0.942742997022,-1.051737189173E-02,
    -1.729273265479E-02));
#7178 = CARTESIAN_POINT('',(-0.942816072858,-1.060078535702E-02,
    -1.728412831145E-02));
#7179 = CARTESIAN_POINT('',(-0.942889696725,-1.068368197654E-02,
    -1.727587018088E-02));
#7180 = CARTESIAN_POINT('',(-0.942963856355,-1.076605683356E-02,
    -1.726798850826E-02));
#7181 = CARTESIAN_POINT('',(-0.943419741744,-1.126568023691E-02,
    -1.722235926834E-02));
#7182 = CARTESIAN_POINT('',(-0.943814685827,-1.1669729614E-02,
    -1.719438493988E-02));
#7183 = CARTESIAN_POINT('',(-0.944221325624,-1.20594261841E-02,
    -1.718223738327E-02));
#7184 = CARTESIAN_POINT('',(-0.94463835795,-1.243415423035E-02,
    -1.71885191709E-02));
#7185 = CARTESIAN_POINT('',(-0.945064504521,-1.279333350172E-02,
    -1.721560932964E-02));
#7186 = CARTESIAN_POINT('',(-0.94549790574,-1.313644886144E-02,
    -1.726809795456E-02));
#7187 = CARTESIAN_POINT('',(-0.945935626264,-1.346308542182E-02,
    -1.735483471753E-02));
#7188 = CARTESIAN_POINT('',(-0.946564451731,-1.390833741543E-02,
    -1.754989456578E-02));
#7189 = CARTESIAN_POINT('',(-0.946755660138,-1.404050585419E-02,
    -1.761837480221E-02));
#7190 = CARTESIAN_POINT('',(-0.946946236566,-1.416946808865E-02,
    -1.769845351319E-02));
#7191 = CARTESIAN_POINT('',(-0.947136377226,-1.429517223661E-02,
    -1.778909505254E-02));
#7192 = CARTESIAN_POINT('',(-0.947324850782,-1.441764547796E-02,
    -1.789501272683E-02));
#7193 = CARTESIAN_POINT('',(-0.947510423642,-1.453691870748E-02,
    -1.802093979964E-02));
#7194 = CARTESIAN_POINT('',(-0.947693164854,-1.465295650559E-02,
    -1.816637904638E-02));
#7195 = CARTESIAN_POINT('',(-0.948026819028,-1.486372069515E-02,
    -1.848365307807E-02));
#7196 = CARTESIAN_POINT('',(-0.948178812193,-1.495923270554E-02,
    -1.864918808281E-02));
#7197 = CARTESIAN_POINT('',(-0.94832721052,-1.505234547983E-02,
    -1.883500332606E-02));
#7198 = CARTESIAN_POINT('',(-0.948471477582,-1.514306929279E-02,
    -1.904311700193E-02));
#7199 = CARTESIAN_POINT('',(-0.948610874596,-1.523142745555E-02,
    -1.927636877524E-02));
#7200 = CARTESIAN_POINT('',(-0.948744494432,-1.531745498456E-02,
    -1.953828610398E-02));
#7201 = CARTESIAN_POINT('',(-0.948871564639,-1.540118137249E-02,
    -1.983185983391E-02));
#7202 = CARTESIAN_POINT('',(-0.94905106439,-1.552250622163E-02,
    -2.031671944264E-02));
#7203 = CARTESIAN_POINT('',(-0.949108541221,-1.556185849235E-02,
    -2.048376216209E-02));
#7204 = CARTESIAN_POINT('',(-0.949164406597,-1.560065533183E-02,
    -2.065851746985E-02));
#7205 = CARTESIAN_POINT('',(-0.949218718364,-1.563889199481E-02,
    -2.08407366913E-02));
#7206 = CARTESIAN_POINT('',(-0.949271635611,-1.56765579324E-02,
    -2.102976223104E-02));
#7207 = CARTESIAN_POINT('',(-0.949323418671,-1.571363679199E-02,
    -2.122452757295E-02));
#7208 = CARTESIAN_POINT('',(-0.949374429116,-1.575010641732E-02,
    -2.142355728011E-02));
#7209 = CARTESIAN_POINT('',(-0.949463939787,-1.58133676401E-02,
    -2.17791408794E-02));
#7210 = CARTESIAN_POINT('',(-0.949502571857,-1.584042268535E-02,
    -2.193469364043E-02));
#7211 = CARTESIAN_POINT('',(-0.949541234238,-1.586709133737E-02,
    -2.209077730083E-02));
#7212 = CARTESIAN_POINT('',(-0.949580162391,-1.589335908679E-02,
    -2.224643183212E-02));
#7213 = CARTESIAN_POINT('',(-0.949619598602,-1.591921076178E-02,
    -2.240066755674E-02));
#7214 = CARTESIAN_POINT('',(-0.949659771612,-1.594463172805E-02,
    -2.255254755031E-02));
#7215 = CARTESIAN_POINT('',(-0.949700876243,-1.596960908893E-02,
    -2.270127004389E-02));
#7216 = CARTESIAN_POINT('',(-0.949790318086,-1.602161527035E-02,
    -2.300872231245E-02));
#7217 = CARTESIAN_POINT('',(-0.949838909293,-1.604852918526E-02,
    -2.316657645217E-02));
#7218 = CARTESIAN_POINT('',(-0.949888771856,-1.607487532064E-02,
    -2.332001297859E-02));
#7219 = CARTESIAN_POINT('',(-0.949939854943,-1.610065425066E-02,
    -2.346921597838E-02));
#7220 = CARTESIAN_POINT('',(-0.949992111682,-1.612586643322E-02,
    -2.361435389157E-02));
#7221 = CARTESIAN_POINT('',(-0.950045499162,-1.615051220991E-02,
    -2.375557951163E-02));
#7222 = CARTESIAN_POINT('',(-0.950099978432,-1.617459180603E-02,
    -2.38930299854E-02));
#7223 = CARTESIAN_POINT('',(-0.950200138629,-1.621699882563E-02,
    -2.41343347155E-02));
#7224 = CARTESIAN_POINT('',(-0.950245445633,-1.623552679511E-02,
    -2.423948127395E-02));
#7225 = CARTESIAN_POINT('',(-0.950291414196,-1.625368947983E-02,
    -2.434234236849E-02));
#7226 = CARTESIAN_POINT('',(-0.950338024161,-1.627148708738E-02,
    -2.444298926599E-02));
#7227 = CARTESIAN_POINT('',(-0.95038525653,-1.628891979217E-02,
    -2.454148862019E-02));
#7228 = CARTESIAN_POINT('',(-0.950433093468,-1.630598773537E-02,
    -2.463790247167E-02));
#7229 = CARTESIAN_POINT('',(-0.950481518303,-1.632269102496E-02,
    -2.473228824789E-02));
#7230 = CARTESIAN_POINT('',(-0.950530515524,-1.633902973569E-02,
    -2.482469876317E-02));
#7231 = PCURVE('',#1342,#7232);
#7232 = DEFINITIONAL_REPRESENTATION('',(#7233),#7383);
#7233 = B_SPLINE_CURVE_WITH_KNOTS('',8,(#7234,#7235,#7236,#7237,#7238,
    #7239,#7240,#7241,#7242,#7243,#7244,#7245,#7246,#7247,#7248,#7249,
    #7250,#7251,#7252,#7253,#7254,#7255,#7256,#7257,#7258,#7259,#7260,
    #7261,#7262,#7263,#7264,#7265,#7266,#7267,#7268,#7269,#7270,#7271,
    #7272,#7273,#7274,#7275,#7276,#7277,#7278,#7279,#7280,#7281,#7282,
    #7283,#7284,#7285,#7286,#7287,#7288,#7289,#7290,#7291,#7292,#7293,
    #7294,#7295,#7296,#7297,#7298,#7299,#7300,#7301,#7302,#7303,#7304,
    #7305,#7306,#7307,#7308,#7309,#7310,#7311,#7312,#7313,#7314,#7315,
    #7316,#7317,#7318,#7319,#7320,#7321,#7322,#7323,#7324,#7325,#7326,
    #7327,#7328,#7329,#7330,#7331,#7332,#7333,#7334,#7335,#7336,#7337,
    #7338,#7339,#7340,#7341,#7342,#7343,#7344,#7345,#7346,#7347,#7348,
    #7349,#7350,#7351,#7352,#7353,#7354,#7355,#7356,#7357,#7358,#7359,
    #7360,#7361,#7362,#7363,#7364,#7365,#7366,#7367,#7368,#7369,#7370,
    #7371,#7372,#7373,#7374,#7375,#7376,#7377,#7378,#7379,#7380,#7381,
    #7382),.UNSPECIFIED.,.F.,.F.,(9,7,7,7,7,7,7,7,7,7,7,7,7,7,7,7,7,7,7,
    7,7,9),(0.,2.809293580894E-02,4.787836123282E-02,6.019532551251E-02,
    0.117268754254,0.163654301097,0.239223107452,0.257215585632,
    0.337583277246,0.423548874022,0.500317449614,0.577086030476,
    0.663451479613,0.742619650123,0.761811624806,0.859772562736,
    0.902565387505,0.939700815904,0.957903961473,0.971837994727,
    0.987453051121,1.),.UNSPECIFIED.);
#7234 = CARTESIAN_POINT('',(0.552503794352,0.85293835527));
#7235 = CARTESIAN_POINT('',(0.551989283074,0.852822834707));
#7236 = CARTESIAN_POINT('',(0.551453889124,0.852710335239));
#7237 = CARTESIAN_POINT('',(0.550896785268,0.852601043546));
#7238 = CARTESIAN_POINT('',(0.550316976981,0.852495170019));
#7239 = CARTESIAN_POINT('',(0.54971330245,0.852392948755));
#7240 = CARTESIAN_POINT('',(0.549084432573,0.852294637563));
#7241 = CARTESIAN_POINT('',(0.548428870957,0.852200517962));
#7242 = CARTESIAN_POINT('',(0.5472632816,0.852047775218));
#7243 = CARTESIAN_POINT('',(0.546767173355,0.851986941439));
#7244 = CARTESIAN_POINT('',(0.546259690562,0.851927968243));
#7245 = CARTESIAN_POINT('',(0.545745352399,0.851870204945));
#7246 = CARTESIAN_POINT('',(0.545229347705,0.851812893452));
#7247 = CARTESIAN_POINT('',(0.544716746843,0.85175528594));
#7248 = CARTESIAN_POINT('',(0.544211713566,0.851696762535));
#7249 = CARTESIAN_POINT('',(0.543408568012,0.85159971343));
#7250 = CARTESIAN_POINT('',(0.54310436281,0.851561970615));
#7251 = CARTESIAN_POINT('',(0.542804716433,0.851523627775));
#7252 = CARTESIAN_POINT('',(0.542510108528,0.851484612322));
#7253 = CARTESIAN_POINT('',(0.542220883239,0.85144487184));
#7254 = CARTESIAN_POINT('',(0.541937249199,0.851404374092));
#7255 = CARTESIAN_POINT('',(0.54165927954,0.85136310702));
#7256 = CARTESIAN_POINT('',(0.540124834985,0.851126331225));
#7257 = CARTESIAN_POINT('',(0.538983690784,0.850915157606));
#7258 = CARTESIAN_POINT('',(0.537962646882,0.850687566905));
#7259 = CARTESIAN_POINT('',(0.537027632194,0.850448545119));
#7260 = CARTESIAN_POINT('',(0.536162488447,0.850200627232));
#7261 = CARTESIAN_POINT('',(0.535359993191,0.849945040316));
#7262 = CARTESIAN_POINT('',(0.534602526988,0.849684427376));
#7263 = CARTESIAN_POINT('',(0.533296688263,0.849205383795));
#7264 = CARTESIAN_POINT('',(0.532734865521,0.848988331787));
#7265 = CARTESIAN_POINT('',(0.532190334746,0.848770083461));
#7266 = CARTESIAN_POINT('',(0.531658802385,0.848551402681));
#7267 = CARTESIAN_POINT('',(0.531137472196,0.848332825547));
#7268 = CARTESIAN_POINT('',(0.530624481625,0.848114746594));
#7269 = CARTESIAN_POINT('',(0.530118338189,0.847897504993));
#7270 = CARTESIAN_POINT('',(0.528801182712,0.84732951952));
#7271 = CARTESIAN_POINT('',(0.527999211498,0.846980675208));
#7272 = CARTESIAN_POINT('',(0.527204584303,0.846636575798));
#7273 = CARTESIAN_POINT('',(0.526414484079,0.846298040332));
#7274 = CARTESIAN_POINT('',(0.525627186263,0.845965692251));
#7275 = CARTESIAN_POINT('',(0.524840515011,0.845640282317));
#7276 = CARTESIAN_POINT('',(0.524051704036,0.845322711129));
#7277 = CARTESIAN_POINT('',(0.523069843528,0.844940189712));
#7278 = CARTESIAN_POINT('',(0.522880785417,0.84486711624));
#7279 = CARTESIAN_POINT('',(0.52269145805,0.844794541454));
#7280 = CARTESIAN_POINT('',(0.522501831971,0.844722475995));
#7281 = CARTESIAN_POINT('',(0.522311877939,0.844650930483));
#7282 = CARTESIAN_POINT('',(0.522121566925,0.844579915516));
#7283 = CARTESIAN_POINT('',(0.521930870116,0.844509441674));
#7284 = CARTESIAN_POINT('',(0.520886115166,0.844127195519));
#7285 = CARTESIAN_POINT('',(0.52002429666,0.843825861821));
#7286 = CARTESIAN_POINT('',(0.519154984111,0.843535910706));
#7287 = CARTESIAN_POINT('',(0.518278939495,0.84325770275));
#7288 = CARTESIAN_POINT('',(0.517397006051,0.842991566822));
#7289 = CARTESIAN_POINT('',(0.516510108275,0.842737800081));
#7290 = CARTESIAN_POINT('',(0.515619251928,0.842496667978));
#7291 = CARTESIAN_POINT('',(0.513769544693,0.842024241125));
#7292 = CARTESIAN_POINT('',(0.512810912705,0.84179461957));
#7293 = CARTESIAN_POINT('',(0.51184552988,0.841581361703));
#7294 = CARTESIAN_POINT('',(0.510894432057,0.841379099837));
#7295 = CARTESIAN_POINT('',(0.509922081841,0.841198560326));
#7296 = CARTESIAN_POINT('',(0.508953212578,0.841033592304));
#7297 = CARTESIAN_POINT('',(0.507978683827,0.840887536678));
#7298 = CARTESIAN_POINT('',(0.506128427094,0.840646772455));
#7299 = CARTESIAN_POINT('',(0.505253082247,0.840548296047));
#7300 = CARTESIAN_POINT('',(0.50437561466,0.840465357477));
#7301 = CARTESIAN_POINT('',(0.503496418822,0.840398370009));
#7302 = CARTESIAN_POINT('',(0.502615905777,0.840347724566));
#7303 = CARTESIAN_POINT('',(0.501734503118,0.840313789728));
#7304 = CARTESIAN_POINT('',(0.500852654994,0.840296911737));
#7305 = CARTESIAN_POINT('',(0.499088989152,0.840297917245));
#7306 = CARTESIAN_POINT('',(0.498207163428,0.840315785246));
#7307 = CARTESIAN_POINT('',(0.497325805272,0.840350693218));
#7308 = CARTESIAN_POINT('',(0.49644535834,0.84040229371));
#7309 = CARTESIAN_POINT('',(0.495566249605,0.840470217105));
#7310 = CARTESIAN_POINT('',(0.494688889358,0.840554071614));
#7311 = CARTESIAN_POINT('',(0.49381367121,0.840653443276));
#7312 = CARTESIAN_POINT('',(0.491959176527,0.84089665642));
#7313 = CARTESIAN_POINT('',(0.490981356068,0.841044728986));
#7314 = CARTESIAN_POINT('',(0.490003758923,0.841210307779));
#7315 = CARTESIAN_POINT('',(0.48903547022,0.841395170708));
#7316 = CARTESIAN_POINT('',(0.488072162548,0.841597274233));
#7317 = CARTESIAN_POINT('',(0.487106473287,0.841813824132));
#7318 = CARTESIAN_POINT('',(0.486142564691,0.842045433341));
#7319 = CARTESIAN_POINT('',(0.484302294316,0.842517976746));
#7320 = CARTESIAN_POINT('',(0.483425031767,0.842756444796));
#7321 = CARTESIAN_POINT('',(0.482551670357,0.843007156888));
#7322 = CARTESIAN_POINT('',(0.481683168479,0.843269857892));
#7323 = CARTESIAN_POINT('',(0.48082040762,0.843544262768));
#7324 = CARTESIAN_POINT('',(0.479964192361,0.843830056568));
#7325 = CARTESIAN_POINT('',(0.479115250381,0.844126894435));
#7326 = CARTESIAN_POINT('',(0.478070352606,0.844508947595));
#7327 = CARTESIAN_POINT('',(0.477866945518,0.844584121849));
#7328 = CARTESIAN_POINT('',(0.477663976812,0.844659911609));
#7329 = CARTESIAN_POINT('',(0.477461411733,0.844736304073));
#7330 = CARTESIAN_POINT('',(0.477259215147,0.844813286396));
#7331 = CARTESIAN_POINT('',(0.477057351546,0.844890845689));
#7332 = CARTESIAN_POINT('',(0.476855785045,0.844968969018));
#7333 = CARTESIAN_POINT('',(0.475626961794,0.845449218405));
#7334 = CARTESIAN_POINT('',(0.474606640333,0.845865259989));
#7335 = CARTESIAN_POINT('',(0.473587198659,0.846293611487));
#7336 = CARTESIAN_POINT('',(0.472564645559,0.846732899004));
#7337 = CARTESIAN_POINT('',(0.471535373562,0.847181774971));
#7338 = CARTESIAN_POINT('',(0.470493259308,0.847638279643));
#7339 = CARTESIAN_POINT('',(0.469425805695,0.848099320561));
#7340 = CARTESIAN_POINT('',(0.467821607611,0.848761629061));
#7341 = CARTESIAN_POINT('',(0.467324812154,0.848963016224));
#7342 = CARTESIAN_POINT('',(0.466815065055,0.849163735267));
#7343 = CARTESIAN_POINT('',(0.466293920191,0.849363992824));
#7344 = CARTESIAN_POINT('',(0.465753870082,0.84956249209));
#7345 = CARTESIAN_POINT('',(0.465187108127,0.849757933948));
#7346 = CARTESIAN_POINT('',(0.464593676249,0.849950391266));
#7347 = CARTESIAN_POINT('',(0.463419683224,0.850301781337));
#7348 = CARTESIAN_POINT('',(0.462848235681,0.850461852259));
#7349 = CARTESIAN_POINT('',(0.462246933041,0.850618135704));
#7350 = CARTESIAN_POINT('',(0.461612164137,0.850770066858));
#7351 = CARTESIAN_POINT('',(0.460938820091,0.850916867844));
#7352 = CARTESIAN_POINT('',(0.460220487933,0.85105758354));
#7353 = CARTESIAN_POINT('',(0.4594515803,0.851191400683));
#7354 = CARTESIAN_POINT('',(0.458229363579,0.851380429744));
#7355 = CARTESIAN_POINT('',(0.457815170137,0.851440957666));
#7356 = CARTESIAN_POINT('',(0.45738847997,0.851499788365));
#7357 = CARTESIAN_POINT('',(0.456949673641,0.85155698278));
#7358 = CARTESIAN_POINT('',(0.456499853185,0.851612708464));
#7359 = CARTESIAN_POINT('',(0.456040842113,0.851667239578));
#7360 = CARTESIAN_POINT('',(0.455575185404,0.851720956894));
#7361 = CARTESIAN_POINT('',(0.45474711477,0.851815217139));
#7362 = CARTESIAN_POINT('',(0.454386133718,0.85185589898));
#7363 = CARTESIAN_POINT('',(0.454024682606,0.851896612636));
#7364 = CARTESIAN_POINT('',(0.453664445943,0.851937606061));
#7365 = CARTESIAN_POINT('',(0.453307170964,0.851979134391));
#7366 = CARTESIAN_POINT('',(0.452954522098,0.852021438496));
#7367 = CARTESIAN_POINT('',(0.452607935431,0.852064723522));
#7368 = CARTESIAN_POINT('',(0.451888057667,0.852158909535));
#7369 = CARTESIAN_POINT('',(0.451516444226,0.852210077957));
#7370 = CARTESIAN_POINT('',(0.451153315664,0.852262584998));
#7371 = CARTESIAN_POINT('',(0.45079838193,0.852316377113));
#7372 = CARTESIAN_POINT('',(0.450451380111,0.85237140493));
#7373 = CARTESIAN_POINT('',(0.45011207443,0.852427623247));
#7374 = CARTESIAN_POINT('',(0.449780256248,0.852484991034));
#7375 = CARTESIAN_POINT('',(0.449194993302,0.852590461371));
#7376 = CARTESIAN_POINT('',(0.448938953635,0.852638169148));
#7377 = CARTESIAN_POINT('',(0.448687524052,0.852686573703));
#7378 = CARTESIAN_POINT('',(0.448440606497,0.852735654584));
#7379 = CARTESIAN_POINT('',(0.448198105859,0.852785391943));
#7380 = CARTESIAN_POINT('',(0.447959929978,0.852835766534));
#7381 = CARTESIAN_POINT('',(0.447725989642,0.852886759718));
#7382 = CARTESIAN_POINT('',(0.447496198587,0.85293835346));
#7383 = ( GEOMETRIC_REPRESENTATION_CONTEXT(2) 
PARAMETRIC_REPRESENTATION_CONTEXT() REPRESENTATION_CONTEXT('2D SPACE',''
  ) );
#7384 = PCURVE('',#647,#7385);
#7385 = DEFINITIONAL_REPRESENTATION('',(#7386),#7536);
#7386 = B_SPLINE_CURVE_WITH_KNOTS('',8,(#7387,#7388,#7389,#7390,#7391,
    #7392,#7393,#7394,#7395,#7396,#7397,#7398,#7399,#7400,#7401,#7402,
    #7403,#7404,#7405,#7406,#7407,#7408,#7409,#7410,#7411,#7412,#7413,
    #7414,#7415,#7416,#7417,#7418,#7419,#7420,#7421,#7422,#7423,#7424,
    #7425,#7426,#7427,#7428,#7429,#7430,#7431,#7432,#7433,#7434,#7435,
    #7436,#7437,#7438,#7439,#7440,#7441,#7442,#7443,#7444,#7445,#7446,
    #7447,#7448,#7449,#7450,#7451,#7452,#7453,#7454,#7455,#7456,#7457,
    #7458,#7459,#7460,#7461,#7462,#7463,#7464,#7465,#7466,#7467,#7468,
    #7469,#7470,#7471,#7472,#7473,#7474,#7475,#7476,#7477,#7478,#7479,
    #7480,#7481,#7482,#7483,#7484,#7485,#7486,#7487,#7488,#7489,#7490,
    #7491,#7492,#7493,#7494,#7495,#7496,#7497,#7498,#7499,#7500,#7501,
    #7502,#7503,#7504,#7505,#7506,#7507,#7508,#7509,#7510,#7511,#7512,
    #7513,#7514,#7515,#7516,#7517,#7518,#7519,#7520,#7521,#7522,#7523,
    #7524,#7525,#7526,#7527,#7528,#7529,#7530,#7531,#7532,#7533,#7534,
    #7535),.UNSPECIFIED.,.F.,.F.,(9,7,7,7,7,7,7,7,7,7,7,7,7,7,7,7,7,7,7,
    7,7,9),(0.,2.809293580894E-02,4.787836123282E-02,6.019532551251E-02,
    0.117268754254,0.163654301097,0.239223107452,0.257215585632,
    0.337583277246,0.423548874022,0.500317449614,0.577086030476,
    0.663451479613,0.742619650123,0.761811624806,0.859772562736,
    0.902565387505,0.939700815904,0.957903961473,0.971837994727,
    0.987453051121,1.),.UNSPECIFIED.);
#7387 = CARTESIAN_POINT('',(-4.497465067247,-4.140845249033E-02));
#7388 = CARTESIAN_POINT('',(-4.487950786811,-4.158412494249E-02));
#7389 = CARTESIAN_POINT('',(-4.478437998525,-4.1770105934E-02));
#7390 = CARTESIAN_POINT('',(-4.468926826422,-4.196701881308E-02));
#7391 = CARTESIAN_POINT('',(-4.459417435924,-4.217558044762E-02));
#7392 = CARTESIAN_POINT('',(-4.44991003384,-4.23966012252E-02));
#7393 = CARTESIAN_POINT('',(-4.440404868362,-4.26309850531E-02));
#7394 = CARTESIAN_POINT('',(-4.430902229072,-4.287972935833E-02));
#7395 = CARTESIAN_POINT('',(-4.414711895537,-4.332999410266E-02));
#7396 = CARTESIAN_POINT('',(-4.408022838927,-4.352394266248E-02));
#7397 = CARTESIAN_POINT('',(-4.401334974661,-4.372404339824E-02));
#7398 = CARTESIAN_POINT('',(-4.394647828659,-4.392768708151E-02));
#7399 = CARTESIAN_POINT('',(-4.387960843014,-4.413184706528E-02));
#7400 = CARTESIAN_POINT('',(-4.381273463804,-4.433354372496E-02));
#7401 = CARTESIAN_POINT('',(-4.374585228907,-4.453030889946E-02));
#7402 = CARTESIAN_POINT('',(-4.363731539513,-4.483914303976E-02));
#7403 = CARTESIAN_POINT('',(-4.359566791212,-4.495511623394E-02));
#7404 = CARTESIAN_POINT('',(-4.355401555583,-4.506819908789E-02));
#7405 = CARTESIAN_POINT('',(-4.351235793739,-4.517810043257E-02));
#7406 = CARTESIAN_POINT('',(-4.347069483234,-4.528460875674E-02));
#7407 = CARTESIAN_POINT('',(-4.342902618063,-4.538759220701E-02));
#7408 = CARTESIAN_POINT('',(-4.338735208657,-4.548699858778E-02));
#7409 = CARTESIAN_POINT('',(-4.315254254271,-4.602702931589E-02));
#7410 = CARTESIAN_POINT('',(-4.295930507987,-4.639463111153E-02));
#7411 = CARTESIAN_POINT('',(-4.276597394731,-4.668527806554E-02));
#7412 = CARTESIAN_POINT('',(-4.257258333889,-4.69182267749E-02));
#7413 = CARTESIAN_POINT('',(-4.237915339385,-4.710297108799E-02));
#7414 = CARTESIAN_POINT('',(-4.218569378793,-4.724381271777E-02));
#7415 = CARTESIAN_POINT('',(-4.199221530232,-4.735067643404E-02));
#7416 = CARTESIAN_POINT('',(-4.164145791796,-4.749164434899E-02));
#7417 = CARTESIAN_POINT('',(-4.1484186999,-4.75361654589E-02));
#7418 = CARTESIAN_POINT('',(-4.132690930896,-4.756595975172E-02));
#7419 = CARTESIAN_POINT('',(-4.11696269157,-4.758373658912E-02));
#7420 = CARTESIAN_POINT('',(-4.101234112516,-4.759130315412E-02));
#7421 = CARTESIAN_POINT('',(-4.085505269212,-4.758990756021E-02));
#7422 = CARTESIAN_POINT('',(-4.069776203079,-4.758058196052E-02));
#7423 = CARTESIAN_POINT('',(-4.028421688076,-4.753826243589E-02));
#7424 = CARTESIAN_POINT('',(-4.002795986319,-4.749368117275E-02));
#7425 = CARTESIAN_POINT('',(-3.977170033882,-4.743588090694E-02));
#7426 = CARTESIAN_POINT('',(-3.951543925584,-4.736680648357E-02));
#7427 = CARTESIAN_POINT('',(-3.925917718337,-4.728766418645E-02));
#7428 = CARTESIAN_POINT('',(-3.900291466047,-4.720019424673E-02));
#7429 = CARTESIAN_POINT('',(-3.874665225556,-4.710676022689E-02));
#7430 = CARTESIAN_POINT('',(-3.84293759148,-4.698603993904E-02));
#7431 = CARTESIAN_POINT('',(-3.836836152678,-4.696259332102E-02));
#7432 = CARTESIAN_POINT('',(-3.830734717872,-4.693894193483E-02));
#7433 = CARTESIAN_POINT('',(-3.824633287718,-4.691511233746E-02));
#7434 = CARTESIAN_POINT('',(-3.818531862874,-4.689113113429E-02));
#7435 = CARTESIAN_POINT('',(-3.812430443993,-4.686702497901E-02));
#7436 = CARTESIAN_POINT('',(-3.806329031727,-4.68428205737E-02));
#7437 = CARTESIAN_POINT('',(-3.772974247244,-4.671011055421E-02));
#7438 = CARTESIAN_POINT('',(-3.745721010624,-4.66001884331E-02));
#7439 = CARTESIAN_POINT('',(-3.718467897208,-4.648903187003E-02));
#7440 = CARTESIAN_POINT('',(-3.691214885232,-4.637684544987E-02));
#7441 = CARTESIAN_POINT('',(-3.663961950821,-4.626378477781E-02));
#7442 = CARTESIAN_POINT('',(-3.636709067993,-4.61499564793E-02));
#7443 = CARTESIAN_POINT('',(-3.609456208656,-4.603541820013E-02));
#7444 = CARTESIAN_POINT('',(-3.553052214258,-4.579691215128E-02));
#7445 = CARTESIAN_POINT('',(-3.523901060923,-4.567214931465E-02));
#7446 = CARTESIAN_POINT('',(-3.49474995758,-4.555180170417E-02));
#7447 = CARTESIAN_POINT('',(-3.465598451171,-4.541428527192E-02));
#7448 = CARTESIAN_POINT('',(-3.436447322638,-4.529993229987E-02));
#7449 = CARTESIAN_POINT('',(-3.407295989382,-4.518430714464E-02));
#7450 = CARTESIAN_POINT('',(-3.378144667522,-4.507959462425E-02));
#7451 = CARTESIAN_POINT('',(-3.322960665019,-4.490066320136E-02));
#7452 = CARTESIAN_POINT('',(-3.296928007858,-4.482459027613E-02));
#7453 = CARTESIAN_POINT('',(-3.270895308523,-4.47581288592E-02));
#7454 = CARTESIAN_POINT('',(-3.244862564795,-4.47025463911E-02));
#7455 = CARTESIAN_POINT('',(-3.218829779686,-4.465910282148E-02));
#7456 = CARTESIAN_POINT('',(-3.192796961446,-4.462905060909E-02));
#7457 = CARTESIAN_POINT('',(-3.166764123553,-4.461363472179E-02));
#7458 = CARTESIAN_POINT('',(-3.114698444106,-4.461455055135E-02));
#7459 = CARTESIAN_POINT('',(-3.088665605434,-4.463082292036E-02));
#7460 = CARTESIAN_POINT('',(-3.062632787145,-4.46616703995E-02));
#7461 = CARTESIAN_POINT('',(-3.036600002464,-4.470584673267E-02));
#7462 = CARTESIAN_POINT('',(-3.010567259408,-4.47620987518E-02));
#7463 = CARTESIAN_POINT('',(-2.984534560782,-4.482916637683E-02));
#7464 = CARTESIAN_POINT('',(-2.95850190418,-4.490578261572E-02));
#7465 = CARTESIAN_POINT('',(-2.903182312203,-4.508617676159E-02));
#7466 = CARTESIAN_POINT('',(-2.87389538457,-4.519301346256E-02));
#7467 = CARTESIAN_POINT('',(-2.84460855679,-4.530481353928E-02));
#7468 = CARTESIAN_POINT('',(-2.815321657104,-4.542908079317E-02));
#7469 = CARTESIAN_POINT('',(-2.786034745886,-4.555877314063E-02));
#7470 = CARTESIAN_POINT('',(-2.756747958895,-4.568406049402E-02));
#7471 = CARTESIAN_POINT('',(-2.727461247214,-4.580827208531E-02));
#7472 = CARTESIAN_POINT('',(-2.67132842399,-4.60455032393E-02));
#7473 = CARTESIAN_POINT('',(-2.644482323378,-4.615827892791E-02));
#7474 = CARTESIAN_POINT('',(-2.617636198296,-4.627036155927E-02));
#7475 = CARTESIAN_POINT('',(-2.590790021969,-4.638169427014E-02));
#7476 = CARTESIAN_POINT('',(-2.563943769617,-4.649217381993E-02));
#7477 = CARTESIAN_POINT('',(-2.537097418459,-4.660165059069E-02));
#7478 = CARTESIAN_POINT('',(-2.51025094771,-4.670992858714E-02));
#7479 = CARTESIAN_POINT('',(-2.476896174515,-4.684266486184E-02));
#7480 = CARTESIAN_POINT('',(-2.470388002155,-4.686848426814E-02));
#7481 = CARTESIAN_POINT('',(-2.463879822281,-4.689419139837E-02));
#7482 = CARTESIAN_POINT('',(-2.45737163568,-4.691975399205E-02));
#7483 = CARTESIAN_POINT('',(-2.450863443142,-4.69451397854E-02));
#7484 = CARTESIAN_POINT('',(-2.444355245464,-4.697031651132E-02));
#7485 = CARTESIAN_POINT('',(-2.437847043447,-4.699525189941E-02));
#7486 = CARTESIAN_POINT('',(-2.398119227607,-4.714579393594E-02));
#7487 = CARTESIAN_POINT('',(-2.364899594334,-4.726497436612E-02));
#7488 = CARTESIAN_POINT('',(-2.331680002449,-4.737148689806E-02));
#7489 = CARTESIAN_POINT('',(-2.298460498711,-4.746249702951E-02));
#7490 = CARTESIAN_POINT('',(-2.265241182138,-4.753539345552E-02));
#7491 = CARTESIAN_POINT('',(-2.232022282737,-4.758527921922E-02));
#7492 = CARTESIAN_POINT('',(-2.198804249092,-4.760286438212E-02));
#7493 = CARTESIAN_POINT('',(-2.151077737046,-4.755960964185E-02));
#7494 = CARTESIAN_POINT('',(-2.13656798184,-4.753754120578E-02));
#7495 = CARTESIAN_POINT('',(-2.122058674027,-4.750404601802E-02));
#7496 = CARTESIAN_POINT('',(-2.107549776132,-4.746017694399E-02));
#7497 = CARTESIAN_POINT('',(-2.09304164804,-4.740106351297E-02));
#7498 = CARTESIAN_POINT('',(-2.078534682493,-4.73218153215E-02));
#7499 = CARTESIAN_POINT('',(-2.064029001185,-4.722293200307E-02));
#7500 = CARTESIAN_POINT('',(-2.036938800908,-4.699208335418E-02));
#7501 = CARTESIAN_POINT('',(-2.024353822733,-4.686649615124E-02));
#7502 = CARTESIAN_POINT('',(-2.011770536478,-4.672034914174E-02));
#7503 = CARTESIAN_POINT('',(-1.999189318869,-4.655155469737E-02));
#7504 = CARTESIAN_POINT('',(-1.986610752153,-4.635717918075E-02));
#7505 = CARTESIAN_POINT('',(-1.9740356065,-4.613358086693E-02));
#7506 = CARTESIAN_POINT('',(-1.961464671228,-4.587767125367E-02));
#7507 = CARTESIAN_POINT('',(-1.942738682819,-4.544794503582E-02));
#7508 = CARTESIAN_POINT('',(-1.936580035926,-4.529888044729E-02));
#7509 = CARTESIAN_POINT('',(-1.930422609809,-4.514194004896E-02));
#7510 = CARTESIAN_POINT('',(-1.924266427011,-4.49773791497E-02));
#7511 = CARTESIAN_POINT('',(-1.91811141697,-4.480587431334E-02));
#7512 = CARTESIAN_POINT('',(-1.911957416019,-4.462852335867E-02));
#7513 = CARTESIAN_POINT('',(-1.905804167388,-4.444684535948E-02));
#7514 = CARTESIAN_POINT('',(-1.894941477895,-4.412188390506E-02));
#7515 = CARTESIAN_POINT('',(-1.890231872039,-4.3979604759E-02));
#7516 = CARTESIAN_POINT('',(-1.885522330938,-4.383681636949E-02));
#7517 = CARTESIAN_POINT('',(-1.880812665507,-4.36945072037E-02));
#7518 = CARTESIAN_POINT('',(-1.876102686254,-4.355369615214E-02));
#7519 = CARTESIAN_POINT('',(-1.87139221926,-4.341534764789E-02));
#7520 = CARTESIAN_POINT('',(-1.866681122165,-4.328028678588E-02));
#7521 = CARTESIAN_POINT('',(-1.856689036689,-4.300211726576E-02));
#7522 = CARTESIAN_POINT('',(-1.851407886153,-4.285991931816E-02));
#7523 = CARTESIAN_POINT('',(-1.846125909046,-4.272231359748E-02));
#7524 = CARTESIAN_POINT('',(-1.840843160437,-4.25891092406E-02));
#7525 = CARTESIAN_POINT('',(-1.835559689958,-4.246013152313E-02));
#7526 = CARTESIAN_POINT('',(-1.830275541804,-4.233522185945E-02));
#7527 = CARTESIAN_POINT('',(-1.82499075473,-4.22142378027E-02));
#7528 = CARTESIAN_POINT('',(-1.815458464054,-4.200289320758E-02));
#7529 = CARTESIAN_POINT('',(-1.811211175693,-4.191118881926E-02));
#7530 = CARTESIAN_POINT('',(-1.806963516239,-4.182186112115E-02));
#7531 = CARTESIAN_POINT('',(-1.802715503717,-4.173483611142E-02));
#7532 = CARTESIAN_POINT('',(-1.79846715491,-4.165004454507E-02));
#7533 = CARTESIAN_POINT('',(-1.794218485356,-4.156742193393E-02));
#7534 = CARTESIAN_POINT('',(-1.789969509349,-4.148690854665E-02));
#7535 = CARTESIAN_POINT('',(-1.785720239939,-4.140844940871E-02));
#7536 = ( GEOMETRIC_REPRESENTATION_CONTEXT(2) 
PARAMETRIC_REPRESENTATION_CONTEXT() REPRESENTATION_CONTEXT('2D SPACE',''
  ) );
#7537 = ORIENTED_EDGE('',*,*,#6847,.F.);
#7538 = ADVANCED_FACE('',(#7539),#824,.T.);
#7539 = FACE_BOUND('',#7540,.T.);
#7540 = EDGE_LOOP('',(#7541,#7569,#7570));
#7541 = ORIENTED_EDGE('',*,*,#7542,.F.);
#7542 = EDGE_CURVE('',#610,#6985,#7543,.T.);
#7543 = SURFACE_CURVE('',#7544,(#7549,#7556),.PCURVE_S1.);
#7544 = ELLIPSE('',#7545,1.715843064815E-02,1.668654688286E-02);
#7545 = AXIS2_PLACEMENT_3D('',#7546,#7547,#7548);
#7546 = CARTESIAN_POINT('',(-0.954499810021,2.505761518811E-20,-2.33E-02
    ));
#7547 = DIRECTION('',(-8.330255857484E-18,-9.465145658321E-17,-1.));
#7548 = DIRECTION('',(1.,3.952608422508E-16,-8.330255857484E-18));
#7549 = PCURVE('',#824,#7550);
#7550 = DEFINITIONAL_REPRESENTATION('',(#7551),#7555);
#7551 = ELLIPSE('',#7552,1.715843064815E-02,1.668654688286E-02);
#7552 = AXIS2_PLACEMENT_2D('',#7553,#7554);
#7553 = CARTESIAN_POINT('',(0.131865250713,3.662464811824E-04));
#7554 = DIRECTION('',(0.999999206201,-1.259998999814E-03));
#7555 = ( GEOMETRIC_REPRESENTATION_CONTEXT(2) 
PARAMETRIC_REPRESENTATION_CONTEXT() REPRESENTATION_CONTEXT('2D SPACE',''
  ) );
#7556 = PCURVE('',#647,#7557);
#7557 = DEFINITIONAL_REPRESENTATION('',(#7558),#7568);
#7558 = B_SPLINE_CURVE_WITH_KNOTS('',8,(#7559,#7560,#7561,#7562,#7563,
    #7564,#7565,#7566,#7567),.UNSPECIFIED.,.F.,.F.,(9,9),(3.14159265359,
    9.424777960769),.PIECEWISE_BEZIER_KNOTS.);
#7559 = CARTESIAN_POINT('',(-6.28318530718,-4.781148746815E-02));
#7560 = CARTESIAN_POINT('',(-5.494879958036,-4.781148746815E-02));
#7561 = CARTESIAN_POINT('',(-4.706612039477,-4.498422978916E-02));
#7562 = CARTESIAN_POINT('',(-3.920792953859,-3.944865930785E-02));
#7563 = CARTESIAN_POINT('',(-3.141592653563,-3.422869238239E-02));
#7564 = CARTESIAN_POINT('',(-2.36239235334,-3.944865930786E-02));
#7565 = CARTESIAN_POINT('',(-1.576573267696,-4.498422978916E-02));
#7566 = CARTESIAN_POINT('',(-0.788305349144,-4.781148746815E-02));
#7567 = CARTESIAN_POINT('',(-7.751897306071E-16,-4.781148746815E-02));
#7568 = ( GEOMETRIC_REPRESENTATION_CONTEXT(2) 
PARAMETRIC_REPRESENTATION_CONTEXT() REPRESENTATION_CONTEXT('2D SPACE',''
  ) );
#7569 = ORIENTED_EDGE('',*,*,#670,.T.);
#7570 = ORIENTED_EDGE('',*,*,#6984,.F.);
#7571 = ADVANCED_FACE('',(#7572),#647,.F.);
#7572 = FACE_BOUND('',#7573,.F.);
#7573 = EDGE_LOOP('',(#7574,#7575,#7602,#7603,#7604,#7605));
#7574 = ORIENTED_EDGE('',*,*,#609,.F.);
#7575 = ORIENTED_EDGE('',*,*,#7576,.T.);
#7576 = EDGE_CURVE('',#22,#24,#7577,.T.);
#7577 = SURFACE_CURVE('',#7578,(#7583,#7595),.PCURVE_S1.);
#7578 = ELLIPSE('',#7579,9.975432789734E-03,9.701092736049E-03);
#7579 = AXIS2_PLACEMENT_3D('',#7580,#7581,#7582);
#7580 = CARTESIAN_POINT('',(-1.059963143836,-1.47206916701E-18,0.417));
#7581 = DIRECTION('',(3.526104613573E-16,9.564485198099E-15,-1.));
#7582 = DIRECTION('',(1.,-3.994092232245E-14,3.526104613569E-16));
#7583 = PCURVE('',#647,#7584);
#7584 = DEFINITIONAL_REPRESENTATION('',(#7585),#7594);
#7585 = B_SPLINE_CURVE_WITH_KNOTS('',7,(#7586,#7587,#7588,#7589,#7590,
    #7591,#7592,#7593),.UNSPECIFIED.,.F.,.F.,(8,8),(3.576752953072,
    8.992068355129),.PIECEWISE_BEZIER_KNOTS.);
#7586 = CARTESIAN_POINT('',(-5.84646486996,-0.498676655244));
#7587 = CARTESIAN_POINT('',(-5.070253077628,-0.497919041436));
#7588 = CARTESIAN_POINT('',(-4.295149142737,-0.495739467806));
#7589 = CARTESIAN_POINT('',(-3.523557143955,-0.492490787638));
#7590 = CARTESIAN_POINT('',(-2.757193275108,-0.492496448671));
#7591 = CARTESIAN_POINT('',(-1.985588785267,-0.495748156781));
#7592 = CARTESIAN_POINT('',(-1.210476274428,-0.497925431255));
#7593 = CARTESIAN_POINT('',(-0.434261517161,-0.498679048915));
#7594 = ( GEOMETRIC_REPRESENTATION_CONTEXT(2) 
PARAMETRIC_REPRESENTATION_CONTEXT() REPRESENTATION_CONTEXT('2D SPACE',''
  ) );
#7595 = PCURVE('',#459,#7596);
#7596 = DEFINITIONAL_REPRESENTATION('',(#7597),#7601);
#7597 = ELLIPSE('',#7598,9.975432789734E-03,9.701092736049E-03);
#7598 = AXIS2_PLACEMENT_2D('',#7599,#7600);
#7599 = CARTESIAN_POINT('',(7.30370569656E-02,1.13353471254E-04));
#7600 = DIRECTION('',(0.999999206201,-1.259998999773E-03));
#7601 = ( GEOMETRIC_REPRESENTATION_CONTEXT(2) 
PARAMETRIC_REPRESENTATION_CONTEXT() REPRESENTATION_CONTEXT('2D SPACE',''
  ) );
#7602 = ORIENTED_EDGE('',*,*,#5613,.F.);
#7603 = ORIENTED_EDGE('',*,*,#6952,.F.);
#7604 = ORIENTED_EDGE('',*,*,#7079,.F.);
#7605 = ORIENTED_EDGE('',*,*,#7542,.F.);
#7606 = ADVANCED_FACE('',(#7607),#459,.F.);
#7607 = FACE_BOUND('',#7608,.F.);
#7608 = EDGE_LOOP('',(#7609,#7610));
#7609 = ORIENTED_EDGE('',*,*,#21,.T.);
#7610 = ORIENTED_EDGE('',*,*,#7576,.F.);
#7611 = ( GEOMETRIC_REPRESENTATION_CONTEXT(3) 
GLOBAL_UNCERTAINTY_ASSIGNED_CONTEXT((#7615)) 
GLOBAL_UNIT_ASSIGNED_CONTEXT((#7612,#7613,#7614)) REPRESENTATION_CONTEXT
('Context #1','3D Context with UNIT and UNCERTAINTY') );
#7612 = ( LENGTH_UNIT() NAMED_UNIT(*) SI_UNIT($,.METRE.) );
#7613 = ( NAMED_UNIT(*) PLANE_ANGLE_UNIT() SI_UNIT($,.RADIAN.) );
#7614 = ( NAMED_UNIT(*) SI_UNIT($,.STERADIAN.) SOLID_ANGLE_UNIT() );
#7615 = UNCERTAINTY_MEASURE_WITH_UNIT(LENGTH_MEASURE(5.E-06),#7612,
  'distance_accuracy_value','confusion accuracy');
#7616 = PRODUCT_RELATED_PRODUCT_CATEGORY('part',$,(#7));
ENDSEC;
END-ISO-10303-21;
